series,date,domain,registrations
cumulative,2007-08-01,overall,54207
cumulative,2007-09-01,overall,55273
cumulative,2007-10-01,overall,57101
cumulative,2007-11-01,overall,58121
cumulative,2007-12-01,overall,59076
cumulative,2008-01-01,overall,62146
cumulative,2008-02-01,overall,63522
cumulative,2008-03-01,overall,66839
cumulative,2008-04-01,overall,71062
cumulative,2008-05-01,overall,73066
cumulative,2008-06-01,overall,74437
cumulative,2008-07-01,overall,75487
cumulative,2008-08-01,overall,76623
cumulative,2008-09-01,overall,77833
cumulative,2008-10-01,overall,78618
cumulative,2008-11-01,overall,79499
cumulative,2008-12-01,overall,80786
cumulative,2009-01-01,overall,80585
cumulative,2009-02-01,overall,80135
cumulative,2009-03-01,overall,80949
cumulative,2009-04-01,overall,82469
cumulative,2009-05-01,overall,82546
cumulative,2009-06-01,overall,82957
cumulative,2009-07-01,overall,84349
cumulative,2009-08-01,overall,86058
cumulative,2009-09-01,overall,87628
cumulative,2009-10-01,overall,88553
cumulative,2009-11-01,overall,89798
cumulative,2009-12-01,overall,91188
cumulative,2010-01-01,overall,92155
cumulative,2010-02-01,overall,93539
cumulative,2010-03-01,overall,96241
cumulative,2010-04-01,overall,98572
cumulative,2010-05-01,overall,99736
cumulative,2010-06-01,overall,102225
cumulative,2010-07-01,overall,102662
cumulative,2010-08-01,overall,105242
cumulative,2010-09-01,overall,106671
cumulative,2010-10-01,overall,108211
cumulative,2010-11-01,overall,111436
cumulative,2010-12-01,overall,112805
cumulative,2011-01-01,overall,115280
cumulative,2011-02-01,overall,116821
cumulative,2011-03-01,overall,118676
cumulative,2011-04-01,overall,120597
cumulative,2011-05-01,overall,121454
cumulative,2011-06-01,overall,122773
cumulative,2011-07-01,overall,124029
cumulative,2011-08-01,overall,126790
cumulative,2011-09-01,overall,129559
cumulative,2011-10-01,overall,130652
cumulative,2011-11-01,overall,132777
cumulative,2011-12-01,overall,145992
cumulative,2012-01-01,overall,161184
cumulative,2012-02-01,overall,187889
cumulative,2012-03-01,overall,190871
cumulative,2012-04-01,overall,192762
cumulative,2012-05-01,overall,194367
cumulative,2012-06-01,overall,197848
cumulative,2012-07-01,overall,199831
cumulative,2012-08-01,overall,201749
cumulative,2012-09-01,overall,203340
cumulative,2012-10-01,overall,205312
cumulative,2012-11-01,overall,206665
cumulative,2012-12-01,overall,208938
cumulative,2013-01-01,overall,211041
cumulative,2013-02-01,overall,211269
cumulative,2013-03-01,overall,210534
cumulative,2013-04-01,overall,202871
cumulative,2013-05-01,overall,166933
cumulative,2013-06-01,overall,168269
cumulative,2013-07-01,overall,172978
cumulative,2013-08-01,overall,175368
cumulative,2013-09-01,overall,175145
cumulative,2013-10-01,overall,177800
cumulative,2013-11-01,overall,182164
cumulative,2013-12-01,overall,192535
cumulative,2014-01-01,overall,198393
cumulative,2014-02-01,overall,201591
cumulative,2014-03-01,overall,202333
cumulative,2014-04-01,overall,211156
cumulative,2014-05-01,overall,214028
cumulative,2014-06-01,overall,215263
cumulative,2014-07-01,overall,218395
cumulative,2014-08-01,overall,222056
cumulative,2014-09-01,overall,228028
cumulative,2014-10-01,overall,230030
cumulative,2014-11-01,overall,231830
cumulative,2014-12-01,overall,269342
cumulative,2015-01-01,overall,290312
cumulative,2015-02-01,overall,289676
cumulative,2015-03-01,overall,291270
cumulative,2015-04-01,overall,291379
cumulative,2015-05-01,overall,297977
cumulative,2015-06-01,overall,303793
cumulative,2015-07-01,overall,303689
cumulative,2015-08-01,overall,302212
cumulative,2015-09-01,overall,300462
cumulative,2015-10-01,overall,301888
cumulative,2015-11-01,overall,301595
cumulative,2015-12-01,overall,321794
cumulative,2016-01-01,overall,319786
cumulative,2016-02-01,overall,317422
cumulative,2016-03-01,overall,316940
cumulative,2016-04-01,overall,318361
cumulative,2016-05-01,overall,318858
cumulative,2016-06-01,overall,319200
cumulative,2016-07-01,overall,319813
cumulative,2016-08-01,overall,320209
cumulative,2016-09-01,overall,320619
cumulative,2016-10-01,overall,321156
cumulative,2016-11-01,overall,323175
cumulative,2016-12-01,overall,324130
cumulative,2017-01-01,overall,324412
cumulative,2017-02-01,overall,324483
cumulative,2017-03-01,overall,324782
cumulative,2017-04-01,overall,325081
cumulative,2017-05-01,overall,325708
cumulative,2017-06-01,overall,326221
cumulative,2017-07-01,overall,326559
cumulative,2017-08-01,overall,326855
cumulative,2017-09-01,overall,327109
cumulative,2017-10-01,overall,327371
cumulative,2017-11-01,overall,329215
cumulative,2017-12-01,overall,339402
cumulative,2018-01-01,overall,339647
cumulative,2018-02-01,overall,339813
cumulative,2018-03-01,overall,340131
cumulative,2018-04-01,overall,340416
cumulative,2018-05-01,overall,340638
cumulative,2018-06-01,overall,341185
cumulative,2018-07-01,overall,340872
cumulative,2018-08-01,overall,339393
cumulative,2018-09-01,overall,338185
cumulative,2018-10-01,overall,335837
cumulative,2018-11-01,overall,333061
cumulative,2018-12-01,overall,331302
cumulative,2019-01-01,overall,328629
cumulative,2019-02-01,overall,326270
cumulative,2019-03-01,overall,326433
cumulative,2019-04-01,overall,326114
cumulative,2019-05-01,overall,326706
cumulative,2019-06-01,overall,327086
cumulative,2019-07-01,overall,327237
cumulative,2019-08-01,overall,327040
cumulative,2019-09-01,overall,325740
cumulative,2019-10-01,overall,322992
cumulative,2019-11-01,overall,320765
cumulative,2019-12-01,overall,318047
cumulative,2020-01-01,overall,314788
cumulative,2020-02-01,overall,311709
cumulative,2020-03-01,overall,309058
cumulative,2020-04-01,overall,307450
cumulative,2020-05-01,overall,305279
cumulative,2020-06-01,overall,308505
cumulative,2020-07-01,overall,312156
cumulative,2020-08-01,overall,313204
cumulative,2020-09-01,overall,315462
cumulative,2020-10-01,overall,317111
cumulative,2020-11-01,overall,317536
cumulative,2020-12-01,overall,318049
cumulative,2021-01-01,overall,318832
cumulative,2021-02-01,overall,319384
cumulative,2021-03-01,overall,319595
cumulative,2021-04-01,overall,319948
cumulative,2021-05-01,overall,319914
cumulative,2021-06-01,overall,319107
cumulative,2021-07-01,overall,319244
cumulative,2021-08-01,overall,319313
cumulative,2021-09-01,overall,320515
cumulative,2021-10-01,overall,320511
cumulative,2021-11-01,overall,320484
cumulative,2021-12-01,overall,320710
cumulative,2022-01-01,overall,319928
cumulative,2022-02-01,overall,320024
cumulative,2022-03-01,overall,319646
cumulative,2022-04-01,overall,319232
cumulative,2022-05-01,overall,319446
cumulative,2022-06-01,overall,321854
cumulative,2022-07-01,overall,321496
cumulative,2022-08-01,overall,319005
cumulative,2022-09-01,overall,316616
cumulative,2022-10-01,overall,317015
cumulative,2022-11-01,overall,317532
cumulative,2022-12-01,overall,317874
cumulative,2023-01-01,overall,315760
cumulative,2023-02-01,overall,315552
cumulative,2023-03-01,overall,316989
cumulative,2023-04-01,overall,318320
cumulative,2023-05-01,overall,318115
cumulative,2023-06-01,overall,317624
cumulative,2023-07-01,overall,313381
cumulative,2023-08-01,overall,313722
cumulative,2023-09-01,overall,313922
cumulative,2023-10-01,overall,313438
cumulative,2023-11-01,overall,313549
cumulative,2023-12-01,overall,313453
cumulative,2024-01-01,overall,313416
cumulative,2024-02-01,overall,313041
cumulative,2024-03-01,overall,312570
cumulative,2024-04-01,overall,312440
cumulative,2024-05-01,overall,310604
cumulative,2024-06-01,overall,311312
cumulative,2024-07-01,overall,311603
cumulative,2024-08-01,overall,313588
cumulative,2024-09-01,overall,317271
cumulative,2024-10-01,overall,320164
cumulative,2024-11-01,overall,330203
cumulative,2024-12-01,overall,342326
cumulative,2025-01-01,overall,352717
new_net,2007-09-01,overall,1066
new_net,2007-10-01,overall,1828
new_net,2007-11-01,overall,1020
new_net,2007-12-01,overall,955
new_net,2008-01-01,overall,3070
new_net,2008-02-01,overall,1376
new_net,2008-03-01,overall,3317
new_net,2008-04-01,overall,4223
new_net,2008-05-01,overall,2004
new_net,2008-06-01,overall,1371
new_net,2008-07-01,overall,1050
new_net,2008-08-01,overall,1136
new_net,2008-09-01,overall,1210
new_net,2008-10-01,overall,785
new_net,2008-11-01,overall,881
new_net,2008-12-01,overall,1287
new_net,2009-01-01,overall,-201
new_net,2009-02-01,overall,-450
new_net,2009-03-01,overall,814
new_net,2009-04-01,overall,1520
new_net,2009-05-01,overall,77
new_net,2009-06-01,overall,411
new_net,2009-07-01,overall,1392
new_net,2009-08-01,overall,1709
new_net,2009-09-01,overall,1570
new_net,2009-10-01,overall,925
new_net,2009-11-01,overall,1245
new_net,2009-12-01,overall,1390
new_net,2010-01-01,overall,967
new_net,2010-02-01,overall,1384
new_net,2010-03-01,overall,2702
new_net,2010-04-01,overall,2331
new_net,2010-05-01,overall,1164
new_net,2010-06-01,overall,2489
new_net,2010-07-01,overall,437
new_net,2010-08-01,overall,2580
new_net,2010-09-01,overall,1429
new_net,2010-10-01,overall,1540
new_net,2010-11-01,overall,3225
new_net,2010-12-01,overall,1369
new_net,2011-01-01,overall,2475
new_net,2011-02-01,overall,1541
new_net,2011-03-01,overall,1855
new_net,2011-04-01,overall,1921
new_net,2011-05-01,overall,857
new_net,2011-06-01,overall,1319
new_net,2011-07-01,overall,1256
new_net,2011-08-01,overall,2761
new_net,2011-09-01,overall,2769
new_net,2011-10-01,overall,1093
new_net,2011-11-01,overall,2125
new_net,2011-12-01,overall,13215
new_net,2012-01-01,overall,15192
new_net,2012-02-01,overall,26705
new_net,2012-03-01,overall,2982
new_net,2012-04-01,overall,1891
new_net,2012-05-01,overall,1605
new_net,2012-06-01,overall,3481
new_net,2012-07-01,overall,1983
new_net,2012-08-01,overall,1918
new_net,2012-09-01,overall,1591
new_net,2012-10-01,overall,1972
new_net,2012-11-01,overall,1353
new_net,2012-12-01,overall,2273
new_net,2013-01-01,overall,2103
new_net,2013-02-01,overall,228
new_net,2013-03-01,overall,-735
new_net,2013-04-01,overall,-7663
new_net,2013-05-01,overall,-35938
new_net,2013-06-01,overall,1336
new_net,2013-07-01,overall,4709
new_net,2013-08-01,overall,2390
new_net,2013-09-01,overall,-223
new_net,2013-10-01,overall,2655
new_net,2013-11-01,overall,4364
new_net,2013-12-01,overall,10371
new_net,2014-01-01,overall,5858
new_net,2014-02-01,overall,3198
new_net,2014-03-01,overall,742
new_net,2014-04-01,overall,8823
new_net,2014-05-01,overall,2872
new_net,2014-06-01,overall,1235
new_net,2014-07-01,overall,3132
new_net,2014-08-01,overall,3661
new_net,2014-09-01,overall,5972
new_net,2014-10-01,overall,2002
new_net,2014-11-01,overall,1800
new_net,2014-12-01,overall,37512
new_net,2015-01-01,overall,20970
new_net,2015-02-01,overall,-636
new_net,2015-03-01,overall,1594
new_net,2015-04-01,overall,109
new_net,2015-05-01,overall,6598
new_net,2015-06-01,overall,5816
new_net,2015-07-01,overall,-104
new_net,2015-08-01,overall,-1477
new_net,2015-09-01,overall,-1750
new_net,2015-10-01,overall,1426
new_net,2015-11-01,overall,-293
new_net,2015-12-01,overall,20199
new_net,2016-01-01,overall,-2008
new_net,2016-02-01,overall,-2364
new_net,2016-03-01,overall,-482
new_net,2016-04-01,overall,1421
new_net,2016-05-01,overall,497
new_net,2016-06-01,overall,342
new_net,2016-07-01,overall,613
new_net,2016-08-01,overall,396
new_net,2016-09-01,overall,410
new_net,2016-10-01,overall,537
new_net,2016-11-01,overall,2019
new_net,2016-12-01,overall,955
new_net,2017-01-01,overall,282
new_net,2017-02-01,overall,71
new_net,2017-03-01,overall,299
new_net,2017-04-01,overall,299
new_net,2017-05-01,overall,627
new_net,2017-06-01,overall,513
new_net,2017-07-01,overall,338
new_net,2017-08-01,overall,296
new_net,2017-09-01,overall,254
new_net,2017-10-01,overall,262
new_net,2017-11-01,overall,1844
new_net,2017-12-01,overall,10187
new_net,2018-01-01,overall,245
new_net,2018-02-01,overall,166
new_net,2018-03-01,overall,318
new_net,2018-04-01,overall,285
new_net,2018-05-01,overall,222
new_net,2018-06-01,overall,547
new_net,2018-07-01,overall,-313
new_net,2018-08-01,overall,-1479
new_net,2018-09-01,overall,-1208
new_net,2018-10-01,overall,-2348
new_net,2018-11-01,overall,-2776
new_net,2018-12-01,overall,-1759
new_net,2019-01-01,overall,-2673
new_net,2019-02-01,overall,-2359
new_net,2019-03-01,overall,163
new_net,2019-04-01,overall,-319
new_net,2019-05-01,overall,592
new_net,2019-06-01,overall,380
new_net,2019-07-01,overall,151
new_net,2019-08-01,overall,-197
new_net,2019-09-01,overall,-1300
new_net,2019-10-01,overall,-2748
new_net,2019-11-01,overall,-2227
new_net,2019-12-01,overall,-2718
new_net,2020-01-01,overall,-3259
new_net,2020-02-01,overall,-3079
new_net,2020-03-01,overall,-2651
new_net,2020-04-01,overall,-1608
new_net,2020-05-01,overall,-2171
new_net,2020-06-01,overall,3226
new_net,2020-07-01,overall,3651
new_net,2020-08-01,overall,1048
new_net,2020-09-01,overall,2258
new_net,2020-10-01,overall,1649
new_net,2020-11-01,overall,425
new_net,2020-12-01,overall,513
new_net,2021-01-01,overall,783
new_net,2021-02-01,overall,552
new_net,2021-03-01,overall,211
new_net,2021-04-01,overall,353
new_net,2021-05-01,overall,-34
new_net,2021-06-01,overall,-807
new_net,2021-07-01,overall,137
new_net,2021-08-01,overall,69
new_net,2021-09-01,overall,1202
new_net,2021-10-01,overall,-4
new_net,2021-11-01,overall,-27
new_net,2021-12-01,overall,226
new_net,2022-01-01,overall,-782
new_net,2022-02-01,overall,96
new_net,2022-03-01,overall,-378
new_net,2022-04-01,overall,-414
new_net,2022-05-01,overall,214
new_net,2022-06-01,overall,2408
new_net,2022-07-01,overall,-358
new_net,2022-08-01,overall,-2491
new_net,2022-09-01,overall,-2389
new_net,2022-10-01,overall,399
new_net,2022-11-01,overall,517
new_net,2022-12-01,overall,342
new_net,2023-01-01,overall,-2114
new_net,2023-02-01,overall,-208
new_net,2023-03-01,overall,1437
new_net,2023-04-01,overall,1331
new_net,2023-05-01,overall,-205
new_net,2023-06-01,overall,-491
new_net,2023-07-01,overall,-4243
new_net,2023-08-01,overall,341
new_net,2023-09-01,overall,200
new_net,2023-10-01,overall,-484
new_net,2023-11-01,overall,111
new_net,2023-12-01,overall,-96
new_net,2024-01-01,overall,-37
new_net,2024-02-01,overall,-375
new_net,2024-03-01,overall,-471
new_net,2024-04-01,overall,-130
new_net,2024-05-01,overall,-1836
new_net,2024-06-01,overall,708
new_net,2024-07-01,overall,291
new_net,2024-08-01,overall,1985
new_net,2024-09-01,overall,3683
new_net,2024-10-01,overall,2893
new_net,2024-11-01,overall,10039
new_net,2024-12-01,overall,12123
new_net,2025-01-01,overall,10391
cumulative,2007-08-01,.my,23
cumulative,2007-09-01,.my,23
cumulative,2007-10-01,.my,23
cumulative,2007-11-01,.my,23
cumulative,2007-12-01,.my,23
cumulative,2008-01-01,.my,2699
cumulative,2008-02-01,.my,3747
cumulative,2008-03-01,.my,6427
cumulative,2008-04-01,.my,9946
cumulative,2008-05-01,.my,10990
cumulative,2008-06-01,.my,11649
cumulative,2008-07-01,.my,12243
cumulative,2008-08-01,.my,12834
cumulative,2008-09-01,.my,13220
cumulative,2008-10-01,.my,13623
cumulative,2008-11-01,.my,14027
cumulative,2008-12-01,.my,14445
cumulative,2009-01-01,.my,14807
cumulative,2009-02-01,.my,15420
cumulative,2009-03-01,.my,15479
cumulative,2009-04-01,.my,15901
cumulative,2009-05-01,.my,15599
cumulative,2009-06-01,.my,15212
cumulative,2009-07-01,.my,15659
cumulative,2009-08-01,.my,16362
cumulative,2009-09-01,.my,16957
cumulative,2009-10-01,.my,17268
cumulative,2009-11-01,.my,17749
cumulative,2009-12-01,.my,18226
cumulative,2010-01-01,.my,18579
cumulative,2010-02-01,.my,18958
cumulative,2010-03-01,.my,19761
cumulative,2010-04-01,.my,20209
cumulative,2010-05-01,.my,20413
cumulative,2010-06-01,.my,20522
cumulative,2010-07-01,.my,20672
cumulative,2010-08-01,.my,21391
cumulative,2010-09-01,.my,21751
cumulative,2010-10-01,.my,21810
cumulative,2010-11-01,.my,22494
cumulative,2010-12-01,.my,23220
cumulative,2011-01-01,.my,23595
cumulative,2011-02-01,.my,23972
cumulative,2011-03-01,.my,24335
cumulative,2011-04-01,.my,24600
cumulative,2011-05-01,.my,24680
cumulative,2011-06-01,.my,24978
cumulative,2011-07-01,.my,25186
cumulative,2011-08-01,.my,25849
cumulative,2011-09-01,.my,27083
cumulative,2011-10-01,.my,27701
cumulative,2011-11-01,.my,28510
cumulative,2011-12-01,.my,39050
cumulative,2012-01-01,.my,53238
cumulative,2012-02-01,.my,79390
cumulative,2012-03-01,.my,80649
cumulative,2012-04-01,.my,81131
cumulative,2012-05-01,.my,81474
cumulative,2012-06-01,.my,82900
cumulative,2012-07-01,.my,83406
cumulative,2012-08-01,.my,84289
cumulative,2012-09-01,.my,84757
cumulative,2012-10-01,.my,85570
cumulative,2012-11-01,.my,86118
cumulative,2012-12-01,.my,87488
cumulative,2013-01-01,.my,89873
cumulative,2013-02-01,.my,89592
cumulative,2013-03-01,.my,86430
cumulative,2013-04-01,.my,76798
cumulative,2013-05-01,.my,41756
cumulative,2013-06-01,.my,42053
cumulative,2013-07-01,.my,43368
cumulative,2013-08-01,.my,44733
cumulative,2013-09-01,.my,45506
cumulative,2013-10-01,.my,46844
cumulative,2013-11-01,.my,47980
cumulative,2013-12-01,.my,51721
cumulative,2014-01-01,.my,53230
cumulative,2014-02-01,.my,54050
cumulative,2014-03-01,.my,53561
cumulative,2014-04-01,.my,59788
cumulative,2014-05-01,.my,61494
cumulative,2014-06-01,.my,62182
cumulative,2014-07-01,.my,64330
cumulative,2014-08-01,.my,66272
cumulative,2014-09-01,.my,73022
cumulative,2014-10-01,.my,74744
cumulative,2014-11-01,.my,76270
cumulative,2014-12-01,.my,113811
cumulative,2015-01-01,.my,134531
cumulative,2015-02-01,.my,135181
cumulative,2015-03-01,.my,135718
cumulative,2015-04-01,.my,135322
cumulative,2015-05-01,.my,138404
cumulative,2015-06-01,.my,141771
cumulative,2015-07-01,.my,142376
cumulative,2015-08-01,.my,142293
cumulative,2015-09-01,.my,142490
cumulative,2015-10-01,.my,142183
cumulative,2015-11-01,.my,142818
cumulative,2015-12-01,.my,153807
cumulative,2016-01-01,.my,153046
cumulative,2016-02-01,.my,151543
cumulative,2016-03-01,.my,151453
cumulative,2016-04-01,.my,152219
cumulative,2016-05-01,.my,152491
cumulative,2016-06-01,.my,152763
cumulative,2016-07-01,.my,153084
cumulative,2016-08-01,.my,153264
cumulative,2016-09-01,.my,153460
cumulative,2016-10-01,.my,153859
cumulative,2016-11-01,.my,155650
cumulative,2016-12-01,.my,156739
cumulative,2017-01-01,.my,156611
cumulative,2017-02-01,.my,156495
cumulative,2017-03-01,.my,156450
cumulative,2017-04-01,.my,156664
cumulative,2017-05-01,.my,157116
cumulative,2017-06-01,.my,157319
cumulative,2017-07-01,.my,157541
cumulative,2017-08-01,.my,157682
cumulative,2017-09-01,.my,157590
cumulative,2017-10-01,.my,157348
cumulative,2017-11-01,.my,158049
cumulative,2017-12-01,.my,169697
cumulative,2018-01-01,.my,169878
cumulative,2018-02-01,.my,169774
cumulative,2018-03-01,.my,169685
cumulative,2018-04-01,.my,169891
cumulative,2018-05-01,.my,169821
cumulative,2018-06-01,.my,169786
cumulative,2018-07-01,.my,169570
cumulative,2018-08-01,.my,168901
cumulative,2018-09-01,.my,167884
cumulative,2018-10-01,.my,164628
cumulative,2018-11-01,.my,161002
cumulative,2018-12-01,.my,158800
cumulative,2019-01-01,.my,155580
cumulative,2019-02-01,.my,154476
cumulative,2019-03-01,.my,154139
cumulative,2019-04-01,.my,153885
cumulative,2019-05-01,.my,154016
cumulative,2019-06-01,.my,153491
cumulative,2019-07-01,.my,153566
cumulative,2019-08-01,.my,154663
cumulative,2019-09-01,.my,153593
cumulative,2019-10-01,.my,151240
cumulative,2019-11-01,.my,150550
cumulative,2019-12-01,.my,149287
cumulative,2020-01-01,.my,148544
cumulative,2020-02-01,.my,147066
cumulative,2020-03-01,.my,147535
cumulative,2020-04-01,.my,148836
cumulative,2020-05-01,.my,149214
cumulative,2020-06-01,.my,151091
cumulative,2020-07-01,.my,153105
cumulative,2020-08-01,.my,153278
cumulative,2020-09-01,.my,154173
cumulative,2020-10-01,.my,155150
cumulative,2020-11-01,.my,155558
cumulative,2020-12-01,.my,155038
cumulative,2021-01-01,.my,154928
cumulative,2021-02-01,.my,154825
cumulative,2021-03-01,.my,154812
cumulative,2021-04-01,.my,155012
cumulative,2021-05-01,.my,154958
cumulative,2021-06-01,.my,153814
cumulative,2021-07-01,.my,153840
cumulative,2021-08-01,.my,153998
cumulative,2021-09-01,.my,153931
cumulative,2021-10-01,.my,153977
cumulative,2021-11-01,.my,153927
cumulative,2021-12-01,.my,153975
cumulative,2022-01-01,.my,153696
cumulative,2022-02-01,.my,153806
cumulative,2022-03-01,.my,153084
cumulative,2022-04-01,.my,152884
cumulative,2022-05-01,.my,152988
cumulative,2022-06-01,.my,153885
cumulative,2022-07-01,.my,153317
cumulative,2022-08-01,.my,152131
cumulative,2022-09-01,.my,150890
cumulative,2022-10-01,.my,150940
cumulative,2022-11-01,.my,151133
cumulative,2022-12-01,.my,151219
cumulative,2023-01-01,.my,150394
cumulative,2023-02-01,.my,150350
cumulative,2023-03-01,.my,150812
cumulative,2023-04-01,.my,151312
cumulative,2023-05-01,.my,151216
cumulative,2023-06-01,.my,150895
cumulative,2023-07-01,.my,148224
cumulative,2023-08-01,.my,148316
cumulative,2023-09-01,.my,148495
cumulative,2023-10-01,.my,148252
cumulative,2023-11-01,.my,148265
cumulative,2023-12-01,.my,148220
cumulative,2024-01-01,.my,148189
cumulative,2024-02-01,.my,147987
cumulative,2024-03-01,.my,147699
cumulative,2024-04-01,.my,147591
cumulative,2024-05-01,.my,146386
cumulative,2024-06-01,.my,147041
cumulative,2024-07-01,.my,147283
cumulative,2024-08-01,.my,149273
cumulative,2024-09-01,.my,152685
cumulative,2024-10-01,.my,156097
cumulative,2024-11-01,.my,166065
cumulative,2024-12-01,.my,179302
cumulative,2025-01-01,.my,189813
new_net,2007-09-01,.my,0
new_net,2007-10-01,.my,0
new_net,2007-11-01,.my,0
new_net,2007-12-01,.my,0
new_net,2008-01-01,.my,2676
new_net,2008-02-01,.my,1048
new_net,2008-03-01,.my,2680
new_net,2008-04-01,.my,3519
new_net,2008-05-01,.my,1044
new_net,2008-06-01,.my,659
new_net,2008-07-01,.my,594
new_net,2008-08-01,.my,591
new_net,2008-09-01,.my,386
new_net,2008-10-01,.my,403
new_net,2008-11-01,.my,404
new_net,2008-12-01,.my,418
new_net,2009-01-01,.my,362
new_net,2009-02-01,.my,613
new_net,2009-03-01,.my,59
new_net,2009-04-01,.my,422
new_net,2009-05-01,.my,-302
new_net,2009-06-01,.my,-387
new_net,2009-07-01,.my,447
new_net,2009-08-01,.my,703
new_net,2009-09-01,.my,595
new_net,2009-10-01,.my,311
new_net,2009-11-01,.my,481
new_net,2009-12-01,.my,477
new_net,2010-01-01,.my,353
new_net,2010-02-01,.my,379
new_net,2010-03-01,.my,803
new_net,2010-04-01,.my,448
new_net,2010-05-01,.my,204
new_net,2010-06-01,.my,109
new_net,2010-07-01,.my,150
new_net,2010-08-01,.my,719
new_net,2010-09-01,.my,360
new_net,2010-10-01,.my,59
new_net,2010-11-01,.my,684
new_net,2010-12-01,.my,726
new_net,2011-01-01,.my,375
new_net,2011-02-01,.my,377
new_net,2011-03-01,.my,363
new_net,2011-04-01,.my,265
new_net,2011-05-01,.my,80
new_net,2011-06-01,.my,298
new_net,2011-07-01,.my,208
new_net,2011-08-01,.my,663
new_net,2011-09-01,.my,1234
new_net,2011-10-01,.my,618
new_net,2011-11-01,.my,809
new_net,2011-12-01,.my,10540
new_net,2012-01-01,.my,14188
new_net,2012-02-01,.my,26152
new_net,2012-03-01,.my,1259
new_net,2012-04-01,.my,482
new_net,2012-05-01,.my,343
new_net,2012-06-01,.my,1426
new_net,2012-07-01,.my,506
new_net,2012-08-01,.my,883
new_net,2012-09-01,.my,468
new_net,2012-10-01,.my,813
new_net,2012-11-01,.my,548
new_net,2012-12-01,.my,1370
new_net,2013-01-01,.my,2385
new_net,2013-02-01,.my,-281
new_net,2013-03-01,.my,-3162
new_net,2013-04-01,.my,-9632
new_net,2013-05-01,.my,-35042
new_net,2013-06-01,.my,297
new_net,2013-07-01,.my,1315
new_net,2013-08-01,.my,1365
new_net,2013-09-01,.my,773
new_net,2013-10-01,.my,1338
new_net,2013-11-01,.my,1136
new_net,2013-12-01,.my,3741
new_net,2014-01-01,.my,1509
new_net,2014-02-01,.my,820
new_net,2014-03-01,.my,-489
new_net,2014-04-01,.my,6227
new_net,2014-05-01,.my,1706
new_net,2014-06-01,.my,688
new_net,2014-07-01,.my,2148
new_net,2014-08-01,.my,1942
new_net,2014-09-01,.my,6750
new_net,2014-10-01,.my,1722
new_net,2014-11-01,.my,1526
new_net,2014-12-01,.my,37541
new_net,2015-01-01,.my,20720
new_net,2015-02-01,.my,650
new_net,2015-03-01,.my,537
new_net,2015-04-01,.my,-396
new_net,2015-05-01,.my,3082
new_net,2015-06-01,.my,3367
new_net,2015-07-01,.my,605
new_net,2015-08-01,.my,-83
new_net,2015-09-01,.my,197
new_net,2015-10-01,.my,-307
new_net,2015-11-01,.my,635
new_net,2015-12-01,.my,10989
new_net,2016-01-01,.my,-761
new_net,2016-02-01,.my,-1503
new_net,2016-03-01,.my,-90
new_net,2016-04-01,.my,766
new_net,2016-05-01,.my,272
new_net,2016-06-01,.my,272
new_net,2016-07-01,.my,321
new_net,2016-08-01,.my,180
new_net,2016-09-01,.my,196
new_net,2016-10-01,.my,399
new_net,2016-11-01,.my,1791
new_net,2016-12-01,.my,1089
new_net,2017-01-01,.my,-128
new_net,2017-02-01,.my,-116
new_net,2017-03-01,.my,-45
new_net,2017-04-01,.my,214
new_net,2017-05-01,.my,452
new_net,2017-06-01,.my,203
new_net,2017-07-01,.my,222
new_net,2017-08-01,.my,141
new_net,2017-09-01,.my,-92
new_net,2017-10-01,.my,-242
new_net,2017-11-01,.my,701
new_net,2017-12-01,.my,11648
new_net,2018-01-01,.my,181
new_net,2018-02-01,.my,-104
new_net,2018-03-01,.my,-89
new_net,2018-04-01,.my,206
new_net,2018-05-01,.my,-70
new_net,2018-06-01,.my,-35
new_net,2018-07-01,.my,-216
new_net,2018-08-01,.my,-669
new_net,2018-09-01,.my,-1017
new_net,2018-10-01,.my,-3256
new_net,2018-11-01,.my,-3626
new_net,2018-12-01,.my,-2202
new_net,2019-01-01,.my,-3220
new_net,2019-02-01,.my,-1104
new_net,2019-03-01,.my,-337
new_net,2019-04-01,.my,-254
new_net,2019-05-01,.my,131
new_net,2019-06-01,.my,-525
new_net,2019-07-01,.my,75
new_net,2019-08-01,.my,1097
new_net,2019-09-01,.my,-1070
new_net,2019-10-01,.my,-2353
new_net,2019-11-01,.my,-690
new_net,2019-12-01,.my,-1263
new_net,2020-01-01,.my,-743
new_net,2020-02-01,.my,-1478
new_net,2020-03-01,.my,469
new_net,2020-04-01,.my,1301
new_net,2020-05-01,.my,378
new_net,2020-06-01,.my,1877
new_net,2020-07-01,.my,2014
new_net,2020-08-01,.my,173
new_net,2020-09-01,.my,895
new_net,2020-10-01,.my,977
new_net,2020-11-01,.my,408
new_net,2020-12-01,.my,-520
new_net,2021-01-01,.my,-110
new_net,2021-02-01,.my,-103
new_net,2021-03-01,.my,-13
new_net,2021-04-01,.my,200
new_net,2021-05-01,.my,-54
new_net,2021-06-01,.my,-1144
new_net,2021-07-01,.my,26
new_net,2021-08-01,.my,158
new_net,2021-09-01,.my,-67
new_net,2021-10-01,.my,46
new_net,2021-11-01,.my,-50
new_net,2021-12-01,.my,48
new_net,2022-01-01,.my,-279
new_net,2022-02-01,.my,110
new_net,2022-03-01,.my,-722
new_net,2022-04-01,.my,-200
new_net,2022-05-01,.my,104
new_net,2022-06-01,.my,897
new_net,2022-07-01,.my,-568
new_net,2022-08-01,.my,-1186
new_net,2022-09-01,.my,-1241
new_net,2022-10-01,.my,50
new_net,2022-11-01,.my,193
new_net,2022-12-01,.my,86
new_net,2023-01-01,.my,-825
new_net,2023-02-01,.my,-44
new_net,2023-03-01,.my,462
new_net,2023-04-01,.my,500
new_net,2023-05-01,.my,-96
new_net,2023-06-01,.my,-321
new_net,2023-07-01,.my,-2671
new_net,2023-08-01,.my,92
new_net,2023-09-01,.my,179
new_net,2023-10-01,.my,-243
new_net,2023-11-01,.my,13
new_net,2023-12-01,.my,-45
new_net,2024-01-01,.my,-31
new_net,2024-02-01,.my,-202
new_net,2024-03-01,.my,-288
new_net,2024-04-01,.my,-108
new_net,2024-05-01,.my,-1205
new_net,2024-06-01,.my,655
new_net,2024-07-01,.my,242
new_net,2024-08-01,.my,1990
new_net,2024-09-01,.my,3412
new_net,2024-10-01,.my,3412
new_net,2024-11-01,.my,9968
new_net,2024-12-01,.my,13237
new_net,2025-01-01,.my,10511
cumulative,2007-08-01,.com.my,48554
cumulative,2007-09-01,.com.my,49418
cumulative,2007-10-01,.com.my,50980
cumulative,2007-11-01,.com.my,51985
cumulative,2007-12-01,.com.my,52623
cumulative,2008-01-01,.com.my,53155
cumulative,2008-02-01,.com.my,53451
cumulative,2008-03-01,.com.my,54007
cumulative,2008-04-01,.com.my,54682
cumulative,2008-05-01,.com.my,55549
cumulative,2008-06-01,.com.my,56218
cumulative,2008-07-01,.com.my,56622
cumulative,2008-08-01,.com.my,57108
cumulative,2008-09-01,.com.my,57858
cumulative,2008-10-01,.com.my,58250
cumulative,2008-11-01,.com.my,58761
cumulative,2008-12-01,.com.my,59566
cumulative,2009-01-01,.com.my,59086
cumulative,2009-02-01,.com.my,58139
cumulative,2009-03-01,.com.my,58850
cumulative,2009-04-01,.com.my,59847
cumulative,2009-05-01,.com.my,60225
cumulative,2009-06-01,.com.my,60971
cumulative,2009-07-01,.com.my,61811
cumulative,2009-08-01,.com.my,62686
cumulative,2009-09-01,.com.my,63582
cumulative,2009-10-01,.com.my,64125
cumulative,2009-11-01,.com.my,64841
cumulative,2009-12-01,.com.my,65685
cumulative,2010-01-01,.com.my,66229
cumulative,2010-02-01,.com.my,67136
cumulative,2010-03-01,.com.my,68872
cumulative,2010-04-01,.com.my,70668
cumulative,2010-05-01,.com.my,71601
cumulative,2010-06-01,.com.my,73946
cumulative,2010-07-01,.com.my,74257
cumulative,2010-08-01,.com.my,75999
cumulative,2010-09-01,.com.my,77055
cumulative,2010-10-01,.com.my,78547
cumulative,2010-11-01,.com.my,80977
cumulative,2010-12-01,.com.my,81852
cumulative,2011-01-01,.com.my,83892
cumulative,2011-02-01,.com.my,84854
cumulative,2011-03-01,.com.my,86174
cumulative,2011-04-01,.com.my,87677
cumulative,2011-05-01,.com.my,88390
cumulative,2011-06-01,.com.my,89341
cumulative,2011-07-01,.com.my,90258
cumulative,2011-08-01,.com.my,92045
cumulative,2011-09-01,.com.my,93557
cumulative,2011-10-01,.com.my,94020
cumulative,2011-11-01,.com.my,95334
cumulative,2011-12-01,.com.my,97921
cumulative,2012-01-01,.com.my,98863
cumulative,2012-02-01,.com.my,99611
cumulative,2012-03-01,.com.my,101204
cumulative,2012-04-01,.com.my,102631
cumulative,2012-05-01,.com.my,103868
cumulative,2012-06-01,.com.my,105633
cumulative,2012-07-01,.com.my,106925
cumulative,2012-08-01,.com.my,107887
cumulative,2012-09-01,.com.my,108867
cumulative,2012-10-01,.com.my,109943
cumulative,2012-11-01,.com.my,110784
cumulative,2012-12-01,.com.my,111536
cumulative,2013-01-01,.com.my,111252
cumulative,2013-02-01,.com.my,111752
cumulative,2013-03-01,.com.my,114101
cumulative,2013-04-01,.com.my,116156
cumulative,2013-05-01,.com.my,115356
cumulative,2013-06-01,.com.my,116428
cumulative,2013-07-01,.com.my,119659
cumulative,2013-08-01,.com.my,120682
cumulative,2013-09-01,.com.my,119190
cumulative,2013-10-01,.com.my,120508
cumulative,2013-11-01,.com.my,123657
cumulative,2013-12-01,.com.my,130018
cumulative,2014-01-01,.com.my,134235
cumulative,2014-02-01,.com.my,136509
cumulative,2014-03-01,.com.my,137435
cumulative,2014-04-01,.com.my,137481
cumulative,2014-05-01,.com.my,137297
cumulative,2014-06-01,.com.my,137687
cumulative,2014-07-01,.com.my,137610
cumulative,2014-08-01,.com.my,137420
cumulative,2014-09-01,.com.my,135901
cumulative,2014-10-01,.com.my,135502
cumulative,2014-11-01,.com.my,136038
cumulative,2014-12-01,.com.my,134767
cumulative,2015-01-01,.com.my,131464
cumulative,2015-02-01,.com.my,130116
cumulative,2015-03-01,.com.my,131072
cumulative,2015-04-01,.com.my,131434
cumulative,2015-05-01,.com.my,133687
cumulative,2015-06-01,.com.my,134472
cumulative,2015-07-01,.com.my,133302
cumulative,2015-08-01,.com.my,131841
cumulative,2015-09-01,.com.my,130524
cumulative,2015-10-01,.com.my,129747
cumulative,2015-11-01,.com.my,127520
cumulative,2015-12-01,.com.my,126462
cumulative,2016-01-01,.com.my,125229
cumulative,2016-02-01,.com.my,124380
cumulative,2016-03-01,.com.my,123854
cumulative,2016-04-01,.com.my,124461
cumulative,2016-05-01,.com.my,124678
cumulative,2016-06-01,.com.my,124721
cumulative,2016-07-01,.com.my,124864
cumulative,2016-08-01,.com.my,125035
cumulative,2016-09-01,.com.my,125193
cumulative,2016-10-01,.com.my,126196
cumulative,2016-11-01,.com.my,127125
cumulative,2016-12-01,.com.my,128411
cumulative,2017-01-01,.com.my,129638
cumulative,2017-02-01,.com.my,130893
cumulative,2017-03-01,.com.my,131830
cumulative,2017-04-01,.com.my,131837
cumulative,2017-05-01,.com.my,131967
cumulative,2017-06-01,.com.my,132173
cumulative,2017-07-01,.com.my,132246
cumulative,2017-08-01,.com.my,132413
cumulative,2017-09-01,.com.my,132722
cumulative,2017-10-01,.com.my,133177
cumulative,2017-11-01,.com.my,134255
cumulative,2017-12-01,.com.my,132856
cumulative,2018-01-01,.com.my,133164
cumulative,2018-02-01,.com.my,133351
cumulative,2018-03-01,.com.my,133726
cumulative,2018-04-01,.com.my,134110
cumulative,2018-05-01,.com.my,134915
cumulative,2018-06-01,.com.my,136173
cumulative,2018-07-01,.com.my,136959
cumulative,2018-08-01,.com.my,137404
cumulative,2018-09-01,.com.my,137752
cumulative,2018-10-01,.com.my,138583
cumulative,2018-11-01,.com.my,139341
cumulative,2018-12-01,.com.my,139682
cumulative,2019-01-01,.com.my,140172
cumulative,2019-02-01,.com.my,139089
cumulative,2019-03-01,.com.my,140259
cumulative,2019-04-01,.com.my,141632
cumulative,2019-05-01,.com.my,142743
cumulative,2019-06-01,.com.my,143901
cumulative,2019-07-01,.com.my,144447
cumulative,2019-08-01,.com.my,143206
cumulative,2019-09-01,.com.my,142999
cumulative,2019-10-01,.com.my,142620
cumulative,2019-11-01,.com.my,141123
cumulative,2019-12-01,.com.my,139664
cumulative,2020-01-01,.com.my,140780
cumulative,2020-02-01,.com.my,139993
cumulative,2020-03-01,.com.my,138508
cumulative,2020-04-01,.com.my,139182
cumulative,2020-05-01,.com.my,138136
cumulative,2020-06-01,.com.my,143001
cumulative,2020-07-01,.com.my,146788
cumulative,2020-08-01,.com.my,147671
cumulative,2020-09-01,.com.my,148763
cumulative,2020-10-01,.com.my,149396
cumulative,2020-11-01,.com.my,149451
cumulative,2020-12-01,.com.my,149591
cumulative,2021-01-01,.com.my,149370
cumulative,2021-02-01,.com.my,148982
cumulative,2021-03-01,.com.my,148933
cumulative,2021-04-01,.com.my,148962
cumulative,2021-05-01,.com.my,148929
cumulative,2021-06-01,.com.my,148786
cumulative,2021-07-01,.com.my,148568
cumulative,2021-08-01,.com.my,148359
cumulative,2021-09-01,.com.my,149412
cumulative,2021-10-01,.com.my,149193
cumulative,2021-11-01,.com.my,148941
cumulative,2021-12-01,.com.my,148843
cumulative,2022-01-01,.com.my,148244
cumulative,2022-02-01,.com.my,148082
cumulative,2022-03-01,.com.my,148243
cumulative,2022-04-01,.com.my,147947
cumulative,2022-05-01,.com.my,148023
cumulative,2022-06-01,.com.my,149338
cumulative,2022-07-01,.com.my,149457
cumulative,2022-08-01,.com.my,147973
cumulative,2022-09-01,.com.my,146926
cumulative,2022-10-01,.com.my,147076
cumulative,2022-11-01,.com.my,147260
cumulative,2022-12-01,.com.my,147198
cumulative,2023-01-01,.com.my,146006
cumulative,2023-02-01,.com.my,145759
cumulative,2023-03-01,.com.my,146564
cumulative,2023-04-01,.com.my,147339
cumulative,2023-05-01,.com.my,147474
cumulative,2023-06-01,.com.my,147200
cumulative,2023-07-01,.com.my,147222
cumulative,2023-08-01,.com.my,147351
cumulative,2023-09-01,.com.my,147360
cumulative,2023-10-01,.com.my,147126
cumulative,2023-11-01,.com.my,147235
cumulative,2023-12-01,.com.my,147182
cumulative,2024-01-01,.com.my,147164
cumulative,2024-02-01,.com.my,147003
cumulative,2024-03-01,.com.my,146834
cumulative,2024-04-01,.com.my,146833
cumulative,2024-05-01,.com.my,146267
cumulative,2024-06-01,.com.my,146359
cumulative,2024-07-01,.com.my,146443
cumulative,2024-08-01,.com.my,146517
cumulative,2024-09-01,.com.my,146900
cumulative,2024-10-01,.com.my,146532
cumulative,2024-11-01,.com.my,146699
cumulative,2024-12-01,.com.my,145688
cumulative,2025-01-01,.com.my,145607
new_net,2007-09-01,.com.my,864
new_net,2007-10-01,.com.my,1562
new_net,2007-11-01,.com.my,1005
new_net,2007-12-01,.com.my,638
new_net,2008-01-01,.com.my,532
new_net,2008-02-01,.com.my,296
new_net,2008-03-01,.com.my,556
new_net,2008-04-01,.com.my,675
new_net,2008-05-01,.com.my,867
new_net,2008-06-01,.com.my,669
new_net,2008-07-01,.com.my,404
new_net,2008-08-01,.com.my,486
new_net,2008-09-01,.com.my,750
new_net,2008-10-01,.com.my,392
new_net,2008-11-01,.com.my,511
new_net,2008-12-01,.com.my,805
new_net,2009-01-01,.com.my,-480
new_net,2009-02-01,.com.my,-947
new_net,2009-03-01,.com.my,711
new_net,2009-04-01,.com.my,997
new_net,2009-05-01,.com.my,378
new_net,2009-06-01,.com.my,746
new_net,2009-07-01,.com.my,840
new_net,2009-08-01,.com.my,875
new_net,2009-09-01,.com.my,896
new_net,2009-10-01,.com.my,543
new_net,2009-11-01,.com.my,716
new_net,2009-12-01,.com.my,844
new_net,2010-01-01,.com.my,544
new_net,2010-02-01,.com.my,907
new_net,2010-03-01,.com.my,1736
new_net,2010-04-01,.com.my,1796
new_net,2010-05-01,.com.my,933
new_net,2010-06-01,.com.my,2345
new_net,2010-07-01,.com.my,311
new_net,2010-08-01,.com.my,1742
new_net,2010-09-01,.com.my,1056
new_net,2010-10-01,.com.my,1492
new_net,2010-11-01,.com.my,2430
new_net,2010-12-01,.com.my,875
new_net,2011-01-01,.com.my,2040
new_net,2011-02-01,.com.my,962
new_net,2011-03-01,.com.my,1320
new_net,2011-04-01,.com.my,1503
new_net,2011-05-01,.com.my,713
new_net,2011-06-01,.com.my,951
new_net,2011-07-01,.com.my,917
new_net,2011-08-01,.com.my,1787
new_net,2011-09-01,.com.my,1512
new_net,2011-10-01,.com.my,463
new_net,2011-11-01,.com.my,1314
new_net,2011-12-01,.com.my,2587
new_net,2012-01-01,.com.my,942
new_net,2012-02-01,.com.my,748
new_net,2012-03-01,.com.my,1593
new_net,2012-04-01,.com.my,1427
new_net,2012-05-01,.com.my,1237
new_net,2012-06-01,.com.my,1765
new_net,2012-07-01,.com.my,1292
new_net,2012-08-01,.com.my,962
new_net,2012-09-01,.com.my,980
new_net,2012-10-01,.com.my,1076
new_net,2012-11-01,.com.my,841
new_net,2012-12-01,.com.my,752
new_net,2013-01-01,.com.my,-284
new_net,2013-02-01,.com.my,500
new_net,2013-03-01,.com.my,2349
new_net,2013-04-01,.com.my,2055
new_net,2013-05-01,.com.my,-800
new_net,2013-06-01,.com.my,1072
new_net,2013-07-01,.com.my,3231
new_net,2013-08-01,.com.my,1023
new_net,2013-09-01,.com.my,-1492
new_net,2013-10-01,.com.my,1318
new_net,2013-11-01,.com.my,3149
new_net,2013-12-01,.com.my,6361
new_net,2014-01-01,.com.my,4217
new_net,2014-02-01,.com.my,2274
new_net,2014-03-01,.com.my,926
new_net,2014-04-01,.com.my,46
new_net,2014-05-01,.com.my,-184
new_net,2014-06-01,.com.my,390
new_net,2014-07-01,.com.my,-77
new_net,2014-08-01,.com.my,-190
new_net,2014-09-01,.com.my,-1519
new_net,2014-10-01,.com.my,-399
new_net,2014-11-01,.com.my,536
new_net,2014-12-01,.com.my,-1271
new_net,2015-01-01,.com.my,-3303
new_net,2015-02-01,.com.my,-1348
new_net,2015-03-01,.com.my,956
new_net,2015-04-01,.com.my,362
new_net,2015-05-01,.com.my,2253
new_net,2015-06-01,.com.my,785
new_net,2015-07-01,.com.my,-1170
new_net,2015-08-01,.com.my,-1461
new_net,2015-09-01,.com.my,-1317
new_net,2015-10-01,.com.my,-777
new_net,2015-11-01,.com.my,-2227
new_net,2015-12-01,.com.my,-1058
new_net,2016-01-01,.com.my,-1233
new_net,2016-02-01,.com.my,-849
new_net,2016-03-01,.com.my,-526
new_net,2016-04-01,.com.my,607
new_net,2016-05-01,.com.my,217
new_net,2016-06-01,.com.my,43
new_net,2016-07-01,.com.my,143
new_net,2016-08-01,.com.my,171
new_net,2016-09-01,.com.my,158
new_net,2016-10-01,.com.my,1003
new_net,2016-11-01,.com.my,929
new_net,2016-12-01,.com.my,1286
new_net,2017-01-01,.com.my,1227
new_net,2017-02-01,.com.my,1255
new_net,2017-03-01,.com.my,937
new_net,2017-04-01,.com.my,7
new_net,2017-05-01,.com.my,130
new_net,2017-06-01,.com.my,206
new_net,2017-07-01,.com.my,73
new_net,2017-08-01,.com.my,167
new_net,2017-09-01,.com.my,309
new_net,2017-10-01,.com.my,455
new_net,2017-11-01,.com.my,1078
new_net,2017-12-01,.com.my,-1399
new_net,2018-01-01,.com.my,308
new_net,2018-02-01,.com.my,187
new_net,2018-03-01,.com.my,375
new_net,2018-04-01,.com.my,384
new_net,2018-05-01,.com.my,805
new_net,2018-06-01,.com.my,1258
new_net,2018-07-01,.com.my,786
new_net,2018-08-01,.com.my,445
new_net,2018-09-01,.com.my,348
new_net,2018-10-01,.com.my,831
new_net,2018-11-01,.com.my,758
new_net,2018-12-01,.com.my,341
new_net,2019-01-01,.com.my,490
new_net,2019-02-01,.com.my,-1083
new_net,2019-03-01,.com.my,1170
new_net,2019-04-01,.com.my,1373
new_net,2019-05-01,.com.my,1111
new_net,2019-06-01,.com.my,1158
new_net,2019-07-01,.com.my,546
new_net,2019-08-01,.com.my,-1241
new_net,2019-09-01,.com.my,-207
new_net,2019-10-01,.com.my,-379
new_net,2019-11-01,.com.my,-1497
new_net,2019-12-01,.com.my,-1459
new_net,2020-01-01,.com.my,1116
new_net,2020-02-01,.com.my,-787
new_net,2020-03-01,.com.my,-1485
new_net,2020-04-01,.com.my,674
new_net,2020-05-01,.com.my,-1046
new_net,2020-06-01,.com.my,4865
new_net,2020-07-01,.com.my,3787
new_net,2020-08-01,.com.my,883
new_net,2020-09-01,.com.my,1092
new_net,2020-10-01,.com.my,633
new_net,2020-11-01,.com.my,55
new_net,2020-12-01,.com.my,140
new_net,2021-01-01,.com.my,-221
new_net,2021-02-01,.com.my,-388
new_net,2021-03-01,.com.my,-49
new_net,2021-04-01,.com.my,29
new_net,2021-05-01,.com.my,-33
new_net,2021-06-01,.com.my,-143
new_net,2021-07-01,.com.my,-218
new_net,2021-08-01,.com.my,-209
new_net,2021-09-01,.com.my,1053
new_net,2021-10-01,.com.my,-219
new_net,2021-11-01,.com.my,-252
new_net,2021-12-01,.com.my,-98
new_net,2022-01-01,.com.my,-599
new_net,2022-02-01,.com.my,-162
new_net,2022-03-01,.com.my,161
new_net,2022-04-01,.com.my,-296
new_net,2022-05-01,.com.my,76
new_net,2022-06-01,.com.my,1315
new_net,2022-07-01,.com.my,119
new_net,2022-08-01,.com.my,-1484
new_net,2022-09-01,.com.my,-1047
new_net,2022-10-01,.com.my,150
new_net,2022-11-01,.com.my,184
new_net,2022-12-01,.com.my,-62
new_net,2023-01-01,.com.my,-1192
new_net,2023-02-01,.com.my,-247
new_net,2023-03-01,.com.my,805
new_net,2023-04-01,.com.my,775
new_net,2023-05-01,.com.my,135
new_net,2023-06-01,.com.my,-274
new_net,2023-07-01,.com.my,22
new_net,2023-08-01,.com.my,129
new_net,2023-09-01,.com.my,9
new_net,2023-10-01,.com.my,-234
new_net,2023-11-01,.com.my,109
new_net,2023-12-01,.com.my,-53
new_net,2024-01-01,.com.my,-18
new_net,2024-02-01,.com.my,-161
new_net,2024-03-01,.com.my,-169
new_net,2024-04-01,.com.my,-1
new_net,2024-05-01,.com.my,-566
new_net,2024-06-01,.com.my,92
new_net,2024-07-01,.com.my,84
new_net,2024-08-01,.com.my,74
new_net,2024-09-01,.com.my,383
new_net,2024-10-01,.com.my,-368
new_net,2024-11-01,.com.my,167
new_net,2024-12-01,.com.my,-1011
new_net,2025-01-01,.com.my,-81
cumulative,2007-08-01,.biz.my,0
cumulative,2007-09-01,.biz.my,0
cumulative,2007-10-01,.biz.my,0
cumulative,2007-11-01,.biz.my,0
cumulative,2007-12-01,.biz.my,0
cumulative,2008-01-01,.biz.my,0
cumulative,2008-02-01,.biz.my,0
cumulative,2008-03-01,.biz.my,0
cumulative,2008-04-01,.biz.my,0
cumulative,2008-05-01,.biz.my,0
cumulative,2008-06-01,.biz.my,0
cumulative,2008-07-01,.biz.my,0
cumulative,2008-08-01,.biz.my,0
cumulative,2008-09-01,.biz.my,0
cumulative,2008-10-01,.biz.my,0
cumulative,2008-11-01,.biz.my,0
cumulative,2008-12-01,.biz.my,0
cumulative,2009-01-01,.biz.my,0
cumulative,2009-02-01,.biz.my,0
cumulative,2009-03-01,.biz.my,0
cumulative,2009-04-01,.biz.my,0
cumulative,2009-05-01,.biz.my,0
cumulative,2009-06-01,.biz.my,0
cumulative,2009-07-01,.biz.my,0
cumulative,2009-08-01,.biz.my,0
cumulative,2009-09-01,.biz.my,0
cumulative,2009-10-01,.biz.my,0
cumulative,2009-11-01,.biz.my,0
cumulative,2009-12-01,.biz.my,0
cumulative,2010-01-01,.biz.my,0
cumulative,2010-02-01,.biz.my,0
cumulative,2010-03-01,.biz.my,0
cumulative,2010-04-01,.biz.my,0
cumulative,2010-05-01,.biz.my,0
cumulative,2010-06-01,.biz.my,0
cumulative,2010-07-01,.biz.my,0
cumulative,2010-08-01,.biz.my,0
cumulative,2010-09-01,.biz.my,0
cumulative,2010-10-01,.biz.my,0
cumulative,2010-11-01,.biz.my,0
cumulative,2010-12-01,.biz.my,0
cumulative,2011-01-01,.biz.my,0
cumulative,2011-02-01,.biz.my,0
cumulative,2011-03-01,.biz.my,0
cumulative,2011-04-01,.biz.my,0
cumulative,2011-05-01,.biz.my,0
cumulative,2011-06-01,.biz.my,0
cumulative,2011-07-01,.biz.my,0
cumulative,2011-08-01,.biz.my,0
cumulative,2011-09-01,.biz.my,0
cumulative,2011-10-01,.biz.my,0
cumulative,2011-11-01,.biz.my,0
cumulative,2011-12-01,.biz.my,0
cumulative,2012-01-01,.biz.my,0
cumulative,2012-02-01,.biz.my,0
cumulative,2012-03-01,.biz.my,0
cumulative,2012-04-01,.biz.my,0
cumulative,2012-05-01,.biz.my,0
cumulative,2012-06-01,.biz.my,0
cumulative,2012-07-01,.biz.my,0
cumulative,2012-08-01,.biz.my,0
cumulative,2012-09-01,.biz.my,0
cumulative,2012-10-01,.biz.my,0
cumulative,2012-11-01,.biz.my,0
cumulative,2012-12-01,.biz.my,0
cumulative,2013-01-01,.biz.my,0
cumulative,2013-02-01,.biz.my,0
cumulative,2013-03-01,.biz.my,0
cumulative,2013-04-01,.biz.my,0
cumulative,2013-05-01,.biz.my,0
cumulative,2013-06-01,.biz.my,0
cumulative,2013-07-01,.biz.my,0
cumulative,2013-08-01,.biz.my,0
cumulative,2013-09-01,.biz.my,0
cumulative,2013-10-01,.biz.my,0
cumulative,2013-11-01,.biz.my,0
cumulative,2013-12-01,.biz.my,0
cumulative,2014-01-01,.biz.my,0
cumulative,2014-02-01,.biz.my,0
cumulative,2014-03-01,.biz.my,0
cumulative,2014-04-01,.biz.my,0
cumulative,2014-05-01,.biz.my,0
cumulative,2014-06-01,.biz.my,0
cumulative,2014-07-01,.biz.my,0
cumulative,2014-08-01,.biz.my,0
cumulative,2014-09-01,.biz.my,0
cumulative,2014-10-01,.biz.my,0
cumulative,2014-11-01,.biz.my,0
cumulative,2014-12-01,.biz.my,0
cumulative,2015-01-01,.biz.my,0
cumulative,2015-02-01,.biz.my,0
cumulative,2015-03-01,.biz.my,0
cumulative,2015-04-01,.biz.my,0
cumulative,2015-05-01,.biz.my,0
cumulative,2015-06-01,.biz.my,0
cumulative,2015-07-01,.biz.my,0
cumulative,2015-08-01,.biz.my,0
cumulative,2015-09-01,.biz.my,0
cumulative,2015-10-01,.biz.my,0
cumulative,2015-11-01,.biz.my,0
cumulative,2015-12-01,.biz.my,0
cumulative,2016-01-01,.biz.my,0
cumulative,2016-02-01,.biz.my,0
cumulative,2016-03-01,.biz.my,0
cumulative,2016-04-01,.biz.my,0
cumulative,2016-05-01,.biz.my,0
cumulative,2016-06-01,.biz.my,0
cumulative,2016-07-01,.biz.my,0
cumulative,2016-08-01,.biz.my,0
cumulative,2016-09-01,.biz.my,0
cumulative,2016-10-01,.biz.my,0
cumulative,2016-11-01,.biz.my,0
cumulative,2016-12-01,.biz.my,0
cumulative,2017-01-01,.biz.my,0
cumulative,2017-02-01,.biz.my,0
cumulative,2017-03-01,.biz.my,0
cumulative,2017-04-01,.biz.my,0
cumulative,2017-05-01,.biz.my,0
cumulative,2017-06-01,.biz.my,0
cumulative,2017-07-01,.biz.my,0
cumulative,2017-08-01,.biz.my,0
cumulative,2017-09-01,.biz.my,0
cumulative,2017-10-01,.biz.my,0
cumulative,2017-11-01,.biz.my,0
cumulative,2017-12-01,.biz.my,0
cumulative,2018-01-01,.biz.my,0
cumulative,2018-02-01,.biz.my,0
cumulative,2018-03-01,.biz.my,0
cumulative,2018-04-01,.biz.my,0
cumulative,2018-05-01,.biz.my,0
cumulative,2018-06-01,.biz.my,0
cumulative,2018-07-01,.biz.my,0
cumulative,2018-08-01,.biz.my,0
cumulative,2018-09-01,.biz.my,0
cumulative,2018-10-01,.biz.my,0
cumulative,2018-11-01,.biz.my,0
cumulative,2018-12-01,.biz.my,0
cumulative,2019-01-01,.biz.my,0
cumulative,2019-02-01,.biz.my,0
cumulative,2019-03-01,.biz.my,0
cumulative,2019-04-01,.biz.my,0
cumulative,2019-05-01,.biz.my,0
cumulative,2019-06-01,.biz.my,0
cumulative,2019-07-01,.biz.my,0
cumulative,2019-08-01,.biz.my,0
cumulative,2019-09-01,.biz.my,0
cumulative,2019-10-01,.biz.my,0
cumulative,2019-11-01,.biz.my,0
cumulative,2019-12-01,.biz.my,0
cumulative,2020-01-01,.biz.my,0
cumulative,2020-02-01,.biz.my,0
cumulative,2020-03-01,.biz.my,0
cumulative,2020-04-01,.biz.my,0
cumulative,2020-05-01,.biz.my,0
cumulative,2020-06-01,.biz.my,0
cumulative,2020-07-01,.biz.my,0
cumulative,2020-08-01,.biz.my,0
cumulative,2020-09-01,.biz.my,278
cumulative,2020-10-01,.biz.my,312
cumulative,2020-11-01,.biz.my,320
cumulative,2020-12-01,.biz.my,1190
cumulative,2021-01-01,.biz.my,2338
cumulative,2021-02-01,.biz.my,3377
cumulative,2021-03-01,.biz.my,3638
cumulative,2021-04-01,.biz.my,3716
cumulative,2021-05-01,.biz.my,3772
cumulative,2021-06-01,.biz.my,4253
cumulative,2021-07-01,.biz.my,4559
cumulative,2021-08-01,.biz.my,4672
cumulative,2021-09-01,.biz.my,4769
cumulative,2021-10-01,.biz.my,4906
cumulative,2021-11-01,.biz.my,5185
cumulative,2021-12-01,.biz.my,5456
cumulative,2022-01-01,.biz.my,5556
cumulative,2022-02-01,.biz.my,5688
cumulative,2022-03-01,.biz.my,5858
cumulative,2022-04-01,.biz.my,5955
cumulative,2022-05-01,.biz.my,5990
cumulative,2022-06-01,.biz.my,6133
cumulative,2022-07-01,.biz.my,6233
cumulative,2022-08-01,.biz.my,6473
cumulative,2022-09-01,.biz.my,6394
cumulative,2022-10-01,.biz.my,6570
cumulative,2022-11-01,.biz.my,6728
cumulative,2022-12-01,.biz.my,7025
cumulative,2023-01-01,.biz.my,6969
cumulative,2023-02-01,.biz.my,7001
cumulative,2023-03-01,.biz.my,7113
cumulative,2023-04-01,.biz.my,7134
cumulative,2023-05-01,.biz.my,7090
cumulative,2023-06-01,.biz.my,7195
cumulative,2023-07-01,.biz.my,7232
cumulative,2023-08-01,.biz.my,7328
cumulative,2023-09-01,.biz.my,7359
cumulative,2023-10-01,.biz.my,7384
cumulative,2023-11-01,.biz.my,7398
cumulative,2023-12-01,.biz.my,7416
cumulative,2024-01-01,.biz.my,7420
cumulative,2024-02-01,.biz.my,7420
cumulative,2024-03-01,.biz.my,7417
cumulative,2024-04-01,.biz.my,7420
cumulative,2024-05-01,.biz.my,7425
cumulative,2024-06-01,.biz.my,7430
cumulative,2024-07-01,.biz.my,7419
cumulative,2024-08-01,.biz.my,7360
cumulative,2024-09-01,.biz.my,7269
cumulative,2024-10-01,.biz.my,7170
cumulative,2024-11-01,.biz.my,7136
cumulative,2024-12-01,.biz.my,7115
cumulative,2025-01-01,.biz.my,7102
new_net,2007-09-01,.biz.my,0
new_net,2007-10-01,.biz.my,0
new_net,2007-11-01,.biz.my,0
new_net,2007-12-01,.biz.my,0
new_net,2008-01-01,.biz.my,0
new_net,2008-02-01,.biz.my,0
new_net,2008-03-01,.biz.my,0
new_net,2008-04-01,.biz.my,0
new_net,2008-05-01,.biz.my,0
new_net,2008-06-01,.biz.my,0
new_net,2008-07-01,.biz.my,0
new_net,2008-08-01,.biz.my,0
new_net,2008-09-01,.biz.my,0
new_net,2008-10-01,.biz.my,0
new_net,2008-11-01,.biz.my,0
new_net,2008-12-01,.biz.my,0
new_net,2009-01-01,.biz.my,0
new_net,2009-02-01,.biz.my,0
new_net,2009-03-01,.biz.my,0
new_net,2009-04-01,.biz.my,0
new_net,2009-05-01,.biz.my,0
new_net,2009-06-01,.biz.my,0
new_net,2009-07-01,.biz.my,0
new_net,2009-08-01,.biz.my,0
new_net,2009-09-01,.biz.my,0
new_net,2009-10-01,.biz.my,0
new_net,2009-11-01,.biz.my,0
new_net,2009-12-01,.biz.my,0
new_net,2010-01-01,.biz.my,0
new_net,2010-02-01,.biz.my,0
new_net,2010-03-01,.biz.my,0
new_net,2010-04-01,.biz.my,0
new_net,2010-05-01,.biz.my,0
new_net,2010-06-01,.biz.my,0
new_net,2010-07-01,.biz.my,0
new_net,2010-08-01,.biz.my,0
new_net,2010-09-01,.biz.my,0
new_net,2010-10-01,.biz.my,0
new_net,2010-11-01,.biz.my,0
new_net,2010-12-01,.biz.my,0
new_net,2011-01-01,.biz.my,0
new_net,2011-02-01,.biz.my,0
new_net,2011-03-01,.biz.my,0
new_net,2011-04-01,.biz.my,0
new_net,2011-05-01,.biz.my,0
new_net,2011-06-01,.biz.my,0
new_net,2011-07-01,.biz.my,0
new_net,2011-08-01,.biz.my,0
new_net,2011-09-01,.biz.my,0
new_net,2011-10-01,.biz.my,0
new_net,2011-11-01,.biz.my,0
new_net,2011-12-01,.biz.my,0
new_net,2012-01-01,.biz.my,0
new_net,2012-02-01,.biz.my,0
new_net,2012-03-01,.biz.my,0
new_net,2012-04-01,.biz.my,0
new_net,2012-05-01,.biz.my,0
new_net,2012-06-01,.biz.my,0
new_net,2012-07-01,.biz.my,0
new_net,2012-08-01,.biz.my,0
new_net,2012-09-01,.biz.my,0
new_net,2012-10-01,.biz.my,0
new_net,2012-11-01,.biz.my,0
new_net,2012-12-01,.biz.my,0
new_net,2013-01-01,.biz.my,0
new_net,2013-02-01,.biz.my,0
new_net,2013-03-01,.biz.my,0
new_net,2013-04-01,.biz.my,0
new_net,2013-05-01,.biz.my,0
new_net,2013-06-01,.biz.my,0
new_net,2013-07-01,.biz.my,0
new_net,2013-08-01,.biz.my,0
new_net,2013-09-01,.biz.my,0
new_net,2013-10-01,.biz.my,0
new_net,2013-11-01,.biz.my,0
new_net,2013-12-01,.biz.my,0
new_net,2014-01-01,.biz.my,0
new_net,2014-02-01,.biz.my,0
new_net,2014-03-01,.biz.my,0
new_net,2014-04-01,.biz.my,0
new_net,2014-05-01,.biz.my,0
new_net,2014-06-01,.biz.my,0
new_net,2014-07-01,.biz.my,0
new_net,2014-08-01,.biz.my,0
new_net,2014-09-01,.biz.my,0
new_net,2014-10-01,.biz.my,0
new_net,2014-11-01,.biz.my,0
new_net,2014-12-01,.biz.my,0
new_net,2015-01-01,.biz.my,0
new_net,2015-02-01,.biz.my,0
new_net,2015-03-01,.biz.my,0
new_net,2015-04-01,.biz.my,0
new_net,2015-05-01,.biz.my,0
new_net,2015-06-01,.biz.my,0
new_net,2015-07-01,.biz.my,0
new_net,2015-08-01,.biz.my,0
new_net,2015-09-01,.biz.my,0
new_net,2015-10-01,.biz.my,0
new_net,2015-11-01,.biz.my,0
new_net,2015-12-01,.biz.my,0
new_net,2016-01-01,.biz.my,0
new_net,2016-02-01,.biz.my,0
new_net,2016-03-01,.biz.my,0
new_net,2016-04-01,.biz.my,0
new_net,2016-05-01,.biz.my,0
new_net,2016-06-01,.biz.my,0
new_net,2016-07-01,.biz.my,0
new_net,2016-08-01,.biz.my,0
new_net,2016-09-01,.biz.my,0
new_net,2016-10-01,.biz.my,0
new_net,2016-11-01,.biz.my,0
new_net,2016-12-01,.biz.my,0
new_net,2017-01-01,.biz.my,0
new_net,2017-02-01,.biz.my,0
new_net,2017-03-01,.biz.my,0
new_net,2017-04-01,.biz.my,0
new_net,2017-05-01,.biz.my,0
new_net,2017-06-01,.biz.my,0
new_net,2017-07-01,.biz.my,0
new_net,2017-08-01,.biz.my,0
new_net,2017-09-01,.biz.my,0
new_net,2017-10-01,.biz.my,0
new_net,2017-11-01,.biz.my,0
new_net,2017-12-01,.biz.my,0
new_net,2018-01-01,.biz.my,0
new_net,2018-02-01,.biz.my,0
new_net,2018-03-01,.biz.my,0
new_net,2018-04-01,.biz.my,0
new_net,2018-05-01,.biz.my,0
new_net,2018-06-01,.biz.my,0
new_net,2018-07-01,.biz.my,0
new_net,2018-08-01,.biz.my,0
new_net,2018-09-01,.biz.my,0
new_net,2018-10-01,.biz.my,0
new_net,2018-11-01,.biz.my,0
new_net,2018-12-01,.biz.my,0
new_net,2019-01-01,.biz.my,0
new_net,2019-02-01,.biz.my,0
new_net,2019-03-01,.biz.my,0
new_net,2019-04-01,.biz.my,0
new_net,2019-05-01,.biz.my,0
new_net,2019-06-01,.biz.my,0
new_net,2019-07-01,.biz.my,0
new_net,2019-08-01,.biz.my,0
new_net,2019-09-01,.biz.my,0
new_net,2019-10-01,.biz.my,0
new_net,2019-11-01,.biz.my,0
new_net,2019-12-01,.biz.my,0
new_net,2020-01-01,.biz.my,0
new_net,2020-02-01,.biz.my,0
new_net,2020-03-01,.biz.my,0
new_net,2020-04-01,.biz.my,0
new_net,2020-05-01,.biz.my,0
new_net,2020-06-01,.biz.my,0
new_net,2020-07-01,.biz.my,0
new_net,2020-08-01,.biz.my,0
new_net,2020-09-01,.biz.my,278
new_net,2020-10-01,.biz.my,34
new_net,2020-11-01,.biz.my,8
new_net,2020-12-01,.biz.my,870
new_net,2021-01-01,.biz.my,1148
new_net,2021-02-01,.biz.my,1039
new_net,2021-03-01,.biz.my,261
new_net,2021-04-01,.biz.my,78
new_net,2021-05-01,.biz.my,56
new_net,2021-06-01,.biz.my,481
new_net,2021-07-01,.biz.my,306
new_net,2021-08-01,.biz.my,113
new_net,2021-09-01,.biz.my,97
new_net,2021-10-01,.biz.my,137
new_net,2021-11-01,.biz.my,279
new_net,2021-12-01,.biz.my,271
new_net,2022-01-01,.biz.my,100
new_net,2022-02-01,.biz.my,132
new_net,2022-03-01,.biz.my,170
new_net,2022-04-01,.biz.my,97
new_net,2022-05-01,.biz.my,35
new_net,2022-06-01,.biz.my,143
new_net,2022-07-01,.biz.my,100
new_net,2022-08-01,.biz.my,240
new_net,2022-09-01,.biz.my,-79
new_net,2022-10-01,.biz.my,176
new_net,2022-11-01,.biz.my,158
new_net,2022-12-01,.biz.my,297
new_net,2023-01-01,.biz.my,-56
new_net,2023-02-01,.biz.my,32
new_net,2023-03-01,.biz.my,112
new_net,2023-04-01,.biz.my,21
new_net,2023-05-01,.biz.my,-44
new_net,2023-06-01,.biz.my,105
new_net,2023-07-01,.biz.my,37
new_net,2023-08-01,.biz.my,96
new_net,2023-09-01,.biz.my,31
new_net,2023-10-01,.biz.my,25
new_net,2023-11-01,.biz.my,14
new_net,2023-12-01,.biz.my,18
new_net,2024-01-01,.biz.my,4
new_net,2024-02-01,.biz.my,0
new_net,2024-03-01,.biz.my,-3
new_net,2024-04-01,.biz.my,3
new_net,2024-05-01,.biz.my,5
new_net,2024-06-01,.biz.my,5
new_net,2024-07-01,.biz.my,-11
new_net,2024-08-01,.biz.my,-59
new_net,2024-09-01,.biz.my,-91
new_net,2024-10-01,.biz.my,-99
new_net,2024-11-01,.biz.my,-34
new_net,2024-12-01,.biz.my,-21
new_net,2025-01-01,.biz.my,-13
cumulative,2007-08-01,.net.my,1833
cumulative,2007-09-01,.net.my,1907
cumulative,2007-10-01,.net.my,1999
cumulative,2007-11-01,.net.my,2038
cumulative,2007-12-01,.net.my,2077
cumulative,2008-01-01,.net.my,2000
cumulative,2008-02-01,.net.my,2005
cumulative,2008-03-01,.net.my,2026
cumulative,2008-04-01,.net.my,2020
cumulative,2008-05-01,.net.my,2043
cumulative,2008-06-01,.net.my,2038
cumulative,2008-07-01,.net.my,2040
cumulative,2008-08-01,.net.my,2062
cumulative,2008-09-01,.net.my,2077
cumulative,2008-10-01,.net.my,2074
cumulative,2008-11-01,.net.my,2069
cumulative,2008-12-01,.net.my,2090
cumulative,2009-01-01,.net.my,2041
cumulative,2009-02-01,.net.my,1947
cumulative,2009-03-01,.net.my,1939
cumulative,2009-04-01,.net.my,1978
cumulative,2009-05-01,.net.my,1960
cumulative,2009-06-01,.net.my,1943
cumulative,2009-07-01,.net.my,1965
cumulative,2009-08-01,.net.my,1991
cumulative,2009-09-01,.net.my,1990
cumulative,2009-10-01,.net.my,2020
cumulative,2009-11-01,.net.my,2022
cumulative,2009-12-01,.net.my,2041
cumulative,2010-01-01,.net.my,2072
cumulative,2010-02-01,.net.my,2101
cumulative,2010-03-01,.net.my,2146
cumulative,2010-04-01,.net.my,2160
cumulative,2010-05-01,.net.my,2172
cumulative,2010-06-01,.net.my,2172
cumulative,2010-07-01,.net.my,2158
cumulative,2010-08-01,.net.my,2215
cumulative,2010-09-01,.net.my,2221
cumulative,2010-10-01,.net.my,2233
cumulative,2010-11-01,.net.my,2287
cumulative,2010-12-01,.net.my,2316
cumulative,2011-01-01,.net.my,2339
cumulative,2011-02-01,.net.my,2408
cumulative,2011-03-01,.net.my,2489
cumulative,2011-04-01,.net.my,2592
cumulative,2011-05-01,.net.my,2618
cumulative,2011-06-01,.net.my,2645
cumulative,2011-07-01,.net.my,2665
cumulative,2011-08-01,.net.my,2692
cumulative,2011-09-01,.net.my,2712
cumulative,2011-10-01,.net.my,2697
cumulative,2011-11-01,.net.my,2713
cumulative,2011-12-01,.net.my,2764
cumulative,2012-01-01,.net.my,2762
cumulative,2012-02-01,.net.my,2749
cumulative,2012-03-01,.net.my,2774
cumulative,2012-04-01,.net.my,2755
cumulative,2012-05-01,.net.my,2741
cumulative,2012-06-01,.net.my,2800
cumulative,2012-07-01,.net.my,2821
cumulative,2012-08-01,.net.my,2816
cumulative,2012-09-01,.net.my,2816
cumulative,2012-10-01,.net.my,2804
cumulative,2012-11-01,.net.my,2781
cumulative,2012-12-01,.net.my,2752
cumulative,2013-01-01,.net.my,2738
cumulative,2013-02-01,.net.my,2721
cumulative,2013-03-01,.net.my,2749
cumulative,2013-04-01,.net.my,2760
cumulative,2013-05-01,.net.my,2708
cumulative,2013-06-01,.net.my,2687
cumulative,2013-07-01,.net.my,2727
cumulative,2013-08-01,.net.my,2743
cumulative,2013-09-01,.net.my,2681
cumulative,2013-10-01,.net.my,2657
cumulative,2013-11-01,.net.my,2689
cumulative,2013-12-01,.net.my,2713
cumulative,2014-01-01,.net.my,2670
cumulative,2014-02-01,.net.my,2644
cumulative,2014-03-01,.net.my,2706
cumulative,2014-04-01,.net.my,2752
cumulative,2014-05-01,.net.my,2742
cumulative,2014-06-01,.net.my,2743
cumulative,2014-07-01,.net.my,2744
cumulative,2014-08-01,.net.my,2738
cumulative,2014-09-01,.net.my,2757
cumulative,2014-10-01,.net.my,2720
cumulative,2014-11-01,.net.my,2729
cumulative,2014-12-01,.net.my,2734
cumulative,2015-01-01,.net.my,2720
cumulative,2015-02-01,.net.my,2728
cumulative,2015-03-01,.net.my,2741
cumulative,2015-04-01,.net.my,2747
cumulative,2015-05-01,.net.my,2775
cumulative,2015-06-01,.net.my,2787
cumulative,2015-07-01,.net.my,2786
cumulative,2015-08-01,.net.my,2799
cumulative,2015-09-01,.net.my,2760
cumulative,2015-10-01,.net.my,2711
cumulative,2015-11-01,.net.my,2655
cumulative,2015-12-01,.net.my,2564
cumulative,2016-01-01,.net.my,2513
cumulative,2016-02-01,.net.my,2481
cumulative,2016-03-01,.net.my,2464
cumulative,2016-04-01,.net.my,2463
cumulative,2016-05-01,.net.my,2458
cumulative,2016-06-01,.net.my,2442
cumulative,2016-07-01,.net.my,2438
cumulative,2016-08-01,.net.my,2442
cumulative,2016-09-01,.net.my,2446
cumulative,2016-10-01,.net.my,2478
cumulative,2016-11-01,.net.my,2497
cumulative,2016-12-01,.net.my,2522
cumulative,2017-01-01,.net.my,2552
cumulative,2017-02-01,.net.my,2584
cumulative,2017-03-01,.net.my,2615
cumulative,2017-04-01,.net.my,2620
cumulative,2017-05-01,.net.my,2621
cumulative,2017-06-01,.net.my,2641
cumulative,2017-07-01,.net.my,2634
cumulative,2017-08-01,.net.my,2628
cumulative,2017-09-01,.net.my,2632
cumulative,2017-10-01,.net.my,2633
cumulative,2017-11-01,.net.my,2643
cumulative,2017-12-01,.net.my,2600
cumulative,2018-01-01,.net.my,2624
cumulative,2018-02-01,.net.my,2634
cumulative,2018-03-01,.net.my,2628
cumulative,2018-04-01,.net.my,2623
cumulative,2018-05-01,.net.my,2626
cumulative,2018-06-01,.net.my,2653
cumulative,2018-07-01,.net.my,2669
cumulative,2018-08-01,.net.my,2664
cumulative,2018-09-01,.net.my,2679
cumulative,2018-10-01,.net.my,2688
cumulative,2018-11-01,.net.my,2701
cumulative,2018-12-01,.net.my,2715
cumulative,2019-01-01,.net.my,2720
cumulative,2019-02-01,.net.my,2685
cumulative,2019-03-01,.net.my,2701
cumulative,2019-04-01,.net.my,2727
cumulative,2019-05-01,.net.my,2739
cumulative,2019-06-01,.net.my,2759
cumulative,2019-07-01,.net.my,2781
cumulative,2019-08-01,.net.my,2734
cumulative,2019-09-01,.net.my,2703
cumulative,2019-10-01,.net.my,2687
cumulative,2019-11-01,.net.my,2655
cumulative,2019-12-01,.net.my,2647
cumulative,2020-01-01,.net.my,2665
cumulative,2020-02-01,.net.my,2656
cumulative,2020-03-01,.net.my,2652
cumulative,2020-04-01,.net.my,2642
cumulative,2020-05-01,.net.my,2637
cumulative,2020-06-01,.net.my,2778
cumulative,2020-07-01,.net.my,2944
cumulative,2020-08-01,.net.my,2949
cumulative,2020-09-01,.net.my,2931
cumulative,2020-10-01,.net.my,2912
cumulative,2020-11-01,.net.my,2868
cumulative,2020-12-01,.net.my,2859
cumulative,2021-01-01,.net.my,2835
cumulative,2021-02-01,.net.my,2828
cumulative,2021-03-01,.net.my,2797
cumulative,2021-04-01,.net.my,2800
cumulative,2021-05-01,.net.my,2784
cumulative,2021-06-01,.net.my,2754
cumulative,2021-07-01,.net.my,2733
cumulative,2021-08-01,.net.my,2718
cumulative,2021-09-01,.net.my,2818
cumulative,2021-10-01,.net.my,2818
cumulative,2021-11-01,.net.my,2804
cumulative,2021-12-01,.net.my,2791
cumulative,2022-01-01,.net.my,2768
cumulative,2022-02-01,.net.my,2766
cumulative,2022-03-01,.net.my,2757
cumulative,2022-04-01,.net.my,2747
cumulative,2022-05-01,.net.my,2736
cumulative,2022-06-01,.net.my,2738
cumulative,2022-07-01,.net.my,2714
cumulative,2022-08-01,.net.my,2690
cumulative,2022-09-01,.net.my,2673
cumulative,2022-10-01,.net.my,2656
cumulative,2022-11-01,.net.my,2639
cumulative,2022-12-01,.net.my,2627
cumulative,2023-01-01,.net.my,2595
cumulative,2023-02-01,.net.my,2590
cumulative,2023-03-01,.net.my,2589
cumulative,2023-04-01,.net.my,2591
cumulative,2023-05-01,.net.my,2576
cumulative,2023-06-01,.net.my,2543
cumulative,2023-07-01,.net.my,2541
cumulative,2023-08-01,.net.my,2530
cumulative,2023-09-01,.net.my,2519
cumulative,2023-10-01,.net.my,2501
cumulative,2023-11-01,.net.my,2490
cumulative,2023-12-01,.net.my,2480
cumulative,2024-01-01,.net.my,2476
cumulative,2024-02-01,.net.my,2469
cumulative,2024-03-01,.net.my,2448
cumulative,2024-04-01,.net.my,2440
cumulative,2024-05-01,.net.my,2393
cumulative,2024-06-01,.net.my,2363
cumulative,2024-07-01,.net.my,2340
cumulative,2024-08-01,.net.my,2320
cumulative,2024-09-01,.net.my,2304
cumulative,2024-10-01,.net.my,2290
cumulative,2024-11-01,.net.my,2262
cumulative,2024-12-01,.net.my,2184
cumulative,2025-01-01,.net.my,2174
new_net,2007-09-01,.net.my,74
new_net,2007-10-01,.net.my,92
new_net,2007-11-01,.net.my,39
new_net,2007-12-01,.net.my,39
new_net,2008-01-01,.net.my,-77
new_net,2008-02-01,.net.my,5
new_net,2008-03-01,.net.my,21
new_net,2008-04-01,.net.my,-6
new_net,2008-05-01,.net.my,23
new_net,2008-06-01,.net.my,-5
new_net,2008-07-01,.net.my,2
new_net,2008-08-01,.net.my,22
new_net,2008-09-01,.net.my,15
new_net,2008-10-01,.net.my,-3
new_net,2008-11-01,.net.my,-5
new_net,2008-12-01,.net.my,21
new_net,2009-01-01,.net.my,-49
new_net,2009-02-01,.net.my,-94
new_net,2009-03-01,.net.my,-8
new_net,2009-04-01,.net.my,39
new_net,2009-05-01,.net.my,-18
new_net,2009-06-01,.net.my,-17
new_net,2009-07-01,.net.my,22
new_net,2009-08-01,.net.my,26
new_net,2009-09-01,.net.my,-1
new_net,2009-10-01,.net.my,30
new_net,2009-11-01,.net.my,2
new_net,2009-12-01,.net.my,19
new_net,2010-01-01,.net.my,31
new_net,2010-02-01,.net.my,29
new_net,2010-03-01,.net.my,45
new_net,2010-04-01,.net.my,14
new_net,2010-05-01,.net.my,12
new_net,2010-06-01,.net.my,0
new_net,2010-07-01,.net.my,-14
new_net,2010-08-01,.net.my,57
new_net,2010-09-01,.net.my,6
new_net,2010-10-01,.net.my,12
new_net,2010-11-01,.net.my,54
new_net,2010-12-01,.net.my,29
new_net,2011-01-01,.net.my,23
new_net,2011-02-01,.net.my,69
new_net,2011-03-01,.net.my,81
new_net,2011-04-01,.net.my,103
new_net,2011-05-01,.net.my,26
new_net,2011-06-01,.net.my,27
new_net,2011-07-01,.net.my,20
new_net,2011-08-01,.net.my,27
new_net,2011-09-01,.net.my,20
new_net,2011-10-01,.net.my,-15
new_net,2011-11-01,.net.my,16
new_net,2011-12-01,.net.my,51
new_net,2012-01-01,.net.my,-2
new_net,2012-02-01,.net.my,-13
new_net,2012-03-01,.net.my,25
new_net,2012-04-01,.net.my,-19
new_net,2012-05-01,.net.my,-14
new_net,2012-06-01,.net.my,59
new_net,2012-07-01,.net.my,21
new_net,2012-08-01,.net.my,-5
new_net,2012-09-01,.net.my,0
new_net,2012-10-01,.net.my,-12
new_net,2012-11-01,.net.my,-23
new_net,2012-12-01,.net.my,-29
new_net,2013-01-01,.net.my,-14
new_net,2013-02-01,.net.my,-17
new_net,2013-03-01,.net.my,28
new_net,2013-04-01,.net.my,11
new_net,2013-05-01,.net.my,-52
new_net,2013-06-01,.net.my,-21
new_net,2013-07-01,.net.my,40
new_net,2013-08-01,.net.my,16
new_net,2013-09-01,.net.my,-62
new_net,2013-10-01,.net.my,-24
new_net,2013-11-01,.net.my,32
new_net,2013-12-01,.net.my,24
new_net,2014-01-01,.net.my,-43
new_net,2014-02-01,.net.my,-26
new_net,2014-03-01,.net.my,62
new_net,2014-04-01,.net.my,46
new_net,2014-05-01,.net.my,-10
new_net,2014-06-01,.net.my,1
new_net,2014-07-01,.net.my,1
new_net,2014-08-01,.net.my,-6
new_net,2014-09-01,.net.my,19
new_net,2014-10-01,.net.my,-37
new_net,2014-11-01,.net.my,9
new_net,2014-12-01,.net.my,5
new_net,2015-01-01,.net.my,-14
new_net,2015-02-01,.net.my,8
new_net,2015-03-01,.net.my,13
new_net,2015-04-01,.net.my,6
new_net,2015-05-01,.net.my,28
new_net,2015-06-01,.net.my,12
new_net,2015-07-01,.net.my,-1
new_net,2015-08-01,.net.my,13
new_net,2015-09-01,.net.my,-39
new_net,2015-10-01,.net.my,-49
new_net,2015-11-01,.net.my,-56
new_net,2015-12-01,.net.my,-91
new_net,2016-01-01,.net.my,-51
new_net,2016-02-01,.net.my,-32
new_net,2016-03-01,.net.my,-17
new_net,2016-04-01,.net.my,-1
new_net,2016-05-01,.net.my,-5
new_net,2016-06-01,.net.my,-16
new_net,2016-07-01,.net.my,-4
new_net,2016-08-01,.net.my,4
new_net,2016-09-01,.net.my,4
new_net,2016-10-01,.net.my,32
new_net,2016-11-01,.net.my,19
new_net,2016-12-01,.net.my,25
new_net,2017-01-01,.net.my,30
new_net,2017-02-01,.net.my,32
new_net,2017-03-01,.net.my,31
new_net,2017-04-01,.net.my,5
new_net,2017-05-01,.net.my,1
new_net,2017-06-01,.net.my,20
new_net,2017-07-01,.net.my,-7
new_net,2017-08-01,.net.my,-6
new_net,2017-09-01,.net.my,4
new_net,2017-10-01,.net.my,1
new_net,2017-11-01,.net.my,10
new_net,2017-12-01,.net.my,-43
new_net,2018-01-01,.net.my,24
new_net,2018-02-01,.net.my,10
new_net,2018-03-01,.net.my,-6
new_net,2018-04-01,.net.my,-5
new_net,2018-05-01,.net.my,3
new_net,2018-06-01,.net.my,27
new_net,2018-07-01,.net.my,16
new_net,2018-08-01,.net.my,-5
new_net,2018-09-01,.net.my,15
new_net,2018-10-01,.net.my,9
new_net,2018-11-01,.net.my,13
new_net,2018-12-01,.net.my,14
new_net,2019-01-01,.net.my,5
new_net,2019-02-01,.net.my,-35
new_net,2019-03-01,.net.my,16
new_net,2019-04-01,.net.my,26
new_net,2019-05-01,.net.my,12
new_net,2019-06-01,.net.my,20
new_net,2019-07-01,.net.my,22
new_net,2019-08-01,.net.my,-47
new_net,2019-09-01,.net.my,-31
new_net,2019-10-01,.net.my,-16
new_net,2019-11-01,.net.my,-32
new_net,2019-12-01,.net.my,-8
new_net,2020-01-01,.net.my,18
new_net,2020-02-01,.net.my,-9
new_net,2020-03-01,.net.my,-4
new_net,2020-04-01,.net.my,-10
new_net,2020-05-01,.net.my,-5
new_net,2020-06-01,.net.my,141
new_net,2020-07-01,.net.my,166
new_net,2020-08-01,.net.my,5
new_net,2020-09-01,.net.my,-18
new_net,2020-10-01,.net.my,-19
new_net,2020-11-01,.net.my,-44
new_net,2020-12-01,.net.my,-9
new_net,2021-01-01,.net.my,-24
new_net,2021-02-01,.net.my,-7
new_net,2021-03-01,.net.my,-31
new_net,2021-04-01,.net.my,3
new_net,2021-05-01,.net.my,-16
new_net,2021-06-01,.net.my,-30
new_net,2021-07-01,.net.my,-21
new_net,2021-08-01,.net.my,-15
new_net,2021-09-01,.net.my,100
new_net,2021-10-01,.net.my,0
new_net,2021-11-01,.net.my,-14
new_net,2021-12-01,.net.my,-13
new_net,2022-01-01,.net.my,-23
new_net,2022-02-01,.net.my,-2
new_net,2022-03-01,.net.my,-9
new_net,2022-04-01,.net.my,-10
new_net,2022-05-01,.net.my,-11
new_net,2022-06-01,.net.my,2
new_net,2022-07-01,.net.my,-24
new_net,2022-08-01,.net.my,-24
new_net,2022-09-01,.net.my,-17
new_net,2022-10-01,.net.my,-17
new_net,2022-11-01,.net.my,-17
new_net,2022-12-01,.net.my,-12
new_net,2023-01-01,.net.my,-32
new_net,2023-02-01,.net.my,-5
new_net,2023-03-01,.net.my,-1
new_net,2023-04-01,.net.my,2
new_net,2023-05-01,.net.my,-15
new_net,2023-06-01,.net.my,-33
new_net,2023-07-01,.net.my,-2
new_net,2023-08-01,.net.my,-11
new_net,2023-09-01,.net.my,-11
new_net,2023-10-01,.net.my,-18
new_net,2023-11-01,.net.my,-11
new_net,2023-12-01,.net.my,-10
new_net,2024-01-01,.net.my,-4
new_net,2024-02-01,.net.my,-7
new_net,2024-03-01,.net.my,-21
new_net,2024-04-01,.net.my,-8
new_net,2024-05-01,.net.my,-47
new_net,2024-06-01,.net.my,-30
new_net,2024-07-01,.net.my,-23
new_net,2024-08-01,.net.my,-20
new_net,2024-09-01,.net.my,-16
new_net,2024-10-01,.net.my,-14
new_net,2024-11-01,.net.my,-28
new_net,2024-12-01,.net.my,-78
new_net,2025-01-01,.net.my,-10
cumulative,2007-08-01,.org.my,1673
cumulative,2007-09-01,.org.my,1732
cumulative,2007-10-01,.org.my,1831
cumulative,2007-11-01,.org.my,1852
cumulative,2007-12-01,.org.my,1878
cumulative,2008-01-01,.org.my,1811
cumulative,2008-02-01,.org.my,1810
cumulative,2008-03-01,.org.my,1822
cumulative,2008-04-01,.org.my,1823
cumulative,2008-05-01,.org.my,1863
cumulative,2008-06-01,.org.my,1877
cumulative,2008-07-01,.org.my,1886
cumulative,2008-08-01,.org.my,1911
cumulative,2008-09-01,.org.my,1939
cumulative,2008-10-01,.org.my,1946
cumulative,2008-11-01,.org.my,1943
cumulative,2008-12-01,.org.my,1970
cumulative,2009-01-01,.org.my,1933
cumulative,2009-02-01,.org.my,1906
cumulative,2009-03-01,.org.my,1924
cumulative,2009-04-01,.org.my,1953
cumulative,2009-05-01,.org.my,1956
cumulative,2009-06-01,.org.my,1977
cumulative,2009-07-01,.org.my,1988
cumulative,2009-08-01,.org.my,2009
cumulative,2009-09-01,.org.my,2037
cumulative,2009-10-01,.org.my,2067
cumulative,2009-11-01,.org.my,2079
cumulative,2009-12-01,.org.my,2102
cumulative,2010-01-01,.org.my,2119
cumulative,2010-02-01,.org.my,2148
cumulative,2010-03-01,.org.my,2196
cumulative,2010-04-01,.org.my,2228
cumulative,2010-05-01,.org.my,2233
cumulative,2010-06-01,.org.my,2242
cumulative,2010-07-01,.org.my,2232
cumulative,2010-08-01,.org.my,2261
cumulative,2010-09-01,.org.my,2280
cumulative,2010-10-01,.org.my,2279
cumulative,2010-11-01,.org.my,2315
cumulative,2010-12-01,.org.my,2313
cumulative,2011-01-01,.org.my,2336
cumulative,2011-02-01,.org.my,2393
cumulative,2011-03-01,.org.my,2438
cumulative,2011-04-01,.org.my,2460
cumulative,2011-05-01,.org.my,2470
cumulative,2011-06-01,.org.my,2492
cumulative,2011-07-01,.org.my,2528
cumulative,2011-08-01,.org.my,2581
cumulative,2011-09-01,.org.my,2593
cumulative,2011-10-01,.org.my,2600
cumulative,2011-11-01,.org.my,2601
cumulative,2011-12-01,.org.my,2613
cumulative,2012-01-01,.org.my,2632
cumulative,2012-02-01,.org.my,2646
cumulative,2012-03-01,.org.my,2710
cumulative,2012-04-01,.org.my,2703
cumulative,2012-05-01,.org.my,2726
cumulative,2012-06-01,.org.my,2781
cumulative,2012-07-01,.org.my,2788
cumulative,2012-08-01,.org.my,2789
cumulative,2012-09-01,.org.my,2797
cumulative,2012-10-01,.org.my,2789
cumulative,2012-11-01,.org.my,2763
cumulative,2012-12-01,.org.my,2765
cumulative,2013-01-01,.org.my,2765
cumulative,2013-02-01,.org.my,2782
cumulative,2013-03-01,.org.my,2814
cumulative,2013-04-01,.org.my,2838
cumulative,2013-05-01,.org.my,2808
cumulative,2013-06-01,.org.my,2787
cumulative,2013-07-01,.org.my,2832
cumulative,2013-08-01,.org.my,2851
cumulative,2013-09-01,.org.my,2808
cumulative,2013-10-01,.org.my,2808
cumulative,2013-11-01,.org.my,2831
cumulative,2013-12-01,.org.my,2980
cumulative,2014-01-01,.org.my,3126
cumulative,2014-02-01,.org.my,3224
cumulative,2014-03-01,.org.my,3331
cumulative,2014-04-01,.org.my,3455
cumulative,2014-05-01,.org.my,3588
cumulative,2014-06-01,.org.my,3651
cumulative,2014-07-01,.org.my,3679
cumulative,2014-08-01,.org.my,3765
cumulative,2014-09-01,.org.my,3813
cumulative,2014-10-01,.org.my,3854
cumulative,2014-11-01,.org.my,3952
cumulative,2014-12-01,.org.my,4024
cumulative,2015-01-01,.org.my,4039
cumulative,2015-02-01,.org.my,4027
cumulative,2015-03-01,.org.my,4070
cumulative,2015-04-01,.org.my,4080
cumulative,2015-05-01,.org.my,4112
cumulative,2015-06-01,.org.my,4138
cumulative,2015-07-01,.org.my,4154
cumulative,2015-08-01,.org.my,4147
cumulative,2015-09-01,.org.my,4089
cumulative,2015-10-01,.org.my,4083
cumulative,2015-11-01,.org.my,4027
cumulative,2015-12-01,.org.my,3979
cumulative,2016-01-01,.org.my,3963
cumulative,2016-02-01,.org.my,3934
cumulative,2016-03-01,.org.my,3911
cumulative,2016-04-01,.org.my,3912
cumulative,2016-05-01,.org.my,3920
cumulative,2016-06-01,.org.my,3923
cumulative,2016-07-01,.org.my,3924
cumulative,2016-08-01,.org.my,3934
cumulative,2016-09-01,.org.my,3952
cumulative,2016-10-01,.org.my,3462
cumulative,2016-11-01,.org.my,3504
cumulative,2016-12-01,.org.my,3534
cumulative,2017-01-01,.org.my,3577
cumulative,2017-02-01,.org.my,3608
cumulative,2017-03-01,.org.my,3654
cumulative,2017-04-01,.org.my,3658
cumulative,2017-05-01,.org.my,3674
cumulative,2017-06-01,.org.my,3707
cumulative,2017-07-01,.org.my,3721
cumulative,2017-08-01,.org.my,3699
cumulative,2017-09-01,.org.my,3708
cumulative,2017-10-01,.org.my,3717
cumulative,2017-11-01,.org.my,3742
cumulative,2017-12-01,.org.my,3703
cumulative,2018-01-01,.org.my,3724
cumulative,2018-02-01,.org.my,3756
cumulative,2018-03-01,.org.my,3759
cumulative,2018-04-01,.org.my,3765
cumulative,2018-05-01,.org.my,3800
cumulative,2018-06-01,.org.my,3841
cumulative,2018-07-01,.org.my,3886
cumulative,2018-08-01,.org.my,3889
cumulative,2018-09-01,.org.my,3897
cumulative,2018-10-01,.org.my,3917
cumulative,2018-11-01,.org.my,3936
cumulative,2018-12-01,.org.my,3943
cumulative,2019-01-01,.org.my,3947
cumulative,2019-02-01,.org.my,3937
cumulative,2019-03-01,.org.my,3976
cumulative,2019-04-01,.org.my,4012
cumulative,2019-05-01,.org.my,4030
cumulative,2019-06-01,.org.my,4060
cumulative,2019-07-01,.org.my,4082
cumulative,2019-08-01,.org.my,4041
cumulative,2019-09-01,.org.my,4031
cumulative,2019-10-01,.org.my,4020
cumulative,2019-11-01,.org.my,3993
cumulative,2019-12-01,.org.my,3997
cumulative,2020-01-01,.org.my,4024
cumulative,2020-02-01,.org.my,4019
cumulative,2020-03-01,.org.my,4010
cumulative,2020-04-01,.org.my,4011
cumulative,2020-05-01,.org.my,3994
cumulative,2020-06-01,.org.my,4104
cumulative,2020-07-01,.org.my,4205
cumulative,2020-08-01,.org.my,4216
cumulative,2020-09-01,.org.my,4218
cumulative,2020-10-01,.org.my,4202
cumulative,2020-11-01,.org.my,4163
cumulative,2020-12-01,.org.my,4165
cumulative,2021-01-01,.org.my,4143
cumulative,2021-02-01,.org.my,4135
cumulative,2021-03-01,.org.my,4142
cumulative,2021-04-01,.org.my,4137
cumulative,2021-05-01,.org.my,4128
cumulative,2021-06-01,.org.my,4123
cumulative,2021-07-01,.org.my,4119
cumulative,2021-08-01,.org.my,4121
cumulative,2021-09-01,.org.my,4127
cumulative,2021-10-01,.org.my,4131
cumulative,2021-11-01,.org.my,4113
cumulative,2021-12-01,.org.my,4103
cumulative,2022-01-01,.org.my,4098
cumulative,2022-02-01,.org.my,4096
cumulative,2022-03-01,.org.my,4110
cumulative,2022-04-01,.org.my,4105
cumulative,2022-05-01,.org.my,4099
cumulative,2022-06-01,.org.my,4124
cumulative,2022-07-01,.org.my,4126
cumulative,2022-08-01,.org.my,4079
cumulative,2022-09-01,.org.my,4058
cumulative,2022-10-01,.org.my,4063
cumulative,2022-11-01,.org.my,4055
cumulative,2022-12-01,.org.my,4060
cumulative,2023-01-01,.org.my,4047
cumulative,2023-02-01,.org.my,4064
cumulative,2023-03-01,.org.my,4076
cumulative,2023-04-01,.org.my,4091
cumulative,2023-05-01,.org.my,4076
cumulative,2023-06-01,.org.my,4068
cumulative,2023-07-01,.org.my,4070
cumulative,2023-08-01,.org.my,4074
cumulative,2023-09-01,.org.my,4069
cumulative,2023-10-01,.org.my,4057
cumulative,2023-11-01,.org.my,4052
cumulative,2023-12-01,.org.my,4047
cumulative,2024-01-01,.org.my,4052
cumulative,2024-02-01,.org.my,4038
cumulative,2024-03-01,.org.my,4027
cumulative,2024-04-01,.org.my,4017
cumulative,2024-05-01,.org.my,3991
cumulative,2024-06-01,.org.my,3960
cumulative,2024-07-01,.org.my,3947
cumulative,2024-08-01,.org.my,3934
cumulative,2024-09-01,.org.my,3930
cumulative,2024-10-01,.org.my,3886
cumulative,2024-11-01,.org.my,3849
cumulative,2024-12-01,.org.my,3831
cumulative,2025-01-01,.org.my,3823
new_net,2007-09-01,.org.my,59
new_net,2007-10-01,.org.my,99
new_net,2007-11-01,.org.my,21
new_net,2007-12-01,.org.my,26
new_net,2008-01-01,.org.my,-67
new_net,2008-02-01,.org.my,-1
new_net,2008-03-01,.org.my,12
new_net,2008-04-01,.org.my,1
new_net,2008-05-01,.org.my,40
new_net,2008-06-01,.org.my,14
new_net,2008-07-01,.org.my,9
new_net,2008-08-01,.org.my,25
new_net,2008-09-01,.org.my,28
new_net,2008-10-01,.org.my,7
new_net,2008-11-01,.org.my,-3
new_net,2008-12-01,.org.my,27
new_net,2009-01-01,.org.my,-37
new_net,2009-02-01,.org.my,-27
new_net,2009-03-01,.org.my,18
new_net,2009-04-01,.org.my,29
new_net,2009-05-01,.org.my,3
new_net,2009-06-01,.org.my,21
new_net,2009-07-01,.org.my,11
new_net,2009-08-01,.org.my,21
new_net,2009-09-01,.org.my,28
new_net,2009-10-01,.org.my,30
new_net,2009-11-01,.org.my,12
new_net,2009-12-01,.org.my,23
new_net,2010-01-01,.org.my,17
new_net,2010-02-01,.org.my,29
new_net,2010-03-01,.org.my,48
new_net,2010-04-01,.org.my,32
new_net,2010-05-01,.org.my,5
new_net,2010-06-01,.org.my,9
new_net,2010-07-01,.org.my,-10
new_net,2010-08-01,.org.my,29
new_net,2010-09-01,.org.my,19
new_net,2010-10-01,.org.my,-1
new_net,2010-11-01,.org.my,36
new_net,2010-12-01,.org.my,-2
new_net,2011-01-01,.org.my,23
new_net,2011-02-01,.org.my,57
new_net,2011-03-01,.org.my,45
new_net,2011-04-01,.org.my,22
new_net,2011-05-01,.org.my,10
new_net,2011-06-01,.org.my,22
new_net,2011-07-01,.org.my,36
new_net,2011-08-01,.org.my,53
new_net,2011-09-01,.org.my,12
new_net,2011-10-01,.org.my,7
new_net,2011-11-01,.org.my,1
new_net,2011-12-01,.org.my,12
new_net,2012-01-01,.org.my,19
new_net,2012-02-01,.org.my,14
new_net,2012-03-01,.org.my,64
new_net,2012-04-01,.org.my,-7
new_net,2012-05-01,.org.my,23
new_net,2012-06-01,.org.my,55
new_net,2012-07-01,.org.my,7
new_net,2012-08-01,.org.my,1
new_net,2012-09-01,.org.my,8
new_net,2012-10-01,.org.my,-8
new_net,2012-11-01,.org.my,-26
new_net,2012-12-01,.org.my,2
new_net,2013-01-01,.org.my,0
new_net,2013-02-01,.org.my,17
new_net,2013-03-01,.org.my,32
new_net,2013-04-01,.org.my,24
new_net,2013-05-01,.org.my,-30
new_net,2013-06-01,.org.my,-21
new_net,2013-07-01,.org.my,45
new_net,2013-08-01,.org.my,19
new_net,2013-09-01,.org.my,-43
new_net,2013-10-01,.org.my,0
new_net,2013-11-01,.org.my,23
new_net,2013-12-01,.org.my,149
new_net,2014-01-01,.org.my,146
new_net,2014-02-01,.org.my,98
new_net,2014-03-01,.org.my,107
new_net,2014-04-01,.org.my,124
new_net,2014-05-01,.org.my,133
new_net,2014-06-01,.org.my,63
new_net,2014-07-01,.org.my,28
new_net,2014-08-01,.org.my,86
new_net,2014-09-01,.org.my,48
new_net,2014-10-01,.org.my,41
new_net,2014-11-01,.org.my,98
new_net,2014-12-01,.org.my,72
new_net,2015-01-01,.org.my,15
new_net,2015-02-01,.org.my,-12
new_net,2015-03-01,.org.my,43
new_net,2015-04-01,.org.my,10
new_net,2015-05-01,.org.my,32
new_net,2015-06-01,.org.my,26
new_net,2015-07-01,.org.my,16
new_net,2015-08-01,.org.my,-7
new_net,2015-09-01,.org.my,-58
new_net,2015-10-01,.org.my,-6
new_net,2015-11-01,.org.my,-56
new_net,2015-12-01,.org.my,-48
new_net,2016-01-01,.org.my,-16
new_net,2016-02-01,.org.my,-29
new_net,2016-03-01,.org.my,-23
new_net,2016-04-01,.org.my,1
new_net,2016-05-01,.org.my,8
new_net,2016-06-01,.org.my,3
new_net,2016-07-01,.org.my,1
new_net,2016-08-01,.org.my,10
new_net,2016-09-01,.org.my,18
new_net,2016-10-01,.org.my,-490
new_net,2016-11-01,.org.my,42
new_net,2016-12-01,.org.my,30
new_net,2017-01-01,.org.my,43
new_net,2017-02-01,.org.my,31
new_net,2017-03-01,.org.my,46
new_net,2017-04-01,.org.my,4
new_net,2017-05-01,.org.my,16
new_net,2017-06-01,.org.my,33
new_net,2017-07-01,.org.my,14
new_net,2017-08-01,.org.my,-22
new_net,2017-09-01,.org.my,9
new_net,2017-10-01,.org.my,9
new_net,2017-11-01,.org.my,25
new_net,2017-12-01,.org.my,-39
new_net,2018-01-01,.org.my,21
new_net,2018-02-01,.org.my,32
new_net,2018-03-01,.org.my,3
new_net,2018-04-01,.org.my,6
new_net,2018-05-01,.org.my,35
new_net,2018-06-01,.org.my,41
new_net,2018-07-01,.org.my,45
new_net,2018-08-01,.org.my,3
new_net,2018-09-01,.org.my,8
new_net,2018-10-01,.org.my,20
new_net,2018-11-01,.org.my,19
new_net,2018-12-01,.org.my,7
new_net,2019-01-01,.org.my,4
new_net,2019-02-01,.org.my,-10
new_net,2019-03-01,.org.my,39
new_net,2019-04-01,.org.my,36
new_net,2019-05-01,.org.my,18
new_net,2019-06-01,.org.my,30
new_net,2019-07-01,.org.my,22
new_net,2019-08-01,.org.my,-41
new_net,2019-09-01,.org.my,-10
new_net,2019-10-01,.org.my,-11
new_net,2019-11-01,.org.my,-27
new_net,2019-12-01,.org.my,4
new_net,2020-01-01,.org.my,27
new_net,2020-02-01,.org.my,-5
new_net,2020-03-01,.org.my,-9
new_net,2020-04-01,.org.my,1
new_net,2020-05-01,.org.my,-17
new_net,2020-06-01,.org.my,110
new_net,2020-07-01,.org.my,101
new_net,2020-08-01,.org.my,11
new_net,2020-09-01,.org.my,2
new_net,2020-10-01,.org.my,-16
new_net,2020-11-01,.org.my,-39
new_net,2020-12-01,.org.my,2
new_net,2021-01-01,.org.my,-22
new_net,2021-02-01,.org.my,-8
new_net,2021-03-01,.org.my,7
new_net,2021-04-01,.org.my,-5
new_net,2021-05-01,.org.my,-9
new_net,2021-06-01,.org.my,-5
new_net,2021-07-01,.org.my,-4
new_net,2021-08-01,.org.my,2
new_net,2021-09-01,.org.my,6
new_net,2021-10-01,.org.my,4
new_net,2021-11-01,.org.my,-18
new_net,2021-12-01,.org.my,-10
new_net,2022-01-01,.org.my,-5
new_net,2022-02-01,.org.my,-2
new_net,2022-03-01,.org.my,14
new_net,2022-04-01,.org.my,-5
new_net,2022-05-01,.org.my,-6
new_net,2022-06-01,.org.my,25
new_net,2022-07-01,.org.my,2
new_net,2022-08-01,.org.my,-47
new_net,2022-09-01,.org.my,-21
new_net,2022-10-01,.org.my,5
new_net,2022-11-01,.org.my,-8
new_net,2022-12-01,.org.my,5
new_net,2023-01-01,.org.my,-13
new_net,2023-02-01,.org.my,17
new_net,2023-03-01,.org.my,12
new_net,2023-04-01,.org.my,15
new_net,2023-05-01,.org.my,-15
new_net,2023-06-01,.org.my,-8
new_net,2023-07-01,.org.my,2
new_net,2023-08-01,.org.my,4
new_net,2023-09-01,.org.my,-5
new_net,2023-10-01,.org.my,-12
new_net,2023-11-01,.org.my,-5
new_net,2023-12-01,.org.my,-5
new_net,2024-01-01,.org.my,5
new_net,2024-02-01,.org.my,-14
new_net,2024-03-01,.org.my,-11
new_net,2024-04-01,.org.my,-10
new_net,2024-05-01,.org.my,-26
new_net,2024-06-01,.org.my,-31
new_net,2024-07-01,.org.my,-13
new_net,2024-08-01,.org.my,-13
new_net,2024-09-01,.org.my,-4
new_net,2024-10-01,.org.my,-44
new_net,2024-11-01,.org.my,-37
new_net,2024-12-01,.org.my,-18
new_net,2025-01-01,.org.my,-8
cumulative,2007-08-01,.gov.my,892
cumulative,2007-09-01,.gov.my,910
cumulative,2007-10-01,.gov.my,924
cumulative,2007-11-01,.gov.my,942
cumulative,2007-12-01,.gov.my,953
cumulative,2008-01-01,.gov.my,964
cumulative,2008-02-01,.gov.my,972
cumulative,2008-03-01,.gov.my,981
cumulative,2008-04-01,.gov.my,997
cumulative,2008-05-01,.gov.my,1005
cumulative,2008-06-01,.gov.my,1027
cumulative,2008-07-01,.gov.my,1047
cumulative,2008-08-01,.gov.my,1058
cumulative,2008-09-01,.gov.my,1071
cumulative,2008-10-01,.gov.my,1079
cumulative,2008-11-01,.gov.my,1087
cumulative,2008-12-01,.gov.my,1099
cumulative,2009-01-01,.gov.my,1102
cumulative,2009-02-01,.gov.my,1112
cumulative,2009-03-01,.gov.my,1118
cumulative,2009-04-01,.gov.my,1127
cumulative,2009-05-01,.gov.my,1140
cumulative,2009-06-01,.gov.my,1153
cumulative,2009-07-01,.gov.my,1188
cumulative,2009-08-01,.gov.my,1199
cumulative,2009-09-01,.gov.my,1206
cumulative,2009-10-01,.gov.my,1209
cumulative,2009-11-01,.gov.my,1217
cumulative,2009-12-01,.gov.my,1227
cumulative,2010-01-01,.gov.my,1237
cumulative,2010-02-01,.gov.my,1243
cumulative,2010-03-01,.gov.my,1256
cumulative,2010-04-01,.gov.my,1260
cumulative,2010-05-01,.gov.my,1263
cumulative,2010-06-01,.gov.my,1270
cumulative,2010-07-01,.gov.my,1277
cumulative,2010-08-01,.gov.my,1275
cumulative,2010-09-01,.gov.my,1278
cumulative,2010-10-01,.gov.my,1285
cumulative,2010-11-01,.gov.my,1293
cumulative,2010-12-01,.gov.my,1031
cumulative,2011-01-01,.gov.my,1039
cumulative,2011-02-01,.gov.my,1065
cumulative,2011-03-01,.gov.my,1076
cumulative,2011-04-01,.gov.my,1083
cumulative,2011-05-01,.gov.my,1091
cumulative,2011-06-01,.gov.my,1090
cumulative,2011-07-01,.gov.my,1099
cumulative,2011-08-01,.gov.my,1103
cumulative,2011-09-01,.gov.my,1107
cumulative,2011-10-01,.gov.my,1112
cumulative,2011-11-01,.gov.my,1079
cumulative,2011-12-01,.gov.my,1087
cumulative,2012-01-01,.gov.my,1092
cumulative,2012-02-01,.gov.my,1103
cumulative,2012-03-01,.gov.my,1109
cumulative,2012-04-01,.gov.my,1114
cumulative,2012-05-01,.gov.my,1120
cumulative,2012-06-01,.gov.my,1127
cumulative,2012-07-01,.gov.my,1131
cumulative,2012-08-01,.gov.my,1137
cumulative,2012-09-01,.gov.my,1141
cumulative,2012-10-01,.gov.my,1145
cumulative,2012-11-01,.gov.my,1153
cumulative,2012-12-01,.gov.my,1158
cumulative,2013-01-01,.gov.my,1163
cumulative,2013-02-01,.gov.my,1166
cumulative,2013-03-01,.gov.my,1172
cumulative,2013-04-01,.gov.my,1049
cumulative,2013-05-01,.gov.my,1057
cumulative,2013-06-01,.gov.my,1065
cumulative,2013-07-01,.gov.my,1075
cumulative,2013-08-01,.gov.my,1077
cumulative,2013-09-01,.gov.my,1080
cumulative,2013-10-01,.gov.my,1090
cumulative,2013-11-01,.gov.my,1091
cumulative,2013-12-01,.gov.my,1102
cumulative,2014-01-01,.gov.my,1106
cumulative,2014-02-01,.gov.my,1112
cumulative,2014-03-01,.gov.my,1117
cumulative,2014-04-01,.gov.my,1125
cumulative,2014-05-01,.gov.my,1122
cumulative,2014-06-01,.gov.my,1126
cumulative,2014-07-01,.gov.my,1132
cumulative,2014-08-01,.gov.my,1134
cumulative,2014-09-01,.gov.my,1140
cumulative,2014-10-01,.gov.my,1054
cumulative,2014-11-01,.gov.my,1060
cumulative,2014-12-01,.gov.my,1062
cumulative,2015-01-01,.gov.my,1069
cumulative,2015-02-01,.gov.my,1073
cumulative,2015-03-01,.gov.my,1081
cumulative,2015-04-01,.gov.my,1085
cumulative,2015-05-01,.gov.my,1089
cumulative,2015-06-01,.gov.my,1097
cumulative,2015-07-01,.gov.my,1102
cumulative,2015-08-01,.gov.my,1108
cumulative,2015-09-01,.gov.my,1071
cumulative,2015-10-01,.gov.my,1076
cumulative,2015-11-01,.gov.my,1081
cumulative,2015-12-01,.gov.my,1082
cumulative,2016-01-01,.gov.my,1083
cumulative,2016-02-01,.gov.my,1086
cumulative,2016-03-01,.gov.my,1088
cumulative,2016-04-01,.gov.my,1089
cumulative,2016-05-01,.gov.my,1056
cumulative,2016-06-01,.gov.my,1057
cumulative,2016-07-01,.gov.my,1060
cumulative,2016-08-01,.gov.my,1064
cumulative,2016-09-01,.gov.my,1069
cumulative,2016-10-01,.gov.my,1074
cumulative,2016-11-01,.gov.my,1083
cumulative,2016-12-01,.gov.my,1045
cumulative,2017-01-01,.gov.my,1051
cumulative,2017-02-01,.gov.my,1056
cumulative,2017-03-01,.gov.my,1058
cumulative,2017-04-01,.gov.my,1057
cumulative,2017-05-01,.gov.my,1060
cumulative,2017-06-01,.gov.my,1062
cumulative,2017-07-01,.gov.my,1063
cumulative,2017-08-01,.gov.my,1067
cumulative,2017-09-01,.gov.my,1070
cumulative,2017-10-01,.gov.my,1076
cumulative,2017-11-01,.gov.my,1081
cumulative,2017-12-01,.gov.my,1089
cumulative,2018-01-01,.gov.my,1096
cumulative,2018-02-01,.gov.my,1099
cumulative,2018-03-01,.gov.my,1101
cumulative,2018-04-01,.gov.my,1109
cumulative,2018-05-01,.gov.my,1110
cumulative,2018-06-01,.gov.my,1111
cumulative,2018-07-01,.gov.my,1129
cumulative,2018-08-01,.gov.my,1134
cumulative,2018-09-01,.gov.my,1139
cumulative,2018-10-01,.gov.my,1142
cumulative,2018-11-01,.gov.my,1147
cumulative,2018-12-01,.gov.my,1148
cumulative,2019-01-01,.gov.my,1152
cumulative,2019-02-01,.gov.my,1153
cumulative,2019-03-01,.gov.my,1157
cumulative,2019-04-01,.gov.my,1156
cumulative,2019-05-01,.gov.my,1159
cumulative,2019-06-01,.gov.my,1161
cumulative,2019-07-01,.gov.my,1164
cumulative,2019-08-01,.gov.my,1167
cumulative,2019-09-01,.gov.my,1169
cumulative,2019-10-01,.gov.my,1171
cumulative,2019-11-01,.gov.my,1172
cumulative,2019-12-01,.gov.my,1178
cumulative,2020-01-01,.gov.my,1183
cumulative,2020-02-01,.gov.my,1082
cumulative,2020-03-01,.gov.my,1083
cumulative,2020-04-01,.gov.my,1087
cumulative,2020-05-01,.gov.my,1090
cumulative,2020-06-01,.gov.my,1090
cumulative,2020-07-01,.gov.my,1097
cumulative,2020-08-01,.gov.my,1099
cumulative,2020-09-01,.gov.my,1105
cumulative,2020-10-01,.gov.my,1108
cumulative,2020-11-01,.gov.my,1117
cumulative,2020-12-01,.gov.my,1121
cumulative,2021-01-01,.gov.my,1121
cumulative,2021-02-01,.gov.my,1127
cumulative,2021-03-01,.gov.my,1137
cumulative,2021-04-01,.gov.my,1141
cumulative,2021-05-01,.gov.my,1146
cumulative,2021-06-01,.gov.my,1151
cumulative,2021-07-01,.gov.my,1157
cumulative,2021-08-01,.gov.my,1156
cumulative,2021-09-01,.gov.my,1158
cumulative,2021-10-01,.gov.my,1162
cumulative,2021-11-01,.gov.my,1167
cumulative,2021-12-01,.gov.my,1169
cumulative,2022-01-01,.gov.my,1172
cumulative,2022-02-01,.gov.my,1177
cumulative,2022-03-01,.gov.my,1179
cumulative,2022-04-01,.gov.my,1181
cumulative,2022-05-01,.gov.my,1184
cumulative,2022-06-01,.gov.my,1188
cumulative,2022-07-01,.gov.my,1193
cumulative,2022-08-01,.gov.my,1197
cumulative,2022-09-01,.gov.my,1203
cumulative,2022-10-01,.gov.my,1209
cumulative,2022-11-01,.gov.my,1218
cumulative,2022-12-01,.gov.my,1226
cumulative,2023-01-01,.gov.my,1234
cumulative,2023-02-01,.gov.my,1239
cumulative,2023-03-01,.gov.my,1244
cumulative,2023-04-01,.gov.my,1246
cumulative,2023-05-01,.gov.my,1250
cumulative,2023-06-01,.gov.my,1253
cumulative,2023-07-01,.gov.my,1001
cumulative,2023-08-01,.gov.my,1003
cumulative,2023-09-01,.gov.my,1000
cumulative,2023-10-01,.gov.my,997
cumulative,2023-11-01,.gov.my,995
cumulative,2023-12-01,.gov.my,1001
cumulative,2024-01-01,.gov.my,1006
cumulative,2024-02-01,.gov.my,1014
cumulative,2024-03-01,.gov.my,1017
cumulative,2024-04-01,.gov.my,1017
cumulative,2024-05-01,.gov.my,1024
cumulative,2024-06-01,.gov.my,1026
cumulative,2024-07-01,.gov.my,1027
cumulative,2024-08-01,.gov.my,1031
cumulative,2024-09-01,.gov.my,1030
cumulative,2024-10-01,.gov.my,1034
cumulative,2024-11-01,.gov.my,1035
cumulative,2024-12-01,.gov.my,1042
cumulative,2025-01-01,.gov.my,1044
new_net,2007-09-01,.gov.my,18
new_net,2007-10-01,.gov.my,14
new_net,2007-11-01,.gov.my,18
new_net,2007-12-01,.gov.my,11
new_net,2008-01-01,.gov.my,11
new_net,2008-02-01,.gov.my,8
new_net,2008-03-01,.gov.my,9
new_net,2008-04-01,.gov.my,16
new_net,2008-05-01,.gov.my,8
new_net,2008-06-01,.gov.my,22
new_net,2008-07-01,.gov.my,20
new_net,2008-08-01,.gov.my,11
new_net,2008-09-01,.gov.my,13
new_net,2008-10-01,.gov.my,8
new_net,2008-11-01,.gov.my,8
new_net,2008-12-01,.gov.my,12
new_net,2009-01-01,.gov.my,3
new_net,2009-02-01,.gov.my,10
new_net,2009-03-01,.gov.my,6
new_net,2009-04-01,.gov.my,9
new_net,2009-05-01,.gov.my,13
new_net,2009-06-01,.gov.my,13
new_net,2009-07-01,.gov.my,35
new_net,2009-08-01,.gov.my,11
new_net,2009-09-01,.gov.my,7
new_net,2009-10-01,.gov.my,3
new_net,2009-11-01,.gov.my,8
new_net,2009-12-01,.gov.my,10
new_net,2010-01-01,.gov.my,10
new_net,2010-02-01,.gov.my,6
new_net,2010-03-01,.gov.my,13
new_net,2010-04-01,.gov.my,4
new_net,2010-05-01,.gov.my,3
new_net,2010-06-01,.gov.my,7
new_net,2010-07-01,.gov.my,7
new_net,2010-08-01,.gov.my,-2
new_net,2010-09-01,.gov.my,3
new_net,2010-10-01,.gov.my,7
new_net,2010-11-01,.gov.my,8
new_net,2010-12-01,.gov.my,-262
new_net,2011-01-01,.gov.my,8
new_net,2011-02-01,.gov.my,26
new_net,2011-03-01,.gov.my,11
new_net,2011-04-01,.gov.my,7
new_net,2011-05-01,.gov.my,8
new_net,2011-06-01,.gov.my,-1
new_net,2011-07-01,.gov.my,9
new_net,2011-08-01,.gov.my,4
new_net,2011-09-01,.gov.my,4
new_net,2011-10-01,.gov.my,5
new_net,2011-11-01,.gov.my,-33
new_net,2011-12-01,.gov.my,8
new_net,2012-01-01,.gov.my,5
new_net,2012-02-01,.gov.my,11
new_net,2012-03-01,.gov.my,6
new_net,2012-04-01,.gov.my,5
new_net,2012-05-01,.gov.my,6
new_net,2012-06-01,.gov.my,7
new_net,2012-07-01,.gov.my,4
new_net,2012-08-01,.gov.my,6
new_net,2012-09-01,.gov.my,4
new_net,2012-10-01,.gov.my,4
new_net,2012-11-01,.gov.my,8
new_net,2012-12-01,.gov.my,5
new_net,2013-01-01,.gov.my,5
new_net,2013-02-01,.gov.my,3
new_net,2013-03-01,.gov.my,6
new_net,2013-04-01,.gov.my,-123
new_net,2013-05-01,.gov.my,8
new_net,2013-06-01,.gov.my,8
new_net,2013-07-01,.gov.my,10
new_net,2013-08-01,.gov.my,2
new_net,2013-09-01,.gov.my,3
new_net,2013-10-01,.gov.my,10
new_net,2013-11-01,.gov.my,1
new_net,2013-12-01,.gov.my,11
new_net,2014-01-01,.gov.my,4
new_net,2014-02-01,.gov.my,6
new_net,2014-03-01,.gov.my,5
new_net,2014-04-01,.gov.my,8
new_net,2014-05-01,.gov.my,-3
new_net,2014-06-01,.gov.my,4
new_net,2014-07-01,.gov.my,6
new_net,2014-08-01,.gov.my,2
new_net,2014-09-01,.gov.my,6
new_net,2014-10-01,.gov.my,-86
new_net,2014-11-01,.gov.my,6
new_net,2014-12-01,.gov.my,2
new_net,2015-01-01,.gov.my,7
new_net,2015-02-01,.gov.my,4
new_net,2015-03-01,.gov.my,8
new_net,2015-04-01,.gov.my,4
new_net,2015-05-01,.gov.my,4
new_net,2015-06-01,.gov.my,8
new_net,2015-07-01,.gov.my,5
new_net,2015-08-01,.gov.my,6
new_net,2015-09-01,.gov.my,-37
new_net,2015-10-01,.gov.my,5
new_net,2015-11-01,.gov.my,5
new_net,2015-12-01,.gov.my,1
new_net,2016-01-01,.gov.my,1
new_net,2016-02-01,.gov.my,3
new_net,2016-03-01,.gov.my,2
new_net,2016-04-01,.gov.my,1
new_net,2016-05-01,.gov.my,-33
new_net,2016-06-01,.gov.my,1
new_net,2016-07-01,.gov.my,3
new_net,2016-08-01,.gov.my,4
new_net,2016-09-01,.gov.my,5
new_net,2016-10-01,.gov.my,5
new_net,2016-11-01,.gov.my,9
new_net,2016-12-01,.gov.my,-38
new_net,2017-01-01,.gov.my,6
new_net,2017-02-01,.gov.my,5
new_net,2017-03-01,.gov.my,2
new_net,2017-04-01,.gov.my,-1
new_net,2017-05-01,.gov.my,3
new_net,2017-06-01,.gov.my,2
new_net,2017-07-01,.gov.my,1
new_net,2017-08-01,.gov.my,4
new_net,2017-09-01,.gov.my,3
new_net,2017-10-01,.gov.my,6
new_net,2017-11-01,.gov.my,5
new_net,2017-12-01,.gov.my,8
new_net,2018-01-01,.gov.my,7
new_net,2018-02-01,.gov.my,3
new_net,2018-03-01,.gov.my,2
new_net,2018-04-01,.gov.my,8
new_net,2018-05-01,.gov.my,1
new_net,2018-06-01,.gov.my,1
new_net,2018-07-01,.gov.my,18
new_net,2018-08-01,.gov.my,5
new_net,2018-09-01,.gov.my,5
new_net,2018-10-01,.gov.my,3
new_net,2018-11-01,.gov.my,5
new_net,2018-12-01,.gov.my,1
new_net,2019-01-01,.gov.my,4
new_net,2019-02-01,.gov.my,1
new_net,2019-03-01,.gov.my,4
new_net,2019-04-01,.gov.my,-1
new_net,2019-05-01,.gov.my,3
new_net,2019-06-01,.gov.my,2
new_net,2019-07-01,.gov.my,3
new_net,2019-08-01,.gov.my,3
new_net,2019-09-01,.gov.my,2
new_net,2019-10-01,.gov.my,2
new_net,2019-11-01,.gov.my,1
new_net,2019-12-01,.gov.my,6
new_net,2020-01-01,.gov.my,5
new_net,2020-02-01,.gov.my,-101
new_net,2020-03-01,.gov.my,1
new_net,2020-04-01,.gov.my,4
new_net,2020-05-01,.gov.my,3
new_net,2020-06-01,.gov.my,0
new_net,2020-07-01,.gov.my,7
new_net,2020-08-01,.gov.my,2
new_net,2020-09-01,.gov.my,6
new_net,2020-10-01,.gov.my,3
new_net,2020-11-01,.gov.my,9
new_net,2020-12-01,.gov.my,4
new_net,2021-01-01,.gov.my,0
new_net,2021-02-01,.gov.my,6
new_net,2021-03-01,.gov.my,10
new_net,2021-04-01,.gov.my,4
new_net,2021-05-01,.gov.my,5
new_net,2021-06-01,.gov.my,5
new_net,2021-07-01,.gov.my,6
new_net,2021-08-01,.gov.my,-1
new_net,2021-09-01,.gov.my,2
new_net,2021-10-01,.gov.my,4
new_net,2021-11-01,.gov.my,5
new_net,2021-12-01,.gov.my,2
new_net,2022-01-01,.gov.my,3
new_net,2022-02-01,.gov.my,5
new_net,2022-03-01,.gov.my,2
new_net,2022-04-01,.gov.my,2
new_net,2022-05-01,.gov.my,3
new_net,2022-06-01,.gov.my,4
new_net,2022-07-01,.gov.my,5
new_net,2022-08-01,.gov.my,4
new_net,2022-09-01,.gov.my,6
new_net,2022-10-01,.gov.my,6
new_net,2022-11-01,.gov.my,9
new_net,2022-12-01,.gov.my,8
new_net,2023-01-01,.gov.my,8
new_net,2023-02-01,.gov.my,5
new_net,2023-03-01,.gov.my,5
new_net,2023-04-01,.gov.my,2
new_net,2023-05-01,.gov.my,4
new_net,2023-06-01,.gov.my,3
new_net,2023-07-01,.gov.my,-252
new_net,2023-08-01,.gov.my,2
new_net,2023-09-01,.gov.my,-3
new_net,2023-10-01,.gov.my,-3
new_net,2023-11-01,.gov.my,-2
new_net,2023-12-01,.gov.my,6
new_net,2024-01-01,.gov.my,5
new_net,2024-02-01,.gov.my,8
new_net,2024-03-01,.gov.my,3
new_net,2024-04-01,.gov.my,0
new_net,2024-05-01,.gov.my,7
new_net,2024-06-01,.gov.my,2
new_net,2024-07-01,.gov.my,1
new_net,2024-08-01,.gov.my,4
new_net,2024-09-01,.gov.my,-1
new_net,2024-10-01,.gov.my,4
new_net,2024-11-01,.gov.my,1
new_net,2024-12-01,.gov.my,7
new_net,2025-01-01,.gov.my,2
cumulative,2007-08-01,.edu.my,1027
cumulative,2007-09-01,.edu.my,1036
cumulative,2007-10-01,.edu.my,1053
cumulative,2007-11-01,.edu.my,1067
cumulative,2007-12-01,.edu.my,1068
cumulative,2008-01-01,.edu.my,1062
cumulative,2008-02-01,.edu.my,1081
cumulative,2008-03-01,.edu.my,1114
cumulative,2008-04-01,.edu.my,1132
cumulative,2008-05-01,.edu.my,1157
cumulative,2008-06-01,.edu.my,1167
cumulative,2008-07-01,.edu.my,1184
cumulative,2008-08-01,.edu.my,1188
cumulative,2008-09-01,.edu.my,1205
cumulative,2008-10-01,.edu.my,1217
cumulative,2008-11-01,.edu.my,1221
cumulative,2008-12-01,.edu.my,1235
cumulative,2009-01-01,.edu.my,1248
cumulative,2009-02-01,.edu.my,1242
cumulative,2009-03-01,.edu.my,1268
cumulative,2009-04-01,.edu.my,1298
cumulative,2009-05-01,.edu.my,1306
cumulative,2009-06-01,.edu.my,1337
cumulative,2009-07-01,.edu.my,1352
cumulative,2009-08-01,.edu.my,1384
cumulative,2009-09-01,.edu.my,1401
cumulative,2009-10-01,.edu.my,1406
cumulative,2009-11-01,.edu.my,1432
cumulative,2009-12-01,.edu.my,1449
cumulative,2010-01-01,.edu.my,1471
cumulative,2010-02-01,.edu.my,1505
cumulative,2010-03-01,.edu.my,1551
cumulative,2010-04-01,.edu.my,1585
cumulative,2010-05-01,.edu.my,1594
cumulative,2010-06-01,.edu.my,1603
cumulative,2010-07-01,.edu.my,1598
cumulative,2010-08-01,.edu.my,1628
cumulative,2010-09-01,.edu.my,1635
cumulative,2010-10-01,.edu.my,1650
cumulative,2010-11-01,.edu.my,1664
cumulative,2010-12-01,.edu.my,1666
cumulative,2011-01-01,.edu.my,1669
cumulative,2011-02-01,.edu.my,1719
cumulative,2011-03-01,.edu.my,1750
cumulative,2011-04-01,.edu.my,1770
cumulative,2011-05-01,.edu.my,1777
cumulative,2011-06-01,.edu.my,1787
cumulative,2011-07-01,.edu.my,1863
cumulative,2011-08-01,.edu.my,2091
cumulative,2011-09-01,.edu.my,2076
cumulative,2011-10-01,.edu.my,2100
cumulative,2011-11-01,.edu.my,2120
cumulative,2011-12-01,.edu.my,2137
cumulative,2012-01-01,.edu.my,2175
cumulative,2012-02-01,.edu.my,2205
cumulative,2012-03-01,.edu.my,2239
cumulative,2012-04-01,.edu.my,2243
cumulative,2012-05-01,.edu.my,2256
cumulative,2012-06-01,.edu.my,2424
cumulative,2012-07-01,.edu.my,2594
cumulative,2012-08-01,.edu.my,2665
cumulative,2012-09-01,.edu.my,2799
cumulative,2012-10-01,.edu.my,2902
cumulative,2012-11-01,.edu.my,2909
cumulative,2012-12-01,.edu.my,2923
cumulative,2013-01-01,.edu.my,2929
cumulative,2013-02-01,.edu.my,2934
cumulative,2013-03-01,.edu.my,2947
cumulative,2013-04-01,.edu.my,2946
cumulative,2013-05-01,.edu.my,2929
cumulative,2013-06-01,.edu.my,2919
cumulative,2013-07-01,.edu.my,2974
cumulative,2013-08-01,.edu.my,2940
cumulative,2013-09-01,.edu.my,2959
cumulative,2013-10-01,.edu.my,2979
cumulative,2013-11-01,.edu.my,3000
cumulative,2013-12-01,.edu.my,3083
cumulative,2014-01-01,.edu.my,3124
cumulative,2014-02-01,.edu.my,3173
cumulative,2014-03-01,.edu.my,3260
cumulative,2014-04-01,.edu.my,3356
cumulative,2014-05-01,.edu.my,3429
cumulative,2014-06-01,.edu.my,3460
cumulative,2014-07-01,.edu.my,3492
cumulative,2014-08-01,.edu.my,3560
cumulative,2014-09-01,.edu.my,3617
cumulative,2014-10-01,.edu.my,3652
cumulative,2014-11-01,.edu.my,3683
cumulative,2014-12-01,.edu.my,3701
cumulative,2015-01-01,.edu.my,3723
cumulative,2015-02-01,.edu.my,3741
cumulative,2015-03-01,.edu.my,3768
cumulative,2015-04-01,.edu.my,3802
cumulative,2015-05-01,.edu.my,3829
cumulative,2015-06-01,.edu.my,3847
cumulative,2015-07-01,.edu.my,3856
cumulative,2015-08-01,.edu.my,3874
cumulative,2015-09-01,.edu.my,2661
cumulative,2015-10-01,.edu.my,2686
cumulative,2015-11-01,.edu.my,2715
cumulative,2015-12-01,.edu.my,2741
cumulative,2016-01-01,.edu.my,2779
cumulative,2016-02-01,.edu.my,2795
cumulative,2016-03-01,.edu.my,2832
cumulative,2016-04-01,.edu.my,2863
cumulative,2016-05-01,.edu.my,2893
cumulative,2016-06-01,.edu.my,2924
cumulative,2016-07-01,.edu.my,2937
cumulative,2016-08-01,.edu.my,2949
cumulative,2016-09-01,.edu.my,2982
cumulative,2016-10-01,.edu.my,3009
cumulative,2016-11-01,.edu.my,2729
cumulative,2016-12-01,.edu.my,2753
cumulative,2017-01-01,.edu.my,2787
cumulative,2017-02-01,.edu.my,2814
cumulative,2017-03-01,.edu.my,2863
cumulative,2017-04-01,.edu.my,2930
cumulative,2017-05-01,.edu.my,2950
cumulative,2017-06-01,.edu.my,2989
cumulative,2017-07-01,.edu.my,3021
cumulative,2017-08-01,.edu.my,3040
cumulative,2017-09-01,.edu.my,3059
cumulative,2017-10-01,.edu.my,3079
cumulative,2017-11-01,.edu.my,3097
cumulative,2017-12-01,.edu.my,3112
cumulative,2018-01-01,.edu.my,3140
cumulative,2018-02-01,.edu.my,3164
cumulative,2018-03-01,.edu.my,3188
cumulative,2018-04-01,.edu.my,3204
cumulative,2018-05-01,.edu.my,3225
cumulative,2018-06-01,.edu.my,3245
cumulative,2018-07-01,.edu.my,3267
cumulative,2018-08-01,.edu.my,3291
cumulative,2018-09-01,.edu.my,3309
cumulative,2018-10-01,.edu.my,3343
cumulative,2018-11-01,.edu.my,3384
cumulative,2018-12-01,.edu.my,3456
cumulative,2019-01-01,.edu.my,3495
cumulative,2019-02-01,.edu.my,3519
cumulative,2019-03-01,.edu.my,3553
cumulative,2019-04-01,.edu.my,3574
cumulative,2019-05-01,.edu.my,3610
cumulative,2019-06-01,.edu.my,3632
cumulative,2019-07-01,.edu.my,3671
cumulative,2019-08-01,.edu.my,3703
cumulative,2019-09-01,.edu.my,3720
cumulative,2019-10-01,.edu.my,3736
cumulative,2019-11-01,.edu.my,3769
cumulative,2019-12-01,.edu.my,3785
cumulative,2020-01-01,.edu.my,3814
cumulative,2020-02-01,.edu.my,3233
cumulative,2020-03-01,.edu.my,3260
cumulative,2020-04-01,.edu.my,3286
cumulative,2020-05-01,.edu.my,3310
cumulative,2020-06-01,.edu.my,3343
cumulative,2020-07-01,.edu.my,3374
cumulative,2020-08-01,.edu.my,3396
cumulative,2020-09-01,.edu.my,3417
cumulative,2020-10-01,.edu.my,3447
cumulative,2020-11-01,.edu.my,3477
cumulative,2020-12-01,.edu.my,3496
cumulative,2021-01-01,.edu.my,3502
cumulative,2021-02-01,.edu.my,3537
cumulative,2021-03-01,.edu.my,3561
cumulative,2021-04-01,.edu.my,3612
cumulative,2021-05-01,.edu.my,3630
cumulative,2021-06-01,.edu.my,3663
cumulative,2021-07-01,.edu.my,3699
cumulative,2021-08-01,.edu.my,3725
cumulative,2021-09-01,.edu.my,3746
cumulative,2021-10-01,.edu.my,3773
cumulative,2021-11-01,.edu.my,3801
cumulative,2021-12-01,.edu.my,3840
cumulative,2022-01-01,.edu.my,3864
cumulative,2022-02-01,.edu.my,3881
cumulative,2022-03-01,.edu.my,3895
cumulative,2022-04-01,.edu.my,3897
cumulative,2022-05-01,.edu.my,3909
cumulative,2022-06-01,.edu.my,3924
cumulative,2022-07-01,.edu.my,3936
cumulative,2022-08-01,.edu.my,3958
cumulative,2022-09-01,.edu.my,3976
cumulative,2022-10-01,.edu.my,3999
cumulative,2022-11-01,.edu.my,4007
cumulative,2022-12-01,.edu.my,4024
cumulative,2023-01-01,.edu.my,4038
cumulative,2023-02-01,.edu.my,4055
cumulative,2023-03-01,.edu.my,4075
cumulative,2023-04-01,.edu.my,4088
cumulative,2023-05-01,.edu.my,4109
cumulative,2023-06-01,.edu.my,4141
cumulative,2023-07-01,.edu.my,2763
cumulative,2023-08-01,.edu.my,2780
cumulative,2023-09-01,.edu.my,2774
cumulative,2023-10-01,.edu.my,2780
cumulative,2023-11-01,.edu.my,2780
cumulative,2023-12-01,.edu.my,2767
cumulative,2024-01-01,.edu.my,2766
cumulative,2024-02-01,.edu.my,2763
cumulative,2024-03-01,.edu.my,2775
cumulative,2024-04-01,.edu.my,2774
cumulative,2024-05-01,.edu.my,2769
cumulative,2024-06-01,.edu.my,2773
cumulative,2024-07-01,.edu.my,2773
cumulative,2024-08-01,.edu.my,2773
cumulative,2024-09-01,.edu.my,2770
cumulative,2024-10-01,.edu.my,2771
cumulative,2024-11-01,.edu.my,2771
cumulative,2024-12-01,.edu.my,2781
cumulative,2025-01-01,.edu.my,2772
new_net,2007-09-01,.edu.my,9
new_net,2007-10-01,.edu.my,17
new_net,2007-11-01,.edu.my,14
new_net,2007-12-01,.edu.my,1
new_net,2008-01-01,.edu.my,-6
new_net,2008-02-01,.edu.my,19
new_net,2008-03-01,.edu.my,33
new_net,2008-04-01,.edu.my,18
new_net,2008-05-01,.edu.my,25
new_net,2008-06-01,.edu.my,10
new_net,2008-07-01,.edu.my,17
new_net,2008-08-01,.edu.my,4
new_net,2008-09-01,.edu.my,17
new_net,2008-10-01,.edu.my,12
new_net,2008-11-01,.edu.my,4
new_net,2008-12-01,.edu.my,14
new_net,2009-01-01,.edu.my,13
new_net,2009-02-01,.edu.my,-6
new_net,2009-03-01,.edu.my,26
new_net,2009-04-01,.edu.my,30
new_net,2009-05-01,.edu.my,8
new_net,2009-06-01,.edu.my,31
new_net,2009-07-01,.edu.my,15
new_net,2009-08-01,.edu.my,32
new_net,2009-09-01,.edu.my,17
new_net,2009-10-01,.edu.my,5
new_net,2009-11-01,.edu.my,26
new_net,2009-12-01,.edu.my,17
new_net,2010-01-01,.edu.my,22
new_net,2010-02-01,.edu.my,34
new_net,2010-03-01,.edu.my,46
new_net,2010-04-01,.edu.my,34
new_net,2010-05-01,.edu.my,9
new_net,2010-06-01,.edu.my,9
new_net,2010-07-01,.edu.my,-5
new_net,2010-08-01,.edu.my,30
new_net,2010-09-01,.edu.my,7
new_net,2010-10-01,.edu.my,15
new_net,2010-11-01,.edu.my,14
new_net,2010-12-01,.edu.my,2
new_net,2011-01-01,.edu.my,3
new_net,2011-02-01,.edu.my,50
new_net,2011-03-01,.edu.my,31
new_net,2011-04-01,.edu.my,20
new_net,2011-05-01,.edu.my,7
new_net,2011-06-01,.edu.my,10
new_net,2011-07-01,.edu.my,76
new_net,2011-08-01,.edu.my,228
new_net,2011-09-01,.edu.my,-15
new_net,2011-10-01,.edu.my,24
new_net,2011-11-01,.edu.my,20
new_net,2011-12-01,.edu.my,17
new_net,2012-01-01,.edu.my,38
new_net,2012-02-01,.edu.my,30
new_net,2012-03-01,.edu.my,34
new_net,2012-04-01,.edu.my,4
new_net,2012-05-01,.edu.my,13
new_net,2012-06-01,.edu.my,168
new_net,2012-07-01,.edu.my,170
new_net,2012-08-01,.edu.my,71
new_net,2012-09-01,.edu.my,134
new_net,2012-10-01,.edu.my,103
new_net,2012-11-01,.edu.my,7
new_net,2012-12-01,.edu.my,14
new_net,2013-01-01,.edu.my,6
new_net,2013-02-01,.edu.my,5
new_net,2013-03-01,.edu.my,13
new_net,2013-04-01,.edu.my,-1
new_net,2013-05-01,.edu.my,-17
new_net,2013-06-01,.edu.my,-10
new_net,2013-07-01,.edu.my,55
new_net,2013-08-01,.edu.my,-34
new_net,2013-09-01,.edu.my,19
new_net,2013-10-01,.edu.my,20
new_net,2013-11-01,.edu.my,21
new_net,2013-12-01,.edu.my,83
new_net,2014-01-01,.edu.my,41
new_net,2014-02-01,.edu.my,49
new_net,2014-03-01,.edu.my,87
new_net,2014-04-01,.edu.my,96
new_net,2014-05-01,.edu.my,73
new_net,2014-06-01,.edu.my,31
new_net,2014-07-01,.edu.my,32
new_net,2014-08-01,.edu.my,68
new_net,2014-09-01,.edu.my,57
new_net,2014-10-01,.edu.my,35
new_net,2014-11-01,.edu.my,31
new_net,2014-12-01,.edu.my,18
new_net,2015-01-01,.edu.my,22
new_net,2015-02-01,.edu.my,18
new_net,2015-03-01,.edu.my,27
new_net,2015-04-01,.edu.my,34
new_net,2015-05-01,.edu.my,27
new_net,2015-06-01,.edu.my,18
new_net,2015-07-01,.edu.my,9
new_net,2015-08-01,.edu.my,18
new_net,2015-09-01,.edu.my,-1213
new_net,2015-10-01,.edu.my,25
new_net,2015-11-01,.edu.my,29
new_net,2015-12-01,.edu.my,26
new_net,2016-01-01,.edu.my,38
new_net,2016-02-01,.edu.my,16
new_net,2016-03-01,.edu.my,37
new_net,2016-04-01,.edu.my,31
new_net,2016-05-01,.edu.my,30
new_net,2016-06-01,.edu.my,31
new_net,2016-07-01,.edu.my,13
new_net,2016-08-01,.edu.my,12
new_net,2016-09-01,.edu.my,33
new_net,2016-10-01,.edu.my,27
new_net,2016-11-01,.edu.my,-280
new_net,2016-12-01,.edu.my,24
new_net,2017-01-01,.edu.my,34
new_net,2017-02-01,.edu.my,27
new_net,2017-03-01,.edu.my,49
new_net,2017-04-01,.edu.my,67
new_net,2017-05-01,.edu.my,20
new_net,2017-06-01,.edu.my,39
new_net,2017-07-01,.edu.my,32
new_net,2017-08-01,.edu.my,19
new_net,2017-09-01,.edu.my,19
new_net,2017-10-01,.edu.my,20
new_net,2017-11-01,.edu.my,18
new_net,2017-12-01,.edu.my,15
new_net,2018-01-01,.edu.my,28
new_net,2018-02-01,.edu.my,24
new_net,2018-03-01,.edu.my,24
new_net,2018-04-01,.edu.my,16
new_net,2018-05-01,.edu.my,21
new_net,2018-06-01,.edu.my,20
new_net,2018-07-01,.edu.my,22
new_net,2018-08-01,.edu.my,24
new_net,2018-09-01,.edu.my,18
new_net,2018-10-01,.edu.my,34
new_net,2018-11-01,.edu.my,41
new_net,2018-12-01,.edu.my,72
new_net,2019-01-01,.edu.my,39
new_net,2019-02-01,.edu.my,24
new_net,2019-03-01,.edu.my,34
new_net,2019-04-01,.edu.my,21
new_net,2019-05-01,.edu.my,36
new_net,2019-06-01,.edu.my,22
new_net,2019-07-01,.edu.my,39
new_net,2019-08-01,.edu.my,32
new_net,2019-09-01,.edu.my,17
new_net,2019-10-01,.edu.my,16
new_net,2019-11-01,.edu.my,33
new_net,2019-12-01,.edu.my,16
new_net,2020-01-01,.edu.my,29
new_net,2020-02-01,.edu.my,-581
new_net,2020-03-01,.edu.my,27
new_net,2020-04-01,.edu.my,26
new_net,2020-05-01,.edu.my,24
new_net,2020-06-01,.edu.my,33
new_net,2020-07-01,.edu.my,31
new_net,2020-08-01,.edu.my,22
new_net,2020-09-01,.edu.my,21
new_net,2020-10-01,.edu.my,30
new_net,2020-11-01,.edu.my,30
new_net,2020-12-01,.edu.my,19
new_net,2021-01-01,.edu.my,6
new_net,2021-02-01,.edu.my,35
new_net,2021-03-01,.edu.my,24
new_net,2021-04-01,.edu.my,51
new_net,2021-05-01,.edu.my,18
new_net,2021-06-01,.edu.my,33
new_net,2021-07-01,.edu.my,36
new_net,2021-08-01,.edu.my,26
new_net,2021-09-01,.edu.my,21
new_net,2021-10-01,.edu.my,27
new_net,2021-11-01,.edu.my,28
new_net,2021-12-01,.edu.my,39
new_net,2022-01-01,.edu.my,24
new_net,2022-02-01,.edu.my,17
new_net,2022-03-01,.edu.my,14
new_net,2022-04-01,.edu.my,2
new_net,2022-05-01,.edu.my,12
new_net,2022-06-01,.edu.my,15
new_net,2022-07-01,.edu.my,12
new_net,2022-08-01,.edu.my,22
new_net,2022-09-01,.edu.my,18
new_net,2022-10-01,.edu.my,23
new_net,2022-11-01,.edu.my,8
new_net,2022-12-01,.edu.my,17
new_net,2023-01-01,.edu.my,14
new_net,2023-02-01,.edu.my,17
new_net,2023-03-01,.edu.my,20
new_net,2023-04-01,.edu.my,13
new_net,2023-05-01,.edu.my,21
new_net,2023-06-01,.edu.my,32
new_net,2023-07-01,.edu.my,-1378
new_net,2023-08-01,.edu.my,17
new_net,2023-09-01,.edu.my,-6
new_net,2023-10-01,.edu.my,6
new_net,2023-11-01,.edu.my,0
new_net,2023-12-01,.edu.my,-13
new_net,2024-01-01,.edu.my,-1
new_net,2024-02-01,.edu.my,-3
new_net,2024-03-01,.edu.my,12
new_net,2024-04-01,.edu.my,-1
new_net,2024-05-01,.edu.my,-5
new_net,2024-06-01,.edu.my,4
new_net,2024-07-01,.edu.my,0
new_net,2024-08-01,.edu.my,0
new_net,2024-09-01,.edu.my,-3
new_net,2024-10-01,.edu.my,1
new_net,2024-11-01,.edu.my,0
new_net,2024-12-01,.edu.my,10
new_net,2025-01-01,.edu.my,-9
cumulative,2007-08-01,.mil.my,3
cumulative,2007-09-01,.mil.my,3
cumulative,2007-10-01,.mil.my,3
cumulative,2007-11-01,.mil.my,3
cumulative,2007-12-01,.mil.my,3
cumulative,2008-01-01,.mil.my,3
cumulative,2008-02-01,.mil.my,3
cumulative,2008-03-01,.mil.my,3
cumulative,2008-04-01,.mil.my,3
cumulative,2008-05-01,.mil.my,3
cumulative,2008-06-01,.mil.my,3
cumulative,2008-07-01,.mil.my,3
cumulative,2008-08-01,.mil.my,3
cumulative,2008-09-01,.mil.my,3
cumulative,2008-10-01,.mil.my,3
cumulative,2008-11-01,.mil.my,3
cumulative,2008-12-01,.mil.my,3
cumulative,2009-01-01,.mil.my,3
cumulative,2009-02-01,.mil.my,4
cumulative,2009-03-01,.mil.my,4
cumulative,2009-04-01,.mil.my,4
cumulative,2009-05-01,.mil.my,5
cumulative,2009-06-01,.mil.my,5
cumulative,2009-07-01,.mil.my,5
cumulative,2009-08-01,.mil.my,5
cumulative,2009-09-01,.mil.my,5
cumulative,2009-10-01,.mil.my,5
cumulative,2009-11-01,.mil.my,5
cumulative,2009-12-01,.mil.my,5
cumulative,2010-01-01,.mil.my,5
cumulative,2010-02-01,.mil.my,5
cumulative,2010-03-01,.mil.my,5
cumulative,2010-04-01,.mil.my,6
cumulative,2010-05-01,.mil.my,6
cumulative,2010-06-01,.mil.my,6
cumulative,2010-07-01,.mil.my,6
cumulative,2010-08-01,.mil.my,6
cumulative,2010-09-01,.mil.my,6
cumulative,2010-10-01,.mil.my,6
cumulative,2010-11-01,.mil.my,7
cumulative,2010-12-01,.mil.my,7
cumulative,2011-01-01,.mil.my,9
cumulative,2011-02-01,.mil.my,9
cumulative,2011-03-01,.mil.my,11
cumulative,2011-04-01,.mil.my,11
cumulative,2011-05-01,.mil.my,11
cumulative,2011-06-01,.mil.my,14
cumulative,2011-07-01,.mil.my,14
cumulative,2011-08-01,.mil.my,15
cumulative,2011-09-01,.mil.my,16
cumulative,2011-10-01,.mil.my,16
cumulative,2011-11-01,.mil.my,17
cumulative,2011-12-01,.mil.my,17
cumulative,2012-01-01,.mil.my,18
cumulative,2012-02-01,.mil.my,18
cumulative,2012-03-01,.mil.my,18
cumulative,2012-04-01,.mil.my,18
cumulative,2012-05-01,.mil.my,20
cumulative,2012-06-01,.mil.my,22
cumulative,2012-07-01,.mil.my,22
cumulative,2012-08-01,.mil.my,22
cumulative,2012-09-01,.mil.my,24
cumulative,2012-10-01,.mil.my,24
cumulative,2012-11-01,.mil.my,25
cumulative,2012-12-01,.mil.my,25
cumulative,2013-01-01,.mil.my,25
cumulative,2013-02-01,.mil.my,25
cumulative,2013-03-01,.mil.my,24
cumulative,2013-04-01,.mil.my,26
cumulative,2013-05-01,.mil.my,27
cumulative,2013-06-01,.mil.my,25
cumulative,2013-07-01,.mil.my,25
cumulative,2013-08-01,.mil.my,26
cumulative,2013-09-01,.mil.my,25
cumulative,2013-10-01,.mil.my,24
cumulative,2013-11-01,.mil.my,24
cumulative,2013-12-01,.mil.my,24
cumulative,2014-01-01,.mil.my,23
cumulative,2014-02-01,.mil.my,24
cumulative,2014-03-01,.mil.my,26
cumulative,2014-04-01,.mil.my,26
cumulative,2014-05-01,.mil.my,23
cumulative,2014-06-01,.mil.my,23
cumulative,2014-07-01,.mil.my,22
cumulative,2014-08-01,.mil.my,22
cumulative,2014-09-01,.mil.my,21
cumulative,2014-10-01,.mil.my,21
cumulative,2014-11-01,.mil.my,21
cumulative,2014-12-01,.mil.my,21
cumulative,2015-01-01,.mil.my,20
cumulative,2015-02-01,.mil.my,20
cumulative,2015-03-01,.mil.my,20
cumulative,2015-04-01,.mil.my,23
cumulative,2015-05-01,.mil.my,23
cumulative,2015-06-01,.mil.my,23
cumulative,2015-07-01,.mil.my,22
cumulative,2015-08-01,.mil.my,23
cumulative,2015-09-01,.mil.my,22
cumulative,2015-10-01,.mil.my,22
cumulative,2015-11-01,.mil.my,21
cumulative,2015-12-01,.mil.my,22
cumulative,2016-01-01,.mil.my,21
cumulative,2016-02-01,.mil.my,21
cumulative,2016-03-01,.mil.my,22
cumulative,2016-04-01,.mil.my,22
cumulative,2016-05-01,.mil.my,21
cumulative,2016-06-01,.mil.my,20
cumulative,2016-07-01,.mil.my,20
cumulative,2016-08-01,.mil.my,20
cumulative,2016-09-01,.mil.my,20
cumulative,2016-10-01,.mil.my,20
cumulative,2016-11-01,.mil.my,20
cumulative,2016-12-01,.mil.my,20
cumulative,2017-01-01,.mil.my,22
cumulative,2017-02-01,.mil.my,22
cumulative,2017-03-01,.mil.my,22
cumulative,2017-04-01,.mil.my,22
cumulative,2017-05-01,.mil.my,22
cumulative,2017-06-01,.mil.my,22
cumulative,2017-07-01,.mil.my,22
cumulative,2017-08-01,.mil.my,19
cumulative,2017-09-01,.mil.my,17
cumulative,2017-10-01,.mil.my,17
cumulative,2017-11-01,.mil.my,17
cumulative,2017-12-01,.mil.my,17
cumulative,2018-01-01,.mil.my,17
cumulative,2018-02-01,.mil.my,17
cumulative,2018-03-01,.mil.my,16
cumulative,2018-04-01,.mil.my,16
cumulative,2018-05-01,.mil.my,16
cumulative,2018-06-01,.mil.my,16
cumulative,2018-07-01,.mil.my,16
cumulative,2018-08-01,.mil.my,16
cumulative,2018-09-01,.mil.my,16
cumulative,2018-10-01,.mil.my,16
cumulative,2018-11-01,.mil.my,16
cumulative,2018-12-01,.mil.my,18
cumulative,2019-01-01,.mil.my,17
cumulative,2019-02-01,.mil.my,17
cumulative,2019-03-01,.mil.my,18
cumulative,2019-04-01,.mil.my,18
cumulative,2019-05-01,.mil.my,18
cumulative,2019-06-01,.mil.my,18
cumulative,2019-07-01,.mil.my,18
cumulative,2019-08-01,.mil.my,18
cumulative,2019-09-01,.mil.my,18
cumulative,2019-10-01,.mil.my,18
cumulative,2019-11-01,.mil.my,18
cumulative,2019-12-01,.mil.my,18
cumulative,2020-01-01,.mil.my,18
cumulative,2020-02-01,.mil.my,18
cumulative,2020-03-01,.mil.my,18
cumulative,2020-04-01,.mil.my,18
cumulative,2020-05-01,.mil.my,17
cumulative,2020-06-01,.mil.my,17
cumulative,2020-07-01,.mil.my,17
cumulative,2020-08-01,.mil.my,17
cumulative,2020-09-01,.mil.my,16
cumulative,2020-10-01,.mil.my,16
cumulative,2020-11-01,.mil.my,16
cumulative,2020-12-01,.mil.my,16
cumulative,2021-01-01,.mil.my,15
cumulative,2021-02-01,.mil.my,15
cumulative,2021-03-01,.mil.my,15
cumulative,2021-04-01,.mil.my,13
cumulative,2021-05-01,.mil.my,13
cumulative,2021-06-01,.mil.my,13
cumulative,2021-07-01,.mil.my,13
cumulative,2021-08-01,.mil.my,13
cumulative,2021-09-01,.mil.my,12
cumulative,2021-10-01,.mil.my,12
cumulative,2021-11-01,.mil.my,12
cumulative,2021-12-01,.mil.my,12
cumulative,2022-01-01,.mil.my,12
cumulative,2022-02-01,.mil.my,11
cumulative,2022-03-01,.mil.my,10
cumulative,2022-04-01,.mil.my,10
cumulative,2022-05-01,.mil.my,10
cumulative,2022-06-01,.mil.my,10
cumulative,2022-07-01,.mil.my,11
cumulative,2022-08-01,.mil.my,11
cumulative,2022-09-01,.mil.my,11
cumulative,2022-10-01,.mil.my,11
cumulative,2022-11-01,.mil.my,11
cumulative,2022-12-01,.mil.my,11
cumulative,2023-01-01,.mil.my,11
cumulative,2023-02-01,.mil.my,11
cumulative,2023-03-01,.mil.my,12
cumulative,2023-04-01,.mil.my,12
cumulative,2023-05-01,.mil.my,12
cumulative,2023-06-01,.mil.my,12
cumulative,2023-07-01,.mil.my,12
cumulative,2023-08-01,.mil.my,12
cumulative,2023-09-01,.mil.my,13
cumulative,2023-10-01,.mil.my,13
cumulative,2023-11-01,.mil.my,13
cumulative,2023-12-01,.mil.my,13
cumulative,2024-01-01,.mil.my,13
cumulative,2024-02-01,.mil.my,13
cumulative,2024-03-01,.mil.my,13
cumulative,2024-04-01,.mil.my,13
cumulative,2024-05-01,.mil.my,13
cumulative,2024-06-01,.mil.my,13
cumulative,2024-07-01,.mil.my,13
cumulative,2024-08-01,.mil.my,13
cumulative,2024-09-01,.mil.my,13
cumulative,2024-10-01,.mil.my,13
cumulative,2024-11-01,.mil.my,13
cumulative,2024-12-01,.mil.my,13
cumulative,2025-01-01,.mil.my,13
new_net,2007-09-01,.mil.my,0
new_net,2007-10-01,.mil.my,0
new_net,2007-11-01,.mil.my,0
new_net,2007-12-01,.mil.my,0
new_net,2008-01-01,.mil.my,0
new_net,2008-02-01,.mil.my,0
new_net,2008-03-01,.mil.my,0
new_net,2008-04-01,.mil.my,0
new_net,2008-05-01,.mil.my,0
new_net,2008-06-01,.mil.my,0
new_net,2008-07-01,.mil.my,0
new_net,2008-08-01,.mil.my,0
new_net,2008-09-01,.mil.my,0
new_net,2008-10-01,.mil.my,0
new_net,2008-11-01,.mil.my,0
new_net,2008-12-01,.mil.my,0
new_net,2009-01-01,.mil.my,0
new_net,2009-02-01,.mil.my,1
new_net,2009-03-01,.mil.my,0
new_net,2009-04-01,.mil.my,0
new_net,2009-05-01,.mil.my,1
new_net,2009-06-01,.mil.my,0
new_net,2009-07-01,.mil.my,0
new_net,2009-08-01,.mil.my,0
new_net,2009-09-01,.mil.my,0
new_net,2009-10-01,.mil.my,0
new_net,2009-11-01,.mil.my,0
new_net,2009-12-01,.mil.my,0
new_net,2010-01-01,.mil.my,0
new_net,2010-02-01,.mil.my,0
new_net,2010-03-01,.mil.my,0
new_net,2010-04-01,.mil.my,1
new_net,2010-05-01,.mil.my,0
new_net,2010-06-01,.mil.my,0
new_net,2010-07-01,.mil.my,0
new_net,2010-08-01,.mil.my,0
new_net,2010-09-01,.mil.my,0
new_net,2010-10-01,.mil.my,0
new_net,2010-11-01,.mil.my,1
new_net,2010-12-01,.mil.my,0
new_net,2011-01-01,.mil.my,2
new_net,2011-02-01,.mil.my,0
new_net,2011-03-01,.mil.my,2
new_net,2011-04-01,.mil.my,0
new_net,2011-05-01,.mil.my,0
new_net,2011-06-01,.mil.my,3
new_net,2011-07-01,.mil.my,0
new_net,2011-08-01,.mil.my,1
new_net,2011-09-01,.mil.my,1
new_net,2011-10-01,.mil.my,0
new_net,2011-11-01,.mil.my,1
new_net,2011-12-01,.mil.my,0
new_net,2012-01-01,.mil.my,1
new_net,2012-02-01,.mil.my,0
new_net,2012-03-01,.mil.my,0
new_net,2012-04-01,.mil.my,0
new_net,2012-05-01,.mil.my,2
new_net,2012-06-01,.mil.my,2
new_net,2012-07-01,.mil.my,0
new_net,2012-08-01,.mil.my,0
new_net,2012-09-01,.mil.my,2
new_net,2012-10-01,.mil.my,0
new_net,2012-11-01,.mil.my,1
new_net,2012-12-01,.mil.my,0
new_net,2013-01-01,.mil.my,0
new_net,2013-02-01,.mil.my,0
new_net,2013-03-01,.mil.my,-1
new_net,2013-04-01,.mil.my,2
new_net,2013-05-01,.mil.my,1
new_net,2013-06-01,.mil.my,-2
new_net,2013-07-01,.mil.my,0
new_net,2013-08-01,.mil.my,1
new_net,2013-09-01,.mil.my,-1
new_net,2013-10-01,.mil.my,-1
new_net,2013-11-01,.mil.my,0
new_net,2013-12-01,.mil.my,0
new_net,2014-01-01,.mil.my,-1
new_net,2014-02-01,.mil.my,1
new_net,2014-03-01,.mil.my,2
new_net,2014-04-01,.mil.my,0
new_net,2014-05-01,.mil.my,-3
new_net,2014-06-01,.mil.my,0
new_net,2014-07-01,.mil.my,-1
new_net,2014-08-01,.mil.my,0
new_net,2014-09-01,.mil.my,-1
new_net,2014-10-01,.mil.my,0
new_net,2014-11-01,.mil.my,0
new_net,2014-12-01,.mil.my,0
new_net,2015-01-01,.mil.my,-1
new_net,2015-02-01,.mil.my,0
new_net,2015-03-01,.mil.my,0
new_net,2015-04-01,.mil.my,3
new_net,2015-05-01,.mil.my,0
new_net,2015-06-01,.mil.my,0
new_net,2015-07-01,.mil.my,-1
new_net,2015-08-01,.mil.my,1
new_net,2015-09-01,.mil.my,-1
new_net,2015-10-01,.mil.my,0
new_net,2015-11-01,.mil.my,-1
new_net,2015-12-01,.mil.my,1
new_net,2016-01-01,.mil.my,-1
new_net,2016-02-01,.mil.my,0
new_net,2016-03-01,.mil.my,1
new_net,2016-04-01,.mil.my,0
new_net,2016-05-01,.mil.my,-1
new_net,2016-06-01,.mil.my,-1
new_net,2016-07-01,.mil.my,0
new_net,2016-08-01,.mil.my,0
new_net,2016-09-01,.mil.my,0
new_net,2016-10-01,.mil.my,0
new_net,2016-11-01,.mil.my,0
new_net,2016-12-01,.mil.my,0
new_net,2017-01-01,.mil.my,2
new_net,2017-02-01,.mil.my,0
new_net,2017-03-01,.mil.my,0
new_net,2017-04-01,.mil.my,0
new_net,2017-05-01,.mil.my,0
new_net,2017-06-01,.mil.my,0
new_net,2017-07-01,.mil.my,0
new_net,2017-08-01,.mil.my,-3
new_net,2017-09-01,.mil.my,-2
new_net,2017-10-01,.mil.my,0
new_net,2017-11-01,.mil.my,0
new_net,2017-12-01,.mil.my,0
new_net,2018-01-01,.mil.my,0
new_net,2018-02-01,.mil.my,0
new_net,2018-03-01,.mil.my,-1
new_net,2018-04-01,.mil.my,0
new_net,2018-05-01,.mil.my,0
new_net,2018-06-01,.mil.my,0
new_net,2018-07-01,.mil.my,0
new_net,2018-08-01,.mil.my,0
new_net,2018-09-01,.mil.my,0
new_net,2018-10-01,.mil.my,0
new_net,2018-11-01,.mil.my,0
new_net,2018-12-01,.mil.my,2
new_net,2019-01-01,.mil.my,-1
new_net,2019-02-01,.mil.my,0
new_net,2019-03-01,.mil.my,1
new_net,2019-04-01,.mil.my,0
new_net,2019-05-01,.mil.my,0
new_net,2019-06-01,.mil.my,0
new_net,2019-07-01,.mil.my,0
new_net,2019-08-01,.mil.my,0
new_net,2019-09-01,.mil.my,0
new_net,2019-10-01,.mil.my,0
new_net,2019-11-01,.mil.my,0
new_net,2019-12-01,.mil.my,0
new_net,2020-01-01,.mil.my,0
new_net,2020-02-01,.mil.my,0
new_net,2020-03-01,.mil.my,0
new_net,2020-04-01,.mil.my,0
new_net,2020-05-01,.mil.my,-1
new_net,2020-06-01,.mil.my,0
new_net,2020-07-01,.mil.my,0
new_net,2020-08-01,.mil.my,0
new_net,2020-09-01,.mil.my,-1
new_net,2020-10-01,.mil.my,0
new_net,2020-11-01,.mil.my,0
new_net,2020-12-01,.mil.my,0
new_net,2021-01-01,.mil.my,-1
new_net,2021-02-01,.mil.my,0
new_net,2021-03-01,.mil.my,0
new_net,2021-04-01,.mil.my,-2
new_net,2021-05-01,.mil.my,0
new_net,2021-06-01,.mil.my,0
new_net,2021-07-01,.mil.my,0
new_net,2021-08-01,.mil.my,0
new_net,2021-09-01,.mil.my,-1
new_net,2021-10-01,.mil.my,0
new_net,2021-11-01,.mil.my,0
new_net,2021-12-01,.mil.my,0
new_net,2022-01-01,.mil.my,0
new_net,2022-02-01,.mil.my,-1
new_net,2022-03-01,.mil.my,-1
new_net,2022-04-01,.mil.my,0
new_net,2022-05-01,.mil.my,0
new_net,2022-06-01,.mil.my,0
new_net,2022-07-01,.mil.my,1
new_net,2022-08-01,.mil.my,0
new_net,2022-09-01,.mil.my,0
new_net,2022-10-01,.mil.my,0
new_net,2022-11-01,.mil.my,0
new_net,2022-12-01,.mil.my,0
new_net,2023-01-01,.mil.my,0
new_net,2023-02-01,.mil.my,0
new_net,2023-03-01,.mil.my,1
new_net,2023-04-01,.mil.my,0
new_net,2023-05-01,.mil.my,0
new_net,2023-06-01,.mil.my,0
new_net,2023-07-01,.mil.my,0
new_net,2023-08-01,.mil.my,0
new_net,2023-09-01,.mil.my,1
new_net,2023-10-01,.mil.my,0
new_net,2023-11-01,.mil.my,0
new_net,2023-12-01,.mil.my,0
new_net,2024-01-01,.mil.my,0
new_net,2024-02-01,.mil.my,0
new_net,2024-03-01,.mil.my,0
new_net,2024-04-01,.mil.my,0
new_net,2024-05-01,.mil.my,0
new_net,2024-06-01,.mil.my,0
new_net,2024-07-01,.mil.my,0
new_net,2024-08-01,.mil.my,0
new_net,2024-09-01,.mil.my,0
new_net,2024-10-01,.mil.my,0
new_net,2024-11-01,.mil.my,0
new_net,2024-12-01,.mil.my,0
new_net,2025-01-01,.mil.my,0
cumulative,2007-08-01,.name.my,202
cumulative,2007-09-01,.name.my,244
cumulative,2007-10-01,.name.my,288
cumulative,2007-11-01,.name.my,211
cumulative,2007-12-01,.name.my,451
cumulative,2008-01-01,.name.my,452
cumulative,2008-02-01,.name.my,453
cumulative,2008-03-01,.name.my,459
cumulative,2008-04-01,.name.my,459
cumulative,2008-05-01,.name.my,456
cumulative,2008-06-01,.name.my,458
cumulative,2008-07-01,.name.my,462
cumulative,2008-08-01,.name.my,459
cumulative,2008-09-01,.name.my,460
cumulative,2008-10-01,.name.my,426
cumulative,2008-11-01,.name.my,388
cumulative,2008-12-01,.name.my,378
cumulative,2009-01-01,.name.my,365
cumulative,2009-02-01,.name.my,365
cumulative,2009-03-01,.name.my,367
cumulative,2009-04-01,.name.my,361
cumulative,2009-05-01,.name.my,355
cumulative,2009-06-01,.name.my,359
cumulative,2009-07-01,.name.my,381
cumulative,2009-08-01,.name.my,422
cumulative,2009-09-01,.name.my,450
cumulative,2009-10-01,.name.my,453
cumulative,2009-11-01,.name.my,453
cumulative,2009-12-01,.name.my,453
cumulative,2010-01-01,.name.my,443
cumulative,2010-02-01,.name.my,443
cumulative,2010-03-01,.name.my,454
cumulative,2010-04-01,.name.my,456
cumulative,2010-05-01,.name.my,454
cumulative,2010-06-01,.name.my,464
cumulative,2010-07-01,.name.my,462
cumulative,2010-08-01,.name.my,467
cumulative,2010-09-01,.name.my,445
cumulative,2010-10-01,.name.my,401
cumulative,2010-11-01,.name.my,399
cumulative,2010-12-01,.name.my,400
cumulative,2011-01-01,.name.my,401
cumulative,2011-02-01,.name.my,401
cumulative,2011-03-01,.name.my,401
cumulative,2011-04-01,.name.my,402
cumulative,2011-05-01,.name.my,415
cumulative,2011-06-01,.name.my,424
cumulative,2011-07-01,.name.my,414
cumulative,2011-08-01,.name.my,412
cumulative,2011-09-01,.name.my,413
cumulative,2011-10-01,.name.my,404
cumulative,2011-11-01,.name.my,401
cumulative,2011-12-01,.name.my,401
cumulative,2012-01-01,.name.my,402
cumulative,2012-02-01,.name.my,165
cumulative,2012-03-01,.name.my,166
cumulative,2012-04-01,.name.my,165
cumulative,2012-05-01,.name.my,160
cumulative,2012-06-01,.name.my,159
cumulative,2012-07-01,.name.my,142
cumulative,2012-08-01,.name.my,142
cumulative,2012-09-01,.name.my,137
cumulative,2012-10-01,.name.my,133
cumulative,2012-11-01,.name.my,130
cumulative,2012-12-01,.name.my,289
cumulative,2013-01-01,.name.my,294
cumulative,2013-02-01,.name.my,295
cumulative,2013-03-01,.name.my,295
cumulative,2013-04-01,.name.my,296
cumulative,2013-05-01,.name.my,290
cumulative,2013-06-01,.name.my,303
cumulative,2013-07-01,.name.my,316
cumulative,2013-08-01,.name.my,314
cumulative,2013-09-01,.name.my,894
cumulative,2013-10-01,.name.my,888
cumulative,2013-11-01,.name.my,890
cumulative,2013-12-01,.name.my,892
cumulative,2014-01-01,.name.my,877
cumulative,2014-02-01,.name.my,853
cumulative,2014-03-01,.name.my,895
cumulative,2014-04-01,.name.my,3171
cumulative,2014-05-01,.name.my,4331
cumulative,2014-06-01,.name.my,4389
cumulative,2014-07-01,.name.my,5384
cumulative,2014-08-01,.name.my,7143
cumulative,2014-09-01,.name.my,7755
cumulative,2014-10-01,.name.my,8481
cumulative,2014-11-01,.name.my,8075
cumulative,2014-12-01,.name.my,9220
cumulative,2015-01-01,.name.my,12744
cumulative,2015-02-01,.name.my,12788
cumulative,2015-03-01,.name.my,12798
cumulative,2015-04-01,.name.my,12886
cumulative,2015-05-01,.name.my,14058
cumulative,2015-06-01,.name.my,15658
cumulative,2015-07-01,.name.my,16091
cumulative,2015-08-01,.name.my,16127
cumulative,2015-09-01,.name.my,16845
cumulative,2015-10-01,.name.my,19380
cumulative,2015-11-01,.name.my,20758
cumulative,2015-12-01,.name.my,31137
cumulative,2016-01-01,.name.my,31152
cumulative,2016-02-01,.name.my,31182
cumulative,2016-03-01,.name.my,31316
cumulative,2016-04-01,.name.my,31332
cumulative,2016-05-01,.name.my,31341
cumulative,2016-06-01,.name.my,31350
cumulative,2016-07-01,.name.my,31486
cumulative,2016-08-01,.name.my,31501
cumulative,2016-09-01,.name.my,31497
cumulative,2016-10-01,.name.my,31058
cumulative,2016-11-01,.name.my,30567
cumulative,2016-12-01,.name.my,29106
cumulative,2017-01-01,.name.my,28174
cumulative,2017-02-01,.name.my,27011
cumulative,2017-03-01,.name.my,26290
cumulative,2017-04-01,.name.my,26293
cumulative,2017-05-01,.name.my,26298
cumulative,2017-06-01,.name.my,26308
cumulative,2017-07-01,.name.my,26311
cumulative,2017-08-01,.name.my,26307
cumulative,2017-09-01,.name.my,26311
cumulative,2017-10-01,.name.my,26324
cumulative,2017-11-01,.name.my,26331
cumulative,2017-12-01,.name.my,26328
cumulative,2018-01-01,.name.my,26004
cumulative,2018-02-01,.name.my,26018
cumulative,2018-03-01,.name.my,26028
cumulative,2018-04-01,.name.my,25698
cumulative,2018-05-01,.name.my,25125
cumulative,2018-06-01,.name.my,24360
cumulative,2018-07-01,.name.my,23376
cumulative,2018-08-01,.name.my,22094
cumulative,2018-09-01,.name.my,21509
cumulative,2018-10-01,.name.my,21520
cumulative,2018-11-01,.name.my,21534
cumulative,2018-12-01,.name.my,21540
cumulative,2019-01-01,.name.my,21546
cumulative,2019-02-01,.name.my,21394
cumulative,2019-03-01,.name.my,20630
cumulative,2019-04-01,.name.my,19110
cumulative,2019-05-01,.name.my,18391
cumulative,2019-06-01,.name.my,18064
cumulative,2019-07-01,.name.my,17508
cumulative,2019-08-01,.name.my,17508
cumulative,2019-09-01,.name.my,17507
cumulative,2019-10-01,.name.my,17500
cumulative,2019-11-01,.name.my,17485
cumulative,2019-12-01,.name.my,17471
cumulative,2020-01-01,.name.my,13760
cumulative,2020-02-01,.name.my,13642
cumulative,2020-03-01,.name.my,11992
cumulative,2020-04-01,.name.my,8388
cumulative,2020-05-01,.name.my,6881
cumulative,2020-06-01,.name.my,3081
cumulative,2020-07-01,.name.my,626
cumulative,2020-08-01,.name.my,578
cumulative,2020-09-01,.name.my,561
cumulative,2020-10-01,.name.my,568
cumulative,2020-11-01,.name.my,566
cumulative,2020-12-01,.name.my,573
cumulative,2021-01-01,.name.my,580
cumulative,2021-02-01,.name.my,558
cumulative,2021-03-01,.name.my,560
cumulative,2021-04-01,.name.my,555
cumulative,2021-05-01,.name.my,554
cumulative,2021-06-01,.name.my,550
cumulative,2021-07-01,.name.my,556
cumulative,2021-08-01,.name.my,551
cumulative,2021-09-01,.name.my,542
cumulative,2021-10-01,.name.my,539
cumulative,2021-11-01,.name.my,534
cumulative,2021-12-01,.name.my,521
cumulative,2022-01-01,.name.my,518
cumulative,2022-02-01,.name.my,517
cumulative,2022-03-01,.name.my,510
cumulative,2022-04-01,.name.my,506
cumulative,2022-05-01,.name.my,507
cumulative,2022-06-01,.name.my,514
cumulative,2022-07-01,.name.my,509
cumulative,2022-08-01,.name.my,493
cumulative,2022-09-01,.name.my,481
cumulative,2022-10-01,.name.my,485
cumulative,2022-11-01,.name.my,474
cumulative,2022-12-01,.name.my,470
cumulative,2023-01-01,.name.my,442
cumulative,2023-02-01,.name.my,446
cumulative,2023-03-01,.name.my,447
cumulative,2023-04-01,.name.my,449
cumulative,2023-05-01,.name.my,253
cumulative,2023-06-01,.name.my,253
cumulative,2023-07-01,.name.my,252
cumulative,2023-08-01,.name.my,253
cumulative,2023-09-01,.name.my,249
cumulative,2023-10-01,.name.my,242
cumulative,2023-11-01,.name.my,233
cumulative,2023-12-01,.name.my,227
cumulative,2024-01-01,.name.my,226
cumulative,2024-02-01,.name.my,229
cumulative,2024-03-01,.name.my,231
cumulative,2024-04-01,.name.my,226
cumulative,2024-05-01,.name.my,223
cumulative,2024-06-01,.name.my,225
cumulative,2024-07-01,.name.my,224
cumulative,2024-08-01,.name.my,220
cumulative,2024-09-01,.name.my,221
cumulative,2024-10-01,.name.my,219
cumulative,2024-11-01,.name.my,220
cumulative,2024-12-01,.name.my,218
cumulative,2025-01-01,.name.my,217
new_net,2007-09-01,.name.my,42
new_net,2007-10-01,.name.my,44
new_net,2007-11-01,.name.my,-77
new_net,2007-12-01,.name.my,240
new_net,2008-01-01,.name.my,1
new_net,2008-02-01,.name.my,1
new_net,2008-03-01,.name.my,6
new_net,2008-04-01,.name.my,0
new_net,2008-05-01,.name.my,-3
new_net,2008-06-01,.name.my,2
new_net,2008-07-01,.name.my,4
new_net,2008-08-01,.name.my,-3
new_net,2008-09-01,.name.my,1
new_net,2008-10-01,.name.my,-34
new_net,2008-11-01,.name.my,-38
new_net,2008-12-01,.name.my,-10
new_net,2009-01-01,.name.my,-13
new_net,2009-02-01,.name.my,0
new_net,2009-03-01,.name.my,2
new_net,2009-04-01,.name.my,-6
new_net,2009-05-01,.name.my,-6
new_net,2009-06-01,.name.my,4
new_net,2009-07-01,.name.my,22
new_net,2009-08-01,.name.my,41
new_net,2009-09-01,.name.my,28
new_net,2009-10-01,.name.my,3
new_net,2009-11-01,.name.my,0
new_net,2009-12-01,.name.my,0
new_net,2010-01-01,.name.my,-10
new_net,2010-02-01,.name.my,0
new_net,2010-03-01,.name.my,11
new_net,2010-04-01,.name.my,2
new_net,2010-05-01,.name.my,-2
new_net,2010-06-01,.name.my,10
new_net,2010-07-01,.name.my,-2
new_net,2010-08-01,.name.my,5
new_net,2010-09-01,.name.my,-22
new_net,2010-10-01,.name.my,-44
new_net,2010-11-01,.name.my,-2
new_net,2010-12-01,.name.my,1
new_net,2011-01-01,.name.my,1
new_net,2011-02-01,.name.my,0
new_net,2011-03-01,.name.my,0
new_net,2011-04-01,.name.my,1
new_net,2011-05-01,.name.my,13
new_net,2011-06-01,.name.my,9
new_net,2011-07-01,.name.my,-10
new_net,2011-08-01,.name.my,-2
new_net,2011-09-01,.name.my,1
new_net,2011-10-01,.name.my,-9
new_net,2011-11-01,.name.my,-3
new_net,2011-12-01,.name.my,0
new_net,2012-01-01,.name.my,1
new_net,2012-02-01,.name.my,-237
new_net,2012-03-01,.name.my,1
new_net,2012-04-01,.name.my,-1
new_net,2012-05-01,.name.my,-5
new_net,2012-06-01,.name.my,-1
new_net,2012-07-01,.name.my,-17
new_net,2012-08-01,.name.my,0
new_net,2012-09-01,.name.my,-5
new_net,2012-10-01,.name.my,-4
new_net,2012-11-01,.name.my,-3
new_net,2012-12-01,.name.my,159
new_net,2013-01-01,.name.my,5
new_net,2013-02-01,.name.my,1
new_net,2013-03-01,.name.my,0
new_net,2013-04-01,.name.my,1
new_net,2013-05-01,.name.my,-6
new_net,2013-06-01,.name.my,13
new_net,2013-07-01,.name.my,13
new_net,2013-08-01,.name.my,-2
new_net,2013-09-01,.name.my,580
new_net,2013-10-01,.name.my,-6
new_net,2013-11-01,.name.my,2
new_net,2013-12-01,.name.my,2
new_net,2014-01-01,.name.my,-15
new_net,2014-02-01,.name.my,-24
new_net,2014-03-01,.name.my,42
new_net,2014-04-01,.name.my,2276
new_net,2014-05-01,.name.my,1160
new_net,2014-06-01,.name.my,58
new_net,2014-07-01,.name.my,995
new_net,2014-08-01,.name.my,1759
new_net,2014-09-01,.name.my,612
new_net,2014-10-01,.name.my,726
new_net,2014-11-01,.name.my,-406
new_net,2014-12-01,.name.my,1145
new_net,2015-01-01,.name.my,3524
new_net,2015-02-01,.name.my,44
new_net,2015-03-01,.name.my,10
new_net,2015-04-01,.name.my,88
new_net,2015-05-01,.name.my,1172
new_net,2015-06-01,.name.my,1600
new_net,2015-07-01,.name.my,433
new_net,2015-08-01,.name.my,36
new_net,2015-09-01,.name.my,718
new_net,2015-10-01,.name.my,2535
new_net,2015-11-01,.name.my,1378
new_net,2015-12-01,.name.my,10379
new_net,2016-01-01,.name.my,15
new_net,2016-02-01,.name.my,30
new_net,2016-03-01,.name.my,134
new_net,2016-04-01,.name.my,16
new_net,2016-05-01,.name.my,9
new_net,2016-06-01,.name.my,9
new_net,2016-07-01,.name.my,136
new_net,2016-08-01,.name.my,15
new_net,2016-09-01,.name.my,-4
new_net,2016-10-01,.name.my,-439
new_net,2016-11-01,.name.my,-491
new_net,2016-12-01,.name.my,-1461
new_net,2017-01-01,.name.my,-932
new_net,2017-02-01,.name.my,-1163
new_net,2017-03-01,.name.my,-721
new_net,2017-04-01,.name.my,3
new_net,2017-05-01,.name.my,5
new_net,2017-06-01,.name.my,10
new_net,2017-07-01,.name.my,3
new_net,2017-08-01,.name.my,-4
new_net,2017-09-01,.name.my,4
new_net,2017-10-01,.name.my,13
new_net,2017-11-01,.name.my,7
new_net,2017-12-01,.name.my,-3
new_net,2018-01-01,.name.my,-324
new_net,2018-02-01,.name.my,14
new_net,2018-03-01,.name.my,10
new_net,2018-04-01,.name.my,-330
new_net,2018-05-01,.name.my,-573
new_net,2018-06-01,.name.my,-765
new_net,2018-07-01,.name.my,-984
new_net,2018-08-01,.name.my,-1282
new_net,2018-09-01,.name.my,-585
new_net,2018-10-01,.name.my,11
new_net,2018-11-01,.name.my,14
new_net,2018-12-01,.name.my,6
new_net,2019-01-01,.name.my,6
new_net,2019-02-01,.name.my,-152
new_net,2019-03-01,.name.my,-764
new_net,2019-04-01,.name.my,-1520
new_net,2019-05-01,.name.my,-719
new_net,2019-06-01,.name.my,-327
new_net,2019-07-01,.name.my,-556
new_net,2019-08-01,.name.my,0
new_net,2019-09-01,.name.my,-1
new_net,2019-10-01,.name.my,-7
new_net,2019-11-01,.name.my,-15
new_net,2019-12-01,.name.my,-14
new_net,2020-01-01,.name.my,-3711
new_net,2020-02-01,.name.my,-118
new_net,2020-03-01,.name.my,-1650
new_net,2020-04-01,.name.my,-3604
new_net,2020-05-01,.name.my,-1507
new_net,2020-06-01,.name.my,-3800
new_net,2020-07-01,.name.my,-2455
new_net,2020-08-01,.name.my,-48
new_net,2020-09-01,.name.my,-17
new_net,2020-10-01,.name.my,7
new_net,2020-11-01,.name.my,-2
new_net,2020-12-01,.name.my,7
new_net,2021-01-01,.name.my,7
new_net,2021-02-01,.name.my,-22
new_net,2021-03-01,.name.my,2
new_net,2021-04-01,.name.my,-5
new_net,2021-05-01,.name.my,-1
new_net,2021-06-01,.name.my,-4
new_net,2021-07-01,.name.my,6
new_net,2021-08-01,.name.my,-5
new_net,2021-09-01,.name.my,-9
new_net,2021-10-01,.name.my,-3
new_net,2021-11-01,.name.my,-5
new_net,2021-12-01,.name.my,-13
new_net,2022-01-01,.name.my,-3
new_net,2022-02-01,.name.my,-1
new_net,2022-03-01,.name.my,-7
new_net,2022-04-01,.name.my,-4
new_net,2022-05-01,.name.my,1
new_net,2022-06-01,.name.my,7
new_net,2022-07-01,.name.my,-5
new_net,2022-08-01,.name.my,-16
new_net,2022-09-01,.name.my,-12
new_net,2022-10-01,.name.my,4
new_net,2022-11-01,.name.my,-11
new_net,2022-12-01,.name.my,-4
new_net,2023-01-01,.name.my,-28
new_net,2023-02-01,.name.my,4
new_net,2023-03-01,.name.my,1
new_net,2023-04-01,.name.my,2
new_net,2023-05-01,.name.my,-196
new_net,2023-06-01,.name.my,0
new_net,2023-07-01,.name.my,-1
new_net,2023-08-01,.name.my,1
new_net,2023-09-01,.name.my,-4
new_net,2023-10-01,.name.my,-7
new_net,2023-11-01,.name.my,-9
new_net,2023-12-01,.name.my,-6
new_net,2024-01-01,.name.my,-1
new_net,2024-02-01,.name.my,3
new_net,2024-03-01,.name.my,2
new_net,2024-04-01,.name.my,-5
new_net,2024-05-01,.name.my,-3
new_net,2024-06-01,.name.my,2
new_net,2024-07-01,.name.my,-1
new_net,2024-08-01,.name.my,-4
new_net,2024-09-01,.name.my,1
new_net,2024-10-01,.name.my,-2
new_net,2024-11-01,.name.my,1
new_net,2024-12-01,.name.my,-2
new_net,2025-01-01,.name.my,-1
cumulative,2007-08-01,.coop.my,0
cumulative,2007-09-01,.coop.my,0
cumulative,2007-10-01,.coop.my,0
cumulative,2007-11-01,.coop.my,0
cumulative,2007-12-01,.coop.my,0
cumulative,2008-01-01,.coop.my,0
cumulative,2008-02-01,.coop.my,0
cumulative,2008-03-01,.coop.my,0
cumulative,2008-04-01,.coop.my,0
cumulative,2008-05-01,.coop.my,0
cumulative,2008-06-01,.coop.my,0
cumulative,2008-07-01,.coop.my,0
cumulative,2008-08-01,.coop.my,0
cumulative,2008-09-01,.coop.my,0
cumulative,2008-10-01,.coop.my,0
cumulative,2008-11-01,.coop.my,0
cumulative,2008-12-01,.coop.my,0
cumulative,2009-01-01,.coop.my,0
cumulative,2009-02-01,.coop.my,0
cumulative,2009-03-01,.coop.my,0
cumulative,2009-04-01,.coop.my,0
cumulative,2009-05-01,.coop.my,0
cumulative,2009-06-01,.coop.my,0
cumulative,2009-07-01,.coop.my,0
cumulative,2009-08-01,.coop.my,0
cumulative,2009-09-01,.coop.my,0
cumulative,2009-10-01,.coop.my,0
cumulative,2009-11-01,.coop.my,0
cumulative,2009-12-01,.coop.my,0
cumulative,2010-01-01,.coop.my,0
cumulative,2010-02-01,.coop.my,0
cumulative,2010-03-01,.coop.my,0
cumulative,2010-04-01,.coop.my,0
cumulative,2010-05-01,.coop.my,0
cumulative,2010-06-01,.coop.my,0
cumulative,2010-07-01,.coop.my,0
cumulative,2010-08-01,.coop.my,0
cumulative,2010-09-01,.coop.my,0
cumulative,2010-10-01,.coop.my,0
cumulative,2010-11-01,.coop.my,0
cumulative,2010-12-01,.coop.my,0
cumulative,2011-01-01,.coop.my,0
cumulative,2011-02-01,.coop.my,0
cumulative,2011-03-01,.coop.my,0
cumulative,2011-04-01,.coop.my,0
cumulative,2011-05-01,.coop.my,0
cumulative,2011-06-01,.coop.my,0
cumulative,2011-07-01,.coop.my,0
cumulative,2011-08-01,.coop.my,0
cumulative,2011-09-01,.coop.my,0
cumulative,2011-10-01,.coop.my,0
cumulative,2011-11-01,.coop.my,0
cumulative,2011-12-01,.coop.my,0
cumulative,2012-01-01,.coop.my,0
cumulative,2012-02-01,.coop.my,0
cumulative,2012-03-01,.coop.my,0
cumulative,2012-04-01,.coop.my,0
cumulative,2012-05-01,.coop.my,0
cumulative,2012-06-01,.coop.my,0
cumulative,2012-07-01,.coop.my,0
cumulative,2012-08-01,.coop.my,0
cumulative,2012-09-01,.coop.my,0
cumulative,2012-10-01,.coop.my,0
cumulative,2012-11-01,.coop.my,0
cumulative,2012-12-01,.coop.my,0
cumulative,2013-01-01,.coop.my,0
cumulative,2013-02-01,.coop.my,0
cumulative,2013-03-01,.coop.my,0
cumulative,2013-04-01,.coop.my,0
cumulative,2013-05-01,.coop.my,0
cumulative,2013-06-01,.coop.my,0
cumulative,2013-07-01,.coop.my,0
cumulative,2013-08-01,.coop.my,0
cumulative,2013-09-01,.coop.my,0
cumulative,2013-10-01,.coop.my,0
cumulative,2013-11-01,.coop.my,0
cumulative,2013-12-01,.coop.my,0
cumulative,2014-01-01,.coop.my,0
cumulative,2014-02-01,.coop.my,0
cumulative,2014-03-01,.coop.my,0
cumulative,2014-04-01,.coop.my,0
cumulative,2014-05-01,.coop.my,0
cumulative,2014-06-01,.coop.my,0
cumulative,2014-07-01,.coop.my,0
cumulative,2014-08-01,.coop.my,0
cumulative,2014-09-01,.coop.my,0
cumulative,2014-10-01,.coop.my,0
cumulative,2014-11-01,.coop.my,0
cumulative,2014-12-01,.coop.my,0
cumulative,2015-01-01,.coop.my,0
cumulative,2015-02-01,.coop.my,0
cumulative,2015-03-01,.coop.my,0
cumulative,2015-04-01,.coop.my,0
cumulative,2015-05-01,.coop.my,0
cumulative,2015-06-01,.coop.my,0
cumulative,2015-07-01,.coop.my,0
cumulative,2015-08-01,.coop.my,0
cumulative,2015-09-01,.coop.my,0
cumulative,2015-10-01,.coop.my,0
cumulative,2015-11-01,.coop.my,0
cumulative,2015-12-01,.coop.my,0
cumulative,2016-01-01,.coop.my,0
cumulative,2016-02-01,.coop.my,0
cumulative,2016-03-01,.coop.my,0
cumulative,2016-04-01,.coop.my,0
cumulative,2016-05-01,.coop.my,0
cumulative,2016-06-01,.coop.my,0
cumulative,2016-07-01,.coop.my,0
cumulative,2016-08-01,.coop.my,0
cumulative,2016-09-01,.coop.my,0
cumulative,2016-10-01,.coop.my,0
cumulative,2016-11-01,.coop.my,0
cumulative,2016-12-01,.coop.my,0
cumulative,2017-01-01,.coop.my,0
cumulative,2017-02-01,.coop.my,0
cumulative,2017-03-01,.coop.my,0
cumulative,2017-04-01,.coop.my,0
cumulative,2017-05-01,.coop.my,0
cumulative,2017-06-01,.coop.my,0
cumulative,2017-07-01,.coop.my,0
cumulative,2017-08-01,.coop.my,0
cumulative,2017-09-01,.coop.my,0
cumulative,2017-10-01,.coop.my,0
cumulative,2017-11-01,.coop.my,0
cumulative,2017-12-01,.coop.my,0
cumulative,2018-01-01,.coop.my,0
cumulative,2018-02-01,.coop.my,0
cumulative,2018-03-01,.coop.my,0
cumulative,2018-04-01,.coop.my,0
cumulative,2018-05-01,.coop.my,0
cumulative,2018-06-01,.coop.my,0
cumulative,2018-07-01,.coop.my,0
cumulative,2018-08-01,.coop.my,0
cumulative,2018-09-01,.coop.my,0
cumulative,2018-10-01,.coop.my,0
cumulative,2018-11-01,.coop.my,0
cumulative,2018-12-01,.coop.my,0
cumulative,2019-01-01,.coop.my,0
cumulative,2019-02-01,.coop.my,0
cumulative,2019-03-01,.coop.my,0
cumulative,2019-04-01,.coop.my,0
cumulative,2019-05-01,.coop.my,0
cumulative,2019-06-01,.coop.my,0
cumulative,2019-07-01,.coop.my,0
cumulative,2019-08-01,.coop.my,0
cumulative,2019-09-01,.coop.my,0
cumulative,2019-10-01,.coop.my,0
cumulative,2019-11-01,.coop.my,0
cumulative,2019-12-01,.coop.my,0
cumulative,2020-01-01,.coop.my,0
cumulative,2020-02-01,.coop.my,0
cumulative,2020-03-01,.coop.my,0
cumulative,2020-04-01,.coop.my,0
cumulative,2020-05-01,.coop.my,0
cumulative,2020-06-01,.coop.my,0
cumulative,2020-07-01,.coop.my,0
cumulative,2020-08-01,.coop.my,0
cumulative,2020-09-01,.coop.my,0
cumulative,2020-10-01,.coop.my,0
cumulative,2020-11-01,.coop.my,0
cumulative,2020-12-01,.coop.my,0
cumulative,2021-01-01,.coop.my,0
cumulative,2021-02-01,.coop.my,0
cumulative,2021-03-01,.coop.my,0
cumulative,2021-04-01,.coop.my,0
cumulative,2021-05-01,.coop.my,0
cumulative,2021-06-01,.coop.my,0
cumulative,2021-07-01,.coop.my,0
cumulative,2021-08-01,.coop.my,0
cumulative,2021-09-01,.coop.my,0
cumulative,2021-10-01,.coop.my,0
cumulative,2021-11-01,.coop.my,0
cumulative,2021-12-01,.coop.my,0
cumulative,2022-01-01,.coop.my,0
cumulative,2022-02-01,.coop.my,0
cumulative,2022-03-01,.coop.my,0
cumulative,2022-04-01,.coop.my,0
cumulative,2022-05-01,.coop.my,0
cumulative,2022-06-01,.coop.my,0
cumulative,2022-07-01,.coop.my,0
cumulative,2022-08-01,.coop.my,0
cumulative,2022-09-01,.coop.my,4
cumulative,2022-10-01,.coop.my,6
cumulative,2022-11-01,.coop.my,7
cumulative,2022-12-01,.coop.my,14
cumulative,2023-01-01,.coop.my,24
cumulative,2023-02-01,.coop.my,37
cumulative,2023-03-01,.coop.my,57
cumulative,2023-04-01,.coop.my,58
cumulative,2023-05-01,.coop.my,59
cumulative,2023-06-01,.coop.my,64
cumulative,2023-07-01,.coop.my,64
cumulative,2023-08-01,.coop.my,75
cumulative,2023-09-01,.coop.my,84
cumulative,2023-10-01,.coop.my,86
cumulative,2023-11-01,.coop.my,88
cumulative,2023-12-01,.coop.my,100
cumulative,2024-01-01,.coop.my,104
cumulative,2024-02-01,.coop.my,105
cumulative,2024-03-01,.coop.my,109
cumulative,2024-04-01,.coop.my,109
cumulative,2024-05-01,.coop.my,113
cumulative,2024-06-01,.coop.my,122
cumulative,2024-07-01,.coop.my,134
cumulative,2024-08-01,.coop.my,147
cumulative,2024-09-01,.coop.my,149
cumulative,2024-10-01,.coop.my,152
cumulative,2024-11-01,.coop.my,153
cumulative,2024-12-01,.coop.my,152
cumulative,2025-01-01,.coop.my,152
new_net,2007-09-01,.coop.my,0
new_net,2007-10-01,.coop.my,0
new_net,2007-11-01,.coop.my,0
new_net,2007-12-01,.coop.my,0
new_net,2008-01-01,.coop.my,0
new_net,2008-02-01,.coop.my,0
new_net,2008-03-01,.coop.my,0
new_net,2008-04-01,.coop.my,0
new_net,2008-05-01,.coop.my,0
new_net,2008-06-01,.coop.my,0
new_net,2008-07-01,.coop.my,0
new_net,2008-08-01,.coop.my,0
new_net,2008-09-01,.coop.my,0
new_net,2008-10-01,.coop.my,0
new_net,2008-11-01,.coop.my,0
new_net,2008-12-01,.coop.my,0
new_net,2009-01-01,.coop.my,0
new_net,2009-02-01,.coop.my,0
new_net,2009-03-01,.coop.my,0
new_net,2009-04-01,.coop.my,0
new_net,2009-05-01,.coop.my,0
new_net,2009-06-01,.coop.my,0
new_net,2009-07-01,.coop.my,0
new_net,2009-08-01,.coop.my,0
new_net,2009-09-01,.coop.my,0
new_net,2009-10-01,.coop.my,0
new_net,2009-11-01,.coop.my,0
new_net,2009-12-01,.coop.my,0
new_net,2010-01-01,.coop.my,0
new_net,2010-02-01,.coop.my,0
new_net,2010-03-01,.coop.my,0
new_net,2010-04-01,.coop.my,0
new_net,2010-05-01,.coop.my,0
new_net,2010-06-01,.coop.my,0
new_net,2010-07-01,.coop.my,0
new_net,2010-08-01,.coop.my,0
new_net,2010-09-01,.coop.my,0
new_net,2010-10-01,.coop.my,0
new_net,2010-11-01,.coop.my,0
new_net,2010-12-01,.coop.my,0
new_net,2011-01-01,.coop.my,0
new_net,2011-02-01,.coop.my,0
new_net,2011-03-01,.coop.my,0
new_net,2011-04-01,.coop.my,0
new_net,2011-05-01,.coop.my,0
new_net,2011-06-01,.coop.my,0
new_net,2011-07-01,.coop.my,0
new_net,2011-08-01,.coop.my,0
new_net,2011-09-01,.coop.my,0
new_net,2011-10-01,.coop.my,0
new_net,2011-11-01,.coop.my,0
new_net,2011-12-01,.coop.my,0
new_net,2012-01-01,.coop.my,0
new_net,2012-02-01,.coop.my,0
new_net,2012-03-01,.coop.my,0
new_net,2012-04-01,.coop.my,0
new_net,2012-05-01,.coop.my,0
new_net,2012-06-01,.coop.my,0
new_net,2012-07-01,.coop.my,0
new_net,2012-08-01,.coop.my,0
new_net,2012-09-01,.coop.my,0
new_net,2012-10-01,.coop.my,0
new_net,2012-11-01,.coop.my,0
new_net,2012-12-01,.coop.my,0
new_net,2013-01-01,.coop.my,0
new_net,2013-02-01,.coop.my,0
new_net,2013-03-01,.coop.my,0
new_net,2013-04-01,.coop.my,0
new_net,2013-05-01,.coop.my,0
new_net,2013-06-01,.coop.my,0
new_net,2013-07-01,.coop.my,0
new_net,2013-08-01,.coop.my,0
new_net,2013-09-01,.coop.my,0
new_net,2013-10-01,.coop.my,0
new_net,2013-11-01,.coop.my,0
new_net,2013-12-01,.coop.my,0
new_net,2014-01-01,.coop.my,0
new_net,2014-02-01,.coop.my,0
new_net,2014-03-01,.coop.my,0
new_net,2014-04-01,.coop.my,0
new_net,2014-05-01,.coop.my,0
new_net,2014-06-01,.coop.my,0
new_net,2014-07-01,.coop.my,0
new_net,2014-08-01,.coop.my,0
new_net,2014-09-01,.coop.my,0
new_net,2014-10-01,.coop.my,0
new_net,2014-11-01,.coop.my,0
new_net,2014-12-01,.coop.my,0
new_net,2015-01-01,.coop.my,0
new_net,2015-02-01,.coop.my,0
new_net,2015-03-01,.coop.my,0
new_net,2015-04-01,.coop.my,0
new_net,2015-05-01,.coop.my,0
new_net,2015-06-01,.coop.my,0
new_net,2015-07-01,.coop.my,0
new_net,2015-08-01,.coop.my,0
new_net,2015-09-01,.coop.my,0
new_net,2015-10-01,.coop.my,0
new_net,2015-11-01,.coop.my,0
new_net,2015-12-01,.coop.my,0
new_net,2016-01-01,.coop.my,0
new_net,2016-02-01,.coop.my,0
new_net,2016-03-01,.coop.my,0
new_net,2016-04-01,.coop.my,0
new_net,2016-05-01,.coop.my,0
new_net,2016-06-01,.coop.my,0
new_net,2016-07-01,.coop.my,0
new_net,2016-08-01,.coop.my,0
new_net,2016-09-01,.coop.my,0
new_net,2016-10-01,.coop.my,0
new_net,2016-11-01,.coop.my,0
new_net,2016-12-01,.coop.my,0
new_net,2017-01-01,.coop.my,0
new_net,2017-02-01,.coop.my,0
new_net,2017-03-01,.coop.my,0
new_net,2017-04-01,.coop.my,0
new_net,2017-05-01,.coop.my,0
new_net,2017-06-01,.coop.my,0
new_net,2017-07-01,.coop.my,0
new_net,2017-08-01,.coop.my,0
new_net,2017-09-01,.coop.my,0
new_net,2017-10-01,.coop.my,0
new_net,2017-11-01,.coop.my,0
new_net,2017-12-01,.coop.my,0
new_net,2018-01-01,.coop.my,0
new_net,2018-02-01,.coop.my,0
new_net,2018-03-01,.coop.my,0
new_net,2018-04-01,.coop.my,0
new_net,2018-05-01,.coop.my,0
new_net,2018-06-01,.coop.my,0
new_net,2018-07-01,.coop.my,0
new_net,2018-08-01,.coop.my,0
new_net,2018-09-01,.coop.my,0
new_net,2018-10-01,.coop.my,0
new_net,2018-11-01,.coop.my,0
new_net,2018-12-01,.coop.my,0
new_net,2019-01-01,.coop.my,0
new_net,2019-02-01,.coop.my,0
new_net,2019-03-01,.coop.my,0
new_net,2019-04-01,.coop.my,0
new_net,2019-05-01,.coop.my,0
new_net,2019-06-01,.coop.my,0
new_net,2019-07-01,.coop.my,0
new_net,2019-08-01,.coop.my,0
new_net,2019-09-01,.coop.my,0
new_net,2019-10-01,.coop.my,0
new_net,2019-11-01,.coop.my,0
new_net,2019-12-01,.coop.my,0
new_net,2020-01-01,.coop.my,0
new_net,2020-02-01,.coop.my,0
new_net,2020-03-01,.coop.my,0
new_net,2020-04-01,.coop.my,0
new_net,2020-05-01,.coop.my,0
new_net,2020-06-01,.coop.my,0
new_net,2020-07-01,.coop.my,0
new_net,2020-08-01,.coop.my,0
new_net,2020-09-01,.coop.my,0
new_net,2020-10-01,.coop.my,0
new_net,2020-11-01,.coop.my,0
new_net,2020-12-01,.coop.my,0
new_net,2021-01-01,.coop.my,0
new_net,2021-02-01,.coop.my,0
new_net,2021-03-01,.coop.my,0
new_net,2021-04-01,.coop.my,0
new_net,2021-05-01,.coop.my,0
new_net,2021-06-01,.coop.my,0
new_net,2021-07-01,.coop.my,0
new_net,2021-08-01,.coop.my,0
new_net,2021-09-01,.coop.my,0
new_net,2021-10-01,.coop.my,0
new_net,2021-11-01,.coop.my,0
new_net,2021-12-01,.coop.my,0
new_net,2022-01-01,.coop.my,0
new_net,2022-02-01,.coop.my,0
new_net,2022-03-01,.coop.my,0
new_net,2022-04-01,.coop.my,0
new_net,2022-05-01,.coop.my,0
new_net,2022-06-01,.coop.my,0
new_net,2022-07-01,.coop.my,0
new_net,2022-08-01,.coop.my,0
new_net,2022-09-01,.coop.my,4
new_net,2022-10-01,.coop.my,2
new_net,2022-11-01,.coop.my,1
new_net,2022-12-01,.coop.my,7
new_net,2023-01-01,.coop.my,10
new_net,2023-02-01,.coop.my,13
new_net,2023-03-01,.coop.my,20
new_net,2023-04-01,.coop.my,1
new_net,2023-05-01,.coop.my,1
new_net,2023-06-01,.coop.my,5
new_net,2023-07-01,.coop.my,0
new_net,2023-08-01,.coop.my,11
new_net,2023-09-01,.coop.my,9
new_net,2023-10-01,.coop.my,2
new_net,2023-11-01,.coop.my,2
new_net,2023-12-01,.coop.my,12
new_net,2024-01-01,.coop.my,4
new_net,2024-02-01,.coop.my,1
new_net,2024-03-01,.coop.my,4
new_net,2024-04-01,.coop.my,0
new_net,2024-05-01,.coop.my,4
new_net,2024-06-01,.coop.my,9
new_net,2024-07-01,.coop.my,12
new_net,2024-08-01,.coop.my,13
new_net,2024-09-01,.coop.my,2
new_net,2024-10-01,.coop.my,3
new_net,2024-11-01,.coop.my,1
new_net,2024-12-01,.coop.my,-1
new_net,2025-01-01,.coop.my,0
