origin,destination,date,ridership
A0: All Stations,BRT01: Sunway-Setia Jaya,2023-04-01,581
A0: All Stations,BRT01: Sunway-Setia Jaya,2023-04-02,467
A0: All Stations,BRT01: Sunway-Setia Jaya,2023-04-03,1212
A0: All Stations,BRT01: Sunway-Setia Jaya,2023-04-04,1245
A0: All Stations,BRT01: Sunway-Setia Jaya,2023-04-05,1251
A0: All Stations,BRT01: Sunway-Setia Jaya,2023-04-06,1283
A0: All Stations,BRT01: Sunway-Setia Jaya,2023-04-07,1253
A0: All Stations,BRT01: Sunway-Setia Jaya,2023-04-08,598
A0: All Stations,BRT01: Sunway-Setia Jaya,2023-04-09,528
A0: All Stations,BRT01: Sunway-Setia Jaya,2023-04-10,1246
A0: All Stations,BRT01: Sunway-Setia Jaya,2023-04-11,1254
A0: All Stations,BRT01: Sunway-Setia Jaya,2023-04-12,1265
A0: All Stations,BRT01: Sunway-Setia Jaya,2023-04-13,1140
A0: All Stations,BRT01: Sunway-Setia Jaya,2023-04-14,1138
A0: All Stations,BRT01: Sunway-Setia Jaya,2023-04-15,662
A0: All Stations,BRT01: Sunway-Setia Jaya,2023-04-16,498
A0: All Stations,BRT01: Sunway-Setia Jaya,2023-04-17,1168
A0: All Stations,BRT01: Sunway-Setia Jaya,2023-04-18,1275
A0: All Stations,BRT01: Sunway-Setia Jaya,2023-04-19,1265
A0: All Stations,BRT01: Sunway-Setia Jaya,2023-04-20,1119
A0: All Stations,BRT01: Sunway-Setia Jaya,2023-04-21,559
A0: All Stations,BRT01: Sunway-Setia Jaya,2023-04-22,505
A0: All Stations,BRT01: Sunway-Setia Jaya,2023-04-23,516
A0: All Stations,BRT01: Sunway-Setia Jaya,2023-04-24,511
A0: All Stations,BRT01: Sunway-Setia Jaya,2023-04-25,799
A0: All Stations,BRT01: Sunway-Setia Jaya,2023-04-26,926
A0: All Stations,BRT01: Sunway-Setia Jaya,2023-04-27,1049
A0: All Stations,BRT01: Sunway-Setia Jaya,2023-04-28,913
A0: All Stations,BRT01: Sunway-Setia Jaya,2023-04-29,610
A0: All Stations,BRT01: Sunway-Setia Jaya,2023-04-30,504
A0: All Stations,BRT01: Sunway-Setia Jaya,2023-05-01,530
A0: All Stations,BRT01: Sunway-Setia Jaya,2023-05-02,1134
A0: All Stations,BRT01: Sunway-Setia Jaya,2023-05-03,1128
A0: All Stations,BRT01: Sunway-Setia Jaya,2023-05-04,624
A0: All Stations,BRT01: Sunway-Setia Jaya,2023-05-05,1037
A0: All Stations,BRT01: Sunway-Setia Jaya,2023-05-06,582
A0: All Stations,BRT01: Sunway-Setia Jaya,2023-05-07,502
A0: All Stations,BRT01: Sunway-Setia Jaya,2023-05-08,1138
A0: All Stations,BRT01: Sunway-Setia Jaya,2023-05-09,1182
A0: All Stations,BRT01: Sunway-Setia Jaya,2023-05-10,1133
A0: All Stations,BRT01: Sunway-Setia Jaya,2023-05-11,1144
A0: All Stations,BRT01: Sunway-Setia Jaya,2023-05-12,1067
A0: All Stations,BRT01: Sunway-Setia Jaya,2023-05-13,588
A0: All Stations,BRT01: Sunway-Setia Jaya,2023-05-14,488
A0: All Stations,BRT01: Sunway-Setia Jaya,2023-05-15,1216
A0: All Stations,BRT01: Sunway-Setia Jaya,2023-05-16,1220
A0: All Stations,BRT01: Sunway-Setia Jaya,2023-05-17,1243
A0: All Stations,BRT01: Sunway-Setia Jaya,2023-05-18,1247
A0: All Stations,BRT01: Sunway-Setia Jaya,2023-05-19,1089
A0: All Stations,BRT01: Sunway-Setia Jaya,2023-05-20,670
A0: All Stations,BRT01: Sunway-Setia Jaya,2023-05-21,521
A0: All Stations,BRT01: Sunway-Setia Jaya,2023-05-22,1456
A0: All Stations,BRT01: Sunway-Setia Jaya,2023-05-23,1456
A0: All Stations,BRT01: Sunway-Setia Jaya,2023-05-24,1418
A0: All Stations,BRT01: Sunway-Setia Jaya,2023-05-25,1394
A0: All Stations,BRT01: Sunway-Setia Jaya,2023-05-26,1269
A0: All Stations,BRT01: Sunway-Setia Jaya,2023-05-27,731
A0: All Stations,BRT01: Sunway-Setia Jaya,2023-05-28,525
A0: All Stations,BRT01: Sunway-Setia Jaya,2023-05-29,1369
A0: All Stations,BRT01: Sunway-Setia Jaya,2023-05-30,1426
A0: All Stations,BRT01: Sunway-Setia Jaya,2023-05-31,1450
A0: All Stations,BRT01: Sunway-Setia Jaya,2023-06-01,1408
A0: All Stations,BRT01: Sunway-Setia Jaya,2023-06-02,1334
A0: All Stations,BRT01: Sunway-Setia Jaya,2023-06-03,680
A0: All Stations,BRT01: Sunway-Setia Jaya,2023-06-04,515
A0: All Stations,BRT01: Sunway-Setia Jaya,2023-06-05,523
A0: All Stations,BRT01: Sunway-Setia Jaya,2023-06-06,1465
A0: All Stations,BRT01: Sunway-Setia Jaya,2023-06-07,1419
A0: All Stations,BRT01: Sunway-Setia Jaya,2023-06-08,1474
A0: All Stations,BRT01: Sunway-Setia Jaya,2023-06-09,1377
A0: All Stations,BRT01: Sunway-Setia Jaya,2023-06-10,760
A0: All Stations,BRT01: Sunway-Setia Jaya,2023-06-11,581
A0: All Stations,BRT01: Sunway-Setia Jaya,2023-06-12,1293
A0: All Stations,BRT01: Sunway-Setia Jaya,2023-06-13,1379
A0: All Stations,BRT01: Sunway-Setia Jaya,2023-06-14,1413
A0: All Stations,BRT01: Sunway-Setia Jaya,2023-06-15,1493
A0: All Stations,BRT01: Sunway-Setia Jaya,2023-06-16,1368
A0: All Stations,BRT01: Sunway-Setia Jaya,2023-06-17,697
A0: All Stations,BRT01: Sunway-Setia Jaya,2023-06-18,525
A0: All Stations,BRT01: Sunway-Setia Jaya,2023-06-19,1400
A0: All Stations,BRT01: Sunway-Setia Jaya,2023-06-20,1453
A0: All Stations,BRT01: Sunway-Setia Jaya,2023-06-21,1444
A0: All Stations,BRT01: Sunway-Setia Jaya,2023-06-22,1403
A0: All Stations,BRT01: Sunway-Setia Jaya,2023-06-23,1278
A0: All Stations,BRT01: Sunway-Setia Jaya,2023-06-24,742
A0: All Stations,BRT01: Sunway-Setia Jaya,2023-06-25,559
A0: All Stations,BRT01: Sunway-Setia Jaya,2023-06-26,1392
A0: All Stations,BRT01: Sunway-Setia Jaya,2023-06-27,1424
A0: All Stations,BRT01: Sunway-Setia Jaya,2023-06-28,1355
A0: All Stations,BRT01: Sunway-Setia Jaya,2023-06-29,631
A0: All Stations,BRT01: Sunway-Setia Jaya,2023-06-30,1127
A0: All Stations,BRT01: Sunway-Setia Jaya,2023-07-01,653
A0: All Stations,BRT01: Sunway-Setia Jaya,2023-07-02,479
A0: All Stations,BRT01: Sunway-Setia Jaya,2023-07-03,1323
A0: All Stations,BRT01: Sunway-Setia Jaya,2023-07-04,1437
A0: All Stations,BRT01: Sunway-Setia Jaya,2023-07-05,1447
A0: All Stations,BRT01: Sunway-Setia Jaya,2023-07-06,1471
A0: All Stations,BRT01: Sunway-Setia Jaya,2023-07-07,1323
A0: All Stations,BRT01: Sunway-Setia Jaya,2023-07-08,760
A0: All Stations,BRT01: Sunway-Setia Jaya,2023-07-09,574
A0: All Stations,BRT01: Sunway-Setia Jaya,2023-07-10,1315
A0: All Stations,BRT01: Sunway-Setia Jaya,2023-07-11,1326
A0: All Stations,BRT01: Sunway-Setia Jaya,2023-07-12,1312
A0: All Stations,BRT01: Sunway-Setia Jaya,2023-07-13,1282
A0: All Stations,BRT01: Sunway-Setia Jaya,2023-07-14,1264
A0: All Stations,BRT01: Sunway-Setia Jaya,2023-07-15,691
A0: All Stations,BRT01: Sunway-Setia Jaya,2023-07-16,490
A0: All Stations,BRT01: Sunway-Setia Jaya,2023-07-17,1325
A0: All Stations,BRT01: Sunway-Setia Jaya,2023-07-18,1383
A0: All Stations,BRT01: Sunway-Setia Jaya,2023-07-19,600
A0: All Stations,BRT01: Sunway-Setia Jaya,2023-07-20,1421
A0: All Stations,BRT01: Sunway-Setia Jaya,2023-07-21,1302
A0: All Stations,BRT01: Sunway-Setia Jaya,2023-07-22,707
A0: All Stations,BRT01: Sunway-Setia Jaya,2023-07-23,523
A0: All Stations,BRT01: Sunway-Setia Jaya,2023-07-24,1365
A0: All Stations,BRT01: Sunway-Setia Jaya,2023-07-25,1381
A0: All Stations,BRT01: Sunway-Setia Jaya,2023-07-26,1420
A0: All Stations,BRT01: Sunway-Setia Jaya,2023-07-27,1380
A0: All Stations,BRT01: Sunway-Setia Jaya,2023-07-28,1346
A0: All Stations,BRT01: Sunway-Setia Jaya,2023-07-29,770
A0: All Stations,BRT01: Sunway-Setia Jaya,2023-07-30,523
A0: All Stations,BRT01: Sunway-Setia Jaya,2023-07-31,1330
A0: All Stations,BRT01: Sunway-Setia Jaya,2023-08-01,1278
A0: All Stations,BRT01: Sunway-Setia Jaya,2023-08-02,1377
A0: All Stations,BRT01: Sunway-Setia Jaya,2023-08-03,1375
A0: All Stations,BRT01: Sunway-Setia Jaya,2023-08-04,1273
A0: All Stations,BRT01: Sunway-Setia Jaya,2023-08-05,721
A0: All Stations,BRT01: Sunway-Setia Jaya,2023-08-06,507
A0: All Stations,BRT01: Sunway-Setia Jaya,2023-08-07,1314
A0: All Stations,BRT01: Sunway-Setia Jaya,2023-08-08,1285
A0: All Stations,BRT01: Sunway-Setia Jaya,2023-08-09,1318
A0: All Stations,BRT01: Sunway-Setia Jaya,2023-08-10,1290
A0: All Stations,BRT01: Sunway-Setia Jaya,2023-08-11,1135
A0: All Stations,BRT01: Sunway-Setia Jaya,2023-08-12,576
A0: All Stations,BRT01: Sunway-Setia Jaya,2023-08-13,471
A0: All Stations,BRT01: Sunway-Setia Jaya,2023-08-14,720
A0: All Stations,BRT01: Sunway-Setia Jaya,2023-08-15,1293
A0: All Stations,BRT01: Sunway-Setia Jaya,2023-08-16,1297
A0: All Stations,BRT01: Sunway-Setia Jaya,2023-08-17,1296
A0: All Stations,BRT01: Sunway-Setia Jaya,2023-08-18,1234
A0: All Stations,BRT01: Sunway-Setia Jaya,2023-08-19,733
A0: All Stations,BRT01: Sunway-Setia Jaya,2023-08-20,468
A0: All Stations,BRT01: Sunway-Setia Jaya,2023-08-21,1148
A0: All Stations,BRT01: Sunway-Setia Jaya,2023-08-22,1091
A0: All Stations,BRT01: Sunway-Setia Jaya,2023-08-23,1139
A0: All Stations,BRT01: Sunway-Setia Jaya,2023-08-24,1145
A0: All Stations,BRT01: Sunway-Setia Jaya,2023-08-25,1131
A0: All Stations,BRT01: Sunway-Setia Jaya,2023-08-26,664
A0: All Stations,BRT01: Sunway-Setia Jaya,2023-08-27,496
A0: All Stations,BRT01: Sunway-Setia Jaya,2023-08-28,996
A0: All Stations,BRT01: Sunway-Setia Jaya,2023-08-29,1120
A0: All Stations,BRT01: Sunway-Setia Jaya,2023-08-30,1118
A0: All Stations,BRT01: Sunway-Setia Jaya,2023-08-31,585
A0: All Stations,BRT01: Sunway-Setia Jaya,2023-09-01,873
A0: All Stations,BRT01: Sunway-Setia Jaya,2023-09-02,587
A0: All Stations,BRT01: Sunway-Setia Jaya,2023-09-03,436
A0: All Stations,BRT01: Sunway-Setia Jaya,2023-09-04,1084
A0: All Stations,BRT01: Sunway-Setia Jaya,2023-09-05,1064
A0: All Stations,BRT01: Sunway-Setia Jaya,2023-09-06,1127
A0: All Stations,BRT01: Sunway-Setia Jaya,2023-09-07,1149
A0: All Stations,BRT01: Sunway-Setia Jaya,2023-09-08,1090
A0: All Stations,BRT01: Sunway-Setia Jaya,2023-09-09,588
A0: All Stations,BRT01: Sunway-Setia Jaya,2023-09-10,488
A0: All Stations,BRT01: Sunway-Setia Jaya,2023-09-11,1109
A0: All Stations,BRT01: Sunway-Setia Jaya,2023-09-12,1130
A0: All Stations,BRT01: Sunway-Setia Jaya,2023-09-13,1175
A0: All Stations,BRT01: Sunway-Setia Jaya,2023-09-14,1202
A0: All Stations,BRT01: Sunway-Setia Jaya,2023-09-15,1112
A0: All Stations,BRT01: Sunway-Setia Jaya,2023-09-16,702
A0: All Stations,BRT01: Sunway-Setia Jaya,2023-09-17,501
A0: All Stations,BRT01: Sunway-Setia Jaya,2023-09-18,1514
A0: All Stations,BRT01: Sunway-Setia Jaya,2023-09-19,1562
A0: All Stations,BRT01: Sunway-Setia Jaya,2023-09-20,1606
A0: All Stations,BRT01: Sunway-Setia Jaya,2023-09-21,1547
A0: All Stations,BRT01: Sunway-Setia Jaya,2023-09-22,1461
A0: All Stations,BRT01: Sunway-Setia Jaya,2023-09-23,784
A0: All Stations,BRT01: Sunway-Setia Jaya,2023-09-24,506
A0: All Stations,BRT01: Sunway-Setia Jaya,2023-09-25,1537
A0: All Stations,BRT01: Sunway-Setia Jaya,2023-09-26,1494
A0: All Stations,BRT01: Sunway-Setia Jaya,2023-09-27,1557
A0: All Stations,BRT01: Sunway-Setia Jaya,2023-09-28,609
A0: All Stations,BRT01: Sunway-Setia Jaya,2023-09-29,1367
A0: All Stations,BRT01: Sunway-Setia Jaya,2023-09-30,775
A0: All Stations,BRT01: Sunway-Setia Jaya,2023-10-01,513
A0: All Stations,BRT01: Sunway-Setia Jaya,2023-10-02,1415
A0: All Stations,BRT01: Sunway-Setia Jaya,2023-10-03,1533
A0: All Stations,BRT01: Sunway-Setia Jaya,2023-10-04,1563
A0: All Stations,BRT01: Sunway-Setia Jaya,2023-10-05,1468
A0: All Stations,BRT01: Sunway-Setia Jaya,2023-10-06,1456
A0: All Stations,BRT01: Sunway-Setia Jaya,2023-10-07,843
A0: All Stations,BRT01: Sunway-Setia Jaya,2023-10-08,541
A0: All Stations,BRT01: Sunway-Setia Jaya,2023-10-09,1481
A0: All Stations,BRT01: Sunway-Setia Jaya,2023-10-10,1514
A0: All Stations,BRT01: Sunway-Setia Jaya,2023-10-11,1557
A0: All Stations,BRT01: Sunway-Setia Jaya,2023-10-12,1500
A0: All Stations,BRT01: Sunway-Setia Jaya,2023-10-13,1475
A0: All Stations,BRT01: Sunway-Setia Jaya,2023-10-14,756
A0: All Stations,BRT01: Sunway-Setia Jaya,2023-10-15,496
A0: All Stations,BRT01: Sunway-Setia Jaya,2023-10-16,1464
A0: All Stations,BRT01: Sunway-Setia Jaya,2023-10-17,1518
A0: All Stations,BRT01: Sunway-Setia Jaya,2023-10-18,1496
A0: All Stations,BRT01: Sunway-Setia Jaya,2023-10-19,1543
A0: All Stations,BRT01: Sunway-Setia Jaya,2023-10-20,1413
A0: All Stations,BRT01: Sunway-Setia Jaya,2023-10-21,755
A0: All Stations,BRT01: Sunway-Setia Jaya,2023-10-22,471
A0: All Stations,BRT01: Sunway-Setia Jaya,2023-10-23,1417
A0: All Stations,BRT01: Sunway-Setia Jaya,2023-10-24,1478
A0: All Stations,BRT01: Sunway-Setia Jaya,2023-10-25,1515
A0: All Stations,BRT01: Sunway-Setia Jaya,2023-10-26,1425
A0: All Stations,BRT01: Sunway-Setia Jaya,2023-10-27,1428
A0: All Stations,BRT01: Sunway-Setia Jaya,2023-10-28,750
A0: All Stations,BRT01: Sunway-Setia Jaya,2023-10-29,481
A0: All Stations,BRT01: Sunway-Setia Jaya,2023-10-30,1431
A0: All Stations,BRT01: Sunway-Setia Jaya,2023-10-31,1517
A0: All Stations,BRT01: Sunway-Setia Jaya,2023-11-01,1423
A0: All Stations,BRT01: Sunway-Setia Jaya,2023-11-02,1409
A0: All Stations,BRT01: Sunway-Setia Jaya,2023-11-03,1298
A0: All Stations,BRT01: Sunway-Setia Jaya,2023-11-04,865
A0: All Stations,BRT01: Sunway-Setia Jaya,2023-11-05,635
A0: All Stations,BRT01: Sunway-Setia Jaya,2023-11-06,1345
A0: All Stations,BRT01: Sunway-Setia Jaya,2023-11-07,1364
A0: All Stations,BRT01: Sunway-Setia Jaya,2023-11-08,1426
A0: All Stations,BRT01: Sunway-Setia Jaya,2023-11-09,1315
A0: All Stations,BRT01: Sunway-Setia Jaya,2023-11-10,1233
A0: All Stations,BRT01: Sunway-Setia Jaya,2023-11-11,749
A0: All Stations,BRT01: Sunway-Setia Jaya,2023-11-12,561
A0: All Stations,BRT01: Sunway-Setia Jaya,2023-11-13,492
A0: All Stations,BRT01: Sunway-Setia Jaya,2023-11-14,1254
A0: All Stations,BRT01: Sunway-Setia Jaya,2023-11-15,1382
A0: All Stations,BRT01: Sunway-Setia Jaya,2023-11-16,1398
A0: All Stations,BRT01: Sunway-Setia Jaya,2023-11-17,1361
A0: All Stations,BRT01: Sunway-Setia Jaya,2023-11-18,749
A0: All Stations,BRT01: Sunway-Setia Jaya,2023-11-19,516
A0: All Stations,BRT01: Sunway-Setia Jaya,2023-11-20,1434
A0: All Stations,BRT01: Sunway-Setia Jaya,2023-11-21,1509
A0: All Stations,BRT01: Sunway-Setia Jaya,2023-11-22,1506
A0: All Stations,BRT01: Sunway-Setia Jaya,2023-11-23,1456
A0: All Stations,BRT01: Sunway-Setia Jaya,2023-11-24,1348
A0: All Stations,BRT01: Sunway-Setia Jaya,2023-11-25,428
A0: All Stations,BRT01: Sunway-Setia Jaya,2023-11-26,508
A0: All Stations,BRT01: Sunway-Setia Jaya,2023-11-27,1380
A0: All Stations,BRT01: Sunway-Setia Jaya,2023-11-28,1468
A0: All Stations,BRT01: Sunway-Setia Jaya,2023-11-29,1516
A0: All Stations,BRT01: Sunway-Setia Jaya,2023-11-30,1380
A0: All Stations,BRT01: Sunway-Setia Jaya,2023-12-01,1301
A0: All Stations,BRT01: Sunway-Setia Jaya,2023-12-02,802
A0: All Stations,BRT01: Sunway-Setia Jaya,2023-12-03,438
A0: All Stations,BRT01: Sunway-Setia Jaya,2023-12-04,1278
A0: All Stations,BRT01: Sunway-Setia Jaya,2023-12-05,1315
A0: All Stations,BRT01: Sunway-Setia Jaya,2023-12-06,1379
A0: All Stations,BRT01: Sunway-Setia Jaya,2023-12-07,1306
A0: All Stations,BRT01: Sunway-Setia Jaya,2023-12-08,1362
A0: All Stations,BRT01: Sunway-Setia Jaya,2023-12-09,730
A0: All Stations,BRT01: Sunway-Setia Jaya,2023-12-10,525
A0: All Stations,BRT01: Sunway-Setia Jaya,2023-12-11,634
A0: All Stations,BRT01: Sunway-Setia Jaya,2023-12-12,1286
A0: All Stations,BRT01: Sunway-Setia Jaya,2023-12-13,1315
A0: All Stations,BRT01: Sunway-Setia Jaya,2023-12-14,1232
A0: All Stations,BRT01: Sunway-Setia Jaya,2023-12-15,1225
A0: All Stations,BRT01: Sunway-Setia Jaya,2023-12-16,719
A0: All Stations,BRT01: Sunway-Setia Jaya,2023-12-17,488
A0: All Stations,BRT01: Sunway-Setia Jaya,2023-12-18,1091
A0: All Stations,BRT01: Sunway-Setia Jaya,2023-12-19,1061
A0: All Stations,BRT01: Sunway-Setia Jaya,2023-12-20,1063
A0: All Stations,BRT01: Sunway-Setia Jaya,2023-12-21,1004
A0: All Stations,BRT01: Sunway-Setia Jaya,2023-12-22,895
A0: All Stations,BRT01: Sunway-Setia Jaya,2023-12-23,695
A0: All Stations,BRT01: Sunway-Setia Jaya,2023-12-24,535
A0: All Stations,BRT01: Sunway-Setia Jaya,2023-12-25,532
A0: All Stations,BRT01: Sunway-Setia Jaya,2023-12-26,760
A0: All Stations,BRT01: Sunway-Setia Jaya,2023-12-27,821
A0: All Stations,BRT01: Sunway-Setia Jaya,2023-12-28,782
A0: All Stations,BRT01: Sunway-Setia Jaya,2023-12-29,789
A0: All Stations,BRT01: Sunway-Setia Jaya,2023-12-30,613
A0: All Stations,BRT01: Sunway-Setia Jaya,2023-12-31,535
A0: All Stations,BRT02: Mentari,2023-04-01,582
A0: All Stations,BRT02: Mentari,2023-04-02,628
A0: All Stations,BRT02: Mentari,2023-04-03,808
A0: All Stations,BRT02: Mentari,2023-04-04,907
A0: All Stations,BRT02: Mentari,2023-04-05,1005
A0: All Stations,BRT02: Mentari,2023-04-06,891
A0: All Stations,BRT02: Mentari,2023-04-07,907
A0: All Stations,BRT02: Mentari,2023-04-08,582
A0: All Stations,BRT02: Mentari,2023-04-09,663
A0: All Stations,BRT02: Mentari,2023-04-10,861
A0: All Stations,BRT02: Mentari,2023-04-11,870
A0: All Stations,BRT02: Mentari,2023-04-12,962
A0: All Stations,BRT02: Mentari,2023-04-13,840
A0: All Stations,BRT02: Mentari,2023-04-14,826
A0: All Stations,BRT02: Mentari,2023-04-15,583
A0: All Stations,BRT02: Mentari,2023-04-16,639
A0: All Stations,BRT02: Mentari,2023-04-17,894
A0: All Stations,BRT02: Mentari,2023-04-18,875
A0: All Stations,BRT02: Mentari,2023-04-19,901
A0: All Stations,BRT02: Mentari,2023-04-20,752
A0: All Stations,BRT02: Mentari,2023-04-21,491
A0: All Stations,BRT02: Mentari,2023-04-22,464
A0: All Stations,BRT02: Mentari,2023-04-23,591
A0: All Stations,BRT02: Mentari,2023-04-24,422
A0: All Stations,BRT02: Mentari,2023-04-25,681
A0: All Stations,BRT02: Mentari,2023-04-26,787
A0: All Stations,BRT02: Mentari,2023-04-27,708
A0: All Stations,BRT02: Mentari,2023-04-28,770
A0: All Stations,BRT02: Mentari,2023-04-29,580
A0: All Stations,BRT02: Mentari,2023-04-30,558
A0: All Stations,BRT02: Mentari,2023-05-01,465
A0: All Stations,BRT02: Mentari,2023-05-02,845
A0: All Stations,BRT02: Mentari,2023-05-03,885
A0: All Stations,BRT02: Mentari,2023-05-04,598
A0: All Stations,BRT02: Mentari,2023-05-05,881
A0: All Stations,BRT02: Mentari,2023-05-06,564
A0: All Stations,BRT02: Mentari,2023-05-07,632
A0: All Stations,BRT02: Mentari,2023-05-08,844
A0: All Stations,BRT02: Mentari,2023-05-09,900
A0: All Stations,BRT02: Mentari,2023-05-10,934
A0: All Stations,BRT02: Mentari,2023-05-11,882
A0: All Stations,BRT02: Mentari,2023-05-12,912
A0: All Stations,BRT02: Mentari,2023-05-13,672
A0: All Stations,BRT02: Mentari,2023-05-14,579
A0: All Stations,BRT02: Mentari,2023-05-15,842
A0: All Stations,BRT02: Mentari,2023-05-16,846
A0: All Stations,BRT02: Mentari,2023-05-17,897
A0: All Stations,BRT02: Mentari,2023-05-18,850
A0: All Stations,BRT02: Mentari,2023-05-19,910
A0: All Stations,BRT02: Mentari,2023-05-20,578
A0: All Stations,BRT02: Mentari,2023-05-21,586
A0: All Stations,BRT02: Mentari,2023-05-22,823
A0: All Stations,BRT02: Mentari,2023-05-23,860
A0: All Stations,BRT02: Mentari,2023-05-24,961
A0: All Stations,BRT02: Mentari,2023-05-25,810
A0: All Stations,BRT02: Mentari,2023-05-26,903
A0: All Stations,BRT02: Mentari,2023-05-27,644
A0: All Stations,BRT02: Mentari,2023-05-28,643
A0: All Stations,BRT02: Mentari,2023-05-29,808
A0: All Stations,BRT02: Mentari,2023-05-30,809
A0: All Stations,BRT02: Mentari,2023-05-31,944
A0: All Stations,BRT02: Mentari,2023-06-01,775
A0: All Stations,BRT02: Mentari,2023-06-02,810
A0: All Stations,BRT02: Mentari,2023-06-03,621
A0: All Stations,BRT02: Mentari,2023-06-04,643
A0: All Stations,BRT02: Mentari,2023-06-05,449
A0: All Stations,BRT02: Mentari,2023-06-06,887
A0: All Stations,BRT02: Mentari,2023-06-07,950
A0: All Stations,BRT02: Mentari,2023-06-08,839
A0: All Stations,BRT02: Mentari,2023-06-09,850
A0: All Stations,BRT02: Mentari,2023-06-10,607
A0: All Stations,BRT02: Mentari,2023-06-11,706
A0: All Stations,BRT02: Mentari,2023-06-12,822
A0: All Stations,BRT02: Mentari,2023-06-13,862
A0: All Stations,BRT02: Mentari,2023-06-14,976
A0: All Stations,BRT02: Mentari,2023-06-15,852
A0: All Stations,BRT02: Mentari,2023-06-16,869
A0: All Stations,BRT02: Mentari,2023-06-17,616
A0: All Stations,BRT02: Mentari,2023-06-18,572
A0: All Stations,BRT02: Mentari,2023-06-19,836
A0: All Stations,BRT02: Mentari,2023-06-20,867
A0: All Stations,BRT02: Mentari,2023-06-21,902
A0: All Stations,BRT02: Mentari,2023-06-22,806
A0: All Stations,BRT02: Mentari,2023-06-23,859
A0: All Stations,BRT02: Mentari,2023-06-24,585
A0: All Stations,BRT02: Mentari,2023-06-25,595
A0: All Stations,BRT02: Mentari,2023-06-26,792
A0: All Stations,BRT02: Mentari,2023-06-27,893
A0: All Stations,BRT02: Mentari,2023-06-28,945
A0: All Stations,BRT02: Mentari,2023-06-29,595
A0: All Stations,BRT02: Mentari,2023-06-30,779
A0: All Stations,BRT02: Mentari,2023-07-01,545
A0: All Stations,BRT02: Mentari,2023-07-02,642
A0: All Stations,BRT02: Mentari,2023-07-03,798
A0: All Stations,BRT02: Mentari,2023-07-04,863
A0: All Stations,BRT02: Mentari,2023-07-05,996
A0: All Stations,BRT02: Mentari,2023-07-06,887
A0: All Stations,BRT02: Mentari,2023-07-07,905
A0: All Stations,BRT02: Mentari,2023-07-08,672
A0: All Stations,BRT02: Mentari,2023-07-09,790
A0: All Stations,BRT02: Mentari,2023-07-10,881
A0: All Stations,BRT02: Mentari,2023-07-11,866
A0: All Stations,BRT02: Mentari,2023-07-12,995
A0: All Stations,BRT02: Mentari,2023-07-13,888
A0: All Stations,BRT02: Mentari,2023-07-14,874
A0: All Stations,BRT02: Mentari,2023-07-15,676
A0: All Stations,BRT02: Mentari,2023-07-16,622
A0: All Stations,BRT02: Mentari,2023-07-17,848
A0: All Stations,BRT02: Mentari,2023-07-18,900
A0: All Stations,BRT02: Mentari,2023-07-19,586
A0: All Stations,BRT02: Mentari,2023-07-20,857
A0: All Stations,BRT02: Mentari,2023-07-21,915
A0: All Stations,BRT02: Mentari,2023-07-22,627
A0: All Stations,BRT02: Mentari,2023-07-23,609
A0: All Stations,BRT02: Mentari,2023-07-24,853
A0: All Stations,BRT02: Mentari,2023-07-25,873
A0: All Stations,BRT02: Mentari,2023-07-26,1003
A0: All Stations,BRT02: Mentari,2023-07-27,846
A0: All Stations,BRT02: Mentari,2023-07-28,883
A0: All Stations,BRT02: Mentari,2023-07-29,683
A0: All Stations,BRT02: Mentari,2023-07-30,620
A0: All Stations,BRT02: Mentari,2023-07-31,916
A0: All Stations,BRT02: Mentari,2023-08-01,900
A0: All Stations,BRT02: Mentari,2023-08-02,954
A0: All Stations,BRT02: Mentari,2023-08-03,881
A0: All Stations,BRT02: Mentari,2023-08-04,908
A0: All Stations,BRT02: Mentari,2023-08-05,661
A0: All Stations,BRT02: Mentari,2023-08-06,630
A0: All Stations,BRT02: Mentari,2023-08-07,887
A0: All Stations,BRT02: Mentari,2023-08-08,872
A0: All Stations,BRT02: Mentari,2023-08-09,1004
A0: All Stations,BRT02: Mentari,2023-08-10,869
A0: All Stations,BRT02: Mentari,2023-08-11,932
A0: All Stations,BRT02: Mentari,2023-08-12,611
A0: All Stations,BRT02: Mentari,2023-08-13,629
A0: All Stations,BRT02: Mentari,2023-08-14,651
A0: All Stations,BRT02: Mentari,2023-08-15,901
A0: All Stations,BRT02: Mentari,2023-08-16,979
A0: All Stations,BRT02: Mentari,2023-08-17,883
A0: All Stations,BRT02: Mentari,2023-08-18,901
A0: All Stations,BRT02: Mentari,2023-08-19,631
A0: All Stations,BRT02: Mentari,2023-08-20,586
A0: All Stations,BRT02: Mentari,2023-08-21,857
A0: All Stations,BRT02: Mentari,2023-08-22,804
A0: All Stations,BRT02: Mentari,2023-08-23,984
A0: All Stations,BRT02: Mentari,2023-08-24,865
A0: All Stations,BRT02: Mentari,2023-08-25,957
A0: All Stations,BRT02: Mentari,2023-08-26,682
A0: All Stations,BRT02: Mentari,2023-08-27,606
A0: All Stations,BRT02: Mentari,2023-08-28,828
A0: All Stations,BRT02: Mentari,2023-08-29,874
A0: All Stations,BRT02: Mentari,2023-08-30,1021
A0: All Stations,BRT02: Mentari,2023-08-31,566
A0: All Stations,BRT02: Mentari,2023-09-01,874
A0: All Stations,BRT02: Mentari,2023-09-02,606
A0: All Stations,BRT02: Mentari,2023-09-03,617
A0: All Stations,BRT02: Mentari,2023-09-04,846
A0: All Stations,BRT02: Mentari,2023-09-05,889
A0: All Stations,BRT02: Mentari,2023-09-06,1064
A0: All Stations,BRT02: Mentari,2023-09-07,965
A0: All Stations,BRT02: Mentari,2023-09-08,982
A0: All Stations,BRT02: Mentari,2023-09-09,697
A0: All Stations,BRT02: Mentari,2023-09-10,704
A0: All Stations,BRT02: Mentari,2023-09-11,923
A0: All Stations,BRT02: Mentari,2023-09-12,895
A0: All Stations,BRT02: Mentari,2023-09-13,1031
A0: All Stations,BRT02: Mentari,2023-09-14,932
A0: All Stations,BRT02: Mentari,2023-09-15,994
A0: All Stations,BRT02: Mentari,2023-09-16,630
A0: All Stations,BRT02: Mentari,2023-09-17,633
A0: All Stations,BRT02: Mentari,2023-09-18,868
A0: All Stations,BRT02: Mentari,2023-09-19,931
A0: All Stations,BRT02: Mentari,2023-09-20,980
A0: All Stations,BRT02: Mentari,2023-09-21,973
A0: All Stations,BRT02: Mentari,2023-09-22,959
A0: All Stations,BRT02: Mentari,2023-09-23,604
A0: All Stations,BRT02: Mentari,2023-09-24,665
A0: All Stations,BRT02: Mentari,2023-09-25,888
A0: All Stations,BRT02: Mentari,2023-09-26,911
A0: All Stations,BRT02: Mentari,2023-09-27,1055
A0: All Stations,BRT02: Mentari,2023-09-28,627
A0: All Stations,BRT02: Mentari,2023-09-29,911
A0: All Stations,BRT02: Mentari,2023-09-30,673
A0: All Stations,BRT02: Mentari,2023-10-01,694
A0: All Stations,BRT02: Mentari,2023-10-02,855
A0: All Stations,BRT02: Mentari,2023-10-03,987
A0: All Stations,BRT02: Mentari,2023-10-04,1162
A0: All Stations,BRT02: Mentari,2023-10-05,955
A0: All Stations,BRT02: Mentari,2023-10-06,1057
A0: All Stations,BRT02: Mentari,2023-10-07,782
A0: All Stations,BRT02: Mentari,2023-10-08,765
A0: All Stations,BRT02: Mentari,2023-10-09,950
A0: All Stations,BRT02: Mentari,2023-10-10,926
A0: All Stations,BRT02: Mentari,2023-10-11,1130
A0: All Stations,BRT02: Mentari,2023-10-12,969
A0: All Stations,BRT02: Mentari,2023-10-13,1035
A0: All Stations,BRT02: Mentari,2023-10-14,702
A0: All Stations,BRT02: Mentari,2023-10-15,733
A0: All Stations,BRT02: Mentari,2023-10-16,925
A0: All Stations,BRT02: Mentari,2023-10-17,908
A0: All Stations,BRT02: Mentari,2023-10-18,1044
A0: All Stations,BRT02: Mentari,2023-10-19,948
A0: All Stations,BRT02: Mentari,2023-10-20,1020
A0: All Stations,BRT02: Mentari,2023-10-21,726
A0: All Stations,BRT02: Mentari,2023-10-22,654
A0: All Stations,BRT02: Mentari,2023-10-23,890
A0: All Stations,BRT02: Mentari,2023-10-24,908
A0: All Stations,BRT02: Mentari,2023-10-25,1095
A0: All Stations,BRT02: Mentari,2023-10-26,952
A0: All Stations,BRT02: Mentari,2023-10-27,977
A0: All Stations,BRT02: Mentari,2023-10-28,667
A0: All Stations,BRT02: Mentari,2023-10-29,686
A0: All Stations,BRT02: Mentari,2023-10-30,970
A0: All Stations,BRT02: Mentari,2023-10-31,901
A0: All Stations,BRT02: Mentari,2023-11-01,1033
A0: All Stations,BRT02: Mentari,2023-11-02,936
A0: All Stations,BRT02: Mentari,2023-11-03,909
A0: All Stations,BRT02: Mentari,2023-11-04,739
A0: All Stations,BRT02: Mentari,2023-11-05,623
A0: All Stations,BRT02: Mentari,2023-11-06,923
A0: All Stations,BRT02: Mentari,2023-11-07,972
A0: All Stations,BRT02: Mentari,2023-11-08,1111
A0: All Stations,BRT02: Mentari,2023-11-09,987
A0: All Stations,BRT02: Mentari,2023-11-10,989
A0: All Stations,BRT02: Mentari,2023-11-11,724
A0: All Stations,BRT02: Mentari,2023-11-12,870
A0: All Stations,BRT02: Mentari,2023-11-13,576
A0: All Stations,BRT02: Mentari,2023-11-14,839
A0: All Stations,BRT02: Mentari,2023-11-15,1004
A0: All Stations,BRT02: Mentari,2023-11-16,952
A0: All Stations,BRT02: Mentari,2023-11-17,897
A0: All Stations,BRT02: Mentari,2023-11-18,685
A0: All Stations,BRT02: Mentari,2023-11-19,738
A0: All Stations,BRT02: Mentari,2023-11-20,871
A0: All Stations,BRT02: Mentari,2023-11-21,908
A0: All Stations,BRT02: Mentari,2023-11-22,1053
A0: All Stations,BRT02: Mentari,2023-11-23,887
A0: All Stations,BRT02: Mentari,2023-11-24,958
A0: All Stations,BRT02: Mentari,2023-11-25,412
A0: All Stations,BRT02: Mentari,2023-11-26,642
A0: All Stations,BRT02: Mentari,2023-11-27,924
A0: All Stations,BRT02: Mentari,2023-11-28,883
A0: All Stations,BRT02: Mentari,2023-11-29,1032
A0: All Stations,BRT02: Mentari,2023-11-30,907
A0: All Stations,BRT02: Mentari,2023-12-01,1013
A0: All Stations,BRT02: Mentari,2023-12-02,725
A0: All Stations,BRT02: Mentari,2023-12-03,673
A0: All Stations,BRT02: Mentari,2023-12-04,910
A0: All Stations,BRT02: Mentari,2023-12-05,918
A0: All Stations,BRT02: Mentari,2023-12-06,1029
A0: All Stations,BRT02: Mentari,2023-12-07,966
A0: All Stations,BRT02: Mentari,2023-12-08,1060
A0: All Stations,BRT02: Mentari,2023-12-09,695
A0: All Stations,BRT02: Mentari,2023-12-10,829
A0: All Stations,BRT02: Mentari,2023-12-11,594
A0: All Stations,BRT02: Mentari,2023-12-12,920
A0: All Stations,BRT02: Mentari,2023-12-13,1035
A0: All Stations,BRT02: Mentari,2023-12-14,815
A0: All Stations,BRT02: Mentari,2023-12-15,937
A0: All Stations,BRT02: Mentari,2023-12-16,599
A0: All Stations,BRT02: Mentari,2023-12-17,740
A0: All Stations,BRT02: Mentari,2023-12-18,842
A0: All Stations,BRT02: Mentari,2023-12-19,877
A0: All Stations,BRT02: Mentari,2023-12-20,1107
A0: All Stations,BRT02: Mentari,2023-12-21,837
A0: All Stations,BRT02: Mentari,2023-12-22,820
A0: All Stations,BRT02: Mentari,2023-12-23,634
A0: All Stations,BRT02: Mentari,2023-12-24,787
A0: All Stations,BRT02: Mentari,2023-12-25,601
A0: All Stations,BRT02: Mentari,2023-12-26,746
A0: All Stations,BRT02: Mentari,2023-12-27,891
A0: All Stations,BRT02: Mentari,2023-12-28,743
A0: All Stations,BRT02: Mentari,2023-12-29,766
A0: All Stations,BRT02: Mentari,2023-12-30,658
A0: All Stations,BRT02: Mentari,2023-12-31,764
A0: All Stations,BRT03: Sunway Lagoon,2023-04-01,2236
A0: All Stations,BRT03: Sunway Lagoon,2023-04-02,2114
A0: All Stations,BRT03: Sunway Lagoon,2023-04-03,2483
A0: All Stations,BRT03: Sunway Lagoon,2023-04-04,2455
A0: All Stations,BRT03: Sunway Lagoon,2023-04-05,2679
A0: All Stations,BRT03: Sunway Lagoon,2023-04-06,2726
A0: All Stations,BRT03: Sunway Lagoon,2023-04-07,3051
A0: All Stations,BRT03: Sunway Lagoon,2023-04-08,2436
A0: All Stations,BRT03: Sunway Lagoon,2023-04-09,2171
A0: All Stations,BRT03: Sunway Lagoon,2023-04-10,2355
A0: All Stations,BRT03: Sunway Lagoon,2023-04-11,2435
A0: All Stations,BRT03: Sunway Lagoon,2023-04-12,2628
A0: All Stations,BRT03: Sunway Lagoon,2023-04-13,2441
A0: All Stations,BRT03: Sunway Lagoon,2023-04-14,2661
A0: All Stations,BRT03: Sunway Lagoon,2023-04-15,2489
A0: All Stations,BRT03: Sunway Lagoon,2023-04-16,2103
A0: All Stations,BRT03: Sunway Lagoon,2023-04-17,2604
A0: All Stations,BRT03: Sunway Lagoon,2023-04-18,2738
A0: All Stations,BRT03: Sunway Lagoon,2023-04-19,2958
A0: All Stations,BRT03: Sunway Lagoon,2023-04-20,2807
A0: All Stations,BRT03: Sunway Lagoon,2023-04-21,2218
A0: All Stations,BRT03: Sunway Lagoon,2023-04-22,2384
A0: All Stations,BRT03: Sunway Lagoon,2023-04-23,2517
A0: All Stations,BRT03: Sunway Lagoon,2023-04-24,2103
A0: All Stations,BRT03: Sunway Lagoon,2023-04-25,2393
A0: All Stations,BRT03: Sunway Lagoon,2023-04-26,2549
A0: All Stations,BRT03: Sunway Lagoon,2023-04-27,2627
A0: All Stations,BRT03: Sunway Lagoon,2023-04-28,2874
A0: All Stations,BRT03: Sunway Lagoon,2023-04-29,2370
A0: All Stations,BRT03: Sunway Lagoon,2023-04-30,2338
A0: All Stations,BRT03: Sunway Lagoon,2023-05-01,2151
A0: All Stations,BRT03: Sunway Lagoon,2023-05-02,2395
A0: All Stations,BRT03: Sunway Lagoon,2023-05-03,2817
A0: All Stations,BRT03: Sunway Lagoon,2023-05-04,2393
A0: All Stations,BRT03: Sunway Lagoon,2023-05-05,2631
A0: All Stations,BRT03: Sunway Lagoon,2023-05-06,2300
A0: All Stations,BRT03: Sunway Lagoon,2023-05-07,1976
A0: All Stations,BRT03: Sunway Lagoon,2023-05-08,2500
A0: All Stations,BRT03: Sunway Lagoon,2023-05-09,2517
A0: All Stations,BRT03: Sunway Lagoon,2023-05-10,2674
A0: All Stations,BRT03: Sunway Lagoon,2023-05-11,2689
A0: All Stations,BRT03: Sunway Lagoon,2023-05-12,3013
A0: All Stations,BRT03: Sunway Lagoon,2023-05-13,2616
A0: All Stations,BRT03: Sunway Lagoon,2023-05-14,2122
A0: All Stations,BRT03: Sunway Lagoon,2023-05-15,2499
A0: All Stations,BRT03: Sunway Lagoon,2023-05-16,2565
A0: All Stations,BRT03: Sunway Lagoon,2023-05-17,2727
A0: All Stations,BRT03: Sunway Lagoon,2023-05-18,2704
A0: All Stations,BRT03: Sunway Lagoon,2023-05-19,2940
A0: All Stations,BRT03: Sunway Lagoon,2023-05-20,2495
A0: All Stations,BRT03: Sunway Lagoon,2023-05-21,1961
A0: All Stations,BRT03: Sunway Lagoon,2023-05-22,2490
A0: All Stations,BRT03: Sunway Lagoon,2023-05-23,2557
A0: All Stations,BRT03: Sunway Lagoon,2023-05-24,2750
A0: All Stations,BRT03: Sunway Lagoon,2023-05-25,2656
A0: All Stations,BRT03: Sunway Lagoon,2023-05-26,2938
A0: All Stations,BRT03: Sunway Lagoon,2023-05-27,2596
A0: All Stations,BRT03: Sunway Lagoon,2023-05-28,2063
A0: All Stations,BRT03: Sunway Lagoon,2023-05-29,2736
A0: All Stations,BRT03: Sunway Lagoon,2023-05-30,2956
A0: All Stations,BRT03: Sunway Lagoon,2023-05-31,3146
A0: All Stations,BRT03: Sunway Lagoon,2023-06-01,3130
A0: All Stations,BRT03: Sunway Lagoon,2023-06-02,3048
A0: All Stations,BRT03: Sunway Lagoon,2023-06-03,2548
A0: All Stations,BRT03: Sunway Lagoon,2023-06-04,2203
A0: All Stations,BRT03: Sunway Lagoon,2023-06-05,2021
A0: All Stations,BRT03: Sunway Lagoon,2023-06-06,2625
A0: All Stations,BRT03: Sunway Lagoon,2023-06-07,2765
A0: All Stations,BRT03: Sunway Lagoon,2023-06-08,3154
A0: All Stations,BRT03: Sunway Lagoon,2023-06-09,3176
A0: All Stations,BRT03: Sunway Lagoon,2023-06-10,2604
A0: All Stations,BRT03: Sunway Lagoon,2023-06-11,2296
A0: All Stations,BRT03: Sunway Lagoon,2023-06-12,2564
A0: All Stations,BRT03: Sunway Lagoon,2023-06-13,2595
A0: All Stations,BRT03: Sunway Lagoon,2023-06-14,2847
A0: All Stations,BRT03: Sunway Lagoon,2023-06-15,2857
A0: All Stations,BRT03: Sunway Lagoon,2023-06-16,2772
A0: All Stations,BRT03: Sunway Lagoon,2023-06-17,2280
A0: All Stations,BRT03: Sunway Lagoon,2023-06-18,1970
A0: All Stations,BRT03: Sunway Lagoon,2023-06-19,2498
A0: All Stations,BRT03: Sunway Lagoon,2023-06-20,2444
A0: All Stations,BRT03: Sunway Lagoon,2023-06-21,2869
A0: All Stations,BRT03: Sunway Lagoon,2023-06-22,2719
A0: All Stations,BRT03: Sunway Lagoon,2023-06-23,2877
A0: All Stations,BRT03: Sunway Lagoon,2023-06-24,2352
A0: All Stations,BRT03: Sunway Lagoon,2023-06-25,2211
A0: All Stations,BRT03: Sunway Lagoon,2023-06-26,2646
A0: All Stations,BRT03: Sunway Lagoon,2023-06-27,2796
A0: All Stations,BRT03: Sunway Lagoon,2023-06-28,2963
A0: All Stations,BRT03: Sunway Lagoon,2023-06-29,2639
A0: All Stations,BRT03: Sunway Lagoon,2023-06-30,2716
A0: All Stations,BRT03: Sunway Lagoon,2023-07-01,2459
A0: All Stations,BRT03: Sunway Lagoon,2023-07-02,1876
A0: All Stations,BRT03: Sunway Lagoon,2023-07-03,2476
A0: All Stations,BRT03: Sunway Lagoon,2023-07-04,2626
A0: All Stations,BRT03: Sunway Lagoon,2023-07-05,2866
A0: All Stations,BRT03: Sunway Lagoon,2023-07-06,2700
A0: All Stations,BRT03: Sunway Lagoon,2023-07-07,3077
A0: All Stations,BRT03: Sunway Lagoon,2023-07-08,2848
A0: All Stations,BRT03: Sunway Lagoon,2023-07-09,2274
A0: All Stations,BRT03: Sunway Lagoon,2023-07-10,2551
A0: All Stations,BRT03: Sunway Lagoon,2023-07-11,2489
A0: All Stations,BRT03: Sunway Lagoon,2023-07-12,2592
A0: All Stations,BRT03: Sunway Lagoon,2023-07-13,2560
A0: All Stations,BRT03: Sunway Lagoon,2023-07-14,2788
A0: All Stations,BRT03: Sunway Lagoon,2023-07-15,2322
A0: All Stations,BRT03: Sunway Lagoon,2023-07-16,1973
A0: All Stations,BRT03: Sunway Lagoon,2023-07-17,2528
A0: All Stations,BRT03: Sunway Lagoon,2023-07-18,2621
A0: All Stations,BRT03: Sunway Lagoon,2023-07-19,2424
A0: All Stations,BRT03: Sunway Lagoon,2023-07-20,2725
A0: All Stations,BRT03: Sunway Lagoon,2023-07-21,2808
A0: All Stations,BRT03: Sunway Lagoon,2023-07-22,2389
A0: All Stations,BRT03: Sunway Lagoon,2023-07-23,2061
A0: All Stations,BRT03: Sunway Lagoon,2023-07-24,2802
A0: All Stations,BRT03: Sunway Lagoon,2023-07-25,2629
A0: All Stations,BRT03: Sunway Lagoon,2023-07-26,2812
A0: All Stations,BRT03: Sunway Lagoon,2023-07-27,2846
A0: All Stations,BRT03: Sunway Lagoon,2023-07-28,3294
A0: All Stations,BRT03: Sunway Lagoon,2023-07-29,2638
A0: All Stations,BRT03: Sunway Lagoon,2023-07-30,2061
A0: All Stations,BRT03: Sunway Lagoon,2023-07-31,2642
A0: All Stations,BRT03: Sunway Lagoon,2023-08-01,2672
A0: All Stations,BRT03: Sunway Lagoon,2023-08-02,2875
A0: All Stations,BRT03: Sunway Lagoon,2023-08-03,2691
A0: All Stations,BRT03: Sunway Lagoon,2023-08-04,2837
A0: All Stations,BRT03: Sunway Lagoon,2023-08-05,2351
A0: All Stations,BRT03: Sunway Lagoon,2023-08-06,1876
A0: All Stations,BRT03: Sunway Lagoon,2023-08-07,2475
A0: All Stations,BRT03: Sunway Lagoon,2023-08-08,2600
A0: All Stations,BRT03: Sunway Lagoon,2023-08-09,2780
A0: All Stations,BRT03: Sunway Lagoon,2023-08-10,2735
A0: All Stations,BRT03: Sunway Lagoon,2023-08-11,2806
A0: All Stations,BRT03: Sunway Lagoon,2023-08-12,2066
A0: All Stations,BRT03: Sunway Lagoon,2023-08-13,1924
A0: All Stations,BRT03: Sunway Lagoon,2023-08-14,1966
A0: All Stations,BRT03: Sunway Lagoon,2023-08-15,2496
A0: All Stations,BRT03: Sunway Lagoon,2023-08-16,2754
A0: All Stations,BRT03: Sunway Lagoon,2023-08-17,2636
A0: All Stations,BRT03: Sunway Lagoon,2023-08-18,2739
A0: All Stations,BRT03: Sunway Lagoon,2023-08-19,2144
A0: All Stations,BRT03: Sunway Lagoon,2023-08-20,1942
A0: All Stations,BRT03: Sunway Lagoon,2023-08-21,2403
A0: All Stations,BRT03: Sunway Lagoon,2023-08-22,2340
A0: All Stations,BRT03: Sunway Lagoon,2023-08-23,2622
A0: All Stations,BRT03: Sunway Lagoon,2023-08-24,2595
A0: All Stations,BRT03: Sunway Lagoon,2023-08-25,2918
A0: All Stations,BRT03: Sunway Lagoon,2023-08-26,2430
A0: All Stations,BRT03: Sunway Lagoon,2023-08-27,2120
A0: All Stations,BRT03: Sunway Lagoon,2023-08-28,2662
A0: All Stations,BRT03: Sunway Lagoon,2023-08-29,2922
A0: All Stations,BRT03: Sunway Lagoon,2023-08-30,3340
A0: All Stations,BRT03: Sunway Lagoon,2023-08-31,2689
A0: All Stations,BRT03: Sunway Lagoon,2023-09-01,2796
A0: All Stations,BRT03: Sunway Lagoon,2023-09-02,2270
A0: All Stations,BRT03: Sunway Lagoon,2023-09-03,1976
A0: All Stations,BRT03: Sunway Lagoon,2023-09-04,2384
A0: All Stations,BRT03: Sunway Lagoon,2023-09-05,2593
A0: All Stations,BRT03: Sunway Lagoon,2023-09-06,2769
A0: All Stations,BRT03: Sunway Lagoon,2023-09-07,2734
A0: All Stations,BRT03: Sunway Lagoon,2023-09-08,3251
A0: All Stations,BRT03: Sunway Lagoon,2023-09-09,2541
A0: All Stations,BRT03: Sunway Lagoon,2023-09-10,2096
A0: All Stations,BRT03: Sunway Lagoon,2023-09-11,2489
A0: All Stations,BRT03: Sunway Lagoon,2023-09-12,2577
A0: All Stations,BRT03: Sunway Lagoon,2023-09-13,2793
A0: All Stations,BRT03: Sunway Lagoon,2023-09-14,2783
A0: All Stations,BRT03: Sunway Lagoon,2023-09-15,3171
A0: All Stations,BRT03: Sunway Lagoon,2023-09-16,2683
A0: All Stations,BRT03: Sunway Lagoon,2023-09-17,2166
A0: All Stations,BRT03: Sunway Lagoon,2023-09-18,2698
A0: All Stations,BRT03: Sunway Lagoon,2023-09-19,2873
A0: All Stations,BRT03: Sunway Lagoon,2023-09-20,3248
A0: All Stations,BRT03: Sunway Lagoon,2023-09-21,2992
A0: All Stations,BRT03: Sunway Lagoon,2023-09-22,3160
A0: All Stations,BRT03: Sunway Lagoon,2023-09-23,2536
A0: All Stations,BRT03: Sunway Lagoon,2023-09-24,1960
A0: All Stations,BRT03: Sunway Lagoon,2023-09-25,2743
A0: All Stations,BRT03: Sunway Lagoon,2023-09-26,2647
A0: All Stations,BRT03: Sunway Lagoon,2023-09-27,3203
A0: All Stations,BRT03: Sunway Lagoon,2023-09-28,2566
A0: All Stations,BRT03: Sunway Lagoon,2023-09-29,3243
A0: All Stations,BRT03: Sunway Lagoon,2023-09-30,2708
A0: All Stations,BRT03: Sunway Lagoon,2023-10-01,2276
A0: All Stations,BRT03: Sunway Lagoon,2023-10-02,2693
A0: All Stations,BRT03: Sunway Lagoon,2023-10-03,2843
A0: All Stations,BRT03: Sunway Lagoon,2023-10-04,3149
A0: All Stations,BRT03: Sunway Lagoon,2023-10-05,3013
A0: All Stations,BRT03: Sunway Lagoon,2023-10-06,3805
A0: All Stations,BRT03: Sunway Lagoon,2023-10-07,3107
A0: All Stations,BRT03: Sunway Lagoon,2023-10-08,2332
A0: All Stations,BRT03: Sunway Lagoon,2023-10-09,2583
A0: All Stations,BRT03: Sunway Lagoon,2023-10-10,2764
A0: All Stations,BRT03: Sunway Lagoon,2023-10-11,2973
A0: All Stations,BRT03: Sunway Lagoon,2023-10-12,2920
A0: All Stations,BRT03: Sunway Lagoon,2023-10-13,3375
A0: All Stations,BRT03: Sunway Lagoon,2023-10-14,2837
A0: All Stations,BRT03: Sunway Lagoon,2023-10-15,2173
A0: All Stations,BRT03: Sunway Lagoon,2023-10-16,2585
A0: All Stations,BRT03: Sunway Lagoon,2023-10-17,2681
A0: All Stations,BRT03: Sunway Lagoon,2023-10-18,3056
A0: All Stations,BRT03: Sunway Lagoon,2023-10-19,3046
A0: All Stations,BRT03: Sunway Lagoon,2023-10-20,3358
A0: All Stations,BRT03: Sunway Lagoon,2023-10-21,2915
A0: All Stations,BRT03: Sunway Lagoon,2023-10-22,2313
A0: All Stations,BRT03: Sunway Lagoon,2023-10-23,2492
A0: All Stations,BRT03: Sunway Lagoon,2023-10-24,2636
A0: All Stations,BRT03: Sunway Lagoon,2023-10-25,2830
A0: All Stations,BRT03: Sunway Lagoon,2023-10-26,2850
A0: All Stations,BRT03: Sunway Lagoon,2023-10-27,3437
A0: All Stations,BRT03: Sunway Lagoon,2023-10-28,2847
A0: All Stations,BRT03: Sunway Lagoon,2023-10-29,2219
A0: All Stations,BRT03: Sunway Lagoon,2023-10-30,2741
A0: All Stations,BRT03: Sunway Lagoon,2023-10-31,2991
A0: All Stations,BRT03: Sunway Lagoon,2023-11-01,3021
A0: All Stations,BRT03: Sunway Lagoon,2023-11-02,3046
A0: All Stations,BRT03: Sunway Lagoon,2023-11-03,3548
A0: All Stations,BRT03: Sunway Lagoon,2023-11-04,3620
A0: All Stations,BRT03: Sunway Lagoon,2023-11-05,3152
A0: All Stations,BRT03: Sunway Lagoon,2023-11-06,2686
A0: All Stations,BRT03: Sunway Lagoon,2023-11-07,2696
A0: All Stations,BRT03: Sunway Lagoon,2023-11-08,3081
A0: All Stations,BRT03: Sunway Lagoon,2023-11-09,3049
A0: All Stations,BRT03: Sunway Lagoon,2023-11-10,3768
A0: All Stations,BRT03: Sunway Lagoon,2023-11-11,4029
A0: All Stations,BRT03: Sunway Lagoon,2023-11-12,3273
A0: All Stations,BRT03: Sunway Lagoon,2023-11-13,2185
A0: All Stations,BRT03: Sunway Lagoon,2023-11-14,2630
A0: All Stations,BRT03: Sunway Lagoon,2023-11-15,2830
A0: All Stations,BRT03: Sunway Lagoon,2023-11-16,2747
A0: All Stations,BRT03: Sunway Lagoon,2023-11-17,3357
A0: All Stations,BRT03: Sunway Lagoon,2023-11-18,2866
A0: All Stations,BRT03: Sunway Lagoon,2023-11-19,2836
A0: All Stations,BRT03: Sunway Lagoon,2023-11-20,2406
A0: All Stations,BRT03: Sunway Lagoon,2023-11-21,2592
A0: All Stations,BRT03: Sunway Lagoon,2023-11-22,2705
A0: All Stations,BRT03: Sunway Lagoon,2023-11-23,2806
A0: All Stations,BRT03: Sunway Lagoon,2023-11-24,3522
A0: All Stations,BRT03: Sunway Lagoon,2023-11-25,2479
A0: All Stations,BRT03: Sunway Lagoon,2023-11-26,2149
A0: All Stations,BRT03: Sunway Lagoon,2023-11-27,2599
A0: All Stations,BRT03: Sunway Lagoon,2023-11-28,2632
A0: All Stations,BRT03: Sunway Lagoon,2023-11-29,2866
A0: All Stations,BRT03: Sunway Lagoon,2023-11-30,2836
A0: All Stations,BRT03: Sunway Lagoon,2023-12-01,3021
A0: All Stations,BRT03: Sunway Lagoon,2023-12-02,2711
A0: All Stations,BRT03: Sunway Lagoon,2023-12-03,1966
A0: All Stations,BRT03: Sunway Lagoon,2023-12-04,2571
A0: All Stations,BRT03: Sunway Lagoon,2023-12-05,2821
A0: All Stations,BRT03: Sunway Lagoon,2023-12-06,2844
A0: All Stations,BRT03: Sunway Lagoon,2023-12-07,2943
A0: All Stations,BRT03: Sunway Lagoon,2023-12-08,3372
A0: All Stations,BRT03: Sunway Lagoon,2023-12-09,2636
A0: All Stations,BRT03: Sunway Lagoon,2023-12-10,2231
A0: All Stations,BRT03: Sunway Lagoon,2023-12-11,2016
A0: All Stations,BRT03: Sunway Lagoon,2023-12-12,2641
A0: All Stations,BRT03: Sunway Lagoon,2023-12-13,2830
A0: All Stations,BRT03: Sunway Lagoon,2023-12-14,2743
A0: All Stations,BRT03: Sunway Lagoon,2023-12-15,2935
A0: All Stations,BRT03: Sunway Lagoon,2023-12-16,2584
A0: All Stations,BRT03: Sunway Lagoon,2023-12-17,2266
A0: All Stations,BRT03: Sunway Lagoon,2023-12-18,2785
A0: All Stations,BRT03: Sunway Lagoon,2023-12-19,2680
A0: All Stations,BRT03: Sunway Lagoon,2023-12-20,2905
A0: All Stations,BRT03: Sunway Lagoon,2023-12-21,2744
A0: All Stations,BRT03: Sunway Lagoon,2023-12-22,2822
A0: All Stations,BRT03: Sunway Lagoon,2023-12-23,2471
A0: All Stations,BRT03: Sunway Lagoon,2023-12-24,2872
A0: All Stations,BRT03: Sunway Lagoon,2023-12-25,2621
A0: All Stations,BRT03: Sunway Lagoon,2023-12-26,2284
A0: All Stations,BRT03: Sunway Lagoon,2023-12-27,2433
A0: All Stations,BRT03: Sunway Lagoon,2023-12-28,2393
A0: All Stations,BRT03: Sunway Lagoon,2023-12-29,2547
A0: All Stations,BRT03: Sunway Lagoon,2023-12-30,2189
A0: All Stations,BRT03: Sunway Lagoon,2023-12-31,3626
A0: All Stations,BRT04: SunMed,2023-04-01,1641
A0: All Stations,BRT04: SunMed,2023-04-02,1545
A0: All Stations,BRT04: SunMed,2023-04-03,2589
A0: All Stations,BRT04: SunMed,2023-04-04,2726
A0: All Stations,BRT04: SunMed,2023-04-05,2891
A0: All Stations,BRT04: SunMed,2023-04-06,2816
A0: All Stations,BRT04: SunMed,2023-04-07,2479
A0: All Stations,BRT04: SunMed,2023-04-08,1465
A0: All Stations,BRT04: SunMed,2023-04-09,1457
A0: All Stations,BRT04: SunMed,2023-04-10,2423
A0: All Stations,BRT04: SunMed,2023-04-11,2370
A0: All Stations,BRT04: SunMed,2023-04-12,2456
A0: All Stations,BRT04: SunMed,2023-04-13,2236
A0: All Stations,BRT04: SunMed,2023-04-14,2369
A0: All Stations,BRT04: SunMed,2023-04-15,1681
A0: All Stations,BRT04: SunMed,2023-04-16,1514
A0: All Stations,BRT04: SunMed,2023-04-17,2692
A0: All Stations,BRT04: SunMed,2023-04-18,2872
A0: All Stations,BRT04: SunMed,2023-04-19,2954
A0: All Stations,BRT04: SunMed,2023-04-20,2639
A0: All Stations,BRT04: SunMed,2023-04-21,1518
A0: All Stations,BRT04: SunMed,2023-04-22,1609
A0: All Stations,BRT04: SunMed,2023-04-23,1552
A0: All Stations,BRT04: SunMed,2023-04-24,1270
A0: All Stations,BRT04: SunMed,2023-04-25,2126
A0: All Stations,BRT04: SunMed,2023-04-26,2448
A0: All Stations,BRT04: SunMed,2023-04-27,2527
A0: All Stations,BRT04: SunMed,2023-04-28,2407
A0: All Stations,BRT04: SunMed,2023-04-29,1651
A0: All Stations,BRT04: SunMed,2023-04-30,1528
A0: All Stations,BRT04: SunMed,2023-05-01,1348
A0: All Stations,BRT04: SunMed,2023-05-02,2878
A0: All Stations,BRT04: SunMed,2023-05-03,2895
A0: All Stations,BRT04: SunMed,2023-05-04,1419
A0: All Stations,BRT04: SunMed,2023-05-05,2563
A0: All Stations,BRT04: SunMed,2023-05-06,1563
A0: All Stations,BRT04: SunMed,2023-05-07,1456
A0: All Stations,BRT04: SunMed,2023-05-08,2726
A0: All Stations,BRT04: SunMed,2023-05-09,2920
A0: All Stations,BRT04: SunMed,2023-05-10,2852
A0: All Stations,BRT04: SunMed,2023-05-11,2848
A0: All Stations,BRT04: SunMed,2023-05-12,2766
A0: All Stations,BRT04: SunMed,2023-05-13,1624
A0: All Stations,BRT04: SunMed,2023-05-14,1374
A0: All Stations,BRT04: SunMed,2023-05-15,2584
A0: All Stations,BRT04: SunMed,2023-05-16,2689
A0: All Stations,BRT04: SunMed,2023-05-17,2811
A0: All Stations,BRT04: SunMed,2023-05-18,2753
A0: All Stations,BRT04: SunMed,2023-05-19,2672
A0: All Stations,BRT04: SunMed,2023-05-20,1618
A0: All Stations,BRT04: SunMed,2023-05-21,1432
A0: All Stations,BRT04: SunMed,2023-05-22,2575
A0: All Stations,BRT04: SunMed,2023-05-23,2592
A0: All Stations,BRT04: SunMed,2023-05-24,2754
A0: All Stations,BRT04: SunMed,2023-05-25,2703
A0: All Stations,BRT04: SunMed,2023-05-26,2624
A0: All Stations,BRT04: SunMed,2023-05-27,1588
A0: All Stations,BRT04: SunMed,2023-05-28,1462
A0: All Stations,BRT04: SunMed,2023-05-29,2474
A0: All Stations,BRT04: SunMed,2023-05-30,2595
A0: All Stations,BRT04: SunMed,2023-05-31,2625
A0: All Stations,BRT04: SunMed,2023-06-01,2556
A0: All Stations,BRT04: SunMed,2023-06-02,2382
A0: All Stations,BRT04: SunMed,2023-06-03,1598
A0: All Stations,BRT04: SunMed,2023-06-04,1392
A0: All Stations,BRT04: SunMed,2023-06-05,1387
A0: All Stations,BRT04: SunMed,2023-06-06,2534
A0: All Stations,BRT04: SunMed,2023-06-07,2494
A0: All Stations,BRT04: SunMed,2023-06-08,2533
A0: All Stations,BRT04: SunMed,2023-06-09,2462
A0: All Stations,BRT04: SunMed,2023-06-10,1599
A0: All Stations,BRT04: SunMed,2023-06-11,1468
A0: All Stations,BRT04: SunMed,2023-06-12,2205
A0: All Stations,BRT04: SunMed,2023-06-13,2338
A0: All Stations,BRT04: SunMed,2023-06-14,2443
A0: All Stations,BRT04: SunMed,2023-06-15,2383
A0: All Stations,BRT04: SunMed,2023-06-16,2191
A0: All Stations,BRT04: SunMed,2023-06-17,1552
A0: All Stations,BRT04: SunMed,2023-06-18,1414
A0: All Stations,BRT04: SunMed,2023-06-19,2236
A0: All Stations,BRT04: SunMed,2023-06-20,2233
A0: All Stations,BRT04: SunMed,2023-06-21,2385
A0: All Stations,BRT04: SunMed,2023-06-22,2242
A0: All Stations,BRT04: SunMed,2023-06-23,2148
A0: All Stations,BRT04: SunMed,2023-06-24,1478
A0: All Stations,BRT04: SunMed,2023-06-25,1247
A0: All Stations,BRT04: SunMed,2023-06-26,2112
A0: All Stations,BRT04: SunMed,2023-06-27,2229
A0: All Stations,BRT04: SunMed,2023-06-28,2279
A0: All Stations,BRT04: SunMed,2023-06-29,1287
A0: All Stations,BRT04: SunMed,2023-06-30,1860
A0: All Stations,BRT04: SunMed,2023-07-01,1312
A0: All Stations,BRT04: SunMed,2023-07-02,1218
A0: All Stations,BRT04: SunMed,2023-07-03,2044
A0: All Stations,BRT04: SunMed,2023-07-04,2229
A0: All Stations,BRT04: SunMed,2023-07-05,2293
A0: All Stations,BRT04: SunMed,2023-07-06,2279
A0: All Stations,BRT04: SunMed,2023-07-07,2188
A0: All Stations,BRT04: SunMed,2023-07-08,1429
A0: All Stations,BRT04: SunMed,2023-07-09,1418
A0: All Stations,BRT04: SunMed,2023-07-10,2115
A0: All Stations,BRT04: SunMed,2023-07-11,2182
A0: All Stations,BRT04: SunMed,2023-07-12,2233
A0: All Stations,BRT04: SunMed,2023-07-13,2197
A0: All Stations,BRT04: SunMed,2023-07-14,2165
A0: All Stations,BRT04: SunMed,2023-07-15,1417
A0: All Stations,BRT04: SunMed,2023-07-16,1243
A0: All Stations,BRT04: SunMed,2023-07-17,2304
A0: All Stations,BRT04: SunMed,2023-07-18,2393
A0: All Stations,BRT04: SunMed,2023-07-19,1437
A0: All Stations,BRT04: SunMed,2023-07-20,2309
A0: All Stations,BRT04: SunMed,2023-07-21,2281
A0: All Stations,BRT04: SunMed,2023-07-22,1567
A0: All Stations,BRT04: SunMed,2023-07-23,1414
A0: All Stations,BRT04: SunMed,2023-07-24,2662
A0: All Stations,BRT04: SunMed,2023-07-25,2800
A0: All Stations,BRT04: SunMed,2023-07-26,2912
A0: All Stations,BRT04: SunMed,2023-07-27,2815
A0: All Stations,BRT04: SunMed,2023-07-28,2735
A0: All Stations,BRT04: SunMed,2023-07-29,1566
A0: All Stations,BRT04: SunMed,2023-07-30,1474
A0: All Stations,BRT04: SunMed,2023-07-31,2817
A0: All Stations,BRT04: SunMed,2023-08-01,2903
A0: All Stations,BRT04: SunMed,2023-08-02,2853
A0: All Stations,BRT04: SunMed,2023-08-03,2822
A0: All Stations,BRT04: SunMed,2023-08-04,2766
A0: All Stations,BRT04: SunMed,2023-08-05,1639
A0: All Stations,BRT04: SunMed,2023-08-06,1470
A0: All Stations,BRT04: SunMed,2023-08-07,2777
A0: All Stations,BRT04: SunMed,2023-08-08,2767
A0: All Stations,BRT04: SunMed,2023-08-09,2887
A0: All Stations,BRT04: SunMed,2023-08-10,2834
A0: All Stations,BRT04: SunMed,2023-08-11,2528
A0: All Stations,BRT04: SunMed,2023-08-12,1463
A0: All Stations,BRT04: SunMed,2023-08-13,1355
A0: All Stations,BRT04: SunMed,2023-08-14,1658
A0: All Stations,BRT04: SunMed,2023-08-15,2830
A0: All Stations,BRT04: SunMed,2023-08-16,2886
A0: All Stations,BRT04: SunMed,2023-08-17,2751
A0: All Stations,BRT04: SunMed,2023-08-18,2635
A0: All Stations,BRT04: SunMed,2023-08-19,1649
A0: All Stations,BRT04: SunMed,2023-08-20,1432
A0: All Stations,BRT04: SunMed,2023-08-21,2569
A0: All Stations,BRT04: SunMed,2023-08-22,2712
A0: All Stations,BRT04: SunMed,2023-08-23,2929
A0: All Stations,BRT04: SunMed,2023-08-24,2844
A0: All Stations,BRT04: SunMed,2023-08-25,2651
A0: All Stations,BRT04: SunMed,2023-08-26,1642
A0: All Stations,BRT04: SunMed,2023-08-27,1444
A0: All Stations,BRT04: SunMed,2023-08-28,2803
A0: All Stations,BRT04: SunMed,2023-08-29,2906
A0: All Stations,BRT04: SunMed,2023-08-30,3028
A0: All Stations,BRT04: SunMed,2023-08-31,1590
A0: All Stations,BRT04: SunMed,2023-09-01,2394
A0: All Stations,BRT04: SunMed,2023-09-02,1539
A0: All Stations,BRT04: SunMed,2023-09-03,1406
A0: All Stations,BRT04: SunMed,2023-09-04,2785
A0: All Stations,BRT04: SunMed,2023-09-05,3199
A0: All Stations,BRT04: SunMed,2023-09-06,3098
A0: All Stations,BRT04: SunMed,2023-09-07,3169
A0: All Stations,BRT04: SunMed,2023-09-08,3054
A0: All Stations,BRT04: SunMed,2023-09-09,1803
A0: All Stations,BRT04: SunMed,2023-09-10,1765
A0: All Stations,BRT04: SunMed,2023-09-11,2964
A0: All Stations,BRT04: SunMed,2023-09-12,2984
A0: All Stations,BRT04: SunMed,2023-09-13,3091
A0: All Stations,BRT04: SunMed,2023-09-14,2975
A0: All Stations,BRT04: SunMed,2023-09-15,2942
A0: All Stations,BRT04: SunMed,2023-09-16,1628
A0: All Stations,BRT04: SunMed,2023-09-17,1635
A0: All Stations,BRT04: SunMed,2023-09-18,3124
A0: All Stations,BRT04: SunMed,2023-09-19,3118
A0: All Stations,BRT04: SunMed,2023-09-20,3220
A0: All Stations,BRT04: SunMed,2023-09-21,3045
A0: All Stations,BRT04: SunMed,2023-09-22,3089
A0: All Stations,BRT04: SunMed,2023-09-23,1807
A0: All Stations,BRT04: SunMed,2023-09-24,1537
A0: All Stations,BRT04: SunMed,2023-09-25,2775
A0: All Stations,BRT04: SunMed,2023-09-26,2793
A0: All Stations,BRT04: SunMed,2023-09-27,3018
A0: All Stations,BRT04: SunMed,2023-09-28,1521
A0: All Stations,BRT04: SunMed,2023-09-29,2537
A0: All Stations,BRT04: SunMed,2023-09-30,1710
A0: All Stations,BRT04: SunMed,2023-10-01,1666
A0: All Stations,BRT04: SunMed,2023-10-02,3123
A0: All Stations,BRT04: SunMed,2023-10-03,3205
A0: All Stations,BRT04: SunMed,2023-10-04,3364
A0: All Stations,BRT04: SunMed,2023-10-05,3237
A0: All Stations,BRT04: SunMed,2023-10-06,3387
A0: All Stations,BRT04: SunMed,2023-10-07,1991
A0: All Stations,BRT04: SunMed,2023-10-08,1737
A0: All Stations,BRT04: SunMed,2023-10-09,3080
A0: All Stations,BRT04: SunMed,2023-10-10,3349
A0: All Stations,BRT04: SunMed,2023-10-11,3292
A0: All Stations,BRT04: SunMed,2023-10-12,3132
A0: All Stations,BRT04: SunMed,2023-10-13,3151
A0: All Stations,BRT04: SunMed,2023-10-14,1921
A0: All Stations,BRT04: SunMed,2023-10-15,1641
A0: All Stations,BRT04: SunMed,2023-10-16,3059
A0: All Stations,BRT04: SunMed,2023-10-17,3045
A0: All Stations,BRT04: SunMed,2023-10-18,3155
A0: All Stations,BRT04: SunMed,2023-10-19,3033
A0: All Stations,BRT04: SunMed,2023-10-20,3025
A0: All Stations,BRT04: SunMed,2023-10-21,1819
A0: All Stations,BRT04: SunMed,2023-10-22,1642
A0: All Stations,BRT04: SunMed,2023-10-23,2777
A0: All Stations,BRT04: SunMed,2023-10-24,2974
A0: All Stations,BRT04: SunMed,2023-10-25,2982
A0: All Stations,BRT04: SunMed,2023-10-26,2929
A0: All Stations,BRT04: SunMed,2023-10-27,3012
A0: All Stations,BRT04: SunMed,2023-10-28,1816
A0: All Stations,BRT04: SunMed,2023-10-29,1651
A0: All Stations,BRT04: SunMed,2023-10-30,2795
A0: All Stations,BRT04: SunMed,2023-10-31,2835
A0: All Stations,BRT04: SunMed,2023-11-01,2997
A0: All Stations,BRT04: SunMed,2023-11-02,2925
A0: All Stations,BRT04: SunMed,2023-11-03,2784
A0: All Stations,BRT04: SunMed,2023-11-04,1799
A0: All Stations,BRT04: SunMed,2023-11-05,1588
A0: All Stations,BRT04: SunMed,2023-11-06,2847
A0: All Stations,BRT04: SunMed,2023-11-07,2894
A0: All Stations,BRT04: SunMed,2023-11-08,3081
A0: All Stations,BRT04: SunMed,2023-11-09,2966
A0: All Stations,BRT04: SunMed,2023-11-10,2916
A0: All Stations,BRT04: SunMed,2023-11-11,2040
A0: All Stations,BRT04: SunMed,2023-11-12,1845
A0: All Stations,BRT04: SunMed,2023-11-13,1245
A0: All Stations,BRT04: SunMed,2023-11-14,2348
A0: All Stations,BRT04: SunMed,2023-11-15,2602
A0: All Stations,BRT04: SunMed,2023-11-16,2559
A0: All Stations,BRT04: SunMed,2023-11-17,2757
A0: All Stations,BRT04: SunMed,2023-11-18,1754
A0: All Stations,BRT04: SunMed,2023-11-19,1791
A0: All Stations,BRT04: SunMed,2023-11-20,2643
A0: All Stations,BRT04: SunMed,2023-11-21,2863
A0: All Stations,BRT04: SunMed,2023-11-22,2884
A0: All Stations,BRT04: SunMed,2023-11-23,2823
A0: All Stations,BRT04: SunMed,2023-11-24,3032
A0: All Stations,BRT04: SunMed,2023-11-25,1284
A0: All Stations,BRT04: SunMed,2023-11-26,1544
A0: All Stations,BRT04: SunMed,2023-11-27,2500
A0: All Stations,BRT04: SunMed,2023-11-28,2563
A0: All Stations,BRT04: SunMed,2023-11-29,2677
A0: All Stations,BRT04: SunMed,2023-11-30,2511
A0: All Stations,BRT04: SunMed,2023-12-01,2494
A0: All Stations,BRT04: SunMed,2023-12-02,1673
A0: All Stations,BRT04: SunMed,2023-12-03,1606
A0: All Stations,BRT04: SunMed,2023-12-04,2423
A0: All Stations,BRT04: SunMed,2023-12-05,2559
A0: All Stations,BRT04: SunMed,2023-12-06,2701
A0: All Stations,BRT04: SunMed,2023-12-07,2595
A0: All Stations,BRT04: SunMed,2023-12-08,2664
A0: All Stations,BRT04: SunMed,2023-12-09,1769
A0: All Stations,BRT04: SunMed,2023-12-10,1570
A0: All Stations,BRT04: SunMed,2023-12-11,1405
A0: All Stations,BRT04: SunMed,2023-12-12,2350
A0: All Stations,BRT04: SunMed,2023-12-13,2282
A0: All Stations,BRT04: SunMed,2023-12-14,2287
A0: All Stations,BRT04: SunMed,2023-12-15,2284
A0: All Stations,BRT04: SunMed,2023-12-16,1515
A0: All Stations,BRT04: SunMed,2023-12-17,1424
A0: All Stations,BRT04: SunMed,2023-12-18,2067
A0: All Stations,BRT04: SunMed,2023-12-19,2032
A0: All Stations,BRT04: SunMed,2023-12-20,2108
A0: All Stations,BRT04: SunMed,2023-12-21,2093
A0: All Stations,BRT04: SunMed,2023-12-22,1920
A0: All Stations,BRT04: SunMed,2023-12-23,1417
A0: All Stations,BRT04: SunMed,2023-12-24,1463
A0: All Stations,BRT04: SunMed,2023-12-25,1159
A0: All Stations,BRT04: SunMed,2023-12-26,1611
A0: All Stations,BRT04: SunMed,2023-12-27,1628
A0: All Stations,BRT04: SunMed,2023-12-28,1730
A0: All Stations,BRT04: SunMed,2023-12-29,1797
A0: All Stations,BRT04: SunMed,2023-12-30,1297
A0: All Stations,BRT04: SunMed,2023-12-31,1533
A0: All Stations,BRT05: SunU-Monash,2023-04-01,1122
A0: All Stations,BRT05: SunU-Monash,2023-04-02,968
A0: All Stations,BRT05: SunU-Monash,2023-04-03,2603
A0: All Stations,BRT05: SunU-Monash,2023-04-04,2752
A0: All Stations,BRT05: SunU-Monash,2023-04-05,2789
A0: All Stations,BRT05: SunU-Monash,2023-04-06,2833
A0: All Stations,BRT05: SunU-Monash,2023-04-07,2512
A0: All Stations,BRT05: SunU-Monash,2023-04-08,967
A0: All Stations,BRT05: SunU-Monash,2023-04-09,851
A0: All Stations,BRT05: SunU-Monash,2023-04-10,2030
A0: All Stations,BRT05: SunU-Monash,2023-04-11,2195
A0: All Stations,BRT05: SunU-Monash,2023-04-12,2188
A0: All Stations,BRT05: SunU-Monash,2023-04-13,2143
A0: All Stations,BRT05: SunU-Monash,2023-04-14,2102
A0: All Stations,BRT05: SunU-Monash,2023-04-15,995
A0: All Stations,BRT05: SunU-Monash,2023-04-16,912
A0: All Stations,BRT05: SunU-Monash,2023-04-17,2615
A0: All Stations,BRT05: SunU-Monash,2023-04-18,2909
A0: All Stations,BRT05: SunU-Monash,2023-04-19,2899
A0: All Stations,BRT05: SunU-Monash,2023-04-20,2652
A0: All Stations,BRT05: SunU-Monash,2023-04-21,934
A0: All Stations,BRT05: SunU-Monash,2023-04-22,788
A0: All Stations,BRT05: SunU-Monash,2023-04-23,758
A0: All Stations,BRT05: SunU-Monash,2023-04-24,716
A0: All Stations,BRT05: SunU-Monash,2023-04-25,2088
A0: All Stations,BRT05: SunU-Monash,2023-04-26,2589
A0: All Stations,BRT05: SunU-Monash,2023-04-27,2820
A0: All Stations,BRT05: SunU-Monash,2023-04-28,2582
A0: All Stations,BRT05: SunU-Monash,2023-04-29,1089
A0: All Stations,BRT05: SunU-Monash,2023-04-30,927
A0: All Stations,BRT05: SunU-Monash,2023-05-01,908
A0: All Stations,BRT05: SunU-Monash,2023-05-02,3426
A0: All Stations,BRT05: SunU-Monash,2023-05-03,3365
A0: All Stations,BRT05: SunU-Monash,2023-05-04,1101
A0: All Stations,BRT05: SunU-Monash,2023-05-05,2991
A0: All Stations,BRT05: SunU-Monash,2023-05-06,1142
A0: All Stations,BRT05: SunU-Monash,2023-05-07,957
A0: All Stations,BRT05: SunU-Monash,2023-05-08,3259
A0: All Stations,BRT05: SunU-Monash,2023-05-09,3387
A0: All Stations,BRT05: SunU-Monash,2023-05-10,3306
A0: All Stations,BRT05: SunU-Monash,2023-05-11,3375
A0: All Stations,BRT05: SunU-Monash,2023-05-12,3037
A0: All Stations,BRT05: SunU-Monash,2023-05-13,1195
A0: All Stations,BRT05: SunU-Monash,2023-05-14,1022
A0: All Stations,BRT05: SunU-Monash,2023-05-15,3077
A0: All Stations,BRT05: SunU-Monash,2023-05-16,3122
A0: All Stations,BRT05: SunU-Monash,2023-05-17,3016
A0: All Stations,BRT05: SunU-Monash,2023-05-18,3090
A0: All Stations,BRT05: SunU-Monash,2023-05-19,2898
A0: All Stations,BRT05: SunU-Monash,2023-05-20,1130
A0: All Stations,BRT05: SunU-Monash,2023-05-21,901
A0: All Stations,BRT05: SunU-Monash,2023-05-22,2957
A0: All Stations,BRT05: SunU-Monash,2023-05-23,3048
A0: All Stations,BRT05: SunU-Monash,2023-05-24,3096
A0: All Stations,BRT05: SunU-Monash,2023-05-25,3013
A0: All Stations,BRT05: SunU-Monash,2023-05-26,2869
A0: All Stations,BRT05: SunU-Monash,2023-05-27,1133
A0: All Stations,BRT05: SunU-Monash,2023-05-28,868
A0: All Stations,BRT05: SunU-Monash,2023-05-29,2474
A0: All Stations,BRT05: SunU-Monash,2023-05-30,2578
A0: All Stations,BRT05: SunU-Monash,2023-05-31,2504
A0: All Stations,BRT05: SunU-Monash,2023-06-01,2502
A0: All Stations,BRT05: SunU-Monash,2023-06-02,2232
A0: All Stations,BRT05: SunU-Monash,2023-06-03,1024
A0: All Stations,BRT05: SunU-Monash,2023-06-04,894
A0: All Stations,BRT05: SunU-Monash,2023-06-05,875
A0: All Stations,BRT05: SunU-Monash,2023-06-06,2456
A0: All Stations,BRT05: SunU-Monash,2023-06-07,2407
A0: All Stations,BRT05: SunU-Monash,2023-06-08,2310
A0: All Stations,BRT05: SunU-Monash,2023-06-09,2127
A0: All Stations,BRT05: SunU-Monash,2023-06-10,1028
A0: All Stations,BRT05: SunU-Monash,2023-06-11,783
A0: All Stations,BRT05: SunU-Monash,2023-06-12,1767
A0: All Stations,BRT05: SunU-Monash,2023-06-13,1909
A0: All Stations,BRT05: SunU-Monash,2023-06-14,1917
A0: All Stations,BRT05: SunU-Monash,2023-06-15,1957
A0: All Stations,BRT05: SunU-Monash,2023-06-16,1607
A0: All Stations,BRT05: SunU-Monash,2023-06-17,987
A0: All Stations,BRT05: SunU-Monash,2023-06-18,742
A0: All Stations,BRT05: SunU-Monash,2023-06-19,2289
A0: All Stations,BRT05: SunU-Monash,2023-06-20,2293
A0: All Stations,BRT05: SunU-Monash,2023-06-21,2241
A0: All Stations,BRT05: SunU-Monash,2023-06-22,2087
A0: All Stations,BRT05: SunU-Monash,2023-06-23,1818
A0: All Stations,BRT05: SunU-Monash,2023-06-24,1139
A0: All Stations,BRT05: SunU-Monash,2023-06-25,773
A0: All Stations,BRT05: SunU-Monash,2023-06-26,2046
A0: All Stations,BRT05: SunU-Monash,2023-06-27,2071
A0: All Stations,BRT05: SunU-Monash,2023-06-28,1942
A0: All Stations,BRT05: SunU-Monash,2023-06-29,624
A0: All Stations,BRT05: SunU-Monash,2023-06-30,1465
A0: All Stations,BRT05: SunU-Monash,2023-07-01,749
A0: All Stations,BRT05: SunU-Monash,2023-07-02,643
A0: All Stations,BRT05: SunU-Monash,2023-07-03,1986
A0: All Stations,BRT05: SunU-Monash,2023-07-04,2229
A0: All Stations,BRT05: SunU-Monash,2023-07-05,2176
A0: All Stations,BRT05: SunU-Monash,2023-07-06,2173
A0: All Stations,BRT05: SunU-Monash,2023-07-07,2020
A0: All Stations,BRT05: SunU-Monash,2023-07-08,838
A0: All Stations,BRT05: SunU-Monash,2023-07-09,793
A0: All Stations,BRT05: SunU-Monash,2023-07-10,2224
A0: All Stations,BRT05: SunU-Monash,2023-07-11,2227
A0: All Stations,BRT05: SunU-Monash,2023-07-12,2322
A0: All Stations,BRT05: SunU-Monash,2023-07-13,2232
A0: All Stations,BRT05: SunU-Monash,2023-07-14,2272
A0: All Stations,BRT05: SunU-Monash,2023-07-15,970
A0: All Stations,BRT05: SunU-Monash,2023-07-16,738
A0: All Stations,BRT05: SunU-Monash,2023-07-17,2522
A0: All Stations,BRT05: SunU-Monash,2023-07-18,2617
A0: All Stations,BRT05: SunU-Monash,2023-07-19,918
A0: All Stations,BRT05: SunU-Monash,2023-07-20,2405
A0: All Stations,BRT05: SunU-Monash,2023-07-21,2288
A0: All Stations,BRT05: SunU-Monash,2023-07-22,1115
A0: All Stations,BRT05: SunU-Monash,2023-07-23,978
A0: All Stations,BRT05: SunU-Monash,2023-07-24,3280
A0: All Stations,BRT05: SunU-Monash,2023-07-25,3347
A0: All Stations,BRT05: SunU-Monash,2023-07-26,3336
A0: All Stations,BRT05: SunU-Monash,2023-07-27,3168
A0: All Stations,BRT05: SunU-Monash,2023-07-28,2878
A0: All Stations,BRT05: SunU-Monash,2023-07-29,1156
A0: All Stations,BRT05: SunU-Monash,2023-07-30,956
A0: All Stations,BRT05: SunU-Monash,2023-07-31,3022
A0: All Stations,BRT05: SunU-Monash,2023-08-01,3185
A0: All Stations,BRT05: SunU-Monash,2023-08-02,3096
A0: All Stations,BRT05: SunU-Monash,2023-08-03,3148
A0: All Stations,BRT05: SunU-Monash,2023-08-04,2746
A0: All Stations,BRT05: SunU-Monash,2023-08-05,1180
A0: All Stations,BRT05: SunU-Monash,2023-08-06,913
A0: All Stations,BRT05: SunU-Monash,2023-08-07,3017
A0: All Stations,BRT05: SunU-Monash,2023-08-08,2962
A0: All Stations,BRT05: SunU-Monash,2023-08-09,2971
A0: All Stations,BRT05: SunU-Monash,2023-08-10,3055
A0: All Stations,BRT05: SunU-Monash,2023-08-11,2581
A0: All Stations,BRT05: SunU-Monash,2023-08-12,968
A0: All Stations,BRT05: SunU-Monash,2023-08-13,859
A0: All Stations,BRT05: SunU-Monash,2023-08-14,1253
A0: All Stations,BRT05: SunU-Monash,2023-08-15,2999
A0: All Stations,BRT05: SunU-Monash,2023-08-16,2918
A0: All Stations,BRT05: SunU-Monash,2023-08-17,2769
A0: All Stations,BRT05: SunU-Monash,2023-08-18,2645
A0: All Stations,BRT05: SunU-Monash,2023-08-19,1219
A0: All Stations,BRT05: SunU-Monash,2023-08-20,1021
A0: All Stations,BRT05: SunU-Monash,2023-08-21,2677
A0: All Stations,BRT05: SunU-Monash,2023-08-22,2809
A0: All Stations,BRT05: SunU-Monash,2023-08-23,2947
A0: All Stations,BRT05: SunU-Monash,2023-08-24,2940
A0: All Stations,BRT05: SunU-Monash,2023-08-25,2801
A0: All Stations,BRT05: SunU-Monash,2023-08-26,1193
A0: All Stations,BRT05: SunU-Monash,2023-08-27,951
A0: All Stations,BRT05: SunU-Monash,2023-08-28,2716
A0: All Stations,BRT05: SunU-Monash,2023-08-29,2952
A0: All Stations,BRT05: SunU-Monash,2023-08-30,3096
A0: All Stations,BRT05: SunU-Monash,2023-08-31,979
A0: All Stations,BRT05: SunU-Monash,2023-09-01,2391
A0: All Stations,BRT05: SunU-Monash,2023-09-02,1131
A0: All Stations,BRT05: SunU-Monash,2023-09-03,951
A0: All Stations,BRT05: SunU-Monash,2023-09-04,2940
A0: All Stations,BRT05: SunU-Monash,2023-09-05,3211
A0: All Stations,BRT05: SunU-Monash,2023-09-06,3081
A0: All Stations,BRT05: SunU-Monash,2023-09-07,3379
A0: All Stations,BRT05: SunU-Monash,2023-09-08,3245
A0: All Stations,BRT05: SunU-Monash,2023-09-09,1273
A0: All Stations,BRT05: SunU-Monash,2023-09-10,1114
A0: All Stations,BRT05: SunU-Monash,2023-09-11,3361
A0: All Stations,BRT05: SunU-Monash,2023-09-12,3549
A0: All Stations,BRT05: SunU-Monash,2023-09-13,3585
A0: All Stations,BRT05: SunU-Monash,2023-09-14,3425
A0: All Stations,BRT05: SunU-Monash,2023-09-15,3241
A0: All Stations,BRT05: SunU-Monash,2023-09-16,1031
A0: All Stations,BRT05: SunU-Monash,2023-09-17,973
A0: All Stations,BRT05: SunU-Monash,2023-09-18,3555
A0: All Stations,BRT05: SunU-Monash,2023-09-19,3677
A0: All Stations,BRT05: SunU-Monash,2023-09-20,3779
A0: All Stations,BRT05: SunU-Monash,2023-09-21,3536
A0: All Stations,BRT05: SunU-Monash,2023-09-22,3679
A0: All Stations,BRT05: SunU-Monash,2023-09-23,1304
A0: All Stations,BRT05: SunU-Monash,2023-09-24,951
A0: All Stations,BRT05: SunU-Monash,2023-09-25,2956
A0: All Stations,BRT05: SunU-Monash,2023-09-26,3004
A0: All Stations,BRT05: SunU-Monash,2023-09-27,3056
A0: All Stations,BRT05: SunU-Monash,2023-09-28,1053
A0: All Stations,BRT05: SunU-Monash,2023-09-29,2684
A0: All Stations,BRT05: SunU-Monash,2023-09-30,1220
A0: All Stations,BRT05: SunU-Monash,2023-10-01,1050
A0: All Stations,BRT05: SunU-Monash,2023-10-02,3428
A0: All Stations,BRT05: SunU-Monash,2023-10-03,3709
A0: All Stations,BRT05: SunU-Monash,2023-10-04,3867
A0: All Stations,BRT05: SunU-Monash,2023-10-05,3718
A0: All Stations,BRT05: SunU-Monash,2023-10-06,3617
A0: All Stations,BRT05: SunU-Monash,2023-10-07,1374
A0: All Stations,BRT05: SunU-Monash,2023-10-08,1033
A0: All Stations,BRT05: SunU-Monash,2023-10-09,3581
A0: All Stations,BRT05: SunU-Monash,2023-10-10,3805
A0: All Stations,BRT05: SunU-Monash,2023-10-11,3825
A0: All Stations,BRT05: SunU-Monash,2023-10-12,3813
A0: All Stations,BRT05: SunU-Monash,2023-10-13,3502
A0: All Stations,BRT05: SunU-Monash,2023-10-14,1468
A0: All Stations,BRT05: SunU-Monash,2023-10-15,1218
A0: All Stations,BRT05: SunU-Monash,2023-10-16,3558
A0: All Stations,BRT05: SunU-Monash,2023-10-17,3857
A0: All Stations,BRT05: SunU-Monash,2023-10-18,3883
A0: All Stations,BRT05: SunU-Monash,2023-10-19,3786
A0: All Stations,BRT05: SunU-Monash,2023-10-20,3720
A0: All Stations,BRT05: SunU-Monash,2023-10-21,1396
A0: All Stations,BRT05: SunU-Monash,2023-10-22,1051
A0: All Stations,BRT05: SunU-Monash,2023-10-23,3014
A0: All Stations,BRT05: SunU-Monash,2023-10-24,3207
A0: All Stations,BRT05: SunU-Monash,2023-10-25,3367
A0: All Stations,BRT05: SunU-Monash,2023-10-26,3164
A0: All Stations,BRT05: SunU-Monash,2023-10-27,3030
A0: All Stations,BRT05: SunU-Monash,2023-10-28,1284
A0: All Stations,BRT05: SunU-Monash,2023-10-29,1066
A0: All Stations,BRT05: SunU-Monash,2023-10-30,2530
A0: All Stations,BRT05: SunU-Monash,2023-10-31,2693
A0: All Stations,BRT05: SunU-Monash,2023-11-01,2661
A0: All Stations,BRT05: SunU-Monash,2023-11-02,2614
A0: All Stations,BRT05: SunU-Monash,2023-11-03,2482
A0: All Stations,BRT05: SunU-Monash,2023-11-04,1324
A0: All Stations,BRT05: SunU-Monash,2023-11-05,1023
A0: All Stations,BRT05: SunU-Monash,2023-11-06,2907
A0: All Stations,BRT05: SunU-Monash,2023-11-07,3090
A0: All Stations,BRT05: SunU-Monash,2023-11-08,3105
A0: All Stations,BRT05: SunU-Monash,2023-11-09,3039
A0: All Stations,BRT05: SunU-Monash,2023-11-10,2721
A0: All Stations,BRT05: SunU-Monash,2023-11-11,1351
A0: All Stations,BRT05: SunU-Monash,2023-11-12,911
A0: All Stations,BRT05: SunU-Monash,2023-11-13,862
A0: All Stations,BRT05: SunU-Monash,2023-11-14,2287
A0: All Stations,BRT05: SunU-Monash,2023-11-15,2553
A0: All Stations,BRT05: SunU-Monash,2023-11-16,2513
A0: All Stations,BRT05: SunU-Monash,2023-11-17,2462
A0: All Stations,BRT05: SunU-Monash,2023-11-18,1172
A0: All Stations,BRT05: SunU-Monash,2023-11-19,995
A0: All Stations,BRT05: SunU-Monash,2023-11-20,2519
A0: All Stations,BRT05: SunU-Monash,2023-11-21,2688
A0: All Stations,BRT05: SunU-Monash,2023-11-22,2700
A0: All Stations,BRT05: SunU-Monash,2023-11-23,2854
A0: All Stations,BRT05: SunU-Monash,2023-11-24,2729
A0: All Stations,BRT05: SunU-Monash,2023-11-25,808
A0: All Stations,BRT05: SunU-Monash,2023-11-26,936
A0: All Stations,BRT05: SunU-Monash,2023-11-27,2382
A0: All Stations,BRT05: SunU-Monash,2023-11-28,2396
A0: All Stations,BRT05: SunU-Monash,2023-11-29,2564
A0: All Stations,BRT05: SunU-Monash,2023-11-30,2481
A0: All Stations,BRT05: SunU-Monash,2023-12-01,2328
A0: All Stations,BRT05: SunU-Monash,2023-12-02,1034
A0: All Stations,BRT05: SunU-Monash,2023-12-03,762
A0: All Stations,BRT05: SunU-Monash,2023-12-04,2255
A0: All Stations,BRT05: SunU-Monash,2023-12-05,2133
A0: All Stations,BRT05: SunU-Monash,2023-12-06,2229
A0: All Stations,BRT05: SunU-Monash,2023-12-07,2208
A0: All Stations,BRT05: SunU-Monash,2023-12-08,2180
A0: All Stations,BRT05: SunU-Monash,2023-12-09,1029
A0: All Stations,BRT05: SunU-Monash,2023-12-10,770
A0: All Stations,BRT05: SunU-Monash,2023-12-11,815
A0: All Stations,BRT05: SunU-Monash,2023-12-12,1900
A0: All Stations,BRT05: SunU-Monash,2023-12-13,1821
A0: All Stations,BRT05: SunU-Monash,2023-12-14,1723
A0: All Stations,BRT05: SunU-Monash,2023-12-15,1744
A0: All Stations,BRT05: SunU-Monash,2023-12-16,1000
A0: All Stations,BRT05: SunU-Monash,2023-12-17,824
A0: All Stations,BRT05: SunU-Monash,2023-12-18,1443
A0: All Stations,BRT05: SunU-Monash,2023-12-19,1355
A0: All Stations,BRT05: SunU-Monash,2023-12-20,1399
A0: All Stations,BRT05: SunU-Monash,2023-12-21,1327
A0: All Stations,BRT05: SunU-Monash,2023-12-22,1217
A0: All Stations,BRT05: SunU-Monash,2023-12-23,749
A0: All Stations,BRT05: SunU-Monash,2023-12-24,587
A0: All Stations,BRT05: SunU-Monash,2023-12-25,585
A0: All Stations,BRT05: SunU-Monash,2023-12-26,956
A0: All Stations,BRT05: SunU-Monash,2023-12-27,951
A0: All Stations,BRT05: SunU-Monash,2023-12-28,915
A0: All Stations,BRT05: SunU-Monash,2023-12-29,905
A0: All Stations,BRT05: SunU-Monash,2023-12-30,596
A0: All Stations,BRT05: SunU-Monash,2023-12-31,804
A0: All Stations,BRT06: South Quay-USJ 1,2023-04-01,1105
A0: All Stations,BRT06: South Quay-USJ 1,2023-04-02,1194
A0: All Stations,BRT06: South Quay-USJ 1,2023-04-03,1848
A0: All Stations,BRT06: South Quay-USJ 1,2023-04-04,1900
A0: All Stations,BRT06: South Quay-USJ 1,2023-04-05,1900
A0: All Stations,BRT06: South Quay-USJ 1,2023-04-06,1796
A0: All Stations,BRT06: South Quay-USJ 1,2023-04-07,1607
A0: All Stations,BRT06: South Quay-USJ 1,2023-04-08,1252
A0: All Stations,BRT06: South Quay-USJ 1,2023-04-09,1269
A0: All Stations,BRT06: South Quay-USJ 1,2023-04-10,1762
A0: All Stations,BRT06: South Quay-USJ 1,2023-04-11,1811
A0: All Stations,BRT06: South Quay-USJ 1,2023-04-12,1789
A0: All Stations,BRT06: South Quay-USJ 1,2023-04-13,1595
A0: All Stations,BRT06: South Quay-USJ 1,2023-04-14,1734
A0: All Stations,BRT06: South Quay-USJ 1,2023-04-15,1292
A0: All Stations,BRT06: South Quay-USJ 1,2023-04-16,1293
A0: All Stations,BRT06: South Quay-USJ 1,2023-04-17,1809
A0: All Stations,BRT06: South Quay-USJ 1,2023-04-18,1846
A0: All Stations,BRT06: South Quay-USJ 1,2023-04-19,1921
A0: All Stations,BRT06: South Quay-USJ 1,2023-04-20,1901
A0: All Stations,BRT06: South Quay-USJ 1,2023-04-21,1248
A0: All Stations,BRT06: South Quay-USJ 1,2023-04-22,992
A0: All Stations,BRT06: South Quay-USJ 1,2023-04-23,1124
A0: All Stations,BRT06: South Quay-USJ 1,2023-04-24,931
A0: All Stations,BRT06: South Quay-USJ 1,2023-04-25,1231
A0: All Stations,BRT06: South Quay-USJ 1,2023-04-26,1446
A0: All Stations,BRT06: South Quay-USJ 1,2023-04-27,1586
A0: All Stations,BRT06: South Quay-USJ 1,2023-04-28,1585
A0: All Stations,BRT06: South Quay-USJ 1,2023-04-29,1114
A0: All Stations,BRT06: South Quay-USJ 1,2023-04-30,1068
A0: All Stations,BRT06: South Quay-USJ 1,2023-05-01,1162
A0: All Stations,BRT06: South Quay-USJ 1,2023-05-02,1827
A0: All Stations,BRT06: South Quay-USJ 1,2023-05-03,1731
A0: All Stations,BRT06: South Quay-USJ 1,2023-05-04,1078
A0: All Stations,BRT06: South Quay-USJ 1,2023-05-05,1675
A0: All Stations,BRT06: South Quay-USJ 1,2023-05-06,1067
A0: All Stations,BRT06: South Quay-USJ 1,2023-05-07,1155
A0: All Stations,BRT06: South Quay-USJ 1,2023-05-08,1811
A0: All Stations,BRT06: South Quay-USJ 1,2023-05-09,1808
A0: All Stations,BRT06: South Quay-USJ 1,2023-05-10,1875
A0: All Stations,BRT06: South Quay-USJ 1,2023-05-11,1798
A0: All Stations,BRT06: South Quay-USJ 1,2023-05-12,1814
A0: All Stations,BRT06: South Quay-USJ 1,2023-05-13,1118
A0: All Stations,BRT06: South Quay-USJ 1,2023-05-14,1135
A0: All Stations,BRT06: South Quay-USJ 1,2023-05-15,1813
A0: All Stations,BRT06: South Quay-USJ 1,2023-05-16,1873
A0: All Stations,BRT06: South Quay-USJ 1,2023-05-17,1807
A0: All Stations,BRT06: South Quay-USJ 1,2023-05-18,1902
A0: All Stations,BRT06: South Quay-USJ 1,2023-05-19,1723
A0: All Stations,BRT06: South Quay-USJ 1,2023-05-20,1037
A0: All Stations,BRT06: South Quay-USJ 1,2023-05-21,1106
A0: All Stations,BRT06: South Quay-USJ 1,2023-05-22,1713
A0: All Stations,BRT06: South Quay-USJ 1,2023-05-23,1769
A0: All Stations,BRT06: South Quay-USJ 1,2023-05-24,1651
A0: All Stations,BRT06: South Quay-USJ 1,2023-05-25,1734
A0: All Stations,BRT06: South Quay-USJ 1,2023-05-26,1716
A0: All Stations,BRT06: South Quay-USJ 1,2023-05-27,1126
A0: All Stations,BRT06: South Quay-USJ 1,2023-05-28,1124
A0: All Stations,BRT06: South Quay-USJ 1,2023-05-29,1602
A0: All Stations,BRT06: South Quay-USJ 1,2023-05-30,1642
A0: All Stations,BRT06: South Quay-USJ 1,2023-05-31,1608
A0: All Stations,BRT06: South Quay-USJ 1,2023-06-01,1677
A0: All Stations,BRT06: South Quay-USJ 1,2023-06-02,1475
A0: All Stations,BRT06: South Quay-USJ 1,2023-06-03,1086
A0: All Stations,BRT06: South Quay-USJ 1,2023-06-04,1135
A0: All Stations,BRT06: South Quay-USJ 1,2023-06-05,1022
A0: All Stations,BRT06: South Quay-USJ 1,2023-06-06,1737
A0: All Stations,BRT06: South Quay-USJ 1,2023-06-07,1691
A0: All Stations,BRT06: South Quay-USJ 1,2023-06-08,1646
A0: All Stations,BRT06: South Quay-USJ 1,2023-06-09,1628
A0: All Stations,BRT06: South Quay-USJ 1,2023-06-10,1121
A0: All Stations,BRT06: South Quay-USJ 1,2023-06-11,1181
A0: All Stations,BRT06: South Quay-USJ 1,2023-06-12,1476
A0: All Stations,BRT06: South Quay-USJ 1,2023-06-13,1487
A0: All Stations,BRT06: South Quay-USJ 1,2023-06-14,1496
A0: All Stations,BRT06: South Quay-USJ 1,2023-06-15,1496
A0: All Stations,BRT06: South Quay-USJ 1,2023-06-16,1432
A0: All Stations,BRT06: South Quay-USJ 1,2023-06-17,1078
A0: All Stations,BRT06: South Quay-USJ 1,2023-06-18,1063
A0: All Stations,BRT06: South Quay-USJ 1,2023-06-19,1527
A0: All Stations,BRT06: South Quay-USJ 1,2023-06-20,1521
A0: All Stations,BRT06: South Quay-USJ 1,2023-06-21,1547
A0: All Stations,BRT06: South Quay-USJ 1,2023-06-22,1537
A0: All Stations,BRT06: South Quay-USJ 1,2023-06-23,1464
A0: All Stations,BRT06: South Quay-USJ 1,2023-06-24,1063
A0: All Stations,BRT06: South Quay-USJ 1,2023-06-25,1085
A0: All Stations,BRT06: South Quay-USJ 1,2023-06-26,1477
A0: All Stations,BRT06: South Quay-USJ 1,2023-06-27,1607
A0: All Stations,BRT06: South Quay-USJ 1,2023-06-28,1553
A0: All Stations,BRT06: South Quay-USJ 1,2023-06-29,1003
A0: All Stations,BRT06: South Quay-USJ 1,2023-06-30,1263
A0: All Stations,BRT06: South Quay-USJ 1,2023-07-01,1050
A0: All Stations,BRT06: South Quay-USJ 1,2023-07-02,991
A0: All Stations,BRT06: South Quay-USJ 1,2023-07-03,1484
A0: All Stations,BRT06: South Quay-USJ 1,2023-07-04,1593
A0: All Stations,BRT06: South Quay-USJ 1,2023-07-05,1553
A0: All Stations,BRT06: South Quay-USJ 1,2023-07-06,1575
A0: All Stations,BRT06: South Quay-USJ 1,2023-07-07,1520
A0: All Stations,BRT06: South Quay-USJ 1,2023-07-08,1075
A0: All Stations,BRT06: South Quay-USJ 1,2023-07-09,1180
A0: All Stations,BRT06: South Quay-USJ 1,2023-07-10,1583
A0: All Stations,BRT06: South Quay-USJ 1,2023-07-11,1586
A0: All Stations,BRT06: South Quay-USJ 1,2023-07-12,1554
A0: All Stations,BRT06: South Quay-USJ 1,2023-07-13,1597
A0: All Stations,BRT06: South Quay-USJ 1,2023-07-14,1539
A0: All Stations,BRT06: South Quay-USJ 1,2023-07-15,1113
A0: All Stations,BRT06: South Quay-USJ 1,2023-07-16,1138
A0: All Stations,BRT06: South Quay-USJ 1,2023-07-17,1565
A0: All Stations,BRT06: South Quay-USJ 1,2023-07-18,1550
A0: All Stations,BRT06: South Quay-USJ 1,2023-07-19,998
A0: All Stations,BRT06: South Quay-USJ 1,2023-07-20,1535
A0: All Stations,BRT06: South Quay-USJ 1,2023-07-21,1547
A0: All Stations,BRT06: South Quay-USJ 1,2023-07-22,1054
A0: All Stations,BRT06: South Quay-USJ 1,2023-07-23,1160
A0: All Stations,BRT06: South Quay-USJ 1,2023-07-24,1758
A0: All Stations,BRT06: South Quay-USJ 1,2023-07-25,1863
A0: All Stations,BRT06: South Quay-USJ 1,2023-07-26,1857
A0: All Stations,BRT06: South Quay-USJ 1,2023-07-27,1853
A0: All Stations,BRT06: South Quay-USJ 1,2023-07-28,1768
A0: All Stations,BRT06: South Quay-USJ 1,2023-07-29,1284
A0: All Stations,BRT06: South Quay-USJ 1,2023-07-30,1207
A0: All Stations,BRT06: South Quay-USJ 1,2023-07-31,1823
A0: All Stations,BRT06: South Quay-USJ 1,2023-08-01,1906
A0: All Stations,BRT06: South Quay-USJ 1,2023-08-02,1845
A0: All Stations,BRT06: South Quay-USJ 1,2023-08-03,1929
A0: All Stations,BRT06: South Quay-USJ 1,2023-08-04,1757
A0: All Stations,BRT06: South Quay-USJ 1,2023-08-05,1173
A0: All Stations,BRT06: South Quay-USJ 1,2023-08-06,1227
A0: All Stations,BRT06: South Quay-USJ 1,2023-08-07,1815
A0: All Stations,BRT06: South Quay-USJ 1,2023-08-08,1839
A0: All Stations,BRT06: South Quay-USJ 1,2023-08-09,1805
A0: All Stations,BRT06: South Quay-USJ 1,2023-08-10,1912
A0: All Stations,BRT06: South Quay-USJ 1,2023-08-11,1711
A0: All Stations,BRT06: South Quay-USJ 1,2023-08-12,1075
A0: All Stations,BRT06: South Quay-USJ 1,2023-08-13,1043
A0: All Stations,BRT06: South Quay-USJ 1,2023-08-14,1219
A0: All Stations,BRT06: South Quay-USJ 1,2023-08-15,1812
A0: All Stations,BRT06: South Quay-USJ 1,2023-08-16,1780
A0: All Stations,BRT06: South Quay-USJ 1,2023-08-17,1761
A0: All Stations,BRT06: South Quay-USJ 1,2023-08-18,1600
A0: All Stations,BRT06: South Quay-USJ 1,2023-08-19,1056
A0: All Stations,BRT06: South Quay-USJ 1,2023-08-20,1113
A0: All Stations,BRT06: South Quay-USJ 1,2023-08-21,1735
A0: All Stations,BRT06: South Quay-USJ 1,2023-08-22,1736
A0: All Stations,BRT06: South Quay-USJ 1,2023-08-23,1718
A0: All Stations,BRT06: South Quay-USJ 1,2023-08-24,1723
A0: All Stations,BRT06: South Quay-USJ 1,2023-08-25,1719
A0: All Stations,BRT06: South Quay-USJ 1,2023-08-26,1144
A0: All Stations,BRT06: South Quay-USJ 1,2023-08-27,1123
A0: All Stations,BRT06: South Quay-USJ 1,2023-08-28,1755
A0: All Stations,BRT06: South Quay-USJ 1,2023-08-29,1740
A0: All Stations,BRT06: South Quay-USJ 1,2023-08-30,1922
A0: All Stations,BRT06: South Quay-USJ 1,2023-08-31,1304
A0: All Stations,BRT06: South Quay-USJ 1,2023-09-01,1467
A0: All Stations,BRT06: South Quay-USJ 1,2023-09-02,1132
A0: All Stations,BRT06: South Quay-USJ 1,2023-09-03,1091
A0: All Stations,BRT06: South Quay-USJ 1,2023-09-04,1856
A0: All Stations,BRT06: South Quay-USJ 1,2023-09-05,1800
A0: All Stations,BRT06: South Quay-USJ 1,2023-09-06,1869
A0: All Stations,BRT06: South Quay-USJ 1,2023-09-07,1967
A0: All Stations,BRT06: South Quay-USJ 1,2023-09-08,1871
A0: All Stations,BRT06: South Quay-USJ 1,2023-09-09,1304
A0: All Stations,BRT06: South Quay-USJ 1,2023-09-10,1222
A0: All Stations,BRT06: South Quay-USJ 1,2023-09-11,1900
A0: All Stations,BRT06: South Quay-USJ 1,2023-09-12,1966
A0: All Stations,BRT06: South Quay-USJ 1,2023-09-13,1860
A0: All Stations,BRT06: South Quay-USJ 1,2023-09-14,1851
A0: All Stations,BRT06: South Quay-USJ 1,2023-09-15,1857
A0: All Stations,BRT06: South Quay-USJ 1,2023-09-16,1222
A0: All Stations,BRT06: South Quay-USJ 1,2023-09-17,1076
A0: All Stations,BRT06: South Quay-USJ 1,2023-09-18,1859
A0: All Stations,BRT06: South Quay-USJ 1,2023-09-19,1882
A0: All Stations,BRT06: South Quay-USJ 1,2023-09-20,1947
A0: All Stations,BRT06: South Quay-USJ 1,2023-09-21,1929
A0: All Stations,BRT06: South Quay-USJ 1,2023-09-22,1878
A0: All Stations,BRT06: South Quay-USJ 1,2023-09-23,1167
A0: All Stations,BRT06: South Quay-USJ 1,2023-09-24,1133
A0: All Stations,BRT06: South Quay-USJ 1,2023-09-25,1850
A0: All Stations,BRT06: South Quay-USJ 1,2023-09-26,1882
A0: All Stations,BRT06: South Quay-USJ 1,2023-09-27,1969
A0: All Stations,BRT06: South Quay-USJ 1,2023-09-28,1147
A0: All Stations,BRT06: South Quay-USJ 1,2023-09-29,1618
A0: All Stations,BRT06: South Quay-USJ 1,2023-09-30,1228
A0: All Stations,BRT06: South Quay-USJ 1,2023-10-01,1219
A0: All Stations,BRT06: South Quay-USJ 1,2023-10-02,1945
A0: All Stations,BRT06: South Quay-USJ 1,2023-10-03,2079
A0: All Stations,BRT06: South Quay-USJ 1,2023-10-04,2019
A0: All Stations,BRT06: South Quay-USJ 1,2023-10-05,2018
A0: All Stations,BRT06: South Quay-USJ 1,2023-10-06,2004
A0: All Stations,BRT06: South Quay-USJ 1,2023-10-07,1409
A0: All Stations,BRT06: South Quay-USJ 1,2023-10-08,1311
A0: All Stations,BRT06: South Quay-USJ 1,2023-10-09,2025
A0: All Stations,BRT06: South Quay-USJ 1,2023-10-10,2059
A0: All Stations,BRT06: South Quay-USJ 1,2023-10-11,1993
A0: All Stations,BRT06: South Quay-USJ 1,2023-10-12,2007
A0: All Stations,BRT06: South Quay-USJ 1,2023-10-13,1989
A0: All Stations,BRT06: South Quay-USJ 1,2023-10-14,1338
A0: All Stations,BRT06: South Quay-USJ 1,2023-10-15,1266
A0: All Stations,BRT06: South Quay-USJ 1,2023-10-16,1958
A0: All Stations,BRT06: South Quay-USJ 1,2023-10-17,1908
A0: All Stations,BRT06: South Quay-USJ 1,2023-10-18,1956
A0: All Stations,BRT06: South Quay-USJ 1,2023-10-19,1945
A0: All Stations,BRT06: South Quay-USJ 1,2023-10-20,2001
A0: All Stations,BRT06: South Quay-USJ 1,2023-10-21,1198
A0: All Stations,BRT06: South Quay-USJ 1,2023-10-22,1239
A0: All Stations,BRT06: South Quay-USJ 1,2023-10-23,1784
A0: All Stations,BRT06: South Quay-USJ 1,2023-10-24,1876
A0: All Stations,BRT06: South Quay-USJ 1,2023-10-25,1894
A0: All Stations,BRT06: South Quay-USJ 1,2023-10-26,1882
A0: All Stations,BRT06: South Quay-USJ 1,2023-10-27,1858
A0: All Stations,BRT06: South Quay-USJ 1,2023-10-28,1207
A0: All Stations,BRT06: South Quay-USJ 1,2023-10-29,1198
A0: All Stations,BRT06: South Quay-USJ 1,2023-10-30,1835
A0: All Stations,BRT06: South Quay-USJ 1,2023-10-31,1849
A0: All Stations,BRT06: South Quay-USJ 1,2023-11-01,1978
A0: All Stations,BRT06: South Quay-USJ 1,2023-11-02,1901
A0: All Stations,BRT06: South Quay-USJ 1,2023-11-03,1856
A0: All Stations,BRT06: South Quay-USJ 1,2023-11-04,1310
A0: All Stations,BRT06: South Quay-USJ 1,2023-11-05,1239
A0: All Stations,BRT06: South Quay-USJ 1,2023-11-06,1853
A0: All Stations,BRT06: South Quay-USJ 1,2023-11-07,2020
A0: All Stations,BRT06: South Quay-USJ 1,2023-11-08,2043
A0: All Stations,BRT06: South Quay-USJ 1,2023-11-09,1953
A0: All Stations,BRT06: South Quay-USJ 1,2023-11-10,1905
A0: All Stations,BRT06: South Quay-USJ 1,2023-11-11,1269
A0: All Stations,BRT06: South Quay-USJ 1,2023-11-12,1260
A0: All Stations,BRT06: South Quay-USJ 1,2023-11-13,989
A0: All Stations,BRT06: South Quay-USJ 1,2023-11-14,1498
A0: All Stations,BRT06: South Quay-USJ 1,2023-11-15,1719
A0: All Stations,BRT06: South Quay-USJ 1,2023-11-16,1732
A0: All Stations,BRT06: South Quay-USJ 1,2023-11-17,1714
A0: All Stations,BRT06: South Quay-USJ 1,2023-11-18,1127
A0: All Stations,BRT06: South Quay-USJ 1,2023-11-19,1230
A0: All Stations,BRT06: South Quay-USJ 1,2023-11-20,1774
A0: All Stations,BRT06: South Quay-USJ 1,2023-11-21,1887
A0: All Stations,BRT06: South Quay-USJ 1,2023-11-22,1777
A0: All Stations,BRT06: South Quay-USJ 1,2023-11-23,1834
A0: All Stations,BRT06: South Quay-USJ 1,2023-11-24,1862
A0: All Stations,BRT06: South Quay-USJ 1,2023-11-25,698
A0: All Stations,BRT06: South Quay-USJ 1,2023-11-26,1162
A0: All Stations,BRT06: South Quay-USJ 1,2023-11-27,1696
A0: All Stations,BRT06: South Quay-USJ 1,2023-11-28,1389
A0: All Stations,BRT06: South Quay-USJ 1,2023-11-29,1810
A0: All Stations,BRT06: South Quay-USJ 1,2023-11-30,1786
A0: All Stations,BRT06: South Quay-USJ 1,2023-12-01,1809
A0: All Stations,BRT06: South Quay-USJ 1,2023-12-02,1267
A0: All Stations,BRT06: South Quay-USJ 1,2023-12-03,1190
A0: All Stations,BRT06: South Quay-USJ 1,2023-12-04,1685
A0: All Stations,BRT06: South Quay-USJ 1,2023-12-05,1739
A0: All Stations,BRT06: South Quay-USJ 1,2023-12-06,1908
A0: All Stations,BRT06: South Quay-USJ 1,2023-12-07,1823
A0: All Stations,BRT06: South Quay-USJ 1,2023-12-08,1708
A0: All Stations,BRT06: South Quay-USJ 1,2023-12-09,1200
A0: All Stations,BRT06: South Quay-USJ 1,2023-12-10,1128
A0: All Stations,BRT06: South Quay-USJ 1,2023-12-11,1219
A0: All Stations,BRT06: South Quay-USJ 1,2023-12-12,1545
A0: All Stations,BRT06: South Quay-USJ 1,2023-12-13,1527
A0: All Stations,BRT06: South Quay-USJ 1,2023-12-14,1428
A0: All Stations,BRT06: South Quay-USJ 1,2023-12-15,1512
A0: All Stations,BRT06: South Quay-USJ 1,2023-12-16,1088
A0: All Stations,BRT06: South Quay-USJ 1,2023-12-17,1096
A0: All Stations,BRT06: South Quay-USJ 1,2023-12-18,1371
A0: All Stations,BRT06: South Quay-USJ 1,2023-12-19,1413
A0: All Stations,BRT06: South Quay-USJ 1,2023-12-20,1423
A0: All Stations,BRT06: South Quay-USJ 1,2023-12-21,1326
A0: All Stations,BRT06: South Quay-USJ 1,2023-12-22,1341
A0: All Stations,BRT06: South Quay-USJ 1,2023-12-23,1040
A0: All Stations,BRT06: South Quay-USJ 1,2023-12-24,996
A0: All Stations,BRT06: South Quay-USJ 1,2023-12-25,1008
A0: All Stations,BRT06: South Quay-USJ 1,2023-12-26,1147
A0: All Stations,BRT06: South Quay-USJ 1,2023-12-27,1194
A0: All Stations,BRT06: South Quay-USJ 1,2023-12-28,1278
A0: All Stations,BRT06: South Quay-USJ 1,2023-12-29,1222
A0: All Stations,BRT06: South Quay-USJ 1,2023-12-30,1055
A0: All Stations,BRT06: South Quay-USJ 1,2023-12-31,1101
A0: All Stations,BRT07: USJ 7,2023-04-01,2537
A0: All Stations,BRT07: USJ 7,2023-04-02,2125
A0: All Stations,BRT07: USJ 7,2023-04-03,4478
A0: All Stations,BRT07: USJ 7,2023-04-04,4689
A0: All Stations,BRT07: USJ 7,2023-04-05,4769
A0: All Stations,BRT07: USJ 7,2023-04-06,4794
A0: All Stations,BRT07: USJ 7,2023-04-07,4809
A0: All Stations,BRT07: USJ 7,2023-04-08,2654
A0: All Stations,BRT07: USJ 7,2023-04-09,2306
A0: All Stations,BRT07: USJ 7,2023-04-10,4514
A0: All Stations,BRT07: USJ 7,2023-04-11,4861
A0: All Stations,BRT07: USJ 7,2023-04-12,4832
A0: All Stations,BRT07: USJ 7,2023-04-13,4621
A0: All Stations,BRT07: USJ 7,2023-04-14,4627
A0: All Stations,BRT07: USJ 7,2023-04-15,2745
A0: All Stations,BRT07: USJ 7,2023-04-16,2242
A0: All Stations,BRT07: USJ 7,2023-04-17,4892
A0: All Stations,BRT07: USJ 7,2023-04-18,5049
A0: All Stations,BRT07: USJ 7,2023-04-19,5106
A0: All Stations,BRT07: USJ 7,2023-04-20,4525
A0: All Stations,BRT07: USJ 7,2023-04-21,2464
A0: All Stations,BRT07: USJ 7,2023-04-22,2685
A0: All Stations,BRT07: USJ 7,2023-04-23,2587
A0: All Stations,BRT07: USJ 7,2023-04-24,1971
A0: All Stations,BRT07: USJ 7,2023-04-25,3108
A0: All Stations,BRT07: USJ 7,2023-04-26,4178
A0: All Stations,BRT07: USJ 7,2023-04-27,4330
A0: All Stations,BRT07: USJ 7,2023-04-28,4239
A0: All Stations,BRT07: USJ 7,2023-04-29,2733
A0: All Stations,BRT07: USJ 7,2023-04-30,2245
A0: All Stations,BRT07: USJ 7,2023-05-01,2177
A0: All Stations,BRT07: USJ 7,2023-05-02,4897
A0: All Stations,BRT07: USJ 7,2023-05-03,5158
A0: All Stations,BRT07: USJ 7,2023-05-04,2433
A0: All Stations,BRT07: USJ 7,2023-05-05,4558
A0: All Stations,BRT07: USJ 7,2023-05-06,2560
A0: All Stations,BRT07: USJ 7,2023-05-07,2121
A0: All Stations,BRT07: USJ 7,2023-05-08,5026
A0: All Stations,BRT07: USJ 7,2023-05-09,5273
A0: All Stations,BRT07: USJ 7,2023-05-10,5408
A0: All Stations,BRT07: USJ 7,2023-05-11,5335
A0: All Stations,BRT07: USJ 7,2023-05-12,5248
A0: All Stations,BRT07: USJ 7,2023-05-13,2891
A0: All Stations,BRT07: USJ 7,2023-05-14,2193
A0: All Stations,BRT07: USJ 7,2023-05-15,4992
A0: All Stations,BRT07: USJ 7,2023-05-16,5104
A0: All Stations,BRT07: USJ 7,2023-05-17,5038
A0: All Stations,BRT07: USJ 7,2023-05-18,5131
A0: All Stations,BRT07: USJ 7,2023-05-19,4883
A0: All Stations,BRT07: USJ 7,2023-05-20,2723
A0: All Stations,BRT07: USJ 7,2023-05-21,2177
A0: All Stations,BRT07: USJ 7,2023-05-22,4836
A0: All Stations,BRT07: USJ 7,2023-05-23,5043
A0: All Stations,BRT07: USJ 7,2023-05-24,5013
A0: All Stations,BRT07: USJ 7,2023-05-25,4873
A0: All Stations,BRT07: USJ 7,2023-05-26,4751
A0: All Stations,BRT07: USJ 7,2023-05-27,2849
A0: All Stations,BRT07: USJ 7,2023-05-28,2283
A0: All Stations,BRT07: USJ 7,2023-05-29,4661
A0: All Stations,BRT07: USJ 7,2023-05-30,4991
A0: All Stations,BRT07: USJ 7,2023-05-31,5183
A0: All Stations,BRT07: USJ 7,2023-06-01,5052
A0: All Stations,BRT07: USJ 7,2023-06-02,4593
A0: All Stations,BRT07: USJ 7,2023-06-03,2874
A0: All Stations,BRT07: USJ 7,2023-06-04,2397
A0: All Stations,BRT07: USJ 7,2023-06-05,2111
A0: All Stations,BRT07: USJ 7,2023-06-06,4767
A0: All Stations,BRT07: USJ 7,2023-06-07,4889
A0: All Stations,BRT07: USJ 7,2023-06-08,4918
A0: All Stations,BRT07: USJ 7,2023-06-09,4664
A0: All Stations,BRT07: USJ 7,2023-06-10,2948
A0: All Stations,BRT07: USJ 7,2023-06-11,2338
A0: All Stations,BRT07: USJ 7,2023-06-12,4159
A0: All Stations,BRT07: USJ 7,2023-06-13,4493
A0: All Stations,BRT07: USJ 7,2023-06-14,4491
A0: All Stations,BRT07: USJ 7,2023-06-15,4523
A0: All Stations,BRT07: USJ 7,2023-06-16,4153
A0: All Stations,BRT07: USJ 7,2023-06-17,2770
A0: All Stations,BRT07: USJ 7,2023-06-18,2203
A0: All Stations,BRT07: USJ 7,2023-06-19,4585
A0: All Stations,BRT07: USJ 7,2023-06-20,4812
A0: All Stations,BRT07: USJ 7,2023-06-21,4946
A0: All Stations,BRT07: USJ 7,2023-06-22,4908
A0: All Stations,BRT07: USJ 7,2023-06-23,4411
A0: All Stations,BRT07: USJ 7,2023-06-24,2907
A0: All Stations,BRT07: USJ 7,2023-06-25,2373
A0: All Stations,BRT07: USJ 7,2023-06-26,4497
A0: All Stations,BRT07: USJ 7,2023-06-27,4805
A0: All Stations,BRT07: USJ 7,2023-06-28,4934
A0: All Stations,BRT07: USJ 7,2023-06-29,2740
A0: All Stations,BRT07: USJ 7,2023-06-30,3818
A0: All Stations,BRT07: USJ 7,2023-07-01,2504
A0: All Stations,BRT07: USJ 7,2023-07-02,2058
A0: All Stations,BRT07: USJ 7,2023-07-03,4339
A0: All Stations,BRT07: USJ 7,2023-07-04,4885
A0: All Stations,BRT07: USJ 7,2023-07-05,4995
A0: All Stations,BRT07: USJ 7,2023-07-06,4976
A0: All Stations,BRT07: USJ 7,2023-07-07,4877
A0: All Stations,BRT07: USJ 7,2023-07-08,2948
A0: All Stations,BRT07: USJ 7,2023-07-09,2447
A0: All Stations,BRT07: USJ 7,2023-07-10,4716
A0: All Stations,BRT07: USJ 7,2023-07-11,4915
A0: All Stations,BRT07: USJ 7,2023-07-12,5132
A0: All Stations,BRT07: USJ 7,2023-07-13,5016
A0: All Stations,BRT07: USJ 7,2023-07-14,4915
A0: All Stations,BRT07: USJ 7,2023-07-15,2934
A0: All Stations,BRT07: USJ 7,2023-07-16,2112
A0: All Stations,BRT07: USJ 7,2023-07-17,4844
A0: All Stations,BRT07: USJ 7,2023-07-18,5144
A0: All Stations,BRT07: USJ 7,2023-07-19,2686
A0: All Stations,BRT07: USJ 7,2023-07-20,4901
A0: All Stations,BRT07: USJ 7,2023-07-21,4728
A0: All Stations,BRT07: USJ 7,2023-07-22,2735
A0: All Stations,BRT07: USJ 7,2023-07-23,2245
A0: All Stations,BRT07: USJ 7,2023-07-24,4889
A0: All Stations,BRT07: USJ 7,2023-07-25,5028
A0: All Stations,BRT07: USJ 7,2023-07-26,5329
A0: All Stations,BRT07: USJ 7,2023-07-27,5136
A0: All Stations,BRT07: USJ 7,2023-07-28,4855
A0: All Stations,BRT07: USJ 7,2023-07-29,3069
A0: All Stations,BRT07: USJ 7,2023-07-30,2201
A0: All Stations,BRT07: USJ 7,2023-07-31,4742
A0: All Stations,BRT07: USJ 7,2023-08-01,4868
A0: All Stations,BRT07: USJ 7,2023-08-02,4953
A0: All Stations,BRT07: USJ 7,2023-08-03,4871
A0: All Stations,BRT07: USJ 7,2023-08-04,4560
A0: All Stations,BRT07: USJ 7,2023-08-05,2711
A0: All Stations,BRT07: USJ 7,2023-08-06,2254
A0: All Stations,BRT07: USJ 7,2023-08-07,4663
A0: All Stations,BRT07: USJ 7,2023-08-08,4785
A0: All Stations,BRT07: USJ 7,2023-08-09,4973
A0: All Stations,BRT07: USJ 7,2023-08-10,4949
A0: All Stations,BRT07: USJ 7,2023-08-11,4554
A0: All Stations,BRT07: USJ 7,2023-08-12,2381
A0: All Stations,BRT07: USJ 7,2023-08-13,2008
A0: All Stations,BRT07: USJ 7,2023-08-14,2640
A0: All Stations,BRT07: USJ 7,2023-08-15,4846
A0: All Stations,BRT07: USJ 7,2023-08-16,4911
A0: All Stations,BRT07: USJ 7,2023-08-17,4728
A0: All Stations,BRT07: USJ 7,2023-08-18,4643
A0: All Stations,BRT07: USJ 7,2023-08-19,2671
A0: All Stations,BRT07: USJ 7,2023-08-20,2245
A0: All Stations,BRT07: USJ 7,2023-08-21,4234
A0: All Stations,BRT07: USJ 7,2023-08-22,4484
A0: All Stations,BRT07: USJ 7,2023-08-23,4791
A0: All Stations,BRT07: USJ 7,2023-08-24,4837
A0: All Stations,BRT07: USJ 7,2023-08-25,4820
A0: All Stations,BRT07: USJ 7,2023-08-26,2823
A0: All Stations,BRT07: USJ 7,2023-08-27,2217
A0: All Stations,BRT07: USJ 7,2023-08-28,4542
A0: All Stations,BRT07: USJ 7,2023-08-29,5007
A0: All Stations,BRT07: USJ 7,2023-08-30,5545
A0: All Stations,BRT07: USJ 7,2023-08-31,2749
A0: All Stations,BRT07: USJ 7,2023-09-01,4170
A0: All Stations,BRT07: USJ 7,2023-09-02,2611
A0: All Stations,BRT07: USJ 7,2023-09-03,2189
A0: All Stations,BRT07: USJ 7,2023-09-04,4678
A0: All Stations,BRT07: USJ 7,2023-09-05,5204
A0: All Stations,BRT07: USJ 7,2023-09-06,5352
A0: All Stations,BRT07: USJ 7,2023-09-07,5238
A0: All Stations,BRT07: USJ 7,2023-09-08,5472
A0: All Stations,BRT07: USJ 7,2023-09-09,3009
A0: All Stations,BRT07: USJ 7,2023-09-10,2314
A0: All Stations,BRT07: USJ 7,2023-09-11,5063
A0: All Stations,BRT07: USJ 7,2023-09-12,5343
A0: All Stations,BRT07: USJ 7,2023-09-13,5506
A0: All Stations,BRT07: USJ 7,2023-09-14,5362
A0: All Stations,BRT07: USJ 7,2023-09-15,5429
A0: All Stations,BRT07: USJ 7,2023-09-16,2841
A0: All Stations,BRT07: USJ 7,2023-09-17,2289
A0: All Stations,BRT07: USJ 7,2023-09-18,5401
A0: All Stations,BRT07: USJ 7,2023-09-19,5551
A0: All Stations,BRT07: USJ 7,2023-09-20,5939
A0: All Stations,BRT07: USJ 7,2023-09-21,5822
A0: All Stations,BRT07: USJ 7,2023-09-22,5688
A0: All Stations,BRT07: USJ 7,2023-09-23,3014
A0: All Stations,BRT07: USJ 7,2023-09-24,2231
A0: All Stations,BRT07: USJ 7,2023-09-25,5449
A0: All Stations,BRT07: USJ 7,2023-09-26,5544
A0: All Stations,BRT07: USJ 7,2023-09-27,5980
A0: All Stations,BRT07: USJ 7,2023-09-28,2747
A0: All Stations,BRT07: USJ 7,2023-09-29,5188
A0: All Stations,BRT07: USJ 7,2023-09-30,3020
A0: All Stations,BRT07: USJ 7,2023-10-01,2335
A0: All Stations,BRT07: USJ 7,2023-10-02,5423
A0: All Stations,BRT07: USJ 7,2023-10-03,5742
A0: All Stations,BRT07: USJ 7,2023-10-04,6039
A0: All Stations,BRT07: USJ 7,2023-10-05,5749
A0: All Stations,BRT07: USJ 7,2023-10-06,5916
A0: All Stations,BRT07: USJ 7,2023-10-07,3044
A0: All Stations,BRT07: USJ 7,2023-10-08,2406
A0: All Stations,BRT07: USJ 7,2023-10-09,5657
A0: All Stations,BRT07: USJ 7,2023-10-10,5744
A0: All Stations,BRT07: USJ 7,2023-10-11,5894
A0: All Stations,BRT07: USJ 7,2023-10-12,5938
A0: All Stations,BRT07: USJ 7,2023-10-13,5830
A0: All Stations,BRT07: USJ 7,2023-10-14,3069
A0: All Stations,BRT07: USJ 7,2023-10-15,2361
A0: All Stations,BRT07: USJ 7,2023-10-16,5430
A0: All Stations,BRT07: USJ 7,2023-10-17,5802
A0: All Stations,BRT07: USJ 7,2023-10-18,6073
A0: All Stations,BRT07: USJ 7,2023-10-19,5858
A0: All Stations,BRT07: USJ 7,2023-10-20,5995
A0: All Stations,BRT07: USJ 7,2023-10-21,3136
A0: All Stations,BRT07: USJ 7,2023-10-22,2391
A0: All Stations,BRT07: USJ 7,2023-10-23,5333
A0: All Stations,BRT07: USJ 7,2023-10-24,5630
A0: All Stations,BRT07: USJ 7,2023-10-25,5930
A0: All Stations,BRT07: USJ 7,2023-10-26,5611
A0: All Stations,BRT07: USJ 7,2023-10-27,5525
A0: All Stations,BRT07: USJ 7,2023-10-28,3158
A0: All Stations,BRT07: USJ 7,2023-10-29,2367
A0: All Stations,BRT07: USJ 7,2023-10-30,4963
A0: All Stations,BRT07: USJ 7,2023-10-31,5194
A0: All Stations,BRT07: USJ 7,2023-11-01,5272
A0: All Stations,BRT07: USJ 7,2023-11-02,5275
A0: All Stations,BRT07: USJ 7,2023-11-03,5237
A0: All Stations,BRT07: USJ 7,2023-11-04,3757
A0: All Stations,BRT07: USJ 7,2023-11-05,3001
A0: All Stations,BRT07: USJ 7,2023-11-06,5144
A0: All Stations,BRT07: USJ 7,2023-11-07,5516
A0: All Stations,BRT07: USJ 7,2023-11-08,5698
A0: All Stations,BRT07: USJ 7,2023-11-09,5700
A0: All Stations,BRT07: USJ 7,2023-11-10,5842
A0: All Stations,BRT07: USJ 7,2023-11-11,3592
A0: All Stations,BRT07: USJ 7,2023-11-12,3096
A0: All Stations,BRT07: USJ 7,2023-11-13,2270
A0: All Stations,BRT07: USJ 7,2023-11-14,4451
A0: All Stations,BRT07: USJ 7,2023-11-15,4960
A0: All Stations,BRT07: USJ 7,2023-11-16,5109
A0: All Stations,BRT07: USJ 7,2023-11-17,5038
A0: All Stations,BRT07: USJ 7,2023-11-18,3119
A0: All Stations,BRT07: USJ 7,2023-11-19,2566
A0: All Stations,BRT07: USJ 7,2023-11-20,5181
A0: All Stations,BRT07: USJ 7,2023-11-21,5488
A0: All Stations,BRT07: USJ 7,2023-11-22,5758
A0: All Stations,BRT07: USJ 7,2023-11-23,5577
A0: All Stations,BRT07: USJ 7,2023-11-24,5531
A0: All Stations,BRT07: USJ 7,2023-11-25,2154
A0: All Stations,BRT07: USJ 7,2023-11-26,2413
A0: All Stations,BRT07: USJ 7,2023-11-27,5030
A0: All Stations,BRT07: USJ 7,2023-11-28,4917
A0: All Stations,BRT07: USJ 7,2023-11-29,5326
A0: All Stations,BRT07: USJ 7,2023-11-30,5245
A0: All Stations,BRT07: USJ 7,2023-12-01,4997
A0: All Stations,BRT07: USJ 7,2023-12-02,3094
A0: All Stations,BRT07: USJ 7,2023-12-03,2227
A0: All Stations,BRT07: USJ 7,2023-12-04,4850
A0: All Stations,BRT07: USJ 7,2023-12-05,4792
A0: All Stations,BRT07: USJ 7,2023-12-06,5102
A0: All Stations,BRT07: USJ 7,2023-12-07,5050
A0: All Stations,BRT07: USJ 7,2023-12-08,5278
A0: All Stations,BRT07: USJ 7,2023-12-09,3173
A0: All Stations,BRT07: USJ 7,2023-12-10,2515
A0: All Stations,BRT07: USJ 7,2023-12-11,2446
A0: All Stations,BRT07: USJ 7,2023-12-12,4676
A0: All Stations,BRT07: USJ 7,2023-12-13,4584
A0: All Stations,BRT07: USJ 7,2023-12-14,4411
A0: All Stations,BRT07: USJ 7,2023-12-15,4537
A0: All Stations,BRT07: USJ 7,2023-12-16,3063
A0: All Stations,BRT07: USJ 7,2023-12-17,2522
A0: All Stations,BRT07: USJ 7,2023-12-18,4085
A0: All Stations,BRT07: USJ 7,2023-12-19,4047
A0: All Stations,BRT07: USJ 7,2023-12-20,4006
A0: All Stations,BRT07: USJ 7,2023-12-21,3827
A0: All Stations,BRT07: USJ 7,2023-12-22,3793
A0: All Stations,BRT07: USJ 7,2023-12-23,2753
A0: All Stations,BRT07: USJ 7,2023-12-24,2695
A0: All Stations,BRT07: USJ 7,2023-12-25,2473
A0: All Stations,BRT07: USJ 7,2023-12-26,2988
A0: All Stations,BRT07: USJ 7,2023-12-27,3106
A0: All Stations,BRT07: USJ 7,2023-12-28,3095
A0: All Stations,BRT07: USJ 7,2023-12-29,3145
A0: All Stations,BRT07: USJ 7,2023-12-30,2399
A0: All Stations,BRT07: USJ 7,2023-12-31,2990
BRT01: Sunway-Setia Jaya,A0: All Stations,2023-04-01,664
BRT01: Sunway-Setia Jaya,A0: All Stations,2023-04-02,542
BRT01: Sunway-Setia Jaya,A0: All Stations,2023-04-03,1240
BRT01: Sunway-Setia Jaya,A0: All Stations,2023-04-04,1308
BRT01: Sunway-Setia Jaya,A0: All Stations,2023-04-05,1348
BRT01: Sunway-Setia Jaya,A0: All Stations,2023-04-06,1333
BRT01: Sunway-Setia Jaya,A0: All Stations,2023-04-07,1307
BRT01: Sunway-Setia Jaya,A0: All Stations,2023-04-08,673
BRT01: Sunway-Setia Jaya,A0: All Stations,2023-04-09,566
BRT01: Sunway-Setia Jaya,A0: All Stations,2023-04-10,1310
BRT01: Sunway-Setia Jaya,A0: All Stations,2023-04-11,1376
BRT01: Sunway-Setia Jaya,A0: All Stations,2023-04-12,1294
BRT01: Sunway-Setia Jaya,A0: All Stations,2023-04-13,1243
BRT01: Sunway-Setia Jaya,A0: All Stations,2023-04-14,1274
BRT01: Sunway-Setia Jaya,A0: All Stations,2023-04-15,754
BRT01: Sunway-Setia Jaya,A0: All Stations,2023-04-16,554
BRT01: Sunway-Setia Jaya,A0: All Stations,2023-04-17,1255
BRT01: Sunway-Setia Jaya,A0: All Stations,2023-04-18,1342
BRT01: Sunway-Setia Jaya,A0: All Stations,2023-04-19,1385
BRT01: Sunway-Setia Jaya,A0: All Stations,2023-04-20,1166
BRT01: Sunway-Setia Jaya,A0: All Stations,2023-04-21,558
BRT01: Sunway-Setia Jaya,A0: All Stations,2023-04-22,606
BRT01: Sunway-Setia Jaya,A0: All Stations,2023-04-23,584
BRT01: Sunway-Setia Jaya,A0: All Stations,2023-04-24,563
BRT01: Sunway-Setia Jaya,A0: All Stations,2023-04-25,851
BRT01: Sunway-Setia Jaya,A0: All Stations,2023-04-26,1080
BRT01: Sunway-Setia Jaya,A0: All Stations,2023-04-27,1125
BRT01: Sunway-Setia Jaya,A0: All Stations,2023-04-28,1035
BRT01: Sunway-Setia Jaya,A0: All Stations,2023-04-29,730
BRT01: Sunway-Setia Jaya,A0: All Stations,2023-04-30,568
BRT01: Sunway-Setia Jaya,A0: All Stations,2023-05-01,591
BRT01: Sunway-Setia Jaya,A0: All Stations,2023-05-02,1166
BRT01: Sunway-Setia Jaya,A0: All Stations,2023-05-03,1151
BRT01: Sunway-Setia Jaya,A0: All Stations,2023-05-04,704
BRT01: Sunway-Setia Jaya,A0: All Stations,2023-05-05,1034
BRT01: Sunway-Setia Jaya,A0: All Stations,2023-05-06,642
BRT01: Sunway-Setia Jaya,A0: All Stations,2023-05-07,533
BRT01: Sunway-Setia Jaya,A0: All Stations,2023-05-08,1196
BRT01: Sunway-Setia Jaya,A0: All Stations,2023-05-09,1247
BRT01: Sunway-Setia Jaya,A0: All Stations,2023-05-10,1215
BRT01: Sunway-Setia Jaya,A0: All Stations,2023-05-11,1199
BRT01: Sunway-Setia Jaya,A0: All Stations,2023-05-12,1085
BRT01: Sunway-Setia Jaya,A0: All Stations,2023-05-13,654
BRT01: Sunway-Setia Jaya,A0: All Stations,2023-05-14,542
BRT01: Sunway-Setia Jaya,A0: All Stations,2023-05-15,1234
BRT01: Sunway-Setia Jaya,A0: All Stations,2023-05-16,1297
BRT01: Sunway-Setia Jaya,A0: All Stations,2023-05-17,1248
BRT01: Sunway-Setia Jaya,A0: All Stations,2023-05-18,1296
BRT01: Sunway-Setia Jaya,A0: All Stations,2023-05-19,1136
BRT01: Sunway-Setia Jaya,A0: All Stations,2023-05-20,793
BRT01: Sunway-Setia Jaya,A0: All Stations,2023-05-21,566
BRT01: Sunway-Setia Jaya,A0: All Stations,2023-05-22,1458
BRT01: Sunway-Setia Jaya,A0: All Stations,2023-05-23,1535
BRT01: Sunway-Setia Jaya,A0: All Stations,2023-05-24,1537
BRT01: Sunway-Setia Jaya,A0: All Stations,2023-05-25,1463
BRT01: Sunway-Setia Jaya,A0: All Stations,2023-05-26,1389
BRT01: Sunway-Setia Jaya,A0: All Stations,2023-05-27,872
BRT01: Sunway-Setia Jaya,A0: All Stations,2023-05-28,545
BRT01: Sunway-Setia Jaya,A0: All Stations,2023-05-29,1418
BRT01: Sunway-Setia Jaya,A0: All Stations,2023-05-30,1479
BRT01: Sunway-Setia Jaya,A0: All Stations,2023-05-31,1573
BRT01: Sunway-Setia Jaya,A0: All Stations,2023-06-01,1557
BRT01: Sunway-Setia Jaya,A0: All Stations,2023-06-02,1440
BRT01: Sunway-Setia Jaya,A0: All Stations,2023-06-03,834
BRT01: Sunway-Setia Jaya,A0: All Stations,2023-06-04,616
BRT01: Sunway-Setia Jaya,A0: All Stations,2023-06-05,559
BRT01: Sunway-Setia Jaya,A0: All Stations,2023-06-06,1474
BRT01: Sunway-Setia Jaya,A0: All Stations,2023-06-07,1524
BRT01: Sunway-Setia Jaya,A0: All Stations,2023-06-08,1534
BRT01: Sunway-Setia Jaya,A0: All Stations,2023-06-09,1507
BRT01: Sunway-Setia Jaya,A0: All Stations,2023-06-10,832
BRT01: Sunway-Setia Jaya,A0: All Stations,2023-06-11,592
BRT01: Sunway-Setia Jaya,A0: All Stations,2023-06-12,1400
BRT01: Sunway-Setia Jaya,A0: All Stations,2023-06-13,1451
BRT01: Sunway-Setia Jaya,A0: All Stations,2023-06-14,1495
BRT01: Sunway-Setia Jaya,A0: All Stations,2023-06-15,1506
BRT01: Sunway-Setia Jaya,A0: All Stations,2023-06-16,1440
BRT01: Sunway-Setia Jaya,A0: All Stations,2023-06-17,751
BRT01: Sunway-Setia Jaya,A0: All Stations,2023-06-18,523
BRT01: Sunway-Setia Jaya,A0: All Stations,2023-06-19,1400
BRT01: Sunway-Setia Jaya,A0: All Stations,2023-06-20,1558
BRT01: Sunway-Setia Jaya,A0: All Stations,2023-06-21,1552
BRT01: Sunway-Setia Jaya,A0: All Stations,2023-06-22,1493
BRT01: Sunway-Setia Jaya,A0: All Stations,2023-06-23,1370
BRT01: Sunway-Setia Jaya,A0: All Stations,2023-06-24,805
BRT01: Sunway-Setia Jaya,A0: All Stations,2023-06-25,567
BRT01: Sunway-Setia Jaya,A0: All Stations,2023-06-26,1452
BRT01: Sunway-Setia Jaya,A0: All Stations,2023-06-27,1596
BRT01: Sunway-Setia Jaya,A0: All Stations,2023-06-28,1543
BRT01: Sunway-Setia Jaya,A0: All Stations,2023-06-29,749
BRT01: Sunway-Setia Jaya,A0: All Stations,2023-06-30,1234
BRT01: Sunway-Setia Jaya,A0: All Stations,2023-07-01,737
BRT01: Sunway-Setia Jaya,A0: All Stations,2023-07-02,498
BRT01: Sunway-Setia Jaya,A0: All Stations,2023-07-03,1370
BRT01: Sunway-Setia Jaya,A0: All Stations,2023-07-04,1494
BRT01: Sunway-Setia Jaya,A0: All Stations,2023-07-05,1497
BRT01: Sunway-Setia Jaya,A0: All Stations,2023-07-06,1494
BRT01: Sunway-Setia Jaya,A0: All Stations,2023-07-07,1432
BRT01: Sunway-Setia Jaya,A0: All Stations,2023-07-08,859
BRT01: Sunway-Setia Jaya,A0: All Stations,2023-07-09,595
BRT01: Sunway-Setia Jaya,A0: All Stations,2023-07-10,1299
BRT01: Sunway-Setia Jaya,A0: All Stations,2023-07-11,1342
BRT01: Sunway-Setia Jaya,A0: All Stations,2023-07-12,1377
BRT01: Sunway-Setia Jaya,A0: All Stations,2023-07-13,1311
BRT01: Sunway-Setia Jaya,A0: All Stations,2023-07-14,1278
BRT01: Sunway-Setia Jaya,A0: All Stations,2023-07-15,744
BRT01: Sunway-Setia Jaya,A0: All Stations,2023-07-16,525
BRT01: Sunway-Setia Jaya,A0: All Stations,2023-07-17,1332
BRT01: Sunway-Setia Jaya,A0: All Stations,2023-07-18,1444
BRT01: Sunway-Setia Jaya,A0: All Stations,2023-07-19,672
BRT01: Sunway-Setia Jaya,A0: All Stations,2023-07-20,1438
BRT01: Sunway-Setia Jaya,A0: All Stations,2023-07-21,1356
BRT01: Sunway-Setia Jaya,A0: All Stations,2023-07-22,741
BRT01: Sunway-Setia Jaya,A0: All Stations,2023-07-23,546
BRT01: Sunway-Setia Jaya,A0: All Stations,2023-07-24,1402
BRT01: Sunway-Setia Jaya,A0: All Stations,2023-07-25,1470
BRT01: Sunway-Setia Jaya,A0: All Stations,2023-07-26,1493
BRT01: Sunway-Setia Jaya,A0: All Stations,2023-07-27,1441
BRT01: Sunway-Setia Jaya,A0: All Stations,2023-07-28,1459
BRT01: Sunway-Setia Jaya,A0: All Stations,2023-07-29,918
BRT01: Sunway-Setia Jaya,A0: All Stations,2023-07-30,544
BRT01: Sunway-Setia Jaya,A0: All Stations,2023-07-31,1377
BRT01: Sunway-Setia Jaya,A0: All Stations,2023-08-01,1343
BRT01: Sunway-Setia Jaya,A0: All Stations,2023-08-02,1448
BRT01: Sunway-Setia Jaya,A0: All Stations,2023-08-03,1441
BRT01: Sunway-Setia Jaya,A0: All Stations,2023-08-04,1319
BRT01: Sunway-Setia Jaya,A0: All Stations,2023-08-05,776
BRT01: Sunway-Setia Jaya,A0: All Stations,2023-08-06,542
BRT01: Sunway-Setia Jaya,A0: All Stations,2023-08-07,1387
BRT01: Sunway-Setia Jaya,A0: All Stations,2023-08-08,1299
BRT01: Sunway-Setia Jaya,A0: All Stations,2023-08-09,1396
BRT01: Sunway-Setia Jaya,A0: All Stations,2023-08-10,1327
BRT01: Sunway-Setia Jaya,A0: All Stations,2023-08-11,1252
BRT01: Sunway-Setia Jaya,A0: All Stations,2023-08-12,606
BRT01: Sunway-Setia Jaya,A0: All Stations,2023-08-13,530
BRT01: Sunway-Setia Jaya,A0: All Stations,2023-08-14,748
BRT01: Sunway-Setia Jaya,A0: All Stations,2023-08-15,1375
BRT01: Sunway-Setia Jaya,A0: All Stations,2023-08-16,1377
BRT01: Sunway-Setia Jaya,A0: All Stations,2023-08-17,1366
BRT01: Sunway-Setia Jaya,A0: All Stations,2023-08-18,1307
BRT01: Sunway-Setia Jaya,A0: All Stations,2023-08-19,775
BRT01: Sunway-Setia Jaya,A0: All Stations,2023-08-20,521
BRT01: Sunway-Setia Jaya,A0: All Stations,2023-08-21,1137
BRT01: Sunway-Setia Jaya,A0: All Stations,2023-08-22,1108
BRT01: Sunway-Setia Jaya,A0: All Stations,2023-08-23,1117
BRT01: Sunway-Setia Jaya,A0: All Stations,2023-08-24,1203
BRT01: Sunway-Setia Jaya,A0: All Stations,2023-08-25,1175
BRT01: Sunway-Setia Jaya,A0: All Stations,2023-08-26,749
BRT01: Sunway-Setia Jaya,A0: All Stations,2023-08-27,598
BRT01: Sunway-Setia Jaya,A0: All Stations,2023-08-28,1019
BRT01: Sunway-Setia Jaya,A0: All Stations,2023-08-29,1192
BRT01: Sunway-Setia Jaya,A0: All Stations,2023-08-30,1189
BRT01: Sunway-Setia Jaya,A0: All Stations,2023-08-31,606
BRT01: Sunway-Setia Jaya,A0: All Stations,2023-09-01,992
BRT01: Sunway-Setia Jaya,A0: All Stations,2023-09-02,666
BRT01: Sunway-Setia Jaya,A0: All Stations,2023-09-03,511
BRT01: Sunway-Setia Jaya,A0: All Stations,2023-09-04,1031
BRT01: Sunway-Setia Jaya,A0: All Stations,2023-09-05,1133
BRT01: Sunway-Setia Jaya,A0: All Stations,2023-09-06,1171
BRT01: Sunway-Setia Jaya,A0: All Stations,2023-09-07,1126
BRT01: Sunway-Setia Jaya,A0: All Stations,2023-09-08,1118
BRT01: Sunway-Setia Jaya,A0: All Stations,2023-09-09,676
BRT01: Sunway-Setia Jaya,A0: All Stations,2023-09-10,553
BRT01: Sunway-Setia Jaya,A0: All Stations,2023-09-11,1118
BRT01: Sunway-Setia Jaya,A0: All Stations,2023-09-12,1160
BRT01: Sunway-Setia Jaya,A0: All Stations,2023-09-13,1212
BRT01: Sunway-Setia Jaya,A0: All Stations,2023-09-14,1280
BRT01: Sunway-Setia Jaya,A0: All Stations,2023-09-15,1176
BRT01: Sunway-Setia Jaya,A0: All Stations,2023-09-16,696
BRT01: Sunway-Setia Jaya,A0: All Stations,2023-09-17,549
BRT01: Sunway-Setia Jaya,A0: All Stations,2023-09-18,1504
BRT01: Sunway-Setia Jaya,A0: All Stations,2023-09-19,1629
BRT01: Sunway-Setia Jaya,A0: All Stations,2023-09-20,1611
BRT01: Sunway-Setia Jaya,A0: All Stations,2023-09-21,1649
BRT01: Sunway-Setia Jaya,A0: All Stations,2023-09-22,1466
BRT01: Sunway-Setia Jaya,A0: All Stations,2023-09-23,843
BRT01: Sunway-Setia Jaya,A0: All Stations,2023-09-24,570
BRT01: Sunway-Setia Jaya,A0: All Stations,2023-09-25,1558
BRT01: Sunway-Setia Jaya,A0: All Stations,2023-09-26,1548
BRT01: Sunway-Setia Jaya,A0: All Stations,2023-09-27,1669
BRT01: Sunway-Setia Jaya,A0: All Stations,2023-09-28,684
BRT01: Sunway-Setia Jaya,A0: All Stations,2023-09-29,1457
BRT01: Sunway-Setia Jaya,A0: All Stations,2023-09-30,916
BRT01: Sunway-Setia Jaya,A0: All Stations,2023-10-01,565
BRT01: Sunway-Setia Jaya,A0: All Stations,2023-10-02,1519
BRT01: Sunway-Setia Jaya,A0: All Stations,2023-10-03,1623
BRT01: Sunway-Setia Jaya,A0: All Stations,2023-10-04,1621
BRT01: Sunway-Setia Jaya,A0: All Stations,2023-10-05,1540
BRT01: Sunway-Setia Jaya,A0: All Stations,2023-10-06,1560
BRT01: Sunway-Setia Jaya,A0: All Stations,2023-10-07,928
BRT01: Sunway-Setia Jaya,A0: All Stations,2023-10-08,575
BRT01: Sunway-Setia Jaya,A0: All Stations,2023-10-09,1466
BRT01: Sunway-Setia Jaya,A0: All Stations,2023-10-10,1511
BRT01: Sunway-Setia Jaya,A0: All Stations,2023-10-11,1643
BRT01: Sunway-Setia Jaya,A0: All Stations,2023-10-12,1517
BRT01: Sunway-Setia Jaya,A0: All Stations,2023-10-13,1547
BRT01: Sunway-Setia Jaya,A0: All Stations,2023-10-14,853
BRT01: Sunway-Setia Jaya,A0: All Stations,2023-10-15,573
BRT01: Sunway-Setia Jaya,A0: All Stations,2023-10-16,1506
BRT01: Sunway-Setia Jaya,A0: All Stations,2023-10-17,1576
BRT01: Sunway-Setia Jaya,A0: All Stations,2023-10-18,1590
BRT01: Sunway-Setia Jaya,A0: All Stations,2023-10-19,1636
BRT01: Sunway-Setia Jaya,A0: All Stations,2023-10-20,1496
BRT01: Sunway-Setia Jaya,A0: All Stations,2023-10-21,789
BRT01: Sunway-Setia Jaya,A0: All Stations,2023-10-22,518
BRT01: Sunway-Setia Jaya,A0: All Stations,2023-10-23,1461
BRT01: Sunway-Setia Jaya,A0: All Stations,2023-10-24,1579
BRT01: Sunway-Setia Jaya,A0: All Stations,2023-10-25,1572
BRT01: Sunway-Setia Jaya,A0: All Stations,2023-10-26,1499
BRT01: Sunway-Setia Jaya,A0: All Stations,2023-10-27,1528
BRT01: Sunway-Setia Jaya,A0: All Stations,2023-10-28,850
BRT01: Sunway-Setia Jaya,A0: All Stations,2023-10-29,545
BRT01: Sunway-Setia Jaya,A0: All Stations,2023-10-30,1503
BRT01: Sunway-Setia Jaya,A0: All Stations,2023-10-31,1615
BRT01: Sunway-Setia Jaya,A0: All Stations,2023-11-01,1507
BRT01: Sunway-Setia Jaya,A0: All Stations,2023-11-02,1493
BRT01: Sunway-Setia Jaya,A0: All Stations,2023-11-03,1456
BRT01: Sunway-Setia Jaya,A0: All Stations,2023-11-04,946
BRT01: Sunway-Setia Jaya,A0: All Stations,2023-11-05,712
BRT01: Sunway-Setia Jaya,A0: All Stations,2023-11-06,1373
BRT01: Sunway-Setia Jaya,A0: All Stations,2023-11-07,1372
BRT01: Sunway-Setia Jaya,A0: All Stations,2023-11-08,1463
BRT01: Sunway-Setia Jaya,A0: All Stations,2023-11-09,1366
BRT01: Sunway-Setia Jaya,A0: All Stations,2023-11-10,1257
BRT01: Sunway-Setia Jaya,A0: All Stations,2023-11-11,812
BRT01: Sunway-Setia Jaya,A0: All Stations,2023-11-12,645
BRT01: Sunway-Setia Jaya,A0: All Stations,2023-11-13,564
BRT01: Sunway-Setia Jaya,A0: All Stations,2023-11-14,1309
BRT01: Sunway-Setia Jaya,A0: All Stations,2023-11-15,1460
BRT01: Sunway-Setia Jaya,A0: All Stations,2023-11-16,1510
BRT01: Sunway-Setia Jaya,A0: All Stations,2023-11-17,1473
BRT01: Sunway-Setia Jaya,A0: All Stations,2023-11-18,787
BRT01: Sunway-Setia Jaya,A0: All Stations,2023-11-19,525
BRT01: Sunway-Setia Jaya,A0: All Stations,2023-11-20,1445
BRT01: Sunway-Setia Jaya,A0: All Stations,2023-11-21,1551
BRT01: Sunway-Setia Jaya,A0: All Stations,2023-11-22,1573
BRT01: Sunway-Setia Jaya,A0: All Stations,2023-11-23,1449
BRT01: Sunway-Setia Jaya,A0: All Stations,2023-11-24,1441
BRT01: Sunway-Setia Jaya,A0: All Stations,2023-11-25,747
BRT01: Sunway-Setia Jaya,A0: All Stations,2023-11-26,516
BRT01: Sunway-Setia Jaya,A0: All Stations,2023-11-27,1468
BRT01: Sunway-Setia Jaya,A0: All Stations,2023-11-28,1522
BRT01: Sunway-Setia Jaya,A0: All Stations,2023-11-29,1623
BRT01: Sunway-Setia Jaya,A0: All Stations,2023-11-30,1456
BRT01: Sunway-Setia Jaya,A0: All Stations,2023-12-01,1440
BRT01: Sunway-Setia Jaya,A0: All Stations,2023-12-02,909
BRT01: Sunway-Setia Jaya,A0: All Stations,2023-12-03,546
BRT01: Sunway-Setia Jaya,A0: All Stations,2023-12-04,1373
BRT01: Sunway-Setia Jaya,A0: All Stations,2023-12-05,1464
BRT01: Sunway-Setia Jaya,A0: All Stations,2023-12-06,1542
BRT01: Sunway-Setia Jaya,A0: All Stations,2023-12-07,1438
BRT01: Sunway-Setia Jaya,A0: All Stations,2023-12-08,1476
BRT01: Sunway-Setia Jaya,A0: All Stations,2023-12-09,917
BRT01: Sunway-Setia Jaya,A0: All Stations,2023-12-10,626
BRT01: Sunway-Setia Jaya,A0: All Stations,2023-12-11,667
BRT01: Sunway-Setia Jaya,A0: All Stations,2023-12-12,1360
BRT01: Sunway-Setia Jaya,A0: All Stations,2023-12-13,1353
BRT01: Sunway-Setia Jaya,A0: All Stations,2023-12-14,1322
BRT01: Sunway-Setia Jaya,A0: All Stations,2023-12-15,1344
BRT01: Sunway-Setia Jaya,A0: All Stations,2023-12-16,804
BRT01: Sunway-Setia Jaya,A0: All Stations,2023-12-17,592
BRT01: Sunway-Setia Jaya,A0: All Stations,2023-12-18,1123
BRT01: Sunway-Setia Jaya,A0: All Stations,2023-12-19,1095
BRT01: Sunway-Setia Jaya,A0: All Stations,2023-12-20,1169
BRT01: Sunway-Setia Jaya,A0: All Stations,2023-12-21,1098
BRT01: Sunway-Setia Jaya,A0: All Stations,2023-12-22,1022
BRT01: Sunway-Setia Jaya,A0: All Stations,2023-12-23,763
BRT01: Sunway-Setia Jaya,A0: All Stations,2023-12-24,592
BRT01: Sunway-Setia Jaya,A0: All Stations,2023-12-25,581
BRT01: Sunway-Setia Jaya,A0: All Stations,2023-12-26,800
BRT01: Sunway-Setia Jaya,A0: All Stations,2023-12-27,876
BRT01: Sunway-Setia Jaya,A0: All Stations,2023-12-28,817
BRT01: Sunway-Setia Jaya,A0: All Stations,2023-12-29,868
BRT01: Sunway-Setia Jaya,A0: All Stations,2023-12-30,646
BRT01: Sunway-Setia Jaya,A0: All Stations,2023-12-31,692
BRT01: Sunway-Setia Jaya,BRT01: Sunway-Setia Jaya,2023-04-01,5
BRT01: Sunway-Setia Jaya,BRT01: Sunway-Setia Jaya,2023-04-02,1
BRT01: Sunway-Setia Jaya,BRT01: Sunway-Setia Jaya,2023-04-03,4
BRT01: Sunway-Setia Jaya,BRT01: Sunway-Setia Jaya,2023-04-04,1
BRT01: Sunway-Setia Jaya,BRT01: Sunway-Setia Jaya,2023-04-05,7
BRT01: Sunway-Setia Jaya,BRT01: Sunway-Setia Jaya,2023-04-06,6
BRT01: Sunway-Setia Jaya,BRT01: Sunway-Setia Jaya,2023-04-07,10
BRT01: Sunway-Setia Jaya,BRT01: Sunway-Setia Jaya,2023-04-08,14
BRT01: Sunway-Setia Jaya,BRT01: Sunway-Setia Jaya,2023-04-09,4
BRT01: Sunway-Setia Jaya,BRT01: Sunway-Setia Jaya,2023-04-10,6
BRT01: Sunway-Setia Jaya,BRT01: Sunway-Setia Jaya,2023-04-11,7
BRT01: Sunway-Setia Jaya,BRT01: Sunway-Setia Jaya,2023-04-12,3
BRT01: Sunway-Setia Jaya,BRT01: Sunway-Setia Jaya,2023-04-13,1
BRT01: Sunway-Setia Jaya,BRT01: Sunway-Setia Jaya,2023-04-14,12
BRT01: Sunway-Setia Jaya,BRT01: Sunway-Setia Jaya,2023-04-15,5
BRT01: Sunway-Setia Jaya,BRT01: Sunway-Setia Jaya,2023-04-16,11
BRT01: Sunway-Setia Jaya,BRT01: Sunway-Setia Jaya,2023-04-17,13
BRT01: Sunway-Setia Jaya,BRT01: Sunway-Setia Jaya,2023-04-18,5
BRT01: Sunway-Setia Jaya,BRT01: Sunway-Setia Jaya,2023-04-19,7
BRT01: Sunway-Setia Jaya,BRT01: Sunway-Setia Jaya,2023-04-20,6
BRT01: Sunway-Setia Jaya,BRT01: Sunway-Setia Jaya,2023-04-21,9
BRT01: Sunway-Setia Jaya,BRT01: Sunway-Setia Jaya,2023-04-22,19
BRT01: Sunway-Setia Jaya,BRT01: Sunway-Setia Jaya,2023-04-23,7
BRT01: Sunway-Setia Jaya,BRT01: Sunway-Setia Jaya,2023-04-24,19
BRT01: Sunway-Setia Jaya,BRT01: Sunway-Setia Jaya,2023-04-25,13
BRT01: Sunway-Setia Jaya,BRT01: Sunway-Setia Jaya,2023-04-26,16
BRT01: Sunway-Setia Jaya,BRT01: Sunway-Setia Jaya,2023-04-27,12
BRT01: Sunway-Setia Jaya,BRT01: Sunway-Setia Jaya,2023-04-28,1
BRT01: Sunway-Setia Jaya,BRT01: Sunway-Setia Jaya,2023-04-29,14
BRT01: Sunway-Setia Jaya,BRT01: Sunway-Setia Jaya,2023-04-30,5
BRT01: Sunway-Setia Jaya,BRT01: Sunway-Setia Jaya,2023-05-01,13
BRT01: Sunway-Setia Jaya,BRT01: Sunway-Setia Jaya,2023-05-02,2
BRT01: Sunway-Setia Jaya,BRT01: Sunway-Setia Jaya,2023-05-03,4
BRT01: Sunway-Setia Jaya,BRT01: Sunway-Setia Jaya,2023-05-04,18
BRT01: Sunway-Setia Jaya,BRT01: Sunway-Setia Jaya,2023-05-05,13
BRT01: Sunway-Setia Jaya,BRT01: Sunway-Setia Jaya,2023-05-06,3
BRT01: Sunway-Setia Jaya,BRT01: Sunway-Setia Jaya,2023-05-07,5
BRT01: Sunway-Setia Jaya,BRT01: Sunway-Setia Jaya,2023-05-08,30
BRT01: Sunway-Setia Jaya,BRT01: Sunway-Setia Jaya,2023-05-09,12
BRT01: Sunway-Setia Jaya,BRT01: Sunway-Setia Jaya,2023-05-10,2
BRT01: Sunway-Setia Jaya,BRT01: Sunway-Setia Jaya,2023-05-11,7
BRT01: Sunway-Setia Jaya,BRT01: Sunway-Setia Jaya,2023-05-12,7
BRT01: Sunway-Setia Jaya,BRT01: Sunway-Setia Jaya,2023-05-13,9
BRT01: Sunway-Setia Jaya,BRT01: Sunway-Setia Jaya,2023-05-14,14
BRT01: Sunway-Setia Jaya,BRT01: Sunway-Setia Jaya,2023-05-15,13
BRT01: Sunway-Setia Jaya,BRT01: Sunway-Setia Jaya,2023-05-16,22
BRT01: Sunway-Setia Jaya,BRT01: Sunway-Setia Jaya,2023-05-17,11
BRT01: Sunway-Setia Jaya,BRT01: Sunway-Setia Jaya,2023-05-18,20
BRT01: Sunway-Setia Jaya,BRT01: Sunway-Setia Jaya,2023-05-19,17
BRT01: Sunway-Setia Jaya,BRT01: Sunway-Setia Jaya,2023-05-20,9
BRT01: Sunway-Setia Jaya,BRT01: Sunway-Setia Jaya,2023-05-21,5
BRT01: Sunway-Setia Jaya,BRT01: Sunway-Setia Jaya,2023-05-22,12
BRT01: Sunway-Setia Jaya,BRT01: Sunway-Setia Jaya,2023-05-23,17
BRT01: Sunway-Setia Jaya,BRT01: Sunway-Setia Jaya,2023-05-24,21
BRT01: Sunway-Setia Jaya,BRT01: Sunway-Setia Jaya,2023-05-25,19
BRT01: Sunway-Setia Jaya,BRT01: Sunway-Setia Jaya,2023-05-26,14
BRT01: Sunway-Setia Jaya,BRT01: Sunway-Setia Jaya,2023-05-27,14
BRT01: Sunway-Setia Jaya,BRT01: Sunway-Setia Jaya,2023-05-28,10
BRT01: Sunway-Setia Jaya,BRT01: Sunway-Setia Jaya,2023-05-29,26
BRT01: Sunway-Setia Jaya,BRT01: Sunway-Setia Jaya,2023-05-30,16
BRT01: Sunway-Setia Jaya,BRT01: Sunway-Setia Jaya,2023-05-31,14
BRT01: Sunway-Setia Jaya,BRT01: Sunway-Setia Jaya,2023-06-01,23
BRT01: Sunway-Setia Jaya,BRT01: Sunway-Setia Jaya,2023-06-02,21
BRT01: Sunway-Setia Jaya,BRT01: Sunway-Setia Jaya,2023-06-03,9
BRT01: Sunway-Setia Jaya,BRT01: Sunway-Setia Jaya,2023-06-04,25
BRT01: Sunway-Setia Jaya,BRT01: Sunway-Setia Jaya,2023-06-05,2
BRT01: Sunway-Setia Jaya,BRT01: Sunway-Setia Jaya,2023-06-06,3
BRT01: Sunway-Setia Jaya,BRT01: Sunway-Setia Jaya,2023-06-07,10
BRT01: Sunway-Setia Jaya,BRT01: Sunway-Setia Jaya,2023-06-08,19
BRT01: Sunway-Setia Jaya,BRT01: Sunway-Setia Jaya,2023-06-09,17
BRT01: Sunway-Setia Jaya,BRT01: Sunway-Setia Jaya,2023-06-10,5
BRT01: Sunway-Setia Jaya,BRT01: Sunway-Setia Jaya,2023-06-11,6
BRT01: Sunway-Setia Jaya,BRT01: Sunway-Setia Jaya,2023-06-12,12
BRT01: Sunway-Setia Jaya,BRT01: Sunway-Setia Jaya,2023-06-13,7
BRT01: Sunway-Setia Jaya,BRT01: Sunway-Setia Jaya,2023-06-14,12
BRT01: Sunway-Setia Jaya,BRT01: Sunway-Setia Jaya,2023-06-15,19
BRT01: Sunway-Setia Jaya,BRT01: Sunway-Setia Jaya,2023-06-16,20
BRT01: Sunway-Setia Jaya,BRT01: Sunway-Setia Jaya,2023-06-17,9
BRT01: Sunway-Setia Jaya,BRT01: Sunway-Setia Jaya,2023-06-18,10
BRT01: Sunway-Setia Jaya,BRT01: Sunway-Setia Jaya,2023-06-19,11
BRT01: Sunway-Setia Jaya,BRT01: Sunway-Setia Jaya,2023-06-20,14
BRT01: Sunway-Setia Jaya,BRT01: Sunway-Setia Jaya,2023-06-21,17
BRT01: Sunway-Setia Jaya,BRT01: Sunway-Setia Jaya,2023-06-22,27
BRT01: Sunway-Setia Jaya,BRT01: Sunway-Setia Jaya,2023-06-23,16
BRT01: Sunway-Setia Jaya,BRT01: Sunway-Setia Jaya,2023-06-24,10
BRT01: Sunway-Setia Jaya,BRT01: Sunway-Setia Jaya,2023-06-25,15
BRT01: Sunway-Setia Jaya,BRT01: Sunway-Setia Jaya,2023-06-26,16
BRT01: Sunway-Setia Jaya,BRT01: Sunway-Setia Jaya,2023-06-27,10
BRT01: Sunway-Setia Jaya,BRT01: Sunway-Setia Jaya,2023-06-28,9
BRT01: Sunway-Setia Jaya,BRT01: Sunway-Setia Jaya,2023-06-29,6
BRT01: Sunway-Setia Jaya,BRT01: Sunway-Setia Jaya,2023-06-30,20
BRT01: Sunway-Setia Jaya,BRT01: Sunway-Setia Jaya,2023-07-01,1
BRT01: Sunway-Setia Jaya,BRT01: Sunway-Setia Jaya,2023-07-02,4
BRT01: Sunway-Setia Jaya,BRT01: Sunway-Setia Jaya,2023-07-03,7
BRT01: Sunway-Setia Jaya,BRT01: Sunway-Setia Jaya,2023-07-04,12
BRT01: Sunway-Setia Jaya,BRT01: Sunway-Setia Jaya,2023-07-05,6
BRT01: Sunway-Setia Jaya,BRT01: Sunway-Setia Jaya,2023-07-06,38
BRT01: Sunway-Setia Jaya,BRT01: Sunway-Setia Jaya,2023-07-07,24
BRT01: Sunway-Setia Jaya,BRT01: Sunway-Setia Jaya,2023-07-08,11
BRT01: Sunway-Setia Jaya,BRT01: Sunway-Setia Jaya,2023-07-09,3
BRT01: Sunway-Setia Jaya,BRT01: Sunway-Setia Jaya,2023-07-10,13
BRT01: Sunway-Setia Jaya,BRT01: Sunway-Setia Jaya,2023-07-11,16
BRT01: Sunway-Setia Jaya,BRT01: Sunway-Setia Jaya,2023-07-12,18
BRT01: Sunway-Setia Jaya,BRT01: Sunway-Setia Jaya,2023-07-13,8
BRT01: Sunway-Setia Jaya,BRT01: Sunway-Setia Jaya,2023-07-14,8
BRT01: Sunway-Setia Jaya,BRT01: Sunway-Setia Jaya,2023-07-15,9
BRT01: Sunway-Setia Jaya,BRT01: Sunway-Setia Jaya,2023-07-16,7
BRT01: Sunway-Setia Jaya,BRT01: Sunway-Setia Jaya,2023-07-17,6
BRT01: Sunway-Setia Jaya,BRT01: Sunway-Setia Jaya,2023-07-18,12
BRT01: Sunway-Setia Jaya,BRT01: Sunway-Setia Jaya,2023-07-19,6
BRT01: Sunway-Setia Jaya,BRT01: Sunway-Setia Jaya,2023-07-20,20
BRT01: Sunway-Setia Jaya,BRT01: Sunway-Setia Jaya,2023-07-21,9
BRT01: Sunway-Setia Jaya,BRT01: Sunway-Setia Jaya,2023-07-22,9
BRT01: Sunway-Setia Jaya,BRT01: Sunway-Setia Jaya,2023-07-23,10
BRT01: Sunway-Setia Jaya,BRT01: Sunway-Setia Jaya,2023-07-24,7
BRT01: Sunway-Setia Jaya,BRT01: Sunway-Setia Jaya,2023-07-25,22
BRT01: Sunway-Setia Jaya,BRT01: Sunway-Setia Jaya,2023-07-26,11
BRT01: Sunway-Setia Jaya,BRT01: Sunway-Setia Jaya,2023-07-27,20
BRT01: Sunway-Setia Jaya,BRT01: Sunway-Setia Jaya,2023-07-28,36
BRT01: Sunway-Setia Jaya,BRT01: Sunway-Setia Jaya,2023-07-29,7
BRT01: Sunway-Setia Jaya,BRT01: Sunway-Setia Jaya,2023-07-30,7
BRT01: Sunway-Setia Jaya,BRT01: Sunway-Setia Jaya,2023-07-31,14
BRT01: Sunway-Setia Jaya,BRT01: Sunway-Setia Jaya,2023-08-01,8
BRT01: Sunway-Setia Jaya,BRT01: Sunway-Setia Jaya,2023-08-02,8
BRT01: Sunway-Setia Jaya,BRT01: Sunway-Setia Jaya,2023-08-03,20
BRT01: Sunway-Setia Jaya,BRT01: Sunway-Setia Jaya,2023-08-04,12
BRT01: Sunway-Setia Jaya,BRT01: Sunway-Setia Jaya,2023-08-05,8
BRT01: Sunway-Setia Jaya,BRT01: Sunway-Setia Jaya,2023-08-06,13
BRT01: Sunway-Setia Jaya,BRT01: Sunway-Setia Jaya,2023-08-07,19
BRT01: Sunway-Setia Jaya,BRT01: Sunway-Setia Jaya,2023-08-08,8
BRT01: Sunway-Setia Jaya,BRT01: Sunway-Setia Jaya,2023-08-09,14
BRT01: Sunway-Setia Jaya,BRT01: Sunway-Setia Jaya,2023-08-10,9
BRT01: Sunway-Setia Jaya,BRT01: Sunway-Setia Jaya,2023-08-11,14
BRT01: Sunway-Setia Jaya,BRT01: Sunway-Setia Jaya,2023-08-12,6
BRT01: Sunway-Setia Jaya,BRT01: Sunway-Setia Jaya,2023-08-13,9
BRT01: Sunway-Setia Jaya,BRT01: Sunway-Setia Jaya,2023-08-14,8
BRT01: Sunway-Setia Jaya,BRT01: Sunway-Setia Jaya,2023-08-15,12
BRT01: Sunway-Setia Jaya,BRT01: Sunway-Setia Jaya,2023-08-16,11
BRT01: Sunway-Setia Jaya,BRT01: Sunway-Setia Jaya,2023-08-17,13
BRT01: Sunway-Setia Jaya,BRT01: Sunway-Setia Jaya,2023-08-18,15
BRT01: Sunway-Setia Jaya,BRT01: Sunway-Setia Jaya,2023-08-19,8
BRT01: Sunway-Setia Jaya,BRT01: Sunway-Setia Jaya,2023-08-20,3
BRT01: Sunway-Setia Jaya,BRT01: Sunway-Setia Jaya,2023-08-21,14
BRT01: Sunway-Setia Jaya,BRT01: Sunway-Setia Jaya,2023-08-22,10
BRT01: Sunway-Setia Jaya,BRT01: Sunway-Setia Jaya,2023-08-23,11
BRT01: Sunway-Setia Jaya,BRT01: Sunway-Setia Jaya,2023-08-24,8
BRT01: Sunway-Setia Jaya,BRT01: Sunway-Setia Jaya,2023-08-25,8
BRT01: Sunway-Setia Jaya,BRT01: Sunway-Setia Jaya,2023-08-26,5
BRT01: Sunway-Setia Jaya,BRT01: Sunway-Setia Jaya,2023-08-27,2
BRT01: Sunway-Setia Jaya,BRT01: Sunway-Setia Jaya,2023-08-28,6
BRT01: Sunway-Setia Jaya,BRT01: Sunway-Setia Jaya,2023-08-29,20
BRT01: Sunway-Setia Jaya,BRT01: Sunway-Setia Jaya,2023-08-30,21
BRT01: Sunway-Setia Jaya,BRT01: Sunway-Setia Jaya,2023-08-31,15
BRT01: Sunway-Setia Jaya,BRT01: Sunway-Setia Jaya,2023-09-01,15
BRT01: Sunway-Setia Jaya,BRT01: Sunway-Setia Jaya,2023-09-02,8
BRT01: Sunway-Setia Jaya,BRT01: Sunway-Setia Jaya,2023-09-03,13
BRT01: Sunway-Setia Jaya,BRT01: Sunway-Setia Jaya,2023-09-04,9
BRT01: Sunway-Setia Jaya,BRT01: Sunway-Setia Jaya,2023-09-05,4
BRT01: Sunway-Setia Jaya,BRT01: Sunway-Setia Jaya,2023-09-06,17
BRT01: Sunway-Setia Jaya,BRT01: Sunway-Setia Jaya,2023-09-07,7
BRT01: Sunway-Setia Jaya,BRT01: Sunway-Setia Jaya,2023-09-08,9
BRT01: Sunway-Setia Jaya,BRT01: Sunway-Setia Jaya,2023-09-09,13
BRT01: Sunway-Setia Jaya,BRT01: Sunway-Setia Jaya,2023-09-10,8
BRT01: Sunway-Setia Jaya,BRT01: Sunway-Setia Jaya,2023-09-11,13
BRT01: Sunway-Setia Jaya,BRT01: Sunway-Setia Jaya,2023-09-12,12
BRT01: Sunway-Setia Jaya,BRT01: Sunway-Setia Jaya,2023-09-13,5
BRT01: Sunway-Setia Jaya,BRT01: Sunway-Setia Jaya,2023-09-14,16
BRT01: Sunway-Setia Jaya,BRT01: Sunway-Setia Jaya,2023-09-15,11
BRT01: Sunway-Setia Jaya,BRT01: Sunway-Setia Jaya,2023-09-16,16
BRT01: Sunway-Setia Jaya,BRT01: Sunway-Setia Jaya,2023-09-17,3
BRT01: Sunway-Setia Jaya,BRT01: Sunway-Setia Jaya,2023-09-18,14
BRT01: Sunway-Setia Jaya,BRT01: Sunway-Setia Jaya,2023-09-19,12
BRT01: Sunway-Setia Jaya,BRT01: Sunway-Setia Jaya,2023-09-20,11
BRT01: Sunway-Setia Jaya,BRT01: Sunway-Setia Jaya,2023-09-21,12
BRT01: Sunway-Setia Jaya,BRT01: Sunway-Setia Jaya,2023-09-22,17
BRT01: Sunway-Setia Jaya,BRT01: Sunway-Setia Jaya,2023-09-23,11
BRT01: Sunway-Setia Jaya,BRT01: Sunway-Setia Jaya,2023-09-24,10
BRT01: Sunway-Setia Jaya,BRT01: Sunway-Setia Jaya,2023-09-25,9
BRT01: Sunway-Setia Jaya,BRT01: Sunway-Setia Jaya,2023-09-26,17
BRT01: Sunway-Setia Jaya,BRT01: Sunway-Setia Jaya,2023-09-27,7
BRT01: Sunway-Setia Jaya,BRT01: Sunway-Setia Jaya,2023-09-28,9
BRT01: Sunway-Setia Jaya,BRT01: Sunway-Setia Jaya,2023-09-29,21
BRT01: Sunway-Setia Jaya,BRT01: Sunway-Setia Jaya,2023-09-30,10
BRT01: Sunway-Setia Jaya,BRT01: Sunway-Setia Jaya,2023-10-01,8
BRT01: Sunway-Setia Jaya,BRT01: Sunway-Setia Jaya,2023-10-02,4
BRT01: Sunway-Setia Jaya,BRT01: Sunway-Setia Jaya,2023-10-03,13
BRT01: Sunway-Setia Jaya,BRT01: Sunway-Setia Jaya,2023-10-04,6
BRT01: Sunway-Setia Jaya,BRT01: Sunway-Setia Jaya,2023-10-05,7
BRT01: Sunway-Setia Jaya,BRT01: Sunway-Setia Jaya,2023-10-06,26
BRT01: Sunway-Setia Jaya,BRT01: Sunway-Setia Jaya,2023-10-07,5
BRT01: Sunway-Setia Jaya,BRT01: Sunway-Setia Jaya,2023-10-08,12
BRT01: Sunway-Setia Jaya,BRT01: Sunway-Setia Jaya,2023-10-09,11
BRT01: Sunway-Setia Jaya,BRT01: Sunway-Setia Jaya,2023-10-10,10
BRT01: Sunway-Setia Jaya,BRT01: Sunway-Setia Jaya,2023-10-11,14
BRT01: Sunway-Setia Jaya,BRT01: Sunway-Setia Jaya,2023-10-12,9
BRT01: Sunway-Setia Jaya,BRT01: Sunway-Setia Jaya,2023-10-13,9
BRT01: Sunway-Setia Jaya,BRT01: Sunway-Setia Jaya,2023-10-14,8
BRT01: Sunway-Setia Jaya,BRT01: Sunway-Setia Jaya,2023-10-15,6
BRT01: Sunway-Setia Jaya,BRT01: Sunway-Setia Jaya,2023-10-16,11
BRT01: Sunway-Setia Jaya,BRT01: Sunway-Setia Jaya,2023-10-17,17
BRT01: Sunway-Setia Jaya,BRT01: Sunway-Setia Jaya,2023-10-18,15
BRT01: Sunway-Setia Jaya,BRT01: Sunway-Setia Jaya,2023-10-19,12
BRT01: Sunway-Setia Jaya,BRT01: Sunway-Setia Jaya,2023-10-20,11
BRT01: Sunway-Setia Jaya,BRT01: Sunway-Setia Jaya,2023-10-21,3
BRT01: Sunway-Setia Jaya,BRT01: Sunway-Setia Jaya,2023-10-22,6
BRT01: Sunway-Setia Jaya,BRT01: Sunway-Setia Jaya,2023-10-23,7
BRT01: Sunway-Setia Jaya,BRT01: Sunway-Setia Jaya,2023-10-24,12
BRT01: Sunway-Setia Jaya,BRT01: Sunway-Setia Jaya,2023-10-25,14
BRT01: Sunway-Setia Jaya,BRT01: Sunway-Setia Jaya,2023-10-26,14
BRT01: Sunway-Setia Jaya,BRT01: Sunway-Setia Jaya,2023-10-27,5
BRT01: Sunway-Setia Jaya,BRT01: Sunway-Setia Jaya,2023-10-28,3
BRT01: Sunway-Setia Jaya,BRT01: Sunway-Setia Jaya,2023-10-29,4
BRT01: Sunway-Setia Jaya,BRT01: Sunway-Setia Jaya,2023-10-30,9
BRT01: Sunway-Setia Jaya,BRT01: Sunway-Setia Jaya,2023-10-31,35
BRT01: Sunway-Setia Jaya,BRT01: Sunway-Setia Jaya,2023-11-01,8
BRT01: Sunway-Setia Jaya,BRT01: Sunway-Setia Jaya,2023-11-02,8
BRT01: Sunway-Setia Jaya,BRT01: Sunway-Setia Jaya,2023-11-03,9
BRT01: Sunway-Setia Jaya,BRT01: Sunway-Setia Jaya,2023-11-04,14
BRT01: Sunway-Setia Jaya,BRT01: Sunway-Setia Jaya,2023-11-05,15
BRT01: Sunway-Setia Jaya,BRT01: Sunway-Setia Jaya,2023-11-06,25
BRT01: Sunway-Setia Jaya,BRT01: Sunway-Setia Jaya,2023-11-07,15
BRT01: Sunway-Setia Jaya,BRT01: Sunway-Setia Jaya,2023-11-08,12
BRT01: Sunway-Setia Jaya,BRT01: Sunway-Setia Jaya,2023-11-09,7
BRT01: Sunway-Setia Jaya,BRT01: Sunway-Setia Jaya,2023-11-10,16
BRT01: Sunway-Setia Jaya,BRT01: Sunway-Setia Jaya,2023-11-11,22
BRT01: Sunway-Setia Jaya,BRT01: Sunway-Setia Jaya,2023-11-12,12
BRT01: Sunway-Setia Jaya,BRT01: Sunway-Setia Jaya,2023-11-13,14
BRT01: Sunway-Setia Jaya,BRT01: Sunway-Setia Jaya,2023-11-14,13
BRT01: Sunway-Setia Jaya,BRT01: Sunway-Setia Jaya,2023-11-15,19
BRT01: Sunway-Setia Jaya,BRT01: Sunway-Setia Jaya,2023-11-16,18
BRT01: Sunway-Setia Jaya,BRT01: Sunway-Setia Jaya,2023-11-17,21
BRT01: Sunway-Setia Jaya,BRT01: Sunway-Setia Jaya,2023-11-18,16
BRT01: Sunway-Setia Jaya,BRT01: Sunway-Setia Jaya,2023-11-19,3
BRT01: Sunway-Setia Jaya,BRT01: Sunway-Setia Jaya,2023-11-20,18
BRT01: Sunway-Setia Jaya,BRT01: Sunway-Setia Jaya,2023-11-21,14
BRT01: Sunway-Setia Jaya,BRT01: Sunway-Setia Jaya,2023-11-22,6
BRT01: Sunway-Setia Jaya,BRT01: Sunway-Setia Jaya,2023-11-23,5
BRT01: Sunway-Setia Jaya,BRT01: Sunway-Setia Jaya,2023-11-24,11
BRT01: Sunway-Setia Jaya,BRT01: Sunway-Setia Jaya,2023-11-25,17
BRT01: Sunway-Setia Jaya,BRT01: Sunway-Setia Jaya,2023-11-26,10
BRT01: Sunway-Setia Jaya,BRT01: Sunway-Setia Jaya,2023-11-27,5
BRT01: Sunway-Setia Jaya,BRT01: Sunway-Setia Jaya,2023-11-28,23
BRT01: Sunway-Setia Jaya,BRT01: Sunway-Setia Jaya,2023-11-29,12
BRT01: Sunway-Setia Jaya,BRT01: Sunway-Setia Jaya,2023-11-30,10
BRT01: Sunway-Setia Jaya,BRT01: Sunway-Setia Jaya,2023-12-01,19
BRT01: Sunway-Setia Jaya,BRT01: Sunway-Setia Jaya,2023-12-02,21
BRT01: Sunway-Setia Jaya,BRT01: Sunway-Setia Jaya,2023-12-03,6
BRT01: Sunway-Setia Jaya,BRT01: Sunway-Setia Jaya,2023-12-04,10
BRT01: Sunway-Setia Jaya,BRT01: Sunway-Setia Jaya,2023-12-05,14
BRT01: Sunway-Setia Jaya,BRT01: Sunway-Setia Jaya,2023-12-06,23
BRT01: Sunway-Setia Jaya,BRT01: Sunway-Setia Jaya,2023-12-07,24
BRT01: Sunway-Setia Jaya,BRT01: Sunway-Setia Jaya,2023-12-08,14
BRT01: Sunway-Setia Jaya,BRT01: Sunway-Setia Jaya,2023-12-09,17
BRT01: Sunway-Setia Jaya,BRT01: Sunway-Setia Jaya,2023-12-10,5
BRT01: Sunway-Setia Jaya,BRT01: Sunway-Setia Jaya,2023-12-11,13
BRT01: Sunway-Setia Jaya,BRT01: Sunway-Setia Jaya,2023-12-12,14
BRT01: Sunway-Setia Jaya,BRT01: Sunway-Setia Jaya,2023-12-13,15
BRT01: Sunway-Setia Jaya,BRT01: Sunway-Setia Jaya,2023-12-14,9
BRT01: Sunway-Setia Jaya,BRT01: Sunway-Setia Jaya,2023-12-15,9
BRT01: Sunway-Setia Jaya,BRT01: Sunway-Setia Jaya,2023-12-16,11
BRT01: Sunway-Setia Jaya,BRT01: Sunway-Setia Jaya,2023-12-17,6
BRT01: Sunway-Setia Jaya,BRT01: Sunway-Setia Jaya,2023-12-18,16
BRT01: Sunway-Setia Jaya,BRT01: Sunway-Setia Jaya,2023-12-19,12
BRT01: Sunway-Setia Jaya,BRT01: Sunway-Setia Jaya,2023-12-20,11
BRT01: Sunway-Setia Jaya,BRT01: Sunway-Setia Jaya,2023-12-21,7
BRT01: Sunway-Setia Jaya,BRT01: Sunway-Setia Jaya,2023-12-22,12
BRT01: Sunway-Setia Jaya,BRT01: Sunway-Setia Jaya,2023-12-23,12
BRT01: Sunway-Setia Jaya,BRT01: Sunway-Setia Jaya,2023-12-24,7
BRT01: Sunway-Setia Jaya,BRT01: Sunway-Setia Jaya,2023-12-25,13
BRT01: Sunway-Setia Jaya,BRT01: Sunway-Setia Jaya,2023-12-26,4
BRT01: Sunway-Setia Jaya,BRT01: Sunway-Setia Jaya,2023-12-27,10
BRT01: Sunway-Setia Jaya,BRT01: Sunway-Setia Jaya,2023-12-28,10
BRT01: Sunway-Setia Jaya,BRT01: Sunway-Setia Jaya,2023-12-29,19
BRT01: Sunway-Setia Jaya,BRT01: Sunway-Setia Jaya,2023-12-30,6
BRT01: Sunway-Setia Jaya,BRT01: Sunway-Setia Jaya,2023-12-31,20
BRT01: Sunway-Setia Jaya,BRT02: Mentari,2023-04-01,35
BRT01: Sunway-Setia Jaya,BRT02: Mentari,2023-04-02,24
BRT01: Sunway-Setia Jaya,BRT02: Mentari,2023-04-03,75
BRT01: Sunway-Setia Jaya,BRT02: Mentari,2023-04-04,81
BRT01: Sunway-Setia Jaya,BRT02: Mentari,2023-04-05,108
BRT01: Sunway-Setia Jaya,BRT02: Mentari,2023-04-06,73
BRT01: Sunway-Setia Jaya,BRT02: Mentari,2023-04-07,81
BRT01: Sunway-Setia Jaya,BRT02: Mentari,2023-04-08,48
BRT01: Sunway-Setia Jaya,BRT02: Mentari,2023-04-09,40
BRT01: Sunway-Setia Jaya,BRT02: Mentari,2023-04-10,80
BRT01: Sunway-Setia Jaya,BRT02: Mentari,2023-04-11,82
BRT01: Sunway-Setia Jaya,BRT02: Mentari,2023-04-12,95
BRT01: Sunway-Setia Jaya,BRT02: Mentari,2023-04-13,95
BRT01: Sunway-Setia Jaya,BRT02: Mentari,2023-04-14,71
BRT01: Sunway-Setia Jaya,BRT02: Mentari,2023-04-15,56
BRT01: Sunway-Setia Jaya,BRT02: Mentari,2023-04-16,41
BRT01: Sunway-Setia Jaya,BRT02: Mentari,2023-04-17,80
BRT01: Sunway-Setia Jaya,BRT02: Mentari,2023-04-18,88
BRT01: Sunway-Setia Jaya,BRT02: Mentari,2023-04-19,81
BRT01: Sunway-Setia Jaya,BRT02: Mentari,2023-04-20,50
BRT01: Sunway-Setia Jaya,BRT02: Mentari,2023-04-21,22
BRT01: Sunway-Setia Jaya,BRT02: Mentari,2023-04-22,27
BRT01: Sunway-Setia Jaya,BRT02: Mentari,2023-04-23,41
BRT01: Sunway-Setia Jaya,BRT02: Mentari,2023-04-24,22
BRT01: Sunway-Setia Jaya,BRT02: Mentari,2023-04-25,57
BRT01: Sunway-Setia Jaya,BRT02: Mentari,2023-04-26,77
BRT01: Sunway-Setia Jaya,BRT02: Mentari,2023-04-27,65
BRT01: Sunway-Setia Jaya,BRT02: Mentari,2023-04-28,69
BRT01: Sunway-Setia Jaya,BRT02: Mentari,2023-04-29,44
BRT01: Sunway-Setia Jaya,BRT02: Mentari,2023-04-30,34
BRT01: Sunway-Setia Jaya,BRT02: Mentari,2023-05-01,41
BRT01: Sunway-Setia Jaya,BRT02: Mentari,2023-05-02,78
BRT01: Sunway-Setia Jaya,BRT02: Mentari,2023-05-03,66
BRT01: Sunway-Setia Jaya,BRT02: Mentari,2023-05-04,45
BRT01: Sunway-Setia Jaya,BRT02: Mentari,2023-05-05,62
BRT01: Sunway-Setia Jaya,BRT02: Mentari,2023-05-06,37
BRT01: Sunway-Setia Jaya,BRT02: Mentari,2023-05-07,32
BRT01: Sunway-Setia Jaya,BRT02: Mentari,2023-05-08,79
BRT01: Sunway-Setia Jaya,BRT02: Mentari,2023-05-09,92
BRT01: Sunway-Setia Jaya,BRT02: Mentari,2023-05-10,74
BRT01: Sunway-Setia Jaya,BRT02: Mentari,2023-05-11,67
BRT01: Sunway-Setia Jaya,BRT02: Mentari,2023-05-12,75
BRT01: Sunway-Setia Jaya,BRT02: Mentari,2023-05-13,62
BRT01: Sunway-Setia Jaya,BRT02: Mentari,2023-05-14,45
BRT01: Sunway-Setia Jaya,BRT02: Mentari,2023-05-15,83
BRT01: Sunway-Setia Jaya,BRT02: Mentari,2023-05-16,89
BRT01: Sunway-Setia Jaya,BRT02: Mentari,2023-05-17,83
BRT01: Sunway-Setia Jaya,BRT02: Mentari,2023-05-18,76
BRT01: Sunway-Setia Jaya,BRT02: Mentari,2023-05-19,58
BRT01: Sunway-Setia Jaya,BRT02: Mentari,2023-05-20,64
BRT01: Sunway-Setia Jaya,BRT02: Mentari,2023-05-21,35
BRT01: Sunway-Setia Jaya,BRT02: Mentari,2023-05-22,83
BRT01: Sunway-Setia Jaya,BRT02: Mentari,2023-05-23,94
BRT01: Sunway-Setia Jaya,BRT02: Mentari,2023-05-24,104
BRT01: Sunway-Setia Jaya,BRT02: Mentari,2023-05-25,91
BRT01: Sunway-Setia Jaya,BRT02: Mentari,2023-05-26,86
BRT01: Sunway-Setia Jaya,BRT02: Mentari,2023-05-27,57
BRT01: Sunway-Setia Jaya,BRT02: Mentari,2023-05-28,42
BRT01: Sunway-Setia Jaya,BRT02: Mentari,2023-05-29,78
BRT01: Sunway-Setia Jaya,BRT02: Mentari,2023-05-30,81
BRT01: Sunway-Setia Jaya,BRT02: Mentari,2023-05-31,98
BRT01: Sunway-Setia Jaya,BRT02: Mentari,2023-06-01,80
BRT01: Sunway-Setia Jaya,BRT02: Mentari,2023-06-02,84
BRT01: Sunway-Setia Jaya,BRT02: Mentari,2023-06-03,48
BRT01: Sunway-Setia Jaya,BRT02: Mentari,2023-06-04,26
BRT01: Sunway-Setia Jaya,BRT02: Mentari,2023-06-05,27
BRT01: Sunway-Setia Jaya,BRT02: Mentari,2023-06-06,97
BRT01: Sunway-Setia Jaya,BRT02: Mentari,2023-06-07,100
BRT01: Sunway-Setia Jaya,BRT02: Mentari,2023-06-08,83
BRT01: Sunway-Setia Jaya,BRT02: Mentari,2023-06-09,80
BRT01: Sunway-Setia Jaya,BRT02: Mentari,2023-06-10,41
BRT01: Sunway-Setia Jaya,BRT02: Mentari,2023-06-11,42
BRT01: Sunway-Setia Jaya,BRT02: Mentari,2023-06-12,80
BRT01: Sunway-Setia Jaya,BRT02: Mentari,2023-06-13,93
BRT01: Sunway-Setia Jaya,BRT02: Mentari,2023-06-14,97
BRT01: Sunway-Setia Jaya,BRT02: Mentari,2023-06-15,70
BRT01: Sunway-Setia Jaya,BRT02: Mentari,2023-06-16,104
BRT01: Sunway-Setia Jaya,BRT02: Mentari,2023-06-17,41
BRT01: Sunway-Setia Jaya,BRT02: Mentari,2023-06-18,33
BRT01: Sunway-Setia Jaya,BRT02: Mentari,2023-06-19,96
BRT01: Sunway-Setia Jaya,BRT02: Mentari,2023-06-20,108
BRT01: Sunway-Setia Jaya,BRT02: Mentari,2023-06-21,118
BRT01: Sunway-Setia Jaya,BRT02: Mentari,2023-06-22,74
BRT01: Sunway-Setia Jaya,BRT02: Mentari,2023-06-23,81
BRT01: Sunway-Setia Jaya,BRT02: Mentari,2023-06-24,63
BRT01: Sunway-Setia Jaya,BRT02: Mentari,2023-06-25,54
BRT01: Sunway-Setia Jaya,BRT02: Mentari,2023-06-26,81
BRT01: Sunway-Setia Jaya,BRT02: Mentari,2023-06-27,90
BRT01: Sunway-Setia Jaya,BRT02: Mentari,2023-06-28,83
BRT01: Sunway-Setia Jaya,BRT02: Mentari,2023-06-29,35
BRT01: Sunway-Setia Jaya,BRT02: Mentari,2023-06-30,77
BRT01: Sunway-Setia Jaya,BRT02: Mentari,2023-07-01,45
BRT01: Sunway-Setia Jaya,BRT02: Mentari,2023-07-02,43
BRT01: Sunway-Setia Jaya,BRT02: Mentari,2023-07-03,86
BRT01: Sunway-Setia Jaya,BRT02: Mentari,2023-07-04,99
BRT01: Sunway-Setia Jaya,BRT02: Mentari,2023-07-05,106
BRT01: Sunway-Setia Jaya,BRT02: Mentari,2023-07-06,93
BRT01: Sunway-Setia Jaya,BRT02: Mentari,2023-07-07,86
BRT01: Sunway-Setia Jaya,BRT02: Mentari,2023-07-08,78
BRT01: Sunway-Setia Jaya,BRT02: Mentari,2023-07-09,55
BRT01: Sunway-Setia Jaya,BRT02: Mentari,2023-07-10,98
BRT01: Sunway-Setia Jaya,BRT02: Mentari,2023-07-11,106
BRT01: Sunway-Setia Jaya,BRT02: Mentari,2023-07-12,116
BRT01: Sunway-Setia Jaya,BRT02: Mentari,2023-07-13,83
BRT01: Sunway-Setia Jaya,BRT02: Mentari,2023-07-14,89
BRT01: Sunway-Setia Jaya,BRT02: Mentari,2023-07-15,65
BRT01: Sunway-Setia Jaya,BRT02: Mentari,2023-07-16,37
BRT01: Sunway-Setia Jaya,BRT02: Mentari,2023-07-17,78
BRT01: Sunway-Setia Jaya,BRT02: Mentari,2023-07-18,115
BRT01: Sunway-Setia Jaya,BRT02: Mentari,2023-07-19,55
BRT01: Sunway-Setia Jaya,BRT02: Mentari,2023-07-20,92
BRT01: Sunway-Setia Jaya,BRT02: Mentari,2023-07-21,90
BRT01: Sunway-Setia Jaya,BRT02: Mentari,2023-07-22,63
BRT01: Sunway-Setia Jaya,BRT02: Mentari,2023-07-23,40
BRT01: Sunway-Setia Jaya,BRT02: Mentari,2023-07-24,90
BRT01: Sunway-Setia Jaya,BRT02: Mentari,2023-07-25,74
BRT01: Sunway-Setia Jaya,BRT02: Mentari,2023-07-26,84
BRT01: Sunway-Setia Jaya,BRT02: Mentari,2023-07-27,73
BRT01: Sunway-Setia Jaya,BRT02: Mentari,2023-07-28,87
BRT01: Sunway-Setia Jaya,BRT02: Mentari,2023-07-29,53
BRT01: Sunway-Setia Jaya,BRT02: Mentari,2023-07-30,39
BRT01: Sunway-Setia Jaya,BRT02: Mentari,2023-07-31,87
BRT01: Sunway-Setia Jaya,BRT02: Mentari,2023-08-01,100
BRT01: Sunway-Setia Jaya,BRT02: Mentari,2023-08-02,100
BRT01: Sunway-Setia Jaya,BRT02: Mentari,2023-08-03,89
BRT01: Sunway-Setia Jaya,BRT02: Mentari,2023-08-04,87
BRT01: Sunway-Setia Jaya,BRT02: Mentari,2023-08-05,58
BRT01: Sunway-Setia Jaya,BRT02: Mentari,2023-08-06,38
BRT01: Sunway-Setia Jaya,BRT02: Mentari,2023-08-07,75
BRT01: Sunway-Setia Jaya,BRT02: Mentari,2023-08-08,88
BRT01: Sunway-Setia Jaya,BRT02: Mentari,2023-08-09,95
BRT01: Sunway-Setia Jaya,BRT02: Mentari,2023-08-10,72
BRT01: Sunway-Setia Jaya,BRT02: Mentari,2023-08-11,114
BRT01: Sunway-Setia Jaya,BRT02: Mentari,2023-08-12,52
BRT01: Sunway-Setia Jaya,BRT02: Mentari,2023-08-13,33
BRT01: Sunway-Setia Jaya,BRT02: Mentari,2023-08-14,66
BRT01: Sunway-Setia Jaya,BRT02: Mentari,2023-08-15,98
BRT01: Sunway-Setia Jaya,BRT02: Mentari,2023-08-16,99
BRT01: Sunway-Setia Jaya,BRT02: Mentari,2023-08-17,76
BRT01: Sunway-Setia Jaya,BRT02: Mentari,2023-08-18,91
BRT01: Sunway-Setia Jaya,BRT02: Mentari,2023-08-19,54
BRT01: Sunway-Setia Jaya,BRT02: Mentari,2023-08-20,41
BRT01: Sunway-Setia Jaya,BRT02: Mentari,2023-08-21,78
BRT01: Sunway-Setia Jaya,BRT02: Mentari,2023-08-22,69
BRT01: Sunway-Setia Jaya,BRT02: Mentari,2023-08-23,82
BRT01: Sunway-Setia Jaya,BRT02: Mentari,2023-08-24,80
BRT01: Sunway-Setia Jaya,BRT02: Mentari,2023-08-25,92
BRT01: Sunway-Setia Jaya,BRT02: Mentari,2023-08-26,55
BRT01: Sunway-Setia Jaya,BRT02: Mentari,2023-08-27,40
BRT01: Sunway-Setia Jaya,BRT02: Mentari,2023-08-28,80
BRT01: Sunway-Setia Jaya,BRT02: Mentari,2023-08-29,79
BRT01: Sunway-Setia Jaya,BRT02: Mentari,2023-08-30,104
BRT01: Sunway-Setia Jaya,BRT02: Mentari,2023-08-31,38
BRT01: Sunway-Setia Jaya,BRT02: Mentari,2023-09-01,80
BRT01: Sunway-Setia Jaya,BRT02: Mentari,2023-09-02,48
BRT01: Sunway-Setia Jaya,BRT02: Mentari,2023-09-03,32
BRT01: Sunway-Setia Jaya,BRT02: Mentari,2023-09-04,84
BRT01: Sunway-Setia Jaya,BRT02: Mentari,2023-09-05,87
BRT01: Sunway-Setia Jaya,BRT02: Mentari,2023-09-06,105
BRT01: Sunway-Setia Jaya,BRT02: Mentari,2023-09-07,73
BRT01: Sunway-Setia Jaya,BRT02: Mentari,2023-09-08,89
BRT01: Sunway-Setia Jaya,BRT02: Mentari,2023-09-09,48
BRT01: Sunway-Setia Jaya,BRT02: Mentari,2023-09-10,47
BRT01: Sunway-Setia Jaya,BRT02: Mentari,2023-09-11,94
BRT01: Sunway-Setia Jaya,BRT02: Mentari,2023-09-12,86
BRT01: Sunway-Setia Jaya,BRT02: Mentari,2023-09-13,103
BRT01: Sunway-Setia Jaya,BRT02: Mentari,2023-09-14,88
BRT01: Sunway-Setia Jaya,BRT02: Mentari,2023-09-15,78
BRT01: Sunway-Setia Jaya,BRT02: Mentari,2023-09-16,47
BRT01: Sunway-Setia Jaya,BRT02: Mentari,2023-09-17,53
BRT01: Sunway-Setia Jaya,BRT02: Mentari,2023-09-18,81
BRT01: Sunway-Setia Jaya,BRT02: Mentari,2023-09-19,80
BRT01: Sunway-Setia Jaya,BRT02: Mentari,2023-09-20,84
BRT01: Sunway-Setia Jaya,BRT02: Mentari,2023-09-21,90
BRT01: Sunway-Setia Jaya,BRT02: Mentari,2023-09-22,66
BRT01: Sunway-Setia Jaya,BRT02: Mentari,2023-09-23,44
BRT01: Sunway-Setia Jaya,BRT02: Mentari,2023-09-24,49
BRT01: Sunway-Setia Jaya,BRT02: Mentari,2023-09-25,75
BRT01: Sunway-Setia Jaya,BRT02: Mentari,2023-09-26,103
BRT01: Sunway-Setia Jaya,BRT02: Mentari,2023-09-27,91
BRT01: Sunway-Setia Jaya,BRT02: Mentari,2023-09-28,35
BRT01: Sunway-Setia Jaya,BRT02: Mentari,2023-09-29,85
BRT01: Sunway-Setia Jaya,BRT02: Mentari,2023-09-30,53
BRT01: Sunway-Setia Jaya,BRT02: Mentari,2023-10-01,36
BRT01: Sunway-Setia Jaya,BRT02: Mentari,2023-10-02,81
BRT01: Sunway-Setia Jaya,BRT02: Mentari,2023-10-03,107
BRT01: Sunway-Setia Jaya,BRT02: Mentari,2023-10-04,112
BRT01: Sunway-Setia Jaya,BRT02: Mentari,2023-10-05,97
BRT01: Sunway-Setia Jaya,BRT02: Mentari,2023-10-06,84
BRT01: Sunway-Setia Jaya,BRT02: Mentari,2023-10-07,62
BRT01: Sunway-Setia Jaya,BRT02: Mentari,2023-10-08,42
BRT01: Sunway-Setia Jaya,BRT02: Mentari,2023-10-09,68
BRT01: Sunway-Setia Jaya,BRT02: Mentari,2023-10-10,66
BRT01: Sunway-Setia Jaya,BRT02: Mentari,2023-10-11,98
BRT01: Sunway-Setia Jaya,BRT02: Mentari,2023-10-12,80
BRT01: Sunway-Setia Jaya,BRT02: Mentari,2023-10-13,102
BRT01: Sunway-Setia Jaya,BRT02: Mentari,2023-10-14,52
BRT01: Sunway-Setia Jaya,BRT02: Mentari,2023-10-15,60
BRT01: Sunway-Setia Jaya,BRT02: Mentari,2023-10-16,82
BRT01: Sunway-Setia Jaya,BRT02: Mentari,2023-10-17,74
BRT01: Sunway-Setia Jaya,BRT02: Mentari,2023-10-18,85
BRT01: Sunway-Setia Jaya,BRT02: Mentari,2023-10-19,82
BRT01: Sunway-Setia Jaya,BRT02: Mentari,2023-10-20,79
BRT01: Sunway-Setia Jaya,BRT02: Mentari,2023-10-21,73
BRT01: Sunway-Setia Jaya,BRT02: Mentari,2023-10-22,46
BRT01: Sunway-Setia Jaya,BRT02: Mentari,2023-10-23,89
BRT01: Sunway-Setia Jaya,BRT02: Mentari,2023-10-24,92
BRT01: Sunway-Setia Jaya,BRT02: Mentari,2023-10-25,105
BRT01: Sunway-Setia Jaya,BRT02: Mentari,2023-10-26,72
BRT01: Sunway-Setia Jaya,BRT02: Mentari,2023-10-27,95
BRT01: Sunway-Setia Jaya,BRT02: Mentari,2023-10-28,58
BRT01: Sunway-Setia Jaya,BRT02: Mentari,2023-10-29,50
BRT01: Sunway-Setia Jaya,BRT02: Mentari,2023-10-30,91
BRT01: Sunway-Setia Jaya,BRT02: Mentari,2023-10-31,96
BRT01: Sunway-Setia Jaya,BRT02: Mentari,2023-11-01,118
BRT01: Sunway-Setia Jaya,BRT02: Mentari,2023-11-02,83
BRT01: Sunway-Setia Jaya,BRT02: Mentari,2023-11-03,69
BRT01: Sunway-Setia Jaya,BRT02: Mentari,2023-11-04,72
BRT01: Sunway-Setia Jaya,BRT02: Mentari,2023-11-05,37
BRT01: Sunway-Setia Jaya,BRT02: Mentari,2023-11-06,86
BRT01: Sunway-Setia Jaya,BRT02: Mentari,2023-11-07,78
BRT01: Sunway-Setia Jaya,BRT02: Mentari,2023-11-08,88
BRT01: Sunway-Setia Jaya,BRT02: Mentari,2023-11-09,87
BRT01: Sunway-Setia Jaya,BRT02: Mentari,2023-11-10,82
BRT01: Sunway-Setia Jaya,BRT02: Mentari,2023-11-11,58
BRT01: Sunway-Setia Jaya,BRT02: Mentari,2023-11-12,54
BRT01: Sunway-Setia Jaya,BRT02: Mentari,2023-11-13,44
BRT01: Sunway-Setia Jaya,BRT02: Mentari,2023-11-14,66
BRT01: Sunway-Setia Jaya,BRT02: Mentari,2023-11-15,83
BRT01: Sunway-Setia Jaya,BRT02: Mentari,2023-11-16,96
BRT01: Sunway-Setia Jaya,BRT02: Mentari,2023-11-17,81
BRT01: Sunway-Setia Jaya,BRT02: Mentari,2023-11-18,41
BRT01: Sunway-Setia Jaya,BRT02: Mentari,2023-11-19,41
BRT01: Sunway-Setia Jaya,BRT02: Mentari,2023-11-20,70
BRT01: Sunway-Setia Jaya,BRT02: Mentari,2023-11-21,90
BRT01: Sunway-Setia Jaya,BRT02: Mentari,2023-11-22,111
BRT01: Sunway-Setia Jaya,BRT02: Mentari,2023-11-23,71
BRT01: Sunway-Setia Jaya,BRT02: Mentari,2023-11-24,85
BRT01: Sunway-Setia Jaya,BRT02: Mentari,2023-11-25,29
BRT01: Sunway-Setia Jaya,BRT02: Mentari,2023-11-26,53
BRT01: Sunway-Setia Jaya,BRT02: Mentari,2023-11-27,85
BRT01: Sunway-Setia Jaya,BRT02: Mentari,2023-11-28,92
BRT01: Sunway-Setia Jaya,BRT02: Mentari,2023-11-29,100
BRT01: Sunway-Setia Jaya,BRT02: Mentari,2023-11-30,79
BRT01: Sunway-Setia Jaya,BRT02: Mentari,2023-12-01,99
BRT01: Sunway-Setia Jaya,BRT02: Mentari,2023-12-02,40
BRT01: Sunway-Setia Jaya,BRT02: Mentari,2023-12-03,45
BRT01: Sunway-Setia Jaya,BRT02: Mentari,2023-12-04,74
BRT01: Sunway-Setia Jaya,BRT02: Mentari,2023-12-05,94
BRT01: Sunway-Setia Jaya,BRT02: Mentari,2023-12-06,120
BRT01: Sunway-Setia Jaya,BRT02: Mentari,2023-12-07,86
BRT01: Sunway-Setia Jaya,BRT02: Mentari,2023-12-08,95
BRT01: Sunway-Setia Jaya,BRT02: Mentari,2023-12-09,67
BRT01: Sunway-Setia Jaya,BRT02: Mentari,2023-12-10,46
BRT01: Sunway-Setia Jaya,BRT02: Mentari,2023-12-11,30
BRT01: Sunway-Setia Jaya,BRT02: Mentari,2023-12-12,87
BRT01: Sunway-Setia Jaya,BRT02: Mentari,2023-12-13,95
BRT01: Sunway-Setia Jaya,BRT02: Mentari,2023-12-14,76
BRT01: Sunway-Setia Jaya,BRT02: Mentari,2023-12-15,81
BRT01: Sunway-Setia Jaya,BRT02: Mentari,2023-12-16,41
BRT01: Sunway-Setia Jaya,BRT02: Mentari,2023-12-17,46
BRT01: Sunway-Setia Jaya,BRT02: Mentari,2023-12-18,71
BRT01: Sunway-Setia Jaya,BRT02: Mentari,2023-12-19,92
BRT01: Sunway-Setia Jaya,BRT02: Mentari,2023-12-20,107
BRT01: Sunway-Setia Jaya,BRT02: Mentari,2023-12-21,86
BRT01: Sunway-Setia Jaya,BRT02: Mentari,2023-12-22,69
BRT01: Sunway-Setia Jaya,BRT02: Mentari,2023-12-23,59
BRT01: Sunway-Setia Jaya,BRT02: Mentari,2023-12-24,38
BRT01: Sunway-Setia Jaya,BRT02: Mentari,2023-12-25,41
BRT01: Sunway-Setia Jaya,BRT02: Mentari,2023-12-26,66
BRT01: Sunway-Setia Jaya,BRT02: Mentari,2023-12-27,63
BRT01: Sunway-Setia Jaya,BRT02: Mentari,2023-12-28,49
BRT01: Sunway-Setia Jaya,BRT02: Mentari,2023-12-29,60
BRT01: Sunway-Setia Jaya,BRT02: Mentari,2023-12-30,39
BRT01: Sunway-Setia Jaya,BRT02: Mentari,2023-12-31,34
BRT01: Sunway-Setia Jaya,BRT03: Sunway Lagoon,2023-04-01,305
BRT01: Sunway-Setia Jaya,BRT03: Sunway Lagoon,2023-04-02,244
BRT01: Sunway-Setia Jaya,BRT03: Sunway Lagoon,2023-04-03,398
BRT01: Sunway-Setia Jaya,BRT03: Sunway Lagoon,2023-04-04,381
BRT01: Sunway-Setia Jaya,BRT03: Sunway Lagoon,2023-04-05,430
BRT01: Sunway-Setia Jaya,BRT03: Sunway Lagoon,2023-04-06,401
BRT01: Sunway-Setia Jaya,BRT03: Sunway Lagoon,2023-04-07,462
BRT01: Sunway-Setia Jaya,BRT03: Sunway Lagoon,2023-04-08,284
BRT01: Sunway-Setia Jaya,BRT03: Sunway Lagoon,2023-04-09,254
BRT01: Sunway-Setia Jaya,BRT03: Sunway Lagoon,2023-04-10,409
BRT01: Sunway-Setia Jaya,BRT03: Sunway Lagoon,2023-04-11,420
BRT01: Sunway-Setia Jaya,BRT03: Sunway Lagoon,2023-04-12,388
BRT01: Sunway-Setia Jaya,BRT03: Sunway Lagoon,2023-04-13,388
BRT01: Sunway-Setia Jaya,BRT03: Sunway Lagoon,2023-04-14,420
BRT01: Sunway-Setia Jaya,BRT03: Sunway Lagoon,2023-04-15,276
BRT01: Sunway-Setia Jaya,BRT03: Sunway Lagoon,2023-04-16,239
BRT01: Sunway-Setia Jaya,BRT03: Sunway Lagoon,2023-04-17,394
BRT01: Sunway-Setia Jaya,BRT03: Sunway Lagoon,2023-04-18,419
BRT01: Sunway-Setia Jaya,BRT03: Sunway Lagoon,2023-04-19,477
BRT01: Sunway-Setia Jaya,BRT03: Sunway Lagoon,2023-04-20,425
BRT01: Sunway-Setia Jaya,BRT03: Sunway Lagoon,2023-04-21,264
BRT01: Sunway-Setia Jaya,BRT03: Sunway Lagoon,2023-04-22,272
BRT01: Sunway-Setia Jaya,BRT03: Sunway Lagoon,2023-04-23,238
BRT01: Sunway-Setia Jaya,BRT03: Sunway Lagoon,2023-04-24,302
BRT01: Sunway-Setia Jaya,BRT03: Sunway Lagoon,2023-04-25,312
BRT01: Sunway-Setia Jaya,BRT03: Sunway Lagoon,2023-04-26,409
BRT01: Sunway-Setia Jaya,BRT03: Sunway Lagoon,2023-04-27,414
BRT01: Sunway-Setia Jaya,BRT03: Sunway Lagoon,2023-04-28,382
BRT01: Sunway-Setia Jaya,BRT03: Sunway Lagoon,2023-04-29,287
BRT01: Sunway-Setia Jaya,BRT03: Sunway Lagoon,2023-04-30,257
BRT01: Sunway-Setia Jaya,BRT03: Sunway Lagoon,2023-05-01,278
BRT01: Sunway-Setia Jaya,BRT03: Sunway Lagoon,2023-05-02,320
BRT01: Sunway-Setia Jaya,BRT03: Sunway Lagoon,2023-05-03,377
BRT01: Sunway-Setia Jaya,BRT03: Sunway Lagoon,2023-05-04,324
BRT01: Sunway-Setia Jaya,BRT03: Sunway Lagoon,2023-05-05,337
BRT01: Sunway-Setia Jaya,BRT03: Sunway Lagoon,2023-05-06,267
BRT01: Sunway-Setia Jaya,BRT03: Sunway Lagoon,2023-05-07,240
BRT01: Sunway-Setia Jaya,BRT03: Sunway Lagoon,2023-05-08,359
BRT01: Sunway-Setia Jaya,BRT03: Sunway Lagoon,2023-05-09,351
BRT01: Sunway-Setia Jaya,BRT03: Sunway Lagoon,2023-05-10,363
BRT01: Sunway-Setia Jaya,BRT03: Sunway Lagoon,2023-05-11,363
BRT01: Sunway-Setia Jaya,BRT03: Sunway Lagoon,2023-05-12,337
BRT01: Sunway-Setia Jaya,BRT03: Sunway Lagoon,2023-05-13,277
BRT01: Sunway-Setia Jaya,BRT03: Sunway Lagoon,2023-05-14,234
BRT01: Sunway-Setia Jaya,BRT03: Sunway Lagoon,2023-05-15,376
BRT01: Sunway-Setia Jaya,BRT03: Sunway Lagoon,2023-05-16,383
BRT01: Sunway-Setia Jaya,BRT03: Sunway Lagoon,2023-05-17,372
BRT01: Sunway-Setia Jaya,BRT03: Sunway Lagoon,2023-05-18,425
BRT01: Sunway-Setia Jaya,BRT03: Sunway Lagoon,2023-05-19,382
BRT01: Sunway-Setia Jaya,BRT03: Sunway Lagoon,2023-05-20,347
BRT01: Sunway-Setia Jaya,BRT03: Sunway Lagoon,2023-05-21,284
BRT01: Sunway-Setia Jaya,BRT03: Sunway Lagoon,2023-05-22,464
BRT01: Sunway-Setia Jaya,BRT03: Sunway Lagoon,2023-05-23,495
BRT01: Sunway-Setia Jaya,BRT03: Sunway Lagoon,2023-05-24,472
BRT01: Sunway-Setia Jaya,BRT03: Sunway Lagoon,2023-05-25,443
BRT01: Sunway-Setia Jaya,BRT03: Sunway Lagoon,2023-05-26,485
BRT01: Sunway-Setia Jaya,BRT03: Sunway Lagoon,2023-05-27,384
BRT01: Sunway-Setia Jaya,BRT03: Sunway Lagoon,2023-05-28,239
BRT01: Sunway-Setia Jaya,BRT03: Sunway Lagoon,2023-05-29,453
BRT01: Sunway-Setia Jaya,BRT03: Sunway Lagoon,2023-05-30,493
BRT01: Sunway-Setia Jaya,BRT03: Sunway Lagoon,2023-05-31,549
BRT01: Sunway-Setia Jaya,BRT03: Sunway Lagoon,2023-06-01,529
BRT01: Sunway-Setia Jaya,BRT03: Sunway Lagoon,2023-06-02,531
BRT01: Sunway-Setia Jaya,BRT03: Sunway Lagoon,2023-06-03,362
BRT01: Sunway-Setia Jaya,BRT03: Sunway Lagoon,2023-06-04,271
BRT01: Sunway-Setia Jaya,BRT03: Sunway Lagoon,2023-06-05,247
BRT01: Sunway-Setia Jaya,BRT03: Sunway Lagoon,2023-06-06,468
BRT01: Sunway-Setia Jaya,BRT03: Sunway Lagoon,2023-06-07,491
BRT01: Sunway-Setia Jaya,BRT03: Sunway Lagoon,2023-06-08,499
BRT01: Sunway-Setia Jaya,BRT03: Sunway Lagoon,2023-06-09,537
BRT01: Sunway-Setia Jaya,BRT03: Sunway Lagoon,2023-06-10,385
BRT01: Sunway-Setia Jaya,BRT03: Sunway Lagoon,2023-06-11,292
BRT01: Sunway-Setia Jaya,BRT03: Sunway Lagoon,2023-06-12,477
BRT01: Sunway-Setia Jaya,BRT03: Sunway Lagoon,2023-06-13,457
BRT01: Sunway-Setia Jaya,BRT03: Sunway Lagoon,2023-06-14,494
BRT01: Sunway-Setia Jaya,BRT03: Sunway Lagoon,2023-06-15,521
BRT01: Sunway-Setia Jaya,BRT03: Sunway Lagoon,2023-06-16,498
BRT01: Sunway-Setia Jaya,BRT03: Sunway Lagoon,2023-06-17,315
BRT01: Sunway-Setia Jaya,BRT03: Sunway Lagoon,2023-06-18,232
BRT01: Sunway-Setia Jaya,BRT03: Sunway Lagoon,2023-06-19,406
BRT01: Sunway-Setia Jaya,BRT03: Sunway Lagoon,2023-06-20,479
BRT01: Sunway-Setia Jaya,BRT03: Sunway Lagoon,2023-06-21,470
BRT01: Sunway-Setia Jaya,BRT03: Sunway Lagoon,2023-06-22,463
BRT01: Sunway-Setia Jaya,BRT03: Sunway Lagoon,2023-06-23,498
BRT01: Sunway-Setia Jaya,BRT03: Sunway Lagoon,2023-06-24,276
BRT01: Sunway-Setia Jaya,BRT03: Sunway Lagoon,2023-06-25,244
BRT01: Sunway-Setia Jaya,BRT03: Sunway Lagoon,2023-06-26,478
BRT01: Sunway-Setia Jaya,BRT03: Sunway Lagoon,2023-06-27,547
BRT01: Sunway-Setia Jaya,BRT03: Sunway Lagoon,2023-06-28,563
BRT01: Sunway-Setia Jaya,BRT03: Sunway Lagoon,2023-06-29,426
BRT01: Sunway-Setia Jaya,BRT03: Sunway Lagoon,2023-06-30,499
BRT01: Sunway-Setia Jaya,BRT03: Sunway Lagoon,2023-07-01,322
BRT01: Sunway-Setia Jaya,BRT03: Sunway Lagoon,2023-07-02,216
BRT01: Sunway-Setia Jaya,BRT03: Sunway Lagoon,2023-07-03,469
BRT01: Sunway-Setia Jaya,BRT03: Sunway Lagoon,2023-07-04,469
BRT01: Sunway-Setia Jaya,BRT03: Sunway Lagoon,2023-07-05,492
BRT01: Sunway-Setia Jaya,BRT03: Sunway Lagoon,2023-07-06,449
BRT01: Sunway-Setia Jaya,BRT03: Sunway Lagoon,2023-07-07,534
BRT01: Sunway-Setia Jaya,BRT03: Sunway Lagoon,2023-07-08,361
BRT01: Sunway-Setia Jaya,BRT03: Sunway Lagoon,2023-07-09,253
BRT01: Sunway-Setia Jaya,BRT03: Sunway Lagoon,2023-07-10,410
BRT01: Sunway-Setia Jaya,BRT03: Sunway Lagoon,2023-07-11,394
BRT01: Sunway-Setia Jaya,BRT03: Sunway Lagoon,2023-07-12,388
BRT01: Sunway-Setia Jaya,BRT03: Sunway Lagoon,2023-07-13,385
BRT01: Sunway-Setia Jaya,BRT03: Sunway Lagoon,2023-07-14,419
BRT01: Sunway-Setia Jaya,BRT03: Sunway Lagoon,2023-07-15,287
BRT01: Sunway-Setia Jaya,BRT03: Sunway Lagoon,2023-07-16,238
BRT01: Sunway-Setia Jaya,BRT03: Sunway Lagoon,2023-07-17,385
BRT01: Sunway-Setia Jaya,BRT03: Sunway Lagoon,2023-07-18,423
BRT01: Sunway-Setia Jaya,BRT03: Sunway Lagoon,2023-07-19,267
BRT01: Sunway-Setia Jaya,BRT03: Sunway Lagoon,2023-07-20,446
BRT01: Sunway-Setia Jaya,BRT03: Sunway Lagoon,2023-07-21,410
BRT01: Sunway-Setia Jaya,BRT03: Sunway Lagoon,2023-07-22,285
BRT01: Sunway-Setia Jaya,BRT03: Sunway Lagoon,2023-07-23,224
BRT01: Sunway-Setia Jaya,BRT03: Sunway Lagoon,2023-07-24,431
BRT01: Sunway-Setia Jaya,BRT03: Sunway Lagoon,2023-07-25,442
BRT01: Sunway-Setia Jaya,BRT03: Sunway Lagoon,2023-07-26,421
BRT01: Sunway-Setia Jaya,BRT03: Sunway Lagoon,2023-07-27,479
BRT01: Sunway-Setia Jaya,BRT03: Sunway Lagoon,2023-07-28,493
BRT01: Sunway-Setia Jaya,BRT03: Sunway Lagoon,2023-07-29,393
BRT01: Sunway-Setia Jaya,BRT03: Sunway Lagoon,2023-07-30,237
BRT01: Sunway-Setia Jaya,BRT03: Sunway Lagoon,2023-07-31,422
BRT01: Sunway-Setia Jaya,BRT03: Sunway Lagoon,2023-08-01,384
BRT01: Sunway-Setia Jaya,BRT03: Sunway Lagoon,2023-08-02,496
BRT01: Sunway-Setia Jaya,BRT03: Sunway Lagoon,2023-08-03,469
BRT01: Sunway-Setia Jaya,BRT03: Sunway Lagoon,2023-08-04,433
BRT01: Sunway-Setia Jaya,BRT03: Sunway Lagoon,2023-08-05,324
BRT01: Sunway-Setia Jaya,BRT03: Sunway Lagoon,2023-08-06,201
BRT01: Sunway-Setia Jaya,BRT03: Sunway Lagoon,2023-08-07,425
BRT01: Sunway-Setia Jaya,BRT03: Sunway Lagoon,2023-08-08,399
BRT01: Sunway-Setia Jaya,BRT03: Sunway Lagoon,2023-08-09,451
BRT01: Sunway-Setia Jaya,BRT03: Sunway Lagoon,2023-08-10,433
BRT01: Sunway-Setia Jaya,BRT03: Sunway Lagoon,2023-08-11,425
BRT01: Sunway-Setia Jaya,BRT03: Sunway Lagoon,2023-08-12,217
BRT01: Sunway-Setia Jaya,BRT03: Sunway Lagoon,2023-08-13,242
BRT01: Sunway-Setia Jaya,BRT03: Sunway Lagoon,2023-08-14,273
BRT01: Sunway-Setia Jaya,BRT03: Sunway Lagoon,2023-08-15,426
BRT01: Sunway-Setia Jaya,BRT03: Sunway Lagoon,2023-08-16,420
BRT01: Sunway-Setia Jaya,BRT03: Sunway Lagoon,2023-08-17,442
BRT01: Sunway-Setia Jaya,BRT03: Sunway Lagoon,2023-08-18,404
BRT01: Sunway-Setia Jaya,BRT03: Sunway Lagoon,2023-08-19,269
BRT01: Sunway-Setia Jaya,BRT03: Sunway Lagoon,2023-08-20,200
BRT01: Sunway-Setia Jaya,BRT03: Sunway Lagoon,2023-08-21,343
BRT01: Sunway-Setia Jaya,BRT03: Sunway Lagoon,2023-08-22,336
BRT01: Sunway-Setia Jaya,BRT03: Sunway Lagoon,2023-08-23,326
BRT01: Sunway-Setia Jaya,BRT03: Sunway Lagoon,2023-08-24,403
BRT01: Sunway-Setia Jaya,BRT03: Sunway Lagoon,2023-08-25,401
BRT01: Sunway-Setia Jaya,BRT03: Sunway Lagoon,2023-08-26,303
BRT01: Sunway-Setia Jaya,BRT03: Sunway Lagoon,2023-08-27,275
BRT01: Sunway-Setia Jaya,BRT03: Sunway Lagoon,2023-08-28,302
BRT01: Sunway-Setia Jaya,BRT03: Sunway Lagoon,2023-08-29,386
BRT01: Sunway-Setia Jaya,BRT03: Sunway Lagoon,2023-08-30,383
BRT01: Sunway-Setia Jaya,BRT03: Sunway Lagoon,2023-08-31,282
BRT01: Sunway-Setia Jaya,BRT03: Sunway Lagoon,2023-09-01,348
BRT01: Sunway-Setia Jaya,BRT03: Sunway Lagoon,2023-09-02,259
BRT01: Sunway-Setia Jaya,BRT03: Sunway Lagoon,2023-09-03,222
BRT01: Sunway-Setia Jaya,BRT03: Sunway Lagoon,2023-09-04,302
BRT01: Sunway-Setia Jaya,BRT03: Sunway Lagoon,2023-09-05,321
BRT01: Sunway-Setia Jaya,BRT03: Sunway Lagoon,2023-09-06,350
BRT01: Sunway-Setia Jaya,BRT03: Sunway Lagoon,2023-09-07,345
BRT01: Sunway-Setia Jaya,BRT03: Sunway Lagoon,2023-09-08,339
BRT01: Sunway-Setia Jaya,BRT03: Sunway Lagoon,2023-09-09,274
BRT01: Sunway-Setia Jaya,BRT03: Sunway Lagoon,2023-09-10,222
BRT01: Sunway-Setia Jaya,BRT03: Sunway Lagoon,2023-09-11,301
BRT01: Sunway-Setia Jaya,BRT03: Sunway Lagoon,2023-09-12,327
BRT01: Sunway-Setia Jaya,BRT03: Sunway Lagoon,2023-09-13,357
BRT01: Sunway-Setia Jaya,BRT03: Sunway Lagoon,2023-09-14,412
BRT01: Sunway-Setia Jaya,BRT03: Sunway Lagoon,2023-09-15,408
BRT01: Sunway-Setia Jaya,BRT03: Sunway Lagoon,2023-09-16,339
BRT01: Sunway-Setia Jaya,BRT03: Sunway Lagoon,2023-09-17,223
BRT01: Sunway-Setia Jaya,BRT03: Sunway Lagoon,2023-09-18,454
BRT01: Sunway-Setia Jaya,BRT03: Sunway Lagoon,2023-09-19,505
BRT01: Sunway-Setia Jaya,BRT03: Sunway Lagoon,2023-09-20,553
BRT01: Sunway-Setia Jaya,BRT03: Sunway Lagoon,2023-09-21,516
BRT01: Sunway-Setia Jaya,BRT03: Sunway Lagoon,2023-09-22,512
BRT01: Sunway-Setia Jaya,BRT03: Sunway Lagoon,2023-09-23,332
BRT01: Sunway-Setia Jaya,BRT03: Sunway Lagoon,2023-09-24,228
BRT01: Sunway-Setia Jaya,BRT03: Sunway Lagoon,2023-09-25,506
BRT01: Sunway-Setia Jaya,BRT03: Sunway Lagoon,2023-09-26,432
BRT01: Sunway-Setia Jaya,BRT03: Sunway Lagoon,2023-09-27,538
BRT01: Sunway-Setia Jaya,BRT03: Sunway Lagoon,2023-09-28,305
BRT01: Sunway-Setia Jaya,BRT03: Sunway Lagoon,2023-09-29,508
BRT01: Sunway-Setia Jaya,BRT03: Sunway Lagoon,2023-09-30,394
BRT01: Sunway-Setia Jaya,BRT03: Sunway Lagoon,2023-10-01,257
BRT01: Sunway-Setia Jaya,BRT03: Sunway Lagoon,2023-10-02,465
BRT01: Sunway-Setia Jaya,BRT03: Sunway Lagoon,2023-10-03,493
BRT01: Sunway-Setia Jaya,BRT03: Sunway Lagoon,2023-10-04,501
BRT01: Sunway-Setia Jaya,BRT03: Sunway Lagoon,2023-10-05,454
BRT01: Sunway-Setia Jaya,BRT03: Sunway Lagoon,2023-10-06,536
BRT01: Sunway-Setia Jaya,BRT03: Sunway Lagoon,2023-10-07,381
BRT01: Sunway-Setia Jaya,BRT03: Sunway Lagoon,2023-10-08,231
BRT01: Sunway-Setia Jaya,BRT03: Sunway Lagoon,2023-10-09,430
BRT01: Sunway-Setia Jaya,BRT03: Sunway Lagoon,2023-10-10,442
BRT01: Sunway-Setia Jaya,BRT03: Sunway Lagoon,2023-10-11,499
BRT01: Sunway-Setia Jaya,BRT03: Sunway Lagoon,2023-10-12,475
BRT01: Sunway-Setia Jaya,BRT03: Sunway Lagoon,2023-10-13,499
BRT01: Sunway-Setia Jaya,BRT03: Sunway Lagoon,2023-10-14,369
BRT01: Sunway-Setia Jaya,BRT03: Sunway Lagoon,2023-10-15,246
BRT01: Sunway-Setia Jaya,BRT03: Sunway Lagoon,2023-10-16,441
BRT01: Sunway-Setia Jaya,BRT03: Sunway Lagoon,2023-10-17,434
BRT01: Sunway-Setia Jaya,BRT03: Sunway Lagoon,2023-10-18,491
BRT01: Sunway-Setia Jaya,BRT03: Sunway Lagoon,2023-10-19,503
BRT01: Sunway-Setia Jaya,BRT03: Sunway Lagoon,2023-10-20,462
BRT01: Sunway-Setia Jaya,BRT03: Sunway Lagoon,2023-10-21,291
BRT01: Sunway-Setia Jaya,BRT03: Sunway Lagoon,2023-10-22,199
BRT01: Sunway-Setia Jaya,BRT03: Sunway Lagoon,2023-10-23,435
BRT01: Sunway-Setia Jaya,BRT03: Sunway Lagoon,2023-10-24,456
BRT01: Sunway-Setia Jaya,BRT03: Sunway Lagoon,2023-10-25,450
BRT01: Sunway-Setia Jaya,BRT03: Sunway Lagoon,2023-10-26,456
BRT01: Sunway-Setia Jaya,BRT03: Sunway Lagoon,2023-10-27,551
BRT01: Sunway-Setia Jaya,BRT03: Sunway Lagoon,2023-10-28,343
BRT01: Sunway-Setia Jaya,BRT03: Sunway Lagoon,2023-10-29,234
BRT01: Sunway-Setia Jaya,BRT03: Sunway Lagoon,2023-10-30,469
BRT01: Sunway-Setia Jaya,BRT03: Sunway Lagoon,2023-10-31,502
BRT01: Sunway-Setia Jaya,BRT03: Sunway Lagoon,2023-11-01,449
BRT01: Sunway-Setia Jaya,BRT03: Sunway Lagoon,2023-11-02,484
BRT01: Sunway-Setia Jaya,BRT03: Sunway Lagoon,2023-11-03,502
BRT01: Sunway-Setia Jaya,BRT03: Sunway Lagoon,2023-11-04,422
BRT01: Sunway-Setia Jaya,BRT03: Sunway Lagoon,2023-11-05,347
BRT01: Sunway-Setia Jaya,BRT03: Sunway Lagoon,2023-11-06,411
BRT01: Sunway-Setia Jaya,BRT03: Sunway Lagoon,2023-11-07,384
BRT01: Sunway-Setia Jaya,BRT03: Sunway Lagoon,2023-11-08,471
BRT01: Sunway-Setia Jaya,BRT03: Sunway Lagoon,2023-11-09,407
BRT01: Sunway-Setia Jaya,BRT03: Sunway Lagoon,2023-11-10,413
BRT01: Sunway-Setia Jaya,BRT03: Sunway Lagoon,2023-11-11,331
BRT01: Sunway-Setia Jaya,BRT03: Sunway Lagoon,2023-11-12,275
BRT01: Sunway-Setia Jaya,BRT03: Sunway Lagoon,2023-11-13,221
BRT01: Sunway-Setia Jaya,BRT03: Sunway Lagoon,2023-11-14,414
BRT01: Sunway-Setia Jaya,BRT03: Sunway Lagoon,2023-11-15,508
BRT01: Sunway-Setia Jaya,BRT03: Sunway Lagoon,2023-11-16,480
BRT01: Sunway-Setia Jaya,BRT03: Sunway Lagoon,2023-11-17,541
BRT01: Sunway-Setia Jaya,BRT03: Sunway Lagoon,2023-11-18,296
BRT01: Sunway-Setia Jaya,BRT03: Sunway Lagoon,2023-11-19,203
BRT01: Sunway-Setia Jaya,BRT03: Sunway Lagoon,2023-11-20,436
BRT01: Sunway-Setia Jaya,BRT03: Sunway Lagoon,2023-11-21,449
BRT01: Sunway-Setia Jaya,BRT03: Sunway Lagoon,2023-11-22,442
BRT01: Sunway-Setia Jaya,BRT03: Sunway Lagoon,2023-11-23,444
BRT01: Sunway-Setia Jaya,BRT03: Sunway Lagoon,2023-11-24,486
BRT01: Sunway-Setia Jaya,BRT03: Sunway Lagoon,2023-11-25,283
BRT01: Sunway-Setia Jaya,BRT03: Sunway Lagoon,2023-11-26,210
BRT01: Sunway-Setia Jaya,BRT03: Sunway Lagoon,2023-11-27,456
BRT01: Sunway-Setia Jaya,BRT03: Sunway Lagoon,2023-11-28,486
BRT01: Sunway-Setia Jaya,BRT03: Sunway Lagoon,2023-11-29,516
BRT01: Sunway-Setia Jaya,BRT03: Sunway Lagoon,2023-11-30,463
BRT01: Sunway-Setia Jaya,BRT03: Sunway Lagoon,2023-12-01,494
BRT01: Sunway-Setia Jaya,BRT03: Sunway Lagoon,2023-12-02,379
BRT01: Sunway-Setia Jaya,BRT03: Sunway Lagoon,2023-12-03,238
BRT01: Sunway-Setia Jaya,BRT03: Sunway Lagoon,2023-12-04,436
BRT01: Sunway-Setia Jaya,BRT03: Sunway Lagoon,2023-12-05,481
BRT01: Sunway-Setia Jaya,BRT03: Sunway Lagoon,2023-12-06,473
BRT01: Sunway-Setia Jaya,BRT03: Sunway Lagoon,2023-12-07,464
BRT01: Sunway-Setia Jaya,BRT03: Sunway Lagoon,2023-12-08,488
BRT01: Sunway-Setia Jaya,BRT03: Sunway Lagoon,2023-12-09,342
BRT01: Sunway-Setia Jaya,BRT03: Sunway Lagoon,2023-12-10,287
BRT01: Sunway-Setia Jaya,BRT03: Sunway Lagoon,2023-12-11,287
BRT01: Sunway-Setia Jaya,BRT03: Sunway Lagoon,2023-12-12,417
BRT01: Sunway-Setia Jaya,BRT03: Sunway Lagoon,2023-12-13,465
BRT01: Sunway-Setia Jaya,BRT03: Sunway Lagoon,2023-12-14,437
BRT01: Sunway-Setia Jaya,BRT03: Sunway Lagoon,2023-12-15,475
BRT01: Sunway-Setia Jaya,BRT03: Sunway Lagoon,2023-12-16,302
BRT01: Sunway-Setia Jaya,BRT03: Sunway Lagoon,2023-12-17,260
BRT01: Sunway-Setia Jaya,BRT03: Sunway Lagoon,2023-12-18,376
BRT01: Sunway-Setia Jaya,BRT03: Sunway Lagoon,2023-12-19,349
BRT01: Sunway-Setia Jaya,BRT03: Sunway Lagoon,2023-12-20,388
BRT01: Sunway-Setia Jaya,BRT03: Sunway Lagoon,2023-12-21,356
BRT01: Sunway-Setia Jaya,BRT03: Sunway Lagoon,2023-12-22,361
BRT01: Sunway-Setia Jaya,BRT03: Sunway Lagoon,2023-12-23,283
BRT01: Sunway-Setia Jaya,BRT03: Sunway Lagoon,2023-12-24,287
BRT01: Sunway-Setia Jaya,BRT03: Sunway Lagoon,2023-12-25,279
BRT01: Sunway-Setia Jaya,BRT03: Sunway Lagoon,2023-12-26,259
BRT01: Sunway-Setia Jaya,BRT03: Sunway Lagoon,2023-12-27,301
BRT01: Sunway-Setia Jaya,BRT03: Sunway Lagoon,2023-12-28,277
BRT01: Sunway-Setia Jaya,BRT03: Sunway Lagoon,2023-12-29,281
BRT01: Sunway-Setia Jaya,BRT03: Sunway Lagoon,2023-12-30,261
BRT01: Sunway-Setia Jaya,BRT03: Sunway Lagoon,2023-12-31,328
BRT01: Sunway-Setia Jaya,BRT04: SunMed,2023-04-01,104
BRT01: Sunway-Setia Jaya,BRT04: SunMed,2023-04-02,64
BRT01: Sunway-Setia Jaya,BRT04: SunMed,2023-04-03,214
BRT01: Sunway-Setia Jaya,BRT04: SunMed,2023-04-04,243
BRT01: Sunway-Setia Jaya,BRT04: SunMed,2023-04-05,240
BRT01: Sunway-Setia Jaya,BRT04: SunMed,2023-04-06,232
BRT01: Sunway-Setia Jaya,BRT04: SunMed,2023-04-07,194
BRT01: Sunway-Setia Jaya,BRT04: SunMed,2023-04-08,86
BRT01: Sunway-Setia Jaya,BRT04: SunMed,2023-04-09,62
BRT01: Sunway-Setia Jaya,BRT04: SunMed,2023-04-10,251
BRT01: Sunway-Setia Jaya,BRT04: SunMed,2023-04-11,246
BRT01: Sunway-Setia Jaya,BRT04: SunMed,2023-04-12,224
BRT01: Sunway-Setia Jaya,BRT04: SunMed,2023-04-13,204
BRT01: Sunway-Setia Jaya,BRT04: SunMed,2023-04-14,218
BRT01: Sunway-Setia Jaya,BRT04: SunMed,2023-04-15,130
BRT01: Sunway-Setia Jaya,BRT04: SunMed,2023-04-16,72
BRT01: Sunway-Setia Jaya,BRT04: SunMed,2023-04-17,248
BRT01: Sunway-Setia Jaya,BRT04: SunMed,2023-04-18,250
BRT01: Sunway-Setia Jaya,BRT04: SunMed,2023-04-19,249
BRT01: Sunway-Setia Jaya,BRT04: SunMed,2023-04-20,180
BRT01: Sunway-Setia Jaya,BRT04: SunMed,2023-04-21,71
BRT01: Sunway-Setia Jaya,BRT04: SunMed,2023-04-22,78
BRT01: Sunway-Setia Jaya,BRT04: SunMed,2023-04-23,78
BRT01: Sunway-Setia Jaya,BRT04: SunMed,2023-04-24,78
BRT01: Sunway-Setia Jaya,BRT04: SunMed,2023-04-25,165
BRT01: Sunway-Setia Jaya,BRT04: SunMed,2023-04-26,159
BRT01: Sunway-Setia Jaya,BRT04: SunMed,2023-04-27,174
BRT01: Sunway-Setia Jaya,BRT04: SunMed,2023-04-28,161
BRT01: Sunway-Setia Jaya,BRT04: SunMed,2023-04-29,113
BRT01: Sunway-Setia Jaya,BRT04: SunMed,2023-04-30,83
BRT01: Sunway-Setia Jaya,BRT04: SunMed,2023-05-01,67
BRT01: Sunway-Setia Jaya,BRT04: SunMed,2023-05-02,195
BRT01: Sunway-Setia Jaya,BRT04: SunMed,2023-05-03,180
BRT01: Sunway-Setia Jaya,BRT04: SunMed,2023-05-04,73
BRT01: Sunway-Setia Jaya,BRT04: SunMed,2023-05-05,154
BRT01: Sunway-Setia Jaya,BRT04: SunMed,2023-05-06,98
BRT01: Sunway-Setia Jaya,BRT04: SunMed,2023-05-07,78
BRT01: Sunway-Setia Jaya,BRT04: SunMed,2023-05-08,179
BRT01: Sunway-Setia Jaya,BRT04: SunMed,2023-05-09,200
BRT01: Sunway-Setia Jaya,BRT04: SunMed,2023-05-10,211
BRT01: Sunway-Setia Jaya,BRT04: SunMed,2023-05-11,171
BRT01: Sunway-Setia Jaya,BRT04: SunMed,2023-05-12,167
BRT01: Sunway-Setia Jaya,BRT04: SunMed,2023-05-13,76
BRT01: Sunway-Setia Jaya,BRT04: SunMed,2023-05-14,66
BRT01: Sunway-Setia Jaya,BRT04: SunMed,2023-05-15,184
BRT01: Sunway-Setia Jaya,BRT04: SunMed,2023-05-16,178
BRT01: Sunway-Setia Jaya,BRT04: SunMed,2023-05-17,196
BRT01: Sunway-Setia Jaya,BRT04: SunMed,2023-05-18,181
BRT01: Sunway-Setia Jaya,BRT04: SunMed,2023-05-19,168
BRT01: Sunway-Setia Jaya,BRT04: SunMed,2023-05-20,106
BRT01: Sunway-Setia Jaya,BRT04: SunMed,2023-05-21,74
BRT01: Sunway-Setia Jaya,BRT04: SunMed,2023-05-22,253
BRT01: Sunway-Setia Jaya,BRT04: SunMed,2023-05-23,234
BRT01: Sunway-Setia Jaya,BRT04: SunMed,2023-05-24,257
BRT01: Sunway-Setia Jaya,BRT04: SunMed,2023-05-25,252
BRT01: Sunway-Setia Jaya,BRT04: SunMed,2023-05-26,238
BRT01: Sunway-Setia Jaya,BRT04: SunMed,2023-05-27,125
BRT01: Sunway-Setia Jaya,BRT04: SunMed,2023-05-28,75
BRT01: Sunway-Setia Jaya,BRT04: SunMed,2023-05-29,227
BRT01: Sunway-Setia Jaya,BRT04: SunMed,2023-05-30,250
BRT01: Sunway-Setia Jaya,BRT04: SunMed,2023-05-31,237
BRT01: Sunway-Setia Jaya,BRT04: SunMed,2023-06-01,238
BRT01: Sunway-Setia Jaya,BRT04: SunMed,2023-06-02,226
BRT01: Sunway-Setia Jaya,BRT04: SunMed,2023-06-03,133
BRT01: Sunway-Setia Jaya,BRT04: SunMed,2023-06-04,83
BRT01: Sunway-Setia Jaya,BRT04: SunMed,2023-06-05,95
BRT01: Sunway-Setia Jaya,BRT04: SunMed,2023-06-06,233
BRT01: Sunway-Setia Jaya,BRT04: SunMed,2023-06-07,251
BRT01: Sunway-Setia Jaya,BRT04: SunMed,2023-06-08,250
BRT01: Sunway-Setia Jaya,BRT04: SunMed,2023-06-09,228
BRT01: Sunway-Setia Jaya,BRT04: SunMed,2023-06-10,104
BRT01: Sunway-Setia Jaya,BRT04: SunMed,2023-06-11,64
BRT01: Sunway-Setia Jaya,BRT04: SunMed,2023-06-12,224
BRT01: Sunway-Setia Jaya,BRT04: SunMed,2023-06-13,242
BRT01: Sunway-Setia Jaya,BRT04: SunMed,2023-06-14,240
BRT01: Sunway-Setia Jaya,BRT04: SunMed,2023-06-15,248
BRT01: Sunway-Setia Jaya,BRT04: SunMed,2023-06-16,227
BRT01: Sunway-Setia Jaya,BRT04: SunMed,2023-06-17,107
BRT01: Sunway-Setia Jaya,BRT04: SunMed,2023-06-18,74
BRT01: Sunway-Setia Jaya,BRT04: SunMed,2023-06-19,252
BRT01: Sunway-Setia Jaya,BRT04: SunMed,2023-06-20,252
BRT01: Sunway-Setia Jaya,BRT04: SunMed,2023-06-21,255
BRT01: Sunway-Setia Jaya,BRT04: SunMed,2023-06-22,243
BRT01: Sunway-Setia Jaya,BRT04: SunMed,2023-06-23,225
BRT01: Sunway-Setia Jaya,BRT04: SunMed,2023-06-24,135
BRT01: Sunway-Setia Jaya,BRT04: SunMed,2023-06-25,69
BRT01: Sunway-Setia Jaya,BRT04: SunMed,2023-06-26,262
BRT01: Sunway-Setia Jaya,BRT04: SunMed,2023-06-27,254
BRT01: Sunway-Setia Jaya,BRT04: SunMed,2023-06-28,241
BRT01: Sunway-Setia Jaya,BRT04: SunMed,2023-06-29,68
BRT01: Sunway-Setia Jaya,BRT04: SunMed,2023-06-30,183
BRT01: Sunway-Setia Jaya,BRT04: SunMed,2023-07-01,129
BRT01: Sunway-Setia Jaya,BRT04: SunMed,2023-07-02,63
BRT01: Sunway-Setia Jaya,BRT04: SunMed,2023-07-03,228
BRT01: Sunway-Setia Jaya,BRT04: SunMed,2023-07-04,252
BRT01: Sunway-Setia Jaya,BRT04: SunMed,2023-07-05,243
BRT01: Sunway-Setia Jaya,BRT04: SunMed,2023-07-06,259
BRT01: Sunway-Setia Jaya,BRT04: SunMed,2023-07-07,204
BRT01: Sunway-Setia Jaya,BRT04: SunMed,2023-07-08,102
BRT01: Sunway-Setia Jaya,BRT04: SunMed,2023-07-09,77
BRT01: Sunway-Setia Jaya,BRT04: SunMed,2023-07-10,235
BRT01: Sunway-Setia Jaya,BRT04: SunMed,2023-07-11,218
BRT01: Sunway-Setia Jaya,BRT04: SunMed,2023-07-12,210
BRT01: Sunway-Setia Jaya,BRT04: SunMed,2023-07-13,214
BRT01: Sunway-Setia Jaya,BRT04: SunMed,2023-07-14,186
BRT01: Sunway-Setia Jaya,BRT04: SunMed,2023-07-15,97
BRT01: Sunway-Setia Jaya,BRT04: SunMed,2023-07-16,66
BRT01: Sunway-Setia Jaya,BRT04: SunMed,2023-07-17,266
BRT01: Sunway-Setia Jaya,BRT04: SunMed,2023-07-18,247
BRT01: Sunway-Setia Jaya,BRT04: SunMed,2023-07-19,81
BRT01: Sunway-Setia Jaya,BRT04: SunMed,2023-07-20,228
BRT01: Sunway-Setia Jaya,BRT04: SunMed,2023-07-21,226
BRT01: Sunway-Setia Jaya,BRT04: SunMed,2023-07-22,115
BRT01: Sunway-Setia Jaya,BRT04: SunMed,2023-07-23,93
BRT01: Sunway-Setia Jaya,BRT04: SunMed,2023-07-24,239
BRT01: Sunway-Setia Jaya,BRT04: SunMed,2023-07-25,246
BRT01: Sunway-Setia Jaya,BRT04: SunMed,2023-07-26,266
BRT01: Sunway-Setia Jaya,BRT04: SunMed,2023-07-27,225
BRT01: Sunway-Setia Jaya,BRT04: SunMed,2023-07-28,222
BRT01: Sunway-Setia Jaya,BRT04: SunMed,2023-07-29,124
BRT01: Sunway-Setia Jaya,BRT04: SunMed,2023-07-30,69
BRT01: Sunway-Setia Jaya,BRT04: SunMed,2023-07-31,246
BRT01: Sunway-Setia Jaya,BRT04: SunMed,2023-08-01,262
BRT01: Sunway-Setia Jaya,BRT04: SunMed,2023-08-02,243
BRT01: Sunway-Setia Jaya,BRT04: SunMed,2023-08-03,245
BRT01: Sunway-Setia Jaya,BRT04: SunMed,2023-08-04,252
BRT01: Sunway-Setia Jaya,BRT04: SunMed,2023-08-05,111
BRT01: Sunway-Setia Jaya,BRT04: SunMed,2023-08-06,79
BRT01: Sunway-Setia Jaya,BRT04: SunMed,2023-08-07,260
BRT01: Sunway-Setia Jaya,BRT04: SunMed,2023-08-08,202
BRT01: Sunway-Setia Jaya,BRT04: SunMed,2023-08-09,237
BRT01: Sunway-Setia Jaya,BRT04: SunMed,2023-08-10,215
BRT01: Sunway-Setia Jaya,BRT04: SunMed,2023-08-11,191
BRT01: Sunway-Setia Jaya,BRT04: SunMed,2023-08-12,111
BRT01: Sunway-Setia Jaya,BRT04: SunMed,2023-08-13,65
BRT01: Sunway-Setia Jaya,BRT04: SunMed,2023-08-14,121
BRT01: Sunway-Setia Jaya,BRT04: SunMed,2023-08-15,239
BRT01: Sunway-Setia Jaya,BRT04: SunMed,2023-08-16,242
BRT01: Sunway-Setia Jaya,BRT04: SunMed,2023-08-17,241
BRT01: Sunway-Setia Jaya,BRT04: SunMed,2023-08-18,205
BRT01: Sunway-Setia Jaya,BRT04: SunMed,2023-08-19,134
BRT01: Sunway-Setia Jaya,BRT04: SunMed,2023-08-20,86
BRT01: Sunway-Setia Jaya,BRT04: SunMed,2023-08-21,197
BRT01: Sunway-Setia Jaya,BRT04: SunMed,2023-08-22,197
BRT01: Sunway-Setia Jaya,BRT04: SunMed,2023-08-23,196
BRT01: Sunway-Setia Jaya,BRT04: SunMed,2023-08-24,198
BRT01: Sunway-Setia Jaya,BRT04: SunMed,2023-08-25,171
BRT01: Sunway-Setia Jaya,BRT04: SunMed,2023-08-26,117
BRT01: Sunway-Setia Jaya,BRT04: SunMed,2023-08-27,101
BRT01: Sunway-Setia Jaya,BRT04: SunMed,2023-08-28,171
BRT01: Sunway-Setia Jaya,BRT04: SunMed,2023-08-29,186
BRT01: Sunway-Setia Jaya,BRT04: SunMed,2023-08-30,186
BRT01: Sunway-Setia Jaya,BRT04: SunMed,2023-08-31,67
BRT01: Sunway-Setia Jaya,BRT04: SunMed,2023-09-01,156
BRT01: Sunway-Setia Jaya,BRT04: SunMed,2023-09-02,99
BRT01: Sunway-Setia Jaya,BRT04: SunMed,2023-09-03,81
BRT01: Sunway-Setia Jaya,BRT04: SunMed,2023-09-04,194
BRT01: Sunway-Setia Jaya,BRT04: SunMed,2023-09-05,209
BRT01: Sunway-Setia Jaya,BRT04: SunMed,2023-09-06,209
BRT01: Sunway-Setia Jaya,BRT04: SunMed,2023-09-07,191
BRT01: Sunway-Setia Jaya,BRT04: SunMed,2023-09-08,178
BRT01: Sunway-Setia Jaya,BRT04: SunMed,2023-09-09,111
BRT01: Sunway-Setia Jaya,BRT04: SunMed,2023-09-10,83
BRT01: Sunway-Setia Jaya,BRT04: SunMed,2023-09-11,198
BRT01: Sunway-Setia Jaya,BRT04: SunMed,2023-09-12,206
BRT01: Sunway-Setia Jaya,BRT04: SunMed,2023-09-13,212
BRT01: Sunway-Setia Jaya,BRT04: SunMed,2023-09-14,202
BRT01: Sunway-Setia Jaya,BRT04: SunMed,2023-09-15,185
BRT01: Sunway-Setia Jaya,BRT04: SunMed,2023-09-16,73
BRT01: Sunway-Setia Jaya,BRT04: SunMed,2023-09-17,77
BRT01: Sunway-Setia Jaya,BRT04: SunMed,2023-09-18,291
BRT01: Sunway-Setia Jaya,BRT04: SunMed,2023-09-19,283
BRT01: Sunway-Setia Jaya,BRT04: SunMed,2023-09-20,270
BRT01: Sunway-Setia Jaya,BRT04: SunMed,2023-09-21,246
BRT01: Sunway-Setia Jaya,BRT04: SunMed,2023-09-22,236
BRT01: Sunway-Setia Jaya,BRT04: SunMed,2023-09-23,142
BRT01: Sunway-Setia Jaya,BRT04: SunMed,2023-09-24,85
BRT01: Sunway-Setia Jaya,BRT04: SunMed,2023-09-25,299
BRT01: Sunway-Setia Jaya,BRT04: SunMed,2023-09-26,272
BRT01: Sunway-Setia Jaya,BRT04: SunMed,2023-09-27,298
BRT01: Sunway-Setia Jaya,BRT04: SunMed,2023-09-28,73
BRT01: Sunway-Setia Jaya,BRT04: SunMed,2023-09-29,236
BRT01: Sunway-Setia Jaya,BRT04: SunMed,2023-09-30,126
BRT01: Sunway-Setia Jaya,BRT04: SunMed,2023-10-01,75
BRT01: Sunway-Setia Jaya,BRT04: SunMed,2023-10-02,283
BRT01: Sunway-Setia Jaya,BRT04: SunMed,2023-10-03,280
BRT01: Sunway-Setia Jaya,BRT04: SunMed,2023-10-04,292
BRT01: Sunway-Setia Jaya,BRT04: SunMed,2023-10-05,254
BRT01: Sunway-Setia Jaya,BRT04: SunMed,2023-10-06,265
BRT01: Sunway-Setia Jaya,BRT04: SunMed,2023-10-07,128
BRT01: Sunway-Setia Jaya,BRT04: SunMed,2023-10-08,89
BRT01: Sunway-Setia Jaya,BRT04: SunMed,2023-10-09,275
BRT01: Sunway-Setia Jaya,BRT04: SunMed,2023-10-10,290
BRT01: Sunway-Setia Jaya,BRT04: SunMed,2023-10-11,278
BRT01: Sunway-Setia Jaya,BRT04: SunMed,2023-10-12,265
BRT01: Sunway-Setia Jaya,BRT04: SunMed,2023-10-13,258
BRT01: Sunway-Setia Jaya,BRT04: SunMed,2023-10-14,108
BRT01: Sunway-Setia Jaya,BRT04: SunMed,2023-10-15,79
BRT01: Sunway-Setia Jaya,BRT04: SunMed,2023-10-16,293
BRT01: Sunway-Setia Jaya,BRT04: SunMed,2023-10-17,280
BRT01: Sunway-Setia Jaya,BRT04: SunMed,2023-10-18,278
BRT01: Sunway-Setia Jaya,BRT04: SunMed,2023-10-19,269
BRT01: Sunway-Setia Jaya,BRT04: SunMed,2023-10-20,242
BRT01: Sunway-Setia Jaya,BRT04: SunMed,2023-10-21,127
BRT01: Sunway-Setia Jaya,BRT04: SunMed,2023-10-22,79
BRT01: Sunway-Setia Jaya,BRT04: SunMed,2023-10-23,248
BRT01: Sunway-Setia Jaya,BRT04: SunMed,2023-10-24,293
BRT01: Sunway-Setia Jaya,BRT04: SunMed,2023-10-25,276
BRT01: Sunway-Setia Jaya,BRT04: SunMed,2023-10-26,257
BRT01: Sunway-Setia Jaya,BRT04: SunMed,2023-10-27,268
BRT01: Sunway-Setia Jaya,BRT04: SunMed,2023-10-28,116
BRT01: Sunway-Setia Jaya,BRT04: SunMed,2023-10-29,78
BRT01: Sunway-Setia Jaya,BRT04: SunMed,2023-10-30,253
BRT01: Sunway-Setia Jaya,BRT04: SunMed,2023-10-31,287
BRT01: Sunway-Setia Jaya,BRT04: SunMed,2023-11-01,290
BRT01: Sunway-Setia Jaya,BRT04: SunMed,2023-11-02,271
BRT01: Sunway-Setia Jaya,BRT04: SunMed,2023-11-03,247
BRT01: Sunway-Setia Jaya,BRT04: SunMed,2023-11-04,122
BRT01: Sunway-Setia Jaya,BRT04: SunMed,2023-11-05,79
BRT01: Sunway-Setia Jaya,BRT04: SunMed,2023-11-06,256
BRT01: Sunway-Setia Jaya,BRT04: SunMed,2023-11-07,224
BRT01: Sunway-Setia Jaya,BRT04: SunMed,2023-11-08,250
BRT01: Sunway-Setia Jaya,BRT04: SunMed,2023-11-09,232
BRT01: Sunway-Setia Jaya,BRT04: SunMed,2023-11-10,205
BRT01: Sunway-Setia Jaya,BRT04: SunMed,2023-11-11,103
BRT01: Sunway-Setia Jaya,BRT04: SunMed,2023-11-12,64
BRT01: Sunway-Setia Jaya,BRT04: SunMed,2023-11-13,79
BRT01: Sunway-Setia Jaya,BRT04: SunMed,2023-11-14,240
BRT01: Sunway-Setia Jaya,BRT04: SunMed,2023-11-15,233
BRT01: Sunway-Setia Jaya,BRT04: SunMed,2023-11-16,254
BRT01: Sunway-Setia Jaya,BRT04: SunMed,2023-11-17,247
BRT01: Sunway-Setia Jaya,BRT04: SunMed,2023-11-18,129
BRT01: Sunway-Setia Jaya,BRT04: SunMed,2023-11-19,78
BRT01: Sunway-Setia Jaya,BRT04: SunMed,2023-11-20,277
BRT01: Sunway-Setia Jaya,BRT04: SunMed,2023-11-21,275
BRT01: Sunway-Setia Jaya,BRT04: SunMed,2023-11-22,282
BRT01: Sunway-Setia Jaya,BRT04: SunMed,2023-11-23,274
BRT01: Sunway-Setia Jaya,BRT04: SunMed,2023-11-24,262
BRT01: Sunway-Setia Jaya,BRT04: SunMed,2023-11-25,135
BRT01: Sunway-Setia Jaya,BRT04: SunMed,2023-11-26,70
BRT01: Sunway-Setia Jaya,BRT04: SunMed,2023-11-27,249
BRT01: Sunway-Setia Jaya,BRT04: SunMed,2023-11-28,266
BRT01: Sunway-Setia Jaya,BRT04: SunMed,2023-11-29,251
BRT01: Sunway-Setia Jaya,BRT04: SunMed,2023-11-30,261
BRT01: Sunway-Setia Jaya,BRT04: SunMed,2023-12-01,247
BRT01: Sunway-Setia Jaya,BRT04: SunMed,2023-12-02,135
BRT01: Sunway-Setia Jaya,BRT04: SunMed,2023-12-03,77
BRT01: Sunway-Setia Jaya,BRT04: SunMed,2023-12-04,230
BRT01: Sunway-Setia Jaya,BRT04: SunMed,2023-12-05,265
BRT01: Sunway-Setia Jaya,BRT04: SunMed,2023-12-06,254
BRT01: Sunway-Setia Jaya,BRT04: SunMed,2023-12-07,247
BRT01: Sunway-Setia Jaya,BRT04: SunMed,2023-12-08,239
BRT01: Sunway-Setia Jaya,BRT04: SunMed,2023-12-09,144
BRT01: Sunway-Setia Jaya,BRT04: SunMed,2023-12-10,86
BRT01: Sunway-Setia Jaya,BRT04: SunMed,2023-12-11,102
BRT01: Sunway-Setia Jaya,BRT04: SunMed,2023-12-12,236
BRT01: Sunway-Setia Jaya,BRT04: SunMed,2023-12-13,228
BRT01: Sunway-Setia Jaya,BRT04: SunMed,2023-12-14,222
BRT01: Sunway-Setia Jaya,BRT04: SunMed,2023-12-15,217
BRT01: Sunway-Setia Jaya,BRT04: SunMed,2023-12-16,133
BRT01: Sunway-Setia Jaya,BRT04: SunMed,2023-12-17,58
BRT01: Sunway-Setia Jaya,BRT04: SunMed,2023-12-18,189
BRT01: Sunway-Setia Jaya,BRT04: SunMed,2023-12-19,169
BRT01: Sunway-Setia Jaya,BRT04: SunMed,2023-12-20,187
BRT01: Sunway-Setia Jaya,BRT04: SunMed,2023-12-21,179
BRT01: Sunway-Setia Jaya,BRT04: SunMed,2023-12-22,154
BRT01: Sunway-Setia Jaya,BRT04: SunMed,2023-12-23,128
BRT01: Sunway-Setia Jaya,BRT04: SunMed,2023-12-24,58
BRT01: Sunway-Setia Jaya,BRT04: SunMed,2023-12-25,72
BRT01: Sunway-Setia Jaya,BRT04: SunMed,2023-12-26,131
BRT01: Sunway-Setia Jaya,BRT04: SunMed,2023-12-27,138
BRT01: Sunway-Setia Jaya,BRT04: SunMed,2023-12-28,149
BRT01: Sunway-Setia Jaya,BRT04: SunMed,2023-12-29,164
BRT01: Sunway-Setia Jaya,BRT04: SunMed,2023-12-30,100
BRT01: Sunway-Setia Jaya,BRT04: SunMed,2023-12-31,48
BRT01: Sunway-Setia Jaya,BRT05: SunU-Monash,2023-04-01,36
BRT01: Sunway-Setia Jaya,BRT05: SunU-Monash,2023-04-02,36
BRT01: Sunway-Setia Jaya,BRT05: SunU-Monash,2023-04-03,131
BRT01: Sunway-Setia Jaya,BRT05: SunU-Monash,2023-04-04,133
BRT01: Sunway-Setia Jaya,BRT05: SunU-Monash,2023-04-05,144
BRT01: Sunway-Setia Jaya,BRT05: SunU-Monash,2023-04-06,143
BRT01: Sunway-Setia Jaya,BRT05: SunU-Monash,2023-04-07,136
BRT01: Sunway-Setia Jaya,BRT05: SunU-Monash,2023-04-08,32
BRT01: Sunway-Setia Jaya,BRT05: SunU-Monash,2023-04-09,38
BRT01: Sunway-Setia Jaya,BRT05: SunU-Monash,2023-04-10,129
BRT01: Sunway-Setia Jaya,BRT05: SunU-Monash,2023-04-11,140
BRT01: Sunway-Setia Jaya,BRT05: SunU-Monash,2023-04-12,154
BRT01: Sunway-Setia Jaya,BRT05: SunU-Monash,2023-04-13,133
BRT01: Sunway-Setia Jaya,BRT05: SunU-Monash,2023-04-14,126
BRT01: Sunway-Setia Jaya,BRT05: SunU-Monash,2023-04-15,47
BRT01: Sunway-Setia Jaya,BRT05: SunU-Monash,2023-04-16,32
BRT01: Sunway-Setia Jaya,BRT05: SunU-Monash,2023-04-17,127
BRT01: Sunway-Setia Jaya,BRT05: SunU-Monash,2023-04-18,144
BRT01: Sunway-Setia Jaya,BRT05: SunU-Monash,2023-04-19,138
BRT01: Sunway-Setia Jaya,BRT05: SunU-Monash,2023-04-20,125
BRT01: Sunway-Setia Jaya,BRT05: SunU-Monash,2023-04-21,31
BRT01: Sunway-Setia Jaya,BRT05: SunU-Monash,2023-04-22,24
BRT01: Sunway-Setia Jaya,BRT05: SunU-Monash,2023-04-23,24
BRT01: Sunway-Setia Jaya,BRT05: SunU-Monash,2023-04-24,29
BRT01: Sunway-Setia Jaya,BRT05: SunU-Monash,2023-04-25,78
BRT01: Sunway-Setia Jaya,BRT05: SunU-Monash,2023-04-26,128
BRT01: Sunway-Setia Jaya,BRT05: SunU-Monash,2023-04-27,156
BRT01: Sunway-Setia Jaya,BRT05: SunU-Monash,2023-04-28,123
BRT01: Sunway-Setia Jaya,BRT05: SunU-Monash,2023-04-29,49
BRT01: Sunway-Setia Jaya,BRT05: SunU-Monash,2023-04-30,50
BRT01: Sunway-Setia Jaya,BRT05: SunU-Monash,2023-05-01,28
BRT01: Sunway-Setia Jaya,BRT05: SunU-Monash,2023-05-02,205
BRT01: Sunway-Setia Jaya,BRT05: SunU-Monash,2023-05-03,177
BRT01: Sunway-Setia Jaya,BRT05: SunU-Monash,2023-05-04,47
BRT01: Sunway-Setia Jaya,BRT05: SunU-Monash,2023-05-05,163
BRT01: Sunway-Setia Jaya,BRT05: SunU-Monash,2023-05-06,54
BRT01: Sunway-Setia Jaya,BRT05: SunU-Monash,2023-05-07,39
BRT01: Sunway-Setia Jaya,BRT05: SunU-Monash,2023-05-08,181
BRT01: Sunway-Setia Jaya,BRT05: SunU-Monash,2023-05-09,206
BRT01: Sunway-Setia Jaya,BRT05: SunU-Monash,2023-05-10,187
BRT01: Sunway-Setia Jaya,BRT05: SunU-Monash,2023-05-11,182
BRT01: Sunway-Setia Jaya,BRT05: SunU-Monash,2023-05-12,154
BRT01: Sunway-Setia Jaya,BRT05: SunU-Monash,2023-05-13,51
BRT01: Sunway-Setia Jaya,BRT05: SunU-Monash,2023-05-14,39
BRT01: Sunway-Setia Jaya,BRT05: SunU-Monash,2023-05-15,193
BRT01: Sunway-Setia Jaya,BRT05: SunU-Monash,2023-05-16,208
BRT01: Sunway-Setia Jaya,BRT05: SunU-Monash,2023-05-17,189
BRT01: Sunway-Setia Jaya,BRT05: SunU-Monash,2023-05-18,176
BRT01: Sunway-Setia Jaya,BRT05: SunU-Monash,2023-05-19,166
BRT01: Sunway-Setia Jaya,BRT05: SunU-Monash,2023-05-20,57
BRT01: Sunway-Setia Jaya,BRT05: SunU-Monash,2023-05-21,32
BRT01: Sunway-Setia Jaya,BRT05: SunU-Monash,2023-05-22,180
BRT01: Sunway-Setia Jaya,BRT05: SunU-Monash,2023-05-23,188
BRT01: Sunway-Setia Jaya,BRT05: SunU-Monash,2023-05-24,201
BRT01: Sunway-Setia Jaya,BRT05: SunU-Monash,2023-05-25,177
BRT01: Sunway-Setia Jaya,BRT05: SunU-Monash,2023-05-26,144
BRT01: Sunway-Setia Jaya,BRT05: SunU-Monash,2023-05-27,53
BRT01: Sunway-Setia Jaya,BRT05: SunU-Monash,2023-05-28,36
BRT01: Sunway-Setia Jaya,BRT05: SunU-Monash,2023-05-29,173
BRT01: Sunway-Setia Jaya,BRT05: SunU-Monash,2023-05-30,158
BRT01: Sunway-Setia Jaya,BRT05: SunU-Monash,2023-05-31,180
BRT01: Sunway-Setia Jaya,BRT05: SunU-Monash,2023-06-01,175
BRT01: Sunway-Setia Jaya,BRT05: SunU-Monash,2023-06-02,145
BRT01: Sunway-Setia Jaya,BRT05: SunU-Monash,2023-06-03,39
BRT01: Sunway-Setia Jaya,BRT05: SunU-Monash,2023-06-04,34
BRT01: Sunway-Setia Jaya,BRT05: SunU-Monash,2023-06-05,29
BRT01: Sunway-Setia Jaya,BRT05: SunU-Monash,2023-06-06,173
BRT01: Sunway-Setia Jaya,BRT05: SunU-Monash,2023-06-07,168
BRT01: Sunway-Setia Jaya,BRT05: SunU-Monash,2023-06-08,146
BRT01: Sunway-Setia Jaya,BRT05: SunU-Monash,2023-06-09,170
BRT01: Sunway-Setia Jaya,BRT05: SunU-Monash,2023-06-10,48
BRT01: Sunway-Setia Jaya,BRT05: SunU-Monash,2023-06-11,33
BRT01: Sunway-Setia Jaya,BRT05: SunU-Monash,2023-06-12,117
BRT01: Sunway-Setia Jaya,BRT05: SunU-Monash,2023-06-13,125
BRT01: Sunway-Setia Jaya,BRT05: SunU-Monash,2023-06-14,140
BRT01: Sunway-Setia Jaya,BRT05: SunU-Monash,2023-06-15,127
BRT01: Sunway-Setia Jaya,BRT05: SunU-Monash,2023-06-16,98
BRT01: Sunway-Setia Jaya,BRT05: SunU-Monash,2023-06-17,43
BRT01: Sunway-Setia Jaya,BRT05: SunU-Monash,2023-06-18,30
BRT01: Sunway-Setia Jaya,BRT05: SunU-Monash,2023-06-19,166
BRT01: Sunway-Setia Jaya,BRT05: SunU-Monash,2023-06-20,177
BRT01: Sunway-Setia Jaya,BRT05: SunU-Monash,2023-06-21,178
BRT01: Sunway-Setia Jaya,BRT05: SunU-Monash,2023-06-22,159
BRT01: Sunway-Setia Jaya,BRT05: SunU-Monash,2023-06-23,108
BRT01: Sunway-Setia Jaya,BRT05: SunU-Monash,2023-06-24,73
BRT01: Sunway-Setia Jaya,BRT05: SunU-Monash,2023-06-25,37
BRT01: Sunway-Setia Jaya,BRT05: SunU-Monash,2023-06-26,166
BRT01: Sunway-Setia Jaya,BRT05: SunU-Monash,2023-06-27,169
BRT01: Sunway-Setia Jaya,BRT05: SunU-Monash,2023-06-28,149
BRT01: Sunway-Setia Jaya,BRT05: SunU-Monash,2023-06-29,35
BRT01: Sunway-Setia Jaya,BRT05: SunU-Monash,2023-06-30,121
BRT01: Sunway-Setia Jaya,BRT05: SunU-Monash,2023-07-01,41
BRT01: Sunway-Setia Jaya,BRT05: SunU-Monash,2023-07-02,35
BRT01: Sunway-Setia Jaya,BRT05: SunU-Monash,2023-07-03,144
BRT01: Sunway-Setia Jaya,BRT05: SunU-Monash,2023-07-04,172
BRT01: Sunway-Setia Jaya,BRT05: SunU-Monash,2023-07-05,159
BRT01: Sunway-Setia Jaya,BRT05: SunU-Monash,2023-07-06,147
BRT01: Sunway-Setia Jaya,BRT05: SunU-Monash,2023-07-07,134
BRT01: Sunway-Setia Jaya,BRT05: SunU-Monash,2023-07-08,46
BRT01: Sunway-Setia Jaya,BRT05: SunU-Monash,2023-07-09,38
BRT01: Sunway-Setia Jaya,BRT05: SunU-Monash,2023-07-10,124
BRT01: Sunway-Setia Jaya,BRT05: SunU-Monash,2023-07-11,150
BRT01: Sunway-Setia Jaya,BRT05: SunU-Monash,2023-07-12,167
BRT01: Sunway-Setia Jaya,BRT05: SunU-Monash,2023-07-13,133
BRT01: Sunway-Setia Jaya,BRT05: SunU-Monash,2023-07-14,142
BRT01: Sunway-Setia Jaya,BRT05: SunU-Monash,2023-07-15,46
BRT01: Sunway-Setia Jaya,BRT05: SunU-Monash,2023-07-16,23
BRT01: Sunway-Setia Jaya,BRT05: SunU-Monash,2023-07-17,140
BRT01: Sunway-Setia Jaya,BRT05: SunU-Monash,2023-07-18,161
BRT01: Sunway-Setia Jaya,BRT05: SunU-Monash,2023-07-19,43
BRT01: Sunway-Setia Jaya,BRT05: SunU-Monash,2023-07-20,150
BRT01: Sunway-Setia Jaya,BRT05: SunU-Monash,2023-07-21,143
BRT01: Sunway-Setia Jaya,BRT05: SunU-Monash,2023-07-22,45
BRT01: Sunway-Setia Jaya,BRT05: SunU-Monash,2023-07-23,30
BRT01: Sunway-Setia Jaya,BRT05: SunU-Monash,2023-07-24,151
BRT01: Sunway-Setia Jaya,BRT05: SunU-Monash,2023-07-25,150
BRT01: Sunway-Setia Jaya,BRT05: SunU-Monash,2023-07-26,174
BRT01: Sunway-Setia Jaya,BRT05: SunU-Monash,2023-07-27,141
BRT01: Sunway-Setia Jaya,BRT05: SunU-Monash,2023-07-28,127
BRT01: Sunway-Setia Jaya,BRT05: SunU-Monash,2023-07-29,39
BRT01: Sunway-Setia Jaya,BRT05: SunU-Monash,2023-07-30,34
BRT01: Sunway-Setia Jaya,BRT05: SunU-Monash,2023-07-31,127
BRT01: Sunway-Setia Jaya,BRT05: SunU-Monash,2023-08-01,123
BRT01: Sunway-Setia Jaya,BRT05: SunU-Monash,2023-08-02,131
BRT01: Sunway-Setia Jaya,BRT05: SunU-Monash,2023-08-03,141
BRT01: Sunway-Setia Jaya,BRT05: SunU-Monash,2023-08-04,104
BRT01: Sunway-Setia Jaya,BRT05: SunU-Monash,2023-08-05,52
BRT01: Sunway-Setia Jaya,BRT05: SunU-Monash,2023-08-06,23
BRT01: Sunway-Setia Jaya,BRT05: SunU-Monash,2023-08-07,142
BRT01: Sunway-Setia Jaya,BRT05: SunU-Monash,2023-08-08,105
BRT01: Sunway-Setia Jaya,BRT05: SunU-Monash,2023-08-09,121
BRT01: Sunway-Setia Jaya,BRT05: SunU-Monash,2023-08-10,126
BRT01: Sunway-Setia Jaya,BRT05: SunU-Monash,2023-08-11,104
BRT01: Sunway-Setia Jaya,BRT05: SunU-Monash,2023-08-12,36
BRT01: Sunway-Setia Jaya,BRT05: SunU-Monash,2023-08-13,34
BRT01: Sunway-Setia Jaya,BRT05: SunU-Monash,2023-08-14,53
BRT01: Sunway-Setia Jaya,BRT05: SunU-Monash,2023-08-15,111
BRT01: Sunway-Setia Jaya,BRT05: SunU-Monash,2023-08-16,116
BRT01: Sunway-Setia Jaya,BRT05: SunU-Monash,2023-08-17,103
BRT01: Sunway-Setia Jaya,BRT05: SunU-Monash,2023-08-18,104
BRT01: Sunway-Setia Jaya,BRT05: SunU-Monash,2023-08-19,62
BRT01: Sunway-Setia Jaya,BRT05: SunU-Monash,2023-08-20,36
BRT01: Sunway-Setia Jaya,BRT05: SunU-Monash,2023-08-21,107
BRT01: Sunway-Setia Jaya,BRT05: SunU-Monash,2023-08-22,113
BRT01: Sunway-Setia Jaya,BRT05: SunU-Monash,2023-08-23,104
BRT01: Sunway-Setia Jaya,BRT05: SunU-Monash,2023-08-24,112
BRT01: Sunway-Setia Jaya,BRT05: SunU-Monash,2023-08-25,114
BRT01: Sunway-Setia Jaya,BRT05: SunU-Monash,2023-08-26,48
BRT01: Sunway-Setia Jaya,BRT05: SunU-Monash,2023-08-27,29
BRT01: Sunway-Setia Jaya,BRT05: SunU-Monash,2023-08-28,87
BRT01: Sunway-Setia Jaya,BRT05: SunU-Monash,2023-08-29,118
BRT01: Sunway-Setia Jaya,BRT05: SunU-Monash,2023-08-30,112
BRT01: Sunway-Setia Jaya,BRT05: SunU-Monash,2023-08-31,24
BRT01: Sunway-Setia Jaya,BRT05: SunU-Monash,2023-09-01,92
BRT01: Sunway-Setia Jaya,BRT05: SunU-Monash,2023-09-02,37
BRT01: Sunway-Setia Jaya,BRT05: SunU-Monash,2023-09-03,28
BRT01: Sunway-Setia Jaya,BRT05: SunU-Monash,2023-09-04,93
BRT01: Sunway-Setia Jaya,BRT05: SunU-Monash,2023-09-05,109
BRT01: Sunway-Setia Jaya,BRT05: SunU-Monash,2023-09-06,116
BRT01: Sunway-Setia Jaya,BRT05: SunU-Monash,2023-09-07,114
BRT01: Sunway-Setia Jaya,BRT05: SunU-Monash,2023-09-08,123
BRT01: Sunway-Setia Jaya,BRT05: SunU-Monash,2023-09-09,29
BRT01: Sunway-Setia Jaya,BRT05: SunU-Monash,2023-09-10,26
BRT01: Sunway-Setia Jaya,BRT05: SunU-Monash,2023-09-11,150
BRT01: Sunway-Setia Jaya,BRT05: SunU-Monash,2023-09-12,156
BRT01: Sunway-Setia Jaya,BRT05: SunU-Monash,2023-09-13,153
BRT01: Sunway-Setia Jaya,BRT05: SunU-Monash,2023-09-14,154
BRT01: Sunway-Setia Jaya,BRT05: SunU-Monash,2023-09-15,141
BRT01: Sunway-Setia Jaya,BRT05: SunU-Monash,2023-09-16,24
BRT01: Sunway-Setia Jaya,BRT05: SunU-Monash,2023-09-17,23
BRT01: Sunway-Setia Jaya,BRT05: SunU-Monash,2023-09-18,166
BRT01: Sunway-Setia Jaya,BRT05: SunU-Monash,2023-09-19,203
BRT01: Sunway-Setia Jaya,BRT05: SunU-Monash,2023-09-20,183
BRT01: Sunway-Setia Jaya,BRT05: SunU-Monash,2023-09-21,171
BRT01: Sunway-Setia Jaya,BRT05: SunU-Monash,2023-09-22,159
BRT01: Sunway-Setia Jaya,BRT05: SunU-Monash,2023-09-23,61
BRT01: Sunway-Setia Jaya,BRT05: SunU-Monash,2023-09-24,32
BRT01: Sunway-Setia Jaya,BRT05: SunU-Monash,2023-09-25,152
BRT01: Sunway-Setia Jaya,BRT05: SunU-Monash,2023-09-26,167
BRT01: Sunway-Setia Jaya,BRT05: SunU-Monash,2023-09-27,168
BRT01: Sunway-Setia Jaya,BRT05: SunU-Monash,2023-09-28,37
BRT01: Sunway-Setia Jaya,BRT05: SunU-Monash,2023-09-29,156
BRT01: Sunway-Setia Jaya,BRT05: SunU-Monash,2023-09-30,74
BRT01: Sunway-Setia Jaya,BRT05: SunU-Monash,2023-10-01,18
BRT01: Sunway-Setia Jaya,BRT05: SunU-Monash,2023-10-02,172
BRT01: Sunway-Setia Jaya,BRT05: SunU-Monash,2023-10-03,172
BRT01: Sunway-Setia Jaya,BRT05: SunU-Monash,2023-10-04,179
BRT01: Sunway-Setia Jaya,BRT05: SunU-Monash,2023-10-05,180
BRT01: Sunway-Setia Jaya,BRT05: SunU-Monash,2023-10-06,149
BRT01: Sunway-Setia Jaya,BRT05: SunU-Monash,2023-10-07,45
BRT01: Sunway-Setia Jaya,BRT05: SunU-Monash,2023-10-08,24
BRT01: Sunway-Setia Jaya,BRT05: SunU-Monash,2023-10-09,173
BRT01: Sunway-Setia Jaya,BRT05: SunU-Monash,2023-10-10,175
BRT01: Sunway-Setia Jaya,BRT05: SunU-Monash,2023-10-11,182
BRT01: Sunway-Setia Jaya,BRT05: SunU-Monash,2023-10-12,168
BRT01: Sunway-Setia Jaya,BRT05: SunU-Monash,2023-10-13,156
BRT01: Sunway-Setia Jaya,BRT05: SunU-Monash,2023-10-14,48
BRT01: Sunway-Setia Jaya,BRT05: SunU-Monash,2023-10-15,26
BRT01: Sunway-Setia Jaya,BRT05: SunU-Monash,2023-10-16,155
BRT01: Sunway-Setia Jaya,BRT05: SunU-Monash,2023-10-17,196
BRT01: Sunway-Setia Jaya,BRT05: SunU-Monash,2023-10-18,182
BRT01: Sunway-Setia Jaya,BRT05: SunU-Monash,2023-10-19,192
BRT01: Sunway-Setia Jaya,BRT05: SunU-Monash,2023-10-20,144
BRT01: Sunway-Setia Jaya,BRT05: SunU-Monash,2023-10-21,34
BRT01: Sunway-Setia Jaya,BRT05: SunU-Monash,2023-10-22,26
BRT01: Sunway-Setia Jaya,BRT05: SunU-Monash,2023-10-23,157
BRT01: Sunway-Setia Jaya,BRT05: SunU-Monash,2023-10-24,178
BRT01: Sunway-Setia Jaya,BRT05: SunU-Monash,2023-10-25,176
BRT01: Sunway-Setia Jaya,BRT05: SunU-Monash,2023-10-26,172
BRT01: Sunway-Setia Jaya,BRT05: SunU-Monash,2023-10-27,126
BRT01: Sunway-Setia Jaya,BRT05: SunU-Monash,2023-10-28,47
BRT01: Sunway-Setia Jaya,BRT05: SunU-Monash,2023-10-29,25
BRT01: Sunway-Setia Jaya,BRT05: SunU-Monash,2023-10-30,114
BRT01: Sunway-Setia Jaya,BRT05: SunU-Monash,2023-10-31,120
BRT01: Sunway-Setia Jaya,BRT05: SunU-Monash,2023-11-01,124
BRT01: Sunway-Setia Jaya,BRT05: SunU-Monash,2023-11-02,119
BRT01: Sunway-Setia Jaya,BRT05: SunU-Monash,2023-11-03,123
BRT01: Sunway-Setia Jaya,BRT05: SunU-Monash,2023-11-04,35
BRT01: Sunway-Setia Jaya,BRT05: SunU-Monash,2023-11-05,29
BRT01: Sunway-Setia Jaya,BRT05: SunU-Monash,2023-11-06,144
BRT01: Sunway-Setia Jaya,BRT05: SunU-Monash,2023-11-07,163
BRT01: Sunway-Setia Jaya,BRT05: SunU-Monash,2023-11-08,148
BRT01: Sunway-Setia Jaya,BRT05: SunU-Monash,2023-11-09,154
BRT01: Sunway-Setia Jaya,BRT05: SunU-Monash,2023-11-10,118
BRT01: Sunway-Setia Jaya,BRT05: SunU-Monash,2023-11-11,35
BRT01: Sunway-Setia Jaya,BRT05: SunU-Monash,2023-11-12,20
BRT01: Sunway-Setia Jaya,BRT05: SunU-Monash,2023-11-13,33
BRT01: Sunway-Setia Jaya,BRT05: SunU-Monash,2023-11-14,115
BRT01: Sunway-Setia Jaya,BRT05: SunU-Monash,2023-11-15,124
BRT01: Sunway-Setia Jaya,BRT05: SunU-Monash,2023-11-16,129
BRT01: Sunway-Setia Jaya,BRT05: SunU-Monash,2023-11-17,122
BRT01: Sunway-Setia Jaya,BRT05: SunU-Monash,2023-11-18,33
BRT01: Sunway-Setia Jaya,BRT05: SunU-Monash,2023-11-19,25
BRT01: Sunway-Setia Jaya,BRT05: SunU-Monash,2023-11-20,133
BRT01: Sunway-Setia Jaya,BRT05: SunU-Monash,2023-11-21,166
BRT01: Sunway-Setia Jaya,BRT05: SunU-Monash,2023-11-22,142
BRT01: Sunway-Setia Jaya,BRT05: SunU-Monash,2023-11-23,142
BRT01: Sunway-Setia Jaya,BRT05: SunU-Monash,2023-11-24,130
BRT01: Sunway-Setia Jaya,BRT05: SunU-Monash,2023-11-25,30
BRT01: Sunway-Setia Jaya,BRT05: SunU-Monash,2023-11-26,27
BRT01: Sunway-Setia Jaya,BRT05: SunU-Monash,2023-11-27,134
BRT01: Sunway-Setia Jaya,BRT05: SunU-Monash,2023-11-28,135
BRT01: Sunway-Setia Jaya,BRT05: SunU-Monash,2023-11-29,154
BRT01: Sunway-Setia Jaya,BRT05: SunU-Monash,2023-11-30,127
BRT01: Sunway-Setia Jaya,BRT05: SunU-Monash,2023-12-01,135
BRT01: Sunway-Setia Jaya,BRT05: SunU-Monash,2023-12-02,32
BRT01: Sunway-Setia Jaya,BRT05: SunU-Monash,2023-12-03,22
BRT01: Sunway-Setia Jaya,BRT05: SunU-Monash,2023-12-04,135
BRT01: Sunway-Setia Jaya,BRT05: SunU-Monash,2023-12-05,126
BRT01: Sunway-Setia Jaya,BRT05: SunU-Monash,2023-12-06,140
BRT01: Sunway-Setia Jaya,BRT05: SunU-Monash,2023-12-07,112
BRT01: Sunway-Setia Jaya,BRT05: SunU-Monash,2023-12-08,120
BRT01: Sunway-Setia Jaya,BRT05: SunU-Monash,2023-12-09,43
BRT01: Sunway-Setia Jaya,BRT05: SunU-Monash,2023-12-10,14
BRT01: Sunway-Setia Jaya,BRT05: SunU-Monash,2023-12-11,37
BRT01: Sunway-Setia Jaya,BRT05: SunU-Monash,2023-12-12,106
BRT01: Sunway-Setia Jaya,BRT05: SunU-Monash,2023-12-13,101
BRT01: Sunway-Setia Jaya,BRT05: SunU-Monash,2023-12-14,91
BRT01: Sunway-Setia Jaya,BRT05: SunU-Monash,2023-12-15,99
BRT01: Sunway-Setia Jaya,BRT05: SunU-Monash,2023-12-16,45
BRT01: Sunway-Setia Jaya,BRT05: SunU-Monash,2023-12-17,20
BRT01: Sunway-Setia Jaya,BRT05: SunU-Monash,2023-12-18,80
BRT01: Sunway-Setia Jaya,BRT05: SunU-Monash,2023-12-19,74
BRT01: Sunway-Setia Jaya,BRT05: SunU-Monash,2023-12-20,78
BRT01: Sunway-Setia Jaya,BRT05: SunU-Monash,2023-12-21,61
BRT01: Sunway-Setia Jaya,BRT05: SunU-Monash,2023-12-22,59
BRT01: Sunway-Setia Jaya,BRT05: SunU-Monash,2023-12-23,33
BRT01: Sunway-Setia Jaya,BRT05: SunU-Monash,2023-12-24,16
BRT01: Sunway-Setia Jaya,BRT05: SunU-Monash,2023-12-25,16
BRT01: Sunway-Setia Jaya,BRT05: SunU-Monash,2023-12-26,40
BRT01: Sunway-Setia Jaya,BRT05: SunU-Monash,2023-12-27,49
BRT01: Sunway-Setia Jaya,BRT05: SunU-Monash,2023-12-28,45
BRT01: Sunway-Setia Jaya,BRT05: SunU-Monash,2023-12-29,40
BRT01: Sunway-Setia Jaya,BRT05: SunU-Monash,2023-12-30,28
BRT01: Sunway-Setia Jaya,BRT05: SunU-Monash,2023-12-31,17
BRT01: Sunway-Setia Jaya,BRT06: South Quay-USJ 1,2023-04-01,42
BRT01: Sunway-Setia Jaya,BRT06: South Quay-USJ 1,2023-04-02,59
BRT01: Sunway-Setia Jaya,BRT06: South Quay-USJ 1,2023-04-03,89
BRT01: Sunway-Setia Jaya,BRT06: South Quay-USJ 1,2023-04-04,92
BRT01: Sunway-Setia Jaya,BRT06: South Quay-USJ 1,2023-04-05,79
BRT01: Sunway-Setia Jaya,BRT06: South Quay-USJ 1,2023-04-06,98
BRT01: Sunway-Setia Jaya,BRT06: South Quay-USJ 1,2023-04-07,86
BRT01: Sunway-Setia Jaya,BRT06: South Quay-USJ 1,2023-04-08,64
BRT01: Sunway-Setia Jaya,BRT06: South Quay-USJ 1,2023-04-09,38
BRT01: Sunway-Setia Jaya,BRT06: South Quay-USJ 1,2023-04-10,83
BRT01: Sunway-Setia Jaya,BRT06: South Quay-USJ 1,2023-04-11,90
BRT01: Sunway-Setia Jaya,BRT06: South Quay-USJ 1,2023-04-12,84
BRT01: Sunway-Setia Jaya,BRT06: South Quay-USJ 1,2023-04-13,77
BRT01: Sunway-Setia Jaya,BRT06: South Quay-USJ 1,2023-04-14,88
BRT01: Sunway-Setia Jaya,BRT06: South Quay-USJ 1,2023-04-15,72
BRT01: Sunway-Setia Jaya,BRT06: South Quay-USJ 1,2023-04-16,65
BRT01: Sunway-Setia Jaya,BRT06: South Quay-USJ 1,2023-04-17,86
BRT01: Sunway-Setia Jaya,BRT06: South Quay-USJ 1,2023-04-18,85
BRT01: Sunway-Setia Jaya,BRT06: South Quay-USJ 1,2023-04-19,100
BRT01: Sunway-Setia Jaya,BRT06: South Quay-USJ 1,2023-04-20,105
BRT01: Sunway-Setia Jaya,BRT06: South Quay-USJ 1,2023-04-21,65
BRT01: Sunway-Setia Jaya,BRT06: South Quay-USJ 1,2023-04-22,35
BRT01: Sunway-Setia Jaya,BRT06: South Quay-USJ 1,2023-04-23,40
BRT01: Sunway-Setia Jaya,BRT06: South Quay-USJ 1,2023-04-24,31
BRT01: Sunway-Setia Jaya,BRT06: South Quay-USJ 1,2023-04-25,50
BRT01: Sunway-Setia Jaya,BRT06: South Quay-USJ 1,2023-04-26,61
BRT01: Sunway-Setia Jaya,BRT06: South Quay-USJ 1,2023-04-27,62
BRT01: Sunway-Setia Jaya,BRT06: South Quay-USJ 1,2023-04-28,56
BRT01: Sunway-Setia Jaya,BRT06: South Quay-USJ 1,2023-04-29,55
BRT01: Sunway-Setia Jaya,BRT06: South Quay-USJ 1,2023-04-30,47
BRT01: Sunway-Setia Jaya,BRT06: South Quay-USJ 1,2023-05-01,53
BRT01: Sunway-Setia Jaya,BRT06: South Quay-USJ 1,2023-05-02,75
BRT01: Sunway-Setia Jaya,BRT06: South Quay-USJ 1,2023-05-03,74
BRT01: Sunway-Setia Jaya,BRT06: South Quay-USJ 1,2023-05-04,63
BRT01: Sunway-Setia Jaya,BRT06: South Quay-USJ 1,2023-05-05,61
BRT01: Sunway-Setia Jaya,BRT06: South Quay-USJ 1,2023-05-06,47
BRT01: Sunway-Setia Jaya,BRT06: South Quay-USJ 1,2023-05-07,37
BRT01: Sunway-Setia Jaya,BRT06: South Quay-USJ 1,2023-05-08,78
BRT01: Sunway-Setia Jaya,BRT06: South Quay-USJ 1,2023-05-09,67
BRT01: Sunway-Setia Jaya,BRT06: South Quay-USJ 1,2023-05-10,77
BRT01: Sunway-Setia Jaya,BRT06: South Quay-USJ 1,2023-05-11,76
BRT01: Sunway-Setia Jaya,BRT06: South Quay-USJ 1,2023-05-12,63
BRT01: Sunway-Setia Jaya,BRT06: South Quay-USJ 1,2023-05-13,27
BRT01: Sunway-Setia Jaya,BRT06: South Quay-USJ 1,2023-05-14,38
BRT01: Sunway-Setia Jaya,BRT06: South Quay-USJ 1,2023-05-15,77
BRT01: Sunway-Setia Jaya,BRT06: South Quay-USJ 1,2023-05-16,75
BRT01: Sunway-Setia Jaya,BRT06: South Quay-USJ 1,2023-05-17,87
BRT01: Sunway-Setia Jaya,BRT06: South Quay-USJ 1,2023-05-18,64
BRT01: Sunway-Setia Jaya,BRT06: South Quay-USJ 1,2023-05-19,76
BRT01: Sunway-Setia Jaya,BRT06: South Quay-USJ 1,2023-05-20,41
BRT01: Sunway-Setia Jaya,BRT06: South Quay-USJ 1,2023-05-21,43
BRT01: Sunway-Setia Jaya,BRT06: South Quay-USJ 1,2023-05-22,74
BRT01: Sunway-Setia Jaya,BRT06: South Quay-USJ 1,2023-05-23,79
BRT01: Sunway-Setia Jaya,BRT06: South Quay-USJ 1,2023-05-24,73
BRT01: Sunway-Setia Jaya,BRT06: South Quay-USJ 1,2023-05-25,71
BRT01: Sunway-Setia Jaya,BRT06: South Quay-USJ 1,2023-05-26,77
BRT01: Sunway-Setia Jaya,BRT06: South Quay-USJ 1,2023-05-27,49
BRT01: Sunway-Setia Jaya,BRT06: South Quay-USJ 1,2023-05-28,39
BRT01: Sunway-Setia Jaya,BRT06: South Quay-USJ 1,2023-05-29,82
BRT01: Sunway-Setia Jaya,BRT06: South Quay-USJ 1,2023-05-30,81
BRT01: Sunway-Setia Jaya,BRT06: South Quay-USJ 1,2023-05-31,90
BRT01: Sunway-Setia Jaya,BRT06: South Quay-USJ 1,2023-06-01,97
BRT01: Sunway-Setia Jaya,BRT06: South Quay-USJ 1,2023-06-02,82
BRT01: Sunway-Setia Jaya,BRT06: South Quay-USJ 1,2023-06-03,57
BRT01: Sunway-Setia Jaya,BRT06: South Quay-USJ 1,2023-06-04,40
BRT01: Sunway-Setia Jaya,BRT06: South Quay-USJ 1,2023-06-05,45
BRT01: Sunway-Setia Jaya,BRT06: South Quay-USJ 1,2023-06-06,69
BRT01: Sunway-Setia Jaya,BRT06: South Quay-USJ 1,2023-06-07,88
BRT01: Sunway-Setia Jaya,BRT06: South Quay-USJ 1,2023-06-08,89
BRT01: Sunway-Setia Jaya,BRT06: South Quay-USJ 1,2023-06-09,86
BRT01: Sunway-Setia Jaya,BRT06: South Quay-USJ 1,2023-06-10,47
BRT01: Sunway-Setia Jaya,BRT06: South Quay-USJ 1,2023-06-11,54
BRT01: Sunway-Setia Jaya,BRT06: South Quay-USJ 1,2023-06-12,87
BRT01: Sunway-Setia Jaya,BRT06: South Quay-USJ 1,2023-06-13,80
BRT01: Sunway-Setia Jaya,BRT06: South Quay-USJ 1,2023-06-14,73
BRT01: Sunway-Setia Jaya,BRT06: South Quay-USJ 1,2023-06-15,79
BRT01: Sunway-Setia Jaya,BRT06: South Quay-USJ 1,2023-06-16,91
BRT01: Sunway-Setia Jaya,BRT06: South Quay-USJ 1,2023-06-17,54
BRT01: Sunway-Setia Jaya,BRT06: South Quay-USJ 1,2023-06-18,36
BRT01: Sunway-Setia Jaya,BRT06: South Quay-USJ 1,2023-06-19,76
BRT01: Sunway-Setia Jaya,BRT06: South Quay-USJ 1,2023-06-20,81
BRT01: Sunway-Setia Jaya,BRT06: South Quay-USJ 1,2023-06-21,68
BRT01: Sunway-Setia Jaya,BRT06: South Quay-USJ 1,2023-06-22,81
BRT01: Sunway-Setia Jaya,BRT06: South Quay-USJ 1,2023-06-23,66
BRT01: Sunway-Setia Jaya,BRT06: South Quay-USJ 1,2023-06-24,47
BRT01: Sunway-Setia Jaya,BRT06: South Quay-USJ 1,2023-06-25,29
BRT01: Sunway-Setia Jaya,BRT06: South Quay-USJ 1,2023-06-26,73
BRT01: Sunway-Setia Jaya,BRT06: South Quay-USJ 1,2023-06-27,97
BRT01: Sunway-Setia Jaya,BRT06: South Quay-USJ 1,2023-06-28,97
BRT01: Sunway-Setia Jaya,BRT06: South Quay-USJ 1,2023-06-29,34
BRT01: Sunway-Setia Jaya,BRT06: South Quay-USJ 1,2023-06-30,61
BRT01: Sunway-Setia Jaya,BRT06: South Quay-USJ 1,2023-07-01,44
BRT01: Sunway-Setia Jaya,BRT06: South Quay-USJ 1,2023-07-02,41
BRT01: Sunway-Setia Jaya,BRT06: South Quay-USJ 1,2023-07-03,71
BRT01: Sunway-Setia Jaya,BRT06: South Quay-USJ 1,2023-07-04,81
BRT01: Sunway-Setia Jaya,BRT06: South Quay-USJ 1,2023-07-05,77
BRT01: Sunway-Setia Jaya,BRT06: South Quay-USJ 1,2023-07-06,77
BRT01: Sunway-Setia Jaya,BRT06: South Quay-USJ 1,2023-07-07,71
BRT01: Sunway-Setia Jaya,BRT06: South Quay-USJ 1,2023-07-08,43
BRT01: Sunway-Setia Jaya,BRT06: South Quay-USJ 1,2023-07-09,44
BRT01: Sunway-Setia Jaya,BRT06: South Quay-USJ 1,2023-07-10,81
BRT01: Sunway-Setia Jaya,BRT06: South Quay-USJ 1,2023-07-11,81
BRT01: Sunway-Setia Jaya,BRT06: South Quay-USJ 1,2023-07-12,71
BRT01: Sunway-Setia Jaya,BRT06: South Quay-USJ 1,2023-07-13,71
BRT01: Sunway-Setia Jaya,BRT06: South Quay-USJ 1,2023-07-14,84
BRT01: Sunway-Setia Jaya,BRT06: South Quay-USJ 1,2023-07-15,59
BRT01: Sunway-Setia Jaya,BRT06: South Quay-USJ 1,2023-07-16,52
BRT01: Sunway-Setia Jaya,BRT06: South Quay-USJ 1,2023-07-17,72
BRT01: Sunway-Setia Jaya,BRT06: South Quay-USJ 1,2023-07-18,76
BRT01: Sunway-Setia Jaya,BRT06: South Quay-USJ 1,2023-07-19,38
BRT01: Sunway-Setia Jaya,BRT06: South Quay-USJ 1,2023-07-20,83
BRT01: Sunway-Setia Jaya,BRT06: South Quay-USJ 1,2023-07-21,86
BRT01: Sunway-Setia Jaya,BRT06: South Quay-USJ 1,2023-07-22,46
BRT01: Sunway-Setia Jaya,BRT06: South Quay-USJ 1,2023-07-23,50
BRT01: Sunway-Setia Jaya,BRT06: South Quay-USJ 1,2023-07-24,77
BRT01: Sunway-Setia Jaya,BRT06: South Quay-USJ 1,2023-07-25,80
BRT01: Sunway-Setia Jaya,BRT06: South Quay-USJ 1,2023-07-26,75
BRT01: Sunway-Setia Jaya,BRT06: South Quay-USJ 1,2023-07-27,78
BRT01: Sunway-Setia Jaya,BRT06: South Quay-USJ 1,2023-07-28,87
BRT01: Sunway-Setia Jaya,BRT06: South Quay-USJ 1,2023-07-29,68
BRT01: Sunway-Setia Jaya,BRT06: South Quay-USJ 1,2023-07-30,51
BRT01: Sunway-Setia Jaya,BRT06: South Quay-USJ 1,2023-07-31,67
BRT01: Sunway-Setia Jaya,BRT06: South Quay-USJ 1,2023-08-01,83
BRT01: Sunway-Setia Jaya,BRT06: South Quay-USJ 1,2023-08-02,79
BRT01: Sunway-Setia Jaya,BRT06: South Quay-USJ 1,2023-08-03,82
BRT01: Sunway-Setia Jaya,BRT06: South Quay-USJ 1,2023-08-04,72
BRT01: Sunway-Setia Jaya,BRT06: South Quay-USJ 1,2023-08-05,45
BRT01: Sunway-Setia Jaya,BRT06: South Quay-USJ 1,2023-08-06,44
BRT01: Sunway-Setia Jaya,BRT06: South Quay-USJ 1,2023-08-07,91
BRT01: Sunway-Setia Jaya,BRT06: South Quay-USJ 1,2023-08-08,83
BRT01: Sunway-Setia Jaya,BRT06: South Quay-USJ 1,2023-08-09,79
BRT01: Sunway-Setia Jaya,BRT06: South Quay-USJ 1,2023-08-10,75
BRT01: Sunway-Setia Jaya,BRT06: South Quay-USJ 1,2023-08-11,55
BRT01: Sunway-Setia Jaya,BRT06: South Quay-USJ 1,2023-08-12,49
BRT01: Sunway-Setia Jaya,BRT06: South Quay-USJ 1,2023-08-13,41
BRT01: Sunway-Setia Jaya,BRT06: South Quay-USJ 1,2023-08-14,45
BRT01: Sunway-Setia Jaya,BRT06: South Quay-USJ 1,2023-08-15,83
BRT01: Sunway-Setia Jaya,BRT06: South Quay-USJ 1,2023-08-16,63
BRT01: Sunway-Setia Jaya,BRT06: South Quay-USJ 1,2023-08-17,79
BRT01: Sunway-Setia Jaya,BRT06: South Quay-USJ 1,2023-08-18,97
BRT01: Sunway-Setia Jaya,BRT06: South Quay-USJ 1,2023-08-19,56
BRT01: Sunway-Setia Jaya,BRT06: South Quay-USJ 1,2023-08-20,39
BRT01: Sunway-Setia Jaya,BRT06: South Quay-USJ 1,2023-08-21,69
BRT01: Sunway-Setia Jaya,BRT06: South Quay-USJ 1,2023-08-22,67
BRT01: Sunway-Setia Jaya,BRT06: South Quay-USJ 1,2023-08-23,66
BRT01: Sunway-Setia Jaya,BRT06: South Quay-USJ 1,2023-08-24,63
BRT01: Sunway-Setia Jaya,BRT06: South Quay-USJ 1,2023-08-25,74
BRT01: Sunway-Setia Jaya,BRT06: South Quay-USJ 1,2023-08-26,62
BRT01: Sunway-Setia Jaya,BRT06: South Quay-USJ 1,2023-08-27,47
BRT01: Sunway-Setia Jaya,BRT06: South Quay-USJ 1,2023-08-28,69
BRT01: Sunway-Setia Jaya,BRT06: South Quay-USJ 1,2023-08-29,69
BRT01: Sunway-Setia Jaya,BRT06: South Quay-USJ 1,2023-08-30,73
BRT01: Sunway-Setia Jaya,BRT06: South Quay-USJ 1,2023-08-31,46
BRT01: Sunway-Setia Jaya,BRT06: South Quay-USJ 1,2023-09-01,48
BRT01: Sunway-Setia Jaya,BRT06: South Quay-USJ 1,2023-09-02,56
BRT01: Sunway-Setia Jaya,BRT06: South Quay-USJ 1,2023-09-03,46
BRT01: Sunway-Setia Jaya,BRT06: South Quay-USJ 1,2023-09-04,69
BRT01: Sunway-Setia Jaya,BRT06: South Quay-USJ 1,2023-09-05,66
BRT01: Sunway-Setia Jaya,BRT06: South Quay-USJ 1,2023-09-06,62
BRT01: Sunway-Setia Jaya,BRT06: South Quay-USJ 1,2023-09-07,85
BRT01: Sunway-Setia Jaya,BRT06: South Quay-USJ 1,2023-09-08,74
BRT01: Sunway-Setia Jaya,BRT06: South Quay-USJ 1,2023-09-09,44
BRT01: Sunway-Setia Jaya,BRT06: South Quay-USJ 1,2023-09-10,53
BRT01: Sunway-Setia Jaya,BRT06: South Quay-USJ 1,2023-09-11,70
BRT01: Sunway-Setia Jaya,BRT06: South Quay-USJ 1,2023-09-12,52
BRT01: Sunway-Setia Jaya,BRT06: South Quay-USJ 1,2023-09-13,61
BRT01: Sunway-Setia Jaya,BRT06: South Quay-USJ 1,2023-09-14,60
BRT01: Sunway-Setia Jaya,BRT06: South Quay-USJ 1,2023-09-15,63
BRT01: Sunway-Setia Jaya,BRT06: South Quay-USJ 1,2023-09-16,43
BRT01: Sunway-Setia Jaya,BRT06: South Quay-USJ 1,2023-09-17,33
BRT01: Sunway-Setia Jaya,BRT06: South Quay-USJ 1,2023-09-18,87
BRT01: Sunway-Setia Jaya,BRT06: South Quay-USJ 1,2023-09-19,86
BRT01: Sunway-Setia Jaya,BRT06: South Quay-USJ 1,2023-09-20,69
BRT01: Sunway-Setia Jaya,BRT06: South Quay-USJ 1,2023-09-21,79
BRT01: Sunway-Setia Jaya,BRT06: South Quay-USJ 1,2023-09-22,79
BRT01: Sunway-Setia Jaya,BRT06: South Quay-USJ 1,2023-09-23,43
BRT01: Sunway-Setia Jaya,BRT06: South Quay-USJ 1,2023-09-24,44
BRT01: Sunway-Setia Jaya,BRT06: South Quay-USJ 1,2023-09-25,83
BRT01: Sunway-Setia Jaya,BRT06: South Quay-USJ 1,2023-09-26,67
BRT01: Sunway-Setia Jaya,BRT06: South Quay-USJ 1,2023-09-27,101
BRT01: Sunway-Setia Jaya,BRT06: South Quay-USJ 1,2023-09-28,71
BRT01: Sunway-Setia Jaya,BRT06: South Quay-USJ 1,2023-09-29,95
BRT01: Sunway-Setia Jaya,BRT06: South Quay-USJ 1,2023-09-30,65
BRT01: Sunway-Setia Jaya,BRT06: South Quay-USJ 1,2023-10-01,36
BRT01: Sunway-Setia Jaya,BRT06: South Quay-USJ 1,2023-10-02,88
BRT01: Sunway-Setia Jaya,BRT06: South Quay-USJ 1,2023-10-03,104
BRT01: Sunway-Setia Jaya,BRT06: South Quay-USJ 1,2023-10-04,81
BRT01: Sunway-Setia Jaya,BRT06: South Quay-USJ 1,2023-10-05,69
BRT01: Sunway-Setia Jaya,BRT06: South Quay-USJ 1,2023-10-06,88
BRT01: Sunway-Setia Jaya,BRT06: South Quay-USJ 1,2023-10-07,53
BRT01: Sunway-Setia Jaya,BRT06: South Quay-USJ 1,2023-10-08,51
BRT01: Sunway-Setia Jaya,BRT06: South Quay-USJ 1,2023-10-09,65
BRT01: Sunway-Setia Jaya,BRT06: South Quay-USJ 1,2023-10-10,70
BRT01: Sunway-Setia Jaya,BRT06: South Quay-USJ 1,2023-10-11,81
BRT01: Sunway-Setia Jaya,BRT06: South Quay-USJ 1,2023-10-12,67
BRT01: Sunway-Setia Jaya,BRT06: South Quay-USJ 1,2023-10-13,85
BRT01: Sunway-Setia Jaya,BRT06: South Quay-USJ 1,2023-10-14,58
BRT01: Sunway-Setia Jaya,BRT06: South Quay-USJ 1,2023-10-15,35
BRT01: Sunway-Setia Jaya,BRT06: South Quay-USJ 1,2023-10-16,95
BRT01: Sunway-Setia Jaya,BRT06: South Quay-USJ 1,2023-10-17,60
BRT01: Sunway-Setia Jaya,BRT06: South Quay-USJ 1,2023-10-18,69
BRT01: Sunway-Setia Jaya,BRT06: South Quay-USJ 1,2023-10-19,67
BRT01: Sunway-Setia Jaya,BRT06: South Quay-USJ 1,2023-10-20,89
BRT01: Sunway-Setia Jaya,BRT06: South Quay-USJ 1,2023-10-21,45
BRT01: Sunway-Setia Jaya,BRT06: South Quay-USJ 1,2023-10-22,24
BRT01: Sunway-Setia Jaya,BRT06: South Quay-USJ 1,2023-10-23,63
BRT01: Sunway-Setia Jaya,BRT06: South Quay-USJ 1,2023-10-24,75
BRT01: Sunway-Setia Jaya,BRT06: South Quay-USJ 1,2023-10-25,67
BRT01: Sunway-Setia Jaya,BRT06: South Quay-USJ 1,2023-10-26,71
BRT01: Sunway-Setia Jaya,BRT06: South Quay-USJ 1,2023-10-27,98
BRT01: Sunway-Setia Jaya,BRT06: South Quay-USJ 1,2023-10-28,53
BRT01: Sunway-Setia Jaya,BRT06: South Quay-USJ 1,2023-10-29,40
BRT01: Sunway-Setia Jaya,BRT06: South Quay-USJ 1,2023-10-30,95
BRT01: Sunway-Setia Jaya,BRT06: South Quay-USJ 1,2023-10-31,89
BRT01: Sunway-Setia Jaya,BRT06: South Quay-USJ 1,2023-11-01,68
BRT01: Sunway-Setia Jaya,BRT06: South Quay-USJ 1,2023-11-02,82
BRT01: Sunway-Setia Jaya,BRT06: South Quay-USJ 1,2023-11-03,79
BRT01: Sunway-Setia Jaya,BRT06: South Quay-USJ 1,2023-11-04,67
BRT01: Sunway-Setia Jaya,BRT06: South Quay-USJ 1,2023-11-05,58
BRT01: Sunway-Setia Jaya,BRT06: South Quay-USJ 1,2023-11-06,58
BRT01: Sunway-Setia Jaya,BRT06: South Quay-USJ 1,2023-11-07,73
BRT01: Sunway-Setia Jaya,BRT06: South Quay-USJ 1,2023-11-08,87
BRT01: Sunway-Setia Jaya,BRT06: South Quay-USJ 1,2023-11-09,79
BRT01: Sunway-Setia Jaya,BRT06: South Quay-USJ 1,2023-11-10,68
BRT01: Sunway-Setia Jaya,BRT06: South Quay-USJ 1,2023-11-11,60
BRT01: Sunway-Setia Jaya,BRT06: South Quay-USJ 1,2023-11-12,52
BRT01: Sunway-Setia Jaya,BRT06: South Quay-USJ 1,2023-11-13,30
BRT01: Sunway-Setia Jaya,BRT06: South Quay-USJ 1,2023-11-14,63
BRT01: Sunway-Setia Jaya,BRT06: South Quay-USJ 1,2023-11-15,70
BRT01: Sunway-Setia Jaya,BRT06: South Quay-USJ 1,2023-11-16,74
BRT01: Sunway-Setia Jaya,BRT06: South Quay-USJ 1,2023-11-17,61
BRT01: Sunway-Setia Jaya,BRT06: South Quay-USJ 1,2023-11-18,46
BRT01: Sunway-Setia Jaya,BRT06: South Quay-USJ 1,2023-11-19,44
BRT01: Sunway-Setia Jaya,BRT06: South Quay-USJ 1,2023-11-20,57
BRT01: Sunway-Setia Jaya,BRT06: South Quay-USJ 1,2023-11-21,73
BRT01: Sunway-Setia Jaya,BRT06: South Quay-USJ 1,2023-11-22,80
BRT01: Sunway-Setia Jaya,BRT06: South Quay-USJ 1,2023-11-23,69
BRT01: Sunway-Setia Jaya,BRT06: South Quay-USJ 1,2023-11-24,66
BRT01: Sunway-Setia Jaya,BRT06: South Quay-USJ 1,2023-11-25,32
BRT01: Sunway-Setia Jaya,BRT06: South Quay-USJ 1,2023-11-26,38
BRT01: Sunway-Setia Jaya,BRT06: South Quay-USJ 1,2023-11-27,80
BRT01: Sunway-Setia Jaya,BRT06: South Quay-USJ 1,2023-11-28,72
BRT01: Sunway-Setia Jaya,BRT06: South Quay-USJ 1,2023-11-29,81
BRT01: Sunway-Setia Jaya,BRT06: South Quay-USJ 1,2023-11-30,91
BRT01: Sunway-Setia Jaya,BRT06: South Quay-USJ 1,2023-12-01,71
BRT01: Sunway-Setia Jaya,BRT06: South Quay-USJ 1,2023-12-02,55
BRT01: Sunway-Setia Jaya,BRT06: South Quay-USJ 1,2023-12-03,42
BRT01: Sunway-Setia Jaya,BRT06: South Quay-USJ 1,2023-12-04,81
BRT01: Sunway-Setia Jaya,BRT06: South Quay-USJ 1,2023-12-05,77
BRT01: Sunway-Setia Jaya,BRT06: South Quay-USJ 1,2023-12-06,82
BRT01: Sunway-Setia Jaya,BRT06: South Quay-USJ 1,2023-12-07,71
BRT01: Sunway-Setia Jaya,BRT06: South Quay-USJ 1,2023-12-08,80
BRT01: Sunway-Setia Jaya,BRT06: South Quay-USJ 1,2023-12-09,63
BRT01: Sunway-Setia Jaya,BRT06: South Quay-USJ 1,2023-12-10,45
BRT01: Sunway-Setia Jaya,BRT06: South Quay-USJ 1,2023-12-11,43
BRT01: Sunway-Setia Jaya,BRT06: South Quay-USJ 1,2023-12-12,69
BRT01: Sunway-Setia Jaya,BRT06: South Quay-USJ 1,2023-12-13,61
BRT01: Sunway-Setia Jaya,BRT06: South Quay-USJ 1,2023-12-14,72
BRT01: Sunway-Setia Jaya,BRT06: South Quay-USJ 1,2023-12-15,71
BRT01: Sunway-Setia Jaya,BRT06: South Quay-USJ 1,2023-12-16,53
BRT01: Sunway-Setia Jaya,BRT06: South Quay-USJ 1,2023-12-17,49
BRT01: Sunway-Setia Jaya,BRT06: South Quay-USJ 1,2023-12-18,77
BRT01: Sunway-Setia Jaya,BRT06: South Quay-USJ 1,2023-12-19,78
BRT01: Sunway-Setia Jaya,BRT06: South Quay-USJ 1,2023-12-20,70
BRT01: Sunway-Setia Jaya,BRT06: South Quay-USJ 1,2023-12-21,74
BRT01: Sunway-Setia Jaya,BRT06: South Quay-USJ 1,2023-12-22,81
BRT01: Sunway-Setia Jaya,BRT06: South Quay-USJ 1,2023-12-23,43
BRT01: Sunway-Setia Jaya,BRT06: South Quay-USJ 1,2023-12-24,38
BRT01: Sunway-Setia Jaya,BRT06: South Quay-USJ 1,2023-12-25,43
BRT01: Sunway-Setia Jaya,BRT06: South Quay-USJ 1,2023-12-26,50
BRT01: Sunway-Setia Jaya,BRT06: South Quay-USJ 1,2023-12-27,66
BRT01: Sunway-Setia Jaya,BRT06: South Quay-USJ 1,2023-12-28,58
BRT01: Sunway-Setia Jaya,BRT06: South Quay-USJ 1,2023-12-29,49
BRT01: Sunway-Setia Jaya,BRT06: South Quay-USJ 1,2023-12-30,57
BRT01: Sunway-Setia Jaya,BRT06: South Quay-USJ 1,2023-12-31,53
BRT01: Sunway-Setia Jaya,BRT07: USJ 7,2023-04-01,137
BRT01: Sunway-Setia Jaya,BRT07: USJ 7,2023-04-02,114
BRT01: Sunway-Setia Jaya,BRT07: USJ 7,2023-04-03,329
BRT01: Sunway-Setia Jaya,BRT07: USJ 7,2023-04-04,377
BRT01: Sunway-Setia Jaya,BRT07: USJ 7,2023-04-05,340
BRT01: Sunway-Setia Jaya,BRT07: USJ 7,2023-04-06,380
BRT01: Sunway-Setia Jaya,BRT07: USJ 7,2023-04-07,338
BRT01: Sunway-Setia Jaya,BRT07: USJ 7,2023-04-08,145
BRT01: Sunway-Setia Jaya,BRT07: USJ 7,2023-04-09,130
BRT01: Sunway-Setia Jaya,BRT07: USJ 7,2023-04-10,352
BRT01: Sunway-Setia Jaya,BRT07: USJ 7,2023-04-11,391
BRT01: Sunway-Setia Jaya,BRT07: USJ 7,2023-04-12,346
BRT01: Sunway-Setia Jaya,BRT07: USJ 7,2023-04-13,345
BRT01: Sunway-Setia Jaya,BRT07: USJ 7,2023-04-14,339
BRT01: Sunway-Setia Jaya,BRT07: USJ 7,2023-04-15,168
BRT01: Sunway-Setia Jaya,BRT07: USJ 7,2023-04-16,94
BRT01: Sunway-Setia Jaya,BRT07: USJ 7,2023-04-17,307
BRT01: Sunway-Setia Jaya,BRT07: USJ 7,2023-04-18,351
BRT01: Sunway-Setia Jaya,BRT07: USJ 7,2023-04-19,333
BRT01: Sunway-Setia Jaya,BRT07: USJ 7,2023-04-20,275
BRT01: Sunway-Setia Jaya,BRT07: USJ 7,2023-04-21,96
BRT01: Sunway-Setia Jaya,BRT07: USJ 7,2023-04-22,151
BRT01: Sunway-Setia Jaya,BRT07: USJ 7,2023-04-23,156
BRT01: Sunway-Setia Jaya,BRT07: USJ 7,2023-04-24,82
BRT01: Sunway-Setia Jaya,BRT07: USJ 7,2023-04-25,176
BRT01: Sunway-Setia Jaya,BRT07: USJ 7,2023-04-26,230
BRT01: Sunway-Setia Jaya,BRT07: USJ 7,2023-04-27,242
BRT01: Sunway-Setia Jaya,BRT07: USJ 7,2023-04-28,243
BRT01: Sunway-Setia Jaya,BRT07: USJ 7,2023-04-29,168
BRT01: Sunway-Setia Jaya,BRT07: USJ 7,2023-04-30,92
BRT01: Sunway-Setia Jaya,BRT07: USJ 7,2023-05-01,111
BRT01: Sunway-Setia Jaya,BRT07: USJ 7,2023-05-02,291
BRT01: Sunway-Setia Jaya,BRT07: USJ 7,2023-05-03,273
BRT01: Sunway-Setia Jaya,BRT07: USJ 7,2023-05-04,134
BRT01: Sunway-Setia Jaya,BRT07: USJ 7,2023-05-05,244
BRT01: Sunway-Setia Jaya,BRT07: USJ 7,2023-05-06,136
BRT01: Sunway-Setia Jaya,BRT07: USJ 7,2023-05-07,102
BRT01: Sunway-Setia Jaya,BRT07: USJ 7,2023-05-08,290
BRT01: Sunway-Setia Jaya,BRT07: USJ 7,2023-05-09,319
BRT01: Sunway-Setia Jaya,BRT07: USJ 7,2023-05-10,301
BRT01: Sunway-Setia Jaya,BRT07: USJ 7,2023-05-11,333
BRT01: Sunway-Setia Jaya,BRT07: USJ 7,2023-05-12,282
BRT01: Sunway-Setia Jaya,BRT07: USJ 7,2023-05-13,152
BRT01: Sunway-Setia Jaya,BRT07: USJ 7,2023-05-14,106
BRT01: Sunway-Setia Jaya,BRT07: USJ 7,2023-05-15,308
BRT01: Sunway-Setia Jaya,BRT07: USJ 7,2023-05-16,342
BRT01: Sunway-Setia Jaya,BRT07: USJ 7,2023-05-17,310
BRT01: Sunway-Setia Jaya,BRT07: USJ 7,2023-05-18,354
BRT01: Sunway-Setia Jaya,BRT07: USJ 7,2023-05-19,269
BRT01: Sunway-Setia Jaya,BRT07: USJ 7,2023-05-20,169
BRT01: Sunway-Setia Jaya,BRT07: USJ 7,2023-05-21,93
BRT01: Sunway-Setia Jaya,BRT07: USJ 7,2023-05-22,392
BRT01: Sunway-Setia Jaya,BRT07: USJ 7,2023-05-23,428
BRT01: Sunway-Setia Jaya,BRT07: USJ 7,2023-05-24,409
BRT01: Sunway-Setia Jaya,BRT07: USJ 7,2023-05-25,410
BRT01: Sunway-Setia Jaya,BRT07: USJ 7,2023-05-26,345
BRT01: Sunway-Setia Jaya,BRT07: USJ 7,2023-05-27,190
BRT01: Sunway-Setia Jaya,BRT07: USJ 7,2023-05-28,104
BRT01: Sunway-Setia Jaya,BRT07: USJ 7,2023-05-29,379
BRT01: Sunway-Setia Jaya,BRT07: USJ 7,2023-05-30,400
BRT01: Sunway-Setia Jaya,BRT07: USJ 7,2023-05-31,405
BRT01: Sunway-Setia Jaya,BRT07: USJ 7,2023-06-01,415
BRT01: Sunway-Setia Jaya,BRT07: USJ 7,2023-06-02,351
BRT01: Sunway-Setia Jaya,BRT07: USJ 7,2023-06-03,186
BRT01: Sunway-Setia Jaya,BRT07: USJ 7,2023-06-04,137
BRT01: Sunway-Setia Jaya,BRT07: USJ 7,2023-06-05,114
BRT01: Sunway-Setia Jaya,BRT07: USJ 7,2023-06-06,431
BRT01: Sunway-Setia Jaya,BRT07: USJ 7,2023-06-07,416
BRT01: Sunway-Setia Jaya,BRT07: USJ 7,2023-06-08,448
BRT01: Sunway-Setia Jaya,BRT07: USJ 7,2023-06-09,389
BRT01: Sunway-Setia Jaya,BRT07: USJ 7,2023-06-10,202
BRT01: Sunway-Setia Jaya,BRT07: USJ 7,2023-06-11,101
BRT01: Sunway-Setia Jaya,BRT07: USJ 7,2023-06-12,403
BRT01: Sunway-Setia Jaya,BRT07: USJ 7,2023-06-13,447
BRT01: Sunway-Setia Jaya,BRT07: USJ 7,2023-06-14,439
BRT01: Sunway-Setia Jaya,BRT07: USJ 7,2023-06-15,442
BRT01: Sunway-Setia Jaya,BRT07: USJ 7,2023-06-16,402
BRT01: Sunway-Setia Jaya,BRT07: USJ 7,2023-06-17,182
BRT01: Sunway-Setia Jaya,BRT07: USJ 7,2023-06-18,108
BRT01: Sunway-Setia Jaya,BRT07: USJ 7,2023-06-19,393
BRT01: Sunway-Setia Jaya,BRT07: USJ 7,2023-06-20,447
BRT01: Sunway-Setia Jaya,BRT07: USJ 7,2023-06-21,446
BRT01: Sunway-Setia Jaya,BRT07: USJ 7,2023-06-22,446
BRT01: Sunway-Setia Jaya,BRT07: USJ 7,2023-06-23,376
BRT01: Sunway-Setia Jaya,BRT07: USJ 7,2023-06-24,201
BRT01: Sunway-Setia Jaya,BRT07: USJ 7,2023-06-25,119
BRT01: Sunway-Setia Jaya,BRT07: USJ 7,2023-06-26,376
BRT01: Sunway-Setia Jaya,BRT07: USJ 7,2023-06-27,429
BRT01: Sunway-Setia Jaya,BRT07: USJ 7,2023-06-28,401
BRT01: Sunway-Setia Jaya,BRT07: USJ 7,2023-06-29,145
BRT01: Sunway-Setia Jaya,BRT07: USJ 7,2023-06-30,273
BRT01: Sunway-Setia Jaya,BRT07: USJ 7,2023-07-01,155
BRT01: Sunway-Setia Jaya,BRT07: USJ 7,2023-07-02,96
BRT01: Sunway-Setia Jaya,BRT07: USJ 7,2023-07-03,365
BRT01: Sunway-Setia Jaya,BRT07: USJ 7,2023-07-04,409
BRT01: Sunway-Setia Jaya,BRT07: USJ 7,2023-07-05,414
BRT01: Sunway-Setia Jaya,BRT07: USJ 7,2023-07-06,431
BRT01: Sunway-Setia Jaya,BRT07: USJ 7,2023-07-07,379
BRT01: Sunway-Setia Jaya,BRT07: USJ 7,2023-07-08,218
BRT01: Sunway-Setia Jaya,BRT07: USJ 7,2023-07-09,125
BRT01: Sunway-Setia Jaya,BRT07: USJ 7,2023-07-10,338
BRT01: Sunway-Setia Jaya,BRT07: USJ 7,2023-07-11,377
BRT01: Sunway-Setia Jaya,BRT07: USJ 7,2023-07-12,407
BRT01: Sunway-Setia Jaya,BRT07: USJ 7,2023-07-13,417
BRT01: Sunway-Setia Jaya,BRT07: USJ 7,2023-07-14,350
BRT01: Sunway-Setia Jaya,BRT07: USJ 7,2023-07-15,181
BRT01: Sunway-Setia Jaya,BRT07: USJ 7,2023-07-16,102
BRT01: Sunway-Setia Jaya,BRT07: USJ 7,2023-07-17,385
BRT01: Sunway-Setia Jaya,BRT07: USJ 7,2023-07-18,410
BRT01: Sunway-Setia Jaya,BRT07: USJ 7,2023-07-19,182
BRT01: Sunway-Setia Jaya,BRT07: USJ 7,2023-07-20,419
BRT01: Sunway-Setia Jaya,BRT07: USJ 7,2023-07-21,392
BRT01: Sunway-Setia Jaya,BRT07: USJ 7,2023-07-22,178
BRT01: Sunway-Setia Jaya,BRT07: USJ 7,2023-07-23,99
BRT01: Sunway-Setia Jaya,BRT07: USJ 7,2023-07-24,407
BRT01: Sunway-Setia Jaya,BRT07: USJ 7,2023-07-25,456
BRT01: Sunway-Setia Jaya,BRT07: USJ 7,2023-07-26,462
BRT01: Sunway-Setia Jaya,BRT07: USJ 7,2023-07-27,425
BRT01: Sunway-Setia Jaya,BRT07: USJ 7,2023-07-28,407
BRT01: Sunway-Setia Jaya,BRT07: USJ 7,2023-07-29,234
BRT01: Sunway-Setia Jaya,BRT07: USJ 7,2023-07-30,107
BRT01: Sunway-Setia Jaya,BRT07: USJ 7,2023-07-31,414
BRT01: Sunway-Setia Jaya,BRT07: USJ 7,2023-08-01,383
BRT01: Sunway-Setia Jaya,BRT07: USJ 7,2023-08-02,391
BRT01: Sunway-Setia Jaya,BRT07: USJ 7,2023-08-03,395
BRT01: Sunway-Setia Jaya,BRT07: USJ 7,2023-08-04,359
BRT01: Sunway-Setia Jaya,BRT07: USJ 7,2023-08-05,178
BRT01: Sunway-Setia Jaya,BRT07: USJ 7,2023-08-06,144
BRT01: Sunway-Setia Jaya,BRT07: USJ 7,2023-08-07,375
BRT01: Sunway-Setia Jaya,BRT07: USJ 7,2023-08-08,414
BRT01: Sunway-Setia Jaya,BRT07: USJ 7,2023-08-09,399
BRT01: Sunway-Setia Jaya,BRT07: USJ 7,2023-08-10,397
BRT01: Sunway-Setia Jaya,BRT07: USJ 7,2023-08-11,349
BRT01: Sunway-Setia Jaya,BRT07: USJ 7,2023-08-12,135
BRT01: Sunway-Setia Jaya,BRT07: USJ 7,2023-08-13,106
BRT01: Sunway-Setia Jaya,BRT07: USJ 7,2023-08-14,182
BRT01: Sunway-Setia Jaya,BRT07: USJ 7,2023-08-15,406
BRT01: Sunway-Setia Jaya,BRT07: USJ 7,2023-08-16,426
BRT01: Sunway-Setia Jaya,BRT07: USJ 7,2023-08-17,412
BRT01: Sunway-Setia Jaya,BRT07: USJ 7,2023-08-18,391
BRT01: Sunway-Setia Jaya,BRT07: USJ 7,2023-08-19,192
BRT01: Sunway-Setia Jaya,BRT07: USJ 7,2023-08-20,116
BRT01: Sunway-Setia Jaya,BRT07: USJ 7,2023-08-21,329
BRT01: Sunway-Setia Jaya,BRT07: USJ 7,2023-08-22,316
BRT01: Sunway-Setia Jaya,BRT07: USJ 7,2023-08-23,332
BRT01: Sunway-Setia Jaya,BRT07: USJ 7,2023-08-24,339
BRT01: Sunway-Setia Jaya,BRT07: USJ 7,2023-08-25,315
BRT01: Sunway-Setia Jaya,BRT07: USJ 7,2023-08-26,159
BRT01: Sunway-Setia Jaya,BRT07: USJ 7,2023-08-27,104
BRT01: Sunway-Setia Jaya,BRT07: USJ 7,2023-08-28,304
BRT01: Sunway-Setia Jaya,BRT07: USJ 7,2023-08-29,334
BRT01: Sunway-Setia Jaya,BRT07: USJ 7,2023-08-30,310
BRT01: Sunway-Setia Jaya,BRT07: USJ 7,2023-08-31,134
BRT01: Sunway-Setia Jaya,BRT07: USJ 7,2023-09-01,253
BRT01: Sunway-Setia Jaya,BRT07: USJ 7,2023-09-02,159
BRT01: Sunway-Setia Jaya,BRT07: USJ 7,2023-09-03,89
BRT01: Sunway-Setia Jaya,BRT07: USJ 7,2023-09-04,280
BRT01: Sunway-Setia Jaya,BRT07: USJ 7,2023-09-05,337
BRT01: Sunway-Setia Jaya,BRT07: USJ 7,2023-09-06,312
BRT01: Sunway-Setia Jaya,BRT07: USJ 7,2023-09-07,311
BRT01: Sunway-Setia Jaya,BRT07: USJ 7,2023-09-08,306
BRT01: Sunway-Setia Jaya,BRT07: USJ 7,2023-09-09,157
BRT01: Sunway-Setia Jaya,BRT07: USJ 7,2023-09-10,114
BRT01: Sunway-Setia Jaya,BRT07: USJ 7,2023-09-11,292
BRT01: Sunway-Setia Jaya,BRT07: USJ 7,2023-09-12,321
BRT01: Sunway-Setia Jaya,BRT07: USJ 7,2023-09-13,321
BRT01: Sunway-Setia Jaya,BRT07: USJ 7,2023-09-14,348
BRT01: Sunway-Setia Jaya,BRT07: USJ 7,2023-09-15,290
BRT01: Sunway-Setia Jaya,BRT07: USJ 7,2023-09-16,154
BRT01: Sunway-Setia Jaya,BRT07: USJ 7,2023-09-17,137
BRT01: Sunway-Setia Jaya,BRT07: USJ 7,2023-09-18,411
BRT01: Sunway-Setia Jaya,BRT07: USJ 7,2023-09-19,460
BRT01: Sunway-Setia Jaya,BRT07: USJ 7,2023-09-20,441
BRT01: Sunway-Setia Jaya,BRT07: USJ 7,2023-09-21,535
BRT01: Sunway-Setia Jaya,BRT07: USJ 7,2023-09-22,397
BRT01: Sunway-Setia Jaya,BRT07: USJ 7,2023-09-23,210
BRT01: Sunway-Setia Jaya,BRT07: USJ 7,2023-09-24,122
BRT01: Sunway-Setia Jaya,BRT07: USJ 7,2023-09-25,434
BRT01: Sunway-Setia Jaya,BRT07: USJ 7,2023-09-26,490
BRT01: Sunway-Setia Jaya,BRT07: USJ 7,2023-09-27,466
BRT01: Sunway-Setia Jaya,BRT07: USJ 7,2023-09-28,154
BRT01: Sunway-Setia Jaya,BRT07: USJ 7,2023-09-29,356
BRT01: Sunway-Setia Jaya,BRT07: USJ 7,2023-09-30,194
BRT01: Sunway-Setia Jaya,BRT07: USJ 7,2023-10-01,135
BRT01: Sunway-Setia Jaya,BRT07: USJ 7,2023-10-02,426
BRT01: Sunway-Setia Jaya,BRT07: USJ 7,2023-10-03,454
BRT01: Sunway-Setia Jaya,BRT07: USJ 7,2023-10-04,450
BRT01: Sunway-Setia Jaya,BRT07: USJ 7,2023-10-05,479
BRT01: Sunway-Setia Jaya,BRT07: USJ 7,2023-10-06,412
BRT01: Sunway-Setia Jaya,BRT07: USJ 7,2023-10-07,254
BRT01: Sunway-Setia Jaya,BRT07: USJ 7,2023-10-08,126
BRT01: Sunway-Setia Jaya,BRT07: USJ 7,2023-10-09,444
BRT01: Sunway-Setia Jaya,BRT07: USJ 7,2023-10-10,458
BRT01: Sunway-Setia Jaya,BRT07: USJ 7,2023-10-11,491
BRT01: Sunway-Setia Jaya,BRT07: USJ 7,2023-10-12,453
BRT01: Sunway-Setia Jaya,BRT07: USJ 7,2023-10-13,438
BRT01: Sunway-Setia Jaya,BRT07: USJ 7,2023-10-14,210
BRT01: Sunway-Setia Jaya,BRT07: USJ 7,2023-10-15,121
BRT01: Sunway-Setia Jaya,BRT07: USJ 7,2023-10-16,429
BRT01: Sunway-Setia Jaya,BRT07: USJ 7,2023-10-17,515
BRT01: Sunway-Setia Jaya,BRT07: USJ 7,2023-10-18,470
BRT01: Sunway-Setia Jaya,BRT07: USJ 7,2023-10-19,511
BRT01: Sunway-Setia Jaya,BRT07: USJ 7,2023-10-20,469
BRT01: Sunway-Setia Jaya,BRT07: USJ 7,2023-10-21,216
BRT01: Sunway-Setia Jaya,BRT07: USJ 7,2023-10-22,138
BRT01: Sunway-Setia Jaya,BRT07: USJ 7,2023-10-23,462
BRT01: Sunway-Setia Jaya,BRT07: USJ 7,2023-10-24,473
BRT01: Sunway-Setia Jaya,BRT07: USJ 7,2023-10-25,484
BRT01: Sunway-Setia Jaya,BRT07: USJ 7,2023-10-26,457
BRT01: Sunway-Setia Jaya,BRT07: USJ 7,2023-10-27,385
BRT01: Sunway-Setia Jaya,BRT07: USJ 7,2023-10-28,230
BRT01: Sunway-Setia Jaya,BRT07: USJ 7,2023-10-29,114
BRT01: Sunway-Setia Jaya,BRT07: USJ 7,2023-10-30,472
BRT01: Sunway-Setia Jaya,BRT07: USJ 7,2023-10-31,486
BRT01: Sunway-Setia Jaya,BRT07: USJ 7,2023-11-01,450
BRT01: Sunway-Setia Jaya,BRT07: USJ 7,2023-11-02,446
BRT01: Sunway-Setia Jaya,BRT07: USJ 7,2023-11-03,427
BRT01: Sunway-Setia Jaya,BRT07: USJ 7,2023-11-04,214
BRT01: Sunway-Setia Jaya,BRT07: USJ 7,2023-11-05,147
BRT01: Sunway-Setia Jaya,BRT07: USJ 7,2023-11-06,393
BRT01: Sunway-Setia Jaya,BRT07: USJ 7,2023-11-07,435
BRT01: Sunway-Setia Jaya,BRT07: USJ 7,2023-11-08,407
BRT01: Sunway-Setia Jaya,BRT07: USJ 7,2023-11-09,400
BRT01: Sunway-Setia Jaya,BRT07: USJ 7,2023-11-10,355
BRT01: Sunway-Setia Jaya,BRT07: USJ 7,2023-11-11,203
BRT01: Sunway-Setia Jaya,BRT07: USJ 7,2023-11-12,168
BRT01: Sunway-Setia Jaya,BRT07: USJ 7,2023-11-13,143
BRT01: Sunway-Setia Jaya,BRT07: USJ 7,2023-11-14,398
BRT01: Sunway-Setia Jaya,BRT07: USJ 7,2023-11-15,423
BRT01: Sunway-Setia Jaya,BRT07: USJ 7,2023-11-16,459
BRT01: Sunway-Setia Jaya,BRT07: USJ 7,2023-11-17,400
BRT01: Sunway-Setia Jaya,BRT07: USJ 7,2023-11-18,226
BRT01: Sunway-Setia Jaya,BRT07: USJ 7,2023-11-19,131
BRT01: Sunway-Setia Jaya,BRT07: USJ 7,2023-11-20,454
BRT01: Sunway-Setia Jaya,BRT07: USJ 7,2023-11-21,484
BRT01: Sunway-Setia Jaya,BRT07: USJ 7,2023-11-22,510
BRT01: Sunway-Setia Jaya,BRT07: USJ 7,2023-11-23,444
BRT01: Sunway-Setia Jaya,BRT07: USJ 7,2023-11-24,401
BRT01: Sunway-Setia Jaya,BRT07: USJ 7,2023-11-25,221
BRT01: Sunway-Setia Jaya,BRT07: USJ 7,2023-11-26,108
BRT01: Sunway-Setia Jaya,BRT07: USJ 7,2023-11-27,459
BRT01: Sunway-Setia Jaya,BRT07: USJ 7,2023-11-28,448
BRT01: Sunway-Setia Jaya,BRT07: USJ 7,2023-11-29,509
BRT01: Sunway-Setia Jaya,BRT07: USJ 7,2023-11-30,425
BRT01: Sunway-Setia Jaya,BRT07: USJ 7,2023-12-01,375
BRT01: Sunway-Setia Jaya,BRT07: USJ 7,2023-12-02,247
BRT01: Sunway-Setia Jaya,BRT07: USJ 7,2023-12-03,116
BRT01: Sunway-Setia Jaya,BRT07: USJ 7,2023-12-04,407
BRT01: Sunway-Setia Jaya,BRT07: USJ 7,2023-12-05,407
BRT01: Sunway-Setia Jaya,BRT07: USJ 7,2023-12-06,450
BRT01: Sunway-Setia Jaya,BRT07: USJ 7,2023-12-07,434
BRT01: Sunway-Setia Jaya,BRT07: USJ 7,2023-12-08,440
BRT01: Sunway-Setia Jaya,BRT07: USJ 7,2023-12-09,241
BRT01: Sunway-Setia Jaya,BRT07: USJ 7,2023-12-10,143
BRT01: Sunway-Setia Jaya,BRT07: USJ 7,2023-12-11,155
BRT01: Sunway-Setia Jaya,BRT07: USJ 7,2023-12-12,431
BRT01: Sunway-Setia Jaya,BRT07: USJ 7,2023-12-13,388
BRT01: Sunway-Setia Jaya,BRT07: USJ 7,2023-12-14,415
BRT01: Sunway-Setia Jaya,BRT07: USJ 7,2023-12-15,392
BRT01: Sunway-Setia Jaya,BRT07: USJ 7,2023-12-16,219
BRT01: Sunway-Setia Jaya,BRT07: USJ 7,2023-12-17,153
BRT01: Sunway-Setia Jaya,BRT07: USJ 7,2023-12-18,314
BRT01: Sunway-Setia Jaya,BRT07: USJ 7,2023-12-19,321
BRT01: Sunway-Setia Jaya,BRT07: USJ 7,2023-12-20,328
BRT01: Sunway-Setia Jaya,BRT07: USJ 7,2023-12-21,335
BRT01: Sunway-Setia Jaya,BRT07: USJ 7,2023-12-22,286
BRT01: Sunway-Setia Jaya,BRT07: USJ 7,2023-12-23,205
BRT01: Sunway-Setia Jaya,BRT07: USJ 7,2023-12-24,148
BRT01: Sunway-Setia Jaya,BRT07: USJ 7,2023-12-25,117
BRT01: Sunway-Setia Jaya,BRT07: USJ 7,2023-12-26,250
BRT01: Sunway-Setia Jaya,BRT07: USJ 7,2023-12-27,249
BRT01: Sunway-Setia Jaya,BRT07: USJ 7,2023-12-28,229
BRT01: Sunway-Setia Jaya,BRT07: USJ 7,2023-12-29,255
BRT01: Sunway-Setia Jaya,BRT07: USJ 7,2023-12-30,155
BRT01: Sunway-Setia Jaya,BRT07: USJ 7,2023-12-31,192
BRT02: Mentari,A0: All Stations,2023-04-01,544
BRT02: Mentari,A0: All Stations,2023-04-02,606
BRT02: Mentari,A0: All Stations,2023-04-03,800
BRT02: Mentari,A0: All Stations,2023-04-04,828
BRT02: Mentari,A0: All Stations,2023-04-05,953
BRT02: Mentari,A0: All Stations,2023-04-06,840
BRT02: Mentari,A0: All Stations,2023-04-07,809
BRT02: Mentari,A0: All Stations,2023-04-08,546
BRT02: Mentari,A0: All Stations,2023-04-09,604
BRT02: Mentari,A0: All Stations,2023-04-10,752
BRT02: Mentari,A0: All Stations,2023-04-11,793
BRT02: Mentari,A0: All Stations,2023-04-12,885
BRT02: Mentari,A0: All Stations,2023-04-13,761
BRT02: Mentari,A0: All Stations,2023-04-14,777
BRT02: Mentari,A0: All Stations,2023-04-15,556
BRT02: Mentari,A0: All Stations,2023-04-16,638
BRT02: Mentari,A0: All Stations,2023-04-17,778
BRT02: Mentari,A0: All Stations,2023-04-18,812
BRT02: Mentari,A0: All Stations,2023-04-19,835
BRT02: Mentari,A0: All Stations,2023-04-20,724
BRT02: Mentari,A0: All Stations,2023-04-21,477
BRT02: Mentari,A0: All Stations,2023-04-22,508
BRT02: Mentari,A0: All Stations,2023-04-23,584
BRT02: Mentari,A0: All Stations,2023-04-24,410
BRT02: Mentari,A0: All Stations,2023-04-25,642
BRT02: Mentari,A0: All Stations,2023-04-26,682
BRT02: Mentari,A0: All Stations,2023-04-27,638
BRT02: Mentari,A0: All Stations,2023-04-28,692
BRT02: Mentari,A0: All Stations,2023-04-29,536
BRT02: Mentari,A0: All Stations,2023-04-30,575
BRT02: Mentari,A0: All Stations,2023-05-01,444
BRT02: Mentari,A0: All Stations,2023-05-02,758
BRT02: Mentari,A0: All Stations,2023-05-03,812
BRT02: Mentari,A0: All Stations,2023-05-04,543
BRT02: Mentari,A0: All Stations,2023-05-05,847
BRT02: Mentari,A0: All Stations,2023-05-06,564
BRT02: Mentari,A0: All Stations,2023-05-07,603
BRT02: Mentari,A0: All Stations,2023-05-08,776
BRT02: Mentari,A0: All Stations,2023-05-09,832
BRT02: Mentari,A0: All Stations,2023-05-10,850
BRT02: Mentari,A0: All Stations,2023-05-11,793
BRT02: Mentari,A0: All Stations,2023-05-12,817
BRT02: Mentari,A0: All Stations,2023-05-13,612
BRT02: Mentari,A0: All Stations,2023-05-14,553
BRT02: Mentari,A0: All Stations,2023-05-15,829
BRT02: Mentari,A0: All Stations,2023-05-16,813
BRT02: Mentari,A0: All Stations,2023-05-17,841
BRT02: Mentari,A0: All Stations,2023-05-18,764
BRT02: Mentari,A0: All Stations,2023-05-19,816
BRT02: Mentari,A0: All Stations,2023-05-20,560
BRT02: Mentari,A0: All Stations,2023-05-21,552
BRT02: Mentari,A0: All Stations,2023-05-22,786
BRT02: Mentari,A0: All Stations,2023-05-23,834
BRT02: Mentari,A0: All Stations,2023-05-24,849
BRT02: Mentari,A0: All Stations,2023-05-25,767
BRT02: Mentari,A0: All Stations,2023-05-26,850
BRT02: Mentari,A0: All Stations,2023-05-27,578
BRT02: Mentari,A0: All Stations,2023-05-28,612
BRT02: Mentari,A0: All Stations,2023-05-29,765
BRT02: Mentari,A0: All Stations,2023-05-30,766
BRT02: Mentari,A0: All Stations,2023-05-31,864
BRT02: Mentari,A0: All Stations,2023-06-01,784
BRT02: Mentari,A0: All Stations,2023-06-02,746
BRT02: Mentari,A0: All Stations,2023-06-03,594
BRT02: Mentari,A0: All Stations,2023-06-04,610
BRT02: Mentari,A0: All Stations,2023-06-05,430
BRT02: Mentari,A0: All Stations,2023-06-06,815
BRT02: Mentari,A0: All Stations,2023-06-07,899
BRT02: Mentari,A0: All Stations,2023-06-08,777
BRT02: Mentari,A0: All Stations,2023-06-09,784
BRT02: Mentari,A0: All Stations,2023-06-10,545
BRT02: Mentari,A0: All Stations,2023-06-11,672
BRT02: Mentari,A0: All Stations,2023-06-12,765
BRT02: Mentari,A0: All Stations,2023-06-13,807
BRT02: Mentari,A0: All Stations,2023-06-14,915
BRT02: Mentari,A0: All Stations,2023-06-15,792
BRT02: Mentari,A0: All Stations,2023-06-16,804
BRT02: Mentari,A0: All Stations,2023-06-17,560
BRT02: Mentari,A0: All Stations,2023-06-18,588
BRT02: Mentari,A0: All Stations,2023-06-19,783
BRT02: Mentari,A0: All Stations,2023-06-20,792
BRT02: Mentari,A0: All Stations,2023-06-21,828
BRT02: Mentari,A0: All Stations,2023-06-22,765
BRT02: Mentari,A0: All Stations,2023-06-23,784
BRT02: Mentari,A0: All Stations,2023-06-24,558
BRT02: Mentari,A0: All Stations,2023-06-25,573
BRT02: Mentari,A0: All Stations,2023-06-26,752
BRT02: Mentari,A0: All Stations,2023-06-27,804
BRT02: Mentari,A0: All Stations,2023-06-28,883
BRT02: Mentari,A0: All Stations,2023-06-29,559
BRT02: Mentari,A0: All Stations,2023-06-30,779
BRT02: Mentari,A0: All Stations,2023-07-01,527
BRT02: Mentari,A0: All Stations,2023-07-02,642
BRT02: Mentari,A0: All Stations,2023-07-03,760
BRT02: Mentari,A0: All Stations,2023-07-04,786
BRT02: Mentari,A0: All Stations,2023-07-05,893
BRT02: Mentari,A0: All Stations,2023-07-06,818
BRT02: Mentari,A0: All Stations,2023-07-07,838
BRT02: Mentari,A0: All Stations,2023-07-08,605
BRT02: Mentari,A0: All Stations,2023-07-09,765
BRT02: Mentari,A0: All Stations,2023-07-10,838
BRT02: Mentari,A0: All Stations,2023-07-11,826
BRT02: Mentari,A0: All Stations,2023-07-12,886
BRT02: Mentari,A0: All Stations,2023-07-13,801
BRT02: Mentari,A0: All Stations,2023-07-14,805
BRT02: Mentari,A0: All Stations,2023-07-15,637
BRT02: Mentari,A0: All Stations,2023-07-16,603
BRT02: Mentari,A0: All Stations,2023-07-17,824
BRT02: Mentari,A0: All Stations,2023-07-18,772
BRT02: Mentari,A0: All Stations,2023-07-19,581
BRT02: Mentari,A0: All Stations,2023-07-20,816
BRT02: Mentari,A0: All Stations,2023-07-21,831
BRT02: Mentari,A0: All Stations,2023-07-22,599
BRT02: Mentari,A0: All Stations,2023-07-23,604
BRT02: Mentari,A0: All Stations,2023-07-24,806
BRT02: Mentari,A0: All Stations,2023-07-25,825
BRT02: Mentari,A0: All Stations,2023-07-26,949
BRT02: Mentari,A0: All Stations,2023-07-27,783
BRT02: Mentari,A0: All Stations,2023-07-28,864
BRT02: Mentari,A0: All Stations,2023-07-29,646
BRT02: Mentari,A0: All Stations,2023-07-30,590
BRT02: Mentari,A0: All Stations,2023-07-31,850
BRT02: Mentari,A0: All Stations,2023-08-01,825
BRT02: Mentari,A0: All Stations,2023-08-02,856
BRT02: Mentari,A0: All Stations,2023-08-03,789
BRT02: Mentari,A0: All Stations,2023-08-04,855
BRT02: Mentari,A0: All Stations,2023-08-05,623
BRT02: Mentari,A0: All Stations,2023-08-06,647
BRT02: Mentari,A0: All Stations,2023-08-07,812
BRT02: Mentari,A0: All Stations,2023-08-08,814
BRT02: Mentari,A0: All Stations,2023-08-09,939
BRT02: Mentari,A0: All Stations,2023-08-10,785
BRT02: Mentari,A0: All Stations,2023-08-11,864
BRT02: Mentari,A0: All Stations,2023-08-12,566
BRT02: Mentari,A0: All Stations,2023-08-13,599
BRT02: Mentari,A0: All Stations,2023-08-14,585
BRT02: Mentari,A0: All Stations,2023-08-15,829
BRT02: Mentari,A0: All Stations,2023-08-16,848
BRT02: Mentari,A0: All Stations,2023-08-17,817
BRT02: Mentari,A0: All Stations,2023-08-18,823
BRT02: Mentari,A0: All Stations,2023-08-19,586
BRT02: Mentari,A0: All Stations,2023-08-20,558
BRT02: Mentari,A0: All Stations,2023-08-21,767
BRT02: Mentari,A0: All Stations,2023-08-22,758
BRT02: Mentari,A0: All Stations,2023-08-23,913
BRT02: Mentari,A0: All Stations,2023-08-24,785
BRT02: Mentari,A0: All Stations,2023-08-25,820
BRT02: Mentari,A0: All Stations,2023-08-26,610
BRT02: Mentari,A0: All Stations,2023-08-27,595
BRT02: Mentari,A0: All Stations,2023-08-28,832
BRT02: Mentari,A0: All Stations,2023-08-29,842
BRT02: Mentari,A0: All Stations,2023-08-30,934
BRT02: Mentari,A0: All Stations,2023-08-31,575
BRT02: Mentari,A0: All Stations,2023-09-01,794
BRT02: Mentari,A0: All Stations,2023-09-02,577
BRT02: Mentari,A0: All Stations,2023-09-03,607
BRT02: Mentari,A0: All Stations,2023-09-04,768
BRT02: Mentari,A0: All Stations,2023-09-05,793
BRT02: Mentari,A0: All Stations,2023-09-06,992
BRT02: Mentari,A0: All Stations,2023-09-07,864
BRT02: Mentari,A0: All Stations,2023-09-08,833
BRT02: Mentari,A0: All Stations,2023-09-09,624
BRT02: Mentari,A0: All Stations,2023-09-10,676
BRT02: Mentari,A0: All Stations,2023-09-11,840
BRT02: Mentari,A0: All Stations,2023-09-12,849
BRT02: Mentari,A0: All Stations,2023-09-13,945
BRT02: Mentari,A0: All Stations,2023-09-14,859
BRT02: Mentari,A0: All Stations,2023-09-15,875
BRT02: Mentari,A0: All Stations,2023-09-16,593
BRT02: Mentari,A0: All Stations,2023-09-17,579
BRT02: Mentari,A0: All Stations,2023-09-18,803
BRT02: Mentari,A0: All Stations,2023-09-19,854
BRT02: Mentari,A0: All Stations,2023-09-20,918
BRT02: Mentari,A0: All Stations,2023-09-21,894
BRT02: Mentari,A0: All Stations,2023-09-22,897
BRT02: Mentari,A0: All Stations,2023-09-23,578
BRT02: Mentari,A0: All Stations,2023-09-24,655
BRT02: Mentari,A0: All Stations,2023-09-25,840
BRT02: Mentari,A0: All Stations,2023-09-26,852
BRT02: Mentari,A0: All Stations,2023-09-27,973
BRT02: Mentari,A0: All Stations,2023-09-28,596
BRT02: Mentari,A0: All Stations,2023-09-29,872
BRT02: Mentari,A0: All Stations,2023-09-30,643
BRT02: Mentari,A0: All Stations,2023-10-01,679
BRT02: Mentari,A0: All Stations,2023-10-02,867
BRT02: Mentari,A0: All Stations,2023-10-03,900
BRT02: Mentari,A0: All Stations,2023-10-04,1049
BRT02: Mentari,A0: All Stations,2023-10-05,862
BRT02: Mentari,A0: All Stations,2023-10-06,955
BRT02: Mentari,A0: All Stations,2023-10-07,727
BRT02: Mentari,A0: All Stations,2023-10-08,720
BRT02: Mentari,A0: All Stations,2023-10-09,894
BRT02: Mentari,A0: All Stations,2023-10-10,869
BRT02: Mentari,A0: All Stations,2023-10-11,1059
BRT02: Mentari,A0: All Stations,2023-10-12,905
BRT02: Mentari,A0: All Stations,2023-10-13,974
BRT02: Mentari,A0: All Stations,2023-10-14,673
BRT02: Mentari,A0: All Stations,2023-10-15,735
BRT02: Mentari,A0: All Stations,2023-10-16,860
BRT02: Mentari,A0: All Stations,2023-10-17,844
BRT02: Mentari,A0: All Stations,2023-10-18,913
BRT02: Mentari,A0: All Stations,2023-10-19,839
BRT02: Mentari,A0: All Stations,2023-10-20,979
BRT02: Mentari,A0: All Stations,2023-10-21,685
BRT02: Mentari,A0: All Stations,2023-10-22,662
BRT02: Mentari,A0: All Stations,2023-10-23,837
BRT02: Mentari,A0: All Stations,2023-10-24,844
BRT02: Mentari,A0: All Stations,2023-10-25,1021
BRT02: Mentari,A0: All Stations,2023-10-26,871
BRT02: Mentari,A0: All Stations,2023-10-27,932
BRT02: Mentari,A0: All Stations,2023-10-28,636
BRT02: Mentari,A0: All Stations,2023-10-29,665
BRT02: Mentari,A0: All Stations,2023-10-30,870
BRT02: Mentari,A0: All Stations,2023-10-31,813
BRT02: Mentari,A0: All Stations,2023-11-01,957
BRT02: Mentari,A0: All Stations,2023-11-02,871
BRT02: Mentari,A0: All Stations,2023-11-03,830
BRT02: Mentari,A0: All Stations,2023-11-04,694
BRT02: Mentari,A0: All Stations,2023-11-05,623
BRT02: Mentari,A0: All Stations,2023-11-06,817
BRT02: Mentari,A0: All Stations,2023-11-07,851
BRT02: Mentari,A0: All Stations,2023-11-08,1014
BRT02: Mentari,A0: All Stations,2023-11-09,898
BRT02: Mentari,A0: All Stations,2023-11-10,879
BRT02: Mentari,A0: All Stations,2023-11-11,703
BRT02: Mentari,A0: All Stations,2023-11-12,918
BRT02: Mentari,A0: All Stations,2023-11-13,524
BRT02: Mentari,A0: All Stations,2023-11-14,807
BRT02: Mentari,A0: All Stations,2023-11-15,935
BRT02: Mentari,A0: All Stations,2023-11-16,892
BRT02: Mentari,A0: All Stations,2023-11-17,832
BRT02: Mentari,A0: All Stations,2023-11-18,669
BRT02: Mentari,A0: All Stations,2023-11-19,700
BRT02: Mentari,A0: All Stations,2023-11-20,792
BRT02: Mentari,A0: All Stations,2023-11-21,803
BRT02: Mentari,A0: All Stations,2023-11-22,976
BRT02: Mentari,A0: All Stations,2023-11-23,830
BRT02: Mentari,A0: All Stations,2023-11-24,897
BRT02: Mentari,A0: All Stations,2023-11-25,498
BRT02: Mentari,A0: All Stations,2023-11-26,602
BRT02: Mentari,A0: All Stations,2023-11-27,859
BRT02: Mentari,A0: All Stations,2023-11-28,808
BRT02: Mentari,A0: All Stations,2023-11-29,936
BRT02: Mentari,A0: All Stations,2023-11-30,829
BRT02: Mentari,A0: All Stations,2023-12-01,864
BRT02: Mentari,A0: All Stations,2023-12-02,656
BRT02: Mentari,A0: All Stations,2023-12-03,643
BRT02: Mentari,A0: All Stations,2023-12-04,855
BRT02: Mentari,A0: All Stations,2023-12-05,835
BRT02: Mentari,A0: All Stations,2023-12-06,890
BRT02: Mentari,A0: All Stations,2023-12-07,879
BRT02: Mentari,A0: All Stations,2023-12-08,946
BRT02: Mentari,A0: All Stations,2023-12-09,658
BRT02: Mentari,A0: All Stations,2023-12-10,731
BRT02: Mentari,A0: All Stations,2023-12-11,538
BRT02: Mentari,A0: All Stations,2023-12-12,808
BRT02: Mentari,A0: All Stations,2023-12-13,926
BRT02: Mentari,A0: All Stations,2023-12-14,724
BRT02: Mentari,A0: All Stations,2023-12-15,819
BRT02: Mentari,A0: All Stations,2023-12-16,590
BRT02: Mentari,A0: All Stations,2023-12-17,697
BRT02: Mentari,A0: All Stations,2023-12-18,761
BRT02: Mentari,A0: All Stations,2023-12-19,783
BRT02: Mentari,A0: All Stations,2023-12-20,925
BRT02: Mentari,A0: All Stations,2023-12-21,737
BRT02: Mentari,A0: All Stations,2023-12-22,742
BRT02: Mentari,A0: All Stations,2023-12-23,597
BRT02: Mentari,A0: All Stations,2023-12-24,761
BRT02: Mentari,A0: All Stations,2023-12-25,578
BRT02: Mentari,A0: All Stations,2023-12-26,715
BRT02: Mentari,A0: All Stations,2023-12-27,798
BRT02: Mentari,A0: All Stations,2023-12-28,660
BRT02: Mentari,A0: All Stations,2023-12-29,723
BRT02: Mentari,A0: All Stations,2023-12-30,623
BRT02: Mentari,A0: All Stations,2023-12-31,824
BRT02: Mentari,BRT01: Sunway-Setia Jaya,2023-04-01,32
BRT02: Mentari,BRT01: Sunway-Setia Jaya,2023-04-02,20
BRT02: Mentari,BRT01: Sunway-Setia Jaya,2023-04-03,81
BRT02: Mentari,BRT01: Sunway-Setia Jaya,2023-04-04,80
BRT02: Mentari,BRT01: Sunway-Setia Jaya,2023-04-05,74
BRT02: Mentari,BRT01: Sunway-Setia Jaya,2023-04-06,76
BRT02: Mentari,BRT01: Sunway-Setia Jaya,2023-04-07,70
BRT02: Mentari,BRT01: Sunway-Setia Jaya,2023-04-08,38
BRT02: Mentari,BRT01: Sunway-Setia Jaya,2023-04-09,19
BRT02: Mentari,BRT01: Sunway-Setia Jaya,2023-04-10,76
BRT02: Mentari,BRT01: Sunway-Setia Jaya,2023-04-11,68
BRT02: Mentari,BRT01: Sunway-Setia Jaya,2023-04-12,79
BRT02: Mentari,BRT01: Sunway-Setia Jaya,2023-04-13,63
BRT02: Mentari,BRT01: Sunway-Setia Jaya,2023-04-14,66
BRT02: Mentari,BRT01: Sunway-Setia Jaya,2023-04-15,31
BRT02: Mentari,BRT01: Sunway-Setia Jaya,2023-04-16,35
BRT02: Mentari,BRT01: Sunway-Setia Jaya,2023-04-17,54
BRT02: Mentari,BRT01: Sunway-Setia Jaya,2023-04-18,70
BRT02: Mentari,BRT01: Sunway-Setia Jaya,2023-04-19,70
BRT02: Mentari,BRT01: Sunway-Setia Jaya,2023-04-20,56
BRT02: Mentari,BRT01: Sunway-Setia Jaya,2023-04-21,25
BRT02: Mentari,BRT01: Sunway-Setia Jaya,2023-04-22,29
BRT02: Mentari,BRT01: Sunway-Setia Jaya,2023-04-23,32
BRT02: Mentari,BRT01: Sunway-Setia Jaya,2023-04-24,27
BRT02: Mentari,BRT01: Sunway-Setia Jaya,2023-04-25,48
BRT02: Mentari,BRT01: Sunway-Setia Jaya,2023-04-26,74
BRT02: Mentari,BRT01: Sunway-Setia Jaya,2023-04-27,43
BRT02: Mentari,BRT01: Sunway-Setia Jaya,2023-04-28,70
BRT02: Mentari,BRT01: Sunway-Setia Jaya,2023-04-29,34
BRT02: Mentari,BRT01: Sunway-Setia Jaya,2023-04-30,19
BRT02: Mentari,BRT01: Sunway-Setia Jaya,2023-05-01,24
BRT02: Mentari,BRT01: Sunway-Setia Jaya,2023-05-02,75
BRT02: Mentari,BRT01: Sunway-Setia Jaya,2023-05-03,60
BRT02: Mentari,BRT01: Sunway-Setia Jaya,2023-05-04,38
BRT02: Mentari,BRT01: Sunway-Setia Jaya,2023-05-05,91
BRT02: Mentari,BRT01: Sunway-Setia Jaya,2023-05-06,32
BRT02: Mentari,BRT01: Sunway-Setia Jaya,2023-05-07,29
BRT02: Mentari,BRT01: Sunway-Setia Jaya,2023-05-08,76
BRT02: Mentari,BRT01: Sunway-Setia Jaya,2023-05-09,83
BRT02: Mentari,BRT01: Sunway-Setia Jaya,2023-05-10,64
BRT02: Mentari,BRT01: Sunway-Setia Jaya,2023-05-11,65
BRT02: Mentari,BRT01: Sunway-Setia Jaya,2023-05-12,69
BRT02: Mentari,BRT01: Sunway-Setia Jaya,2023-05-13,37
BRT02: Mentari,BRT01: Sunway-Setia Jaya,2023-05-14,24
BRT02: Mentari,BRT01: Sunway-Setia Jaya,2023-05-15,74
BRT02: Mentari,BRT01: Sunway-Setia Jaya,2023-05-16,78
BRT02: Mentari,BRT01: Sunway-Setia Jaya,2023-05-17,66
BRT02: Mentari,BRT01: Sunway-Setia Jaya,2023-05-18,68
BRT02: Mentari,BRT01: Sunway-Setia Jaya,2023-05-19,62
BRT02: Mentari,BRT01: Sunway-Setia Jaya,2023-05-20,42
BRT02: Mentari,BRT01: Sunway-Setia Jaya,2023-05-21,26
BRT02: Mentari,BRT01: Sunway-Setia Jaya,2023-05-22,75
BRT02: Mentari,BRT01: Sunway-Setia Jaya,2023-05-23,82
BRT02: Mentari,BRT01: Sunway-Setia Jaya,2023-05-24,70
BRT02: Mentari,BRT01: Sunway-Setia Jaya,2023-05-25,62
BRT02: Mentari,BRT01: Sunway-Setia Jaya,2023-05-26,89
BRT02: Mentari,BRT01: Sunway-Setia Jaya,2023-05-27,33
BRT02: Mentari,BRT01: Sunway-Setia Jaya,2023-05-28,39
BRT02: Mentari,BRT01: Sunway-Setia Jaya,2023-05-29,76
BRT02: Mentari,BRT01: Sunway-Setia Jaya,2023-05-30,77
BRT02: Mentari,BRT01: Sunway-Setia Jaya,2023-05-31,85
BRT02: Mentari,BRT01: Sunway-Setia Jaya,2023-06-01,83
BRT02: Mentari,BRT01: Sunway-Setia Jaya,2023-06-02,86
BRT02: Mentari,BRT01: Sunway-Setia Jaya,2023-06-03,45
BRT02: Mentari,BRT01: Sunway-Setia Jaya,2023-06-04,36
BRT02: Mentari,BRT01: Sunway-Setia Jaya,2023-06-05,27
BRT02: Mentari,BRT01: Sunway-Setia Jaya,2023-06-06,69
BRT02: Mentari,BRT01: Sunway-Setia Jaya,2023-06-07,90
BRT02: Mentari,BRT01: Sunway-Setia Jaya,2023-06-08,75
BRT02: Mentari,BRT01: Sunway-Setia Jaya,2023-06-09,80
BRT02: Mentari,BRT01: Sunway-Setia Jaya,2023-06-10,29
BRT02: Mentari,BRT01: Sunway-Setia Jaya,2023-06-11,27
BRT02: Mentari,BRT01: Sunway-Setia Jaya,2023-06-12,70
BRT02: Mentari,BRT01: Sunway-Setia Jaya,2023-06-13,68
BRT02: Mentari,BRT01: Sunway-Setia Jaya,2023-06-14,93
BRT02: Mentari,BRT01: Sunway-Setia Jaya,2023-06-15,69
BRT02: Mentari,BRT01: Sunway-Setia Jaya,2023-06-16,87
BRT02: Mentari,BRT01: Sunway-Setia Jaya,2023-06-17,30
BRT02: Mentari,BRT01: Sunway-Setia Jaya,2023-06-18,32
BRT02: Mentari,BRT01: Sunway-Setia Jaya,2023-06-19,75
BRT02: Mentari,BRT01: Sunway-Setia Jaya,2023-06-20,87
BRT02: Mentari,BRT01: Sunway-Setia Jaya,2023-06-21,74
BRT02: Mentari,BRT01: Sunway-Setia Jaya,2023-06-22,61
BRT02: Mentari,BRT01: Sunway-Setia Jaya,2023-06-23,90
BRT02: Mentari,BRT01: Sunway-Setia Jaya,2023-06-24,45
BRT02: Mentari,BRT01: Sunway-Setia Jaya,2023-06-25,34
BRT02: Mentari,BRT01: Sunway-Setia Jaya,2023-06-26,81
BRT02: Mentari,BRT01: Sunway-Setia Jaya,2023-06-27,75
BRT02: Mentari,BRT01: Sunway-Setia Jaya,2023-06-28,68
BRT02: Mentari,BRT01: Sunway-Setia Jaya,2023-06-29,38
BRT02: Mentari,BRT01: Sunway-Setia Jaya,2023-06-30,52
BRT02: Mentari,BRT01: Sunway-Setia Jaya,2023-07-01,44
BRT02: Mentari,BRT01: Sunway-Setia Jaya,2023-07-02,40
BRT02: Mentari,BRT01: Sunway-Setia Jaya,2023-07-03,71
BRT02: Mentari,BRT01: Sunway-Setia Jaya,2023-07-04,90
BRT02: Mentari,BRT01: Sunway-Setia Jaya,2023-07-05,77
BRT02: Mentari,BRT01: Sunway-Setia Jaya,2023-07-06,105
BRT02: Mentari,BRT01: Sunway-Setia Jaya,2023-07-07,76
BRT02: Mentari,BRT01: Sunway-Setia Jaya,2023-07-08,46
BRT02: Mentari,BRT01: Sunway-Setia Jaya,2023-07-09,46
BRT02: Mentari,BRT01: Sunway-Setia Jaya,2023-07-10,91
BRT02: Mentari,BRT01: Sunway-Setia Jaya,2023-07-11,88
BRT02: Mentari,BRT01: Sunway-Setia Jaya,2023-07-12,98
BRT02: Mentari,BRT01: Sunway-Setia Jaya,2023-07-13,67
BRT02: Mentari,BRT01: Sunway-Setia Jaya,2023-07-14,74
BRT02: Mentari,BRT01: Sunway-Setia Jaya,2023-07-15,50
BRT02: Mentari,BRT01: Sunway-Setia Jaya,2023-07-16,34
BRT02: Mentari,BRT01: Sunway-Setia Jaya,2023-07-17,81
BRT02: Mentari,BRT01: Sunway-Setia Jaya,2023-07-18,62
BRT02: Mentari,BRT01: Sunway-Setia Jaya,2023-07-19,54
BRT02: Mentari,BRT01: Sunway-Setia Jaya,2023-07-20,75
BRT02: Mentari,BRT01: Sunway-Setia Jaya,2023-07-21,76
BRT02: Mentari,BRT01: Sunway-Setia Jaya,2023-07-22,50
BRT02: Mentari,BRT01: Sunway-Setia Jaya,2023-07-23,32
BRT02: Mentari,BRT01: Sunway-Setia Jaya,2023-07-24,72
BRT02: Mentari,BRT01: Sunway-Setia Jaya,2023-07-25,51
BRT02: Mentari,BRT01: Sunway-Setia Jaya,2023-07-26,76
BRT02: Mentari,BRT01: Sunway-Setia Jaya,2023-07-27,51
BRT02: Mentari,BRT01: Sunway-Setia Jaya,2023-07-28,85
BRT02: Mentari,BRT01: Sunway-Setia Jaya,2023-07-29,62
BRT02: Mentari,BRT01: Sunway-Setia Jaya,2023-07-30,34
BRT02: Mentari,BRT01: Sunway-Setia Jaya,2023-07-31,71
BRT02: Mentari,BRT01: Sunway-Setia Jaya,2023-08-01,72
BRT02: Mentari,BRT01: Sunway-Setia Jaya,2023-08-02,80
BRT02: Mentari,BRT01: Sunway-Setia Jaya,2023-08-03,72
BRT02: Mentari,BRT01: Sunway-Setia Jaya,2023-08-04,91
BRT02: Mentari,BRT01: Sunway-Setia Jaya,2023-08-05,38
BRT02: Mentari,BRT01: Sunway-Setia Jaya,2023-08-06,34
BRT02: Mentari,BRT01: Sunway-Setia Jaya,2023-08-07,79
BRT02: Mentari,BRT01: Sunway-Setia Jaya,2023-08-08,70
BRT02: Mentari,BRT01: Sunway-Setia Jaya,2023-08-09,79
BRT02: Mentari,BRT01: Sunway-Setia Jaya,2023-08-10,55
BRT02: Mentari,BRT01: Sunway-Setia Jaya,2023-08-11,83
BRT02: Mentari,BRT01: Sunway-Setia Jaya,2023-08-12,39
BRT02: Mentari,BRT01: Sunway-Setia Jaya,2023-08-13,20
BRT02: Mentari,BRT01: Sunway-Setia Jaya,2023-08-14,59
BRT02: Mentari,BRT01: Sunway-Setia Jaya,2023-08-15,72
BRT02: Mentari,BRT01: Sunway-Setia Jaya,2023-08-16,78
BRT02: Mentari,BRT01: Sunway-Setia Jaya,2023-08-17,72
BRT02: Mentari,BRT01: Sunway-Setia Jaya,2023-08-18,77
BRT02: Mentari,BRT01: Sunway-Setia Jaya,2023-08-19,43
BRT02: Mentari,BRT01: Sunway-Setia Jaya,2023-08-20,27
BRT02: Mentari,BRT01: Sunway-Setia Jaya,2023-08-21,67
BRT02: Mentari,BRT01: Sunway-Setia Jaya,2023-08-22,53
BRT02: Mentari,BRT01: Sunway-Setia Jaya,2023-08-23,83
BRT02: Mentari,BRT01: Sunway-Setia Jaya,2023-08-24,59
BRT02: Mentari,BRT01: Sunway-Setia Jaya,2023-08-25,70
BRT02: Mentari,BRT01: Sunway-Setia Jaya,2023-08-26,48
BRT02: Mentari,BRT01: Sunway-Setia Jaya,2023-08-27,36
BRT02: Mentari,BRT01: Sunway-Setia Jaya,2023-08-28,69
BRT02: Mentari,BRT01: Sunway-Setia Jaya,2023-08-29,61
BRT02: Mentari,BRT01: Sunway-Setia Jaya,2023-08-30,79
BRT02: Mentari,BRT01: Sunway-Setia Jaya,2023-08-31,28
BRT02: Mentari,BRT01: Sunway-Setia Jaya,2023-09-01,58
BRT02: Mentari,BRT01: Sunway-Setia Jaya,2023-09-02,37
BRT02: Mentari,BRT01: Sunway-Setia Jaya,2023-09-03,31
BRT02: Mentari,BRT01: Sunway-Setia Jaya,2023-09-04,64
BRT02: Mentari,BRT01: Sunway-Setia Jaya,2023-09-05,68
BRT02: Mentari,BRT01: Sunway-Setia Jaya,2023-09-06,91
BRT02: Mentari,BRT01: Sunway-Setia Jaya,2023-09-07,78
BRT02: Mentari,BRT01: Sunway-Setia Jaya,2023-09-08,76
BRT02: Mentari,BRT01: Sunway-Setia Jaya,2023-09-09,30
BRT02: Mentari,BRT01: Sunway-Setia Jaya,2023-09-10,34
BRT02: Mentari,BRT01: Sunway-Setia Jaya,2023-09-11,68
BRT02: Mentari,BRT01: Sunway-Setia Jaya,2023-09-12,74
BRT02: Mentari,BRT01: Sunway-Setia Jaya,2023-09-13,97
BRT02: Mentari,BRT01: Sunway-Setia Jaya,2023-09-14,66
BRT02: Mentari,BRT01: Sunway-Setia Jaya,2023-09-15,54
BRT02: Mentari,BRT01: Sunway-Setia Jaya,2023-09-16,43
BRT02: Mentari,BRT01: Sunway-Setia Jaya,2023-09-17,39
BRT02: Mentari,BRT01: Sunway-Setia Jaya,2023-09-18,61
BRT02: Mentari,BRT01: Sunway-Setia Jaya,2023-09-19,73
BRT02: Mentari,BRT01: Sunway-Setia Jaya,2023-09-20,74
BRT02: Mentari,BRT01: Sunway-Setia Jaya,2023-09-21,51
BRT02: Mentari,BRT01: Sunway-Setia Jaya,2023-09-22,69
BRT02: Mentari,BRT01: Sunway-Setia Jaya,2023-09-23,26
BRT02: Mentari,BRT01: Sunway-Setia Jaya,2023-09-24,44
BRT02: Mentari,BRT01: Sunway-Setia Jaya,2023-09-25,86
BRT02: Mentari,BRT01: Sunway-Setia Jaya,2023-09-26,65
BRT02: Mentari,BRT01: Sunway-Setia Jaya,2023-09-27,83
BRT02: Mentari,BRT01: Sunway-Setia Jaya,2023-09-28,46
BRT02: Mentari,BRT01: Sunway-Setia Jaya,2023-09-29,62
BRT02: Mentari,BRT01: Sunway-Setia Jaya,2023-09-30,40
BRT02: Mentari,BRT01: Sunway-Setia Jaya,2023-10-01,32
BRT02: Mentari,BRT01: Sunway-Setia Jaya,2023-10-02,69
BRT02: Mentari,BRT01: Sunway-Setia Jaya,2023-10-03,70
BRT02: Mentari,BRT01: Sunway-Setia Jaya,2023-10-04,96
BRT02: Mentari,BRT01: Sunway-Setia Jaya,2023-10-05,79
BRT02: Mentari,BRT01: Sunway-Setia Jaya,2023-10-06,77
BRT02: Mentari,BRT01: Sunway-Setia Jaya,2023-10-07,51
BRT02: Mentari,BRT01: Sunway-Setia Jaya,2023-10-08,41
BRT02: Mentari,BRT01: Sunway-Setia Jaya,2023-10-09,57
BRT02: Mentari,BRT01: Sunway-Setia Jaya,2023-10-10,56
BRT02: Mentari,BRT01: Sunway-Setia Jaya,2023-10-11,97
BRT02: Mentari,BRT01: Sunway-Setia Jaya,2023-10-12,70
BRT02: Mentari,BRT01: Sunway-Setia Jaya,2023-10-13,89
BRT02: Mentari,BRT01: Sunway-Setia Jaya,2023-10-14,41
BRT02: Mentari,BRT01: Sunway-Setia Jaya,2023-10-15,28
BRT02: Mentari,BRT01: Sunway-Setia Jaya,2023-10-16,78
BRT02: Mentari,BRT01: Sunway-Setia Jaya,2023-10-17,54
BRT02: Mentari,BRT01: Sunway-Setia Jaya,2023-10-18,68
BRT02: Mentari,BRT01: Sunway-Setia Jaya,2023-10-19,66
BRT02: Mentari,BRT01: Sunway-Setia Jaya,2023-10-20,85
BRT02: Mentari,BRT01: Sunway-Setia Jaya,2023-10-21,52
BRT02: Mentari,BRT01: Sunway-Setia Jaya,2023-10-22,29
BRT02: Mentari,BRT01: Sunway-Setia Jaya,2023-10-23,80
BRT02: Mentari,BRT01: Sunway-Setia Jaya,2023-10-24,62
BRT02: Mentari,BRT01: Sunway-Setia Jaya,2023-10-25,80
BRT02: Mentari,BRT01: Sunway-Setia Jaya,2023-10-26,68
BRT02: Mentari,BRT01: Sunway-Setia Jaya,2023-10-27,88
BRT02: Mentari,BRT01: Sunway-Setia Jaya,2023-10-28,36
BRT02: Mentari,BRT01: Sunway-Setia Jaya,2023-10-29,32
BRT02: Mentari,BRT01: Sunway-Setia Jaya,2023-10-30,83
BRT02: Mentari,BRT01: Sunway-Setia Jaya,2023-10-31,64
BRT02: Mentari,BRT01: Sunway-Setia Jaya,2023-11-01,96
BRT02: Mentari,BRT01: Sunway-Setia Jaya,2023-11-02,64
BRT02: Mentari,BRT01: Sunway-Setia Jaya,2023-11-03,54
BRT02: Mentari,BRT01: Sunway-Setia Jaya,2023-11-04,50
BRT02: Mentari,BRT01: Sunway-Setia Jaya,2023-11-05,33
BRT02: Mentari,BRT01: Sunway-Setia Jaya,2023-11-06,77
BRT02: Mentari,BRT01: Sunway-Setia Jaya,2023-11-07,66
BRT02: Mentari,BRT01: Sunway-Setia Jaya,2023-11-08,100
BRT02: Mentari,BRT01: Sunway-Setia Jaya,2023-11-09,77
BRT02: Mentari,BRT01: Sunway-Setia Jaya,2023-11-10,65
BRT02: Mentari,BRT01: Sunway-Setia Jaya,2023-11-11,55
BRT02: Mentari,BRT01: Sunway-Setia Jaya,2023-11-12,36
BRT02: Mentari,BRT01: Sunway-Setia Jaya,2023-11-13,34
BRT02: Mentari,BRT01: Sunway-Setia Jaya,2023-11-14,61
BRT02: Mentari,BRT01: Sunway-Setia Jaya,2023-11-15,76
BRT02: Mentari,BRT01: Sunway-Setia Jaya,2023-11-16,61
BRT02: Mentari,BRT01: Sunway-Setia Jaya,2023-11-17,67
BRT02: Mentari,BRT01: Sunway-Setia Jaya,2023-11-18,44
BRT02: Mentari,BRT01: Sunway-Setia Jaya,2023-11-19,39
BRT02: Mentari,BRT01: Sunway-Setia Jaya,2023-11-20,57
BRT02: Mentari,BRT01: Sunway-Setia Jaya,2023-11-21,58
BRT02: Mentari,BRT01: Sunway-Setia Jaya,2023-11-22,101
BRT02: Mentari,BRT01: Sunway-Setia Jaya,2023-11-23,62
BRT02: Mentari,BRT01: Sunway-Setia Jaya,2023-11-24,75
BRT02: Mentari,BRT01: Sunway-Setia Jaya,2023-11-25,30
BRT02: Mentari,BRT01: Sunway-Setia Jaya,2023-11-26,26
BRT02: Mentari,BRT01: Sunway-Setia Jaya,2023-11-27,74
BRT02: Mentari,BRT01: Sunway-Setia Jaya,2023-11-28,69
BRT02: Mentari,BRT01: Sunway-Setia Jaya,2023-11-29,86
BRT02: Mentari,BRT01: Sunway-Setia Jaya,2023-11-30,69
BRT02: Mentari,BRT01: Sunway-Setia Jaya,2023-12-01,73
BRT02: Mentari,BRT01: Sunway-Setia Jaya,2023-12-02,51
BRT02: Mentari,BRT01: Sunway-Setia Jaya,2023-12-03,19
BRT02: Mentari,BRT01: Sunway-Setia Jaya,2023-12-04,65
BRT02: Mentari,BRT01: Sunway-Setia Jaya,2023-12-05,67
BRT02: Mentari,BRT01: Sunway-Setia Jaya,2023-12-06,97
BRT02: Mentari,BRT01: Sunway-Setia Jaya,2023-12-07,61
BRT02: Mentari,BRT01: Sunway-Setia Jaya,2023-12-08,83
BRT02: Mentari,BRT01: Sunway-Setia Jaya,2023-12-09,40
BRT02: Mentari,BRT01: Sunway-Setia Jaya,2023-12-10,22
BRT02: Mentari,BRT01: Sunway-Setia Jaya,2023-12-11,30
BRT02: Mentari,BRT01: Sunway-Setia Jaya,2023-12-12,77
BRT02: Mentari,BRT01: Sunway-Setia Jaya,2023-12-13,95
BRT02: Mentari,BRT01: Sunway-Setia Jaya,2023-12-14,56
BRT02: Mentari,BRT01: Sunway-Setia Jaya,2023-12-15,71
BRT02: Mentari,BRT01: Sunway-Setia Jaya,2023-12-16,42
BRT02: Mentari,BRT01: Sunway-Setia Jaya,2023-12-17,24
BRT02: Mentari,BRT01: Sunway-Setia Jaya,2023-12-18,62
BRT02: Mentari,BRT01: Sunway-Setia Jaya,2023-12-19,64
BRT02: Mentari,BRT01: Sunway-Setia Jaya,2023-12-20,82
BRT02: Mentari,BRT01: Sunway-Setia Jaya,2023-12-21,61
BRT02: Mentari,BRT01: Sunway-Setia Jaya,2023-12-22,58
BRT02: Mentari,BRT01: Sunway-Setia Jaya,2023-12-23,41
BRT02: Mentari,BRT01: Sunway-Setia Jaya,2023-12-24,23
BRT02: Mentari,BRT01: Sunway-Setia Jaya,2023-12-25,36
BRT02: Mentari,BRT01: Sunway-Setia Jaya,2023-12-26,61
BRT02: Mentari,BRT01: Sunway-Setia Jaya,2023-12-27,72
BRT02: Mentari,BRT01: Sunway-Setia Jaya,2023-12-28,42
BRT02: Mentari,BRT01: Sunway-Setia Jaya,2023-12-29,59
BRT02: Mentari,BRT01: Sunway-Setia Jaya,2023-12-30,43
BRT02: Mentari,BRT01: Sunway-Setia Jaya,2023-12-31,51
BRT02: Mentari,BRT02: Mentari,2023-04-01,24
BRT02: Mentari,BRT02: Mentari,2023-04-02,20
BRT02: Mentari,BRT02: Mentari,2023-04-03,13
BRT02: Mentari,BRT02: Mentari,2023-04-04,15
BRT02: Mentari,BRT02: Mentari,2023-04-05,25
BRT02: Mentari,BRT02: Mentari,2023-04-06,31
BRT02: Mentari,BRT02: Mentari,2023-04-07,11
BRT02: Mentari,BRT02: Mentari,2023-04-08,28
BRT02: Mentari,BRT02: Mentari,2023-04-09,13
BRT02: Mentari,BRT02: Mentari,2023-04-10,12
BRT02: Mentari,BRT02: Mentari,2023-04-11,16
BRT02: Mentari,BRT02: Mentari,2023-04-12,23
BRT02: Mentari,BRT02: Mentari,2023-04-13,14
BRT02: Mentari,BRT02: Mentari,2023-04-14,14
BRT02: Mentari,BRT02: Mentari,2023-04-15,6
BRT02: Mentari,BRT02: Mentari,2023-04-16,31
BRT02: Mentari,BRT02: Mentari,2023-04-17,11
BRT02: Mentari,BRT02: Mentari,2023-04-18,10
BRT02: Mentari,BRT02: Mentari,2023-04-19,18
BRT02: Mentari,BRT02: Mentari,2023-04-20,14
BRT02: Mentari,BRT02: Mentari,2023-04-21,12
BRT02: Mentari,BRT02: Mentari,2023-04-22,27
BRT02: Mentari,BRT02: Mentari,2023-04-23,32
BRT02: Mentari,BRT02: Mentari,2023-04-24,6
BRT02: Mentari,BRT02: Mentari,2023-04-25,44
BRT02: Mentari,BRT02: Mentari,2023-04-26,21
BRT02: Mentari,BRT02: Mentari,2023-04-27,32
BRT02: Mentari,BRT02: Mentari,2023-04-28,37
BRT02: Mentari,BRT02: Mentari,2023-04-29,12
BRT02: Mentari,BRT02: Mentari,2023-04-30,13
BRT02: Mentari,BRT02: Mentari,2023-05-01,27
BRT02: Mentari,BRT02: Mentari,2023-05-02,20
BRT02: Mentari,BRT02: Mentari,2023-05-03,16
BRT02: Mentari,BRT02: Mentari,2023-05-04,36
BRT02: Mentari,BRT02: Mentari,2023-05-05,16
BRT02: Mentari,BRT02: Mentari,2023-05-06,18
BRT02: Mentari,BRT02: Mentari,2023-05-07,22
BRT02: Mentari,BRT02: Mentari,2023-05-08,21
BRT02: Mentari,BRT02: Mentari,2023-05-09,24
BRT02: Mentari,BRT02: Mentari,2023-05-10,19
BRT02: Mentari,BRT02: Mentari,2023-05-11,19
BRT02: Mentari,BRT02: Mentari,2023-05-12,23
BRT02: Mentari,BRT02: Mentari,2023-05-13,35
BRT02: Mentari,BRT02: Mentari,2023-05-14,25
BRT02: Mentari,BRT02: Mentari,2023-05-15,34
BRT02: Mentari,BRT02: Mentari,2023-05-16,24
BRT02: Mentari,BRT02: Mentari,2023-05-17,6
BRT02: Mentari,BRT02: Mentari,2023-05-18,18
BRT02: Mentari,BRT02: Mentari,2023-05-19,37
BRT02: Mentari,BRT02: Mentari,2023-05-20,17
BRT02: Mentari,BRT02: Mentari,2023-05-21,24
BRT02: Mentari,BRT02: Mentari,2023-05-22,29
BRT02: Mentari,BRT02: Mentari,2023-05-23,20
BRT02: Mentari,BRT02: Mentari,2023-05-24,10
BRT02: Mentari,BRT02: Mentari,2023-05-25,31
BRT02: Mentari,BRT02: Mentari,2023-05-26,19
BRT02: Mentari,BRT02: Mentari,2023-05-27,15
BRT02: Mentari,BRT02: Mentari,2023-05-28,23
BRT02: Mentari,BRT02: Mentari,2023-05-29,34
BRT02: Mentari,BRT02: Mentari,2023-05-30,10
BRT02: Mentari,BRT02: Mentari,2023-05-31,42
BRT02: Mentari,BRT02: Mentari,2023-06-01,16
BRT02: Mentari,BRT02: Mentari,2023-06-02,15
BRT02: Mentari,BRT02: Mentari,2023-06-03,12
BRT02: Mentari,BRT02: Mentari,2023-06-04,35
BRT02: Mentari,BRT02: Mentari,2023-06-05,17
BRT02: Mentari,BRT02: Mentari,2023-06-06,27
BRT02: Mentari,BRT02: Mentari,2023-06-07,31
BRT02: Mentari,BRT02: Mentari,2023-06-08,23
BRT02: Mentari,BRT02: Mentari,2023-06-09,21
BRT02: Mentari,BRT02: Mentari,2023-06-10,22
BRT02: Mentari,BRT02: Mentari,2023-06-11,32
BRT02: Mentari,BRT02: Mentari,2023-06-12,19
BRT02: Mentari,BRT02: Mentari,2023-06-13,45
BRT02: Mentari,BRT02: Mentari,2023-06-14,28
BRT02: Mentari,BRT02: Mentari,2023-06-15,30
BRT02: Mentari,BRT02: Mentari,2023-06-16,21
BRT02: Mentari,BRT02: Mentari,2023-06-17,22
BRT02: Mentari,BRT02: Mentari,2023-06-18,12
BRT02: Mentari,BRT02: Mentari,2023-06-19,26
BRT02: Mentari,BRT02: Mentari,2023-06-20,27
BRT02: Mentari,BRT02: Mentari,2023-06-21,11
BRT02: Mentari,BRT02: Mentari,2023-06-22,14
BRT02: Mentari,BRT02: Mentari,2023-06-23,16
BRT02: Mentari,BRT02: Mentari,2023-06-24,16
BRT02: Mentari,BRT02: Mentari,2023-06-25,29
BRT02: Mentari,BRT02: Mentari,2023-06-26,12
BRT02: Mentari,BRT02: Mentari,2023-06-27,26
BRT02: Mentari,BRT02: Mentari,2023-06-28,30
BRT02: Mentari,BRT02: Mentari,2023-06-29,34
BRT02: Mentari,BRT02: Mentari,2023-06-30,13
BRT02: Mentari,BRT02: Mentari,2023-07-01,10
BRT02: Mentari,BRT02: Mentari,2023-07-02,12
BRT02: Mentari,BRT02: Mentari,2023-07-03,16
BRT02: Mentari,BRT02: Mentari,2023-07-04,16
BRT02: Mentari,BRT02: Mentari,2023-07-05,18
BRT02: Mentari,BRT02: Mentari,2023-07-06,23
BRT02: Mentari,BRT02: Mentari,2023-07-07,15
BRT02: Mentari,BRT02: Mentari,2023-07-08,22
BRT02: Mentari,BRT02: Mentari,2023-07-09,34
BRT02: Mentari,BRT02: Mentari,2023-07-10,17
BRT02: Mentari,BRT02: Mentari,2023-07-11,21
BRT02: Mentari,BRT02: Mentari,2023-07-12,21
BRT02: Mentari,BRT02: Mentari,2023-07-13,23
BRT02: Mentari,BRT02: Mentari,2023-07-14,16
BRT02: Mentari,BRT02: Mentari,2023-07-15,31
BRT02: Mentari,BRT02: Mentari,2023-07-16,24
BRT02: Mentari,BRT02: Mentari,2023-07-17,22
BRT02: Mentari,BRT02: Mentari,2023-07-18,18
BRT02: Mentari,BRT02: Mentari,2023-07-19,21
BRT02: Mentari,BRT02: Mentari,2023-07-20,25
BRT02: Mentari,BRT02: Mentari,2023-07-21,6
BRT02: Mentari,BRT02: Mentari,2023-07-22,18
BRT02: Mentari,BRT02: Mentari,2023-07-23,31
BRT02: Mentari,BRT02: Mentari,2023-07-24,22
BRT02: Mentari,BRT02: Mentari,2023-07-25,29
BRT02: Mentari,BRT02: Mentari,2023-07-26,21
BRT02: Mentari,BRT02: Mentari,2023-07-27,15
BRT02: Mentari,BRT02: Mentari,2023-07-28,21
BRT02: Mentari,BRT02: Mentari,2023-07-29,23
BRT02: Mentari,BRT02: Mentari,2023-07-30,17
BRT02: Mentari,BRT02: Mentari,2023-07-31,16
BRT02: Mentari,BRT02: Mentari,2023-08-01,17
BRT02: Mentari,BRT02: Mentari,2023-08-02,12
BRT02: Mentari,BRT02: Mentari,2023-08-03,11
BRT02: Mentari,BRT02: Mentari,2023-08-04,13
BRT02: Mentari,BRT02: Mentari,2023-08-05,14
BRT02: Mentari,BRT02: Mentari,2023-08-06,18
BRT02: Mentari,BRT02: Mentari,2023-08-07,14
BRT02: Mentari,BRT02: Mentari,2023-08-08,14
BRT02: Mentari,BRT02: Mentari,2023-08-09,10
BRT02: Mentari,BRT02: Mentari,2023-08-10,22
BRT02: Mentari,BRT02: Mentari,2023-08-11,10
BRT02: Mentari,BRT02: Mentari,2023-08-12,25
BRT02: Mentari,BRT02: Mentari,2023-08-13,29
BRT02: Mentari,BRT02: Mentari,2023-08-14,21
BRT02: Mentari,BRT02: Mentari,2023-08-15,4
BRT02: Mentari,BRT02: Mentari,2023-08-16,21
BRT02: Mentari,BRT02: Mentari,2023-08-17,16
BRT02: Mentari,BRT02: Mentari,2023-08-18,13
BRT02: Mentari,BRT02: Mentari,2023-08-19,9
BRT02: Mentari,BRT02: Mentari,2023-08-20,12
BRT02: Mentari,BRT02: Mentari,2023-08-21,19
BRT02: Mentari,BRT02: Mentari,2023-08-22,14
BRT02: Mentari,BRT02: Mentari,2023-08-23,18
BRT02: Mentari,BRT02: Mentari,2023-08-24,14
BRT02: Mentari,BRT02: Mentari,2023-08-25,17
BRT02: Mentari,BRT02: Mentari,2023-08-26,23
BRT02: Mentari,BRT02: Mentari,2023-08-27,27
BRT02: Mentari,BRT02: Mentari,2023-08-28,22
BRT02: Mentari,BRT02: Mentari,2023-08-29,30
BRT02: Mentari,BRT02: Mentari,2023-08-30,34
BRT02: Mentari,BRT02: Mentari,2023-08-31,25
BRT02: Mentari,BRT02: Mentari,2023-09-01,25
BRT02: Mentari,BRT02: Mentari,2023-09-02,11
BRT02: Mentari,BRT02: Mentari,2023-09-03,19
BRT02: Mentari,BRT02: Mentari,2023-09-04,8
BRT02: Mentari,BRT02: Mentari,2023-09-05,12
BRT02: Mentari,BRT02: Mentari,2023-09-06,16
BRT02: Mentari,BRT02: Mentari,2023-09-07,17
BRT02: Mentari,BRT02: Mentari,2023-09-08,16
BRT02: Mentari,BRT02: Mentari,2023-09-09,21
BRT02: Mentari,BRT02: Mentari,2023-09-10,20
BRT02: Mentari,BRT02: Mentari,2023-09-11,12
BRT02: Mentari,BRT02: Mentari,2023-09-12,34
BRT02: Mentari,BRT02: Mentari,2023-09-13,12
BRT02: Mentari,BRT02: Mentari,2023-09-14,17
BRT02: Mentari,BRT02: Mentari,2023-09-15,26
BRT02: Mentari,BRT02: Mentari,2023-09-16,27
BRT02: Mentari,BRT02: Mentari,2023-09-17,23
BRT02: Mentari,BRT02: Mentari,2023-09-18,15
BRT02: Mentari,BRT02: Mentari,2023-09-19,19
BRT02: Mentari,BRT02: Mentari,2023-09-20,20
BRT02: Mentari,BRT02: Mentari,2023-09-21,22
BRT02: Mentari,BRT02: Mentari,2023-09-22,29
BRT02: Mentari,BRT02: Mentari,2023-09-23,15
BRT02: Mentari,BRT02: Mentari,2023-09-24,33
BRT02: Mentari,BRT02: Mentari,2023-09-25,34
BRT02: Mentari,BRT02: Mentari,2023-09-26,21
BRT02: Mentari,BRT02: Mentari,2023-09-27,22
BRT02: Mentari,BRT02: Mentari,2023-09-28,24
BRT02: Mentari,BRT02: Mentari,2023-09-29,24
BRT02: Mentari,BRT02: Mentari,2023-09-30,13
BRT02: Mentari,BRT02: Mentari,2023-10-01,32
BRT02: Mentari,BRT02: Mentari,2023-10-02,12
BRT02: Mentari,BRT02: Mentari,2023-10-03,34
BRT02: Mentari,BRT02: Mentari,2023-10-04,45
BRT02: Mentari,BRT02: Mentari,2023-10-05,35
BRT02: Mentari,BRT02: Mentari,2023-10-06,15
BRT02: Mentari,BRT02: Mentari,2023-10-07,24
BRT02: Mentari,BRT02: Mentari,2023-10-08,37
BRT02: Mentari,BRT02: Mentari,2023-10-09,17
BRT02: Mentari,BRT02: Mentari,2023-10-10,26
BRT02: Mentari,BRT02: Mentari,2023-10-11,37
BRT02: Mentari,BRT02: Mentari,2023-10-12,39
BRT02: Mentari,BRT02: Mentari,2023-10-13,30
BRT02: Mentari,BRT02: Mentari,2023-10-14,22
BRT02: Mentari,BRT02: Mentari,2023-10-15,41
BRT02: Mentari,BRT02: Mentari,2023-10-16,21
BRT02: Mentari,BRT02: Mentari,2023-10-17,22
BRT02: Mentari,BRT02: Mentari,2023-10-18,27
BRT02: Mentari,BRT02: Mentari,2023-10-19,26
BRT02: Mentari,BRT02: Mentari,2023-10-20,24
BRT02: Mentari,BRT02: Mentari,2023-10-21,19
BRT02: Mentari,BRT02: Mentari,2023-10-22,21
BRT02: Mentari,BRT02: Mentari,2023-10-23,21
BRT02: Mentari,BRT02: Mentari,2023-10-24,15
BRT02: Mentari,BRT02: Mentari,2023-10-25,18
BRT02: Mentari,BRT02: Mentari,2023-10-26,32
BRT02: Mentari,BRT02: Mentari,2023-10-27,30
BRT02: Mentari,BRT02: Mentari,2023-10-28,13
BRT02: Mentari,BRT02: Mentari,2023-10-29,24
BRT02: Mentari,BRT02: Mentari,2023-10-30,45
BRT02: Mentari,BRT02: Mentari,2023-10-31,19
BRT02: Mentari,BRT02: Mentari,2023-11-01,21
BRT02: Mentari,BRT02: Mentari,2023-11-02,22
BRT02: Mentari,BRT02: Mentari,2023-11-03,15
BRT02: Mentari,BRT02: Mentari,2023-11-04,32
BRT02: Mentari,BRT02: Mentari,2023-11-05,18
BRT02: Mentari,BRT02: Mentari,2023-11-06,22
BRT02: Mentari,BRT02: Mentari,2023-11-07,15
BRT02: Mentari,BRT02: Mentari,2023-11-08,30
BRT02: Mentari,BRT02: Mentari,2023-11-09,19
BRT02: Mentari,BRT02: Mentari,2023-11-10,11
BRT02: Mentari,BRT02: Mentari,2023-11-11,19
BRT02: Mentari,BRT02: Mentari,2023-11-12,13
BRT02: Mentari,BRT02: Mentari,2023-11-13,33
BRT02: Mentari,BRT02: Mentari,2023-11-14,35
BRT02: Mentari,BRT02: Mentari,2023-11-15,19
BRT02: Mentari,BRT02: Mentari,2023-11-16,24
BRT02: Mentari,BRT02: Mentari,2023-11-17,23
BRT02: Mentari,BRT02: Mentari,2023-11-18,22
BRT02: Mentari,BRT02: Mentari,2023-11-19,24
BRT02: Mentari,BRT02: Mentari,2023-11-20,19
BRT02: Mentari,BRT02: Mentari,2023-11-21,25
BRT02: Mentari,BRT02: Mentari,2023-11-22,24
BRT02: Mentari,BRT02: Mentari,2023-11-23,24
BRT02: Mentari,BRT02: Mentari,2023-11-24,28
BRT02: Mentari,BRT02: Mentari,2023-11-25,34
BRT02: Mentari,BRT02: Mentari,2023-11-26,25
BRT02: Mentari,BRT02: Mentari,2023-11-27,26
BRT02: Mentari,BRT02: Mentari,2023-11-28,17
BRT02: Mentari,BRT02: Mentari,2023-11-29,22
BRT02: Mentari,BRT02: Mentari,2023-11-30,15
BRT02: Mentari,BRT02: Mentari,2023-12-01,18
BRT02: Mentari,BRT02: Mentari,2023-12-02,25
BRT02: Mentari,BRT02: Mentari,2023-12-03,9
BRT02: Mentari,BRT02: Mentari,2023-12-04,27
BRT02: Mentari,BRT02: Mentari,2023-12-05,22
BRT02: Mentari,BRT02: Mentari,2023-12-06,31
BRT02: Mentari,BRT02: Mentari,2023-12-07,36
BRT02: Mentari,BRT02: Mentari,2023-12-08,42
BRT02: Mentari,BRT02: Mentari,2023-12-09,17
BRT02: Mentari,BRT02: Mentari,2023-12-10,22
BRT02: Mentari,BRT02: Mentari,2023-12-11,26
BRT02: Mentari,BRT02: Mentari,2023-12-12,26
BRT02: Mentari,BRT02: Mentari,2023-12-13,20
BRT02: Mentari,BRT02: Mentari,2023-12-14,12
BRT02: Mentari,BRT02: Mentari,2023-12-15,10
BRT02: Mentari,BRT02: Mentari,2023-12-16,16
BRT02: Mentari,BRT02: Mentari,2023-12-17,22
BRT02: Mentari,BRT02: Mentari,2023-12-18,18
BRT02: Mentari,BRT02: Mentari,2023-12-19,26
BRT02: Mentari,BRT02: Mentari,2023-12-20,48
BRT02: Mentari,BRT02: Mentari,2023-12-21,21
BRT02: Mentari,BRT02: Mentari,2023-12-22,13
BRT02: Mentari,BRT02: Mentari,2023-12-23,18
BRT02: Mentari,BRT02: Mentari,2023-12-24,24
BRT02: Mentari,BRT02: Mentari,2023-12-25,25
BRT02: Mentari,BRT02: Mentari,2023-12-26,29
BRT02: Mentari,BRT02: Mentari,2023-12-27,24
BRT02: Mentari,BRT02: Mentari,2023-12-28,31
BRT02: Mentari,BRT02: Mentari,2023-12-29,33
BRT02: Mentari,BRT02: Mentari,2023-12-30,23
BRT02: Mentari,BRT02: Mentari,2023-12-31,23
BRT02: Mentari,BRT03: Sunway Lagoon,2023-04-01,119
BRT02: Mentari,BRT03: Sunway Lagoon,2023-04-02,129
BRT02: Mentari,BRT03: Sunway Lagoon,2023-04-03,100
BRT02: Mentari,BRT03: Sunway Lagoon,2023-04-04,162
BRT02: Mentari,BRT03: Sunway Lagoon,2023-04-05,184
BRT02: Mentari,BRT03: Sunway Lagoon,2023-04-06,148
BRT02: Mentari,BRT03: Sunway Lagoon,2023-04-07,149
BRT02: Mentari,BRT03: Sunway Lagoon,2023-04-08,153
BRT02: Mentari,BRT03: Sunway Lagoon,2023-04-09,123
BRT02: Mentari,BRT03: Sunway Lagoon,2023-04-10,106
BRT02: Mentari,BRT03: Sunway Lagoon,2023-04-11,144
BRT02: Mentari,BRT03: Sunway Lagoon,2023-04-12,162
BRT02: Mentari,BRT03: Sunway Lagoon,2023-04-13,129
BRT02: Mentari,BRT03: Sunway Lagoon,2023-04-14,113
BRT02: Mentari,BRT03: Sunway Lagoon,2023-04-15,136
BRT02: Mentari,BRT03: Sunway Lagoon,2023-04-16,131
BRT02: Mentari,BRT03: Sunway Lagoon,2023-04-17,150
BRT02: Mentari,BRT03: Sunway Lagoon,2023-04-18,131
BRT02: Mentari,BRT03: Sunway Lagoon,2023-04-19,145
BRT02: Mentari,BRT03: Sunway Lagoon,2023-04-20,121
BRT02: Mentari,BRT03: Sunway Lagoon,2023-04-21,129
BRT02: Mentari,BRT03: Sunway Lagoon,2023-04-22,114
BRT02: Mentari,BRT03: Sunway Lagoon,2023-04-23,182
BRT02: Mentari,BRT03: Sunway Lagoon,2023-04-24,127
BRT02: Mentari,BRT03: Sunway Lagoon,2023-04-25,151
BRT02: Mentari,BRT03: Sunway Lagoon,2023-04-26,129
BRT02: Mentari,BRT03: Sunway Lagoon,2023-04-27,123
BRT02: Mentari,BRT03: Sunway Lagoon,2023-04-28,149
BRT02: Mentari,BRT03: Sunway Lagoon,2023-04-29,128
BRT02: Mentari,BRT03: Sunway Lagoon,2023-04-30,146
BRT02: Mentari,BRT03: Sunway Lagoon,2023-05-01,133
BRT02: Mentari,BRT03: Sunway Lagoon,2023-05-02,132
BRT02: Mentari,BRT03: Sunway Lagoon,2023-05-03,157
BRT02: Mentari,BRT03: Sunway Lagoon,2023-05-04,113
BRT02: Mentari,BRT03: Sunway Lagoon,2023-05-05,156
BRT02: Mentari,BRT03: Sunway Lagoon,2023-05-06,147
BRT02: Mentari,BRT03: Sunway Lagoon,2023-05-07,136
BRT02: Mentari,BRT03: Sunway Lagoon,2023-05-08,142
BRT02: Mentari,BRT03: Sunway Lagoon,2023-05-09,126
BRT02: Mentari,BRT03: Sunway Lagoon,2023-05-10,164
BRT02: Mentari,BRT03: Sunway Lagoon,2023-05-11,141
BRT02: Mentari,BRT03: Sunway Lagoon,2023-05-12,157
BRT02: Mentari,BRT03: Sunway Lagoon,2023-05-13,155
BRT02: Mentari,BRT03: Sunway Lagoon,2023-05-14,137
BRT02: Mentari,BRT03: Sunway Lagoon,2023-05-15,145
BRT02: Mentari,BRT03: Sunway Lagoon,2023-05-16,121
BRT02: Mentari,BRT03: Sunway Lagoon,2023-05-17,144
BRT02: Mentari,BRT03: Sunway Lagoon,2023-05-18,129
BRT02: Mentari,BRT03: Sunway Lagoon,2023-05-19,159
BRT02: Mentari,BRT03: Sunway Lagoon,2023-05-20,142
BRT02: Mentari,BRT03: Sunway Lagoon,2023-05-21,97
BRT02: Mentari,BRT03: Sunway Lagoon,2023-05-22,121
BRT02: Mentari,BRT03: Sunway Lagoon,2023-05-23,136
BRT02: Mentari,BRT03: Sunway Lagoon,2023-05-24,159
BRT02: Mentari,BRT03: Sunway Lagoon,2023-05-25,139
BRT02: Mentari,BRT03: Sunway Lagoon,2023-05-26,154
BRT02: Mentari,BRT03: Sunway Lagoon,2023-05-27,145
BRT02: Mentari,BRT03: Sunway Lagoon,2023-05-28,106
BRT02: Mentari,BRT03: Sunway Lagoon,2023-05-29,132
BRT02: Mentari,BRT03: Sunway Lagoon,2023-05-30,128
BRT02: Mentari,BRT03: Sunway Lagoon,2023-05-31,156
BRT02: Mentari,BRT03: Sunway Lagoon,2023-06-01,156
BRT02: Mentari,BRT03: Sunway Lagoon,2023-06-02,143
BRT02: Mentari,BRT03: Sunway Lagoon,2023-06-03,137
BRT02: Mentari,BRT03: Sunway Lagoon,2023-06-04,130
BRT02: Mentari,BRT03: Sunway Lagoon,2023-06-05,110
BRT02: Mentari,BRT03: Sunway Lagoon,2023-06-06,120
BRT02: Mentari,BRT03: Sunway Lagoon,2023-06-07,155
BRT02: Mentari,BRT03: Sunway Lagoon,2023-06-08,146
BRT02: Mentari,BRT03: Sunway Lagoon,2023-06-09,160
BRT02: Mentari,BRT03: Sunway Lagoon,2023-06-10,140
BRT02: Mentari,BRT03: Sunway Lagoon,2023-06-11,123
BRT02: Mentari,BRT03: Sunway Lagoon,2023-06-12,123
BRT02: Mentari,BRT03: Sunway Lagoon,2023-06-13,123
BRT02: Mentari,BRT03: Sunway Lagoon,2023-06-14,175
BRT02: Mentari,BRT03: Sunway Lagoon,2023-06-15,123
BRT02: Mentari,BRT03: Sunway Lagoon,2023-06-16,132
BRT02: Mentari,BRT03: Sunway Lagoon,2023-06-17,143
BRT02: Mentari,BRT03: Sunway Lagoon,2023-06-18,103
BRT02: Mentari,BRT03: Sunway Lagoon,2023-06-19,139
BRT02: Mentari,BRT03: Sunway Lagoon,2023-06-20,142
BRT02: Mentari,BRT03: Sunway Lagoon,2023-06-21,167
BRT02: Mentari,BRT03: Sunway Lagoon,2023-06-22,140
BRT02: Mentari,BRT03: Sunway Lagoon,2023-06-23,154
BRT02: Mentari,BRT03: Sunway Lagoon,2023-06-24,138
BRT02: Mentari,BRT03: Sunway Lagoon,2023-06-25,130
BRT02: Mentari,BRT03: Sunway Lagoon,2023-06-26,129
BRT02: Mentari,BRT03: Sunway Lagoon,2023-06-27,167
BRT02: Mentari,BRT03: Sunway Lagoon,2023-06-28,175
BRT02: Mentari,BRT03: Sunway Lagoon,2023-06-29,157
BRT02: Mentari,BRT03: Sunway Lagoon,2023-06-30,163
BRT02: Mentari,BRT03: Sunway Lagoon,2023-07-01,152
BRT02: Mentari,BRT03: Sunway Lagoon,2023-07-02,131
BRT02: Mentari,BRT03: Sunway Lagoon,2023-07-03,146
BRT02: Mentari,BRT03: Sunway Lagoon,2023-07-04,129
BRT02: Mentari,BRT03: Sunway Lagoon,2023-07-05,179
BRT02: Mentari,BRT03: Sunway Lagoon,2023-07-06,131
BRT02: Mentari,BRT03: Sunway Lagoon,2023-07-07,180
BRT02: Mentari,BRT03: Sunway Lagoon,2023-07-08,160
BRT02: Mentari,BRT03: Sunway Lagoon,2023-07-09,180
BRT02: Mentari,BRT03: Sunway Lagoon,2023-07-10,163
BRT02: Mentari,BRT03: Sunway Lagoon,2023-07-11,135
BRT02: Mentari,BRT03: Sunway Lagoon,2023-07-12,161
BRT02: Mentari,BRT03: Sunway Lagoon,2023-07-13,127
BRT02: Mentari,BRT03: Sunway Lagoon,2023-07-14,164
BRT02: Mentari,BRT03: Sunway Lagoon,2023-07-15,145
BRT02: Mentari,BRT03: Sunway Lagoon,2023-07-16,104
BRT02: Mentari,BRT03: Sunway Lagoon,2023-07-17,139
BRT02: Mentari,BRT03: Sunway Lagoon,2023-07-18,123
BRT02: Mentari,BRT03: Sunway Lagoon,2023-07-19,142
BRT02: Mentari,BRT03: Sunway Lagoon,2023-07-20,139
BRT02: Mentari,BRT03: Sunway Lagoon,2023-07-21,175
BRT02: Mentari,BRT03: Sunway Lagoon,2023-07-22,135
BRT02: Mentari,BRT03: Sunway Lagoon,2023-07-23,157
BRT02: Mentari,BRT03: Sunway Lagoon,2023-07-24,140
BRT02: Mentari,BRT03: Sunway Lagoon,2023-07-25,136
BRT02: Mentari,BRT03: Sunway Lagoon,2023-07-26,174
BRT02: Mentari,BRT03: Sunway Lagoon,2023-07-27,122
BRT02: Mentari,BRT03: Sunway Lagoon,2023-07-28,165
BRT02: Mentari,BRT03: Sunway Lagoon,2023-07-29,142
BRT02: Mentari,BRT03: Sunway Lagoon,2023-07-30,121
BRT02: Mentari,BRT03: Sunway Lagoon,2023-07-31,155
BRT02: Mentari,BRT03: Sunway Lagoon,2023-08-01,142
BRT02: Mentari,BRT03: Sunway Lagoon,2023-08-02,149
BRT02: Mentari,BRT03: Sunway Lagoon,2023-08-03,128
BRT02: Mentari,BRT03: Sunway Lagoon,2023-08-04,146
BRT02: Mentari,BRT03: Sunway Lagoon,2023-08-05,159
BRT02: Mentari,BRT03: Sunway Lagoon,2023-08-06,127
BRT02: Mentari,BRT03: Sunway Lagoon,2023-08-07,137
BRT02: Mentari,BRT03: Sunway Lagoon,2023-08-08,149
BRT02: Mentari,BRT03: Sunway Lagoon,2023-08-09,170
BRT02: Mentari,BRT03: Sunway Lagoon,2023-08-10,156
BRT02: Mentari,BRT03: Sunway Lagoon,2023-08-11,172
BRT02: Mentari,BRT03: Sunway Lagoon,2023-08-12,128
BRT02: Mentari,BRT03: Sunway Lagoon,2023-08-13,154
BRT02: Mentari,BRT03: Sunway Lagoon,2023-08-14,124
BRT02: Mentari,BRT03: Sunway Lagoon,2023-08-15,145
BRT02: Mentari,BRT03: Sunway Lagoon,2023-08-16,147
BRT02: Mentari,BRT03: Sunway Lagoon,2023-08-17,137
BRT02: Mentari,BRT03: Sunway Lagoon,2023-08-18,168
BRT02: Mentari,BRT03: Sunway Lagoon,2023-08-19,126
BRT02: Mentari,BRT03: Sunway Lagoon,2023-08-20,108
BRT02: Mentari,BRT03: Sunway Lagoon,2023-08-21,136
BRT02: Mentari,BRT03: Sunway Lagoon,2023-08-22,143
BRT02: Mentari,BRT03: Sunway Lagoon,2023-08-23,166
BRT02: Mentari,BRT03: Sunway Lagoon,2023-08-24,152
BRT02: Mentari,BRT03: Sunway Lagoon,2023-08-25,139
BRT02: Mentari,BRT03: Sunway Lagoon,2023-08-26,144
BRT02: Mentari,BRT03: Sunway Lagoon,2023-08-27,126
BRT02: Mentari,BRT03: Sunway Lagoon,2023-08-28,152
BRT02: Mentari,BRT03: Sunway Lagoon,2023-08-29,157
BRT02: Mentari,BRT03: Sunway Lagoon,2023-08-30,190
BRT02: Mentari,BRT03: Sunway Lagoon,2023-08-31,194
BRT02: Mentari,BRT03: Sunway Lagoon,2023-09-01,159
BRT02: Mentari,BRT03: Sunway Lagoon,2023-09-02,142
BRT02: Mentari,BRT03: Sunway Lagoon,2023-09-03,136
BRT02: Mentari,BRT03: Sunway Lagoon,2023-09-04,135
BRT02: Mentari,BRT03: Sunway Lagoon,2023-09-05,137
BRT02: Mentari,BRT03: Sunway Lagoon,2023-09-06,172
BRT02: Mentari,BRT03: Sunway Lagoon,2023-09-07,139
BRT02: Mentari,BRT03: Sunway Lagoon,2023-09-08,134
BRT02: Mentari,BRT03: Sunway Lagoon,2023-09-09,144
BRT02: Mentari,BRT03: Sunway Lagoon,2023-09-10,139
BRT02: Mentari,BRT03: Sunway Lagoon,2023-09-11,160
BRT02: Mentari,BRT03: Sunway Lagoon,2023-09-12,150
BRT02: Mentari,BRT03: Sunway Lagoon,2023-09-13,151
BRT02: Mentari,BRT03: Sunway Lagoon,2023-09-14,158
BRT02: Mentari,BRT03: Sunway Lagoon,2023-09-15,157
BRT02: Mentari,BRT03: Sunway Lagoon,2023-09-16,151
BRT02: Mentari,BRT03: Sunway Lagoon,2023-09-17,134
BRT02: Mentari,BRT03: Sunway Lagoon,2023-09-18,149
BRT02: Mentari,BRT03: Sunway Lagoon,2023-09-19,140
BRT02: Mentari,BRT03: Sunway Lagoon,2023-09-20,161
BRT02: Mentari,BRT03: Sunway Lagoon,2023-09-21,154
BRT02: Mentari,BRT03: Sunway Lagoon,2023-09-22,170
BRT02: Mentari,BRT03: Sunway Lagoon,2023-09-23,140
BRT02: Mentari,BRT03: Sunway Lagoon,2023-09-24,131
BRT02: Mentari,BRT03: Sunway Lagoon,2023-09-25,146
BRT02: Mentari,BRT03: Sunway Lagoon,2023-09-26,165
BRT02: Mentari,BRT03: Sunway Lagoon,2023-09-27,200
BRT02: Mentari,BRT03: Sunway Lagoon,2023-09-28,153
BRT02: Mentari,BRT03: Sunway Lagoon,2023-09-29,190
BRT02: Mentari,BRT03: Sunway Lagoon,2023-09-30,164
BRT02: Mentari,BRT03: Sunway Lagoon,2023-10-01,129
BRT02: Mentari,BRT03: Sunway Lagoon,2023-10-02,156
BRT02: Mentari,BRT03: Sunway Lagoon,2023-10-03,170
BRT02: Mentari,BRT03: Sunway Lagoon,2023-10-04,205
BRT02: Mentari,BRT03: Sunway Lagoon,2023-10-05,147
BRT02: Mentari,BRT03: Sunway Lagoon,2023-10-06,196
BRT02: Mentari,BRT03: Sunway Lagoon,2023-10-07,187
BRT02: Mentari,BRT03: Sunway Lagoon,2023-10-08,145
BRT02: Mentari,BRT03: Sunway Lagoon,2023-10-09,164
BRT02: Mentari,BRT03: Sunway Lagoon,2023-10-10,139
BRT02: Mentari,BRT03: Sunway Lagoon,2023-10-11,179
BRT02: Mentari,BRT03: Sunway Lagoon,2023-10-12,153
BRT02: Mentari,BRT03: Sunway Lagoon,2023-10-13,174
BRT02: Mentari,BRT03: Sunway Lagoon,2023-10-14,159
BRT02: Mentari,BRT03: Sunway Lagoon,2023-10-15,144
BRT02: Mentari,BRT03: Sunway Lagoon,2023-10-16,141
BRT02: Mentari,BRT03: Sunway Lagoon,2023-10-17,140
BRT02: Mentari,BRT03: Sunway Lagoon,2023-10-18,150
BRT02: Mentari,BRT03: Sunway Lagoon,2023-10-19,128
BRT02: Mentari,BRT03: Sunway Lagoon,2023-10-20,171
BRT02: Mentari,BRT03: Sunway Lagoon,2023-10-21,167
BRT02: Mentari,BRT03: Sunway Lagoon,2023-10-22,138
BRT02: Mentari,BRT03: Sunway Lagoon,2023-10-23,123
BRT02: Mentari,BRT03: Sunway Lagoon,2023-10-24,152
BRT02: Mentari,BRT03: Sunway Lagoon,2023-10-25,181
BRT02: Mentari,BRT03: Sunway Lagoon,2023-10-26,142
BRT02: Mentari,BRT03: Sunway Lagoon,2023-10-27,180
BRT02: Mentari,BRT03: Sunway Lagoon,2023-10-28,149
BRT02: Mentari,BRT03: Sunway Lagoon,2023-10-29,138
BRT02: Mentari,BRT03: Sunway Lagoon,2023-10-30,158
BRT02: Mentari,BRT03: Sunway Lagoon,2023-10-31,165
BRT02: Mentari,BRT03: Sunway Lagoon,2023-11-01,188
BRT02: Mentari,BRT03: Sunway Lagoon,2023-11-02,166
BRT02: Mentari,BRT03: Sunway Lagoon,2023-11-03,173
BRT02: Mentari,BRT03: Sunway Lagoon,2023-11-04,183
BRT02: Mentari,BRT03: Sunway Lagoon,2023-11-05,162
BRT02: Mentari,BRT03: Sunway Lagoon,2023-11-06,137
BRT02: Mentari,BRT03: Sunway Lagoon,2023-11-07,166
BRT02: Mentari,BRT03: Sunway Lagoon,2023-11-08,193
BRT02: Mentari,BRT03: Sunway Lagoon,2023-11-09,185
BRT02: Mentari,BRT03: Sunway Lagoon,2023-11-10,193
BRT02: Mentari,BRT03: Sunway Lagoon,2023-11-11,233
BRT02: Mentari,BRT03: Sunway Lagoon,2023-11-12,236
BRT02: Mentari,BRT03: Sunway Lagoon,2023-11-13,134
BRT02: Mentari,BRT03: Sunway Lagoon,2023-11-14,152
BRT02: Mentari,BRT03: Sunway Lagoon,2023-11-15,185
BRT02: Mentari,BRT03: Sunway Lagoon,2023-11-16,172
BRT02: Mentari,BRT03: Sunway Lagoon,2023-11-17,166
BRT02: Mentari,BRT03: Sunway Lagoon,2023-11-18,171
BRT02: Mentari,BRT03: Sunway Lagoon,2023-11-19,189
BRT02: Mentari,BRT03: Sunway Lagoon,2023-11-20,148
BRT02: Mentari,BRT03: Sunway Lagoon,2023-11-21,127
BRT02: Mentari,BRT03: Sunway Lagoon,2023-11-22,182
BRT02: Mentari,BRT03: Sunway Lagoon,2023-11-23,147
BRT02: Mentari,BRT03: Sunway Lagoon,2023-11-24,159
BRT02: Mentari,BRT03: Sunway Lagoon,2023-11-25,114
BRT02: Mentari,BRT03: Sunway Lagoon,2023-11-26,124
BRT02: Mentari,BRT03: Sunway Lagoon,2023-11-27,143
BRT02: Mentari,BRT03: Sunway Lagoon,2023-11-28,146
BRT02: Mentari,BRT03: Sunway Lagoon,2023-11-29,153
BRT02: Mentari,BRT03: Sunway Lagoon,2023-11-30,152
BRT02: Mentari,BRT03: Sunway Lagoon,2023-12-01,149
BRT02: Mentari,BRT03: Sunway Lagoon,2023-12-02,158
BRT02: Mentari,BRT03: Sunway Lagoon,2023-12-03,131
BRT02: Mentari,BRT03: Sunway Lagoon,2023-12-04,179
BRT02: Mentari,BRT03: Sunway Lagoon,2023-12-05,155
BRT02: Mentari,BRT03: Sunway Lagoon,2023-12-06,149
BRT02: Mentari,BRT03: Sunway Lagoon,2023-12-07,190
BRT02: Mentari,BRT03: Sunway Lagoon,2023-12-08,198
BRT02: Mentari,BRT03: Sunway Lagoon,2023-12-09,158
BRT02: Mentari,BRT03: Sunway Lagoon,2023-12-10,175
BRT02: Mentari,BRT03: Sunway Lagoon,2023-12-11,107
BRT02: Mentari,BRT03: Sunway Lagoon,2023-12-12,149
BRT02: Mentari,BRT03: Sunway Lagoon,2023-12-13,192
BRT02: Mentari,BRT03: Sunway Lagoon,2023-12-14,132
BRT02: Mentari,BRT03: Sunway Lagoon,2023-12-15,152
BRT02: Mentari,BRT03: Sunway Lagoon,2023-12-16,132
BRT02: Mentari,BRT03: Sunway Lagoon,2023-12-17,132
BRT02: Mentari,BRT03: Sunway Lagoon,2023-12-18,155
BRT02: Mentari,BRT03: Sunway Lagoon,2023-12-19,142
BRT02: Mentari,BRT03: Sunway Lagoon,2023-12-20,172
BRT02: Mentari,BRT03: Sunway Lagoon,2023-12-21,124
BRT02: Mentari,BRT03: Sunway Lagoon,2023-12-22,154
BRT02: Mentari,BRT03: Sunway Lagoon,2023-12-23,139
BRT02: Mentari,BRT03: Sunway Lagoon,2023-12-24,242
BRT02: Mentari,BRT03: Sunway Lagoon,2023-12-25,200
BRT02: Mentari,BRT03: Sunway Lagoon,2023-12-26,158
BRT02: Mentari,BRT03: Sunway Lagoon,2023-12-27,173
BRT02: Mentari,BRT03: Sunway Lagoon,2023-12-28,119
BRT02: Mentari,BRT03: Sunway Lagoon,2023-12-29,141
BRT02: Mentari,BRT03: Sunway Lagoon,2023-12-30,126
BRT02: Mentari,BRT03: Sunway Lagoon,2023-12-31,297
BRT02: Mentari,BRT04: SunMed,2023-04-01,126
BRT02: Mentari,BRT04: SunMed,2023-04-02,211
BRT02: Mentari,BRT04: SunMed,2023-04-03,184
BRT02: Mentari,BRT04: SunMed,2023-04-04,171
BRT02: Mentari,BRT04: SunMed,2023-04-05,219
BRT02: Mentari,BRT04: SunMed,2023-04-06,173
BRT02: Mentari,BRT04: SunMed,2023-04-07,173
BRT02: Mentari,BRT04: SunMed,2023-04-08,101
BRT02: Mentari,BRT04: SunMed,2023-04-09,218
BRT02: Mentari,BRT04: SunMed,2023-04-10,167
BRT02: Mentari,BRT04: SunMed,2023-04-11,155
BRT02: Mentari,BRT04: SunMed,2023-04-12,193
BRT02: Mentari,BRT04: SunMed,2023-04-13,175
BRT02: Mentari,BRT04: SunMed,2023-04-14,179
BRT02: Mentari,BRT04: SunMed,2023-04-15,139
BRT02: Mentari,BRT04: SunMed,2023-04-16,185
BRT02: Mentari,BRT04: SunMed,2023-04-17,158
BRT02: Mentari,BRT04: SunMed,2023-04-18,169
BRT02: Mentari,BRT04: SunMed,2023-04-19,169
BRT02: Mentari,BRT04: SunMed,2023-04-20,149
BRT02: Mentari,BRT04: SunMed,2023-04-21,97
BRT02: Mentari,BRT04: SunMed,2023-04-22,98
BRT02: Mentari,BRT04: SunMed,2023-04-23,121
BRT02: Mentari,BRT04: SunMed,2023-04-24,82
BRT02: Mentari,BRT04: SunMed,2023-04-25,125
BRT02: Mentari,BRT04: SunMed,2023-04-26,145
BRT02: Mentari,BRT04: SunMed,2023-04-27,127
BRT02: Mentari,BRT04: SunMed,2023-04-28,133
BRT02: Mentari,BRT04: SunMed,2023-04-29,134
BRT02: Mentari,BRT04: SunMed,2023-04-30,191
BRT02: Mentari,BRT04: SunMed,2023-05-01,94
BRT02: Mentari,BRT04: SunMed,2023-05-02,158
BRT02: Mentari,BRT04: SunMed,2023-05-03,192
BRT02: Mentari,BRT04: SunMed,2023-05-04,110
BRT02: Mentari,BRT04: SunMed,2023-05-05,173
BRT02: Mentari,BRT04: SunMed,2023-05-06,126
BRT02: Mentari,BRT04: SunMed,2023-05-07,206
BRT02: Mentari,BRT04: SunMed,2023-05-08,167
BRT02: Mentari,BRT04: SunMed,2023-05-09,189
BRT02: Mentari,BRT04: SunMed,2023-05-10,193
BRT02: Mentari,BRT04: SunMed,2023-05-11,171
BRT02: Mentari,BRT04: SunMed,2023-05-12,179
BRT02: Mentari,BRT04: SunMed,2023-05-13,138
BRT02: Mentari,BRT04: SunMed,2023-05-14,160
BRT02: Mentari,BRT04: SunMed,2023-05-15,162
BRT02: Mentari,BRT04: SunMed,2023-05-16,161
BRT02: Mentari,BRT04: SunMed,2023-05-17,205
BRT02: Mentari,BRT04: SunMed,2023-05-18,170
BRT02: Mentari,BRT04: SunMed,2023-05-19,169
BRT02: Mentari,BRT04: SunMed,2023-05-20,124
BRT02: Mentari,BRT04: SunMed,2023-05-21,166
BRT02: Mentari,BRT04: SunMed,2023-05-22,165
BRT02: Mentari,BRT04: SunMed,2023-05-23,172
BRT02: Mentari,BRT04: SunMed,2023-05-24,193
BRT02: Mentari,BRT04: SunMed,2023-05-25,183
BRT02: Mentari,BRT04: SunMed,2023-05-26,173
BRT02: Mentari,BRT04: SunMed,2023-05-27,155
BRT02: Mentari,BRT04: SunMed,2023-05-28,206
BRT02: Mentari,BRT04: SunMed,2023-05-29,171
BRT02: Mentari,BRT04: SunMed,2023-05-30,187
BRT02: Mentari,BRT04: SunMed,2023-05-31,196
BRT02: Mentari,BRT04: SunMed,2023-06-01,162
BRT02: Mentari,BRT04: SunMed,2023-06-02,162
BRT02: Mentari,BRT04: SunMed,2023-06-03,144
BRT02: Mentari,BRT04: SunMed,2023-06-04,188
BRT02: Mentari,BRT04: SunMed,2023-06-05,88
BRT02: Mentari,BRT04: SunMed,2023-06-06,175
BRT02: Mentari,BRT04: SunMed,2023-06-07,203
BRT02: Mentari,BRT04: SunMed,2023-06-08,181
BRT02: Mentari,BRT04: SunMed,2023-06-09,171
BRT02: Mentari,BRT04: SunMed,2023-06-10,134
BRT02: Mentari,BRT04: SunMed,2023-06-11,234
BRT02: Mentari,BRT04: SunMed,2023-06-12,171
BRT02: Mentari,BRT04: SunMed,2023-06-13,185
BRT02: Mentari,BRT04: SunMed,2023-06-14,203
BRT02: Mentari,BRT04: SunMed,2023-06-15,184
BRT02: Mentari,BRT04: SunMed,2023-06-16,182
BRT02: Mentari,BRT04: SunMed,2023-06-17,139
BRT02: Mentari,BRT04: SunMed,2023-06-18,206
BRT02: Mentari,BRT04: SunMed,2023-06-19,178
BRT02: Mentari,BRT04: SunMed,2023-06-20,162
BRT02: Mentari,BRT04: SunMed,2023-06-21,195
BRT02: Mentari,BRT04: SunMed,2023-06-22,175
BRT02: Mentari,BRT04: SunMed,2023-06-23,175
BRT02: Mentari,BRT04: SunMed,2023-06-24,122
BRT02: Mentari,BRT04: SunMed,2023-06-25,169
BRT02: Mentari,BRT04: SunMed,2023-06-26,154
BRT02: Mentari,BRT04: SunMed,2023-06-27,166
BRT02: Mentari,BRT04: SunMed,2023-06-28,193
BRT02: Mentari,BRT04: SunMed,2023-06-29,90
BRT02: Mentari,BRT04: SunMed,2023-06-30,174
BRT02: Mentari,BRT04: SunMed,2023-07-01,124
BRT02: Mentari,BRT04: SunMed,2023-07-02,205
BRT02: Mentari,BRT04: SunMed,2023-07-03,152
BRT02: Mentari,BRT04: SunMed,2023-07-04,169
BRT02: Mentari,BRT04: SunMed,2023-07-05,212
BRT02: Mentari,BRT04: SunMed,2023-07-06,172
BRT02: Mentari,BRT04: SunMed,2023-07-07,157
BRT02: Mentari,BRT04: SunMed,2023-07-08,133
BRT02: Mentari,BRT04: SunMed,2023-07-09,244
BRT02: Mentari,BRT04: SunMed,2023-07-10,171
BRT02: Mentari,BRT04: SunMed,2023-07-11,182
BRT02: Mentari,BRT04: SunMed,2023-07-12,194
BRT02: Mentari,BRT04: SunMed,2023-07-13,180
BRT02: Mentari,BRT04: SunMed,2023-07-14,163
BRT02: Mentari,BRT04: SunMed,2023-07-15,133
BRT02: Mentari,BRT04: SunMed,2023-07-16,205
BRT02: Mentari,BRT04: SunMed,2023-07-17,183
BRT02: Mentari,BRT04: SunMed,2023-07-18,176
BRT02: Mentari,BRT04: SunMed,2023-07-19,141
BRT02: Mentari,BRT04: SunMed,2023-07-20,177
BRT02: Mentari,BRT04: SunMed,2023-07-21,182
BRT02: Mentari,BRT04: SunMed,2023-07-22,126
BRT02: Mentari,BRT04: SunMed,2023-07-23,147
BRT02: Mentari,BRT04: SunMed,2023-07-24,176
BRT02: Mentari,BRT04: SunMed,2023-07-25,168
BRT02: Mentari,BRT04: SunMed,2023-07-26,205
BRT02: Mentari,BRT04: SunMed,2023-07-27,191
BRT02: Mentari,BRT04: SunMed,2023-07-28,179
BRT02: Mentari,BRT04: SunMed,2023-07-29,144
BRT02: Mentari,BRT04: SunMed,2023-07-30,186
BRT02: Mentari,BRT04: SunMed,2023-07-31,178
BRT02: Mentari,BRT04: SunMed,2023-08-01,165
BRT02: Mentari,BRT04: SunMed,2023-08-02,220
BRT02: Mentari,BRT04: SunMed,2023-08-03,171
BRT02: Mentari,BRT04: SunMed,2023-08-04,188
BRT02: Mentari,BRT04: SunMed,2023-08-05,149
BRT02: Mentari,BRT04: SunMed,2023-08-06,197
BRT02: Mentari,BRT04: SunMed,2023-08-07,182
BRT02: Mentari,BRT04: SunMed,2023-08-08,169
BRT02: Mentari,BRT04: SunMed,2023-08-09,220
BRT02: Mentari,BRT04: SunMed,2023-08-10,150
BRT02: Mentari,BRT04: SunMed,2023-08-11,180
BRT02: Mentari,BRT04: SunMed,2023-08-12,136
BRT02: Mentari,BRT04: SunMed,2023-08-13,200
BRT02: Mentari,BRT04: SunMed,2023-08-14,128
BRT02: Mentari,BRT04: SunMed,2023-08-15,168
BRT02: Mentari,BRT04: SunMed,2023-08-16,191
BRT02: Mentari,BRT04: SunMed,2023-08-17,166
BRT02: Mentari,BRT04: SunMed,2023-08-18,171
BRT02: Mentari,BRT04: SunMed,2023-08-19,138
BRT02: Mentari,BRT04: SunMed,2023-08-20,186
BRT02: Mentari,BRT04: SunMed,2023-08-21,165
BRT02: Mentari,BRT04: SunMed,2023-08-22,151
BRT02: Mentari,BRT04: SunMed,2023-08-23,214
BRT02: Mentari,BRT04: SunMed,2023-08-24,172
BRT02: Mentari,BRT04: SunMed,2023-08-25,178
BRT02: Mentari,BRT04: SunMed,2023-08-26,138
BRT02: Mentari,BRT04: SunMed,2023-08-27,163
BRT02: Mentari,BRT04: SunMed,2023-08-28,178
BRT02: Mentari,BRT04: SunMed,2023-08-29,165
BRT02: Mentari,BRT04: SunMed,2023-08-30,204
BRT02: Mentari,BRT04: SunMed,2023-08-31,89
BRT02: Mentari,BRT04: SunMed,2023-09-01,153
BRT02: Mentari,BRT04: SunMed,2023-09-02,119
BRT02: Mentari,BRT04: SunMed,2023-09-03,181
BRT02: Mentari,BRT04: SunMed,2023-09-04,149
BRT02: Mentari,BRT04: SunMed,2023-09-05,177
BRT02: Mentari,BRT04: SunMed,2023-09-06,236
BRT02: Mentari,BRT04: SunMed,2023-09-07,183
BRT02: Mentari,BRT04: SunMed,2023-09-08,201
BRT02: Mentari,BRT04: SunMed,2023-09-09,142
BRT02: Mentari,BRT04: SunMed,2023-09-10,229
BRT02: Mentari,BRT04: SunMed,2023-09-11,183
BRT02: Mentari,BRT04: SunMed,2023-09-12,151
BRT02: Mentari,BRT04: SunMed,2023-09-13,233
BRT02: Mentari,BRT04: SunMed,2023-09-14,185
BRT02: Mentari,BRT04: SunMed,2023-09-15,177
BRT02: Mentari,BRT04: SunMed,2023-09-16,114
BRT02: Mentari,BRT04: SunMed,2023-09-17,175
BRT02: Mentari,BRT04: SunMed,2023-09-18,167
BRT02: Mentari,BRT04: SunMed,2023-09-19,185
BRT02: Mentari,BRT04: SunMed,2023-09-20,224
BRT02: Mentari,BRT04: SunMed,2023-09-21,193
BRT02: Mentari,BRT04: SunMed,2023-09-22,193
BRT02: Mentari,BRT04: SunMed,2023-09-23,156
BRT02: Mentari,BRT04: SunMed,2023-09-24,194
BRT02: Mentari,BRT04: SunMed,2023-09-25,167
BRT02: Mentari,BRT04: SunMed,2023-09-26,177
BRT02: Mentari,BRT04: SunMed,2023-09-27,216
BRT02: Mentari,BRT04: SunMed,2023-09-28,125
BRT02: Mentari,BRT04: SunMed,2023-09-29,187
BRT02: Mentari,BRT04: SunMed,2023-09-30,137
BRT02: Mentari,BRT04: SunMed,2023-10-01,246
BRT02: Mentari,BRT04: SunMed,2023-10-02,194
BRT02: Mentari,BRT04: SunMed,2023-10-03,173
BRT02: Mentari,BRT04: SunMed,2023-10-04,225
BRT02: Mentari,BRT04: SunMed,2023-10-05,170
BRT02: Mentari,BRT04: SunMed,2023-10-06,200
BRT02: Mentari,BRT04: SunMed,2023-10-07,184
BRT02: Mentari,BRT04: SunMed,2023-10-08,235
BRT02: Mentari,BRT04: SunMed,2023-10-09,175
BRT02: Mentari,BRT04: SunMed,2023-10-10,156
BRT02: Mentari,BRT04: SunMed,2023-10-11,249
BRT02: Mentari,BRT04: SunMed,2023-10-12,187
BRT02: Mentari,BRT04: SunMed,2023-10-13,198
BRT02: Mentari,BRT04: SunMed,2023-10-14,164
BRT02: Mentari,BRT04: SunMed,2023-10-15,241
BRT02: Mentari,BRT04: SunMed,2023-10-16,159
BRT02: Mentari,BRT04: SunMed,2023-10-17,190
BRT02: Mentari,BRT04: SunMed,2023-10-18,212
BRT02: Mentari,BRT04: SunMed,2023-10-19,168
BRT02: Mentari,BRT04: SunMed,2023-10-20,210
BRT02: Mentari,BRT04: SunMed,2023-10-21,162
BRT02: Mentari,BRT04: SunMed,2023-10-22,221
BRT02: Mentari,BRT04: SunMed,2023-10-23,173
BRT02: Mentari,BRT04: SunMed,2023-10-24,169
BRT02: Mentari,BRT04: SunMed,2023-10-25,226
BRT02: Mentari,BRT04: SunMed,2023-10-26,199
BRT02: Mentari,BRT04: SunMed,2023-10-27,189
BRT02: Mentari,BRT04: SunMed,2023-10-28,148
BRT02: Mentari,BRT04: SunMed,2023-10-29,223
BRT02: Mentari,BRT04: SunMed,2023-10-30,175
BRT02: Mentari,BRT04: SunMed,2023-10-31,164
BRT02: Mentari,BRT04: SunMed,2023-11-01,223
BRT02: Mentari,BRT04: SunMed,2023-11-02,192
BRT02: Mentari,BRT04: SunMed,2023-11-03,182
BRT02: Mentari,BRT04: SunMed,2023-11-04,149
BRT02: Mentari,BRT04: SunMed,2023-11-05,181
BRT02: Mentari,BRT04: SunMed,2023-11-06,181
BRT02: Mentari,BRT04: SunMed,2023-11-07,191
BRT02: Mentari,BRT04: SunMed,2023-11-08,228
BRT02: Mentari,BRT04: SunMed,2023-11-09,200
BRT02: Mentari,BRT04: SunMed,2023-11-10,204
BRT02: Mentari,BRT04: SunMed,2023-11-11,129
BRT02: Mentari,BRT04: SunMed,2023-11-12,305
BRT02: Mentari,BRT04: SunMed,2023-11-13,95
BRT02: Mentari,BRT04: SunMed,2023-11-14,163
BRT02: Mentari,BRT04: SunMed,2023-11-15,250
BRT02: Mentari,BRT04: SunMed,2023-11-16,207
BRT02: Mentari,BRT04: SunMed,2023-11-17,161
BRT02: Mentari,BRT04: SunMed,2023-11-18,171
BRT02: Mentari,BRT04: SunMed,2023-11-19,206
BRT02: Mentari,BRT04: SunMed,2023-11-20,160
BRT02: Mentari,BRT04: SunMed,2023-11-21,181
BRT02: Mentari,BRT04: SunMed,2023-11-22,209
BRT02: Mentari,BRT04: SunMed,2023-11-23,179
BRT02: Mentari,BRT04: SunMed,2023-11-24,185
BRT02: Mentari,BRT04: SunMed,2023-11-25,121
BRT02: Mentari,BRT04: SunMed,2023-11-26,209
BRT02: Mentari,BRT04: SunMed,2023-11-27,208
BRT02: Mentari,BRT04: SunMed,2023-11-28,190
BRT02: Mentari,BRT04: SunMed,2023-11-29,237
BRT02: Mentari,BRT04: SunMed,2023-11-30,192
BRT02: Mentari,BRT04: SunMed,2023-12-01,186
BRT02: Mentari,BRT04: SunMed,2023-12-02,156
BRT02: Mentari,BRT04: SunMed,2023-12-03,246
BRT02: Mentari,BRT04: SunMed,2023-12-04,163
BRT02: Mentari,BRT04: SunMed,2023-12-05,172
BRT02: Mentari,BRT04: SunMed,2023-12-06,207
BRT02: Mentari,BRT04: SunMed,2023-12-07,193
BRT02: Mentari,BRT04: SunMed,2023-12-08,207
BRT02: Mentari,BRT04: SunMed,2023-12-09,178
BRT02: Mentari,BRT04: SunMed,2023-12-10,269
BRT02: Mentari,BRT04: SunMed,2023-12-11,117
BRT02: Mentari,BRT04: SunMed,2023-12-12,185
BRT02: Mentari,BRT04: SunMed,2023-12-13,214
BRT02: Mentari,BRT04: SunMed,2023-12-14,168
BRT02: Mentari,BRT04: SunMed,2023-12-15,197
BRT02: Mentari,BRT04: SunMed,2023-12-16,146
BRT02: Mentari,BRT04: SunMed,2023-12-17,253
BRT02: Mentari,BRT04: SunMed,2023-12-18,166
BRT02: Mentari,BRT04: SunMed,2023-12-19,181
BRT02: Mentari,BRT04: SunMed,2023-12-20,229
BRT02: Mentari,BRT04: SunMed,2023-12-21,169
BRT02: Mentari,BRT04: SunMed,2023-12-22,163
BRT02: Mentari,BRT04: SunMed,2023-12-23,132
BRT02: Mentari,BRT04: SunMed,2023-12-24,196
BRT02: Mentari,BRT04: SunMed,2023-12-25,86
BRT02: Mentari,BRT04: SunMed,2023-12-26,141
BRT02: Mentari,BRT04: SunMed,2023-12-27,186
BRT02: Mentari,BRT04: SunMed,2023-12-28,157
BRT02: Mentari,BRT04: SunMed,2023-12-29,169
BRT02: Mentari,BRT04: SunMed,2023-12-30,154
BRT02: Mentari,BRT04: SunMed,2023-12-31,197
BRT02: Mentari,BRT05: SunU-Monash,2023-04-01,42
BRT02: Mentari,BRT05: SunU-Monash,2023-04-02,22
BRT02: Mentari,BRT05: SunU-Monash,2023-04-03,76
BRT02: Mentari,BRT05: SunU-Monash,2023-04-04,61
BRT02: Mentari,BRT05: SunU-Monash,2023-04-05,82
BRT02: Mentari,BRT05: SunU-Monash,2023-04-06,81
BRT02: Mentari,BRT05: SunU-Monash,2023-04-07,89
BRT02: Mentari,BRT05: SunU-Monash,2023-04-08,23
BRT02: Mentari,BRT05: SunU-Monash,2023-04-09,16
BRT02: Mentari,BRT05: SunU-Monash,2023-04-10,49
BRT02: Mentari,BRT05: SunU-Monash,2023-04-11,64
BRT02: Mentari,BRT05: SunU-Monash,2023-04-12,58
BRT02: Mentari,BRT05: SunU-Monash,2023-04-13,54
BRT02: Mentari,BRT05: SunU-Monash,2023-04-14,75
BRT02: Mentari,BRT05: SunU-Monash,2023-04-15,32
BRT02: Mentari,BRT05: SunU-Monash,2023-04-16,31
BRT02: Mentari,BRT05: SunU-Monash,2023-04-17,71
BRT02: Mentari,BRT05: SunU-Monash,2023-04-18,80
BRT02: Mentari,BRT05: SunU-Monash,2023-04-19,79
BRT02: Mentari,BRT05: SunU-Monash,2023-04-20,72
BRT02: Mentari,BRT05: SunU-Monash,2023-04-21,43
BRT02: Mentari,BRT05: SunU-Monash,2023-04-22,18
BRT02: Mentari,BRT05: SunU-Monash,2023-04-23,25
BRT02: Mentari,BRT05: SunU-Monash,2023-04-24,18
BRT02: Mentari,BRT05: SunU-Monash,2023-04-25,55
BRT02: Mentari,BRT05: SunU-Monash,2023-04-26,60
BRT02: Mentari,BRT05: SunU-Monash,2023-04-27,65
BRT02: Mentari,BRT05: SunU-Monash,2023-04-28,69
BRT02: Mentari,BRT05: SunU-Monash,2023-04-29,42
BRT02: Mentari,BRT05: SunU-Monash,2023-04-30,22
BRT02: Mentari,BRT05: SunU-Monash,2023-05-01,20
BRT02: Mentari,BRT05: SunU-Monash,2023-05-02,75
BRT02: Mentari,BRT05: SunU-Monash,2023-05-03,69
BRT02: Mentari,BRT05: SunU-Monash,2023-05-04,41
BRT02: Mentari,BRT05: SunU-Monash,2023-05-05,94
BRT02: Mentari,BRT05: SunU-Monash,2023-05-06,27
BRT02: Mentari,BRT05: SunU-Monash,2023-05-07,27
BRT02: Mentari,BRT05: SunU-Monash,2023-05-08,74
BRT02: Mentari,BRT05: SunU-Monash,2023-05-09,88
BRT02: Mentari,BRT05: SunU-Monash,2023-05-10,77
BRT02: Mentari,BRT05: SunU-Monash,2023-05-11,75
BRT02: Mentari,BRT05: SunU-Monash,2023-05-12,82
BRT02: Mentari,BRT05: SunU-Monash,2023-05-13,29
BRT02: Mentari,BRT05: SunU-Monash,2023-05-14,33
BRT02: Mentari,BRT05: SunU-Monash,2023-05-15,86
BRT02: Mentari,BRT05: SunU-Monash,2023-05-16,72
BRT02: Mentari,BRT05: SunU-Monash,2023-05-17,71
BRT02: Mentari,BRT05: SunU-Monash,2023-05-18,66
BRT02: Mentari,BRT05: SunU-Monash,2023-05-19,88
BRT02: Mentari,BRT05: SunU-Monash,2023-05-20,41
BRT02: Mentari,BRT05: SunU-Monash,2023-05-21,26
BRT02: Mentari,BRT05: SunU-Monash,2023-05-22,64
BRT02: Mentari,BRT05: SunU-Monash,2023-05-23,74
BRT02: Mentari,BRT05: SunU-Monash,2023-05-24,96
BRT02: Mentari,BRT05: SunU-Monash,2023-05-25,64
BRT02: Mentari,BRT05: SunU-Monash,2023-05-26,73
BRT02: Mentari,BRT05: SunU-Monash,2023-05-27,34
BRT02: Mentari,BRT05: SunU-Monash,2023-05-28,22
BRT02: Mentari,BRT05: SunU-Monash,2023-05-29,46
BRT02: Mentari,BRT05: SunU-Monash,2023-05-30,63
BRT02: Mentari,BRT05: SunU-Monash,2023-05-31,64
BRT02: Mentari,BRT05: SunU-Monash,2023-06-01,50
BRT02: Mentari,BRT05: SunU-Monash,2023-06-02,64
BRT02: Mentari,BRT05: SunU-Monash,2023-06-03,45
BRT02: Mentari,BRT05: SunU-Monash,2023-06-04,20
BRT02: Mentari,BRT05: SunU-Monash,2023-06-05,24
BRT02: Mentari,BRT05: SunU-Monash,2023-06-06,76
BRT02: Mentari,BRT05: SunU-Monash,2023-06-07,56
BRT02: Mentari,BRT05: SunU-Monash,2023-06-08,57
BRT02: Mentari,BRT05: SunU-Monash,2023-06-09,65
BRT02: Mentari,BRT05: SunU-Monash,2023-06-10,39
BRT02: Mentari,BRT05: SunU-Monash,2023-06-11,23
BRT02: Mentari,BRT05: SunU-Monash,2023-06-12,56
BRT02: Mentari,BRT05: SunU-Monash,2023-06-13,57
BRT02: Mentari,BRT05: SunU-Monash,2023-06-14,64
BRT02: Mentari,BRT05: SunU-Monash,2023-06-15,60
BRT02: Mentari,BRT05: SunU-Monash,2023-06-16,66
BRT02: Mentari,BRT05: SunU-Monash,2023-06-17,37
BRT02: Mentari,BRT05: SunU-Monash,2023-06-18,20
BRT02: Mentari,BRT05: SunU-Monash,2023-06-19,54
BRT02: Mentari,BRT05: SunU-Monash,2023-06-20,58
BRT02: Mentari,BRT05: SunU-Monash,2023-06-21,56
BRT02: Mentari,BRT05: SunU-Monash,2023-06-22,63
BRT02: Mentari,BRT05: SunU-Monash,2023-06-23,58
BRT02: Mentari,BRT05: SunU-Monash,2023-06-24,48
BRT02: Mentari,BRT05: SunU-Monash,2023-06-25,27
BRT02: Mentari,BRT05: SunU-Monash,2023-06-26,57
BRT02: Mentari,BRT05: SunU-Monash,2023-06-27,51
BRT02: Mentari,BRT05: SunU-Monash,2023-06-28,57
BRT02: Mentari,BRT05: SunU-Monash,2023-06-29,21
BRT02: Mentari,BRT05: SunU-Monash,2023-06-30,77
BRT02: Mentari,BRT05: SunU-Monash,2023-07-01,34
BRT02: Mentari,BRT05: SunU-Monash,2023-07-02,33
BRT02: Mentari,BRT05: SunU-Monash,2023-07-03,60
BRT02: Mentari,BRT05: SunU-Monash,2023-07-04,64
BRT02: Mentari,BRT05: SunU-Monash,2023-07-05,68
BRT02: Mentari,BRT05: SunU-Monash,2023-07-06,66
BRT02: Mentari,BRT05: SunU-Monash,2023-07-07,78
BRT02: Mentari,BRT05: SunU-Monash,2023-07-08,41
BRT02: Mentari,BRT05: SunU-Monash,2023-07-09,28
BRT02: Mentari,BRT05: SunU-Monash,2023-07-10,62
BRT02: Mentari,BRT05: SunU-Monash,2023-07-11,59
BRT02: Mentari,BRT05: SunU-Monash,2023-07-12,65
BRT02: Mentari,BRT05: SunU-Monash,2023-07-13,70
BRT02: Mentari,BRT05: SunU-Monash,2023-07-14,75
BRT02: Mentari,BRT05: SunU-Monash,2023-07-15,39
BRT02: Mentari,BRT05: SunU-Monash,2023-07-16,30
BRT02: Mentari,BRT05: SunU-Monash,2023-07-17,66
BRT02: Mentari,BRT05: SunU-Monash,2023-07-18,69
BRT02: Mentari,BRT05: SunU-Monash,2023-07-19,36
BRT02: Mentari,BRT05: SunU-Monash,2023-07-20,63
BRT02: Mentari,BRT05: SunU-Monash,2023-07-21,84
BRT02: Mentari,BRT05: SunU-Monash,2023-07-22,44
BRT02: Mentari,BRT05: SunU-Monash,2023-07-23,34
BRT02: Mentari,BRT05: SunU-Monash,2023-07-24,89
BRT02: Mentari,BRT05: SunU-Monash,2023-07-25,84
BRT02: Mentari,BRT05: SunU-Monash,2023-07-26,92
BRT02: Mentari,BRT05: SunU-Monash,2023-07-27,78
BRT02: Mentari,BRT05: SunU-Monash,2023-07-28,98
BRT02: Mentari,BRT05: SunU-Monash,2023-07-29,34
BRT02: Mentari,BRT05: SunU-Monash,2023-07-30,22
BRT02: Mentari,BRT05: SunU-Monash,2023-07-31,82
BRT02: Mentari,BRT05: SunU-Monash,2023-08-01,88
BRT02: Mentari,BRT05: SunU-Monash,2023-08-02,82
BRT02: Mentari,BRT05: SunU-Monash,2023-08-03,71
BRT02: Mentari,BRT05: SunU-Monash,2023-08-04,85
BRT02: Mentari,BRT05: SunU-Monash,2023-08-05,34
BRT02: Mentari,BRT05: SunU-Monash,2023-08-06,32
BRT02: Mentari,BRT05: SunU-Monash,2023-08-07,87
BRT02: Mentari,BRT05: SunU-Monash,2023-08-08,80
BRT02: Mentari,BRT05: SunU-Monash,2023-08-09,93
BRT02: Mentari,BRT05: SunU-Monash,2023-08-10,84
BRT02: Mentari,BRT05: SunU-Monash,2023-08-11,82
BRT02: Mentari,BRT05: SunU-Monash,2023-08-12,49
BRT02: Mentari,BRT05: SunU-Monash,2023-08-13,27
BRT02: Mentari,BRT05: SunU-Monash,2023-08-14,29
BRT02: Mentari,BRT05: SunU-Monash,2023-08-15,79
BRT02: Mentari,BRT05: SunU-Monash,2023-08-16,74
BRT02: Mentari,BRT05: SunU-Monash,2023-08-17,97
BRT02: Mentari,BRT05: SunU-Monash,2023-08-18,101
BRT02: Mentari,BRT05: SunU-Monash,2023-08-19,39
BRT02: Mentari,BRT05: SunU-Monash,2023-08-20,27
BRT02: Mentari,BRT05: SunU-Monash,2023-08-21,67
BRT02: Mentari,BRT05: SunU-Monash,2023-08-22,79
BRT02: Mentari,BRT05: SunU-Monash,2023-08-23,86
BRT02: Mentari,BRT05: SunU-Monash,2023-08-24,84
BRT02: Mentari,BRT05: SunU-Monash,2023-08-25,80
BRT02: Mentari,BRT05: SunU-Monash,2023-08-26,40
BRT02: Mentari,BRT05: SunU-Monash,2023-08-27,37
BRT02: Mentari,BRT05: SunU-Monash,2023-08-28,72
BRT02: Mentari,BRT05: SunU-Monash,2023-08-29,86
BRT02: Mentari,BRT05: SunU-Monash,2023-08-30,87
BRT02: Mentari,BRT05: SunU-Monash,2023-08-31,22
BRT02: Mentari,BRT05: SunU-Monash,2023-09-01,87
BRT02: Mentari,BRT05: SunU-Monash,2023-09-02,43
BRT02: Mentari,BRT05: SunU-Monash,2023-09-03,28
BRT02: Mentari,BRT05: SunU-Monash,2023-09-04,89
BRT02: Mentari,BRT05: SunU-Monash,2023-09-05,76
BRT02: Mentari,BRT05: SunU-Monash,2023-09-06,96
BRT02: Mentari,BRT05: SunU-Monash,2023-09-07,108
BRT02: Mentari,BRT05: SunU-Monash,2023-09-08,95
BRT02: Mentari,BRT05: SunU-Monash,2023-09-09,56
BRT02: Mentari,BRT05: SunU-Monash,2023-09-10,33
BRT02: Mentari,BRT05: SunU-Monash,2023-09-11,92
BRT02: Mentari,BRT05: SunU-Monash,2023-09-12,90
BRT02: Mentari,BRT05: SunU-Monash,2023-09-13,123
BRT02: Mentari,BRT05: SunU-Monash,2023-09-14,96
BRT02: Mentari,BRT05: SunU-Monash,2023-09-15,103
BRT02: Mentari,BRT05: SunU-Monash,2023-09-16,42
BRT02: Mentari,BRT05: SunU-Monash,2023-09-17,28
BRT02: Mentari,BRT05: SunU-Monash,2023-09-18,97
BRT02: Mentari,BRT05: SunU-Monash,2023-09-19,106
BRT02: Mentari,BRT05: SunU-Monash,2023-09-20,112
BRT02: Mentari,BRT05: SunU-Monash,2023-09-21,109
BRT02: Mentari,BRT05: SunU-Monash,2023-09-22,115
BRT02: Mentari,BRT05: SunU-Monash,2023-09-23,43
BRT02: Mentari,BRT05: SunU-Monash,2023-09-24,24
BRT02: Mentari,BRT05: SunU-Monash,2023-09-25,74
BRT02: Mentari,BRT05: SunU-Monash,2023-09-26,79
BRT02: Mentari,BRT05: SunU-Monash,2023-09-27,87
BRT02: Mentari,BRT05: SunU-Monash,2023-09-28,42
BRT02: Mentari,BRT05: SunU-Monash,2023-09-29,87
BRT02: Mentari,BRT05: SunU-Monash,2023-09-30,47
BRT02: Mentari,BRT05: SunU-Monash,2023-10-01,38
BRT02: Mentari,BRT05: SunU-Monash,2023-10-02,98
BRT02: Mentari,BRT05: SunU-Monash,2023-10-03,111
BRT02: Mentari,BRT05: SunU-Monash,2023-10-04,120
BRT02: Mentari,BRT05: SunU-Monash,2023-10-05,110
BRT02: Mentari,BRT05: SunU-Monash,2023-10-06,122
BRT02: Mentari,BRT05: SunU-Monash,2023-10-07,43
BRT02: Mentari,BRT05: SunU-Monash,2023-10-08,35
BRT02: Mentari,BRT05: SunU-Monash,2023-10-09,110
BRT02: Mentari,BRT05: SunU-Monash,2023-10-10,110
BRT02: Mentari,BRT05: SunU-Monash,2023-10-11,117
BRT02: Mentari,BRT05: SunU-Monash,2023-10-12,106
BRT02: Mentari,BRT05: SunU-Monash,2023-10-13,140
BRT02: Mentari,BRT05: SunU-Monash,2023-10-14,52
BRT02: Mentari,BRT05: SunU-Monash,2023-10-15,44
BRT02: Mentari,BRT05: SunU-Monash,2023-10-16,107
BRT02: Mentari,BRT05: SunU-Monash,2023-10-17,117
BRT02: Mentari,BRT05: SunU-Monash,2023-10-18,121
BRT02: Mentari,BRT05: SunU-Monash,2023-10-19,118
BRT02: Mentari,BRT05: SunU-Monash,2023-10-20,125
BRT02: Mentari,BRT05: SunU-Monash,2023-10-21,45
BRT02: Mentari,BRT05: SunU-Monash,2023-10-22,33
BRT02: Mentari,BRT05: SunU-Monash,2023-10-23,84
BRT02: Mentari,BRT05: SunU-Monash,2023-10-24,99
BRT02: Mentari,BRT05: SunU-Monash,2023-10-25,110
BRT02: Mentari,BRT05: SunU-Monash,2023-10-26,82
BRT02: Mentari,BRT05: SunU-Monash,2023-10-27,94
BRT02: Mentari,BRT05: SunU-Monash,2023-10-28,38
BRT02: Mentari,BRT05: SunU-Monash,2023-10-29,31
BRT02: Mentari,BRT05: SunU-Monash,2023-10-30,75
BRT02: Mentari,BRT05: SunU-Monash,2023-10-31,89
BRT02: Mentari,BRT05: SunU-Monash,2023-11-01,85
BRT02: Mentari,BRT05: SunU-Monash,2023-11-02,76
BRT02: Mentari,BRT05: SunU-Monash,2023-11-03,80
BRT02: Mentari,BRT05: SunU-Monash,2023-11-04,54
BRT02: Mentari,BRT05: SunU-Monash,2023-11-05,22
BRT02: Mentari,BRT05: SunU-Monash,2023-11-06,72
BRT02: Mentari,BRT05: SunU-Monash,2023-11-07,79
BRT02: Mentari,BRT05: SunU-Monash,2023-11-08,91
BRT02: Mentari,BRT05: SunU-Monash,2023-11-09,83
BRT02: Mentari,BRT05: SunU-Monash,2023-11-10,84
BRT02: Mentari,BRT05: SunU-Monash,2023-11-11,54
BRT02: Mentari,BRT05: SunU-Monash,2023-11-12,33
BRT02: Mentari,BRT05: SunU-Monash,2023-11-13,36
BRT02: Mentari,BRT05: SunU-Monash,2023-11-14,74
BRT02: Mentari,BRT05: SunU-Monash,2023-11-15,89
BRT02: Mentari,BRT05: SunU-Monash,2023-11-16,72
BRT02: Mentari,BRT05: SunU-Monash,2023-11-17,77
BRT02: Mentari,BRT05: SunU-Monash,2023-11-18,45
BRT02: Mentari,BRT05: SunU-Monash,2023-11-19,36
BRT02: Mentari,BRT05: SunU-Monash,2023-11-20,53
BRT02: Mentari,BRT05: SunU-Monash,2023-11-21,70
BRT02: Mentari,BRT05: SunU-Monash,2023-11-22,89
BRT02: Mentari,BRT05: SunU-Monash,2023-11-23,83
BRT02: Mentari,BRT05: SunU-Monash,2023-11-24,81
BRT02: Mentari,BRT05: SunU-Monash,2023-11-25,34
BRT02: Mentari,BRT05: SunU-Monash,2023-11-26,29
BRT02: Mentari,BRT05: SunU-Monash,2023-11-27,70
BRT02: Mentari,BRT05: SunU-Monash,2023-11-28,71
BRT02: Mentari,BRT05: SunU-Monash,2023-11-29,76
BRT02: Mentari,BRT05: SunU-Monash,2023-11-30,70
BRT02: Mentari,BRT05: SunU-Monash,2023-12-01,105
BRT02: Mentari,BRT05: SunU-Monash,2023-12-02,47
BRT02: Mentari,BRT05: SunU-Monash,2023-12-03,30
BRT02: Mentari,BRT05: SunU-Monash,2023-12-04,66
BRT02: Mentari,BRT05: SunU-Monash,2023-12-05,69
BRT02: Mentari,BRT05: SunU-Monash,2023-12-06,70
BRT02: Mentari,BRT05: SunU-Monash,2023-12-07,68
BRT02: Mentari,BRT05: SunU-Monash,2023-12-08,69
BRT02: Mentari,BRT05: SunU-Monash,2023-12-09,45
BRT02: Mentari,BRT05: SunU-Monash,2023-12-10,23
BRT02: Mentari,BRT05: SunU-Monash,2023-12-11,21
BRT02: Mentari,BRT05: SunU-Monash,2023-12-12,64
BRT02: Mentari,BRT05: SunU-Monash,2023-12-13,64
BRT02: Mentari,BRT05: SunU-Monash,2023-12-14,58
BRT02: Mentari,BRT05: SunU-Monash,2023-12-15,64
BRT02: Mentari,BRT05: SunU-Monash,2023-12-16,39
BRT02: Mentari,BRT05: SunU-Monash,2023-12-17,26
BRT02: Mentari,BRT05: SunU-Monash,2023-12-18,61
BRT02: Mentari,BRT05: SunU-Monash,2023-12-19,50
BRT02: Mentari,BRT05: SunU-Monash,2023-12-20,64
BRT02: Mentari,BRT05: SunU-Monash,2023-12-21,50
BRT02: Mentari,BRT05: SunU-Monash,2023-12-22,59
BRT02: Mentari,BRT05: SunU-Monash,2023-12-23,39
BRT02: Mentari,BRT05: SunU-Monash,2023-12-24,21
BRT02: Mentari,BRT05: SunU-Monash,2023-12-25,15
BRT02: Mentari,BRT05: SunU-Monash,2023-12-26,47
BRT02: Mentari,BRT05: SunU-Monash,2023-12-27,51
BRT02: Mentari,BRT05: SunU-Monash,2023-12-28,42
BRT02: Mentari,BRT05: SunU-Monash,2023-12-29,48
BRT02: Mentari,BRT05: SunU-Monash,2023-12-30,35
BRT02: Mentari,BRT05: SunU-Monash,2023-12-31,28
BRT02: Mentari,BRT06: South Quay-USJ 1,2023-04-01,53
BRT02: Mentari,BRT06: South Quay-USJ 1,2023-04-02,78
BRT02: Mentari,BRT06: South Quay-USJ 1,2023-04-03,79
BRT02: Mentari,BRT06: South Quay-USJ 1,2023-04-04,77
BRT02: Mentari,BRT06: South Quay-USJ 1,2023-04-05,98
BRT02: Mentari,BRT06: South Quay-USJ 1,2023-04-06,70
BRT02: Mentari,BRT06: South Quay-USJ 1,2023-04-07,71
BRT02: Mentari,BRT06: South Quay-USJ 1,2023-04-08,64
BRT02: Mentari,BRT06: South Quay-USJ 1,2023-04-09,91
BRT02: Mentari,BRT06: South Quay-USJ 1,2023-04-10,88
BRT02: Mentari,BRT06: South Quay-USJ 1,2023-04-11,84
BRT02: Mentari,BRT06: South Quay-USJ 1,2023-04-12,71
BRT02: Mentari,BRT06: South Quay-USJ 1,2023-04-13,55
BRT02: Mentari,BRT06: South Quay-USJ 1,2023-04-14,73
BRT02: Mentari,BRT06: South Quay-USJ 1,2023-04-15,64
BRT02: Mentari,BRT06: South Quay-USJ 1,2023-04-16,86
BRT02: Mentari,BRT06: South Quay-USJ 1,2023-04-17,58
BRT02: Mentari,BRT06: South Quay-USJ 1,2023-04-18,79
BRT02: Mentari,BRT06: South Quay-USJ 1,2023-04-19,86
BRT02: Mentari,BRT06: South Quay-USJ 1,2023-04-20,107
BRT02: Mentari,BRT06: South Quay-USJ 1,2023-04-21,70
BRT02: Mentari,BRT06: South Quay-USJ 1,2023-04-22,44
BRT02: Mentari,BRT06: South Quay-USJ 1,2023-04-23,59
BRT02: Mentari,BRT06: South Quay-USJ 1,2023-04-24,31
BRT02: Mentari,BRT06: South Quay-USJ 1,2023-04-25,39
BRT02: Mentari,BRT06: South Quay-USJ 1,2023-04-26,48
BRT02: Mentari,BRT06: South Quay-USJ 1,2023-04-27,39
BRT02: Mentari,BRT06: South Quay-USJ 1,2023-04-28,40
BRT02: Mentari,BRT06: South Quay-USJ 1,2023-04-29,47
BRT02: Mentari,BRT06: South Quay-USJ 1,2023-04-30,57
BRT02: Mentari,BRT06: South Quay-USJ 1,2023-05-01,37
BRT02: Mentari,BRT06: South Quay-USJ 1,2023-05-02,52
BRT02: Mentari,BRT06: South Quay-USJ 1,2023-05-03,54
BRT02: Mentari,BRT06: South Quay-USJ 1,2023-05-04,46
BRT02: Mentari,BRT06: South Quay-USJ 1,2023-05-05,71
BRT02: Mentari,BRT06: South Quay-USJ 1,2023-05-06,41
BRT02: Mentari,BRT06: South Quay-USJ 1,2023-05-07,51
BRT02: Mentari,BRT06: South Quay-USJ 1,2023-05-08,51
BRT02: Mentari,BRT06: South Quay-USJ 1,2023-05-09,55
BRT02: Mentari,BRT06: South Quay-USJ 1,2023-05-10,63
BRT02: Mentari,BRT06: South Quay-USJ 1,2023-05-11,56
BRT02: Mentari,BRT06: South Quay-USJ 1,2023-05-12,48
BRT02: Mentari,BRT06: South Quay-USJ 1,2023-05-13,44
BRT02: Mentari,BRT06: South Quay-USJ 1,2023-05-14,63
BRT02: Mentari,BRT06: South Quay-USJ 1,2023-05-15,51
BRT02: Mentari,BRT06: South Quay-USJ 1,2023-05-16,53
BRT02: Mentari,BRT06: South Quay-USJ 1,2023-05-17,67
BRT02: Mentari,BRT06: South Quay-USJ 1,2023-05-18,46
BRT02: Mentari,BRT06: South Quay-USJ 1,2023-05-19,44
BRT02: Mentari,BRT06: South Quay-USJ 1,2023-05-20,42
BRT02: Mentari,BRT06: South Quay-USJ 1,2023-05-21,55
BRT02: Mentari,BRT06: South Quay-USJ 1,2023-05-22,61
BRT02: Mentari,BRT06: South Quay-USJ 1,2023-05-23,71
BRT02: Mentari,BRT06: South Quay-USJ 1,2023-05-24,45
BRT02: Mentari,BRT06: South Quay-USJ 1,2023-05-25,44
BRT02: Mentari,BRT06: South Quay-USJ 1,2023-05-26,60
BRT02: Mentari,BRT06: South Quay-USJ 1,2023-05-27,41
BRT02: Mentari,BRT06: South Quay-USJ 1,2023-05-28,68
BRT02: Mentari,BRT06: South Quay-USJ 1,2023-05-29,54
BRT02: Mentari,BRT06: South Quay-USJ 1,2023-05-30,52
BRT02: Mentari,BRT06: South Quay-USJ 1,2023-05-31,59
BRT02: Mentari,BRT06: South Quay-USJ 1,2023-06-01,36
BRT02: Mentari,BRT06: South Quay-USJ 1,2023-06-02,51
BRT02: Mentari,BRT06: South Quay-USJ 1,2023-06-03,44
BRT02: Mentari,BRT06: South Quay-USJ 1,2023-06-04,62
BRT02: Mentari,BRT06: South Quay-USJ 1,2023-06-05,29
BRT02: Mentari,BRT06: South Quay-USJ 1,2023-06-06,67
BRT02: Mentari,BRT06: South Quay-USJ 1,2023-06-07,69
BRT02: Mentari,BRT06: South Quay-USJ 1,2023-06-08,48
BRT02: Mentari,BRT06: South Quay-USJ 1,2023-06-09,54
BRT02: Mentari,BRT06: South Quay-USJ 1,2023-06-10,34
BRT02: Mentari,BRT06: South Quay-USJ 1,2023-06-11,75
BRT02: Mentari,BRT06: South Quay-USJ 1,2023-06-12,65
BRT02: Mentari,BRT06: South Quay-USJ 1,2023-06-13,62
BRT02: Mentari,BRT06: South Quay-USJ 1,2023-06-14,60
BRT02: Mentari,BRT06: South Quay-USJ 1,2023-06-15,42
BRT02: Mentari,BRT06: South Quay-USJ 1,2023-06-16,46
BRT02: Mentari,BRT06: South Quay-USJ 1,2023-06-17,36
BRT02: Mentari,BRT06: South Quay-USJ 1,2023-06-18,79
BRT02: Mentari,BRT06: South Quay-USJ 1,2023-06-19,51
BRT02: Mentari,BRT06: South Quay-USJ 1,2023-06-20,51
BRT02: Mentari,BRT06: South Quay-USJ 1,2023-06-21,54
BRT02: Mentari,BRT06: South Quay-USJ 1,2023-06-22,50
BRT02: Mentari,BRT06: South Quay-USJ 1,2023-06-23,56
BRT02: Mentari,BRT06: South Quay-USJ 1,2023-06-24,40
BRT02: Mentari,BRT06: South Quay-USJ 1,2023-06-25,66
BRT02: Mentari,BRT06: South Quay-USJ 1,2023-06-26,65
BRT02: Mentari,BRT06: South Quay-USJ 1,2023-06-27,57
BRT02: Mentari,BRT06: South Quay-USJ 1,2023-06-28,89
BRT02: Mentari,BRT06: South Quay-USJ 1,2023-06-29,46
BRT02: Mentari,BRT06: South Quay-USJ 1,2023-06-30,57
BRT02: Mentari,BRT06: South Quay-USJ 1,2023-07-01,43
BRT02: Mentari,BRT06: South Quay-USJ 1,2023-07-02,53
BRT02: Mentari,BRT06: South Quay-USJ 1,2023-07-03,61
BRT02: Mentari,BRT06: South Quay-USJ 1,2023-07-04,59
BRT02: Mentari,BRT06: South Quay-USJ 1,2023-07-05,57
BRT02: Mentari,BRT06: South Quay-USJ 1,2023-07-06,48
BRT02: Mentari,BRT06: South Quay-USJ 1,2023-07-07,60
BRT02: Mentari,BRT06: South Quay-USJ 1,2023-07-08,45
BRT02: Mentari,BRT06: South Quay-USJ 1,2023-07-09,72
BRT02: Mentari,BRT06: South Quay-USJ 1,2023-07-10,76
BRT02: Mentari,BRT06: South Quay-USJ 1,2023-07-11,67
BRT02: Mentari,BRT06: South Quay-USJ 1,2023-07-12,45
BRT02: Mentari,BRT06: South Quay-USJ 1,2023-07-13,48
BRT02: Mentari,BRT06: South Quay-USJ 1,2023-07-14,50
BRT02: Mentari,BRT06: South Quay-USJ 1,2023-07-15,43
BRT02: Mentari,BRT06: South Quay-USJ 1,2023-07-16,69
BRT02: Mentari,BRT06: South Quay-USJ 1,2023-07-17,55
BRT02: Mentari,BRT06: South Quay-USJ 1,2023-07-18,46
BRT02: Mentari,BRT06: South Quay-USJ 1,2023-07-19,48
BRT02: Mentari,BRT06: South Quay-USJ 1,2023-07-20,62
BRT02: Mentari,BRT06: South Quay-USJ 1,2023-07-21,60
BRT02: Mentari,BRT06: South Quay-USJ 1,2023-07-22,48
BRT02: Mentari,BRT06: South Quay-USJ 1,2023-07-23,65
BRT02: Mentari,BRT06: South Quay-USJ 1,2023-07-24,56
BRT02: Mentari,BRT06: South Quay-USJ 1,2023-07-25,71
BRT02: Mentari,BRT06: South Quay-USJ 1,2023-07-26,54
BRT02: Mentari,BRT06: South Quay-USJ 1,2023-07-27,61
BRT02: Mentari,BRT06: South Quay-USJ 1,2023-07-28,64
BRT02: Mentari,BRT06: South Quay-USJ 1,2023-07-29,57
BRT02: Mentari,BRT06: South Quay-USJ 1,2023-07-30,69
BRT02: Mentari,BRT06: South Quay-USJ 1,2023-07-31,68
BRT02: Mentari,BRT06: South Quay-USJ 1,2023-08-01,72
BRT02: Mentari,BRT06: South Quay-USJ 1,2023-08-02,48
BRT02: Mentari,BRT06: South Quay-USJ 1,2023-08-03,64
BRT02: Mentari,BRT06: South Quay-USJ 1,2023-08-04,74
BRT02: Mentari,BRT06: South Quay-USJ 1,2023-08-05,62
BRT02: Mentari,BRT06: South Quay-USJ 1,2023-08-06,81
BRT02: Mentari,BRT06: South Quay-USJ 1,2023-08-07,48
BRT02: Mentari,BRT06: South Quay-USJ 1,2023-08-08,54
BRT02: Mentari,BRT06: South Quay-USJ 1,2023-08-09,64
BRT02: Mentari,BRT06: South Quay-USJ 1,2023-08-10,55
BRT02: Mentari,BRT06: South Quay-USJ 1,2023-08-11,58
BRT02: Mentari,BRT06: South Quay-USJ 1,2023-08-12,41
BRT02: Mentari,BRT06: South Quay-USJ 1,2023-08-13,39
BRT02: Mentari,BRT06: South Quay-USJ 1,2023-08-14,51
BRT02: Mentari,BRT06: South Quay-USJ 1,2023-08-15,69
BRT02: Mentari,BRT06: South Quay-USJ 1,2023-08-16,50
BRT02: Mentari,BRT06: South Quay-USJ 1,2023-08-17,49
BRT02: Mentari,BRT06: South Quay-USJ 1,2023-08-18,46
BRT02: Mentari,BRT06: South Quay-USJ 1,2023-08-19,44
BRT02: Mentari,BRT06: South Quay-USJ 1,2023-08-20,58
BRT02: Mentari,BRT06: South Quay-USJ 1,2023-08-21,70
BRT02: Mentari,BRT06: South Quay-USJ 1,2023-08-22,70
BRT02: Mentari,BRT06: South Quay-USJ 1,2023-08-23,63
BRT02: Mentari,BRT06: South Quay-USJ 1,2023-08-24,49
BRT02: Mentari,BRT06: South Quay-USJ 1,2023-08-25,67
BRT02: Mentari,BRT06: South Quay-USJ 1,2023-08-26,44
BRT02: Mentari,BRT06: South Quay-USJ 1,2023-08-27,58
BRT02: Mentari,BRT06: South Quay-USJ 1,2023-08-28,53
BRT02: Mentari,BRT06: South Quay-USJ 1,2023-08-29,56
BRT02: Mentari,BRT06: South Quay-USJ 1,2023-08-30,53
BRT02: Mentari,BRT06: South Quay-USJ 1,2023-08-31,54
BRT02: Mentari,BRT06: South Quay-USJ 1,2023-09-01,69
BRT02: Mentari,BRT06: South Quay-USJ 1,2023-09-02,59
BRT02: Mentari,BRT06: South Quay-USJ 1,2023-09-03,51
BRT02: Mentari,BRT06: South Quay-USJ 1,2023-09-04,73
BRT02: Mentari,BRT06: South Quay-USJ 1,2023-09-05,61
BRT02: Mentari,BRT06: South Quay-USJ 1,2023-09-06,70
BRT02: Mentari,BRT06: South Quay-USJ 1,2023-09-07,61
BRT02: Mentari,BRT06: South Quay-USJ 1,2023-09-08,57
BRT02: Mentari,BRT06: South Quay-USJ 1,2023-09-09,59
BRT02: Mentari,BRT06: South Quay-USJ 1,2023-09-10,70
BRT02: Mentari,BRT06: South Quay-USJ 1,2023-09-11,74
BRT02: Mentari,BRT06: South Quay-USJ 1,2023-09-12,66
BRT02: Mentari,BRT06: South Quay-USJ 1,2023-09-13,59
BRT02: Mentari,BRT06: South Quay-USJ 1,2023-09-14,61
BRT02: Mentari,BRT06: South Quay-USJ 1,2023-09-15,68
BRT02: Mentari,BRT06: South Quay-USJ 1,2023-09-16,54
BRT02: Mentari,BRT06: South Quay-USJ 1,2023-09-17,54
BRT02: Mentari,BRT06: South Quay-USJ 1,2023-09-18,54
BRT02: Mentari,BRT06: South Quay-USJ 1,2023-09-19,67
BRT02: Mentari,BRT06: South Quay-USJ 1,2023-09-20,64
BRT02: Mentari,BRT06: South Quay-USJ 1,2023-09-21,64
BRT02: Mentari,BRT06: South Quay-USJ 1,2023-09-22,61
BRT02: Mentari,BRT06: South Quay-USJ 1,2023-09-23,45
BRT02: Mentari,BRT06: South Quay-USJ 1,2023-09-24,69
BRT02: Mentari,BRT06: South Quay-USJ 1,2023-09-25,66
BRT02: Mentari,BRT06: South Quay-USJ 1,2023-09-26,70
BRT02: Mentari,BRT06: South Quay-USJ 1,2023-09-27,94
BRT02: Mentari,BRT06: South Quay-USJ 1,2023-09-28,50
BRT02: Mentari,BRT06: South Quay-USJ 1,2023-09-29,65
BRT02: Mentari,BRT06: South Quay-USJ 1,2023-09-30,65
BRT02: Mentari,BRT06: South Quay-USJ 1,2023-10-01,64
BRT02: Mentari,BRT06: South Quay-USJ 1,2023-10-02,60
BRT02: Mentari,BRT06: South Quay-USJ 1,2023-10-03,62
BRT02: Mentari,BRT06: South Quay-USJ 1,2023-10-04,73
BRT02: Mentari,BRT06: South Quay-USJ 1,2023-10-05,51
BRT02: Mentari,BRT06: South Quay-USJ 1,2023-10-06,71
BRT02: Mentari,BRT06: South Quay-USJ 1,2023-10-07,78
BRT02: Mentari,BRT06: South Quay-USJ 1,2023-10-08,81
BRT02: Mentari,BRT06: South Quay-USJ 1,2023-10-09,73
BRT02: Mentari,BRT06: South Quay-USJ 1,2023-10-10,80
BRT02: Mentari,BRT06: South Quay-USJ 1,2023-10-11,74
BRT02: Mentari,BRT06: South Quay-USJ 1,2023-10-12,58
BRT02: Mentari,BRT06: South Quay-USJ 1,2023-10-13,81
BRT02: Mentari,BRT06: South Quay-USJ 1,2023-10-14,54
BRT02: Mentari,BRT06: South Quay-USJ 1,2023-10-15,72
BRT02: Mentari,BRT06: South Quay-USJ 1,2023-10-16,65
BRT02: Mentari,BRT06: South Quay-USJ 1,2023-10-17,58
BRT02: Mentari,BRT06: South Quay-USJ 1,2023-10-18,68
BRT02: Mentari,BRT06: South Quay-USJ 1,2023-10-19,60
BRT02: Mentari,BRT06: South Quay-USJ 1,2023-10-20,59
BRT02: Mentari,BRT06: South Quay-USJ 1,2023-10-21,57
BRT02: Mentari,BRT06: South Quay-USJ 1,2023-10-22,66
BRT02: Mentari,BRT06: South Quay-USJ 1,2023-10-23,64
BRT02: Mentari,BRT06: South Quay-USJ 1,2023-10-24,63
BRT02: Mentari,BRT06: South Quay-USJ 1,2023-10-25,69
BRT02: Mentari,BRT06: South Quay-USJ 1,2023-10-26,65
BRT02: Mentari,BRT06: South Quay-USJ 1,2023-10-27,55
BRT02: Mentari,BRT06: South Quay-USJ 1,2023-10-28,45
BRT02: Mentari,BRT06: South Quay-USJ 1,2023-10-29,70
BRT02: Mentari,BRT06: South Quay-USJ 1,2023-10-30,68
BRT02: Mentari,BRT06: South Quay-USJ 1,2023-10-31,55
BRT02: Mentari,BRT06: South Quay-USJ 1,2023-11-01,62
BRT02: Mentari,BRT06: South Quay-USJ 1,2023-11-02,68
BRT02: Mentari,BRT06: South Quay-USJ 1,2023-11-03,60
BRT02: Mentari,BRT06: South Quay-USJ 1,2023-11-04,49
BRT02: Mentari,BRT06: South Quay-USJ 1,2023-11-05,54
BRT02: Mentari,BRT06: South Quay-USJ 1,2023-11-06,51
BRT02: Mentari,BRT06: South Quay-USJ 1,2023-11-07,64
BRT02: Mentari,BRT06: South Quay-USJ 1,2023-11-08,66
BRT02: Mentari,BRT06: South Quay-USJ 1,2023-11-09,51
BRT02: Mentari,BRT06: South Quay-USJ 1,2023-11-10,51
BRT02: Mentari,BRT06: South Quay-USJ 1,2023-11-11,46
BRT02: Mentari,BRT06: South Quay-USJ 1,2023-11-12,84
BRT02: Mentari,BRT06: South Quay-USJ 1,2023-11-13,48
BRT02: Mentari,BRT06: South Quay-USJ 1,2023-11-14,72
BRT02: Mentari,BRT06: South Quay-USJ 1,2023-11-15,50
BRT02: Mentari,BRT06: South Quay-USJ 1,2023-11-16,56
BRT02: Mentari,BRT06: South Quay-USJ 1,2023-11-17,60
BRT02: Mentari,BRT06: South Quay-USJ 1,2023-11-18,67
BRT02: Mentari,BRT06: South Quay-USJ 1,2023-11-19,65
BRT02: Mentari,BRT06: South Quay-USJ 1,2023-11-20,69
BRT02: Mentari,BRT06: South Quay-USJ 1,2023-11-21,67
BRT02: Mentari,BRT06: South Quay-USJ 1,2023-11-22,67
BRT02: Mentari,BRT06: South Quay-USJ 1,2023-11-23,56
BRT02: Mentari,BRT06: South Quay-USJ 1,2023-11-24,84
BRT02: Mentari,BRT06: South Quay-USJ 1,2023-11-25,36
BRT02: Mentari,BRT06: South Quay-USJ 1,2023-11-26,60
BRT02: Mentari,BRT06: South Quay-USJ 1,2023-11-27,57
BRT02: Mentari,BRT06: South Quay-USJ 1,2023-11-28,43
BRT02: Mentari,BRT06: South Quay-USJ 1,2023-11-29,69
BRT02: Mentari,BRT06: South Quay-USJ 1,2023-11-30,63
BRT02: Mentari,BRT06: South Quay-USJ 1,2023-12-01,57
BRT02: Mentari,BRT06: South Quay-USJ 1,2023-12-02,51
BRT02: Mentari,BRT06: South Quay-USJ 1,2023-12-03,57
BRT02: Mentari,BRT06: South Quay-USJ 1,2023-12-04,69
BRT02: Mentari,BRT06: South Quay-USJ 1,2023-12-05,67
BRT02: Mentari,BRT06: South Quay-USJ 1,2023-12-06,57
BRT02: Mentari,BRT06: South Quay-USJ 1,2023-12-07,53
BRT02: Mentari,BRT06: South Quay-USJ 1,2023-12-08,62
BRT02: Mentari,BRT06: South Quay-USJ 1,2023-12-09,55
BRT02: Mentari,BRT06: South Quay-USJ 1,2023-12-10,70
BRT02: Mentari,BRT06: South Quay-USJ 1,2023-12-11,65
BRT02: Mentari,BRT06: South Quay-USJ 1,2023-12-12,50
BRT02: Mentari,BRT06: South Quay-USJ 1,2023-12-13,60
BRT02: Mentari,BRT06: South Quay-USJ 1,2023-12-14,40
BRT02: Mentari,BRT06: South Quay-USJ 1,2023-12-15,57
BRT02: Mentari,BRT06: South Quay-USJ 1,2023-12-16,48
BRT02: Mentari,BRT06: South Quay-USJ 1,2023-12-17,74
BRT02: Mentari,BRT06: South Quay-USJ 1,2023-12-18,37
BRT02: Mentari,BRT06: South Quay-USJ 1,2023-12-19,65
BRT02: Mentari,BRT06: South Quay-USJ 1,2023-12-20,61
BRT02: Mentari,BRT06: South Quay-USJ 1,2023-12-21,56
BRT02: Mentari,BRT06: South Quay-USJ 1,2023-12-22,61
BRT02: Mentari,BRT06: South Quay-USJ 1,2023-12-23,58
BRT02: Mentari,BRT06: South Quay-USJ 1,2023-12-24,77
BRT02: Mentari,BRT06: South Quay-USJ 1,2023-12-25,42
BRT02: Mentari,BRT06: South Quay-USJ 1,2023-12-26,50
BRT02: Mentari,BRT06: South Quay-USJ 1,2023-12-27,49
BRT02: Mentari,BRT06: South Quay-USJ 1,2023-12-28,55
BRT02: Mentari,BRT06: South Quay-USJ 1,2023-12-29,57
BRT02: Mentari,BRT06: South Quay-USJ 1,2023-12-30,68
BRT02: Mentari,BRT06: South Quay-USJ 1,2023-12-31,54
BRT02: Mentari,BRT07: USJ 7,2023-04-01,148
BRT02: Mentari,BRT07: USJ 7,2023-04-02,126
BRT02: Mentari,BRT07: USJ 7,2023-04-03,267
BRT02: Mentari,BRT07: USJ 7,2023-04-04,262
BRT02: Mentari,BRT07: USJ 7,2023-04-05,271
BRT02: Mentari,BRT07: USJ 7,2023-04-06,261
BRT02: Mentari,BRT07: USJ 7,2023-04-07,246
BRT02: Mentari,BRT07: USJ 7,2023-04-08,139
BRT02: Mentari,BRT07: USJ 7,2023-04-09,124
BRT02: Mentari,BRT07: USJ 7,2023-04-10,254
BRT02: Mentari,BRT07: USJ 7,2023-04-11,262
BRT02: Mentari,BRT07: USJ 7,2023-04-12,299
BRT02: Mentari,BRT07: USJ 7,2023-04-13,271
BRT02: Mentari,BRT07: USJ 7,2023-04-14,257
BRT02: Mentari,BRT07: USJ 7,2023-04-15,148
BRT02: Mentari,BRT07: USJ 7,2023-04-16,139
BRT02: Mentari,BRT07: USJ 7,2023-04-17,276
BRT02: Mentari,BRT07: USJ 7,2023-04-18,273
BRT02: Mentari,BRT07: USJ 7,2023-04-19,268
BRT02: Mentari,BRT07: USJ 7,2023-04-20,205
BRT02: Mentari,BRT07: USJ 7,2023-04-21,101
BRT02: Mentari,BRT07: USJ 7,2023-04-22,178
BRT02: Mentari,BRT07: USJ 7,2023-04-23,133
BRT02: Mentari,BRT07: USJ 7,2023-04-24,119
BRT02: Mentari,BRT07: USJ 7,2023-04-25,180
BRT02: Mentari,BRT07: USJ 7,2023-04-26,205
BRT02: Mentari,BRT07: USJ 7,2023-04-27,209
BRT02: Mentari,BRT07: USJ 7,2023-04-28,194
BRT02: Mentari,BRT07: USJ 7,2023-04-29,139
BRT02: Mentari,BRT07: USJ 7,2023-04-30,127
BRT02: Mentari,BRT07: USJ 7,2023-05-01,109
BRT02: Mentari,BRT07: USJ 7,2023-05-02,246
BRT02: Mentari,BRT07: USJ 7,2023-05-03,264
BRT02: Mentari,BRT07: USJ 7,2023-05-04,159
BRT02: Mentari,BRT07: USJ 7,2023-05-05,246
BRT02: Mentari,BRT07: USJ 7,2023-05-06,173
BRT02: Mentari,BRT07: USJ 7,2023-05-07,132
BRT02: Mentari,BRT07: USJ 7,2023-05-08,245
BRT02: Mentari,BRT07: USJ 7,2023-05-09,267
BRT02: Mentari,BRT07: USJ 7,2023-05-10,270
BRT02: Mentari,BRT07: USJ 7,2023-05-11,266
BRT02: Mentari,BRT07: USJ 7,2023-05-12,259
BRT02: Mentari,BRT07: USJ 7,2023-05-13,174
BRT02: Mentari,BRT07: USJ 7,2023-05-14,111
BRT02: Mentari,BRT07: USJ 7,2023-05-15,277
BRT02: Mentari,BRT07: USJ 7,2023-05-16,304
BRT02: Mentari,BRT07: USJ 7,2023-05-17,282
BRT02: Mentari,BRT07: USJ 7,2023-05-18,267
BRT02: Mentari,BRT07: USJ 7,2023-05-19,257
BRT02: Mentari,BRT07: USJ 7,2023-05-20,152
BRT02: Mentari,BRT07: USJ 7,2023-05-21,158
BRT02: Mentari,BRT07: USJ 7,2023-05-22,271
BRT02: Mentari,BRT07: USJ 7,2023-05-23,279
BRT02: Mentari,BRT07: USJ 7,2023-05-24,276
BRT02: Mentari,BRT07: USJ 7,2023-05-25,244
BRT02: Mentari,BRT07: USJ 7,2023-05-26,282
BRT02: Mentari,BRT07: USJ 7,2023-05-27,155
BRT02: Mentari,BRT07: USJ 7,2023-05-28,148
BRT02: Mentari,BRT07: USJ 7,2023-05-29,252
BRT02: Mentari,BRT07: USJ 7,2023-05-30,249
BRT02: Mentari,BRT07: USJ 7,2023-05-31,262
BRT02: Mentari,BRT07: USJ 7,2023-06-01,281
BRT02: Mentari,BRT07: USJ 7,2023-06-02,225
BRT02: Mentari,BRT07: USJ 7,2023-06-03,167
BRT02: Mentari,BRT07: USJ 7,2023-06-04,139
BRT02: Mentari,BRT07: USJ 7,2023-06-05,135
BRT02: Mentari,BRT07: USJ 7,2023-06-06,281
BRT02: Mentari,BRT07: USJ 7,2023-06-07,295
BRT02: Mentari,BRT07: USJ 7,2023-06-08,247
BRT02: Mentari,BRT07: USJ 7,2023-06-09,233
BRT02: Mentari,BRT07: USJ 7,2023-06-10,147
BRT02: Mentari,BRT07: USJ 7,2023-06-11,158
BRT02: Mentari,BRT07: USJ 7,2023-06-12,261
BRT02: Mentari,BRT07: USJ 7,2023-06-13,267
BRT02: Mentari,BRT07: USJ 7,2023-06-14,292
BRT02: Mentari,BRT07: USJ 7,2023-06-15,284
BRT02: Mentari,BRT07: USJ 7,2023-06-16,270
BRT02: Mentari,BRT07: USJ 7,2023-06-17,153
BRT02: Mentari,BRT07: USJ 7,2023-06-18,136
BRT02: Mentari,BRT07: USJ 7,2023-06-19,260
BRT02: Mentari,BRT07: USJ 7,2023-06-20,265
BRT02: Mentari,BRT07: USJ 7,2023-06-21,271
BRT02: Mentari,BRT07: USJ 7,2023-06-22,262
BRT02: Mentari,BRT07: USJ 7,2023-06-23,235
BRT02: Mentari,BRT07: USJ 7,2023-06-24,149
BRT02: Mentari,BRT07: USJ 7,2023-06-25,118
BRT02: Mentari,BRT07: USJ 7,2023-06-26,254
BRT02: Mentari,BRT07: USJ 7,2023-06-27,262
BRT02: Mentari,BRT07: USJ 7,2023-06-28,271
BRT02: Mentari,BRT07: USJ 7,2023-06-29,173
BRT02: Mentari,BRT07: USJ 7,2023-06-30,243
BRT02: Mentari,BRT07: USJ 7,2023-07-01,120
BRT02: Mentari,BRT07: USJ 7,2023-07-02,168
BRT02: Mentari,BRT07: USJ 7,2023-07-03,254
BRT02: Mentari,BRT07: USJ 7,2023-07-04,259
BRT02: Mentari,BRT07: USJ 7,2023-07-05,282
BRT02: Mentari,BRT07: USJ 7,2023-07-06,273
BRT02: Mentari,BRT07: USJ 7,2023-07-07,272
BRT02: Mentari,BRT07: USJ 7,2023-07-08,158
BRT02: Mentari,BRT07: USJ 7,2023-07-09,161
BRT02: Mentari,BRT07: USJ 7,2023-07-10,258
BRT02: Mentari,BRT07: USJ 7,2023-07-11,274
BRT02: Mentari,BRT07: USJ 7,2023-07-12,302
BRT02: Mentari,BRT07: USJ 7,2023-07-13,286
BRT02: Mentari,BRT07: USJ 7,2023-07-14,263
BRT02: Mentari,BRT07: USJ 7,2023-07-15,196
BRT02: Mentari,BRT07: USJ 7,2023-07-16,137
BRT02: Mentari,BRT07: USJ 7,2023-07-17,278
BRT02: Mentari,BRT07: USJ 7,2023-07-18,278
BRT02: Mentari,BRT07: USJ 7,2023-07-19,139
BRT02: Mentari,BRT07: USJ 7,2023-07-20,275
BRT02: Mentari,BRT07: USJ 7,2023-07-21,248
BRT02: Mentari,BRT07: USJ 7,2023-07-22,178
BRT02: Mentari,BRT07: USJ 7,2023-07-23,138
BRT02: Mentari,BRT07: USJ 7,2023-07-24,251
BRT02: Mentari,BRT07: USJ 7,2023-07-25,286
BRT02: Mentari,BRT07: USJ 7,2023-07-26,327
BRT02: Mentari,BRT07: USJ 7,2023-07-27,265
BRT02: Mentari,BRT07: USJ 7,2023-07-28,252
BRT02: Mentari,BRT07: USJ 7,2023-07-29,184
BRT02: Mentari,BRT07: USJ 7,2023-07-30,141
BRT02: Mentari,BRT07: USJ 7,2023-07-31,280
BRT02: Mentari,BRT07: USJ 7,2023-08-01,269
BRT02: Mentari,BRT07: USJ 7,2023-08-02,265
BRT02: Mentari,BRT07: USJ 7,2023-08-03,272
BRT02: Mentari,BRT07: USJ 7,2023-08-04,258
BRT02: Mentari,BRT07: USJ 7,2023-08-05,167
BRT02: Mentari,BRT07: USJ 7,2023-08-06,158
BRT02: Mentari,BRT07: USJ 7,2023-08-07,265
BRT02: Mentari,BRT07: USJ 7,2023-08-08,278
BRT02: Mentari,BRT07: USJ 7,2023-08-09,303
BRT02: Mentari,BRT07: USJ 7,2023-08-10,263
BRT02: Mentari,BRT07: USJ 7,2023-08-11,279
BRT02: Mentari,BRT07: USJ 7,2023-08-12,148
BRT02: Mentari,BRT07: USJ 7,2023-08-13,130
BRT02: Mentari,BRT07: USJ 7,2023-08-14,173
BRT02: Mentari,BRT07: USJ 7,2023-08-15,292
BRT02: Mentari,BRT07: USJ 7,2023-08-16,287
BRT02: Mentari,BRT07: USJ 7,2023-08-17,280
BRT02: Mentari,BRT07: USJ 7,2023-08-18,247
BRT02: Mentari,BRT07: USJ 7,2023-08-19,187
BRT02: Mentari,BRT07: USJ 7,2023-08-20,140
BRT02: Mentari,BRT07: USJ 7,2023-08-21,243
BRT02: Mentari,BRT07: USJ 7,2023-08-22,248
BRT02: Mentari,BRT07: USJ 7,2023-08-23,283
BRT02: Mentari,BRT07: USJ 7,2023-08-24,255
BRT02: Mentari,BRT07: USJ 7,2023-08-25,269
BRT02: Mentari,BRT07: USJ 7,2023-08-26,173
BRT02: Mentari,BRT07: USJ 7,2023-08-27,148
BRT02: Mentari,BRT07: USJ 7,2023-08-28,286
BRT02: Mentari,BRT07: USJ 7,2023-08-29,287
BRT02: Mentari,BRT07: USJ 7,2023-08-30,287
BRT02: Mentari,BRT07: USJ 7,2023-08-31,163
BRT02: Mentari,BRT07: USJ 7,2023-09-01,243
BRT02: Mentari,BRT07: USJ 7,2023-09-02,166
BRT02: Mentari,BRT07: USJ 7,2023-09-03,161
BRT02: Mentari,BRT07: USJ 7,2023-09-04,250
BRT02: Mentari,BRT07: USJ 7,2023-09-05,262
BRT02: Mentari,BRT07: USJ 7,2023-09-06,311
BRT02: Mentari,BRT07: USJ 7,2023-09-07,278
BRT02: Mentari,BRT07: USJ 7,2023-09-08,254
BRT02: Mentari,BRT07: USJ 7,2023-09-09,172
BRT02: Mentari,BRT07: USJ 7,2023-09-10,151
BRT02: Mentari,BRT07: USJ 7,2023-09-11,251
BRT02: Mentari,BRT07: USJ 7,2023-09-12,284
BRT02: Mentari,BRT07: USJ 7,2023-09-13,270
BRT02: Mentari,BRT07: USJ 7,2023-09-14,276
BRT02: Mentari,BRT07: USJ 7,2023-09-15,290
BRT02: Mentari,BRT07: USJ 7,2023-09-16,162
BRT02: Mentari,BRT07: USJ 7,2023-09-17,126
BRT02: Mentari,BRT07: USJ 7,2023-09-18,260
BRT02: Mentari,BRT07: USJ 7,2023-09-19,264
BRT02: Mentari,BRT07: USJ 7,2023-09-20,263
BRT02: Mentari,BRT07: USJ 7,2023-09-21,301
BRT02: Mentari,BRT07: USJ 7,2023-09-22,260
BRT02: Mentari,BRT07: USJ 7,2023-09-23,153
BRT02: Mentari,BRT07: USJ 7,2023-09-24,160
BRT02: Mentari,BRT07: USJ 7,2023-09-25,267
BRT02: Mentari,BRT07: USJ 7,2023-09-26,275
BRT02: Mentari,BRT07: USJ 7,2023-09-27,271
BRT02: Mentari,BRT07: USJ 7,2023-09-28,156
BRT02: Mentari,BRT07: USJ 7,2023-09-29,257
BRT02: Mentari,BRT07: USJ 7,2023-09-30,177
BRT02: Mentari,BRT07: USJ 7,2023-10-01,138
BRT02: Mentari,BRT07: USJ 7,2023-10-02,278
BRT02: Mentari,BRT07: USJ 7,2023-10-03,280
BRT02: Mentari,BRT07: USJ 7,2023-10-04,285
BRT02: Mentari,BRT07: USJ 7,2023-10-05,270
BRT02: Mentari,BRT07: USJ 7,2023-10-06,274
BRT02: Mentari,BRT07: USJ 7,2023-10-07,160
BRT02: Mentari,BRT07: USJ 7,2023-10-08,146
BRT02: Mentari,BRT07: USJ 7,2023-10-09,298
BRT02: Mentari,BRT07: USJ 7,2023-10-10,302
BRT02: Mentari,BRT07: USJ 7,2023-10-11,306
BRT02: Mentari,BRT07: USJ 7,2023-10-12,292
BRT02: Mentari,BRT07: USJ 7,2023-10-13,262
BRT02: Mentari,BRT07: USJ 7,2023-10-14,181
BRT02: Mentari,BRT07: USJ 7,2023-10-15,165
BRT02: Mentari,BRT07: USJ 7,2023-10-16,289
BRT02: Mentari,BRT07: USJ 7,2023-10-17,263
BRT02: Mentari,BRT07: USJ 7,2023-10-18,267
BRT02: Mentari,BRT07: USJ 7,2023-10-19,273
BRT02: Mentari,BRT07: USJ 7,2023-10-20,305
BRT02: Mentari,BRT07: USJ 7,2023-10-21,183
BRT02: Mentari,BRT07: USJ 7,2023-10-22,154
BRT02: Mentari,BRT07: USJ 7,2023-10-23,292
BRT02: Mentari,BRT07: USJ 7,2023-10-24,284
BRT02: Mentari,BRT07: USJ 7,2023-10-25,337
BRT02: Mentari,BRT07: USJ 7,2023-10-26,283
BRT02: Mentari,BRT07: USJ 7,2023-10-27,296
BRT02: Mentari,BRT07: USJ 7,2023-10-28,207
BRT02: Mentari,BRT07: USJ 7,2023-10-29,147
BRT02: Mentari,BRT07: USJ 7,2023-10-30,266
BRT02: Mentari,BRT07: USJ 7,2023-10-31,257
BRT02: Mentari,BRT07: USJ 7,2023-11-01,282
BRT02: Mentari,BRT07: USJ 7,2023-11-02,283
BRT02: Mentari,BRT07: USJ 7,2023-11-03,266
BRT02: Mentari,BRT07: USJ 7,2023-11-04,177
BRT02: Mentari,BRT07: USJ 7,2023-11-05,153
BRT02: Mentari,BRT07: USJ 7,2023-11-06,277
BRT02: Mentari,BRT07: USJ 7,2023-11-07,270
BRT02: Mentari,BRT07: USJ 7,2023-11-08,306
BRT02: Mentari,BRT07: USJ 7,2023-11-09,283
BRT02: Mentari,BRT07: USJ 7,2023-11-10,271
BRT02: Mentari,BRT07: USJ 7,2023-11-11,167
BRT02: Mentari,BRT07: USJ 7,2023-11-12,211
BRT02: Mentari,BRT07: USJ 7,2023-11-13,144
BRT02: Mentari,BRT07: USJ 7,2023-11-14,250
BRT02: Mentari,BRT07: USJ 7,2023-11-15,266
BRT02: Mentari,BRT07: USJ 7,2023-11-16,300
BRT02: Mentari,BRT07: USJ 7,2023-11-17,278
BRT02: Mentari,BRT07: USJ 7,2023-11-18,149
BRT02: Mentari,BRT07: USJ 7,2023-11-19,141
BRT02: Mentari,BRT07: USJ 7,2023-11-20,286
BRT02: Mentari,BRT07: USJ 7,2023-11-21,275
BRT02: Mentari,BRT07: USJ 7,2023-11-22,304
BRT02: Mentari,BRT07: USJ 7,2023-11-23,279
BRT02: Mentari,BRT07: USJ 7,2023-11-24,285
BRT02: Mentari,BRT07: USJ 7,2023-11-25,129
BRT02: Mentari,BRT07: USJ 7,2023-11-26,129
BRT02: Mentari,BRT07: USJ 7,2023-11-27,281
BRT02: Mentari,BRT07: USJ 7,2023-11-28,272
BRT02: Mentari,BRT07: USJ 7,2023-11-29,293
BRT02: Mentari,BRT07: USJ 7,2023-11-30,268
BRT02: Mentari,BRT07: USJ 7,2023-12-01,276
BRT02: Mentari,BRT07: USJ 7,2023-12-02,168
BRT02: Mentari,BRT07: USJ 7,2023-12-03,151
BRT02: Mentari,BRT07: USJ 7,2023-12-04,286
BRT02: Mentari,BRT07: USJ 7,2023-12-05,283
BRT02: Mentari,BRT07: USJ 7,2023-12-06,279
BRT02: Mentari,BRT07: USJ 7,2023-12-07,278
BRT02: Mentari,BRT07: USJ 7,2023-12-08,285
BRT02: Mentari,BRT07: USJ 7,2023-12-09,165
BRT02: Mentari,BRT07: USJ 7,2023-12-10,150
BRT02: Mentari,BRT07: USJ 7,2023-12-11,172
BRT02: Mentari,BRT07: USJ 7,2023-12-12,257
BRT02: Mentari,BRT07: USJ 7,2023-12-13,281
BRT02: Mentari,BRT07: USJ 7,2023-12-14,258
BRT02: Mentari,BRT07: USJ 7,2023-12-15,268
BRT02: Mentari,BRT07: USJ 7,2023-12-16,167
BRT02: Mentari,BRT07: USJ 7,2023-12-17,166
BRT02: Mentari,BRT07: USJ 7,2023-12-18,262
BRT02: Mentari,BRT07: USJ 7,2023-12-19,255
BRT02: Mentari,BRT07: USJ 7,2023-12-20,269
BRT02: Mentari,BRT07: USJ 7,2023-12-21,256
BRT02: Mentari,BRT07: USJ 7,2023-12-22,234
BRT02: Mentari,BRT07: USJ 7,2023-12-23,170
BRT02: Mentari,BRT07: USJ 7,2023-12-24,178
BRT02: Mentari,BRT07: USJ 7,2023-12-25,174
BRT02: Mentari,BRT07: USJ 7,2023-12-26,229
BRT02: Mentari,BRT07: USJ 7,2023-12-27,243
BRT02: Mentari,BRT07: USJ 7,2023-12-28,214
BRT02: Mentari,BRT07: USJ 7,2023-12-29,216
BRT02: Mentari,BRT07: USJ 7,2023-12-30,174
BRT02: Mentari,BRT07: USJ 7,2023-12-31,174
BRT03: Sunway Lagoon,A0: All Stations,2023-04-01,1992
BRT03: Sunway Lagoon,A0: All Stations,2023-04-02,1892
BRT03: Sunway Lagoon,A0: All Stations,2023-04-03,2241
BRT03: Sunway Lagoon,A0: All Stations,2023-04-04,2276
BRT03: Sunway Lagoon,A0: All Stations,2023-04-05,2458
BRT03: Sunway Lagoon,A0: All Stations,2023-04-06,2556
BRT03: Sunway Lagoon,A0: All Stations,2023-04-07,2794
BRT03: Sunway Lagoon,A0: All Stations,2023-04-08,2159
BRT03: Sunway Lagoon,A0: All Stations,2023-04-09,1958
BRT03: Sunway Lagoon,A0: All Stations,2023-04-10,2198
BRT03: Sunway Lagoon,A0: All Stations,2023-04-11,2262
BRT03: Sunway Lagoon,A0: All Stations,2023-04-12,2400
BRT03: Sunway Lagoon,A0: All Stations,2023-04-13,2240
BRT03: Sunway Lagoon,A0: All Stations,2023-04-14,2423
BRT03: Sunway Lagoon,A0: All Stations,2023-04-15,2164
BRT03: Sunway Lagoon,A0: All Stations,2023-04-16,1862
BRT03: Sunway Lagoon,A0: All Stations,2023-04-17,2382
BRT03: Sunway Lagoon,A0: All Stations,2023-04-18,2456
BRT03: Sunway Lagoon,A0: All Stations,2023-04-19,2753
BRT03: Sunway Lagoon,A0: All Stations,2023-04-20,2496
BRT03: Sunway Lagoon,A0: All Stations,2023-04-21,2084
BRT03: Sunway Lagoon,A0: All Stations,2023-04-22,2185
BRT03: Sunway Lagoon,A0: All Stations,2023-04-23,2217
BRT03: Sunway Lagoon,A0: All Stations,2023-04-24,1906
BRT03: Sunway Lagoon,A0: All Stations,2023-04-25,2131
BRT03: Sunway Lagoon,A0: All Stations,2023-04-26,2420
BRT03: Sunway Lagoon,A0: All Stations,2023-04-27,2507
BRT03: Sunway Lagoon,A0: All Stations,2023-04-28,2557
BRT03: Sunway Lagoon,A0: All Stations,2023-04-29,2216
BRT03: Sunway Lagoon,A0: All Stations,2023-04-30,2033
BRT03: Sunway Lagoon,A0: All Stations,2023-05-01,1963
BRT03: Sunway Lagoon,A0: All Stations,2023-05-02,2352
BRT03: Sunway Lagoon,A0: All Stations,2023-05-03,2633
BRT03: Sunway Lagoon,A0: All Stations,2023-05-04,2152
BRT03: Sunway Lagoon,A0: All Stations,2023-05-05,2414
BRT03: Sunway Lagoon,A0: All Stations,2023-05-06,1966
BRT03: Sunway Lagoon,A0: All Stations,2023-05-07,1723
BRT03: Sunway Lagoon,A0: All Stations,2023-05-08,2294
BRT03: Sunway Lagoon,A0: All Stations,2023-05-09,2331
BRT03: Sunway Lagoon,A0: All Stations,2023-05-10,2497
BRT03: Sunway Lagoon,A0: All Stations,2023-05-11,2542
BRT03: Sunway Lagoon,A0: All Stations,2023-05-12,2781
BRT03: Sunway Lagoon,A0: All Stations,2023-05-13,2166
BRT03: Sunway Lagoon,A0: All Stations,2023-05-14,1818
BRT03: Sunway Lagoon,A0: All Stations,2023-05-15,2365
BRT03: Sunway Lagoon,A0: All Stations,2023-05-16,2381
BRT03: Sunway Lagoon,A0: All Stations,2023-05-17,2595
BRT03: Sunway Lagoon,A0: All Stations,2023-05-18,2465
BRT03: Sunway Lagoon,A0: All Stations,2023-05-19,2630
BRT03: Sunway Lagoon,A0: All Stations,2023-05-20,2085
BRT03: Sunway Lagoon,A0: All Stations,2023-05-21,1796
BRT03: Sunway Lagoon,A0: All Stations,2023-05-22,2357
BRT03: Sunway Lagoon,A0: All Stations,2023-05-23,2476
BRT03: Sunway Lagoon,A0: All Stations,2023-05-24,2428
BRT03: Sunway Lagoon,A0: All Stations,2023-05-25,2480
BRT03: Sunway Lagoon,A0: All Stations,2023-05-26,2611
BRT03: Sunway Lagoon,A0: All Stations,2023-05-27,2222
BRT03: Sunway Lagoon,A0: All Stations,2023-05-28,1983
BRT03: Sunway Lagoon,A0: All Stations,2023-05-29,2503
BRT03: Sunway Lagoon,A0: All Stations,2023-05-30,2720
BRT03: Sunway Lagoon,A0: All Stations,2023-05-31,2961
BRT03: Sunway Lagoon,A0: All Stations,2023-06-01,2863
BRT03: Sunway Lagoon,A0: All Stations,2023-06-02,2676
BRT03: Sunway Lagoon,A0: All Stations,2023-06-03,2296
BRT03: Sunway Lagoon,A0: All Stations,2023-06-04,1894
BRT03: Sunway Lagoon,A0: All Stations,2023-06-05,1830
BRT03: Sunway Lagoon,A0: All Stations,2023-06-06,2472
BRT03: Sunway Lagoon,A0: All Stations,2023-06-07,2527
BRT03: Sunway Lagoon,A0: All Stations,2023-06-08,2929
BRT03: Sunway Lagoon,A0: All Stations,2023-06-09,2774
BRT03: Sunway Lagoon,A0: All Stations,2023-06-10,2326
BRT03: Sunway Lagoon,A0: All Stations,2023-06-11,2032
BRT03: Sunway Lagoon,A0: All Stations,2023-06-12,2339
BRT03: Sunway Lagoon,A0: All Stations,2023-06-13,2464
BRT03: Sunway Lagoon,A0: All Stations,2023-06-14,2576
BRT03: Sunway Lagoon,A0: All Stations,2023-06-15,2630
BRT03: Sunway Lagoon,A0: All Stations,2023-06-16,2435
BRT03: Sunway Lagoon,A0: All Stations,2023-06-17,2119
BRT03: Sunway Lagoon,A0: All Stations,2023-06-18,1752
BRT03: Sunway Lagoon,A0: All Stations,2023-06-19,2266
BRT03: Sunway Lagoon,A0: All Stations,2023-06-20,2331
BRT03: Sunway Lagoon,A0: All Stations,2023-06-21,2651
BRT03: Sunway Lagoon,A0: All Stations,2023-06-22,2503
BRT03: Sunway Lagoon,A0: All Stations,2023-06-23,2602
BRT03: Sunway Lagoon,A0: All Stations,2023-06-24,2060
BRT03: Sunway Lagoon,A0: All Stations,2023-06-25,2078
BRT03: Sunway Lagoon,A0: All Stations,2023-06-26,2434
BRT03: Sunway Lagoon,A0: All Stations,2023-06-27,2601
BRT03: Sunway Lagoon,A0: All Stations,2023-06-28,2824
BRT03: Sunway Lagoon,A0: All Stations,2023-06-29,2218
BRT03: Sunway Lagoon,A0: All Stations,2023-06-30,2478
BRT03: Sunway Lagoon,A0: All Stations,2023-07-01,2005
BRT03: Sunway Lagoon,A0: All Stations,2023-07-02,1754
BRT03: Sunway Lagoon,A0: All Stations,2023-07-03,2228
BRT03: Sunway Lagoon,A0: All Stations,2023-07-04,2472
BRT03: Sunway Lagoon,A0: All Stations,2023-07-05,2648
BRT03: Sunway Lagoon,A0: All Stations,2023-07-06,2569
BRT03: Sunway Lagoon,A0: All Stations,2023-07-07,2843
BRT03: Sunway Lagoon,A0: All Stations,2023-07-08,2410
BRT03: Sunway Lagoon,A0: All Stations,2023-07-09,2087
BRT03: Sunway Lagoon,A0: All Stations,2023-07-10,2388
BRT03: Sunway Lagoon,A0: All Stations,2023-07-11,2399
BRT03: Sunway Lagoon,A0: All Stations,2023-07-12,2532
BRT03: Sunway Lagoon,A0: All Stations,2023-07-13,2360
BRT03: Sunway Lagoon,A0: All Stations,2023-07-14,2555
BRT03: Sunway Lagoon,A0: All Stations,2023-07-15,2015
BRT03: Sunway Lagoon,A0: All Stations,2023-07-16,1796
BRT03: Sunway Lagoon,A0: All Stations,2023-07-17,2408
BRT03: Sunway Lagoon,A0: All Stations,2023-07-18,2439
BRT03: Sunway Lagoon,A0: All Stations,2023-07-19,2113
BRT03: Sunway Lagoon,A0: All Stations,2023-07-20,2492
BRT03: Sunway Lagoon,A0: All Stations,2023-07-21,2600
BRT03: Sunway Lagoon,A0: All Stations,2023-07-22,2045
BRT03: Sunway Lagoon,A0: All Stations,2023-07-23,1919
BRT03: Sunway Lagoon,A0: All Stations,2023-07-24,2580
BRT03: Sunway Lagoon,A0: All Stations,2023-07-25,2450
BRT03: Sunway Lagoon,A0: All Stations,2023-07-26,2572
BRT03: Sunway Lagoon,A0: All Stations,2023-07-27,2532
BRT03: Sunway Lagoon,A0: All Stations,2023-07-28,2803
BRT03: Sunway Lagoon,A0: All Stations,2023-07-29,2285
BRT03: Sunway Lagoon,A0: All Stations,2023-07-30,1859
BRT03: Sunway Lagoon,A0: All Stations,2023-07-31,2411
BRT03: Sunway Lagoon,A0: All Stations,2023-08-01,2408
BRT03: Sunway Lagoon,A0: All Stations,2023-08-02,2599
BRT03: Sunway Lagoon,A0: All Stations,2023-08-03,2480
BRT03: Sunway Lagoon,A0: All Stations,2023-08-04,2605
BRT03: Sunway Lagoon,A0: All Stations,2023-08-05,2013
BRT03: Sunway Lagoon,A0: All Stations,2023-08-06,1694
BRT03: Sunway Lagoon,A0: All Stations,2023-08-07,2257
BRT03: Sunway Lagoon,A0: All Stations,2023-08-08,2426
BRT03: Sunway Lagoon,A0: All Stations,2023-08-09,2586
BRT03: Sunway Lagoon,A0: All Stations,2023-08-10,2545
BRT03: Sunway Lagoon,A0: All Stations,2023-08-11,2487
BRT03: Sunway Lagoon,A0: All Stations,2023-08-12,1839
BRT03: Sunway Lagoon,A0: All Stations,2023-08-13,1709
BRT03: Sunway Lagoon,A0: All Stations,2023-08-14,1811
BRT03: Sunway Lagoon,A0: All Stations,2023-08-15,2341
BRT03: Sunway Lagoon,A0: All Stations,2023-08-16,2585
BRT03: Sunway Lagoon,A0: All Stations,2023-08-17,2458
BRT03: Sunway Lagoon,A0: All Stations,2023-08-18,2499
BRT03: Sunway Lagoon,A0: All Stations,2023-08-19,1923
BRT03: Sunway Lagoon,A0: All Stations,2023-08-20,1750
BRT03: Sunway Lagoon,A0: All Stations,2023-08-21,2144
BRT03: Sunway Lagoon,A0: All Stations,2023-08-22,2103
BRT03: Sunway Lagoon,A0: All Stations,2023-08-23,2504
BRT03: Sunway Lagoon,A0: All Stations,2023-08-24,2381
BRT03: Sunway Lagoon,A0: All Stations,2023-08-25,2536
BRT03: Sunway Lagoon,A0: All Stations,2023-08-26,2195
BRT03: Sunway Lagoon,A0: All Stations,2023-08-27,1949
BRT03: Sunway Lagoon,A0: All Stations,2023-08-28,2352
BRT03: Sunway Lagoon,A0: All Stations,2023-08-29,2627
BRT03: Sunway Lagoon,A0: All Stations,2023-08-30,3026
BRT03: Sunway Lagoon,A0: All Stations,2023-08-31,2357
BRT03: Sunway Lagoon,A0: All Stations,2023-09-01,2548
BRT03: Sunway Lagoon,A0: All Stations,2023-09-02,1960
BRT03: Sunway Lagoon,A0: All Stations,2023-09-03,1790
BRT03: Sunway Lagoon,A0: All Stations,2023-09-04,2186
BRT03: Sunway Lagoon,A0: All Stations,2023-09-05,2479
BRT03: Sunway Lagoon,A0: All Stations,2023-09-06,2609
BRT03: Sunway Lagoon,A0: All Stations,2023-09-07,2516
BRT03: Sunway Lagoon,A0: All Stations,2023-09-08,2829
BRT03: Sunway Lagoon,A0: All Stations,2023-09-09,2233
BRT03: Sunway Lagoon,A0: All Stations,2023-09-10,1867
BRT03: Sunway Lagoon,A0: All Stations,2023-09-11,2219
BRT03: Sunway Lagoon,A0: All Stations,2023-09-12,2288
BRT03: Sunway Lagoon,A0: All Stations,2023-09-13,2570
BRT03: Sunway Lagoon,A0: All Stations,2023-09-14,2507
BRT03: Sunway Lagoon,A0: All Stations,2023-09-15,2729
BRT03: Sunway Lagoon,A0: All Stations,2023-09-16,2356
BRT03: Sunway Lagoon,A0: All Stations,2023-09-17,1962
BRT03: Sunway Lagoon,A0: All Stations,2023-09-18,2569
BRT03: Sunway Lagoon,A0: All Stations,2023-09-19,2579
BRT03: Sunway Lagoon,A0: All Stations,2023-09-20,3020
BRT03: Sunway Lagoon,A0: All Stations,2023-09-21,2801
BRT03: Sunway Lagoon,A0: All Stations,2023-09-22,2814
BRT03: Sunway Lagoon,A0: All Stations,2023-09-23,2236
BRT03: Sunway Lagoon,A0: All Stations,2023-09-24,1836
BRT03: Sunway Lagoon,A0: All Stations,2023-09-25,2425
BRT03: Sunway Lagoon,A0: All Stations,2023-09-26,2532
BRT03: Sunway Lagoon,A0: All Stations,2023-09-27,2892
BRT03: Sunway Lagoon,A0: All Stations,2023-09-28,2192
BRT03: Sunway Lagoon,A0: All Stations,2023-09-29,2929
BRT03: Sunway Lagoon,A0: All Stations,2023-09-30,2320
BRT03: Sunway Lagoon,A0: All Stations,2023-10-01,1975
BRT03: Sunway Lagoon,A0: All Stations,2023-10-02,2415
BRT03: Sunway Lagoon,A0: All Stations,2023-10-03,2608
BRT03: Sunway Lagoon,A0: All Stations,2023-10-04,2884
BRT03: Sunway Lagoon,A0: All Stations,2023-10-05,2775
BRT03: Sunway Lagoon,A0: All Stations,2023-10-06,3263
BRT03: Sunway Lagoon,A0: All Stations,2023-10-07,2578
BRT03: Sunway Lagoon,A0: All Stations,2023-10-08,2086
BRT03: Sunway Lagoon,A0: All Stations,2023-10-09,2490
BRT03: Sunway Lagoon,A0: All Stations,2023-10-10,2611
BRT03: Sunway Lagoon,A0: All Stations,2023-10-11,2760
BRT03: Sunway Lagoon,A0: All Stations,2023-10-12,2833
BRT03: Sunway Lagoon,A0: All Stations,2023-10-13,3037
BRT03: Sunway Lagoon,A0: All Stations,2023-10-14,2377
BRT03: Sunway Lagoon,A0: All Stations,2023-10-15,1883
BRT03: Sunway Lagoon,A0: All Stations,2023-10-16,2434
BRT03: Sunway Lagoon,A0: All Stations,2023-10-17,2589
BRT03: Sunway Lagoon,A0: All Stations,2023-10-18,2928
BRT03: Sunway Lagoon,A0: All Stations,2023-10-19,2759
BRT03: Sunway Lagoon,A0: All Stations,2023-10-20,3060
BRT03: Sunway Lagoon,A0: All Stations,2023-10-21,2311
BRT03: Sunway Lagoon,A0: All Stations,2023-10-22,2033
BRT03: Sunway Lagoon,A0: All Stations,2023-10-23,2364
BRT03: Sunway Lagoon,A0: All Stations,2023-10-24,2468
BRT03: Sunway Lagoon,A0: All Stations,2023-10-25,2770
BRT03: Sunway Lagoon,A0: All Stations,2023-10-26,2675
BRT03: Sunway Lagoon,A0: All Stations,2023-10-27,3009
BRT03: Sunway Lagoon,A0: All Stations,2023-10-28,2386
BRT03: Sunway Lagoon,A0: All Stations,2023-10-29,1916
BRT03: Sunway Lagoon,A0: All Stations,2023-10-30,2496
BRT03: Sunway Lagoon,A0: All Stations,2023-10-31,2708
BRT03: Sunway Lagoon,A0: All Stations,2023-11-01,2748
BRT03: Sunway Lagoon,A0: All Stations,2023-11-02,2748
BRT03: Sunway Lagoon,A0: All Stations,2023-11-03,2975
BRT03: Sunway Lagoon,A0: All Stations,2023-11-04,3139
BRT03: Sunway Lagoon,A0: All Stations,2023-11-05,2858
BRT03: Sunway Lagoon,A0: All Stations,2023-11-06,2521
BRT03: Sunway Lagoon,A0: All Stations,2023-11-07,2561
BRT03: Sunway Lagoon,A0: All Stations,2023-11-08,2887
BRT03: Sunway Lagoon,A0: All Stations,2023-11-09,2827
BRT03: Sunway Lagoon,A0: All Stations,2023-11-10,3516
BRT03: Sunway Lagoon,A0: All Stations,2023-11-11,3373
BRT03: Sunway Lagoon,A0: All Stations,2023-11-12,2905
BRT03: Sunway Lagoon,A0: All Stations,2023-11-13,1885
BRT03: Sunway Lagoon,A0: All Stations,2023-11-14,2459
BRT03: Sunway Lagoon,A0: All Stations,2023-11-15,2646
BRT03: Sunway Lagoon,A0: All Stations,2023-11-16,2598
BRT03: Sunway Lagoon,A0: All Stations,2023-11-17,3012
BRT03: Sunway Lagoon,A0: All Stations,2023-11-18,2544
BRT03: Sunway Lagoon,A0: All Stations,2023-11-19,2635
BRT03: Sunway Lagoon,A0: All Stations,2023-11-20,2298
BRT03: Sunway Lagoon,A0: All Stations,2023-11-21,2523
BRT03: Sunway Lagoon,A0: All Stations,2023-11-22,2621
BRT03: Sunway Lagoon,A0: All Stations,2023-11-23,2642
BRT03: Sunway Lagoon,A0: All Stations,2023-11-24,3196
BRT03: Sunway Lagoon,A0: All Stations,2023-11-25,1199
BRT03: Sunway Lagoon,A0: All Stations,2023-11-26,1999
BRT03: Sunway Lagoon,A0: All Stations,2023-11-27,2339
BRT03: Sunway Lagoon,A0: All Stations,2023-11-28,2419
BRT03: Sunway Lagoon,A0: All Stations,2023-11-29,2676
BRT03: Sunway Lagoon,A0: All Stations,2023-11-30,2683
BRT03: Sunway Lagoon,A0: All Stations,2023-12-01,2801
BRT03: Sunway Lagoon,A0: All Stations,2023-12-02,2292
BRT03: Sunway Lagoon,A0: All Stations,2023-12-03,1768
BRT03: Sunway Lagoon,A0: All Stations,2023-12-04,2525
BRT03: Sunway Lagoon,A0: All Stations,2023-12-05,2566
BRT03: Sunway Lagoon,A0: All Stations,2023-12-06,2708
BRT03: Sunway Lagoon,A0: All Stations,2023-12-07,2650
BRT03: Sunway Lagoon,A0: All Stations,2023-12-08,3079
BRT03: Sunway Lagoon,A0: All Stations,2023-12-09,2209
BRT03: Sunway Lagoon,A0: All Stations,2023-12-10,1986
BRT03: Sunway Lagoon,A0: All Stations,2023-12-11,1902
BRT03: Sunway Lagoon,A0: All Stations,2023-12-12,2486
BRT03: Sunway Lagoon,A0: All Stations,2023-12-13,2726
BRT03: Sunway Lagoon,A0: All Stations,2023-12-14,2450
BRT03: Sunway Lagoon,A0: All Stations,2023-12-15,2690
BRT03: Sunway Lagoon,A0: All Stations,2023-12-16,2294
BRT03: Sunway Lagoon,A0: All Stations,2023-12-17,2053
BRT03: Sunway Lagoon,A0: All Stations,2023-12-18,2503
BRT03: Sunway Lagoon,A0: All Stations,2023-12-19,2428
BRT03: Sunway Lagoon,A0: All Stations,2023-12-20,2588
BRT03: Sunway Lagoon,A0: All Stations,2023-12-21,2382
BRT03: Sunway Lagoon,A0: All Stations,2023-12-22,2449
BRT03: Sunway Lagoon,A0: All Stations,2023-12-23,2170
BRT03: Sunway Lagoon,A0: All Stations,2023-12-24,2616
BRT03: Sunway Lagoon,A0: All Stations,2023-12-25,2462
BRT03: Sunway Lagoon,A0: All Stations,2023-12-26,2033
BRT03: Sunway Lagoon,A0: All Stations,2023-12-27,2095
BRT03: Sunway Lagoon,A0: All Stations,2023-12-28,2137
BRT03: Sunway Lagoon,A0: All Stations,2023-12-29,2254
BRT03: Sunway Lagoon,A0: All Stations,2023-12-30,2002
BRT03: Sunway Lagoon,A0: All Stations,2023-12-31,2909
BRT03: Sunway Lagoon,BRT01: Sunway-Setia Jaya,2023-04-01,275
BRT03: Sunway Lagoon,BRT01: Sunway-Setia Jaya,2023-04-02,208
BRT03: Sunway Lagoon,BRT01: Sunway-Setia Jaya,2023-04-03,347
BRT03: Sunway Lagoon,BRT01: Sunway-Setia Jaya,2023-04-04,354
BRT03: Sunway Lagoon,BRT01: Sunway-Setia Jaya,2023-04-05,378
BRT03: Sunway Lagoon,BRT01: Sunway-Setia Jaya,2023-04-06,389
BRT03: Sunway Lagoon,BRT01: Sunway-Setia Jaya,2023-04-07,434
BRT03: Sunway Lagoon,BRT01: Sunway-Setia Jaya,2023-04-08,258
BRT03: Sunway Lagoon,BRT01: Sunway-Setia Jaya,2023-04-09,240
BRT03: Sunway Lagoon,BRT01: Sunway-Setia Jaya,2023-04-10,349
BRT03: Sunway Lagoon,BRT01: Sunway-Setia Jaya,2023-04-11,380
BRT03: Sunway Lagoon,BRT01: Sunway-Setia Jaya,2023-04-12,377
BRT03: Sunway Lagoon,BRT01: Sunway-Setia Jaya,2023-04-13,330
BRT03: Sunway Lagoon,BRT01: Sunway-Setia Jaya,2023-04-14,383
BRT03: Sunway Lagoon,BRT01: Sunway-Setia Jaya,2023-04-15,279
BRT03: Sunway Lagoon,BRT01: Sunway-Setia Jaya,2023-04-16,234
BRT03: Sunway Lagoon,BRT01: Sunway-Setia Jaya,2023-04-17,362
BRT03: Sunway Lagoon,BRT01: Sunway-Setia Jaya,2023-04-18,423
BRT03: Sunway Lagoon,BRT01: Sunway-Setia Jaya,2023-04-19,420
BRT03: Sunway Lagoon,BRT01: Sunway-Setia Jaya,2023-04-20,389
BRT03: Sunway Lagoon,BRT01: Sunway-Setia Jaya,2023-04-21,282
BRT03: Sunway Lagoon,BRT01: Sunway-Setia Jaya,2023-04-22,243
BRT03: Sunway Lagoon,BRT01: Sunway-Setia Jaya,2023-04-23,245
BRT03: Sunway Lagoon,BRT01: Sunway-Setia Jaya,2023-04-24,259
BRT03: Sunway Lagoon,BRT01: Sunway-Setia Jaya,2023-04-25,291
BRT03: Sunway Lagoon,BRT01: Sunway-Setia Jaya,2023-04-26,323
BRT03: Sunway Lagoon,BRT01: Sunway-Setia Jaya,2023-04-27,389
BRT03: Sunway Lagoon,BRT01: Sunway-Setia Jaya,2023-04-28,331
BRT03: Sunway Lagoon,BRT01: Sunway-Setia Jaya,2023-04-29,242
BRT03: Sunway Lagoon,BRT01: Sunway-Setia Jaya,2023-04-30,234
BRT03: Sunway Lagoon,BRT01: Sunway-Setia Jaya,2023-05-01,249
BRT03: Sunway Lagoon,BRT01: Sunway-Setia Jaya,2023-05-02,346
BRT03: Sunway Lagoon,BRT01: Sunway-Setia Jaya,2023-05-03,384
BRT03: Sunway Lagoon,BRT01: Sunway-Setia Jaya,2023-05-04,280
BRT03: Sunway Lagoon,BRT01: Sunway-Setia Jaya,2023-05-05,307
BRT03: Sunway Lagoon,BRT01: Sunway-Setia Jaya,2023-05-06,230
BRT03: Sunway Lagoon,BRT01: Sunway-Setia Jaya,2023-05-07,218
BRT03: Sunway Lagoon,BRT01: Sunway-Setia Jaya,2023-05-08,328
BRT03: Sunway Lagoon,BRT01: Sunway-Setia Jaya,2023-05-09,339
BRT03: Sunway Lagoon,BRT01: Sunway-Setia Jaya,2023-05-10,326
BRT03: Sunway Lagoon,BRT01: Sunway-Setia Jaya,2023-05-11,337
BRT03: Sunway Lagoon,BRT01: Sunway-Setia Jaya,2023-05-12,304
BRT03: Sunway Lagoon,BRT01: Sunway-Setia Jaya,2023-05-13,241
BRT03: Sunway Lagoon,BRT01: Sunway-Setia Jaya,2023-05-14,199
BRT03: Sunway Lagoon,BRT01: Sunway-Setia Jaya,2023-05-15,361
BRT03: Sunway Lagoon,BRT01: Sunway-Setia Jaya,2023-05-16,364
BRT03: Sunway Lagoon,BRT01: Sunway-Setia Jaya,2023-05-17,359
BRT03: Sunway Lagoon,BRT01: Sunway-Setia Jaya,2023-05-18,393
BRT03: Sunway Lagoon,BRT01: Sunway-Setia Jaya,2023-05-19,343
BRT03: Sunway Lagoon,BRT01: Sunway-Setia Jaya,2023-05-20,293
BRT03: Sunway Lagoon,BRT01: Sunway-Setia Jaya,2023-05-21,256
BRT03: Sunway Lagoon,BRT01: Sunway-Setia Jaya,2023-05-22,421
BRT03: Sunway Lagoon,BRT01: Sunway-Setia Jaya,2023-05-23,439
BRT03: Sunway Lagoon,BRT01: Sunway-Setia Jaya,2023-05-24,415
BRT03: Sunway Lagoon,BRT01: Sunway-Setia Jaya,2023-05-25,402
BRT03: Sunway Lagoon,BRT01: Sunway-Setia Jaya,2023-05-26,385
BRT03: Sunway Lagoon,BRT01: Sunway-Setia Jaya,2023-05-27,315
BRT03: Sunway Lagoon,BRT01: Sunway-Setia Jaya,2023-05-28,246
BRT03: Sunway Lagoon,BRT01: Sunway-Setia Jaya,2023-05-29,420
BRT03: Sunway Lagoon,BRT01: Sunway-Setia Jaya,2023-05-30,474
BRT03: Sunway Lagoon,BRT01: Sunway-Setia Jaya,2023-05-31,488
BRT03: Sunway Lagoon,BRT01: Sunway-Setia Jaya,2023-06-01,471
BRT03: Sunway Lagoon,BRT01: Sunway-Setia Jaya,2023-06-02,450
BRT03: Sunway Lagoon,BRT01: Sunway-Setia Jaya,2023-06-03,296
BRT03: Sunway Lagoon,BRT01: Sunway-Setia Jaya,2023-06-04,216
BRT03: Sunway Lagoon,BRT01: Sunway-Setia Jaya,2023-06-05,233
BRT03: Sunway Lagoon,BRT01: Sunway-Setia Jaya,2023-06-06,463
BRT03: Sunway Lagoon,BRT01: Sunway-Setia Jaya,2023-06-07,462
BRT03: Sunway Lagoon,BRT01: Sunway-Setia Jaya,2023-06-08,479
BRT03: Sunway Lagoon,BRT01: Sunway-Setia Jaya,2023-06-09,471
BRT03: Sunway Lagoon,BRT01: Sunway-Setia Jaya,2023-06-10,316
BRT03: Sunway Lagoon,BRT01: Sunway-Setia Jaya,2023-06-11,276
BRT03: Sunway Lagoon,BRT01: Sunway-Setia Jaya,2023-06-12,398
BRT03: Sunway Lagoon,BRT01: Sunway-Setia Jaya,2023-06-13,457
BRT03: Sunway Lagoon,BRT01: Sunway-Setia Jaya,2023-06-14,446
BRT03: Sunway Lagoon,BRT01: Sunway-Setia Jaya,2023-06-15,507
BRT03: Sunway Lagoon,BRT01: Sunway-Setia Jaya,2023-06-16,475
BRT03: Sunway Lagoon,BRT01: Sunway-Setia Jaya,2023-06-17,289
BRT03: Sunway Lagoon,BRT01: Sunway-Setia Jaya,2023-06-18,229
BRT03: Sunway Lagoon,BRT01: Sunway-Setia Jaya,2023-06-19,406
BRT03: Sunway Lagoon,BRT01: Sunway-Setia Jaya,2023-06-20,452
BRT03: Sunway Lagoon,BRT01: Sunway-Setia Jaya,2023-06-21,464
BRT03: Sunway Lagoon,BRT01: Sunway-Setia Jaya,2023-06-22,424
BRT03: Sunway Lagoon,BRT01: Sunway-Setia Jaya,2023-06-23,429
BRT03: Sunway Lagoon,BRT01: Sunway-Setia Jaya,2023-06-24,282
BRT03: Sunway Lagoon,BRT01: Sunway-Setia Jaya,2023-06-25,266
BRT03: Sunway Lagoon,BRT01: Sunway-Setia Jaya,2023-06-26,457
BRT03: Sunway Lagoon,BRT01: Sunway-Setia Jaya,2023-06-27,483
BRT03: Sunway Lagoon,BRT01: Sunway-Setia Jaya,2023-06-28,476
BRT03: Sunway Lagoon,BRT01: Sunway-Setia Jaya,2023-06-29,319
BRT03: Sunway Lagoon,BRT01: Sunway-Setia Jaya,2023-06-30,461
BRT03: Sunway Lagoon,BRT01: Sunway-Setia Jaya,2023-07-01,274
BRT03: Sunway Lagoon,BRT01: Sunway-Setia Jaya,2023-07-02,210
BRT03: Sunway Lagoon,BRT01: Sunway-Setia Jaya,2023-07-03,423
BRT03: Sunway Lagoon,BRT01: Sunway-Setia Jaya,2023-07-04,437
BRT03: Sunway Lagoon,BRT01: Sunway-Setia Jaya,2023-07-05,482
BRT03: Sunway Lagoon,BRT01: Sunway-Setia Jaya,2023-07-06,465
BRT03: Sunway Lagoon,BRT01: Sunway-Setia Jaya,2023-07-07,434
BRT03: Sunway Lagoon,BRT01: Sunway-Setia Jaya,2023-07-08,321
BRT03: Sunway Lagoon,BRT01: Sunway-Setia Jaya,2023-07-09,235
BRT03: Sunway Lagoon,BRT01: Sunway-Setia Jaya,2023-07-10,414
BRT03: Sunway Lagoon,BRT01: Sunway-Setia Jaya,2023-07-11,419
BRT03: Sunway Lagoon,BRT01: Sunway-Setia Jaya,2023-07-12,392
BRT03: Sunway Lagoon,BRT01: Sunway-Setia Jaya,2023-07-13,368
BRT03: Sunway Lagoon,BRT01: Sunway-Setia Jaya,2023-07-14,412
BRT03: Sunway Lagoon,BRT01: Sunway-Setia Jaya,2023-07-15,253
BRT03: Sunway Lagoon,BRT01: Sunway-Setia Jaya,2023-07-16,225
BRT03: Sunway Lagoon,BRT01: Sunway-Setia Jaya,2023-07-17,381
BRT03: Sunway Lagoon,BRT01: Sunway-Setia Jaya,2023-07-18,408
BRT03: Sunway Lagoon,BRT01: Sunway-Setia Jaya,2023-07-19,217
BRT03: Sunway Lagoon,BRT01: Sunway-Setia Jaya,2023-07-20,427
BRT03: Sunway Lagoon,BRT01: Sunway-Setia Jaya,2023-07-21,405
BRT03: Sunway Lagoon,BRT01: Sunway-Setia Jaya,2023-07-22,254
BRT03: Sunway Lagoon,BRT01: Sunway-Setia Jaya,2023-07-23,227
BRT03: Sunway Lagoon,BRT01: Sunway-Setia Jaya,2023-07-24,400
BRT03: Sunway Lagoon,BRT01: Sunway-Setia Jaya,2023-07-25,391
BRT03: Sunway Lagoon,BRT01: Sunway-Setia Jaya,2023-07-26,396
BRT03: Sunway Lagoon,BRT01: Sunway-Setia Jaya,2023-07-27,419
BRT03: Sunway Lagoon,BRT01: Sunway-Setia Jaya,2023-07-28,432
BRT03: Sunway Lagoon,BRT01: Sunway-Setia Jaya,2023-07-29,303
BRT03: Sunway Lagoon,BRT01: Sunway-Setia Jaya,2023-07-30,208
BRT03: Sunway Lagoon,BRT01: Sunway-Setia Jaya,2023-07-31,436
BRT03: Sunway Lagoon,BRT01: Sunway-Setia Jaya,2023-08-01,376
BRT03: Sunway Lagoon,BRT01: Sunway-Setia Jaya,2023-08-02,489
BRT03: Sunway Lagoon,BRT01: Sunway-Setia Jaya,2023-08-03,407
BRT03: Sunway Lagoon,BRT01: Sunway-Setia Jaya,2023-08-04,416
BRT03: Sunway Lagoon,BRT01: Sunway-Setia Jaya,2023-08-05,292
BRT03: Sunway Lagoon,BRT01: Sunway-Setia Jaya,2023-08-06,187
BRT03: Sunway Lagoon,BRT01: Sunway-Setia Jaya,2023-08-07,386
BRT03: Sunway Lagoon,BRT01: Sunway-Setia Jaya,2023-08-08,385
BRT03: Sunway Lagoon,BRT01: Sunway-Setia Jaya,2023-08-09,393
BRT03: Sunway Lagoon,BRT01: Sunway-Setia Jaya,2023-08-10,425
BRT03: Sunway Lagoon,BRT01: Sunway-Setia Jaya,2023-08-11,381
BRT03: Sunway Lagoon,BRT01: Sunway-Setia Jaya,2023-08-12,214
BRT03: Sunway Lagoon,BRT01: Sunway-Setia Jaya,2023-08-13,207
BRT03: Sunway Lagoon,BRT01: Sunway-Setia Jaya,2023-08-14,263
BRT03: Sunway Lagoon,BRT01: Sunway-Setia Jaya,2023-08-15,368
BRT03: Sunway Lagoon,BRT01: Sunway-Setia Jaya,2023-08-16,399
BRT03: Sunway Lagoon,BRT01: Sunway-Setia Jaya,2023-08-17,416
BRT03: Sunway Lagoon,BRT01: Sunway-Setia Jaya,2023-08-18,375
BRT03: Sunway Lagoon,BRT01: Sunway-Setia Jaya,2023-08-19,260
BRT03: Sunway Lagoon,BRT01: Sunway-Setia Jaya,2023-08-20,179
BRT03: Sunway Lagoon,BRT01: Sunway-Setia Jaya,2023-08-21,324
BRT03: Sunway Lagoon,BRT01: Sunway-Setia Jaya,2023-08-22,320
BRT03: Sunway Lagoon,BRT01: Sunway-Setia Jaya,2023-08-23,334
BRT03: Sunway Lagoon,BRT01: Sunway-Setia Jaya,2023-08-24,355
BRT03: Sunway Lagoon,BRT01: Sunway-Setia Jaya,2023-08-25,371
BRT03: Sunway Lagoon,BRT01: Sunway-Setia Jaya,2023-08-26,258
BRT03: Sunway Lagoon,BRT01: Sunway-Setia Jaya,2023-08-27,230
BRT03: Sunway Lagoon,BRT01: Sunway-Setia Jaya,2023-08-28,296
BRT03: Sunway Lagoon,BRT01: Sunway-Setia Jaya,2023-08-29,351
BRT03: Sunway Lagoon,BRT01: Sunway-Setia Jaya,2023-08-30,368
BRT03: Sunway Lagoon,BRT01: Sunway-Setia Jaya,2023-08-31,268
BRT03: Sunway Lagoon,BRT01: Sunway-Setia Jaya,2023-09-01,292
BRT03: Sunway Lagoon,BRT01: Sunway-Setia Jaya,2023-09-02,224
BRT03: Sunway Lagoon,BRT01: Sunway-Setia Jaya,2023-09-03,167
BRT03: Sunway Lagoon,BRT01: Sunway-Setia Jaya,2023-09-04,313
BRT03: Sunway Lagoon,BRT01: Sunway-Setia Jaya,2023-09-05,303
BRT03: Sunway Lagoon,BRT01: Sunway-Setia Jaya,2023-09-06,326
BRT03: Sunway Lagoon,BRT01: Sunway-Setia Jaya,2023-09-07,331
BRT03: Sunway Lagoon,BRT01: Sunway-Setia Jaya,2023-09-08,316
BRT03: Sunway Lagoon,BRT01: Sunway-Setia Jaya,2023-09-09,226
BRT03: Sunway Lagoon,BRT01: Sunway-Setia Jaya,2023-09-10,174
BRT03: Sunway Lagoon,BRT01: Sunway-Setia Jaya,2023-09-11,306
BRT03: Sunway Lagoon,BRT01: Sunway-Setia Jaya,2023-09-12,295
BRT03: Sunway Lagoon,BRT01: Sunway-Setia Jaya,2023-09-13,324
BRT03: Sunway Lagoon,BRT01: Sunway-Setia Jaya,2023-09-14,369
BRT03: Sunway Lagoon,BRT01: Sunway-Setia Jaya,2023-09-15,373
BRT03: Sunway Lagoon,BRT01: Sunway-Setia Jaya,2023-09-16,332
BRT03: Sunway Lagoon,BRT01: Sunway-Setia Jaya,2023-09-17,198
BRT03: Sunway Lagoon,BRT01: Sunway-Setia Jaya,2023-09-18,446
BRT03: Sunway Lagoon,BRT01: Sunway-Setia Jaya,2023-09-19,466
BRT03: Sunway Lagoon,BRT01: Sunway-Setia Jaya,2023-09-20,510
BRT03: Sunway Lagoon,BRT01: Sunway-Setia Jaya,2023-09-21,457
BRT03: Sunway Lagoon,BRT01: Sunway-Setia Jaya,2023-09-22,470
BRT03: Sunway Lagoon,BRT01: Sunway-Setia Jaya,2023-09-23,304
BRT03: Sunway Lagoon,BRT01: Sunway-Setia Jaya,2023-09-24,208
BRT03: Sunway Lagoon,BRT01: Sunway-Setia Jaya,2023-09-25,443
BRT03: Sunway Lagoon,BRT01: Sunway-Setia Jaya,2023-09-26,437
BRT03: Sunway Lagoon,BRT01: Sunway-Setia Jaya,2023-09-27,468
BRT03: Sunway Lagoon,BRT01: Sunway-Setia Jaya,2023-09-28,268
BRT03: Sunway Lagoon,BRT01: Sunway-Setia Jaya,2023-09-29,488
BRT03: Sunway Lagoon,BRT01: Sunway-Setia Jaya,2023-09-30,296
BRT03: Sunway Lagoon,BRT01: Sunway-Setia Jaya,2023-10-01,211
BRT03: Sunway Lagoon,BRT01: Sunway-Setia Jaya,2023-10-02,404
BRT03: Sunway Lagoon,BRT01: Sunway-Setia Jaya,2023-10-03,458
BRT03: Sunway Lagoon,BRT01: Sunway-Setia Jaya,2023-10-04,452
BRT03: Sunway Lagoon,BRT01: Sunway-Setia Jaya,2023-10-05,408
BRT03: Sunway Lagoon,BRT01: Sunway-Setia Jaya,2023-10-06,449
BRT03: Sunway Lagoon,BRT01: Sunway-Setia Jaya,2023-10-07,337
BRT03: Sunway Lagoon,BRT01: Sunway-Setia Jaya,2023-10-08,231
BRT03: Sunway Lagoon,BRT01: Sunway-Setia Jaya,2023-10-09,442
BRT03: Sunway Lagoon,BRT01: Sunway-Setia Jaya,2023-10-10,426
BRT03: Sunway Lagoon,BRT01: Sunway-Setia Jaya,2023-10-11,446
BRT03: Sunway Lagoon,BRT01: Sunway-Setia Jaya,2023-10-12,456
BRT03: Sunway Lagoon,BRT01: Sunway-Setia Jaya,2023-10-13,454
BRT03: Sunway Lagoon,BRT01: Sunway-Setia Jaya,2023-10-14,284
BRT03: Sunway Lagoon,BRT01: Sunway-Setia Jaya,2023-10-15,210
BRT03: Sunway Lagoon,BRT01: Sunway-Setia Jaya,2023-10-16,418
BRT03: Sunway Lagoon,BRT01: Sunway-Setia Jaya,2023-10-17,444
BRT03: Sunway Lagoon,BRT01: Sunway-Setia Jaya,2023-10-18,454
BRT03: Sunway Lagoon,BRT01: Sunway-Setia Jaya,2023-10-19,424
BRT03: Sunway Lagoon,BRT01: Sunway-Setia Jaya,2023-10-20,437
BRT03: Sunway Lagoon,BRT01: Sunway-Setia Jaya,2023-10-21,264
BRT03: Sunway Lagoon,BRT01: Sunway-Setia Jaya,2023-10-22,180
BRT03: Sunway Lagoon,BRT01: Sunway-Setia Jaya,2023-10-23,414
BRT03: Sunway Lagoon,BRT01: Sunway-Setia Jaya,2023-10-24,417
BRT03: Sunway Lagoon,BRT01: Sunway-Setia Jaya,2023-10-25,428
BRT03: Sunway Lagoon,BRT01: Sunway-Setia Jaya,2023-10-26,393
BRT03: Sunway Lagoon,BRT01: Sunway-Setia Jaya,2023-10-27,484
BRT03: Sunway Lagoon,BRT01: Sunway-Setia Jaya,2023-10-28,292
BRT03: Sunway Lagoon,BRT01: Sunway-Setia Jaya,2023-10-29,184
BRT03: Sunway Lagoon,BRT01: Sunway-Setia Jaya,2023-10-30,416
BRT03: Sunway Lagoon,BRT01: Sunway-Setia Jaya,2023-10-31,445
BRT03: Sunway Lagoon,BRT01: Sunway-Setia Jaya,2023-11-01,440
BRT03: Sunway Lagoon,BRT01: Sunway-Setia Jaya,2023-11-02,442
BRT03: Sunway Lagoon,BRT01: Sunway-Setia Jaya,2023-11-03,444
BRT03: Sunway Lagoon,BRT01: Sunway-Setia Jaya,2023-11-04,374
BRT03: Sunway Lagoon,BRT01: Sunway-Setia Jaya,2023-11-05,313
BRT03: Sunway Lagoon,BRT01: Sunway-Setia Jaya,2023-11-06,389
BRT03: Sunway Lagoon,BRT01: Sunway-Setia Jaya,2023-11-07,382
BRT03: Sunway Lagoon,BRT01: Sunway-Setia Jaya,2023-11-08,444
BRT03: Sunway Lagoon,BRT01: Sunway-Setia Jaya,2023-11-09,361
BRT03: Sunway Lagoon,BRT01: Sunway-Setia Jaya,2023-11-10,422
BRT03: Sunway Lagoon,BRT01: Sunway-Setia Jaya,2023-11-11,270
BRT03: Sunway Lagoon,BRT01: Sunway-Setia Jaya,2023-11-12,237
BRT03: Sunway Lagoon,BRT01: Sunway-Setia Jaya,2023-11-13,182
BRT03: Sunway Lagoon,BRT01: Sunway-Setia Jaya,2023-11-14,386
BRT03: Sunway Lagoon,BRT01: Sunway-Setia Jaya,2023-11-15,441
BRT03: Sunway Lagoon,BRT01: Sunway-Setia Jaya,2023-11-16,421
BRT03: Sunway Lagoon,BRT01: Sunway-Setia Jaya,2023-11-17,463
BRT03: Sunway Lagoon,BRT01: Sunway-Setia Jaya,2023-11-18,248
BRT03: Sunway Lagoon,BRT01: Sunway-Setia Jaya,2023-11-19,211
BRT03: Sunway Lagoon,BRT01: Sunway-Setia Jaya,2023-11-20,471
BRT03: Sunway Lagoon,BRT01: Sunway-Setia Jaya,2023-11-21,441
BRT03: Sunway Lagoon,BRT01: Sunway-Setia Jaya,2023-11-22,455
BRT03: Sunway Lagoon,BRT01: Sunway-Setia Jaya,2023-11-23,459
BRT03: Sunway Lagoon,BRT01: Sunway-Setia Jaya,2023-11-24,427
BRT03: Sunway Lagoon,BRT01: Sunway-Setia Jaya,2023-11-25,125
BRT03: Sunway Lagoon,BRT01: Sunway-Setia Jaya,2023-11-26,193
BRT03: Sunway Lagoon,BRT01: Sunway-Setia Jaya,2023-11-27,392
BRT03: Sunway Lagoon,BRT01: Sunway-Setia Jaya,2023-11-28,445
BRT03: Sunway Lagoon,BRT01: Sunway-Setia Jaya,2023-11-29,449
BRT03: Sunway Lagoon,BRT01: Sunway-Setia Jaya,2023-11-30,413
BRT03: Sunway Lagoon,BRT01: Sunway-Setia Jaya,2023-12-01,440
BRT03: Sunway Lagoon,BRT01: Sunway-Setia Jaya,2023-12-02,309
BRT03: Sunway Lagoon,BRT01: Sunway-Setia Jaya,2023-12-03,191
BRT03: Sunway Lagoon,BRT01: Sunway-Setia Jaya,2023-12-04,417
BRT03: Sunway Lagoon,BRT01: Sunway-Setia Jaya,2023-12-05,432
BRT03: Sunway Lagoon,BRT01: Sunway-Setia Jaya,2023-12-06,444
BRT03: Sunway Lagoon,BRT01: Sunway-Setia Jaya,2023-12-07,415
BRT03: Sunway Lagoon,BRT01: Sunway-Setia Jaya,2023-12-08,465
BRT03: Sunway Lagoon,BRT01: Sunway-Setia Jaya,2023-12-09,247
BRT03: Sunway Lagoon,BRT01: Sunway-Setia Jaya,2023-12-10,223
BRT03: Sunway Lagoon,BRT01: Sunway-Setia Jaya,2023-12-11,260
BRT03: Sunway Lagoon,BRT01: Sunway-Setia Jaya,2023-12-12,423
BRT03: Sunway Lagoon,BRT01: Sunway-Setia Jaya,2023-12-13,482
BRT03: Sunway Lagoon,BRT01: Sunway-Setia Jaya,2023-12-14,365
BRT03: Sunway Lagoon,BRT01: Sunway-Setia Jaya,2023-12-15,392
BRT03: Sunway Lagoon,BRT01: Sunway-Setia Jaya,2023-12-16,267
BRT03: Sunway Lagoon,BRT01: Sunway-Setia Jaya,2023-12-17,225
BRT03: Sunway Lagoon,BRT01: Sunway-Setia Jaya,2023-12-18,375
BRT03: Sunway Lagoon,BRT01: Sunway-Setia Jaya,2023-12-19,346
BRT03: Sunway Lagoon,BRT01: Sunway-Setia Jaya,2023-12-20,358
BRT03: Sunway Lagoon,BRT01: Sunway-Setia Jaya,2023-12-21,285
BRT03: Sunway Lagoon,BRT01: Sunway-Setia Jaya,2023-12-22,292
BRT03: Sunway Lagoon,BRT01: Sunway-Setia Jaya,2023-12-23,258
BRT03: Sunway Lagoon,BRT01: Sunway-Setia Jaya,2023-12-24,251
BRT03: Sunway Lagoon,BRT01: Sunway-Setia Jaya,2023-12-25,258
BRT03: Sunway Lagoon,BRT01: Sunway-Setia Jaya,2023-12-26,224
BRT03: Sunway Lagoon,BRT01: Sunway-Setia Jaya,2023-12-27,261
BRT03: Sunway Lagoon,BRT01: Sunway-Setia Jaya,2023-12-28,262
BRT03: Sunway Lagoon,BRT01: Sunway-Setia Jaya,2023-12-29,284
BRT03: Sunway Lagoon,BRT01: Sunway-Setia Jaya,2023-12-30,249
BRT03: Sunway Lagoon,BRT01: Sunway-Setia Jaya,2023-12-31,225
BRT03: Sunway Lagoon,BRT02: Mentari,2023-04-01,126
BRT03: Sunway Lagoon,BRT02: Mentari,2023-04-02,133
BRT03: Sunway Lagoon,BRT02: Mentari,2023-04-03,137
BRT03: Sunway Lagoon,BRT02: Mentari,2023-04-04,154
BRT03: Sunway Lagoon,BRT02: Mentari,2023-04-05,190
BRT03: Sunway Lagoon,BRT02: Mentari,2023-04-06,164
BRT03: Sunway Lagoon,BRT02: Mentari,2023-04-07,174
BRT03: Sunway Lagoon,BRT02: Mentari,2023-04-08,145
BRT03: Sunway Lagoon,BRT02: Mentari,2023-04-09,137
BRT03: Sunway Lagoon,BRT02: Mentari,2023-04-10,151
BRT03: Sunway Lagoon,BRT02: Mentari,2023-04-11,145
BRT03: Sunway Lagoon,BRT02: Mentari,2023-04-12,176
BRT03: Sunway Lagoon,BRT02: Mentari,2023-04-13,139
BRT03: Sunway Lagoon,BRT02: Mentari,2023-04-14,127
BRT03: Sunway Lagoon,BRT02: Mentari,2023-04-15,135
BRT03: Sunway Lagoon,BRT02: Mentari,2023-04-16,107
BRT03: Sunway Lagoon,BRT02: Mentari,2023-04-17,141
BRT03: Sunway Lagoon,BRT02: Mentari,2023-04-18,150
BRT03: Sunway Lagoon,BRT02: Mentari,2023-04-19,175
BRT03: Sunway Lagoon,BRT02: Mentari,2023-04-20,125
BRT03: Sunway Lagoon,BRT02: Mentari,2023-04-21,110
BRT03: Sunway Lagoon,BRT02: Mentari,2023-04-22,114
BRT03: Sunway Lagoon,BRT02: Mentari,2023-04-23,145
BRT03: Sunway Lagoon,BRT02: Mentari,2023-04-24,125
BRT03: Sunway Lagoon,BRT02: Mentari,2023-04-25,151
BRT03: Sunway Lagoon,BRT02: Mentari,2023-04-26,153
BRT03: Sunway Lagoon,BRT02: Mentari,2023-04-27,136
BRT03: Sunway Lagoon,BRT02: Mentari,2023-04-28,154
BRT03: Sunway Lagoon,BRT02: Mentari,2023-04-29,126
BRT03: Sunway Lagoon,BRT02: Mentari,2023-04-30,119
BRT03: Sunway Lagoon,BRT02: Mentari,2023-05-01,109
BRT03: Sunway Lagoon,BRT02: Mentari,2023-05-02,122
BRT03: Sunway Lagoon,BRT02: Mentari,2023-05-03,179
BRT03: Sunway Lagoon,BRT02: Mentari,2023-05-04,128
BRT03: Sunway Lagoon,BRT02: Mentari,2023-05-05,193
BRT03: Sunway Lagoon,BRT02: Mentari,2023-05-06,140
BRT03: Sunway Lagoon,BRT02: Mentari,2023-05-07,133
BRT03: Sunway Lagoon,BRT02: Mentari,2023-05-08,153
BRT03: Sunway Lagoon,BRT02: Mentari,2023-05-09,146
BRT03: Sunway Lagoon,BRT02: Mentari,2023-05-10,188
BRT03: Sunway Lagoon,BRT02: Mentari,2023-05-11,153
BRT03: Sunway Lagoon,BRT02: Mentari,2023-05-12,164
BRT03: Sunway Lagoon,BRT02: Mentari,2023-05-13,143
BRT03: Sunway Lagoon,BRT02: Mentari,2023-05-14,135
BRT03: Sunway Lagoon,BRT02: Mentari,2023-05-15,170
BRT03: Sunway Lagoon,BRT02: Mentari,2023-05-16,141
BRT03: Sunway Lagoon,BRT02: Mentari,2023-05-17,177
BRT03: Sunway Lagoon,BRT02: Mentari,2023-05-18,136
BRT03: Sunway Lagoon,BRT02: Mentari,2023-05-19,183
BRT03: Sunway Lagoon,BRT02: Mentari,2023-05-20,122
BRT03: Sunway Lagoon,BRT02: Mentari,2023-05-21,101
BRT03: Sunway Lagoon,BRT02: Mentari,2023-05-22,135
BRT03: Sunway Lagoon,BRT02: Mentari,2023-05-23,151
BRT03: Sunway Lagoon,BRT02: Mentari,2023-05-24,208
BRT03: Sunway Lagoon,BRT02: Mentari,2023-05-25,146
BRT03: Sunway Lagoon,BRT02: Mentari,2023-05-26,155
BRT03: Sunway Lagoon,BRT02: Mentari,2023-05-27,134
BRT03: Sunway Lagoon,BRT02: Mentari,2023-05-28,122
BRT03: Sunway Lagoon,BRT02: Mentari,2023-05-29,162
BRT03: Sunway Lagoon,BRT02: Mentari,2023-05-30,150
BRT03: Sunway Lagoon,BRT02: Mentari,2023-05-31,178
BRT03: Sunway Lagoon,BRT02: Mentari,2023-06-01,141
BRT03: Sunway Lagoon,BRT02: Mentari,2023-06-02,143
BRT03: Sunway Lagoon,BRT02: Mentari,2023-06-03,141
BRT03: Sunway Lagoon,BRT02: Mentari,2023-06-04,142
BRT03: Sunway Lagoon,BRT02: Mentari,2023-06-05,105
BRT03: Sunway Lagoon,BRT02: Mentari,2023-06-06,149
BRT03: Sunway Lagoon,BRT02: Mentari,2023-06-07,170
BRT03: Sunway Lagoon,BRT02: Mentari,2023-06-08,175
BRT03: Sunway Lagoon,BRT02: Mentari,2023-06-09,188
BRT03: Sunway Lagoon,BRT02: Mentari,2023-06-10,124
BRT03: Sunway Lagoon,BRT02: Mentari,2023-06-11,157
BRT03: Sunway Lagoon,BRT02: Mentari,2023-06-12,156
BRT03: Sunway Lagoon,BRT02: Mentari,2023-06-13,145
BRT03: Sunway Lagoon,BRT02: Mentari,2023-06-14,194
BRT03: Sunway Lagoon,BRT02: Mentari,2023-06-15,145
BRT03: Sunway Lagoon,BRT02: Mentari,2023-06-16,161
BRT03: Sunway Lagoon,BRT02: Mentari,2023-06-17,149
BRT03: Sunway Lagoon,BRT02: Mentari,2023-06-18,116
BRT03: Sunway Lagoon,BRT02: Mentari,2023-06-19,129
BRT03: Sunway Lagoon,BRT02: Mentari,2023-06-20,159
BRT03: Sunway Lagoon,BRT02: Mentari,2023-06-21,182
BRT03: Sunway Lagoon,BRT02: Mentari,2023-06-22,139
BRT03: Sunway Lagoon,BRT02: Mentari,2023-06-23,173
BRT03: Sunway Lagoon,BRT02: Mentari,2023-06-24,130
BRT03: Sunway Lagoon,BRT02: Mentari,2023-06-25,118
BRT03: Sunway Lagoon,BRT02: Mentari,2023-06-26,145
BRT03: Sunway Lagoon,BRT02: Mentari,2023-06-27,199
BRT03: Sunway Lagoon,BRT02: Mentari,2023-06-28,195
BRT03: Sunway Lagoon,BRT02: Mentari,2023-06-29,182
BRT03: Sunway Lagoon,BRT02: Mentari,2023-06-30,176
BRT03: Sunway Lagoon,BRT02: Mentari,2023-07-01,122
BRT03: Sunway Lagoon,BRT02: Mentari,2023-07-02,117
BRT03: Sunway Lagoon,BRT02: Mentari,2023-07-03,147
BRT03: Sunway Lagoon,BRT02: Mentari,2023-07-04,149
BRT03: Sunway Lagoon,BRT02: Mentari,2023-07-05,201
BRT03: Sunway Lagoon,BRT02: Mentari,2023-07-06,159
BRT03: Sunway Lagoon,BRT02: Mentari,2023-07-07,196
BRT03: Sunway Lagoon,BRT02: Mentari,2023-07-08,166
BRT03: Sunway Lagoon,BRT02: Mentari,2023-07-09,190
BRT03: Sunway Lagoon,BRT02: Mentari,2023-07-10,172
BRT03: Sunway Lagoon,BRT02: Mentari,2023-07-11,155
BRT03: Sunway Lagoon,BRT02: Mentari,2023-07-12,200
BRT03: Sunway Lagoon,BRT02: Mentari,2023-07-13,162
BRT03: Sunway Lagoon,BRT02: Mentari,2023-07-14,165
BRT03: Sunway Lagoon,BRT02: Mentari,2023-07-15,135
BRT03: Sunway Lagoon,BRT02: Mentari,2023-07-16,111
BRT03: Sunway Lagoon,BRT02: Mentari,2023-07-17,155
BRT03: Sunway Lagoon,BRT02: Mentari,2023-07-18,145
BRT03: Sunway Lagoon,BRT02: Mentari,2023-07-19,138
BRT03: Sunway Lagoon,BRT02: Mentari,2023-07-20,163
BRT03: Sunway Lagoon,BRT02: Mentari,2023-07-21,210
BRT03: Sunway Lagoon,BRT02: Mentari,2023-07-22,154
BRT03: Sunway Lagoon,BRT02: Mentari,2023-07-23,132
BRT03: Sunway Lagoon,BRT02: Mentari,2023-07-24,149
BRT03: Sunway Lagoon,BRT02: Mentari,2023-07-25,166
BRT03: Sunway Lagoon,BRT02: Mentari,2023-07-26,193
BRT03: Sunway Lagoon,BRT02: Mentari,2023-07-27,154
BRT03: Sunway Lagoon,BRT02: Mentari,2023-07-28,156
BRT03: Sunway Lagoon,BRT02: Mentari,2023-07-29,149
BRT03: Sunway Lagoon,BRT02: Mentari,2023-07-30,136
BRT03: Sunway Lagoon,BRT02: Mentari,2023-07-31,161
BRT03: Sunway Lagoon,BRT02: Mentari,2023-08-01,142
BRT03: Sunway Lagoon,BRT02: Mentari,2023-08-02,178
BRT03: Sunway Lagoon,BRT02: Mentari,2023-08-03,150
BRT03: Sunway Lagoon,BRT02: Mentari,2023-08-04,153
BRT03: Sunway Lagoon,BRT02: Mentari,2023-08-05,145
BRT03: Sunway Lagoon,BRT02: Mentari,2023-08-06,132
BRT03: Sunway Lagoon,BRT02: Mentari,2023-08-07,149
BRT03: Sunway Lagoon,BRT02: Mentari,2023-08-08,151
BRT03: Sunway Lagoon,BRT02: Mentari,2023-08-09,206
BRT03: Sunway Lagoon,BRT02: Mentari,2023-08-10,167
BRT03: Sunway Lagoon,BRT02: Mentari,2023-08-11,189
BRT03: Sunway Lagoon,BRT02: Mentari,2023-08-12,113
BRT03: Sunway Lagoon,BRT02: Mentari,2023-08-13,138
BRT03: Sunway Lagoon,BRT02: Mentari,2023-08-14,121
BRT03: Sunway Lagoon,BRT02: Mentari,2023-08-15,148
BRT03: Sunway Lagoon,BRT02: Mentari,2023-08-16,184
BRT03: Sunway Lagoon,BRT02: Mentari,2023-08-17,178
BRT03: Sunway Lagoon,BRT02: Mentari,2023-08-18,192
BRT03: Sunway Lagoon,BRT02: Mentari,2023-08-19,133
BRT03: Sunway Lagoon,BRT02: Mentari,2023-08-20,107
BRT03: Sunway Lagoon,BRT02: Mentari,2023-08-21,135
BRT03: Sunway Lagoon,BRT02: Mentari,2023-08-22,135
BRT03: Sunway Lagoon,BRT02: Mentari,2023-08-23,195
BRT03: Sunway Lagoon,BRT02: Mentari,2023-08-24,151
BRT03: Sunway Lagoon,BRT02: Mentari,2023-08-25,189
BRT03: Sunway Lagoon,BRT02: Mentari,2023-08-26,143
BRT03: Sunway Lagoon,BRT02: Mentari,2023-08-27,125
BRT03: Sunway Lagoon,BRT02: Mentari,2023-08-28,133
BRT03: Sunway Lagoon,BRT02: Mentari,2023-08-29,165
BRT03: Sunway Lagoon,BRT02: Mentari,2023-08-30,187
BRT03: Sunway Lagoon,BRT02: Mentari,2023-08-31,156
BRT03: Sunway Lagoon,BRT02: Mentari,2023-09-01,182
BRT03: Sunway Lagoon,BRT02: Mentari,2023-09-02,146
BRT03: Sunway Lagoon,BRT02: Mentari,2023-09-03,134
BRT03: Sunway Lagoon,BRT02: Mentari,2023-09-04,125
BRT03: Sunway Lagoon,BRT02: Mentari,2023-09-05,169
BRT03: Sunway Lagoon,BRT02: Mentari,2023-09-06,196
BRT03: Sunway Lagoon,BRT02: Mentari,2023-09-07,175
BRT03: Sunway Lagoon,BRT02: Mentari,2023-09-08,172
BRT03: Sunway Lagoon,BRT02: Mentari,2023-09-09,147
BRT03: Sunway Lagoon,BRT02: Mentari,2023-09-10,136
BRT03: Sunway Lagoon,BRT02: Mentari,2023-09-11,161
BRT03: Sunway Lagoon,BRT02: Mentari,2023-09-12,153
BRT03: Sunway Lagoon,BRT02: Mentari,2023-09-13,181
BRT03: Sunway Lagoon,BRT02: Mentari,2023-09-14,172
BRT03: Sunway Lagoon,BRT02: Mentari,2023-09-15,163
BRT03: Sunway Lagoon,BRT02: Mentari,2023-09-16,153
BRT03: Sunway Lagoon,BRT02: Mentari,2023-09-17,148
BRT03: Sunway Lagoon,BRT02: Mentari,2023-09-18,159
BRT03: Sunway Lagoon,BRT02: Mentari,2023-09-19,156
BRT03: Sunway Lagoon,BRT02: Mentari,2023-09-20,204
BRT03: Sunway Lagoon,BRT02: Mentari,2023-09-21,211
BRT03: Sunway Lagoon,BRT02: Mentari,2023-09-22,173
BRT03: Sunway Lagoon,BRT02: Mentari,2023-09-23,147
BRT03: Sunway Lagoon,BRT02: Mentari,2023-09-24,138
BRT03: Sunway Lagoon,BRT02: Mentari,2023-09-25,154
BRT03: Sunway Lagoon,BRT02: Mentari,2023-09-26,175
BRT03: Sunway Lagoon,BRT02: Mentari,2023-09-27,242
BRT03: Sunway Lagoon,BRT02: Mentari,2023-09-28,169
BRT03: Sunway Lagoon,BRT02: Mentari,2023-09-29,199
BRT03: Sunway Lagoon,BRT02: Mentari,2023-09-30,181
BRT03: Sunway Lagoon,BRT02: Mentari,2023-10-01,141
BRT03: Sunway Lagoon,BRT02: Mentari,2023-10-02,172
BRT03: Sunway Lagoon,BRT02: Mentari,2023-10-03,181
BRT03: Sunway Lagoon,BRT02: Mentari,2023-10-04,225
BRT03: Sunway Lagoon,BRT02: Mentari,2023-10-05,161
BRT03: Sunway Lagoon,BRT02: Mentari,2023-10-06,220
BRT03: Sunway Lagoon,BRT02: Mentari,2023-10-07,197
BRT03: Sunway Lagoon,BRT02: Mentari,2023-10-08,171
BRT03: Sunway Lagoon,BRT02: Mentari,2023-10-09,158
BRT03: Sunway Lagoon,BRT02: Mentari,2023-10-10,175
BRT03: Sunway Lagoon,BRT02: Mentari,2023-10-11,213
BRT03: Sunway Lagoon,BRT02: Mentari,2023-10-12,177
BRT03: Sunway Lagoon,BRT02: Mentari,2023-10-13,210
BRT03: Sunway Lagoon,BRT02: Mentari,2023-10-14,161
BRT03: Sunway Lagoon,BRT02: Mentari,2023-10-15,132
BRT03: Sunway Lagoon,BRT02: Mentari,2023-10-16,174
BRT03: Sunway Lagoon,BRT02: Mentari,2023-10-17,141
BRT03: Sunway Lagoon,BRT02: Mentari,2023-10-18,206
BRT03: Sunway Lagoon,BRT02: Mentari,2023-10-19,148
BRT03: Sunway Lagoon,BRT02: Mentari,2023-10-20,210
BRT03: Sunway Lagoon,BRT02: Mentari,2023-10-21,164
BRT03: Sunway Lagoon,BRT02: Mentari,2023-10-22,114
BRT03: Sunway Lagoon,BRT02: Mentari,2023-10-23,161
BRT03: Sunway Lagoon,BRT02: Mentari,2023-10-24,164
BRT03: Sunway Lagoon,BRT02: Mentari,2023-10-25,200
BRT03: Sunway Lagoon,BRT02: Mentari,2023-10-26,157
BRT03: Sunway Lagoon,BRT02: Mentari,2023-10-27,205
BRT03: Sunway Lagoon,BRT02: Mentari,2023-10-28,133
BRT03: Sunway Lagoon,BRT02: Mentari,2023-10-29,132
BRT03: Sunway Lagoon,BRT02: Mentari,2023-10-30,179
BRT03: Sunway Lagoon,BRT02: Mentari,2023-10-31,165
BRT03: Sunway Lagoon,BRT02: Mentari,2023-11-01,194
BRT03: Sunway Lagoon,BRT02: Mentari,2023-11-02,183
BRT03: Sunway Lagoon,BRT02: Mentari,2023-11-03,196
BRT03: Sunway Lagoon,BRT02: Mentari,2023-11-04,173
BRT03: Sunway Lagoon,BRT02: Mentari,2023-11-05,157
BRT03: Sunway Lagoon,BRT02: Mentari,2023-11-06,180
BRT03: Sunway Lagoon,BRT02: Mentari,2023-11-07,180
BRT03: Sunway Lagoon,BRT02: Mentari,2023-11-08,197
BRT03: Sunway Lagoon,BRT02: Mentari,2023-11-09,178
BRT03: Sunway Lagoon,BRT02: Mentari,2023-11-10,252
BRT03: Sunway Lagoon,BRT02: Mentari,2023-11-11,225
BRT03: Sunway Lagoon,BRT02: Mentari,2023-11-12,265
BRT03: Sunway Lagoon,BRT02: Mentari,2023-11-13,153
BRT03: Sunway Lagoon,BRT02: Mentari,2023-11-14,171
BRT03: Sunway Lagoon,BRT02: Mentari,2023-11-15,189
BRT03: Sunway Lagoon,BRT02: Mentari,2023-11-16,155
BRT03: Sunway Lagoon,BRT02: Mentari,2023-11-17,208
BRT03: Sunway Lagoon,BRT02: Mentari,2023-11-18,181
BRT03: Sunway Lagoon,BRT02: Mentari,2023-11-19,195
BRT03: Sunway Lagoon,BRT02: Mentari,2023-11-20,155
BRT03: Sunway Lagoon,BRT02: Mentari,2023-11-21,155
BRT03: Sunway Lagoon,BRT02: Mentari,2023-11-22,184
BRT03: Sunway Lagoon,BRT02: Mentari,2023-11-23,162
BRT03: Sunway Lagoon,BRT02: Mentari,2023-11-24,175
BRT03: Sunway Lagoon,BRT02: Mentari,2023-11-25,86
BRT03: Sunway Lagoon,BRT02: Mentari,2023-11-26,143
BRT03: Sunway Lagoon,BRT02: Mentari,2023-11-27,167
BRT03: Sunway Lagoon,BRT02: Mentari,2023-11-28,181
BRT03: Sunway Lagoon,BRT02: Mentari,2023-11-29,206
BRT03: Sunway Lagoon,BRT02: Mentari,2023-11-30,175
BRT03: Sunway Lagoon,BRT02: Mentari,2023-12-01,210
BRT03: Sunway Lagoon,BRT02: Mentari,2023-12-02,161
BRT03: Sunway Lagoon,BRT02: Mentari,2023-12-03,122
BRT03: Sunway Lagoon,BRT02: Mentari,2023-12-04,179
BRT03: Sunway Lagoon,BRT02: Mentari,2023-12-05,155
BRT03: Sunway Lagoon,BRT02: Mentari,2023-12-06,189
BRT03: Sunway Lagoon,BRT02: Mentari,2023-12-07,185
BRT03: Sunway Lagoon,BRT02: Mentari,2023-12-08,229
BRT03: Sunway Lagoon,BRT02: Mentari,2023-12-09,134
BRT03: Sunway Lagoon,BRT02: Mentari,2023-12-10,171
BRT03: Sunway Lagoon,BRT02: Mentari,2023-12-11,155
BRT03: Sunway Lagoon,BRT02: Mentari,2023-12-12,157
BRT03: Sunway Lagoon,BRT02: Mentari,2023-12-13,200
BRT03: Sunway Lagoon,BRT02: Mentari,2023-12-14,162
BRT03: Sunway Lagoon,BRT02: Mentari,2023-12-15,191
BRT03: Sunway Lagoon,BRT02: Mentari,2023-12-16,145
BRT03: Sunway Lagoon,BRT02: Mentari,2023-12-17,158
BRT03: Sunway Lagoon,BRT02: Mentari,2023-12-18,157
BRT03: Sunway Lagoon,BRT02: Mentari,2023-12-19,175
BRT03: Sunway Lagoon,BRT02: Mentari,2023-12-20,264
BRT03: Sunway Lagoon,BRT02: Mentari,2023-12-21,152
BRT03: Sunway Lagoon,BRT02: Mentari,2023-12-22,168
BRT03: Sunway Lagoon,BRT02: Mentari,2023-12-23,131
BRT03: Sunway Lagoon,BRT02: Mentari,2023-12-24,233
BRT03: Sunway Lagoon,BRT02: Mentari,2023-12-25,206
BRT03: Sunway Lagoon,BRT02: Mentari,2023-12-26,150
BRT03: Sunway Lagoon,BRT02: Mentari,2023-12-27,214
BRT03: Sunway Lagoon,BRT02: Mentari,2023-12-28,161
BRT03: Sunway Lagoon,BRT02: Mentari,2023-12-29,160
BRT03: Sunway Lagoon,BRT02: Mentari,2023-12-30,144
BRT03: Sunway Lagoon,BRT02: Mentari,2023-12-31,236
BRT03: Sunway Lagoon,BRT03: Sunway Lagoon,2023-04-01,31
BRT03: Sunway Lagoon,BRT03: Sunway Lagoon,2023-04-02,22
BRT03: Sunway Lagoon,BRT03: Sunway Lagoon,2023-04-03,55
BRT03: Sunway Lagoon,BRT03: Sunway Lagoon,2023-04-04,33
BRT03: Sunway Lagoon,BRT03: Sunway Lagoon,2023-04-05,25
BRT03: Sunway Lagoon,BRT03: Sunway Lagoon,2023-04-06,39
BRT03: Sunway Lagoon,BRT03: Sunway Lagoon,2023-04-07,35
BRT03: Sunway Lagoon,BRT03: Sunway Lagoon,2023-04-08,26
BRT03: Sunway Lagoon,BRT03: Sunway Lagoon,2023-04-09,29
BRT03: Sunway Lagoon,BRT03: Sunway Lagoon,2023-04-10,28
BRT03: Sunway Lagoon,BRT03: Sunway Lagoon,2023-04-11,26
BRT03: Sunway Lagoon,BRT03: Sunway Lagoon,2023-04-12,27
BRT03: Sunway Lagoon,BRT03: Sunway Lagoon,2023-04-13,30
BRT03: Sunway Lagoon,BRT03: Sunway Lagoon,2023-04-14,28
BRT03: Sunway Lagoon,BRT03: Sunway Lagoon,2023-04-15,42
BRT03: Sunway Lagoon,BRT03: Sunway Lagoon,2023-04-16,21
BRT03: Sunway Lagoon,BRT03: Sunway Lagoon,2023-04-17,59
BRT03: Sunway Lagoon,BRT03: Sunway Lagoon,2023-04-18,67
BRT03: Sunway Lagoon,BRT03: Sunway Lagoon,2023-04-19,29
BRT03: Sunway Lagoon,BRT03: Sunway Lagoon,2023-04-20,22
BRT03: Sunway Lagoon,BRT03: Sunway Lagoon,2023-04-21,58
BRT03: Sunway Lagoon,BRT03: Sunway Lagoon,2023-04-22,72
BRT03: Sunway Lagoon,BRT03: Sunway Lagoon,2023-04-23,54
BRT03: Sunway Lagoon,BRT03: Sunway Lagoon,2023-04-24,50
BRT03: Sunway Lagoon,BRT03: Sunway Lagoon,2023-04-25,45
BRT03: Sunway Lagoon,BRT03: Sunway Lagoon,2023-04-26,58
BRT03: Sunway Lagoon,BRT03: Sunway Lagoon,2023-04-27,38
BRT03: Sunway Lagoon,BRT03: Sunway Lagoon,2023-04-28,32
BRT03: Sunway Lagoon,BRT03: Sunway Lagoon,2023-04-29,63
BRT03: Sunway Lagoon,BRT03: Sunway Lagoon,2023-04-30,46
BRT03: Sunway Lagoon,BRT03: Sunway Lagoon,2023-05-01,50
BRT03: Sunway Lagoon,BRT03: Sunway Lagoon,2023-05-02,31
BRT03: Sunway Lagoon,BRT03: Sunway Lagoon,2023-05-03,38
BRT03: Sunway Lagoon,BRT03: Sunway Lagoon,2023-05-04,66
BRT03: Sunway Lagoon,BRT03: Sunway Lagoon,2023-05-05,46
BRT03: Sunway Lagoon,BRT03: Sunway Lagoon,2023-05-06,50
BRT03: Sunway Lagoon,BRT03: Sunway Lagoon,2023-05-07,30
BRT03: Sunway Lagoon,BRT03: Sunway Lagoon,2023-05-08,37
BRT03: Sunway Lagoon,BRT03: Sunway Lagoon,2023-05-09,70
BRT03: Sunway Lagoon,BRT03: Sunway Lagoon,2023-05-10,66
BRT03: Sunway Lagoon,BRT03: Sunway Lagoon,2023-05-11,47
BRT03: Sunway Lagoon,BRT03: Sunway Lagoon,2023-05-12,24
BRT03: Sunway Lagoon,BRT03: Sunway Lagoon,2023-05-13,50
BRT03: Sunway Lagoon,BRT03: Sunway Lagoon,2023-05-14,44
BRT03: Sunway Lagoon,BRT03: Sunway Lagoon,2023-05-15,37
BRT03: Sunway Lagoon,BRT03: Sunway Lagoon,2023-05-16,31
BRT03: Sunway Lagoon,BRT03: Sunway Lagoon,2023-05-17,38
BRT03: Sunway Lagoon,BRT03: Sunway Lagoon,2023-05-18,53
BRT03: Sunway Lagoon,BRT03: Sunway Lagoon,2023-05-19,44
BRT03: Sunway Lagoon,BRT03: Sunway Lagoon,2023-05-20,74
BRT03: Sunway Lagoon,BRT03: Sunway Lagoon,2023-05-21,27
BRT03: Sunway Lagoon,BRT03: Sunway Lagoon,2023-05-22,44
BRT03: Sunway Lagoon,BRT03: Sunway Lagoon,2023-05-23,33
BRT03: Sunway Lagoon,BRT03: Sunway Lagoon,2023-05-24,29
BRT03: Sunway Lagoon,BRT03: Sunway Lagoon,2023-05-25,25
BRT03: Sunway Lagoon,BRT03: Sunway Lagoon,2023-05-26,31
BRT03: Sunway Lagoon,BRT03: Sunway Lagoon,2023-05-27,34
BRT03: Sunway Lagoon,BRT03: Sunway Lagoon,2023-05-28,56
BRT03: Sunway Lagoon,BRT03: Sunway Lagoon,2023-05-29,49
BRT03: Sunway Lagoon,BRT03: Sunway Lagoon,2023-05-30,66
BRT03: Sunway Lagoon,BRT03: Sunway Lagoon,2023-05-31,48
BRT03: Sunway Lagoon,BRT03: Sunway Lagoon,2023-06-01,56
BRT03: Sunway Lagoon,BRT03: Sunway Lagoon,2023-06-02,56
BRT03: Sunway Lagoon,BRT03: Sunway Lagoon,2023-06-03,43
BRT03: Sunway Lagoon,BRT03: Sunway Lagoon,2023-06-04,27
BRT03: Sunway Lagoon,BRT03: Sunway Lagoon,2023-06-05,51
BRT03: Sunway Lagoon,BRT03: Sunway Lagoon,2023-06-06,55
BRT03: Sunway Lagoon,BRT03: Sunway Lagoon,2023-06-07,45
BRT03: Sunway Lagoon,BRT03: Sunway Lagoon,2023-06-08,46
BRT03: Sunway Lagoon,BRT03: Sunway Lagoon,2023-06-09,34
BRT03: Sunway Lagoon,BRT03: Sunway Lagoon,2023-06-10,43
BRT03: Sunway Lagoon,BRT03: Sunway Lagoon,2023-06-11,36
BRT03: Sunway Lagoon,BRT03: Sunway Lagoon,2023-06-12,31
BRT03: Sunway Lagoon,BRT03: Sunway Lagoon,2023-06-13,45
BRT03: Sunway Lagoon,BRT03: Sunway Lagoon,2023-06-14,36
BRT03: Sunway Lagoon,BRT03: Sunway Lagoon,2023-06-15,49
BRT03: Sunway Lagoon,BRT03: Sunway Lagoon,2023-06-16,28
BRT03: Sunway Lagoon,BRT03: Sunway Lagoon,2023-06-17,35
BRT03: Sunway Lagoon,BRT03: Sunway Lagoon,2023-06-18,39
BRT03: Sunway Lagoon,BRT03: Sunway Lagoon,2023-06-19,31
BRT03: Sunway Lagoon,BRT03: Sunway Lagoon,2023-06-20,32
BRT03: Sunway Lagoon,BRT03: Sunway Lagoon,2023-06-21,53
BRT03: Sunway Lagoon,BRT03: Sunway Lagoon,2023-06-22,60
BRT03: Sunway Lagoon,BRT03: Sunway Lagoon,2023-06-23,44
BRT03: Sunway Lagoon,BRT03: Sunway Lagoon,2023-06-24,34
BRT03: Sunway Lagoon,BRT03: Sunway Lagoon,2023-06-25,34
BRT03: Sunway Lagoon,BRT03: Sunway Lagoon,2023-06-26,53
BRT03: Sunway Lagoon,BRT03: Sunway Lagoon,2023-06-27,55
BRT03: Sunway Lagoon,BRT03: Sunway Lagoon,2023-06-28,58
BRT03: Sunway Lagoon,BRT03: Sunway Lagoon,2023-06-29,100
BRT03: Sunway Lagoon,BRT03: Sunway Lagoon,2023-06-30,67
BRT03: Sunway Lagoon,BRT03: Sunway Lagoon,2023-07-01,45
BRT03: Sunway Lagoon,BRT03: Sunway Lagoon,2023-07-02,31
BRT03: Sunway Lagoon,BRT03: Sunway Lagoon,2023-07-03,49
BRT03: Sunway Lagoon,BRT03: Sunway Lagoon,2023-07-04,35
BRT03: Sunway Lagoon,BRT03: Sunway Lagoon,2023-07-05,56
BRT03: Sunway Lagoon,BRT03: Sunway Lagoon,2023-07-06,36
BRT03: Sunway Lagoon,BRT03: Sunway Lagoon,2023-07-07,41
BRT03: Sunway Lagoon,BRT03: Sunway Lagoon,2023-07-08,34
BRT03: Sunway Lagoon,BRT03: Sunway Lagoon,2023-07-09,40
BRT03: Sunway Lagoon,BRT03: Sunway Lagoon,2023-07-10,38
BRT03: Sunway Lagoon,BRT03: Sunway Lagoon,2023-07-11,35
BRT03: Sunway Lagoon,BRT03: Sunway Lagoon,2023-07-12,39
BRT03: Sunway Lagoon,BRT03: Sunway Lagoon,2023-07-13,42
BRT03: Sunway Lagoon,BRT03: Sunway Lagoon,2023-07-14,29
BRT03: Sunway Lagoon,BRT03: Sunway Lagoon,2023-07-15,41
BRT03: Sunway Lagoon,BRT03: Sunway Lagoon,2023-07-16,41
BRT03: Sunway Lagoon,BRT03: Sunway Lagoon,2023-07-17,46
BRT03: Sunway Lagoon,BRT03: Sunway Lagoon,2023-07-18,44
BRT03: Sunway Lagoon,BRT03: Sunway Lagoon,2023-07-19,51
BRT03: Sunway Lagoon,BRT03: Sunway Lagoon,2023-07-20,47
BRT03: Sunway Lagoon,BRT03: Sunway Lagoon,2023-07-21,44
BRT03: Sunway Lagoon,BRT03: Sunway Lagoon,2023-07-22,33
BRT03: Sunway Lagoon,BRT03: Sunway Lagoon,2023-07-23,25
BRT03: Sunway Lagoon,BRT03: Sunway Lagoon,2023-07-24,58
BRT03: Sunway Lagoon,BRT03: Sunway Lagoon,2023-07-25,28
BRT03: Sunway Lagoon,BRT03: Sunway Lagoon,2023-07-26,40
BRT03: Sunway Lagoon,BRT03: Sunway Lagoon,2023-07-27,40
BRT03: Sunway Lagoon,BRT03: Sunway Lagoon,2023-07-28,47
BRT03: Sunway Lagoon,BRT03: Sunway Lagoon,2023-07-29,48
BRT03: Sunway Lagoon,BRT03: Sunway Lagoon,2023-07-30,37
BRT03: Sunway Lagoon,BRT03: Sunway Lagoon,2023-07-31,35
BRT03: Sunway Lagoon,BRT03: Sunway Lagoon,2023-08-01,29
BRT03: Sunway Lagoon,BRT03: Sunway Lagoon,2023-08-02,29
BRT03: Sunway Lagoon,BRT03: Sunway Lagoon,2023-08-03,27
BRT03: Sunway Lagoon,BRT03: Sunway Lagoon,2023-08-04,34
BRT03: Sunway Lagoon,BRT03: Sunway Lagoon,2023-08-05,33
BRT03: Sunway Lagoon,BRT03: Sunway Lagoon,2023-08-06,40
BRT03: Sunway Lagoon,BRT03: Sunway Lagoon,2023-08-07,27
BRT03: Sunway Lagoon,BRT03: Sunway Lagoon,2023-08-08,48
BRT03: Sunway Lagoon,BRT03: Sunway Lagoon,2023-08-09,46
BRT03: Sunway Lagoon,BRT03: Sunway Lagoon,2023-08-10,23
BRT03: Sunway Lagoon,BRT03: Sunway Lagoon,2023-08-11,36
BRT03: Sunway Lagoon,BRT03: Sunway Lagoon,2023-08-12,42
BRT03: Sunway Lagoon,BRT03: Sunway Lagoon,2023-08-13,41
BRT03: Sunway Lagoon,BRT03: Sunway Lagoon,2023-08-14,34
BRT03: Sunway Lagoon,BRT03: Sunway Lagoon,2023-08-15,34
BRT03: Sunway Lagoon,BRT03: Sunway Lagoon,2023-08-16,29
BRT03: Sunway Lagoon,BRT03: Sunway Lagoon,2023-08-17,39
BRT03: Sunway Lagoon,BRT03: Sunway Lagoon,2023-08-18,41
BRT03: Sunway Lagoon,BRT03: Sunway Lagoon,2023-08-19,43
BRT03: Sunway Lagoon,BRT03: Sunway Lagoon,2023-08-20,62
BRT03: Sunway Lagoon,BRT03: Sunway Lagoon,2023-08-21,45
BRT03: Sunway Lagoon,BRT03: Sunway Lagoon,2023-08-22,18
BRT03: Sunway Lagoon,BRT03: Sunway Lagoon,2023-08-23,37
BRT03: Sunway Lagoon,BRT03: Sunway Lagoon,2023-08-24,27
BRT03: Sunway Lagoon,BRT03: Sunway Lagoon,2023-08-25,29
BRT03: Sunway Lagoon,BRT03: Sunway Lagoon,2023-08-26,64
BRT03: Sunway Lagoon,BRT03: Sunway Lagoon,2023-08-27,47
BRT03: Sunway Lagoon,BRT03: Sunway Lagoon,2023-08-28,64
BRT03: Sunway Lagoon,BRT03: Sunway Lagoon,2023-08-29,53
BRT03: Sunway Lagoon,BRT03: Sunway Lagoon,2023-08-30,55
BRT03: Sunway Lagoon,BRT03: Sunway Lagoon,2023-08-31,52
BRT03: Sunway Lagoon,BRT03: Sunway Lagoon,2023-09-01,61
BRT03: Sunway Lagoon,BRT03: Sunway Lagoon,2023-09-02,32
BRT03: Sunway Lagoon,BRT03: Sunway Lagoon,2023-09-03,40
BRT03: Sunway Lagoon,BRT03: Sunway Lagoon,2023-09-04,33
BRT03: Sunway Lagoon,BRT03: Sunway Lagoon,2023-09-05,61
BRT03: Sunway Lagoon,BRT03: Sunway Lagoon,2023-09-06,41
BRT03: Sunway Lagoon,BRT03: Sunway Lagoon,2023-09-07,44
BRT03: Sunway Lagoon,BRT03: Sunway Lagoon,2023-09-08,43
BRT03: Sunway Lagoon,BRT03: Sunway Lagoon,2023-09-09,49
BRT03: Sunway Lagoon,BRT03: Sunway Lagoon,2023-09-10,46
BRT03: Sunway Lagoon,BRT03: Sunway Lagoon,2023-09-11,31
BRT03: Sunway Lagoon,BRT03: Sunway Lagoon,2023-09-12,50
BRT03: Sunway Lagoon,BRT03: Sunway Lagoon,2023-09-13,51
BRT03: Sunway Lagoon,BRT03: Sunway Lagoon,2023-09-14,45
BRT03: Sunway Lagoon,BRT03: Sunway Lagoon,2023-09-15,33
BRT03: Sunway Lagoon,BRT03: Sunway Lagoon,2023-09-16,65
BRT03: Sunway Lagoon,BRT03: Sunway Lagoon,2023-09-17,47
BRT03: Sunway Lagoon,BRT03: Sunway Lagoon,2023-09-18,58
BRT03: Sunway Lagoon,BRT03: Sunway Lagoon,2023-09-19,42
BRT03: Sunway Lagoon,BRT03: Sunway Lagoon,2023-09-20,56
BRT03: Sunway Lagoon,BRT03: Sunway Lagoon,2023-09-21,62
BRT03: Sunway Lagoon,BRT03: Sunway Lagoon,2023-09-22,42
BRT03: Sunway Lagoon,BRT03: Sunway Lagoon,2023-09-23,55
BRT03: Sunway Lagoon,BRT03: Sunway Lagoon,2023-09-24,56
BRT03: Sunway Lagoon,BRT03: Sunway Lagoon,2023-09-25,41
BRT03: Sunway Lagoon,BRT03: Sunway Lagoon,2023-09-26,24
BRT03: Sunway Lagoon,BRT03: Sunway Lagoon,2023-09-27,29
BRT03: Sunway Lagoon,BRT03: Sunway Lagoon,2023-09-28,57
BRT03: Sunway Lagoon,BRT03: Sunway Lagoon,2023-09-29,70
BRT03: Sunway Lagoon,BRT03: Sunway Lagoon,2023-09-30,28
BRT03: Sunway Lagoon,BRT03: Sunway Lagoon,2023-10-01,56
BRT03: Sunway Lagoon,BRT03: Sunway Lagoon,2023-10-02,47
BRT03: Sunway Lagoon,BRT03: Sunway Lagoon,2023-10-03,30
BRT03: Sunway Lagoon,BRT03: Sunway Lagoon,2023-10-04,75
BRT03: Sunway Lagoon,BRT03: Sunway Lagoon,2023-10-05,37
BRT03: Sunway Lagoon,BRT03: Sunway Lagoon,2023-10-06,78
BRT03: Sunway Lagoon,BRT03: Sunway Lagoon,2023-10-07,45
BRT03: Sunway Lagoon,BRT03: Sunway Lagoon,2023-10-08,68
BRT03: Sunway Lagoon,BRT03: Sunway Lagoon,2023-10-09,60
BRT03: Sunway Lagoon,BRT03: Sunway Lagoon,2023-10-10,27
BRT03: Sunway Lagoon,BRT03: Sunway Lagoon,2023-10-11,55
BRT03: Sunway Lagoon,BRT03: Sunway Lagoon,2023-10-12,53
BRT03: Sunway Lagoon,BRT03: Sunway Lagoon,2023-10-13,46
BRT03: Sunway Lagoon,BRT03: Sunway Lagoon,2023-10-14,69
BRT03: Sunway Lagoon,BRT03: Sunway Lagoon,2023-10-15,41
BRT03: Sunway Lagoon,BRT03: Sunway Lagoon,2023-10-16,45
BRT03: Sunway Lagoon,BRT03: Sunway Lagoon,2023-10-17,33
BRT03: Sunway Lagoon,BRT03: Sunway Lagoon,2023-10-18,33
BRT03: Sunway Lagoon,BRT03: Sunway Lagoon,2023-10-19,60
BRT03: Sunway Lagoon,BRT03: Sunway Lagoon,2023-10-20,53
BRT03: Sunway Lagoon,BRT03: Sunway Lagoon,2023-10-21,48
BRT03: Sunway Lagoon,BRT03: Sunway Lagoon,2023-10-22,65
BRT03: Sunway Lagoon,BRT03: Sunway Lagoon,2023-10-23,36
BRT03: Sunway Lagoon,BRT03: Sunway Lagoon,2023-10-24,20
BRT03: Sunway Lagoon,BRT03: Sunway Lagoon,2023-10-25,33
BRT03: Sunway Lagoon,BRT03: Sunway Lagoon,2023-10-26,56
BRT03: Sunway Lagoon,BRT03: Sunway Lagoon,2023-10-27,45
BRT03: Sunway Lagoon,BRT03: Sunway Lagoon,2023-10-28,53
BRT03: Sunway Lagoon,BRT03: Sunway Lagoon,2023-10-29,39
BRT03: Sunway Lagoon,BRT03: Sunway Lagoon,2023-10-30,16
BRT03: Sunway Lagoon,BRT03: Sunway Lagoon,2023-10-31,36
BRT03: Sunway Lagoon,BRT03: Sunway Lagoon,2023-11-01,42
BRT03: Sunway Lagoon,BRT03: Sunway Lagoon,2023-11-02,54
BRT03: Sunway Lagoon,BRT03: Sunway Lagoon,2023-11-03,38
BRT03: Sunway Lagoon,BRT03: Sunway Lagoon,2023-11-04,52
BRT03: Sunway Lagoon,BRT03: Sunway Lagoon,2023-11-05,66
BRT03: Sunway Lagoon,BRT03: Sunway Lagoon,2023-11-06,29
BRT03: Sunway Lagoon,BRT03: Sunway Lagoon,2023-11-07,39
BRT03: Sunway Lagoon,BRT03: Sunway Lagoon,2023-11-08,30
BRT03: Sunway Lagoon,BRT03: Sunway Lagoon,2023-11-09,30
BRT03: Sunway Lagoon,BRT03: Sunway Lagoon,2023-11-10,91
BRT03: Sunway Lagoon,BRT03: Sunway Lagoon,2023-11-11,128
BRT03: Sunway Lagoon,BRT03: Sunway Lagoon,2023-11-12,122
BRT03: Sunway Lagoon,BRT03: Sunway Lagoon,2023-11-13,58
BRT03: Sunway Lagoon,BRT03: Sunway Lagoon,2023-11-14,34
BRT03: Sunway Lagoon,BRT03: Sunway Lagoon,2023-11-15,35
BRT03: Sunway Lagoon,BRT03: Sunway Lagoon,2023-11-16,38
BRT03: Sunway Lagoon,BRT03: Sunway Lagoon,2023-11-17,86
BRT03: Sunway Lagoon,BRT03: Sunway Lagoon,2023-11-18,68
BRT03: Sunway Lagoon,BRT03: Sunway Lagoon,2023-11-19,70
BRT03: Sunway Lagoon,BRT03: Sunway Lagoon,2023-11-20,23
BRT03: Sunway Lagoon,BRT03: Sunway Lagoon,2023-11-21,26
BRT03: Sunway Lagoon,BRT03: Sunway Lagoon,2023-11-22,46
BRT03: Sunway Lagoon,BRT03: Sunway Lagoon,2023-11-23,22
BRT03: Sunway Lagoon,BRT03: Sunway Lagoon,2023-11-24,33
BRT03: Sunway Lagoon,BRT03: Sunway Lagoon,2023-11-25,64
BRT03: Sunway Lagoon,BRT03: Sunway Lagoon,2023-11-26,46
BRT03: Sunway Lagoon,BRT03: Sunway Lagoon,2023-11-27,31
BRT03: Sunway Lagoon,BRT03: Sunway Lagoon,2023-11-28,79
BRT03: Sunway Lagoon,BRT03: Sunway Lagoon,2023-11-29,41
BRT03: Sunway Lagoon,BRT03: Sunway Lagoon,2023-11-30,54
BRT03: Sunway Lagoon,BRT03: Sunway Lagoon,2023-12-01,44
BRT03: Sunway Lagoon,BRT03: Sunway Lagoon,2023-12-02,32
BRT03: Sunway Lagoon,BRT03: Sunway Lagoon,2023-12-03,24
BRT03: Sunway Lagoon,BRT03: Sunway Lagoon,2023-12-04,40
BRT03: Sunway Lagoon,BRT03: Sunway Lagoon,2023-12-05,59
BRT03: Sunway Lagoon,BRT03: Sunway Lagoon,2023-12-06,48
BRT03: Sunway Lagoon,BRT03: Sunway Lagoon,2023-12-07,33
BRT03: Sunway Lagoon,BRT03: Sunway Lagoon,2023-12-08,44
BRT03: Sunway Lagoon,BRT03: Sunway Lagoon,2023-12-09,30
BRT03: Sunway Lagoon,BRT03: Sunway Lagoon,2023-12-10,43
BRT03: Sunway Lagoon,BRT03: Sunway Lagoon,2023-12-11,43
BRT03: Sunway Lagoon,BRT03: Sunway Lagoon,2023-12-12,42
BRT03: Sunway Lagoon,BRT03: Sunway Lagoon,2023-12-13,48
BRT03: Sunway Lagoon,BRT03: Sunway Lagoon,2023-12-14,42
BRT03: Sunway Lagoon,BRT03: Sunway Lagoon,2023-12-15,44
BRT03: Sunway Lagoon,BRT03: Sunway Lagoon,2023-12-16,58
BRT03: Sunway Lagoon,BRT03: Sunway Lagoon,2023-12-17,58
BRT03: Sunway Lagoon,BRT03: Sunway Lagoon,2023-12-18,39
BRT03: Sunway Lagoon,BRT03: Sunway Lagoon,2023-12-19,36
BRT03: Sunway Lagoon,BRT03: Sunway Lagoon,2023-12-20,57
BRT03: Sunway Lagoon,BRT03: Sunway Lagoon,2023-12-21,39
BRT03: Sunway Lagoon,BRT03: Sunway Lagoon,2023-12-22,41
BRT03: Sunway Lagoon,BRT03: Sunway Lagoon,2023-12-23,57
BRT03: Sunway Lagoon,BRT03: Sunway Lagoon,2023-12-24,59
BRT03: Sunway Lagoon,BRT03: Sunway Lagoon,2023-12-25,26
BRT03: Sunway Lagoon,BRT03: Sunway Lagoon,2023-12-26,39
BRT03: Sunway Lagoon,BRT03: Sunway Lagoon,2023-12-27,56
BRT03: Sunway Lagoon,BRT03: Sunway Lagoon,2023-12-28,39
BRT03: Sunway Lagoon,BRT03: Sunway Lagoon,2023-12-29,62
BRT03: Sunway Lagoon,BRT03: Sunway Lagoon,2023-12-30,46
BRT03: Sunway Lagoon,BRT03: Sunway Lagoon,2023-12-31,98
BRT03: Sunway Lagoon,BRT04: SunMed,2023-04-01,440
BRT03: Sunway Lagoon,BRT04: SunMed,2023-04-02,414
BRT03: Sunway Lagoon,BRT04: SunMed,2023-04-03,352
BRT03: Sunway Lagoon,BRT04: SunMed,2023-04-04,369
BRT03: Sunway Lagoon,BRT04: SunMed,2023-04-05,413
BRT03: Sunway Lagoon,BRT04: SunMed,2023-04-06,456
BRT03: Sunway Lagoon,BRT04: SunMed,2023-04-07,497
BRT03: Sunway Lagoon,BRT04: SunMed,2023-04-08,447
BRT03: Sunway Lagoon,BRT04: SunMed,2023-04-09,335
BRT03: Sunway Lagoon,BRT04: SunMed,2023-04-10,380
BRT03: Sunway Lagoon,BRT04: SunMed,2023-04-11,359
BRT03: Sunway Lagoon,BRT04: SunMed,2023-04-12,388
BRT03: Sunway Lagoon,BRT04: SunMed,2023-04-13,360
BRT03: Sunway Lagoon,BRT04: SunMed,2023-04-14,410
BRT03: Sunway Lagoon,BRT04: SunMed,2023-04-15,397
BRT03: Sunway Lagoon,BRT04: SunMed,2023-04-16,369
BRT03: Sunway Lagoon,BRT04: SunMed,2023-04-17,360
BRT03: Sunway Lagoon,BRT04: SunMed,2023-04-18,394
BRT03: Sunway Lagoon,BRT04: SunMed,2023-04-19,479
BRT03: Sunway Lagoon,BRT04: SunMed,2023-04-20,492
BRT03: Sunway Lagoon,BRT04: SunMed,2023-04-21,422
BRT03: Sunway Lagoon,BRT04: SunMed,2023-04-22,462
BRT03: Sunway Lagoon,BRT04: SunMed,2023-04-23,432
BRT03: Sunway Lagoon,BRT04: SunMed,2023-04-24,350
BRT03: Sunway Lagoon,BRT04: SunMed,2023-04-25,351
BRT03: Sunway Lagoon,BRT04: SunMed,2023-04-26,393
BRT03: Sunway Lagoon,BRT04: SunMed,2023-04-27,434
BRT03: Sunway Lagoon,BRT04: SunMed,2023-04-28,453
BRT03: Sunway Lagoon,BRT04: SunMed,2023-04-29,444
BRT03: Sunway Lagoon,BRT04: SunMed,2023-04-30,397
BRT03: Sunway Lagoon,BRT04: SunMed,2023-05-01,354
BRT03: Sunway Lagoon,BRT04: SunMed,2023-05-02,434
BRT03: Sunway Lagoon,BRT04: SunMed,2023-05-03,484
BRT03: Sunway Lagoon,BRT04: SunMed,2023-05-04,429
BRT03: Sunway Lagoon,BRT04: SunMed,2023-05-05,420
BRT03: Sunway Lagoon,BRT04: SunMed,2023-05-06,361
BRT03: Sunway Lagoon,BRT04: SunMed,2023-05-07,328
BRT03: Sunway Lagoon,BRT04: SunMed,2023-05-08,360
BRT03: Sunway Lagoon,BRT04: SunMed,2023-05-09,363
BRT03: Sunway Lagoon,BRT04: SunMed,2023-05-10,374
BRT03: Sunway Lagoon,BRT04: SunMed,2023-05-11,475
BRT03: Sunway Lagoon,BRT04: SunMed,2023-05-12,521
BRT03: Sunway Lagoon,BRT04: SunMed,2023-05-13,436
BRT03: Sunway Lagoon,BRT04: SunMed,2023-05-14,331
BRT03: Sunway Lagoon,BRT04: SunMed,2023-05-15,376
BRT03: Sunway Lagoon,BRT04: SunMed,2023-05-16,401
BRT03: Sunway Lagoon,BRT04: SunMed,2023-05-17,427
BRT03: Sunway Lagoon,BRT04: SunMed,2023-05-18,408
BRT03: Sunway Lagoon,BRT04: SunMed,2023-05-19,509
BRT03: Sunway Lagoon,BRT04: SunMed,2023-05-20,377
BRT03: Sunway Lagoon,BRT04: SunMed,2023-05-21,366
BRT03: Sunway Lagoon,BRT04: SunMed,2023-05-22,332
BRT03: Sunway Lagoon,BRT04: SunMed,2023-05-23,362
BRT03: Sunway Lagoon,BRT04: SunMed,2023-05-24,371
BRT03: Sunway Lagoon,BRT04: SunMed,2023-05-25,410
BRT03: Sunway Lagoon,BRT04: SunMed,2023-05-26,466
BRT03: Sunway Lagoon,BRT04: SunMed,2023-05-27,391
BRT03: Sunway Lagoon,BRT04: SunMed,2023-05-28,366
BRT03: Sunway Lagoon,BRT04: SunMed,2023-05-29,404
BRT03: Sunway Lagoon,BRT04: SunMed,2023-05-30,406
BRT03: Sunway Lagoon,BRT04: SunMed,2023-05-31,451
BRT03: Sunway Lagoon,BRT04: SunMed,2023-06-01,459
BRT03: Sunway Lagoon,BRT04: SunMed,2023-06-02,470
BRT03: Sunway Lagoon,BRT04: SunMed,2023-06-03,404
BRT03: Sunway Lagoon,BRT04: SunMed,2023-06-04,303
BRT03: Sunway Lagoon,BRT04: SunMed,2023-06-05,335
BRT03: Sunway Lagoon,BRT04: SunMed,2023-06-06,375
BRT03: Sunway Lagoon,BRT04: SunMed,2023-06-07,374
BRT03: Sunway Lagoon,BRT04: SunMed,2023-06-08,473
BRT03: Sunway Lagoon,BRT04: SunMed,2023-06-09,510
BRT03: Sunway Lagoon,BRT04: SunMed,2023-06-10,414
BRT03: Sunway Lagoon,BRT04: SunMed,2023-06-11,390
BRT03: Sunway Lagoon,BRT04: SunMed,2023-06-12,382
BRT03: Sunway Lagoon,BRT04: SunMed,2023-06-13,383
BRT03: Sunway Lagoon,BRT04: SunMed,2023-06-14,410
BRT03: Sunway Lagoon,BRT04: SunMed,2023-06-15,433
BRT03: Sunway Lagoon,BRT04: SunMed,2023-06-16,409
BRT03: Sunway Lagoon,BRT04: SunMed,2023-06-17,392
BRT03: Sunway Lagoon,BRT04: SunMed,2023-06-18,327
BRT03: Sunway Lagoon,BRT04: SunMed,2023-06-19,362
BRT03: Sunway Lagoon,BRT04: SunMed,2023-06-20,336
BRT03: Sunway Lagoon,BRT04: SunMed,2023-06-21,428
BRT03: Sunway Lagoon,BRT04: SunMed,2023-06-22,386
BRT03: Sunway Lagoon,BRT04: SunMed,2023-06-23,435
BRT03: Sunway Lagoon,BRT04: SunMed,2023-06-24,335
BRT03: Sunway Lagoon,BRT04: SunMed,2023-06-25,325
BRT03: Sunway Lagoon,BRT04: SunMed,2023-06-26,363
BRT03: Sunway Lagoon,BRT04: SunMed,2023-06-27,397
BRT03: Sunway Lagoon,BRT04: SunMed,2023-06-28,472
BRT03: Sunway Lagoon,BRT04: SunMed,2023-06-29,355
BRT03: Sunway Lagoon,BRT04: SunMed,2023-06-30,385
BRT03: Sunway Lagoon,BRT04: SunMed,2023-07-01,348
BRT03: Sunway Lagoon,BRT04: SunMed,2023-07-02,321
BRT03: Sunway Lagoon,BRT04: SunMed,2023-07-03,341
BRT03: Sunway Lagoon,BRT04: SunMed,2023-07-04,384
BRT03: Sunway Lagoon,BRT04: SunMed,2023-07-05,411
BRT03: Sunway Lagoon,BRT04: SunMed,2023-07-06,410
BRT03: Sunway Lagoon,BRT04: SunMed,2023-07-07,503
BRT03: Sunway Lagoon,BRT04: SunMed,2023-07-08,392
BRT03: Sunway Lagoon,BRT04: SunMed,2023-07-09,386
BRT03: Sunway Lagoon,BRT04: SunMed,2023-07-10,350
BRT03: Sunway Lagoon,BRT04: SunMed,2023-07-11,350
BRT03: Sunway Lagoon,BRT04: SunMed,2023-07-12,373
BRT03: Sunway Lagoon,BRT04: SunMed,2023-07-13,370
BRT03: Sunway Lagoon,BRT04: SunMed,2023-07-14,443
BRT03: Sunway Lagoon,BRT04: SunMed,2023-07-15,327
BRT03: Sunway Lagoon,BRT04: SunMed,2023-07-16,324
BRT03: Sunway Lagoon,BRT04: SunMed,2023-07-17,371
BRT03: Sunway Lagoon,BRT04: SunMed,2023-07-18,387
BRT03: Sunway Lagoon,BRT04: SunMed,2023-07-19,400
BRT03: Sunway Lagoon,BRT04: SunMed,2023-07-20,432
BRT03: Sunway Lagoon,BRT04: SunMed,2023-07-21,460
BRT03: Sunway Lagoon,BRT04: SunMed,2023-07-22,387
BRT03: Sunway Lagoon,BRT04: SunMed,2023-07-23,398
BRT03: Sunway Lagoon,BRT04: SunMed,2023-07-24,397
BRT03: Sunway Lagoon,BRT04: SunMed,2023-07-25,370
BRT03: Sunway Lagoon,BRT04: SunMed,2023-07-26,369
BRT03: Sunway Lagoon,BRT04: SunMed,2023-07-27,443
BRT03: Sunway Lagoon,BRT04: SunMed,2023-07-28,518
BRT03: Sunway Lagoon,BRT04: SunMed,2023-07-29,375
BRT03: Sunway Lagoon,BRT04: SunMed,2023-07-30,390
BRT03: Sunway Lagoon,BRT04: SunMed,2023-07-31,427
BRT03: Sunway Lagoon,BRT04: SunMed,2023-08-01,390
BRT03: Sunway Lagoon,BRT04: SunMed,2023-08-02,391
BRT03: Sunway Lagoon,BRT04: SunMed,2023-08-03,395
BRT03: Sunway Lagoon,BRT04: SunMed,2023-08-04,456
BRT03: Sunway Lagoon,BRT04: SunMed,2023-08-05,374
BRT03: Sunway Lagoon,BRT04: SunMed,2023-08-06,309
BRT03: Sunway Lagoon,BRT04: SunMed,2023-08-07,339
BRT03: Sunway Lagoon,BRT04: SunMed,2023-08-08,349
BRT03: Sunway Lagoon,BRT04: SunMed,2023-08-09,369
BRT03: Sunway Lagoon,BRT04: SunMed,2023-08-10,395
BRT03: Sunway Lagoon,BRT04: SunMed,2023-08-11,429
BRT03: Sunway Lagoon,BRT04: SunMed,2023-08-12,331
BRT03: Sunway Lagoon,BRT04: SunMed,2023-08-13,320
BRT03: Sunway Lagoon,BRT04: SunMed,2023-08-14,354
BRT03: Sunway Lagoon,BRT04: SunMed,2023-08-15,331
BRT03: Sunway Lagoon,BRT04: SunMed,2023-08-16,433
BRT03: Sunway Lagoon,BRT04: SunMed,2023-08-17,380
BRT03: Sunway Lagoon,BRT04: SunMed,2023-08-18,442
BRT03: Sunway Lagoon,BRT04: SunMed,2023-08-19,361
BRT03: Sunway Lagoon,BRT04: SunMed,2023-08-20,313
BRT03: Sunway Lagoon,BRT04: SunMed,2023-08-21,333
BRT03: Sunway Lagoon,BRT04: SunMed,2023-08-22,324
BRT03: Sunway Lagoon,BRT04: SunMed,2023-08-23,420
BRT03: Sunway Lagoon,BRT04: SunMed,2023-08-24,399
BRT03: Sunway Lagoon,BRT04: SunMed,2023-08-25,404
BRT03: Sunway Lagoon,BRT04: SunMed,2023-08-26,415
BRT03: Sunway Lagoon,BRT04: SunMed,2023-08-27,351
BRT03: Sunway Lagoon,BRT04: SunMed,2023-08-28,392
BRT03: Sunway Lagoon,BRT04: SunMed,2023-08-29,409
BRT03: Sunway Lagoon,BRT04: SunMed,2023-08-30,506
BRT03: Sunway Lagoon,BRT04: SunMed,2023-08-31,466
BRT03: Sunway Lagoon,BRT04: SunMed,2023-09-01,441
BRT03: Sunway Lagoon,BRT04: SunMed,2023-09-02,364
BRT03: Sunway Lagoon,BRT04: SunMed,2023-09-03,328
BRT03: Sunway Lagoon,BRT04: SunMed,2023-09-04,380
BRT03: Sunway Lagoon,BRT04: SunMed,2023-09-05,403
BRT03: Sunway Lagoon,BRT04: SunMed,2023-09-06,408
BRT03: Sunway Lagoon,BRT04: SunMed,2023-09-07,454
BRT03: Sunway Lagoon,BRT04: SunMed,2023-09-08,561
BRT03: Sunway Lagoon,BRT04: SunMed,2023-09-09,456
BRT03: Sunway Lagoon,BRT04: SunMed,2023-09-10,434
BRT03: Sunway Lagoon,BRT04: SunMed,2023-09-11,382
BRT03: Sunway Lagoon,BRT04: SunMed,2023-09-12,364
BRT03: Sunway Lagoon,BRT04: SunMed,2023-09-13,431
BRT03: Sunway Lagoon,BRT04: SunMed,2023-09-14,413
BRT03: Sunway Lagoon,BRT04: SunMed,2023-09-15,571
BRT03: Sunway Lagoon,BRT04: SunMed,2023-09-16,460
BRT03: Sunway Lagoon,BRT04: SunMed,2023-09-17,409
BRT03: Sunway Lagoon,BRT04: SunMed,2023-09-18,448
BRT03: Sunway Lagoon,BRT04: SunMed,2023-09-19,420
BRT03: Sunway Lagoon,BRT04: SunMed,2023-09-20,488
BRT03: Sunway Lagoon,BRT04: SunMed,2023-09-21,407
BRT03: Sunway Lagoon,BRT04: SunMed,2023-09-22,496
BRT03: Sunway Lagoon,BRT04: SunMed,2023-09-23,440
BRT03: Sunway Lagoon,BRT04: SunMed,2023-09-24,383
BRT03: Sunway Lagoon,BRT04: SunMed,2023-09-25,397
BRT03: Sunway Lagoon,BRT04: SunMed,2023-09-26,364
BRT03: Sunway Lagoon,BRT04: SunMed,2023-09-27,517
BRT03: Sunway Lagoon,BRT04: SunMed,2023-09-28,430
BRT03: Sunway Lagoon,BRT04: SunMed,2023-09-29,530
BRT03: Sunway Lagoon,BRT04: SunMed,2023-09-30,470
BRT03: Sunway Lagoon,BRT04: SunMed,2023-10-01,404
BRT03: Sunway Lagoon,BRT04: SunMed,2023-10-02,393
BRT03: Sunway Lagoon,BRT04: SunMed,2023-10-03,407
BRT03: Sunway Lagoon,BRT04: SunMed,2023-10-04,446
BRT03: Sunway Lagoon,BRT04: SunMed,2023-10-05,467
BRT03: Sunway Lagoon,BRT04: SunMed,2023-10-06,680
BRT03: Sunway Lagoon,BRT04: SunMed,2023-10-07,560
BRT03: Sunway Lagoon,BRT04: SunMed,2023-10-08,449
BRT03: Sunway Lagoon,BRT04: SunMed,2023-10-09,367
BRT03: Sunway Lagoon,BRT04: SunMed,2023-10-10,431
BRT03: Sunway Lagoon,BRT04: SunMed,2023-10-11,404
BRT03: Sunway Lagoon,BRT04: SunMed,2023-10-12,478
BRT03: Sunway Lagoon,BRT04: SunMed,2023-10-13,573
BRT03: Sunway Lagoon,BRT04: SunMed,2023-10-14,515
BRT03: Sunway Lagoon,BRT04: SunMed,2023-10-15,401
BRT03: Sunway Lagoon,BRT04: SunMed,2023-10-16,360
BRT03: Sunway Lagoon,BRT04: SunMed,2023-10-17,368
BRT03: Sunway Lagoon,BRT04: SunMed,2023-10-18,434
BRT03: Sunway Lagoon,BRT04: SunMed,2023-10-19,453
BRT03: Sunway Lagoon,BRT04: SunMed,2023-10-20,525
BRT03: Sunway Lagoon,BRT04: SunMed,2023-10-21,434
BRT03: Sunway Lagoon,BRT04: SunMed,2023-10-22,435
BRT03: Sunway Lagoon,BRT04: SunMed,2023-10-23,384
BRT03: Sunway Lagoon,BRT04: SunMed,2023-10-24,420
BRT03: Sunway Lagoon,BRT04: SunMed,2023-10-25,436
BRT03: Sunway Lagoon,BRT04: SunMed,2023-10-26,473
BRT03: Sunway Lagoon,BRT04: SunMed,2023-10-27,559
BRT03: Sunway Lagoon,BRT04: SunMed,2023-10-28,456
BRT03: Sunway Lagoon,BRT04: SunMed,2023-10-29,358
BRT03: Sunway Lagoon,BRT04: SunMed,2023-10-30,406
BRT03: Sunway Lagoon,BRT04: SunMed,2023-10-31,419
BRT03: Sunway Lagoon,BRT04: SunMed,2023-11-01,463
BRT03: Sunway Lagoon,BRT04: SunMed,2023-11-02,447
BRT03: Sunway Lagoon,BRT04: SunMed,2023-11-03,507
BRT03: Sunway Lagoon,BRT04: SunMed,2023-11-04,473
BRT03: Sunway Lagoon,BRT04: SunMed,2023-11-05,487
BRT03: Sunway Lagoon,BRT04: SunMed,2023-11-06,448
BRT03: Sunway Lagoon,BRT04: SunMed,2023-11-07,387
BRT03: Sunway Lagoon,BRT04: SunMed,2023-11-08,499
BRT03: Sunway Lagoon,BRT04: SunMed,2023-11-09,506
BRT03: Sunway Lagoon,BRT04: SunMed,2023-11-10,678
BRT03: Sunway Lagoon,BRT04: SunMed,2023-11-11,766
BRT03: Sunway Lagoon,BRT04: SunMed,2023-11-12,593
BRT03: Sunway Lagoon,BRT04: SunMed,2023-11-13,312
BRT03: Sunway Lagoon,BRT04: SunMed,2023-11-14,405
BRT03: Sunway Lagoon,BRT04: SunMed,2023-11-15,390
BRT03: Sunway Lagoon,BRT04: SunMed,2023-11-16,403
BRT03: Sunway Lagoon,BRT04: SunMed,2023-11-17,599
BRT03: Sunway Lagoon,BRT04: SunMed,2023-11-18,501
BRT03: Sunway Lagoon,BRT04: SunMed,2023-11-19,666
BRT03: Sunway Lagoon,BRT04: SunMed,2023-11-20,343
BRT03: Sunway Lagoon,BRT04: SunMed,2023-11-21,467
BRT03: Sunway Lagoon,BRT04: SunMed,2023-11-22,475
BRT03: Sunway Lagoon,BRT04: SunMed,2023-11-23,473
BRT03: Sunway Lagoon,BRT04: SunMed,2023-11-24,727
BRT03: Sunway Lagoon,BRT04: SunMed,2023-11-25,276
BRT03: Sunway Lagoon,BRT04: SunMed,2023-11-26,415
BRT03: Sunway Lagoon,BRT04: SunMed,2023-11-27,363
BRT03: Sunway Lagoon,BRT04: SunMed,2023-11-28,349
BRT03: Sunway Lagoon,BRT04: SunMed,2023-11-29,399
BRT03: Sunway Lagoon,BRT04: SunMed,2023-11-30,434
BRT03: Sunway Lagoon,BRT04: SunMed,2023-12-01,508
BRT03: Sunway Lagoon,BRT04: SunMed,2023-12-02,417
BRT03: Sunway Lagoon,BRT04: SunMed,2023-12-03,363
BRT03: Sunway Lagoon,BRT04: SunMed,2023-12-04,423
BRT03: Sunway Lagoon,BRT04: SunMed,2023-12-05,403
BRT03: Sunway Lagoon,BRT04: SunMed,2023-12-06,424
BRT03: Sunway Lagoon,BRT04: SunMed,2023-12-07,477
BRT03: Sunway Lagoon,BRT04: SunMed,2023-12-08,581
BRT03: Sunway Lagoon,BRT04: SunMed,2023-12-09,451
BRT03: Sunway Lagoon,BRT04: SunMed,2023-12-10,390
BRT03: Sunway Lagoon,BRT04: SunMed,2023-12-11,384
BRT03: Sunway Lagoon,BRT04: SunMed,2023-12-12,355
BRT03: Sunway Lagoon,BRT04: SunMed,2023-12-13,413
BRT03: Sunway Lagoon,BRT04: SunMed,2023-12-14,458
BRT03: Sunway Lagoon,BRT04: SunMed,2023-12-15,463
BRT03: Sunway Lagoon,BRT04: SunMed,2023-12-16,368
BRT03: Sunway Lagoon,BRT04: SunMed,2023-12-17,342
BRT03: Sunway Lagoon,BRT04: SunMed,2023-12-18,380
BRT03: Sunway Lagoon,BRT04: SunMed,2023-12-19,361
BRT03: Sunway Lagoon,BRT04: SunMed,2023-12-20,386
BRT03: Sunway Lagoon,BRT04: SunMed,2023-12-21,442
BRT03: Sunway Lagoon,BRT04: SunMed,2023-12-22,409
BRT03: Sunway Lagoon,BRT04: SunMed,2023-12-23,393
BRT03: Sunway Lagoon,BRT04: SunMed,2023-12-24,488
BRT03: Sunway Lagoon,BRT04: SunMed,2023-12-25,402
BRT03: Sunway Lagoon,BRT04: SunMed,2023-12-26,363
BRT03: Sunway Lagoon,BRT04: SunMed,2023-12-27,302
BRT03: Sunway Lagoon,BRT04: SunMed,2023-12-28,381
BRT03: Sunway Lagoon,BRT04: SunMed,2023-12-29,375
BRT03: Sunway Lagoon,BRT04: SunMed,2023-12-30,298
BRT03: Sunway Lagoon,BRT04: SunMed,2023-12-31,560
BRT03: Sunway Lagoon,BRT05: SunU-Monash,2023-04-01,132
BRT03: Sunway Lagoon,BRT05: SunU-Monash,2023-04-02,140
BRT03: Sunway Lagoon,BRT05: SunU-Monash,2023-04-03,180
BRT03: Sunway Lagoon,BRT05: SunU-Monash,2023-04-04,186
BRT03: Sunway Lagoon,BRT05: SunU-Monash,2023-04-05,186
BRT03: Sunway Lagoon,BRT05: SunU-Monash,2023-04-06,256
BRT03: Sunway Lagoon,BRT05: SunU-Monash,2023-04-07,279
BRT03: Sunway Lagoon,BRT05: SunU-Monash,2023-04-08,114
BRT03: Sunway Lagoon,BRT05: SunU-Monash,2023-04-09,133
BRT03: Sunway Lagoon,BRT05: SunU-Monash,2023-04-10,142
BRT03: Sunway Lagoon,BRT05: SunU-Monash,2023-04-11,154
BRT03: Sunway Lagoon,BRT05: SunU-Monash,2023-04-12,142
BRT03: Sunway Lagoon,BRT05: SunU-Monash,2023-04-13,165
BRT03: Sunway Lagoon,BRT05: SunU-Monash,2023-04-14,176
BRT03: Sunway Lagoon,BRT05: SunU-Monash,2023-04-15,105
BRT03: Sunway Lagoon,BRT05: SunU-Monash,2023-04-16,94
BRT03: Sunway Lagoon,BRT05: SunU-Monash,2023-04-17,179
BRT03: Sunway Lagoon,BRT05: SunU-Monash,2023-04-18,182
BRT03: Sunway Lagoon,BRT05: SunU-Monash,2023-04-19,203
BRT03: Sunway Lagoon,BRT05: SunU-Monash,2023-04-20,208
BRT03: Sunway Lagoon,BRT05: SunU-Monash,2023-04-21,148
BRT03: Sunway Lagoon,BRT05: SunU-Monash,2023-04-22,150
BRT03: Sunway Lagoon,BRT05: SunU-Monash,2023-04-23,112
BRT03: Sunway Lagoon,BRT05: SunU-Monash,2023-04-24,91
BRT03: Sunway Lagoon,BRT05: SunU-Monash,2023-04-25,189
BRT03: Sunway Lagoon,BRT05: SunU-Monash,2023-04-26,176
BRT03: Sunway Lagoon,BRT05: SunU-Monash,2023-04-27,209
BRT03: Sunway Lagoon,BRT05: SunU-Monash,2023-04-28,248
BRT03: Sunway Lagoon,BRT05: SunU-Monash,2023-04-29,106
BRT03: Sunway Lagoon,BRT05: SunU-Monash,2023-04-30,115
BRT03: Sunway Lagoon,BRT05: SunU-Monash,2023-05-01,114
BRT03: Sunway Lagoon,BRT05: SunU-Monash,2023-05-02,216
BRT03: Sunway Lagoon,BRT05: SunU-Monash,2023-05-03,242
BRT03: Sunway Lagoon,BRT05: SunU-Monash,2023-05-04,119
BRT03: Sunway Lagoon,BRT05: SunU-Monash,2023-05-05,226
BRT03: Sunway Lagoon,BRT05: SunU-Monash,2023-05-06,132
BRT03: Sunway Lagoon,BRT05: SunU-Monash,2023-05-07,90
BRT03: Sunway Lagoon,BRT05: SunU-Monash,2023-05-08,185
BRT03: Sunway Lagoon,BRT05: SunU-Monash,2023-05-09,214
BRT03: Sunway Lagoon,BRT05: SunU-Monash,2023-05-10,187
BRT03: Sunway Lagoon,BRT05: SunU-Monash,2023-05-11,229
BRT03: Sunway Lagoon,BRT05: SunU-Monash,2023-05-12,275
BRT03: Sunway Lagoon,BRT05: SunU-Monash,2023-05-13,126
BRT03: Sunway Lagoon,BRT05: SunU-Monash,2023-05-14,92
BRT03: Sunway Lagoon,BRT05: SunU-Monash,2023-05-15,188
BRT03: Sunway Lagoon,BRT05: SunU-Monash,2023-05-16,181
BRT03: Sunway Lagoon,BRT05: SunU-Monash,2023-05-17,230
BRT03: Sunway Lagoon,BRT05: SunU-Monash,2023-05-18,159
BRT03: Sunway Lagoon,BRT05: SunU-Monash,2023-05-19,255
BRT03: Sunway Lagoon,BRT05: SunU-Monash,2023-05-20,121
BRT03: Sunway Lagoon,BRT05: SunU-Monash,2023-05-21,69
BRT03: Sunway Lagoon,BRT05: SunU-Monash,2023-05-22,195
BRT03: Sunway Lagoon,BRT05: SunU-Monash,2023-05-23,205
BRT03: Sunway Lagoon,BRT05: SunU-Monash,2023-05-24,207
BRT03: Sunway Lagoon,BRT05: SunU-Monash,2023-05-25,189
BRT03: Sunway Lagoon,BRT05: SunU-Monash,2023-05-26,267
BRT03: Sunway Lagoon,BRT05: SunU-Monash,2023-05-27,116
BRT03: Sunway Lagoon,BRT05: SunU-Monash,2023-05-28,106
BRT03: Sunway Lagoon,BRT05: SunU-Monash,2023-05-29,152
BRT03: Sunway Lagoon,BRT05: SunU-Monash,2023-05-30,203
BRT03: Sunway Lagoon,BRT05: SunU-Monash,2023-05-31,175
BRT03: Sunway Lagoon,BRT05: SunU-Monash,2023-06-01,195
BRT03: Sunway Lagoon,BRT05: SunU-Monash,2023-06-02,173
BRT03: Sunway Lagoon,BRT05: SunU-Monash,2023-06-03,120
BRT03: Sunway Lagoon,BRT05: SunU-Monash,2023-06-04,106
BRT03: Sunway Lagoon,BRT05: SunU-Monash,2023-06-05,86
BRT03: Sunway Lagoon,BRT05: SunU-Monash,2023-06-06,133
BRT03: Sunway Lagoon,BRT05: SunU-Monash,2023-06-07,165
BRT03: Sunway Lagoon,BRT05: SunU-Monash,2023-06-08,165
BRT03: Sunway Lagoon,BRT05: SunU-Monash,2023-06-09,186
BRT03: Sunway Lagoon,BRT05: SunU-Monash,2023-06-10,120
BRT03: Sunway Lagoon,BRT05: SunU-Monash,2023-06-11,80
BRT03: Sunway Lagoon,BRT05: SunU-Monash,2023-06-12,140
BRT03: Sunway Lagoon,BRT05: SunU-Monash,2023-06-13,142
BRT03: Sunway Lagoon,BRT05: SunU-Monash,2023-06-14,163
BRT03: Sunway Lagoon,BRT05: SunU-Monash,2023-06-15,174
BRT03: Sunway Lagoon,BRT05: SunU-Monash,2023-06-16,131
BRT03: Sunway Lagoon,BRT05: SunU-Monash,2023-06-17,96
BRT03: Sunway Lagoon,BRT05: SunU-Monash,2023-06-18,77
BRT03: Sunway Lagoon,BRT05: SunU-Monash,2023-06-19,143
BRT03: Sunway Lagoon,BRT05: SunU-Monash,2023-06-20,128
BRT03: Sunway Lagoon,BRT05: SunU-Monash,2023-06-21,141
BRT03: Sunway Lagoon,BRT05: SunU-Monash,2023-06-22,115
BRT03: Sunway Lagoon,BRT05: SunU-Monash,2023-06-23,104
BRT03: Sunway Lagoon,BRT05: SunU-Monash,2023-06-24,114
BRT03: Sunway Lagoon,BRT05: SunU-Monash,2023-06-25,88
BRT03: Sunway Lagoon,BRT05: SunU-Monash,2023-06-26,113
BRT03: Sunway Lagoon,BRT05: SunU-Monash,2023-06-27,113
BRT03: Sunway Lagoon,BRT05: SunU-Monash,2023-06-28,123
BRT03: Sunway Lagoon,BRT05: SunU-Monash,2023-06-29,57
BRT03: Sunway Lagoon,BRT05: SunU-Monash,2023-06-30,85
BRT03: Sunway Lagoon,BRT05: SunU-Monash,2023-07-01,63
BRT03: Sunway Lagoon,BRT05: SunU-Monash,2023-07-02,57
BRT03: Sunway Lagoon,BRT05: SunU-Monash,2023-07-03,97
BRT03: Sunway Lagoon,BRT05: SunU-Monash,2023-07-04,101
BRT03: Sunway Lagoon,BRT05: SunU-Monash,2023-07-05,120
BRT03: Sunway Lagoon,BRT05: SunU-Monash,2023-07-06,128
BRT03: Sunway Lagoon,BRT05: SunU-Monash,2023-07-07,125
BRT03: Sunway Lagoon,BRT05: SunU-Monash,2023-07-08,105
BRT03: Sunway Lagoon,BRT05: SunU-Monash,2023-07-09,64
BRT03: Sunway Lagoon,BRT05: SunU-Monash,2023-07-10,113
BRT03: Sunway Lagoon,BRT05: SunU-Monash,2023-07-11,118
BRT03: Sunway Lagoon,BRT05: SunU-Monash,2023-07-12,131
BRT03: Sunway Lagoon,BRT05: SunU-Monash,2023-07-13,120
BRT03: Sunway Lagoon,BRT05: SunU-Monash,2023-07-14,126
BRT03: Sunway Lagoon,BRT05: SunU-Monash,2023-07-15,76
BRT03: Sunway Lagoon,BRT05: SunU-Monash,2023-07-16,79
BRT03: Sunway Lagoon,BRT05: SunU-Monash,2023-07-17,166
BRT03: Sunway Lagoon,BRT05: SunU-Monash,2023-07-18,162
BRT03: Sunway Lagoon,BRT05: SunU-Monash,2023-07-19,93
BRT03: Sunway Lagoon,BRT05: SunU-Monash,2023-07-20,139
BRT03: Sunway Lagoon,BRT05: SunU-Monash,2023-07-21,168
BRT03: Sunway Lagoon,BRT05: SunU-Monash,2023-07-22,115
BRT03: Sunway Lagoon,BRT05: SunU-Monash,2023-07-23,109
BRT03: Sunway Lagoon,BRT05: SunU-Monash,2023-07-24,281
BRT03: Sunway Lagoon,BRT05: SunU-Monash,2023-07-25,242
BRT03: Sunway Lagoon,BRT05: SunU-Monash,2023-07-26,248
BRT03: Sunway Lagoon,BRT05: SunU-Monash,2023-07-27,200
BRT03: Sunway Lagoon,BRT05: SunU-Monash,2023-07-28,284
BRT03: Sunway Lagoon,BRT05: SunU-Monash,2023-07-29,107
BRT03: Sunway Lagoon,BRT05: SunU-Monash,2023-07-30,106
BRT03: Sunway Lagoon,BRT05: SunU-Monash,2023-07-31,181
BRT03: Sunway Lagoon,BRT05: SunU-Monash,2023-08-01,208
BRT03: Sunway Lagoon,BRT05: SunU-Monash,2023-08-02,219
BRT03: Sunway Lagoon,BRT05: SunU-Monash,2023-08-03,218
BRT03: Sunway Lagoon,BRT05: SunU-Monash,2023-08-04,259
BRT03: Sunway Lagoon,BRT05: SunU-Monash,2023-08-05,113
BRT03: Sunway Lagoon,BRT05: SunU-Monash,2023-08-06,100
BRT03: Sunway Lagoon,BRT05: SunU-Monash,2023-08-07,188
BRT03: Sunway Lagoon,BRT05: SunU-Monash,2023-08-08,201
BRT03: Sunway Lagoon,BRT05: SunU-Monash,2023-08-09,221
BRT03: Sunway Lagoon,BRT05: SunU-Monash,2023-08-10,220
BRT03: Sunway Lagoon,BRT05: SunU-Monash,2023-08-11,206
BRT03: Sunway Lagoon,BRT05: SunU-Monash,2023-08-12,87
BRT03: Sunway Lagoon,BRT05: SunU-Monash,2023-08-13,93
BRT03: Sunway Lagoon,BRT05: SunU-Monash,2023-08-14,103
BRT03: Sunway Lagoon,BRT05: SunU-Monash,2023-08-15,193
BRT03: Sunway Lagoon,BRT05: SunU-Monash,2023-08-16,212
BRT03: Sunway Lagoon,BRT05: SunU-Monash,2023-08-17,166
BRT03: Sunway Lagoon,BRT05: SunU-Monash,2023-08-18,231
BRT03: Sunway Lagoon,BRT05: SunU-Monash,2023-08-19,114
BRT03: Sunway Lagoon,BRT05: SunU-Monash,2023-08-20,91
BRT03: Sunway Lagoon,BRT05: SunU-Monash,2023-08-21,189
BRT03: Sunway Lagoon,BRT05: SunU-Monash,2023-08-22,159
BRT03: Sunway Lagoon,BRT05: SunU-Monash,2023-08-23,231
BRT03: Sunway Lagoon,BRT05: SunU-Monash,2023-08-24,196
BRT03: Sunway Lagoon,BRT05: SunU-Monash,2023-08-25,228
BRT03: Sunway Lagoon,BRT05: SunU-Monash,2023-08-26,110
BRT03: Sunway Lagoon,BRT05: SunU-Monash,2023-08-27,113
BRT03: Sunway Lagoon,BRT05: SunU-Monash,2023-08-28,170
BRT03: Sunway Lagoon,BRT05: SunU-Monash,2023-08-29,221
BRT03: Sunway Lagoon,BRT05: SunU-Monash,2023-08-30,227
BRT03: Sunway Lagoon,BRT05: SunU-Monash,2023-08-31,114
BRT03: Sunway Lagoon,BRT05: SunU-Monash,2023-09-01,203
BRT03: Sunway Lagoon,BRT05: SunU-Monash,2023-09-02,102
BRT03: Sunway Lagoon,BRT05: SunU-Monash,2023-09-03,111
BRT03: Sunway Lagoon,BRT05: SunU-Monash,2023-09-04,192
BRT03: Sunway Lagoon,BRT05: SunU-Monash,2023-09-05,225
BRT03: Sunway Lagoon,BRT05: SunU-Monash,2023-09-06,214
BRT03: Sunway Lagoon,BRT05: SunU-Monash,2023-09-07,223
BRT03: Sunway Lagoon,BRT05: SunU-Monash,2023-09-08,252
BRT03: Sunway Lagoon,BRT05: SunU-Monash,2023-09-09,142
BRT03: Sunway Lagoon,BRT05: SunU-Monash,2023-09-10,112
BRT03: Sunway Lagoon,BRT05: SunU-Monash,2023-09-11,184
BRT03: Sunway Lagoon,BRT05: SunU-Monash,2023-09-12,172
BRT03: Sunway Lagoon,BRT05: SunU-Monash,2023-09-13,220
BRT03: Sunway Lagoon,BRT05: SunU-Monash,2023-09-14,197
BRT03: Sunway Lagoon,BRT05: SunU-Monash,2023-09-15,221
BRT03: Sunway Lagoon,BRT05: SunU-Monash,2023-09-16,119
BRT03: Sunway Lagoon,BRT05: SunU-Monash,2023-09-17,99
BRT03: Sunway Lagoon,BRT05: SunU-Monash,2023-09-18,222
BRT03: Sunway Lagoon,BRT05: SunU-Monash,2023-09-19,237
BRT03: Sunway Lagoon,BRT05: SunU-Monash,2023-09-20,285
BRT03: Sunway Lagoon,BRT05: SunU-Monash,2023-09-21,234
BRT03: Sunway Lagoon,BRT05: SunU-Monash,2023-09-22,310
BRT03: Sunway Lagoon,BRT05: SunU-Monash,2023-09-23,122
BRT03: Sunway Lagoon,BRT05: SunU-Monash,2023-09-24,85
BRT03: Sunway Lagoon,BRT05: SunU-Monash,2023-09-25,169
BRT03: Sunway Lagoon,BRT05: SunU-Monash,2023-09-26,164
BRT03: Sunway Lagoon,BRT05: SunU-Monash,2023-09-27,171
BRT03: Sunway Lagoon,BRT05: SunU-Monash,2023-09-28,103
BRT03: Sunway Lagoon,BRT05: SunU-Monash,2023-09-29,183
BRT03: Sunway Lagoon,BRT05: SunU-Monash,2023-09-30,102
BRT03: Sunway Lagoon,BRT05: SunU-Monash,2023-10-01,122
BRT03: Sunway Lagoon,BRT05: SunU-Monash,2023-10-02,178
BRT03: Sunway Lagoon,BRT05: SunU-Monash,2023-10-03,225
BRT03: Sunway Lagoon,BRT05: SunU-Monash,2023-10-04,202
BRT03: Sunway Lagoon,BRT05: SunU-Monash,2023-10-05,242
BRT03: Sunway Lagoon,BRT05: SunU-Monash,2023-10-06,276
BRT03: Sunway Lagoon,BRT05: SunU-Monash,2023-10-07,171
BRT03: Sunway Lagoon,BRT05: SunU-Monash,2023-10-08,99
BRT03: Sunway Lagoon,BRT05: SunU-Monash,2023-10-09,180
BRT03: Sunway Lagoon,BRT05: SunU-Monash,2023-10-10,231
BRT03: Sunway Lagoon,BRT05: SunU-Monash,2023-10-11,258
BRT03: Sunway Lagoon,BRT05: SunU-Monash,2023-10-12,262
BRT03: Sunway Lagoon,BRT05: SunU-Monash,2023-10-13,301
BRT03: Sunway Lagoon,BRT05: SunU-Monash,2023-10-14,162
BRT03: Sunway Lagoon,BRT05: SunU-Monash,2023-10-15,133
BRT03: Sunway Lagoon,BRT05: SunU-Monash,2023-10-16,223
BRT03: Sunway Lagoon,BRT05: SunU-Monash,2023-10-17,269
BRT03: Sunway Lagoon,BRT05: SunU-Monash,2023-10-18,309
BRT03: Sunway Lagoon,BRT05: SunU-Monash,2023-10-19,251
BRT03: Sunway Lagoon,BRT05: SunU-Monash,2023-10-20,336
BRT03: Sunway Lagoon,BRT05: SunU-Monash,2023-10-21,163
BRT03: Sunway Lagoon,BRT05: SunU-Monash,2023-10-22,120
BRT03: Sunway Lagoon,BRT05: SunU-Monash,2023-10-23,189
BRT03: Sunway Lagoon,BRT05: SunU-Monash,2023-10-24,199
BRT03: Sunway Lagoon,BRT05: SunU-Monash,2023-10-25,239
BRT03: Sunway Lagoon,BRT05: SunU-Monash,2023-10-26,234
BRT03: Sunway Lagoon,BRT05: SunU-Monash,2023-10-27,250
BRT03: Sunway Lagoon,BRT05: SunU-Monash,2023-10-28,151
BRT03: Sunway Lagoon,BRT05: SunU-Monash,2023-10-29,134
BRT03: Sunway Lagoon,BRT05: SunU-Monash,2023-10-30,173
BRT03: Sunway Lagoon,BRT05: SunU-Monash,2023-10-31,221
BRT03: Sunway Lagoon,BRT05: SunU-Monash,2023-11-01,181
BRT03: Sunway Lagoon,BRT05: SunU-Monash,2023-11-02,202
BRT03: Sunway Lagoon,BRT05: SunU-Monash,2023-11-03,222
BRT03: Sunway Lagoon,BRT05: SunU-Monash,2023-11-04,162
BRT03: Sunway Lagoon,BRT05: SunU-Monash,2023-11-05,124
BRT03: Sunway Lagoon,BRT05: SunU-Monash,2023-11-06,221
BRT03: Sunway Lagoon,BRT05: SunU-Monash,2023-11-07,207
BRT03: Sunway Lagoon,BRT05: SunU-Monash,2023-11-08,262
BRT03: Sunway Lagoon,BRT05: SunU-Monash,2023-11-09,254
BRT03: Sunway Lagoon,BRT05: SunU-Monash,2023-11-10,300
BRT03: Sunway Lagoon,BRT05: SunU-Monash,2023-11-11,245
BRT03: Sunway Lagoon,BRT05: SunU-Monash,2023-11-12,171
BRT03: Sunway Lagoon,BRT05: SunU-Monash,2023-11-13,87
BRT03: Sunway Lagoon,BRT05: SunU-Monash,2023-11-14,180
BRT03: Sunway Lagoon,BRT05: SunU-Monash,2023-11-15,186
BRT03: Sunway Lagoon,BRT05: SunU-Monash,2023-11-16,158
BRT03: Sunway Lagoon,BRT05: SunU-Monash,2023-11-17,215
BRT03: Sunway Lagoon,BRT05: SunU-Monash,2023-11-18,167
BRT03: Sunway Lagoon,BRT05: SunU-Monash,2023-11-19,162
BRT03: Sunway Lagoon,BRT05: SunU-Monash,2023-11-20,129
BRT03: Sunway Lagoon,BRT05: SunU-Monash,2023-11-21,146
BRT03: Sunway Lagoon,BRT05: SunU-Monash,2023-11-22,162
BRT03: Sunway Lagoon,BRT05: SunU-Monash,2023-11-23,184
BRT03: Sunway Lagoon,BRT05: SunU-Monash,2023-11-24,256
BRT03: Sunway Lagoon,BRT05: SunU-Monash,2023-11-25,92
BRT03: Sunway Lagoon,BRT05: SunU-Monash,2023-11-26,125
BRT03: Sunway Lagoon,BRT05: SunU-Monash,2023-11-27,146
BRT03: Sunway Lagoon,BRT05: SunU-Monash,2023-11-28,141
BRT03: Sunway Lagoon,BRT05: SunU-Monash,2023-11-29,165
BRT03: Sunway Lagoon,BRT05: SunU-Monash,2023-11-30,170
BRT03: Sunway Lagoon,BRT05: SunU-Monash,2023-12-01,161
BRT03: Sunway Lagoon,BRT05: SunU-Monash,2023-12-02,101
BRT03: Sunway Lagoon,BRT05: SunU-Monash,2023-12-03,87
BRT03: Sunway Lagoon,BRT05: SunU-Monash,2023-12-04,123
BRT03: Sunway Lagoon,BRT05: SunU-Monash,2023-12-05,137
BRT03: Sunway Lagoon,BRT05: SunU-Monash,2023-12-06,133
BRT03: Sunway Lagoon,BRT05: SunU-Monash,2023-12-07,133
BRT03: Sunway Lagoon,BRT05: SunU-Monash,2023-12-08,173
BRT03: Sunway Lagoon,BRT05: SunU-Monash,2023-12-09,85
BRT03: Sunway Lagoon,BRT05: SunU-Monash,2023-12-10,86
BRT03: Sunway Lagoon,BRT05: SunU-Monash,2023-12-11,67
BRT03: Sunway Lagoon,BRT05: SunU-Monash,2023-12-12,150
BRT03: Sunway Lagoon,BRT05: SunU-Monash,2023-12-13,123
BRT03: Sunway Lagoon,BRT05: SunU-Monash,2023-12-14,111
BRT03: Sunway Lagoon,BRT05: SunU-Monash,2023-12-15,167
BRT03: Sunway Lagoon,BRT05: SunU-Monash,2023-12-16,124
BRT03: Sunway Lagoon,BRT05: SunU-Monash,2023-12-17,83
BRT03: Sunway Lagoon,BRT05: SunU-Monash,2023-12-18,107
BRT03: Sunway Lagoon,BRT05: SunU-Monash,2023-12-19,90
BRT03: Sunway Lagoon,BRT05: SunU-Monash,2023-12-20,137
BRT03: Sunway Lagoon,BRT05: SunU-Monash,2023-12-21,113
BRT03: Sunway Lagoon,BRT05: SunU-Monash,2023-12-22,130
BRT03: Sunway Lagoon,BRT05: SunU-Monash,2023-12-23,92
BRT03: Sunway Lagoon,BRT05: SunU-Monash,2023-12-24,76
BRT03: Sunway Lagoon,BRT05: SunU-Monash,2023-12-25,106
BRT03: Sunway Lagoon,BRT05: SunU-Monash,2023-12-26,87
BRT03: Sunway Lagoon,BRT05: SunU-Monash,2023-12-27,85
BRT03: Sunway Lagoon,BRT05: SunU-Monash,2023-12-28,80
BRT03: Sunway Lagoon,BRT05: SunU-Monash,2023-12-29,105
BRT03: Sunway Lagoon,BRT05: SunU-Monash,2023-12-30,91
BRT03: Sunway Lagoon,BRT05: SunU-Monash,2023-12-31,247
BRT03: Sunway Lagoon,BRT06: South Quay-USJ 1,2023-04-01,211
BRT03: Sunway Lagoon,BRT06: South Quay-USJ 1,2023-04-02,235
BRT03: Sunway Lagoon,BRT06: South Quay-USJ 1,2023-04-03,203
BRT03: Sunway Lagoon,BRT06: South Quay-USJ 1,2023-04-04,234
BRT03: Sunway Lagoon,BRT06: South Quay-USJ 1,2023-04-05,253
BRT03: Sunway Lagoon,BRT06: South Quay-USJ 1,2023-04-06,235
BRT03: Sunway Lagoon,BRT06: South Quay-USJ 1,2023-04-07,207
BRT03: Sunway Lagoon,BRT06: South Quay-USJ 1,2023-04-08,275
BRT03: Sunway Lagoon,BRT06: South Quay-USJ 1,2023-04-09,241
BRT03: Sunway Lagoon,BRT06: South Quay-USJ 1,2023-04-10,229
BRT03: Sunway Lagoon,BRT06: South Quay-USJ 1,2023-04-11,200
BRT03: Sunway Lagoon,BRT06: South Quay-USJ 1,2023-04-12,239
BRT03: Sunway Lagoon,BRT06: South Quay-USJ 1,2023-04-13,205
BRT03: Sunway Lagoon,BRT06: South Quay-USJ 1,2023-04-14,258
BRT03: Sunway Lagoon,BRT06: South Quay-USJ 1,2023-04-15,251
BRT03: Sunway Lagoon,BRT06: South Quay-USJ 1,2023-04-16,247
BRT03: Sunway Lagoon,BRT06: South Quay-USJ 1,2023-04-17,228
BRT03: Sunway Lagoon,BRT06: South Quay-USJ 1,2023-04-18,233
BRT03: Sunway Lagoon,BRT06: South Quay-USJ 1,2023-04-19,269
BRT03: Sunway Lagoon,BRT06: South Quay-USJ 1,2023-04-20,243
BRT03: Sunway Lagoon,BRT06: South Quay-USJ 1,2023-04-21,218
BRT03: Sunway Lagoon,BRT06: South Quay-USJ 1,2023-04-22,227
BRT03: Sunway Lagoon,BRT06: South Quay-USJ 1,2023-04-23,231
BRT03: Sunway Lagoon,BRT06: South Quay-USJ 1,2023-04-24,190
BRT03: Sunway Lagoon,BRT06: South Quay-USJ 1,2023-04-25,209
BRT03: Sunway Lagoon,BRT06: South Quay-USJ 1,2023-04-26,183
BRT03: Sunway Lagoon,BRT06: South Quay-USJ 1,2023-04-27,230
BRT03: Sunway Lagoon,BRT06: South Quay-USJ 1,2023-04-28,219
BRT03: Sunway Lagoon,BRT06: South Quay-USJ 1,2023-04-29,224
BRT03: Sunway Lagoon,BRT06: South Quay-USJ 1,2023-04-30,201
BRT03: Sunway Lagoon,BRT06: South Quay-USJ 1,2023-05-01,209
BRT03: Sunway Lagoon,BRT06: South Quay-USJ 1,2023-05-02,205
BRT03: Sunway Lagoon,BRT06: South Quay-USJ 1,2023-05-03,226
BRT03: Sunway Lagoon,BRT06: South Quay-USJ 1,2023-05-04,228
BRT03: Sunway Lagoon,BRT06: South Quay-USJ 1,2023-05-05,232
BRT03: Sunway Lagoon,BRT06: South Quay-USJ 1,2023-05-06,199
BRT03: Sunway Lagoon,BRT06: South Quay-USJ 1,2023-05-07,193
BRT03: Sunway Lagoon,BRT06: South Quay-USJ 1,2023-05-08,219
BRT03: Sunway Lagoon,BRT06: South Quay-USJ 1,2023-05-09,197
BRT03: Sunway Lagoon,BRT06: South Quay-USJ 1,2023-05-10,208
BRT03: Sunway Lagoon,BRT06: South Quay-USJ 1,2023-05-11,192
BRT03: Sunway Lagoon,BRT06: South Quay-USJ 1,2023-05-12,276
BRT03: Sunway Lagoon,BRT06: South Quay-USJ 1,2023-05-13,202
BRT03: Sunway Lagoon,BRT06: South Quay-USJ 1,2023-05-14,235
BRT03: Sunway Lagoon,BRT06: South Quay-USJ 1,2023-05-15,210
BRT03: Sunway Lagoon,BRT06: South Quay-USJ 1,2023-05-16,218
BRT03: Sunway Lagoon,BRT06: South Quay-USJ 1,2023-05-17,203
BRT03: Sunway Lagoon,BRT06: South Quay-USJ 1,2023-05-18,249
BRT03: Sunway Lagoon,BRT06: South Quay-USJ 1,2023-05-19,222
BRT03: Sunway Lagoon,BRT06: South Quay-USJ 1,2023-05-20,220
BRT03: Sunway Lagoon,BRT06: South Quay-USJ 1,2023-05-21,219
BRT03: Sunway Lagoon,BRT06: South Quay-USJ 1,2023-05-22,205
BRT03: Sunway Lagoon,BRT06: South Quay-USJ 1,2023-05-23,194
BRT03: Sunway Lagoon,BRT06: South Quay-USJ 1,2023-05-24,180
BRT03: Sunway Lagoon,BRT06: South Quay-USJ 1,2023-05-25,230
BRT03: Sunway Lagoon,BRT06: South Quay-USJ 1,2023-05-26,214
BRT03: Sunway Lagoon,BRT06: South Quay-USJ 1,2023-05-27,240
BRT03: Sunway Lagoon,BRT06: South Quay-USJ 1,2023-05-28,231
BRT03: Sunway Lagoon,BRT06: South Quay-USJ 1,2023-05-29,180
BRT03: Sunway Lagoon,BRT06: South Quay-USJ 1,2023-05-30,206
BRT03: Sunway Lagoon,BRT06: South Quay-USJ 1,2023-05-31,205
BRT03: Sunway Lagoon,BRT06: South Quay-USJ 1,2023-06-01,237
BRT03: Sunway Lagoon,BRT06: South Quay-USJ 1,2023-06-02,206
BRT03: Sunway Lagoon,BRT06: South Quay-USJ 1,2023-06-03,226
BRT03: Sunway Lagoon,BRT06: South Quay-USJ 1,2023-06-04,211
BRT03: Sunway Lagoon,BRT06: South Quay-USJ 1,2023-06-05,213
BRT03: Sunway Lagoon,BRT06: South Quay-USJ 1,2023-06-06,209
BRT03: Sunway Lagoon,BRT06: South Quay-USJ 1,2023-06-07,185
BRT03: Sunway Lagoon,BRT06: South Quay-USJ 1,2023-06-08,231
BRT03: Sunway Lagoon,BRT06: South Quay-USJ 1,2023-06-09,226
BRT03: Sunway Lagoon,BRT06: South Quay-USJ 1,2023-06-10,214
BRT03: Sunway Lagoon,BRT06: South Quay-USJ 1,2023-06-11,198
BRT03: Sunway Lagoon,BRT06: South Quay-USJ 1,2023-06-12,200
BRT03: Sunway Lagoon,BRT06: South Quay-USJ 1,2023-06-13,178
BRT03: Sunway Lagoon,BRT06: South Quay-USJ 1,2023-06-14,205
BRT03: Sunway Lagoon,BRT06: South Quay-USJ 1,2023-06-15,213
BRT03: Sunway Lagoon,BRT06: South Quay-USJ 1,2023-06-16,198
BRT03: Sunway Lagoon,BRT06: South Quay-USJ 1,2023-06-17,211
BRT03: Sunway Lagoon,BRT06: South Quay-USJ 1,2023-06-18,161
BRT03: Sunway Lagoon,BRT06: South Quay-USJ 1,2023-06-19,193
BRT03: Sunway Lagoon,BRT06: South Quay-USJ 1,2023-06-20,200
BRT03: Sunway Lagoon,BRT06: South Quay-USJ 1,2023-06-21,207
BRT03: Sunway Lagoon,BRT06: South Quay-USJ 1,2023-06-22,221
BRT03: Sunway Lagoon,BRT06: South Quay-USJ 1,2023-06-23,226
BRT03: Sunway Lagoon,BRT06: South Quay-USJ 1,2023-06-24,221
BRT03: Sunway Lagoon,BRT06: South Quay-USJ 1,2023-06-25,230
BRT03: Sunway Lagoon,BRT06: South Quay-USJ 1,2023-06-26,189
BRT03: Sunway Lagoon,BRT06: South Quay-USJ 1,2023-06-27,222
BRT03: Sunway Lagoon,BRT06: South Quay-USJ 1,2023-06-28,211
BRT03: Sunway Lagoon,BRT06: South Quay-USJ 1,2023-06-29,190
BRT03: Sunway Lagoon,BRT06: South Quay-USJ 1,2023-06-30,207
BRT03: Sunway Lagoon,BRT06: South Quay-USJ 1,2023-07-01,192
BRT03: Sunway Lagoon,BRT06: South Quay-USJ 1,2023-07-02,201
BRT03: Sunway Lagoon,BRT06: South Quay-USJ 1,2023-07-03,179
BRT03: Sunway Lagoon,BRT06: South Quay-USJ 1,2023-07-04,209
BRT03: Sunway Lagoon,BRT06: South Quay-USJ 1,2023-07-05,216
BRT03: Sunway Lagoon,BRT06: South Quay-USJ 1,2023-07-06,210
BRT03: Sunway Lagoon,BRT06: South Quay-USJ 1,2023-07-07,273
BRT03: Sunway Lagoon,BRT06: South Quay-USJ 1,2023-07-08,241
BRT03: Sunway Lagoon,BRT06: South Quay-USJ 1,2023-07-09,218
BRT03: Sunway Lagoon,BRT06: South Quay-USJ 1,2023-07-10,185
BRT03: Sunway Lagoon,BRT06: South Quay-USJ 1,2023-07-11,212
BRT03: Sunway Lagoon,BRT06: South Quay-USJ 1,2023-07-12,197
BRT03: Sunway Lagoon,BRT06: South Quay-USJ 1,2023-07-13,209
BRT03: Sunway Lagoon,BRT06: South Quay-USJ 1,2023-07-14,221
BRT03: Sunway Lagoon,BRT06: South Quay-USJ 1,2023-07-15,195
BRT03: Sunway Lagoon,BRT06: South Quay-USJ 1,2023-07-16,210
BRT03: Sunway Lagoon,BRT06: South Quay-USJ 1,2023-07-17,243
BRT03: Sunway Lagoon,BRT06: South Quay-USJ 1,2023-07-18,190
BRT03: Sunway Lagoon,BRT06: South Quay-USJ 1,2023-07-19,180
BRT03: Sunway Lagoon,BRT06: South Quay-USJ 1,2023-07-20,223
BRT03: Sunway Lagoon,BRT06: South Quay-USJ 1,2023-07-21,218
BRT03: Sunway Lagoon,BRT06: South Quay-USJ 1,2023-07-22,198
BRT03: Sunway Lagoon,BRT06: South Quay-USJ 1,2023-07-23,179
BRT03: Sunway Lagoon,BRT06: South Quay-USJ 1,2023-07-24,211
BRT03: Sunway Lagoon,BRT06: South Quay-USJ 1,2023-07-25,221
BRT03: Sunway Lagoon,BRT06: South Quay-USJ 1,2023-07-26,200
BRT03: Sunway Lagoon,BRT06: South Quay-USJ 1,2023-07-27,229
BRT03: Sunway Lagoon,BRT06: South Quay-USJ 1,2023-07-28,239
BRT03: Sunway Lagoon,BRT06: South Quay-USJ 1,2023-07-29,245
BRT03: Sunway Lagoon,BRT06: South Quay-USJ 1,2023-07-30,213
BRT03: Sunway Lagoon,BRT06: South Quay-USJ 1,2023-07-31,199
BRT03: Sunway Lagoon,BRT06: South Quay-USJ 1,2023-08-01,218
BRT03: Sunway Lagoon,BRT06: South Quay-USJ 1,2023-08-02,207
BRT03: Sunway Lagoon,BRT06: South Quay-USJ 1,2023-08-03,235
BRT03: Sunway Lagoon,BRT06: South Quay-USJ 1,2023-08-04,259
BRT03: Sunway Lagoon,BRT06: South Quay-USJ 1,2023-08-05,190
BRT03: Sunway Lagoon,BRT06: South Quay-USJ 1,2023-08-06,209
BRT03: Sunway Lagoon,BRT06: South Quay-USJ 1,2023-08-07,195
BRT03: Sunway Lagoon,BRT06: South Quay-USJ 1,2023-08-08,234
BRT03: Sunway Lagoon,BRT06: South Quay-USJ 1,2023-08-09,201
BRT03: Sunway Lagoon,BRT06: South Quay-USJ 1,2023-08-10,262
BRT03: Sunway Lagoon,BRT06: South Quay-USJ 1,2023-08-11,215
BRT03: Sunway Lagoon,BRT06: South Quay-USJ 1,2023-08-12,179
BRT03: Sunway Lagoon,BRT06: South Quay-USJ 1,2023-08-13,165
BRT03: Sunway Lagoon,BRT06: South Quay-USJ 1,2023-08-14,189
BRT03: Sunway Lagoon,BRT06: South Quay-USJ 1,2023-08-15,195
BRT03: Sunway Lagoon,BRT06: South Quay-USJ 1,2023-08-16,204
BRT03: Sunway Lagoon,BRT06: South Quay-USJ 1,2023-08-17,206
BRT03: Sunway Lagoon,BRT06: South Quay-USJ 1,2023-08-18,205
BRT03: Sunway Lagoon,BRT06: South Quay-USJ 1,2023-08-19,199
BRT03: Sunway Lagoon,BRT06: South Quay-USJ 1,2023-08-20,201
BRT03: Sunway Lagoon,BRT06: South Quay-USJ 1,2023-08-21,202
BRT03: Sunway Lagoon,BRT06: South Quay-USJ 1,2023-08-22,201
BRT03: Sunway Lagoon,BRT06: South Quay-USJ 1,2023-08-23,207
BRT03: Sunway Lagoon,BRT06: South Quay-USJ 1,2023-08-24,196
BRT03: Sunway Lagoon,BRT06: South Quay-USJ 1,2023-08-25,226
BRT03: Sunway Lagoon,BRT06: South Quay-USJ 1,2023-08-26,213
BRT03: Sunway Lagoon,BRT06: South Quay-USJ 1,2023-08-27,209
BRT03: Sunway Lagoon,BRT06: South Quay-USJ 1,2023-08-28,223
BRT03: Sunway Lagoon,BRT06: South Quay-USJ 1,2023-08-29,211
BRT03: Sunway Lagoon,BRT06: South Quay-USJ 1,2023-08-30,275
BRT03: Sunway Lagoon,BRT06: South Quay-USJ 1,2023-08-31,267
BRT03: Sunway Lagoon,BRT06: South Quay-USJ 1,2023-09-01,244
BRT03: Sunway Lagoon,BRT06: South Quay-USJ 1,2023-09-02,227
BRT03: Sunway Lagoon,BRT06: South Quay-USJ 1,2023-09-03,212
BRT03: Sunway Lagoon,BRT06: South Quay-USJ 1,2023-09-04,218
BRT03: Sunway Lagoon,BRT06: South Quay-USJ 1,2023-09-05,227
BRT03: Sunway Lagoon,BRT06: South Quay-USJ 1,2023-09-06,220
BRT03: Sunway Lagoon,BRT06: South Quay-USJ 1,2023-09-07,224
BRT03: Sunway Lagoon,BRT06: South Quay-USJ 1,2023-09-08,282
BRT03: Sunway Lagoon,BRT06: South Quay-USJ 1,2023-09-09,252
BRT03: Sunway Lagoon,BRT06: South Quay-USJ 1,2023-09-10,166
BRT03: Sunway Lagoon,BRT06: South Quay-USJ 1,2023-09-11,220
BRT03: Sunway Lagoon,BRT06: South Quay-USJ 1,2023-09-12,210
BRT03: Sunway Lagoon,BRT06: South Quay-USJ 1,2023-09-13,220
BRT03: Sunway Lagoon,BRT06: South Quay-USJ 1,2023-09-14,219
BRT03: Sunway Lagoon,BRT06: South Quay-USJ 1,2023-09-15,260
BRT03: Sunway Lagoon,BRT06: South Quay-USJ 1,2023-09-16,220
BRT03: Sunway Lagoon,BRT06: South Quay-USJ 1,2023-09-17,205
BRT03: Sunway Lagoon,BRT06: South Quay-USJ 1,2023-09-18,191
BRT03: Sunway Lagoon,BRT06: South Quay-USJ 1,2023-09-19,220
BRT03: Sunway Lagoon,BRT06: South Quay-USJ 1,2023-09-20,220
BRT03: Sunway Lagoon,BRT06: South Quay-USJ 1,2023-09-21,222
BRT03: Sunway Lagoon,BRT06: South Quay-USJ 1,2023-09-22,252
BRT03: Sunway Lagoon,BRT06: South Quay-USJ 1,2023-09-23,206
BRT03: Sunway Lagoon,BRT06: South Quay-USJ 1,2023-09-24,221
BRT03: Sunway Lagoon,BRT06: South Quay-USJ 1,2023-09-25,190
BRT03: Sunway Lagoon,BRT06: South Quay-USJ 1,2023-09-26,223
BRT03: Sunway Lagoon,BRT06: South Quay-USJ 1,2023-09-27,262
BRT03: Sunway Lagoon,BRT06: South Quay-USJ 1,2023-09-28,224
BRT03: Sunway Lagoon,BRT06: South Quay-USJ 1,2023-09-29,257
BRT03: Sunway Lagoon,BRT06: South Quay-USJ 1,2023-09-30,229
BRT03: Sunway Lagoon,BRT06: South Quay-USJ 1,2023-10-01,260
BRT03: Sunway Lagoon,BRT06: South Quay-USJ 1,2023-10-02,223
BRT03: Sunway Lagoon,BRT06: South Quay-USJ 1,2023-10-03,235
BRT03: Sunway Lagoon,BRT06: South Quay-USJ 1,2023-10-04,212
BRT03: Sunway Lagoon,BRT06: South Quay-USJ 1,2023-10-05,239
BRT03: Sunway Lagoon,BRT06: South Quay-USJ 1,2023-10-06,293
BRT03: Sunway Lagoon,BRT06: South Quay-USJ 1,2023-10-07,277
BRT03: Sunway Lagoon,BRT06: South Quay-USJ 1,2023-10-08,229
BRT03: Sunway Lagoon,BRT06: South Quay-USJ 1,2023-10-09,222
BRT03: Sunway Lagoon,BRT06: South Quay-USJ 1,2023-10-10,243
BRT03: Sunway Lagoon,BRT06: South Quay-USJ 1,2023-10-11,246
BRT03: Sunway Lagoon,BRT06: South Quay-USJ 1,2023-10-12,235
BRT03: Sunway Lagoon,BRT06: South Quay-USJ 1,2023-10-13,287
BRT03: Sunway Lagoon,BRT06: South Quay-USJ 1,2023-10-14,244
BRT03: Sunway Lagoon,BRT06: South Quay-USJ 1,2023-10-15,214
BRT03: Sunway Lagoon,BRT06: South Quay-USJ 1,2023-10-16,205
BRT03: Sunway Lagoon,BRT06: South Quay-USJ 1,2023-10-17,215
BRT03: Sunway Lagoon,BRT06: South Quay-USJ 1,2023-10-18,240
BRT03: Sunway Lagoon,BRT06: South Quay-USJ 1,2023-10-19,220
BRT03: Sunway Lagoon,BRT06: South Quay-USJ 1,2023-10-20,300
BRT03: Sunway Lagoon,BRT06: South Quay-USJ 1,2023-10-21,202
BRT03: Sunway Lagoon,BRT06: South Quay-USJ 1,2023-10-22,262
BRT03: Sunway Lagoon,BRT06: South Quay-USJ 1,2023-10-23,210
BRT03: Sunway Lagoon,BRT06: South Quay-USJ 1,2023-10-24,211
BRT03: Sunway Lagoon,BRT06: South Quay-USJ 1,2023-10-25,231
BRT03: Sunway Lagoon,BRT06: South Quay-USJ 1,2023-10-26,240
BRT03: Sunway Lagoon,BRT06: South Quay-USJ 1,2023-10-27,271
BRT03: Sunway Lagoon,BRT06: South Quay-USJ 1,2023-10-28,224
BRT03: Sunway Lagoon,BRT06: South Quay-USJ 1,2023-10-29,254
BRT03: Sunway Lagoon,BRT06: South Quay-USJ 1,2023-10-30,221
BRT03: Sunway Lagoon,BRT06: South Quay-USJ 1,2023-10-31,230
BRT03: Sunway Lagoon,BRT06: South Quay-USJ 1,2023-11-01,252
BRT03: Sunway Lagoon,BRT06: South Quay-USJ 1,2023-11-02,253
BRT03: Sunway Lagoon,BRT06: South Quay-USJ 1,2023-11-03,264
BRT03: Sunway Lagoon,BRT06: South Quay-USJ 1,2023-11-04,282
BRT03: Sunway Lagoon,BRT06: South Quay-USJ 1,2023-11-05,260
BRT03: Sunway Lagoon,BRT06: South Quay-USJ 1,2023-11-06,221
BRT03: Sunway Lagoon,BRT06: South Quay-USJ 1,2023-11-07,248
BRT03: Sunway Lagoon,BRT06: South Quay-USJ 1,2023-11-08,260
BRT03: Sunway Lagoon,BRT06: South Quay-USJ 1,2023-11-09,276
BRT03: Sunway Lagoon,BRT06: South Quay-USJ 1,2023-11-10,319
BRT03: Sunway Lagoon,BRT06: South Quay-USJ 1,2023-11-11,302
BRT03: Sunway Lagoon,BRT06: South Quay-USJ 1,2023-11-12,272
BRT03: Sunway Lagoon,BRT06: South Quay-USJ 1,2023-11-13,220
BRT03: Sunway Lagoon,BRT06: South Quay-USJ 1,2023-11-14,229
BRT03: Sunway Lagoon,BRT06: South Quay-USJ 1,2023-11-15,207
BRT03: Sunway Lagoon,BRT06: South Quay-USJ 1,2023-11-16,229
BRT03: Sunway Lagoon,BRT06: South Quay-USJ 1,2023-11-17,243
BRT03: Sunway Lagoon,BRT06: South Quay-USJ 1,2023-11-18,214
BRT03: Sunway Lagoon,BRT06: South Quay-USJ 1,2023-11-19,299
BRT03: Sunway Lagoon,BRT06: South Quay-USJ 1,2023-11-20,205
BRT03: Sunway Lagoon,BRT06: South Quay-USJ 1,2023-11-21,212
BRT03: Sunway Lagoon,BRT06: South Quay-USJ 1,2023-11-22,202
BRT03: Sunway Lagoon,BRT06: South Quay-USJ 1,2023-11-23,244
BRT03: Sunway Lagoon,BRT06: South Quay-USJ 1,2023-11-24,296
BRT03: Sunway Lagoon,BRT06: South Quay-USJ 1,2023-11-25,86
BRT03: Sunway Lagoon,BRT06: South Quay-USJ 1,2023-11-26,210
BRT03: Sunway Lagoon,BRT06: South Quay-USJ 1,2023-11-27,201
BRT03: Sunway Lagoon,BRT06: South Quay-USJ 1,2023-11-28,157
BRT03: Sunway Lagoon,BRT06: South Quay-USJ 1,2023-11-29,239
BRT03: Sunway Lagoon,BRT06: South Quay-USJ 1,2023-11-30,259
BRT03: Sunway Lagoon,BRT06: South Quay-USJ 1,2023-12-01,265
BRT03: Sunway Lagoon,BRT06: South Quay-USJ 1,2023-12-02,259
BRT03: Sunway Lagoon,BRT06: South Quay-USJ 1,2023-12-03,229
BRT03: Sunway Lagoon,BRT06: South Quay-USJ 1,2023-12-04,221
BRT03: Sunway Lagoon,BRT06: South Quay-USJ 1,2023-12-05,241
BRT03: Sunway Lagoon,BRT06: South Quay-USJ 1,2023-12-06,286
BRT03: Sunway Lagoon,BRT06: South Quay-USJ 1,2023-12-07,251
BRT03: Sunway Lagoon,BRT06: South Quay-USJ 1,2023-12-08,247
BRT03: Sunway Lagoon,BRT06: South Quay-USJ 1,2023-12-09,216
BRT03: Sunway Lagoon,BRT06: South Quay-USJ 1,2023-12-10,202
BRT03: Sunway Lagoon,BRT06: South Quay-USJ 1,2023-12-11,219
BRT03: Sunway Lagoon,BRT06: South Quay-USJ 1,2023-12-12,213
BRT03: Sunway Lagoon,BRT06: South Quay-USJ 1,2023-12-13,221
BRT03: Sunway Lagoon,BRT06: South Quay-USJ 1,2023-12-14,206
BRT03: Sunway Lagoon,BRT06: South Quay-USJ 1,2023-12-15,234
BRT03: Sunway Lagoon,BRT06: South Quay-USJ 1,2023-12-16,215
BRT03: Sunway Lagoon,BRT06: South Quay-USJ 1,2023-12-17,223
BRT03: Sunway Lagoon,BRT06: South Quay-USJ 1,2023-12-18,229
BRT03: Sunway Lagoon,BRT06: South Quay-USJ 1,2023-12-19,196
BRT03: Sunway Lagoon,BRT06: South Quay-USJ 1,2023-12-20,227
BRT03: Sunway Lagoon,BRT06: South Quay-USJ 1,2023-12-21,234
BRT03: Sunway Lagoon,BRT06: South Quay-USJ 1,2023-12-22,239
BRT03: Sunway Lagoon,BRT06: South Quay-USJ 1,2023-12-23,219
BRT03: Sunway Lagoon,BRT06: South Quay-USJ 1,2023-12-24,254
BRT03: Sunway Lagoon,BRT06: South Quay-USJ 1,2023-12-25,261
BRT03: Sunway Lagoon,BRT06: South Quay-USJ 1,2023-12-26,197
BRT03: Sunway Lagoon,BRT06: South Quay-USJ 1,2023-12-27,181
BRT03: Sunway Lagoon,BRT06: South Quay-USJ 1,2023-12-28,210
BRT03: Sunway Lagoon,BRT06: South Quay-USJ 1,2023-12-29,222
BRT03: Sunway Lagoon,BRT06: South Quay-USJ 1,2023-12-30,198
BRT03: Sunway Lagoon,BRT06: South Quay-USJ 1,2023-12-31,279
BRT03: Sunway Lagoon,BRT07: USJ 7,2023-04-01,777
BRT03: Sunway Lagoon,BRT07: USJ 7,2023-04-02,740
BRT03: Sunway Lagoon,BRT07: USJ 7,2023-04-03,967
BRT03: Sunway Lagoon,BRT07: USJ 7,2023-04-04,946
BRT03: Sunway Lagoon,BRT07: USJ 7,2023-04-05,1013
BRT03: Sunway Lagoon,BRT07: USJ 7,2023-04-06,1017
BRT03: Sunway Lagoon,BRT07: USJ 7,2023-04-07,1168
BRT03: Sunway Lagoon,BRT07: USJ 7,2023-04-08,894
BRT03: Sunway Lagoon,BRT07: USJ 7,2023-04-09,843
BRT03: Sunway Lagoon,BRT07: USJ 7,2023-04-10,919
BRT03: Sunway Lagoon,BRT07: USJ 7,2023-04-11,998
BRT03: Sunway Lagoon,BRT07: USJ 7,2023-04-12,1051
BRT03: Sunway Lagoon,BRT07: USJ 7,2023-04-13,1011
BRT03: Sunway Lagoon,BRT07: USJ 7,2023-04-14,1041
BRT03: Sunway Lagoon,BRT07: USJ 7,2023-04-15,955
BRT03: Sunway Lagoon,BRT07: USJ 7,2023-04-16,790
BRT03: Sunway Lagoon,BRT07: USJ 7,2023-04-17,1053
BRT03: Sunway Lagoon,BRT07: USJ 7,2023-04-18,1007
BRT03: Sunway Lagoon,BRT07: USJ 7,2023-04-19,1178
BRT03: Sunway Lagoon,BRT07: USJ 7,2023-04-20,1017
BRT03: Sunway Lagoon,BRT07: USJ 7,2023-04-21,846
BRT03: Sunway Lagoon,BRT07: USJ 7,2023-04-22,917
BRT03: Sunway Lagoon,BRT07: USJ 7,2023-04-23,998
BRT03: Sunway Lagoon,BRT07: USJ 7,2023-04-24,841
BRT03: Sunway Lagoon,BRT07: USJ 7,2023-04-25,895
BRT03: Sunway Lagoon,BRT07: USJ 7,2023-04-26,1134
BRT03: Sunway Lagoon,BRT07: USJ 7,2023-04-27,1071
BRT03: Sunway Lagoon,BRT07: USJ 7,2023-04-28,1120
BRT03: Sunway Lagoon,BRT07: USJ 7,2023-04-29,1011
BRT03: Sunway Lagoon,BRT07: USJ 7,2023-04-30,921
BRT03: Sunway Lagoon,BRT07: USJ 7,2023-05-01,878
BRT03: Sunway Lagoon,BRT07: USJ 7,2023-05-02,998
BRT03: Sunway Lagoon,BRT07: USJ 7,2023-05-03,1080
BRT03: Sunway Lagoon,BRT07: USJ 7,2023-05-04,902
BRT03: Sunway Lagoon,BRT07: USJ 7,2023-05-05,990
BRT03: Sunway Lagoon,BRT07: USJ 7,2023-05-06,854
BRT03: Sunway Lagoon,BRT07: USJ 7,2023-05-07,731
BRT03: Sunway Lagoon,BRT07: USJ 7,2023-05-08,1012
BRT03: Sunway Lagoon,BRT07: USJ 7,2023-05-09,1002
BRT03: Sunway Lagoon,BRT07: USJ 7,2023-05-10,1148
BRT03: Sunway Lagoon,BRT07: USJ 7,2023-05-11,1109
BRT03: Sunway Lagoon,BRT07: USJ 7,2023-05-12,1217
BRT03: Sunway Lagoon,BRT07: USJ 7,2023-05-13,968
BRT03: Sunway Lagoon,BRT07: USJ 7,2023-05-14,782
BRT03: Sunway Lagoon,BRT07: USJ 7,2023-05-15,1023
BRT03: Sunway Lagoon,BRT07: USJ 7,2023-05-16,1045
BRT03: Sunway Lagoon,BRT07: USJ 7,2023-05-17,1161
BRT03: Sunway Lagoon,BRT07: USJ 7,2023-05-18,1067
BRT03: Sunway Lagoon,BRT07: USJ 7,2023-05-19,1074
BRT03: Sunway Lagoon,BRT07: USJ 7,2023-05-20,878
BRT03: Sunway Lagoon,BRT07: USJ 7,2023-05-21,758
BRT03: Sunway Lagoon,BRT07: USJ 7,2023-05-22,1025
BRT03: Sunway Lagoon,BRT07: USJ 7,2023-05-23,1092
BRT03: Sunway Lagoon,BRT07: USJ 7,2023-05-24,1018
BRT03: Sunway Lagoon,BRT07: USJ 7,2023-05-25,1078
BRT03: Sunway Lagoon,BRT07: USJ 7,2023-05-26,1093
BRT03: Sunway Lagoon,BRT07: USJ 7,2023-05-27,992
BRT03: Sunway Lagoon,BRT07: USJ 7,2023-05-28,856
BRT03: Sunway Lagoon,BRT07: USJ 7,2023-05-29,1136
BRT03: Sunway Lagoon,BRT07: USJ 7,2023-05-30,1215
BRT03: Sunway Lagoon,BRT07: USJ 7,2023-05-31,1416
BRT03: Sunway Lagoon,BRT07: USJ 7,2023-06-01,1304
BRT03: Sunway Lagoon,BRT07: USJ 7,2023-06-02,1178
BRT03: Sunway Lagoon,BRT07: USJ 7,2023-06-03,1066
BRT03: Sunway Lagoon,BRT07: USJ 7,2023-06-04,889
BRT03: Sunway Lagoon,BRT07: USJ 7,2023-06-05,807
BRT03: Sunway Lagoon,BRT07: USJ 7,2023-06-06,1088
BRT03: Sunway Lagoon,BRT07: USJ 7,2023-06-07,1126
BRT03: Sunway Lagoon,BRT07: USJ 7,2023-06-08,1360
BRT03: Sunway Lagoon,BRT07: USJ 7,2023-06-09,1159
BRT03: Sunway Lagoon,BRT07: USJ 7,2023-06-10,1095
BRT03: Sunway Lagoon,BRT07: USJ 7,2023-06-11,895
BRT03: Sunway Lagoon,BRT07: USJ 7,2023-06-12,1032
BRT03: Sunway Lagoon,BRT07: USJ 7,2023-06-13,1114
BRT03: Sunway Lagoon,BRT07: USJ 7,2023-06-14,1122
BRT03: Sunway Lagoon,BRT07: USJ 7,2023-06-15,1109
BRT03: Sunway Lagoon,BRT07: USJ 7,2023-06-16,1033
BRT03: Sunway Lagoon,BRT07: USJ 7,2023-06-17,947
BRT03: Sunway Lagoon,BRT07: USJ 7,2023-06-18,803
BRT03: Sunway Lagoon,BRT07: USJ 7,2023-06-19,1002
BRT03: Sunway Lagoon,BRT07: USJ 7,2023-06-20,1024
BRT03: Sunway Lagoon,BRT07: USJ 7,2023-06-21,1176
BRT03: Sunway Lagoon,BRT07: USJ 7,2023-06-22,1158
BRT03: Sunway Lagoon,BRT07: USJ 7,2023-06-23,1191
BRT03: Sunway Lagoon,BRT07: USJ 7,2023-06-24,944
BRT03: Sunway Lagoon,BRT07: USJ 7,2023-06-25,1017
BRT03: Sunway Lagoon,BRT07: USJ 7,2023-06-26,1114
BRT03: Sunway Lagoon,BRT07: USJ 7,2023-06-27,1132
BRT03: Sunway Lagoon,BRT07: USJ 7,2023-06-28,1289
BRT03: Sunway Lagoon,BRT07: USJ 7,2023-06-29,1015
BRT03: Sunway Lagoon,BRT07: USJ 7,2023-06-30,1097
BRT03: Sunway Lagoon,BRT07: USJ 7,2023-07-01,961
BRT03: Sunway Lagoon,BRT07: USJ 7,2023-07-02,817
BRT03: Sunway Lagoon,BRT07: USJ 7,2023-07-03,992
BRT03: Sunway Lagoon,BRT07: USJ 7,2023-07-04,1157
BRT03: Sunway Lagoon,BRT07: USJ 7,2023-07-05,1162
BRT03: Sunway Lagoon,BRT07: USJ 7,2023-07-06,1161
BRT03: Sunway Lagoon,BRT07: USJ 7,2023-07-07,1271
BRT03: Sunway Lagoon,BRT07: USJ 7,2023-07-08,1151
BRT03: Sunway Lagoon,BRT07: USJ 7,2023-07-09,954
BRT03: Sunway Lagoon,BRT07: USJ 7,2023-07-10,1116
BRT03: Sunway Lagoon,BRT07: USJ 7,2023-07-11,1110
BRT03: Sunway Lagoon,BRT07: USJ 7,2023-07-12,1200
BRT03: Sunway Lagoon,BRT07: USJ 7,2023-07-13,1089
BRT03: Sunway Lagoon,BRT07: USJ 7,2023-07-14,1159
BRT03: Sunway Lagoon,BRT07: USJ 7,2023-07-15,988
BRT03: Sunway Lagoon,BRT07: USJ 7,2023-07-16,806
BRT03: Sunway Lagoon,BRT07: USJ 7,2023-07-17,1046
BRT03: Sunway Lagoon,BRT07: USJ 7,2023-07-18,1103
BRT03: Sunway Lagoon,BRT07: USJ 7,2023-07-19,1034
BRT03: Sunway Lagoon,BRT07: USJ 7,2023-07-20,1061
BRT03: Sunway Lagoon,BRT07: USJ 7,2023-07-21,1095
BRT03: Sunway Lagoon,BRT07: USJ 7,2023-07-22,904
BRT03: Sunway Lagoon,BRT07: USJ 7,2023-07-23,849
BRT03: Sunway Lagoon,BRT07: USJ 7,2023-07-24,1084
BRT03: Sunway Lagoon,BRT07: USJ 7,2023-07-25,1032
BRT03: Sunway Lagoon,BRT07: USJ 7,2023-07-26,1126
BRT03: Sunway Lagoon,BRT07: USJ 7,2023-07-27,1047
BRT03: Sunway Lagoon,BRT07: USJ 7,2023-07-28,1127
BRT03: Sunway Lagoon,BRT07: USJ 7,2023-07-29,1058
BRT03: Sunway Lagoon,BRT07: USJ 7,2023-07-30,769
BRT03: Sunway Lagoon,BRT07: USJ 7,2023-07-31,972
BRT03: Sunway Lagoon,BRT07: USJ 7,2023-08-01,1045
BRT03: Sunway Lagoon,BRT07: USJ 7,2023-08-02,1086
BRT03: Sunway Lagoon,BRT07: USJ 7,2023-08-03,1048
BRT03: Sunway Lagoon,BRT07: USJ 7,2023-08-04,1028
BRT03: Sunway Lagoon,BRT07: USJ 7,2023-08-05,866
BRT03: Sunway Lagoon,BRT07: USJ 7,2023-08-06,717
BRT03: Sunway Lagoon,BRT07: USJ 7,2023-08-07,973
BRT03: Sunway Lagoon,BRT07: USJ 7,2023-08-08,1058
BRT03: Sunway Lagoon,BRT07: USJ 7,2023-08-09,1150
BRT03: Sunway Lagoon,BRT07: USJ 7,2023-08-10,1053
BRT03: Sunway Lagoon,BRT07: USJ 7,2023-08-11,1031
BRT03: Sunway Lagoon,BRT07: USJ 7,2023-08-12,873
BRT03: Sunway Lagoon,BRT07: USJ 7,2023-08-13,745
BRT03: Sunway Lagoon,BRT07: USJ 7,2023-08-14,747
BRT03: Sunway Lagoon,BRT07: USJ 7,2023-08-15,1072
BRT03: Sunway Lagoon,BRT07: USJ 7,2023-08-16,1124
BRT03: Sunway Lagoon,BRT07: USJ 7,2023-08-17,1073
BRT03: Sunway Lagoon,BRT07: USJ 7,2023-08-18,1013
BRT03: Sunway Lagoon,BRT07: USJ 7,2023-08-19,813
BRT03: Sunway Lagoon,BRT07: USJ 7,2023-08-20,797
BRT03: Sunway Lagoon,BRT07: USJ 7,2023-08-21,916
BRT03: Sunway Lagoon,BRT07: USJ 7,2023-08-22,946
BRT03: Sunway Lagoon,BRT07: USJ 7,2023-08-23,1080
BRT03: Sunway Lagoon,BRT07: USJ 7,2023-08-24,1057
BRT03: Sunway Lagoon,BRT07: USJ 7,2023-08-25,1089
BRT03: Sunway Lagoon,BRT07: USJ 7,2023-08-26,992
BRT03: Sunway Lagoon,BRT07: USJ 7,2023-08-27,874
BRT03: Sunway Lagoon,BRT07: USJ 7,2023-08-28,1074
BRT03: Sunway Lagoon,BRT07: USJ 7,2023-08-29,1217
BRT03: Sunway Lagoon,BRT07: USJ 7,2023-08-30,1408
BRT03: Sunway Lagoon,BRT07: USJ 7,2023-08-31,1034
BRT03: Sunway Lagoon,BRT07: USJ 7,2023-09-01,1125
BRT03: Sunway Lagoon,BRT07: USJ 7,2023-09-02,865
BRT03: Sunway Lagoon,BRT07: USJ 7,2023-09-03,798
BRT03: Sunway Lagoon,BRT07: USJ 7,2023-09-04,925
BRT03: Sunway Lagoon,BRT07: USJ 7,2023-09-05,1091
BRT03: Sunway Lagoon,BRT07: USJ 7,2023-09-06,1204
BRT03: Sunway Lagoon,BRT07: USJ 7,2023-09-07,1065
BRT03: Sunway Lagoon,BRT07: USJ 7,2023-09-08,1203
BRT03: Sunway Lagoon,BRT07: USJ 7,2023-09-09,961
BRT03: Sunway Lagoon,BRT07: USJ 7,2023-09-10,799
BRT03: Sunway Lagoon,BRT07: USJ 7,2023-09-11,935
BRT03: Sunway Lagoon,BRT07: USJ 7,2023-09-12,1044
BRT03: Sunway Lagoon,BRT07: USJ 7,2023-09-13,1143
BRT03: Sunway Lagoon,BRT07: USJ 7,2023-09-14,1092
BRT03: Sunway Lagoon,BRT07: USJ 7,2023-09-15,1108
BRT03: Sunway Lagoon,BRT07: USJ 7,2023-09-16,1007
BRT03: Sunway Lagoon,BRT07: USJ 7,2023-09-17,856
BRT03: Sunway Lagoon,BRT07: USJ 7,2023-09-18,1045
BRT03: Sunway Lagoon,BRT07: USJ 7,2023-09-19,1038
BRT03: Sunway Lagoon,BRT07: USJ 7,2023-09-20,1257
BRT03: Sunway Lagoon,BRT07: USJ 7,2023-09-21,1208
BRT03: Sunway Lagoon,BRT07: USJ 7,2023-09-22,1071
BRT03: Sunway Lagoon,BRT07: USJ 7,2023-09-23,962
BRT03: Sunway Lagoon,BRT07: USJ 7,2023-09-24,745
BRT03: Sunway Lagoon,BRT07: USJ 7,2023-09-25,1031
BRT03: Sunway Lagoon,BRT07: USJ 7,2023-09-26,1145
BRT03: Sunway Lagoon,BRT07: USJ 7,2023-09-27,1203
BRT03: Sunway Lagoon,BRT07: USJ 7,2023-09-28,941
BRT03: Sunway Lagoon,BRT07: USJ 7,2023-09-29,1202
BRT03: Sunway Lagoon,BRT07: USJ 7,2023-09-30,1014
BRT03: Sunway Lagoon,BRT07: USJ 7,2023-10-01,781
BRT03: Sunway Lagoon,BRT07: USJ 7,2023-10-02,998
BRT03: Sunway Lagoon,BRT07: USJ 7,2023-10-03,1072
BRT03: Sunway Lagoon,BRT07: USJ 7,2023-10-04,1272
BRT03: Sunway Lagoon,BRT07: USJ 7,2023-10-05,1221
BRT03: Sunway Lagoon,BRT07: USJ 7,2023-10-06,1267
BRT03: Sunway Lagoon,BRT07: USJ 7,2023-10-07,991
BRT03: Sunway Lagoon,BRT07: USJ 7,2023-10-08,839
BRT03: Sunway Lagoon,BRT07: USJ 7,2023-10-09,1061
BRT03: Sunway Lagoon,BRT07: USJ 7,2023-10-10,1078
BRT03: Sunway Lagoon,BRT07: USJ 7,2023-10-11,1138
BRT03: Sunway Lagoon,BRT07: USJ 7,2023-10-12,1172
BRT03: Sunway Lagoon,BRT07: USJ 7,2023-10-13,1166
BRT03: Sunway Lagoon,BRT07: USJ 7,2023-10-14,942
BRT03: Sunway Lagoon,BRT07: USJ 7,2023-10-15,752
BRT03: Sunway Lagoon,BRT07: USJ 7,2023-10-16,1009
BRT03: Sunway Lagoon,BRT07: USJ 7,2023-10-17,1119
BRT03: Sunway Lagoon,BRT07: USJ 7,2023-10-18,1252
BRT03: Sunway Lagoon,BRT07: USJ 7,2023-10-19,1203
BRT03: Sunway Lagoon,BRT07: USJ 7,2023-10-20,1199
BRT03: Sunway Lagoon,BRT07: USJ 7,2023-10-21,1036
BRT03: Sunway Lagoon,BRT07: USJ 7,2023-10-22,857
BRT03: Sunway Lagoon,BRT07: USJ 7,2023-10-23,970
BRT03: Sunway Lagoon,BRT07: USJ 7,2023-10-24,1037
BRT03: Sunway Lagoon,BRT07: USJ 7,2023-10-25,1203
BRT03: Sunway Lagoon,BRT07: USJ 7,2023-10-26,1122
BRT03: Sunway Lagoon,BRT07: USJ 7,2023-10-27,1195
BRT03: Sunway Lagoon,BRT07: USJ 7,2023-10-28,1077
BRT03: Sunway Lagoon,BRT07: USJ 7,2023-10-29,815
BRT03: Sunway Lagoon,BRT07: USJ 7,2023-10-30,1085
BRT03: Sunway Lagoon,BRT07: USJ 7,2023-10-31,1192
BRT03: Sunway Lagoon,BRT07: USJ 7,2023-11-01,1176
BRT03: Sunway Lagoon,BRT07: USJ 7,2023-11-02,1167
BRT03: Sunway Lagoon,BRT07: USJ 7,2023-11-03,1304
BRT03: Sunway Lagoon,BRT07: USJ 7,2023-11-04,1623
BRT03: Sunway Lagoon,BRT07: USJ 7,2023-11-05,1451
BRT03: Sunway Lagoon,BRT07: USJ 7,2023-11-06,1033
BRT03: Sunway Lagoon,BRT07: USJ 7,2023-11-07,1118
BRT03: Sunway Lagoon,BRT07: USJ 7,2023-11-08,1195
BRT03: Sunway Lagoon,BRT07: USJ 7,2023-11-09,1222
BRT03: Sunway Lagoon,BRT07: USJ 7,2023-11-10,1454
BRT03: Sunway Lagoon,BRT07: USJ 7,2023-11-11,1437
BRT03: Sunway Lagoon,BRT07: USJ 7,2023-11-12,1245
BRT03: Sunway Lagoon,BRT07: USJ 7,2023-11-13,873
BRT03: Sunway Lagoon,BRT07: USJ 7,2023-11-14,1054
BRT03: Sunway Lagoon,BRT07: USJ 7,2023-11-15,1198
BRT03: Sunway Lagoon,BRT07: USJ 7,2023-11-16,1194
BRT03: Sunway Lagoon,BRT07: USJ 7,2023-11-17,1198
BRT03: Sunway Lagoon,BRT07: USJ 7,2023-11-18,1165
BRT03: Sunway Lagoon,BRT07: USJ 7,2023-11-19,1032
BRT03: Sunway Lagoon,BRT07: USJ 7,2023-11-20,972
BRT03: Sunway Lagoon,BRT07: USJ 7,2023-11-21,1076
BRT03: Sunway Lagoon,BRT07: USJ 7,2023-11-22,1097
BRT03: Sunway Lagoon,BRT07: USJ 7,2023-11-23,1098
BRT03: Sunway Lagoon,BRT07: USJ 7,2023-11-24,1282
BRT03: Sunway Lagoon,BRT07: USJ 7,2023-11-25,470
BRT03: Sunway Lagoon,BRT07: USJ 7,2023-11-26,867
BRT03: Sunway Lagoon,BRT07: USJ 7,2023-11-27,1039
BRT03: Sunway Lagoon,BRT07: USJ 7,2023-11-28,1067
BRT03: Sunway Lagoon,BRT07: USJ 7,2023-11-29,1177
BRT03: Sunway Lagoon,BRT07: USJ 7,2023-11-30,1178
BRT03: Sunway Lagoon,BRT07: USJ 7,2023-12-01,1173
BRT03: Sunway Lagoon,BRT07: USJ 7,2023-12-02,1013
BRT03: Sunway Lagoon,BRT07: USJ 7,2023-12-03,752
BRT03: Sunway Lagoon,BRT07: USJ 7,2023-12-04,1122
BRT03: Sunway Lagoon,BRT07: USJ 7,2023-12-05,1139
BRT03: Sunway Lagoon,BRT07: USJ 7,2023-12-06,1184
BRT03: Sunway Lagoon,BRT07: USJ 7,2023-12-07,1156
BRT03: Sunway Lagoon,BRT07: USJ 7,2023-12-08,1340
BRT03: Sunway Lagoon,BRT07: USJ 7,2023-12-09,1046
BRT03: Sunway Lagoon,BRT07: USJ 7,2023-12-10,871
BRT03: Sunway Lagoon,BRT07: USJ 7,2023-12-11,774
BRT03: Sunway Lagoon,BRT07: USJ 7,2023-12-12,1146
BRT03: Sunway Lagoon,BRT07: USJ 7,2023-12-13,1239
BRT03: Sunway Lagoon,BRT07: USJ 7,2023-12-14,1106
BRT03: Sunway Lagoon,BRT07: USJ 7,2023-12-15,1199
BRT03: Sunway Lagoon,BRT07: USJ 7,2023-12-16,1117
BRT03: Sunway Lagoon,BRT07: USJ 7,2023-12-17,964
BRT03: Sunway Lagoon,BRT07: USJ 7,2023-12-18,1216
BRT03: Sunway Lagoon,BRT07: USJ 7,2023-12-19,1224
BRT03: Sunway Lagoon,BRT07: USJ 7,2023-12-20,1159
BRT03: Sunway Lagoon,BRT07: USJ 7,2023-12-21,1117
BRT03: Sunway Lagoon,BRT07: USJ 7,2023-12-22,1170
BRT03: Sunway Lagoon,BRT07: USJ 7,2023-12-23,1020
BRT03: Sunway Lagoon,BRT07: USJ 7,2023-12-24,1255
BRT03: Sunway Lagoon,BRT07: USJ 7,2023-12-25,1203
BRT03: Sunway Lagoon,BRT07: USJ 7,2023-12-26,973
BRT03: Sunway Lagoon,BRT07: USJ 7,2023-12-27,996
BRT03: Sunway Lagoon,BRT07: USJ 7,2023-12-28,1004
BRT03: Sunway Lagoon,BRT07: USJ 7,2023-12-29,1046
BRT03: Sunway Lagoon,BRT07: USJ 7,2023-12-30,976
BRT03: Sunway Lagoon,BRT07: USJ 7,2023-12-31,1264
BRT04: SunMed,A0: All Stations,2023-04-01,1705
BRT04: SunMed,A0: All Stations,2023-04-02,1510
BRT04: SunMed,A0: All Stations,2023-04-03,2677
BRT04: SunMed,A0: All Stations,2023-04-04,2763
BRT04: SunMed,A0: All Stations,2023-04-05,2886
BRT04: SunMed,A0: All Stations,2023-04-06,2835
BRT04: SunMed,A0: All Stations,2023-04-07,2686
BRT04: SunMed,A0: All Stations,2023-04-08,1547
BRT04: SunMed,A0: All Stations,2023-04-09,1491
BRT04: SunMed,A0: All Stations,2023-04-10,2477
BRT04: SunMed,A0: All Stations,2023-04-11,2487
BRT04: SunMed,A0: All Stations,2023-04-12,2542
BRT04: SunMed,A0: All Stations,2023-04-13,2287
BRT04: SunMed,A0: All Stations,2023-04-14,2389
BRT04: SunMed,A0: All Stations,2023-04-15,1669
BRT04: SunMed,A0: All Stations,2023-04-16,1521
BRT04: SunMed,A0: All Stations,2023-04-17,2761
BRT04: SunMed,A0: All Stations,2023-04-18,3108
BRT04: SunMed,A0: All Stations,2023-04-19,3049
BRT04: SunMed,A0: All Stations,2023-04-20,2903
BRT04: SunMed,A0: All Stations,2023-04-21,1652
BRT04: SunMed,A0: All Stations,2023-04-22,1722
BRT04: SunMed,A0: All Stations,2023-04-23,1605
BRT04: SunMed,A0: All Stations,2023-04-24,1275
BRT04: SunMed,A0: All Stations,2023-04-25,2099
BRT04: SunMed,A0: All Stations,2023-04-26,2450
BRT04: SunMed,A0: All Stations,2023-04-27,2507
BRT04: SunMed,A0: All Stations,2023-04-28,2557
BRT04: SunMed,A0: All Stations,2023-04-29,1730
BRT04: SunMed,A0: All Stations,2023-04-30,1528
BRT04: SunMed,A0: All Stations,2023-05-01,1417
BRT04: SunMed,A0: All Stations,2023-05-02,2946
BRT04: SunMed,A0: All Stations,2023-05-03,3104
BRT04: SunMed,A0: All Stations,2023-05-04,1544
BRT04: SunMed,A0: All Stations,2023-05-05,2615
BRT04: SunMed,A0: All Stations,2023-05-06,1638
BRT04: SunMed,A0: All Stations,2023-05-07,1450
BRT04: SunMed,A0: All Stations,2023-05-08,2823
BRT04: SunMed,A0: All Stations,2023-05-09,3046
BRT04: SunMed,A0: All Stations,2023-05-10,3108
BRT04: SunMed,A0: All Stations,2023-05-11,2989
BRT04: SunMed,A0: All Stations,2023-05-12,2994
BRT04: SunMed,A0: All Stations,2023-05-13,1744
BRT04: SunMed,A0: All Stations,2023-05-14,1388
BRT04: SunMed,A0: All Stations,2023-05-15,2717
BRT04: SunMed,A0: All Stations,2023-05-16,2724
BRT04: SunMed,A0: All Stations,2023-05-17,2837
BRT04: SunMed,A0: All Stations,2023-05-18,2938
BRT04: SunMed,A0: All Stations,2023-05-19,2910
BRT04: SunMed,A0: All Stations,2023-05-20,1692
BRT04: SunMed,A0: All Stations,2023-05-21,1455
BRT04: SunMed,A0: All Stations,2023-05-22,2611
BRT04: SunMed,A0: All Stations,2023-05-23,2687
BRT04: SunMed,A0: All Stations,2023-05-24,2848
BRT04: SunMed,A0: All Stations,2023-05-25,2784
BRT04: SunMed,A0: All Stations,2023-05-26,2721
BRT04: SunMed,A0: All Stations,2023-05-27,1718
BRT04: SunMed,A0: All Stations,2023-05-28,1516
BRT04: SunMed,A0: All Stations,2023-05-29,2611
BRT04: SunMed,A0: All Stations,2023-05-30,2806
BRT04: SunMed,A0: All Stations,2023-05-31,2848
BRT04: SunMed,A0: All Stations,2023-06-01,2772
BRT04: SunMed,A0: All Stations,2023-06-02,2604
BRT04: SunMed,A0: All Stations,2023-06-03,1637
BRT04: SunMed,A0: All Stations,2023-06-04,1539
BRT04: SunMed,A0: All Stations,2023-06-05,1413
BRT04: SunMed,A0: All Stations,2023-06-06,2691
BRT04: SunMed,A0: All Stations,2023-06-07,2666
BRT04: SunMed,A0: All Stations,2023-06-08,2719
BRT04: SunMed,A0: All Stations,2023-06-09,2603
BRT04: SunMed,A0: All Stations,2023-06-10,1697
BRT04: SunMed,A0: All Stations,2023-06-11,1546
BRT04: SunMed,A0: All Stations,2023-06-12,2372
BRT04: SunMed,A0: All Stations,2023-06-13,2390
BRT04: SunMed,A0: All Stations,2023-06-14,2568
BRT04: SunMed,A0: All Stations,2023-06-15,2473
BRT04: SunMed,A0: All Stations,2023-06-16,2299
BRT04: SunMed,A0: All Stations,2023-06-17,1566
BRT04: SunMed,A0: All Stations,2023-06-18,1409
BRT04: SunMed,A0: All Stations,2023-06-19,2333
BRT04: SunMed,A0: All Stations,2023-06-20,2300
BRT04: SunMed,A0: All Stations,2023-06-21,2500
BRT04: SunMed,A0: All Stations,2023-06-22,2322
BRT04: SunMed,A0: All Stations,2023-06-23,2322
BRT04: SunMed,A0: All Stations,2023-06-24,1552
BRT04: SunMed,A0: All Stations,2023-06-25,1258
BRT04: SunMed,A0: All Stations,2023-06-26,2223
BRT04: SunMed,A0: All Stations,2023-06-27,2385
BRT04: SunMed,A0: All Stations,2023-06-28,2468
BRT04: SunMed,A0: All Stations,2023-06-29,1438
BRT04: SunMed,A0: All Stations,2023-06-30,1891
BRT04: SunMed,A0: All Stations,2023-07-01,1422
BRT04: SunMed,A0: All Stations,2023-07-02,1172
BRT04: SunMed,A0: All Stations,2023-07-03,2170
BRT04: SunMed,A0: All Stations,2023-07-04,2391
BRT04: SunMed,A0: All Stations,2023-07-05,2459
BRT04: SunMed,A0: All Stations,2023-07-06,2344
BRT04: SunMed,A0: All Stations,2023-07-07,2277
BRT04: SunMed,A0: All Stations,2023-07-08,1536
BRT04: SunMed,A0: All Stations,2023-07-09,1430
BRT04: SunMed,A0: All Stations,2023-07-10,2319
BRT04: SunMed,A0: All Stations,2023-07-11,2344
BRT04: SunMed,A0: All Stations,2023-07-12,2408
BRT04: SunMed,A0: All Stations,2023-07-13,2339
BRT04: SunMed,A0: All Stations,2023-07-14,2325
BRT04: SunMed,A0: All Stations,2023-07-15,1492
BRT04: SunMed,A0: All Stations,2023-07-16,1280
BRT04: SunMed,A0: All Stations,2023-07-17,2472
BRT04: SunMed,A0: All Stations,2023-07-18,2535
BRT04: SunMed,A0: All Stations,2023-07-19,1486
BRT04: SunMed,A0: All Stations,2023-07-20,2449
BRT04: SunMed,A0: All Stations,2023-07-21,2410
BRT04: SunMed,A0: All Stations,2023-07-22,1642
BRT04: SunMed,A0: All Stations,2023-07-23,1401
BRT04: SunMed,A0: All Stations,2023-07-24,2709
BRT04: SunMed,A0: All Stations,2023-07-25,2839
BRT04: SunMed,A0: All Stations,2023-07-26,2973
BRT04: SunMed,A0: All Stations,2023-07-27,2866
BRT04: SunMed,A0: All Stations,2023-07-28,2939
BRT04: SunMed,A0: All Stations,2023-07-29,1719
BRT04: SunMed,A0: All Stations,2023-07-30,1439
BRT04: SunMed,A0: All Stations,2023-07-31,2810
BRT04: SunMed,A0: All Stations,2023-08-01,2995
BRT04: SunMed,A0: All Stations,2023-08-02,2908
BRT04: SunMed,A0: All Stations,2023-08-03,2840
BRT04: SunMed,A0: All Stations,2023-08-04,2817
BRT04: SunMed,A0: All Stations,2023-08-05,1724
BRT04: SunMed,A0: All Stations,2023-08-06,1478
BRT04: SunMed,A0: All Stations,2023-08-07,2776
BRT04: SunMed,A0: All Stations,2023-08-08,2786
BRT04: SunMed,A0: All Stations,2023-08-09,2892
BRT04: SunMed,A0: All Stations,2023-08-10,2813
BRT04: SunMed,A0: All Stations,2023-08-11,2596
BRT04: SunMed,A0: All Stations,2023-08-12,1525
BRT04: SunMed,A0: All Stations,2023-08-13,1371
BRT04: SunMed,A0: All Stations,2023-08-14,1720
BRT04: SunMed,A0: All Stations,2023-08-15,2823
BRT04: SunMed,A0: All Stations,2023-08-16,3005
BRT04: SunMed,A0: All Stations,2023-08-17,2749
BRT04: SunMed,A0: All Stations,2023-08-18,2687
BRT04: SunMed,A0: All Stations,2023-08-19,1636
BRT04: SunMed,A0: All Stations,2023-08-20,1420
BRT04: SunMed,A0: All Stations,2023-08-21,2657
BRT04: SunMed,A0: All Stations,2023-08-22,2754
BRT04: SunMed,A0: All Stations,2023-08-23,2927
BRT04: SunMed,A0: All Stations,2023-08-24,2829
BRT04: SunMed,A0: All Stations,2023-08-25,2798
BRT04: SunMed,A0: All Stations,2023-08-26,1724
BRT04: SunMed,A0: All Stations,2023-08-27,1409
BRT04: SunMed,A0: All Stations,2023-08-28,2855
BRT04: SunMed,A0: All Stations,2023-08-29,3004
BRT04: SunMed,A0: All Stations,2023-08-30,3273
BRT04: SunMed,A0: All Stations,2023-08-31,1646
BRT04: SunMed,A0: All Stations,2023-09-01,2519
BRT04: SunMed,A0: All Stations,2023-09-02,1556
BRT04: SunMed,A0: All Stations,2023-09-03,1468
BRT04: SunMed,A0: All Stations,2023-09-04,2901
BRT04: SunMed,A0: All Stations,2023-09-05,3272
BRT04: SunMed,A0: All Stations,2023-09-06,3119
BRT04: SunMed,A0: All Stations,2023-09-07,3227
BRT04: SunMed,A0: All Stations,2023-09-08,3288
BRT04: SunMed,A0: All Stations,2023-09-09,1943
BRT04: SunMed,A0: All Stations,2023-09-10,1749
BRT04: SunMed,A0: All Stations,2023-09-11,3091
BRT04: SunMed,A0: All Stations,2023-09-12,3116
BRT04: SunMed,A0: All Stations,2023-09-13,3279
BRT04: SunMed,A0: All Stations,2023-09-14,3027
BRT04: SunMed,A0: All Stations,2023-09-15,3241
BRT04: SunMed,A0: All Stations,2023-09-16,1705
BRT04: SunMed,A0: All Stations,2023-09-17,1520
BRT04: SunMed,A0: All Stations,2023-09-18,3224
BRT04: SunMed,A0: All Stations,2023-09-19,3316
BRT04: SunMed,A0: All Stations,2023-09-20,3466
BRT04: SunMed,A0: All Stations,2023-09-21,3222
BRT04: SunMed,A0: All Stations,2023-09-22,3354
BRT04: SunMed,A0: All Stations,2023-09-23,1844
BRT04: SunMed,A0: All Stations,2023-09-24,1491
BRT04: SunMed,A0: All Stations,2023-09-25,2911
BRT04: SunMed,A0: All Stations,2023-09-26,2891
BRT04: SunMed,A0: All Stations,2023-09-27,3246
BRT04: SunMed,A0: All Stations,2023-09-28,1690
BRT04: SunMed,A0: All Stations,2023-09-29,2846
BRT04: SunMed,A0: All Stations,2023-09-30,1820
BRT04: SunMed,A0: All Stations,2023-10-01,1641
BRT04: SunMed,A0: All Stations,2023-10-02,3121
BRT04: SunMed,A0: All Stations,2023-10-03,3296
BRT04: SunMed,A0: All Stations,2023-10-04,3639
BRT04: SunMed,A0: All Stations,2023-10-05,3411
BRT04: SunMed,A0: All Stations,2023-10-06,3697
BRT04: SunMed,A0: All Stations,2023-10-07,2139
BRT04: SunMed,A0: All Stations,2023-10-08,1743
BRT04: SunMed,A0: All Stations,2023-10-09,3254
BRT04: SunMed,A0: All Stations,2023-10-10,3468
BRT04: SunMed,A0: All Stations,2023-10-11,3444
BRT04: SunMed,A0: All Stations,2023-10-12,3392
BRT04: SunMed,A0: All Stations,2023-10-13,3506
BRT04: SunMed,A0: All Stations,2023-10-14,1972
BRT04: SunMed,A0: All Stations,2023-10-15,1665
BRT04: SunMed,A0: All Stations,2023-10-16,3139
BRT04: SunMed,A0: All Stations,2023-10-17,3149
BRT04: SunMed,A0: All Stations,2023-10-18,3337
BRT04: SunMed,A0: All Stations,2023-10-19,3277
BRT04: SunMed,A0: All Stations,2023-10-20,3291
BRT04: SunMed,A0: All Stations,2023-10-21,1923
BRT04: SunMed,A0: All Stations,2023-10-22,1557
BRT04: SunMed,A0: All Stations,2023-10-23,2904
BRT04: SunMed,A0: All Stations,2023-10-24,3090
BRT04: SunMed,A0: All Stations,2023-10-25,3223
BRT04: SunMed,A0: All Stations,2023-10-26,3135
BRT04: SunMed,A0: All Stations,2023-10-27,3150
BRT04: SunMed,A0: All Stations,2023-10-28,1951
BRT04: SunMed,A0: All Stations,2023-10-29,1655
BRT04: SunMed,A0: All Stations,2023-10-30,2907
BRT04: SunMed,A0: All Stations,2023-10-31,2944
BRT04: SunMed,A0: All Stations,2023-11-01,3098
BRT04: SunMed,A0: All Stations,2023-11-02,3042
BRT04: SunMed,A0: All Stations,2023-11-03,2995
BRT04: SunMed,A0: All Stations,2023-11-04,1960
BRT04: SunMed,A0: All Stations,2023-11-05,1584
BRT04: SunMed,A0: All Stations,2023-11-06,3025
BRT04: SunMed,A0: All Stations,2023-11-07,3045
BRT04: SunMed,A0: All Stations,2023-11-08,3211
BRT04: SunMed,A0: All Stations,2023-11-09,3158
BRT04: SunMed,A0: All Stations,2023-11-10,3159
BRT04: SunMed,A0: All Stations,2023-11-11,2298
BRT04: SunMed,A0: All Stations,2023-11-12,1901
BRT04: SunMed,A0: All Stations,2023-11-13,1272
BRT04: SunMed,A0: All Stations,2023-11-14,2328
BRT04: SunMed,A0: All Stations,2023-11-15,2650
BRT04: SunMed,A0: All Stations,2023-11-16,2654
BRT04: SunMed,A0: All Stations,2023-11-17,2817
BRT04: SunMed,A0: All Stations,2023-11-18,1840
BRT04: SunMed,A0: All Stations,2023-11-19,1798
BRT04: SunMed,A0: All Stations,2023-11-20,2752
BRT04: SunMed,A0: All Stations,2023-11-21,2975
BRT04: SunMed,A0: All Stations,2023-11-22,3069
BRT04: SunMed,A0: All Stations,2023-11-23,2971
BRT04: SunMed,A0: All Stations,2023-11-24,3104
BRT04: SunMed,A0: All Stations,2023-11-25,1445
BRT04: SunMed,A0: All Stations,2023-11-26,1527
BRT04: SunMed,A0: All Stations,2023-11-27,2704
BRT04: SunMed,A0: All Stations,2023-11-28,2791
BRT04: SunMed,A0: All Stations,2023-11-29,2775
BRT04: SunMed,A0: All Stations,2023-11-30,2663
BRT04: SunMed,A0: All Stations,2023-12-01,2740
BRT04: SunMed,A0: All Stations,2023-12-02,1838
BRT04: SunMed,A0: All Stations,2023-12-03,1555
BRT04: SunMed,A0: All Stations,2023-12-04,2493
BRT04: SunMed,A0: All Stations,2023-12-05,2659
BRT04: SunMed,A0: All Stations,2023-12-06,2790
BRT04: SunMed,A0: All Stations,2023-12-07,2745
BRT04: SunMed,A0: All Stations,2023-12-08,2840
BRT04: SunMed,A0: All Stations,2023-12-09,1891
BRT04: SunMed,A0: All Stations,2023-12-10,1582
BRT04: SunMed,A0: All Stations,2023-12-11,1361
BRT04: SunMed,A0: All Stations,2023-12-12,2449
BRT04: SunMed,A0: All Stations,2023-12-13,2383
BRT04: SunMed,A0: All Stations,2023-12-14,2374
BRT04: SunMed,A0: All Stations,2023-12-15,2460
BRT04: SunMed,A0: All Stations,2023-12-16,1604
BRT04: SunMed,A0: All Stations,2023-12-17,1451
BRT04: SunMed,A0: All Stations,2023-12-18,2221
BRT04: SunMed,A0: All Stations,2023-12-19,2166
BRT04: SunMed,A0: All Stations,2023-12-20,2263
BRT04: SunMed,A0: All Stations,2023-12-21,2145
BRT04: SunMed,A0: All Stations,2023-12-22,2103
BRT04: SunMed,A0: All Stations,2023-12-23,1496
BRT04: SunMed,A0: All Stations,2023-12-24,1527
BRT04: SunMed,A0: All Stations,2023-12-25,1179
BRT04: SunMed,A0: All Stations,2023-12-26,1657
BRT04: SunMed,A0: All Stations,2023-12-27,1701
BRT04: SunMed,A0: All Stations,2023-12-28,1798
BRT04: SunMed,A0: All Stations,2023-12-29,1866
BRT04: SunMed,A0: All Stations,2023-12-30,1354
BRT04: SunMed,A0: All Stations,2023-12-31,1702
BRT04: SunMed,BRT01: Sunway-Setia Jaya,2023-04-01,91
BRT04: SunMed,BRT01: Sunway-Setia Jaya,2023-04-02,55
BRT04: SunMed,BRT01: Sunway-Setia Jaya,2023-04-03,195
BRT04: SunMed,BRT01: Sunway-Setia Jaya,2023-04-04,219
BRT04: SunMed,BRT01: Sunway-Setia Jaya,2023-04-05,202
BRT04: SunMed,BRT01: Sunway-Setia Jaya,2023-04-06,203
BRT04: SunMed,BRT01: Sunway-Setia Jaya,2023-04-07,223
BRT04: SunMed,BRT01: Sunway-Setia Jaya,2023-04-08,74
BRT04: SunMed,BRT01: Sunway-Setia Jaya,2023-04-09,88
BRT04: SunMed,BRT01: Sunway-Setia Jaya,2023-04-10,239
BRT04: SunMed,BRT01: Sunway-Setia Jaya,2023-04-11,220
BRT04: SunMed,BRT01: Sunway-Setia Jaya,2023-04-12,230
BRT04: SunMed,BRT01: Sunway-Setia Jaya,2023-04-13,205
BRT04: SunMed,BRT01: Sunway-Setia Jaya,2023-04-14,189
BRT04: SunMed,BRT01: Sunway-Setia Jaya,2023-04-15,118
BRT04: SunMed,BRT01: Sunway-Setia Jaya,2023-04-16,66
BRT04: SunMed,BRT01: Sunway-Setia Jaya,2023-04-17,214
BRT04: SunMed,BRT01: Sunway-Setia Jaya,2023-04-18,237
BRT04: SunMed,BRT01: Sunway-Setia Jaya,2023-04-19,246
BRT04: SunMed,BRT01: Sunway-Setia Jaya,2023-04-20,205
BRT04: SunMed,BRT01: Sunway-Setia Jaya,2023-04-21,83
BRT04: SunMed,BRT01: Sunway-Setia Jaya,2023-04-22,66
BRT04: SunMed,BRT01: Sunway-Setia Jaya,2023-04-23,60
BRT04: SunMed,BRT01: Sunway-Setia Jaya,2023-04-24,66
BRT04: SunMed,BRT01: Sunway-Setia Jaya,2023-04-25,139
BRT04: SunMed,BRT01: Sunway-Setia Jaya,2023-04-26,154
BRT04: SunMed,BRT01: Sunway-Setia Jaya,2023-04-27,157
BRT04: SunMed,BRT01: Sunway-Setia Jaya,2023-04-28,162
BRT04: SunMed,BRT01: Sunway-Setia Jaya,2023-04-29,100
BRT04: SunMed,BRT01: Sunway-Setia Jaya,2023-04-30,75
BRT04: SunMed,BRT01: Sunway-Setia Jaya,2023-05-01,58
BRT04: SunMed,BRT01: Sunway-Setia Jaya,2023-05-02,192
BRT04: SunMed,BRT01: Sunway-Setia Jaya,2023-05-03,178
BRT04: SunMed,BRT01: Sunway-Setia Jaya,2023-05-04,77
BRT04: SunMed,BRT01: Sunway-Setia Jaya,2023-05-05,155
BRT04: SunMed,BRT01: Sunway-Setia Jaya,2023-05-06,87
BRT04: SunMed,BRT01: Sunway-Setia Jaya,2023-05-07,66
BRT04: SunMed,BRT01: Sunway-Setia Jaya,2023-05-08,163
BRT04: SunMed,BRT01: Sunway-Setia Jaya,2023-05-09,196
BRT04: SunMed,BRT01: Sunway-Setia Jaya,2023-05-10,189
BRT04: SunMed,BRT01: Sunway-Setia Jaya,2023-05-11,170
BRT04: SunMed,BRT01: Sunway-Setia Jaya,2023-05-12,175
BRT04: SunMed,BRT01: Sunway-Setia Jaya,2023-05-13,75
BRT04: SunMed,BRT01: Sunway-Setia Jaya,2023-05-14,66
BRT04: SunMed,BRT01: Sunway-Setia Jaya,2023-05-15,182
BRT04: SunMed,BRT01: Sunway-Setia Jaya,2023-05-16,177
BRT04: SunMed,BRT01: Sunway-Setia Jaya,2023-05-17,193
BRT04: SunMed,BRT01: Sunway-Setia Jaya,2023-05-18,175
BRT04: SunMed,BRT01: Sunway-Setia Jaya,2023-05-19,159
BRT04: SunMed,BRT01: Sunway-Setia Jaya,2023-05-20,85
BRT04: SunMed,BRT01: Sunway-Setia Jaya,2023-05-21,63
BRT04: SunMed,BRT01: Sunway-Setia Jaya,2023-05-22,257
BRT04: SunMed,BRT01: Sunway-Setia Jaya,2023-05-23,226
BRT04: SunMed,BRT01: Sunway-Setia Jaya,2023-05-24,261
BRT04: SunMed,BRT01: Sunway-Setia Jaya,2023-05-25,230
BRT04: SunMed,BRT01: Sunway-Setia Jaya,2023-05-26,211
BRT04: SunMed,BRT01: Sunway-Setia Jaya,2023-05-27,96
BRT04: SunMed,BRT01: Sunway-Setia Jaya,2023-05-28,68
BRT04: SunMed,BRT01: Sunway-Setia Jaya,2023-05-29,248
BRT04: SunMed,BRT01: Sunway-Setia Jaya,2023-05-30,239
BRT04: SunMed,BRT01: Sunway-Setia Jaya,2023-05-31,254
BRT04: SunMed,BRT01: Sunway-Setia Jaya,2023-06-01,221
BRT04: SunMed,BRT01: Sunway-Setia Jaya,2023-06-02,247
BRT04: SunMed,BRT01: Sunway-Setia Jaya,2023-06-03,108
BRT04: SunMed,BRT01: Sunway-Setia Jaya,2023-06-04,62
BRT04: SunMed,BRT01: Sunway-Setia Jaya,2023-06-05,79
BRT04: SunMed,BRT01: Sunway-Setia Jaya,2023-06-06,270
BRT04: SunMed,BRT01: Sunway-Setia Jaya,2023-06-07,244
BRT04: SunMed,BRT01: Sunway-Setia Jaya,2023-06-08,270
BRT04: SunMed,BRT01: Sunway-Setia Jaya,2023-06-09,244
BRT04: SunMed,BRT01: Sunway-Setia Jaya,2023-06-10,111
BRT04: SunMed,BRT01: Sunway-Setia Jaya,2023-06-11,70
BRT04: SunMed,BRT01: Sunway-Setia Jaya,2023-06-12,242
BRT04: SunMed,BRT01: Sunway-Setia Jaya,2023-06-13,243
BRT04: SunMed,BRT01: Sunway-Setia Jaya,2023-06-14,251
BRT04: SunMed,BRT01: Sunway-Setia Jaya,2023-06-15,231
BRT04: SunMed,BRT01: Sunway-Setia Jaya,2023-06-16,225
BRT04: SunMed,BRT01: Sunway-Setia Jaya,2023-06-17,120
BRT04: SunMed,BRT01: Sunway-Setia Jaya,2023-06-18,82
BRT04: SunMed,BRT01: Sunway-Setia Jaya,2023-06-19,263
BRT04: SunMed,BRT01: Sunway-Setia Jaya,2023-06-20,242
BRT04: SunMed,BRT01: Sunway-Setia Jaya,2023-06-21,227
BRT04: SunMed,BRT01: Sunway-Setia Jaya,2023-06-22,242
BRT04: SunMed,BRT01: Sunway-Setia Jaya,2023-06-23,211
BRT04: SunMed,BRT01: Sunway-Setia Jaya,2023-06-24,134
BRT04: SunMed,BRT01: Sunway-Setia Jaya,2023-06-25,76
BRT04: SunMed,BRT01: Sunway-Setia Jaya,2023-06-26,251
BRT04: SunMed,BRT01: Sunway-Setia Jaya,2023-06-27,215
BRT04: SunMed,BRT01: Sunway-Setia Jaya,2023-06-28,252
BRT04: SunMed,BRT01: Sunway-Setia Jaya,2023-06-29,98
BRT04: SunMed,BRT01: Sunway-Setia Jaya,2023-06-30,188
BRT04: SunMed,BRT01: Sunway-Setia Jaya,2023-07-01,108
BRT04: SunMed,BRT01: Sunway-Setia Jaya,2023-07-02,67
BRT04: SunMed,BRT01: Sunway-Setia Jaya,2023-07-03,246
BRT04: SunMed,BRT01: Sunway-Setia Jaya,2023-07-04,247
BRT04: SunMed,BRT01: Sunway-Setia Jaya,2023-07-05,250
BRT04: SunMed,BRT01: Sunway-Setia Jaya,2023-07-06,233
BRT04: SunMed,BRT01: Sunway-Setia Jaya,2023-07-07,209
BRT04: SunMed,BRT01: Sunway-Setia Jaya,2023-07-08,89
BRT04: SunMed,BRT01: Sunway-Setia Jaya,2023-07-09,88
BRT04: SunMed,BRT01: Sunway-Setia Jaya,2023-07-10,230
BRT04: SunMed,BRT01: Sunway-Setia Jaya,2023-07-11,198
BRT04: SunMed,BRT01: Sunway-Setia Jaya,2023-07-12,220
BRT04: SunMed,BRT01: Sunway-Setia Jaya,2023-07-13,217
BRT04: SunMed,BRT01: Sunway-Setia Jaya,2023-07-14,202
BRT04: SunMed,BRT01: Sunway-Setia Jaya,2023-07-15,125
BRT04: SunMed,BRT01: Sunway-Setia Jaya,2023-07-16,59
BRT04: SunMed,BRT01: Sunway-Setia Jaya,2023-07-17,252
BRT04: SunMed,BRT01: Sunway-Setia Jaya,2023-07-18,250
BRT04: SunMed,BRT01: Sunway-Setia Jaya,2023-07-19,81
BRT04: SunMed,BRT01: Sunway-Setia Jaya,2023-07-20,221
BRT04: SunMed,BRT01: Sunway-Setia Jaya,2023-07-21,215
BRT04: SunMed,BRT01: Sunway-Setia Jaya,2023-07-22,124
BRT04: SunMed,BRT01: Sunway-Setia Jaya,2023-07-23,80
BRT04: SunMed,BRT01: Sunway-Setia Jaya,2023-07-24,230
BRT04: SunMed,BRT01: Sunway-Setia Jaya,2023-07-25,220
BRT04: SunMed,BRT01: Sunway-Setia Jaya,2023-07-26,249
BRT04: SunMed,BRT01: Sunway-Setia Jaya,2023-07-27,230
BRT04: SunMed,BRT01: Sunway-Setia Jaya,2023-07-28,214
BRT04: SunMed,BRT01: Sunway-Setia Jaya,2023-07-29,108
BRT04: SunMed,BRT01: Sunway-Setia Jaya,2023-07-30,83
BRT04: SunMed,BRT01: Sunway-Setia Jaya,2023-07-31,233
BRT04: SunMed,BRT01: Sunway-Setia Jaya,2023-08-01,225
BRT04: SunMed,BRT01: Sunway-Setia Jaya,2023-08-02,218
BRT04: SunMed,BRT01: Sunway-Setia Jaya,2023-08-03,228
BRT04: SunMed,BRT01: Sunway-Setia Jaya,2023-08-04,236
BRT04: SunMed,BRT01: Sunway-Setia Jaya,2023-08-05,135
BRT04: SunMed,BRT01: Sunway-Setia Jaya,2023-08-06,80
BRT04: SunMed,BRT01: Sunway-Setia Jaya,2023-08-07,245
BRT04: SunMed,BRT01: Sunway-Setia Jaya,2023-08-08,190
BRT04: SunMed,BRT01: Sunway-Setia Jaya,2023-08-09,236
BRT04: SunMed,BRT01: Sunway-Setia Jaya,2023-08-10,205
BRT04: SunMed,BRT01: Sunway-Setia Jaya,2023-08-11,189
BRT04: SunMed,BRT01: Sunway-Setia Jaya,2023-08-12,116
BRT04: SunMed,BRT01: Sunway-Setia Jaya,2023-08-13,65
BRT04: SunMed,BRT01: Sunway-Setia Jaya,2023-08-14,98
BRT04: SunMed,BRT01: Sunway-Setia Jaya,2023-08-15,235
BRT04: SunMed,BRT01: Sunway-Setia Jaya,2023-08-16,245
BRT04: SunMed,BRT01: Sunway-Setia Jaya,2023-08-17,227
BRT04: SunMed,BRT01: Sunway-Setia Jaya,2023-08-18,210
BRT04: SunMed,BRT01: Sunway-Setia Jaya,2023-08-19,130
BRT04: SunMed,BRT01: Sunway-Setia Jaya,2023-08-20,80
BRT04: SunMed,BRT01: Sunway-Setia Jaya,2023-08-21,201
BRT04: SunMed,BRT01: Sunway-Setia Jaya,2023-08-22,198
BRT04: SunMed,BRT01: Sunway-Setia Jaya,2023-08-23,185
BRT04: SunMed,BRT01: Sunway-Setia Jaya,2023-08-24,218
BRT04: SunMed,BRT01: Sunway-Setia Jaya,2023-08-25,173
BRT04: SunMed,BRT01: Sunway-Setia Jaya,2023-08-26,125
BRT04: SunMed,BRT01: Sunway-Setia Jaya,2023-08-27,73
BRT04: SunMed,BRT01: Sunway-Setia Jaya,2023-08-28,168
BRT04: SunMed,BRT01: Sunway-Setia Jaya,2023-08-29,188
BRT04: SunMed,BRT01: Sunway-Setia Jaya,2023-08-30,183
BRT04: SunMed,BRT01: Sunway-Setia Jaya,2023-08-31,65
BRT04: SunMed,BRT01: Sunway-Setia Jaya,2023-09-01,163
BRT04: SunMed,BRT01: Sunway-Setia Jaya,2023-09-02,78
BRT04: SunMed,BRT01: Sunway-Setia Jaya,2023-09-03,65
BRT04: SunMed,BRT01: Sunway-Setia Jaya,2023-09-04,200
BRT04: SunMed,BRT01: Sunway-Setia Jaya,2023-09-05,206
BRT04: SunMed,BRT01: Sunway-Setia Jaya,2023-09-06,199
BRT04: SunMed,BRT01: Sunway-Setia Jaya,2023-09-07,211
BRT04: SunMed,BRT01: Sunway-Setia Jaya,2023-09-08,196
BRT04: SunMed,BRT01: Sunway-Setia Jaya,2023-09-09,107
BRT04: SunMed,BRT01: Sunway-Setia Jaya,2023-09-10,87
BRT04: SunMed,BRT01: Sunway-Setia Jaya,2023-09-11,204
BRT04: SunMed,BRT01: Sunway-Setia Jaya,2023-09-12,228
BRT04: SunMed,BRT01: Sunway-Setia Jaya,2023-09-13,216
BRT04: SunMed,BRT01: Sunway-Setia Jaya,2023-09-14,205
BRT04: SunMed,BRT01: Sunway-Setia Jaya,2023-09-15,204
BRT04: SunMed,BRT01: Sunway-Setia Jaya,2023-09-16,76
BRT04: SunMed,BRT01: Sunway-Setia Jaya,2023-09-17,70
BRT04: SunMed,BRT01: Sunway-Setia Jaya,2023-09-18,290
BRT04: SunMed,BRT01: Sunway-Setia Jaya,2023-09-19,277
BRT04: SunMed,BRT01: Sunway-Setia Jaya,2023-09-20,295
BRT04: SunMed,BRT01: Sunway-Setia Jaya,2023-09-21,276
BRT04: SunMed,BRT01: Sunway-Setia Jaya,2023-09-22,255
BRT04: SunMed,BRT01: Sunway-Setia Jaya,2023-09-23,130
BRT04: SunMed,BRT01: Sunway-Setia Jaya,2023-09-24,77
BRT04: SunMed,BRT01: Sunway-Setia Jaya,2023-09-25,296
BRT04: SunMed,BRT01: Sunway-Setia Jaya,2023-09-26,279
BRT04: SunMed,BRT01: Sunway-Setia Jaya,2023-09-27,289
BRT04: SunMed,BRT01: Sunway-Setia Jaya,2023-09-28,81
BRT04: SunMed,BRT01: Sunway-Setia Jaya,2023-09-29,232
BRT04: SunMed,BRT01: Sunway-Setia Jaya,2023-09-30,138
BRT04: SunMed,BRT01: Sunway-Setia Jaya,2023-10-01,89
BRT04: SunMed,BRT01: Sunway-Setia Jaya,2023-10-02,273
BRT04: SunMed,BRT01: Sunway-Setia Jaya,2023-10-03,273
BRT04: SunMed,BRT01: Sunway-Setia Jaya,2023-10-04,290
BRT04: SunMed,BRT01: Sunway-Setia Jaya,2023-10-05,259
BRT04: SunMed,BRT01: Sunway-Setia Jaya,2023-10-06,265
BRT04: SunMed,BRT01: Sunway-Setia Jaya,2023-10-07,129
BRT04: SunMed,BRT01: Sunway-Setia Jaya,2023-10-08,64
BRT04: SunMed,BRT01: Sunway-Setia Jaya,2023-10-09,271
BRT04: SunMed,BRT01: Sunway-Setia Jaya,2023-10-10,309
BRT04: SunMed,BRT01: Sunway-Setia Jaya,2023-10-11,289
BRT04: SunMed,BRT01: Sunway-Setia Jaya,2023-10-12,277
BRT04: SunMed,BRT01: Sunway-Setia Jaya,2023-10-13,262
BRT04: SunMed,BRT01: Sunway-Setia Jaya,2023-10-14,137
BRT04: SunMed,BRT01: Sunway-Setia Jaya,2023-10-15,70
BRT04: SunMed,BRT01: Sunway-Setia Jaya,2023-10-16,275
BRT04: SunMed,BRT01: Sunway-Setia Jaya,2023-10-17,264
BRT04: SunMed,BRT01: Sunway-Setia Jaya,2023-10-18,265
BRT04: SunMed,BRT01: Sunway-Setia Jaya,2023-10-19,294
BRT04: SunMed,BRT01: Sunway-Setia Jaya,2023-10-20,247
BRT04: SunMed,BRT01: Sunway-Setia Jaya,2023-10-21,143
BRT04: SunMed,BRT01: Sunway-Setia Jaya,2023-10-22,68
BRT04: SunMed,BRT01: Sunway-Setia Jaya,2023-10-23,275
BRT04: SunMed,BRT01: Sunway-Setia Jaya,2023-10-24,297
BRT04: SunMed,BRT01: Sunway-Setia Jaya,2023-10-25,295
BRT04: SunMed,BRT01: Sunway-Setia Jaya,2023-10-26,284
BRT04: SunMed,BRT01: Sunway-Setia Jaya,2023-10-27,254
BRT04: SunMed,BRT01: Sunway-Setia Jaya,2023-10-28,132
BRT04: SunMed,BRT01: Sunway-Setia Jaya,2023-10-29,77
BRT04: SunMed,BRT01: Sunway-Setia Jaya,2023-10-30,271
BRT04: SunMed,BRT01: Sunway-Setia Jaya,2023-10-31,285
BRT04: SunMed,BRT01: Sunway-Setia Jaya,2023-11-01,276
BRT04: SunMed,BRT01: Sunway-Setia Jaya,2023-11-02,276
BRT04: SunMed,BRT01: Sunway-Setia Jaya,2023-11-03,226
BRT04: SunMed,BRT01: Sunway-Setia Jaya,2023-11-04,127
BRT04: SunMed,BRT01: Sunway-Setia Jaya,2023-11-05,81
BRT04: SunMed,BRT01: Sunway-Setia Jaya,2023-11-06,258
BRT04: SunMed,BRT01: Sunway-Setia Jaya,2023-11-07,238
BRT04: SunMed,BRT01: Sunway-Setia Jaya,2023-11-08,262
BRT04: SunMed,BRT01: Sunway-Setia Jaya,2023-11-09,256
BRT04: SunMed,BRT01: Sunway-Setia Jaya,2023-11-10,212
BRT04: SunMed,BRT01: Sunway-Setia Jaya,2023-11-11,133
BRT04: SunMed,BRT01: Sunway-Setia Jaya,2023-11-12,73
BRT04: SunMed,BRT01: Sunway-Setia Jaya,2023-11-13,81
BRT04: SunMed,BRT01: Sunway-Setia Jaya,2023-11-14,230
BRT04: SunMed,BRT01: Sunway-Setia Jaya,2023-11-15,242
BRT04: SunMed,BRT01: Sunway-Setia Jaya,2023-11-16,265
BRT04: SunMed,BRT01: Sunway-Setia Jaya,2023-11-17,245
BRT04: SunMed,BRT01: Sunway-Setia Jaya,2023-11-18,131
BRT04: SunMed,BRT01: Sunway-Setia Jaya,2023-11-19,59
BRT04: SunMed,BRT01: Sunway-Setia Jaya,2023-11-20,258
BRT04: SunMed,BRT01: Sunway-Setia Jaya,2023-11-21,287
BRT04: SunMed,BRT01: Sunway-Setia Jaya,2023-11-22,276
BRT04: SunMed,BRT01: Sunway-Setia Jaya,2023-11-23,285
BRT04: SunMed,BRT01: Sunway-Setia Jaya,2023-11-24,261
BRT04: SunMed,BRT01: Sunway-Setia Jaya,2023-11-25,94
BRT04: SunMed,BRT01: Sunway-Setia Jaya,2023-11-26,85
BRT04: SunMed,BRT01: Sunway-Setia Jaya,2023-11-27,263
BRT04: SunMed,BRT01: Sunway-Setia Jaya,2023-11-28,260
BRT04: SunMed,BRT01: Sunway-Setia Jaya,2023-11-29,271
BRT04: SunMed,BRT01: Sunway-Setia Jaya,2023-11-30,231
BRT04: SunMed,BRT01: Sunway-Setia Jaya,2023-12-01,235
BRT04: SunMed,BRT01: Sunway-Setia Jaya,2023-12-02,135
BRT04: SunMed,BRT01: Sunway-Setia Jaya,2023-12-03,78
BRT04: SunMed,BRT01: Sunway-Setia Jaya,2023-12-04,208
BRT04: SunMed,BRT01: Sunway-Setia Jaya,2023-12-05,233
BRT04: SunMed,BRT01: Sunway-Setia Jaya,2023-12-06,247
BRT04: SunMed,BRT01: Sunway-Setia Jaya,2023-12-07,259
BRT04: SunMed,BRT01: Sunway-Setia Jaya,2023-12-08,240
BRT04: SunMed,BRT01: Sunway-Setia Jaya,2023-12-09,135
BRT04: SunMed,BRT01: Sunway-Setia Jaya,2023-12-10,84
BRT04: SunMed,BRT01: Sunway-Setia Jaya,2023-12-11,100
BRT04: SunMed,BRT01: Sunway-Setia Jaya,2023-12-12,230
BRT04: SunMed,BRT01: Sunway-Setia Jaya,2023-12-13,207
BRT04: SunMed,BRT01: Sunway-Setia Jaya,2023-12-14,240
BRT04: SunMed,BRT01: Sunway-Setia Jaya,2023-12-15,220
BRT04: SunMed,BRT01: Sunway-Setia Jaya,2023-12-16,126
BRT04: SunMed,BRT01: Sunway-Setia Jaya,2023-12-17,60
BRT04: SunMed,BRT01: Sunway-Setia Jaya,2023-12-18,205
BRT04: SunMed,BRT01: Sunway-Setia Jaya,2023-12-19,181
BRT04: SunMed,BRT01: Sunway-Setia Jaya,2023-12-20,175
BRT04: SunMed,BRT01: Sunway-Setia Jaya,2023-12-21,192
BRT04: SunMed,BRT01: Sunway-Setia Jaya,2023-12-22,148
BRT04: SunMed,BRT01: Sunway-Setia Jaya,2023-12-23,121
BRT04: SunMed,BRT01: Sunway-Setia Jaya,2023-12-24,75
BRT04: SunMed,BRT01: Sunway-Setia Jaya,2023-12-25,63
BRT04: SunMed,BRT01: Sunway-Setia Jaya,2023-12-26,146
BRT04: SunMed,BRT01: Sunway-Setia Jaya,2023-12-27,129
BRT04: SunMed,BRT01: Sunway-Setia Jaya,2023-12-28,142
BRT04: SunMed,BRT01: Sunway-Setia Jaya,2023-12-29,141
BRT04: SunMed,BRT01: Sunway-Setia Jaya,2023-12-30,112
BRT04: SunMed,BRT01: Sunway-Setia Jaya,2023-12-31,56
BRT04: SunMed,BRT02: Mentari,2023-04-01,145
BRT04: SunMed,BRT02: Mentari,2023-04-02,205
BRT04: SunMed,BRT02: Mentari,2023-04-03,169
BRT04: SunMed,BRT02: Mentari,2023-04-04,207
BRT04: SunMed,BRT02: Mentari,2023-04-05,221
BRT04: SunMed,BRT02: Mentari,2023-04-06,175
BRT04: SunMed,BRT02: Mentari,2023-04-07,188
BRT04: SunMed,BRT02: Mentari,2023-04-08,113
BRT04: SunMed,BRT02: Mentari,2023-04-09,197
BRT04: SunMed,BRT02: Mentari,2023-04-10,195
BRT04: SunMed,BRT02: Mentari,2023-04-11,187
BRT04: SunMed,BRT02: Mentari,2023-04-12,219
BRT04: SunMed,BRT02: Mentari,2023-04-13,180
BRT04: SunMed,BRT02: Mentari,2023-04-14,190
BRT04: SunMed,BRT02: Mentari,2023-04-15,134
BRT04: SunMed,BRT02: Mentari,2023-04-16,188
BRT04: SunMed,BRT02: Mentari,2023-04-17,206
BRT04: SunMed,BRT02: Mentari,2023-04-18,208
BRT04: SunMed,BRT02: Mentari,2023-04-19,201
BRT04: SunMed,BRT02: Mentari,2023-04-20,162
BRT04: SunMed,BRT02: Mentari,2023-04-21,115
BRT04: SunMed,BRT02: Mentari,2023-04-22,119
BRT04: SunMed,BRT02: Mentari,2023-04-23,132
BRT04: SunMed,BRT02: Mentari,2023-04-24,88
BRT04: SunMed,BRT02: Mentari,2023-04-25,142
BRT04: SunMed,BRT02: Mentari,2023-04-26,185
BRT04: SunMed,BRT02: Mentari,2023-04-27,143
BRT04: SunMed,BRT02: Mentari,2023-04-28,161
BRT04: SunMed,BRT02: Mentari,2023-04-29,159
BRT04: SunMed,BRT02: Mentari,2023-04-30,191
BRT04: SunMed,BRT02: Mentari,2023-05-01,97
BRT04: SunMed,BRT02: Mentari,2023-05-02,213
BRT04: SunMed,BRT02: Mentari,2023-05-03,212
BRT04: SunMed,BRT02: Mentari,2023-05-04,123
BRT04: SunMed,BRT02: Mentari,2023-05-05,180
BRT04: SunMed,BRT02: Mentari,2023-05-06,142
BRT04: SunMed,BRT02: Mentari,2023-05-07,226
BRT04: SunMed,BRT02: Mentari,2023-05-08,177
BRT04: SunMed,BRT02: Mentari,2023-05-09,203
BRT04: SunMed,BRT02: Mentari,2023-05-10,211
BRT04: SunMed,BRT02: Mentari,2023-05-11,191
BRT04: SunMed,BRT02: Mentari,2023-05-12,200
BRT04: SunMed,BRT02: Mentari,2023-05-13,144
BRT04: SunMed,BRT02: Mentari,2023-05-14,157
BRT04: SunMed,BRT02: Mentari,2023-05-15,164
BRT04: SunMed,BRT02: Mentari,2023-05-16,164
BRT04: SunMed,BRT02: Mentari,2023-05-17,215
BRT04: SunMed,BRT02: Mentari,2023-05-18,192
BRT04: SunMed,BRT02: Mentari,2023-05-19,191
BRT04: SunMed,BRT02: Mentari,2023-05-20,134
BRT04: SunMed,BRT02: Mentari,2023-05-21,169
BRT04: SunMed,BRT02: Mentari,2023-05-22,172
BRT04: SunMed,BRT02: Mentari,2023-05-23,169
BRT04: SunMed,BRT02: Mentari,2023-05-24,195
BRT04: SunMed,BRT02: Mentari,2023-05-25,169
BRT04: SunMed,BRT02: Mentari,2023-05-26,203
BRT04: SunMed,BRT02: Mentari,2023-05-27,159
BRT04: SunMed,BRT02: Mentari,2023-05-28,205
BRT04: SunMed,BRT02: Mentari,2023-05-29,169
BRT04: SunMed,BRT02: Mentari,2023-05-30,184
BRT04: SunMed,BRT02: Mentari,2023-05-31,216
BRT04: SunMed,BRT02: Mentari,2023-06-01,160
BRT04: SunMed,BRT02: Mentari,2023-06-02,176
BRT04: SunMed,BRT02: Mentari,2023-06-03,142
BRT04: SunMed,BRT02: Mentari,2023-06-04,184
BRT04: SunMed,BRT02: Mentari,2023-06-05,101
BRT04: SunMed,BRT02: Mentari,2023-06-06,189
BRT04: SunMed,BRT02: Mentari,2023-06-07,226
BRT04: SunMed,BRT02: Mentari,2023-06-08,193
BRT04: SunMed,BRT02: Mentari,2023-06-09,174
BRT04: SunMed,BRT02: Mentari,2023-06-10,156
BRT04: SunMed,BRT02: Mentari,2023-06-11,229
BRT04: SunMed,BRT02: Mentari,2023-06-12,187
BRT04: SunMed,BRT02: Mentari,2023-06-13,188
BRT04: SunMed,BRT02: Mentari,2023-06-14,217
BRT04: SunMed,BRT02: Mentari,2023-06-15,178
BRT04: SunMed,BRT02: Mentari,2023-06-16,180
BRT04: SunMed,BRT02: Mentari,2023-06-17,142
BRT04: SunMed,BRT02: Mentari,2023-06-18,184
BRT04: SunMed,BRT02: Mentari,2023-06-19,177
BRT04: SunMed,BRT02: Mentari,2023-06-20,175
BRT04: SunMed,BRT02: Mentari,2023-06-21,203
BRT04: SunMed,BRT02: Mentari,2023-06-22,177
BRT04: SunMed,BRT02: Mentari,2023-06-23,187
BRT04: SunMed,BRT02: Mentari,2023-06-24,115
BRT04: SunMed,BRT02: Mentari,2023-06-25,154
BRT04: SunMed,BRT02: Mentari,2023-06-26,173
BRT04: SunMed,BRT02: Mentari,2023-06-27,190
BRT04: SunMed,BRT02: Mentari,2023-06-28,214
BRT04: SunMed,BRT02: Mentari,2023-06-29,84
BRT04: SunMed,BRT02: Mentari,2023-06-30,191
BRT04: SunMed,BRT02: Mentari,2023-07-01,115
BRT04: SunMed,BRT02: Mentari,2023-07-02,189
BRT04: SunMed,BRT02: Mentari,2023-07-03,158
BRT04: SunMed,BRT02: Mentari,2023-07-04,186
BRT04: SunMed,BRT02: Mentari,2023-07-05,216
BRT04: SunMed,BRT02: Mentari,2023-07-06,199
BRT04: SunMed,BRT02: Mentari,2023-07-07,162
BRT04: SunMed,BRT02: Mentari,2023-07-08,139
BRT04: SunMed,BRT02: Mentari,2023-07-09,244
BRT04: SunMed,BRT02: Mentari,2023-07-10,192
BRT04: SunMed,BRT02: Mentari,2023-07-11,201
BRT04: SunMed,BRT02: Mentari,2023-07-12,215
BRT04: SunMed,BRT02: Mentari,2023-07-13,195
BRT04: SunMed,BRT02: Mentari,2023-07-14,185
BRT04: SunMed,BRT02: Mentari,2023-07-15,129
BRT04: SunMed,BRT02: Mentari,2023-07-16,203
BRT04: SunMed,BRT02: Mentari,2023-07-17,198
BRT04: SunMed,BRT02: Mentari,2023-07-18,179
BRT04: SunMed,BRT02: Mentari,2023-07-19,133
BRT04: SunMed,BRT02: Mentari,2023-07-20,186
BRT04: SunMed,BRT02: Mentari,2023-07-21,205
BRT04: SunMed,BRT02: Mentari,2023-07-22,140
BRT04: SunMed,BRT02: Mentari,2023-07-23,161
BRT04: SunMed,BRT02: Mentari,2023-07-24,183
BRT04: SunMed,BRT02: Mentari,2023-07-25,175
BRT04: SunMed,BRT02: Mentari,2023-07-26,233
BRT04: SunMed,BRT02: Mentari,2023-07-27,210
BRT04: SunMed,BRT02: Mentari,2023-07-28,185
BRT04: SunMed,BRT02: Mentari,2023-07-29,157
BRT04: SunMed,BRT02: Mentari,2023-07-30,184
BRT04: SunMed,BRT02: Mentari,2023-07-31,207
BRT04: SunMed,BRT02: Mentari,2023-08-01,193
BRT04: SunMed,BRT02: Mentari,2023-08-02,227
BRT04: SunMed,BRT02: Mentari,2023-08-03,202
BRT04: SunMed,BRT02: Mentari,2023-08-04,193
BRT04: SunMed,BRT02: Mentari,2023-08-05,139
BRT04: SunMed,BRT02: Mentari,2023-08-06,194
BRT04: SunMed,BRT02: Mentari,2023-08-07,201
BRT04: SunMed,BRT02: Mentari,2023-08-08,182
BRT04: SunMed,BRT02: Mentari,2023-08-09,227
BRT04: SunMed,BRT02: Mentari,2023-08-10,174
BRT04: SunMed,BRT02: Mentari,2023-08-11,171
BRT04: SunMed,BRT02: Mentari,2023-08-12,135
BRT04: SunMed,BRT02: Mentari,2023-08-13,201
BRT04: SunMed,BRT02: Mentari,2023-08-14,137
BRT04: SunMed,BRT02: Mentari,2023-08-15,197
BRT04: SunMed,BRT02: Mentari,2023-08-16,224
BRT04: SunMed,BRT02: Mentari,2023-08-17,173
BRT04: SunMed,BRT02: Mentari,2023-08-18,171
BRT04: SunMed,BRT02: Mentari,2023-08-19,149
BRT04: SunMed,BRT02: Mentari,2023-08-20,195
BRT04: SunMed,BRT02: Mentari,2023-08-21,198
BRT04: SunMed,BRT02: Mentari,2023-08-22,180
BRT04: SunMed,BRT02: Mentari,2023-08-23,236
BRT04: SunMed,BRT02: Mentari,2023-08-24,182
BRT04: SunMed,BRT02: Mentari,2023-08-25,192
BRT04: SunMed,BRT02: Mentari,2023-08-26,155
BRT04: SunMed,BRT02: Mentari,2023-08-27,152
BRT04: SunMed,BRT02: Mentari,2023-08-28,179
BRT04: SunMed,BRT02: Mentari,2023-08-29,180
BRT04: SunMed,BRT02: Mentari,2023-08-30,221
BRT04: SunMed,BRT02: Mentari,2023-08-31,89
BRT04: SunMed,BRT02: Mentari,2023-09-01,174
BRT04: SunMed,BRT02: Mentari,2023-09-02,132
BRT04: SunMed,BRT02: Mentari,2023-09-03,196
BRT04: SunMed,BRT02: Mentari,2023-09-04,190
BRT04: SunMed,BRT02: Mentari,2023-09-05,203
BRT04: SunMed,BRT02: Mentari,2023-09-06,253
BRT04: SunMed,BRT02: Mentari,2023-09-07,229
BRT04: SunMed,BRT02: Mentari,2023-09-08,218
BRT04: SunMed,BRT02: Mentari,2023-09-09,171
BRT04: SunMed,BRT02: Mentari,2023-09-10,238
BRT04: SunMed,BRT02: Mentari,2023-09-11,198
BRT04: SunMed,BRT02: Mentari,2023-09-12,176
BRT04: SunMed,BRT02: Mentari,2023-09-13,246
BRT04: SunMed,BRT02: Mentari,2023-09-14,188
BRT04: SunMed,BRT02: Mentari,2023-09-15,220
BRT04: SunMed,BRT02: Mentari,2023-09-16,120
BRT04: SunMed,BRT02: Mentari,2023-09-17,171
BRT04: SunMed,BRT02: Mentari,2023-09-18,184
BRT04: SunMed,BRT02: Mentari,2023-09-19,211
BRT04: SunMed,BRT02: Mentari,2023-09-20,220
BRT04: SunMed,BRT02: Mentari,2023-09-21,192
BRT04: SunMed,BRT02: Mentari,2023-09-22,222
BRT04: SunMed,BRT02: Mentari,2023-09-23,147
BRT04: SunMed,BRT02: Mentari,2023-09-24,179
BRT04: SunMed,BRT02: Mentari,2023-09-25,171
BRT04: SunMed,BRT02: Mentari,2023-09-26,179
BRT04: SunMed,BRT02: Mentari,2023-09-27,225
BRT04: SunMed,BRT02: Mentari,2023-09-28,133
BRT04: SunMed,BRT02: Mentari,2023-09-29,189
BRT04: SunMed,BRT02: Mentari,2023-09-30,157
BRT04: SunMed,BRT02: Mentari,2023-10-01,249
BRT04: SunMed,BRT02: Mentari,2023-10-02,183
BRT04: SunMed,BRT02: Mentari,2023-10-03,180
BRT04: SunMed,BRT02: Mentari,2023-10-04,263
BRT04: SunMed,BRT02: Mentari,2023-10-05,195
BRT04: SunMed,BRT02: Mentari,2023-10-06,222
BRT04: SunMed,BRT02: Mentari,2023-10-07,189
BRT04: SunMed,BRT02: Mentari,2023-10-08,242
BRT04: SunMed,BRT02: Mentari,2023-10-09,211
BRT04: SunMed,BRT02: Mentari,2023-10-10,201
BRT04: SunMed,BRT02: Mentari,2023-10-11,249
BRT04: SunMed,BRT02: Mentari,2023-10-12,189
BRT04: SunMed,BRT02: Mentari,2023-10-13,218
BRT04: SunMed,BRT02: Mentari,2023-10-14,164
BRT04: SunMed,BRT02: Mentari,2023-10-15,221
BRT04: SunMed,BRT02: Mentari,2023-10-16,175
BRT04: SunMed,BRT02: Mentari,2023-10-17,211
BRT04: SunMed,BRT02: Mentari,2023-10-18,240
BRT04: SunMed,BRT02: Mentari,2023-10-19,196
BRT04: SunMed,BRT02: Mentari,2023-10-20,198
BRT04: SunMed,BRT02: Mentari,2023-10-21,167
BRT04: SunMed,BRT02: Mentari,2023-10-22,209
BRT04: SunMed,BRT02: Mentari,2023-10-23,180
BRT04: SunMed,BRT02: Mentari,2023-10-24,195
BRT04: SunMed,BRT02: Mentari,2023-10-25,260
BRT04: SunMed,BRT02: Mentari,2023-10-26,209
BRT04: SunMed,BRT02: Mentari,2023-10-27,202
BRT04: SunMed,BRT02: Mentari,2023-10-28,174
BRT04: SunMed,BRT02: Mentari,2023-10-29,240
BRT04: SunMed,BRT02: Mentari,2023-10-30,216
BRT04: SunMed,BRT02: Mentari,2023-10-31,202
BRT04: SunMed,BRT02: Mentari,2023-11-01,225
BRT04: SunMed,BRT02: Mentari,2023-11-02,204
BRT04: SunMed,BRT02: Mentari,2023-11-03,190
BRT04: SunMed,BRT02: Mentari,2023-11-04,171
BRT04: SunMed,BRT02: Mentari,2023-11-05,175
BRT04: SunMed,BRT02: Mentari,2023-11-06,193
BRT04: SunMed,BRT02: Mentari,2023-11-07,227
BRT04: SunMed,BRT02: Mentari,2023-11-08,249
BRT04: SunMed,BRT02: Mentari,2023-11-09,218
BRT04: SunMed,BRT02: Mentari,2023-11-10,185
BRT04: SunMed,BRT02: Mentari,2023-11-11,159
BRT04: SunMed,BRT02: Mentari,2023-11-12,241
BRT04: SunMed,BRT02: Mentari,2023-11-13,101
BRT04: SunMed,BRT02: Mentari,2023-11-14,168
BRT04: SunMed,BRT02: Mentari,2023-11-15,241
BRT04: SunMed,BRT02: Mentari,2023-11-16,224
BRT04: SunMed,BRT02: Mentari,2023-11-17,175
BRT04: SunMed,BRT02: Mentari,2023-11-18,170
BRT04: SunMed,BRT02: Mentari,2023-11-19,215
BRT04: SunMed,BRT02: Mentari,2023-11-20,191
BRT04: SunMed,BRT02: Mentari,2023-11-21,190
BRT04: SunMed,BRT02: Mentari,2023-11-22,246
BRT04: SunMed,BRT02: Mentari,2023-11-23,200
BRT04: SunMed,BRT02: Mentari,2023-11-24,195
BRT04: SunMed,BRT02: Mentari,2023-11-25,84
BRT04: SunMed,BRT02: Mentari,2023-11-26,194
BRT04: SunMed,BRT02: Mentari,2023-11-27,233
BRT04: SunMed,BRT02: Mentari,2023-11-28,189
BRT04: SunMed,BRT02: Mentari,2023-11-29,245
BRT04: SunMed,BRT02: Mentari,2023-11-30,211
BRT04: SunMed,BRT02: Mentari,2023-12-01,213
BRT04: SunMed,BRT02: Mentari,2023-12-02,181
BRT04: SunMed,BRT02: Mentari,2023-12-03,227
BRT04: SunMed,BRT02: Mentari,2023-12-04,199
BRT04: SunMed,BRT02: Mentari,2023-12-05,206
BRT04: SunMed,BRT02: Mentari,2023-12-06,231
BRT04: SunMed,BRT02: Mentari,2023-12-07,209
BRT04: SunMed,BRT02: Mentari,2023-12-08,232
BRT04: SunMed,BRT02: Mentari,2023-12-09,168
BRT04: SunMed,BRT02: Mentari,2023-12-10,280
BRT04: SunMed,BRT02: Mentari,2023-12-11,127
BRT04: SunMed,BRT02: Mentari,2023-12-12,206
BRT04: SunMed,BRT02: Mentari,2023-12-13,233
BRT04: SunMed,BRT02: Mentari,2023-12-14,185
BRT04: SunMed,BRT02: Mentari,2023-12-15,212
BRT04: SunMed,BRT02: Mentari,2023-12-16,140
BRT04: SunMed,BRT02: Mentari,2023-12-17,246
BRT04: SunMed,BRT02: Mentari,2023-12-18,189
BRT04: SunMed,BRT02: Mentari,2023-12-19,192
BRT04: SunMed,BRT02: Mentari,2023-12-20,252
BRT04: SunMed,BRT02: Mentari,2023-12-21,185
BRT04: SunMed,BRT02: Mentari,2023-12-22,180
BRT04: SunMed,BRT02: Mentari,2023-12-23,149
BRT04: SunMed,BRT02: Mentari,2023-12-24,214
BRT04: SunMed,BRT02: Mentari,2023-12-25,86
BRT04: SunMed,BRT02: Mentari,2023-12-26,160
BRT04: SunMed,BRT02: Mentari,2023-12-27,207
BRT04: SunMed,BRT02: Mentari,2023-12-28,157
BRT04: SunMed,BRT02: Mentari,2023-12-29,171
BRT04: SunMed,BRT02: Mentari,2023-12-30,168
BRT04: SunMed,BRT02: Mentari,2023-12-31,194
BRT04: SunMed,BRT03: Sunway Lagoon,2023-04-01,451
BRT04: SunMed,BRT03: Sunway Lagoon,2023-04-02,437
BRT04: SunMed,BRT03: Sunway Lagoon,2023-04-03,419
BRT04: SunMed,BRT03: Sunway Lagoon,2023-04-04,388
BRT04: SunMed,BRT03: Sunway Lagoon,2023-04-05,435
BRT04: SunMed,BRT03: Sunway Lagoon,2023-04-06,503
BRT04: SunMed,BRT03: Sunway Lagoon,2023-04-07,568
BRT04: SunMed,BRT03: Sunway Lagoon,2023-04-08,495
BRT04: SunMed,BRT03: Sunway Lagoon,2023-04-09,403
BRT04: SunMed,BRT03: Sunway Lagoon,2023-04-10,416
BRT04: SunMed,BRT03: Sunway Lagoon,2023-04-11,416
BRT04: SunMed,BRT03: Sunway Lagoon,2023-04-12,413
BRT04: SunMed,BRT03: Sunway Lagoon,2023-04-13,418
BRT04: SunMed,BRT03: Sunway Lagoon,2023-04-14,467
BRT04: SunMed,BRT03: Sunway Lagoon,2023-04-15,476
BRT04: SunMed,BRT03: Sunway Lagoon,2023-04-16,381
BRT04: SunMed,BRT03: Sunway Lagoon,2023-04-17,396
BRT04: SunMed,BRT03: Sunway Lagoon,2023-04-18,529
BRT04: SunMed,BRT03: Sunway Lagoon,2023-04-19,475
BRT04: SunMed,BRT03: Sunway Lagoon,2023-04-20,583
BRT04: SunMed,BRT03: Sunway Lagoon,2023-04-21,437
BRT04: SunMed,BRT03: Sunway Lagoon,2023-04-22,477
BRT04: SunMed,BRT03: Sunway Lagoon,2023-04-23,490
BRT04: SunMed,BRT03: Sunway Lagoon,2023-04-24,388
BRT04: SunMed,BRT03: Sunway Lagoon,2023-04-25,358
BRT04: SunMed,BRT03: Sunway Lagoon,2023-04-26,365
BRT04: SunMed,BRT03: Sunway Lagoon,2023-04-27,416
BRT04: SunMed,BRT03: Sunway Lagoon,2023-04-28,528
BRT04: SunMed,BRT03: Sunway Lagoon,2023-04-29,440
BRT04: SunMed,BRT03: Sunway Lagoon,2023-04-30,425
BRT04: SunMed,BRT03: Sunway Lagoon,2023-05-01,429
BRT04: SunMed,BRT03: Sunway Lagoon,2023-05-02,440
BRT04: SunMed,BRT03: Sunway Lagoon,2023-05-03,569
BRT04: SunMed,BRT03: Sunway Lagoon,2023-05-04,492
BRT04: SunMed,BRT03: Sunway Lagoon,2023-05-05,480
BRT04: SunMed,BRT03: Sunway Lagoon,2023-05-06,411
BRT04: SunMed,BRT03: Sunway Lagoon,2023-05-07,388
BRT04: SunMed,BRT03: Sunway Lagoon,2023-05-08,434
BRT04: SunMed,BRT03: Sunway Lagoon,2023-05-09,398
BRT04: SunMed,BRT03: Sunway Lagoon,2023-05-10,453
BRT04: SunMed,BRT03: Sunway Lagoon,2023-05-11,517
BRT04: SunMed,BRT03: Sunway Lagoon,2023-05-12,578
BRT04: SunMed,BRT03: Sunway Lagoon,2023-05-13,522
BRT04: SunMed,BRT03: Sunway Lagoon,2023-05-14,409
BRT04: SunMed,BRT03: Sunway Lagoon,2023-05-15,414
BRT04: SunMed,BRT03: Sunway Lagoon,2023-05-16,412
BRT04: SunMed,BRT03: Sunway Lagoon,2023-05-17,439
BRT04: SunMed,BRT03: Sunway Lagoon,2023-05-18,456
BRT04: SunMed,BRT03: Sunway Lagoon,2023-05-19,567
BRT04: SunMed,BRT03: Sunway Lagoon,2023-05-20,452
BRT04: SunMed,BRT03: Sunway Lagoon,2023-05-21,401
BRT04: SunMed,BRT03: Sunway Lagoon,2023-05-22,374
BRT04: SunMed,BRT03: Sunway Lagoon,2023-05-23,375
BRT04: SunMed,BRT03: Sunway Lagoon,2023-05-24,436
BRT04: SunMed,BRT03: Sunway Lagoon,2023-05-25,441
BRT04: SunMed,BRT03: Sunway Lagoon,2023-05-26,522
BRT04: SunMed,BRT03: Sunway Lagoon,2023-05-27,463
BRT04: SunMed,BRT03: Sunway Lagoon,2023-05-28,403
BRT04: SunMed,BRT03: Sunway Lagoon,2023-05-29,480
BRT04: SunMed,BRT03: Sunway Lagoon,2023-05-30,514
BRT04: SunMed,BRT03: Sunway Lagoon,2023-05-31,544
BRT04: SunMed,BRT03: Sunway Lagoon,2023-06-01,524
BRT04: SunMed,BRT03: Sunway Lagoon,2023-06-02,535
BRT04: SunMed,BRT03: Sunway Lagoon,2023-06-03,464
BRT04: SunMed,BRT03: Sunway Lagoon,2023-06-04,401
BRT04: SunMed,BRT03: Sunway Lagoon,2023-06-05,368
BRT04: SunMed,BRT03: Sunway Lagoon,2023-06-06,437
BRT04: SunMed,BRT03: Sunway Lagoon,2023-06-07,408
BRT04: SunMed,BRT03: Sunway Lagoon,2023-06-08,547
BRT04: SunMed,BRT03: Sunway Lagoon,2023-06-09,619
BRT04: SunMed,BRT03: Sunway Lagoon,2023-06-10,467
BRT04: SunMed,BRT03: Sunway Lagoon,2023-06-11,457
BRT04: SunMed,BRT03: Sunway Lagoon,2023-06-12,433
BRT04: SunMed,BRT03: Sunway Lagoon,2023-06-13,415
BRT04: SunMed,BRT03: Sunway Lagoon,2023-06-14,476
BRT04: SunMed,BRT03: Sunway Lagoon,2023-06-15,484
BRT04: SunMed,BRT03: Sunway Lagoon,2023-06-16,514
BRT04: SunMed,BRT03: Sunway Lagoon,2023-06-17,399
BRT04: SunMed,BRT03: Sunway Lagoon,2023-06-18,383
BRT04: SunMed,BRT03: Sunway Lagoon,2023-06-19,430
BRT04: SunMed,BRT03: Sunway Lagoon,2023-06-20,375
BRT04: SunMed,BRT03: Sunway Lagoon,2023-06-21,473
BRT04: SunMed,BRT03: Sunway Lagoon,2023-06-22,474
BRT04: SunMed,BRT03: Sunway Lagoon,2023-06-23,516
BRT04: SunMed,BRT03: Sunway Lagoon,2023-06-24,402
BRT04: SunMed,BRT03: Sunway Lagoon,2023-06-25,372
BRT04: SunMed,BRT03: Sunway Lagoon,2023-06-26,459
BRT04: SunMed,BRT03: Sunway Lagoon,2023-06-27,477
BRT04: SunMed,BRT03: Sunway Lagoon,2023-06-28,502
BRT04: SunMed,BRT03: Sunway Lagoon,2023-06-29,419
BRT04: SunMed,BRT03: Sunway Lagoon,2023-06-30,394
BRT04: SunMed,BRT03: Sunway Lagoon,2023-07-01,432
BRT04: SunMed,BRT03: Sunway Lagoon,2023-07-02,331
BRT04: SunMed,BRT03: Sunway Lagoon,2023-07-03,407
BRT04: SunMed,BRT03: Sunway Lagoon,2023-07-04,432
BRT04: SunMed,BRT03: Sunway Lagoon,2023-07-05,469
BRT04: SunMed,BRT03: Sunway Lagoon,2023-07-06,444
BRT04: SunMed,BRT03: Sunway Lagoon,2023-07-07,587
BRT04: SunMed,BRT03: Sunway Lagoon,2023-07-08,495
BRT04: SunMed,BRT03: Sunway Lagoon,2023-07-09,388
BRT04: SunMed,BRT03: Sunway Lagoon,2023-07-10,446
BRT04: SunMed,BRT03: Sunway Lagoon,2023-07-11,435
BRT04: SunMed,BRT03: Sunway Lagoon,2023-07-12,446
BRT04: SunMed,BRT03: Sunway Lagoon,2023-07-13,451
BRT04: SunMed,BRT03: Sunway Lagoon,2023-07-14,508
BRT04: SunMed,BRT03: Sunway Lagoon,2023-07-15,368
BRT04: SunMed,BRT03: Sunway Lagoon,2023-07-16,382
BRT04: SunMed,BRT03: Sunway Lagoon,2023-07-17,432
BRT04: SunMed,BRT03: Sunway Lagoon,2023-07-18,448
BRT04: SunMed,BRT03: Sunway Lagoon,2023-07-19,443
BRT04: SunMed,BRT03: Sunway Lagoon,2023-07-20,495
BRT04: SunMed,BRT03: Sunway Lagoon,2023-07-21,520
BRT04: SunMed,BRT03: Sunway Lagoon,2023-07-22,467
BRT04: SunMed,BRT03: Sunway Lagoon,2023-07-23,396
BRT04: SunMed,BRT03: Sunway Lagoon,2023-07-24,424
BRT04: SunMed,BRT03: Sunway Lagoon,2023-07-25,414
BRT04: SunMed,BRT03: Sunway Lagoon,2023-07-26,440
BRT04: SunMed,BRT03: Sunway Lagoon,2023-07-27,458
BRT04: SunMed,BRT03: Sunway Lagoon,2023-07-28,623
BRT04: SunMed,BRT03: Sunway Lagoon,2023-07-29,402
BRT04: SunMed,BRT03: Sunway Lagoon,2023-07-30,397
BRT04: SunMed,BRT03: Sunway Lagoon,2023-07-31,442
BRT04: SunMed,BRT03: Sunway Lagoon,2023-08-01,471
BRT04: SunMed,BRT03: Sunway Lagoon,2023-08-02,470
BRT04: SunMed,BRT03: Sunway Lagoon,2023-08-03,445
BRT04: SunMed,BRT03: Sunway Lagoon,2023-08-04,507
BRT04: SunMed,BRT03: Sunway Lagoon,2023-08-05,432
BRT04: SunMed,BRT03: Sunway Lagoon,2023-08-06,331
BRT04: SunMed,BRT03: Sunway Lagoon,2023-08-07,372
BRT04: SunMed,BRT03: Sunway Lagoon,2023-08-08,381
BRT04: SunMed,BRT03: Sunway Lagoon,2023-08-09,390
BRT04: SunMed,BRT03: Sunway Lagoon,2023-08-10,380
BRT04: SunMed,BRT03: Sunway Lagoon,2023-08-11,448
BRT04: SunMed,BRT03: Sunway Lagoon,2023-08-12,384
BRT04: SunMed,BRT03: Sunway Lagoon,2023-08-13,356
BRT04: SunMed,BRT03: Sunway Lagoon,2023-08-14,404
BRT04: SunMed,BRT03: Sunway Lagoon,2023-08-15,381
BRT04: SunMed,BRT03: Sunway Lagoon,2023-08-16,486
BRT04: SunMed,BRT03: Sunway Lagoon,2023-08-17,413
BRT04: SunMed,BRT03: Sunway Lagoon,2023-08-18,451
BRT04: SunMed,BRT03: Sunway Lagoon,2023-08-19,385
BRT04: SunMed,BRT03: Sunway Lagoon,2023-08-20,322
BRT04: SunMed,BRT03: Sunway Lagoon,2023-08-21,402
BRT04: SunMed,BRT03: Sunway Lagoon,2023-08-22,362
BRT04: SunMed,BRT03: Sunway Lagoon,2023-08-23,475
BRT04: SunMed,BRT03: Sunway Lagoon,2023-08-24,413
BRT04: SunMed,BRT03: Sunway Lagoon,2023-08-25,497
BRT04: SunMed,BRT03: Sunway Lagoon,2023-08-26,434
BRT04: SunMed,BRT03: Sunway Lagoon,2023-08-27,388
BRT04: SunMed,BRT03: Sunway Lagoon,2023-08-28,489
BRT04: SunMed,BRT03: Sunway Lagoon,2023-08-29,512
BRT04: SunMed,BRT03: Sunway Lagoon,2023-08-30,612
BRT04: SunMed,BRT03: Sunway Lagoon,2023-08-31,488
BRT04: SunMed,BRT03: Sunway Lagoon,2023-09-01,497
BRT04: SunMed,BRT03: Sunway Lagoon,2023-09-02,356
BRT04: SunMed,BRT03: Sunway Lagoon,2023-09-03,351
BRT04: SunMed,BRT03: Sunway Lagoon,2023-09-04,439
BRT04: SunMed,BRT03: Sunway Lagoon,2023-09-05,458
BRT04: SunMed,BRT03: Sunway Lagoon,2023-09-06,486
BRT04: SunMed,BRT03: Sunway Lagoon,2023-09-07,494
BRT04: SunMed,BRT03: Sunway Lagoon,2023-09-08,653
BRT04: SunMed,BRT03: Sunway Lagoon,2023-09-09,486
BRT04: SunMed,BRT03: Sunway Lagoon,2023-09-10,417
BRT04: SunMed,BRT03: Sunway Lagoon,2023-09-11,466
BRT04: SunMed,BRT03: Sunway Lagoon,2023-09-12,432
BRT04: SunMed,BRT03: Sunway Lagoon,2023-09-13,530
BRT04: SunMed,BRT03: Sunway Lagoon,2023-09-14,474
BRT04: SunMed,BRT03: Sunway Lagoon,2023-09-15,687
BRT04: SunMed,BRT03: Sunway Lagoon,2023-09-16,504
BRT04: SunMed,BRT03: Sunway Lagoon,2023-09-17,433
BRT04: SunMed,BRT03: Sunway Lagoon,2023-09-18,462
BRT04: SunMed,BRT03: Sunway Lagoon,2023-09-19,492
BRT04: SunMed,BRT03: Sunway Lagoon,2023-09-20,592
BRT04: SunMed,BRT03: Sunway Lagoon,2023-09-21,512
BRT04: SunMed,BRT03: Sunway Lagoon,2023-09-22,577
BRT04: SunMed,BRT03: Sunway Lagoon,2023-09-23,492
BRT04: SunMed,BRT03: Sunway Lagoon,2023-09-24,396
BRT04: SunMed,BRT03: Sunway Lagoon,2023-09-25,473
BRT04: SunMed,BRT03: Sunway Lagoon,2023-09-26,459
BRT04: SunMed,BRT03: Sunway Lagoon,2023-09-27,651
BRT04: SunMed,BRT03: Sunway Lagoon,2023-09-28,516
BRT04: SunMed,BRT03: Sunway Lagoon,2023-09-29,701
BRT04: SunMed,BRT03: Sunway Lagoon,2023-09-30,534
BRT04: SunMed,BRT03: Sunway Lagoon,2023-10-01,425
BRT04: SunMed,BRT03: Sunway Lagoon,2023-10-02,492
BRT04: SunMed,BRT03: Sunway Lagoon,2023-10-03,476
BRT04: SunMed,BRT03: Sunway Lagoon,2023-10-04,574
BRT04: SunMed,BRT03: Sunway Lagoon,2023-10-05,559
BRT04: SunMed,BRT03: Sunway Lagoon,2023-10-06,817
BRT04: SunMed,BRT03: Sunway Lagoon,2023-10-07,683
BRT04: SunMed,BRT03: Sunway Lagoon,2023-10-08,483
BRT04: SunMed,BRT03: Sunway Lagoon,2023-10-09,424
BRT04: SunMed,BRT03: Sunway Lagoon,2023-10-10,516
BRT04: SunMed,BRT03: Sunway Lagoon,2023-10-11,485
BRT04: SunMed,BRT03: Sunway Lagoon,2023-10-12,560
BRT04: SunMed,BRT03: Sunway Lagoon,2023-10-13,690
BRT04: SunMed,BRT03: Sunway Lagoon,2023-10-14,542
BRT04: SunMed,BRT03: Sunway Lagoon,2023-10-15,448
BRT04: SunMed,BRT03: Sunway Lagoon,2023-10-16,462
BRT04: SunMed,BRT03: Sunway Lagoon,2023-10-17,436
BRT04: SunMed,BRT03: Sunway Lagoon,2023-10-18,534
BRT04: SunMed,BRT03: Sunway Lagoon,2023-10-19,522
BRT04: SunMed,BRT03: Sunway Lagoon,2023-10-20,592
BRT04: SunMed,BRT03: Sunway Lagoon,2023-10-21,521
BRT04: SunMed,BRT03: Sunway Lagoon,2023-10-22,435
BRT04: SunMed,BRT03: Sunway Lagoon,2023-10-23,428
BRT04: SunMed,BRT03: Sunway Lagoon,2023-10-24,478
BRT04: SunMed,BRT03: Sunway Lagoon,2023-10-25,515
BRT04: SunMed,BRT03: Sunway Lagoon,2023-10-26,548
BRT04: SunMed,BRT03: Sunway Lagoon,2023-10-27,679
BRT04: SunMed,BRT03: Sunway Lagoon,2023-10-28,564
BRT04: SunMed,BRT03: Sunway Lagoon,2023-10-29,402
BRT04: SunMed,BRT03: Sunway Lagoon,2023-10-30,487
BRT04: SunMed,BRT03: Sunway Lagoon,2023-10-31,495
BRT04: SunMed,BRT03: Sunway Lagoon,2023-11-01,536
BRT04: SunMed,BRT03: Sunway Lagoon,2023-11-02,530
BRT04: SunMed,BRT03: Sunway Lagoon,2023-11-03,666
BRT04: SunMed,BRT03: Sunway Lagoon,2023-11-04,598
BRT04: SunMed,BRT03: Sunway Lagoon,2023-11-05,485
BRT04: SunMed,BRT03: Sunway Lagoon,2023-11-06,546
BRT04: SunMed,BRT03: Sunway Lagoon,2023-11-07,491
BRT04: SunMed,BRT03: Sunway Lagoon,2023-11-08,562
BRT04: SunMed,BRT03: Sunway Lagoon,2023-11-09,607
BRT04: SunMed,BRT03: Sunway Lagoon,2023-11-10,793
BRT04: SunMed,BRT03: Sunway Lagoon,2023-11-11,879
BRT04: SunMed,BRT03: Sunway Lagoon,2023-11-12,658
BRT04: SunMed,BRT03: Sunway Lagoon,2023-11-13,391
BRT04: SunMed,BRT03: Sunway Lagoon,2023-11-14,465
BRT04: SunMed,BRT03: Sunway Lagoon,2023-11-15,477
BRT04: SunMed,BRT03: Sunway Lagoon,2023-11-16,454
BRT04: SunMed,BRT03: Sunway Lagoon,2023-11-17,640
BRT04: SunMed,BRT03: Sunway Lagoon,2023-11-18,560
BRT04: SunMed,BRT03: Sunway Lagoon,2023-11-19,721
BRT04: SunMed,BRT03: Sunway Lagoon,2023-11-20,444
BRT04: SunMed,BRT03: Sunway Lagoon,2023-11-21,513
BRT04: SunMed,BRT03: Sunway Lagoon,2023-11-22,530
BRT04: SunMed,BRT03: Sunway Lagoon,2023-11-23,565
BRT04: SunMed,BRT03: Sunway Lagoon,2023-11-24,828
BRT04: SunMed,BRT03: Sunway Lagoon,2023-11-25,464
BRT04: SunMed,BRT03: Sunway Lagoon,2023-11-26,463
BRT04: SunMed,BRT03: Sunway Lagoon,2023-11-27,468
BRT04: SunMed,BRT03: Sunway Lagoon,2023-11-28,461
BRT04: SunMed,BRT03: Sunway Lagoon,2023-11-29,455
BRT04: SunMed,BRT03: Sunway Lagoon,2023-11-30,482
BRT04: SunMed,BRT03: Sunway Lagoon,2023-12-01,582
BRT04: SunMed,BRT03: Sunway Lagoon,2023-12-02,535
BRT04: SunMed,BRT03: Sunway Lagoon,2023-12-03,403
BRT04: SunMed,BRT03: Sunway Lagoon,2023-12-04,430
BRT04: SunMed,BRT03: Sunway Lagoon,2023-12-05,498
BRT04: SunMed,BRT03: Sunway Lagoon,2023-12-06,482
BRT04: SunMed,BRT03: Sunway Lagoon,2023-12-07,547
BRT04: SunMed,BRT03: Sunway Lagoon,2023-12-08,628
BRT04: SunMed,BRT03: Sunway Lagoon,2023-12-09,514
BRT04: SunMed,BRT03: Sunway Lagoon,2023-12-10,420
BRT04: SunMed,BRT03: Sunway Lagoon,2023-12-11,369
BRT04: SunMed,BRT03: Sunway Lagoon,2023-12-12,446
BRT04: SunMed,BRT03: Sunway Lagoon,2023-12-13,470
BRT04: SunMed,BRT03: Sunway Lagoon,2023-12-14,538
BRT04: SunMed,BRT03: Sunway Lagoon,2023-12-15,530
BRT04: SunMed,BRT03: Sunway Lagoon,2023-12-16,437
BRT04: SunMed,BRT03: Sunway Lagoon,2023-12-17,399
BRT04: SunMed,BRT03: Sunway Lagoon,2023-12-18,496
BRT04: SunMed,BRT03: Sunway Lagoon,2023-12-19,467
BRT04: SunMed,BRT03: Sunway Lagoon,2023-12-20,524
BRT04: SunMed,BRT03: Sunway Lagoon,2023-12-21,488
BRT04: SunMed,BRT03: Sunway Lagoon,2023-12-22,505
BRT04: SunMed,BRT03: Sunway Lagoon,2023-12-23,416
BRT04: SunMed,BRT03: Sunway Lagoon,2023-12-24,503
BRT04: SunMed,BRT03: Sunway Lagoon,2023-12-25,429
BRT04: SunMed,BRT03: Sunway Lagoon,2023-12-26,393
BRT04: SunMed,BRT03: Sunway Lagoon,2023-12-27,396
BRT04: SunMed,BRT03: Sunway Lagoon,2023-12-28,447
BRT04: SunMed,BRT03: Sunway Lagoon,2023-12-29,478
BRT04: SunMed,BRT03: Sunway Lagoon,2023-12-30,334
BRT04: SunMed,BRT03: Sunway Lagoon,2023-12-31,610
BRT04: SunMed,BRT04: SunMed,2023-04-01,43
BRT04: SunMed,BRT04: SunMed,2023-04-02,38
BRT04: SunMed,BRT04: SunMed,2023-04-03,34
BRT04: SunMed,BRT04: SunMed,2023-04-04,45
BRT04: SunMed,BRT04: SunMed,2023-04-05,41
BRT04: SunMed,BRT04: SunMed,2023-04-06,25
BRT04: SunMed,BRT04: SunMed,2023-04-07,43
BRT04: SunMed,BRT04: SunMed,2023-04-08,27
BRT04: SunMed,BRT04: SunMed,2023-04-09,42
BRT04: SunMed,BRT04: SunMed,2023-04-10,41
BRT04: SunMed,BRT04: SunMed,2023-04-11,36
BRT04: SunMed,BRT04: SunMed,2023-04-12,35
BRT04: SunMed,BRT04: SunMed,2023-04-13,23
BRT04: SunMed,BRT04: SunMed,2023-04-14,33
BRT04: SunMed,BRT04: SunMed,2023-04-15,32
BRT04: SunMed,BRT04: SunMed,2023-04-16,26
BRT04: SunMed,BRT04: SunMed,2023-04-17,29
BRT04: SunMed,BRT04: SunMed,2023-04-18,52
BRT04: SunMed,BRT04: SunMed,2023-04-19,38
BRT04: SunMed,BRT04: SunMed,2023-04-20,52
BRT04: SunMed,BRT04: SunMed,2023-04-21,37
BRT04: SunMed,BRT04: SunMed,2023-04-22,88
BRT04: SunMed,BRT04: SunMed,2023-04-23,78
BRT04: SunMed,BRT04: SunMed,2023-04-24,34
BRT04: SunMed,BRT04: SunMed,2023-04-25,27
BRT04: SunMed,BRT04: SunMed,2023-04-26,37
BRT04: SunMed,BRT04: SunMed,2023-04-27,33
BRT04: SunMed,BRT04: SunMed,2023-04-28,40
BRT04: SunMed,BRT04: SunMed,2023-04-29,30
BRT04: SunMed,BRT04: SunMed,2023-04-30,37
BRT04: SunMed,BRT04: SunMed,2023-05-01,39
BRT04: SunMed,BRT04: SunMed,2023-05-02,51
BRT04: SunMed,BRT04: SunMed,2023-05-03,85
BRT04: SunMed,BRT04: SunMed,2023-05-04,44
BRT04: SunMed,BRT04: SunMed,2023-05-05,42
BRT04: SunMed,BRT04: SunMed,2023-05-06,25
BRT04: SunMed,BRT04: SunMed,2023-05-07,32
BRT04: SunMed,BRT04: SunMed,2023-05-08,55
BRT04: SunMed,BRT04: SunMed,2023-05-09,58
BRT04: SunMed,BRT04: SunMed,2023-05-10,86
BRT04: SunMed,BRT04: SunMed,2023-05-11,38
BRT04: SunMed,BRT04: SunMed,2023-05-12,59
BRT04: SunMed,BRT04: SunMed,2023-05-13,49
BRT04: SunMed,BRT04: SunMed,2023-05-14,46
BRT04: SunMed,BRT04: SunMed,2023-05-15,38
BRT04: SunMed,BRT04: SunMed,2023-05-16,31
BRT04: SunMed,BRT04: SunMed,2023-05-17,43
BRT04: SunMed,BRT04: SunMed,2023-05-18,54
BRT04: SunMed,BRT04: SunMed,2023-05-19,50
BRT04: SunMed,BRT04: SunMed,2023-05-20,31
BRT04: SunMed,BRT04: SunMed,2023-05-21,31
BRT04: SunMed,BRT04: SunMed,2023-05-22,20
BRT04: SunMed,BRT04: SunMed,2023-05-23,36
BRT04: SunMed,BRT04: SunMed,2023-05-24,47
BRT04: SunMed,BRT04: SunMed,2023-05-25,42
BRT04: SunMed,BRT04: SunMed,2023-05-26,33
BRT04: SunMed,BRT04: SunMed,2023-05-27,33
BRT04: SunMed,BRT04: SunMed,2023-05-28,41
BRT04: SunMed,BRT04: SunMed,2023-05-29,44
BRT04: SunMed,BRT04: SunMed,2023-05-30,44
BRT04: SunMed,BRT04: SunMed,2023-05-31,60
BRT04: SunMed,BRT04: SunMed,2023-06-01,57
BRT04: SunMed,BRT04: SunMed,2023-06-02,35
BRT04: SunMed,BRT04: SunMed,2023-06-03,33
BRT04: SunMed,BRT04: SunMed,2023-06-04,54
BRT04: SunMed,BRT04: SunMed,2023-06-05,51
BRT04: SunMed,BRT04: SunMed,2023-06-06,45
BRT04: SunMed,BRT04: SunMed,2023-06-07,51
BRT04: SunMed,BRT04: SunMed,2023-06-08,58
BRT04: SunMed,BRT04: SunMed,2023-06-09,53
BRT04: SunMed,BRT04: SunMed,2023-06-10,53
BRT04: SunMed,BRT04: SunMed,2023-06-11,32
BRT04: SunMed,BRT04: SunMed,2023-06-12,51
BRT04: SunMed,BRT04: SunMed,2023-06-13,52
BRT04: SunMed,BRT04: SunMed,2023-06-14,41
BRT04: SunMed,BRT04: SunMed,2023-06-15,37
BRT04: SunMed,BRT04: SunMed,2023-06-16,63
BRT04: SunMed,BRT04: SunMed,2023-06-17,40
BRT04: SunMed,BRT04: SunMed,2023-06-18,30
BRT04: SunMed,BRT04: SunMed,2023-06-19,33
BRT04: SunMed,BRT04: SunMed,2023-06-20,44
BRT04: SunMed,BRT04: SunMed,2023-06-21,38
BRT04: SunMed,BRT04: SunMed,2023-06-22,40
BRT04: SunMed,BRT04: SunMed,2023-06-23,54
BRT04: SunMed,BRT04: SunMed,2023-06-24,38
BRT04: SunMed,BRT04: SunMed,2023-06-25,25
BRT04: SunMed,BRT04: SunMed,2023-06-26,21
BRT04: SunMed,BRT04: SunMed,2023-06-27,47
BRT04: SunMed,BRT04: SunMed,2023-06-28,52
BRT04: SunMed,BRT04: SunMed,2023-06-29,24
BRT04: SunMed,BRT04: SunMed,2023-06-30,45
BRT04: SunMed,BRT04: SunMed,2023-07-01,23
BRT04: SunMed,BRT04: SunMed,2023-07-02,23
BRT04: SunMed,BRT04: SunMed,2023-07-03,21
BRT04: SunMed,BRT04: SunMed,2023-07-04,30
BRT04: SunMed,BRT04: SunMed,2023-07-05,50
BRT04: SunMed,BRT04: SunMed,2023-07-06,53
BRT04: SunMed,BRT04: SunMed,2023-07-07,48
BRT04: SunMed,BRT04: SunMed,2023-07-08,28
BRT04: SunMed,BRT04: SunMed,2023-07-09,42
BRT04: SunMed,BRT04: SunMed,2023-07-10,35
BRT04: SunMed,BRT04: SunMed,2023-07-11,39
BRT04: SunMed,BRT04: SunMed,2023-07-12,39
BRT04: SunMed,BRT04: SunMed,2023-07-13,46
BRT04: SunMed,BRT04: SunMed,2023-07-14,42
BRT04: SunMed,BRT04: SunMed,2023-07-15,44
BRT04: SunMed,BRT04: SunMed,2023-07-16,29
BRT04: SunMed,BRT04: SunMed,2023-07-17,44
BRT04: SunMed,BRT04: SunMed,2023-07-18,53
BRT04: SunMed,BRT04: SunMed,2023-07-19,43
BRT04: SunMed,BRT04: SunMed,2023-07-20,58
BRT04: SunMed,BRT04: SunMed,2023-07-21,52
BRT04: SunMed,BRT04: SunMed,2023-07-22,34
BRT04: SunMed,BRT04: SunMed,2023-07-23,30
BRT04: SunMed,BRT04: SunMed,2023-07-24,56
BRT04: SunMed,BRT04: SunMed,2023-07-25,40
BRT04: SunMed,BRT04: SunMed,2023-07-26,58
BRT04: SunMed,BRT04: SunMed,2023-07-27,58
BRT04: SunMed,BRT04: SunMed,2023-07-28,42
BRT04: SunMed,BRT04: SunMed,2023-07-29,32
BRT04: SunMed,BRT04: SunMed,2023-07-30,33
BRT04: SunMed,BRT04: SunMed,2023-07-31,38
BRT04: SunMed,BRT04: SunMed,2023-08-01,32
BRT04: SunMed,BRT04: SunMed,2023-08-02,33
BRT04: SunMed,BRT04: SunMed,2023-08-03,32
BRT04: SunMed,BRT04: SunMed,2023-08-04,33
BRT04: SunMed,BRT04: SunMed,2023-08-05,61
BRT04: SunMed,BRT04: SunMed,2023-08-06,28
BRT04: SunMed,BRT04: SunMed,2023-08-07,67
BRT04: SunMed,BRT04: SunMed,2023-08-08,35
BRT04: SunMed,BRT04: SunMed,2023-08-09,59
BRT04: SunMed,BRT04: SunMed,2023-08-10,46
BRT04: SunMed,BRT04: SunMed,2023-08-11,37
BRT04: SunMed,BRT04: SunMed,2023-08-12,25
BRT04: SunMed,BRT04: SunMed,2023-08-13,23
BRT04: SunMed,BRT04: SunMed,2023-08-14,49
BRT04: SunMed,BRT04: SunMed,2023-08-15,48
BRT04: SunMed,BRT04: SunMed,2023-08-16,41
BRT04: SunMed,BRT04: SunMed,2023-08-17,32
BRT04: SunMed,BRT04: SunMed,2023-08-18,81
BRT04: SunMed,BRT04: SunMed,2023-08-19,37
BRT04: SunMed,BRT04: SunMed,2023-08-20,29
BRT04: SunMed,BRT04: SunMed,2023-08-21,57
BRT04: SunMed,BRT04: SunMed,2023-08-22,48
BRT04: SunMed,BRT04: SunMed,2023-08-23,49
BRT04: SunMed,BRT04: SunMed,2023-08-24,51
BRT04: SunMed,BRT04: SunMed,2023-08-25,44
BRT04: SunMed,BRT04: SunMed,2023-08-26,38
BRT04: SunMed,BRT04: SunMed,2023-08-27,41
BRT04: SunMed,BRT04: SunMed,2023-08-28,56
BRT04: SunMed,BRT04: SunMed,2023-08-29,62
BRT04: SunMed,BRT04: SunMed,2023-08-30,49
BRT04: SunMed,BRT04: SunMed,2023-08-31,61
BRT04: SunMed,BRT04: SunMed,2023-09-01,54
BRT04: SunMed,BRT04: SunMed,2023-09-02,54
BRT04: SunMed,BRT04: SunMed,2023-09-03,37
BRT04: SunMed,BRT04: SunMed,2023-09-04,44
BRT04: SunMed,BRT04: SunMed,2023-09-05,60
BRT04: SunMed,BRT04: SunMed,2023-09-06,46
BRT04: SunMed,BRT04: SunMed,2023-09-07,89
BRT04: SunMed,BRT04: SunMed,2023-09-08,56
BRT04: SunMed,BRT04: SunMed,2023-09-09,58
BRT04: SunMed,BRT04: SunMed,2023-09-10,75
BRT04: SunMed,BRT04: SunMed,2023-09-11,77
BRT04: SunMed,BRT04: SunMed,2023-09-12,54
BRT04: SunMed,BRT04: SunMed,2023-09-13,59
BRT04: SunMed,BRT04: SunMed,2023-09-14,63
BRT04: SunMed,BRT04: SunMed,2023-09-15,73
BRT04: SunMed,BRT04: SunMed,2023-09-16,62
BRT04: SunMed,BRT04: SunMed,2023-09-17,77
BRT04: SunMed,BRT04: SunMed,2023-09-18,53
BRT04: SunMed,BRT04: SunMed,2023-09-19,53
BRT04: SunMed,BRT04: SunMed,2023-09-20,64
BRT04: SunMed,BRT04: SunMed,2023-09-21,81
BRT04: SunMed,BRT04: SunMed,2023-09-22,66
BRT04: SunMed,BRT04: SunMed,2023-09-23,53
BRT04: SunMed,BRT04: SunMed,2023-09-24,60
BRT04: SunMed,BRT04: SunMed,2023-09-25,51
BRT04: SunMed,BRT04: SunMed,2023-09-26,50
BRT04: SunMed,BRT04: SunMed,2023-09-27,53
BRT04: SunMed,BRT04: SunMed,2023-09-28,56
BRT04: SunMed,BRT04: SunMed,2023-09-29,67
BRT04: SunMed,BRT04: SunMed,2023-09-30,45
BRT04: SunMed,BRT04: SunMed,2023-10-01,47
BRT04: SunMed,BRT04: SunMed,2023-10-02,69
BRT04: SunMed,BRT04: SunMed,2023-10-03,63
BRT04: SunMed,BRT04: SunMed,2023-10-04,91
BRT04: SunMed,BRT04: SunMed,2023-10-05,51
BRT04: SunMed,BRT04: SunMed,2023-10-06,50
BRT04: SunMed,BRT04: SunMed,2023-10-07,54
BRT04: SunMed,BRT04: SunMed,2023-10-08,39
BRT04: SunMed,BRT04: SunMed,2023-10-09,36
BRT04: SunMed,BRT04: SunMed,2023-10-10,72
BRT04: SunMed,BRT04: SunMed,2023-10-11,75
BRT04: SunMed,BRT04: SunMed,2023-10-12,63
BRT04: SunMed,BRT04: SunMed,2023-10-13,84
BRT04: SunMed,BRT04: SunMed,2023-10-14,60
BRT04: SunMed,BRT04: SunMed,2023-10-15,32
BRT04: SunMed,BRT04: SunMed,2023-10-16,59
BRT04: SunMed,BRT04: SunMed,2023-10-17,32
BRT04: SunMed,BRT04: SunMed,2023-10-18,54
BRT04: SunMed,BRT04: SunMed,2023-10-19,54
BRT04: SunMed,BRT04: SunMed,2023-10-20,46
BRT04: SunMed,BRT04: SunMed,2023-10-21,54
BRT04: SunMed,BRT04: SunMed,2023-10-22,67
BRT04: SunMed,BRT04: SunMed,2023-10-23,56
BRT04: SunMed,BRT04: SunMed,2023-10-24,38
BRT04: SunMed,BRT04: SunMed,2023-10-25,42
BRT04: SunMed,BRT04: SunMed,2023-10-26,64
BRT04: SunMed,BRT04: SunMed,2023-10-27,67
BRT04: SunMed,BRT04: SunMed,2023-10-28,48
BRT04: SunMed,BRT04: SunMed,2023-10-29,50
BRT04: SunMed,BRT04: SunMed,2023-10-30,40
BRT04: SunMed,BRT04: SunMed,2023-10-31,50
BRT04: SunMed,BRT04: SunMed,2023-11-01,42
BRT04: SunMed,BRT04: SunMed,2023-11-02,27
BRT04: SunMed,BRT04: SunMed,2023-11-03,52
BRT04: SunMed,BRT04: SunMed,2023-11-04,45
BRT04: SunMed,BRT04: SunMed,2023-11-05,30
BRT04: SunMed,BRT04: SunMed,2023-11-06,29
BRT04: SunMed,BRT04: SunMed,2023-11-07,35
BRT04: SunMed,BRT04: SunMed,2023-11-08,52
BRT04: SunMed,BRT04: SunMed,2023-11-09,46
BRT04: SunMed,BRT04: SunMed,2023-11-10,41
BRT04: SunMed,BRT04: SunMed,2023-11-11,57
BRT04: SunMed,BRT04: SunMed,2023-11-12,39
BRT04: SunMed,BRT04: SunMed,2023-11-13,28
BRT04: SunMed,BRT04: SunMed,2023-11-14,35
BRT04: SunMed,BRT04: SunMed,2023-11-15,27
BRT04: SunMed,BRT04: SunMed,2023-11-16,25
BRT04: SunMed,BRT04: SunMed,2023-11-17,42
BRT04: SunMed,BRT04: SunMed,2023-11-18,45
BRT04: SunMed,BRT04: SunMed,2023-11-19,54
BRT04: SunMed,BRT04: SunMed,2023-11-20,45
BRT04: SunMed,BRT04: SunMed,2023-11-21,37
BRT04: SunMed,BRT04: SunMed,2023-11-22,57
BRT04: SunMed,BRT04: SunMed,2023-11-23,56
BRT04: SunMed,BRT04: SunMed,2023-11-24,83
BRT04: SunMed,BRT04: SunMed,2023-11-25,46
BRT04: SunMed,BRT04: SunMed,2023-11-26,35
BRT04: SunMed,BRT04: SunMed,2023-11-27,28
BRT04: SunMed,BRT04: SunMed,2023-11-28,227
BRT04: SunMed,BRT04: SunMed,2023-11-29,43
BRT04: SunMed,BRT04: SunMed,2023-11-30,36
BRT04: SunMed,BRT04: SunMed,2023-12-01,43
BRT04: SunMed,BRT04: SunMed,2023-12-02,29
BRT04: SunMed,BRT04: SunMed,2023-12-03,49
BRT04: SunMed,BRT04: SunMed,2023-12-04,53
BRT04: SunMed,BRT04: SunMed,2023-12-05,71
BRT04: SunMed,BRT04: SunMed,2023-12-06,52
BRT04: SunMed,BRT04: SunMed,2023-12-07,51
BRT04: SunMed,BRT04: SunMed,2023-12-08,79
BRT04: SunMed,BRT04: SunMed,2023-12-09,73
BRT04: SunMed,BRT04: SunMed,2023-12-10,21
BRT04: SunMed,BRT04: SunMed,2023-12-11,25
BRT04: SunMed,BRT04: SunMed,2023-12-12,36
BRT04: SunMed,BRT04: SunMed,2023-12-13,57
BRT04: SunMed,BRT04: SunMed,2023-12-14,62
BRT04: SunMed,BRT04: SunMed,2023-12-15,46
BRT04: SunMed,BRT04: SunMed,2023-12-16,44
BRT04: SunMed,BRT04: SunMed,2023-12-17,49
BRT04: SunMed,BRT04: SunMed,2023-12-18,45
BRT04: SunMed,BRT04: SunMed,2023-12-19,43
BRT04: SunMed,BRT04: SunMed,2023-12-20,43
BRT04: SunMed,BRT04: SunMed,2023-12-21,40
BRT04: SunMed,BRT04: SunMed,2023-12-22,32
BRT04: SunMed,BRT04: SunMed,2023-12-23,29
BRT04: SunMed,BRT04: SunMed,2023-12-24,49
BRT04: SunMed,BRT04: SunMed,2023-12-25,32
BRT04: SunMed,BRT04: SunMed,2023-12-26,48
BRT04: SunMed,BRT04: SunMed,2023-12-27,36
BRT04: SunMed,BRT04: SunMed,2023-12-28,29
BRT04: SunMed,BRT04: SunMed,2023-12-29,32
BRT04: SunMed,BRT04: SunMed,2023-12-30,29
BRT04: SunMed,BRT04: SunMed,2023-12-31,47
BRT04: SunMed,BRT05: SunU-Monash,2023-04-01,239
BRT04: SunMed,BRT05: SunU-Monash,2023-04-02,203
BRT04: SunMed,BRT05: SunU-Monash,2023-04-03,641
BRT04: SunMed,BRT05: SunU-Monash,2023-04-04,653
BRT04: SunMed,BRT05: SunU-Monash,2023-04-05,694
BRT04: SunMed,BRT05: SunU-Monash,2023-04-06,710
BRT04: SunMed,BRT05: SunU-Monash,2023-04-07,558
BRT04: SunMed,BRT05: SunU-Monash,2023-04-08,159
BRT04: SunMed,BRT05: SunU-Monash,2023-04-09,156
BRT04: SunMed,BRT05: SunU-Monash,2023-04-10,319
BRT04: SunMed,BRT05: SunU-Monash,2023-04-11,325
BRT04: SunMed,BRT05: SunU-Monash,2023-04-12,319
BRT04: SunMed,BRT05: SunU-Monash,2023-04-13,285
BRT04: SunMed,BRT05: SunU-Monash,2023-04-14,340
BRT04: SunMed,BRT05: SunU-Monash,2023-04-15,205
BRT04: SunMed,BRT05: SunU-Monash,2023-04-16,221
BRT04: SunMed,BRT05: SunU-Monash,2023-04-17,594
BRT04: SunMed,BRT05: SunU-Monash,2023-04-18,663
BRT04: SunMed,BRT05: SunU-Monash,2023-04-19,688
BRT04: SunMed,BRT05: SunU-Monash,2023-04-20,647
BRT04: SunMed,BRT05: SunU-Monash,2023-04-21,222
BRT04: SunMed,BRT05: SunU-Monash,2023-04-22,169
BRT04: SunMed,BRT05: SunU-Monash,2023-04-23,162
BRT04: SunMed,BRT05: SunU-Monash,2023-04-24,212
BRT04: SunMed,BRT05: SunU-Monash,2023-04-25,638
BRT04: SunMed,BRT05: SunU-Monash,2023-04-26,680
BRT04: SunMed,BRT05: SunU-Monash,2023-04-27,662
BRT04: SunMed,BRT05: SunU-Monash,2023-04-28,601
BRT04: SunMed,BRT05: SunU-Monash,2023-04-29,267
BRT04: SunMed,BRT05: SunU-Monash,2023-04-30,224
BRT04: SunMed,BRT05: SunU-Monash,2023-05-01,214
BRT04: SunMed,BRT05: SunU-Monash,2023-05-02,781
BRT04: SunMed,BRT05: SunU-Monash,2023-05-03,746
BRT04: SunMed,BRT05: SunU-Monash,2023-05-04,257
BRT04: SunMed,BRT05: SunU-Monash,2023-05-05,654
BRT04: SunMed,BRT05: SunU-Monash,2023-05-06,252
BRT04: SunMed,BRT05: SunU-Monash,2023-05-07,209
BRT04: SunMed,BRT05: SunU-Monash,2023-05-08,664
BRT04: SunMed,BRT05: SunU-Monash,2023-05-09,718
BRT04: SunMed,BRT05: SunU-Monash,2023-05-10,709
BRT04: SunMed,BRT05: SunU-Monash,2023-05-11,724
BRT04: SunMed,BRT05: SunU-Monash,2023-05-12,565
BRT04: SunMed,BRT05: SunU-Monash,2023-05-13,249
BRT04: SunMed,BRT05: SunU-Monash,2023-05-14,216
BRT04: SunMed,BRT05: SunU-Monash,2023-05-15,601
BRT04: SunMed,BRT05: SunU-Monash,2023-05-16,593
BRT04: SunMed,BRT05: SunU-Monash,2023-05-17,665
BRT04: SunMed,BRT05: SunU-Monash,2023-05-18,696
BRT04: SunMed,BRT05: SunU-Monash,2023-05-19,604
BRT04: SunMed,BRT05: SunU-Monash,2023-05-20,285
BRT04: SunMed,BRT05: SunU-Monash,2023-05-21,213
BRT04: SunMed,BRT05: SunU-Monash,2023-05-22,583
BRT04: SunMed,BRT05: SunU-Monash,2023-05-23,596
BRT04: SunMed,BRT05: SunU-Monash,2023-05-24,650
BRT04: SunMed,BRT05: SunU-Monash,2023-05-25,645
BRT04: SunMed,BRT05: SunU-Monash,2023-05-26,599
BRT04: SunMed,BRT05: SunU-Monash,2023-05-27,233
BRT04: SunMed,BRT05: SunU-Monash,2023-05-28,197
BRT04: SunMed,BRT05: SunU-Monash,2023-05-29,461
BRT04: SunMed,BRT05: SunU-Monash,2023-05-30,444
BRT04: SunMed,BRT05: SunU-Monash,2023-05-31,397
BRT04: SunMed,BRT05: SunU-Monash,2023-06-01,463
BRT04: SunMed,BRT05: SunU-Monash,2023-06-02,412
BRT04: SunMed,BRT05: SunU-Monash,2023-06-03,207
BRT04: SunMed,BRT05: SunU-Monash,2023-06-04,211
BRT04: SunMed,BRT05: SunU-Monash,2023-06-05,242
BRT04: SunMed,BRT05: SunU-Monash,2023-06-06,442
BRT04: SunMed,BRT05: SunU-Monash,2023-06-07,408
BRT04: SunMed,BRT05: SunU-Monash,2023-06-08,380
BRT04: SunMed,BRT05: SunU-Monash,2023-06-09,320
BRT04: SunMed,BRT05: SunU-Monash,2023-06-10,191
BRT04: SunMed,BRT05: SunU-Monash,2023-06-11,175
BRT04: SunMed,BRT05: SunU-Monash,2023-06-12,333
BRT04: SunMed,BRT05: SunU-Monash,2023-06-13,327
BRT04: SunMed,BRT05: SunU-Monash,2023-06-14,354
BRT04: SunMed,BRT05: SunU-Monash,2023-06-15,342
BRT04: SunMed,BRT05: SunU-Monash,2023-06-16,268
BRT04: SunMed,BRT05: SunU-Monash,2023-06-17,158
BRT04: SunMed,BRT05: SunU-Monash,2023-06-18,136
BRT04: SunMed,BRT05: SunU-Monash,2023-06-19,286
BRT04: SunMed,BRT05: SunU-Monash,2023-06-20,301
BRT04: SunMed,BRT05: SunU-Monash,2023-06-21,305
BRT04: SunMed,BRT05: SunU-Monash,2023-06-22,223
BRT04: SunMed,BRT05: SunU-Monash,2023-06-23,250
BRT04: SunMed,BRT05: SunU-Monash,2023-06-24,153
BRT04: SunMed,BRT05: SunU-Monash,2023-06-25,108
BRT04: SunMed,BRT05: SunU-Monash,2023-06-26,217
BRT04: SunMed,BRT05: SunU-Monash,2023-06-27,220
BRT04: SunMed,BRT05: SunU-Monash,2023-06-28,221
BRT04: SunMed,BRT05: SunU-Monash,2023-06-29,92
BRT04: SunMed,BRT05: SunU-Monash,2023-06-30,163
BRT04: SunMed,BRT05: SunU-Monash,2023-07-01,117
BRT04: SunMed,BRT05: SunU-Monash,2023-07-02,92
BRT04: SunMed,BRT05: SunU-Monash,2023-07-03,216
BRT04: SunMed,BRT05: SunU-Monash,2023-07-04,226
BRT04: SunMed,BRT05: SunU-Monash,2023-07-05,215
BRT04: SunMed,BRT05: SunU-Monash,2023-07-06,213
BRT04: SunMed,BRT05: SunU-Monash,2023-07-07,230
BRT04: SunMed,BRT05: SunU-Monash,2023-07-08,115
BRT04: SunMed,BRT05: SunU-Monash,2023-07-09,107
BRT04: SunMed,BRT05: SunU-Monash,2023-07-10,256
BRT04: SunMed,BRT05: SunU-Monash,2023-07-11,212
BRT04: SunMed,BRT05: SunU-Monash,2023-07-12,226
BRT04: SunMed,BRT05: SunU-Monash,2023-07-13,228
BRT04: SunMed,BRT05: SunU-Monash,2023-07-14,261
BRT04: SunMed,BRT05: SunU-Monash,2023-07-15,115
BRT04: SunMed,BRT05: SunU-Monash,2023-07-16,109
BRT04: SunMed,BRT05: SunU-Monash,2023-07-17,379
BRT04: SunMed,BRT05: SunU-Monash,2023-07-18,385
BRT04: SunMed,BRT05: SunU-Monash,2023-07-19,182
BRT04: SunMed,BRT05: SunU-Monash,2023-07-20,349
BRT04: SunMed,BRT05: SunU-Monash,2023-07-21,336
BRT04: SunMed,BRT05: SunU-Monash,2023-07-22,217
BRT04: SunMed,BRT05: SunU-Monash,2023-07-23,195
BRT04: SunMed,BRT05: SunU-Monash,2023-07-24,696
BRT04: SunMed,BRT05: SunU-Monash,2023-07-25,737
BRT04: SunMed,BRT05: SunU-Monash,2023-07-26,680
BRT04: SunMed,BRT05: SunU-Monash,2023-07-27,667
BRT04: SunMed,BRT05: SunU-Monash,2023-07-28,612
BRT04: SunMed,BRT05: SunU-Monash,2023-07-29,275
BRT04: SunMed,BRT05: SunU-Monash,2023-07-30,214
BRT04: SunMed,BRT05: SunU-Monash,2023-07-31,682
BRT04: SunMed,BRT05: SunU-Monash,2023-08-01,810
BRT04: SunMed,BRT05: SunU-Monash,2023-08-02,694
BRT04: SunMed,BRT05: SunU-Monash,2023-08-03,678
BRT04: SunMed,BRT05: SunU-Monash,2023-08-04,631
BRT04: SunMed,BRT05: SunU-Monash,2023-08-05,274
BRT04: SunMed,BRT05: SunU-Monash,2023-08-06,212
BRT04: SunMed,BRT05: SunU-Monash,2023-08-07,721
BRT04: SunMed,BRT05: SunU-Monash,2023-08-08,733
BRT04: SunMed,BRT05: SunU-Monash,2023-08-09,711
BRT04: SunMed,BRT05: SunU-Monash,2023-08-10,701
BRT04: SunMed,BRT05: SunU-Monash,2023-08-11,576
BRT04: SunMed,BRT05: SunU-Monash,2023-08-12,243
BRT04: SunMed,BRT05: SunU-Monash,2023-08-13,198
BRT04: SunMed,BRT05: SunU-Monash,2023-08-14,252
BRT04: SunMed,BRT05: SunU-Monash,2023-08-15,722
BRT04: SunMed,BRT05: SunU-Monash,2023-08-16,712
BRT04: SunMed,BRT05: SunU-Monash,2023-08-17,676
BRT04: SunMed,BRT05: SunU-Monash,2023-08-18,592
BRT04: SunMed,BRT05: SunU-Monash,2023-08-19,264
BRT04: SunMed,BRT05: SunU-Monash,2023-08-20,251
BRT04: SunMed,BRT05: SunU-Monash,2023-08-21,637
BRT04: SunMed,BRT05: SunU-Monash,2023-08-22,722
BRT04: SunMed,BRT05: SunU-Monash,2023-08-23,720
BRT04: SunMed,BRT05: SunU-Monash,2023-08-24,680
BRT04: SunMed,BRT05: SunU-Monash,2023-08-25,628
BRT04: SunMed,BRT05: SunU-Monash,2023-08-26,258
BRT04: SunMed,BRT05: SunU-Monash,2023-08-27,209
BRT04: SunMed,BRT05: SunU-Monash,2023-08-28,734
BRT04: SunMed,BRT05: SunU-Monash,2023-08-29,742
BRT04: SunMed,BRT05: SunU-Monash,2023-08-30,774
BRT04: SunMed,BRT05: SunU-Monash,2023-08-31,172
BRT04: SunMed,BRT05: SunU-Monash,2023-09-01,623
BRT04: SunMed,BRT05: SunU-Monash,2023-09-02,265
BRT04: SunMed,BRT05: SunU-Monash,2023-09-03,229
BRT04: SunMed,BRT05: SunU-Monash,2023-09-04,672
BRT04: SunMed,BRT05: SunU-Monash,2023-09-05,823
BRT04: SunMed,BRT05: SunU-Monash,2023-09-06,703
BRT04: SunMed,BRT05: SunU-Monash,2023-09-07,734
BRT04: SunMed,BRT05: SunU-Monash,2023-09-08,693
BRT04: SunMed,BRT05: SunU-Monash,2023-09-09,272
BRT04: SunMed,BRT05: SunU-Monash,2023-09-10,276
BRT04: SunMed,BRT05: SunU-Monash,2023-09-11,756
BRT04: SunMed,BRT05: SunU-Monash,2023-09-12,755
BRT04: SunMed,BRT05: SunU-Monash,2023-09-13,714
BRT04: SunMed,BRT05: SunU-Monash,2023-09-14,689
BRT04: SunMed,BRT05: SunU-Monash,2023-09-15,653
BRT04: SunMed,BRT05: SunU-Monash,2023-09-16,242
BRT04: SunMed,BRT05: SunU-Monash,2023-09-17,211
BRT04: SunMed,BRT05: SunU-Monash,2023-09-18,742
BRT04: SunMed,BRT05: SunU-Monash,2023-09-19,755
BRT04: SunMed,BRT05: SunU-Monash,2023-09-20,717
BRT04: SunMed,BRT05: SunU-Monash,2023-09-21,698
BRT04: SunMed,BRT05: SunU-Monash,2023-09-22,748
BRT04: SunMed,BRT05: SunU-Monash,2023-09-23,249
BRT04: SunMed,BRT05: SunU-Monash,2023-09-24,193
BRT04: SunMed,BRT05: SunU-Monash,2023-09-25,415
BRT04: SunMed,BRT05: SunU-Monash,2023-09-26,423
BRT04: SunMed,BRT05: SunU-Monash,2023-09-27,466
BRT04: SunMed,BRT05: SunU-Monash,2023-09-28,187
BRT04: SunMed,BRT05: SunU-Monash,2023-09-29,384
BRT04: SunMed,BRT05: SunU-Monash,2023-09-30,190
BRT04: SunMed,BRT05: SunU-Monash,2023-10-01,212
BRT04: SunMed,BRT05: SunU-Monash,2023-10-02,662
BRT04: SunMed,BRT05: SunU-Monash,2023-10-03,761
BRT04: SunMed,BRT05: SunU-Monash,2023-10-04,807
BRT04: SunMed,BRT05: SunU-Monash,2023-10-05,801
BRT04: SunMed,BRT05: SunU-Monash,2023-10-06,750
BRT04: SunMed,BRT05: SunU-Monash,2023-10-07,287
BRT04: SunMed,BRT05: SunU-Monash,2023-10-08,233
BRT04: SunMed,BRT05: SunU-Monash,2023-10-09,712
BRT04: SunMed,BRT05: SunU-Monash,2023-10-10,798
BRT04: SunMed,BRT05: SunU-Monash,2023-10-11,757
BRT04: SunMed,BRT05: SunU-Monash,2023-10-12,779
BRT04: SunMed,BRT05: SunU-Monash,2023-10-13,642
BRT04: SunMed,BRT05: SunU-Monash,2023-10-14,290
BRT04: SunMed,BRT05: SunU-Monash,2023-10-15,238
BRT04: SunMed,BRT05: SunU-Monash,2023-10-16,712
BRT04: SunMed,BRT05: SunU-Monash,2023-10-17,715
BRT04: SunMed,BRT05: SunU-Monash,2023-10-18,721
BRT04: SunMed,BRT05: SunU-Monash,2023-10-19,710
BRT04: SunMed,BRT05: SunU-Monash,2023-10-20,682
BRT04: SunMed,BRT05: SunU-Monash,2023-10-21,239
BRT04: SunMed,BRT05: SunU-Monash,2023-10-22,213
BRT04: SunMed,BRT05: SunU-Monash,2023-10-23,496
BRT04: SunMed,BRT05: SunU-Monash,2023-10-24,484
BRT04: SunMed,BRT05: SunU-Monash,2023-10-25,539
BRT04: SunMed,BRT05: SunU-Monash,2023-10-26,503
BRT04: SunMed,BRT05: SunU-Monash,2023-10-27,523
BRT04: SunMed,BRT05: SunU-Monash,2023-10-28,261
BRT04: SunMed,BRT05: SunU-Monash,2023-10-29,207
BRT04: SunMed,BRT05: SunU-Monash,2023-10-30,448
BRT04: SunMed,BRT05: SunU-Monash,2023-10-31,480
BRT04: SunMed,BRT05: SunU-Monash,2023-11-01,463
BRT04: SunMed,BRT05: SunU-Monash,2023-11-02,455
BRT04: SunMed,BRT05: SunU-Monash,2023-11-03,394
BRT04: SunMed,BRT05: SunU-Monash,2023-11-04,236
BRT04: SunMed,BRT05: SunU-Monash,2023-11-05,188
BRT04: SunMed,BRT05: SunU-Monash,2023-11-06,498
BRT04: SunMed,BRT05: SunU-Monash,2023-11-07,480
BRT04: SunMed,BRT05: SunU-Monash,2023-11-08,472
BRT04: SunMed,BRT05: SunU-Monash,2023-11-09,443
BRT04: SunMed,BRT05: SunU-Monash,2023-11-10,363
BRT04: SunMed,BRT05: SunU-Monash,2023-11-11,209
BRT04: SunMed,BRT05: SunU-Monash,2023-11-12,145
BRT04: SunMed,BRT05: SunU-Monash,2023-11-13,161
BRT04: SunMed,BRT05: SunU-Monash,2023-11-14,327
BRT04: SunMed,BRT05: SunU-Monash,2023-11-15,325
BRT04: SunMed,BRT05: SunU-Monash,2023-11-16,358
BRT04: SunMed,BRT05: SunU-Monash,2023-11-17,331
BRT04: SunMed,BRT05: SunU-Monash,2023-11-18,199
BRT04: SunMed,BRT05: SunU-Monash,2023-11-19,147
BRT04: SunMed,BRT05: SunU-Monash,2023-11-20,324
BRT04: SunMed,BRT05: SunU-Monash,2023-11-21,347
BRT04: SunMed,BRT05: SunU-Monash,2023-11-22,334
BRT04: SunMed,BRT05: SunU-Monash,2023-11-23,326
BRT04: SunMed,BRT05: SunU-Monash,2023-11-24,345
BRT04: SunMed,BRT05: SunU-Monash,2023-11-25,124
BRT04: SunMed,BRT05: SunU-Monash,2023-11-26,134
BRT04: SunMed,BRT05: SunU-Monash,2023-11-27,287
BRT04: SunMed,BRT05: SunU-Monash,2023-11-28,306
BRT04: SunMed,BRT05: SunU-Monash,2023-11-29,299
BRT04: SunMed,BRT05: SunU-Monash,2023-11-30,288
BRT04: SunMed,BRT05: SunU-Monash,2023-12-01,282
BRT04: SunMed,BRT05: SunU-Monash,2023-12-02,150
BRT04: SunMed,BRT05: SunU-Monash,2023-12-03,117
BRT04: SunMed,BRT05: SunU-Monash,2023-12-04,291
BRT04: SunMed,BRT05: SunU-Monash,2023-12-05,278
BRT04: SunMed,BRT05: SunU-Monash,2023-12-06,306
BRT04: SunMed,BRT05: SunU-Monash,2023-12-07,260
BRT04: SunMed,BRT05: SunU-Monash,2023-12-08,291
BRT04: SunMed,BRT05: SunU-Monash,2023-12-09,148
BRT04: SunMed,BRT05: SunU-Monash,2023-12-10,109
BRT04: SunMed,BRT05: SunU-Monash,2023-12-11,103
BRT04: SunMed,BRT05: SunU-Monash,2023-12-12,256
BRT04: SunMed,BRT05: SunU-Monash,2023-12-13,239
BRT04: SunMed,BRT05: SunU-Monash,2023-12-14,204
BRT04: SunMed,BRT05: SunU-Monash,2023-12-15,217
BRT04: SunMed,BRT05: SunU-Monash,2023-12-16,108
BRT04: SunMed,BRT05: SunU-Monash,2023-12-17,111
BRT04: SunMed,BRT05: SunU-Monash,2023-12-18,196
BRT04: SunMed,BRT05: SunU-Monash,2023-12-19,202
BRT04: SunMed,BRT05: SunU-Monash,2023-12-20,209
BRT04: SunMed,BRT05: SunU-Monash,2023-12-21,219
BRT04: SunMed,BRT05: SunU-Monash,2023-12-22,190
BRT04: SunMed,BRT05: SunU-Monash,2023-12-23,107
BRT04: SunMed,BRT05: SunU-Monash,2023-12-24,79
BRT04: SunMed,BRT05: SunU-Monash,2023-12-25,88
BRT04: SunMed,BRT05: SunU-Monash,2023-12-26,150
BRT04: SunMed,BRT05: SunU-Monash,2023-12-27,140
BRT04: SunMed,BRT05: SunU-Monash,2023-12-28,157
BRT04: SunMed,BRT05: SunU-Monash,2023-12-29,148
BRT04: SunMed,BRT05: SunU-Monash,2023-12-30,81
BRT04: SunMed,BRT05: SunU-Monash,2023-12-31,89
BRT04: SunMed,BRT06: South Quay-USJ 1,2023-04-01,176
BRT04: SunMed,BRT06: South Quay-USJ 1,2023-04-02,171
BRT04: SunMed,BRT06: South Quay-USJ 1,2023-04-03,348
BRT04: SunMed,BRT06: South Quay-USJ 1,2023-04-04,350
BRT04: SunMed,BRT06: South Quay-USJ 1,2023-04-05,340
BRT04: SunMed,BRT06: South Quay-USJ 1,2023-04-06,306
BRT04: SunMed,BRT06: South Quay-USJ 1,2023-04-07,195
BRT04: SunMed,BRT06: South Quay-USJ 1,2023-04-08,178
BRT04: SunMed,BRT06: South Quay-USJ 1,2023-04-09,175
BRT04: SunMed,BRT06: South Quay-USJ 1,2023-04-10,347
BRT04: SunMed,BRT06: South Quay-USJ 1,2023-04-11,346
BRT04: SunMed,BRT06: South Quay-USJ 1,2023-04-12,350
BRT04: SunMed,BRT06: South Quay-USJ 1,2023-04-13,282
BRT04: SunMed,BRT06: South Quay-USJ 1,2023-04-14,314
BRT04: SunMed,BRT06: South Quay-USJ 1,2023-04-15,194
BRT04: SunMed,BRT06: South Quay-USJ 1,2023-04-16,191
BRT04: SunMed,BRT06: South Quay-USJ 1,2023-04-17,324
BRT04: SunMed,BRT06: South Quay-USJ 1,2023-04-18,340
BRT04: SunMed,BRT06: South Quay-USJ 1,2023-04-19,385
BRT04: SunMed,BRT06: South Quay-USJ 1,2023-04-20,386
BRT04: SunMed,BRT06: South Quay-USJ 1,2023-04-21,229
BRT04: SunMed,BRT06: South Quay-USJ 1,2023-04-22,126
BRT04: SunMed,BRT06: South Quay-USJ 1,2023-04-23,160
BRT04: SunMed,BRT06: South Quay-USJ 1,2023-04-24,114
BRT04: SunMed,BRT06: South Quay-USJ 1,2023-04-25,169
BRT04: SunMed,BRT06: South Quay-USJ 1,2023-04-26,290
BRT04: SunMed,BRT06: South Quay-USJ 1,2023-04-27,310
BRT04: SunMed,BRT06: South Quay-USJ 1,2023-04-28,304
BRT04: SunMed,BRT06: South Quay-USJ 1,2023-04-29,185
BRT04: SunMed,BRT06: South Quay-USJ 1,2023-04-30,174
BRT04: SunMed,BRT06: South Quay-USJ 1,2023-05-01,187
BRT04: SunMed,BRT06: South Quay-USJ 1,2023-05-02,337
BRT04: SunMed,BRT06: South Quay-USJ 1,2023-05-03,314
BRT04: SunMed,BRT06: South Quay-USJ 1,2023-05-04,134
BRT04: SunMed,BRT06: South Quay-USJ 1,2023-05-05,275
BRT04: SunMed,BRT06: South Quay-USJ 1,2023-05-06,187
BRT04: SunMed,BRT06: South Quay-USJ 1,2023-05-07,179
BRT04: SunMed,BRT06: South Quay-USJ 1,2023-05-08,349
BRT04: SunMed,BRT06: South Quay-USJ 1,2023-05-09,366
BRT04: SunMed,BRT06: South Quay-USJ 1,2023-05-10,344
BRT04: SunMed,BRT06: South Quay-USJ 1,2023-05-11,341
BRT04: SunMed,BRT06: South Quay-USJ 1,2023-05-12,371
BRT04: SunMed,BRT06: South Quay-USJ 1,2023-05-13,153
BRT04: SunMed,BRT06: South Quay-USJ 1,2023-05-14,146
BRT04: SunMed,BRT06: South Quay-USJ 1,2023-05-15,335
BRT04: SunMed,BRT06: South Quay-USJ 1,2023-05-16,325
BRT04: SunMed,BRT06: South Quay-USJ 1,2023-05-17,318
BRT04: SunMed,BRT06: South Quay-USJ 1,2023-05-18,356
BRT04: SunMed,BRT06: South Quay-USJ 1,2023-05-19,324
BRT04: SunMed,BRT06: South Quay-USJ 1,2023-05-20,146
BRT04: SunMed,BRT06: South Quay-USJ 1,2023-05-21,137
BRT04: SunMed,BRT06: South Quay-USJ 1,2023-05-22,344
BRT04: SunMed,BRT06: South Quay-USJ 1,2023-05-23,319
BRT04: SunMed,BRT06: South Quay-USJ 1,2023-05-24,284
BRT04: SunMed,BRT06: South Quay-USJ 1,2023-05-25,345
BRT04: SunMed,BRT06: South Quay-USJ 1,2023-05-26,293
BRT04: SunMed,BRT06: South Quay-USJ 1,2023-05-27,164
BRT04: SunMed,BRT06: South Quay-USJ 1,2023-05-28,168
BRT04: SunMed,BRT06: South Quay-USJ 1,2023-05-29,293
BRT04: SunMed,BRT06: South Quay-USJ 1,2023-05-30,347
BRT04: SunMed,BRT06: South Quay-USJ 1,2023-05-31,316
BRT04: SunMed,BRT06: South Quay-USJ 1,2023-06-01,320
BRT04: SunMed,BRT06: South Quay-USJ 1,2023-06-02,261
BRT04: SunMed,BRT06: South Quay-USJ 1,2023-06-03,144
BRT04: SunMed,BRT06: South Quay-USJ 1,2023-06-04,162
BRT04: SunMed,BRT06: South Quay-USJ 1,2023-06-05,142
BRT04: SunMed,BRT06: South Quay-USJ 1,2023-06-06,328
BRT04: SunMed,BRT06: South Quay-USJ 1,2023-06-07,295
BRT04: SunMed,BRT06: South Quay-USJ 1,2023-06-08,294
BRT04: SunMed,BRT06: South Quay-USJ 1,2023-06-09,255
BRT04: SunMed,BRT06: South Quay-USJ 1,2023-06-10,146
BRT04: SunMed,BRT06: South Quay-USJ 1,2023-06-11,161
BRT04: SunMed,BRT06: South Quay-USJ 1,2023-06-12,206
BRT04: SunMed,BRT06: South Quay-USJ 1,2023-06-13,200
BRT04: SunMed,BRT06: South Quay-USJ 1,2023-06-14,221
BRT04: SunMed,BRT06: South Quay-USJ 1,2023-06-15,215
BRT04: SunMed,BRT06: South Quay-USJ 1,2023-06-16,198
BRT04: SunMed,BRT06: South Quay-USJ 1,2023-06-17,145
BRT04: SunMed,BRT06: South Quay-USJ 1,2023-06-18,176
BRT04: SunMed,BRT06: South Quay-USJ 1,2023-06-19,197
BRT04: SunMed,BRT06: South Quay-USJ 1,2023-06-20,195
BRT04: SunMed,BRT06: South Quay-USJ 1,2023-06-21,216
BRT04: SunMed,BRT06: South Quay-USJ 1,2023-06-22,197
BRT04: SunMed,BRT06: South Quay-USJ 1,2023-06-23,220
BRT04: SunMed,BRT06: South Quay-USJ 1,2023-06-24,146
BRT04: SunMed,BRT06: South Quay-USJ 1,2023-06-25,135
BRT04: SunMed,BRT06: South Quay-USJ 1,2023-06-26,181
BRT04: SunMed,BRT06: South Quay-USJ 1,2023-06-27,214
BRT04: SunMed,BRT06: South Quay-USJ 1,2023-06-28,211
BRT04: SunMed,BRT06: South Quay-USJ 1,2023-06-29,156
BRT04: SunMed,BRT06: South Quay-USJ 1,2023-06-30,181
BRT04: SunMed,BRT06: South Quay-USJ 1,2023-07-01,156
BRT04: SunMed,BRT06: South Quay-USJ 1,2023-07-02,126
BRT04: SunMed,BRT06: South Quay-USJ 1,2023-07-03,200
BRT04: SunMed,BRT06: South Quay-USJ 1,2023-07-04,207
BRT04: SunMed,BRT06: South Quay-USJ 1,2023-07-05,176
BRT04: SunMed,BRT06: South Quay-USJ 1,2023-07-06,210
BRT04: SunMed,BRT06: South Quay-USJ 1,2023-07-07,185
BRT04: SunMed,BRT06: South Quay-USJ 1,2023-07-08,140
BRT04: SunMed,BRT06: South Quay-USJ 1,2023-07-09,152
BRT04: SunMed,BRT06: South Quay-USJ 1,2023-07-10,196
BRT04: SunMed,BRT06: South Quay-USJ 1,2023-07-11,199
BRT04: SunMed,BRT06: South Quay-USJ 1,2023-07-12,186
BRT04: SunMed,BRT06: South Quay-USJ 1,2023-07-13,210
BRT04: SunMed,BRT06: South Quay-USJ 1,2023-07-14,212
BRT04: SunMed,BRT06: South Quay-USJ 1,2023-07-15,142
BRT04: SunMed,BRT06: South Quay-USJ 1,2023-07-16,135
BRT04: SunMed,BRT06: South Quay-USJ 1,2023-07-17,179
BRT04: SunMed,BRT06: South Quay-USJ 1,2023-07-18,185
BRT04: SunMed,BRT06: South Quay-USJ 1,2023-07-19,148
BRT04: SunMed,BRT06: South Quay-USJ 1,2023-07-20,179
BRT04: SunMed,BRT06: South Quay-USJ 1,2023-07-21,195
BRT04: SunMed,BRT06: South Quay-USJ 1,2023-07-22,140
BRT04: SunMed,BRT06: South Quay-USJ 1,2023-07-23,168
BRT04: SunMed,BRT06: South Quay-USJ 1,2023-07-24,247
BRT04: SunMed,BRT06: South Quay-USJ 1,2023-07-25,336
BRT04: SunMed,BRT06: South Quay-USJ 1,2023-07-26,331
BRT04: SunMed,BRT06: South Quay-USJ 1,2023-07-27,335
BRT04: SunMed,BRT06: South Quay-USJ 1,2023-07-28,339
BRT04: SunMed,BRT06: South Quay-USJ 1,2023-07-29,182
BRT04: SunMed,BRT06: South Quay-USJ 1,2023-07-30,144
BRT04: SunMed,BRT06: South Quay-USJ 1,2023-07-31,349
BRT04: SunMed,BRT06: South Quay-USJ 1,2023-08-01,346
BRT04: SunMed,BRT06: South Quay-USJ 1,2023-08-02,347
BRT04: SunMed,BRT06: South Quay-USJ 1,2023-08-03,368
BRT04: SunMed,BRT06: South Quay-USJ 1,2023-08-04,345
BRT04: SunMed,BRT06: South Quay-USJ 1,2023-08-05,185
BRT04: SunMed,BRT06: South Quay-USJ 1,2023-08-06,167
BRT04: SunMed,BRT06: South Quay-USJ 1,2023-08-07,346
BRT04: SunMed,BRT06: South Quay-USJ 1,2023-08-08,372
BRT04: SunMed,BRT06: South Quay-USJ 1,2023-08-09,357
BRT04: SunMed,BRT06: South Quay-USJ 1,2023-08-10,399
BRT04: SunMed,BRT06: South Quay-USJ 1,2023-08-11,335
BRT04: SunMed,BRT06: South Quay-USJ 1,2023-08-12,179
BRT04: SunMed,BRT06: South Quay-USJ 1,2023-08-13,160
BRT04: SunMed,BRT06: South Quay-USJ 1,2023-08-14,189
BRT04: SunMed,BRT06: South Quay-USJ 1,2023-08-15,328
BRT04: SunMed,BRT06: South Quay-USJ 1,2023-08-16,346
BRT04: SunMed,BRT06: South Quay-USJ 1,2023-08-17,348
BRT04: SunMed,BRT06: South Quay-USJ 1,2023-08-18,287
BRT04: SunMed,BRT06: South Quay-USJ 1,2023-08-19,127
BRT04: SunMed,BRT06: South Quay-USJ 1,2023-08-20,149
BRT04: SunMed,BRT06: South Quay-USJ 1,2023-08-21,324
BRT04: SunMed,BRT06: South Quay-USJ 1,2023-08-22,327
BRT04: SunMed,BRT06: South Quay-USJ 1,2023-08-23,316
BRT04: SunMed,BRT06: South Quay-USJ 1,2023-08-24,327
BRT04: SunMed,BRT06: South Quay-USJ 1,2023-08-25,318
BRT04: SunMed,BRT06: South Quay-USJ 1,2023-08-26,152
BRT04: SunMed,BRT06: South Quay-USJ 1,2023-08-27,154
BRT04: SunMed,BRT06: South Quay-USJ 1,2023-08-28,326
BRT04: SunMed,BRT06: South Quay-USJ 1,2023-08-29,338
BRT04: SunMed,BRT06: South Quay-USJ 1,2023-08-30,346
BRT04: SunMed,BRT06: South Quay-USJ 1,2023-08-31,230
BRT04: SunMed,BRT06: South Quay-USJ 1,2023-09-01,179
BRT04: SunMed,BRT06: South Quay-USJ 1,2023-09-02,148
BRT04: SunMed,BRT06: South Quay-USJ 1,2023-09-03,136
BRT04: SunMed,BRT06: South Quay-USJ 1,2023-09-04,347
BRT04: SunMed,BRT06: South Quay-USJ 1,2023-09-05,380
BRT04: SunMed,BRT06: South Quay-USJ 1,2023-09-06,328
BRT04: SunMed,BRT06: South Quay-USJ 1,2023-09-07,378
BRT04: SunMed,BRT06: South Quay-USJ 1,2023-09-08,370
BRT04: SunMed,BRT06: South Quay-USJ 1,2023-09-09,200
BRT04: SunMed,BRT06: South Quay-USJ 1,2023-09-10,196
BRT04: SunMed,BRT06: South Quay-USJ 1,2023-09-11,374
BRT04: SunMed,BRT06: South Quay-USJ 1,2023-09-12,387
BRT04: SunMed,BRT06: South Quay-USJ 1,2023-09-13,357
BRT04: SunMed,BRT06: South Quay-USJ 1,2023-09-14,324
BRT04: SunMed,BRT06: South Quay-USJ 1,2023-09-15,349
BRT04: SunMed,BRT06: South Quay-USJ 1,2023-09-16,159
BRT04: SunMed,BRT06: South Quay-USJ 1,2023-09-17,123
BRT04: SunMed,BRT06: South Quay-USJ 1,2023-09-18,353
BRT04: SunMed,BRT06: South Quay-USJ 1,2023-09-19,366
BRT04: SunMed,BRT06: South Quay-USJ 1,2023-09-20,369
BRT04: SunMed,BRT06: South Quay-USJ 1,2023-09-21,353
BRT04: SunMed,BRT06: South Quay-USJ 1,2023-09-22,318
BRT04: SunMed,BRT06: South Quay-USJ 1,2023-09-23,150
BRT04: SunMed,BRT06: South Quay-USJ 1,2023-09-24,145
BRT04: SunMed,BRT06: South Quay-USJ 1,2023-09-25,368
BRT04: SunMed,BRT06: South Quay-USJ 1,2023-09-26,388
BRT04: SunMed,BRT06: South Quay-USJ 1,2023-09-27,357
BRT04: SunMed,BRT06: South Quay-USJ 1,2023-09-28,171
BRT04: SunMed,BRT06: South Quay-USJ 1,2023-09-29,207
BRT04: SunMed,BRT06: South Quay-USJ 1,2023-09-30,170
BRT04: SunMed,BRT06: South Quay-USJ 1,2023-10-01,161
BRT04: SunMed,BRT06: South Quay-USJ 1,2023-10-02,387
BRT04: SunMed,BRT06: South Quay-USJ 1,2023-10-03,392
BRT04: SunMed,BRT06: South Quay-USJ 1,2023-10-04,402
BRT04: SunMed,BRT06: South Quay-USJ 1,2023-10-05,406
BRT04: SunMed,BRT06: South Quay-USJ 1,2023-10-06,369
BRT04: SunMed,BRT06: South Quay-USJ 1,2023-10-07,194
BRT04: SunMed,BRT06: South Quay-USJ 1,2023-10-08,215
BRT04: SunMed,BRT06: South Quay-USJ 1,2023-10-09,408
BRT04: SunMed,BRT06: South Quay-USJ 1,2023-10-10,407
BRT04: SunMed,BRT06: South Quay-USJ 1,2023-10-11,360
BRT04: SunMed,BRT06: South Quay-USJ 1,2023-10-12,336
BRT04: SunMed,BRT06: South Quay-USJ 1,2023-10-13,381
BRT04: SunMed,BRT06: South Quay-USJ 1,2023-10-14,180
BRT04: SunMed,BRT06: South Quay-USJ 1,2023-10-15,207
BRT04: SunMed,BRT06: South Quay-USJ 1,2023-10-16,343
BRT04: SunMed,BRT06: South Quay-USJ 1,2023-10-17,352
BRT04: SunMed,BRT06: South Quay-USJ 1,2023-10-18,342
BRT04: SunMed,BRT06: South Quay-USJ 1,2023-10-19,369
BRT04: SunMed,BRT06: South Quay-USJ 1,2023-10-20,355
BRT04: SunMed,BRT06: South Quay-USJ 1,2023-10-21,177
BRT04: SunMed,BRT06: South Quay-USJ 1,2023-10-22,153
BRT04: SunMed,BRT06: South Quay-USJ 1,2023-10-23,329
BRT04: SunMed,BRT06: South Quay-USJ 1,2023-10-24,353
BRT04: SunMed,BRT06: South Quay-USJ 1,2023-10-25,343
BRT04: SunMed,BRT06: South Quay-USJ 1,2023-10-26,365
BRT04: SunMed,BRT06: South Quay-USJ 1,2023-10-27,334
BRT04: SunMed,BRT06: South Quay-USJ 1,2023-10-28,163
BRT04: SunMed,BRT06: South Quay-USJ 1,2023-10-29,163
BRT04: SunMed,BRT06: South Quay-USJ 1,2023-10-30,331
BRT04: SunMed,BRT06: South Quay-USJ 1,2023-10-31,354
BRT04: SunMed,BRT06: South Quay-USJ 1,2023-11-01,388
BRT04: SunMed,BRT06: South Quay-USJ 1,2023-11-02,401
BRT04: SunMed,BRT06: South Quay-USJ 1,2023-11-03,354
BRT04: SunMed,BRT06: South Quay-USJ 1,2023-11-04,167
BRT04: SunMed,BRT06: South Quay-USJ 1,2023-11-05,163
BRT04: SunMed,BRT06: South Quay-USJ 1,2023-11-06,366
BRT04: SunMed,BRT06: South Quay-USJ 1,2023-11-07,393
BRT04: SunMed,BRT06: South Quay-USJ 1,2023-11-08,402
BRT04: SunMed,BRT06: South Quay-USJ 1,2023-11-09,385
BRT04: SunMed,BRT06: South Quay-USJ 1,2023-11-10,386
BRT04: SunMed,BRT06: South Quay-USJ 1,2023-11-11,170
BRT04: SunMed,BRT06: South Quay-USJ 1,2023-11-12,167
BRT04: SunMed,BRT06: South Quay-USJ 1,2023-11-13,115
BRT04: SunMed,BRT06: South Quay-USJ 1,2023-11-14,182
BRT04: SunMed,BRT06: South Quay-USJ 1,2023-11-15,337
BRT04: SunMed,BRT06: South Quay-USJ 1,2023-11-16,333
BRT04: SunMed,BRT06: South Quay-USJ 1,2023-11-17,353
BRT04: SunMed,BRT06: South Quay-USJ 1,2023-11-18,155
BRT04: SunMed,BRT06: South Quay-USJ 1,2023-11-19,150
BRT04: SunMed,BRT06: South Quay-USJ 1,2023-11-20,341
BRT04: SunMed,BRT06: South Quay-USJ 1,2023-11-21,388
BRT04: SunMed,BRT06: South Quay-USJ 1,2023-11-22,329
BRT04: SunMed,BRT06: South Quay-USJ 1,2023-11-23,343
BRT04: SunMed,BRT06: South Quay-USJ 1,2023-11-24,346
BRT04: SunMed,BRT06: South Quay-USJ 1,2023-11-25,100
BRT04: SunMed,BRT06: South Quay-USJ 1,2023-11-26,139
BRT04: SunMed,BRT06: South Quay-USJ 1,2023-11-27,318
BRT04: SunMed,BRT06: South Quay-USJ 1,2023-11-28,255
BRT04: SunMed,BRT06: South Quay-USJ 1,2023-11-29,328
BRT04: SunMed,BRT06: South Quay-USJ 1,2023-11-30,332
BRT04: SunMed,BRT06: South Quay-USJ 1,2023-12-01,333
BRT04: SunMed,BRT06: South Quay-USJ 1,2023-12-02,164
BRT04: SunMed,BRT06: South Quay-USJ 1,2023-12-03,181
BRT04: SunMed,BRT06: South Quay-USJ 1,2023-12-04,289
BRT04: SunMed,BRT06: South Quay-USJ 1,2023-12-05,297
BRT04: SunMed,BRT06: South Quay-USJ 1,2023-12-06,364
BRT04: SunMed,BRT06: South Quay-USJ 1,2023-12-07,358
BRT04: SunMed,BRT06: South Quay-USJ 1,2023-12-08,301
BRT04: SunMed,BRT06: South Quay-USJ 1,2023-12-09,179
BRT04: SunMed,BRT06: South Quay-USJ 1,2023-12-10,140
BRT04: SunMed,BRT06: South Quay-USJ 1,2023-12-11,184
BRT04: SunMed,BRT06: South Quay-USJ 1,2023-12-12,227
BRT04: SunMed,BRT06: South Quay-USJ 1,2023-12-13,212
BRT04: SunMed,BRT06: South Quay-USJ 1,2023-12-14,192
BRT04: SunMed,BRT06: South Quay-USJ 1,2023-12-15,210
BRT04: SunMed,BRT06: South Quay-USJ 1,2023-12-16,147
BRT04: SunMed,BRT06: South Quay-USJ 1,2023-12-17,132
BRT04: SunMed,BRT06: South Quay-USJ 1,2023-12-18,165
BRT04: SunMed,BRT06: South Quay-USJ 1,2023-12-19,192
BRT04: SunMed,BRT06: South Quay-USJ 1,2023-12-20,158
BRT04: SunMed,BRT06: South Quay-USJ 1,2023-12-21,161
BRT04: SunMed,BRT06: South Quay-USJ 1,2023-12-22,157
BRT04: SunMed,BRT06: South Quay-USJ 1,2023-12-23,141
BRT04: SunMed,BRT06: South Quay-USJ 1,2023-12-24,129
BRT04: SunMed,BRT06: South Quay-USJ 1,2023-12-25,106
BRT04: SunMed,BRT06: South Quay-USJ 1,2023-12-26,124
BRT04: SunMed,BRT06: South Quay-USJ 1,2023-12-27,119
BRT04: SunMed,BRT06: South Quay-USJ 1,2023-12-28,153
BRT04: SunMed,BRT06: South Quay-USJ 1,2023-12-29,176
BRT04: SunMed,BRT06: South Quay-USJ 1,2023-12-30,158
BRT04: SunMed,BRT06: South Quay-USJ 1,2023-12-31,154
BRT04: SunMed,BRT07: USJ 7,2023-04-01,560
BRT04: SunMed,BRT07: USJ 7,2023-04-02,401
BRT04: SunMed,BRT07: USJ 7,2023-04-03,871
BRT04: SunMed,BRT07: USJ 7,2023-04-04,901
BRT04: SunMed,BRT07: USJ 7,2023-04-05,953
BRT04: SunMed,BRT07: USJ 7,2023-04-06,913
BRT04: SunMed,BRT07: USJ 7,2023-04-07,911
BRT04: SunMed,BRT07: USJ 7,2023-04-08,501
BRT04: SunMed,BRT07: USJ 7,2023-04-09,430
BRT04: SunMed,BRT07: USJ 7,2023-04-10,920
BRT04: SunMed,BRT07: USJ 7,2023-04-11,957
BRT04: SunMed,BRT07: USJ 7,2023-04-12,976
BRT04: SunMed,BRT07: USJ 7,2023-04-13,894
BRT04: SunMed,BRT07: USJ 7,2023-04-14,856
BRT04: SunMed,BRT07: USJ 7,2023-04-15,510
BRT04: SunMed,BRT07: USJ 7,2023-04-16,448
BRT04: SunMed,BRT07: USJ 7,2023-04-17,998
BRT04: SunMed,BRT07: USJ 7,2023-04-18,1079
BRT04: SunMed,BRT07: USJ 7,2023-04-19,1016
BRT04: SunMed,BRT07: USJ 7,2023-04-20,868
BRT04: SunMed,BRT07: USJ 7,2023-04-21,529
BRT04: SunMed,BRT07: USJ 7,2023-04-22,677
BRT04: SunMed,BRT07: USJ 7,2023-04-23,523
BRT04: SunMed,BRT07: USJ 7,2023-04-24,373
BRT04: SunMed,BRT07: USJ 7,2023-04-25,626
BRT04: SunMed,BRT07: USJ 7,2023-04-26,739
BRT04: SunMed,BRT07: USJ 7,2023-04-27,786
BRT04: SunMed,BRT07: USJ 7,2023-04-28,761
BRT04: SunMed,BRT07: USJ 7,2023-04-29,549
BRT04: SunMed,BRT07: USJ 7,2023-04-30,402
BRT04: SunMed,BRT07: USJ 7,2023-05-01,393
BRT04: SunMed,BRT07: USJ 7,2023-05-02,932
BRT04: SunMed,BRT07: USJ 7,2023-05-03,1000
BRT04: SunMed,BRT07: USJ 7,2023-05-04,417
BRT04: SunMed,BRT07: USJ 7,2023-05-05,829
BRT04: SunMed,BRT07: USJ 7,2023-05-06,534
BRT04: SunMed,BRT07: USJ 7,2023-05-07,350
BRT04: SunMed,BRT07: USJ 7,2023-05-08,981
BRT04: SunMed,BRT07: USJ 7,2023-05-09,1107
BRT04: SunMed,BRT07: USJ 7,2023-05-10,1116
BRT04: SunMed,BRT07: USJ 7,2023-05-11,1008
BRT04: SunMed,BRT07: USJ 7,2023-05-12,1046
BRT04: SunMed,BRT07: USJ 7,2023-05-13,552
BRT04: SunMed,BRT07: USJ 7,2023-05-14,348
BRT04: SunMed,BRT07: USJ 7,2023-05-15,983
BRT04: SunMed,BRT07: USJ 7,2023-05-16,1022
BRT04: SunMed,BRT07: USJ 7,2023-05-17,964
BRT04: SunMed,BRT07: USJ 7,2023-05-18,1009
BRT04: SunMed,BRT07: USJ 7,2023-05-19,1015
BRT04: SunMed,BRT07: USJ 7,2023-05-20,559
BRT04: SunMed,BRT07: USJ 7,2023-05-21,441
BRT04: SunMed,BRT07: USJ 7,2023-05-22,861
BRT04: SunMed,BRT07: USJ 7,2023-05-23,966
BRT04: SunMed,BRT07: USJ 7,2023-05-24,975
BRT04: SunMed,BRT07: USJ 7,2023-05-25,912
BRT04: SunMed,BRT07: USJ 7,2023-05-26,860
BRT04: SunMed,BRT07: USJ 7,2023-05-27,570
BRT04: SunMed,BRT07: USJ 7,2023-05-28,434
BRT04: SunMed,BRT07: USJ 7,2023-05-29,916
BRT04: SunMed,BRT07: USJ 7,2023-05-30,1034
BRT04: SunMed,BRT07: USJ 7,2023-05-31,1061
BRT04: SunMed,BRT07: USJ 7,2023-06-01,1027
BRT04: SunMed,BRT07: USJ 7,2023-06-02,938
BRT04: SunMed,BRT07: USJ 7,2023-06-03,539
BRT04: SunMed,BRT07: USJ 7,2023-06-04,465
BRT04: SunMed,BRT07: USJ 7,2023-06-05,430
BRT04: SunMed,BRT07: USJ 7,2023-06-06,980
BRT04: SunMed,BRT07: USJ 7,2023-06-07,1034
BRT04: SunMed,BRT07: USJ 7,2023-06-08,977
BRT04: SunMed,BRT07: USJ 7,2023-06-09,938
BRT04: SunMed,BRT07: USJ 7,2023-06-10,573
BRT04: SunMed,BRT07: USJ 7,2023-06-11,422
BRT04: SunMed,BRT07: USJ 7,2023-06-12,920
BRT04: SunMed,BRT07: USJ 7,2023-06-13,965
BRT04: SunMed,BRT07: USJ 7,2023-06-14,1008
BRT04: SunMed,BRT07: USJ 7,2023-06-15,986
BRT04: SunMed,BRT07: USJ 7,2023-06-16,851
BRT04: SunMed,BRT07: USJ 7,2023-06-17,562
BRT04: SunMed,BRT07: USJ 7,2023-06-18,418
BRT04: SunMed,BRT07: USJ 7,2023-06-19,947
BRT04: SunMed,BRT07: USJ 7,2023-06-20,968
BRT04: SunMed,BRT07: USJ 7,2023-06-21,1038
BRT04: SunMed,BRT07: USJ 7,2023-06-22,969
BRT04: SunMed,BRT07: USJ 7,2023-06-23,884
BRT04: SunMed,BRT07: USJ 7,2023-06-24,564
BRT04: SunMed,BRT07: USJ 7,2023-06-25,388
BRT04: SunMed,BRT07: USJ 7,2023-06-26,921
BRT04: SunMed,BRT07: USJ 7,2023-06-27,1022
BRT04: SunMed,BRT07: USJ 7,2023-06-28,1016
BRT04: SunMed,BRT07: USJ 7,2023-06-29,565
BRT04: SunMed,BRT07: USJ 7,2023-06-30,729
BRT04: SunMed,BRT07: USJ 7,2023-07-01,471
BRT04: SunMed,BRT07: USJ 7,2023-07-02,344
BRT04: SunMed,BRT07: USJ 7,2023-07-03,922
BRT04: SunMed,BRT07: USJ 7,2023-07-04,1063
BRT04: SunMed,BRT07: USJ 7,2023-07-05,1083
BRT04: SunMed,BRT07: USJ 7,2023-07-06,992
BRT04: SunMed,BRT07: USJ 7,2023-07-07,856
BRT04: SunMed,BRT07: USJ 7,2023-07-08,530
BRT04: SunMed,BRT07: USJ 7,2023-07-09,409
BRT04: SunMed,BRT07: USJ 7,2023-07-10,964
BRT04: SunMed,BRT07: USJ 7,2023-07-11,1060
BRT04: SunMed,BRT07: USJ 7,2023-07-12,1076
BRT04: SunMed,BRT07: USJ 7,2023-07-13,992
BRT04: SunMed,BRT07: USJ 7,2023-07-14,915
BRT04: SunMed,BRT07: USJ 7,2023-07-15,569
BRT04: SunMed,BRT07: USJ 7,2023-07-16,363
BRT04: SunMed,BRT07: USJ 7,2023-07-17,988
BRT04: SunMed,BRT07: USJ 7,2023-07-18,1035
BRT04: SunMed,BRT07: USJ 7,2023-07-19,456
BRT04: SunMed,BRT07: USJ 7,2023-07-20,961
BRT04: SunMed,BRT07: USJ 7,2023-07-21,887
BRT04: SunMed,BRT07: USJ 7,2023-07-22,520
BRT04: SunMed,BRT07: USJ 7,2023-07-23,371
BRT04: SunMed,BRT07: USJ 7,2023-07-24,873
BRT04: SunMed,BRT07: USJ 7,2023-07-25,917
BRT04: SunMed,BRT07: USJ 7,2023-07-26,982
BRT04: SunMed,BRT07: USJ 7,2023-07-27,908
BRT04: SunMed,BRT07: USJ 7,2023-07-28,924
BRT04: SunMed,BRT07: USJ 7,2023-07-29,563
BRT04: SunMed,BRT07: USJ 7,2023-07-30,384
BRT04: SunMed,BRT07: USJ 7,2023-07-31,859
BRT04: SunMed,BRT07: USJ 7,2023-08-01,918
BRT04: SunMed,BRT07: USJ 7,2023-08-02,919
BRT04: SunMed,BRT07: USJ 7,2023-08-03,887
BRT04: SunMed,BRT07: USJ 7,2023-08-04,872
BRT04: SunMed,BRT07: USJ 7,2023-08-05,498
BRT04: SunMed,BRT07: USJ 7,2023-08-06,466
BRT04: SunMed,BRT07: USJ 7,2023-08-07,824
BRT04: SunMed,BRT07: USJ 7,2023-08-08,893
BRT04: SunMed,BRT07: USJ 7,2023-08-09,912
BRT04: SunMed,BRT07: USJ 7,2023-08-10,908
BRT04: SunMed,BRT07: USJ 7,2023-08-11,840
BRT04: SunMed,BRT07: USJ 7,2023-08-12,443
BRT04: SunMed,BRT07: USJ 7,2023-08-13,368
BRT04: SunMed,BRT07: USJ 7,2023-08-14,591
BRT04: SunMed,BRT07: USJ 7,2023-08-15,912
BRT04: SunMed,BRT07: USJ 7,2023-08-16,951
BRT04: SunMed,BRT07: USJ 7,2023-08-17,880
BRT04: SunMed,BRT07: USJ 7,2023-08-18,895
BRT04: SunMed,BRT07: USJ 7,2023-08-19,544
BRT04: SunMed,BRT07: USJ 7,2023-08-20,394
BRT04: SunMed,BRT07: USJ 7,2023-08-21,838
BRT04: SunMed,BRT07: USJ 7,2023-08-22,917
BRT04: SunMed,BRT07: USJ 7,2023-08-23,946
BRT04: SunMed,BRT07: USJ 7,2023-08-24,958
BRT04: SunMed,BRT07: USJ 7,2023-08-25,946
BRT04: SunMed,BRT07: USJ 7,2023-08-26,562
BRT04: SunMed,BRT07: USJ 7,2023-08-27,392
BRT04: SunMed,BRT07: USJ 7,2023-08-28,903
BRT04: SunMed,BRT07: USJ 7,2023-08-29,982
BRT04: SunMed,BRT07: USJ 7,2023-08-30,1088
BRT04: SunMed,BRT07: USJ 7,2023-08-31,541
BRT04: SunMed,BRT07: USJ 7,2023-09-01,829
BRT04: SunMed,BRT07: USJ 7,2023-09-02,523
BRT04: SunMed,BRT07: USJ 7,2023-09-03,454
BRT04: SunMed,BRT07: USJ 7,2023-09-04,1009
BRT04: SunMed,BRT07: USJ 7,2023-09-05,1142
BRT04: SunMed,BRT07: USJ 7,2023-09-06,1104
BRT04: SunMed,BRT07: USJ 7,2023-09-07,1092
BRT04: SunMed,BRT07: USJ 7,2023-09-08,1102
BRT04: SunMed,BRT07: USJ 7,2023-09-09,649
BRT04: SunMed,BRT07: USJ 7,2023-09-10,460
BRT04: SunMed,BRT07: USJ 7,2023-09-11,1016
BRT04: SunMed,BRT07: USJ 7,2023-09-12,1084
BRT04: SunMed,BRT07: USJ 7,2023-09-13,1157
BRT04: SunMed,BRT07: USJ 7,2023-09-14,1084
BRT04: SunMed,BRT07: USJ 7,2023-09-15,1055
BRT04: SunMed,BRT07: USJ 7,2023-09-16,542
BRT04: SunMed,BRT07: USJ 7,2023-09-17,435
BRT04: SunMed,BRT07: USJ 7,2023-09-18,1140
BRT04: SunMed,BRT07: USJ 7,2023-09-19,1162
BRT04: SunMed,BRT07: USJ 7,2023-09-20,1209
BRT04: SunMed,BRT07: USJ 7,2023-09-21,1110
BRT04: SunMed,BRT07: USJ 7,2023-09-22,1168
BRT04: SunMed,BRT07: USJ 7,2023-09-23,623
BRT04: SunMed,BRT07: USJ 7,2023-09-24,441
BRT04: SunMed,BRT07: USJ 7,2023-09-25,1137
BRT04: SunMed,BRT07: USJ 7,2023-09-26,1113
BRT04: SunMed,BRT07: USJ 7,2023-09-27,1205
BRT04: SunMed,BRT07: USJ 7,2023-09-28,546
BRT04: SunMed,BRT07: USJ 7,2023-09-29,1066
BRT04: SunMed,BRT07: USJ 7,2023-09-30,586
BRT04: SunMed,BRT07: USJ 7,2023-10-01,458
BRT04: SunMed,BRT07: USJ 7,2023-10-02,1055
BRT04: SunMed,BRT07: USJ 7,2023-10-03,1151
BRT04: SunMed,BRT07: USJ 7,2023-10-04,1212
BRT04: SunMed,BRT07: USJ 7,2023-10-05,1140
BRT04: SunMed,BRT07: USJ 7,2023-10-06,1224
BRT04: SunMed,BRT07: USJ 7,2023-10-07,603
BRT04: SunMed,BRT07: USJ 7,2023-10-08,467
BRT04: SunMed,BRT07: USJ 7,2023-10-09,1192
BRT04: SunMed,BRT07: USJ 7,2023-10-10,1165
BRT04: SunMed,BRT07: USJ 7,2023-10-11,1229
BRT04: SunMed,BRT07: USJ 7,2023-10-12,1188
BRT04: SunMed,BRT07: USJ 7,2023-10-13,1229
BRT04: SunMed,BRT07: USJ 7,2023-10-14,599
BRT04: SunMed,BRT07: USJ 7,2023-10-15,449
BRT04: SunMed,BRT07: USJ 7,2023-10-16,1113
BRT04: SunMed,BRT07: USJ 7,2023-10-17,1139
BRT04: SunMed,BRT07: USJ 7,2023-10-18,1181
BRT04: SunMed,BRT07: USJ 7,2023-10-19,1132
BRT04: SunMed,BRT07: USJ 7,2023-10-20,1171
BRT04: SunMed,BRT07: USJ 7,2023-10-21,622
BRT04: SunMed,BRT07: USJ 7,2023-10-22,412
BRT04: SunMed,BRT07: USJ 7,2023-10-23,1140
BRT04: SunMed,BRT07: USJ 7,2023-10-24,1245
BRT04: SunMed,BRT07: USJ 7,2023-10-25,1229
BRT04: SunMed,BRT07: USJ 7,2023-10-26,1162
BRT04: SunMed,BRT07: USJ 7,2023-10-27,1091
BRT04: SunMed,BRT07: USJ 7,2023-10-28,609
BRT04: SunMed,BRT07: USJ 7,2023-10-29,516
BRT04: SunMed,BRT07: USJ 7,2023-10-30,1114
BRT04: SunMed,BRT07: USJ 7,2023-10-31,1078
BRT04: SunMed,BRT07: USJ 7,2023-11-01,1168
BRT04: SunMed,BRT07: USJ 7,2023-11-02,1149
BRT04: SunMed,BRT07: USJ 7,2023-11-03,1113
BRT04: SunMed,BRT07: USJ 7,2023-11-04,616
BRT04: SunMed,BRT07: USJ 7,2023-11-05,462
BRT04: SunMed,BRT07: USJ 7,2023-11-06,1135
BRT04: SunMed,BRT07: USJ 7,2023-11-07,1181
BRT04: SunMed,BRT07: USJ 7,2023-11-08,1212
BRT04: SunMed,BRT07: USJ 7,2023-11-09,1203
BRT04: SunMed,BRT07: USJ 7,2023-11-10,1179
BRT04: SunMed,BRT07: USJ 7,2023-11-11,691
BRT04: SunMed,BRT07: USJ 7,2023-11-12,578
BRT04: SunMed,BRT07: USJ 7,2023-11-13,395
BRT04: SunMed,BRT07: USJ 7,2023-11-14,921
BRT04: SunMed,BRT07: USJ 7,2023-11-15,1001
BRT04: SunMed,BRT07: USJ 7,2023-11-16,995
BRT04: SunMed,BRT07: USJ 7,2023-11-17,1031
BRT04: SunMed,BRT07: USJ 7,2023-11-18,580
BRT04: SunMed,BRT07: USJ 7,2023-11-19,452
BRT04: SunMed,BRT07: USJ 7,2023-11-20,1149
BRT04: SunMed,BRT07: USJ 7,2023-11-21,1213
BRT04: SunMed,BRT07: USJ 7,2023-11-22,1297
BRT04: SunMed,BRT07: USJ 7,2023-11-23,1196
BRT04: SunMed,BRT07: USJ 7,2023-11-24,1046
BRT04: SunMed,BRT07: USJ 7,2023-11-25,533
BRT04: SunMed,BRT07: USJ 7,2023-11-26,477
BRT04: SunMed,BRT07: USJ 7,2023-11-27,1107
BRT04: SunMed,BRT07: USJ 7,2023-11-28,1093
BRT04: SunMed,BRT07: USJ 7,2023-11-29,1134
BRT04: SunMed,BRT07: USJ 7,2023-11-30,1083
BRT04: SunMed,BRT07: USJ 7,2023-12-01,1052
BRT04: SunMed,BRT07: USJ 7,2023-12-02,644
BRT04: SunMed,BRT07: USJ 7,2023-12-03,500
BRT04: SunMed,BRT07: USJ 7,2023-12-04,1023
BRT04: SunMed,BRT07: USJ 7,2023-12-05,1076
BRT04: SunMed,BRT07: USJ 7,2023-12-06,1108
BRT04: SunMed,BRT07: USJ 7,2023-12-07,1061
BRT04: SunMed,BRT07: USJ 7,2023-12-08,1069
BRT04: SunMed,BRT07: USJ 7,2023-12-09,674
BRT04: SunMed,BRT07: USJ 7,2023-12-10,528
BRT04: SunMed,BRT07: USJ 7,2023-12-11,453
BRT04: SunMed,BRT07: USJ 7,2023-12-12,1048
BRT04: SunMed,BRT07: USJ 7,2023-12-13,965
BRT04: SunMed,BRT07: USJ 7,2023-12-14,953
BRT04: SunMed,BRT07: USJ 7,2023-12-15,1025
BRT04: SunMed,BRT07: USJ 7,2023-12-16,602
BRT04: SunMed,BRT07: USJ 7,2023-12-17,454
BRT04: SunMed,BRT07: USJ 7,2023-12-18,925
BRT04: SunMed,BRT07: USJ 7,2023-12-19,889
BRT04: SunMed,BRT07: USJ 7,2023-12-20,902
BRT04: SunMed,BRT07: USJ 7,2023-12-21,860
BRT04: SunMed,BRT07: USJ 7,2023-12-22,891
BRT04: SunMed,BRT07: USJ 7,2023-12-23,533
BRT04: SunMed,BRT07: USJ 7,2023-12-24,478
BRT04: SunMed,BRT07: USJ 7,2023-12-25,375
BRT04: SunMed,BRT07: USJ 7,2023-12-26,636
BRT04: SunMed,BRT07: USJ 7,2023-12-27,674
BRT04: SunMed,BRT07: USJ 7,2023-12-28,713
BRT04: SunMed,BRT07: USJ 7,2023-12-29,720
BRT04: SunMed,BRT07: USJ 7,2023-12-30,472
BRT04: SunMed,BRT07: USJ 7,2023-12-31,552
BRT05: SunU-Monash,A0: All Stations,2023-04-01,1102
BRT05: SunU-Monash,A0: All Stations,2023-04-02,939
BRT05: SunU-Monash,A0: All Stations,2023-04-03,2775
BRT05: SunU-Monash,A0: All Stations,2023-04-04,2947
BRT05: SunU-Monash,A0: All Stations,2023-04-05,2978
BRT05: SunU-Monash,A0: All Stations,2023-04-06,3089
BRT05: SunU-Monash,A0: All Stations,2023-04-07,2795
BRT05: SunU-Monash,A0: All Stations,2023-04-08,1014
BRT05: SunU-Monash,A0: All Stations,2023-04-09,829
BRT05: SunU-Monash,A0: All Stations,2023-04-10,2284
BRT05: SunU-Monash,A0: All Stations,2023-04-11,2333
BRT05: SunU-Monash,A0: All Stations,2023-04-12,2400
BRT05: SunU-Monash,A0: All Stations,2023-04-13,2316
BRT05: SunU-Monash,A0: All Stations,2023-04-14,2250
BRT05: SunU-Monash,A0: All Stations,2023-04-15,1063
BRT05: SunU-Monash,A0: All Stations,2023-04-16,854
BRT05: SunU-Monash,A0: All Stations,2023-04-17,2955
BRT05: SunU-Monash,A0: All Stations,2023-04-18,3106
BRT05: SunU-Monash,A0: All Stations,2023-04-19,3210
BRT05: SunU-Monash,A0: All Stations,2023-04-20,2905
BRT05: SunU-Monash,A0: All Stations,2023-04-21,1018
BRT05: SunU-Monash,A0: All Stations,2023-04-22,840
BRT05: SunU-Monash,A0: All Stations,2023-04-23,761
BRT05: SunU-Monash,A0: All Stations,2023-04-24,686
BRT05: SunU-Monash,A0: All Stations,2023-04-25,2110
BRT05: SunU-Monash,A0: All Stations,2023-04-26,2760
BRT05: SunU-Monash,A0: All Stations,2023-04-27,3029
BRT05: SunU-Monash,A0: All Stations,2023-04-28,2744
BRT05: SunU-Monash,A0: All Stations,2023-04-29,1066
BRT05: SunU-Monash,A0: All Stations,2023-04-30,901
BRT05: SunU-Monash,A0: All Stations,2023-05-01,844
BRT05: SunU-Monash,A0: All Stations,2023-05-02,3611
BRT05: SunU-Monash,A0: All Stations,2023-05-03,3627
BRT05: SunU-Monash,A0: All Stations,2023-05-04,1104
BRT05: SunU-Monash,A0: All Stations,2023-05-05,3211
BRT05: SunU-Monash,A0: All Stations,2023-05-06,1178
BRT05: SunU-Monash,A0: All Stations,2023-05-07,920
BRT05: SunU-Monash,A0: All Stations,2023-05-08,3467
BRT05: SunU-Monash,A0: All Stations,2023-05-09,3593
BRT05: SunU-Monash,A0: All Stations,2023-05-10,3580
BRT05: SunU-Monash,A0: All Stations,2023-05-11,3622
BRT05: SunU-Monash,A0: All Stations,2023-05-12,3324
BRT05: SunU-Monash,A0: All Stations,2023-05-13,1290
BRT05: SunU-Monash,A0: All Stations,2023-05-14,929
BRT05: SunU-Monash,A0: All Stations,2023-05-15,3275
BRT05: SunU-Monash,A0: All Stations,2023-05-16,3282
BRT05: SunU-Monash,A0: All Stations,2023-05-17,3228
BRT05: SunU-Monash,A0: All Stations,2023-05-18,3294
BRT05: SunU-Monash,A0: All Stations,2023-05-19,3083
BRT05: SunU-Monash,A0: All Stations,2023-05-20,1148
BRT05: SunU-Monash,A0: All Stations,2023-05-21,833
BRT05: SunU-Monash,A0: All Stations,2023-05-22,3140
BRT05: SunU-Monash,A0: All Stations,2023-05-23,3136
BRT05: SunU-Monash,A0: All Stations,2023-05-24,3344
BRT05: SunU-Monash,A0: All Stations,2023-05-25,3105
BRT05: SunU-Monash,A0: All Stations,2023-05-26,2953
BRT05: SunU-Monash,A0: All Stations,2023-05-27,1124
BRT05: SunU-Monash,A0: All Stations,2023-05-28,798
BRT05: SunU-Monash,A0: All Stations,2023-05-29,2557
BRT05: SunU-Monash,A0: All Stations,2023-05-30,2702
BRT05: SunU-Monash,A0: All Stations,2023-05-31,2579
BRT05: SunU-Monash,A0: All Stations,2023-06-01,2514
BRT05: SunU-Monash,A0: All Stations,2023-06-02,2276
BRT05: SunU-Monash,A0: All Stations,2023-06-03,1051
BRT05: SunU-Monash,A0: All Stations,2023-06-04,800
BRT05: SunU-Monash,A0: All Stations,2023-06-05,792
BRT05: SunU-Monash,A0: All Stations,2023-06-06,2417
BRT05: SunU-Monash,A0: All Stations,2023-06-07,2519
BRT05: SunU-Monash,A0: All Stations,2023-06-08,2316
BRT05: SunU-Monash,A0: All Stations,2023-06-09,2201
BRT05: SunU-Monash,A0: All Stations,2023-06-10,1023
BRT05: SunU-Monash,A0: All Stations,2023-06-11,758
BRT05: SunU-Monash,A0: All Stations,2023-06-12,1767
BRT05: SunU-Monash,A0: All Stations,2023-06-13,1925
BRT05: SunU-Monash,A0: All Stations,2023-06-14,1941
BRT05: SunU-Monash,A0: All Stations,2023-06-15,1917
BRT05: SunU-Monash,A0: All Stations,2023-06-16,1647
BRT05: SunU-Monash,A0: All Stations,2023-06-17,972
BRT05: SunU-Monash,A0: All Stations,2023-06-18,738
BRT05: SunU-Monash,A0: All Stations,2023-06-19,2325
BRT05: SunU-Monash,A0: All Stations,2023-06-20,2416
BRT05: SunU-Monash,A0: All Stations,2023-06-21,2373
BRT05: SunU-Monash,A0: All Stations,2023-06-22,2236
BRT05: SunU-Monash,A0: All Stations,2023-06-23,1775
BRT05: SunU-Monash,A0: All Stations,2023-06-24,1193
BRT05: SunU-Monash,A0: All Stations,2023-06-25,739
BRT05: SunU-Monash,A0: All Stations,2023-06-26,2030
BRT05: SunU-Monash,A0: All Stations,2023-06-27,2157
BRT05: SunU-Monash,A0: All Stations,2023-06-28,2022
BRT05: SunU-Monash,A0: All Stations,2023-06-29,650
BRT05: SunU-Monash,A0: All Stations,2023-06-30,1505
BRT05: SunU-Monash,A0: All Stations,2023-07-01,757
BRT05: SunU-Monash,A0: All Stations,2023-07-02,606
BRT05: SunU-Monash,A0: All Stations,2023-07-03,1967
BRT05: SunU-Monash,A0: All Stations,2023-07-04,2230
BRT05: SunU-Monash,A0: All Stations,2023-07-05,2299
BRT05: SunU-Monash,A0: All Stations,2023-07-06,2296
BRT05: SunU-Monash,A0: All Stations,2023-07-07,2184
BRT05: SunU-Monash,A0: All Stations,2023-07-08,869
BRT05: SunU-Monash,A0: All Stations,2023-07-09,738
BRT05: SunU-Monash,A0: All Stations,2023-07-10,2287
BRT05: SunU-Monash,A0: All Stations,2023-07-11,2235
BRT05: SunU-Monash,A0: All Stations,2023-07-12,2347
BRT05: SunU-Monash,A0: All Stations,2023-07-13,2406
BRT05: SunU-Monash,A0: All Stations,2023-07-14,2419
BRT05: SunU-Monash,A0: All Stations,2023-07-15,978
BRT05: SunU-Monash,A0: All Stations,2023-07-16,708
BRT05: SunU-Monash,A0: All Stations,2023-07-17,2584
BRT05: SunU-Monash,A0: All Stations,2023-07-18,2789
BRT05: SunU-Monash,A0: All Stations,2023-07-19,948
BRT05: SunU-Monash,A0: All Stations,2023-07-20,2567
BRT05: SunU-Monash,A0: All Stations,2023-07-21,2471
BRT05: SunU-Monash,A0: All Stations,2023-07-22,1220
BRT05: SunU-Monash,A0: All Stations,2023-07-23,936
BRT05: SunU-Monash,A0: All Stations,2023-07-24,3432
BRT05: SunU-Monash,A0: All Stations,2023-07-25,3449
BRT05: SunU-Monash,A0: All Stations,2023-07-26,3465
BRT05: SunU-Monash,A0: All Stations,2023-07-27,3397
BRT05: SunU-Monash,A0: All Stations,2023-07-28,2931
BRT05: SunU-Monash,A0: All Stations,2023-07-29,1183
BRT05: SunU-Monash,A0: All Stations,2023-07-30,946
BRT05: SunU-Monash,A0: All Stations,2023-07-31,3181
BRT05: SunU-Monash,A0: All Stations,2023-08-01,3333
BRT05: SunU-Monash,A0: All Stations,2023-08-02,3256
BRT05: SunU-Monash,A0: All Stations,2023-08-03,3246
BRT05: SunU-Monash,A0: All Stations,2023-08-04,2876
BRT05: SunU-Monash,A0: All Stations,2023-08-05,1248
BRT05: SunU-Monash,A0: All Stations,2023-08-06,902
BRT05: SunU-Monash,A0: All Stations,2023-08-07,3145
BRT05: SunU-Monash,A0: All Stations,2023-08-08,3216
BRT05: SunU-Monash,A0: All Stations,2023-08-09,3172
BRT05: SunU-Monash,A0: All Stations,2023-08-10,3233
BRT05: SunU-Monash,A0: All Stations,2023-08-11,2693
BRT05: SunU-Monash,A0: All Stations,2023-08-12,980
BRT05: SunU-Monash,A0: All Stations,2023-08-13,787
BRT05: SunU-Monash,A0: All Stations,2023-08-14,1250
BRT05: SunU-Monash,A0: All Stations,2023-08-15,3137
BRT05: SunU-Monash,A0: All Stations,2023-08-16,3083
BRT05: SunU-Monash,A0: All Stations,2023-08-17,2895
BRT05: SunU-Monash,A0: All Stations,2023-08-18,2827
BRT05: SunU-Monash,A0: All Stations,2023-08-19,1186
BRT05: SunU-Monash,A0: All Stations,2023-08-20,908
BRT05: SunU-Monash,A0: All Stations,2023-08-21,2715
BRT05: SunU-Monash,A0: All Stations,2023-08-22,2918
BRT05: SunU-Monash,A0: All Stations,2023-08-23,3125
BRT05: SunU-Monash,A0: All Stations,2023-08-24,3177
BRT05: SunU-Monash,A0: All Stations,2023-08-25,2998
BRT05: SunU-Monash,A0: All Stations,2023-08-26,1249
BRT05: SunU-Monash,A0: All Stations,2023-08-27,868
BRT05: SunU-Monash,A0: All Stations,2023-08-28,2892
BRT05: SunU-Monash,A0: All Stations,2023-08-29,3155
BRT05: SunU-Monash,A0: All Stations,2023-08-30,3415
BRT05: SunU-Monash,A0: All Stations,2023-08-31,994
BRT05: SunU-Monash,A0: All Stations,2023-09-01,2484
BRT05: SunU-Monash,A0: All Stations,2023-09-02,1151
BRT05: SunU-Monash,A0: All Stations,2023-09-03,852
BRT05: SunU-Monash,A0: All Stations,2023-09-04,3042
BRT05: SunU-Monash,A0: All Stations,2023-09-05,3389
BRT05: SunU-Monash,A0: All Stations,2023-09-06,3391
BRT05: SunU-Monash,A0: All Stations,2023-09-07,3618
BRT05: SunU-Monash,A0: All Stations,2023-09-08,3551
BRT05: SunU-Monash,A0: All Stations,2023-09-09,1335
BRT05: SunU-Monash,A0: All Stations,2023-09-10,1065
BRT05: SunU-Monash,A0: All Stations,2023-09-11,3567
BRT05: SunU-Monash,A0: All Stations,2023-09-12,3624
BRT05: SunU-Monash,A0: All Stations,2023-09-13,3623
BRT05: SunU-Monash,A0: All Stations,2023-09-14,3473
BRT05: SunU-Monash,A0: All Stations,2023-09-15,3517
BRT05: SunU-Monash,A0: All Stations,2023-09-16,1119
BRT05: SunU-Monash,A0: All Stations,2023-09-17,900
BRT05: SunU-Monash,A0: All Stations,2023-09-18,3626
BRT05: SunU-Monash,A0: All Stations,2023-09-19,3803
BRT05: SunU-Monash,A0: All Stations,2023-09-20,3891
BRT05: SunU-Monash,A0: All Stations,2023-09-21,3639
BRT05: SunU-Monash,A0: All Stations,2023-09-22,3807
BRT05: SunU-Monash,A0: All Stations,2023-09-23,1352
BRT05: SunU-Monash,A0: All Stations,2023-09-24,909
BRT05: SunU-Monash,A0: All Stations,2023-09-25,3119
BRT05: SunU-Monash,A0: All Stations,2023-09-26,3067
BRT05: SunU-Monash,A0: All Stations,2023-09-27,3323
BRT05: SunU-Monash,A0: All Stations,2023-09-28,1066
BRT05: SunU-Monash,A0: All Stations,2023-09-29,2850
BRT05: SunU-Monash,A0: All Stations,2023-09-30,1268
BRT05: SunU-Monash,A0: All Stations,2023-10-01,972
BRT05: SunU-Monash,A0: All Stations,2023-10-02,3653
BRT05: SunU-Monash,A0: All Stations,2023-10-03,3880
BRT05: SunU-Monash,A0: All Stations,2023-10-04,4005
BRT05: SunU-Monash,A0: All Stations,2023-10-05,3873
BRT05: SunU-Monash,A0: All Stations,2023-10-06,3805
BRT05: SunU-Monash,A0: All Stations,2023-10-07,1371
BRT05: SunU-Monash,A0: All Stations,2023-10-08,939
BRT05: SunU-Monash,A0: All Stations,2023-10-09,3616
BRT05: SunU-Monash,A0: All Stations,2023-10-10,3859
BRT05: SunU-Monash,A0: All Stations,2023-10-11,3845
BRT05: SunU-Monash,A0: All Stations,2023-10-12,3872
BRT05: SunU-Monash,A0: All Stations,2023-10-13,3641
BRT05: SunU-Monash,A0: All Stations,2023-10-14,1453
BRT05: SunU-Monash,A0: All Stations,2023-10-15,1106
BRT05: SunU-Monash,A0: All Stations,2023-10-16,3702
BRT05: SunU-Monash,A0: All Stations,2023-10-17,3871
BRT05: SunU-Monash,A0: All Stations,2023-10-18,3995
BRT05: SunU-Monash,A0: All Stations,2023-10-19,3859
BRT05: SunU-Monash,A0: All Stations,2023-10-20,3805
BRT05: SunU-Monash,A0: All Stations,2023-10-21,1471
BRT05: SunU-Monash,A0: All Stations,2023-10-22,960
BRT05: SunU-Monash,A0: All Stations,2023-10-23,3111
BRT05: SunU-Monash,A0: All Stations,2023-10-24,3288
BRT05: SunU-Monash,A0: All Stations,2023-10-25,3354
BRT05: SunU-Monash,A0: All Stations,2023-10-26,3241
BRT05: SunU-Monash,A0: All Stations,2023-10-27,3176
BRT05: SunU-Monash,A0: All Stations,2023-10-28,1249
BRT05: SunU-Monash,A0: All Stations,2023-10-29,987
BRT05: SunU-Monash,A0: All Stations,2023-10-30,2644
BRT05: SunU-Monash,A0: All Stations,2023-10-31,2783
BRT05: SunU-Monash,A0: All Stations,2023-11-01,2680
BRT05: SunU-Monash,A0: All Stations,2023-11-02,2729
BRT05: SunU-Monash,A0: All Stations,2023-11-03,2637
BRT05: SunU-Monash,A0: All Stations,2023-11-04,1480
BRT05: SunU-Monash,A0: All Stations,2023-11-05,898
BRT05: SunU-Monash,A0: All Stations,2023-11-06,3024
BRT05: SunU-Monash,A0: All Stations,2023-11-07,3145
BRT05: SunU-Monash,A0: All Stations,2023-11-08,3247
BRT05: SunU-Monash,A0: All Stations,2023-11-09,3227
BRT05: SunU-Monash,A0: All Stations,2023-11-10,3066
BRT05: SunU-Monash,A0: All Stations,2023-11-11,1352
BRT05: SunU-Monash,A0: All Stations,2023-11-12,916
BRT05: SunU-Monash,A0: All Stations,2023-11-13,839
BRT05: SunU-Monash,A0: All Stations,2023-11-14,2337
BRT05: SunU-Monash,A0: All Stations,2023-11-15,2536
BRT05: SunU-Monash,A0: All Stations,2023-11-16,2517
BRT05: SunU-Monash,A0: All Stations,2023-11-17,2614
BRT05: SunU-Monash,A0: All Stations,2023-11-18,1163
BRT05: SunU-Monash,A0: All Stations,2023-11-19,983
BRT05: SunU-Monash,A0: All Stations,2023-11-20,2632
BRT05: SunU-Monash,A0: All Stations,2023-11-21,2778
BRT05: SunU-Monash,A0: All Stations,2023-11-22,2896
BRT05: SunU-Monash,A0: All Stations,2023-11-23,2892
BRT05: SunU-Monash,A0: All Stations,2023-11-24,2862
BRT05: SunU-Monash,A0: All Stations,2023-11-25,957
BRT05: SunU-Monash,A0: All Stations,2023-11-26,846
BRT05: SunU-Monash,A0: All Stations,2023-11-27,2377
BRT05: SunU-Monash,A0: All Stations,2023-11-28,2383
BRT05: SunU-Monash,A0: All Stations,2023-11-29,2570
BRT05: SunU-Monash,A0: All Stations,2023-11-30,2509
BRT05: SunU-Monash,A0: All Stations,2023-12-01,2336
BRT05: SunU-Monash,A0: All Stations,2023-12-02,1088
BRT05: SunU-Monash,A0: All Stations,2023-12-03,719
BRT05: SunU-Monash,A0: All Stations,2023-12-04,2271
BRT05: SunU-Monash,A0: All Stations,2023-12-05,2124
BRT05: SunU-Monash,A0: All Stations,2023-12-06,2227
BRT05: SunU-Monash,A0: All Stations,2023-12-07,2327
BRT05: SunU-Monash,A0: All Stations,2023-12-08,2267
BRT05: SunU-Monash,A0: All Stations,2023-12-09,1062
BRT05: SunU-Monash,A0: All Stations,2023-12-10,764
BRT05: SunU-Monash,A0: All Stations,2023-12-11,813
BRT05: SunU-Monash,A0: All Stations,2023-12-12,1907
BRT05: SunU-Monash,A0: All Stations,2023-12-13,1812
BRT05: SunU-Monash,A0: All Stations,2023-12-14,1696
BRT05: SunU-Monash,A0: All Stations,2023-12-15,1760
BRT05: SunU-Monash,A0: All Stations,2023-12-16,1018
BRT05: SunU-Monash,A0: All Stations,2023-12-17,789
BRT05: SunU-Monash,A0: All Stations,2023-12-18,1438
BRT05: SunU-Monash,A0: All Stations,2023-12-19,1363
BRT05: SunU-Monash,A0: All Stations,2023-12-20,1439
BRT05: SunU-Monash,A0: All Stations,2023-12-21,1311
BRT05: SunU-Monash,A0: All Stations,2023-12-22,1234
BRT05: SunU-Monash,A0: All Stations,2023-12-23,780
BRT05: SunU-Monash,A0: All Stations,2023-12-24,615
BRT05: SunU-Monash,A0: All Stations,2023-12-25,566
BRT05: SunU-Monash,A0: All Stations,2023-12-26,915
BRT05: SunU-Monash,A0: All Stations,2023-12-27,937
BRT05: SunU-Monash,A0: All Stations,2023-12-28,896
BRT05: SunU-Monash,A0: All Stations,2023-12-29,912
BRT05: SunU-Monash,A0: All Stations,2023-12-30,620
BRT05: SunU-Monash,A0: All Stations,2023-12-31,749
BRT05: SunU-Monash,BRT01: Sunway-Setia Jaya,2023-04-01,31
BRT05: SunU-Monash,BRT01: Sunway-Setia Jaya,2023-04-02,35
BRT05: SunU-Monash,BRT01: Sunway-Setia Jaya,2023-04-03,141
BRT05: SunU-Monash,BRT01: Sunway-Setia Jaya,2023-04-04,129
BRT05: SunU-Monash,BRT01: Sunway-Setia Jaya,2023-04-05,147
BRT05: SunU-Monash,BRT01: Sunway-Setia Jaya,2023-04-06,139
BRT05: SunU-Monash,BRT01: Sunway-Setia Jaya,2023-04-07,120
BRT05: SunU-Monash,BRT01: Sunway-Setia Jaya,2023-04-08,30
BRT05: SunU-Monash,BRT01: Sunway-Setia Jaya,2023-04-09,31
BRT05: SunU-Monash,BRT01: Sunway-Setia Jaya,2023-04-10,136
BRT05: SunU-Monash,BRT01: Sunway-Setia Jaya,2023-04-11,133
BRT05: SunU-Monash,BRT01: Sunway-Setia Jaya,2023-04-12,139
BRT05: SunU-Monash,BRT01: Sunway-Setia Jaya,2023-04-13,133
BRT05: SunU-Monash,BRT01: Sunway-Setia Jaya,2023-04-14,103
BRT05: SunU-Monash,BRT01: Sunway-Setia Jaya,2023-04-15,29
BRT05: SunU-Monash,BRT01: Sunway-Setia Jaya,2023-04-16,27
BRT05: SunU-Monash,BRT01: Sunway-Setia Jaya,2023-04-17,122
BRT05: SunU-Monash,BRT01: Sunway-Setia Jaya,2023-04-18,127
BRT05: SunU-Monash,BRT01: Sunway-Setia Jaya,2023-04-19,119
BRT05: SunU-Monash,BRT01: Sunway-Setia Jaya,2023-04-20,128
BRT05: SunU-Monash,BRT01: Sunway-Setia Jaya,2023-04-21,24
BRT05: SunU-Monash,BRT01: Sunway-Setia Jaya,2023-04-22,27
BRT05: SunU-Monash,BRT01: Sunway-Setia Jaya,2023-04-23,30
BRT05: SunU-Monash,BRT01: Sunway-Setia Jaya,2023-04-24,17
BRT05: SunU-Monash,BRT01: Sunway-Setia Jaya,2023-04-25,72
BRT05: SunU-Monash,BRT01: Sunway-Setia Jaya,2023-04-26,106
BRT05: SunU-Monash,BRT01: Sunway-Setia Jaya,2023-04-27,134
BRT05: SunU-Monash,BRT01: Sunway-Setia Jaya,2023-04-28,109
BRT05: SunU-Monash,BRT01: Sunway-Setia Jaya,2023-04-29,33
BRT05: SunU-Monash,BRT01: Sunway-Setia Jaya,2023-04-30,35
BRT05: SunU-Monash,BRT01: Sunway-Setia Jaya,2023-05-01,24
BRT05: SunU-Monash,BRT01: Sunway-Setia Jaya,2023-05-02,174
BRT05: SunU-Monash,BRT01: Sunway-Setia Jaya,2023-05-03,181
BRT05: SunU-Monash,BRT01: Sunway-Setia Jaya,2023-05-04,42
BRT05: SunU-Monash,BRT01: Sunway-Setia Jaya,2023-05-05,146
BRT05: SunU-Monash,BRT01: Sunway-Setia Jaya,2023-05-06,46
BRT05: SunU-Monash,BRT01: Sunway-Setia Jaya,2023-05-07,34
BRT05: SunU-Monash,BRT01: Sunway-Setia Jaya,2023-05-08,175
BRT05: SunU-Monash,BRT01: Sunway-Setia Jaya,2023-05-09,189
BRT05: SunU-Monash,BRT01: Sunway-Setia Jaya,2023-05-10,169
BRT05: SunU-Monash,BRT01: Sunway-Setia Jaya,2023-05-11,183
BRT05: SunU-Monash,BRT01: Sunway-Setia Jaya,2023-05-12,149
BRT05: SunU-Monash,BRT01: Sunway-Setia Jaya,2023-05-13,38
BRT05: SunU-Monash,BRT01: Sunway-Setia Jaya,2023-05-14,41
BRT05: SunU-Monash,BRT01: Sunway-Setia Jaya,2023-05-15,179
BRT05: SunU-Monash,BRT01: Sunway-Setia Jaya,2023-05-16,184
BRT05: SunU-Monash,BRT01: Sunway-Setia Jaya,2023-05-17,178
BRT05: SunU-Monash,BRT01: Sunway-Setia Jaya,2023-05-18,171
BRT05: SunU-Monash,BRT01: Sunway-Setia Jaya,2023-05-19,157
BRT05: SunU-Monash,BRT01: Sunway-Setia Jaya,2023-05-20,39
BRT05: SunU-Monash,BRT01: Sunway-Setia Jaya,2023-05-21,25
BRT05: SunU-Monash,BRT01: Sunway-Setia Jaya,2023-05-22,191
BRT05: SunU-Monash,BRT01: Sunway-Setia Jaya,2023-05-23,177
BRT05: SunU-Monash,BRT01: Sunway-Setia Jaya,2023-05-24,184
BRT05: SunU-Monash,BRT01: Sunway-Setia Jaya,2023-05-25,184
BRT05: SunU-Monash,BRT01: Sunway-Setia Jaya,2023-05-26,131
BRT05: SunU-Monash,BRT01: Sunway-Setia Jaya,2023-05-27,34
BRT05: SunU-Monash,BRT01: Sunway-Setia Jaya,2023-05-28,33
BRT05: SunU-Monash,BRT01: Sunway-Setia Jaya,2023-05-29,149
BRT05: SunU-Monash,BRT01: Sunway-Setia Jaya,2023-05-30,180
BRT05: SunU-Monash,BRT01: Sunway-Setia Jaya,2023-05-31,170
BRT05: SunU-Monash,BRT01: Sunway-Setia Jaya,2023-06-01,141
BRT05: SunU-Monash,BRT01: Sunway-Setia Jaya,2023-06-02,128
BRT05: SunU-Monash,BRT01: Sunway-Setia Jaya,2023-06-03,44
BRT05: SunU-Monash,BRT01: Sunway-Setia Jaya,2023-06-04,30
BRT05: SunU-Monash,BRT01: Sunway-Setia Jaya,2023-06-05,25
BRT05: SunU-Monash,BRT01: Sunway-Setia Jaya,2023-06-06,143
BRT05: SunU-Monash,BRT01: Sunway-Setia Jaya,2023-06-07,146
BRT05: SunU-Monash,BRT01: Sunway-Setia Jaya,2023-06-08,141
BRT05: SunU-Monash,BRT01: Sunway-Setia Jaya,2023-06-09,125
BRT05: SunU-Monash,BRT01: Sunway-Setia Jaya,2023-06-10,54
BRT05: SunU-Monash,BRT01: Sunway-Setia Jaya,2023-06-11,28
BRT05: SunU-Monash,BRT01: Sunway-Setia Jaya,2023-06-12,101
BRT05: SunU-Monash,BRT01: Sunway-Setia Jaya,2023-06-13,107
BRT05: SunU-Monash,BRT01: Sunway-Setia Jaya,2023-06-14,126
BRT05: SunU-Monash,BRT01: Sunway-Setia Jaya,2023-06-15,109
BRT05: SunU-Monash,BRT01: Sunway-Setia Jaya,2023-06-16,79
BRT05: SunU-Monash,BRT01: Sunway-Setia Jaya,2023-06-17,31
BRT05: SunU-Monash,BRT01: Sunway-Setia Jaya,2023-06-18,21
BRT05: SunU-Monash,BRT01: Sunway-Setia Jaya,2023-06-19,150
BRT05: SunU-Monash,BRT01: Sunway-Setia Jaya,2023-06-20,149
BRT05: SunU-Monash,BRT01: Sunway-Setia Jaya,2023-06-21,169
BRT05: SunU-Monash,BRT01: Sunway-Setia Jaya,2023-06-22,145
BRT05: SunU-Monash,BRT01: Sunway-Setia Jaya,2023-06-23,106
BRT05: SunU-Monash,BRT01: Sunway-Setia Jaya,2023-06-24,55
BRT05: SunU-Monash,BRT01: Sunway-Setia Jaya,2023-06-25,32
BRT05: SunU-Monash,BRT01: Sunway-Setia Jaya,2023-06-26,135
BRT05: SunU-Monash,BRT01: Sunway-Setia Jaya,2023-06-27,163
BRT05: SunU-Monash,BRT01: Sunway-Setia Jaya,2023-06-28,131
BRT05: SunU-Monash,BRT01: Sunway-Setia Jaya,2023-06-29,31
BRT05: SunU-Monash,BRT01: Sunway-Setia Jaya,2023-06-30,88
BRT05: SunU-Monash,BRT01: Sunway-Setia Jaya,2023-07-01,29
BRT05: SunU-Monash,BRT01: Sunway-Setia Jaya,2023-07-02,36
BRT05: SunU-Monash,BRT01: Sunway-Setia Jaya,2023-07-03,149
BRT05: SunU-Monash,BRT01: Sunway-Setia Jaya,2023-07-04,160
BRT05: SunU-Monash,BRT01: Sunway-Setia Jaya,2023-07-05,169
BRT05: SunU-Monash,BRT01: Sunway-Setia Jaya,2023-07-06,161
BRT05: SunU-Monash,BRT01: Sunway-Setia Jaya,2023-07-07,121
BRT05: SunU-Monash,BRT01: Sunway-Setia Jaya,2023-07-08,42
BRT05: SunU-Monash,BRT01: Sunway-Setia Jaya,2023-07-09,33
BRT05: SunU-Monash,BRT01: Sunway-Setia Jaya,2023-07-10,134
BRT05: SunU-Monash,BRT01: Sunway-Setia Jaya,2023-07-11,139
BRT05: SunU-Monash,BRT01: Sunway-Setia Jaya,2023-07-12,129
BRT05: SunU-Monash,BRT01: Sunway-Setia Jaya,2023-07-13,150
BRT05: SunU-Monash,BRT01: Sunway-Setia Jaya,2023-07-14,128
BRT05: SunU-Monash,BRT01: Sunway-Setia Jaya,2023-07-15,49
BRT05: SunU-Monash,BRT01: Sunway-Setia Jaya,2023-07-16,26
BRT05: SunU-Monash,BRT01: Sunway-Setia Jaya,2023-07-17,130
BRT05: SunU-Monash,BRT01: Sunway-Setia Jaya,2023-07-18,154
BRT05: SunU-Monash,BRT01: Sunway-Setia Jaya,2023-07-19,42
BRT05: SunU-Monash,BRT01: Sunway-Setia Jaya,2023-07-20,154
BRT05: SunU-Monash,BRT01: Sunway-Setia Jaya,2023-07-21,133
BRT05: SunU-Monash,BRT01: Sunway-Setia Jaya,2023-07-22,42
BRT05: SunU-Monash,BRT01: Sunway-Setia Jaya,2023-07-23,30
BRT05: SunU-Monash,BRT01: Sunway-Setia Jaya,2023-07-24,152
BRT05: SunU-Monash,BRT01: Sunway-Setia Jaya,2023-07-25,160
BRT05: SunU-Monash,BRT01: Sunway-Setia Jaya,2023-07-26,179
BRT05: SunU-Monash,BRT01: Sunway-Setia Jaya,2023-07-27,147
BRT05: SunU-Monash,BRT01: Sunway-Setia Jaya,2023-07-28,131
BRT05: SunU-Monash,BRT01: Sunway-Setia Jaya,2023-07-29,33
BRT05: SunU-Monash,BRT01: Sunway-Setia Jaya,2023-07-30,27
BRT05: SunU-Monash,BRT01: Sunway-Setia Jaya,2023-07-31,116
BRT05: SunU-Monash,BRT01: Sunway-Setia Jaya,2023-08-01,119
BRT05: SunU-Monash,BRT01: Sunway-Setia Jaya,2023-08-02,133
BRT05: SunU-Monash,BRT01: Sunway-Setia Jaya,2023-08-03,147
BRT05: SunU-Monash,BRT01: Sunway-Setia Jaya,2023-08-04,103
BRT05: SunU-Monash,BRT01: Sunway-Setia Jaya,2023-08-05,40
BRT05: SunU-Monash,BRT01: Sunway-Setia Jaya,2023-08-06,24
BRT05: SunU-Monash,BRT01: Sunway-Setia Jaya,2023-08-07,118
BRT05: SunU-Monash,BRT01: Sunway-Setia Jaya,2023-08-08,123
BRT05: SunU-Monash,BRT01: Sunway-Setia Jaya,2023-08-09,114
BRT05: SunU-Monash,BRT01: Sunway-Setia Jaya,2023-08-10,103
BRT05: SunU-Monash,BRT01: Sunway-Setia Jaya,2023-08-11,97
BRT05: SunU-Monash,BRT01: Sunway-Setia Jaya,2023-08-12,25
BRT05: SunU-Monash,BRT01: Sunway-Setia Jaya,2023-08-13,21
BRT05: SunU-Monash,BRT01: Sunway-Setia Jaya,2023-08-14,47
BRT05: SunU-Monash,BRT01: Sunway-Setia Jaya,2023-08-15,124
BRT05: SunU-Monash,BRT01: Sunway-Setia Jaya,2023-08-16,114
BRT05: SunU-Monash,BRT01: Sunway-Setia Jaya,2023-08-17,101
BRT05: SunU-Monash,BRT01: Sunway-Setia Jaya,2023-08-18,105
BRT05: SunU-Monash,BRT01: Sunway-Setia Jaya,2023-08-19,48
BRT05: SunU-Monash,BRT01: Sunway-Setia Jaya,2023-08-20,23
BRT05: SunU-Monash,BRT01: Sunway-Setia Jaya,2023-08-21,110
BRT05: SunU-Monash,BRT01: Sunway-Setia Jaya,2023-08-22,109
BRT05: SunU-Monash,BRT01: Sunway-Setia Jaya,2023-08-23,103
BRT05: SunU-Monash,BRT01: Sunway-Setia Jaya,2023-08-24,114
BRT05: SunU-Monash,BRT01: Sunway-Setia Jaya,2023-08-25,116
BRT05: SunU-Monash,BRT01: Sunway-Setia Jaya,2023-08-26,39
BRT05: SunU-Monash,BRT01: Sunway-Setia Jaya,2023-08-27,25
BRT05: SunU-Monash,BRT01: Sunway-Setia Jaya,2023-08-28,96
BRT05: SunU-Monash,BRT01: Sunway-Setia Jaya,2023-08-29,109
BRT05: SunU-Monash,BRT01: Sunway-Setia Jaya,2023-08-30,95
BRT05: SunU-Monash,BRT01: Sunway-Setia Jaya,2023-08-31,24
BRT05: SunU-Monash,BRT01: Sunway-Setia Jaya,2023-09-01,79
BRT05: SunU-Monash,BRT01: Sunway-Setia Jaya,2023-09-02,40
BRT05: SunU-Monash,BRT01: Sunway-Setia Jaya,2023-09-03,25
BRT05: SunU-Monash,BRT01: Sunway-Setia Jaya,2023-09-04,103
BRT05: SunU-Monash,BRT01: Sunway-Setia Jaya,2023-09-05,102
BRT05: SunU-Monash,BRT01: Sunway-Setia Jaya,2023-09-06,110
BRT05: SunU-Monash,BRT01: Sunway-Setia Jaya,2023-09-07,130
BRT05: SunU-Monash,BRT01: Sunway-Setia Jaya,2023-09-08,121
BRT05: SunU-Monash,BRT01: Sunway-Setia Jaya,2023-09-09,28
BRT05: SunU-Monash,BRT01: Sunway-Setia Jaya,2023-09-10,24
BRT05: SunU-Monash,BRT01: Sunway-Setia Jaya,2023-09-11,149
BRT05: SunU-Monash,BRT01: Sunway-Setia Jaya,2023-09-12,141
BRT05: SunU-Monash,BRT01: Sunway-Setia Jaya,2023-09-13,152
BRT05: SunU-Monash,BRT01: Sunway-Setia Jaya,2023-09-14,138
BRT05: SunU-Monash,BRT01: Sunway-Setia Jaya,2023-09-15,131
BRT05: SunU-Monash,BRT01: Sunway-Setia Jaya,2023-09-16,38
BRT05: SunU-Monash,BRT01: Sunway-Setia Jaya,2023-09-17,29
BRT05: SunU-Monash,BRT01: Sunway-Setia Jaya,2023-09-18,182
BRT05: SunU-Monash,BRT01: Sunway-Setia Jaya,2023-09-19,191
BRT05: SunU-Monash,BRT01: Sunway-Setia Jaya,2023-09-20,163
BRT05: SunU-Monash,BRT01: Sunway-Setia Jaya,2023-09-21,165
BRT05: SunU-Monash,BRT01: Sunway-Setia Jaya,2023-09-22,153
BRT05: SunU-Monash,BRT01: Sunway-Setia Jaya,2023-09-23,60
BRT05: SunU-Monash,BRT01: Sunway-Setia Jaya,2023-09-24,30
BRT05: SunU-Monash,BRT01: Sunway-Setia Jaya,2023-09-25,164
BRT05: SunU-Monash,BRT01: Sunway-Setia Jaya,2023-09-26,173
BRT05: SunU-Monash,BRT01: Sunway-Setia Jaya,2023-09-27,160
BRT05: SunU-Monash,BRT01: Sunway-Setia Jaya,2023-09-28,34
BRT05: SunU-Monash,BRT01: Sunway-Setia Jaya,2023-09-29,127
BRT05: SunU-Monash,BRT01: Sunway-Setia Jaya,2023-09-30,52
BRT05: SunU-Monash,BRT01: Sunway-Setia Jaya,2023-10-01,21
BRT05: SunU-Monash,BRT01: Sunway-Setia Jaya,2023-10-02,156
BRT05: SunU-Monash,BRT01: Sunway-Setia Jaya,2023-10-03,176
BRT05: SunU-Monash,BRT01: Sunway-Setia Jaya,2023-10-04,191
BRT05: SunU-Monash,BRT01: Sunway-Setia Jaya,2023-10-05,181
BRT05: SunU-Monash,BRT01: Sunway-Setia Jaya,2023-10-06,159
BRT05: SunU-Monash,BRT01: Sunway-Setia Jaya,2023-10-07,41
BRT05: SunU-Monash,BRT01: Sunway-Setia Jaya,2023-10-08,31
BRT05: SunU-Monash,BRT01: Sunway-Setia Jaya,2023-10-09,181
BRT05: SunU-Monash,BRT01: Sunway-Setia Jaya,2023-10-10,178
BRT05: SunU-Monash,BRT01: Sunway-Setia Jaya,2023-10-11,164
BRT05: SunU-Monash,BRT01: Sunway-Setia Jaya,2023-10-12,163
BRT05: SunU-Monash,BRT01: Sunway-Setia Jaya,2023-10-13,150
BRT05: SunU-Monash,BRT01: Sunway-Setia Jaya,2023-10-14,37
BRT05: SunU-Monash,BRT01: Sunway-Setia Jaya,2023-10-15,24
BRT05: SunU-Monash,BRT01: Sunway-Setia Jaya,2023-10-16,154
BRT05: SunU-Monash,BRT01: Sunway-Setia Jaya,2023-10-17,183
BRT05: SunU-Monash,BRT01: Sunway-Setia Jaya,2023-10-18,174
BRT05: SunU-Monash,BRT01: Sunway-Setia Jaya,2023-10-19,174
BRT05: SunU-Monash,BRT01: Sunway-Setia Jaya,2023-10-20,138
BRT05: SunU-Monash,BRT01: Sunway-Setia Jaya,2023-10-21,38
BRT05: SunU-Monash,BRT01: Sunway-Setia Jaya,2023-10-22,17
BRT05: SunU-Monash,BRT01: Sunway-Setia Jaya,2023-10-23,155
BRT05: SunU-Monash,BRT01: Sunway-Setia Jaya,2023-10-24,157
BRT05: SunU-Monash,BRT01: Sunway-Setia Jaya,2023-10-25,172
BRT05: SunU-Monash,BRT01: Sunway-Setia Jaya,2023-10-26,162
BRT05: SunU-Monash,BRT01: Sunway-Setia Jaya,2023-10-27,119
BRT05: SunU-Monash,BRT01: Sunway-Setia Jaya,2023-10-28,29
BRT05: SunU-Monash,BRT01: Sunway-Setia Jaya,2023-10-29,21
BRT05: SunU-Monash,BRT01: Sunway-Setia Jaya,2023-10-30,115
BRT05: SunU-Monash,BRT01: Sunway-Setia Jaya,2023-10-31,127
BRT05: SunU-Monash,BRT01: Sunway-Setia Jaya,2023-11-01,91
BRT05: SunU-Monash,BRT01: Sunway-Setia Jaya,2023-11-02,112
BRT05: SunU-Monash,BRT01: Sunway-Setia Jaya,2023-11-03,111
BRT05: SunU-Monash,BRT01: Sunway-Setia Jaya,2023-11-04,46
BRT05: SunU-Monash,BRT01: Sunway-Setia Jaya,2023-11-05,20
BRT05: SunU-Monash,BRT01: Sunway-Setia Jaya,2023-11-06,125
BRT05: SunU-Monash,BRT01: Sunway-Setia Jaya,2023-11-07,136
BRT05: SunU-Monash,BRT01: Sunway-Setia Jaya,2023-11-08,132
BRT05: SunU-Monash,BRT01: Sunway-Setia Jaya,2023-11-09,131
BRT05: SunU-Monash,BRT01: Sunway-Setia Jaya,2023-11-10,102
BRT05: SunU-Monash,BRT01: Sunway-Setia Jaya,2023-11-11,33
BRT05: SunU-Monash,BRT01: Sunway-Setia Jaya,2023-11-12,18
BRT05: SunU-Monash,BRT01: Sunway-Setia Jaya,2023-11-13,19
BRT05: SunU-Monash,BRT01: Sunway-Setia Jaya,2023-11-14,102
BRT05: SunU-Monash,BRT01: Sunway-Setia Jaya,2023-11-15,117
BRT05: SunU-Monash,BRT01: Sunway-Setia Jaya,2023-11-16,127
BRT05: SunU-Monash,BRT01: Sunway-Setia Jaya,2023-11-17,105
BRT05: SunU-Monash,BRT01: Sunway-Setia Jaya,2023-11-18,46
BRT05: SunU-Monash,BRT01: Sunway-Setia Jaya,2023-11-19,21
BRT05: SunU-Monash,BRT01: Sunway-Setia Jaya,2023-11-20,121
BRT05: SunU-Monash,BRT01: Sunway-Setia Jaya,2023-11-21,159
BRT05: SunU-Monash,BRT01: Sunway-Setia Jaya,2023-11-22,130
BRT05: SunU-Monash,BRT01: Sunway-Setia Jaya,2023-11-23,123
BRT05: SunU-Monash,BRT01: Sunway-Setia Jaya,2023-11-24,122
BRT05: SunU-Monash,BRT01: Sunway-Setia Jaya,2023-11-25,23
BRT05: SunU-Monash,BRT01: Sunway-Setia Jaya,2023-11-26,28
BRT05: SunU-Monash,BRT01: Sunway-Setia Jaya,2023-11-27,134
BRT05: SunU-Monash,BRT01: Sunway-Setia Jaya,2023-11-28,123
BRT05: SunU-Monash,BRT01: Sunway-Setia Jaya,2023-11-29,138
BRT05: SunU-Monash,BRT01: Sunway-Setia Jaya,2023-11-30,118
BRT05: SunU-Monash,BRT01: Sunway-Setia Jaya,2023-12-01,108
BRT05: SunU-Monash,BRT01: Sunway-Setia Jaya,2023-12-02,33
BRT05: SunU-Monash,BRT01: Sunway-Setia Jaya,2023-12-03,13
BRT05: SunU-Monash,BRT01: Sunway-Setia Jaya,2023-12-04,107
BRT05: SunU-Monash,BRT01: Sunway-Setia Jaya,2023-12-05,95
BRT05: SunU-Monash,BRT01: Sunway-Setia Jaya,2023-12-06,83
BRT05: SunU-Monash,BRT01: Sunway-Setia Jaya,2023-12-07,90
BRT05: SunU-Monash,BRT01: Sunway-Setia Jaya,2023-12-08,103
BRT05: SunU-Monash,BRT01: Sunway-Setia Jaya,2023-12-09,33
BRT05: SunU-Monash,BRT01: Sunway-Setia Jaya,2023-12-10,18
BRT05: SunU-Monash,BRT01: Sunway-Setia Jaya,2023-12-11,28
BRT05: SunU-Monash,BRT01: Sunway-Setia Jaya,2023-12-12,86
BRT05: SunU-Monash,BRT01: Sunway-Setia Jaya,2023-12-13,79
BRT05: SunU-Monash,BRT01: Sunway-Setia Jaya,2023-12-14,79
BRT05: SunU-Monash,BRT01: Sunway-Setia Jaya,2023-12-15,73
BRT05: SunU-Monash,BRT01: Sunway-Setia Jaya,2023-12-16,38
BRT05: SunU-Monash,BRT01: Sunway-Setia Jaya,2023-12-17,13
BRT05: SunU-Monash,BRT01: Sunway-Setia Jaya,2023-12-18,48
BRT05: SunU-Monash,BRT01: Sunway-Setia Jaya,2023-12-19,55
BRT05: SunU-Monash,BRT01: Sunway-Setia Jaya,2023-12-20,64
BRT05: SunU-Monash,BRT01: Sunway-Setia Jaya,2023-12-21,53
BRT05: SunU-Monash,BRT01: Sunway-Setia Jaya,2023-12-22,50
BRT05: SunU-Monash,BRT01: Sunway-Setia Jaya,2023-12-23,30
BRT05: SunU-Monash,BRT01: Sunway-Setia Jaya,2023-12-24,18
BRT05: SunU-Monash,BRT01: Sunway-Setia Jaya,2023-12-25,12
BRT05: SunU-Monash,BRT01: Sunway-Setia Jaya,2023-12-26,37
BRT05: SunU-Monash,BRT01: Sunway-Setia Jaya,2023-12-27,40
BRT05: SunU-Monash,BRT01: Sunway-Setia Jaya,2023-12-28,31
BRT05: SunU-Monash,BRT01: Sunway-Setia Jaya,2023-12-29,38
BRT05: SunU-Monash,BRT01: Sunway-Setia Jaya,2023-12-30,21
BRT05: SunU-Monash,BRT01: Sunway-Setia Jaya,2023-12-31,23
BRT05: SunU-Monash,BRT02: Mentari,2023-04-01,32
BRT05: SunU-Monash,BRT02: Mentari,2023-04-02,31
BRT05: SunU-Monash,BRT02: Mentari,2023-04-03,62
BRT05: SunU-Monash,BRT02: Mentari,2023-04-04,68
BRT05: SunU-Monash,BRT02: Mentari,2023-04-05,76
BRT05: SunU-Monash,BRT02: Mentari,2023-04-06,87
BRT05: SunU-Monash,BRT02: Mentari,2023-04-07,90
BRT05: SunU-Monash,BRT02: Mentari,2023-04-08,36
BRT05: SunU-Monash,BRT02: Mentari,2023-04-09,25
BRT05: SunU-Monash,BRT02: Mentari,2023-04-10,53
BRT05: SunU-Monash,BRT02: Mentari,2023-04-11,46
BRT05: SunU-Monash,BRT02: Mentari,2023-04-12,64
BRT05: SunU-Monash,BRT02: Mentari,2023-04-13,62
BRT05: SunU-Monash,BRT02: Mentari,2023-04-14,70
BRT05: SunU-Monash,BRT02: Mentari,2023-04-15,39
BRT05: SunU-Monash,BRT02: Mentari,2023-04-16,26
BRT05: SunU-Monash,BRT02: Mentari,2023-04-17,71
BRT05: SunU-Monash,BRT02: Mentari,2023-04-18,67
BRT05: SunU-Monash,BRT02: Mentari,2023-04-19,76
BRT05: SunU-Monash,BRT02: Mentari,2023-04-20,77
BRT05: SunU-Monash,BRT02: Mentari,2023-04-21,38
BRT05: SunU-Monash,BRT02: Mentari,2023-04-22,16
BRT05: SunU-Monash,BRT02: Mentari,2023-04-23,20
BRT05: SunU-Monash,BRT02: Mentari,2023-04-24,18
BRT05: SunU-Monash,BRT02: Mentari,2023-04-25,50
BRT05: SunU-Monash,BRT02: Mentari,2023-04-26,63
BRT05: SunU-Monash,BRT02: Mentari,2023-04-27,69
BRT05: SunU-Monash,BRT02: Mentari,2023-04-28,86
BRT05: SunU-Monash,BRT02: Mentari,2023-04-29,39
BRT05: SunU-Monash,BRT02: Mentari,2023-04-30,28
BRT05: SunU-Monash,BRT02: Mentari,2023-05-01,12
BRT05: SunU-Monash,BRT02: Mentari,2023-05-02,77
BRT05: SunU-Monash,BRT02: Mentari,2023-05-03,60
BRT05: SunU-Monash,BRT02: Mentari,2023-05-04,34
BRT05: SunU-Monash,BRT02: Mentari,2023-05-05,95
BRT05: SunU-Monash,BRT02: Mentari,2023-05-06,29
BRT05: SunU-Monash,BRT02: Mentari,2023-05-07,18
BRT05: SunU-Monash,BRT02: Mentari,2023-05-08,71
BRT05: SunU-Monash,BRT02: Mentari,2023-05-09,79
BRT05: SunU-Monash,BRT02: Mentari,2023-05-10,70
BRT05: SunU-Monash,BRT02: Mentari,2023-05-11,70
BRT05: SunU-Monash,BRT02: Mentari,2023-05-12,99
BRT05: SunU-Monash,BRT02: Mentari,2023-05-13,35
BRT05: SunU-Monash,BRT02: Mentari,2023-05-14,14
BRT05: SunU-Monash,BRT02: Mentari,2023-05-15,62
BRT05: SunU-Monash,BRT02: Mentari,2023-05-16,67
BRT05: SunU-Monash,BRT02: Mentari,2023-05-17,79
BRT05: SunU-Monash,BRT02: Mentari,2023-05-18,65
BRT05: SunU-Monash,BRT02: Mentari,2023-05-19,95
BRT05: SunU-Monash,BRT02: Mentari,2023-05-20,44
BRT05: SunU-Monash,BRT02: Mentari,2023-05-21,21
BRT05: SunU-Monash,BRT02: Mentari,2023-05-22,57
BRT05: SunU-Monash,BRT02: Mentari,2023-05-23,82
BRT05: SunU-Monash,BRT02: Mentari,2023-05-24,93
BRT05: SunU-Monash,BRT02: Mentari,2023-05-25,56
BRT05: SunU-Monash,BRT02: Mentari,2023-05-26,84
BRT05: SunU-Monash,BRT02: Mentari,2023-05-27,43
BRT05: SunU-Monash,BRT02: Mentari,2023-05-28,18
BRT05: SunU-Monash,BRT02: Mentari,2023-05-29,46
BRT05: SunU-Monash,BRT02: Mentari,2023-05-30,63
BRT05: SunU-Monash,BRT02: Mentari,2023-05-31,63
BRT05: SunU-Monash,BRT02: Mentari,2023-06-01,50
BRT05: SunU-Monash,BRT02: Mentari,2023-06-02,70
BRT05: SunU-Monash,BRT02: Mentari,2023-06-03,40
BRT05: SunU-Monash,BRT02: Mentari,2023-06-04,14
BRT05: SunU-Monash,BRT02: Mentari,2023-06-05,19
BRT05: SunU-Monash,BRT02: Mentari,2023-06-06,65
BRT05: SunU-Monash,BRT02: Mentari,2023-06-07,63
BRT05: SunU-Monash,BRT02: Mentari,2023-06-08,56
BRT05: SunU-Monash,BRT02: Mentari,2023-06-09,70
BRT05: SunU-Monash,BRT02: Mentari,2023-06-10,35
BRT05: SunU-Monash,BRT02: Mentari,2023-06-11,20
BRT05: SunU-Monash,BRT02: Mentari,2023-06-12,49
BRT05: SunU-Monash,BRT02: Mentari,2023-06-13,58
BRT05: SunU-Monash,BRT02: Mentari,2023-06-14,61
BRT05: SunU-Monash,BRT02: Mentari,2023-06-15,51
BRT05: SunU-Monash,BRT02: Mentari,2023-06-16,67
BRT05: SunU-Monash,BRT02: Mentari,2023-06-17,38
BRT05: SunU-Monash,BRT02: Mentari,2023-06-18,22
BRT05: SunU-Monash,BRT02: Mentari,2023-06-19,67
BRT05: SunU-Monash,BRT02: Mentari,2023-06-20,64
BRT05: SunU-Monash,BRT02: Mentari,2023-06-21,62
BRT05: SunU-Monash,BRT02: Mentari,2023-06-22,60
BRT05: SunU-Monash,BRT02: Mentari,2023-06-23,57
BRT05: SunU-Monash,BRT02: Mentari,2023-06-24,51
BRT05: SunU-Monash,BRT02: Mentari,2023-06-25,25
BRT05: SunU-Monash,BRT02: Mentari,2023-06-26,55
BRT05: SunU-Monash,BRT02: Mentari,2023-06-27,67
BRT05: SunU-Monash,BRT02: Mentari,2023-06-28,58
BRT05: SunU-Monash,BRT02: Mentari,2023-06-29,27
BRT05: SunU-Monash,BRT02: Mentari,2023-06-30,48
BRT05: SunU-Monash,BRT02: Mentari,2023-07-01,27
BRT05: SunU-Monash,BRT02: Mentari,2023-07-02,25
BRT05: SunU-Monash,BRT02: Mentari,2023-07-03,51
BRT05: SunU-Monash,BRT02: Mentari,2023-07-04,61
BRT05: SunU-Monash,BRT02: Mentari,2023-07-05,95
BRT05: SunU-Monash,BRT02: Mentari,2023-07-06,65
BRT05: SunU-Monash,BRT02: Mentari,2023-07-07,81
BRT05: SunU-Monash,BRT02: Mentari,2023-07-08,44
BRT05: SunU-Monash,BRT02: Mentari,2023-07-09,35
BRT05: SunU-Monash,BRT02: Mentari,2023-07-10,61
BRT05: SunU-Monash,BRT02: Mentari,2023-07-11,53
BRT05: SunU-Monash,BRT02: Mentari,2023-07-12,75
BRT05: SunU-Monash,BRT02: Mentari,2023-07-13,74
BRT05: SunU-Monash,BRT02: Mentari,2023-07-14,73
BRT05: SunU-Monash,BRT02: Mentari,2023-07-15,32
BRT05: SunU-Monash,BRT02: Mentari,2023-07-16,25
BRT05: SunU-Monash,BRT02: Mentari,2023-07-17,64
BRT05: SunU-Monash,BRT02: Mentari,2023-07-18,82
BRT05: SunU-Monash,BRT02: Mentari,2023-07-19,36
BRT05: SunU-Monash,BRT02: Mentari,2023-07-20,76
BRT05: SunU-Monash,BRT02: Mentari,2023-07-21,73
BRT05: SunU-Monash,BRT02: Mentari,2023-07-22,44
BRT05: SunU-Monash,BRT02: Mentari,2023-07-23,33
BRT05: SunU-Monash,BRT02: Mentari,2023-07-24,73
BRT05: SunU-Monash,BRT02: Mentari,2023-07-25,87
BRT05: SunU-Monash,BRT02: Mentari,2023-07-26,93
BRT05: SunU-Monash,BRT02: Mentari,2023-07-27,77
BRT05: SunU-Monash,BRT02: Mentari,2023-07-28,91
BRT05: SunU-Monash,BRT02: Mentari,2023-07-29,33
BRT05: SunU-Monash,BRT02: Mentari,2023-07-30,25
BRT05: SunU-Monash,BRT02: Mentari,2023-07-31,98
BRT05: SunU-Monash,BRT02: Mentari,2023-08-01,102
BRT05: SunU-Monash,BRT02: Mentari,2023-08-02,96
BRT05: SunU-Monash,BRT02: Mentari,2023-08-03,71
BRT05: SunU-Monash,BRT02: Mentari,2023-08-04,94
BRT05: SunU-Monash,BRT02: Mentari,2023-08-05,68
BRT05: SunU-Monash,BRT02: Mentari,2023-08-06,30
BRT05: SunU-Monash,BRT02: Mentari,2023-08-07,89
BRT05: SunU-Monash,BRT02: Mentari,2023-08-08,80
BRT05: SunU-Monash,BRT02: Mentari,2023-08-09,98
BRT05: SunU-Monash,BRT02: Mentari,2023-08-10,81
BRT05: SunU-Monash,BRT02: Mentari,2023-08-11,104
BRT05: SunU-Monash,BRT02: Mentari,2023-08-12,50
BRT05: SunU-Monash,BRT02: Mentari,2023-08-13,33
BRT05: SunU-Monash,BRT02: Mentari,2023-08-14,37
BRT05: SunU-Monash,BRT02: Mentari,2023-08-15,70
BRT05: SunU-Monash,BRT02: Mentari,2023-08-16,96
BRT05: SunU-Monash,BRT02: Mentari,2023-08-17,72
BRT05: SunU-Monash,BRT02: Mentari,2023-08-18,115
BRT05: SunU-Monash,BRT02: Mentari,2023-08-19,48
BRT05: SunU-Monash,BRT02: Mentari,2023-08-20,24
BRT05: SunU-Monash,BRT02: Mentari,2023-08-21,71
BRT05: SunU-Monash,BRT02: Mentari,2023-08-22,66
BRT05: SunU-Monash,BRT02: Mentari,2023-08-23,91
BRT05: SunU-Monash,BRT02: Mentari,2023-08-24,85
BRT05: SunU-Monash,BRT02: Mentari,2023-08-25,112
BRT05: SunU-Monash,BRT02: Mentari,2023-08-26,47
BRT05: SunU-Monash,BRT02: Mentari,2023-08-27,34
BRT05: SunU-Monash,BRT02: Mentari,2023-08-28,83
BRT05: SunU-Monash,BRT02: Mentari,2023-08-29,82
BRT05: SunU-Monash,BRT02: Mentari,2023-08-30,97
BRT05: SunU-Monash,BRT02: Mentari,2023-08-31,24
BRT05: SunU-Monash,BRT02: Mentari,2023-09-01,87
BRT05: SunU-Monash,BRT02: Mentari,2023-09-02,50
BRT05: SunU-Monash,BRT02: Mentari,2023-09-03,26
BRT05: SunU-Monash,BRT02: Mentari,2023-09-04,76
BRT05: SunU-Monash,BRT02: Mentari,2023-09-05,73
BRT05: SunU-Monash,BRT02: Mentari,2023-09-06,96
BRT05: SunU-Monash,BRT02: Mentari,2023-09-07,84
BRT05: SunU-Monash,BRT02: Mentari,2023-09-08,121
BRT05: SunU-Monash,BRT02: Mentari,2023-09-09,48
BRT05: SunU-Monash,BRT02: Mentari,2023-09-10,26
BRT05: SunU-Monash,BRT02: Mentari,2023-09-11,99
BRT05: SunU-Monash,BRT02: Mentari,2023-09-12,76
BRT05: SunU-Monash,BRT02: Mentari,2023-09-13,122
BRT05: SunU-Monash,BRT02: Mentari,2023-09-14,92
BRT05: SunU-Monash,BRT02: Mentari,2023-09-15,119
BRT05: SunU-Monash,BRT02: Mentari,2023-09-16,33
BRT05: SunU-Monash,BRT02: Mentari,2023-09-17,22
BRT05: SunU-Monash,BRT02: Mentari,2023-09-18,87
BRT05: SunU-Monash,BRT02: Mentari,2023-09-19,94
BRT05: SunU-Monash,BRT02: Mentari,2023-09-20,98
BRT05: SunU-Monash,BRT02: Mentari,2023-09-21,86
BRT05: SunU-Monash,BRT02: Mentari,2023-09-22,119
BRT05: SunU-Monash,BRT02: Mentari,2023-09-23,44
BRT05: SunU-Monash,BRT02: Mentari,2023-09-24,24
BRT05: SunU-Monash,BRT02: Mentari,2023-09-25,72
BRT05: SunU-Monash,BRT02: Mentari,2023-09-26,74
BRT05: SunU-Monash,BRT02: Mentari,2023-09-27,95
BRT05: SunU-Monash,BRT02: Mentari,2023-09-28,38
BRT05: SunU-Monash,BRT02: Mentari,2023-09-29,91
BRT05: SunU-Monash,BRT02: Mentari,2023-09-30,43
BRT05: SunU-Monash,BRT02: Mentari,2023-10-01,29
BRT05: SunU-Monash,BRT02: Mentari,2023-10-02,90
BRT05: SunU-Monash,BRT02: Mentari,2023-10-03,99
BRT05: SunU-Monash,BRT02: Mentari,2023-10-04,124
BRT05: SunU-Monash,BRT02: Mentari,2023-10-05,97
BRT05: SunU-Monash,BRT02: Mentari,2023-10-06,144
BRT05: SunU-Monash,BRT02: Mentari,2023-10-07,51
BRT05: SunU-Monash,BRT02: Mentari,2023-10-08,34
BRT05: SunU-Monash,BRT02: Mentari,2023-10-09,89
BRT05: SunU-Monash,BRT02: Mentari,2023-10-10,84
BRT05: SunU-Monash,BRT02: Mentari,2023-10-11,135
BRT05: SunU-Monash,BRT02: Mentari,2023-10-12,94
BRT05: SunU-Monash,BRT02: Mentari,2023-10-13,140
BRT05: SunU-Monash,BRT02: Mentari,2023-10-14,63
BRT05: SunU-Monash,BRT02: Mentari,2023-10-15,47
BRT05: SunU-Monash,BRT02: Mentari,2023-10-16,93
BRT05: SunU-Monash,BRT02: Mentari,2023-10-17,89
BRT05: SunU-Monash,BRT02: Mentari,2023-10-18,98
BRT05: SunU-Monash,BRT02: Mentari,2023-10-19,106
BRT05: SunU-Monash,BRT02: Mentari,2023-10-20,145
BRT05: SunU-Monash,BRT02: Mentari,2023-10-21,43
BRT05: SunU-Monash,BRT02: Mentari,2023-10-22,38
BRT05: SunU-Monash,BRT02: Mentari,2023-10-23,74
BRT05: SunU-Monash,BRT02: Mentari,2023-10-24,78
BRT05: SunU-Monash,BRT02: Mentari,2023-10-25,105
BRT05: SunU-Monash,BRT02: Mentari,2023-10-26,90
BRT05: SunU-Monash,BRT02: Mentari,2023-10-27,114
BRT05: SunU-Monash,BRT02: Mentari,2023-10-28,54
BRT05: SunU-Monash,BRT02: Mentari,2023-10-29,32
BRT05: SunU-Monash,BRT02: Mentari,2023-10-30,64
BRT05: SunU-Monash,BRT02: Mentari,2023-10-31,78
BRT05: SunU-Monash,BRT02: Mentari,2023-11-01,77
BRT05: SunU-Monash,BRT02: Mentari,2023-11-02,80
BRT05: SunU-Monash,BRT02: Mentari,2023-11-03,87
BRT05: SunU-Monash,BRT02: Mentari,2023-11-04,52
BRT05: SunU-Monash,BRT02: Mentari,2023-11-05,21
BRT05: SunU-Monash,BRT02: Mentari,2023-11-06,74
BRT05: SunU-Monash,BRT02: Mentari,2023-11-07,75
BRT05: SunU-Monash,BRT02: Mentari,2023-11-08,94
BRT05: SunU-Monash,BRT02: Mentari,2023-11-09,91
BRT05: SunU-Monash,BRT02: Mentari,2023-11-10,95
BRT05: SunU-Monash,BRT02: Mentari,2023-11-11,39
BRT05: SunU-Monash,BRT02: Mentari,2023-11-12,28
BRT05: SunU-Monash,BRT02: Mentari,2023-11-13,36
BRT05: SunU-Monash,BRT02: Mentari,2023-11-14,66
BRT05: SunU-Monash,BRT02: Mentari,2023-11-15,88
BRT05: SunU-Monash,BRT02: Mentari,2023-11-16,68
BRT05: SunU-Monash,BRT02: Mentari,2023-11-17,70
BRT05: SunU-Monash,BRT02: Mentari,2023-11-18,51
BRT05: SunU-Monash,BRT02: Mentari,2023-11-19,35
BRT05: SunU-Monash,BRT02: Mentari,2023-11-20,63
BRT05: SunU-Monash,BRT02: Mentari,2023-11-21,66
BRT05: SunU-Monash,BRT02: Mentari,2023-11-22,85
BRT05: SunU-Monash,BRT02: Mentari,2023-11-23,62
BRT05: SunU-Monash,BRT02: Mentari,2023-11-24,81
BRT05: SunU-Monash,BRT02: Mentari,2023-11-25,37
BRT05: SunU-Monash,BRT02: Mentari,2023-11-26,18
BRT05: SunU-Monash,BRT02: Mentari,2023-11-27,57
BRT05: SunU-Monash,BRT02: Mentari,2023-11-28,61
BRT05: SunU-Monash,BRT02: Mentari,2023-11-29,78
BRT05: SunU-Monash,BRT02: Mentari,2023-11-30,61
BRT05: SunU-Monash,BRT02: Mentari,2023-12-01,84
BRT05: SunU-Monash,BRT02: Mentari,2023-12-02,49
BRT05: SunU-Monash,BRT02: Mentari,2023-12-03,30
BRT05: SunU-Monash,BRT02: Mentari,2023-12-04,62
BRT05: SunU-Monash,BRT02: Mentari,2023-12-05,75
BRT05: SunU-Monash,BRT02: Mentari,2023-12-06,68
BRT05: SunU-Monash,BRT02: Mentari,2023-12-07,76
BRT05: SunU-Monash,BRT02: Mentari,2023-12-08,74
BRT05: SunU-Monash,BRT02: Mentari,2023-12-09,34
BRT05: SunU-Monash,BRT02: Mentari,2023-12-10,35
BRT05: SunU-Monash,BRT02: Mentari,2023-12-11,22
BRT05: SunU-Monash,BRT02: Mentari,2023-12-12,71
BRT05: SunU-Monash,BRT02: Mentari,2023-12-13,65
BRT05: SunU-Monash,BRT02: Mentari,2023-12-14,43
BRT05: SunU-Monash,BRT02: Mentari,2023-12-15,72
BRT05: SunU-Monash,BRT02: Mentari,2023-12-16,27
BRT05: SunU-Monash,BRT02: Mentari,2023-12-17,27
BRT05: SunU-Monash,BRT02: Mentari,2023-12-18,54
BRT05: SunU-Monash,BRT02: Mentari,2023-12-19,49
BRT05: SunU-Monash,BRT02: Mentari,2023-12-20,65
BRT05: SunU-Monash,BRT02: Mentari,2023-12-21,46
BRT05: SunU-Monash,BRT02: Mentari,2023-12-22,59
BRT05: SunU-Monash,BRT02: Mentari,2023-12-23,33
BRT05: SunU-Monash,BRT02: Mentari,2023-12-24,28
BRT05: SunU-Monash,BRT02: Mentari,2023-12-25,12
BRT05: SunU-Monash,BRT02: Mentari,2023-12-26,45
BRT05: SunU-Monash,BRT02: Mentari,2023-12-27,54
BRT05: SunU-Monash,BRT02: Mentari,2023-12-28,41
BRT05: SunU-Monash,BRT02: Mentari,2023-12-29,46
BRT05: SunU-Monash,BRT02: Mentari,2023-12-30,36
BRT05: SunU-Monash,BRT02: Mentari,2023-12-31,32
BRT05: SunU-Monash,BRT03: Sunway Lagoon,2023-04-01,145
BRT05: SunU-Monash,BRT03: Sunway Lagoon,2023-04-02,181
BRT05: SunU-Monash,BRT03: Sunway Lagoon,2023-04-03,233
BRT05: SunU-Monash,BRT03: Sunway Lagoon,2023-04-04,233
BRT05: SunU-Monash,BRT03: Sunway Lagoon,2023-04-05,239
BRT05: SunU-Monash,BRT03: Sunway Lagoon,2023-04-06,345
BRT05: SunU-Monash,BRT03: Sunway Lagoon,2023-04-07,333
BRT05: SunU-Monash,BRT03: Sunway Lagoon,2023-04-08,147
BRT05: SunU-Monash,BRT03: Sunway Lagoon,2023-04-09,136
BRT05: SunU-Monash,BRT03: Sunway Lagoon,2023-04-10,170
BRT05: SunU-Monash,BRT03: Sunway Lagoon,2023-04-11,145
BRT05: SunU-Monash,BRT03: Sunway Lagoon,2023-04-12,170
BRT05: SunU-Monash,BRT03: Sunway Lagoon,2023-04-13,170
BRT05: SunU-Monash,BRT03: Sunway Lagoon,2023-04-14,167
BRT05: SunU-Monash,BRT03: Sunway Lagoon,2023-04-15,146
BRT05: SunU-Monash,BRT03: Sunway Lagoon,2023-04-16,150
BRT05: SunU-Monash,BRT03: Sunway Lagoon,2023-04-17,229
BRT05: SunU-Monash,BRT03: Sunway Lagoon,2023-04-18,258
BRT05: SunU-Monash,BRT03: Sunway Lagoon,2023-04-19,312
BRT05: SunU-Monash,BRT03: Sunway Lagoon,2023-04-20,297
BRT05: SunU-Monash,BRT03: Sunway Lagoon,2023-04-21,167
BRT05: SunU-Monash,BRT03: Sunway Lagoon,2023-04-22,174
BRT05: SunU-Monash,BRT03: Sunway Lagoon,2023-04-23,126
BRT05: SunU-Monash,BRT03: Sunway Lagoon,2023-04-24,109
BRT05: SunU-Monash,BRT03: Sunway Lagoon,2023-04-25,279
BRT05: SunU-Monash,BRT03: Sunway Lagoon,2023-04-26,270
BRT05: SunU-Monash,BRT03: Sunway Lagoon,2023-04-27,304
BRT05: SunU-Monash,BRT03: Sunway Lagoon,2023-04-28,277
BRT05: SunU-Monash,BRT03: Sunway Lagoon,2023-04-29,155
BRT05: SunU-Monash,BRT03: Sunway Lagoon,2023-04-30,161
BRT05: SunU-Monash,BRT03: Sunway Lagoon,2023-05-01,123
BRT05: SunU-Monash,BRT03: Sunway Lagoon,2023-05-02,271
BRT05: SunU-Monash,BRT03: Sunway Lagoon,2023-05-03,321
BRT05: SunU-Monash,BRT03: Sunway Lagoon,2023-05-04,163
BRT05: SunU-Monash,BRT03: Sunway Lagoon,2023-05-05,294
BRT05: SunU-Monash,BRT03: Sunway Lagoon,2023-05-06,183
BRT05: SunU-Monash,BRT03: Sunway Lagoon,2023-05-07,98
BRT05: SunU-Monash,BRT03: Sunway Lagoon,2023-05-08,251
BRT05: SunU-Monash,BRT03: Sunway Lagoon,2023-05-09,268
BRT05: SunU-Monash,BRT03: Sunway Lagoon,2023-05-10,272
BRT05: SunU-Monash,BRT03: Sunway Lagoon,2023-05-11,275
BRT05: SunU-Monash,BRT03: Sunway Lagoon,2023-05-12,333
BRT05: SunU-Monash,BRT03: Sunway Lagoon,2023-05-13,194
BRT05: SunU-Monash,BRT03: Sunway Lagoon,2023-05-14,132
BRT05: SunU-Monash,BRT03: Sunway Lagoon,2023-05-15,219
BRT05: SunU-Monash,BRT03: Sunway Lagoon,2023-05-16,231
BRT05: SunU-Monash,BRT03: Sunway Lagoon,2023-05-17,270
BRT05: SunU-Monash,BRT03: Sunway Lagoon,2023-05-18,238
BRT05: SunU-Monash,BRT03: Sunway Lagoon,2023-05-19,293
BRT05: SunU-Monash,BRT03: Sunway Lagoon,2023-05-20,167
BRT05: SunU-Monash,BRT03: Sunway Lagoon,2023-05-21,118
BRT05: SunU-Monash,BRT03: Sunway Lagoon,2023-05-22,239
BRT05: SunU-Monash,BRT03: Sunway Lagoon,2023-05-23,236
BRT05: SunU-Monash,BRT03: Sunway Lagoon,2023-05-24,287
BRT05: SunU-Monash,BRT03: Sunway Lagoon,2023-05-25,258
BRT05: SunU-Monash,BRT03: Sunway Lagoon,2023-05-26,312
BRT05: SunU-Monash,BRT03: Sunway Lagoon,2023-05-27,164
BRT05: SunU-Monash,BRT03: Sunway Lagoon,2023-05-28,127
BRT05: SunU-Monash,BRT03: Sunway Lagoon,2023-05-29,223
BRT05: SunU-Monash,BRT03: Sunway Lagoon,2023-05-30,220
BRT05: SunU-Monash,BRT03: Sunway Lagoon,2023-05-31,213
BRT05: SunU-Monash,BRT03: Sunway Lagoon,2023-06-01,255
BRT05: SunU-Monash,BRT03: Sunway Lagoon,2023-06-02,198
BRT05: SunU-Monash,BRT03: Sunway Lagoon,2023-06-03,153
BRT05: SunU-Monash,BRT03: Sunway Lagoon,2023-06-04,115
BRT05: SunU-Monash,BRT03: Sunway Lagoon,2023-06-05,107
BRT05: SunU-Monash,BRT03: Sunway Lagoon,2023-06-06,167
BRT05: SunU-Monash,BRT03: Sunway Lagoon,2023-06-07,225
BRT05: SunU-Monash,BRT03: Sunway Lagoon,2023-06-08,230
BRT05: SunU-Monash,BRT03: Sunway Lagoon,2023-06-09,221
BRT05: SunU-Monash,BRT03: Sunway Lagoon,2023-06-10,135
BRT05: SunU-Monash,BRT03: Sunway Lagoon,2023-06-11,106
BRT05: SunU-Monash,BRT03: Sunway Lagoon,2023-06-12,190
BRT05: SunU-Monash,BRT03: Sunway Lagoon,2023-06-13,177
BRT05: SunU-Monash,BRT03: Sunway Lagoon,2023-06-14,206
BRT05: SunU-Monash,BRT03: Sunway Lagoon,2023-06-15,236
BRT05: SunU-Monash,BRT03: Sunway Lagoon,2023-06-16,170
BRT05: SunU-Monash,BRT03: Sunway Lagoon,2023-06-17,123
BRT05: SunU-Monash,BRT03: Sunway Lagoon,2023-06-18,99
BRT05: SunU-Monash,BRT03: Sunway Lagoon,2023-06-19,183
BRT05: SunU-Monash,BRT03: Sunway Lagoon,2023-06-20,180
BRT05: SunU-Monash,BRT03: Sunway Lagoon,2023-06-21,214
BRT05: SunU-Monash,BRT03: Sunway Lagoon,2023-06-22,148
BRT05: SunU-Monash,BRT03: Sunway Lagoon,2023-06-23,133
BRT05: SunU-Monash,BRT03: Sunway Lagoon,2023-06-24,169
BRT05: SunU-Monash,BRT03: Sunway Lagoon,2023-06-25,96
BRT05: SunU-Monash,BRT03: Sunway Lagoon,2023-06-26,140
BRT05: SunU-Monash,BRT03: Sunway Lagoon,2023-06-27,154
BRT05: SunU-Monash,BRT03: Sunway Lagoon,2023-06-28,128
BRT05: SunU-Monash,BRT03: Sunway Lagoon,2023-06-29,80
BRT05: SunU-Monash,BRT03: Sunway Lagoon,2023-06-30,128
BRT05: SunU-Monash,BRT03: Sunway Lagoon,2023-07-01,96
BRT05: SunU-Monash,BRT03: Sunway Lagoon,2023-07-02,68
BRT05: SunU-Monash,BRT03: Sunway Lagoon,2023-07-03,123
BRT05: SunU-Monash,BRT03: Sunway Lagoon,2023-07-04,145
BRT05: SunU-Monash,BRT03: Sunway Lagoon,2023-07-05,157
BRT05: SunU-Monash,BRT03: Sunway Lagoon,2023-07-06,139
BRT05: SunU-Monash,BRT03: Sunway Lagoon,2023-07-07,154
BRT05: SunU-Monash,BRT03: Sunway Lagoon,2023-07-08,152
BRT05: SunU-Monash,BRT03: Sunway Lagoon,2023-07-09,87
BRT05: SunU-Monash,BRT03: Sunway Lagoon,2023-07-10,164
BRT05: SunU-Monash,BRT03: Sunway Lagoon,2023-07-11,123
BRT05: SunU-Monash,BRT03: Sunway Lagoon,2023-07-12,154
BRT05: SunU-Monash,BRT03: Sunway Lagoon,2023-07-13,121
BRT05: SunU-Monash,BRT03: Sunway Lagoon,2023-07-14,157
BRT05: SunU-Monash,BRT03: Sunway Lagoon,2023-07-15,120
BRT05: SunU-Monash,BRT03: Sunway Lagoon,2023-07-16,92
BRT05: SunU-Monash,BRT03: Sunway Lagoon,2023-07-17,220
BRT05: SunU-Monash,BRT03: Sunway Lagoon,2023-07-18,199
BRT05: SunU-Monash,BRT03: Sunway Lagoon,2023-07-19,137
BRT05: SunU-Monash,BRT03: Sunway Lagoon,2023-07-20,182
BRT05: SunU-Monash,BRT03: Sunway Lagoon,2023-07-21,226
BRT05: SunU-Monash,BRT03: Sunway Lagoon,2023-07-22,211
BRT05: SunU-Monash,BRT03: Sunway Lagoon,2023-07-23,150
BRT05: SunU-Monash,BRT03: Sunway Lagoon,2023-07-24,380
BRT05: SunU-Monash,BRT03: Sunway Lagoon,2023-07-25,315
BRT05: SunU-Monash,BRT03: Sunway Lagoon,2023-07-26,320
BRT05: SunU-Monash,BRT03: Sunway Lagoon,2023-07-27,329
BRT05: SunU-Monash,BRT03: Sunway Lagoon,2023-07-28,334
BRT05: SunU-Monash,BRT03: Sunway Lagoon,2023-07-29,179
BRT05: SunU-Monash,BRT03: Sunway Lagoon,2023-07-30,124
BRT05: SunU-Monash,BRT03: Sunway Lagoon,2023-07-31,267
BRT05: SunU-Monash,BRT03: Sunway Lagoon,2023-08-01,301
BRT05: SunU-Monash,BRT03: Sunway Lagoon,2023-08-02,308
BRT05: SunU-Monash,BRT03: Sunway Lagoon,2023-08-03,260
BRT05: SunU-Monash,BRT03: Sunway Lagoon,2023-08-04,311
BRT05: SunU-Monash,BRT03: Sunway Lagoon,2023-08-05,150
BRT05: SunU-Monash,BRT03: Sunway Lagoon,2023-08-06,122
BRT05: SunU-Monash,BRT03: Sunway Lagoon,2023-08-07,251
BRT05: SunU-Monash,BRT03: Sunway Lagoon,2023-08-08,298
BRT05: SunU-Monash,BRT03: Sunway Lagoon,2023-08-09,314
BRT05: SunU-Monash,BRT03: Sunway Lagoon,2023-08-10,303
BRT05: SunU-Monash,BRT03: Sunway Lagoon,2023-08-11,305
BRT05: SunU-Monash,BRT03: Sunway Lagoon,2023-08-12,116
BRT05: SunU-Monash,BRT03: Sunway Lagoon,2023-08-13,114
BRT05: SunU-Monash,BRT03: Sunway Lagoon,2023-08-14,153
BRT05: SunU-Monash,BRT03: Sunway Lagoon,2023-08-15,250
BRT05: SunU-Monash,BRT03: Sunway Lagoon,2023-08-16,288
BRT05: SunU-Monash,BRT03: Sunway Lagoon,2023-08-17,238
BRT05: SunU-Monash,BRT03: Sunway Lagoon,2023-08-18,268
BRT05: SunU-Monash,BRT03: Sunway Lagoon,2023-08-19,164
BRT05: SunU-Monash,BRT03: Sunway Lagoon,2023-08-20,129
BRT05: SunU-Monash,BRT03: Sunway Lagoon,2023-08-21,209
BRT05: SunU-Monash,BRT03: Sunway Lagoon,2023-08-22,212
BRT05: SunU-Monash,BRT03: Sunway Lagoon,2023-08-23,260
BRT05: SunU-Monash,BRT03: Sunway Lagoon,2023-08-24,298
BRT05: SunU-Monash,BRT03: Sunway Lagoon,2023-08-25,283
BRT05: SunU-Monash,BRT03: Sunway Lagoon,2023-08-26,193
BRT05: SunU-Monash,BRT03: Sunway Lagoon,2023-08-27,123
BRT05: SunU-Monash,BRT03: Sunway Lagoon,2023-08-28,267
BRT05: SunU-Monash,BRT03: Sunway Lagoon,2023-08-29,311
BRT05: SunU-Monash,BRT03: Sunway Lagoon,2023-08-30,323
BRT05: SunU-Monash,BRT03: Sunway Lagoon,2023-08-31,164
BRT05: SunU-Monash,BRT03: Sunway Lagoon,2023-09-01,311
BRT05: SunU-Monash,BRT03: Sunway Lagoon,2023-09-02,135
BRT05: SunU-Monash,BRT03: Sunway Lagoon,2023-09-03,114
BRT05: SunU-Monash,BRT03: Sunway Lagoon,2023-09-04,223
BRT05: SunU-Monash,BRT03: Sunway Lagoon,2023-09-05,261
BRT05: SunU-Monash,BRT03: Sunway Lagoon,2023-09-06,254
BRT05: SunU-Monash,BRT03: Sunway Lagoon,2023-09-07,342
BRT05: SunU-Monash,BRT03: Sunway Lagoon,2023-09-08,354
BRT05: SunU-Monash,BRT03: Sunway Lagoon,2023-09-09,202
BRT05: SunU-Monash,BRT03: Sunway Lagoon,2023-09-10,156
BRT05: SunU-Monash,BRT03: Sunway Lagoon,2023-09-11,247
BRT05: SunU-Monash,BRT03: Sunway Lagoon,2023-09-12,240
BRT05: SunU-Monash,BRT03: Sunway Lagoon,2023-09-13,255
BRT05: SunU-Monash,BRT03: Sunway Lagoon,2023-09-14,252
BRT05: SunU-Monash,BRT03: Sunway Lagoon,2023-09-15,323
BRT05: SunU-Monash,BRT03: Sunway Lagoon,2023-09-16,162
BRT05: SunU-Monash,BRT03: Sunway Lagoon,2023-09-17,119
BRT05: SunU-Monash,BRT03: Sunway Lagoon,2023-09-18,292
BRT05: SunU-Monash,BRT03: Sunway Lagoon,2023-09-19,291
BRT05: SunU-Monash,BRT03: Sunway Lagoon,2023-09-20,352
BRT05: SunU-Monash,BRT03: Sunway Lagoon,2023-09-21,256
BRT05: SunU-Monash,BRT03: Sunway Lagoon,2023-09-22,343
BRT05: SunU-Monash,BRT03: Sunway Lagoon,2023-09-23,206
BRT05: SunU-Monash,BRT03: Sunway Lagoon,2023-09-24,112
BRT05: SunU-Monash,BRT03: Sunway Lagoon,2023-09-25,194
BRT05: SunU-Monash,BRT03: Sunway Lagoon,2023-09-26,201
BRT05: SunU-Monash,BRT03: Sunway Lagoon,2023-09-27,193
BRT05: SunU-Monash,BRT03: Sunway Lagoon,2023-09-28,161
BRT05: SunU-Monash,BRT03: Sunway Lagoon,2023-09-29,232
BRT05: SunU-Monash,BRT03: Sunway Lagoon,2023-09-30,148
BRT05: SunU-Monash,BRT03: Sunway Lagoon,2023-10-01,145
BRT05: SunU-Monash,BRT03: Sunway Lagoon,2023-10-02,210
BRT05: SunU-Monash,BRT03: Sunway Lagoon,2023-10-03,289
BRT05: SunU-Monash,BRT03: Sunway Lagoon,2023-10-04,288
BRT05: SunU-Monash,BRT03: Sunway Lagoon,2023-10-05,343
BRT05: SunU-Monash,BRT03: Sunway Lagoon,2023-10-06,327
BRT05: SunU-Monash,BRT03: Sunway Lagoon,2023-10-07,247
BRT05: SunU-Monash,BRT03: Sunway Lagoon,2023-10-08,129
BRT05: SunU-Monash,BRT03: Sunway Lagoon,2023-10-09,205
BRT05: SunU-Monash,BRT03: Sunway Lagoon,2023-10-10,279
BRT05: SunU-Monash,BRT03: Sunway Lagoon,2023-10-11,291
BRT05: SunU-Monash,BRT03: Sunway Lagoon,2023-10-12,296
BRT05: SunU-Monash,BRT03: Sunway Lagoon,2023-10-13,360
BRT05: SunU-Monash,BRT03: Sunway Lagoon,2023-10-14,208
BRT05: SunU-Monash,BRT03: Sunway Lagoon,2023-10-15,162
BRT05: SunU-Monash,BRT03: Sunway Lagoon,2023-10-16,253
BRT05: SunU-Monash,BRT03: Sunway Lagoon,2023-10-17,265
BRT05: SunU-Monash,BRT03: Sunway Lagoon,2023-10-18,389
BRT05: SunU-Monash,BRT03: Sunway Lagoon,2023-10-19,351
BRT05: SunU-Monash,BRT03: Sunway Lagoon,2023-10-20,337
BRT05: SunU-Monash,BRT03: Sunway Lagoon,2023-10-21,292
BRT05: SunU-Monash,BRT03: Sunway Lagoon,2023-10-22,166
BRT05: SunU-Monash,BRT03: Sunway Lagoon,2023-10-23,223
BRT05: SunU-Monash,BRT03: Sunway Lagoon,2023-10-24,221
BRT05: SunU-Monash,BRT03: Sunway Lagoon,2023-10-25,223
BRT05: SunU-Monash,BRT03: Sunway Lagoon,2023-10-26,238
BRT05: SunU-Monash,BRT03: Sunway Lagoon,2023-10-27,272
BRT05: SunU-Monash,BRT03: Sunway Lagoon,2023-10-28,187
BRT05: SunU-Monash,BRT03: Sunway Lagoon,2023-10-29,159
BRT05: SunU-Monash,BRT03: Sunway Lagoon,2023-10-30,227
BRT05: SunU-Monash,BRT03: Sunway Lagoon,2023-10-31,285
BRT05: SunU-Monash,BRT03: Sunway Lagoon,2023-11-01,229
BRT05: SunU-Monash,BRT03: Sunway Lagoon,2023-11-02,257
BRT05: SunU-Monash,BRT03: Sunway Lagoon,2023-11-03,270
BRT05: SunU-Monash,BRT03: Sunway Lagoon,2023-11-04,253
BRT05: SunU-Monash,BRT03: Sunway Lagoon,2023-11-05,152
BRT05: SunU-Monash,BRT03: Sunway Lagoon,2023-11-06,240
BRT05: SunU-Monash,BRT03: Sunway Lagoon,2023-11-07,245
BRT05: SunU-Monash,BRT03: Sunway Lagoon,2023-11-08,306
BRT05: SunU-Monash,BRT03: Sunway Lagoon,2023-11-09,291
BRT05: SunU-Monash,BRT03: Sunway Lagoon,2023-11-10,379
BRT05: SunU-Monash,BRT03: Sunway Lagoon,2023-11-11,268
BRT05: SunU-Monash,BRT03: Sunway Lagoon,2023-11-12,200
BRT05: SunU-Monash,BRT03: Sunway Lagoon,2023-11-13,120
BRT05: SunU-Monash,BRT03: Sunway Lagoon,2023-11-14,248
BRT05: SunU-Monash,BRT03: Sunway Lagoon,2023-11-15,194
BRT05: SunU-Monash,BRT03: Sunway Lagoon,2023-11-16,175
BRT05: SunU-Monash,BRT03: Sunway Lagoon,2023-11-17,293
BRT05: SunU-Monash,BRT03: Sunway Lagoon,2023-11-18,184
BRT05: SunU-Monash,BRT03: Sunway Lagoon,2023-11-19,184
BRT05: SunU-Monash,BRT03: Sunway Lagoon,2023-11-20,133
BRT05: SunU-Monash,BRT03: Sunway Lagoon,2023-11-21,161
BRT05: SunU-Monash,BRT03: Sunway Lagoon,2023-11-22,194
BRT05: SunU-Monash,BRT03: Sunway Lagoon,2023-11-23,200
BRT05: SunU-Monash,BRT03: Sunway Lagoon,2023-11-24,277
BRT05: SunU-Monash,BRT03: Sunway Lagoon,2023-11-25,243
BRT05: SunU-Monash,BRT03: Sunway Lagoon,2023-11-26,139
BRT05: SunU-Monash,BRT03: Sunway Lagoon,2023-11-27,143
BRT05: SunU-Monash,BRT03: Sunway Lagoon,2023-11-28,150
BRT05: SunU-Monash,BRT03: Sunway Lagoon,2023-11-29,172
BRT05: SunU-Monash,BRT03: Sunway Lagoon,2023-11-30,160
BRT05: SunU-Monash,BRT03: Sunway Lagoon,2023-12-01,200
BRT05: SunU-Monash,BRT03: Sunway Lagoon,2023-12-02,162
BRT05: SunU-Monash,BRT03: Sunway Lagoon,2023-12-03,97
BRT05: SunU-Monash,BRT03: Sunway Lagoon,2023-12-04,180
BRT05: SunU-Monash,BRT03: Sunway Lagoon,2023-12-05,166
BRT05: SunU-Monash,BRT03: Sunway Lagoon,2023-12-06,175
BRT05: SunU-Monash,BRT03: Sunway Lagoon,2023-12-07,183
BRT05: SunU-Monash,BRT03: Sunway Lagoon,2023-12-08,189
BRT05: SunU-Monash,BRT03: Sunway Lagoon,2023-12-09,139
BRT05: SunU-Monash,BRT03: Sunway Lagoon,2023-12-10,90
BRT05: SunU-Monash,BRT03: Sunway Lagoon,2023-12-11,87
BRT05: SunU-Monash,BRT03: Sunway Lagoon,2023-12-12,180
BRT05: SunU-Monash,BRT03: Sunway Lagoon,2023-12-13,161
BRT05: SunU-Monash,BRT03: Sunway Lagoon,2023-12-14,174
BRT05: SunU-Monash,BRT03: Sunway Lagoon,2023-12-15,176
BRT05: SunU-Monash,BRT03: Sunway Lagoon,2023-12-16,175
BRT05: SunU-Monash,BRT03: Sunway Lagoon,2023-12-17,87
BRT05: SunU-Monash,BRT03: Sunway Lagoon,2023-12-18,168
BRT05: SunU-Monash,BRT03: Sunway Lagoon,2023-12-19,152
BRT05: SunU-Monash,BRT03: Sunway Lagoon,2023-12-20,189
BRT05: SunU-Monash,BRT03: Sunway Lagoon,2023-12-21,170
BRT05: SunU-Monash,BRT03: Sunway Lagoon,2023-12-22,191
BRT05: SunU-Monash,BRT03: Sunway Lagoon,2023-12-23,149
BRT05: SunU-Monash,BRT03: Sunway Lagoon,2023-12-24,104
BRT05: SunU-Monash,BRT03: Sunway Lagoon,2023-12-25,122
BRT05: SunU-Monash,BRT03: Sunway Lagoon,2023-12-26,131
BRT05: SunU-Monash,BRT03: Sunway Lagoon,2023-12-27,131
BRT05: SunU-Monash,BRT03: Sunway Lagoon,2023-12-28,124
BRT05: SunU-Monash,BRT03: Sunway Lagoon,2023-12-29,146
BRT05: SunU-Monash,BRT03: Sunway Lagoon,2023-12-30,97
BRT05: SunU-Monash,BRT03: Sunway Lagoon,2023-12-31,156
BRT05: SunU-Monash,BRT04: SunMed,2023-04-01,233
BRT05: SunU-Monash,BRT04: SunMed,2023-04-02,188
BRT05: SunU-Monash,BRT04: SunMed,2023-04-03,632
BRT05: SunU-Monash,BRT04: SunMed,2023-04-04,674
BRT05: SunU-Monash,BRT04: SunMed,2023-04-05,718
BRT05: SunU-Monash,BRT04: SunMed,2023-04-06,692
BRT05: SunU-Monash,BRT04: SunMed,2023-04-07,562
BRT05: SunU-Monash,BRT04: SunMed,2023-04-08,159
BRT05: SunU-Monash,BRT04: SunMed,2023-04-09,180
BRT05: SunU-Monash,BRT04: SunMed,2023-04-10,328
BRT05: SunU-Monash,BRT04: SunMed,2023-04-11,278
BRT05: SunU-Monash,BRT04: SunMed,2023-04-12,317
BRT05: SunU-Monash,BRT04: SunMed,2023-04-13,272
BRT05: SunU-Monash,BRT04: SunMed,2023-04-14,319
BRT05: SunU-Monash,BRT04: SunMed,2023-04-15,210
BRT05: SunU-Monash,BRT04: SunMed,2023-04-16,176
BRT05: SunU-Monash,BRT04: SunMed,2023-04-17,649
BRT05: SunU-Monash,BRT04: SunMed,2023-04-18,699
BRT05: SunU-Monash,BRT04: SunMed,2023-04-19,730
BRT05: SunU-Monash,BRT04: SunMed,2023-04-20,588
BRT05: SunU-Monash,BRT04: SunMed,2023-04-21,218
BRT05: SunU-Monash,BRT04: SunMed,2023-04-22,159
BRT05: SunU-Monash,BRT04: SunMed,2023-04-23,144
BRT05: SunU-Monash,BRT04: SunMed,2023-04-24,170
BRT05: SunU-Monash,BRT04: SunMed,2023-04-25,676
BRT05: SunU-Monash,BRT04: SunMed,2023-04-26,677
BRT05: SunU-Monash,BRT04: SunMed,2023-04-27,698
BRT05: SunU-Monash,BRT04: SunMed,2023-04-28,573
BRT05: SunU-Monash,BRT04: SunMed,2023-04-29,246
BRT05: SunU-Monash,BRT04: SunMed,2023-04-30,211
BRT05: SunU-Monash,BRT04: SunMed,2023-05-01,219
BRT05: SunU-Monash,BRT04: SunMed,2023-05-02,791
BRT05: SunU-Monash,BRT04: SunMed,2023-05-03,726
BRT05: SunU-Monash,BRT04: SunMed,2023-05-04,249
BRT05: SunU-Monash,BRT04: SunMed,2023-05-05,653
BRT05: SunU-Monash,BRT04: SunMed,2023-05-06,248
BRT05: SunU-Monash,BRT04: SunMed,2023-05-07,208
BRT05: SunU-Monash,BRT04: SunMed,2023-05-08,684
BRT05: SunU-Monash,BRT04: SunMed,2023-05-09,758
BRT05: SunU-Monash,BRT04: SunMed,2023-05-10,692
BRT05: SunU-Monash,BRT04: SunMed,2023-05-11,756
BRT05: SunU-Monash,BRT04: SunMed,2023-05-12,582
BRT05: SunU-Monash,BRT04: SunMed,2023-05-13,239
BRT05: SunU-Monash,BRT04: SunMed,2023-05-14,217
BRT05: SunU-Monash,BRT04: SunMed,2023-05-15,635
BRT05: SunU-Monash,BRT04: SunMed,2023-05-16,651
BRT05: SunU-Monash,BRT04: SunMed,2023-05-17,689
BRT05: SunU-Monash,BRT04: SunMed,2023-05-18,649
BRT05: SunU-Monash,BRT04: SunMed,2023-05-19,596
BRT05: SunU-Monash,BRT04: SunMed,2023-05-20,273
BRT05: SunU-Monash,BRT04: SunMed,2023-05-21,177
BRT05: SunU-Monash,BRT04: SunMed,2023-05-22,624
BRT05: SunU-Monash,BRT04: SunMed,2023-05-23,581
BRT05: SunU-Monash,BRT04: SunMed,2023-05-24,698
BRT05: SunU-Monash,BRT04: SunMed,2023-05-25,623
BRT05: SunU-Monash,BRT04: SunMed,2023-05-26,557
BRT05: SunU-Monash,BRT04: SunMed,2023-05-27,190
BRT05: SunU-Monash,BRT04: SunMed,2023-05-28,184
BRT05: SunU-Monash,BRT04: SunMed,2023-05-29,422
BRT05: SunU-Monash,BRT04: SunMed,2023-05-30,418
BRT05: SunU-Monash,BRT04: SunMed,2023-05-31,393
BRT05: SunU-Monash,BRT04: SunMed,2023-06-01,406
BRT05: SunU-Monash,BRT04: SunMed,2023-06-02,363
BRT05: SunU-Monash,BRT04: SunMed,2023-06-03,197
BRT05: SunU-Monash,BRT04: SunMed,2023-06-04,162
BRT05: SunU-Monash,BRT04: SunMed,2023-06-05,207
BRT05: SunU-Monash,BRT04: SunMed,2023-06-06,421
BRT05: SunU-Monash,BRT04: SunMed,2023-06-07,399
BRT05: SunU-Monash,BRT04: SunMed,2023-06-08,358
BRT05: SunU-Monash,BRT04: SunMed,2023-06-09,316
BRT05: SunU-Monash,BRT04: SunMed,2023-06-10,175
BRT05: SunU-Monash,BRT04: SunMed,2023-06-11,141
BRT05: SunU-Monash,BRT04: SunMed,2023-06-12,296
BRT05: SunU-Monash,BRT04: SunMed,2023-06-13,309
BRT05: SunU-Monash,BRT04: SunMed,2023-06-14,363
BRT05: SunU-Monash,BRT04: SunMed,2023-06-15,302
BRT05: SunU-Monash,BRT04: SunMed,2023-06-16,251
BRT05: SunU-Monash,BRT04: SunMed,2023-06-17,162
BRT05: SunU-Monash,BRT04: SunMed,2023-06-18,141
BRT05: SunU-Monash,BRT04: SunMed,2023-06-19,295
BRT05: SunU-Monash,BRT04: SunMed,2023-06-20,313
BRT05: SunU-Monash,BRT04: SunMed,2023-06-21,312
BRT05: SunU-Monash,BRT04: SunMed,2023-06-22,260
BRT05: SunU-Monash,BRT04: SunMed,2023-06-23,213
BRT05: SunU-Monash,BRT04: SunMed,2023-06-24,152
BRT05: SunU-Monash,BRT04: SunMed,2023-06-25,109
BRT05: SunU-Monash,BRT04: SunMed,2023-06-26,268
BRT05: SunU-Monash,BRT04: SunMed,2023-06-27,272
BRT05: SunU-Monash,BRT04: SunMed,2023-06-28,225
BRT05: SunU-Monash,BRT04: SunMed,2023-06-29,83
BRT05: SunU-Monash,BRT04: SunMed,2023-06-30,160
BRT05: SunU-Monash,BRT04: SunMed,2023-07-01,89
BRT05: SunU-Monash,BRT04: SunMed,2023-07-02,79
BRT05: SunU-Monash,BRT04: SunMed,2023-07-03,223
BRT05: SunU-Monash,BRT04: SunMed,2023-07-04,288
BRT05: SunU-Monash,BRT04: SunMed,2023-07-05,271
BRT05: SunU-Monash,BRT04: SunMed,2023-07-06,272
BRT05: SunU-Monash,BRT04: SunMed,2023-07-07,248
BRT05: SunU-Monash,BRT04: SunMed,2023-07-08,94
BRT05: SunU-Monash,BRT04: SunMed,2023-07-09,101
BRT05: SunU-Monash,BRT04: SunMed,2023-07-10,283
BRT05: SunU-Monash,BRT04: SunMed,2023-07-11,265
BRT05: SunU-Monash,BRT04: SunMed,2023-07-12,276
BRT05: SunU-Monash,BRT04: SunMed,2023-07-13,263
BRT05: SunU-Monash,BRT04: SunMed,2023-07-14,251
BRT05: SunU-Monash,BRT04: SunMed,2023-07-15,129
BRT05: SunU-Monash,BRT04: SunMed,2023-07-16,105
BRT05: SunU-Monash,BRT04: SunMed,2023-07-17,378
BRT05: SunU-Monash,BRT04: SunMed,2023-07-18,397
BRT05: SunU-Monash,BRT04: SunMed,2023-07-19,129
BRT05: SunU-Monash,BRT04: SunMed,2023-07-20,331
BRT05: SunU-Monash,BRT04: SunMed,2023-07-21,328
BRT05: SunU-Monash,BRT04: SunMed,2023-07-22,232
BRT05: SunU-Monash,BRT04: SunMed,2023-07-23,177
BRT05: SunU-Monash,BRT04: SunMed,2023-07-24,731
BRT05: SunU-Monash,BRT04: SunMed,2023-07-25,788
BRT05: SunU-Monash,BRT04: SunMed,2023-07-26,732
BRT05: SunU-Monash,BRT04: SunMed,2023-07-27,666
BRT05: SunU-Monash,BRT04: SunMed,2023-07-28,574
BRT05: SunU-Monash,BRT04: SunMed,2023-07-29,222
BRT05: SunU-Monash,BRT04: SunMed,2023-07-30,226
BRT05: SunU-Monash,BRT04: SunMed,2023-07-31,735
BRT05: SunU-Monash,BRT04: SunMed,2023-08-01,821
BRT05: SunU-Monash,BRT04: SunMed,2023-08-02,716
BRT05: SunU-Monash,BRT04: SunMed,2023-08-03,733
BRT05: SunU-Monash,BRT04: SunMed,2023-08-04,629
BRT05: SunU-Monash,BRT04: SunMed,2023-08-05,284
BRT05: SunU-Monash,BRT04: SunMed,2023-08-06,205
BRT05: SunU-Monash,BRT04: SunMed,2023-08-07,758
BRT05: SunU-Monash,BRT04: SunMed,2023-08-08,810
BRT05: SunU-Monash,BRT04: SunMed,2023-08-09,770
BRT05: SunU-Monash,BRT04: SunMed,2023-08-10,713
BRT05: SunU-Monash,BRT04: SunMed,2023-08-11,529
BRT05: SunU-Monash,BRT04: SunMed,2023-08-12,240
BRT05: SunU-Monash,BRT04: SunMed,2023-08-13,200
BRT05: SunU-Monash,BRT04: SunMed,2023-08-14,253
BRT05: SunU-Monash,BRT04: SunMed,2023-08-15,772
BRT05: SunU-Monash,BRT04: SunMed,2023-08-16,751
BRT05: SunU-Monash,BRT04: SunMed,2023-08-17,695
BRT05: SunU-Monash,BRT04: SunMed,2023-08-18,587
BRT05: SunU-Monash,BRT04: SunMed,2023-08-19,256
BRT05: SunU-Monash,BRT04: SunMed,2023-08-20,226
BRT05: SunU-Monash,BRT04: SunMed,2023-08-21,667
BRT05: SunU-Monash,BRT04: SunMed,2023-08-22,748
BRT05: SunU-Monash,BRT04: SunMed,2023-08-23,781
BRT05: SunU-Monash,BRT04: SunMed,2023-08-24,744
BRT05: SunU-Monash,BRT04: SunMed,2023-08-25,616
BRT05: SunU-Monash,BRT04: SunMed,2023-08-26,241
BRT05: SunU-Monash,BRT04: SunMed,2023-08-27,214
BRT05: SunU-Monash,BRT04: SunMed,2023-08-28,748
BRT05: SunU-Monash,BRT04: SunMed,2023-08-29,785
BRT05: SunU-Monash,BRT04: SunMed,2023-08-30,767
BRT05: SunU-Monash,BRT04: SunMed,2023-08-31,179
BRT05: SunU-Monash,BRT04: SunMed,2023-09-01,610
BRT05: SunU-Monash,BRT04: SunMed,2023-09-02,225
BRT05: SunU-Monash,BRT04: SunMed,2023-09-03,214
BRT05: SunU-Monash,BRT04: SunMed,2023-09-04,705
BRT05: SunU-Monash,BRT04: SunMed,2023-09-05,895
BRT05: SunU-Monash,BRT04: SunMed,2023-09-06,778
BRT05: SunU-Monash,BRT04: SunMed,2023-09-07,819
BRT05: SunU-Monash,BRT04: SunMed,2023-09-08,731
BRT05: SunU-Monash,BRT04: SunMed,2023-09-09,247
BRT05: SunU-Monash,BRT04: SunMed,2023-09-10,253
BRT05: SunU-Monash,BRT04: SunMed,2023-09-11,757
BRT05: SunU-Monash,BRT04: SunMed,2023-09-12,773
BRT05: SunU-Monash,BRT04: SunMed,2023-09-13,748
BRT05: SunU-Monash,BRT04: SunMed,2023-09-14,669
BRT05: SunU-Monash,BRT04: SunMed,2023-09-15,606
BRT05: SunU-Monash,BRT04: SunMed,2023-09-16,230
BRT05: SunU-Monash,BRT04: SunMed,2023-09-17,196
BRT05: SunU-Monash,BRT04: SunMed,2023-09-18,773
BRT05: SunU-Monash,BRT04: SunMed,2023-09-19,790
BRT05: SunU-Monash,BRT04: SunMed,2023-09-20,755
BRT05: SunU-Monash,BRT04: SunMed,2023-09-21,714
BRT05: SunU-Monash,BRT04: SunMed,2023-09-22,704
BRT05: SunU-Monash,BRT04: SunMed,2023-09-23,208
BRT05: SunU-Monash,BRT04: SunMed,2023-09-24,178
BRT05: SunU-Monash,BRT04: SunMed,2023-09-25,452
BRT05: SunU-Monash,BRT04: SunMed,2023-09-26,450
BRT05: SunU-Monash,BRT04: SunMed,2023-09-27,465
BRT05: SunU-Monash,BRT04: SunMed,2023-09-28,181
BRT05: SunU-Monash,BRT04: SunMed,2023-09-29,382
BRT05: SunU-Monash,BRT04: SunMed,2023-09-30,194
BRT05: SunU-Monash,BRT04: SunMed,2023-10-01,225
BRT05: SunU-Monash,BRT04: SunMed,2023-10-02,754
BRT05: SunU-Monash,BRT04: SunMed,2023-10-03,787
BRT05: SunU-Monash,BRT04: SunMed,2023-10-04,825
BRT05: SunU-Monash,BRT04: SunMed,2023-10-05,837
BRT05: SunU-Monash,BRT04: SunMed,2023-10-06,731
BRT05: SunU-Monash,BRT04: SunMed,2023-10-07,262
BRT05: SunU-Monash,BRT04: SunMed,2023-10-08,179
BRT05: SunU-Monash,BRT04: SunMed,2023-10-09,723
BRT05: SunU-Monash,BRT04: SunMed,2023-10-10,807
BRT05: SunU-Monash,BRT04: SunMed,2023-10-11,805
BRT05: SunU-Monash,BRT04: SunMed,2023-10-12,764
BRT05: SunU-Monash,BRT04: SunMed,2023-10-13,602
BRT05: SunU-Monash,BRT04: SunMed,2023-10-14,256
BRT05: SunU-Monash,BRT04: SunMed,2023-10-15,221
BRT05: SunU-Monash,BRT04: SunMed,2023-10-16,782
BRT05: SunU-Monash,BRT04: SunMed,2023-10-17,768
BRT05: SunU-Monash,BRT04: SunMed,2023-10-18,754
BRT05: SunU-Monash,BRT04: SunMed,2023-10-19,736
BRT05: SunU-Monash,BRT04: SunMed,2023-10-20,650
BRT05: SunU-Monash,BRT04: SunMed,2023-10-21,224
BRT05: SunU-Monash,BRT04: SunMed,2023-10-22,171
BRT05: SunU-Monash,BRT04: SunMed,2023-10-23,513
BRT05: SunU-Monash,BRT04: SunMed,2023-10-24,537
BRT05: SunU-Monash,BRT04: SunMed,2023-10-25,554
BRT05: SunU-Monash,BRT04: SunMed,2023-10-26,497
BRT05: SunU-Monash,BRT04: SunMed,2023-10-27,502
BRT05: SunU-Monash,BRT04: SunMed,2023-10-28,228
BRT05: SunU-Monash,BRT04: SunMed,2023-10-29,219
BRT05: SunU-Monash,BRT04: SunMed,2023-10-30,501
BRT05: SunU-Monash,BRT04: SunMed,2023-10-31,490
BRT05: SunU-Monash,BRT04: SunMed,2023-11-01,490
BRT05: SunU-Monash,BRT04: SunMed,2023-11-02,459
BRT05: SunU-Monash,BRT04: SunMed,2023-11-03,406
BRT05: SunU-Monash,BRT04: SunMed,2023-11-04,232
BRT05: SunU-Monash,BRT04: SunMed,2023-11-05,167
BRT05: SunU-Monash,BRT04: SunMed,2023-11-06,511
BRT05: SunU-Monash,BRT04: SunMed,2023-11-07,535
BRT05: SunU-Monash,BRT04: SunMed,2023-11-08,511
BRT05: SunU-Monash,BRT04: SunMed,2023-11-09,469
BRT05: SunU-Monash,BRT04: SunMed,2023-11-10,350
BRT05: SunU-Monash,BRT04: SunMed,2023-11-11,204
BRT05: SunU-Monash,BRT04: SunMed,2023-11-12,147
BRT05: SunU-Monash,BRT04: SunMed,2023-11-13,162
BRT05: SunU-Monash,BRT04: SunMed,2023-11-14,354
BRT05: SunU-Monash,BRT04: SunMed,2023-11-15,351
BRT05: SunU-Monash,BRT04: SunMed,2023-11-16,377
BRT05: SunU-Monash,BRT04: SunMed,2023-11-17,353
BRT05: SunU-Monash,BRT04: SunMed,2023-11-18,167
BRT05: SunU-Monash,BRT04: SunMed,2023-11-19,147
BRT05: SunU-Monash,BRT04: SunMed,2023-11-20,364
BRT05: SunU-Monash,BRT04: SunMed,2023-11-21,338
BRT05: SunU-Monash,BRT04: SunMed,2023-11-22,377
BRT05: SunU-Monash,BRT04: SunMed,2023-11-23,347
BRT05: SunU-Monash,BRT04: SunMed,2023-11-24,349
BRT05: SunU-Monash,BRT04: SunMed,2023-11-25,101
BRT05: SunU-Monash,BRT04: SunMed,2023-11-26,135
BRT05: SunU-Monash,BRT04: SunMed,2023-11-27,291
BRT05: SunU-Monash,BRT04: SunMed,2023-11-28,301
BRT05: SunU-Monash,BRT04: SunMed,2023-11-29,293
BRT05: SunU-Monash,BRT04: SunMed,2023-11-30,292
BRT05: SunU-Monash,BRT04: SunMed,2023-12-01,268
BRT05: SunU-Monash,BRT04: SunMed,2023-12-02,136
BRT05: SunU-Monash,BRT04: SunMed,2023-12-03,118
BRT05: SunU-Monash,BRT04: SunMed,2023-12-04,289
BRT05: SunU-Monash,BRT04: SunMed,2023-12-05,302
BRT05: SunU-Monash,BRT04: SunMed,2023-12-06,293
BRT05: SunU-Monash,BRT04: SunMed,2023-12-07,284
BRT05: SunU-Monash,BRT04: SunMed,2023-12-08,286
BRT05: SunU-Monash,BRT04: SunMed,2023-12-09,133
BRT05: SunU-Monash,BRT04: SunMed,2023-12-10,108
BRT05: SunU-Monash,BRT04: SunMed,2023-12-11,86
BRT05: SunU-Monash,BRT04: SunMed,2023-12-12,234
BRT05: SunU-Monash,BRT04: SunMed,2023-12-13,243
BRT05: SunU-Monash,BRT04: SunMed,2023-12-14,217
BRT05: SunU-Monash,BRT04: SunMed,2023-12-15,206
BRT05: SunU-Monash,BRT04: SunMed,2023-12-16,100
BRT05: SunU-Monash,BRT04: SunMed,2023-12-17,119
BRT05: SunU-Monash,BRT04: SunMed,2023-12-18,197
BRT05: SunU-Monash,BRT04: SunMed,2023-12-19,215
BRT05: SunU-Monash,BRT04: SunMed,2023-12-20,208
BRT05: SunU-Monash,BRT04: SunMed,2023-12-21,220
BRT05: SunU-Monash,BRT04: SunMed,2023-12-22,163
BRT05: SunU-Monash,BRT04: SunMed,2023-12-23,100
BRT05: SunU-Monash,BRT04: SunMed,2023-12-24,72
BRT05: SunU-Monash,BRT04: SunMed,2023-12-25,77
BRT05: SunU-Monash,BRT04: SunMed,2023-12-26,146
BRT05: SunU-Monash,BRT04: SunMed,2023-12-27,147
BRT05: SunU-Monash,BRT04: SunMed,2023-12-28,159
BRT05: SunU-Monash,BRT04: SunMed,2023-12-29,158
BRT05: SunU-Monash,BRT04: SunMed,2023-12-30,95
BRT05: SunU-Monash,BRT04: SunMed,2023-12-31,91
BRT05: SunU-Monash,BRT05: SunU-Monash,2023-04-01,93
BRT05: SunU-Monash,BRT05: SunU-Monash,2023-04-02,84
BRT05: SunU-Monash,BRT05: SunU-Monash,2023-04-03,109
BRT05: SunU-Monash,BRT05: SunU-Monash,2023-04-04,105
BRT05: SunU-Monash,BRT05: SunU-Monash,2023-04-05,116
BRT05: SunU-Monash,BRT05: SunU-Monash,2023-04-06,91
BRT05: SunU-Monash,BRT05: SunU-Monash,2023-04-07,101
BRT05: SunU-Monash,BRT05: SunU-Monash,2023-04-08,87
BRT05: SunU-Monash,BRT05: SunU-Monash,2023-04-09,68
BRT05: SunU-Monash,BRT05: SunU-Monash,2023-04-10,94
BRT05: SunU-Monash,BRT05: SunU-Monash,2023-04-11,99
BRT05: SunU-Monash,BRT05: SunU-Monash,2023-04-12,114
BRT05: SunU-Monash,BRT05: SunU-Monash,2023-04-13,118
BRT05: SunU-Monash,BRT05: SunU-Monash,2023-04-14,100
BRT05: SunU-Monash,BRT05: SunU-Monash,2023-04-15,67
BRT05: SunU-Monash,BRT05: SunU-Monash,2023-04-16,79
BRT05: SunU-Monash,BRT05: SunU-Monash,2023-04-17,118
BRT05: SunU-Monash,BRT05: SunU-Monash,2023-04-18,113
BRT05: SunU-Monash,BRT05: SunU-Monash,2023-04-19,136
BRT05: SunU-Monash,BRT05: SunU-Monash,2023-04-20,113
BRT05: SunU-Monash,BRT05: SunU-Monash,2023-04-21,83
BRT05: SunU-Monash,BRT05: SunU-Monash,2023-04-22,90
BRT05: SunU-Monash,BRT05: SunU-Monash,2023-04-23,82
BRT05: SunU-Monash,BRT05: SunU-Monash,2023-04-24,74
BRT05: SunU-Monash,BRT05: SunU-Monash,2023-04-25,98
BRT05: SunU-Monash,BRT05: SunU-Monash,2023-04-26,112
BRT05: SunU-Monash,BRT05: SunU-Monash,2023-04-27,112
BRT05: SunU-Monash,BRT05: SunU-Monash,2023-04-28,113
BRT05: SunU-Monash,BRT05: SunU-Monash,2023-04-29,68
BRT05: SunU-Monash,BRT05: SunU-Monash,2023-04-30,66
BRT05: SunU-Monash,BRT05: SunU-Monash,2023-05-01,70
BRT05: SunU-Monash,BRT05: SunU-Monash,2023-05-02,117
BRT05: SunU-Monash,BRT05: SunU-Monash,2023-05-03,128
BRT05: SunU-Monash,BRT05: SunU-Monash,2023-05-04,78
BRT05: SunU-Monash,BRT05: SunU-Monash,2023-05-05,115
BRT05: SunU-Monash,BRT05: SunU-Monash,2023-05-06,99
BRT05: SunU-Monash,BRT05: SunU-Monash,2023-05-07,71
BRT05: SunU-Monash,BRT05: SunU-Monash,2023-05-08,128
BRT05: SunU-Monash,BRT05: SunU-Monash,2023-05-09,112
BRT05: SunU-Monash,BRT05: SunU-Monash,2023-05-10,121
BRT05: SunU-Monash,BRT05: SunU-Monash,2023-05-11,138
BRT05: SunU-Monash,BRT05: SunU-Monash,2023-05-12,126
BRT05: SunU-Monash,BRT05: SunU-Monash,2023-05-13,75
BRT05: SunU-Monash,BRT05: SunU-Monash,2023-05-14,68
BRT05: SunU-Monash,BRT05: SunU-Monash,2023-05-15,105
BRT05: SunU-Monash,BRT05: SunU-Monash,2023-05-16,107
BRT05: SunU-Monash,BRT05: SunU-Monash,2023-05-17,95
BRT05: SunU-Monash,BRT05: SunU-Monash,2023-05-18,116
BRT05: SunU-Monash,BRT05: SunU-Monash,2023-05-19,106
BRT05: SunU-Monash,BRT05: SunU-Monash,2023-05-20,64
BRT05: SunU-Monash,BRT05: SunU-Monash,2023-05-21,71
BRT05: SunU-Monash,BRT05: SunU-Monash,2023-05-22,93
BRT05: SunU-Monash,BRT05: SunU-Monash,2023-05-23,116
BRT05: SunU-Monash,BRT05: SunU-Monash,2023-05-24,114
BRT05: SunU-Monash,BRT05: SunU-Monash,2023-05-25,126
BRT05: SunU-Monash,BRT05: SunU-Monash,2023-05-26,97
BRT05: SunU-Monash,BRT05: SunU-Monash,2023-05-27,81
BRT05: SunU-Monash,BRT05: SunU-Monash,2023-05-28,65
BRT05: SunU-Monash,BRT05: SunU-Monash,2023-05-29,107
BRT05: SunU-Monash,BRT05: SunU-Monash,2023-05-30,112
BRT05: SunU-Monash,BRT05: SunU-Monash,2023-05-31,116
BRT05: SunU-Monash,BRT05: SunU-Monash,2023-06-01,110
BRT05: SunU-Monash,BRT05: SunU-Monash,2023-06-02,117
BRT05: SunU-Monash,BRT05: SunU-Monash,2023-06-03,70
BRT05: SunU-Monash,BRT05: SunU-Monash,2023-06-04,57
BRT05: SunU-Monash,BRT05: SunU-Monash,2023-06-05,75
BRT05: SunU-Monash,BRT05: SunU-Monash,2023-06-06,93
BRT05: SunU-Monash,BRT05: SunU-Monash,2023-06-07,105
BRT05: SunU-Monash,BRT05: SunU-Monash,2023-06-08,108
BRT05: SunU-Monash,BRT05: SunU-Monash,2023-06-09,93
BRT05: SunU-Monash,BRT05: SunU-Monash,2023-06-10,80
BRT05: SunU-Monash,BRT05: SunU-Monash,2023-06-11,64
BRT05: SunU-Monash,BRT05: SunU-Monash,2023-06-12,96
BRT05: SunU-Monash,BRT05: SunU-Monash,2023-06-13,108
BRT05: SunU-Monash,BRT05: SunU-Monash,2023-06-14,121
BRT05: SunU-Monash,BRT05: SunU-Monash,2023-06-15,84
BRT05: SunU-Monash,BRT05: SunU-Monash,2023-06-16,100
BRT05: SunU-Monash,BRT05: SunU-Monash,2023-06-17,79
BRT05: SunU-Monash,BRT05: SunU-Monash,2023-06-18,63
BRT05: SunU-Monash,BRT05: SunU-Monash,2023-06-19,113
BRT05: SunU-Monash,BRT05: SunU-Monash,2023-06-20,105
BRT05: SunU-Monash,BRT05: SunU-Monash,2023-06-21,88
BRT05: SunU-Monash,BRT05: SunU-Monash,2023-06-22,98
BRT05: SunU-Monash,BRT05: SunU-Monash,2023-06-23,83
BRT05: SunU-Monash,BRT05: SunU-Monash,2023-06-24,94
BRT05: SunU-Monash,BRT05: SunU-Monash,2023-06-25,64
BRT05: SunU-Monash,BRT05: SunU-Monash,2023-06-26,118
BRT05: SunU-Monash,BRT05: SunU-Monash,2023-06-27,106
BRT05: SunU-Monash,BRT05: SunU-Monash,2023-06-28,106
BRT05: SunU-Monash,BRT05: SunU-Monash,2023-06-29,65
BRT05: SunU-Monash,BRT05: SunU-Monash,2023-06-30,70
BRT05: SunU-Monash,BRT05: SunU-Monash,2023-07-01,71
BRT05: SunU-Monash,BRT05: SunU-Monash,2023-07-02,69
BRT05: SunU-Monash,BRT05: SunU-Monash,2023-07-03,90
BRT05: SunU-Monash,BRT05: SunU-Monash,2023-07-04,95
BRT05: SunU-Monash,BRT05: SunU-Monash,2023-07-05,115
BRT05: SunU-Monash,BRT05: SunU-Monash,2023-07-06,86
BRT05: SunU-Monash,BRT05: SunU-Monash,2023-07-07,90
BRT05: SunU-Monash,BRT05: SunU-Monash,2023-07-08,78
BRT05: SunU-Monash,BRT05: SunU-Monash,2023-07-09,72
BRT05: SunU-Monash,BRT05: SunU-Monash,2023-07-10,111
BRT05: SunU-Monash,BRT05: SunU-Monash,2023-07-11,86
BRT05: SunU-Monash,BRT05: SunU-Monash,2023-07-12,140
BRT05: SunU-Monash,BRT05: SunU-Monash,2023-07-13,81
BRT05: SunU-Monash,BRT05: SunU-Monash,2023-07-14,121
BRT05: SunU-Monash,BRT05: SunU-Monash,2023-07-15,92
BRT05: SunU-Monash,BRT05: SunU-Monash,2023-07-16,75
BRT05: SunU-Monash,BRT05: SunU-Monash,2023-07-17,103
BRT05: SunU-Monash,BRT05: SunU-Monash,2023-07-18,109
BRT05: SunU-Monash,BRT05: SunU-Monash,2023-07-19,82
BRT05: SunU-Monash,BRT05: SunU-Monash,2023-07-20,110
BRT05: SunU-Monash,BRT05: SunU-Monash,2023-07-21,90
BRT05: SunU-Monash,BRT05: SunU-Monash,2023-07-22,72
BRT05: SunU-Monash,BRT05: SunU-Monash,2023-07-23,79
BRT05: SunU-Monash,BRT05: SunU-Monash,2023-07-24,104
BRT05: SunU-Monash,BRT05: SunU-Monash,2023-07-25,102
BRT05: SunU-Monash,BRT05: SunU-Monash,2023-07-26,107
BRT05: SunU-Monash,BRT05: SunU-Monash,2023-07-27,110
BRT05: SunU-Monash,BRT05: SunU-Monash,2023-07-28,119
BRT05: SunU-Monash,BRT05: SunU-Monash,2023-07-29,84
BRT05: SunU-Monash,BRT05: SunU-Monash,2023-07-30,76
BRT05: SunU-Monash,BRT05: SunU-Monash,2023-07-31,99
BRT05: SunU-Monash,BRT05: SunU-Monash,2023-08-01,119
BRT05: SunU-Monash,BRT05: SunU-Monash,2023-08-02,104
BRT05: SunU-Monash,BRT05: SunU-Monash,2023-08-03,89
BRT05: SunU-Monash,BRT05: SunU-Monash,2023-08-04,116
BRT05: SunU-Monash,BRT05: SunU-Monash,2023-08-05,85
BRT05: SunU-Monash,BRT05: SunU-Monash,2023-08-06,67
BRT05: SunU-Monash,BRT05: SunU-Monash,2023-08-07,117
BRT05: SunU-Monash,BRT05: SunU-Monash,2023-08-08,122
BRT05: SunU-Monash,BRT05: SunU-Monash,2023-08-09,94
BRT05: SunU-Monash,BRT05: SunU-Monash,2023-08-10,101
BRT05: SunU-Monash,BRT05: SunU-Monash,2023-08-11,110
BRT05: SunU-Monash,BRT05: SunU-Monash,2023-08-12,92
BRT05: SunU-Monash,BRT05: SunU-Monash,2023-08-13,69
BRT05: SunU-Monash,BRT05: SunU-Monash,2023-08-14,108
BRT05: SunU-Monash,BRT05: SunU-Monash,2023-08-15,107
BRT05: SunU-Monash,BRT05: SunU-Monash,2023-08-16,95
BRT05: SunU-Monash,BRT05: SunU-Monash,2023-08-17,89
BRT05: SunU-Monash,BRT05: SunU-Monash,2023-08-18,111
BRT05: SunU-Monash,BRT05: SunU-Monash,2023-08-19,76
BRT05: SunU-Monash,BRT05: SunU-Monash,2023-08-20,68
BRT05: SunU-Monash,BRT05: SunU-Monash,2023-08-21,102
BRT05: SunU-Monash,BRT05: SunU-Monash,2023-08-22,99
BRT05: SunU-Monash,BRT05: SunU-Monash,2023-08-23,114
BRT05: SunU-Monash,BRT05: SunU-Monash,2023-08-24,118
BRT05: SunU-Monash,BRT05: SunU-Monash,2023-08-25,143
BRT05: SunU-Monash,BRT05: SunU-Monash,2023-08-26,74
BRT05: SunU-Monash,BRT05: SunU-Monash,2023-08-27,77
BRT05: SunU-Monash,BRT05: SunU-Monash,2023-08-28,119
BRT05: SunU-Monash,BRT05: SunU-Monash,2023-08-29,98
BRT05: SunU-Monash,BRT05: SunU-Monash,2023-08-30,139
BRT05: SunU-Monash,BRT05: SunU-Monash,2023-08-31,98
BRT05: SunU-Monash,BRT05: SunU-Monash,2023-09-01,115
BRT05: SunU-Monash,BRT05: SunU-Monash,2023-09-02,101
BRT05: SunU-Monash,BRT05: SunU-Monash,2023-09-03,69
BRT05: SunU-Monash,BRT05: SunU-Monash,2023-09-04,116
BRT05: SunU-Monash,BRT05: SunU-Monash,2023-09-05,123
BRT05: SunU-Monash,BRT05: SunU-Monash,2023-09-06,157
BRT05: SunU-Monash,BRT05: SunU-Monash,2023-09-07,151
BRT05: SunU-Monash,BRT05: SunU-Monash,2023-09-08,126
BRT05: SunU-Monash,BRT05: SunU-Monash,2023-09-09,87
BRT05: SunU-Monash,BRT05: SunU-Monash,2023-09-10,86
BRT05: SunU-Monash,BRT05: SunU-Monash,2023-09-11,111
BRT05: SunU-Monash,BRT05: SunU-Monash,2023-09-12,114
BRT05: SunU-Monash,BRT05: SunU-Monash,2023-09-13,106
BRT05: SunU-Monash,BRT05: SunU-Monash,2023-09-14,107
BRT05: SunU-Monash,BRT05: SunU-Monash,2023-09-15,124
BRT05: SunU-Monash,BRT05: SunU-Monash,2023-09-16,97
BRT05: SunU-Monash,BRT05: SunU-Monash,2023-09-17,80
BRT05: SunU-Monash,BRT05: SunU-Monash,2023-09-18,126
BRT05: SunU-Monash,BRT05: SunU-Monash,2023-09-19,111
BRT05: SunU-Monash,BRT05: SunU-Monash,2023-09-20,124
BRT05: SunU-Monash,BRT05: SunU-Monash,2023-09-21,114
BRT05: SunU-Monash,BRT05: SunU-Monash,2023-09-22,136
BRT05: SunU-Monash,BRT05: SunU-Monash,2023-09-23,74
BRT05: SunU-Monash,BRT05: SunU-Monash,2023-09-24,91
BRT05: SunU-Monash,BRT05: SunU-Monash,2023-09-25,92
BRT05: SunU-Monash,BRT05: SunU-Monash,2023-09-26,108
BRT05: SunU-Monash,BRT05: SunU-Monash,2023-09-27,109
BRT05: SunU-Monash,BRT05: SunU-Monash,2023-09-28,96
BRT05: SunU-Monash,BRT05: SunU-Monash,2023-09-29,114
BRT05: SunU-Monash,BRT05: SunU-Monash,2023-09-30,86
BRT05: SunU-Monash,BRT05: SunU-Monash,2023-10-01,88
BRT05: SunU-Monash,BRT05: SunU-Monash,2023-10-02,141
BRT05: SunU-Monash,BRT05: SunU-Monash,2023-10-03,99
BRT05: SunU-Monash,BRT05: SunU-Monash,2023-10-04,124
BRT05: SunU-Monash,BRT05: SunU-Monash,2023-10-05,121
BRT05: SunU-Monash,BRT05: SunU-Monash,2023-10-06,138
BRT05: SunU-Monash,BRT05: SunU-Monash,2023-10-07,95
BRT05: SunU-Monash,BRT05: SunU-Monash,2023-10-08,84
BRT05: SunU-Monash,BRT05: SunU-Monash,2023-10-09,102
BRT05: SunU-Monash,BRT05: SunU-Monash,2023-10-10,145
BRT05: SunU-Monash,BRT05: SunU-Monash,2023-10-11,129
BRT05: SunU-Monash,BRT05: SunU-Monash,2023-10-12,93
BRT05: SunU-Monash,BRT05: SunU-Monash,2023-10-13,123
BRT05: SunU-Monash,BRT05: SunU-Monash,2023-10-14,92
BRT05: SunU-Monash,BRT05: SunU-Monash,2023-10-15,100
BRT05: SunU-Monash,BRT05: SunU-Monash,2023-10-16,128
BRT05: SunU-Monash,BRT05: SunU-Monash,2023-10-17,102
BRT05: SunU-Monash,BRT05: SunU-Monash,2023-10-18,108
BRT05: SunU-Monash,BRT05: SunU-Monash,2023-10-19,113
BRT05: SunU-Monash,BRT05: SunU-Monash,2023-10-20,141
BRT05: SunU-Monash,BRT05: SunU-Monash,2023-10-21,85
BRT05: SunU-Monash,BRT05: SunU-Monash,2023-10-22,75
BRT05: SunU-Monash,BRT05: SunU-Monash,2023-10-23,105
BRT05: SunU-Monash,BRT05: SunU-Monash,2023-10-24,118
BRT05: SunU-Monash,BRT05: SunU-Monash,2023-10-25,101
BRT05: SunU-Monash,BRT05: SunU-Monash,2023-10-26,108
BRT05: SunU-Monash,BRT05: SunU-Monash,2023-10-27,115
BRT05: SunU-Monash,BRT05: SunU-Monash,2023-10-28,83
BRT05: SunU-Monash,BRT05: SunU-Monash,2023-10-29,87
BRT05: SunU-Monash,BRT05: SunU-Monash,2023-10-30,106
BRT05: SunU-Monash,BRT05: SunU-Monash,2023-10-31,103
BRT05: SunU-Monash,BRT05: SunU-Monash,2023-11-01,99
BRT05: SunU-Monash,BRT05: SunU-Monash,2023-11-02,89
BRT05: SunU-Monash,BRT05: SunU-Monash,2023-11-03,114
BRT05: SunU-Monash,BRT05: SunU-Monash,2023-11-04,120
BRT05: SunU-Monash,BRT05: SunU-Monash,2023-11-05,88
BRT05: SunU-Monash,BRT05: SunU-Monash,2023-11-06,98
BRT05: SunU-Monash,BRT05: SunU-Monash,2023-11-07,96
BRT05: SunU-Monash,BRT05: SunU-Monash,2023-11-08,104
BRT05: SunU-Monash,BRT05: SunU-Monash,2023-11-09,109
BRT05: SunU-Monash,BRT05: SunU-Monash,2023-11-10,130
BRT05: SunU-Monash,BRT05: SunU-Monash,2023-11-11,95
BRT05: SunU-Monash,BRT05: SunU-Monash,2023-11-12,100
BRT05: SunU-Monash,BRT05: SunU-Monash,2023-11-13,68
BRT05: SunU-Monash,BRT05: SunU-Monash,2023-11-14,99
BRT05: SunU-Monash,BRT05: SunU-Monash,2023-11-15,101
BRT05: SunU-Monash,BRT05: SunU-Monash,2023-11-16,91
BRT05: SunU-Monash,BRT05: SunU-Monash,2023-11-17,114
BRT05: SunU-Monash,BRT05: SunU-Monash,2023-11-18,74
BRT05: SunU-Monash,BRT05: SunU-Monash,2023-11-19,80
BRT05: SunU-Monash,BRT05: SunU-Monash,2023-11-20,124
BRT05: SunU-Monash,BRT05: SunU-Monash,2023-11-21,108
BRT05: SunU-Monash,BRT05: SunU-Monash,2023-11-22,98
BRT05: SunU-Monash,BRT05: SunU-Monash,2023-11-23,129
BRT05: SunU-Monash,BRT05: SunU-Monash,2023-11-24,114
BRT05: SunU-Monash,BRT05: SunU-Monash,2023-11-25,59
BRT05: SunU-Monash,BRT05: SunU-Monash,2023-11-26,79
BRT05: SunU-Monash,BRT05: SunU-Monash,2023-11-27,88
BRT05: SunU-Monash,BRT05: SunU-Monash,2023-11-28,159
BRT05: SunU-Monash,BRT05: SunU-Monash,2023-11-29,98
BRT05: SunU-Monash,BRT05: SunU-Monash,2023-11-30,114
BRT05: SunU-Monash,BRT05: SunU-Monash,2023-12-01,94
BRT05: SunU-Monash,BRT05: SunU-Monash,2023-12-02,87
BRT05: SunU-Monash,BRT05: SunU-Monash,2023-12-03,71
BRT05: SunU-Monash,BRT05: SunU-Monash,2023-12-04,100
BRT05: SunU-Monash,BRT05: SunU-Monash,2023-12-05,97
BRT05: SunU-Monash,BRT05: SunU-Monash,2023-12-06,96
BRT05: SunU-Monash,BRT05: SunU-Monash,2023-12-07,82
BRT05: SunU-Monash,BRT05: SunU-Monash,2023-12-08,106
BRT05: SunU-Monash,BRT05: SunU-Monash,2023-12-09,84
BRT05: SunU-Monash,BRT05: SunU-Monash,2023-12-10,74
BRT05: SunU-Monash,BRT05: SunU-Monash,2023-12-11,83
BRT05: SunU-Monash,BRT05: SunU-Monash,2023-12-12,106
BRT05: SunU-Monash,BRT05: SunU-Monash,2023-12-13,109
BRT05: SunU-Monash,BRT05: SunU-Monash,2023-12-14,98
BRT05: SunU-Monash,BRT05: SunU-Monash,2023-12-15,119
BRT05: SunU-Monash,BRT05: SunU-Monash,2023-12-16,100
BRT05: SunU-Monash,BRT05: SunU-Monash,2023-12-17,84
BRT05: SunU-Monash,BRT05: SunU-Monash,2023-12-18,91
BRT05: SunU-Monash,BRT05: SunU-Monash,2023-12-19,86
BRT05: SunU-Monash,BRT05: SunU-Monash,2023-12-20,84
BRT05: SunU-Monash,BRT05: SunU-Monash,2023-12-21,95
BRT05: SunU-Monash,BRT05: SunU-Monash,2023-12-22,100
BRT05: SunU-Monash,BRT05: SunU-Monash,2023-12-23,75
BRT05: SunU-Monash,BRT05: SunU-Monash,2023-12-24,78
BRT05: SunU-Monash,BRT05: SunU-Monash,2023-12-25,78
BRT05: SunU-Monash,BRT05: SunU-Monash,2023-12-26,95
BRT05: SunU-Monash,BRT05: SunU-Monash,2023-12-27,87
BRT05: SunU-Monash,BRT05: SunU-Monash,2023-12-28,93
BRT05: SunU-Monash,BRT05: SunU-Monash,2023-12-29,81
BRT05: SunU-Monash,BRT05: SunU-Monash,2023-12-30,73
BRT05: SunU-Monash,BRT05: SunU-Monash,2023-12-31,97
BRT05: SunU-Monash,BRT06: South Quay-USJ 1,2023-04-01,130
BRT05: SunU-Monash,BRT06: South Quay-USJ 1,2023-04-02,130
BRT05: SunU-Monash,BRT06: South Quay-USJ 1,2023-04-03,311
BRT05: SunU-Monash,BRT06: South Quay-USJ 1,2023-04-04,329
BRT05: SunU-Monash,BRT06: South Quay-USJ 1,2023-04-05,296
BRT05: SunU-Monash,BRT06: South Quay-USJ 1,2023-04-06,289
BRT05: SunU-Monash,BRT06: South Quay-USJ 1,2023-04-07,263
BRT05: SunU-Monash,BRT06: South Quay-USJ 1,2023-04-08,105
BRT05: SunU-Monash,BRT06: South Quay-USJ 1,2023-04-09,111
BRT05: SunU-Monash,BRT06: South Quay-USJ 1,2023-04-10,210
BRT05: SunU-Monash,BRT06: South Quay-USJ 1,2023-04-11,238
BRT05: SunU-Monash,BRT06: South Quay-USJ 1,2023-04-12,233
BRT05: SunU-Monash,BRT06: South Quay-USJ 1,2023-04-13,222
BRT05: SunU-Monash,BRT06: South Quay-USJ 1,2023-04-14,198
BRT05: SunU-Monash,BRT06: South Quay-USJ 1,2023-04-15,139
BRT05: SunU-Monash,BRT06: South Quay-USJ 1,2023-04-16,131
BRT05: SunU-Monash,BRT06: South Quay-USJ 1,2023-04-17,301
BRT05: SunU-Monash,BRT06: South Quay-USJ 1,2023-04-18,301
BRT05: SunU-Monash,BRT06: South Quay-USJ 1,2023-04-19,305
BRT05: SunU-Monash,BRT06: South Quay-USJ 1,2023-04-20,301
BRT05: SunU-Monash,BRT06: South Quay-USJ 1,2023-04-21,124
BRT05: SunU-Monash,BRT06: South Quay-USJ 1,2023-04-22,86
BRT05: SunU-Monash,BRT06: South Quay-USJ 1,2023-04-23,90
BRT05: SunU-Monash,BRT06: South Quay-USJ 1,2023-04-24,101
BRT05: SunU-Monash,BRT06: South Quay-USJ 1,2023-04-25,215
BRT05: SunU-Monash,BRT06: South Quay-USJ 1,2023-04-26,260
BRT05: SunU-Monash,BRT06: South Quay-USJ 1,2023-04-27,311
BRT05: SunU-Monash,BRT06: South Quay-USJ 1,2023-04-28,305
BRT05: SunU-Monash,BRT06: South Quay-USJ 1,2023-04-29,124
BRT05: SunU-Monash,BRT06: South Quay-USJ 1,2023-04-30,119
BRT05: SunU-Monash,BRT06: South Quay-USJ 1,2023-05-01,132
BRT05: SunU-Monash,BRT06: South Quay-USJ 1,2023-05-02,421
BRT05: SunU-Monash,BRT06: South Quay-USJ 1,2023-05-03,375
BRT05: SunU-Monash,BRT06: South Quay-USJ 1,2023-05-04,146
BRT05: SunU-Monash,BRT06: South Quay-USJ 1,2023-05-05,324
BRT05: SunU-Monash,BRT06: South Quay-USJ 1,2023-05-06,151
BRT05: SunU-Monash,BRT06: South Quay-USJ 1,2023-05-07,142
BRT05: SunU-Monash,BRT06: South Quay-USJ 1,2023-05-08,371
BRT05: SunU-Monash,BRT06: South Quay-USJ 1,2023-05-09,377
BRT05: SunU-Monash,BRT06: South Quay-USJ 1,2023-05-10,402
BRT05: SunU-Monash,BRT06: South Quay-USJ 1,2023-05-11,356
BRT05: SunU-Monash,BRT06: South Quay-USJ 1,2023-05-12,343
BRT05: SunU-Monash,BRT06: South Quay-USJ 1,2023-05-13,158
BRT05: SunU-Monash,BRT06: South Quay-USJ 1,2023-05-14,121
BRT05: SunU-Monash,BRT06: South Quay-USJ 1,2023-05-15,368
BRT05: SunU-Monash,BRT06: South Quay-USJ 1,2023-05-16,401
BRT05: SunU-Monash,BRT06: South Quay-USJ 1,2023-05-17,353
BRT05: SunU-Monash,BRT06: South Quay-USJ 1,2023-05-18,389
BRT05: SunU-Monash,BRT06: South Quay-USJ 1,2023-05-19,309
BRT05: SunU-Monash,BRT06: South Quay-USJ 1,2023-05-20,103
BRT05: SunU-Monash,BRT06: South Quay-USJ 1,2023-05-21,121
BRT05: SunU-Monash,BRT06: South Quay-USJ 1,2023-05-22,340
BRT05: SunU-Monash,BRT06: South Quay-USJ 1,2023-05-23,362
BRT05: SunU-Monash,BRT06: South Quay-USJ 1,2023-05-24,347
BRT05: SunU-Monash,BRT06: South Quay-USJ 1,2023-05-25,333
BRT05: SunU-Monash,BRT06: South Quay-USJ 1,2023-05-26,328
BRT05: SunU-Monash,BRT06: South Quay-USJ 1,2023-05-27,159
BRT05: SunU-Monash,BRT06: South Quay-USJ 1,2023-05-28,99
BRT05: SunU-Monash,BRT06: South Quay-USJ 1,2023-05-29,278
BRT05: SunU-Monash,BRT06: South Quay-USJ 1,2023-05-30,290
BRT05: SunU-Monash,BRT06: South Quay-USJ 1,2023-05-31,275
BRT05: SunU-Monash,BRT06: South Quay-USJ 1,2023-06-01,262
BRT05: SunU-Monash,BRT06: South Quay-USJ 1,2023-06-02,217
BRT05: SunU-Monash,BRT06: South Quay-USJ 1,2023-06-03,133
BRT05: SunU-Monash,BRT06: South Quay-USJ 1,2023-06-04,114
BRT05: SunU-Monash,BRT06: South Quay-USJ 1,2023-06-05,107
BRT05: SunU-Monash,BRT06: South Quay-USJ 1,2023-06-06,268
BRT05: SunU-Monash,BRT06: South Quay-USJ 1,2023-06-07,311
BRT05: SunU-Monash,BRT06: South Quay-USJ 1,2023-06-08,249
BRT05: SunU-Monash,BRT06: South Quay-USJ 1,2023-06-09,210
BRT05: SunU-Monash,BRT06: South Quay-USJ 1,2023-06-10,123
BRT05: SunU-Monash,BRT06: South Quay-USJ 1,2023-06-11,105
BRT05: SunU-Monash,BRT06: South Quay-USJ 1,2023-06-12,174
BRT05: SunU-Monash,BRT06: South Quay-USJ 1,2023-06-13,203
BRT05: SunU-Monash,BRT06: South Quay-USJ 1,2023-06-14,183
BRT05: SunU-Monash,BRT06: South Quay-USJ 1,2023-06-15,179
BRT05: SunU-Monash,BRT06: South Quay-USJ 1,2023-06-16,148
BRT05: SunU-Monash,BRT06: South Quay-USJ 1,2023-06-17,110
BRT05: SunU-Monash,BRT06: South Quay-USJ 1,2023-06-18,97
BRT05: SunU-Monash,BRT06: South Quay-USJ 1,2023-06-19,236
BRT05: SunU-Monash,BRT06: South Quay-USJ 1,2023-06-20,225
BRT05: SunU-Monash,BRT06: South Quay-USJ 1,2023-06-21,245
BRT05: SunU-Monash,BRT06: South Quay-USJ 1,2023-06-22,210
BRT05: SunU-Monash,BRT06: South Quay-USJ 1,2023-06-23,188
BRT05: SunU-Monash,BRT06: South Quay-USJ 1,2023-06-24,120
BRT05: SunU-Monash,BRT06: South Quay-USJ 1,2023-06-25,105
BRT05: SunU-Monash,BRT06: South Quay-USJ 1,2023-06-26,201
BRT05: SunU-Monash,BRT06: South Quay-USJ 1,2023-06-27,202
BRT05: SunU-Monash,BRT06: South Quay-USJ 1,2023-06-28,203
BRT05: SunU-Monash,BRT06: South Quay-USJ 1,2023-06-29,64
BRT05: SunU-Monash,BRT06: South Quay-USJ 1,2023-06-30,153
BRT05: SunU-Monash,BRT06: South Quay-USJ 1,2023-07-01,107
BRT05: SunU-Monash,BRT06: South Quay-USJ 1,2023-07-02,86
BRT05: SunU-Monash,BRT06: South Quay-USJ 1,2023-07-03,225
BRT05: SunU-Monash,BRT06: South Quay-USJ 1,2023-07-04,235
BRT05: SunU-Monash,BRT06: South Quay-USJ 1,2023-07-05,205
BRT05: SunU-Monash,BRT06: South Quay-USJ 1,2023-07-06,239
BRT05: SunU-Monash,BRT06: South Quay-USJ 1,2023-07-07,185
BRT05: SunU-Monash,BRT06: South Quay-USJ 1,2023-07-08,101
BRT05: SunU-Monash,BRT06: South Quay-USJ 1,2023-07-09,91
BRT05: SunU-Monash,BRT06: South Quay-USJ 1,2023-07-10,244
BRT05: SunU-Monash,BRT06: South Quay-USJ 1,2023-07-11,227
BRT05: SunU-Monash,BRT06: South Quay-USJ 1,2023-07-12,226
BRT05: SunU-Monash,BRT06: South Quay-USJ 1,2023-07-13,255
BRT05: SunU-Monash,BRT06: South Quay-USJ 1,2023-07-14,230
BRT05: SunU-Monash,BRT06: South Quay-USJ 1,2023-07-15,111
BRT05: SunU-Monash,BRT06: South Quay-USJ 1,2023-07-16,115
BRT05: SunU-Monash,BRT06: South Quay-USJ 1,2023-07-17,267
BRT05: SunU-Monash,BRT06: South Quay-USJ 1,2023-07-18,299
BRT05: SunU-Monash,BRT06: South Quay-USJ 1,2023-07-19,105
BRT05: SunU-Monash,BRT06: South Quay-USJ 1,2023-07-20,276
BRT05: SunU-Monash,BRT06: South Quay-USJ 1,2023-07-21,251
BRT05: SunU-Monash,BRT06: South Quay-USJ 1,2023-07-22,155
BRT05: SunU-Monash,BRT06: South Quay-USJ 1,2023-07-23,134
BRT05: SunU-Monash,BRT06: South Quay-USJ 1,2023-07-24,423
BRT05: SunU-Monash,BRT06: South Quay-USJ 1,2023-07-25,385
BRT05: SunU-Monash,BRT06: South Quay-USJ 1,2023-07-26,386
BRT05: SunU-Monash,BRT06: South Quay-USJ 1,2023-07-27,355
BRT05: SunU-Monash,BRT06: South Quay-USJ 1,2023-07-28,306
BRT05: SunU-Monash,BRT06: South Quay-USJ 1,2023-07-29,172
BRT05: SunU-Monash,BRT06: South Quay-USJ 1,2023-07-30,146
BRT05: SunU-Monash,BRT06: South Quay-USJ 1,2023-07-31,379
BRT05: SunU-Monash,BRT06: South Quay-USJ 1,2023-08-01,387
BRT05: SunU-Monash,BRT06: South Quay-USJ 1,2023-08-02,379
BRT05: SunU-Monash,BRT06: South Quay-USJ 1,2023-08-03,412
BRT05: SunU-Monash,BRT06: South Quay-USJ 1,2023-08-04,313
BRT05: SunU-Monash,BRT06: South Quay-USJ 1,2023-08-05,154
BRT05: SunU-Monash,BRT06: South Quay-USJ 1,2023-08-06,149
BRT05: SunU-Monash,BRT06: South Quay-USJ 1,2023-08-07,339
BRT05: SunU-Monash,BRT06: South Quay-USJ 1,2023-08-08,358
BRT05: SunU-Monash,BRT06: South Quay-USJ 1,2023-08-09,336
BRT05: SunU-Monash,BRT06: South Quay-USJ 1,2023-08-10,379
BRT05: SunU-Monash,BRT06: South Quay-USJ 1,2023-08-11,279
BRT05: SunU-Monash,BRT06: South Quay-USJ 1,2023-08-12,144
BRT05: SunU-Monash,BRT06: South Quay-USJ 1,2023-08-13,119
BRT05: SunU-Monash,BRT06: South Quay-USJ 1,2023-08-14,175
BRT05: SunU-Monash,BRT06: South Quay-USJ 1,2023-08-15,371
BRT05: SunU-Monash,BRT06: South Quay-USJ 1,2023-08-16,350
BRT05: SunU-Monash,BRT06: South Quay-USJ 1,2023-08-17,328
BRT05: SunU-Monash,BRT06: South Quay-USJ 1,2023-08-18,270
BRT05: SunU-Monash,BRT06: South Quay-USJ 1,2023-08-19,141
BRT05: SunU-Monash,BRT06: South Quay-USJ 1,2023-08-20,127
BRT05: SunU-Monash,BRT06: South Quay-USJ 1,2023-08-21,345
BRT05: SunU-Monash,BRT06: South Quay-USJ 1,2023-08-22,357
BRT05: SunU-Monash,BRT06: South Quay-USJ 1,2023-08-23,335
BRT05: SunU-Monash,BRT06: South Quay-USJ 1,2023-08-24,327
BRT05: SunU-Monash,BRT06: South Quay-USJ 1,2023-08-25,262
BRT05: SunU-Monash,BRT06: South Quay-USJ 1,2023-08-26,187
BRT05: SunU-Monash,BRT06: South Quay-USJ 1,2023-08-27,117
BRT05: SunU-Monash,BRT06: South Quay-USJ 1,2023-08-28,308
BRT05: SunU-Monash,BRT06: South Quay-USJ 1,2023-08-29,335
BRT05: SunU-Monash,BRT06: South Quay-USJ 1,2023-08-30,377
BRT05: SunU-Monash,BRT06: South Quay-USJ 1,2023-08-31,109
BRT05: SunU-Monash,BRT06: South Quay-USJ 1,2023-09-01,246
BRT05: SunU-Monash,BRT06: South Quay-USJ 1,2023-09-02,154
BRT05: SunU-Monash,BRT06: South Quay-USJ 1,2023-09-03,126
BRT05: SunU-Monash,BRT06: South Quay-USJ 1,2023-09-04,348
BRT05: SunU-Monash,BRT06: South Quay-USJ 1,2023-09-05,336
BRT05: SunU-Monash,BRT06: South Quay-USJ 1,2023-09-06,362
BRT05: SunU-Monash,BRT06: South Quay-USJ 1,2023-09-07,377
BRT05: SunU-Monash,BRT06: South Quay-USJ 1,2023-09-08,316
BRT05: SunU-Monash,BRT06: South Quay-USJ 1,2023-09-09,179
BRT05: SunU-Monash,BRT06: South Quay-USJ 1,2023-09-10,165
BRT05: SunU-Monash,BRT06: South Quay-USJ 1,2023-09-11,388
BRT05: SunU-Monash,BRT06: South Quay-USJ 1,2023-09-12,436
BRT05: SunU-Monash,BRT06: South Quay-USJ 1,2023-09-13,393
BRT05: SunU-Monash,BRT06: South Quay-USJ 1,2023-09-14,420
BRT05: SunU-Monash,BRT06: South Quay-USJ 1,2023-09-15,346
BRT05: SunU-Monash,BRT06: South Quay-USJ 1,2023-09-16,116
BRT05: SunU-Monash,BRT06: South Quay-USJ 1,2023-09-17,131
BRT05: SunU-Monash,BRT06: South Quay-USJ 1,2023-09-18,381
BRT05: SunU-Monash,BRT06: South Quay-USJ 1,2023-09-19,410
BRT05: SunU-Monash,BRT06: South Quay-USJ 1,2023-09-20,412
BRT05: SunU-Monash,BRT06: South Quay-USJ 1,2023-09-21,421
BRT05: SunU-Monash,BRT06: South Quay-USJ 1,2023-09-22,384
BRT05: SunU-Monash,BRT06: South Quay-USJ 1,2023-09-23,187
BRT05: SunU-Monash,BRT06: South Quay-USJ 1,2023-09-24,124
BRT05: SunU-Monash,BRT06: South Quay-USJ 1,2023-09-25,337
BRT05: SunU-Monash,BRT06: South Quay-USJ 1,2023-09-26,330
BRT05: SunU-Monash,BRT06: South Quay-USJ 1,2023-09-27,326
BRT05: SunU-Monash,BRT06: South Quay-USJ 1,2023-09-28,110
BRT05: SunU-Monash,BRT06: South Quay-USJ 1,2023-09-29,286
BRT05: SunU-Monash,BRT06: South Quay-USJ 1,2023-09-30,172
BRT05: SunU-Monash,BRT06: South Quay-USJ 1,2023-10-01,118
BRT05: SunU-Monash,BRT06: South Quay-USJ 1,2023-10-02,410
BRT05: SunU-Monash,BRT06: South Quay-USJ 1,2023-10-03,434
BRT05: SunU-Monash,BRT06: South Quay-USJ 1,2023-10-04,423
BRT05: SunU-Monash,BRT06: South Quay-USJ 1,2023-10-05,414
BRT05: SunU-Monash,BRT06: South Quay-USJ 1,2023-10-06,386
BRT05: SunU-Monash,BRT06: South Quay-USJ 1,2023-10-07,196
BRT05: SunU-Monash,BRT06: South Quay-USJ 1,2023-10-08,142
BRT05: SunU-Monash,BRT06: South Quay-USJ 1,2023-10-09,435
BRT05: SunU-Monash,BRT06: South Quay-USJ 1,2023-10-10,424
BRT05: SunU-Monash,BRT06: South Quay-USJ 1,2023-10-11,409
BRT05: SunU-Monash,BRT06: South Quay-USJ 1,2023-10-12,429
BRT05: SunU-Monash,BRT06: South Quay-USJ 1,2023-10-13,355
BRT05: SunU-Monash,BRT06: South Quay-USJ 1,2023-10-14,198
BRT05: SunU-Monash,BRT06: South Quay-USJ 1,2023-10-15,165
BRT05: SunU-Monash,BRT06: South Quay-USJ 1,2023-10-16,427
BRT05: SunU-Monash,BRT06: South Quay-USJ 1,2023-10-17,458
BRT05: SunU-Monash,BRT06: South Quay-USJ 1,2023-10-18,398
BRT05: SunU-Monash,BRT06: South Quay-USJ 1,2023-10-19,411
BRT05: SunU-Monash,BRT06: South Quay-USJ 1,2023-10-20,376
BRT05: SunU-Monash,BRT06: South Quay-USJ 1,2023-10-21,202
BRT05: SunU-Monash,BRT06: South Quay-USJ 1,2023-10-22,145
BRT05: SunU-Monash,BRT06: South Quay-USJ 1,2023-10-23,333
BRT05: SunU-Monash,BRT06: South Quay-USJ 1,2023-10-24,364
BRT05: SunU-Monash,BRT06: South Quay-USJ 1,2023-10-25,348
BRT05: SunU-Monash,BRT06: South Quay-USJ 1,2023-10-26,358
BRT05: SunU-Monash,BRT06: South Quay-USJ 1,2023-10-27,322
BRT05: SunU-Monash,BRT06: South Quay-USJ 1,2023-10-28,166
BRT05: SunU-Monash,BRT06: South Quay-USJ 1,2023-10-29,131
BRT05: SunU-Monash,BRT06: South Quay-USJ 1,2023-10-30,322
BRT05: SunU-Monash,BRT06: South Quay-USJ 1,2023-10-31,328
BRT05: SunU-Monash,BRT06: South Quay-USJ 1,2023-11-01,311
BRT05: SunU-Monash,BRT06: South Quay-USJ 1,2023-11-02,295
BRT05: SunU-Monash,BRT06: South Quay-USJ 1,2023-11-03,312
BRT05: SunU-Monash,BRT06: South Quay-USJ 1,2023-11-04,196
BRT05: SunU-Monash,BRT06: South Quay-USJ 1,2023-11-05,150
BRT05: SunU-Monash,BRT06: South Quay-USJ 1,2023-11-06,374
BRT05: SunU-Monash,BRT06: South Quay-USJ 1,2023-11-07,358
BRT05: SunU-Monash,BRT06: South Quay-USJ 1,2023-11-08,364
BRT05: SunU-Monash,BRT06: South Quay-USJ 1,2023-11-09,365
BRT05: SunU-Monash,BRT06: South Quay-USJ 1,2023-11-10,306
BRT05: SunU-Monash,BRT06: South Quay-USJ 1,2023-11-11,159
BRT05: SunU-Monash,BRT06: South Quay-USJ 1,2023-11-12,95
BRT05: SunU-Monash,BRT06: South Quay-USJ 1,2023-11-13,98
BRT05: SunU-Monash,BRT06: South Quay-USJ 1,2023-11-14,271
BRT05: SunU-Monash,BRT06: South Quay-USJ 1,2023-11-15,315
BRT05: SunU-Monash,BRT06: South Quay-USJ 1,2023-11-16,264
BRT05: SunU-Monash,BRT06: South Quay-USJ 1,2023-11-17,256
BRT05: SunU-Monash,BRT06: South Quay-USJ 1,2023-11-18,134
BRT05: SunU-Monash,BRT06: South Quay-USJ 1,2023-11-19,124
BRT05: SunU-Monash,BRT06: South Quay-USJ 1,2023-11-20,277
BRT05: SunU-Monash,BRT06: South Quay-USJ 1,2023-11-21,295
BRT05: SunU-Monash,BRT06: South Quay-USJ 1,2023-11-22,305
BRT05: SunU-Monash,BRT06: South Quay-USJ 1,2023-11-23,305
BRT05: SunU-Monash,BRT06: South Quay-USJ 1,2023-11-24,250
BRT05: SunU-Monash,BRT06: South Quay-USJ 1,2023-11-25,99
BRT05: SunU-Monash,BRT06: South Quay-USJ 1,2023-11-26,125
BRT05: SunU-Monash,BRT06: South Quay-USJ 1,2023-11-27,274
BRT05: SunU-Monash,BRT06: South Quay-USJ 1,2023-11-28,172
BRT05: SunU-Monash,BRT06: South Quay-USJ 1,2023-11-29,324
BRT05: SunU-Monash,BRT06: South Quay-USJ 1,2023-11-30,260
BRT05: SunU-Monash,BRT06: South Quay-USJ 1,2023-12-01,283
BRT05: SunU-Monash,BRT06: South Quay-USJ 1,2023-12-02,159
BRT05: SunU-Monash,BRT06: South Quay-USJ 1,2023-12-03,102
BRT05: SunU-Monash,BRT06: South Quay-USJ 1,2023-12-04,241
BRT05: SunU-Monash,BRT06: South Quay-USJ 1,2023-12-05,263
BRT05: SunU-Monash,BRT06: South Quay-USJ 1,2023-12-06,260
BRT05: SunU-Monash,BRT06: South Quay-USJ 1,2023-12-07,276
BRT05: SunU-Monash,BRT06: South Quay-USJ 1,2023-12-08,205
BRT05: SunU-Monash,BRT06: South Quay-USJ 1,2023-12-09,142
BRT05: SunU-Monash,BRT06: South Quay-USJ 1,2023-12-10,96
BRT05: SunU-Monash,BRT06: South Quay-USJ 1,2023-12-11,119
BRT05: SunU-Monash,BRT06: South Quay-USJ 1,2023-12-12,205
BRT05: SunU-Monash,BRT06: South Quay-USJ 1,2023-12-13,181
BRT05: SunU-Monash,BRT06: South Quay-USJ 1,2023-12-14,181
BRT05: SunU-Monash,BRT06: South Quay-USJ 1,2023-12-15,212
BRT05: SunU-Monash,BRT06: South Quay-USJ 1,2023-12-16,107
BRT05: SunU-Monash,BRT06: South Quay-USJ 1,2023-12-17,125
BRT05: SunU-Monash,BRT06: South Quay-USJ 1,2023-12-18,170
BRT05: SunU-Monash,BRT06: South Quay-USJ 1,2023-12-19,154
BRT05: SunU-Monash,BRT06: South Quay-USJ 1,2023-12-20,167
BRT05: SunU-Monash,BRT06: South Quay-USJ 1,2023-12-21,126
BRT05: SunU-Monash,BRT06: South Quay-USJ 1,2023-12-22,145
BRT05: SunU-Monash,BRT06: South Quay-USJ 1,2023-12-23,91
BRT05: SunU-Monash,BRT06: South Quay-USJ 1,2023-12-24,89
BRT05: SunU-Monash,BRT06: South Quay-USJ 1,2023-12-25,74
BRT05: SunU-Monash,BRT06: South Quay-USJ 1,2023-12-26,111
BRT05: SunU-Monash,BRT06: South Quay-USJ 1,2023-12-27,139
BRT05: SunU-Monash,BRT06: South Quay-USJ 1,2023-12-28,120
BRT05: SunU-Monash,BRT06: South Quay-USJ 1,2023-12-29,129
BRT05: SunU-Monash,BRT06: South Quay-USJ 1,2023-12-30,96
BRT05: SunU-Monash,BRT06: South Quay-USJ 1,2023-12-31,82
BRT05: SunU-Monash,BRT07: USJ 7,2023-04-01,438
BRT05: SunU-Monash,BRT07: USJ 7,2023-04-02,290
BRT05: SunU-Monash,BRT07: USJ 7,2023-04-03,1287
BRT05: SunU-Monash,BRT07: USJ 7,2023-04-04,1409
BRT05: SunU-Monash,BRT07: USJ 7,2023-04-05,1386
BRT05: SunU-Monash,BRT07: USJ 7,2023-04-06,1446
BRT05: SunU-Monash,BRT07: USJ 7,2023-04-07,1326
BRT05: SunU-Monash,BRT07: USJ 7,2023-04-08,450
BRT05: SunU-Monash,BRT07: USJ 7,2023-04-09,278
BRT05: SunU-Monash,BRT07: USJ 7,2023-04-10,1293
BRT05: SunU-Monash,BRT07: USJ 7,2023-04-11,1394
BRT05: SunU-Monash,BRT07: USJ 7,2023-04-12,1363
BRT05: SunU-Monash,BRT07: USJ 7,2023-04-13,1339
BRT05: SunU-Monash,BRT07: USJ 7,2023-04-14,1293
BRT05: SunU-Monash,BRT07: USJ 7,2023-04-15,433
BRT05: SunU-Monash,BRT07: USJ 7,2023-04-16,265
BRT05: SunU-Monash,BRT07: USJ 7,2023-04-17,1465
BRT05: SunU-Monash,BRT07: USJ 7,2023-04-18,1541
BRT05: SunU-Monash,BRT07: USJ 7,2023-04-19,1532
BRT05: SunU-Monash,BRT07: USJ 7,2023-04-20,1401
BRT05: SunU-Monash,BRT07: USJ 7,2023-04-21,364
BRT05: SunU-Monash,BRT07: USJ 7,2023-04-22,288
BRT05: SunU-Monash,BRT07: USJ 7,2023-04-23,269
BRT05: SunU-Monash,BRT07: USJ 7,2023-04-24,197
BRT05: SunU-Monash,BRT07: USJ 7,2023-04-25,720
BRT05: SunU-Monash,BRT07: USJ 7,2023-04-26,1272
BRT05: SunU-Monash,BRT07: USJ 7,2023-04-27,1401
BRT05: SunU-Monash,BRT07: USJ 7,2023-04-28,1281
BRT05: SunU-Monash,BRT07: USJ 7,2023-04-29,401
BRT05: SunU-Monash,BRT07: USJ 7,2023-04-30,281
BRT05: SunU-Monash,BRT07: USJ 7,2023-05-01,264
BRT05: SunU-Monash,BRT07: USJ 7,2023-05-02,1760
BRT05: SunU-Monash,BRT07: USJ 7,2023-05-03,1836
BRT05: SunU-Monash,BRT07: USJ 7,2023-05-04,392
BRT05: SunU-Monash,BRT07: USJ 7,2023-05-05,1584
BRT05: SunU-Monash,BRT07: USJ 7,2023-05-06,422
BRT05: SunU-Monash,BRT07: USJ 7,2023-05-07,349
BRT05: SunU-Monash,BRT07: USJ 7,2023-05-08,1787
BRT05: SunU-Monash,BRT07: USJ 7,2023-05-09,1810
BRT05: SunU-Monash,BRT07: USJ 7,2023-05-10,1854
BRT05: SunU-Monash,BRT07: USJ 7,2023-05-11,1844
BRT05: SunU-Monash,BRT07: USJ 7,2023-05-12,1692
BRT05: SunU-Monash,BRT07: USJ 7,2023-05-13,551
BRT05: SunU-Monash,BRT07: USJ 7,2023-05-14,336
BRT05: SunU-Monash,BRT07: USJ 7,2023-05-15,1707
BRT05: SunU-Monash,BRT07: USJ 7,2023-05-16,1641
BRT05: SunU-Monash,BRT07: USJ 7,2023-05-17,1564
BRT05: SunU-Monash,BRT07: USJ 7,2023-05-18,1666
BRT05: SunU-Monash,BRT07: USJ 7,2023-05-19,1527
BRT05: SunU-Monash,BRT07: USJ 7,2023-05-20,458
BRT05: SunU-Monash,BRT07: USJ 7,2023-05-21,300
BRT05: SunU-Monash,BRT07: USJ 7,2023-05-22,1596
BRT05: SunU-Monash,BRT07: USJ 7,2023-05-23,1582
BRT05: SunU-Monash,BRT07: USJ 7,2023-05-24,1621
BRT05: SunU-Monash,BRT07: USJ 7,2023-05-25,1525
BRT05: SunU-Monash,BRT07: USJ 7,2023-05-26,1444
BRT05: SunU-Monash,BRT07: USJ 7,2023-05-27,453
BRT05: SunU-Monash,BRT07: USJ 7,2023-05-28,272
BRT05: SunU-Monash,BRT07: USJ 7,2023-05-29,1332
BRT05: SunU-Monash,BRT07: USJ 7,2023-05-30,1419
BRT05: SunU-Monash,BRT07: USJ 7,2023-05-31,1349
BRT05: SunU-Monash,BRT07: USJ 7,2023-06-01,1290
BRT05: SunU-Monash,BRT07: USJ 7,2023-06-02,1183
BRT05: SunU-Monash,BRT07: USJ 7,2023-06-03,414
BRT05: SunU-Monash,BRT07: USJ 7,2023-06-04,308
BRT05: SunU-Monash,BRT07: USJ 7,2023-06-05,252
BRT05: SunU-Monash,BRT07: USJ 7,2023-06-06,1260
BRT05: SunU-Monash,BRT07: USJ 7,2023-06-07,1270
BRT05: SunU-Monash,BRT07: USJ 7,2023-06-08,1174
BRT05: SunU-Monash,BRT07: USJ 7,2023-06-09,1166
BRT05: SunU-Monash,BRT07: USJ 7,2023-06-10,421
BRT05: SunU-Monash,BRT07: USJ 7,2023-06-11,294
BRT05: SunU-Monash,BRT07: USJ 7,2023-06-12,861
BRT05: SunU-Monash,BRT07: USJ 7,2023-06-13,963
BRT05: SunU-Monash,BRT07: USJ 7,2023-06-14,881
BRT05: SunU-Monash,BRT07: USJ 7,2023-06-15,956
BRT05: SunU-Monash,BRT07: USJ 7,2023-06-16,832
BRT05: SunU-Monash,BRT07: USJ 7,2023-06-17,429
BRT05: SunU-Monash,BRT07: USJ 7,2023-06-18,295
BRT05: SunU-Monash,BRT07: USJ 7,2023-06-19,1281
BRT05: SunU-Monash,BRT07: USJ 7,2023-06-20,1380
BRT05: SunU-Monash,BRT07: USJ 7,2023-06-21,1283
BRT05: SunU-Monash,BRT07: USJ 7,2023-06-22,1315
BRT05: SunU-Monash,BRT07: USJ 7,2023-06-23,995
BRT05: SunU-Monash,BRT07: USJ 7,2023-06-24,552
BRT05: SunU-Monash,BRT07: USJ 7,2023-06-25,308
BRT05: SunU-Monash,BRT07: USJ 7,2023-06-26,1113
BRT05: SunU-Monash,BRT07: USJ 7,2023-06-27,1193
BRT05: SunU-Monash,BRT07: USJ 7,2023-06-28,1171
BRT05: SunU-Monash,BRT07: USJ 7,2023-06-29,300
BRT05: SunU-Monash,BRT07: USJ 7,2023-06-30,858
BRT05: SunU-Monash,BRT07: USJ 7,2023-07-01,338
BRT05: SunU-Monash,BRT07: USJ 7,2023-07-02,243
BRT05: SunU-Monash,BRT07: USJ 7,2023-07-03,1106
BRT05: SunU-Monash,BRT07: USJ 7,2023-07-04,1246
BRT05: SunU-Monash,BRT07: USJ 7,2023-07-05,1287
BRT05: SunU-Monash,BRT07: USJ 7,2023-07-06,1334
BRT05: SunU-Monash,BRT07: USJ 7,2023-07-07,1305
BRT05: SunU-Monash,BRT07: USJ 7,2023-07-08,358
BRT05: SunU-Monash,BRT07: USJ 7,2023-07-09,319
BRT05: SunU-Monash,BRT07: USJ 7,2023-07-10,1290
BRT05: SunU-Monash,BRT07: USJ 7,2023-07-11,1342
BRT05: SunU-Monash,BRT07: USJ 7,2023-07-12,1347
BRT05: SunU-Monash,BRT07: USJ 7,2023-07-13,1462
BRT05: SunU-Monash,BRT07: USJ 7,2023-07-14,1459
BRT05: SunU-Monash,BRT07: USJ 7,2023-07-15,445
BRT05: SunU-Monash,BRT07: USJ 7,2023-07-16,270
BRT05: SunU-Monash,BRT07: USJ 7,2023-07-17,1422
BRT05: SunU-Monash,BRT07: USJ 7,2023-07-18,1549
BRT05: SunU-Monash,BRT07: USJ 7,2023-07-19,417
BRT05: SunU-Monash,BRT07: USJ 7,2023-07-20,1438
BRT05: SunU-Monash,BRT07: USJ 7,2023-07-21,1370
BRT05: SunU-Monash,BRT07: USJ 7,2023-07-22,464
BRT05: SunU-Monash,BRT07: USJ 7,2023-07-23,333
BRT05: SunU-Monash,BRT07: USJ 7,2023-07-24,1569
BRT05: SunU-Monash,BRT07: USJ 7,2023-07-25,1612
BRT05: SunU-Monash,BRT07: USJ 7,2023-07-26,1648
BRT05: SunU-Monash,BRT07: USJ 7,2023-07-27,1713
BRT05: SunU-Monash,BRT07: USJ 7,2023-07-28,1376
BRT05: SunU-Monash,BRT07: USJ 7,2023-07-29,460
BRT05: SunU-Monash,BRT07: USJ 7,2023-07-30,322
BRT05: SunU-Monash,BRT07: USJ 7,2023-07-31,1487
BRT05: SunU-Monash,BRT07: USJ 7,2023-08-01,1484
BRT05: SunU-Monash,BRT07: USJ 7,2023-08-02,1520
BRT05: SunU-Monash,BRT07: USJ 7,2023-08-03,1534
BRT05: SunU-Monash,BRT07: USJ 7,2023-08-04,1310
BRT05: SunU-Monash,BRT07: USJ 7,2023-08-05,467
BRT05: SunU-Monash,BRT07: USJ 7,2023-08-06,305
BRT05: SunU-Monash,BRT07: USJ 7,2023-08-07,1473
BRT05: SunU-Monash,BRT07: USJ 7,2023-08-08,1425
BRT05: SunU-Monash,BRT07: USJ 7,2023-08-09,1446
BRT05: SunU-Monash,BRT07: USJ 7,2023-08-10,1553
BRT05: SunU-Monash,BRT07: USJ 7,2023-08-11,1269
BRT05: SunU-Monash,BRT07: USJ 7,2023-08-12,313
BRT05: SunU-Monash,BRT07: USJ 7,2023-08-13,231
BRT05: SunU-Monash,BRT07: USJ 7,2023-08-14,477
BRT05: SunU-Monash,BRT07: USJ 7,2023-08-15,1443
BRT05: SunU-Monash,BRT07: USJ 7,2023-08-16,1389
BRT05: SunU-Monash,BRT07: USJ 7,2023-08-17,1372
BRT05: SunU-Monash,BRT07: USJ 7,2023-08-18,1371
BRT05: SunU-Monash,BRT07: USJ 7,2023-08-19,453
BRT05: SunU-Monash,BRT07: USJ 7,2023-08-20,311
BRT05: SunU-Monash,BRT07: USJ 7,2023-08-21,1211
BRT05: SunU-Monash,BRT07: USJ 7,2023-08-22,1327
BRT05: SunU-Monash,BRT07: USJ 7,2023-08-23,1441
BRT05: SunU-Monash,BRT07: USJ 7,2023-08-24,1491
BRT05: SunU-Monash,BRT07: USJ 7,2023-08-25,1466
BRT05: SunU-Monash,BRT07: USJ 7,2023-08-26,468
BRT05: SunU-Monash,BRT07: USJ 7,2023-08-27,278
BRT05: SunU-Monash,BRT07: USJ 7,2023-08-28,1271
BRT05: SunU-Monash,BRT07: USJ 7,2023-08-29,1435
BRT05: SunU-Monash,BRT07: USJ 7,2023-08-30,1617
BRT05: SunU-Monash,BRT07: USJ 7,2023-08-31,396
BRT05: SunU-Monash,BRT07: USJ 7,2023-09-01,1036
BRT05: SunU-Monash,BRT07: USJ 7,2023-09-02,446
BRT05: SunU-Monash,BRT07: USJ 7,2023-09-03,278
BRT05: SunU-Monash,BRT07: USJ 7,2023-09-04,1471
BRT05: SunU-Monash,BRT07: USJ 7,2023-09-05,1599
BRT05: SunU-Monash,BRT07: USJ 7,2023-09-06,1634
BRT05: SunU-Monash,BRT07: USJ 7,2023-09-07,1715
BRT05: SunU-Monash,BRT07: USJ 7,2023-09-08,1782
BRT05: SunU-Monash,BRT07: USJ 7,2023-09-09,544
BRT05: SunU-Monash,BRT07: USJ 7,2023-09-10,355
BRT05: SunU-Monash,BRT07: USJ 7,2023-09-11,1816
BRT05: SunU-Monash,BRT07: USJ 7,2023-09-12,1844
BRT05: SunU-Monash,BRT07: USJ 7,2023-09-13,1847
BRT05: SunU-Monash,BRT07: USJ 7,2023-09-14,1795
BRT05: SunU-Monash,BRT07: USJ 7,2023-09-15,1868
BRT05: SunU-Monash,BRT07: USJ 7,2023-09-16,443
BRT05: SunU-Monash,BRT07: USJ 7,2023-09-17,323
BRT05: SunU-Monash,BRT07: USJ 7,2023-09-18,1785
BRT05: SunU-Monash,BRT07: USJ 7,2023-09-19,1916
BRT05: SunU-Monash,BRT07: USJ 7,2023-09-20,1987
BRT05: SunU-Monash,BRT07: USJ 7,2023-09-21,1883
BRT05: SunU-Monash,BRT07: USJ 7,2023-09-22,1968
BRT05: SunU-Monash,BRT07: USJ 7,2023-09-23,573
BRT05: SunU-Monash,BRT07: USJ 7,2023-09-24,350
BRT05: SunU-Monash,BRT07: USJ 7,2023-09-25,1808
BRT05: SunU-Monash,BRT07: USJ 7,2023-09-26,1731
BRT05: SunU-Monash,BRT07: USJ 7,2023-09-27,1975
BRT05: SunU-Monash,BRT07: USJ 7,2023-09-28,446
BRT05: SunU-Monash,BRT07: USJ 7,2023-09-29,1618
BRT05: SunU-Monash,BRT07: USJ 7,2023-09-30,573
BRT05: SunU-Monash,BRT07: USJ 7,2023-10-01,346
BRT05: SunU-Monash,BRT07: USJ 7,2023-10-02,1892
BRT05: SunU-Monash,BRT07: USJ 7,2023-10-03,1996
BRT05: SunU-Monash,BRT07: USJ 7,2023-10-04,2030
BRT05: SunU-Monash,BRT07: USJ 7,2023-10-05,1880
BRT05: SunU-Monash,BRT07: USJ 7,2023-10-06,1920
BRT05: SunU-Monash,BRT07: USJ 7,2023-10-07,479
BRT05: SunU-Monash,BRT07: USJ 7,2023-10-08,340
BRT05: SunU-Monash,BRT07: USJ 7,2023-10-09,1881
BRT05: SunU-Monash,BRT07: USJ 7,2023-10-10,1942
BRT05: SunU-Monash,BRT07: USJ 7,2023-10-11,1912
BRT05: SunU-Monash,BRT07: USJ 7,2023-10-12,2033
BRT05: SunU-Monash,BRT07: USJ 7,2023-10-13,1911
BRT05: SunU-Monash,BRT07: USJ 7,2023-10-14,599
BRT05: SunU-Monash,BRT07: USJ 7,2023-10-15,387
BRT05: SunU-Monash,BRT07: USJ 7,2023-10-16,1865
BRT05: SunU-Monash,BRT07: USJ 7,2023-10-17,2006
BRT05: SunU-Monash,BRT07: USJ 7,2023-10-18,2074
BRT05: SunU-Monash,BRT07: USJ 7,2023-10-19,1968
BRT05: SunU-Monash,BRT07: USJ 7,2023-10-20,2018
BRT05: SunU-Monash,BRT07: USJ 7,2023-10-21,587
BRT05: SunU-Monash,BRT07: USJ 7,2023-10-22,348
BRT05: SunU-Monash,BRT07: USJ 7,2023-10-23,1708
BRT05: SunU-Monash,BRT07: USJ 7,2023-10-24,1813
BRT05: SunU-Monash,BRT07: USJ 7,2023-10-25,1851
BRT05: SunU-Monash,BRT07: USJ 7,2023-10-26,1788
BRT05: SunU-Monash,BRT07: USJ 7,2023-10-27,1732
BRT05: SunU-Monash,BRT07: USJ 7,2023-10-28,502
BRT05: SunU-Monash,BRT07: USJ 7,2023-10-29,338
BRT05: SunU-Monash,BRT07: USJ 7,2023-10-30,1309
BRT05: SunU-Monash,BRT07: USJ 7,2023-10-31,1372
BRT05: SunU-Monash,BRT07: USJ 7,2023-11-01,1383
BRT05: SunU-Monash,BRT07: USJ 7,2023-11-02,1437
BRT05: SunU-Monash,BRT07: USJ 7,2023-11-03,1337
BRT05: SunU-Monash,BRT07: USJ 7,2023-11-04,581
BRT05: SunU-Monash,BRT07: USJ 7,2023-11-05,300
BRT05: SunU-Monash,BRT07: USJ 7,2023-11-06,1602
BRT05: SunU-Monash,BRT07: USJ 7,2023-11-07,1700
BRT05: SunU-Monash,BRT07: USJ 7,2023-11-08,1736
BRT05: SunU-Monash,BRT07: USJ 7,2023-11-09,1771
BRT05: SunU-Monash,BRT07: USJ 7,2023-11-10,1704
BRT05: SunU-Monash,BRT07: USJ 7,2023-11-11,554
BRT05: SunU-Monash,BRT07: USJ 7,2023-11-12,328
BRT05: SunU-Monash,BRT07: USJ 7,2023-11-13,336
BRT05: SunU-Monash,BRT07: USJ 7,2023-11-14,1197
BRT05: SunU-Monash,BRT07: USJ 7,2023-11-15,1370
BRT05: SunU-Monash,BRT07: USJ 7,2023-11-16,1415
BRT05: SunU-Monash,BRT07: USJ 7,2023-11-17,1423
BRT05: SunU-Monash,BRT07: USJ 7,2023-11-18,507
BRT05: SunU-Monash,BRT07: USJ 7,2023-11-19,392
BRT05: SunU-Monash,BRT07: USJ 7,2023-11-20,1550
BRT05: SunU-Monash,BRT07: USJ 7,2023-11-21,1651
BRT05: SunU-Monash,BRT07: USJ 7,2023-11-22,1707
BRT05: SunU-Monash,BRT07: USJ 7,2023-11-23,1726
BRT05: SunU-Monash,BRT07: USJ 7,2023-11-24,1669
BRT05: SunU-Monash,BRT07: USJ 7,2023-11-25,395
BRT05: SunU-Monash,BRT07: USJ 7,2023-11-26,322
BRT05: SunU-Monash,BRT07: USJ 7,2023-11-27,1390
BRT05: SunU-Monash,BRT07: USJ 7,2023-11-28,1417
BRT05: SunU-Monash,BRT07: USJ 7,2023-11-29,1467
BRT05: SunU-Monash,BRT07: USJ 7,2023-11-30,1504
BRT05: SunU-Monash,BRT07: USJ 7,2023-12-01,1299
BRT05: SunU-Monash,BRT07: USJ 7,2023-12-02,462
BRT05: SunU-Monash,BRT07: USJ 7,2023-12-03,288
BRT05: SunU-Monash,BRT07: USJ 7,2023-12-04,1292
BRT05: SunU-Monash,BRT07: USJ 7,2023-12-05,1126
BRT05: SunU-Monash,BRT07: USJ 7,2023-12-06,1252
BRT05: SunU-Monash,BRT07: USJ 7,2023-12-07,1336
BRT05: SunU-Monash,BRT07: USJ 7,2023-12-08,1304
BRT05: SunU-Monash,BRT07: USJ 7,2023-12-09,497
BRT05: SunU-Monash,BRT07: USJ 7,2023-12-10,343
BRT05: SunU-Monash,BRT07: USJ 7,2023-12-11,388
BRT05: SunU-Monash,BRT07: USJ 7,2023-12-12,1025
BRT05: SunU-Monash,BRT07: USJ 7,2023-12-13,974
BRT05: SunU-Monash,BRT07: USJ 7,2023-12-14,904
BRT05: SunU-Monash,BRT07: USJ 7,2023-12-15,902
BRT05: SunU-Monash,BRT07: USJ 7,2023-12-16,471
BRT05: SunU-Monash,BRT07: USJ 7,2023-12-17,334
BRT05: SunU-Monash,BRT07: USJ 7,2023-12-18,710
BRT05: SunU-Monash,BRT07: USJ 7,2023-12-19,652
BRT05: SunU-Monash,BRT07: USJ 7,2023-12-20,662
BRT05: SunU-Monash,BRT07: USJ 7,2023-12-21,601
BRT05: SunU-Monash,BRT07: USJ 7,2023-12-22,526
BRT05: SunU-Monash,BRT07: USJ 7,2023-12-23,302
BRT05: SunU-Monash,BRT07: USJ 7,2023-12-24,226
BRT05: SunU-Monash,BRT07: USJ 7,2023-12-25,191
BRT05: SunU-Monash,BRT07: USJ 7,2023-12-26,350
BRT05: SunU-Monash,BRT07: USJ 7,2023-12-27,339
BRT05: SunU-Monash,BRT07: USJ 7,2023-12-28,328
BRT05: SunU-Monash,BRT07: USJ 7,2023-12-29,314
BRT05: SunU-Monash,BRT07: USJ 7,2023-12-30,202
BRT05: SunU-Monash,BRT07: USJ 7,2023-12-31,268
BRT06: South Quay-USJ 1,A0: All Stations,2023-04-01,1159
BRT06: South Quay-USJ 1,A0: All Stations,2023-04-02,1191
BRT06: South Quay-USJ 1,A0: All Stations,2023-04-03,1886
BRT06: South Quay-USJ 1,A0: All Stations,2023-04-04,1928
BRT06: South Quay-USJ 1,A0: All Stations,2023-04-05,1967
BRT06: South Quay-USJ 1,A0: All Stations,2023-04-06,1922
BRT06: South Quay-USJ 1,A0: All Stations,2023-04-07,1687
BRT06: South Quay-USJ 1,A0: All Stations,2023-04-08,1279
BRT06: South Quay-USJ 1,A0: All Stations,2023-04-09,1232
BRT06: South Quay-USJ 1,A0: All Stations,2023-04-10,1823
BRT06: South Quay-USJ 1,A0: All Stations,2023-04-11,1894
BRT06: South Quay-USJ 1,A0: All Stations,2023-04-12,1876
BRT06: South Quay-USJ 1,A0: All Stations,2023-04-13,1691
BRT06: South Quay-USJ 1,A0: All Stations,2023-04-14,1913
BRT06: South Quay-USJ 1,A0: All Stations,2023-04-15,1322
BRT06: South Quay-USJ 1,A0: All Stations,2023-04-16,1273
BRT06: South Quay-USJ 1,A0: All Stations,2023-04-17,1907
BRT06: South Quay-USJ 1,A0: All Stations,2023-04-18,1951
BRT06: South Quay-USJ 1,A0: All Stations,2023-04-19,2038
BRT06: South Quay-USJ 1,A0: All Stations,2023-04-20,2018
BRT06: South Quay-USJ 1,A0: All Stations,2023-04-21,1277
BRT06: South Quay-USJ 1,A0: All Stations,2023-04-22,1061
BRT06: South Quay-USJ 1,A0: All Stations,2023-04-23,1166
BRT06: South Quay-USJ 1,A0: All Stations,2023-04-24,924
BRT06: South Quay-USJ 1,A0: All Stations,2023-04-25,1252
BRT06: South Quay-USJ 1,A0: All Stations,2023-04-26,1564
BRT06: South Quay-USJ 1,A0: All Stations,2023-04-27,1671
BRT06: South Quay-USJ 1,A0: All Stations,2023-04-28,1745
BRT06: South Quay-USJ 1,A0: All Stations,2023-04-29,1107
BRT06: South Quay-USJ 1,A0: All Stations,2023-04-30,1098
BRT06: South Quay-USJ 1,A0: All Stations,2023-05-01,1087
BRT06: South Quay-USJ 1,A0: All Stations,2023-05-02,1877
BRT06: South Quay-USJ 1,A0: All Stations,2023-05-03,1869
BRT06: South Quay-USJ 1,A0: All Stations,2023-05-04,1071
BRT06: South Quay-USJ 1,A0: All Stations,2023-05-05,1836
BRT06: South Quay-USJ 1,A0: All Stations,2023-05-06,1125
BRT06: South Quay-USJ 1,A0: All Stations,2023-05-07,1131
BRT06: South Quay-USJ 1,A0: All Stations,2023-05-08,1881
BRT06: South Quay-USJ 1,A0: All Stations,2023-05-09,1978
BRT06: South Quay-USJ 1,A0: All Stations,2023-05-10,1835
BRT06: South Quay-USJ 1,A0: All Stations,2023-05-11,1925
BRT06: South Quay-USJ 1,A0: All Stations,2023-05-12,2021
BRT06: South Quay-USJ 1,A0: All Stations,2023-05-13,1173
BRT06: South Quay-USJ 1,A0: All Stations,2023-05-14,1139
BRT06: South Quay-USJ 1,A0: All Stations,2023-05-15,1815
BRT06: South Quay-USJ 1,A0: All Stations,2023-05-16,1945
BRT06: South Quay-USJ 1,A0: All Stations,2023-05-17,1874
BRT06: South Quay-USJ 1,A0: All Stations,2023-05-18,1984
BRT06: South Quay-USJ 1,A0: All Stations,2023-05-19,1886
BRT06: South Quay-USJ 1,A0: All Stations,2023-05-20,1138
BRT06: South Quay-USJ 1,A0: All Stations,2023-05-21,1059
BRT06: South Quay-USJ 1,A0: All Stations,2023-05-22,1849
BRT06: South Quay-USJ 1,A0: All Stations,2023-05-23,1821
BRT06: South Quay-USJ 1,A0: All Stations,2023-05-24,1773
BRT06: South Quay-USJ 1,A0: All Stations,2023-05-25,1857
BRT06: South Quay-USJ 1,A0: All Stations,2023-05-26,1896
BRT06: South Quay-USJ 1,A0: All Stations,2023-05-27,1193
BRT06: South Quay-USJ 1,A0: All Stations,2023-05-28,1060
BRT06: South Quay-USJ 1,A0: All Stations,2023-05-29,1673
BRT06: South Quay-USJ 1,A0: All Stations,2023-05-30,1772
BRT06: South Quay-USJ 1,A0: All Stations,2023-05-31,1822
BRT06: South Quay-USJ 1,A0: All Stations,2023-06-01,1783
BRT06: South Quay-USJ 1,A0: All Stations,2023-06-02,1712
BRT06: South Quay-USJ 1,A0: All Stations,2023-06-03,1093
BRT06: South Quay-USJ 1,A0: All Stations,2023-06-04,1093
BRT06: South Quay-USJ 1,A0: All Stations,2023-06-05,955
BRT06: South Quay-USJ 1,A0: All Stations,2023-06-06,1848
BRT06: South Quay-USJ 1,A0: All Stations,2023-06-07,1792
BRT06: South Quay-USJ 1,A0: All Stations,2023-06-08,1801
BRT06: South Quay-USJ 1,A0: All Stations,2023-06-09,1772
BRT06: South Quay-USJ 1,A0: All Stations,2023-06-10,1172
BRT06: South Quay-USJ 1,A0: All Stations,2023-06-11,1101
BRT06: South Quay-USJ 1,A0: All Stations,2023-06-12,1485
BRT06: South Quay-USJ 1,A0: All Stations,2023-06-13,1532
BRT06: South Quay-USJ 1,A0: All Stations,2023-06-14,1606
BRT06: South Quay-USJ 1,A0: All Stations,2023-06-15,1621
BRT06: South Quay-USJ 1,A0: All Stations,2023-06-16,1534
BRT06: South Quay-USJ 1,A0: All Stations,2023-06-17,1102
BRT06: South Quay-USJ 1,A0: All Stations,2023-06-18,1054
BRT06: South Quay-USJ 1,A0: All Stations,2023-06-19,1549
BRT06: South Quay-USJ 1,A0: All Stations,2023-06-20,1552
BRT06: South Quay-USJ 1,A0: All Stations,2023-06-21,1608
BRT06: South Quay-USJ 1,A0: All Stations,2023-06-22,1619
BRT06: South Quay-USJ 1,A0: All Stations,2023-06-23,1568
BRT06: South Quay-USJ 1,A0: All Stations,2023-06-24,1124
BRT06: South Quay-USJ 1,A0: All Stations,2023-06-25,1036
BRT06: South Quay-USJ 1,A0: All Stations,2023-06-26,1534
BRT06: South Quay-USJ 1,A0: All Stations,2023-06-27,1602
BRT06: South Quay-USJ 1,A0: All Stations,2023-06-28,1636
BRT06: South Quay-USJ 1,A0: All Stations,2023-06-29,1093
BRT06: South Quay-USJ 1,A0: All Stations,2023-06-30,1345
BRT06: South Quay-USJ 1,A0: All Stations,2023-07-01,1045
BRT06: South Quay-USJ 1,A0: All Stations,2023-07-02,930
BRT06: South Quay-USJ 1,A0: All Stations,2023-07-03,1478
BRT06: South Quay-USJ 1,A0: All Stations,2023-07-04,1560
BRT06: South Quay-USJ 1,A0: All Stations,2023-07-05,1580
BRT06: South Quay-USJ 1,A0: All Stations,2023-07-06,1628
BRT06: South Quay-USJ 1,A0: All Stations,2023-07-07,1613
BRT06: South Quay-USJ 1,A0: All Stations,2023-07-08,1139
BRT06: South Quay-USJ 1,A0: All Stations,2023-07-09,1117
BRT06: South Quay-USJ 1,A0: All Stations,2023-07-10,1569
BRT06: South Quay-USJ 1,A0: All Stations,2023-07-11,1600
BRT06: South Quay-USJ 1,A0: All Stations,2023-07-12,1587
BRT06: South Quay-USJ 1,A0: All Stations,2023-07-13,1689
BRT06: South Quay-USJ 1,A0: All Stations,2023-07-14,1622
BRT06: South Quay-USJ 1,A0: All Stations,2023-07-15,1194
BRT06: South Quay-USJ 1,A0: All Stations,2023-07-16,1056
BRT06: South Quay-USJ 1,A0: All Stations,2023-07-17,1575
BRT06: South Quay-USJ 1,A0: All Stations,2023-07-18,1632
BRT06: South Quay-USJ 1,A0: All Stations,2023-07-19,1059
BRT06: South Quay-USJ 1,A0: All Stations,2023-07-20,1671
BRT06: South Quay-USJ 1,A0: All Stations,2023-07-21,1639
BRT06: South Quay-USJ 1,A0: All Stations,2023-07-22,1102
BRT06: South Quay-USJ 1,A0: All Stations,2023-07-23,1073
BRT06: South Quay-USJ 1,A0: All Stations,2023-07-24,1797
BRT06: South Quay-USJ 1,A0: All Stations,2023-07-25,1977
BRT06: South Quay-USJ 1,A0: All Stations,2023-07-26,1975
BRT06: South Quay-USJ 1,A0: All Stations,2023-07-27,1986
BRT06: South Quay-USJ 1,A0: All Stations,2023-07-28,1980
BRT06: South Quay-USJ 1,A0: All Stations,2023-07-29,1281
BRT06: South Quay-USJ 1,A0: All Stations,2023-07-30,1137
BRT06: South Quay-USJ 1,A0: All Stations,2023-07-31,1906
BRT06: South Quay-USJ 1,A0: All Stations,2023-08-01,1940
BRT06: South Quay-USJ 1,A0: All Stations,2023-08-02,1955
BRT06: South Quay-USJ 1,A0: All Stations,2023-08-03,2017
BRT06: South Quay-USJ 1,A0: All Stations,2023-08-04,1937
BRT06: South Quay-USJ 1,A0: All Stations,2023-08-05,1216
BRT06: South Quay-USJ 1,A0: All Stations,2023-08-06,1123
BRT06: South Quay-USJ 1,A0: All Stations,2023-08-07,1902
BRT06: South Quay-USJ 1,A0: All Stations,2023-08-08,1877
BRT06: South Quay-USJ 1,A0: All Stations,2023-08-09,1943
BRT06: South Quay-USJ 1,A0: All Stations,2023-08-10,2028
BRT06: South Quay-USJ 1,A0: All Stations,2023-08-11,1916
BRT06: South Quay-USJ 1,A0: All Stations,2023-08-12,1095
BRT06: South Quay-USJ 1,A0: All Stations,2023-08-13,1008
BRT06: South Quay-USJ 1,A0: All Stations,2023-08-14,1151
BRT06: South Quay-USJ 1,A0: All Stations,2023-08-15,1895
BRT06: South Quay-USJ 1,A0: All Stations,2023-08-16,1860
BRT06: South Quay-USJ 1,A0: All Stations,2023-08-17,1901
BRT06: South Quay-USJ 1,A0: All Stations,2023-08-18,1784
BRT06: South Quay-USJ 1,A0: All Stations,2023-08-19,1137
BRT06: South Quay-USJ 1,A0: All Stations,2023-08-20,1091
BRT06: South Quay-USJ 1,A0: All Stations,2023-08-21,1791
BRT06: South Quay-USJ 1,A0: All Stations,2023-08-22,1811
BRT06: South Quay-USJ 1,A0: All Stations,2023-08-23,1761
BRT06: South Quay-USJ 1,A0: All Stations,2023-08-24,1839
BRT06: South Quay-USJ 1,A0: All Stations,2023-08-25,1894
BRT06: South Quay-USJ 1,A0: All Stations,2023-08-26,1146
BRT06: South Quay-USJ 1,A0: All Stations,2023-08-27,1033
BRT06: South Quay-USJ 1,A0: All Stations,2023-08-28,1722
BRT06: South Quay-USJ 1,A0: All Stations,2023-08-29,1862
BRT06: South Quay-USJ 1,A0: All Stations,2023-08-30,2047
BRT06: South Quay-USJ 1,A0: All Stations,2023-08-31,1223
BRT06: South Quay-USJ 1,A0: All Stations,2023-09-01,1529
BRT06: South Quay-USJ 1,A0: All Stations,2023-09-02,1126
BRT06: South Quay-USJ 1,A0: All Stations,2023-09-03,993
BRT06: South Quay-USJ 1,A0: All Stations,2023-09-04,1857
BRT06: South Quay-USJ 1,A0: All Stations,2023-09-05,1929
BRT06: South Quay-USJ 1,A0: All Stations,2023-09-06,1973
BRT06: South Quay-USJ 1,A0: All Stations,2023-09-07,2058
BRT06: South Quay-USJ 1,A0: All Stations,2023-09-08,2115
BRT06: South Quay-USJ 1,A0: All Stations,2023-09-09,1319
BRT06: South Quay-USJ 1,A0: All Stations,2023-09-10,1115
BRT06: South Quay-USJ 1,A0: All Stations,2023-09-11,2015
BRT06: South Quay-USJ 1,A0: All Stations,2023-09-12,2062
BRT06: South Quay-USJ 1,A0: All Stations,2023-09-13,1978
BRT06: South Quay-USJ 1,A0: All Stations,2023-09-14,2011
BRT06: South Quay-USJ 1,A0: All Stations,2023-09-15,2090
BRT06: South Quay-USJ 1,A0: All Stations,2023-09-16,1228
BRT06: South Quay-USJ 1,A0: All Stations,2023-09-17,983
BRT06: South Quay-USJ 1,A0: All Stations,2023-09-18,1927
BRT06: South Quay-USJ 1,A0: All Stations,2023-09-19,1998
BRT06: South Quay-USJ 1,A0: All Stations,2023-09-20,2089
BRT06: South Quay-USJ 1,A0: All Stations,2023-09-21,2002
BRT06: South Quay-USJ 1,A0: All Stations,2023-09-22,2156
BRT06: South Quay-USJ 1,A0: All Stations,2023-09-23,1199
BRT06: South Quay-USJ 1,A0: All Stations,2023-09-24,1067
BRT06: South Quay-USJ 1,A0: All Stations,2023-09-25,1927
BRT06: South Quay-USJ 1,A0: All Stations,2023-09-26,1971
BRT06: South Quay-USJ 1,A0: All Stations,2023-09-27,2054
BRT06: South Quay-USJ 1,A0: All Stations,2023-09-28,1199
BRT06: South Quay-USJ 1,A0: All Stations,2023-09-29,1636
BRT06: South Quay-USJ 1,A0: All Stations,2023-09-30,1201
BRT06: South Quay-USJ 1,A0: All Stations,2023-10-01,1144
BRT06: South Quay-USJ 1,A0: All Stations,2023-10-02,2046
BRT06: South Quay-USJ 1,A0: All Stations,2023-10-03,2134
BRT06: South Quay-USJ 1,A0: All Stations,2023-10-04,2075
BRT06: South Quay-USJ 1,A0: All Stations,2023-10-05,2061
BRT06: South Quay-USJ 1,A0: All Stations,2023-10-06,2183
BRT06: South Quay-USJ 1,A0: All Stations,2023-10-07,1434
BRT06: South Quay-USJ 1,A0: All Stations,2023-10-08,1204
BRT06: South Quay-USJ 1,A0: All Stations,2023-10-09,2098
BRT06: South Quay-USJ 1,A0: All Stations,2023-10-10,2129
BRT06: South Quay-USJ 1,A0: All Stations,2023-10-11,2101
BRT06: South Quay-USJ 1,A0: All Stations,2023-10-12,2020
BRT06: South Quay-USJ 1,A0: All Stations,2023-10-13,2135
BRT06: South Quay-USJ 1,A0: All Stations,2023-10-14,1375
BRT06: South Quay-USJ 1,A0: All Stations,2023-10-15,1202
BRT06: South Quay-USJ 1,A0: All Stations,2023-10-16,1971
BRT06: South Quay-USJ 1,A0: All Stations,2023-10-17,2019
BRT06: South Quay-USJ 1,A0: All Stations,2023-10-18,2069
BRT06: South Quay-USJ 1,A0: All Stations,2023-10-19,2013
BRT06: South Quay-USJ 1,A0: All Stations,2023-10-20,2196
BRT06: South Quay-USJ 1,A0: All Stations,2023-10-21,1282
BRT06: South Quay-USJ 1,A0: All Stations,2023-10-22,1152
BRT06: South Quay-USJ 1,A0: All Stations,2023-10-23,1819
BRT06: South Quay-USJ 1,A0: All Stations,2023-10-24,1922
BRT06: South Quay-USJ 1,A0: All Stations,2023-10-25,2001
BRT06: South Quay-USJ 1,A0: All Stations,2023-10-26,1927
BRT06: South Quay-USJ 1,A0: All Stations,2023-10-27,2118
BRT06: South Quay-USJ 1,A0: All Stations,2023-10-28,1242
BRT06: South Quay-USJ 1,A0: All Stations,2023-10-29,1135
BRT06: South Quay-USJ 1,A0: All Stations,2023-10-30,1833
BRT06: South Quay-USJ 1,A0: All Stations,2023-10-31,1999
BRT06: South Quay-USJ 1,A0: All Stations,2023-11-01,2025
BRT06: South Quay-USJ 1,A0: All Stations,2023-11-02,2000
BRT06: South Quay-USJ 1,A0: All Stations,2023-11-03,1995
BRT06: South Quay-USJ 1,A0: All Stations,2023-11-04,1344
BRT06: South Quay-USJ 1,A0: All Stations,2023-11-05,1195
BRT06: South Quay-USJ 1,A0: All Stations,2023-11-06,1839
BRT06: South Quay-USJ 1,A0: All Stations,2023-11-07,2082
BRT06: South Quay-USJ 1,A0: All Stations,2023-11-08,2103
BRT06: South Quay-USJ 1,A0: All Stations,2023-11-09,2087
BRT06: South Quay-USJ 1,A0: All Stations,2023-11-10,2184
BRT06: South Quay-USJ 1,A0: All Stations,2023-11-11,1364
BRT06: South Quay-USJ 1,A0: All Stations,2023-11-12,1272
BRT06: South Quay-USJ 1,A0: All Stations,2023-11-13,955
BRT06: South Quay-USJ 1,A0: All Stations,2023-11-14,1519
BRT06: South Quay-USJ 1,A0: All Stations,2023-11-15,1795
BRT06: South Quay-USJ 1,A0: All Stations,2023-11-16,1864
BRT06: South Quay-USJ 1,A0: All Stations,2023-11-17,1863
BRT06: South Quay-USJ 1,A0: All Stations,2023-11-18,1173
BRT06: South Quay-USJ 1,A0: All Stations,2023-11-19,1150
BRT06: South Quay-USJ 1,A0: All Stations,2023-11-20,1816
BRT06: South Quay-USJ 1,A0: All Stations,2023-11-21,1924
BRT06: South Quay-USJ 1,A0: All Stations,2023-11-22,1960
BRT06: South Quay-USJ 1,A0: All Stations,2023-11-23,1976
BRT06: South Quay-USJ 1,A0: All Stations,2023-11-24,2099
BRT06: South Quay-USJ 1,A0: All Stations,2023-11-25,1016
BRT06: South Quay-USJ 1,A0: All Stations,2023-11-26,1133
BRT06: South Quay-USJ 1,A0: All Stations,2023-11-27,1757
BRT06: South Quay-USJ 1,A0: All Stations,2023-11-28,1296
BRT06: South Quay-USJ 1,A0: All Stations,2023-11-29,1895
BRT06: South Quay-USJ 1,A0: All Stations,2023-11-30,1923
BRT06: South Quay-USJ 1,A0: All Stations,2023-12-01,1922
BRT06: South Quay-USJ 1,A0: All Stations,2023-12-02,1317
BRT06: South Quay-USJ 1,A0: All Stations,2023-12-03,1060
BRT06: South Quay-USJ 1,A0: All Stations,2023-12-04,1698
BRT06: South Quay-USJ 1,A0: All Stations,2023-12-05,1830
BRT06: South Quay-USJ 1,A0: All Stations,2023-12-06,1958
BRT06: South Quay-USJ 1,A0: All Stations,2023-12-07,1907
BRT06: South Quay-USJ 1,A0: All Stations,2023-12-08,1873
BRT06: South Quay-USJ 1,A0: All Stations,2023-12-09,1243
BRT06: South Quay-USJ 1,A0: All Stations,2023-12-10,1090
BRT06: South Quay-USJ 1,A0: All Stations,2023-12-11,1163
BRT06: South Quay-USJ 1,A0: All Stations,2023-12-12,1600
BRT06: South Quay-USJ 1,A0: All Stations,2023-12-13,1550
BRT06: South Quay-USJ 1,A0: All Stations,2023-12-14,1529
BRT06: South Quay-USJ 1,A0: All Stations,2023-12-15,1610
BRT06: South Quay-USJ 1,A0: All Stations,2023-12-16,1093
BRT06: South Quay-USJ 1,A0: All Stations,2023-12-17,1045
BRT06: South Quay-USJ 1,A0: All Stations,2023-12-18,1400
BRT06: South Quay-USJ 1,A0: All Stations,2023-12-19,1423
BRT06: South Quay-USJ 1,A0: All Stations,2023-12-20,1429
BRT06: South Quay-USJ 1,A0: All Stations,2023-12-21,1372
BRT06: South Quay-USJ 1,A0: All Stations,2023-12-22,1454
BRT06: South Quay-USJ 1,A0: All Stations,2023-12-23,1116
BRT06: South Quay-USJ 1,A0: All Stations,2023-12-24,995
BRT06: South Quay-USJ 1,A0: All Stations,2023-12-25,1012
BRT06: South Quay-USJ 1,A0: All Stations,2023-12-26,1151
BRT06: South Quay-USJ 1,A0: All Stations,2023-12-27,1167
BRT06: South Quay-USJ 1,A0: All Stations,2023-12-28,1265
BRT06: South Quay-USJ 1,A0: All Stations,2023-12-29,1241
BRT06: South Quay-USJ 1,A0: All Stations,2023-12-30,1058
BRT06: South Quay-USJ 1,A0: All Stations,2023-12-31,1238
BRT06: South Quay-USJ 1,BRT01: Sunway-Setia Jaya,2023-04-01,31
BRT06: South Quay-USJ 1,BRT01: Sunway-Setia Jaya,2023-04-02,42
BRT06: South Quay-USJ 1,BRT01: Sunway-Setia Jaya,2023-04-03,78
BRT06: South Quay-USJ 1,BRT01: Sunway-Setia Jaya,2023-04-04,87
BRT06: South Quay-USJ 1,BRT01: Sunway-Setia Jaya,2023-04-05,78
BRT06: South Quay-USJ 1,BRT01: Sunway-Setia Jaya,2023-04-06,104
BRT06: South Quay-USJ 1,BRT01: Sunway-Setia Jaya,2023-04-07,83
BRT06: South Quay-USJ 1,BRT01: Sunway-Setia Jaya,2023-04-08,59
BRT06: South Quay-USJ 1,BRT01: Sunway-Setia Jaya,2023-04-09,40
BRT06: South Quay-USJ 1,BRT01: Sunway-Setia Jaya,2023-04-10,85
BRT06: South Quay-USJ 1,BRT01: Sunway-Setia Jaya,2023-04-11,85
BRT06: South Quay-USJ 1,BRT01: Sunway-Setia Jaya,2023-04-12,93
BRT06: South Quay-USJ 1,BRT01: Sunway-Setia Jaya,2023-04-13,80
BRT06: South Quay-USJ 1,BRT01: Sunway-Setia Jaya,2023-04-14,90
BRT06: South Quay-USJ 1,BRT01: Sunway-Setia Jaya,2023-04-15,60
BRT06: South Quay-USJ 1,BRT01: Sunway-Setia Jaya,2023-04-16,48
BRT06: South Quay-USJ 1,BRT01: Sunway-Setia Jaya,2023-04-17,82
BRT06: South Quay-USJ 1,BRT01: Sunway-Setia Jaya,2023-04-18,93
BRT06: South Quay-USJ 1,BRT01: Sunway-Setia Jaya,2023-04-19,91
BRT06: South Quay-USJ 1,BRT01: Sunway-Setia Jaya,2023-04-20,87
BRT06: South Quay-USJ 1,BRT01: Sunway-Setia Jaya,2023-04-21,68
BRT06: South Quay-USJ 1,BRT01: Sunway-Setia Jaya,2023-04-22,32
BRT06: South Quay-USJ 1,BRT01: Sunway-Setia Jaya,2023-04-23,35
BRT06: South Quay-USJ 1,BRT01: Sunway-Setia Jaya,2023-04-24,34
BRT06: South Quay-USJ 1,BRT01: Sunway-Setia Jaya,2023-04-25,53
BRT06: South Quay-USJ 1,BRT01: Sunway-Setia Jaya,2023-04-26,61
BRT06: South Quay-USJ 1,BRT01: Sunway-Setia Jaya,2023-04-27,56
BRT06: South Quay-USJ 1,BRT01: Sunway-Setia Jaya,2023-04-28,53
BRT06: South Quay-USJ 1,BRT01: Sunway-Setia Jaya,2023-04-29,44
BRT06: South Quay-USJ 1,BRT01: Sunway-Setia Jaya,2023-04-30,34
BRT06: South Quay-USJ 1,BRT01: Sunway-Setia Jaya,2023-05-01,42
BRT06: South Quay-USJ 1,BRT01: Sunway-Setia Jaya,2023-05-02,71
BRT06: South Quay-USJ 1,BRT01: Sunway-Setia Jaya,2023-05-03,66
BRT06: South Quay-USJ 1,BRT01: Sunway-Setia Jaya,2023-05-04,46
BRT06: South Quay-USJ 1,BRT01: Sunway-Setia Jaya,2023-05-05,73
BRT06: South Quay-USJ 1,BRT01: Sunway-Setia Jaya,2023-05-06,42
BRT06: South Quay-USJ 1,BRT01: Sunway-Setia Jaya,2023-05-07,35
BRT06: South Quay-USJ 1,BRT01: Sunway-Setia Jaya,2023-05-08,70
BRT06: South Quay-USJ 1,BRT01: Sunway-Setia Jaya,2023-05-09,55
BRT06: South Quay-USJ 1,BRT01: Sunway-Setia Jaya,2023-05-10,66
BRT06: South Quay-USJ 1,BRT01: Sunway-Setia Jaya,2023-05-11,74
BRT06: South Quay-USJ 1,BRT01: Sunway-Setia Jaya,2023-05-12,75
BRT06: South Quay-USJ 1,BRT01: Sunway-Setia Jaya,2023-05-13,33
BRT06: South Quay-USJ 1,BRT01: Sunway-Setia Jaya,2023-05-14,34
BRT06: South Quay-USJ 1,BRT01: Sunway-Setia Jaya,2023-05-15,78
BRT06: South Quay-USJ 1,BRT01: Sunway-Setia Jaya,2023-05-16,70
BRT06: South Quay-USJ 1,BRT01: Sunway-Setia Jaya,2023-05-17,79
BRT06: South Quay-USJ 1,BRT01: Sunway-Setia Jaya,2023-05-18,71
BRT06: South Quay-USJ 1,BRT01: Sunway-Setia Jaya,2023-05-19,73
BRT06: South Quay-USJ 1,BRT01: Sunway-Setia Jaya,2023-05-20,44
BRT06: South Quay-USJ 1,BRT01: Sunway-Setia Jaya,2023-05-21,29
BRT06: South Quay-USJ 1,BRT01: Sunway-Setia Jaya,2023-05-22,82
BRT06: South Quay-USJ 1,BRT01: Sunway-Setia Jaya,2023-05-23,76
BRT06: South Quay-USJ 1,BRT01: Sunway-Setia Jaya,2023-05-24,78
BRT06: South Quay-USJ 1,BRT01: Sunway-Setia Jaya,2023-05-25,81
BRT06: South Quay-USJ 1,BRT01: Sunway-Setia Jaya,2023-05-26,70
BRT06: South Quay-USJ 1,BRT01: Sunway-Setia Jaya,2023-05-27,39
BRT06: South Quay-USJ 1,BRT01: Sunway-Setia Jaya,2023-05-28,22
BRT06: South Quay-USJ 1,BRT01: Sunway-Setia Jaya,2023-05-29,78
BRT06: South Quay-USJ 1,BRT01: Sunway-Setia Jaya,2023-05-30,82
BRT06: South Quay-USJ 1,BRT01: Sunway-Setia Jaya,2023-05-31,93
BRT06: South Quay-USJ 1,BRT01: Sunway-Setia Jaya,2023-06-01,84
BRT06: South Quay-USJ 1,BRT01: Sunway-Setia Jaya,2023-06-02,70
BRT06: South Quay-USJ 1,BRT01: Sunway-Setia Jaya,2023-06-03,34
BRT06: South Quay-USJ 1,BRT01: Sunway-Setia Jaya,2023-06-04,32
BRT06: South Quay-USJ 1,BRT01: Sunway-Setia Jaya,2023-06-05,36
BRT06: South Quay-USJ 1,BRT01: Sunway-Setia Jaya,2023-06-06,93
BRT06: South Quay-USJ 1,BRT01: Sunway-Setia Jaya,2023-06-07,81
BRT06: South Quay-USJ 1,BRT01: Sunway-Setia Jaya,2023-06-08,82
BRT06: South Quay-USJ 1,BRT01: Sunway-Setia Jaya,2023-06-09,92
BRT06: South Quay-USJ 1,BRT01: Sunway-Setia Jaya,2023-06-10,40
BRT06: South Quay-USJ 1,BRT01: Sunway-Setia Jaya,2023-06-11,45
BRT06: South Quay-USJ 1,BRT01: Sunway-Setia Jaya,2023-06-12,80
BRT06: South Quay-USJ 1,BRT01: Sunway-Setia Jaya,2023-06-13,87
BRT06: South Quay-USJ 1,BRT01: Sunway-Setia Jaya,2023-06-14,75
BRT06: South Quay-USJ 1,BRT01: Sunway-Setia Jaya,2023-06-15,93
BRT06: South Quay-USJ 1,BRT01: Sunway-Setia Jaya,2023-06-16,93
BRT06: South Quay-USJ 1,BRT01: Sunway-Setia Jaya,2023-06-17,44
BRT06: South Quay-USJ 1,BRT01: Sunway-Setia Jaya,2023-06-18,35
BRT06: South Quay-USJ 1,BRT01: Sunway-Setia Jaya,2023-06-19,78
BRT06: South Quay-USJ 1,BRT01: Sunway-Setia Jaya,2023-06-20,93
BRT06: South Quay-USJ 1,BRT01: Sunway-Setia Jaya,2023-06-21,68
BRT06: South Quay-USJ 1,BRT01: Sunway-Setia Jaya,2023-06-22,89
BRT06: South Quay-USJ 1,BRT01: Sunway-Setia Jaya,2023-06-23,68
BRT06: South Quay-USJ 1,BRT01: Sunway-Setia Jaya,2023-06-24,38
BRT06: South Quay-USJ 1,BRT01: Sunway-Setia Jaya,2023-06-25,23
BRT06: South Quay-USJ 1,BRT01: Sunway-Setia Jaya,2023-06-26,80
BRT06: South Quay-USJ 1,BRT01: Sunway-Setia Jaya,2023-06-27,84
BRT06: South Quay-USJ 1,BRT01: Sunway-Setia Jaya,2023-06-28,82
BRT06: South Quay-USJ 1,BRT01: Sunway-Setia Jaya,2023-06-29,26
BRT06: South Quay-USJ 1,BRT01: Sunway-Setia Jaya,2023-06-30,67
BRT06: South Quay-USJ 1,BRT01: Sunway-Setia Jaya,2023-07-01,40
BRT06: South Quay-USJ 1,BRT01: Sunway-Setia Jaya,2023-07-02,30
BRT06: South Quay-USJ 1,BRT01: Sunway-Setia Jaya,2023-07-03,72
BRT06: South Quay-USJ 1,BRT01: Sunway-Setia Jaya,2023-07-04,82
BRT06: South Quay-USJ 1,BRT01: Sunway-Setia Jaya,2023-07-05,66
BRT06: South Quay-USJ 1,BRT01: Sunway-Setia Jaya,2023-07-06,72
BRT06: South Quay-USJ 1,BRT01: Sunway-Setia Jaya,2023-07-07,79
BRT06: South Quay-USJ 1,BRT01: Sunway-Setia Jaya,2023-07-08,56
BRT06: South Quay-USJ 1,BRT01: Sunway-Setia Jaya,2023-07-09,36
BRT06: South Quay-USJ 1,BRT01: Sunway-Setia Jaya,2023-07-10,73
BRT06: South Quay-USJ 1,BRT01: Sunway-Setia Jaya,2023-07-11,79
BRT06: South Quay-USJ 1,BRT01: Sunway-Setia Jaya,2023-07-12,65
BRT06: South Quay-USJ 1,BRT01: Sunway-Setia Jaya,2023-07-13,80
BRT06: South Quay-USJ 1,BRT01: Sunway-Setia Jaya,2023-07-14,85
BRT06: South Quay-USJ 1,BRT01: Sunway-Setia Jaya,2023-07-15,43
BRT06: South Quay-USJ 1,BRT01: Sunway-Setia Jaya,2023-07-16,44
BRT06: South Quay-USJ 1,BRT01: Sunway-Setia Jaya,2023-07-17,80
BRT06: South Quay-USJ 1,BRT01: Sunway-Setia Jaya,2023-07-18,84
BRT06: South Quay-USJ 1,BRT01: Sunway-Setia Jaya,2023-07-19,48
BRT06: South Quay-USJ 1,BRT01: Sunway-Setia Jaya,2023-07-20,94
BRT06: South Quay-USJ 1,BRT01: Sunway-Setia Jaya,2023-07-21,81
BRT06: South Quay-USJ 1,BRT01: Sunway-Setia Jaya,2023-07-22,47
BRT06: South Quay-USJ 1,BRT01: Sunway-Setia Jaya,2023-07-23,50
BRT06: South Quay-USJ 1,BRT01: Sunway-Setia Jaya,2023-07-24,74
BRT06: South Quay-USJ 1,BRT01: Sunway-Setia Jaya,2023-07-25,83
BRT06: South Quay-USJ 1,BRT01: Sunway-Setia Jaya,2023-07-26,71
BRT06: South Quay-USJ 1,BRT01: Sunway-Setia Jaya,2023-07-27,92
BRT06: South Quay-USJ 1,BRT01: Sunway-Setia Jaya,2023-07-28,80
BRT06: South Quay-USJ 1,BRT01: Sunway-Setia Jaya,2023-07-29,53
BRT06: South Quay-USJ 1,BRT01: Sunway-Setia Jaya,2023-07-30,43
BRT06: South Quay-USJ 1,BRT01: Sunway-Setia Jaya,2023-07-31,68
BRT06: South Quay-USJ 1,BRT01: Sunway-Setia Jaya,2023-08-01,92
BRT06: South Quay-USJ 1,BRT01: Sunway-Setia Jaya,2023-08-02,66
BRT06: South Quay-USJ 1,BRT01: Sunway-Setia Jaya,2023-08-03,95
BRT06: South Quay-USJ 1,BRT01: Sunway-Setia Jaya,2023-08-04,73
BRT06: South Quay-USJ 1,BRT01: Sunway-Setia Jaya,2023-08-05,46
BRT06: South Quay-USJ 1,BRT01: Sunway-Setia Jaya,2023-08-06,40
BRT06: South Quay-USJ 1,BRT01: Sunway-Setia Jaya,2023-08-07,87
BRT06: South Quay-USJ 1,BRT01: Sunway-Setia Jaya,2023-08-08,85
BRT06: South Quay-USJ 1,BRT01: Sunway-Setia Jaya,2023-08-09,80
BRT06: South Quay-USJ 1,BRT01: Sunway-Setia Jaya,2023-08-10,82
BRT06: South Quay-USJ 1,BRT01: Sunway-Setia Jaya,2023-08-11,59
BRT06: South Quay-USJ 1,BRT01: Sunway-Setia Jaya,2023-08-12,48
BRT06: South Quay-USJ 1,BRT01: Sunway-Setia Jaya,2023-08-13,40
BRT06: South Quay-USJ 1,BRT01: Sunway-Setia Jaya,2023-08-14,46
BRT06: South Quay-USJ 1,BRT01: Sunway-Setia Jaya,2023-08-15,84
BRT06: South Quay-USJ 1,BRT01: Sunway-Setia Jaya,2023-08-16,61
BRT06: South Quay-USJ 1,BRT01: Sunway-Setia Jaya,2023-08-17,79
BRT06: South Quay-USJ 1,BRT01: Sunway-Setia Jaya,2023-08-18,95
BRT06: South Quay-USJ 1,BRT01: Sunway-Setia Jaya,2023-08-19,59
BRT06: South Quay-USJ 1,BRT01: Sunway-Setia Jaya,2023-08-20,39
BRT06: South Quay-USJ 1,BRT01: Sunway-Setia Jaya,2023-08-21,76
BRT06: South Quay-USJ 1,BRT01: Sunway-Setia Jaya,2023-08-22,64
BRT06: South Quay-USJ 1,BRT01: Sunway-Setia Jaya,2023-08-23,58
BRT06: South Quay-USJ 1,BRT01: Sunway-Setia Jaya,2023-08-24,74
BRT06: South Quay-USJ 1,BRT01: Sunway-Setia Jaya,2023-08-25,71
BRT06: South Quay-USJ 1,BRT01: Sunway-Setia Jaya,2023-08-26,49
BRT06: South Quay-USJ 1,BRT01: Sunway-Setia Jaya,2023-08-27,37
BRT06: South Quay-USJ 1,BRT01: Sunway-Setia Jaya,2023-08-28,60
BRT06: South Quay-USJ 1,BRT01: Sunway-Setia Jaya,2023-08-29,64
BRT06: South Quay-USJ 1,BRT01: Sunway-Setia Jaya,2023-08-30,72
BRT06: South Quay-USJ 1,BRT01: Sunway-Setia Jaya,2023-08-31,40
BRT06: South Quay-USJ 1,BRT01: Sunway-Setia Jaya,2023-09-01,51
BRT06: South Quay-USJ 1,BRT01: Sunway-Setia Jaya,2023-09-02,57
BRT06: South Quay-USJ 1,BRT01: Sunway-Setia Jaya,2023-09-03,40
BRT06: South Quay-USJ 1,BRT01: Sunway-Setia Jaya,2023-09-04,73
BRT06: South Quay-USJ 1,BRT01: Sunway-Setia Jaya,2023-09-05,74
BRT06: South Quay-USJ 1,BRT01: Sunway-Setia Jaya,2023-09-06,70
BRT06: South Quay-USJ 1,BRT01: Sunway-Setia Jaya,2023-09-07,76
BRT06: South Quay-USJ 1,BRT01: Sunway-Setia Jaya,2023-09-08,67
BRT06: South Quay-USJ 1,BRT01: Sunway-Setia Jaya,2023-09-09,46
BRT06: South Quay-USJ 1,BRT01: Sunway-Setia Jaya,2023-09-10,39
BRT06: South Quay-USJ 1,BRT01: Sunway-Setia Jaya,2023-09-11,66
BRT06: South Quay-USJ 1,BRT01: Sunway-Setia Jaya,2023-09-12,66
BRT06: South Quay-USJ 1,BRT01: Sunway-Setia Jaya,2023-09-13,59
BRT06: South Quay-USJ 1,BRT01: Sunway-Setia Jaya,2023-09-14,71
BRT06: South Quay-USJ 1,BRT01: Sunway-Setia Jaya,2023-09-15,70
BRT06: South Quay-USJ 1,BRT01: Sunway-Setia Jaya,2023-09-16,46
BRT06: South Quay-USJ 1,BRT01: Sunway-Setia Jaya,2023-09-17,34
BRT06: South Quay-USJ 1,BRT01: Sunway-Setia Jaya,2023-09-18,80
BRT06: South Quay-USJ 1,BRT01: Sunway-Setia Jaya,2023-09-19,94
BRT06: South Quay-USJ 1,BRT01: Sunway-Setia Jaya,2023-09-20,89
BRT06: South Quay-USJ 1,BRT01: Sunway-Setia Jaya,2023-09-21,82
BRT06: South Quay-USJ 1,BRT01: Sunway-Setia Jaya,2023-09-22,91
BRT06: South Quay-USJ 1,BRT01: Sunway-Setia Jaya,2023-09-23,47
BRT06: South Quay-USJ 1,BRT01: Sunway-Setia Jaya,2023-09-24,41
BRT06: South Quay-USJ 1,BRT01: Sunway-Setia Jaya,2023-09-25,76
BRT06: South Quay-USJ 1,BRT01: Sunway-Setia Jaya,2023-09-26,73
BRT06: South Quay-USJ 1,BRT01: Sunway-Setia Jaya,2023-09-27,95
BRT06: South Quay-USJ 1,BRT01: Sunway-Setia Jaya,2023-09-28,48
BRT06: South Quay-USJ 1,BRT01: Sunway-Setia Jaya,2023-09-29,84
BRT06: South Quay-USJ 1,BRT01: Sunway-Setia Jaya,2023-09-30,41
BRT06: South Quay-USJ 1,BRT01: Sunway-Setia Jaya,2023-10-01,49
BRT06: South Quay-USJ 1,BRT01: Sunway-Setia Jaya,2023-10-02,91
BRT06: South Quay-USJ 1,BRT01: Sunway-Setia Jaya,2023-10-03,92
BRT06: South Quay-USJ 1,BRT01: Sunway-Setia Jaya,2023-10-04,85
BRT06: South Quay-USJ 1,BRT01: Sunway-Setia Jaya,2023-10-05,69
BRT06: South Quay-USJ 1,BRT01: Sunway-Setia Jaya,2023-10-06,81
BRT06: South Quay-USJ 1,BRT01: Sunway-Setia Jaya,2023-10-07,51
BRT06: South Quay-USJ 1,BRT01: Sunway-Setia Jaya,2023-10-08,31
BRT06: South Quay-USJ 1,BRT01: Sunway-Setia Jaya,2023-10-09,69
BRT06: South Quay-USJ 1,BRT01: Sunway-Setia Jaya,2023-10-10,65
BRT06: South Quay-USJ 1,BRT01: Sunway-Setia Jaya,2023-10-11,77
BRT06: South Quay-USJ 1,BRT01: Sunway-Setia Jaya,2023-10-12,69
BRT06: South Quay-USJ 1,BRT01: Sunway-Setia Jaya,2023-10-13,72
BRT06: South Quay-USJ 1,BRT01: Sunway-Setia Jaya,2023-10-14,48
BRT06: South Quay-USJ 1,BRT01: Sunway-Setia Jaya,2023-10-15,26
BRT06: South Quay-USJ 1,BRT01: Sunway-Setia Jaya,2023-10-16,87
BRT06: South Quay-USJ 1,BRT01: Sunway-Setia Jaya,2023-10-17,75
BRT06: South Quay-USJ 1,BRT01: Sunway-Setia Jaya,2023-10-18,71
BRT06: South Quay-USJ 1,BRT01: Sunway-Setia Jaya,2023-10-19,70
BRT06: South Quay-USJ 1,BRT01: Sunway-Setia Jaya,2023-10-20,85
BRT06: South Quay-USJ 1,BRT01: Sunway-Setia Jaya,2023-10-21,43
BRT06: South Quay-USJ 1,BRT01: Sunway-Setia Jaya,2023-10-22,30
BRT06: South Quay-USJ 1,BRT01: Sunway-Setia Jaya,2023-10-23,59
BRT06: South Quay-USJ 1,BRT01: Sunway-Setia Jaya,2023-10-24,59
BRT06: South Quay-USJ 1,BRT01: Sunway-Setia Jaya,2023-10-25,67
BRT06: South Quay-USJ 1,BRT01: Sunway-Setia Jaya,2023-10-26,72
BRT06: South Quay-USJ 1,BRT01: Sunway-Setia Jaya,2023-10-27,82
BRT06: South Quay-USJ 1,BRT01: Sunway-Setia Jaya,2023-10-28,43
BRT06: South Quay-USJ 1,BRT01: Sunway-Setia Jaya,2023-10-29,38
BRT06: South Quay-USJ 1,BRT01: Sunway-Setia Jaya,2023-10-30,95
BRT06: South Quay-USJ 1,BRT01: Sunway-Setia Jaya,2023-10-31,105
BRT06: South Quay-USJ 1,BRT01: Sunway-Setia Jaya,2023-11-01,72
BRT06: South Quay-USJ 1,BRT01: Sunway-Setia Jaya,2023-11-02,84
BRT06: South Quay-USJ 1,BRT01: Sunway-Setia Jaya,2023-11-03,78
BRT06: South Quay-USJ 1,BRT01: Sunway-Setia Jaya,2023-11-04,52
BRT06: South Quay-USJ 1,BRT01: Sunway-Setia Jaya,2023-11-05,50
BRT06: South Quay-USJ 1,BRT01: Sunway-Setia Jaya,2023-11-06,71
BRT06: South Quay-USJ 1,BRT01: Sunway-Setia Jaya,2023-11-07,66
BRT06: South Quay-USJ 1,BRT01: Sunway-Setia Jaya,2023-11-08,69
BRT06: South Quay-USJ 1,BRT01: Sunway-Setia Jaya,2023-11-09,65
BRT06: South Quay-USJ 1,BRT01: Sunway-Setia Jaya,2023-11-10,69
BRT06: South Quay-USJ 1,BRT01: Sunway-Setia Jaya,2023-11-11,48
BRT06: South Quay-USJ 1,BRT01: Sunway-Setia Jaya,2023-11-12,37
BRT06: South Quay-USJ 1,BRT01: Sunway-Setia Jaya,2023-11-13,28
BRT06: South Quay-USJ 1,BRT01: Sunway-Setia Jaya,2023-11-14,67
BRT06: South Quay-USJ 1,BRT01: Sunway-Setia Jaya,2023-11-15,65
BRT06: South Quay-USJ 1,BRT01: Sunway-Setia Jaya,2023-11-16,76
BRT06: South Quay-USJ 1,BRT01: Sunway-Setia Jaya,2023-11-17,74
BRT06: South Quay-USJ 1,BRT01: Sunway-Setia Jaya,2023-11-18,46
BRT06: South Quay-USJ 1,BRT01: Sunway-Setia Jaya,2023-11-19,48
BRT06: South Quay-USJ 1,BRT01: Sunway-Setia Jaya,2023-11-20,68
BRT06: South Quay-USJ 1,BRT01: Sunway-Setia Jaya,2023-11-21,71
BRT06: South Quay-USJ 1,BRT01: Sunway-Setia Jaya,2023-11-22,70
BRT06: South Quay-USJ 1,BRT01: Sunway-Setia Jaya,2023-11-23,73
BRT06: South Quay-USJ 1,BRT01: Sunway-Setia Jaya,2023-11-24,72
BRT06: South Quay-USJ 1,BRT01: Sunway-Setia Jaya,2023-11-25,26
BRT06: South Quay-USJ 1,BRT01: Sunway-Setia Jaya,2023-11-26,31
BRT06: South Quay-USJ 1,BRT01: Sunway-Setia Jaya,2023-11-27,57
BRT06: South Quay-USJ 1,BRT01: Sunway-Setia Jaya,2023-11-28,65
BRT06: South Quay-USJ 1,BRT01: Sunway-Setia Jaya,2023-11-29,120
BRT06: South Quay-USJ 1,BRT01: Sunway-Setia Jaya,2023-11-30,87
BRT06: South Quay-USJ 1,BRT01: Sunway-Setia Jaya,2023-12-01,63
BRT06: South Quay-USJ 1,BRT01: Sunway-Setia Jaya,2023-12-02,59
BRT06: South Quay-USJ 1,BRT01: Sunway-Setia Jaya,2023-12-03,25
BRT06: South Quay-USJ 1,BRT01: Sunway-Setia Jaya,2023-12-04,76
BRT06: South Quay-USJ 1,BRT01: Sunway-Setia Jaya,2023-12-05,74
BRT06: South Quay-USJ 1,BRT01: Sunway-Setia Jaya,2023-12-06,67
BRT06: South Quay-USJ 1,BRT01: Sunway-Setia Jaya,2023-12-07,67
BRT06: South Quay-USJ 1,BRT01: Sunway-Setia Jaya,2023-12-08,80
BRT06: South Quay-USJ 1,BRT01: Sunway-Setia Jaya,2023-12-09,48
BRT06: South Quay-USJ 1,BRT01: Sunway-Setia Jaya,2023-12-10,35
BRT06: South Quay-USJ 1,BRT01: Sunway-Setia Jaya,2023-12-11,48
BRT06: South Quay-USJ 1,BRT01: Sunway-Setia Jaya,2023-12-12,53
BRT06: South Quay-USJ 1,BRT01: Sunway-Setia Jaya,2023-12-13,64
BRT06: South Quay-USJ 1,BRT01: Sunway-Setia Jaya,2023-12-14,69
BRT06: South Quay-USJ 1,BRT01: Sunway-Setia Jaya,2023-12-15,72
BRT06: South Quay-USJ 1,BRT01: Sunway-Setia Jaya,2023-12-16,46
BRT06: South Quay-USJ 1,BRT01: Sunway-Setia Jaya,2023-12-17,38
BRT06: South Quay-USJ 1,BRT01: Sunway-Setia Jaya,2023-12-18,68
BRT06: South Quay-USJ 1,BRT01: Sunway-Setia Jaya,2023-12-19,65
BRT06: South Quay-USJ 1,BRT01: Sunway-Setia Jaya,2023-12-20,58
BRT06: South Quay-USJ 1,BRT01: Sunway-Setia Jaya,2023-12-21,68
BRT06: South Quay-USJ 1,BRT01: Sunway-Setia Jaya,2023-12-22,75
BRT06: South Quay-USJ 1,BRT01: Sunway-Setia Jaya,2023-12-23,41
BRT06: South Quay-USJ 1,BRT01: Sunway-Setia Jaya,2023-12-24,27
BRT06: South Quay-USJ 1,BRT01: Sunway-Setia Jaya,2023-12-25,42
BRT06: South Quay-USJ 1,BRT01: Sunway-Setia Jaya,2023-12-26,42
BRT06: South Quay-USJ 1,BRT01: Sunway-Setia Jaya,2023-12-27,50
BRT06: South Quay-USJ 1,BRT01: Sunway-Setia Jaya,2023-12-28,56
BRT06: South Quay-USJ 1,BRT01: Sunway-Setia Jaya,2023-12-29,47
BRT06: South Quay-USJ 1,BRT01: Sunway-Setia Jaya,2023-12-30,48
BRT06: South Quay-USJ 1,BRT01: Sunway-Setia Jaya,2023-12-31,42
BRT06: South Quay-USJ 1,BRT02: Mentari,2023-04-01,48
BRT06: South Quay-USJ 1,BRT02: Mentari,2023-04-02,82
BRT06: South Quay-USJ 1,BRT02: Mentari,2023-04-03,71
BRT06: South Quay-USJ 1,BRT02: Mentari,2023-04-04,72
BRT06: South Quay-USJ 1,BRT02: Mentari,2023-04-05,91
BRT06: South Quay-USJ 1,BRT02: Mentari,2023-04-06,78
BRT06: South Quay-USJ 1,BRT02: Mentari,2023-04-07,74
BRT06: South Quay-USJ 1,BRT02: Mentari,2023-04-08,71
BRT06: South Quay-USJ 1,BRT02: Mentari,2023-04-09,101
BRT06: South Quay-USJ 1,BRT02: Mentari,2023-04-10,78
BRT06: South Quay-USJ 1,BRT02: Mentari,2023-04-11,85
BRT06: South Quay-USJ 1,BRT02: Mentari,2023-04-12,68
BRT06: South Quay-USJ 1,BRT02: Mentari,2023-04-13,61
BRT06: South Quay-USJ 1,BRT02: Mentari,2023-04-14,76
BRT06: South Quay-USJ 1,BRT02: Mentari,2023-04-15,63
BRT06: South Quay-USJ 1,BRT02: Mentari,2023-04-16,81
BRT06: South Quay-USJ 1,BRT02: Mentari,2023-04-17,56
BRT06: South Quay-USJ 1,BRT02: Mentari,2023-04-18,80
BRT06: South Quay-USJ 1,BRT02: Mentari,2023-04-19,75
BRT06: South Quay-USJ 1,BRT02: Mentari,2023-04-20,112
BRT06: South Quay-USJ 1,BRT02: Mentari,2023-04-21,75
BRT06: South Quay-USJ 1,BRT02: Mentari,2023-04-22,34
BRT06: South Quay-USJ 1,BRT02: Mentari,2023-04-23,57
BRT06: South Quay-USJ 1,BRT02: Mentari,2023-04-24,33
BRT06: South Quay-USJ 1,BRT02: Mentari,2023-04-25,39
BRT06: South Quay-USJ 1,BRT02: Mentari,2023-04-26,36
BRT06: South Quay-USJ 1,BRT02: Mentari,2023-04-27,48
BRT06: South Quay-USJ 1,BRT02: Mentari,2023-04-28,66
BRT06: South Quay-USJ 1,BRT02: Mentari,2023-04-29,41
BRT06: South Quay-USJ 1,BRT02: Mentari,2023-04-30,57
BRT06: South Quay-USJ 1,BRT02: Mentari,2023-05-01,38
BRT06: South Quay-USJ 1,BRT02: Mentari,2023-05-02,48
BRT06: South Quay-USJ 1,BRT02: Mentari,2023-05-03,59
BRT06: South Quay-USJ 1,BRT02: Mentari,2023-05-04,55
BRT06: South Quay-USJ 1,BRT02: Mentari,2023-05-05,80
BRT06: South Quay-USJ 1,BRT02: Mentari,2023-05-06,43
BRT06: South Quay-USJ 1,BRT02: Mentari,2023-05-07,50
BRT06: South Quay-USJ 1,BRT02: Mentari,2023-05-08,56
BRT06: South Quay-USJ 1,BRT02: Mentari,2023-05-09,56
BRT06: South Quay-USJ 1,BRT02: Mentari,2023-05-10,65
BRT06: South Quay-USJ 1,BRT02: Mentari,2023-05-11,55
BRT06: South Quay-USJ 1,BRT02: Mentari,2023-05-12,59
BRT06: South Quay-USJ 1,BRT02: Mentari,2023-05-13,46
BRT06: South Quay-USJ 1,BRT02: Mentari,2023-05-14,61
BRT06: South Quay-USJ 1,BRT02: Mentari,2023-05-15,57
BRT06: South Quay-USJ 1,BRT02: Mentari,2023-05-16,47
BRT06: South Quay-USJ 1,BRT02: Mentari,2023-05-17,47
BRT06: South Quay-USJ 1,BRT02: Mentari,2023-05-18,51
BRT06: South Quay-USJ 1,BRT02: Mentari,2023-05-19,58
BRT06: South Quay-USJ 1,BRT02: Mentari,2023-05-20,42
BRT06: South Quay-USJ 1,BRT02: Mentari,2023-05-21,65
BRT06: South Quay-USJ 1,BRT02: Mentari,2023-05-22,56
BRT06: South Quay-USJ 1,BRT02: Mentari,2023-05-23,59
BRT06: South Quay-USJ 1,BRT02: Mentari,2023-05-24,53
BRT06: South Quay-USJ 1,BRT02: Mentari,2023-05-25,40
BRT06: South Quay-USJ 1,BRT02: Mentari,2023-05-26,58
BRT06: South Quay-USJ 1,BRT02: Mentari,2023-05-27,51
BRT06: South Quay-USJ 1,BRT02: Mentari,2023-05-28,70
BRT06: South Quay-USJ 1,BRT02: Mentari,2023-05-29,50
BRT06: South Quay-USJ 1,BRT02: Mentari,2023-05-30,48
BRT06: South Quay-USJ 1,BRT02: Mentari,2023-05-31,69
BRT06: South Quay-USJ 1,BRT02: Mentari,2023-06-01,38
BRT06: South Quay-USJ 1,BRT02: Mentari,2023-06-02,72
BRT06: South Quay-USJ 1,BRT02: Mentari,2023-06-03,45
BRT06: South Quay-USJ 1,BRT02: Mentari,2023-06-04,68
BRT06: South Quay-USJ 1,BRT02: Mentari,2023-06-05,40
BRT06: South Quay-USJ 1,BRT02: Mentari,2023-06-06,75
BRT06: South Quay-USJ 1,BRT02: Mentari,2023-06-07,58
BRT06: South Quay-USJ 1,BRT02: Mentari,2023-06-08,41
BRT06: South Quay-USJ 1,BRT02: Mentari,2023-06-09,52
BRT06: South Quay-USJ 1,BRT02: Mentari,2023-06-10,32
BRT06: South Quay-USJ 1,BRT02: Mentari,2023-06-11,77
BRT06: South Quay-USJ 1,BRT02: Mentari,2023-06-12,58
BRT06: South Quay-USJ 1,BRT02: Mentari,2023-06-13,54
BRT06: South Quay-USJ 1,BRT02: Mentari,2023-06-14,64
BRT06: South Quay-USJ 1,BRT02: Mentari,2023-06-15,55
BRT06: South Quay-USJ 1,BRT02: Mentari,2023-06-16,52
BRT06: South Quay-USJ 1,BRT02: Mentari,2023-06-17,44
BRT06: South Quay-USJ 1,BRT02: Mentari,2023-06-18,68
BRT06: South Quay-USJ 1,BRT02: Mentari,2023-06-19,49
BRT06: South Quay-USJ 1,BRT02: Mentari,2023-06-20,39
BRT06: South Quay-USJ 1,BRT02: Mentari,2023-06-21,45
BRT06: South Quay-USJ 1,BRT02: Mentari,2023-06-22,55
BRT06: South Quay-USJ 1,BRT02: Mentari,2023-06-23,50
BRT06: South Quay-USJ 1,BRT02: Mentari,2023-06-24,34
BRT06: South Quay-USJ 1,BRT02: Mentari,2023-06-25,80
BRT06: South Quay-USJ 1,BRT02: Mentari,2023-06-26,55
BRT06: South Quay-USJ 1,BRT02: Mentari,2023-06-27,55
BRT06: South Quay-USJ 1,BRT02: Mentari,2023-06-28,82
BRT06: South Quay-USJ 1,BRT02: Mentari,2023-06-29,58
BRT06: South Quay-USJ 1,BRT02: Mentari,2023-06-30,58
BRT06: South Quay-USJ 1,BRT02: Mentari,2023-07-01,52
BRT06: South Quay-USJ 1,BRT02: Mentari,2023-07-02,64
BRT06: South Quay-USJ 1,BRT02: Mentari,2023-07-03,55
BRT06: South Quay-USJ 1,BRT02: Mentari,2023-07-04,60
BRT06: South Quay-USJ 1,BRT02: Mentari,2023-07-05,63
BRT06: South Quay-USJ 1,BRT02: Mentari,2023-07-06,49
BRT06: South Quay-USJ 1,BRT02: Mentari,2023-07-07,58
BRT06: South Quay-USJ 1,BRT02: Mentari,2023-07-08,46
BRT06: South Quay-USJ 1,BRT02: Mentari,2023-07-09,71
BRT06: South Quay-USJ 1,BRT02: Mentari,2023-07-10,68
BRT06: South Quay-USJ 1,BRT02: Mentari,2023-07-11,56
BRT06: South Quay-USJ 1,BRT02: Mentari,2023-07-12,55
BRT06: South Quay-USJ 1,BRT02: Mentari,2023-07-13,47
BRT06: South Quay-USJ 1,BRT02: Mentari,2023-07-14,55
BRT06: South Quay-USJ 1,BRT02: Mentari,2023-07-15,59
BRT06: South Quay-USJ 1,BRT02: Mentari,2023-07-16,64
BRT06: South Quay-USJ 1,BRT02: Mentari,2023-07-17,41
BRT06: South Quay-USJ 1,BRT02: Mentari,2023-07-18,47
BRT06: South Quay-USJ 1,BRT02: Mentari,2023-07-19,48
BRT06: South Quay-USJ 1,BRT02: Mentari,2023-07-20,48
BRT06: South Quay-USJ 1,BRT02: Mentari,2023-07-21,60
BRT06: South Quay-USJ 1,BRT02: Mentari,2023-07-22,46
BRT06: South Quay-USJ 1,BRT02: Mentari,2023-07-23,60
BRT06: South Quay-USJ 1,BRT02: Mentari,2023-07-24,59
BRT06: South Quay-USJ 1,BRT02: Mentari,2023-07-25,66
BRT06: South Quay-USJ 1,BRT02: Mentari,2023-07-26,47
BRT06: South Quay-USJ 1,BRT02: Mentari,2023-07-27,40
BRT06: South Quay-USJ 1,BRT02: Mentari,2023-07-28,60
BRT06: South Quay-USJ 1,BRT02: Mentari,2023-07-29,61
BRT06: South Quay-USJ 1,BRT02: Mentari,2023-07-30,82
BRT06: South Quay-USJ 1,BRT02: Mentari,2023-07-31,70
BRT06: South Quay-USJ 1,BRT02: Mentari,2023-08-01,55
BRT06: South Quay-USJ 1,BRT02: Mentari,2023-08-02,57
BRT06: South Quay-USJ 1,BRT02: Mentari,2023-08-03,65
BRT06: South Quay-USJ 1,BRT02: Mentari,2023-08-04,77
BRT06: South Quay-USJ 1,BRT02: Mentari,2023-08-05,59
BRT06: South Quay-USJ 1,BRT02: Mentari,2023-08-06,74
BRT06: South Quay-USJ 1,BRT02: Mentari,2023-08-07,46
BRT06: South Quay-USJ 1,BRT02: Mentari,2023-08-08,43
BRT06: South Quay-USJ 1,BRT02: Mentari,2023-08-09,49
BRT06: South Quay-USJ 1,BRT02: Mentari,2023-08-10,56
BRT06: South Quay-USJ 1,BRT02: Mentari,2023-08-11,56
BRT06: South Quay-USJ 1,BRT02: Mentari,2023-08-12,52
BRT06: South Quay-USJ 1,BRT02: Mentari,2023-08-13,45
BRT06: South Quay-USJ 1,BRT02: Mentari,2023-08-14,54
BRT06: South Quay-USJ 1,BRT02: Mentari,2023-08-15,53
BRT06: South Quay-USJ 1,BRT02: Mentari,2023-08-16,60
BRT06: South Quay-USJ 1,BRT02: Mentari,2023-08-17,48
BRT06: South Quay-USJ 1,BRT02: Mentari,2023-08-18,50
BRT06: South Quay-USJ 1,BRT02: Mentari,2023-08-19,54
BRT06: South Quay-USJ 1,BRT02: Mentari,2023-08-20,50
BRT06: South Quay-USJ 1,BRT02: Mentari,2023-08-21,55
BRT06: South Quay-USJ 1,BRT02: Mentari,2023-08-22,55
BRT06: South Quay-USJ 1,BRT02: Mentari,2023-08-23,48
BRT06: South Quay-USJ 1,BRT02: Mentari,2023-08-24,41
BRT06: South Quay-USJ 1,BRT02: Mentari,2023-08-25,62
BRT06: South Quay-USJ 1,BRT02: Mentari,2023-08-26,51
BRT06: South Quay-USJ 1,BRT02: Mentari,2023-08-27,64
BRT06: South Quay-USJ 1,BRT02: Mentari,2023-08-28,46
BRT06: South Quay-USJ 1,BRT02: Mentari,2023-08-29,66
BRT06: South Quay-USJ 1,BRT02: Mentari,2023-08-30,55
BRT06: South Quay-USJ 1,BRT02: Mentari,2023-08-31,60
BRT06: South Quay-USJ 1,BRT02: Mentari,2023-09-01,57
BRT06: South Quay-USJ 1,BRT02: Mentari,2023-09-02,54
BRT06: South Quay-USJ 1,BRT02: Mentari,2023-09-03,63
BRT06: South Quay-USJ 1,BRT02: Mentari,2023-09-04,49
BRT06: South Quay-USJ 1,BRT02: Mentari,2023-09-05,44
BRT06: South Quay-USJ 1,BRT02: Mentari,2023-09-06,52
BRT06: South Quay-USJ 1,BRT02: Mentari,2023-09-07,60
BRT06: South Quay-USJ 1,BRT02: Mentari,2023-09-08,63
BRT06: South Quay-USJ 1,BRT02: Mentari,2023-09-09,63
BRT06: South Quay-USJ 1,BRT02: Mentari,2023-09-10,66
BRT06: South Quay-USJ 1,BRT02: Mentari,2023-09-11,61
BRT06: South Quay-USJ 1,BRT02: Mentari,2023-09-12,49
BRT06: South Quay-USJ 1,BRT02: Mentari,2023-09-13,52
BRT06: South Quay-USJ 1,BRT02: Mentari,2023-09-14,50
BRT06: South Quay-USJ 1,BRT02: Mentari,2023-09-15,65
BRT06: South Quay-USJ 1,BRT02: Mentari,2023-09-16,58
BRT06: South Quay-USJ 1,BRT02: Mentari,2023-09-17,56
BRT06: South Quay-USJ 1,BRT02: Mentari,2023-09-18,50
BRT06: South Quay-USJ 1,BRT02: Mentari,2023-09-19,49
BRT06: South Quay-USJ 1,BRT02: Mentari,2023-09-20,40
BRT06: South Quay-USJ 1,BRT02: Mentari,2023-09-21,62
BRT06: South Quay-USJ 1,BRT02: Mentari,2023-09-22,69
BRT06: South Quay-USJ 1,BRT02: Mentari,2023-09-23,44
BRT06: South Quay-USJ 1,BRT02: Mentari,2023-09-24,71
BRT06: South Quay-USJ 1,BRT02: Mentari,2023-09-25,64
BRT06: South Quay-USJ 1,BRT02: Mentari,2023-09-26,52
BRT06: South Quay-USJ 1,BRT02: Mentari,2023-09-27,64
BRT06: South Quay-USJ 1,BRT02: Mentari,2023-09-28,63
BRT06: South Quay-USJ 1,BRT02: Mentari,2023-09-29,54
BRT06: South Quay-USJ 1,BRT02: Mentari,2023-09-30,54
BRT06: South Quay-USJ 1,BRT02: Mentari,2023-10-01,50
BRT06: South Quay-USJ 1,BRT02: Mentari,2023-10-02,52
BRT06: South Quay-USJ 1,BRT02: Mentari,2023-10-03,49
BRT06: South Quay-USJ 1,BRT02: Mentari,2023-10-04,75
BRT06: South Quay-USJ 1,BRT02: Mentari,2023-10-05,52
BRT06: South Quay-USJ 1,BRT02: Mentari,2023-10-06,78
BRT06: South Quay-USJ 1,BRT02: Mentari,2023-10-07,67
BRT06: South Quay-USJ 1,BRT02: Mentari,2023-10-08,70
BRT06: South Quay-USJ 1,BRT02: Mentari,2023-10-09,72
BRT06: South Quay-USJ 1,BRT02: Mentari,2023-10-10,67
BRT06: South Quay-USJ 1,BRT02: Mentari,2023-10-11,58
BRT06: South Quay-USJ 1,BRT02: Mentari,2023-10-12,51
BRT06: South Quay-USJ 1,BRT02: Mentari,2023-10-13,68
BRT06: South Quay-USJ 1,BRT02: Mentari,2023-10-14,40
BRT06: South Quay-USJ 1,BRT02: Mentari,2023-10-15,76
BRT06: South Quay-USJ 1,BRT02: Mentari,2023-10-16,50
BRT06: South Quay-USJ 1,BRT02: Mentari,2023-10-17,53
BRT06: South Quay-USJ 1,BRT02: Mentari,2023-10-18,58
BRT06: South Quay-USJ 1,BRT02: Mentari,2023-10-19,62
BRT06: South Quay-USJ 1,BRT02: Mentari,2023-10-20,49
BRT06: South Quay-USJ 1,BRT02: Mentari,2023-10-21,58
BRT06: South Quay-USJ 1,BRT02: Mentari,2023-10-22,50
BRT06: South Quay-USJ 1,BRT02: Mentari,2023-10-23,51
BRT06: South Quay-USJ 1,BRT02: Mentari,2023-10-24,54
BRT06: South Quay-USJ 1,BRT02: Mentari,2023-10-25,54
BRT06: South Quay-USJ 1,BRT02: Mentari,2023-10-26,52
BRT06: South Quay-USJ 1,BRT02: Mentari,2023-10-27,45
BRT06: South Quay-USJ 1,BRT02: Mentari,2023-10-28,47
BRT06: South Quay-USJ 1,BRT02: Mentari,2023-10-29,60
BRT06: South Quay-USJ 1,BRT02: Mentari,2023-10-30,63
BRT06: South Quay-USJ 1,BRT02: Mentari,2023-10-31,56
BRT06: South Quay-USJ 1,BRT02: Mentari,2023-11-01,53
BRT06: South Quay-USJ 1,BRT02: Mentari,2023-11-02,56
BRT06: South Quay-USJ 1,BRT02: Mentari,2023-11-03,62
BRT06: South Quay-USJ 1,BRT02: Mentari,2023-11-04,34
BRT06: South Quay-USJ 1,BRT02: Mentari,2023-11-05,59
BRT06: South Quay-USJ 1,BRT02: Mentari,2023-11-06,45
BRT06: South Quay-USJ 1,BRT02: Mentari,2023-11-07,67
BRT06: South Quay-USJ 1,BRT02: Mentari,2023-11-08,66
BRT06: South Quay-USJ 1,BRT02: Mentari,2023-11-09,63
BRT06: South Quay-USJ 1,BRT02: Mentari,2023-11-10,77
BRT06: South Quay-USJ 1,BRT02: Mentari,2023-11-11,42
BRT06: South Quay-USJ 1,BRT02: Mentari,2023-11-12,67
BRT06: South Quay-USJ 1,BRT02: Mentari,2023-11-13,41
BRT06: South Quay-USJ 1,BRT02: Mentari,2023-11-14,61
BRT06: South Quay-USJ 1,BRT02: Mentari,2023-11-15,54
BRT06: South Quay-USJ 1,BRT02: Mentari,2023-11-16,56
BRT06: South Quay-USJ 1,BRT02: Mentari,2023-11-17,62
BRT06: South Quay-USJ 1,BRT02: Mentari,2023-11-18,54
BRT06: South Quay-USJ 1,BRT02: Mentari,2023-11-19,64
BRT06: South Quay-USJ 1,BRT02: Mentari,2023-11-20,46
BRT06: South Quay-USJ 1,BRT02: Mentari,2023-11-21,54
BRT06: South Quay-USJ 1,BRT02: Mentari,2023-11-22,65
BRT06: South Quay-USJ 1,BRT02: Mentari,2023-11-23,52
BRT06: South Quay-USJ 1,BRT02: Mentari,2023-11-24,88
BRT06: South Quay-USJ 1,BRT02: Mentari,2023-11-25,29
BRT06: South Quay-USJ 1,BRT02: Mentari,2023-11-26,49
BRT06: South Quay-USJ 1,BRT02: Mentari,2023-11-27,35
BRT06: South Quay-USJ 1,BRT02: Mentari,2023-11-28,34
BRT06: South Quay-USJ 1,BRT02: Mentari,2023-11-29,53
BRT06: South Quay-USJ 1,BRT02: Mentari,2023-11-30,48
BRT06: South Quay-USJ 1,BRT02: Mentari,2023-12-01,50
BRT06: South Quay-USJ 1,BRT02: Mentari,2023-12-02,56
BRT06: South Quay-USJ 1,BRT02: Mentari,2023-12-03,57
BRT06: South Quay-USJ 1,BRT02: Mentari,2023-12-04,66
BRT06: South Quay-USJ 1,BRT02: Mentari,2023-12-05,66
BRT06: South Quay-USJ 1,BRT02: Mentari,2023-12-06,56
BRT06: South Quay-USJ 1,BRT02: Mentari,2023-12-07,55
BRT06: South Quay-USJ 1,BRT02: Mentari,2023-12-08,46
BRT06: South Quay-USJ 1,BRT02: Mentari,2023-12-09,59
BRT06: South Quay-USJ 1,BRT02: Mentari,2023-12-10,89
BRT06: South Quay-USJ 1,BRT02: Mentari,2023-12-11,58
BRT06: South Quay-USJ 1,BRT02: Mentari,2023-12-12,47
BRT06: South Quay-USJ 1,BRT02: Mentari,2023-12-13,59
BRT06: South Quay-USJ 1,BRT02: Mentari,2023-12-14,40
BRT06: South Quay-USJ 1,BRT02: Mentari,2023-12-15,50
BRT06: South Quay-USJ 1,BRT02: Mentari,2023-12-16,36
BRT06: South Quay-USJ 1,BRT02: Mentari,2023-12-17,68
BRT06: South Quay-USJ 1,BRT02: Mentari,2023-12-18,55
BRT06: South Quay-USJ 1,BRT02: Mentari,2023-12-19,47
BRT06: South Quay-USJ 1,BRT02: Mentari,2023-12-20,44
BRT06: South Quay-USJ 1,BRT02: Mentari,2023-12-21,39
BRT06: South Quay-USJ 1,BRT02: Mentari,2023-12-22,66
BRT06: South Quay-USJ 1,BRT02: Mentari,2023-12-23,58
BRT06: South Quay-USJ 1,BRT02: Mentari,2023-12-24,49
BRT06: South Quay-USJ 1,BRT02: Mentari,2023-12-25,44
BRT06: South Quay-USJ 1,BRT02: Mentari,2023-12-26,42
BRT06: South Quay-USJ 1,BRT02: Mentari,2023-12-27,51
BRT06: South Quay-USJ 1,BRT02: Mentari,2023-12-28,64
BRT06: South Quay-USJ 1,BRT02: Mentari,2023-12-29,52
BRT06: South Quay-USJ 1,BRT02: Mentari,2023-12-30,60
BRT06: South Quay-USJ 1,BRT02: Mentari,2023-12-31,67
BRT06: South Quay-USJ 1,BRT03: Sunway Lagoon,2023-04-01,253
BRT06: South Quay-USJ 1,BRT03: Sunway Lagoon,2023-04-02,263
BRT06: South Quay-USJ 1,BRT03: Sunway Lagoon,2023-04-03,250
BRT06: South Quay-USJ 1,BRT03: Sunway Lagoon,2023-04-04,233
BRT06: South Quay-USJ 1,BRT03: Sunway Lagoon,2023-04-05,268
BRT06: South Quay-USJ 1,BRT03: Sunway Lagoon,2023-04-06,259
BRT06: South Quay-USJ 1,BRT03: Sunway Lagoon,2023-04-07,226
BRT06: South Quay-USJ 1,BRT03: Sunway Lagoon,2023-04-08,302
BRT06: South Quay-USJ 1,BRT03: Sunway Lagoon,2023-04-09,257
BRT06: South Quay-USJ 1,BRT03: Sunway Lagoon,2023-04-10,258
BRT06: South Quay-USJ 1,BRT03: Sunway Lagoon,2023-04-11,226
BRT06: South Quay-USJ 1,BRT03: Sunway Lagoon,2023-04-12,278
BRT06: South Quay-USJ 1,BRT03: Sunway Lagoon,2023-04-13,243
BRT06: South Quay-USJ 1,BRT03: Sunway Lagoon,2023-04-14,309
BRT06: South Quay-USJ 1,BRT03: Sunway Lagoon,2023-04-15,274
BRT06: South Quay-USJ 1,BRT03: Sunway Lagoon,2023-04-16,283
BRT06: South Quay-USJ 1,BRT03: Sunway Lagoon,2023-04-17,265
BRT06: South Quay-USJ 1,BRT03: Sunway Lagoon,2023-04-18,232
BRT06: South Quay-USJ 1,BRT03: Sunway Lagoon,2023-04-19,309
BRT06: South Quay-USJ 1,BRT03: Sunway Lagoon,2023-04-20,295
BRT06: South Quay-USJ 1,BRT03: Sunway Lagoon,2023-04-21,229
BRT06: South Quay-USJ 1,BRT03: Sunway Lagoon,2023-04-22,270
BRT06: South Quay-USJ 1,BRT03: Sunway Lagoon,2023-04-23,271
BRT06: South Quay-USJ 1,BRT03: Sunway Lagoon,2023-04-24,212
BRT06: South Quay-USJ 1,BRT03: Sunway Lagoon,2023-04-25,214
BRT06: South Quay-USJ 1,BRT03: Sunway Lagoon,2023-04-26,218
BRT06: South Quay-USJ 1,BRT03: Sunway Lagoon,2023-04-27,229
BRT06: South Quay-USJ 1,BRT03: Sunway Lagoon,2023-04-28,279
BRT06: South Quay-USJ 1,BRT03: Sunway Lagoon,2023-04-29,217
BRT06: South Quay-USJ 1,BRT03: Sunway Lagoon,2023-04-30,244
BRT06: South Quay-USJ 1,BRT03: Sunway Lagoon,2023-05-01,238
BRT06: South Quay-USJ 1,BRT03: Sunway Lagoon,2023-05-02,242
BRT06: South Quay-USJ 1,BRT03: Sunway Lagoon,2023-05-03,252
BRT06: South Quay-USJ 1,BRT03: Sunway Lagoon,2023-05-04,234
BRT06: South Quay-USJ 1,BRT03: Sunway Lagoon,2023-05-05,280
BRT06: South Quay-USJ 1,BRT03: Sunway Lagoon,2023-05-06,245
BRT06: South Quay-USJ 1,BRT03: Sunway Lagoon,2023-05-07,208
BRT06: South Quay-USJ 1,BRT03: Sunway Lagoon,2023-05-08,238
BRT06: South Quay-USJ 1,BRT03: Sunway Lagoon,2023-05-09,252
BRT06: South Quay-USJ 1,BRT03: Sunway Lagoon,2023-05-10,232
BRT06: South Quay-USJ 1,BRT03: Sunway Lagoon,2023-05-11,242
BRT06: South Quay-USJ 1,BRT03: Sunway Lagoon,2023-05-12,334
BRT06: South Quay-USJ 1,BRT03: Sunway Lagoon,2023-05-13,254
BRT06: South Quay-USJ 1,BRT03: Sunway Lagoon,2023-05-14,238
BRT06: South Quay-USJ 1,BRT03: Sunway Lagoon,2023-05-15,226
BRT06: South Quay-USJ 1,BRT03: Sunway Lagoon,2023-05-16,253
BRT06: South Quay-USJ 1,BRT03: Sunway Lagoon,2023-05-17,248
BRT06: South Quay-USJ 1,BRT03: Sunway Lagoon,2023-05-18,279
BRT06: South Quay-USJ 1,BRT03: Sunway Lagoon,2023-05-19,298
BRT06: South Quay-USJ 1,BRT03: Sunway Lagoon,2023-05-20,256
BRT06: South Quay-USJ 1,BRT03: Sunway Lagoon,2023-05-21,230
BRT06: South Quay-USJ 1,BRT03: Sunway Lagoon,2023-05-22,236
BRT06: South Quay-USJ 1,BRT03: Sunway Lagoon,2023-05-23,230
BRT06: South Quay-USJ 1,BRT03: Sunway Lagoon,2023-05-24,207
BRT06: South Quay-USJ 1,BRT03: Sunway Lagoon,2023-05-25,262
BRT06: South Quay-USJ 1,BRT03: Sunway Lagoon,2023-05-26,288
BRT06: South Quay-USJ 1,BRT03: Sunway Lagoon,2023-05-27,271
BRT06: South Quay-USJ 1,BRT03: Sunway Lagoon,2023-05-28,239
BRT06: South Quay-USJ 1,BRT03: Sunway Lagoon,2023-05-29,215
BRT06: South Quay-USJ 1,BRT03: Sunway Lagoon,2023-05-30,243
BRT06: South Quay-USJ 1,BRT03: Sunway Lagoon,2023-05-31,256
BRT06: South Quay-USJ 1,BRT03: Sunway Lagoon,2023-06-01,241
BRT06: South Quay-USJ 1,BRT03: Sunway Lagoon,2023-06-02,276
BRT06: South Quay-USJ 1,BRT03: Sunway Lagoon,2023-06-03,219
BRT06: South Quay-USJ 1,BRT03: Sunway Lagoon,2023-06-04,215
BRT06: South Quay-USJ 1,BRT03: Sunway Lagoon,2023-06-05,215
BRT06: South Quay-USJ 1,BRT03: Sunway Lagoon,2023-06-06,261
BRT06: South Quay-USJ 1,BRT03: Sunway Lagoon,2023-06-07,253
BRT06: South Quay-USJ 1,BRT03: Sunway Lagoon,2023-06-08,308
BRT06: South Quay-USJ 1,BRT03: Sunway Lagoon,2023-06-09,265
BRT06: South Quay-USJ 1,BRT03: Sunway Lagoon,2023-06-10,265
BRT06: South Quay-USJ 1,BRT03: Sunway Lagoon,2023-06-11,209
BRT06: South Quay-USJ 1,BRT03: Sunway Lagoon,2023-06-12,208
BRT06: South Quay-USJ 1,BRT03: Sunway Lagoon,2023-06-13,192
BRT06: South Quay-USJ 1,BRT03: Sunway Lagoon,2023-06-14,225
BRT06: South Quay-USJ 1,BRT03: Sunway Lagoon,2023-06-15,263
BRT06: South Quay-USJ 1,BRT03: Sunway Lagoon,2023-06-16,217
BRT06: South Quay-USJ 1,BRT03: Sunway Lagoon,2023-06-17,227
BRT06: South Quay-USJ 1,BRT03: Sunway Lagoon,2023-06-18,206
BRT06: South Quay-USJ 1,BRT03: Sunway Lagoon,2023-06-19,205
BRT06: South Quay-USJ 1,BRT03: Sunway Lagoon,2023-06-20,182
BRT06: South Quay-USJ 1,BRT03: Sunway Lagoon,2023-06-21,245
BRT06: South Quay-USJ 1,BRT03: Sunway Lagoon,2023-06-22,237
BRT06: South Quay-USJ 1,BRT03: Sunway Lagoon,2023-06-23,246
BRT06: South Quay-USJ 1,BRT03: Sunway Lagoon,2023-06-24,230
BRT06: South Quay-USJ 1,BRT03: Sunway Lagoon,2023-06-25,224
BRT06: South Quay-USJ 1,BRT03: Sunway Lagoon,2023-06-26,226
BRT06: South Quay-USJ 1,BRT03: Sunway Lagoon,2023-06-27,210
BRT06: South Quay-USJ 1,BRT03: Sunway Lagoon,2023-06-28,218
BRT06: South Quay-USJ 1,BRT03: Sunway Lagoon,2023-06-29,227
BRT06: South Quay-USJ 1,BRT03: Sunway Lagoon,2023-06-30,213
BRT06: South Quay-USJ 1,BRT03: Sunway Lagoon,2023-07-01,196
BRT06: South Quay-USJ 1,BRT03: Sunway Lagoon,2023-07-02,204
BRT06: South Quay-USJ 1,BRT03: Sunway Lagoon,2023-07-03,186
BRT06: South Quay-USJ 1,BRT03: Sunway Lagoon,2023-07-04,205
BRT06: South Quay-USJ 1,BRT03: Sunway Lagoon,2023-07-05,228
BRT06: South Quay-USJ 1,BRT03: Sunway Lagoon,2023-07-06,209
BRT06: South Quay-USJ 1,BRT03: Sunway Lagoon,2023-07-07,255
BRT06: South Quay-USJ 1,BRT03: Sunway Lagoon,2023-07-08,259
BRT06: South Quay-USJ 1,BRT03: Sunway Lagoon,2023-07-09,246
BRT06: South Quay-USJ 1,BRT03: Sunway Lagoon,2023-07-10,198
BRT06: South Quay-USJ 1,BRT03: Sunway Lagoon,2023-07-11,203
BRT06: South Quay-USJ 1,BRT03: Sunway Lagoon,2023-07-12,212
BRT06: South Quay-USJ 1,BRT03: Sunway Lagoon,2023-07-13,261
BRT06: South Quay-USJ 1,BRT03: Sunway Lagoon,2023-07-14,242
BRT06: South Quay-USJ 1,BRT03: Sunway Lagoon,2023-07-15,232
BRT06: South Quay-USJ 1,BRT03: Sunway Lagoon,2023-07-16,255
BRT06: South Quay-USJ 1,BRT03: Sunway Lagoon,2023-07-17,238
BRT06: South Quay-USJ 1,BRT03: Sunway Lagoon,2023-07-18,201
BRT06: South Quay-USJ 1,BRT03: Sunway Lagoon,2023-07-19,206
BRT06: South Quay-USJ 1,BRT03: Sunway Lagoon,2023-07-20,254
BRT06: South Quay-USJ 1,BRT03: Sunway Lagoon,2023-07-21,257
BRT06: South Quay-USJ 1,BRT03: Sunway Lagoon,2023-07-22,206
BRT06: South Quay-USJ 1,BRT03: Sunway Lagoon,2023-07-23,201
BRT06: South Quay-USJ 1,BRT03: Sunway Lagoon,2023-07-24,222
BRT06: South Quay-USJ 1,BRT03: Sunway Lagoon,2023-07-25,241
BRT06: South Quay-USJ 1,BRT03: Sunway Lagoon,2023-07-26,239
BRT06: South Quay-USJ 1,BRT03: Sunway Lagoon,2023-07-27,246
BRT06: South Quay-USJ 1,BRT03: Sunway Lagoon,2023-07-28,315
BRT06: South Quay-USJ 1,BRT03: Sunway Lagoon,2023-07-29,244
BRT06: South Quay-USJ 1,BRT03: Sunway Lagoon,2023-07-30,218
BRT06: South Quay-USJ 1,BRT03: Sunway Lagoon,2023-07-31,236
BRT06: South Quay-USJ 1,BRT03: Sunway Lagoon,2023-08-01,220
BRT06: South Quay-USJ 1,BRT03: Sunway Lagoon,2023-08-02,222
BRT06: South Quay-USJ 1,BRT03: Sunway Lagoon,2023-08-03,243
BRT06: South Quay-USJ 1,BRT03: Sunway Lagoon,2023-08-04,328
BRT06: South Quay-USJ 1,BRT03: Sunway Lagoon,2023-08-05,212
BRT06: South Quay-USJ 1,BRT03: Sunway Lagoon,2023-08-06,216
BRT06: South Quay-USJ 1,BRT03: Sunway Lagoon,2023-08-07,202
BRT06: South Quay-USJ 1,BRT03: Sunway Lagoon,2023-08-08,224
BRT06: South Quay-USJ 1,BRT03: Sunway Lagoon,2023-08-09,232
BRT06: South Quay-USJ 1,BRT03: Sunway Lagoon,2023-08-10,240
BRT06: South Quay-USJ 1,BRT03: Sunway Lagoon,2023-08-11,276
BRT06: South Quay-USJ 1,BRT03: Sunway Lagoon,2023-08-12,189
BRT06: South Quay-USJ 1,BRT03: Sunway Lagoon,2023-08-13,203
BRT06: South Quay-USJ 1,BRT03: Sunway Lagoon,2023-08-14,196
BRT06: South Quay-USJ 1,BRT03: Sunway Lagoon,2023-08-15,219
BRT06: South Quay-USJ 1,BRT03: Sunway Lagoon,2023-08-16,227
BRT06: South Quay-USJ 1,BRT03: Sunway Lagoon,2023-08-17,237
BRT06: South Quay-USJ 1,BRT03: Sunway Lagoon,2023-08-18,267
BRT06: South Quay-USJ 1,BRT03: Sunway Lagoon,2023-08-19,213
BRT06: South Quay-USJ 1,BRT03: Sunway Lagoon,2023-08-20,226
BRT06: South Quay-USJ 1,BRT03: Sunway Lagoon,2023-08-21,232
BRT06: South Quay-USJ 1,BRT03: Sunway Lagoon,2023-08-22,216
BRT06: South Quay-USJ 1,BRT03: Sunway Lagoon,2023-08-23,226
BRT06: South Quay-USJ 1,BRT03: Sunway Lagoon,2023-08-24,223
BRT06: South Quay-USJ 1,BRT03: Sunway Lagoon,2023-08-25,329
BRT06: South Quay-USJ 1,BRT03: Sunway Lagoon,2023-08-26,218
BRT06: South Quay-USJ 1,BRT03: Sunway Lagoon,2023-08-27,239
BRT06: South Quay-USJ 1,BRT03: Sunway Lagoon,2023-08-28,228
BRT06: South Quay-USJ 1,BRT03: Sunway Lagoon,2023-08-29,233
BRT06: South Quay-USJ 1,BRT03: Sunway Lagoon,2023-08-30,287
BRT06: South Quay-USJ 1,BRT03: Sunway Lagoon,2023-08-31,300
BRT06: South Quay-USJ 1,BRT03: Sunway Lagoon,2023-09-01,220
BRT06: South Quay-USJ 1,BRT03: Sunway Lagoon,2023-09-02,243
BRT06: South Quay-USJ 1,BRT03: Sunway Lagoon,2023-09-03,196
BRT06: South Quay-USJ 1,BRT03: Sunway Lagoon,2023-09-04,212
BRT06: South Quay-USJ 1,BRT03: Sunway Lagoon,2023-09-05,256
BRT06: South Quay-USJ 1,BRT03: Sunway Lagoon,2023-09-06,254
BRT06: South Quay-USJ 1,BRT03: Sunway Lagoon,2023-09-07,268
BRT06: South Quay-USJ 1,BRT03: Sunway Lagoon,2023-09-08,368
BRT06: South Quay-USJ 1,BRT03: Sunway Lagoon,2023-09-09,275
BRT06: South Quay-USJ 1,BRT03: Sunway Lagoon,2023-09-10,187
BRT06: South Quay-USJ 1,BRT03: Sunway Lagoon,2023-09-11,242
BRT06: South Quay-USJ 1,BRT03: Sunway Lagoon,2023-09-12,240
BRT06: South Quay-USJ 1,BRT03: Sunway Lagoon,2023-09-13,244
BRT06: South Quay-USJ 1,BRT03: Sunway Lagoon,2023-09-14,231
BRT06: South Quay-USJ 1,BRT03: Sunway Lagoon,2023-09-15,347
BRT06: South Quay-USJ 1,BRT03: Sunway Lagoon,2023-09-16,261
BRT06: South Quay-USJ 1,BRT03: Sunway Lagoon,2023-09-17,219
BRT06: South Quay-USJ 1,BRT03: Sunway Lagoon,2023-09-18,208
BRT06: South Quay-USJ 1,BRT03: Sunway Lagoon,2023-09-19,244
BRT06: South Quay-USJ 1,BRT03: Sunway Lagoon,2023-09-20,261
BRT06: South Quay-USJ 1,BRT03: Sunway Lagoon,2023-09-21,233
BRT06: South Quay-USJ 1,BRT03: Sunway Lagoon,2023-09-22,287
BRT06: South Quay-USJ 1,BRT03: Sunway Lagoon,2023-09-23,242
BRT06: South Quay-USJ 1,BRT03: Sunway Lagoon,2023-09-24,245
BRT06: South Quay-USJ 1,BRT03: Sunway Lagoon,2023-09-25,209
BRT06: South Quay-USJ 1,BRT03: Sunway Lagoon,2023-09-26,229
BRT06: South Quay-USJ 1,BRT03: Sunway Lagoon,2023-09-27,285
BRT06: South Quay-USJ 1,BRT03: Sunway Lagoon,2023-09-28,227
BRT06: South Quay-USJ 1,BRT03: Sunway Lagoon,2023-09-29,271
BRT06: South Quay-USJ 1,BRT03: Sunway Lagoon,2023-09-30,255
BRT06: South Quay-USJ 1,BRT03: Sunway Lagoon,2023-10-01,261
BRT06: South Quay-USJ 1,BRT03: Sunway Lagoon,2023-10-02,244
BRT06: South Quay-USJ 1,BRT03: Sunway Lagoon,2023-10-03,265
BRT06: South Quay-USJ 1,BRT03: Sunway Lagoon,2023-10-04,235
BRT06: South Quay-USJ 1,BRT03: Sunway Lagoon,2023-10-05,252
BRT06: South Quay-USJ 1,BRT03: Sunway Lagoon,2023-10-06,325
BRT06: South Quay-USJ 1,BRT03: Sunway Lagoon,2023-10-07,307
BRT06: South Quay-USJ 1,BRT03: Sunway Lagoon,2023-10-08,236
BRT06: South Quay-USJ 1,BRT03: Sunway Lagoon,2023-10-09,223
BRT06: South Quay-USJ 1,BRT03: Sunway Lagoon,2023-10-10,238
BRT06: South Quay-USJ 1,BRT03: Sunway Lagoon,2023-10-11,256
BRT06: South Quay-USJ 1,BRT03: Sunway Lagoon,2023-10-12,266
BRT06: South Quay-USJ 1,BRT03: Sunway Lagoon,2023-10-13,308
BRT06: South Quay-USJ 1,BRT03: Sunway Lagoon,2023-10-14,277
BRT06: South Quay-USJ 1,BRT03: Sunway Lagoon,2023-10-15,251
BRT06: South Quay-USJ 1,BRT03: Sunway Lagoon,2023-10-16,229
BRT06: South Quay-USJ 1,BRT03: Sunway Lagoon,2023-10-17,236
BRT06: South Quay-USJ 1,BRT03: Sunway Lagoon,2023-10-18,241
BRT06: South Quay-USJ 1,BRT03: Sunway Lagoon,2023-10-19,247
BRT06: South Quay-USJ 1,BRT03: Sunway Lagoon,2023-10-20,363
BRT06: South Quay-USJ 1,BRT03: Sunway Lagoon,2023-10-21,269
BRT06: South Quay-USJ 1,BRT03: Sunway Lagoon,2023-10-22,250
BRT06: South Quay-USJ 1,BRT03: Sunway Lagoon,2023-10-23,214
BRT06: South Quay-USJ 1,BRT03: Sunway Lagoon,2023-10-24,202
BRT06: South Quay-USJ 1,BRT03: Sunway Lagoon,2023-10-25,230
BRT06: South Quay-USJ 1,BRT03: Sunway Lagoon,2023-10-26,241
BRT06: South Quay-USJ 1,BRT03: Sunway Lagoon,2023-10-27,354
BRT06: South Quay-USJ 1,BRT03: Sunway Lagoon,2023-10-28,261
BRT06: South Quay-USJ 1,BRT03: Sunway Lagoon,2023-10-29,266
BRT06: South Quay-USJ 1,BRT03: Sunway Lagoon,2023-10-30,236
BRT06: South Quay-USJ 1,BRT03: Sunway Lagoon,2023-10-31,256
BRT06: South Quay-USJ 1,BRT03: Sunway Lagoon,2023-11-01,278
BRT06: South Quay-USJ 1,BRT03: Sunway Lagoon,2023-11-02,288
BRT06: South Quay-USJ 1,BRT03: Sunway Lagoon,2023-11-03,312
BRT06: South Quay-USJ 1,BRT03: Sunway Lagoon,2023-11-04,324
BRT06: South Quay-USJ 1,BRT03: Sunway Lagoon,2023-11-05,246
BRT06: South Quay-USJ 1,BRT03: Sunway Lagoon,2023-11-06,240
BRT06: South Quay-USJ 1,BRT03: Sunway Lagoon,2023-11-07,262
BRT06: South Quay-USJ 1,BRT03: Sunway Lagoon,2023-11-08,264
BRT06: South Quay-USJ 1,BRT03: Sunway Lagoon,2023-11-09,291
BRT06: South Quay-USJ 1,BRT03: Sunway Lagoon,2023-11-10,391
BRT06: South Quay-USJ 1,BRT03: Sunway Lagoon,2023-11-11,324
BRT06: South Quay-USJ 1,BRT03: Sunway Lagoon,2023-11-12,283
BRT06: South Quay-USJ 1,BRT03: Sunway Lagoon,2023-11-13,236
BRT06: South Quay-USJ 1,BRT03: Sunway Lagoon,2023-11-14,215
BRT06: South Quay-USJ 1,BRT03: Sunway Lagoon,2023-11-15,232
BRT06: South Quay-USJ 1,BRT03: Sunway Lagoon,2023-11-16,247
BRT06: South Quay-USJ 1,BRT03: Sunway Lagoon,2023-11-17,290
BRT06: South Quay-USJ 1,BRT03: Sunway Lagoon,2023-11-18,239
BRT06: South Quay-USJ 1,BRT03: Sunway Lagoon,2023-11-19,327
BRT06: South Quay-USJ 1,BRT03: Sunway Lagoon,2023-11-20,224
BRT06: South Quay-USJ 1,BRT03: Sunway Lagoon,2023-11-21,238
BRT06: South Quay-USJ 1,BRT03: Sunway Lagoon,2023-11-22,215
BRT06: South Quay-USJ 1,BRT03: Sunway Lagoon,2023-11-23,243
BRT06: South Quay-USJ 1,BRT03: Sunway Lagoon,2023-11-24,359
BRT06: South Quay-USJ 1,BRT03: Sunway Lagoon,2023-11-25,250
BRT06: South Quay-USJ 1,BRT03: Sunway Lagoon,2023-11-26,239
BRT06: South Quay-USJ 1,BRT03: Sunway Lagoon,2023-11-27,246
BRT06: South Quay-USJ 1,BRT03: Sunway Lagoon,2023-11-28,160
BRT06: South Quay-USJ 1,BRT03: Sunway Lagoon,2023-11-29,252
BRT06: South Quay-USJ 1,BRT03: Sunway Lagoon,2023-11-30,311
BRT06: South Quay-USJ 1,BRT03: Sunway Lagoon,2023-12-01,284
BRT06: South Quay-USJ 1,BRT03: Sunway Lagoon,2023-12-02,301
BRT06: South Quay-USJ 1,BRT03: Sunway Lagoon,2023-12-03,234
BRT06: South Quay-USJ 1,BRT03: Sunway Lagoon,2023-12-04,249
BRT06: South Quay-USJ 1,BRT03: Sunway Lagoon,2023-12-05,262
BRT06: South Quay-USJ 1,BRT03: Sunway Lagoon,2023-12-06,290
BRT06: South Quay-USJ 1,BRT03: Sunway Lagoon,2023-12-07,306
BRT06: South Quay-USJ 1,BRT03: Sunway Lagoon,2023-12-08,318
BRT06: South Quay-USJ 1,BRT03: Sunway Lagoon,2023-12-09,246
BRT06: South Quay-USJ 1,BRT03: Sunway Lagoon,2023-12-10,210
BRT06: South Quay-USJ 1,BRT03: Sunway Lagoon,2023-12-11,238
BRT06: South Quay-USJ 1,BRT03: Sunway Lagoon,2023-12-12,227
BRT06: South Quay-USJ 1,BRT03: Sunway Lagoon,2023-12-13,227
BRT06: South Quay-USJ 1,BRT03: Sunway Lagoon,2023-12-14,208
BRT06: South Quay-USJ 1,BRT03: Sunway Lagoon,2023-12-15,262
BRT06: South Quay-USJ 1,BRT03: Sunway Lagoon,2023-12-16,213
BRT06: South Quay-USJ 1,BRT03: Sunway Lagoon,2023-12-17,227
BRT06: South Quay-USJ 1,BRT03: Sunway Lagoon,2023-12-18,220
BRT06: South Quay-USJ 1,BRT03: Sunway Lagoon,2023-12-19,214
BRT06: South Quay-USJ 1,BRT03: Sunway Lagoon,2023-12-20,262
BRT06: South Quay-USJ 1,BRT03: Sunway Lagoon,2023-12-21,237
BRT06: South Quay-USJ 1,BRT03: Sunway Lagoon,2023-12-22,265
BRT06: South Quay-USJ 1,BRT03: Sunway Lagoon,2023-12-23,227
BRT06: South Quay-USJ 1,BRT03: Sunway Lagoon,2023-12-24,278
BRT06: South Quay-USJ 1,BRT03: Sunway Lagoon,2023-12-25,290
BRT06: South Quay-USJ 1,BRT03: Sunway Lagoon,2023-12-26,232
BRT06: South Quay-USJ 1,BRT03: Sunway Lagoon,2023-12-27,198
BRT06: South Quay-USJ 1,BRT03: Sunway Lagoon,2023-12-28,231
BRT06: South Quay-USJ 1,BRT03: Sunway Lagoon,2023-12-29,247
BRT06: South Quay-USJ 1,BRT03: Sunway Lagoon,2023-12-30,236
BRT06: South Quay-USJ 1,BRT03: Sunway Lagoon,2023-12-31,324
BRT06: South Quay-USJ 1,BRT04: SunMed,2023-04-01,173
BRT06: South Quay-USJ 1,BRT04: SunMed,2023-04-02,173
BRT06: South Quay-USJ 1,BRT04: SunMed,2023-04-03,358
BRT06: South Quay-USJ 1,BRT04: SunMed,2023-04-04,353
BRT06: South Quay-USJ 1,BRT04: SunMed,2023-04-05,352
BRT06: South Quay-USJ 1,BRT04: SunMed,2023-04-06,335
BRT06: South Quay-USJ 1,BRT04: SunMed,2023-04-07,189
BRT06: South Quay-USJ 1,BRT04: SunMed,2023-04-08,161
BRT06: South Quay-USJ 1,BRT04: SunMed,2023-04-09,176
BRT06: South Quay-USJ 1,BRT04: SunMed,2023-04-10,375
BRT06: South Quay-USJ 1,BRT04: SunMed,2023-04-11,357
BRT06: South Quay-USJ 1,BRT04: SunMed,2023-04-12,353
BRT06: South Quay-USJ 1,BRT04: SunMed,2023-04-13,281
BRT06: South Quay-USJ 1,BRT04: SunMed,2023-04-14,342
BRT06: South Quay-USJ 1,BRT04: SunMed,2023-04-15,216
BRT06: South Quay-USJ 1,BRT04: SunMed,2023-04-16,199
BRT06: South Quay-USJ 1,BRT04: SunMed,2023-04-17,352
BRT06: South Quay-USJ 1,BRT04: SunMed,2023-04-18,358
BRT06: South Quay-USJ 1,BRT04: SunMed,2023-04-19,408
BRT06: South Quay-USJ 1,BRT04: SunMed,2023-04-20,388
BRT06: South Quay-USJ 1,BRT04: SunMed,2023-04-21,210
BRT06: South Quay-USJ 1,BRT04: SunMed,2023-04-22,121
BRT06: South Quay-USJ 1,BRT04: SunMed,2023-04-23,165
BRT06: South Quay-USJ 1,BRT04: SunMed,2023-04-24,153
BRT06: South Quay-USJ 1,BRT04: SunMed,2023-04-25,150
BRT06: South Quay-USJ 1,BRT04: SunMed,2023-04-26,303
BRT06: South Quay-USJ 1,BRT04: SunMed,2023-04-27,321
BRT06: South Quay-USJ 1,BRT04: SunMed,2023-04-28,343
BRT06: South Quay-USJ 1,BRT04: SunMed,2023-04-29,153
BRT06: South Quay-USJ 1,BRT04: SunMed,2023-04-30,182
BRT06: South Quay-USJ 1,BRT04: SunMed,2023-05-01,152
BRT06: South Quay-USJ 1,BRT04: SunMed,2023-05-02,340
BRT06: South Quay-USJ 1,BRT04: SunMed,2023-05-03,333
BRT06: South Quay-USJ 1,BRT04: SunMed,2023-05-04,121
BRT06: South Quay-USJ 1,BRT04: SunMed,2023-05-05,309
BRT06: South Quay-USJ 1,BRT04: SunMed,2023-05-06,168
BRT06: South Quay-USJ 1,BRT04: SunMed,2023-05-07,184
BRT06: South Quay-USJ 1,BRT04: SunMed,2023-05-08,365
BRT06: South Quay-USJ 1,BRT04: SunMed,2023-05-09,390
BRT06: South Quay-USJ 1,BRT04: SunMed,2023-05-10,296
BRT06: South Quay-USJ 1,BRT04: SunMed,2023-05-11,334
BRT06: South Quay-USJ 1,BRT04: SunMed,2023-05-12,375
BRT06: South Quay-USJ 1,BRT04: SunMed,2023-05-13,158
BRT06: South Quay-USJ 1,BRT04: SunMed,2023-05-14,131
BRT06: South Quay-USJ 1,BRT04: SunMed,2023-05-15,337
BRT06: South Quay-USJ 1,BRT04: SunMed,2023-05-16,340
BRT06: South Quay-USJ 1,BRT04: SunMed,2023-05-17,342
BRT06: South Quay-USJ 1,BRT04: SunMed,2023-05-18,362
BRT06: South Quay-USJ 1,BRT04: SunMed,2023-05-19,315
BRT06: South Quay-USJ 1,BRT04: SunMed,2023-05-20,139
BRT06: South Quay-USJ 1,BRT04: SunMed,2023-05-21,149
BRT06: South Quay-USJ 1,BRT04: SunMed,2023-05-22,342
BRT06: South Quay-USJ 1,BRT04: SunMed,2023-05-23,328
BRT06: South Quay-USJ 1,BRT04: SunMed,2023-05-24,311
BRT06: South Quay-USJ 1,BRT04: SunMed,2023-05-25,345
BRT06: South Quay-USJ 1,BRT04: SunMed,2023-05-26,333
BRT06: South Quay-USJ 1,BRT04: SunMed,2023-05-27,147
BRT06: South Quay-USJ 1,BRT04: SunMed,2023-05-28,123
BRT06: South Quay-USJ 1,BRT04: SunMed,2023-05-29,320
BRT06: South Quay-USJ 1,BRT04: SunMed,2023-05-30,350
BRT06: South Quay-USJ 1,BRT04: SunMed,2023-05-31,345
BRT06: South Quay-USJ 1,BRT04: SunMed,2023-06-01,323
BRT06: South Quay-USJ 1,BRT04: SunMed,2023-06-02,279
BRT06: South Quay-USJ 1,BRT04: SunMed,2023-06-03,134
BRT06: South Quay-USJ 1,BRT04: SunMed,2023-06-04,143
BRT06: South Quay-USJ 1,BRT04: SunMed,2023-06-05,144
BRT06: South Quay-USJ 1,BRT04: SunMed,2023-06-06,322
BRT06: South Quay-USJ 1,BRT04: SunMed,2023-06-07,276
BRT06: South Quay-USJ 1,BRT04: SunMed,2023-06-08,293
BRT06: South Quay-USJ 1,BRT04: SunMed,2023-06-09,295
BRT06: South Quay-USJ 1,BRT04: SunMed,2023-06-10,140
BRT06: South Quay-USJ 1,BRT04: SunMed,2023-06-11,151
BRT06: South Quay-USJ 1,BRT04: SunMed,2023-06-12,214
BRT06: South Quay-USJ 1,BRT04: SunMed,2023-06-13,217
BRT06: South Quay-USJ 1,BRT04: SunMed,2023-06-14,252
BRT06: South Quay-USJ 1,BRT04: SunMed,2023-06-15,207
BRT06: South Quay-USJ 1,BRT04: SunMed,2023-06-16,197
BRT06: South Quay-USJ 1,BRT04: SunMed,2023-06-17,147
BRT06: South Quay-USJ 1,BRT04: SunMed,2023-06-18,165
BRT06: South Quay-USJ 1,BRT04: SunMed,2023-06-19,194
BRT06: South Quay-USJ 1,BRT04: SunMed,2023-06-20,197
BRT06: South Quay-USJ 1,BRT04: SunMed,2023-06-21,202
BRT06: South Quay-USJ 1,BRT04: SunMed,2023-06-22,205
BRT06: South Quay-USJ 1,BRT04: SunMed,2023-06-23,210
BRT06: South Quay-USJ 1,BRT04: SunMed,2023-06-24,149
BRT06: South Quay-USJ 1,BRT04: SunMed,2023-06-25,124
BRT06: South Quay-USJ 1,BRT04: SunMed,2023-06-26,184
BRT06: South Quay-USJ 1,BRT04: SunMed,2023-06-27,191
BRT06: South Quay-USJ 1,BRT04: SunMed,2023-06-28,217
BRT06: South Quay-USJ 1,BRT04: SunMed,2023-06-29,131
BRT06: South Quay-USJ 1,BRT04: SunMed,2023-06-30,190
BRT06: South Quay-USJ 1,BRT04: SunMed,2023-07-01,149
BRT06: South Quay-USJ 1,BRT04: SunMed,2023-07-02,130
BRT06: South Quay-USJ 1,BRT04: SunMed,2023-07-03,188
BRT06: South Quay-USJ 1,BRT04: SunMed,2023-07-04,172
BRT06: South Quay-USJ 1,BRT04: SunMed,2023-07-05,177
BRT06: South Quay-USJ 1,BRT04: SunMed,2023-07-06,188
BRT06: South Quay-USJ 1,BRT04: SunMed,2023-07-07,179
BRT06: South Quay-USJ 1,BRT04: SunMed,2023-07-08,135
BRT06: South Quay-USJ 1,BRT04: SunMed,2023-07-09,156
BRT06: South Quay-USJ 1,BRT04: SunMed,2023-07-10,185
BRT06: South Quay-USJ 1,BRT04: SunMed,2023-07-11,195
BRT06: South Quay-USJ 1,BRT04: SunMed,2023-07-12,190
BRT06: South Quay-USJ 1,BRT04: SunMed,2023-07-13,222
BRT06: South Quay-USJ 1,BRT04: SunMed,2023-07-14,202
BRT06: South Quay-USJ 1,BRT04: SunMed,2023-07-15,143
BRT06: South Quay-USJ 1,BRT04: SunMed,2023-07-16,116
BRT06: South Quay-USJ 1,BRT04: SunMed,2023-07-17,179
BRT06: South Quay-USJ 1,BRT04: SunMed,2023-07-18,190
BRT06: South Quay-USJ 1,BRT04: SunMed,2023-07-19,163
BRT06: South Quay-USJ 1,BRT04: SunMed,2023-07-20,190
BRT06: South Quay-USJ 1,BRT04: SunMed,2023-07-21,191
BRT06: South Quay-USJ 1,BRT04: SunMed,2023-07-22,146
BRT06: South Quay-USJ 1,BRT04: SunMed,2023-07-23,146
BRT06: South Quay-USJ 1,BRT04: SunMed,2023-07-24,231
BRT06: South Quay-USJ 1,BRT04: SunMed,2023-07-25,350
BRT06: South Quay-USJ 1,BRT04: SunMed,2023-07-26,338
BRT06: South Quay-USJ 1,BRT04: SunMed,2023-07-27,352
BRT06: South Quay-USJ 1,BRT04: SunMed,2023-07-28,343
BRT06: South Quay-USJ 1,BRT04: SunMed,2023-07-29,147
BRT06: South Quay-USJ 1,BRT04: SunMed,2023-07-30,128
BRT06: South Quay-USJ 1,BRT04: SunMed,2023-07-31,345
BRT06: South Quay-USJ 1,BRT04: SunMed,2023-08-01,358
BRT06: South Quay-USJ 1,BRT04: SunMed,2023-08-02,365
BRT06: South Quay-USJ 1,BRT04: SunMed,2023-08-03,363
BRT06: South Quay-USJ 1,BRT04: SunMed,2023-08-04,357
BRT06: South Quay-USJ 1,BRT04: SunMed,2023-08-05,151
BRT06: South Quay-USJ 1,BRT04: SunMed,2023-08-06,157
BRT06: South Quay-USJ 1,BRT04: SunMed,2023-08-07,361
BRT06: South Quay-USJ 1,BRT04: SunMed,2023-08-08,352
BRT06: South Quay-USJ 1,BRT04: SunMed,2023-08-09,373
BRT06: South Quay-USJ 1,BRT04: SunMed,2023-08-10,406
BRT06: South Quay-USJ 1,BRT04: SunMed,2023-08-11,347
BRT06: South Quay-USJ 1,BRT04: SunMed,2023-08-12,178
BRT06: South Quay-USJ 1,BRT04: SunMed,2023-08-13,140
BRT06: South Quay-USJ 1,BRT04: SunMed,2023-08-14,173
BRT06: South Quay-USJ 1,BRT04: SunMed,2023-08-15,355
BRT06: South Quay-USJ 1,BRT04: SunMed,2023-08-16,322
BRT06: South Quay-USJ 1,BRT04: SunMed,2023-08-17,369
BRT06: South Quay-USJ 1,BRT04: SunMed,2023-08-18,307
BRT06: South Quay-USJ 1,BRT04: SunMed,2023-08-19,140
BRT06: South Quay-USJ 1,BRT04: SunMed,2023-08-20,145
BRT06: South Quay-USJ 1,BRT04: SunMed,2023-08-21,330
BRT06: South Quay-USJ 1,BRT04: SunMed,2023-08-22,327
BRT06: South Quay-USJ 1,BRT04: SunMed,2023-08-23,333
BRT06: South Quay-USJ 1,BRT04: SunMed,2023-08-24,358
BRT06: South Quay-USJ 1,BRT04: SunMed,2023-08-25,348
BRT06: South Quay-USJ 1,BRT04: SunMed,2023-08-26,139
BRT06: South Quay-USJ 1,BRT04: SunMed,2023-08-27,147
BRT06: South Quay-USJ 1,BRT04: SunMed,2023-08-28,320
BRT06: South Quay-USJ 1,BRT04: SunMed,2023-08-29,357
BRT06: South Quay-USJ 1,BRT04: SunMed,2023-08-30,366
BRT06: South Quay-USJ 1,BRT04: SunMed,2023-08-31,194
BRT06: South Quay-USJ 1,BRT04: SunMed,2023-09-01,193
BRT06: South Quay-USJ 1,BRT04: SunMed,2023-09-02,135
BRT06: South Quay-USJ 1,BRT04: SunMed,2023-09-03,132
BRT06: South Quay-USJ 1,BRT04: SunMed,2023-09-04,353
BRT06: South Quay-USJ 1,BRT04: SunMed,2023-09-05,380
BRT06: South Quay-USJ 1,BRT04: SunMed,2023-09-06,381
BRT06: South Quay-USJ 1,BRT04: SunMed,2023-09-07,396
BRT06: South Quay-USJ 1,BRT04: SunMed,2023-09-08,371
BRT06: South Quay-USJ 1,BRT04: SunMed,2023-09-09,197
BRT06: South Quay-USJ 1,BRT04: SunMed,2023-09-10,191
BRT06: South Quay-USJ 1,BRT04: SunMed,2023-09-11,388
BRT06: South Quay-USJ 1,BRT04: SunMed,2023-09-12,401
BRT06: South Quay-USJ 1,BRT04: SunMed,2023-09-13,350
BRT06: South Quay-USJ 1,BRT04: SunMed,2023-09-14,371
BRT06: South Quay-USJ 1,BRT04: SunMed,2023-09-15,356
BRT06: South Quay-USJ 1,BRT04: SunMed,2023-09-16,152
BRT06: South Quay-USJ 1,BRT04: SunMed,2023-09-17,126
BRT06: South Quay-USJ 1,BRT04: SunMed,2023-09-18,341
BRT06: South Quay-USJ 1,BRT04: SunMed,2023-09-19,361
BRT06: South Quay-USJ 1,BRT04: SunMed,2023-09-20,376
BRT06: South Quay-USJ 1,BRT04: SunMed,2023-09-21,363
BRT06: South Quay-USJ 1,BRT04: SunMed,2023-09-22,379
BRT06: South Quay-USJ 1,BRT04: SunMed,2023-09-23,159
BRT06: South Quay-USJ 1,BRT04: SunMed,2023-09-24,133
BRT06: South Quay-USJ 1,BRT04: SunMed,2023-09-25,363
BRT06: South Quay-USJ 1,BRT04: SunMed,2023-09-26,400
BRT06: South Quay-USJ 1,BRT04: SunMed,2023-09-27,351
BRT06: South Quay-USJ 1,BRT04: SunMed,2023-09-28,165
BRT06: South Quay-USJ 1,BRT04: SunMed,2023-09-29,197
BRT06: South Quay-USJ 1,BRT04: SunMed,2023-09-30,154
BRT06: South Quay-USJ 1,BRT04: SunMed,2023-10-01,163
BRT06: South Quay-USJ 1,BRT04: SunMed,2023-10-02,399
BRT06: South Quay-USJ 1,BRT04: SunMed,2023-10-03,402
BRT06: South Quay-USJ 1,BRT04: SunMed,2023-10-04,364
BRT06: South Quay-USJ 1,BRT04: SunMed,2023-10-05,404
BRT06: South Quay-USJ 1,BRT04: SunMed,2023-10-06,381
BRT06: South Quay-USJ 1,BRT04: SunMed,2023-10-07,205
BRT06: South Quay-USJ 1,BRT04: SunMed,2023-10-08,193
BRT06: South Quay-USJ 1,BRT04: SunMed,2023-10-09,407
BRT06: South Quay-USJ 1,BRT04: SunMed,2023-10-10,439
BRT06: South Quay-USJ 1,BRT04: SunMed,2023-10-11,361
BRT06: South Quay-USJ 1,BRT04: SunMed,2023-10-12,313
BRT06: South Quay-USJ 1,BRT04: SunMed,2023-10-13,400
BRT06: South Quay-USJ 1,BRT04: SunMed,2023-10-14,190
BRT06: South Quay-USJ 1,BRT04: SunMed,2023-10-15,160
BRT06: South Quay-USJ 1,BRT04: SunMed,2023-10-16,361
BRT06: South Quay-USJ 1,BRT04: SunMed,2023-10-17,343
BRT06: South Quay-USJ 1,BRT04: SunMed,2023-10-18,354
BRT06: South Quay-USJ 1,BRT04: SunMed,2023-10-19,350
BRT06: South Quay-USJ 1,BRT04: SunMed,2023-10-20,369
BRT06: South Quay-USJ 1,BRT04: SunMed,2023-10-21,152
BRT06: South Quay-USJ 1,BRT04: SunMed,2023-10-22,142
BRT06: South Quay-USJ 1,BRT04: SunMed,2023-10-23,331
BRT06: South Quay-USJ 1,BRT04: SunMed,2023-10-24,371
BRT06: South Quay-USJ 1,BRT04: SunMed,2023-10-25,389
BRT06: South Quay-USJ 1,BRT04: SunMed,2023-10-26,347
BRT06: South Quay-USJ 1,BRT04: SunMed,2023-10-27,397
BRT06: South Quay-USJ 1,BRT04: SunMed,2023-10-28,166
BRT06: South Quay-USJ 1,BRT04: SunMed,2023-10-29,134
BRT06: South Quay-USJ 1,BRT04: SunMed,2023-10-30,360
BRT06: South Quay-USJ 1,BRT04: SunMed,2023-10-31,377
BRT06: South Quay-USJ 1,BRT04: SunMed,2023-11-01,401
BRT06: South Quay-USJ 1,BRT04: SunMed,2023-11-02,416
BRT06: South Quay-USJ 1,BRT04: SunMed,2023-11-03,362
BRT06: South Quay-USJ 1,BRT04: SunMed,2023-11-04,168
BRT06: South Quay-USJ 1,BRT04: SunMed,2023-11-05,157
BRT06: South Quay-USJ 1,BRT04: SunMed,2023-11-06,347
BRT06: South Quay-USJ 1,BRT04: SunMed,2023-11-07,398
BRT06: South Quay-USJ 1,BRT04: SunMed,2023-11-08,420
BRT06: South Quay-USJ 1,BRT04: SunMed,2023-11-09,409
BRT06: South Quay-USJ 1,BRT04: SunMed,2023-11-10,397
BRT06: South Quay-USJ 1,BRT04: SunMed,2023-11-11,195
BRT06: South Quay-USJ 1,BRT04: SunMed,2023-11-12,150
BRT06: South Quay-USJ 1,BRT04: SunMed,2023-11-13,119
BRT06: South Quay-USJ 1,BRT04: SunMed,2023-11-14,204
BRT06: South Quay-USJ 1,BRT04: SunMed,2023-11-15,349
BRT06: South Quay-USJ 1,BRT04: SunMed,2023-11-16,359
BRT06: South Quay-USJ 1,BRT04: SunMed,2023-11-17,361
BRT06: South Quay-USJ 1,BRT04: SunMed,2023-11-18,157
BRT06: South Quay-USJ 1,BRT04: SunMed,2023-11-19,138
BRT06: South Quay-USJ 1,BRT04: SunMed,2023-11-20,356
BRT06: South Quay-USJ 1,BRT04: SunMed,2023-11-21,401
BRT06: South Quay-USJ 1,BRT04: SunMed,2023-11-22,380
BRT06: South Quay-USJ 1,BRT04: SunMed,2023-11-23,378
BRT06: South Quay-USJ 1,BRT04: SunMed,2023-11-24,379
BRT06: South Quay-USJ 1,BRT04: SunMed,2023-11-25,119
BRT06: South Quay-USJ 1,BRT04: SunMed,2023-11-26,122
BRT06: South Quay-USJ 1,BRT04: SunMed,2023-11-27,321
BRT06: South Quay-USJ 1,BRT04: SunMed,2023-11-28,151
BRT06: South Quay-USJ 1,BRT04: SunMed,2023-11-29,357
BRT06: South Quay-USJ 1,BRT04: SunMed,2023-11-30,338
BRT06: South Quay-USJ 1,BRT04: SunMed,2023-12-01,340
BRT06: South Quay-USJ 1,BRT04: SunMed,2023-12-02,154
BRT06: South Quay-USJ 1,BRT04: SunMed,2023-12-03,195
BRT06: South Quay-USJ 1,BRT04: SunMed,2023-12-04,285
BRT06: South Quay-USJ 1,BRT04: SunMed,2023-12-05,315
BRT06: South Quay-USJ 1,BRT04: SunMed,2023-12-06,380
BRT06: South Quay-USJ 1,BRT04: SunMed,2023-12-07,347
BRT06: South Quay-USJ 1,BRT04: SunMed,2023-12-08,287
BRT06: South Quay-USJ 1,BRT04: SunMed,2023-12-09,152
BRT06: South Quay-USJ 1,BRT04: SunMed,2023-12-10,135
BRT06: South Quay-USJ 1,BRT04: SunMed,2023-12-11,166
BRT06: South Quay-USJ 1,BRT04: SunMed,2023-12-12,243
BRT06: South Quay-USJ 1,BRT04: SunMed,2023-12-13,204
BRT06: South Quay-USJ 1,BRT04: SunMed,2023-12-14,188
BRT06: South Quay-USJ 1,BRT04: SunMed,2023-12-15,215
BRT06: South Quay-USJ 1,BRT04: SunMed,2023-12-16,156
BRT06: South Quay-USJ 1,BRT04: SunMed,2023-12-17,116
BRT06: South Quay-USJ 1,BRT04: SunMed,2023-12-18,177
BRT06: South Quay-USJ 1,BRT04: SunMed,2023-12-19,187
BRT06: South Quay-USJ 1,BRT04: SunMed,2023-12-20,165
BRT06: South Quay-USJ 1,BRT04: SunMed,2023-12-21,191
BRT06: South Quay-USJ 1,BRT04: SunMed,2023-12-22,163
BRT06: South Quay-USJ 1,BRT04: SunMed,2023-12-23,130
BRT06: South Quay-USJ 1,BRT04: SunMed,2023-12-24,117
BRT06: South Quay-USJ 1,BRT04: SunMed,2023-12-25,114
BRT06: South Quay-USJ 1,BRT04: SunMed,2023-12-26,141
BRT06: South Quay-USJ 1,BRT04: SunMed,2023-12-27,121
BRT06: South Quay-USJ 1,BRT04: SunMed,2023-12-28,152
BRT06: South Quay-USJ 1,BRT04: SunMed,2023-12-29,154
BRT06: South Quay-USJ 1,BRT04: SunMed,2023-12-30,164
BRT06: South Quay-USJ 1,BRT04: SunMed,2023-12-31,150
BRT06: South Quay-USJ 1,BRT05: SunU-Monash,2023-04-01,150
BRT06: South Quay-USJ 1,BRT05: SunU-Monash,2023-04-02,127
BRT06: South Quay-USJ 1,BRT05: SunU-Monash,2023-04-03,331
BRT06: South Quay-USJ 1,BRT05: SunU-Monash,2023-04-04,353
BRT06: South Quay-USJ 1,BRT05: SunU-Monash,2023-04-05,349
BRT06: South Quay-USJ 1,BRT05: SunU-Monash,2023-04-06,335
BRT06: South Quay-USJ 1,BRT05: SunU-Monash,2023-04-07,267
BRT06: South Quay-USJ 1,BRT05: SunU-Monash,2023-04-08,134
BRT06: South Quay-USJ 1,BRT05: SunU-Monash,2023-04-09,118
BRT06: South Quay-USJ 1,BRT05: SunU-Monash,2023-04-10,216
BRT06: South Quay-USJ 1,BRT05: SunU-Monash,2023-04-11,249
BRT06: South Quay-USJ 1,BRT05: SunU-Monash,2023-04-12,249
BRT06: South Quay-USJ 1,BRT05: SunU-Monash,2023-04-13,244
BRT06: South Quay-USJ 1,BRT05: SunU-Monash,2023-04-14,220
BRT06: South Quay-USJ 1,BRT05: SunU-Monash,2023-04-15,145
BRT06: South Quay-USJ 1,BRT05: SunU-Monash,2023-04-16,116
BRT06: South Quay-USJ 1,BRT05: SunU-Monash,2023-04-17,321
BRT06: South Quay-USJ 1,BRT05: SunU-Monash,2023-04-18,358
BRT06: South Quay-USJ 1,BRT05: SunU-Monash,2023-04-19,330
BRT06: South Quay-USJ 1,BRT05: SunU-Monash,2023-04-20,328
BRT06: South Quay-USJ 1,BRT05: SunU-Monash,2023-04-21,127
BRT06: South Quay-USJ 1,BRT05: SunU-Monash,2023-04-22,80
BRT06: South Quay-USJ 1,BRT05: SunU-Monash,2023-04-23,89
BRT06: South Quay-USJ 1,BRT05: SunU-Monash,2023-04-24,95
BRT06: South Quay-USJ 1,BRT05: SunU-Monash,2023-04-25,255
BRT06: South Quay-USJ 1,BRT05: SunU-Monash,2023-04-26,320
BRT06: South Quay-USJ 1,BRT05: SunU-Monash,2023-04-27,372
BRT06: South Quay-USJ 1,BRT05: SunU-Monash,2023-04-28,320
BRT06: South Quay-USJ 1,BRT05: SunU-Monash,2023-04-29,151
BRT06: South Quay-USJ 1,BRT05: SunU-Monash,2023-04-30,138
BRT06: South Quay-USJ 1,BRT05: SunU-Monash,2023-05-01,157
BRT06: South Quay-USJ 1,BRT05: SunU-Monash,2023-05-02,463
BRT06: South Quay-USJ 1,BRT05: SunU-Monash,2023-05-03,423
BRT06: South Quay-USJ 1,BRT05: SunU-Monash,2023-05-04,146
BRT06: South Quay-USJ 1,BRT05: SunU-Monash,2023-05-05,398
BRT06: South Quay-USJ 1,BRT05: SunU-Monash,2023-05-06,155
BRT06: South Quay-USJ 1,BRT05: SunU-Monash,2023-05-07,159
BRT06: South Quay-USJ 1,BRT05: SunU-Monash,2023-05-08,417
BRT06: South Quay-USJ 1,BRT05: SunU-Monash,2023-05-09,424
BRT06: South Quay-USJ 1,BRT05: SunU-Monash,2023-05-10,428
BRT06: South Quay-USJ 1,BRT05: SunU-Monash,2023-05-11,415
BRT06: South Quay-USJ 1,BRT05: SunU-Monash,2023-05-12,398
BRT06: South Quay-USJ 1,BRT05: SunU-Monash,2023-05-13,160
BRT06: South Quay-USJ 1,BRT05: SunU-Monash,2023-05-14,136
BRT06: South Quay-USJ 1,BRT05: SunU-Monash,2023-05-15,395
BRT06: South Quay-USJ 1,BRT05: SunU-Monash,2023-05-16,449
BRT06: South Quay-USJ 1,BRT05: SunU-Monash,2023-05-17,365
BRT06: South Quay-USJ 1,BRT05: SunU-Monash,2023-05-18,426
BRT06: South Quay-USJ 1,BRT05: SunU-Monash,2023-05-19,349
BRT06: South Quay-USJ 1,BRT05: SunU-Monash,2023-05-20,130
BRT06: South Quay-USJ 1,BRT05: SunU-Monash,2023-05-21,133
BRT06: South Quay-USJ 1,BRT05: SunU-Monash,2023-05-22,414
BRT06: South Quay-USJ 1,BRT05: SunU-Monash,2023-05-23,409
BRT06: South Quay-USJ 1,BRT05: SunU-Monash,2023-05-24,385
BRT06: South Quay-USJ 1,BRT05: SunU-Monash,2023-05-25,398
BRT06: South Quay-USJ 1,BRT05: SunU-Monash,2023-05-26,394
BRT06: South Quay-USJ 1,BRT05: SunU-Monash,2023-05-27,154
BRT06: South Quay-USJ 1,BRT05: SunU-Monash,2023-05-28,102
BRT06: South Quay-USJ 1,BRT05: SunU-Monash,2023-05-29,334
BRT06: South Quay-USJ 1,BRT05: SunU-Monash,2023-05-30,355
BRT06: South Quay-USJ 1,BRT05: SunU-Monash,2023-05-31,341
BRT06: South Quay-USJ 1,BRT05: SunU-Monash,2023-06-01,323
BRT06: South Quay-USJ 1,BRT05: SunU-Monash,2023-06-02,271
BRT06: South Quay-USJ 1,BRT05: SunU-Monash,2023-06-03,136
BRT06: South Quay-USJ 1,BRT05: SunU-Monash,2023-06-04,144
BRT06: South Quay-USJ 1,BRT05: SunU-Monash,2023-06-05,122
BRT06: South Quay-USJ 1,BRT05: SunU-Monash,2023-06-06,330
BRT06: South Quay-USJ 1,BRT05: SunU-Monash,2023-06-07,348
BRT06: South Quay-USJ 1,BRT05: SunU-Monash,2023-06-08,330
BRT06: South Quay-USJ 1,BRT05: SunU-Monash,2023-06-09,247
BRT06: South Quay-USJ 1,BRT05: SunU-Monash,2023-06-10,140
BRT06: South Quay-USJ 1,BRT05: SunU-Monash,2023-06-11,111
BRT06: South Quay-USJ 1,BRT05: SunU-Monash,2023-06-12,217
BRT06: South Quay-USJ 1,BRT05: SunU-Monash,2023-06-13,216
BRT06: South Quay-USJ 1,BRT05: SunU-Monash,2023-06-14,214
BRT06: South Quay-USJ 1,BRT05: SunU-Monash,2023-06-15,223
BRT06: South Quay-USJ 1,BRT05: SunU-Monash,2023-06-16,179
BRT06: South Quay-USJ 1,BRT05: SunU-Monash,2023-06-17,116
BRT06: South Quay-USJ 1,BRT05: SunU-Monash,2023-06-18,106
BRT06: South Quay-USJ 1,BRT05: SunU-Monash,2023-06-19,279
BRT06: South Quay-USJ 1,BRT05: SunU-Monash,2023-06-20,279
BRT06: South Quay-USJ 1,BRT05: SunU-Monash,2023-06-21,276
BRT06: South Quay-USJ 1,BRT05: SunU-Monash,2023-06-22,248
BRT06: South Quay-USJ 1,BRT05: SunU-Monash,2023-06-23,228
BRT06: South Quay-USJ 1,BRT05: SunU-Monash,2023-06-24,148
BRT06: South Quay-USJ 1,BRT05: SunU-Monash,2023-06-25,118
BRT06: South Quay-USJ 1,BRT05: SunU-Monash,2023-06-26,230
BRT06: South Quay-USJ 1,BRT05: SunU-Monash,2023-06-27,253
BRT06: South Quay-USJ 1,BRT05: SunU-Monash,2023-06-28,234
BRT06: South Quay-USJ 1,BRT05: SunU-Monash,2023-06-29,77
BRT06: South Quay-USJ 1,BRT05: SunU-Monash,2023-06-30,172
BRT06: South Quay-USJ 1,BRT05: SunU-Monash,2023-07-01,118
BRT06: South Quay-USJ 1,BRT05: SunU-Monash,2023-07-02,86
BRT06: South Quay-USJ 1,BRT05: SunU-Monash,2023-07-03,244
BRT06: South Quay-USJ 1,BRT05: SunU-Monash,2023-07-04,266
BRT06: South Quay-USJ 1,BRT05: SunU-Monash,2023-07-05,249
BRT06: South Quay-USJ 1,BRT05: SunU-Monash,2023-07-06,273
BRT06: South Quay-USJ 1,BRT05: SunU-Monash,2023-07-07,225
BRT06: South Quay-USJ 1,BRT05: SunU-Monash,2023-07-08,93
BRT06: South Quay-USJ 1,BRT05: SunU-Monash,2023-07-09,104
BRT06: South Quay-USJ 1,BRT05: SunU-Monash,2023-07-10,257
BRT06: South Quay-USJ 1,BRT05: SunU-Monash,2023-07-11,273
BRT06: South Quay-USJ 1,BRT05: SunU-Monash,2023-07-12,244
BRT06: South Quay-USJ 1,BRT05: SunU-Monash,2023-07-13,270
BRT06: South Quay-USJ 1,BRT05: SunU-Monash,2023-07-14,241
BRT06: South Quay-USJ 1,BRT05: SunU-Monash,2023-07-15,133
BRT06: South Quay-USJ 1,BRT05: SunU-Monash,2023-07-16,112
BRT06: South Quay-USJ 1,BRT05: SunU-Monash,2023-07-17,290
BRT06: South Quay-USJ 1,BRT05: SunU-Monash,2023-07-18,315
BRT06: South Quay-USJ 1,BRT05: SunU-Monash,2023-07-19,122
BRT06: South Quay-USJ 1,BRT05: SunU-Monash,2023-07-20,301
BRT06: South Quay-USJ 1,BRT05: SunU-Monash,2023-07-21,278
BRT06: South Quay-USJ 1,BRT05: SunU-Monash,2023-07-22,149
BRT06: South Quay-USJ 1,BRT05: SunU-Monash,2023-07-23,133
BRT06: South Quay-USJ 1,BRT05: SunU-Monash,2023-07-24,458
BRT06: South Quay-USJ 1,BRT05: SunU-Monash,2023-07-25,473
BRT06: South Quay-USJ 1,BRT05: SunU-Monash,2023-07-26,465
BRT06: South Quay-USJ 1,BRT05: SunU-Monash,2023-07-27,436
BRT06: South Quay-USJ 1,BRT05: SunU-Monash,2023-07-28,377
BRT06: South Quay-USJ 1,BRT05: SunU-Monash,2023-07-29,187
BRT06: South Quay-USJ 1,BRT05: SunU-Monash,2023-07-30,151
BRT06: South Quay-USJ 1,BRT05: SunU-Monash,2023-07-31,431
BRT06: South Quay-USJ 1,BRT05: SunU-Monash,2023-08-01,424
BRT06: South Quay-USJ 1,BRT05: SunU-Monash,2023-08-02,440
BRT06: South Quay-USJ 1,BRT05: SunU-Monash,2023-08-03,481
BRT06: South Quay-USJ 1,BRT05: SunU-Monash,2023-08-04,344
BRT06: South Quay-USJ 1,BRT05: SunU-Monash,2023-08-05,183
BRT06: South Quay-USJ 1,BRT05: SunU-Monash,2023-08-06,126
BRT06: South Quay-USJ 1,BRT05: SunU-Monash,2023-08-07,406
BRT06: South Quay-USJ 1,BRT05: SunU-Monash,2023-08-08,424
BRT06: South Quay-USJ 1,BRT05: SunU-Monash,2023-08-09,412
BRT06: South Quay-USJ 1,BRT05: SunU-Monash,2023-08-10,435
BRT06: South Quay-USJ 1,BRT05: SunU-Monash,2023-08-11,357
BRT06: South Quay-USJ 1,BRT05: SunU-Monash,2023-08-12,132
BRT06: South Quay-USJ 1,BRT05: SunU-Monash,2023-08-13,122
BRT06: South Quay-USJ 1,BRT05: SunU-Monash,2023-08-14,181
BRT06: South Quay-USJ 1,BRT05: SunU-Monash,2023-08-15,421
BRT06: South Quay-USJ 1,BRT05: SunU-Monash,2023-08-16,424
BRT06: South Quay-USJ 1,BRT05: SunU-Monash,2023-08-17,405
BRT06: South Quay-USJ 1,BRT05: SunU-Monash,2023-08-18,312
BRT06: South Quay-USJ 1,BRT05: SunU-Monash,2023-08-19,163
BRT06: South Quay-USJ 1,BRT05: SunU-Monash,2023-08-20,123
BRT06: South Quay-USJ 1,BRT05: SunU-Monash,2023-08-21,370
BRT06: South Quay-USJ 1,BRT05: SunU-Monash,2023-08-22,395
BRT06: South Quay-USJ 1,BRT05: SunU-Monash,2023-08-23,361
BRT06: South Quay-USJ 1,BRT05: SunU-Monash,2023-08-24,375
BRT06: South Quay-USJ 1,BRT05: SunU-Monash,2023-08-25,308
BRT06: South Quay-USJ 1,BRT05: SunU-Monash,2023-08-26,179
BRT06: South Quay-USJ 1,BRT05: SunU-Monash,2023-08-27,103
BRT06: South Quay-USJ 1,BRT05: SunU-Monash,2023-08-28,339
BRT06: South Quay-USJ 1,BRT05: SunU-Monash,2023-08-29,369
BRT06: South Quay-USJ 1,BRT05: SunU-Monash,2023-08-30,400
BRT06: South Quay-USJ 1,BRT05: SunU-Monash,2023-08-31,119
BRT06: South Quay-USJ 1,BRT05: SunU-Monash,2023-09-01,291
BRT06: South Quay-USJ 1,BRT05: SunU-Monash,2023-09-02,156
BRT06: South Quay-USJ 1,BRT05: SunU-Monash,2023-09-03,120
BRT06: South Quay-USJ 1,BRT05: SunU-Monash,2023-09-04,399
BRT06: South Quay-USJ 1,BRT05: SunU-Monash,2023-09-05,384
BRT06: South Quay-USJ 1,BRT05: SunU-Monash,2023-09-06,400
BRT06: South Quay-USJ 1,BRT05: SunU-Monash,2023-09-07,433
BRT06: South Quay-USJ 1,BRT05: SunU-Monash,2023-09-08,376
BRT06: South Quay-USJ 1,BRT05: SunU-Monash,2023-09-09,179
BRT06: South Quay-USJ 1,BRT05: SunU-Monash,2023-09-10,164
BRT06: South Quay-USJ 1,BRT05: SunU-Monash,2023-09-11,471
BRT06: South Quay-USJ 1,BRT05: SunU-Monash,2023-09-12,515
BRT06: South Quay-USJ 1,BRT05: SunU-Monash,2023-09-13,473
BRT06: South Quay-USJ 1,BRT05: SunU-Monash,2023-09-14,487
BRT06: South Quay-USJ 1,BRT05: SunU-Monash,2023-09-15,390
BRT06: South Quay-USJ 1,BRT05: SunU-Monash,2023-09-16,129
BRT06: South Quay-USJ 1,BRT05: SunU-Monash,2023-09-17,103
BRT06: South Quay-USJ 1,BRT05: SunU-Monash,2023-09-18,465
BRT06: South Quay-USJ 1,BRT05: SunU-Monash,2023-09-19,506
BRT06: South Quay-USJ 1,BRT05: SunU-Monash,2023-09-20,513
BRT06: South Quay-USJ 1,BRT05: SunU-Monash,2023-09-21,457
BRT06: South Quay-USJ 1,BRT05: SunU-Monash,2023-09-22,463
BRT06: South Quay-USJ 1,BRT05: SunU-Monash,2023-09-23,185
BRT06: South Quay-USJ 1,BRT05: SunU-Monash,2023-09-24,129
BRT06: South Quay-USJ 1,BRT05: SunU-Monash,2023-09-25,412
BRT06: South Quay-USJ 1,BRT05: SunU-Monash,2023-09-26,392
BRT06: South Quay-USJ 1,BRT05: SunU-Monash,2023-09-27,369
BRT06: South Quay-USJ 1,BRT05: SunU-Monash,2023-09-28,144
BRT06: South Quay-USJ 1,BRT05: SunU-Monash,2023-09-29,312
BRT06: South Quay-USJ 1,BRT05: SunU-Monash,2023-09-30,180
BRT06: South Quay-USJ 1,BRT05: SunU-Monash,2023-10-01,121
BRT06: South Quay-USJ 1,BRT05: SunU-Monash,2023-10-02,458
BRT06: South Quay-USJ 1,BRT05: SunU-Monash,2023-10-03,492
BRT06: South Quay-USJ 1,BRT05: SunU-Monash,2023-10-04,490
BRT06: South Quay-USJ 1,BRT05: SunU-Monash,2023-10-05,495
BRT06: South Quay-USJ 1,BRT05: SunU-Monash,2023-10-06,453
BRT06: South Quay-USJ 1,BRT05: SunU-Monash,2023-10-07,221
BRT06: South Quay-USJ 1,BRT05: SunU-Monash,2023-10-08,151
BRT06: South Quay-USJ 1,BRT05: SunU-Monash,2023-10-09,510
BRT06: South Quay-USJ 1,BRT05: SunU-Monash,2023-10-10,487
BRT06: South Quay-USJ 1,BRT05: SunU-Monash,2023-10-11,497
BRT06: South Quay-USJ 1,BRT05: SunU-Monash,2023-10-12,474
BRT06: South Quay-USJ 1,BRT05: SunU-Monash,2023-10-13,421
BRT06: South Quay-USJ 1,BRT05: SunU-Monash,2023-10-14,231
BRT06: South Quay-USJ 1,BRT05: SunU-Monash,2023-10-15,178
BRT06: South Quay-USJ 1,BRT05: SunU-Monash,2023-10-16,487
BRT06: South Quay-USJ 1,BRT05: SunU-Monash,2023-10-17,523
BRT06: South Quay-USJ 1,BRT05: SunU-Monash,2023-10-18,477
BRT06: South Quay-USJ 1,BRT05: SunU-Monash,2023-10-19,485
BRT06: South Quay-USJ 1,BRT05: SunU-Monash,2023-10-20,454
BRT06: South Quay-USJ 1,BRT05: SunU-Monash,2023-10-21,227
BRT06: South Quay-USJ 1,BRT05: SunU-Monash,2023-10-22,161
BRT06: South Quay-USJ 1,BRT05: SunU-Monash,2023-10-23,375
BRT06: South Quay-USJ 1,BRT05: SunU-Monash,2023-10-24,418
BRT06: South Quay-USJ 1,BRT05: SunU-Monash,2023-10-25,406
BRT06: South Quay-USJ 1,BRT05: SunU-Monash,2023-10-26,383
BRT06: South Quay-USJ 1,BRT05: SunU-Monash,2023-10-27,375
BRT06: South Quay-USJ 1,BRT05: SunU-Monash,2023-10-28,162
BRT06: South Quay-USJ 1,BRT05: SunU-Monash,2023-10-29,152
BRT06: South Quay-USJ 1,BRT05: SunU-Monash,2023-10-30,324
BRT06: South Quay-USJ 1,BRT05: SunU-Monash,2023-10-31,356
BRT06: South Quay-USJ 1,BRT05: SunU-Monash,2023-11-01,363
BRT06: South Quay-USJ 1,BRT05: SunU-Monash,2023-11-02,326
BRT06: South Quay-USJ 1,BRT05: SunU-Monash,2023-11-03,346
BRT06: South Quay-USJ 1,BRT05: SunU-Monash,2023-11-04,193
BRT06: South Quay-USJ 1,BRT05: SunU-Monash,2023-11-05,163
BRT06: South Quay-USJ 1,BRT05: SunU-Monash,2023-11-06,392
BRT06: South Quay-USJ 1,BRT05: SunU-Monash,2023-11-07,453
BRT06: South Quay-USJ 1,BRT05: SunU-Monash,2023-11-08,402
BRT06: South Quay-USJ 1,BRT05: SunU-Monash,2023-11-09,404
BRT06: South Quay-USJ 1,BRT05: SunU-Monash,2023-11-10,328
BRT06: South Quay-USJ 1,BRT05: SunU-Monash,2023-11-11,179
BRT06: South Quay-USJ 1,BRT05: SunU-Monash,2023-11-12,121
BRT06: South Quay-USJ 1,BRT05: SunU-Monash,2023-11-13,114
BRT06: South Quay-USJ 1,BRT05: SunU-Monash,2023-11-14,307
BRT06: South Quay-USJ 1,BRT05: SunU-Monash,2023-11-15,354
BRT06: South Quay-USJ 1,BRT05: SunU-Monash,2023-11-16,336
BRT06: South Quay-USJ 1,BRT05: SunU-Monash,2023-11-17,317
BRT06: South Quay-USJ 1,BRT05: SunU-Monash,2023-11-18,160
BRT06: South Quay-USJ 1,BRT05: SunU-Monash,2023-11-19,126
BRT06: South Quay-USJ 1,BRT05: SunU-Monash,2023-11-20,317
BRT06: South Quay-USJ 1,BRT05: SunU-Monash,2023-11-21,335
BRT06: South Quay-USJ 1,BRT05: SunU-Monash,2023-11-22,346
BRT06: South Quay-USJ 1,BRT05: SunU-Monash,2023-11-23,350
BRT06: South Quay-USJ 1,BRT05: SunU-Monash,2023-11-24,319
BRT06: South Quay-USJ 1,BRT05: SunU-Monash,2023-11-25,141
BRT06: South Quay-USJ 1,BRT05: SunU-Monash,2023-11-26,141
BRT06: South Quay-USJ 1,BRT05: SunU-Monash,2023-11-27,312
BRT06: South Quay-USJ 1,BRT05: SunU-Monash,2023-11-28,235
BRT06: South Quay-USJ 1,BRT05: SunU-Monash,2023-11-29,327
BRT06: South Quay-USJ 1,BRT05: SunU-Monash,2023-11-30,315
BRT06: South Quay-USJ 1,BRT05: SunU-Monash,2023-12-01,313
BRT06: South Quay-USJ 1,BRT05: SunU-Monash,2023-12-02,164
BRT06: South Quay-USJ 1,BRT05: SunU-Monash,2023-12-03,102
BRT06: South Quay-USJ 1,BRT05: SunU-Monash,2023-12-04,289
BRT06: South Quay-USJ 1,BRT05: SunU-Monash,2023-12-05,321
BRT06: South Quay-USJ 1,BRT05: SunU-Monash,2023-12-06,296
BRT06: South Quay-USJ 1,BRT05: SunU-Monash,2023-12-07,322
BRT06: South Quay-USJ 1,BRT05: SunU-Monash,2023-12-08,263
BRT06: South Quay-USJ 1,BRT05: SunU-Monash,2023-12-09,160
BRT06: South Quay-USJ 1,BRT05: SunU-Monash,2023-12-10,113
BRT06: South Quay-USJ 1,BRT05: SunU-Monash,2023-12-11,124
BRT06: South Quay-USJ 1,BRT05: SunU-Monash,2023-12-12,229
BRT06: South Quay-USJ 1,BRT05: SunU-Monash,2023-12-13,230
BRT06: South Quay-USJ 1,BRT05: SunU-Monash,2023-12-14,218
BRT06: South Quay-USJ 1,BRT05: SunU-Monash,2023-12-15,229
BRT06: South Quay-USJ 1,BRT05: SunU-Monash,2023-12-16,127
BRT06: South Quay-USJ 1,BRT05: SunU-Monash,2023-12-17,128
BRT06: South Quay-USJ 1,BRT05: SunU-Monash,2023-12-18,185
BRT06: South Quay-USJ 1,BRT05: SunU-Monash,2023-12-19,178
BRT06: South Quay-USJ 1,BRT05: SunU-Monash,2023-12-20,186
BRT06: South Quay-USJ 1,BRT05: SunU-Monash,2023-12-21,154
BRT06: South Quay-USJ 1,BRT05: SunU-Monash,2023-12-22,168
BRT06: South Quay-USJ 1,BRT05: SunU-Monash,2023-12-23,112
BRT06: South Quay-USJ 1,BRT05: SunU-Monash,2023-12-24,89
BRT06: South Quay-USJ 1,BRT05: SunU-Monash,2023-12-25,78
BRT06: South Quay-USJ 1,BRT05: SunU-Monash,2023-12-26,107
BRT06: South Quay-USJ 1,BRT05: SunU-Monash,2023-12-27,128
BRT06: South Quay-USJ 1,BRT05: SunU-Monash,2023-12-28,125
BRT06: South Quay-USJ 1,BRT05: SunU-Monash,2023-12-29,128
BRT06: South Quay-USJ 1,BRT05: SunU-Monash,2023-12-30,94
BRT06: South Quay-USJ 1,BRT05: SunU-Monash,2023-12-31,86
BRT06: South Quay-USJ 1,BRT06: South Quay-USJ 1,2023-04-01,27
BRT06: South Quay-USJ 1,BRT06: South Quay-USJ 1,2023-04-02,50
BRT06: South Quay-USJ 1,BRT06: South Quay-USJ 1,2023-04-03,41
BRT06: South Quay-USJ 1,BRT06: South Quay-USJ 1,2023-04-04,36
BRT06: South Quay-USJ 1,BRT06: South Quay-USJ 1,2023-04-05,23
BRT06: South Quay-USJ 1,BRT06: South Quay-USJ 1,2023-04-06,34
BRT06: South Quay-USJ 1,BRT06: South Quay-USJ 1,2023-04-07,28
BRT06: South Quay-USJ 1,BRT06: South Quay-USJ 1,2023-04-08,27
BRT06: South Quay-USJ 1,BRT06: South Quay-USJ 1,2023-04-09,39
BRT06: South Quay-USJ 1,BRT06: South Quay-USJ 1,2023-04-10,35
BRT06: South Quay-USJ 1,BRT06: South Quay-USJ 1,2023-04-11,33
BRT06: South Quay-USJ 1,BRT06: South Quay-USJ 1,2023-04-12,38
BRT06: South Quay-USJ 1,BRT06: South Quay-USJ 1,2023-04-13,21
BRT06: South Quay-USJ 1,BRT06: South Quay-USJ 1,2023-04-14,35
BRT06: South Quay-USJ 1,BRT06: South Quay-USJ 1,2023-04-15,33
BRT06: South Quay-USJ 1,BRT06: South Quay-USJ 1,2023-04-16,40
BRT06: South Quay-USJ 1,BRT06: South Quay-USJ 1,2023-04-17,38
BRT06: South Quay-USJ 1,BRT06: South Quay-USJ 1,2023-04-18,32
BRT06: South Quay-USJ 1,BRT06: South Quay-USJ 1,2023-04-19,46
BRT06: South Quay-USJ 1,BRT06: South Quay-USJ 1,2023-04-20,49
BRT06: South Quay-USJ 1,BRT06: South Quay-USJ 1,2023-04-21,40
BRT06: South Quay-USJ 1,BRT06: South Quay-USJ 1,2023-04-22,50
BRT06: South Quay-USJ 1,BRT06: South Quay-USJ 1,2023-04-23,41
BRT06: South Quay-USJ 1,BRT06: South Quay-USJ 1,2023-04-24,38
BRT06: South Quay-USJ 1,BRT06: South Quay-USJ 1,2023-04-25,30
BRT06: South Quay-USJ 1,BRT06: South Quay-USJ 1,2023-04-26,28
BRT06: South Quay-USJ 1,BRT06: South Quay-USJ 1,2023-04-27,24
BRT06: South Quay-USJ 1,BRT06: South Quay-USJ 1,2023-04-28,44
BRT06: South Quay-USJ 1,BRT06: South Quay-USJ 1,2023-04-29,36
BRT06: South Quay-USJ 1,BRT06: South Quay-USJ 1,2023-04-30,21
BRT06: South Quay-USJ 1,BRT06: South Quay-USJ 1,2023-05-01,38
BRT06: South Quay-USJ 1,BRT06: South Quay-USJ 1,2023-05-02,43
BRT06: South Quay-USJ 1,BRT06: South Quay-USJ 1,2023-05-03,31
BRT06: South Quay-USJ 1,BRT06: South Quay-USJ 1,2023-05-04,40
BRT06: South Quay-USJ 1,BRT06: South Quay-USJ 1,2023-05-05,31
BRT06: South Quay-USJ 1,BRT06: South Quay-USJ 1,2023-05-06,31
BRT06: South Quay-USJ 1,BRT06: South Quay-USJ 1,2023-05-07,38
BRT06: South Quay-USJ 1,BRT06: South Quay-USJ 1,2023-05-08,24
BRT06: South Quay-USJ 1,BRT06: South Quay-USJ 1,2023-05-09,33
BRT06: South Quay-USJ 1,BRT06: South Quay-USJ 1,2023-05-10,29
BRT06: South Quay-USJ 1,BRT06: South Quay-USJ 1,2023-05-11,30
BRT06: South Quay-USJ 1,BRT06: South Quay-USJ 1,2023-05-12,28
BRT06: South Quay-USJ 1,BRT06: South Quay-USJ 1,2023-05-13,28
BRT06: South Quay-USJ 1,BRT06: South Quay-USJ 1,2023-05-14,29
BRT06: South Quay-USJ 1,BRT06: South Quay-USJ 1,2023-05-15,28
BRT06: South Quay-USJ 1,BRT06: South Quay-USJ 1,2023-05-16,36
BRT06: South Quay-USJ 1,BRT06: South Quay-USJ 1,2023-05-17,36
BRT06: South Quay-USJ 1,BRT06: South Quay-USJ 1,2023-05-18,27
BRT06: South Quay-USJ 1,BRT06: South Quay-USJ 1,2023-05-19,52
BRT06: South Quay-USJ 1,BRT06: South Quay-USJ 1,2023-05-20,20
BRT06: South Quay-USJ 1,BRT06: South Quay-USJ 1,2023-05-21,26
BRT06: South Quay-USJ 1,BRT06: South Quay-USJ 1,2023-05-22,28
BRT06: South Quay-USJ 1,BRT06: South Quay-USJ 1,2023-05-23,23
BRT06: South Quay-USJ 1,BRT06: South Quay-USJ 1,2023-05-24,25
BRT06: South Quay-USJ 1,BRT06: South Quay-USJ 1,2023-05-25,27
BRT06: South Quay-USJ 1,BRT06: South Quay-USJ 1,2023-05-26,26
BRT06: South Quay-USJ 1,BRT06: South Quay-USJ 1,2023-05-27,42
BRT06: South Quay-USJ 1,BRT06: South Quay-USJ 1,2023-05-28,35
BRT06: South Quay-USJ 1,BRT06: South Quay-USJ 1,2023-05-29,30
BRT06: South Quay-USJ 1,BRT06: South Quay-USJ 1,2023-05-30,20
BRT06: South Quay-USJ 1,BRT06: South Quay-USJ 1,2023-05-31,28
BRT06: South Quay-USJ 1,BRT06: South Quay-USJ 1,2023-06-01,39
BRT06: South Quay-USJ 1,BRT06: South Quay-USJ 1,2023-06-02,26
BRT06: South Quay-USJ 1,BRT06: South Quay-USJ 1,2023-06-03,23
BRT06: South Quay-USJ 1,BRT06: South Quay-USJ 1,2023-06-04,32
BRT06: South Quay-USJ 1,BRT06: South Quay-USJ 1,2023-06-05,25
BRT06: South Quay-USJ 1,BRT06: South Quay-USJ 1,2023-06-06,40
BRT06: South Quay-USJ 1,BRT06: South Quay-USJ 1,2023-06-07,28
BRT06: South Quay-USJ 1,BRT06: South Quay-USJ 1,2023-06-08,35
BRT06: South Quay-USJ 1,BRT06: South Quay-USJ 1,2023-06-09,42
BRT06: South Quay-USJ 1,BRT06: South Quay-USJ 1,2023-06-10,45
BRT06: South Quay-USJ 1,BRT06: South Quay-USJ 1,2023-06-11,40
BRT06: South Quay-USJ 1,BRT06: South Quay-USJ 1,2023-06-12,26
BRT06: South Quay-USJ 1,BRT06: South Quay-USJ 1,2023-06-13,29
BRT06: South Quay-USJ 1,BRT06: South Quay-USJ 1,2023-06-14,27
BRT06: South Quay-USJ 1,BRT06: South Quay-USJ 1,2023-06-15,34
BRT06: South Quay-USJ 1,BRT06: South Quay-USJ 1,2023-06-16,31
BRT06: South Quay-USJ 1,BRT06: South Quay-USJ 1,2023-06-17,27
BRT06: South Quay-USJ 1,BRT06: South Quay-USJ 1,2023-06-18,31
BRT06: South Quay-USJ 1,BRT06: South Quay-USJ 1,2023-06-19,42
BRT06: South Quay-USJ 1,BRT06: South Quay-USJ 1,2023-06-20,34
BRT06: South Quay-USJ 1,BRT06: South Quay-USJ 1,2023-06-21,40
BRT06: South Quay-USJ 1,BRT06: South Quay-USJ 1,2023-06-22,27
BRT06: South Quay-USJ 1,BRT06: South Quay-USJ 1,2023-06-23,36
BRT06: South Quay-USJ 1,BRT06: South Quay-USJ 1,2023-06-24,28
BRT06: South Quay-USJ 1,BRT06: South Quay-USJ 1,2023-06-25,44
BRT06: South Quay-USJ 1,BRT06: South Quay-USJ 1,2023-06-26,40
BRT06: South Quay-USJ 1,BRT06: South Quay-USJ 1,2023-06-27,42
BRT06: South Quay-USJ 1,BRT06: South Quay-USJ 1,2023-06-28,17
BRT06: South Quay-USJ 1,BRT06: South Quay-USJ 1,2023-06-29,32
BRT06: South Quay-USJ 1,BRT06: South Quay-USJ 1,2023-06-30,27
BRT06: South Quay-USJ 1,BRT06: South Quay-USJ 1,2023-07-01,31
BRT06: South Quay-USJ 1,BRT06: South Quay-USJ 1,2023-07-02,26
BRT06: South Quay-USJ 1,BRT06: South Quay-USJ 1,2023-07-03,33
BRT06: South Quay-USJ 1,BRT06: South Quay-USJ 1,2023-07-04,24
BRT06: South Quay-USJ 1,BRT06: South Quay-USJ 1,2023-07-05,30
BRT06: South Quay-USJ 1,BRT06: South Quay-USJ 1,2023-07-06,52
BRT06: South Quay-USJ 1,BRT06: South Quay-USJ 1,2023-07-07,23
BRT06: South Quay-USJ 1,BRT06: South Quay-USJ 1,2023-07-08,17
BRT06: South Quay-USJ 1,BRT06: South Quay-USJ 1,2023-07-09,25
BRT06: South Quay-USJ 1,BRT06: South Quay-USJ 1,2023-07-10,38
BRT06: South Quay-USJ 1,BRT06: South Quay-USJ 1,2023-07-11,42
BRT06: South Quay-USJ 1,BRT06: South Quay-USJ 1,2023-07-12,21
BRT06: South Quay-USJ 1,BRT06: South Quay-USJ 1,2023-07-13,39
BRT06: South Quay-USJ 1,BRT06: South Quay-USJ 1,2023-07-14,28
BRT06: South Quay-USJ 1,BRT06: South Quay-USJ 1,2023-07-15,29
BRT06: South Quay-USJ 1,BRT06: South Quay-USJ 1,2023-07-16,31
BRT06: South Quay-USJ 1,BRT06: South Quay-USJ 1,2023-07-17,22
BRT06: South Quay-USJ 1,BRT06: South Quay-USJ 1,2023-07-18,26
BRT06: South Quay-USJ 1,BRT06: South Quay-USJ 1,2023-07-19,14
BRT06: South Quay-USJ 1,BRT06: South Quay-USJ 1,2023-07-20,37
BRT06: South Quay-USJ 1,BRT06: South Quay-USJ 1,2023-07-21,36
BRT06: South Quay-USJ 1,BRT06: South Quay-USJ 1,2023-07-22,17
BRT06: South Quay-USJ 1,BRT06: South Quay-USJ 1,2023-07-23,28
BRT06: South Quay-USJ 1,BRT06: South Quay-USJ 1,2023-07-24,48
BRT06: South Quay-USJ 1,BRT06: South Quay-USJ 1,2023-07-25,39
BRT06: South Quay-USJ 1,BRT06: South Quay-USJ 1,2023-07-26,31
BRT06: South Quay-USJ 1,BRT06: South Quay-USJ 1,2023-07-27,42
BRT06: South Quay-USJ 1,BRT06: South Quay-USJ 1,2023-07-28,36
BRT06: South Quay-USJ 1,BRT06: South Quay-USJ 1,2023-07-29,19
BRT06: South Quay-USJ 1,BRT06: South Quay-USJ 1,2023-07-30,37
BRT06: South Quay-USJ 1,BRT06: South Quay-USJ 1,2023-07-31,26
BRT06: South Quay-USJ 1,BRT06: South Quay-USJ 1,2023-08-01,22
BRT06: South Quay-USJ 1,BRT06: South Quay-USJ 1,2023-08-02,33
BRT06: South Quay-USJ 1,BRT06: South Quay-USJ 1,2023-08-03,35
BRT06: South Quay-USJ 1,BRT06: South Quay-USJ 1,2023-08-04,25
BRT06: South Quay-USJ 1,BRT06: South Quay-USJ 1,2023-08-05,30
BRT06: South Quay-USJ 1,BRT06: South Quay-USJ 1,2023-08-06,46
BRT06: South Quay-USJ 1,BRT06: South Quay-USJ 1,2023-08-07,47
BRT06: South Quay-USJ 1,BRT06: South Quay-USJ 1,2023-08-08,32
BRT06: South Quay-USJ 1,BRT06: South Quay-USJ 1,2023-08-09,34
BRT06: South Quay-USJ 1,BRT06: South Quay-USJ 1,2023-08-10,34
BRT06: South Quay-USJ 1,BRT06: South Quay-USJ 1,2023-08-11,35
BRT06: South Quay-USJ 1,BRT06: South Quay-USJ 1,2023-08-12,27
BRT06: South Quay-USJ 1,BRT06: South Quay-USJ 1,2023-08-13,30
BRT06: South Quay-USJ 1,BRT06: South Quay-USJ 1,2023-08-14,31
BRT06: South Quay-USJ 1,BRT06: South Quay-USJ 1,2023-08-15,42
BRT06: South Quay-USJ 1,BRT06: South Quay-USJ 1,2023-08-16,32
BRT06: South Quay-USJ 1,BRT06: South Quay-USJ 1,2023-08-17,52
BRT06: South Quay-USJ 1,BRT06: South Quay-USJ 1,2023-08-18,27
BRT06: South Quay-USJ 1,BRT06: South Quay-USJ 1,2023-08-19,26
BRT06: South Quay-USJ 1,BRT06: South Quay-USJ 1,2023-08-20,21
BRT06: South Quay-USJ 1,BRT06: South Quay-USJ 1,2023-08-21,31
BRT06: South Quay-USJ 1,BRT06: South Quay-USJ 1,2023-08-22,24
BRT06: South Quay-USJ 1,BRT06: South Quay-USJ 1,2023-08-23,26
BRT06: South Quay-USJ 1,BRT06: South Quay-USJ 1,2023-08-24,31
BRT06: South Quay-USJ 1,BRT06: South Quay-USJ 1,2023-08-25,41
BRT06: South Quay-USJ 1,BRT06: South Quay-USJ 1,2023-08-26,41
BRT06: South Quay-USJ 1,BRT06: South Quay-USJ 1,2023-08-27,22
BRT06: South Quay-USJ 1,BRT06: South Quay-USJ 1,2023-08-28,25
BRT06: South Quay-USJ 1,BRT06: South Quay-USJ 1,2023-08-29,21
BRT06: South Quay-USJ 1,BRT06: South Quay-USJ 1,2023-08-30,32
BRT06: South Quay-USJ 1,BRT06: South Quay-USJ 1,2023-08-31,29
BRT06: South Quay-USJ 1,BRT06: South Quay-USJ 1,2023-09-01,33
BRT06: South Quay-USJ 1,BRT06: South Quay-USJ 1,2023-09-02,29
BRT06: South Quay-USJ 1,BRT06: South Quay-USJ 1,2023-09-03,33
BRT06: South Quay-USJ 1,BRT06: South Quay-USJ 1,2023-09-04,28
BRT06: South Quay-USJ 1,BRT06: South Quay-USJ 1,2023-09-05,18
BRT06: South Quay-USJ 1,BRT06: South Quay-USJ 1,2023-09-06,29
BRT06: South Quay-USJ 1,BRT06: South Quay-USJ 1,2023-09-07,48
BRT06: South Quay-USJ 1,BRT06: South Quay-USJ 1,2023-09-08,45
BRT06: South Quay-USJ 1,BRT06: South Quay-USJ 1,2023-09-09,33
BRT06: South Quay-USJ 1,BRT06: South Quay-USJ 1,2023-09-10,33
BRT06: South Quay-USJ 1,BRT06: South Quay-USJ 1,2023-09-11,34
BRT06: South Quay-USJ 1,BRT06: South Quay-USJ 1,2023-09-12,25
BRT06: South Quay-USJ 1,BRT06: South Quay-USJ 1,2023-09-13,32
BRT06: South Quay-USJ 1,BRT06: South Quay-USJ 1,2023-09-14,34
BRT06: South Quay-USJ 1,BRT06: South Quay-USJ 1,2023-09-15,44
BRT06: South Quay-USJ 1,BRT06: South Quay-USJ 1,2023-09-16,49
BRT06: South Quay-USJ 1,BRT06: South Quay-USJ 1,2023-09-17,33
BRT06: South Quay-USJ 1,BRT06: South Quay-USJ 1,2023-09-18,23
BRT06: South Quay-USJ 1,BRT06: South Quay-USJ 1,2023-09-19,33
BRT06: South Quay-USJ 1,BRT06: South Quay-USJ 1,2023-09-20,28
BRT06: South Quay-USJ 1,BRT06: South Quay-USJ 1,2023-09-21,20
BRT06: South Quay-USJ 1,BRT06: South Quay-USJ 1,2023-09-22,43
BRT06: South Quay-USJ 1,BRT06: South Quay-USJ 1,2023-09-23,29
BRT06: South Quay-USJ 1,BRT06: South Quay-USJ 1,2023-09-24,35
BRT06: South Quay-USJ 1,BRT06: South Quay-USJ 1,2023-09-25,31
BRT06: South Quay-USJ 1,BRT06: South Quay-USJ 1,2023-09-26,35
BRT06: South Quay-USJ 1,BRT06: South Quay-USJ 1,2023-09-27,30
BRT06: South Quay-USJ 1,BRT06: South Quay-USJ 1,2023-09-28,48
BRT06: South Quay-USJ 1,BRT06: South Quay-USJ 1,2023-09-29,29
BRT06: South Quay-USJ 1,BRT06: South Quay-USJ 1,2023-09-30,41
BRT06: South Quay-USJ 1,BRT06: South Quay-USJ 1,2023-10-01,23
BRT06: South Quay-USJ 1,BRT06: South Quay-USJ 1,2023-10-02,28
BRT06: South Quay-USJ 1,BRT06: South Quay-USJ 1,2023-10-03,45
BRT06: South Quay-USJ 1,BRT06: South Quay-USJ 1,2023-10-04,36
BRT06: South Quay-USJ 1,BRT06: South Quay-USJ 1,2023-10-05,30
BRT06: South Quay-USJ 1,BRT06: South Quay-USJ 1,2023-10-06,46
BRT06: South Quay-USJ 1,BRT06: South Quay-USJ 1,2023-10-07,26
BRT06: South Quay-USJ 1,BRT06: South Quay-USJ 1,2023-10-08,35
BRT06: South Quay-USJ 1,BRT06: South Quay-USJ 1,2023-10-09,36
BRT06: South Quay-USJ 1,BRT06: South Quay-USJ 1,2023-10-10,34
BRT06: South Quay-USJ 1,BRT06: South Quay-USJ 1,2023-10-11,34
BRT06: South Quay-USJ 1,BRT06: South Quay-USJ 1,2023-10-12,47
BRT06: South Quay-USJ 1,BRT06: South Quay-USJ 1,2023-10-13,42
BRT06: South Quay-USJ 1,BRT06: South Quay-USJ 1,2023-10-14,51
BRT06: South Quay-USJ 1,BRT06: South Quay-USJ 1,2023-10-15,24
BRT06: South Quay-USJ 1,BRT06: South Quay-USJ 1,2023-10-16,32
BRT06: South Quay-USJ 1,BRT06: South Quay-USJ 1,2023-10-17,29
BRT06: South Quay-USJ 1,BRT06: South Quay-USJ 1,2023-10-18,39
BRT06: South Quay-USJ 1,BRT06: South Quay-USJ 1,2023-10-19,28
BRT06: South Quay-USJ 1,BRT06: South Quay-USJ 1,2023-10-20,43
BRT06: South Quay-USJ 1,BRT06: South Quay-USJ 1,2023-10-21,41
BRT06: South Quay-USJ 1,BRT06: South Quay-USJ 1,2023-10-22,37
BRT06: South Quay-USJ 1,BRT06: South Quay-USJ 1,2023-10-23,28
BRT06: South Quay-USJ 1,BRT06: South Quay-USJ 1,2023-10-24,40
BRT06: South Quay-USJ 1,BRT06: South Quay-USJ 1,2023-10-25,29
BRT06: South Quay-USJ 1,BRT06: South Quay-USJ 1,2023-10-26,33
BRT06: South Quay-USJ 1,BRT06: South Quay-USJ 1,2023-10-27,39
BRT06: South Quay-USJ 1,BRT06: South Quay-USJ 1,2023-10-28,30
BRT06: South Quay-USJ 1,BRT06: South Quay-USJ 1,2023-10-29,48
BRT06: South Quay-USJ 1,BRT06: South Quay-USJ 1,2023-10-30,38
BRT06: South Quay-USJ 1,BRT06: South Quay-USJ 1,2023-10-31,40
BRT06: South Quay-USJ 1,BRT06: South Quay-USJ 1,2023-11-01,45
BRT06: South Quay-USJ 1,BRT06: South Quay-USJ 1,2023-11-02,37
BRT06: South Quay-USJ 1,BRT06: South Quay-USJ 1,2023-11-03,45
BRT06: South Quay-USJ 1,BRT06: South Quay-USJ 1,2023-11-04,27
BRT06: South Quay-USJ 1,BRT06: South Quay-USJ 1,2023-11-05,32
BRT06: South Quay-USJ 1,BRT06: South Quay-USJ 1,2023-11-06,40
BRT06: South Quay-USJ 1,BRT06: South Quay-USJ 1,2023-11-07,24
BRT06: South Quay-USJ 1,BRT06: South Quay-USJ 1,2023-11-08,40
BRT06: South Quay-USJ 1,BRT06: South Quay-USJ 1,2023-11-09,34
BRT06: South Quay-USJ 1,BRT06: South Quay-USJ 1,2023-11-10,43
BRT06: South Quay-USJ 1,BRT06: South Quay-USJ 1,2023-11-11,36
BRT06: South Quay-USJ 1,BRT06: South Quay-USJ 1,2023-11-12,48
BRT06: South Quay-USJ 1,BRT06: South Quay-USJ 1,2023-11-13,38
BRT06: South Quay-USJ 1,BRT06: South Quay-USJ 1,2023-11-14,34
BRT06: South Quay-USJ 1,BRT06: South Quay-USJ 1,2023-11-15,39
BRT06: South Quay-USJ 1,BRT06: South Quay-USJ 1,2023-11-16,44
BRT06: South Quay-USJ 1,BRT06: South Quay-USJ 1,2023-11-17,51
BRT06: South Quay-USJ 1,BRT06: South Quay-USJ 1,2023-11-18,25
BRT06: South Quay-USJ 1,BRT06: South Quay-USJ 1,2023-11-19,29
BRT06: South Quay-USJ 1,BRT06: South Quay-USJ 1,2023-11-20,35
BRT06: South Quay-USJ 1,BRT06: South Quay-USJ 1,2023-11-21,36
BRT06: South Quay-USJ 1,BRT06: South Quay-USJ 1,2023-11-22,41
BRT06: South Quay-USJ 1,BRT06: South Quay-USJ 1,2023-11-23,46
BRT06: South Quay-USJ 1,BRT06: South Quay-USJ 1,2023-11-24,34
BRT06: South Quay-USJ 1,BRT06: South Quay-USJ 1,2023-11-25,45
BRT06: South Quay-USJ 1,BRT06: South Quay-USJ 1,2023-11-26,41
BRT06: South Quay-USJ 1,BRT06: South Quay-USJ 1,2023-11-27,32
BRT06: South Quay-USJ 1,BRT06: South Quay-USJ 1,2023-11-28,31
BRT06: South Quay-USJ 1,BRT06: South Quay-USJ 1,2023-11-29,40
BRT06: South Quay-USJ 1,BRT06: South Quay-USJ 1,2023-11-30,37
BRT06: South Quay-USJ 1,BRT06: South Quay-USJ 1,2023-12-01,50
BRT06: South Quay-USJ 1,BRT06: South Quay-USJ 1,2023-12-02,23
BRT06: South Quay-USJ 1,BRT06: South Quay-USJ 1,2023-12-03,27
BRT06: South Quay-USJ 1,BRT06: South Quay-USJ 1,2023-12-04,13
BRT06: South Quay-USJ 1,BRT06: South Quay-USJ 1,2023-12-05,31
BRT06: South Quay-USJ 1,BRT06: South Quay-USJ 1,2023-12-06,40
BRT06: South Quay-USJ 1,BRT06: South Quay-USJ 1,2023-12-07,25
BRT06: South Quay-USJ 1,BRT06: South Quay-USJ 1,2023-12-08,39
BRT06: South Quay-USJ 1,BRT06: South Quay-USJ 1,2023-12-09,28
BRT06: South Quay-USJ 1,BRT06: South Quay-USJ 1,2023-12-10,28
BRT06: South Quay-USJ 1,BRT06: South Quay-USJ 1,2023-12-11,25
BRT06: South Quay-USJ 1,BRT06: South Quay-USJ 1,2023-12-12,32
BRT06: South Quay-USJ 1,BRT06: South Quay-USJ 1,2023-12-13,29
BRT06: South Quay-USJ 1,BRT06: South Quay-USJ 1,2023-12-14,31
BRT06: South Quay-USJ 1,BRT06: South Quay-USJ 1,2023-12-15,31
BRT06: South Quay-USJ 1,BRT06: South Quay-USJ 1,2023-12-16,28
BRT06: South Quay-USJ 1,BRT06: South Quay-USJ 1,2023-12-17,17
BRT06: South Quay-USJ 1,BRT06: South Quay-USJ 1,2023-12-18,37
BRT06: South Quay-USJ 1,BRT06: South Quay-USJ 1,2023-12-19,26
BRT06: South Quay-USJ 1,BRT06: South Quay-USJ 1,2023-12-20,28
BRT06: South Quay-USJ 1,BRT06: South Quay-USJ 1,2023-12-21,25
BRT06: South Quay-USJ 1,BRT06: South Quay-USJ 1,2023-12-22,31
BRT06: South Quay-USJ 1,BRT06: South Quay-USJ 1,2023-12-23,25
BRT06: South Quay-USJ 1,BRT06: South Quay-USJ 1,2023-12-24,25
BRT06: South Quay-USJ 1,BRT06: South Quay-USJ 1,2023-12-25,31
BRT06: South Quay-USJ 1,BRT06: South Quay-USJ 1,2023-12-26,37
BRT06: South Quay-USJ 1,BRT06: South Quay-USJ 1,2023-12-27,14
BRT06: South Quay-USJ 1,BRT06: South Quay-USJ 1,2023-12-28,30
BRT06: South Quay-USJ 1,BRT06: South Quay-USJ 1,2023-12-29,19
BRT06: South Quay-USJ 1,BRT06: South Quay-USJ 1,2023-12-30,36
BRT06: South Quay-USJ 1,BRT06: South Quay-USJ 1,2023-12-31,29
BRT06: South Quay-USJ 1,BRT07: USJ 7,2023-04-01,477
BRT06: South Quay-USJ 1,BRT07: USJ 7,2023-04-02,454
BRT06: South Quay-USJ 1,BRT07: USJ 7,2023-04-03,757
BRT06: South Quay-USJ 1,BRT07: USJ 7,2023-04-04,794
BRT06: South Quay-USJ 1,BRT07: USJ 7,2023-04-05,806
BRT06: South Quay-USJ 1,BRT07: USJ 7,2023-04-06,777
BRT06: South Quay-USJ 1,BRT07: USJ 7,2023-04-07,820
BRT06: South Quay-USJ 1,BRT07: USJ 7,2023-04-08,525
BRT06: South Quay-USJ 1,BRT07: USJ 7,2023-04-09,501
BRT06: South Quay-USJ 1,BRT07: USJ 7,2023-04-10,776
BRT06: South Quay-USJ 1,BRT07: USJ 7,2023-04-11,859
BRT06: South Quay-USJ 1,BRT07: USJ 7,2023-04-12,797
BRT06: South Quay-USJ 1,BRT07: USJ 7,2023-04-13,761
BRT06: South Quay-USJ 1,BRT07: USJ 7,2023-04-14,841
BRT06: South Quay-USJ 1,BRT07: USJ 7,2023-04-15,531
BRT06: South Quay-USJ 1,BRT07: USJ 7,2023-04-16,506
BRT06: South Quay-USJ 1,BRT07: USJ 7,2023-04-17,793
BRT06: South Quay-USJ 1,BRT07: USJ 7,2023-04-18,798
BRT06: South Quay-USJ 1,BRT07: USJ 7,2023-04-19,779
BRT06: South Quay-USJ 1,BRT07: USJ 7,2023-04-20,759
BRT06: South Quay-USJ 1,BRT07: USJ 7,2023-04-21,528
BRT06: South Quay-USJ 1,BRT07: USJ 7,2023-04-22,474
BRT06: South Quay-USJ 1,BRT07: USJ 7,2023-04-23,508
BRT06: South Quay-USJ 1,BRT07: USJ 7,2023-04-24,359
BRT06: South Quay-USJ 1,BRT07: USJ 7,2023-04-25,511
BRT06: South Quay-USJ 1,BRT07: USJ 7,2023-04-26,598
BRT06: South Quay-USJ 1,BRT07: USJ 7,2023-04-27,621
BRT06: South Quay-USJ 1,BRT07: USJ 7,2023-04-28,640
BRT06: South Quay-USJ 1,BRT07: USJ 7,2023-04-29,465
BRT06: South Quay-USJ 1,BRT07: USJ 7,2023-04-30,422
BRT06: South Quay-USJ 1,BRT07: USJ 7,2023-05-01,422
BRT06: South Quay-USJ 1,BRT07: USJ 7,2023-05-02,670
BRT06: South Quay-USJ 1,BRT07: USJ 7,2023-05-03,705
BRT06: South Quay-USJ 1,BRT07: USJ 7,2023-05-04,429
BRT06: South Quay-USJ 1,BRT07: USJ 7,2023-05-05,665
BRT06: South Quay-USJ 1,BRT07: USJ 7,2023-05-06,441
BRT06: South Quay-USJ 1,BRT07: USJ 7,2023-05-07,457
BRT06: South Quay-USJ 1,BRT07: USJ 7,2023-05-08,711
BRT06: South Quay-USJ 1,BRT07: USJ 7,2023-05-09,768
BRT06: South Quay-USJ 1,BRT07: USJ 7,2023-05-10,719
BRT06: South Quay-USJ 1,BRT07: USJ 7,2023-05-11,775
BRT06: South Quay-USJ 1,BRT07: USJ 7,2023-05-12,752
BRT06: South Quay-USJ 1,BRT07: USJ 7,2023-05-13,494
BRT06: South Quay-USJ 1,BRT07: USJ 7,2023-05-14,510
BRT06: South Quay-USJ 1,BRT07: USJ 7,2023-05-15,694
BRT06: South Quay-USJ 1,BRT07: USJ 7,2023-05-16,750
BRT06: South Quay-USJ 1,BRT07: USJ 7,2023-05-17,757
BRT06: South Quay-USJ 1,BRT07: USJ 7,2023-05-18,768
BRT06: South Quay-USJ 1,BRT07: USJ 7,2023-05-19,741
BRT06: South Quay-USJ 1,BRT07: USJ 7,2023-05-20,507
BRT06: South Quay-USJ 1,BRT07: USJ 7,2023-05-21,427
BRT06: South Quay-USJ 1,BRT07: USJ 7,2023-05-22,691
BRT06: South Quay-USJ 1,BRT07: USJ 7,2023-05-23,696
BRT06: South Quay-USJ 1,BRT07: USJ 7,2023-05-24,714
BRT06: South Quay-USJ 1,BRT07: USJ 7,2023-05-25,704
BRT06: South Quay-USJ 1,BRT07: USJ 7,2023-05-26,727
BRT06: South Quay-USJ 1,BRT07: USJ 7,2023-05-27,489
BRT06: South Quay-USJ 1,BRT07: USJ 7,2023-05-28,469
BRT06: South Quay-USJ 1,BRT07: USJ 7,2023-05-29,646
BRT06: South Quay-USJ 1,BRT07: USJ 7,2023-05-30,674
BRT06: South Quay-USJ 1,BRT07: USJ 7,2023-05-31,690
BRT06: South Quay-USJ 1,BRT07: USJ 7,2023-06-01,735
BRT06: South Quay-USJ 1,BRT07: USJ 7,2023-06-02,718
BRT06: South Quay-USJ 1,BRT07: USJ 7,2023-06-03,502
BRT06: South Quay-USJ 1,BRT07: USJ 7,2023-06-04,459
BRT06: South Quay-USJ 1,BRT07: USJ 7,2023-06-05,373
BRT06: South Quay-USJ 1,BRT07: USJ 7,2023-06-06,727
BRT06: South Quay-USJ 1,BRT07: USJ 7,2023-06-07,748
BRT06: South Quay-USJ 1,BRT07: USJ 7,2023-06-08,712
BRT06: South Quay-USJ 1,BRT07: USJ 7,2023-06-09,779
BRT06: South Quay-USJ 1,BRT07: USJ 7,2023-06-10,510
BRT06: South Quay-USJ 1,BRT07: USJ 7,2023-06-11,468
BRT06: South Quay-USJ 1,BRT07: USJ 7,2023-06-12,682
BRT06: South Quay-USJ 1,BRT07: USJ 7,2023-06-13,737
BRT06: South Quay-USJ 1,BRT07: USJ 7,2023-06-14,749
BRT06: South Quay-USJ 1,BRT07: USJ 7,2023-06-15,746
BRT06: South Quay-USJ 1,BRT07: USJ 7,2023-06-16,765
BRT06: South Quay-USJ 1,BRT07: USJ 7,2023-06-17,497
BRT06: South Quay-USJ 1,BRT07: USJ 7,2023-06-18,443
BRT06: South Quay-USJ 1,BRT07: USJ 7,2023-06-19,702
BRT06: South Quay-USJ 1,BRT07: USJ 7,2023-06-20,728
BRT06: South Quay-USJ 1,BRT07: USJ 7,2023-06-21,732
BRT06: South Quay-USJ 1,BRT07: USJ 7,2023-06-22,758
BRT06: South Quay-USJ 1,BRT07: USJ 7,2023-06-23,730
BRT06: South Quay-USJ 1,BRT07: USJ 7,2023-06-24,497
BRT06: South Quay-USJ 1,BRT07: USJ 7,2023-06-25,423
BRT06: South Quay-USJ 1,BRT07: USJ 7,2023-06-26,719
BRT06: South Quay-USJ 1,BRT07: USJ 7,2023-06-27,767
BRT06: South Quay-USJ 1,BRT07: USJ 7,2023-06-28,786
BRT06: South Quay-USJ 1,BRT07: USJ 7,2023-06-29,542
BRT06: South Quay-USJ 1,BRT07: USJ 7,2023-06-30,618
BRT06: South Quay-USJ 1,BRT07: USJ 7,2023-07-01,459
BRT06: South Quay-USJ 1,BRT07: USJ 7,2023-07-02,390
BRT06: South Quay-USJ 1,BRT07: USJ 7,2023-07-03,700
BRT06: South Quay-USJ 1,BRT07: USJ 7,2023-07-04,751
BRT06: South Quay-USJ 1,BRT07: USJ 7,2023-07-05,767
BRT06: South Quay-USJ 1,BRT07: USJ 7,2023-07-06,785
BRT06: South Quay-USJ 1,BRT07: USJ 7,2023-07-07,794
BRT06: South Quay-USJ 1,BRT07: USJ 7,2023-07-08,533
BRT06: South Quay-USJ 1,BRT07: USJ 7,2023-07-09,479
BRT06: South Quay-USJ 1,BRT07: USJ 7,2023-07-10,750
BRT06: South Quay-USJ 1,BRT07: USJ 7,2023-07-11,752
BRT06: South Quay-USJ 1,BRT07: USJ 7,2023-07-12,800
BRT06: South Quay-USJ 1,BRT07: USJ 7,2023-07-13,770
BRT06: South Quay-USJ 1,BRT07: USJ 7,2023-07-14,769
BRT06: South Quay-USJ 1,BRT07: USJ 7,2023-07-15,555
BRT06: South Quay-USJ 1,BRT07: USJ 7,2023-07-16,434
BRT06: South Quay-USJ 1,BRT07: USJ 7,2023-07-17,725
BRT06: South Quay-USJ 1,BRT07: USJ 7,2023-07-18,769
BRT06: South Quay-USJ 1,BRT07: USJ 7,2023-07-19,458
BRT06: South Quay-USJ 1,BRT07: USJ 7,2023-07-20,747
BRT06: South Quay-USJ 1,BRT07: USJ 7,2023-07-21,736
BRT06: South Quay-USJ 1,BRT07: USJ 7,2023-07-22,491
BRT06: South Quay-USJ 1,BRT07: USJ 7,2023-07-23,455
BRT06: South Quay-USJ 1,BRT07: USJ 7,2023-07-24,705
BRT06: South Quay-USJ 1,BRT07: USJ 7,2023-07-25,725
BRT06: South Quay-USJ 1,BRT07: USJ 7,2023-07-26,784
BRT06: South Quay-USJ 1,BRT07: USJ 7,2023-07-27,778
BRT06: South Quay-USJ 1,BRT07: USJ 7,2023-07-28,769
BRT06: South Quay-USJ 1,BRT07: USJ 7,2023-07-29,570
BRT06: South Quay-USJ 1,BRT07: USJ 7,2023-07-30,478
BRT06: South Quay-USJ 1,BRT07: USJ 7,2023-07-31,730
BRT06: South Quay-USJ 1,BRT07: USJ 7,2023-08-01,769
BRT06: South Quay-USJ 1,BRT07: USJ 7,2023-08-02,772
BRT06: South Quay-USJ 1,BRT07: USJ 7,2023-08-03,735
BRT06: South Quay-USJ 1,BRT07: USJ 7,2023-08-04,733
BRT06: South Quay-USJ 1,BRT07: USJ 7,2023-08-05,535
BRT06: South Quay-USJ 1,BRT07: USJ 7,2023-08-06,464
BRT06: South Quay-USJ 1,BRT07: USJ 7,2023-08-07,753
BRT06: South Quay-USJ 1,BRT07: USJ 7,2023-08-08,717
BRT06: South Quay-USJ 1,BRT07: USJ 7,2023-08-09,763
BRT06: South Quay-USJ 1,BRT07: USJ 7,2023-08-10,775
BRT06: South Quay-USJ 1,BRT07: USJ 7,2023-08-11,786
BRT06: South Quay-USJ 1,BRT07: USJ 7,2023-08-12,469
BRT06: South Quay-USJ 1,BRT07: USJ 7,2023-08-13,428
BRT06: South Quay-USJ 1,BRT07: USJ 7,2023-08-14,470
BRT06: South Quay-USJ 1,BRT07: USJ 7,2023-08-15,721
BRT06: South Quay-USJ 1,BRT07: USJ 7,2023-08-16,734
BRT06: South Quay-USJ 1,BRT07: USJ 7,2023-08-17,711
BRT06: South Quay-USJ 1,BRT07: USJ 7,2023-08-18,726
BRT06: South Quay-USJ 1,BRT07: USJ 7,2023-08-19,482
BRT06: South Quay-USJ 1,BRT07: USJ 7,2023-08-20,487
BRT06: South Quay-USJ 1,BRT07: USJ 7,2023-08-21,697
BRT06: South Quay-USJ 1,BRT07: USJ 7,2023-08-22,730
BRT06: South Quay-USJ 1,BRT07: USJ 7,2023-08-23,709
BRT06: South Quay-USJ 1,BRT07: USJ 7,2023-08-24,737
BRT06: South Quay-USJ 1,BRT07: USJ 7,2023-08-25,735
BRT06: South Quay-USJ 1,BRT07: USJ 7,2023-08-26,469
BRT06: South Quay-USJ 1,BRT07: USJ 7,2023-08-27,421
BRT06: South Quay-USJ 1,BRT07: USJ 7,2023-08-28,704
BRT06: South Quay-USJ 1,BRT07: USJ 7,2023-08-29,752
BRT06: South Quay-USJ 1,BRT07: USJ 7,2023-08-30,835
BRT06: South Quay-USJ 1,BRT07: USJ 7,2023-08-31,481
BRT06: South Quay-USJ 1,BRT07: USJ 7,2023-09-01,684
BRT06: South Quay-USJ 1,BRT07: USJ 7,2023-09-02,452
BRT06: South Quay-USJ 1,BRT07: USJ 7,2023-09-03,409
BRT06: South Quay-USJ 1,BRT07: USJ 7,2023-09-04,743
BRT06: South Quay-USJ 1,BRT07: USJ 7,2023-09-05,773
BRT06: South Quay-USJ 1,BRT07: USJ 7,2023-09-06,787
BRT06: South Quay-USJ 1,BRT07: USJ 7,2023-09-07,777
BRT06: South Quay-USJ 1,BRT07: USJ 7,2023-09-08,825
BRT06: South Quay-USJ 1,BRT07: USJ 7,2023-09-09,526
BRT06: South Quay-USJ 1,BRT07: USJ 7,2023-09-10,435
BRT06: South Quay-USJ 1,BRT07: USJ 7,2023-09-11,753
BRT06: South Quay-USJ 1,BRT07: USJ 7,2023-09-12,766
BRT06: South Quay-USJ 1,BRT07: USJ 7,2023-09-13,768
BRT06: South Quay-USJ 1,BRT07: USJ 7,2023-09-14,767
BRT06: South Quay-USJ 1,BRT07: USJ 7,2023-09-15,818
BRT06: South Quay-USJ 1,BRT07: USJ 7,2023-09-16,533
BRT06: South Quay-USJ 1,BRT07: USJ 7,2023-09-17,412
BRT06: South Quay-USJ 1,BRT07: USJ 7,2023-09-18,760
BRT06: South Quay-USJ 1,BRT07: USJ 7,2023-09-19,711
BRT06: South Quay-USJ 1,BRT07: USJ 7,2023-09-20,782
BRT06: South Quay-USJ 1,BRT07: USJ 7,2023-09-21,785
BRT06: South Quay-USJ 1,BRT07: USJ 7,2023-09-22,824
BRT06: South Quay-USJ 1,BRT07: USJ 7,2023-09-23,493
BRT06: South Quay-USJ 1,BRT07: USJ 7,2023-09-24,413
BRT06: South Quay-USJ 1,BRT07: USJ 7,2023-09-25,772
BRT06: South Quay-USJ 1,BRT07: USJ 7,2023-09-26,790
BRT06: South Quay-USJ 1,BRT07: USJ 7,2023-09-27,860
BRT06: South Quay-USJ 1,BRT07: USJ 7,2023-09-28,504
BRT06: South Quay-USJ 1,BRT07: USJ 7,2023-09-29,689
BRT06: South Quay-USJ 1,BRT07: USJ 7,2023-09-30,476
BRT06: South Quay-USJ 1,BRT07: USJ 7,2023-10-01,477
BRT06: South Quay-USJ 1,BRT07: USJ 7,2023-10-02,774
BRT06: South Quay-USJ 1,BRT07: USJ 7,2023-10-03,789
BRT06: South Quay-USJ 1,BRT07: USJ 7,2023-10-04,790
BRT06: South Quay-USJ 1,BRT07: USJ 7,2023-10-05,759
BRT06: South Quay-USJ 1,BRT07: USJ 7,2023-10-06,819
BRT06: South Quay-USJ 1,BRT07: USJ 7,2023-10-07,557
BRT06: South Quay-USJ 1,BRT07: USJ 7,2023-10-08,488
BRT06: South Quay-USJ 1,BRT07: USJ 7,2023-10-09,781
BRT06: South Quay-USJ 1,BRT07: USJ 7,2023-10-10,799
BRT06: South Quay-USJ 1,BRT07: USJ 7,2023-10-11,818
BRT06: South Quay-USJ 1,BRT07: USJ 7,2023-10-12,800
BRT06: South Quay-USJ 1,BRT07: USJ 7,2023-10-13,824
BRT06: South Quay-USJ 1,BRT07: USJ 7,2023-10-14,538
BRT06: South Quay-USJ 1,BRT07: USJ 7,2023-10-15,487
BRT06: South Quay-USJ 1,BRT07: USJ 7,2023-10-16,725
BRT06: South Quay-USJ 1,BRT07: USJ 7,2023-10-17,760
BRT06: South Quay-USJ 1,BRT07: USJ 7,2023-10-18,829
BRT06: South Quay-USJ 1,BRT07: USJ 7,2023-10-19,771
BRT06: South Quay-USJ 1,BRT07: USJ 7,2023-10-20,833
BRT06: South Quay-USJ 1,BRT07: USJ 7,2023-10-21,492
BRT06: South Quay-USJ 1,BRT07: USJ 7,2023-10-22,482
BRT06: South Quay-USJ 1,BRT07: USJ 7,2023-10-23,761
BRT06: South Quay-USJ 1,BRT07: USJ 7,2023-10-24,778
BRT06: South Quay-USJ 1,BRT07: USJ 7,2023-10-25,826
BRT06: South Quay-USJ 1,BRT07: USJ 7,2023-10-26,799
BRT06: South Quay-USJ 1,BRT07: USJ 7,2023-10-27,826
BRT06: South Quay-USJ 1,BRT07: USJ 7,2023-10-28,533
BRT06: South Quay-USJ 1,BRT07: USJ 7,2023-10-29,437
BRT06: South Quay-USJ 1,BRT07: USJ 7,2023-10-30,717
BRT06: South Quay-USJ 1,BRT07: USJ 7,2023-10-31,809
BRT06: South Quay-USJ 1,BRT07: USJ 7,2023-11-01,813
BRT06: South Quay-USJ 1,BRT07: USJ 7,2023-11-02,793
BRT06: South Quay-USJ 1,BRT07: USJ 7,2023-11-03,790
BRT06: South Quay-USJ 1,BRT07: USJ 7,2023-11-04,546
BRT06: South Quay-USJ 1,BRT07: USJ 7,2023-11-05,488
BRT06: South Quay-USJ 1,BRT07: USJ 7,2023-11-06,704
BRT06: South Quay-USJ 1,BRT07: USJ 7,2023-11-07,812
BRT06: South Quay-USJ 1,BRT07: USJ 7,2023-11-08,842
BRT06: South Quay-USJ 1,BRT07: USJ 7,2023-11-09,821
BRT06: South Quay-USJ 1,BRT07: USJ 7,2023-11-10,879
BRT06: South Quay-USJ 1,BRT07: USJ 7,2023-11-11,540
BRT06: South Quay-USJ 1,BRT07: USJ 7,2023-11-12,566
BRT06: South Quay-USJ 1,BRT07: USJ 7,2023-11-13,379
BRT06: South Quay-USJ 1,BRT07: USJ 7,2023-11-14,631
BRT06: South Quay-USJ 1,BRT07: USJ 7,2023-11-15,702
BRT06: South Quay-USJ 1,BRT07: USJ 7,2023-11-16,746
BRT06: South Quay-USJ 1,BRT07: USJ 7,2023-11-17,708
BRT06: South Quay-USJ 1,BRT07: USJ 7,2023-11-18,492
BRT06: South Quay-USJ 1,BRT07: USJ 7,2023-11-19,418
BRT06: South Quay-USJ 1,BRT07: USJ 7,2023-11-20,770
BRT06: South Quay-USJ 1,BRT07: USJ 7,2023-11-21,789
BRT06: South Quay-USJ 1,BRT07: USJ 7,2023-11-22,843
BRT06: South Quay-USJ 1,BRT07: USJ 7,2023-11-23,834
BRT06: South Quay-USJ 1,BRT07: USJ 7,2023-11-24,848
BRT06: South Quay-USJ 1,BRT07: USJ 7,2023-11-25,406
BRT06: South Quay-USJ 1,BRT07: USJ 7,2023-11-26,510
BRT06: South Quay-USJ 1,BRT07: USJ 7,2023-11-27,754
BRT06: South Quay-USJ 1,BRT07: USJ 7,2023-11-28,620
BRT06: South Quay-USJ 1,BRT07: USJ 7,2023-11-29,746
BRT06: South Quay-USJ 1,BRT07: USJ 7,2023-11-30,787
BRT06: South Quay-USJ 1,BRT07: USJ 7,2023-12-01,822
BRT06: South Quay-USJ 1,BRT07: USJ 7,2023-12-02,560
BRT06: South Quay-USJ 1,BRT07: USJ 7,2023-12-03,420
BRT06: South Quay-USJ 1,BRT07: USJ 7,2023-12-04,720
BRT06: South Quay-USJ 1,BRT07: USJ 7,2023-12-05,761
BRT06: South Quay-USJ 1,BRT07: USJ 7,2023-12-06,829
BRT06: South Quay-USJ 1,BRT07: USJ 7,2023-12-07,785
BRT06: South Quay-USJ 1,BRT07: USJ 7,2023-12-08,840
BRT06: South Quay-USJ 1,BRT07: USJ 7,2023-12-09,550
BRT06: South Quay-USJ 1,BRT07: USJ 7,2023-12-10,480
BRT06: South Quay-USJ 1,BRT07: USJ 7,2023-12-11,504
BRT06: South Quay-USJ 1,BRT07: USJ 7,2023-12-12,769
BRT06: South Quay-USJ 1,BRT07: USJ 7,2023-12-13,737
BRT06: South Quay-USJ 1,BRT07: USJ 7,2023-12-14,775
BRT06: South Quay-USJ 1,BRT07: USJ 7,2023-12-15,751
BRT06: South Quay-USJ 1,BRT07: USJ 7,2023-12-16,487
BRT06: South Quay-USJ 1,BRT07: USJ 7,2023-12-17,451
BRT06: South Quay-USJ 1,BRT07: USJ 7,2023-12-18,658
BRT06: South Quay-USJ 1,BRT07: USJ 7,2023-12-19,706
BRT06: South Quay-USJ 1,BRT07: USJ 7,2023-12-20,686
BRT06: South Quay-USJ 1,BRT07: USJ 7,2023-12-21,658
BRT06: South Quay-USJ 1,BRT07: USJ 7,2023-12-22,686
BRT06: South Quay-USJ 1,BRT07: USJ 7,2023-12-23,523
BRT06: South Quay-USJ 1,BRT07: USJ 7,2023-12-24,410
BRT06: South Quay-USJ 1,BRT07: USJ 7,2023-12-25,413
BRT06: South Quay-USJ 1,BRT07: USJ 7,2023-12-26,550
BRT06: South Quay-USJ 1,BRT07: USJ 7,2023-12-27,605
BRT06: South Quay-USJ 1,BRT07: USJ 7,2023-12-28,607
BRT06: South Quay-USJ 1,BRT07: USJ 7,2023-12-29,594
BRT06: South Quay-USJ 1,BRT07: USJ 7,2023-12-30,420
BRT06: South Quay-USJ 1,BRT07: USJ 7,2023-12-31,540
BRT07: USJ 7,A0: All Stations,2023-04-01,2638
BRT07: USJ 7,A0: All Stations,2023-04-02,2361
BRT07: USJ 7,A0: All Stations,2023-04-03,4402
BRT07: USJ 7,A0: All Stations,2023-04-04,4624
BRT07: USJ 7,A0: All Stations,2023-04-05,4694
BRT07: USJ 7,A0: All Stations,2023-04-06,4564
BRT07: USJ 7,A0: All Stations,2023-04-07,4540
BRT07: USJ 7,A0: All Stations,2023-04-08,2736
BRT07: USJ 7,A0: All Stations,2023-04-09,2565
BRT07: USJ 7,A0: All Stations,2023-04-10,4347
BRT07: USJ 7,A0: All Stations,2023-04-11,4651
BRT07: USJ 7,A0: All Stations,2023-04-12,4723
BRT07: USJ 7,A0: All Stations,2023-04-13,4478
BRT07: USJ 7,A0: All Stations,2023-04-14,4431
BRT07: USJ 7,A0: All Stations,2023-04-15,2919
BRT07: USJ 7,A0: All Stations,2023-04-16,2499
BRT07: USJ 7,A0: All Stations,2023-04-17,4636
BRT07: USJ 7,A0: All Stations,2023-04-18,4789
BRT07: USJ 7,A0: All Stations,2023-04-19,4734
BRT07: USJ 7,A0: All Stations,2023-04-20,4183
BRT07: USJ 7,A0: All Stations,2023-04-21,2366
BRT07: USJ 7,A0: All Stations,2023-04-22,2505
BRT07: USJ 7,A0: All Stations,2023-04-23,2728
BRT07: USJ 7,A0: All Stations,2023-04-24,2160
BRT07: USJ 7,A0: All Stations,2023-04-25,3341
BRT07: USJ 7,A0: All Stations,2023-04-26,3967
BRT07: USJ 7,A0: All Stations,2023-04-27,4170
BRT07: USJ 7,A0: All Stations,2023-04-28,4040
BRT07: USJ 7,A0: All Stations,2023-04-29,2762
BRT07: USJ 7,A0: All Stations,2023-04-30,2465
BRT07: USJ 7,A0: All Stations,2023-05-01,2395
BRT07: USJ 7,A0: All Stations,2023-05-02,4692
BRT07: USJ 7,A0: All Stations,2023-05-03,4783
BRT07: USJ 7,A0: All Stations,2023-05-04,2528
BRT07: USJ 7,A0: All Stations,2023-05-05,4379
BRT07: USJ 7,A0: All Stations,2023-05-06,2665
BRT07: USJ 7,A0: All Stations,2023-05-07,2439
BRT07: USJ 7,A0: All Stations,2023-05-08,4867
BRT07: USJ 7,A0: All Stations,2023-05-09,4960
BRT07: USJ 7,A0: All Stations,2023-05-10,5097
BRT07: USJ 7,A0: All Stations,2023-05-11,5001
BRT07: USJ 7,A0: All Stations,2023-05-12,4835
BRT07: USJ 7,A0: All Stations,2023-05-13,3065
BRT07: USJ 7,A0: All Stations,2023-05-14,2544
BRT07: USJ 7,A0: All Stations,2023-05-15,4788
BRT07: USJ 7,A0: All Stations,2023-05-16,4977
BRT07: USJ 7,A0: All Stations,2023-05-17,4916
BRT07: USJ 7,A0: All Stations,2023-05-18,4936
BRT07: USJ 7,A0: All Stations,2023-05-19,4654
BRT07: USJ 7,A0: All Stations,2023-05-20,2835
BRT07: USJ 7,A0: All Stations,2023-05-21,2423
BRT07: USJ 7,A0: All Stations,2023-05-22,4649
BRT07: USJ 7,A0: All Stations,2023-05-23,4836
BRT07: USJ 7,A0: All Stations,2023-05-24,4864
BRT07: USJ 7,A0: All Stations,2023-05-25,4727
BRT07: USJ 7,A0: All Stations,2023-05-26,4650
BRT07: USJ 7,A0: All Stations,2023-05-27,2960
BRT07: USJ 7,A0: All Stations,2023-05-28,2454
BRT07: USJ 7,A0: All Stations,2023-05-29,4597
BRT07: USJ 7,A0: All Stations,2023-05-30,4752
BRT07: USJ 7,A0: All Stations,2023-05-31,4813
BRT07: USJ 7,A0: All Stations,2023-06-01,4827
BRT07: USJ 7,A0: All Stations,2023-06-02,4420
BRT07: USJ 7,A0: All Stations,2023-06-03,2926
BRT07: USJ 7,A0: All Stations,2023-06-04,2627
BRT07: USJ 7,A0: All Stations,2023-06-05,2409
BRT07: USJ 7,A0: All Stations,2023-06-06,4754
BRT07: USJ 7,A0: All Stations,2023-06-07,4688
BRT07: USJ 7,A0: All Stations,2023-06-08,4798
BRT07: USJ 7,A0: All Stations,2023-06-09,4643
BRT07: USJ 7,A0: All Stations,2023-06-10,3072
BRT07: USJ 7,A0: All Stations,2023-06-11,2652
BRT07: USJ 7,A0: All Stations,2023-06-12,4158
BRT07: USJ 7,A0: All Stations,2023-06-13,4494
BRT07: USJ 7,A0: All Stations,2023-06-14,4482
BRT07: USJ 7,A0: All Stations,2023-06-15,4622
BRT07: USJ 7,A0: All Stations,2023-06-16,4233
BRT07: USJ 7,A0: All Stations,2023-06-17,2910
BRT07: USJ 7,A0: All Stations,2023-06-18,2425
BRT07: USJ 7,A0: All Stations,2023-06-19,4715
BRT07: USJ 7,A0: All Stations,2023-06-20,4674
BRT07: USJ 7,A0: All Stations,2023-06-21,4822
BRT07: USJ 7,A0: All Stations,2023-06-22,4764
BRT07: USJ 7,A0: All Stations,2023-06-23,4434
BRT07: USJ 7,A0: All Stations,2023-06-24,2974
BRT07: USJ 7,A0: All Stations,2023-06-25,2592
BRT07: USJ 7,A0: All Stations,2023-06-26,4537
BRT07: USJ 7,A0: All Stations,2023-06-27,4680
BRT07: USJ 7,A0: All Stations,2023-06-28,4595
BRT07: USJ 7,A0: All Stations,2023-06-29,2812
BRT07: USJ 7,A0: All Stations,2023-06-30,3796
BRT07: USJ 7,A0: All Stations,2023-07-01,2779
BRT07: USJ 7,A0: All Stations,2023-07-02,2305
BRT07: USJ 7,A0: All Stations,2023-07-03,4477
BRT07: USJ 7,A0: All Stations,2023-07-04,4929
BRT07: USJ 7,A0: All Stations,2023-07-05,4950
BRT07: USJ 7,A0: All Stations,2023-07-06,4912
BRT07: USJ 7,A0: All Stations,2023-07-07,4723
BRT07: USJ 7,A0: All Stations,2023-07-08,3152
BRT07: USJ 7,A0: All Stations,2023-07-09,2744
BRT07: USJ 7,A0: All Stations,2023-07-10,4685
BRT07: USJ 7,A0: All Stations,2023-07-11,4845
BRT07: USJ 7,A0: All Stations,2023-07-12,5003
BRT07: USJ 7,A0: All Stations,2023-07-13,4866
BRT07: USJ 7,A0: All Stations,2023-07-14,4813
BRT07: USJ 7,A0: All Stations,2023-07-15,3063
BRT07: USJ 7,A0: All Stations,2023-07-16,2348
BRT07: USJ 7,A0: All Stations,2023-07-17,4741
BRT07: USJ 7,A0: All Stations,2023-07-18,4997
BRT07: USJ 7,A0: All Stations,2023-07-19,2790
BRT07: USJ 7,A0: All Stations,2023-07-20,4720
BRT07: USJ 7,A0: All Stations,2023-07-21,4562
BRT07: USJ 7,A0: All Stations,2023-07-22,2845
BRT07: USJ 7,A0: All Stations,2023-07-23,2511
BRT07: USJ 7,A0: All Stations,2023-07-24,4883
BRT07: USJ 7,A0: All Stations,2023-07-25,4911
BRT07: USJ 7,A0: All Stations,2023-07-26,5242
BRT07: USJ 7,A0: All Stations,2023-07-27,5039
BRT07: USJ 7,A0: All Stations,2023-07-28,4783
BRT07: USJ 7,A0: All Stations,2023-07-29,3134
BRT07: USJ 7,A0: All Stations,2023-07-30,2527
BRT07: USJ 7,A0: All Stations,2023-07-31,4757
BRT07: USJ 7,A0: All Stations,2023-08-01,4868
BRT07: USJ 7,A0: All Stations,2023-08-02,4931
BRT07: USJ 7,A0: All Stations,2023-08-03,4904
BRT07: USJ 7,A0: All Stations,2023-08-04,4438
BRT07: USJ 7,A0: All Stations,2023-08-05,2836
BRT07: USJ 7,A0: All Stations,2023-08-06,2491
BRT07: USJ 7,A0: All Stations,2023-08-07,4669
BRT07: USJ 7,A0: All Stations,2023-08-08,4692
BRT07: USJ 7,A0: All Stations,2023-08-09,4810
BRT07: USJ 7,A0: All Stations,2023-08-10,4913
BRT07: USJ 7,A0: All Stations,2023-08-11,4439
BRT07: USJ 7,A0: All Stations,2023-08-12,2529
BRT07: USJ 7,A0: All Stations,2023-08-13,2285
BRT07: USJ 7,A0: All Stations,2023-08-14,2842
BRT07: USJ 7,A0: All Stations,2023-08-15,4777
BRT07: USJ 7,A0: All Stations,2023-08-16,4767
BRT07: USJ 7,A0: All Stations,2023-08-17,4638
BRT07: USJ 7,A0: All Stations,2023-08-18,4470
BRT07: USJ 7,A0: All Stations,2023-08-19,2860
BRT07: USJ 7,A0: All Stations,2023-08-20,2559
BRT07: USJ 7,A0: All Stations,2023-08-21,4412
BRT07: USJ 7,A0: All Stations,2023-08-22,4524
BRT07: USJ 7,A0: All Stations,2023-08-23,4783
BRT07: USJ 7,A0: All Stations,2023-08-24,4735
BRT07: USJ 7,A0: All Stations,2023-08-25,4776
BRT07: USJ 7,A0: All Stations,2023-08-26,2905
BRT07: USJ 7,A0: All Stations,2023-08-27,2505
BRT07: USJ 7,A0: All Stations,2023-08-28,4630
BRT07: USJ 7,A0: All Stations,2023-08-29,4839
BRT07: USJ 7,A0: All Stations,2023-08-30,5186
BRT07: USJ 7,A0: All Stations,2023-08-31,3061
BRT07: USJ 7,A0: All Stations,2023-09-01,4099
BRT07: USJ 7,A0: All Stations,2023-09-02,2840
BRT07: USJ 7,A0: All Stations,2023-09-03,2445
BRT07: USJ 7,A0: All Stations,2023-09-04,4788
BRT07: USJ 7,A0: All Stations,2023-09-05,4965
BRT07: USJ 7,A0: All Stations,2023-09-06,5105
BRT07: USJ 7,A0: All Stations,2023-09-07,5192
BRT07: USJ 7,A0: All Stations,2023-09-08,5231
BRT07: USJ 7,A0: All Stations,2023-09-09,3085
BRT07: USJ 7,A0: All Stations,2023-09-10,2678
BRT07: USJ 7,A0: All Stations,2023-09-11,4959
BRT07: USJ 7,A0: All Stations,2023-09-12,5345
BRT07: USJ 7,A0: All Stations,2023-09-13,5434
BRT07: USJ 7,A0: All Stations,2023-09-14,5373
BRT07: USJ 7,A0: All Stations,2023-09-15,5118
BRT07: USJ 7,A0: All Stations,2023-09-16,3040
BRT07: USJ 7,A0: All Stations,2023-09-17,2780
BRT07: USJ 7,A0: All Stations,2023-09-18,5366
BRT07: USJ 7,A0: All Stations,2023-09-19,5415
BRT07: USJ 7,A0: All Stations,2023-09-20,5724
BRT07: USJ 7,A0: All Stations,2023-09-21,5637
BRT07: USJ 7,A0: All Stations,2023-09-22,5420
BRT07: USJ 7,A0: All Stations,2023-09-23,3164
BRT07: USJ 7,A0: All Stations,2023-09-24,2455
BRT07: USJ 7,A0: All Stations,2023-09-25,5418
BRT07: USJ 7,A0: All Stations,2023-09-26,5414
BRT07: USJ 7,A0: All Stations,2023-09-27,5681
BRT07: USJ 7,A0: All Stations,2023-09-28,2843
BRT07: USJ 7,A0: All Stations,2023-09-29,4958
BRT07: USJ 7,A0: All Stations,2023-09-30,3166
BRT07: USJ 7,A0: All Stations,2023-10-01,2777
BRT07: USJ 7,A0: All Stations,2023-10-02,5261
BRT07: USJ 7,A0: All Stations,2023-10-03,5657
BRT07: USJ 7,A0: All Stations,2023-10-04,5890
BRT07: USJ 7,A0: All Stations,2023-10-05,5636
BRT07: USJ 7,A0: All Stations,2023-10-06,5779
BRT07: USJ 7,A0: All Stations,2023-10-07,3373
BRT07: USJ 7,A0: All Stations,2023-10-08,2858
BRT07: USJ 7,A0: All Stations,2023-10-09,5539
BRT07: USJ 7,A0: All Stations,2023-10-10,5714
BRT07: USJ 7,A0: All Stations,2023-10-11,5812
BRT07: USJ 7,A0: All Stations,2023-10-12,5740
BRT07: USJ 7,A0: All Stations,2023-10-13,5517
BRT07: USJ 7,A0: All Stations,2023-10-14,3388
BRT07: USJ 7,A0: All Stations,2023-10-15,2724
BRT07: USJ 7,A0: All Stations,2023-10-16,5367
BRT07: USJ 7,A0: All Stations,2023-10-17,5671
BRT07: USJ 7,A0: All Stations,2023-10-18,5831
BRT07: USJ 7,A0: All Stations,2023-10-19,5776
BRT07: USJ 7,A0: All Stations,2023-10-20,5705
BRT07: USJ 7,A0: All Stations,2023-10-21,3484
BRT07: USJ 7,A0: All Stations,2023-10-22,2879
BRT07: USJ 7,A0: All Stations,2023-10-23,5211
BRT07: USJ 7,A0: All Stations,2023-10-24,5518
BRT07: USJ 7,A0: All Stations,2023-10-25,5672
BRT07: USJ 7,A0: All Stations,2023-10-26,5465
BRT07: USJ 7,A0: All Stations,2023-10-27,5354
BRT07: USJ 7,A0: All Stations,2023-10-28,3415
BRT07: USJ 7,A0: All Stations,2023-10-29,2765
BRT07: USJ 7,A0: All Stations,2023-10-30,5012
BRT07: USJ 7,A0: All Stations,2023-10-31,5118
BRT07: USJ 7,A0: All Stations,2023-11-01,5370
BRT07: USJ 7,A0: All Stations,2023-11-02,5223
BRT07: USJ 7,A0: All Stations,2023-11-03,5226
BRT07: USJ 7,A0: All Stations,2023-11-04,3851
BRT07: USJ 7,A0: All Stations,2023-11-05,3391
BRT07: USJ 7,A0: All Stations,2023-11-06,5106
BRT07: USJ 7,A0: All Stations,2023-11-07,5496
BRT07: USJ 7,A0: All Stations,2023-11-08,5620
BRT07: USJ 7,A0: All Stations,2023-11-09,5446
BRT07: USJ 7,A0: All Stations,2023-11-10,5313
BRT07: USJ 7,A0: All Stations,2023-11-11,3852
BRT07: USJ 7,A0: All Stations,2023-11-12,3259
BRT07: USJ 7,A0: All Stations,2023-11-13,2580
BRT07: USJ 7,A0: All Stations,2023-11-14,4548
BRT07: USJ 7,A0: All Stations,2023-11-15,5028
BRT07: USJ 7,A0: All Stations,2023-11-16,4975
BRT07: USJ 7,A0: All Stations,2023-11-17,4975
BRT07: USJ 7,A0: All Stations,2023-11-18,3296
BRT07: USJ 7,A0: All Stations,2023-11-19,2881
BRT07: USJ 7,A0: All Stations,2023-11-20,5093
BRT07: USJ 7,A0: All Stations,2023-11-21,5381
BRT07: USJ 7,A0: All Stations,2023-11-22,5288
BRT07: USJ 7,A0: All Stations,2023-11-23,5477
BRT07: USJ 7,A0: All Stations,2023-11-24,5383
BRT07: USJ 7,A0: All Stations,2023-11-25,2401
BRT07: USJ 7,A0: All Stations,2023-11-26,2731
BRT07: USJ 7,A0: All Stations,2023-11-27,5007
BRT07: USJ 7,A0: All Stations,2023-11-28,5029
BRT07: USJ 7,A0: All Stations,2023-11-29,5316
BRT07: USJ 7,A0: All Stations,2023-11-30,5083
BRT07: USJ 7,A0: All Stations,2023-12-01,4860
BRT07: USJ 7,A0: All Stations,2023-12-02,3206
BRT07: USJ 7,A0: All Stations,2023-12-03,2571
BRT07: USJ 7,A0: All Stations,2023-12-04,4757
BRT07: USJ 7,A0: All Stations,2023-12-05,4799
BRT07: USJ 7,A0: All Stations,2023-12-06,5077
BRT07: USJ 7,A0: All Stations,2023-12-07,4945
BRT07: USJ 7,A0: All Stations,2023-12-08,5143
BRT07: USJ 7,A0: All Stations,2023-12-09,3252
BRT07: USJ 7,A0: All Stations,2023-12-10,2789
BRT07: USJ 7,A0: All Stations,2023-12-11,2685
BRT07: USJ 7,A0: All Stations,2023-12-12,4708
BRT07: USJ 7,A0: All Stations,2023-12-13,4644
BRT07: USJ 7,A0: All Stations,2023-12-14,4544
BRT07: USJ 7,A0: All Stations,2023-12-15,4491
BRT07: USJ 7,A0: All Stations,2023-12-16,3165
BRT07: USJ 7,A0: All Stations,2023-12-17,2733
BRT07: USJ 7,A0: All Stations,2023-12-18,4238
BRT07: USJ 7,A0: All Stations,2023-12-19,4207
BRT07: USJ 7,A0: All Stations,2023-12-20,4198
BRT07: USJ 7,A0: All Stations,2023-12-21,4113
BRT07: USJ 7,A0: All Stations,2023-12-22,3804
BRT07: USJ 7,A0: All Stations,2023-12-23,2837
BRT07: USJ 7,A0: All Stations,2023-12-24,2829
BRT07: USJ 7,A0: All Stations,2023-12-25,2601
BRT07: USJ 7,A0: All Stations,2023-12-26,3221
BRT07: USJ 7,A0: All Stations,2023-12-27,3450
BRT07: USJ 7,A0: All Stations,2023-12-28,3363
BRT07: USJ 7,A0: All Stations,2023-12-29,3307
BRT07: USJ 7,A0: All Stations,2023-12-30,2504
BRT07: USJ 7,A0: All Stations,2023-12-31,3239
BRT07: USJ 7,BRT01: Sunway-Setia Jaya,2023-04-01,116
BRT07: USJ 7,BRT01: Sunway-Setia Jaya,2023-04-02,106
BRT07: USJ 7,BRT01: Sunway-Setia Jaya,2023-04-03,366
BRT07: USJ 7,BRT01: Sunway-Setia Jaya,2023-04-04,375
BRT07: USJ 7,BRT01: Sunway-Setia Jaya,2023-04-05,365
BRT07: USJ 7,BRT01: Sunway-Setia Jaya,2023-04-06,366
BRT07: USJ 7,BRT01: Sunway-Setia Jaya,2023-04-07,313
BRT07: USJ 7,BRT01: Sunway-Setia Jaya,2023-04-08,125
BRT07: USJ 7,BRT01: Sunway-Setia Jaya,2023-04-09,106
BRT07: USJ 7,BRT01: Sunway-Setia Jaya,2023-04-10,355
BRT07: USJ 7,BRT01: Sunway-Setia Jaya,2023-04-11,361
BRT07: USJ 7,BRT01: Sunway-Setia Jaya,2023-04-12,344
BRT07: USJ 7,BRT01: Sunway-Setia Jaya,2023-04-13,328
BRT07: USJ 7,BRT01: Sunway-Setia Jaya,2023-04-14,295
BRT07: USJ 7,BRT01: Sunway-Setia Jaya,2023-04-15,140
BRT07: USJ 7,BRT01: Sunway-Setia Jaya,2023-04-16,77
BRT07: USJ 7,BRT01: Sunway-Setia Jaya,2023-04-17,321
BRT07: USJ 7,BRT01: Sunway-Setia Jaya,2023-04-18,320
BRT07: USJ 7,BRT01: Sunway-Setia Jaya,2023-04-19,312
BRT07: USJ 7,BRT01: Sunway-Setia Jaya,2023-04-20,248
BRT07: USJ 7,BRT01: Sunway-Setia Jaya,2023-04-21,68
BRT07: USJ 7,BRT01: Sunway-Setia Jaya,2023-04-22,89
BRT07: USJ 7,BRT01: Sunway-Setia Jaya,2023-04-23,107
BRT07: USJ 7,BRT01: Sunway-Setia Jaya,2023-04-24,89
BRT07: USJ 7,BRT01: Sunway-Setia Jaya,2023-04-25,183
BRT07: USJ 7,BRT01: Sunway-Setia Jaya,2023-04-26,192
BRT07: USJ 7,BRT01: Sunway-Setia Jaya,2023-04-27,258
BRT07: USJ 7,BRT01: Sunway-Setia Jaya,2023-04-28,187
BRT07: USJ 7,BRT01: Sunway-Setia Jaya,2023-04-29,143
BRT07: USJ 7,BRT01: Sunway-Setia Jaya,2023-04-30,102
BRT07: USJ 7,BRT01: Sunway-Setia Jaya,2023-05-01,120
BRT07: USJ 7,BRT01: Sunway-Setia Jaya,2023-05-02,274
BRT07: USJ 7,BRT01: Sunway-Setia Jaya,2023-05-03,255
BRT07: USJ 7,BRT01: Sunway-Setia Jaya,2023-05-04,123
BRT07: USJ 7,BRT01: Sunway-Setia Jaya,2023-05-05,252
BRT07: USJ 7,BRT01: Sunway-Setia Jaya,2023-05-06,142
BRT07: USJ 7,BRT01: Sunway-Setia Jaya,2023-05-07,115
BRT07: USJ 7,BRT01: Sunway-Setia Jaya,2023-05-08,296
BRT07: USJ 7,BRT01: Sunway-Setia Jaya,2023-05-09,308
BRT07: USJ 7,BRT01: Sunway-Setia Jaya,2023-05-10,317
BRT07: USJ 7,BRT01: Sunway-Setia Jaya,2023-05-11,308
BRT07: USJ 7,BRT01: Sunway-Setia Jaya,2023-05-12,288
BRT07: USJ 7,BRT01: Sunway-Setia Jaya,2023-05-13,155
BRT07: USJ 7,BRT01: Sunway-Setia Jaya,2023-05-14,110
BRT07: USJ 7,BRT01: Sunway-Setia Jaya,2023-05-15,329
BRT07: USJ 7,BRT01: Sunway-Setia Jaya,2023-05-16,325
BRT07: USJ 7,BRT01: Sunway-Setia Jaya,2023-05-17,357
BRT07: USJ 7,BRT01: Sunway-Setia Jaya,2023-05-18,349
BRT07: USJ 7,BRT01: Sunway-Setia Jaya,2023-05-19,278
BRT07: USJ 7,BRT01: Sunway-Setia Jaya,2023-05-20,158
BRT07: USJ 7,BRT01: Sunway-Setia Jaya,2023-05-21,117
BRT07: USJ 7,BRT01: Sunway-Setia Jaya,2023-05-22,418
BRT07: USJ 7,BRT01: Sunway-Setia Jaya,2023-05-23,439
BRT07: USJ 7,BRT01: Sunway-Setia Jaya,2023-05-24,389
BRT07: USJ 7,BRT01: Sunway-Setia Jaya,2023-05-25,416
BRT07: USJ 7,BRT01: Sunway-Setia Jaya,2023-05-26,369
BRT07: USJ 7,BRT01: Sunway-Setia Jaya,2023-05-27,200
BRT07: USJ 7,BRT01: Sunway-Setia Jaya,2023-05-28,107
BRT07: USJ 7,BRT01: Sunway-Setia Jaya,2023-05-29,372
BRT07: USJ 7,BRT01: Sunway-Setia Jaya,2023-05-30,358
BRT07: USJ 7,BRT01: Sunway-Setia Jaya,2023-05-31,346
BRT07: USJ 7,BRT01: Sunway-Setia Jaya,2023-06-01,385
BRT07: USJ 7,BRT01: Sunway-Setia Jaya,2023-06-02,332
BRT07: USJ 7,BRT01: Sunway-Setia Jaya,2023-06-03,144
BRT07: USJ 7,BRT01: Sunway-Setia Jaya,2023-06-04,114
BRT07: USJ 7,BRT01: Sunway-Setia Jaya,2023-06-05,121
BRT07: USJ 7,BRT01: Sunway-Setia Jaya,2023-06-06,424
BRT07: USJ 7,BRT01: Sunway-Setia Jaya,2023-06-07,386
BRT07: USJ 7,BRT01: Sunway-Setia Jaya,2023-06-08,408
BRT07: USJ 7,BRT01: Sunway-Setia Jaya,2023-06-09,348
BRT07: USJ 7,BRT01: Sunway-Setia Jaya,2023-06-10,205
BRT07: USJ 7,BRT01: Sunway-Setia Jaya,2023-06-11,129
BRT07: USJ 7,BRT01: Sunway-Setia Jaya,2023-06-12,390
BRT07: USJ 7,BRT01: Sunway-Setia Jaya,2023-06-13,410
BRT07: USJ 7,BRT01: Sunway-Setia Jaya,2023-06-14,410
BRT07: USJ 7,BRT01: Sunway-Setia Jaya,2023-06-15,465
BRT07: USJ 7,BRT01: Sunway-Setia Jaya,2023-06-16,389
BRT07: USJ 7,BRT01: Sunway-Setia Jaya,2023-06-17,174
BRT07: USJ 7,BRT01: Sunway-Setia Jaya,2023-06-18,116
BRT07: USJ 7,BRT01: Sunway-Setia Jaya,2023-06-19,417
BRT07: USJ 7,BRT01: Sunway-Setia Jaya,2023-06-20,416
BRT07: USJ 7,BRT01: Sunway-Setia Jaya,2023-06-21,425
BRT07: USJ 7,BRT01: Sunway-Setia Jaya,2023-06-22,415
BRT07: USJ 7,BRT01: Sunway-Setia Jaya,2023-06-23,358
BRT07: USJ 7,BRT01: Sunway-Setia Jaya,2023-06-24,178
BRT07: USJ 7,BRT01: Sunway-Setia Jaya,2023-06-25,113
BRT07: USJ 7,BRT01: Sunway-Setia Jaya,2023-06-26,372
BRT07: USJ 7,BRT01: Sunway-Setia Jaya,2023-06-27,394
BRT07: USJ 7,BRT01: Sunway-Setia Jaya,2023-06-28,337
BRT07: USJ 7,BRT01: Sunway-Setia Jaya,2023-06-29,113
BRT07: USJ 7,BRT01: Sunway-Setia Jaya,2023-06-30,251
BRT07: USJ 7,BRT01: Sunway-Setia Jaya,2023-07-01,157
BRT07: USJ 7,BRT01: Sunway-Setia Jaya,2023-07-02,92
BRT07: USJ 7,BRT01: Sunway-Setia Jaya,2023-07-03,355
BRT07: USJ 7,BRT01: Sunway-Setia Jaya,2023-07-04,409
BRT07: USJ 7,BRT01: Sunway-Setia Jaya,2023-07-05,397
BRT07: USJ 7,BRT01: Sunway-Setia Jaya,2023-07-06,397
BRT07: USJ 7,BRT01: Sunway-Setia Jaya,2023-07-07,380
BRT07: USJ 7,BRT01: Sunway-Setia Jaya,2023-07-08,195
BRT07: USJ 7,BRT01: Sunway-Setia Jaya,2023-07-09,133
BRT07: USJ 7,BRT01: Sunway-Setia Jaya,2023-07-10,360
BRT07: USJ 7,BRT01: Sunway-Setia Jaya,2023-07-11,387
BRT07: USJ 7,BRT01: Sunway-Setia Jaya,2023-07-12,390
BRT07: USJ 7,BRT01: Sunway-Setia Jaya,2023-07-13,392
BRT07: USJ 7,BRT01: Sunway-Setia Jaya,2023-07-14,355
BRT07: USJ 7,BRT01: Sunway-Setia Jaya,2023-07-15,162
BRT07: USJ 7,BRT01: Sunway-Setia Jaya,2023-07-16,95
BRT07: USJ 7,BRT01: Sunway-Setia Jaya,2023-07-17,395
BRT07: USJ 7,BRT01: Sunway-Setia Jaya,2023-07-18,413
BRT07: USJ 7,BRT01: Sunway-Setia Jaya,2023-07-19,152
BRT07: USJ 7,BRT01: Sunway-Setia Jaya,2023-07-20,430
BRT07: USJ 7,BRT01: Sunway-Setia Jaya,2023-07-21,383
BRT07: USJ 7,BRT01: Sunway-Setia Jaya,2023-07-22,181
BRT07: USJ 7,BRT01: Sunway-Setia Jaya,2023-07-23,94
BRT07: USJ 7,BRT01: Sunway-Setia Jaya,2023-07-24,430
BRT07: USJ 7,BRT01: Sunway-Setia Jaya,2023-07-25,454
BRT07: USJ 7,BRT01: Sunway-Setia Jaya,2023-07-26,438
BRT07: USJ 7,BRT01: Sunway-Setia Jaya,2023-07-27,421
BRT07: USJ 7,BRT01: Sunway-Setia Jaya,2023-07-28,368
BRT07: USJ 7,BRT01: Sunway-Setia Jaya,2023-07-29,204
BRT07: USJ 7,BRT01: Sunway-Setia Jaya,2023-07-30,121
BRT07: USJ 7,BRT01: Sunway-Setia Jaya,2023-07-31,392
BRT07: USJ 7,BRT01: Sunway-Setia Jaya,2023-08-01,386
BRT07: USJ 7,BRT01: Sunway-Setia Jaya,2023-08-02,383
BRT07: USJ 7,BRT01: Sunway-Setia Jaya,2023-08-03,406
BRT07: USJ 7,BRT01: Sunway-Setia Jaya,2023-08-04,342
BRT07: USJ 7,BRT01: Sunway-Setia Jaya,2023-08-05,162
BRT07: USJ 7,BRT01: Sunway-Setia Jaya,2023-08-06,129
BRT07: USJ 7,BRT01: Sunway-Setia Jaya,2023-08-07,380
BRT07: USJ 7,BRT01: Sunway-Setia Jaya,2023-08-08,424
BRT07: USJ 7,BRT01: Sunway-Setia Jaya,2023-08-09,402
BRT07: USJ 7,BRT01: Sunway-Setia Jaya,2023-08-10,411
BRT07: USJ 7,BRT01: Sunway-Setia Jaya,2023-08-11,312
BRT07: USJ 7,BRT01: Sunway-Setia Jaya,2023-08-12,128
BRT07: USJ 7,BRT01: Sunway-Setia Jaya,2023-08-13,109
BRT07: USJ 7,BRT01: Sunway-Setia Jaya,2023-08-14,199
BRT07: USJ 7,BRT01: Sunway-Setia Jaya,2023-08-15,398
BRT07: USJ 7,BRT01: Sunway-Setia Jaya,2023-08-16,389
BRT07: USJ 7,BRT01: Sunway-Setia Jaya,2023-08-17,388
BRT07: USJ 7,BRT01: Sunway-Setia Jaya,2023-08-18,357
BRT07: USJ 7,BRT01: Sunway-Setia Jaya,2023-08-19,185
BRT07: USJ 7,BRT01: Sunway-Setia Jaya,2023-08-20,117
BRT07: USJ 7,BRT01: Sunway-Setia Jaya,2023-08-21,356
BRT07: USJ 7,BRT01: Sunway-Setia Jaya,2023-08-22,337
BRT07: USJ 7,BRT01: Sunway-Setia Jaya,2023-08-23,365
BRT07: USJ 7,BRT01: Sunway-Setia Jaya,2023-08-24,317
BRT07: USJ 7,BRT01: Sunway-Setia Jaya,2023-08-25,322
BRT07: USJ 7,BRT01: Sunway-Setia Jaya,2023-08-26,140
BRT07: USJ 7,BRT01: Sunway-Setia Jaya,2023-08-27,93
BRT07: USJ 7,BRT01: Sunway-Setia Jaya,2023-08-28,301
BRT07: USJ 7,BRT01: Sunway-Setia Jaya,2023-08-29,327
BRT07: USJ 7,BRT01: Sunway-Setia Jaya,2023-08-30,300
BRT07: USJ 7,BRT01: Sunway-Setia Jaya,2023-08-31,145
BRT07: USJ 7,BRT01: Sunway-Setia Jaya,2023-09-01,215
BRT07: USJ 7,BRT01: Sunway-Setia Jaya,2023-09-02,143
BRT07: USJ 7,BRT01: Sunway-Setia Jaya,2023-09-03,95
BRT07: USJ 7,BRT01: Sunway-Setia Jaya,2023-09-04,322
BRT07: USJ 7,BRT01: Sunway-Setia Jaya,2023-09-05,307
BRT07: USJ 7,BRT01: Sunway-Setia Jaya,2023-09-06,314
BRT07: USJ 7,BRT01: Sunway-Setia Jaya,2023-09-07,316
BRT07: USJ 7,BRT01: Sunway-Setia Jaya,2023-09-08,305
BRT07: USJ 7,BRT01: Sunway-Setia Jaya,2023-09-09,138
BRT07: USJ 7,BRT01: Sunway-Setia Jaya,2023-09-10,122
BRT07: USJ 7,BRT01: Sunway-Setia Jaya,2023-09-11,303
BRT07: USJ 7,BRT01: Sunway-Setia Jaya,2023-09-12,314
BRT07: USJ 7,BRT01: Sunway-Setia Jaya,2023-09-13,322
BRT07: USJ 7,BRT01: Sunway-Setia Jaya,2023-09-14,337
BRT07: USJ 7,BRT01: Sunway-Setia Jaya,2023-09-15,269
BRT07: USJ 7,BRT01: Sunway-Setia Jaya,2023-09-16,151
BRT07: USJ 7,BRT01: Sunway-Setia Jaya,2023-09-17,128
BRT07: USJ 7,BRT01: Sunway-Setia Jaya,2023-09-18,441
BRT07: USJ 7,BRT01: Sunway-Setia Jaya,2023-09-19,449
BRT07: USJ 7,BRT01: Sunway-Setia Jaya,2023-09-20,464
BRT07: USJ 7,BRT01: Sunway-Setia Jaya,2023-09-21,504
BRT07: USJ 7,BRT01: Sunway-Setia Jaya,2023-09-22,406
BRT07: USJ 7,BRT01: Sunway-Setia Jaya,2023-09-23,206
BRT07: USJ 7,BRT01: Sunway-Setia Jaya,2023-09-24,96
BRT07: USJ 7,BRT01: Sunway-Setia Jaya,2023-09-25,463
BRT07: USJ 7,BRT01: Sunway-Setia Jaya,2023-09-26,450
BRT07: USJ 7,BRT01: Sunway-Setia Jaya,2023-09-27,455
BRT07: USJ 7,BRT01: Sunway-Setia Jaya,2023-09-28,123
BRT07: USJ 7,BRT01: Sunway-Setia Jaya,2023-09-29,353
BRT07: USJ 7,BRT01: Sunway-Setia Jaya,2023-09-30,198
BRT07: USJ 7,BRT01: Sunway-Setia Jaya,2023-10-01,103
BRT07: USJ 7,BRT01: Sunway-Setia Jaya,2023-10-02,418
BRT07: USJ 7,BRT01: Sunway-Setia Jaya,2023-10-03,451
BRT07: USJ 7,BRT01: Sunway-Setia Jaya,2023-10-04,443
BRT07: USJ 7,BRT01: Sunway-Setia Jaya,2023-10-05,465
BRT07: USJ 7,BRT01: Sunway-Setia Jaya,2023-10-06,399
BRT07: USJ 7,BRT01: Sunway-Setia Jaya,2023-10-07,229
BRT07: USJ 7,BRT01: Sunway-Setia Jaya,2023-10-08,131
BRT07: USJ 7,BRT01: Sunway-Setia Jaya,2023-10-09,450
BRT07: USJ 7,BRT01: Sunway-Setia Jaya,2023-10-10,470
BRT07: USJ 7,BRT01: Sunway-Setia Jaya,2023-10-11,470
BRT07: USJ 7,BRT01: Sunway-Setia Jaya,2023-10-12,456
BRT07: USJ 7,BRT01: Sunway-Setia Jaya,2023-10-13,439
BRT07: USJ 7,BRT01: Sunway-Setia Jaya,2023-10-14,201
BRT07: USJ 7,BRT01: Sunway-Setia Jaya,2023-10-15,132
BRT07: USJ 7,BRT01: Sunway-Setia Jaya,2023-10-16,441
BRT07: USJ 7,BRT01: Sunway-Setia Jaya,2023-10-17,481
BRT07: USJ 7,BRT01: Sunway-Setia Jaya,2023-10-18,449
BRT07: USJ 7,BRT01: Sunway-Setia Jaya,2023-10-19,503
BRT07: USJ 7,BRT01: Sunway-Setia Jaya,2023-10-20,410
BRT07: USJ 7,BRT01: Sunway-Setia Jaya,2023-10-21,212
BRT07: USJ 7,BRT01: Sunway-Setia Jaya,2023-10-22,141
BRT07: USJ 7,BRT01: Sunway-Setia Jaya,2023-10-23,427
BRT07: USJ 7,BRT01: Sunway-Setia Jaya,2023-10-24,474
BRT07: USJ 7,BRT01: Sunway-Setia Jaya,2023-10-25,459
BRT07: USJ 7,BRT01: Sunway-Setia Jaya,2023-10-26,432
BRT07: USJ 7,BRT01: Sunway-Setia Jaya,2023-10-27,396
BRT07: USJ 7,BRT01: Sunway-Setia Jaya,2023-10-28,215
BRT07: USJ 7,BRT01: Sunway-Setia Jaya,2023-10-29,125
BRT07: USJ 7,BRT01: Sunway-Setia Jaya,2023-10-30,442
BRT07: USJ 7,BRT01: Sunway-Setia Jaya,2023-10-31,456
BRT07: USJ 7,BRT01: Sunway-Setia Jaya,2023-11-01,440
BRT07: USJ 7,BRT01: Sunway-Setia Jaya,2023-11-02,423
BRT07: USJ 7,BRT01: Sunway-Setia Jaya,2023-11-03,376
BRT07: USJ 7,BRT01: Sunway-Setia Jaya,2023-11-04,202
BRT07: USJ 7,BRT01: Sunway-Setia Jaya,2023-11-05,123
BRT07: USJ 7,BRT01: Sunway-Setia Jaya,2023-11-06,400
BRT07: USJ 7,BRT01: Sunway-Setia Jaya,2023-11-07,461
BRT07: USJ 7,BRT01: Sunway-Setia Jaya,2023-11-08,407
BRT07: USJ 7,BRT01: Sunway-Setia Jaya,2023-11-09,418
BRT07: USJ 7,BRT01: Sunway-Setia Jaya,2023-11-10,347
BRT07: USJ 7,BRT01: Sunway-Setia Jaya,2023-11-11,188
BRT07: USJ 7,BRT01: Sunway-Setia Jaya,2023-11-12,148
BRT07: USJ 7,BRT01: Sunway-Setia Jaya,2023-11-13,134
BRT07: USJ 7,BRT01: Sunway-Setia Jaya,2023-11-14,395
BRT07: USJ 7,BRT01: Sunway-Setia Jaya,2023-11-15,422
BRT07: USJ 7,BRT01: Sunway-Setia Jaya,2023-11-16,430
BRT07: USJ 7,BRT01: Sunway-Setia Jaya,2023-11-17,386
BRT07: USJ 7,BRT01: Sunway-Setia Jaya,2023-11-18,218
BRT07: USJ 7,BRT01: Sunway-Setia Jaya,2023-11-19,135
BRT07: USJ 7,BRT01: Sunway-Setia Jaya,2023-11-20,441
BRT07: USJ 7,BRT01: Sunway-Setia Jaya,2023-11-21,479
BRT07: USJ 7,BRT01: Sunway-Setia Jaya,2023-11-22,468
BRT07: USJ 7,BRT01: Sunway-Setia Jaya,2023-11-23,449
BRT07: USJ 7,BRT01: Sunway-Setia Jaya,2023-11-24,380
BRT07: USJ 7,BRT01: Sunway-Setia Jaya,2023-11-25,113
BRT07: USJ 7,BRT01: Sunway-Setia Jaya,2023-11-26,135
BRT07: USJ 7,BRT01: Sunway-Setia Jaya,2023-11-27,455
BRT07: USJ 7,BRT01: Sunway-Setia Jaya,2023-11-28,483
BRT07: USJ 7,BRT01: Sunway-Setia Jaya,2023-11-29,440
BRT07: USJ 7,BRT01: Sunway-Setia Jaya,2023-11-30,452
BRT07: USJ 7,BRT01: Sunway-Setia Jaya,2023-12-01,363
BRT07: USJ 7,BRT01: Sunway-Setia Jaya,2023-12-02,194
BRT07: USJ 7,BRT01: Sunway-Setia Jaya,2023-12-03,106
BRT07: USJ 7,BRT01: Sunway-Setia Jaya,2023-12-04,395
BRT07: USJ 7,BRT01: Sunway-Setia Jaya,2023-12-05,400
BRT07: USJ 7,BRT01: Sunway-Setia Jaya,2023-12-06,418
BRT07: USJ 7,BRT01: Sunway-Setia Jaya,2023-12-07,390
BRT07: USJ 7,BRT01: Sunway-Setia Jaya,2023-12-08,377
BRT07: USJ 7,BRT01: Sunway-Setia Jaya,2023-12-09,210
BRT07: USJ 7,BRT01: Sunway-Setia Jaya,2023-12-10,138
BRT07: USJ 7,BRT01: Sunway-Setia Jaya,2023-12-11,155
BRT07: USJ 7,BRT01: Sunway-Setia Jaya,2023-12-12,403
BRT07: USJ 7,BRT01: Sunway-Setia Jaya,2023-12-13,373
BRT07: USJ 7,BRT01: Sunway-Setia Jaya,2023-12-14,414
BRT07: USJ 7,BRT01: Sunway-Setia Jaya,2023-12-15,388
BRT07: USJ 7,BRT01: Sunway-Setia Jaya,2023-12-16,189
BRT07: USJ 7,BRT01: Sunway-Setia Jaya,2023-12-17,122
BRT07: USJ 7,BRT01: Sunway-Setia Jaya,2023-12-18,317
BRT07: USJ 7,BRT01: Sunway-Setia Jaya,2023-12-19,338
BRT07: USJ 7,BRT01: Sunway-Setia Jaya,2023-12-20,315
BRT07: USJ 7,BRT01: Sunway-Setia Jaya,2023-12-21,338
BRT07: USJ 7,BRT01: Sunway-Setia Jaya,2023-12-22,260
BRT07: USJ 7,BRT01: Sunway-Setia Jaya,2023-12-23,192
BRT07: USJ 7,BRT01: Sunway-Setia Jaya,2023-12-24,134
BRT07: USJ 7,BRT01: Sunway-Setia Jaya,2023-12-25,108
BRT07: USJ 7,BRT01: Sunway-Setia Jaya,2023-12-26,246
BRT07: USJ 7,BRT01: Sunway-Setia Jaya,2023-12-27,259
BRT07: USJ 7,BRT01: Sunway-Setia Jaya,2023-12-28,239
BRT07: USJ 7,BRT01: Sunway-Setia Jaya,2023-12-29,201
BRT07: USJ 7,BRT01: Sunway-Setia Jaya,2023-12-30,134
BRT07: USJ 7,BRT01: Sunway-Setia Jaya,2023-12-31,118
BRT07: USJ 7,BRT02: Mentari,2023-04-01,172
BRT07: USJ 7,BRT02: Mentari,2023-04-02,133
BRT07: USJ 7,BRT02: Mentari,2023-04-03,281
BRT07: USJ 7,BRT02: Mentari,2023-04-04,310
BRT07: USJ 7,BRT02: Mentari,2023-04-05,294
BRT07: USJ 7,BRT02: Mentari,2023-04-06,283
BRT07: USJ 7,BRT02: Mentari,2023-04-07,289
BRT07: USJ 7,BRT02: Mentari,2023-04-08,141
BRT07: USJ 7,BRT02: Mentari,2023-04-09,150
BRT07: USJ 7,BRT02: Mentari,2023-04-10,292
BRT07: USJ 7,BRT02: Mentari,2023-04-11,309
BRT07: USJ 7,BRT02: Mentari,2023-04-12,317
BRT07: USJ 7,BRT02: Mentari,2023-04-13,289
BRT07: USJ 7,BRT02: Mentari,2023-04-14,278
BRT07: USJ 7,BRT02: Mentari,2023-04-15,150
BRT07: USJ 7,BRT02: Mentari,2023-04-16,165
BRT07: USJ 7,BRT02: Mentari,2023-04-17,329
BRT07: USJ 7,BRT02: Mentari,2023-04-18,272
BRT07: USJ 7,BRT02: Mentari,2023-04-19,275
BRT07: USJ 7,BRT02: Mentari,2023-04-20,212
BRT07: USJ 7,BRT02: Mentari,2023-04-21,119
BRT07: USJ 7,BRT02: Mentari,2023-04-22,127
BRT07: USJ 7,BRT02: Mentari,2023-04-23,164
BRT07: USJ 7,BRT02: Mentari,2023-04-24,130
BRT07: USJ 7,BRT02: Mentari,2023-04-25,198
BRT07: USJ 7,BRT02: Mentari,2023-04-26,252
BRT07: USJ 7,BRT02: Mentari,2023-04-27,215
BRT07: USJ 7,BRT02: Mentari,2023-04-28,197
BRT07: USJ 7,BRT02: Mentari,2023-04-29,159
BRT07: USJ 7,BRT02: Mentari,2023-04-30,116
BRT07: USJ 7,BRT02: Mentari,2023-05-01,141
BRT07: USJ 7,BRT02: Mentari,2023-05-02,287
BRT07: USJ 7,BRT02: Mentari,2023-05-03,293
BRT07: USJ 7,BRT02: Mentari,2023-05-04,177
BRT07: USJ 7,BRT02: Mentari,2023-05-05,255
BRT07: USJ 7,BRT02: Mentari,2023-05-06,155
BRT07: USJ 7,BRT02: Mentari,2023-05-07,151
BRT07: USJ 7,BRT02: Mentari,2023-05-08,287
BRT07: USJ 7,BRT02: Mentari,2023-05-09,300
BRT07: USJ 7,BRT02: Mentari,2023-05-10,307
BRT07: USJ 7,BRT02: Mentari,2023-05-11,327
BRT07: USJ 7,BRT02: Mentari,2023-05-12,292
BRT07: USJ 7,BRT02: Mentari,2023-05-13,207
BRT07: USJ 7,BRT02: Mentari,2023-05-14,142
BRT07: USJ 7,BRT02: Mentari,2023-05-15,272
BRT07: USJ 7,BRT02: Mentari,2023-05-16,314
BRT07: USJ 7,BRT02: Mentari,2023-05-17,290
BRT07: USJ 7,BRT02: Mentari,2023-05-18,312
BRT07: USJ 7,BRT02: Mentari,2023-05-19,288
BRT07: USJ 7,BRT02: Mentari,2023-05-20,155
BRT07: USJ 7,BRT02: Mentari,2023-05-21,171
BRT07: USJ 7,BRT02: Mentari,2023-05-22,291
BRT07: USJ 7,BRT02: Mentari,2023-05-23,285
BRT07: USJ 7,BRT02: Mentari,2023-05-24,298
BRT07: USJ 7,BRT02: Mentari,2023-05-25,277
BRT07: USJ 7,BRT02: Mentari,2023-05-26,298
BRT07: USJ 7,BRT02: Mentari,2023-05-27,185
BRT07: USJ 7,BRT02: Mentari,2023-05-28,163
BRT07: USJ 7,BRT02: Mentari,2023-05-29,269
BRT07: USJ 7,BRT02: Mentari,2023-05-30,273
BRT07: USJ 7,BRT02: Mentari,2023-05-31,278
BRT07: USJ 7,BRT02: Mentari,2023-06-01,290
BRT07: USJ 7,BRT02: Mentari,2023-06-02,250
BRT07: USJ 7,BRT02: Mentari,2023-06-03,193
BRT07: USJ 7,BRT02: Mentari,2023-06-04,174
BRT07: USJ 7,BRT02: Mentari,2023-06-05,140
BRT07: USJ 7,BRT02: Mentari,2023-06-06,285
BRT07: USJ 7,BRT02: Mentari,2023-06-07,302
BRT07: USJ 7,BRT02: Mentari,2023-06-08,268
BRT07: USJ 7,BRT02: Mentari,2023-06-09,265
BRT07: USJ 7,BRT02: Mentari,2023-06-10,197
BRT07: USJ 7,BRT02: Mentari,2023-06-11,149
BRT07: USJ 7,BRT02: Mentari,2023-06-12,273
BRT07: USJ 7,BRT02: Mentari,2023-06-13,279
BRT07: USJ 7,BRT02: Mentari,2023-06-14,315
BRT07: USJ 7,BRT02: Mentari,2023-06-15,323
BRT07: USJ 7,BRT02: Mentari,2023-06-16,284
BRT07: USJ 7,BRT02: Mentari,2023-06-17,180
BRT07: USJ 7,BRT02: Mentari,2023-06-18,137
BRT07: USJ 7,BRT02: Mentari,2023-06-19,292
BRT07: USJ 7,BRT02: Mentari,2023-06-20,295
BRT07: USJ 7,BRT02: Mentari,2023-06-21,281
BRT07: USJ 7,BRT02: Mentari,2023-06-22,287
BRT07: USJ 7,BRT02: Mentari,2023-06-23,295
BRT07: USJ 7,BRT02: Mentari,2023-06-24,176
BRT07: USJ 7,BRT02: Mentari,2023-06-25,135
BRT07: USJ 7,BRT02: Mentari,2023-06-26,271
BRT07: USJ 7,BRT02: Mentari,2023-06-27,266
BRT07: USJ 7,BRT02: Mentari,2023-06-28,283
BRT07: USJ 7,BRT02: Mentari,2023-06-29,175
BRT07: USJ 7,BRT02: Mentari,2023-06-30,216
BRT07: USJ 7,BRT02: Mentari,2023-07-01,174
BRT07: USJ 7,BRT02: Mentari,2023-07-02,192
BRT07: USJ 7,BRT02: Mentari,2023-07-03,285
BRT07: USJ 7,BRT02: Mentari,2023-07-04,292
BRT07: USJ 7,BRT02: Mentari,2023-07-05,297
BRT07: USJ 7,BRT02: Mentari,2023-07-06,299
BRT07: USJ 7,BRT02: Mentari,2023-07-07,307
BRT07: USJ 7,BRT02: Mentari,2023-07-08,177
BRT07: USJ 7,BRT02: Mentari,2023-07-09,161
BRT07: USJ 7,BRT02: Mentari,2023-07-10,273
BRT07: USJ 7,BRT02: Mentari,2023-07-11,274
BRT07: USJ 7,BRT02: Mentari,2023-07-12,313
BRT07: USJ 7,BRT02: Mentari,2023-07-13,304
BRT07: USJ 7,BRT02: Mentari,2023-07-14,291
BRT07: USJ 7,BRT02: Mentari,2023-07-15,225
BRT07: USJ 7,BRT02: Mentari,2023-07-16,158
BRT07: USJ 7,BRT02: Mentari,2023-07-17,290
BRT07: USJ 7,BRT02: Mentari,2023-07-18,314
BRT07: USJ 7,BRT02: Mentari,2023-07-19,155
BRT07: USJ 7,BRT02: Mentari,2023-07-20,267
BRT07: USJ 7,BRT02: Mentari,2023-07-21,271
BRT07: USJ 7,BRT02: Mentari,2023-07-22,162
BRT07: USJ 7,BRT02: Mentari,2023-07-23,152
BRT07: USJ 7,BRT02: Mentari,2023-07-24,277
BRT07: USJ 7,BRT02: Mentari,2023-07-25,276
BRT07: USJ 7,BRT02: Mentari,2023-07-26,332
BRT07: USJ 7,BRT02: Mentari,2023-07-27,277
BRT07: USJ 7,BRT02: Mentari,2023-07-28,283
BRT07: USJ 7,BRT02: Mentari,2023-07-29,207
BRT07: USJ 7,BRT02: Mentari,2023-07-30,137
BRT07: USJ 7,BRT02: Mentari,2023-07-31,277
BRT07: USJ 7,BRT02: Mentari,2023-08-01,291
BRT07: USJ 7,BRT02: Mentari,2023-08-02,284
BRT07: USJ 7,BRT02: Mentari,2023-08-03,293
BRT07: USJ 7,BRT02: Mentari,2023-08-04,291
BRT07: USJ 7,BRT02: Mentari,2023-08-05,178
BRT07: USJ 7,BRT02: Mentari,2023-08-06,144
BRT07: USJ 7,BRT02: Mentari,2023-08-07,313
BRT07: USJ 7,BRT02: Mentari,2023-08-08,314
BRT07: USJ 7,BRT02: Mentari,2023-08-09,319
BRT07: USJ 7,BRT02: Mentari,2023-08-10,297
BRT07: USJ 7,BRT02: Mentari,2023-08-11,288
BRT07: USJ 7,BRT02: Mentari,2023-08-12,184
BRT07: USJ 7,BRT02: Mentari,2023-08-13,150
BRT07: USJ 7,BRT02: Mentari,2023-08-14,215
BRT07: USJ 7,BRT02: Mentari,2023-08-15,331
BRT07: USJ 7,BRT02: Mentari,2023-08-16,295
BRT07: USJ 7,BRT02: Mentari,2023-08-17,320
BRT07: USJ 7,BRT02: Mentari,2023-08-18,269
BRT07: USJ 7,BRT02: Mentari,2023-08-19,184
BRT07: USJ 7,BRT02: Mentari,2023-08-20,157
BRT07: USJ 7,BRT02: Mentari,2023-08-21,301
BRT07: USJ 7,BRT02: Mentari,2023-08-22,285
BRT07: USJ 7,BRT02: Mentari,2023-08-23,314
BRT07: USJ 7,BRT02: Mentari,2023-08-24,312
BRT07: USJ 7,BRT02: Mentari,2023-08-25,293
BRT07: USJ 7,BRT02: Mentari,2023-08-26,208
BRT07: USJ 7,BRT02: Mentari,2023-08-27,164
BRT07: USJ 7,BRT02: Mentari,2023-08-28,285
BRT07: USJ 7,BRT02: Mentari,2023-08-29,272
BRT07: USJ 7,BRT02: Mentari,2023-08-30,323
BRT07: USJ 7,BRT02: Mentari,2023-08-31,174
BRT07: USJ 7,BRT02: Mentari,2023-09-01,269
BRT07: USJ 7,BRT02: Mentari,2023-09-02,165
BRT07: USJ 7,BRT02: Mentari,2023-09-03,147
BRT07: USJ 7,BRT02: Mentari,2023-09-04,314
BRT07: USJ 7,BRT02: Mentari,2023-09-05,301
BRT07: USJ 7,BRT02: Mentari,2023-09-06,346
BRT07: USJ 7,BRT02: Mentari,2023-09-07,327
BRT07: USJ 7,BRT02: Mentari,2023-09-08,303
BRT07: USJ 7,BRT02: Mentari,2023-09-09,199
BRT07: USJ 7,BRT02: Mentari,2023-09-10,171
BRT07: USJ 7,BRT02: Mentari,2023-09-11,298
BRT07: USJ 7,BRT02: Mentari,2023-09-12,321
BRT07: USJ 7,BRT02: Mentari,2023-09-13,315
BRT07: USJ 7,BRT02: Mentari,2023-09-14,325
BRT07: USJ 7,BRT02: Mentari,2023-09-15,323
BRT07: USJ 7,BRT02: Mentari,2023-09-16,192
BRT07: USJ 7,BRT02: Mentari,2023-09-17,160
BRT07: USJ 7,BRT02: Mentari,2023-09-18,292
BRT07: USJ 7,BRT02: Mentari,2023-09-19,322
BRT07: USJ 7,BRT02: Mentari,2023-09-20,314
BRT07: USJ 7,BRT02: Mentari,2023-09-21,310
BRT07: USJ 7,BRT02: Mentari,2023-09-22,281
BRT07: USJ 7,BRT02: Mentari,2023-09-23,163
BRT07: USJ 7,BRT02: Mentari,2023-09-24,171
BRT07: USJ 7,BRT02: Mentari,2023-09-25,318
BRT07: USJ 7,BRT02: Mentari,2023-09-26,307
BRT07: USJ 7,BRT02: Mentari,2023-09-27,316
BRT07: USJ 7,BRT02: Mentari,2023-09-28,165
BRT07: USJ 7,BRT02: Mentari,2023-09-29,269
BRT07: USJ 7,BRT02: Mentari,2023-09-30,172
BRT07: USJ 7,BRT02: Mentari,2023-10-01,157
BRT07: USJ 7,BRT02: Mentari,2023-10-02,265
BRT07: USJ 7,BRT02: Mentari,2023-10-03,337
BRT07: USJ 7,BRT02: Mentari,2023-10-04,318
BRT07: USJ 7,BRT02: Mentari,2023-10-05,318
BRT07: USJ 7,BRT02: Mentari,2023-10-06,294
BRT07: USJ 7,BRT02: Mentari,2023-10-07,192
BRT07: USJ 7,BRT02: Mentari,2023-10-08,169
BRT07: USJ 7,BRT02: Mentari,2023-10-09,335
BRT07: USJ 7,BRT02: Mentari,2023-10-10,307
BRT07: USJ 7,BRT02: Mentari,2023-10-11,340
BRT07: USJ 7,BRT02: Mentari,2023-10-12,339
BRT07: USJ 7,BRT02: Mentari,2023-10-13,267
BRT07: USJ 7,BRT02: Mentari,2023-10-14,200
BRT07: USJ 7,BRT02: Mentari,2023-10-15,156
BRT07: USJ 7,BRT02: Mentari,2023-10-16,330
BRT07: USJ 7,BRT02: Mentari,2023-10-17,318
BRT07: USJ 7,BRT02: Mentari,2023-10-18,330
BRT07: USJ 7,BRT02: Mentari,2023-10-19,328
BRT07: USJ 7,BRT02: Mentari,2023-10-20,315
BRT07: USJ 7,BRT02: Mentari,2023-10-21,202
BRT07: USJ 7,BRT02: Mentari,2023-10-22,176
BRT07: USJ 7,BRT02: Mentari,2023-10-23,314
BRT07: USJ 7,BRT02: Mentari,2023-10-24,310
BRT07: USJ 7,BRT02: Mentari,2023-10-25,353
BRT07: USJ 7,BRT02: Mentari,2023-10-26,340
BRT07: USJ 7,BRT02: Mentari,2023-10-27,286
BRT07: USJ 7,BRT02: Mentari,2023-10-28,188
BRT07: USJ 7,BRT02: Mentari,2023-10-29,148
BRT07: USJ 7,BRT02: Mentari,2023-10-30,312
BRT07: USJ 7,BRT02: Mentari,2023-10-31,285
BRT07: USJ 7,BRT02: Mentari,2023-11-01,345
BRT07: USJ 7,BRT02: Mentari,2023-11-02,308
BRT07: USJ 7,BRT02: Mentari,2023-11-03,290
BRT07: USJ 7,BRT02: Mentari,2023-11-04,205
BRT07: USJ 7,BRT02: Mentari,2023-11-05,156
BRT07: USJ 7,BRT02: Mentari,2023-11-06,323
BRT07: USJ 7,BRT02: Mentari,2023-11-07,330
BRT07: USJ 7,BRT02: Mentari,2023-11-08,387
BRT07: USJ 7,BRT02: Mentari,2023-11-09,331
BRT07: USJ 7,BRT02: Mentari,2023-11-10,287
BRT07: USJ 7,BRT02: Mentari,2023-11-11,182
BRT07: USJ 7,BRT02: Mentari,2023-11-12,202
BRT07: USJ 7,BRT02: Mentari,2023-11-13,168
BRT07: USJ 7,BRT02: Mentari,2023-11-14,272
BRT07: USJ 7,BRT02: Mentari,2023-11-15,330
BRT07: USJ 7,BRT02: Mentari,2023-11-16,329
BRT07: USJ 7,BRT02: Mentari,2023-11-17,278
BRT07: USJ 7,BRT02: Mentari,2023-11-18,166
BRT07: USJ 7,BRT02: Mentari,2023-11-19,164
BRT07: USJ 7,BRT02: Mentari,2023-11-20,327
BRT07: USJ 7,BRT02: Mentari,2023-11-21,328
BRT07: USJ 7,BRT02: Mentari,2023-11-22,338
BRT07: USJ 7,BRT02: Mentari,2023-11-23,316
BRT07: USJ 7,BRT02: Mentari,2023-11-24,306
BRT07: USJ 7,BRT02: Mentari,2023-11-25,113
BRT07: USJ 7,BRT02: Mentari,2023-11-26,160
BRT07: USJ 7,BRT02: Mentari,2023-11-27,321
BRT07: USJ 7,BRT02: Mentari,2023-11-28,309
BRT07: USJ 7,BRT02: Mentari,2023-11-29,328
BRT07: USJ 7,BRT02: Mentari,2023-11-30,318
BRT07: USJ 7,BRT02: Mentari,2023-12-01,339
BRT07: USJ 7,BRT02: Mentari,2023-12-02,213
BRT07: USJ 7,BRT02: Mentari,2023-12-03,183
BRT07: USJ 7,BRT02: Mentari,2023-12-04,303
BRT07: USJ 7,BRT02: Mentari,2023-12-05,300
BRT07: USJ 7,BRT02: Mentari,2023-12-06,334
BRT07: USJ 7,BRT02: Mentari,2023-12-07,319
BRT07: USJ 7,BRT02: Mentari,2023-12-08,342
BRT07: USJ 7,BRT02: Mentari,2023-12-09,216
BRT07: USJ 7,BRT02: Mentari,2023-12-10,186
BRT07: USJ 7,BRT02: Mentari,2023-12-11,176
BRT07: USJ 7,BRT02: Mentari,2023-12-12,326
BRT07: USJ 7,BRT02: Mentari,2023-12-13,363
BRT07: USJ 7,BRT02: Mentari,2023-12-14,297
BRT07: USJ 7,BRT02: Mentari,2023-12-15,321
BRT07: USJ 7,BRT02: Mentari,2023-12-16,194
BRT07: USJ 7,BRT02: Mentari,2023-12-17,173
BRT07: USJ 7,BRT02: Mentari,2023-12-18,298
BRT07: USJ 7,BRT02: Mentari,2023-12-19,296
BRT07: USJ 7,BRT02: Mentari,2023-12-20,327
BRT07: USJ 7,BRT02: Mentari,2023-12-21,308
BRT07: USJ 7,BRT02: Mentari,2023-12-22,265
BRT07: USJ 7,BRT02: Mentari,2023-12-23,186
BRT07: USJ 7,BRT02: Mentari,2023-12-24,201
BRT07: USJ 7,BRT02: Mentari,2023-12-25,187
BRT07: USJ 7,BRT02: Mentari,2023-12-26,254
BRT07: USJ 7,BRT02: Mentari,2023-12-27,278
BRT07: USJ 7,BRT02: Mentari,2023-12-28,240
BRT07: USJ 7,BRT02: Mentari,2023-12-29,244
BRT07: USJ 7,BRT02: Mentari,2023-12-30,188
BRT07: USJ 7,BRT02: Mentari,2023-12-31,178
BRT07: USJ 7,BRT03: Sunway Lagoon,2023-04-01,932
BRT07: USJ 7,BRT03: Sunway Lagoon,2023-04-02,838
BRT07: USJ 7,BRT03: Sunway Lagoon,2023-04-03,1028
BRT07: USJ 7,BRT03: Sunway Lagoon,2023-04-04,1025
BRT07: USJ 7,BRT03: Sunway Lagoon,2023-04-05,1098
BRT07: USJ 7,BRT03: Sunway Lagoon,2023-04-06,1031
BRT07: USJ 7,BRT03: Sunway Lagoon,2023-04-07,1278
BRT07: USJ 7,BRT03: Sunway Lagoon,2023-04-08,1029
BRT07: USJ 7,BRT03: Sunway Lagoon,2023-04-09,969
BRT07: USJ 7,BRT03: Sunway Lagoon,2023-04-10,968
BRT07: USJ 7,BRT03: Sunway Lagoon,2023-04-11,1058
BRT07: USJ 7,BRT03: Sunway Lagoon,2023-04-12,1190
BRT07: USJ 7,BRT03: Sunway Lagoon,2023-04-13,1063
BRT07: USJ 7,BRT03: Sunway Lagoon,2023-04-14,1157
BRT07: USJ 7,BRT03: Sunway Lagoon,2023-04-15,1139
BRT07: USJ 7,BRT03: Sunway Lagoon,2023-04-16,898
BRT07: USJ 7,BRT03: Sunway Lagoon,2023-04-17,1111
BRT07: USJ 7,BRT03: Sunway Lagoon,2023-04-18,1102
BRT07: USJ 7,BRT03: Sunway Lagoon,2023-04-19,1211
BRT07: USJ 7,BRT03: Sunway Lagoon,2023-04-20,1064
BRT07: USJ 7,BRT03: Sunway Lagoon,2023-04-21,934
BRT07: USJ 7,BRT03: Sunway Lagoon,2023-04-22,1005
BRT07: USJ 7,BRT03: Sunway Lagoon,2023-04-23,1156
BRT07: USJ 7,BRT03: Sunway Lagoon,2023-04-24,915
BRT07: USJ 7,BRT03: Sunway Lagoon,2023-04-25,1034
BRT07: USJ 7,BRT03: Sunway Lagoon,2023-04-26,1100
BRT07: USJ 7,BRT03: Sunway Lagoon,2023-04-27,1103
BRT07: USJ 7,BRT03: Sunway Lagoon,2023-04-28,1227
BRT07: USJ 7,BRT03: Sunway Lagoon,2023-04-29,1080
BRT07: USJ 7,BRT03: Sunway Lagoon,2023-04-30,1059
BRT07: USJ 7,BRT03: Sunway Lagoon,2023-05-01,900
BRT07: USJ 7,BRT03: Sunway Lagoon,2023-05-02,959
BRT07: USJ 7,BRT03: Sunway Lagoon,2023-05-03,1103
BRT07: USJ 7,BRT03: Sunway Lagoon,2023-05-04,1001
BRT07: USJ 7,BRT03: Sunway Lagoon,2023-05-05,1038
BRT07: USJ 7,BRT03: Sunway Lagoon,2023-05-06,997
BRT07: USJ 7,BRT03: Sunway Lagoon,2023-05-07,876
BRT07: USJ 7,BRT03: Sunway Lagoon,2023-05-08,1039
BRT07: USJ 7,BRT03: Sunway Lagoon,2023-05-09,1052
BRT07: USJ 7,BRT03: Sunway Lagoon,2023-05-10,1124
BRT07: USJ 7,BRT03: Sunway Lagoon,2023-05-11,1104
BRT07: USJ 7,BRT03: Sunway Lagoon,2023-05-12,1250
BRT07: USJ 7,BRT03: Sunway Lagoon,2023-05-13,1164
BRT07: USJ 7,BRT03: Sunway Lagoon,2023-05-14,928
BRT07: USJ 7,BRT03: Sunway Lagoon,2023-05-15,1082
BRT07: USJ 7,BRT03: Sunway Lagoon,2023-05-16,1134
BRT07: USJ 7,BRT03: Sunway Lagoon,2023-05-17,1216
BRT07: USJ 7,BRT03: Sunway Lagoon,2023-05-18,1124
BRT07: USJ 7,BRT03: Sunway Lagoon,2023-05-19,1197
BRT07: USJ 7,BRT03: Sunway Lagoon,2023-05-20,1057
BRT07: USJ 7,BRT03: Sunway Lagoon,2023-05-21,804
BRT07: USJ 7,BRT03: Sunway Lagoon,2023-05-22,1012
BRT07: USJ 7,BRT03: Sunway Lagoon,2023-05-23,1052
BRT07: USJ 7,BRT03: Sunway Lagoon,2023-05-24,1160
BRT07: USJ 7,BRT03: Sunway Lagoon,2023-05-25,1088
BRT07: USJ 7,BRT03: Sunway Lagoon,2023-05-26,1146
BRT07: USJ 7,BRT03: Sunway Lagoon,2023-05-27,1135
BRT07: USJ 7,BRT03: Sunway Lagoon,2023-05-28,893
BRT07: USJ 7,BRT03: Sunway Lagoon,2023-05-29,1184
BRT07: USJ 7,BRT03: Sunway Lagoon,2023-05-30,1292
BRT07: USJ 7,BRT03: Sunway Lagoon,2023-05-31,1380
BRT07: USJ 7,BRT03: Sunway Lagoon,2023-06-01,1369
BRT07: USJ 7,BRT03: Sunway Lagoon,2023-06-02,1309
BRT07: USJ 7,BRT03: Sunway Lagoon,2023-06-03,1170
BRT07: USJ 7,BRT03: Sunway Lagoon,2023-06-04,1044
BRT07: USJ 7,BRT03: Sunway Lagoon,2023-06-05,923
BRT07: USJ 7,BRT03: Sunway Lagoon,2023-06-06,1117
BRT07: USJ 7,BRT03: Sunway Lagoon,2023-06-07,1188
BRT07: USJ 7,BRT03: Sunway Lagoon,2023-06-08,1378
BRT07: USJ 7,BRT03: Sunway Lagoon,2023-06-09,1340
BRT07: USJ 7,BRT03: Sunway Lagoon,2023-06-10,1169
BRT07: USJ 7,BRT03: Sunway Lagoon,2023-06-11,1073
BRT07: USJ 7,BRT03: Sunway Lagoon,2023-06-12,1102
BRT07: USJ 7,BRT03: Sunway Lagoon,2023-06-13,1186
BRT07: USJ 7,BRT03: Sunway Lagoon,2023-06-14,1235
BRT07: USJ 7,BRT03: Sunway Lagoon,2023-06-15,1181
BRT07: USJ 7,BRT03: Sunway Lagoon,2023-06-16,1213
BRT07: USJ 7,BRT03: Sunway Lagoon,2023-06-17,1038
BRT07: USJ 7,BRT03: Sunway Lagoon,2023-06-18,908
BRT07: USJ 7,BRT03: Sunway Lagoon,2023-06-19,1104
BRT07: USJ 7,BRT03: Sunway Lagoon,2023-06-20,1054
BRT07: USJ 7,BRT03: Sunway Lagoon,2023-06-21,1247
BRT07: USJ 7,BRT03: Sunway Lagoon,2023-06-22,1197
BRT07: USJ 7,BRT03: Sunway Lagoon,2023-06-23,1286
BRT07: USJ 7,BRT03: Sunway Lagoon,2023-06-24,1103
BRT07: USJ 7,BRT03: Sunway Lagoon,2023-06-25,1111
BRT07: USJ 7,BRT03: Sunway Lagoon,2023-06-26,1161
BRT07: USJ 7,BRT03: Sunway Lagoon,2023-06-27,1186
BRT07: USJ 7,BRT03: Sunway Lagoon,2023-06-28,1319
BRT07: USJ 7,BRT03: Sunway Lagoon,2023-06-29,1230
BRT07: USJ 7,BRT03: Sunway Lagoon,2023-06-30,1252
BRT07: USJ 7,BRT03: Sunway Lagoon,2023-07-01,1216
BRT07: USJ 7,BRT03: Sunway Lagoon,2023-07-02,895
BRT07: USJ 7,BRT03: Sunway Lagoon,2023-07-03,1096
BRT07: USJ 7,BRT03: Sunway Lagoon,2023-07-04,1211
BRT07: USJ 7,BRT03: Sunway Lagoon,2023-07-05,1285
BRT07: USJ 7,BRT03: Sunway Lagoon,2023-07-06,1292
BRT07: USJ 7,BRT03: Sunway Lagoon,2023-07-07,1326
BRT07: USJ 7,BRT03: Sunway Lagoon,2023-07-08,1387
BRT07: USJ 7,BRT03: Sunway Lagoon,2023-07-09,1080
BRT07: USJ 7,BRT03: Sunway Lagoon,2023-07-10,1132
BRT07: USJ 7,BRT03: Sunway Lagoon,2023-07-11,1164
BRT07: USJ 7,BRT03: Sunway Lagoon,2023-07-12,1192
BRT07: USJ 7,BRT03: Sunway Lagoon,2023-07-13,1173
BRT07: USJ 7,BRT03: Sunway Lagoon,2023-07-14,1269
BRT07: USJ 7,BRT03: Sunway Lagoon,2023-07-15,1129
BRT07: USJ 7,BRT03: Sunway Lagoon,2023-07-16,861
BRT07: USJ 7,BRT03: Sunway Lagoon,2023-07-17,1068
BRT07: USJ 7,BRT03: Sunway Lagoon,2023-07-18,1183
BRT07: USJ 7,BRT03: Sunway Lagoon,2023-07-19,1178
BRT07: USJ 7,BRT03: Sunway Lagoon,2023-07-20,1162
BRT07: USJ 7,BRT03: Sunway Lagoon,2023-07-21,1176
BRT07: USJ 7,BRT03: Sunway Lagoon,2023-07-22,1052
BRT07: USJ 7,BRT03: Sunway Lagoon,2023-07-23,908
BRT07: USJ 7,BRT03: Sunway Lagoon,2023-07-24,1147
BRT07: USJ 7,BRT03: Sunway Lagoon,2023-07-25,1053
BRT07: USJ 7,BRT03: Sunway Lagoon,2023-07-26,1178
BRT07: USJ 7,BRT03: Sunway Lagoon,2023-07-27,1172
BRT07: USJ 7,BRT03: Sunway Lagoon,2023-07-28,1317
BRT07: USJ 7,BRT03: Sunway Lagoon,2023-07-29,1230
BRT07: USJ 7,BRT03: Sunway Lagoon,2023-07-30,927
BRT07: USJ 7,BRT03: Sunway Lagoon,2023-07-31,1085
BRT07: USJ 7,BRT03: Sunway Lagoon,2023-08-01,1125
BRT07: USJ 7,BRT03: Sunway Lagoon,2023-08-02,1201
BRT07: USJ 7,BRT03: Sunway Lagoon,2023-08-03,1119
BRT07: USJ 7,BRT03: Sunway Lagoon,2023-08-04,1078
BRT07: USJ 7,BRT03: Sunway Lagoon,2023-08-05,1041
BRT07: USJ 7,BRT03: Sunway Lagoon,2023-08-06,839
BRT07: USJ 7,BRT03: Sunway Lagoon,2023-08-07,1061
BRT07: USJ 7,BRT03: Sunway Lagoon,2023-08-08,1101
BRT07: USJ 7,BRT03: Sunway Lagoon,2023-08-09,1177
BRT07: USJ 7,BRT03: Sunway Lagoon,2023-08-10,1200
BRT07: USJ 7,BRT03: Sunway Lagoon,2023-08-11,1144
BRT07: USJ 7,BRT03: Sunway Lagoon,2023-08-12,990
BRT07: USJ 7,BRT03: Sunway Lagoon,2023-08-13,814
BRT07: USJ 7,BRT03: Sunway Lagoon,2023-08-14,782
BRT07: USJ 7,BRT03: Sunway Lagoon,2023-08-15,1041
BRT07: USJ 7,BRT03: Sunway Lagoon,2023-08-16,1157
BRT07: USJ 7,BRT03: Sunway Lagoon,2023-08-17,1130
BRT07: USJ 7,BRT03: Sunway Lagoon,2023-08-18,1140
BRT07: USJ 7,BRT03: Sunway Lagoon,2023-08-19,944
BRT07: USJ 7,BRT03: Sunway Lagoon,2023-08-20,895
BRT07: USJ 7,BRT03: Sunway Lagoon,2023-08-21,1036
BRT07: USJ 7,BRT03: Sunway Lagoon,2023-08-22,1053
BRT07: USJ 7,BRT03: Sunway Lagoon,2023-08-23,1132
BRT07: USJ 7,BRT03: Sunway Lagoon,2023-08-24,1079
BRT07: USJ 7,BRT03: Sunway Lagoon,2023-08-25,1240
BRT07: USJ 7,BRT03: Sunway Lagoon,2023-08-26,1074
BRT07: USJ 7,BRT03: Sunway Lagoon,2023-08-27,922
BRT07: USJ 7,BRT03: Sunway Lagoon,2023-08-28,1160
BRT07: USJ 7,BRT03: Sunway Lagoon,2023-08-29,1270
BRT07: USJ 7,BRT03: Sunway Lagoon,2023-08-30,1490
BRT07: USJ 7,BRT03: Sunway Lagoon,2023-08-31,1209
BRT07: USJ 7,BRT03: Sunway Lagoon,2023-09-01,1200
BRT07: USJ 7,BRT03: Sunway Lagoon,2023-09-02,1103
BRT07: USJ 7,BRT03: Sunway Lagoon,2023-09-03,917
BRT07: USJ 7,BRT03: Sunway Lagoon,2023-09-04,1040
BRT07: USJ 7,BRT03: Sunway Lagoon,2023-09-05,1099
BRT07: USJ 7,BRT03: Sunway Lagoon,2023-09-06,1212
BRT07: USJ 7,BRT03: Sunway Lagoon,2023-09-07,1102
BRT07: USJ 7,BRT03: Sunway Lagoon,2023-09-08,1360
BRT07: USJ 7,BRT03: Sunway Lagoon,2023-09-09,1111
BRT07: USJ 7,BRT03: Sunway Lagoon,2023-09-10,929
BRT07: USJ 7,BRT03: Sunway Lagoon,2023-09-11,1042
BRT07: USJ 7,BRT03: Sunway Lagoon,2023-09-12,1138
BRT07: USJ 7,BRT03: Sunway Lagoon,2023-09-13,1205
BRT07: USJ 7,BRT03: Sunway Lagoon,2023-09-14,1211
BRT07: USJ 7,BRT03: Sunway Lagoon,2023-09-15,1216
BRT07: USJ 7,BRT03: Sunway Lagoon,2023-09-16,1201
BRT07: USJ 7,BRT03: Sunway Lagoon,2023-09-17,991
BRT07: USJ 7,BRT03: Sunway Lagoon,2023-09-18,1075
BRT07: USJ 7,BRT03: Sunway Lagoon,2023-09-19,1159
BRT07: USJ 7,BRT03: Sunway Lagoon,2023-09-20,1273
BRT07: USJ 7,BRT03: Sunway Lagoon,2023-09-21,1259
BRT07: USJ 7,BRT03: Sunway Lagoon,2023-09-22,1229
BRT07: USJ 7,BRT03: Sunway Lagoon,2023-09-23,1069
BRT07: USJ 7,BRT03: Sunway Lagoon,2023-09-24,792
BRT07: USJ 7,BRT03: Sunway Lagoon,2023-09-25,1174
BRT07: USJ 7,BRT03: Sunway Lagoon,2023-09-26,1137
BRT07: USJ 7,BRT03: Sunway Lagoon,2023-09-27,1307
BRT07: USJ 7,BRT03: Sunway Lagoon,2023-09-28,1147
BRT07: USJ 7,BRT03: Sunway Lagoon,2023-09-29,1271
BRT07: USJ 7,BRT03: Sunway Lagoon,2023-09-30,1185
BRT07: USJ 7,BRT03: Sunway Lagoon,2023-10-01,1003
BRT07: USJ 7,BRT03: Sunway Lagoon,2023-10-02,1079
BRT07: USJ 7,BRT03: Sunway Lagoon,2023-10-03,1120
BRT07: USJ 7,BRT03: Sunway Lagoon,2023-10-04,1271
BRT07: USJ 7,BRT03: Sunway Lagoon,2023-10-05,1221
BRT07: USJ 7,BRT03: Sunway Lagoon,2023-10-06,1526
BRT07: USJ 7,BRT03: Sunway Lagoon,2023-10-07,1257
BRT07: USJ 7,BRT03: Sunway Lagoon,2023-10-08,1040
BRT07: USJ 7,BRT03: Sunway Lagoon,2023-10-09,1077
BRT07: USJ 7,BRT03: Sunway Lagoon,2023-10-10,1123
BRT07: USJ 7,BRT03: Sunway Lagoon,2023-10-11,1208
BRT07: USJ 7,BRT03: Sunway Lagoon,2023-10-12,1117
BRT07: USJ 7,BRT03: Sunway Lagoon,2023-10-13,1298
BRT07: USJ 7,BRT03: Sunway Lagoon,2023-10-14,1213
BRT07: USJ 7,BRT03: Sunway Lagoon,2023-10-15,881
BRT07: USJ 7,BRT03: Sunway Lagoon,2023-10-16,1014
BRT07: USJ 7,BRT03: Sunway Lagoon,2023-10-17,1137
BRT07: USJ 7,BRT03: Sunway Lagoon,2023-10-18,1218
BRT07: USJ 7,BRT03: Sunway Lagoon,2023-10-19,1235
BRT07: USJ 7,BRT03: Sunway Lagoon,2023-10-20,1380
BRT07: USJ 7,BRT03: Sunway Lagoon,2023-10-21,1327
BRT07: USJ 7,BRT03: Sunway Lagoon,2023-10-22,1060
BRT07: USJ 7,BRT03: Sunway Lagoon,2023-10-23,1033
BRT07: USJ 7,BRT03: Sunway Lagoon,2023-10-24,1107
BRT07: USJ 7,BRT03: Sunway Lagoon,2023-10-25,1198
BRT07: USJ 7,BRT03: Sunway Lagoon,2023-10-26,1169
BRT07: USJ 7,BRT03: Sunway Lagoon,2023-10-27,1356
BRT07: USJ 7,BRT03: Sunway Lagoon,2023-10-28,1290
BRT07: USJ 7,BRT03: Sunway Lagoon,2023-10-29,981
BRT07: USJ 7,BRT03: Sunway Lagoon,2023-10-30,1148
BRT07: USJ 7,BRT03: Sunway Lagoon,2023-10-31,1252
BRT07: USJ 7,BRT03: Sunway Lagoon,2023-11-01,1299
BRT07: USJ 7,BRT03: Sunway Lagoon,2023-11-02,1267
BRT07: USJ 7,BRT03: Sunway Lagoon,2023-11-03,1587
BRT07: USJ 7,BRT03: Sunway Lagoon,2023-11-04,1788
BRT07: USJ 7,BRT03: Sunway Lagoon,2023-11-05,1694
BRT07: USJ 7,BRT03: Sunway Lagoon,2023-11-06,1083
BRT07: USJ 7,BRT03: Sunway Lagoon,2023-11-07,1109
BRT07: USJ 7,BRT03: Sunway Lagoon,2023-11-08,1255
BRT07: USJ 7,BRT03: Sunway Lagoon,2023-11-09,1238
BRT07: USJ 7,BRT03: Sunway Lagoon,2023-11-10,1508
BRT07: USJ 7,BRT03: Sunway Lagoon,2023-11-11,1866
BRT07: USJ 7,BRT03: Sunway Lagoon,2023-11-12,1499
BRT07: USJ 7,BRT03: Sunway Lagoon,2023-11-13,1025
BRT07: USJ 7,BRT03: Sunway Lagoon,2023-11-14,1102
BRT07: USJ 7,BRT03: Sunway Lagoon,2023-11-15,1199
BRT07: USJ 7,BRT03: Sunway Lagoon,2023-11-16,1181
BRT07: USJ 7,BRT03: Sunway Lagoon,2023-11-17,1341
BRT07: USJ 7,BRT03: Sunway Lagoon,2023-11-18,1348
BRT07: USJ 7,BRT03: Sunway Lagoon,2023-11-19,1142
BRT07: USJ 7,BRT03: Sunway Lagoon,2023-11-20,998
BRT07: USJ 7,BRT03: Sunway Lagoon,2023-11-21,1078
BRT07: USJ 7,BRT03: Sunway Lagoon,2023-11-22,1096
BRT07: USJ 7,BRT03: Sunway Lagoon,2023-11-23,1185
BRT07: USJ 7,BRT03: Sunway Lagoon,2023-11-24,1380
BRT07: USJ 7,BRT03: Sunway Lagoon,2023-11-25,1061
BRT07: USJ 7,BRT03: Sunway Lagoon,2023-11-26,928
BRT07: USJ 7,BRT03: Sunway Lagoon,2023-11-27,1112
BRT07: USJ 7,BRT03: Sunway Lagoon,2023-11-28,1150
BRT07: USJ 7,BRT03: Sunway Lagoon,2023-11-29,1277
BRT07: USJ 7,BRT03: Sunway Lagoon,2023-11-30,1214
BRT07: USJ 7,BRT03: Sunway Lagoon,2023-12-01,1268
BRT07: USJ 7,BRT03: Sunway Lagoon,2023-12-02,1144
BRT07: USJ 7,BRT03: Sunway Lagoon,2023-12-03,839
BRT07: USJ 7,BRT03: Sunway Lagoon,2023-12-04,1057
BRT07: USJ 7,BRT03: Sunway Lagoon,2023-12-05,1200
BRT07: USJ 7,BRT03: Sunway Lagoon,2023-12-06,1227
BRT07: USJ 7,BRT03: Sunway Lagoon,2023-12-07,1220
BRT07: USJ 7,BRT03: Sunway Lagoon,2023-12-08,1507
BRT07: USJ 7,BRT03: Sunway Lagoon,2023-12-09,1207
BRT07: USJ 7,BRT03: Sunway Lagoon,2023-12-10,1006
BRT07: USJ 7,BRT03: Sunway Lagoon,2023-12-11,885
BRT07: USJ 7,BRT03: Sunway Lagoon,2023-12-12,1180
BRT07: USJ 7,BRT03: Sunway Lagoon,2023-12-13,1267
BRT07: USJ 7,BRT03: Sunway Lagoon,2023-12-14,1212
BRT07: USJ 7,BRT03: Sunway Lagoon,2023-12-15,1296
BRT07: USJ 7,BRT03: Sunway Lagoon,2023-12-16,1267
BRT07: USJ 7,BRT03: Sunway Lagoon,2023-12-17,1103
BRT07: USJ 7,BRT03: Sunway Lagoon,2023-12-18,1331
BRT07: USJ 7,BRT03: Sunway Lagoon,2023-12-19,1320
BRT07: USJ 7,BRT03: Sunway Lagoon,2023-12-20,1313
BRT07: USJ 7,BRT03: Sunway Lagoon,2023-12-21,1330
BRT07: USJ 7,BRT03: Sunway Lagoon,2023-12-22,1305
BRT07: USJ 7,BRT03: Sunway Lagoon,2023-12-23,1200
BRT07: USJ 7,BRT03: Sunway Lagoon,2023-12-24,1399
BRT07: USJ 7,BRT03: Sunway Lagoon,2023-12-25,1275
BRT07: USJ 7,BRT03: Sunway Lagoon,2023-12-26,1072
BRT07: USJ 7,BRT03: Sunway Lagoon,2023-12-27,1178
BRT07: USJ 7,BRT03: Sunway Lagoon,2023-12-28,1156
BRT07: USJ 7,BRT03: Sunway Lagoon,2023-12-29,1192
BRT07: USJ 7,BRT03: Sunway Lagoon,2023-12-30,1089
BRT07: USJ 7,BRT03: Sunway Lagoon,2023-12-31,1813
BRT07: USJ 7,BRT04: SunMed,2023-04-01,522
BRT07: USJ 7,BRT04: SunMed,2023-04-02,457
BRT07: USJ 7,BRT04: SunMed,2023-04-03,815
BRT07: USJ 7,BRT04: SunMed,2023-04-04,871
BRT07: USJ 7,BRT04: SunMed,2023-04-05,908
BRT07: USJ 7,BRT04: SunMed,2023-04-06,903
BRT07: USJ 7,BRT04: SunMed,2023-04-07,821
BRT07: USJ 7,BRT04: SunMed,2023-04-08,484
BRT07: USJ 7,BRT04: SunMed,2023-04-09,444
BRT07: USJ 7,BRT04: SunMed,2023-04-10,881
BRT07: USJ 7,BRT04: SunMed,2023-04-11,939
BRT07: USJ 7,BRT04: SunMed,2023-04-12,946
BRT07: USJ 7,BRT04: SunMed,2023-04-13,921
BRT07: USJ 7,BRT04: SunMed,2023-04-14,868
BRT07: USJ 7,BRT04: SunMed,2023-04-15,557
BRT07: USJ 7,BRT04: SunMed,2023-04-16,487
BRT07: USJ 7,BRT04: SunMed,2023-04-17,896
BRT07: USJ 7,BRT04: SunMed,2023-04-18,950
BRT07: USJ 7,BRT04: SunMed,2023-04-19,881
BRT07: USJ 7,BRT04: SunMed,2023-04-20,790
BRT07: USJ 7,BRT04: SunMed,2023-04-21,463
BRT07: USJ 7,BRT04: SunMed,2023-04-22,603
BRT07: USJ 7,BRT04: SunMed,2023-04-23,534
BRT07: USJ 7,BRT04: SunMed,2023-04-24,403
BRT07: USJ 7,BRT04: SunMed,2023-04-25,632
BRT07: USJ 7,BRT04: SunMed,2023-04-26,734
BRT07: USJ 7,BRT04: SunMed,2023-04-27,740
BRT07: USJ 7,BRT04: SunMed,2023-04-28,704
BRT07: USJ 7,BRT04: SunMed,2023-04-29,531
BRT07: USJ 7,BRT04: SunMed,2023-04-30,427
BRT07: USJ 7,BRT04: SunMed,2023-05-01,423
BRT07: USJ 7,BRT04: SunMed,2023-05-02,909
BRT07: USJ 7,BRT04: SunMed,2023-05-03,895
BRT07: USJ 7,BRT04: SunMed,2023-05-04,393
BRT07: USJ 7,BRT04: SunMed,2023-05-05,812
BRT07: USJ 7,BRT04: SunMed,2023-05-06,537
BRT07: USJ 7,BRT04: SunMed,2023-05-07,420
BRT07: USJ 7,BRT04: SunMed,2023-05-08,916
BRT07: USJ 7,BRT04: SunMed,2023-05-09,962
BRT07: USJ 7,BRT04: SunMed,2023-05-10,1000
BRT07: USJ 7,BRT04: SunMed,2023-05-11,903
BRT07: USJ 7,BRT04: SunMed,2023-05-12,883
BRT07: USJ 7,BRT04: SunMed,2023-05-13,528
BRT07: USJ 7,BRT04: SunMed,2023-05-14,423
BRT07: USJ 7,BRT04: SunMed,2023-05-15,852
BRT07: USJ 7,BRT04: SunMed,2023-05-16,927
BRT07: USJ 7,BRT04: SunMed,2023-05-17,909
BRT07: USJ 7,BRT04: SunMed,2023-05-18,929
BRT07: USJ 7,BRT04: SunMed,2023-05-19,865
BRT07: USJ 7,BRT04: SunMed,2023-05-20,568
BRT07: USJ 7,BRT04: SunMed,2023-05-21,469
BRT07: USJ 7,BRT04: SunMed,2023-05-22,839
BRT07: USJ 7,BRT04: SunMed,2023-05-23,879
BRT07: USJ 7,BRT04: SunMed,2023-05-24,877
BRT07: USJ 7,BRT04: SunMed,2023-05-25,848
BRT07: USJ 7,BRT04: SunMed,2023-05-26,824
BRT07: USJ 7,BRT04: SunMed,2023-05-27,547
BRT07: USJ 7,BRT04: SunMed,2023-05-28,467
BRT07: USJ 7,BRT04: SunMed,2023-05-29,886
BRT07: USJ 7,BRT04: SunMed,2023-05-30,940
BRT07: USJ 7,BRT04: SunMed,2023-05-31,943
BRT07: USJ 7,BRT04: SunMed,2023-06-01,911
BRT07: USJ 7,BRT04: SunMed,2023-06-02,847
BRT07: USJ 7,BRT04: SunMed,2023-06-03,553
BRT07: USJ 7,BRT04: SunMed,2023-06-04,459
BRT07: USJ 7,BRT04: SunMed,2023-06-05,467
BRT07: USJ 7,BRT04: SunMed,2023-06-06,963
BRT07: USJ 7,BRT04: SunMed,2023-06-07,940
BRT07: USJ 7,BRT04: SunMed,2023-06-08,920
BRT07: USJ 7,BRT04: SunMed,2023-06-09,889
BRT07: USJ 7,BRT04: SunMed,2023-06-10,579
BRT07: USJ 7,BRT04: SunMed,2023-06-11,456
BRT07: USJ 7,BRT04: SunMed,2023-06-12,867
BRT07: USJ 7,BRT04: SunMed,2023-06-13,950
BRT07: USJ 7,BRT04: SunMed,2023-06-14,934
BRT07: USJ 7,BRT04: SunMed,2023-06-15,972
BRT07: USJ 7,BRT04: SunMed,2023-06-16,862
BRT07: USJ 7,BRT04: SunMed,2023-06-17,565
BRT07: USJ 7,BRT04: SunMed,2023-06-18,471
BRT07: USJ 7,BRT04: SunMed,2023-06-19,922
BRT07: USJ 7,BRT04: SunMed,2023-06-20,929
BRT07: USJ 7,BRT04: SunMed,2023-06-21,955
BRT07: USJ 7,BRT04: SunMed,2023-06-22,933
BRT07: USJ 7,BRT04: SunMed,2023-06-23,836
BRT07: USJ 7,BRT04: SunMed,2023-06-24,547
BRT07: USJ 7,BRT04: SunMed,2023-06-25,426
BRT07: USJ 7,BRT04: SunMed,2023-06-26,860
BRT07: USJ 7,BRT04: SunMed,2023-06-27,902
BRT07: USJ 7,BRT04: SunMed,2023-06-28,879
BRT07: USJ 7,BRT04: SunMed,2023-06-29,536
BRT07: USJ 7,BRT04: SunMed,2023-06-30,723
BRT07: USJ 7,BRT04: SunMed,2023-07-01,450
BRT07: USJ 7,BRT04: SunMed,2023-07-02,397
BRT07: USJ 7,BRT04: SunMed,2023-07-03,891
BRT07: USJ 7,BRT04: SunMed,2023-07-04,934
BRT07: USJ 7,BRT04: SunMed,2023-07-05,929
BRT07: USJ 7,BRT04: SunMed,2023-07-06,925
BRT07: USJ 7,BRT04: SunMed,2023-07-07,849
BRT07: USJ 7,BRT04: SunMed,2023-07-08,545
BRT07: USJ 7,BRT04: SunMed,2023-07-09,412
BRT07: USJ 7,BRT04: SunMed,2023-07-10,856
BRT07: USJ 7,BRT04: SunMed,2023-07-11,933
BRT07: USJ 7,BRT04: SunMed,2023-07-12,951
BRT07: USJ 7,BRT04: SunMed,2023-07-13,902
BRT07: USJ 7,BRT04: SunMed,2023-07-14,878
BRT07: USJ 7,BRT04: SunMed,2023-07-15,544
BRT07: USJ 7,BRT04: SunMed,2023-07-16,398
BRT07: USJ 7,BRT04: SunMed,2023-07-17,883
BRT07: USJ 7,BRT04: SunMed,2023-07-18,943
BRT07: USJ 7,BRT04: SunMed,2023-07-19,480
BRT07: USJ 7,BRT04: SunMed,2023-07-20,893
BRT07: USJ 7,BRT04: SunMed,2023-07-21,842
BRT07: USJ 7,BRT04: SunMed,2023-07-22,527
BRT07: USJ 7,BRT04: SunMed,2023-07-23,423
BRT07: USJ 7,BRT04: SunMed,2023-07-24,832
BRT07: USJ 7,BRT04: SunMed,2023-07-25,838
BRT07: USJ 7,BRT04: SunMed,2023-07-26,944
BRT07: USJ 7,BRT04: SunMed,2023-07-27,880
BRT07: USJ 7,BRT04: SunMed,2023-07-28,857
BRT07: USJ 7,BRT04: SunMed,2023-07-29,522
BRT07: USJ 7,BRT04: SunMed,2023-07-30,442
BRT07: USJ 7,BRT04: SunMed,2023-07-31,848
BRT07: USJ 7,BRT04: SunMed,2023-08-01,875
BRT07: USJ 7,BRT04: SunMed,2023-08-02,885
BRT07: USJ 7,BRT04: SunMed,2023-08-03,883
BRT07: USJ 7,BRT04: SunMed,2023-08-04,851
BRT07: USJ 7,BRT04: SunMed,2023-08-05,509
BRT07: USJ 7,BRT04: SunMed,2023-08-06,495
BRT07: USJ 7,BRT04: SunMed,2023-08-07,810
BRT07: USJ 7,BRT04: SunMed,2023-08-08,850
BRT07: USJ 7,BRT04: SunMed,2023-08-09,859
BRT07: USJ 7,BRT04: SunMed,2023-08-10,909
BRT07: USJ 7,BRT04: SunMed,2023-08-11,815
BRT07: USJ 7,BRT04: SunMed,2023-08-12,442
BRT07: USJ 7,BRT04: SunMed,2023-08-13,407
BRT07: USJ 7,BRT04: SunMed,2023-08-14,580
BRT07: USJ 7,BRT04: SunMed,2023-08-15,917
BRT07: USJ 7,BRT04: SunMed,2023-08-16,906
BRT07: USJ 7,BRT04: SunMed,2023-08-17,868
BRT07: USJ 7,BRT04: SunMed,2023-08-18,842
BRT07: USJ 7,BRT04: SunMed,2023-08-19,583
BRT07: USJ 7,BRT04: SunMed,2023-08-20,447
BRT07: USJ 7,BRT04: SunMed,2023-08-21,820
BRT07: USJ 7,BRT04: SunMed,2023-08-22,917
BRT07: USJ 7,BRT04: SunMed,2023-08-23,936
BRT07: USJ 7,BRT04: SunMed,2023-08-24,922
BRT07: USJ 7,BRT04: SunMed,2023-08-25,890
BRT07: USJ 7,BRT04: SunMed,2023-08-26,554
BRT07: USJ 7,BRT04: SunMed,2023-08-27,427
BRT07: USJ 7,BRT04: SunMed,2023-08-28,938
BRT07: USJ 7,BRT04: SunMed,2023-08-29,942
BRT07: USJ 7,BRT04: SunMed,2023-08-30,950
BRT07: USJ 7,BRT04: SunMed,2023-08-31,534
BRT07: USJ 7,BRT04: SunMed,2023-09-01,787
BRT07: USJ 7,BRT04: SunMed,2023-09-02,543
BRT07: USJ 7,BRT04: SunMed,2023-09-03,433
BRT07: USJ 7,BRT04: SunMed,2023-09-04,960
BRT07: USJ 7,BRT04: SunMed,2023-09-05,1075
BRT07: USJ 7,BRT04: SunMed,2023-09-06,1040
BRT07: USJ 7,BRT04: SunMed,2023-09-07,1037
BRT07: USJ 7,BRT04: SunMed,2023-09-08,956
BRT07: USJ 7,BRT04: SunMed,2023-09-09,592
BRT07: USJ 7,BRT04: SunMed,2023-09-10,500
BRT07: USJ 7,BRT04: SunMed,2023-09-11,979
BRT07: USJ 7,BRT04: SunMed,2023-09-12,1035
BRT07: USJ 7,BRT04: SunMed,2023-09-13,1058
BRT07: USJ 7,BRT04: SunMed,2023-09-14,1072
BRT07: USJ 7,BRT04: SunMed,2023-09-15,974
BRT07: USJ 7,BRT04: SunMed,2023-09-16,537
BRT07: USJ 7,BRT04: SunMed,2023-09-17,575
BRT07: USJ 7,BRT04: SunMed,2023-09-18,1051
BRT07: USJ 7,BRT04: SunMed,2023-09-19,1026
BRT07: USJ 7,BRT04: SunMed,2023-09-20,1043
BRT07: USJ 7,BRT04: SunMed,2023-09-21,1041
BRT07: USJ 7,BRT04: SunMed,2023-09-22,1015
BRT07: USJ 7,BRT04: SunMed,2023-09-23,649
BRT07: USJ 7,BRT04: SunMed,2023-09-24,504
BRT07: USJ 7,BRT04: SunMed,2023-09-25,1046
BRT07: USJ 7,BRT04: SunMed,2023-09-26,1080
BRT07: USJ 7,BRT04: SunMed,2023-09-27,1118
BRT07: USJ 7,BRT04: SunMed,2023-09-28,491
BRT07: USJ 7,BRT04: SunMed,2023-09-29,938
BRT07: USJ 7,BRT04: SunMed,2023-09-30,584
BRT07: USJ 7,BRT04: SunMed,2023-10-01,506
BRT07: USJ 7,BRT04: SunMed,2023-10-02,1031
BRT07: USJ 7,BRT04: SunMed,2023-10-03,1093
BRT07: USJ 7,BRT04: SunMed,2023-10-04,1121
BRT07: USJ 7,BRT04: SunMed,2023-10-05,1054
BRT07: USJ 7,BRT04: SunMed,2023-10-06,1080
BRT07: USJ 7,BRT04: SunMed,2023-10-07,598
BRT07: USJ 7,BRT04: SunMed,2023-10-08,553
BRT07: USJ 7,BRT04: SunMed,2023-10-09,1097
BRT07: USJ 7,BRT04: SunMed,2023-10-10,1154
BRT07: USJ 7,BRT04: SunMed,2023-10-11,1120
BRT07: USJ 7,BRT04: SunMed,2023-10-12,1062
BRT07: USJ 7,BRT04: SunMed,2023-10-13,1036
BRT07: USJ 7,BRT04: SunMed,2023-10-14,628
BRT07: USJ 7,BRT04: SunMed,2023-10-15,507
BRT07: USJ 7,BRT04: SunMed,2023-10-16,1045
BRT07: USJ 7,BRT04: SunMed,2023-10-17,1064
BRT07: USJ 7,BRT04: SunMed,2023-10-18,1069
BRT07: USJ 7,BRT04: SunMed,2023-10-19,1003
BRT07: USJ 7,BRT04: SunMed,2023-10-20,983
BRT07: USJ 7,BRT04: SunMed,2023-10-21,666
BRT07: USJ 7,BRT04: SunMed,2023-10-22,527
BRT07: USJ 7,BRT04: SunMed,2023-10-23,1072
BRT07: USJ 7,BRT04: SunMed,2023-10-24,1146
BRT07: USJ 7,BRT04: SunMed,2023-10-25,1059
BRT07: USJ 7,BRT04: SunMed,2023-10-26,1092
BRT07: USJ 7,BRT04: SunMed,2023-10-27,1030
BRT07: USJ 7,BRT04: SunMed,2023-10-28,654
BRT07: USJ 7,BRT04: SunMed,2023-10-29,589
BRT07: USJ 7,BRT04: SunMed,2023-10-30,1060
BRT07: USJ 7,BRT04: SunMed,2023-10-31,1048
BRT07: USJ 7,BRT04: SunMed,2023-11-01,1088
BRT07: USJ 7,BRT04: SunMed,2023-11-02,1113
BRT07: USJ 7,BRT04: SunMed,2023-11-03,1028
BRT07: USJ 7,BRT04: SunMed,2023-11-04,610
BRT07: USJ 7,BRT04: SunMed,2023-11-05,487
BRT07: USJ 7,BRT04: SunMed,2023-11-06,1075
BRT07: USJ 7,BRT04: SunMed,2023-11-07,1124
BRT07: USJ 7,BRT04: SunMed,2023-11-08,1121
BRT07: USJ 7,BRT04: SunMed,2023-11-09,1104
BRT07: USJ 7,BRT04: SunMed,2023-11-10,1041
BRT07: USJ 7,BRT04: SunMed,2023-11-11,586
BRT07: USJ 7,BRT04: SunMed,2023-11-12,547
BRT07: USJ 7,BRT04: SunMed,2023-11-13,450
BRT07: USJ 7,BRT04: SunMed,2023-11-14,947
BRT07: USJ 7,BRT04: SunMed,2023-11-15,1002
BRT07: USJ 7,BRT04: SunMed,2023-11-16,934
BRT07: USJ 7,BRT04: SunMed,2023-11-17,994
BRT07: USJ 7,BRT04: SunMed,2023-11-18,584
BRT07: USJ 7,BRT04: SunMed,2023-11-19,502
BRT07: USJ 7,BRT04: SunMed,2023-11-20,1098
BRT07: USJ 7,BRT04: SunMed,2023-11-21,1164
BRT07: USJ 7,BRT04: SunMed,2023-11-22,1104
BRT07: USJ 7,BRT04: SunMed,2023-11-23,1116
BRT07: USJ 7,BRT04: SunMed,2023-11-24,1047
BRT07: USJ 7,BRT04: SunMed,2023-11-25,486
BRT07: USJ 7,BRT04: SunMed,2023-11-26,558
BRT07: USJ 7,BRT04: SunMed,2023-11-27,1040
BRT07: USJ 7,BRT04: SunMed,2023-11-28,1079
BRT07: USJ 7,BRT04: SunMed,2023-11-29,1097
BRT07: USJ 7,BRT04: SunMed,2023-11-30,958
BRT07: USJ 7,BRT04: SunMed,2023-12-01,902
BRT07: USJ 7,BRT04: SunMed,2023-12-02,646
BRT07: USJ 7,BRT04: SunMed,2023-12-03,558
BRT07: USJ 7,BRT04: SunMed,2023-12-04,980
BRT07: USJ 7,BRT04: SunMed,2023-12-05,1031
BRT07: USJ 7,BRT04: SunMed,2023-12-06,1091
BRT07: USJ 7,BRT04: SunMed,2023-12-07,996
BRT07: USJ 7,BRT04: SunMed,2023-12-08,985
BRT07: USJ 7,BRT04: SunMed,2023-12-09,638
BRT07: USJ 7,BRT04: SunMed,2023-12-10,561
BRT07: USJ 7,BRT04: SunMed,2023-12-11,525
BRT07: USJ 7,BRT04: SunMed,2023-12-12,1061
BRT07: USJ 7,BRT04: SunMed,2023-12-13,923
BRT07: USJ 7,BRT04: SunMed,2023-12-14,972
BRT07: USJ 7,BRT04: SunMed,2023-12-15,940
BRT07: USJ 7,BRT04: SunMed,2023-12-16,568
BRT07: USJ 7,BRT04: SunMed,2023-12-17,487
BRT07: USJ 7,BRT04: SunMed,2023-12-18,913
BRT07: USJ 7,BRT04: SunMed,2023-12-19,876
BRT07: USJ 7,BRT04: SunMed,2023-12-20,890
BRT07: USJ 7,BRT04: SunMed,2023-12-21,852
BRT07: USJ 7,BRT04: SunMed,2023-12-22,836
BRT07: USJ 7,BRT04: SunMed,2023-12-23,505
BRT07: USJ 7,BRT04: SunMed,2023-12-24,483
BRT07: USJ 7,BRT04: SunMed,2023-12-25,376
BRT07: USJ 7,BRT04: SunMed,2023-12-26,641
BRT07: USJ 7,BRT04: SunMed,2023-12-27,698
BRT07: USJ 7,BRT04: SunMed,2023-12-28,703
BRT07: USJ 7,BRT04: SunMed,2023-12-29,745
BRT07: USJ 7,BRT04: SunMed,2023-12-30,457
BRT07: USJ 7,BRT04: SunMed,2023-12-31,440
BRT07: USJ 7,BRT05: SunU-Monash,2023-04-01,430
BRT07: USJ 7,BRT05: SunU-Monash,2023-04-02,356
BRT07: USJ 7,BRT05: SunU-Monash,2023-04-03,1135
BRT07: USJ 7,BRT05: SunU-Monash,2023-04-04,1261
BRT07: USJ 7,BRT05: SunU-Monash,2023-04-05,1218
BRT07: USJ 7,BRT05: SunU-Monash,2023-04-06,1217
BRT07: USJ 7,BRT05: SunU-Monash,2023-04-07,1082
BRT07: USJ 7,BRT05: SunU-Monash,2023-04-08,418
BRT07: USJ 7,BRT05: SunU-Monash,2023-04-09,322
BRT07: USJ 7,BRT05: SunU-Monash,2023-04-10,1081
BRT07: USJ 7,BRT05: SunU-Monash,2023-04-11,1164
BRT07: USJ 7,BRT05: SunU-Monash,2023-04-12,1152
BRT07: USJ 7,BRT05: SunU-Monash,2023-04-13,1144
BRT07: USJ 7,BRT05: SunU-Monash,2023-04-14,1065
BRT07: USJ 7,BRT05: SunU-Monash,2023-04-15,394
BRT07: USJ 7,BRT05: SunU-Monash,2023-04-16,339
BRT07: USJ 7,BRT05: SunU-Monash,2023-04-17,1205
BRT07: USJ 7,BRT05: SunU-Monash,2023-04-18,1369
BRT07: USJ 7,BRT05: SunU-Monash,2023-04-19,1325
BRT07: USJ 7,BRT05: SunU-Monash,2023-04-20,1159
BRT07: USJ 7,BRT05: SunU-Monash,2023-04-21,280
BRT07: USJ 7,BRT05: SunU-Monash,2023-04-22,257
BRT07: USJ 7,BRT05: SunU-Monash,2023-04-23,264
BRT07: USJ 7,BRT05: SunU-Monash,2023-04-24,197
BRT07: USJ 7,BRT05: SunU-Monash,2023-04-25,775
BRT07: USJ 7,BRT05: SunU-Monash,2023-04-26,1113
BRT07: USJ 7,BRT05: SunU-Monash,2023-04-27,1244
BRT07: USJ 7,BRT05: SunU-Monash,2023-04-28,1108
BRT07: USJ 7,BRT05: SunU-Monash,2023-04-29,406
BRT07: USJ 7,BRT05: SunU-Monash,2023-04-30,312
BRT07: USJ 7,BRT05: SunU-Monash,2023-05-01,305
BRT07: USJ 7,BRT05: SunU-Monash,2023-05-02,1569
BRT07: USJ 7,BRT05: SunU-Monash,2023-05-03,1580
BRT07: USJ 7,BRT05: SunU-Monash,2023-05-04,413
BRT07: USJ 7,BRT05: SunU-Monash,2023-05-05,1341
BRT07: USJ 7,BRT05: SunU-Monash,2023-05-06,423
BRT07: USJ 7,BRT05: SunU-Monash,2023-05-07,362
BRT07: USJ 7,BRT05: SunU-Monash,2023-05-08,1610
BRT07: USJ 7,BRT05: SunU-Monash,2023-05-09,1625
BRT07: USJ 7,BRT05: SunU-Monash,2023-05-10,1597
BRT07: USJ 7,BRT05: SunU-Monash,2023-05-11,1612
BRT07: USJ 7,BRT05: SunU-Monash,2023-05-12,1437
BRT07: USJ 7,BRT05: SunU-Monash,2023-05-13,505
BRT07: USJ 7,BRT05: SunU-Monash,2023-05-14,438
BRT07: USJ 7,BRT05: SunU-Monash,2023-05-15,1509
BRT07: USJ 7,BRT05: SunU-Monash,2023-05-16,1512
BRT07: USJ 7,BRT05: SunU-Monash,2023-05-17,1401
BRT07: USJ 7,BRT05: SunU-Monash,2023-05-18,1451
BRT07: USJ 7,BRT05: SunU-Monash,2023-05-19,1330
BRT07: USJ 7,BRT05: SunU-Monash,2023-05-20,432
BRT07: USJ 7,BRT05: SunU-Monash,2023-05-21,357
BRT07: USJ 7,BRT05: SunU-Monash,2023-05-22,1428
BRT07: USJ 7,BRT05: SunU-Monash,2023-05-23,1460
BRT07: USJ 7,BRT05: SunU-Monash,2023-05-24,1443
BRT07: USJ 7,BRT05: SunU-Monash,2023-05-25,1414
BRT07: USJ 7,BRT05: SunU-Monash,2023-05-26,1295
BRT07: USJ 7,BRT05: SunU-Monash,2023-05-27,462
BRT07: USJ 7,BRT05: SunU-Monash,2023-05-28,340
BRT07: USJ 7,BRT05: SunU-Monash,2023-05-29,1201
BRT07: USJ 7,BRT05: SunU-Monash,2023-05-30,1243
BRT07: USJ 7,BRT05: SunU-Monash,2023-05-31,1231
BRT07: USJ 7,BRT05: SunU-Monash,2023-06-01,1186
BRT07: USJ 7,BRT05: SunU-Monash,2023-06-02,1050
BRT07: USJ 7,BRT05: SunU-Monash,2023-06-03,407
BRT07: USJ 7,BRT05: SunU-Monash,2023-06-04,322
BRT07: USJ 7,BRT05: SunU-Monash,2023-06-05,297
BRT07: USJ 7,BRT05: SunU-Monash,2023-06-06,1209
BRT07: USJ 7,BRT05: SunU-Monash,2023-06-07,1157
BRT07: USJ 7,BRT05: SunU-Monash,2023-06-08,1124
BRT07: USJ 7,BRT05: SunU-Monash,2023-06-09,1046
BRT07: USJ 7,BRT05: SunU-Monash,2023-06-10,410
BRT07: USJ 7,BRT05: SunU-Monash,2023-06-11,297
BRT07: USJ 7,BRT05: SunU-Monash,2023-06-12,808
BRT07: USJ 7,BRT05: SunU-Monash,2023-06-13,934
BRT07: USJ 7,BRT05: SunU-Monash,2023-06-14,861
BRT07: USJ 7,BRT05: SunU-Monash,2023-06-15,947
BRT07: USJ 7,BRT05: SunU-Monash,2023-06-16,765
BRT07: USJ 7,BRT05: SunU-Monash,2023-06-17,458
BRT07: USJ 7,BRT05: SunU-Monash,2023-06-18,310
BRT07: USJ 7,BRT05: SunU-Monash,2023-06-19,1248
BRT07: USJ 7,BRT05: SunU-Monash,2023-06-20,1245
BRT07: USJ 7,BRT05: SunU-Monash,2023-06-21,1197
BRT07: USJ 7,BRT05: SunU-Monash,2023-06-22,1181
BRT07: USJ 7,BRT05: SunU-Monash,2023-06-23,987
BRT07: USJ 7,BRT05: SunU-Monash,2023-06-24,509
BRT07: USJ 7,BRT05: SunU-Monash,2023-06-25,331
BRT07: USJ 7,BRT05: SunU-Monash,2023-06-26,1145
BRT07: USJ 7,BRT05: SunU-Monash,2023-06-27,1159
BRT07: USJ 7,BRT05: SunU-Monash,2023-06-28,1052
BRT07: USJ 7,BRT05: SunU-Monash,2023-06-29,277
BRT07: USJ 7,BRT05: SunU-Monash,2023-06-30,777
BRT07: USJ 7,BRT05: SunU-Monash,2023-07-01,305
BRT07: USJ 7,BRT05: SunU-Monash,2023-07-02,271
BRT07: USJ 7,BRT05: SunU-Monash,2023-07-03,1135
BRT07: USJ 7,BRT05: SunU-Monash,2023-07-04,1305
BRT07: USJ 7,BRT05: SunU-Monash,2023-07-05,1250
BRT07: USJ 7,BRT05: SunU-Monash,2023-07-06,1260
BRT07: USJ 7,BRT05: SunU-Monash,2023-07-07,1138
BRT07: USJ 7,BRT05: SunU-Monash,2023-07-08,360
BRT07: USJ 7,BRT05: SunU-Monash,2023-07-09,380
BRT07: USJ 7,BRT05: SunU-Monash,2023-07-10,1301
BRT07: USJ 7,BRT05: SunU-Monash,2023-07-11,1329
BRT07: USJ 7,BRT05: SunU-Monash,2023-07-12,1349
BRT07: USJ 7,BRT05: SunU-Monash,2023-07-13,1330
BRT07: USJ 7,BRT05: SunU-Monash,2023-07-14,1306
BRT07: USJ 7,BRT05: SunU-Monash,2023-07-15,469
BRT07: USJ 7,BRT05: SunU-Monash,2023-07-16,310
BRT07: USJ 7,BRT05: SunU-Monash,2023-07-17,1378
BRT07: USJ 7,BRT05: SunU-Monash,2023-07-18,1416
BRT07: USJ 7,BRT05: SunU-Monash,2023-07-19,360
BRT07: USJ 7,BRT05: SunU-Monash,2023-07-20,1293
BRT07: USJ 7,BRT05: SunU-Monash,2023-07-21,1189
BRT07: USJ 7,BRT05: SunU-Monash,2023-07-22,473
BRT07: USJ 7,BRT05: SunU-Monash,2023-07-23,398
BRT07: USJ 7,BRT05: SunU-Monash,2023-07-24,1501
BRT07: USJ 7,BRT05: SunU-Monash,2023-07-25,1559
BRT07: USJ 7,BRT05: SunU-Monash,2023-07-26,1570
BRT07: USJ 7,BRT05: SunU-Monash,2023-07-27,1536
BRT07: USJ 7,BRT05: SunU-Monash,2023-07-28,1261
BRT07: USJ 7,BRT05: SunU-Monash,2023-07-29,430
BRT07: USJ 7,BRT05: SunU-Monash,2023-07-30,353
BRT07: USJ 7,BRT05: SunU-Monash,2023-07-31,1420
BRT07: USJ 7,BRT05: SunU-Monash,2023-08-01,1413
BRT07: USJ 7,BRT05: SunU-Monash,2023-08-02,1426
BRT07: USJ 7,BRT05: SunU-Monash,2023-08-03,1470
BRT07: USJ 7,BRT05: SunU-Monash,2023-08-04,1207
BRT07: USJ 7,BRT05: SunU-Monash,2023-08-05,439
BRT07: USJ 7,BRT05: SunU-Monash,2023-08-06,353
BRT07: USJ 7,BRT05: SunU-Monash,2023-08-07,1356
BRT07: USJ 7,BRT05: SunU-Monash,2023-08-08,1297
BRT07: USJ 7,BRT05: SunU-Monash,2023-08-09,1319
BRT07: USJ 7,BRT05: SunU-Monash,2023-08-10,1388
BRT07: USJ 7,BRT05: SunU-Monash,2023-08-11,1146
BRT07: USJ 7,BRT05: SunU-Monash,2023-08-12,329
BRT07: USJ 7,BRT05: SunU-Monash,2023-08-13,316
BRT07: USJ 7,BRT05: SunU-Monash,2023-08-14,527
BRT07: USJ 7,BRT05: SunU-Monash,2023-08-15,1366
BRT07: USJ 7,BRT05: SunU-Monash,2023-08-16,1285
BRT07: USJ 7,BRT05: SunU-Monash,2023-08-17,1233
BRT07: USJ 7,BRT05: SunU-Monash,2023-08-18,1194
BRT07: USJ 7,BRT05: SunU-Monash,2023-08-19,501
BRT07: USJ 7,BRT05: SunU-Monash,2023-08-20,425
BRT07: USJ 7,BRT05: SunU-Monash,2023-08-21,1205
BRT07: USJ 7,BRT05: SunU-Monash,2023-08-22,1242
BRT07: USJ 7,BRT05: SunU-Monash,2023-08-23,1331
BRT07: USJ 7,BRT05: SunU-Monash,2023-08-24,1375
BRT07: USJ 7,BRT05: SunU-Monash,2023-08-25,1300
BRT07: USJ 7,BRT05: SunU-Monash,2023-08-26,484
BRT07: USJ 7,BRT05: SunU-Monash,2023-08-27,383
BRT07: USJ 7,BRT05: SunU-Monash,2023-08-28,1195
BRT07: USJ 7,BRT05: SunU-Monash,2023-08-29,1318
BRT07: USJ 7,BRT05: SunU-Monash,2023-08-30,1357
BRT07: USJ 7,BRT05: SunU-Monash,2023-08-31,430
BRT07: USJ 7,BRT05: SunU-Monash,2023-09-01,980
BRT07: USJ 7,BRT05: SunU-Monash,2023-09-02,427
BRT07: USJ 7,BRT05: SunU-Monash,2023-09-03,366
BRT07: USJ 7,BRT05: SunU-Monash,2023-09-04,1379
BRT07: USJ 7,BRT05: SunU-Monash,2023-09-05,1471
BRT07: USJ 7,BRT05: SunU-Monash,2023-09-06,1395
BRT07: USJ 7,BRT05: SunU-Monash,2023-09-07,1616
BRT07: USJ 7,BRT05: SunU-Monash,2023-09-08,1580
BRT07: USJ 7,BRT05: SunU-Monash,2023-09-09,508
BRT07: USJ 7,BRT05: SunU-Monash,2023-09-10,417
BRT07: USJ 7,BRT05: SunU-Monash,2023-09-11,1597
BRT07: USJ 7,BRT05: SunU-Monash,2023-09-12,1747
BRT07: USJ 7,BRT05: SunU-Monash,2023-09-13,1796
BRT07: USJ 7,BRT05: SunU-Monash,2023-09-14,1695
BRT07: USJ 7,BRT05: SunU-Monash,2023-09-15,1609
BRT07: USJ 7,BRT05: SunU-Monash,2023-09-16,378
BRT07: USJ 7,BRT05: SunU-Monash,2023-09-17,429
BRT07: USJ 7,BRT05: SunU-Monash,2023-09-18,1737
BRT07: USJ 7,BRT05: SunU-Monash,2023-09-19,1759
BRT07: USJ 7,BRT05: SunU-Monash,2023-09-20,1845
BRT07: USJ 7,BRT05: SunU-Monash,2023-09-21,1753
BRT07: USJ 7,BRT05: SunU-Monash,2023-09-22,1748
BRT07: USJ 7,BRT05: SunU-Monash,2023-09-23,570
BRT07: USJ 7,BRT05: SunU-Monash,2023-09-24,397
BRT07: USJ 7,BRT05: SunU-Monash,2023-09-25,1642
BRT07: USJ 7,BRT05: SunU-Monash,2023-09-26,1671
BRT07: USJ 7,BRT05: SunU-Monash,2023-09-27,1686
BRT07: USJ 7,BRT05: SunU-Monash,2023-09-28,444
BRT07: USJ 7,BRT05: SunU-Monash,2023-09-29,1448
BRT07: USJ 7,BRT05: SunU-Monash,2023-09-30,541
BRT07: USJ 7,BRT05: SunU-Monash,2023-10-01,451
BRT07: USJ 7,BRT05: SunU-Monash,2023-10-02,1719
BRT07: USJ 7,BRT05: SunU-Monash,2023-10-03,1849
BRT07: USJ 7,BRT05: SunU-Monash,2023-10-04,1945
BRT07: USJ 7,BRT05: SunU-Monash,2023-10-05,1769
BRT07: USJ 7,BRT05: SunU-Monash,2023-10-06,1729
BRT07: USJ 7,BRT05: SunU-Monash,2023-10-07,512
BRT07: USJ 7,BRT05: SunU-Monash,2023-10-08,407
BRT07: USJ 7,BRT05: SunU-Monash,2023-10-09,1794
BRT07: USJ 7,BRT05: SunU-Monash,2023-10-10,1859
BRT07: USJ 7,BRT05: SunU-Monash,2023-10-11,1885
BRT07: USJ 7,BRT05: SunU-Monash,2023-10-12,1931
BRT07: USJ 7,BRT05: SunU-Monash,2023-10-13,1719
BRT07: USJ 7,BRT05: SunU-Monash,2023-10-14,593
BRT07: USJ 7,BRT05: SunU-Monash,2023-10-15,499
BRT07: USJ 7,BRT05: SunU-Monash,2023-10-16,1746
BRT07: USJ 7,BRT05: SunU-Monash,2023-10-17,1935
BRT07: USJ 7,BRT05: SunU-Monash,2023-10-18,1965
BRT07: USJ 7,BRT05: SunU-Monash,2023-10-19,1917
BRT07: USJ 7,BRT05: SunU-Monash,2023-10-20,1838
BRT07: USJ 7,BRT05: SunU-Monash,2023-10-21,603
BRT07: USJ 7,BRT05: SunU-Monash,2023-10-22,423
BRT07: USJ 7,BRT05: SunU-Monash,2023-10-23,1608
BRT07: USJ 7,BRT05: SunU-Monash,2023-10-24,1711
BRT07: USJ 7,BRT05: SunU-Monash,2023-10-25,1796
BRT07: USJ 7,BRT05: SunU-Monash,2023-10-26,1682
BRT07: USJ 7,BRT05: SunU-Monash,2023-10-27,1547
BRT07: USJ 7,BRT05: SunU-Monash,2023-10-28,542
BRT07: USJ 7,BRT05: SunU-Monash,2023-10-29,430
BRT07: USJ 7,BRT05: SunU-Monash,2023-10-30,1290
BRT07: USJ 7,BRT05: SunU-Monash,2023-10-31,1324
BRT07: USJ 7,BRT05: SunU-Monash,2023-11-01,1346
BRT07: USJ 7,BRT05: SunU-Monash,2023-11-02,1347
BRT07: USJ 7,BRT05: SunU-Monash,2023-11-03,1203
BRT07: USJ 7,BRT05: SunU-Monash,2023-11-04,524
BRT07: USJ 7,BRT05: SunU-Monash,2023-11-05,409
BRT07: USJ 7,BRT05: SunU-Monash,2023-11-06,1482
BRT07: USJ 7,BRT05: SunU-Monash,2023-11-07,1612
BRT07: USJ 7,BRT05: SunU-Monash,2023-11-08,1626
BRT07: USJ 7,BRT05: SunU-Monash,2023-11-09,1592
BRT07: USJ 7,BRT05: SunU-Monash,2023-11-10,1398
BRT07: USJ 7,BRT05: SunU-Monash,2023-11-11,534
BRT07: USJ 7,BRT05: SunU-Monash,2023-11-12,321
BRT07: USJ 7,BRT05: SunU-Monash,2023-11-13,363
BRT07: USJ 7,BRT05: SunU-Monash,2023-11-14,1185
BRT07: USJ 7,BRT05: SunU-Monash,2023-11-15,1374
BRT07: USJ 7,BRT05: SunU-Monash,2023-11-16,1369
BRT07: USJ 7,BRT05: SunU-Monash,2023-11-17,1286
BRT07: USJ 7,BRT05: SunU-Monash,2023-11-18,494
BRT07: USJ 7,BRT05: SunU-Monash,2023-11-19,419
BRT07: USJ 7,BRT05: SunU-Monash,2023-11-20,1439
BRT07: USJ 7,BRT05: SunU-Monash,2023-11-21,1516
BRT07: USJ 7,BRT05: SunU-Monash,2023-11-22,1529
BRT07: USJ 7,BRT05: SunU-Monash,2023-11-23,1640
BRT07: USJ 7,BRT05: SunU-Monash,2023-11-24,1484
BRT07: USJ 7,BRT05: SunU-Monash,2023-11-25,328
BRT07: USJ 7,BRT05: SunU-Monash,2023-11-26,401
BRT07: USJ 7,BRT05: SunU-Monash,2023-11-27,1345
BRT07: USJ 7,BRT05: SunU-Monash,2023-11-28,1349
BRT07: USJ 7,BRT05: SunU-Monash,2023-11-29,1445
BRT07: USJ 7,BRT05: SunU-Monash,2023-11-30,1397
BRT07: USJ 7,BRT05: SunU-Monash,2023-12-01,1238
BRT07: USJ 7,BRT05: SunU-Monash,2023-12-02,453
BRT07: USJ 7,BRT05: SunU-Monash,2023-12-03,333
BRT07: USJ 7,BRT05: SunU-Monash,2023-12-04,1251
BRT07: USJ 7,BRT05: SunU-Monash,2023-12-05,1105
BRT07: USJ 7,BRT05: SunU-Monash,2023-12-06,1188
BRT07: USJ 7,BRT05: SunU-Monash,2023-12-07,1231
BRT07: USJ 7,BRT05: SunU-Monash,2023-12-08,1158
BRT07: USJ 7,BRT05: SunU-Monash,2023-12-09,464
BRT07: USJ 7,BRT05: SunU-Monash,2023-12-10,351
BRT07: USJ 7,BRT05: SunU-Monash,2023-12-11,380
BRT07: USJ 7,BRT05: SunU-Monash,2023-12-12,989
BRT07: USJ 7,BRT05: SunU-Monash,2023-12-13,955
BRT07: USJ 7,BRT05: SunU-Monash,2023-12-14,943
BRT07: USJ 7,BRT05: SunU-Monash,2023-12-15,849
BRT07: USJ 7,BRT05: SunU-Monash,2023-12-16,457
BRT07: USJ 7,BRT05: SunU-Monash,2023-12-17,372
BRT07: USJ 7,BRT05: SunU-Monash,2023-12-18,723
BRT07: USJ 7,BRT05: SunU-Monash,2023-12-19,675
BRT07: USJ 7,BRT05: SunU-Monash,2023-12-20,641
BRT07: USJ 7,BRT05: SunU-Monash,2023-12-21,635
BRT07: USJ 7,BRT05: SunU-Monash,2023-12-22,511
BRT07: USJ 7,BRT05: SunU-Monash,2023-12-23,291
BRT07: USJ 7,BRT05: SunU-Monash,2023-12-24,228
BRT07: USJ 7,BRT05: SunU-Monash,2023-12-25,204
BRT07: USJ 7,BRT05: SunU-Monash,2023-12-26,430
BRT07: USJ 7,BRT05: SunU-Monash,2023-12-27,411
BRT07: USJ 7,BRT05: SunU-Monash,2023-12-28,373
BRT07: USJ 7,BRT05: SunU-Monash,2023-12-29,355
BRT07: USJ 7,BRT05: SunU-Monash,2023-12-30,194
BRT07: USJ 7,BRT05: SunU-Monash,2023-12-31,240
BRT07: USJ 7,BRT06: South Quay-USJ 1,2023-04-01,466
BRT07: USJ 7,BRT06: South Quay-USJ 1,2023-04-02,471
BRT07: USJ 7,BRT06: South Quay-USJ 1,2023-04-03,777
BRT07: USJ 7,BRT06: South Quay-USJ 1,2023-04-04,782
BRT07: USJ 7,BRT06: South Quay-USJ 1,2023-04-05,811
BRT07: USJ 7,BRT06: South Quay-USJ 1,2023-04-06,764
BRT07: USJ 7,BRT06: South Quay-USJ 1,2023-04-07,757
BRT07: USJ 7,BRT06: South Quay-USJ 1,2023-04-08,539
BRT07: USJ 7,BRT06: South Quay-USJ 1,2023-04-09,574
BRT07: USJ 7,BRT06: South Quay-USJ 1,2023-04-10,770
BRT07: USJ 7,BRT06: South Quay-USJ 1,2023-04-11,820
BRT07: USJ 7,BRT06: South Quay-USJ 1,2023-04-12,774
BRT07: USJ 7,BRT06: South Quay-USJ 1,2023-04-13,733
BRT07: USJ 7,BRT06: South Quay-USJ 1,2023-04-14,768
BRT07: USJ 7,BRT06: South Quay-USJ 1,2023-04-15,539
BRT07: USJ 7,BRT06: South Quay-USJ 1,2023-04-16,533
BRT07: USJ 7,BRT06: South Quay-USJ 1,2023-04-17,774
BRT07: USJ 7,BRT06: South Quay-USJ 1,2023-04-18,776
BRT07: USJ 7,BRT06: South Quay-USJ 1,2023-04-19,730
BRT07: USJ 7,BRT06: South Quay-USJ 1,2023-04-20,710
BRT07: USJ 7,BRT06: South Quay-USJ 1,2023-04-21,502
BRT07: USJ 7,BRT06: South Quay-USJ 1,2023-04-22,424
BRT07: USJ 7,BRT06: South Quay-USJ 1,2023-04-23,503
BRT07: USJ 7,BRT06: South Quay-USJ 1,2023-04-24,426
BRT07: USJ 7,BRT06: South Quay-USJ 1,2023-04-25,519
BRT07: USJ 7,BRT06: South Quay-USJ 1,2023-04-26,576
BRT07: USJ 7,BRT06: South Quay-USJ 1,2023-04-27,610
BRT07: USJ 7,BRT06: South Quay-USJ 1,2023-04-28,617
BRT07: USJ 7,BRT06: South Quay-USJ 1,2023-04-29,443
BRT07: USJ 7,BRT06: South Quay-USJ 1,2023-04-30,449
BRT07: USJ 7,BRT06: South Quay-USJ 1,2023-05-01,506
BRT07: USJ 7,BRT06: South Quay-USJ 1,2023-05-02,694
BRT07: USJ 7,BRT06: South Quay-USJ 1,2023-05-03,657
BRT07: USJ 7,BRT06: South Quay-USJ 1,2023-05-04,421
BRT07: USJ 7,BRT06: South Quay-USJ 1,2023-05-05,681
BRT07: USJ 7,BRT06: South Quay-USJ 1,2023-05-06,411
BRT07: USJ 7,BRT06: South Quay-USJ 1,2023-05-07,515
BRT07: USJ 7,BRT06: South Quay-USJ 1,2023-05-08,719
BRT07: USJ 7,BRT06: South Quay-USJ 1,2023-05-09,713
BRT07: USJ 7,BRT06: South Quay-USJ 1,2023-05-10,752
BRT07: USJ 7,BRT06: South Quay-USJ 1,2023-05-11,747
BRT07: USJ 7,BRT06: South Quay-USJ 1,2023-05-12,685
BRT07: USJ 7,BRT06: South Quay-USJ 1,2023-05-13,506
BRT07: USJ 7,BRT06: South Quay-USJ 1,2023-05-14,503
BRT07: USJ 7,BRT06: South Quay-USJ 1,2023-05-15,744
BRT07: USJ 7,BRT06: South Quay-USJ 1,2023-05-16,765
BRT07: USJ 7,BRT06: South Quay-USJ 1,2023-05-17,743
BRT07: USJ 7,BRT06: South Quay-USJ 1,2023-05-18,771
BRT07: USJ 7,BRT06: South Quay-USJ 1,2023-05-19,696
BRT07: USJ 7,BRT06: South Quay-USJ 1,2023-05-20,465
BRT07: USJ 7,BRT06: South Quay-USJ 1,2023-05-21,505
BRT07: USJ 7,BRT06: South Quay-USJ 1,2023-05-22,661
BRT07: USJ 7,BRT06: South Quay-USJ 1,2023-05-23,721
BRT07: USJ 7,BRT06: South Quay-USJ 1,2023-05-24,697
BRT07: USJ 7,BRT06: South Quay-USJ 1,2023-05-25,684
BRT07: USJ 7,BRT06: South Quay-USJ 1,2023-05-26,718
BRT07: USJ 7,BRT06: South Quay-USJ 1,2023-05-27,431
BRT07: USJ 7,BRT06: South Quay-USJ 1,2023-05-28,484
BRT07: USJ 7,BRT06: South Quay-USJ 1,2023-05-29,685
BRT07: USJ 7,BRT06: South Quay-USJ 1,2023-05-30,646
BRT07: USJ 7,BRT06: South Quay-USJ 1,2023-05-31,635
BRT07: USJ 7,BRT06: South Quay-USJ 1,2023-06-01,686
BRT07: USJ 7,BRT06: South Quay-USJ 1,2023-06-02,632
BRT07: USJ 7,BRT06: South Quay-USJ 1,2023-06-03,459
BRT07: USJ 7,BRT06: South Quay-USJ 1,2023-06-04,514
BRT07: USJ 7,BRT06: South Quay-USJ 1,2023-06-05,461
BRT07: USJ 7,BRT06: South Quay-USJ 1,2023-06-06,756
BRT07: USJ 7,BRT06: South Quay-USJ 1,2023-06-07,715
BRT07: USJ 7,BRT06: South Quay-USJ 1,2023-06-08,700
BRT07: USJ 7,BRT06: South Quay-USJ 1,2023-06-09,755
BRT07: USJ 7,BRT06: South Quay-USJ 1,2023-06-10,512
BRT07: USJ 7,BRT06: South Quay-USJ 1,2023-06-11,548
BRT07: USJ 7,BRT06: South Quay-USJ 1,2023-06-12,718
BRT07: USJ 7,BRT06: South Quay-USJ 1,2023-06-13,735
BRT07: USJ 7,BRT06: South Quay-USJ 1,2023-06-14,727
BRT07: USJ 7,BRT06: South Quay-USJ 1,2023-06-15,734
BRT07: USJ 7,BRT06: South Quay-USJ 1,2023-06-16,720
BRT07: USJ 7,BRT06: South Quay-USJ 1,2023-06-17,495
BRT07: USJ 7,BRT06: South Quay-USJ 1,2023-06-18,483
BRT07: USJ 7,BRT06: South Quay-USJ 1,2023-06-19,732
BRT07: USJ 7,BRT06: South Quay-USJ 1,2023-06-20,735
BRT07: USJ 7,BRT06: South Quay-USJ 1,2023-06-21,717
BRT07: USJ 7,BRT06: South Quay-USJ 1,2023-06-22,751
BRT07: USJ 7,BRT06: South Quay-USJ 1,2023-06-23,672
BRT07: USJ 7,BRT06: South Quay-USJ 1,2023-06-24,461
BRT07: USJ 7,BRT06: South Quay-USJ 1,2023-06-25,476
BRT07: USJ 7,BRT06: South Quay-USJ 1,2023-06-26,728
BRT07: USJ 7,BRT06: South Quay-USJ 1,2023-06-27,773
BRT07: USJ 7,BRT06: South Quay-USJ 1,2023-06-28,725
BRT07: USJ 7,BRT06: South Quay-USJ 1,2023-06-29,481
BRT07: USJ 7,BRT06: South Quay-USJ 1,2023-06-30,577
BRT07: USJ 7,BRT06: South Quay-USJ 1,2023-07-01,477
BRT07: USJ 7,BRT06: South Quay-USJ 1,2023-07-02,458
BRT07: USJ 7,BRT06: South Quay-USJ 1,2023-07-03,715
BRT07: USJ 7,BRT06: South Quay-USJ 1,2023-07-04,778
BRT07: USJ 7,BRT06: South Quay-USJ 1,2023-07-05,792
BRT07: USJ 7,BRT06: South Quay-USJ 1,2023-07-06,739
BRT07: USJ 7,BRT06: South Quay-USJ 1,2023-07-07,723
BRT07: USJ 7,BRT06: South Quay-USJ 1,2023-07-08,488
BRT07: USJ 7,BRT06: South Quay-USJ 1,2023-07-09,578
BRT07: USJ 7,BRT06: South Quay-USJ 1,2023-07-10,763
BRT07: USJ 7,BRT06: South Quay-USJ 1,2023-07-11,758
BRT07: USJ 7,BRT06: South Quay-USJ 1,2023-07-12,808
BRT07: USJ 7,BRT06: South Quay-USJ 1,2023-07-13,765
BRT07: USJ 7,BRT06: South Quay-USJ 1,2023-07-14,714
BRT07: USJ 7,BRT06: South Quay-USJ 1,2023-07-15,534
BRT07: USJ 7,BRT06: South Quay-USJ 1,2023-07-16,526
BRT07: USJ 7,BRT06: South Quay-USJ 1,2023-07-17,727
BRT07: USJ 7,BRT06: South Quay-USJ 1,2023-07-18,728
BRT07: USJ 7,BRT06: South Quay-USJ 1,2023-07-19,465
BRT07: USJ 7,BRT06: South Quay-USJ 1,2023-07-20,675
BRT07: USJ 7,BRT06: South Quay-USJ 1,2023-07-21,701
BRT07: USJ 7,BRT06: South Quay-USJ 1,2023-07-22,450
BRT07: USJ 7,BRT06: South Quay-USJ 1,2023-07-23,536
BRT07: USJ 7,BRT06: South Quay-USJ 1,2023-07-24,696
BRT07: USJ 7,BRT06: South Quay-USJ 1,2023-07-25,731
BRT07: USJ 7,BRT06: South Quay-USJ 1,2023-07-26,780
BRT07: USJ 7,BRT06: South Quay-USJ 1,2023-07-27,753
BRT07: USJ 7,BRT06: South Quay-USJ 1,2023-07-28,697
BRT07: USJ 7,BRT06: South Quay-USJ 1,2023-07-29,541
BRT07: USJ 7,BRT06: South Quay-USJ 1,2023-07-30,547
BRT07: USJ 7,BRT06: South Quay-USJ 1,2023-07-31,735
BRT07: USJ 7,BRT06: South Quay-USJ 1,2023-08-01,778
BRT07: USJ 7,BRT06: South Quay-USJ 1,2023-08-02,752
BRT07: USJ 7,BRT06: South Quay-USJ 1,2023-08-03,733
BRT07: USJ 7,BRT06: South Quay-USJ 1,2023-08-04,669
BRT07: USJ 7,BRT06: South Quay-USJ 1,2023-08-05,507
BRT07: USJ 7,BRT06: South Quay-USJ 1,2023-08-06,531
BRT07: USJ 7,BRT06: South Quay-USJ 1,2023-08-07,749
BRT07: USJ 7,BRT06: South Quay-USJ 1,2023-08-08,706
BRT07: USJ 7,BRT06: South Quay-USJ 1,2023-08-09,734
BRT07: USJ 7,BRT06: South Quay-USJ 1,2023-08-10,708
BRT07: USJ 7,BRT06: South Quay-USJ 1,2023-08-11,734
BRT07: USJ 7,BRT06: South Quay-USJ 1,2023-08-12,456
BRT07: USJ 7,BRT06: South Quay-USJ 1,2023-08-13,489
BRT07: USJ 7,BRT06: South Quay-USJ 1,2023-08-14,539
BRT07: USJ 7,BRT06: South Quay-USJ 1,2023-08-15,724
BRT07: USJ 7,BRT06: South Quay-USJ 1,2023-08-16,735
BRT07: USJ 7,BRT06: South Quay-USJ 1,2023-08-17,699
BRT07: USJ 7,BRT06: South Quay-USJ 1,2023-08-18,668
BRT07: USJ 7,BRT06: South Quay-USJ 1,2023-08-19,463
BRT07: USJ 7,BRT06: South Quay-USJ 1,2023-08-20,518
BRT07: USJ 7,BRT06: South Quay-USJ 1,2023-08-21,694
BRT07: USJ 7,BRT06: South Quay-USJ 1,2023-08-22,690
BRT07: USJ 7,BRT06: South Quay-USJ 1,2023-08-23,705
BRT07: USJ 7,BRT06: South Quay-USJ 1,2023-08-24,730
BRT07: USJ 7,BRT06: South Quay-USJ 1,2023-08-25,731
BRT07: USJ 7,BRT06: South Quay-USJ 1,2023-08-26,445
BRT07: USJ 7,BRT06: South Quay-USJ 1,2023-08-27,516
BRT07: USJ 7,BRT06: South Quay-USJ 1,2023-08-28,751
BRT07: USJ 7,BRT06: South Quay-USJ 1,2023-08-29,710
BRT07: USJ 7,BRT06: South Quay-USJ 1,2023-08-30,766
BRT07: USJ 7,BRT06: South Quay-USJ 1,2023-08-31,569
BRT07: USJ 7,BRT06: South Quay-USJ 1,2023-09-01,648
BRT07: USJ 7,BRT06: South Quay-USJ 1,2023-09-02,459
BRT07: USJ 7,BRT06: South Quay-USJ 1,2023-09-03,487
BRT07: USJ 7,BRT06: South Quay-USJ 1,2023-09-04,773
BRT07: USJ 7,BRT06: South Quay-USJ 1,2023-09-05,712
BRT07: USJ 7,BRT06: South Quay-USJ 1,2023-09-06,798
BRT07: USJ 7,BRT06: South Quay-USJ 1,2023-09-07,794
BRT07: USJ 7,BRT06: South Quay-USJ 1,2023-09-08,727
BRT07: USJ 7,BRT06: South Quay-USJ 1,2023-09-09,537
BRT07: USJ 7,BRT06: South Quay-USJ 1,2023-09-10,539
BRT07: USJ 7,BRT06: South Quay-USJ 1,2023-09-11,740
BRT07: USJ 7,BRT06: South Quay-USJ 1,2023-09-12,790
BRT07: USJ 7,BRT06: South Quay-USJ 1,2023-09-13,738
BRT07: USJ 7,BRT06: South Quay-USJ 1,2023-09-14,733
BRT07: USJ 7,BRT06: South Quay-USJ 1,2023-09-15,727
BRT07: USJ 7,BRT06: South Quay-USJ 1,2023-09-16,581
BRT07: USJ 7,BRT06: South Quay-USJ 1,2023-09-17,497
BRT07: USJ 7,BRT06: South Quay-USJ 1,2023-09-18,770
BRT07: USJ 7,BRT06: South Quay-USJ 1,2023-09-19,700
BRT07: USJ 7,BRT06: South Quay-USJ 1,2023-09-20,785
BRT07: USJ 7,BRT06: South Quay-USJ 1,2023-09-21,770
BRT07: USJ 7,BRT06: South Quay-USJ 1,2023-09-22,741
BRT07: USJ 7,BRT06: South Quay-USJ 1,2023-09-23,507
BRT07: USJ 7,BRT06: South Quay-USJ 1,2023-09-24,495
BRT07: USJ 7,BRT06: South Quay-USJ 1,2023-09-25,775
BRT07: USJ 7,BRT06: South Quay-USJ 1,2023-09-26,769
BRT07: USJ 7,BRT06: South Quay-USJ 1,2023-09-27,799
BRT07: USJ 7,BRT06: South Quay-USJ 1,2023-09-28,473
BRT07: USJ 7,BRT06: South Quay-USJ 1,2023-09-29,679
BRT07: USJ 7,BRT06: South Quay-USJ 1,2023-09-30,486
BRT07: USJ 7,BRT06: South Quay-USJ 1,2023-10-01,557
BRT07: USJ 7,BRT06: South Quay-USJ 1,2023-10-02,749
BRT07: USJ 7,BRT06: South Quay-USJ 1,2023-10-03,807
BRT07: USJ 7,BRT06: South Quay-USJ 1,2023-10-04,792
BRT07: USJ 7,BRT06: South Quay-USJ 1,2023-10-05,809
BRT07: USJ 7,BRT06: South Quay-USJ 1,2023-10-06,751
BRT07: USJ 7,BRT06: South Quay-USJ 1,2023-10-07,585
BRT07: USJ 7,BRT06: South Quay-USJ 1,2023-10-08,558
BRT07: USJ 7,BRT06: South Quay-USJ 1,2023-10-09,786
BRT07: USJ 7,BRT06: South Quay-USJ 1,2023-10-10,801
BRT07: USJ 7,BRT06: South Quay-USJ 1,2023-10-11,789
BRT07: USJ 7,BRT06: South Quay-USJ 1,2023-10-12,835
BRT07: USJ 7,BRT06: South Quay-USJ 1,2023-10-13,758
BRT07: USJ 7,BRT06: South Quay-USJ 1,2023-10-14,553
BRT07: USJ 7,BRT06: South Quay-USJ 1,2023-10-15,549
BRT07: USJ 7,BRT06: South Quay-USJ 1,2023-10-16,791
BRT07: USJ 7,BRT06: South Quay-USJ 1,2023-10-17,736
BRT07: USJ 7,BRT06: South Quay-USJ 1,2023-10-18,800
BRT07: USJ 7,BRT06: South Quay-USJ 1,2023-10-19,790
BRT07: USJ 7,BRT06: South Quay-USJ 1,2023-10-20,779
BRT07: USJ 7,BRT06: South Quay-USJ 1,2023-10-21,474
BRT07: USJ 7,BRT06: South Quay-USJ 1,2023-10-22,552
BRT07: USJ 7,BRT06: South Quay-USJ 1,2023-10-23,757
BRT07: USJ 7,BRT06: South Quay-USJ 1,2023-10-24,770
BRT07: USJ 7,BRT06: South Quay-USJ 1,2023-10-25,807
BRT07: USJ 7,BRT06: South Quay-USJ 1,2023-10-26,750
BRT07: USJ 7,BRT06: South Quay-USJ 1,2023-10-27,739
BRT07: USJ 7,BRT06: South Quay-USJ 1,2023-10-28,526
BRT07: USJ 7,BRT06: South Quay-USJ 1,2023-10-29,492
BRT07: USJ 7,BRT06: South Quay-USJ 1,2023-10-30,760
BRT07: USJ 7,BRT06: South Quay-USJ 1,2023-10-31,753
BRT07: USJ 7,BRT06: South Quay-USJ 1,2023-11-01,852
BRT07: USJ 7,BRT06: South Quay-USJ 1,2023-11-02,765
BRT07: USJ 7,BRT06: South Quay-USJ 1,2023-11-03,742
BRT07: USJ 7,BRT06: South Quay-USJ 1,2023-11-04,522
BRT07: USJ 7,BRT06: South Quay-USJ 1,2023-11-05,522
BRT07: USJ 7,BRT06: South Quay-USJ 1,2023-11-06,743
BRT07: USJ 7,BRT06: South Quay-USJ 1,2023-11-07,860
BRT07: USJ 7,BRT06: South Quay-USJ 1,2023-11-08,824
BRT07: USJ 7,BRT06: South Quay-USJ 1,2023-11-09,763
BRT07: USJ 7,BRT06: South Quay-USJ 1,2023-11-10,732
BRT07: USJ 7,BRT06: South Quay-USJ 1,2023-11-11,496
BRT07: USJ 7,BRT06: South Quay-USJ 1,2023-11-12,542
BRT07: USJ 7,BRT06: South Quay-USJ 1,2023-11-13,440
BRT07: USJ 7,BRT06: South Quay-USJ 1,2023-11-14,647
BRT07: USJ 7,BRT06: South Quay-USJ 1,2023-11-15,701
BRT07: USJ 7,BRT06: South Quay-USJ 1,2023-11-16,732
BRT07: USJ 7,BRT06: South Quay-USJ 1,2023-11-17,690
BRT07: USJ 7,BRT06: South Quay-USJ 1,2023-11-18,486
BRT07: USJ 7,BRT06: South Quay-USJ 1,2023-11-19,519
BRT07: USJ 7,BRT06: South Quay-USJ 1,2023-11-20,790
BRT07: USJ 7,BRT06: South Quay-USJ 1,2023-11-21,816
BRT07: USJ 7,BRT06: South Quay-USJ 1,2023-11-22,753
BRT07: USJ 7,BRT06: South Quay-USJ 1,2023-11-23,771
BRT07: USJ 7,BRT06: South Quay-USJ 1,2023-11-24,786
BRT07: USJ 7,BRT06: South Quay-USJ 1,2023-11-25,300
BRT07: USJ 7,BRT06: South Quay-USJ 1,2023-11-26,549
BRT07: USJ 7,BRT06: South Quay-USJ 1,2023-11-27,734
BRT07: USJ 7,BRT06: South Quay-USJ 1,2023-11-28,659
BRT07: USJ 7,BRT06: South Quay-USJ 1,2023-11-29,729
BRT07: USJ 7,BRT06: South Quay-USJ 1,2023-11-30,744
BRT07: USJ 7,BRT06: South Quay-USJ 1,2023-12-01,750
BRT07: USJ 7,BRT06: South Quay-USJ 1,2023-12-02,556
BRT07: USJ 7,BRT06: South Quay-USJ 1,2023-12-03,552
BRT07: USJ 7,BRT06: South Quay-USJ 1,2023-12-04,771
BRT07: USJ 7,BRT06: South Quay-USJ 1,2023-12-05,763
BRT07: USJ 7,BRT06: South Quay-USJ 1,2023-12-06,819
BRT07: USJ 7,BRT06: South Quay-USJ 1,2023-12-07,789
BRT07: USJ 7,BRT06: South Quay-USJ 1,2023-12-08,774
BRT07: USJ 7,BRT06: South Quay-USJ 1,2023-12-09,517
BRT07: USJ 7,BRT06: South Quay-USJ 1,2023-12-10,547
BRT07: USJ 7,BRT06: South Quay-USJ 1,2023-12-11,564
BRT07: USJ 7,BRT06: South Quay-USJ 1,2023-12-12,749
BRT07: USJ 7,BRT06: South Quay-USJ 1,2023-12-13,763
BRT07: USJ 7,BRT06: South Quay-USJ 1,2023-12-14,706
BRT07: USJ 7,BRT06: South Quay-USJ 1,2023-12-15,697
BRT07: USJ 7,BRT06: South Quay-USJ 1,2023-12-16,490
BRT07: USJ 7,BRT06: South Quay-USJ 1,2023-12-17,476
BRT07: USJ 7,BRT06: South Quay-USJ 1,2023-12-18,656
BRT07: USJ 7,BRT06: South Quay-USJ 1,2023-12-19,702
BRT07: USJ 7,BRT06: South Quay-USJ 1,2023-12-20,712
BRT07: USJ 7,BRT06: South Quay-USJ 1,2023-12-21,650
BRT07: USJ 7,BRT06: South Quay-USJ 1,2023-12-22,627
BRT07: USJ 7,BRT06: South Quay-USJ 1,2023-12-23,463
BRT07: USJ 7,BRT06: South Quay-USJ 1,2023-12-24,384
BRT07: USJ 7,BRT06: South Quay-USJ 1,2023-12-25,451
BRT07: USJ 7,BRT06: South Quay-USJ 1,2023-12-26,578
BRT07: USJ 7,BRT06: South Quay-USJ 1,2023-12-27,626
BRT07: USJ 7,BRT06: South Quay-USJ 1,2023-12-28,652
BRT07: USJ 7,BRT06: South Quay-USJ 1,2023-12-29,570
BRT07: USJ 7,BRT06: South Quay-USJ 1,2023-12-30,442
BRT07: USJ 7,BRT06: South Quay-USJ 1,2023-12-31,450
