series,date,group,index
abs,2015-01-01,061,109.017
abs,2015-02-01,061,97.404
abs,2015-03-01,061,111.448
abs,2015-04-01,061,100.314
abs,2015-05-01,061,105.981
abs,2015-06-01,061,92.411
abs,2015-07-01,061,95.267
abs,2015-08-01,061,90.288
abs,2015-09-01,061,96.727
abs,2015-10-01,061,96.831
abs,2015-11-01,061,99.847
abs,2015-12-01,061,104.464
abs,2016-01-01,061,105.215
abs,2016-02-01,061,98.036
abs,2016-03-01,061,103.957
abs,2016-04-01,061,98.592
abs,2016-05-01,061,100.328
abs,2016-06-01,061,103.157
abs,2016-07-01,061,106.235
abs,2016-08-01,061,97.442
abs,2016-09-01,061,95.483
abs,2016-10-01,061,101.706
abs,2016-11-01,061,100.685
abs,2016-12-01,061,103.638
abs,2017-01-01,061,106.848
abs,2017-02-01,061,96.486
abs,2017-03-01,061,104.746
abs,2017-04-01,061,95.315
abs,2017-05-01,061,95.773
abs,2017-06-01,061,100.583
abs,2017-07-01,061,99.01
abs,2017-08-01,061,97.285
abs,2017-09-01,061,96.336
abs,2017-10-01,061,100.233
abs,2017-11-01,061,103.324
abs,2017-12-01,061,98.236
abs,2018-01-01,061,106.157
abs,2018-02-01,061,94.386
abs,2018-03-01,061,105.633
abs,2018-04-01,061,98.524
abs,2018-05-01,061,100.532
abs,2018-06-01,061,101.028
abs,2018-07-01,061,101.879
abs,2018-08-01,061,92.247
abs,2018-09-01,061,91.258
abs,2018-10-01,061,101.595
abs,2018-11-01,061,97.929
abs,2018-12-01,061,100.695
abs,2019-01-01,061,102.628
abs,2019-02-01,061,91.513
abs,2019-03-01,061,102.012
abs,2019-04-01,061,94.76
abs,2019-05-01,061,99.603
abs,2019-06-01,061,94.542
abs,2019-07-01,061,80.064
abs,2019-08-01,061,86.427
abs,2019-09-01,061,86.03
abs,2019-10-01,061,93.214
abs,2019-11-01,061,96.861
abs,2019-12-01,061,94.02
abs,2020-01-01,061,100.347
abs,2020-02-01,061,91.697
abs,2020-03-01,061,96.053
abs,2020-04-01,061,78.167
abs,2020-05-01,061,77.862
abs,2020-06-01,061,79.898
abs,2020-07-01,061,84.311
abs,2020-08-01,061,82.546
abs,2020-09-01,061,79.496
abs,2020-10-01,061,83.862
abs,2020-11-01,061,81.912
abs,2020-12-01,061,85.595
abs,2021-01-01,061,90.784
abs,2021-02-01,061,80.989
abs,2021-03-01,061,87.444
abs,2021-04-01,061,80.485
abs,2021-05-01,061,87.565
abs,2021-06-01,061,83.365
abs,2021-07-01,061,77.523
abs,2021-08-01,061,75.086
abs,2021-09-01,061,72.237
abs,2021-10-01,061,75.628
abs,2021-11-01,061,77.075
abs,2021-12-01,061,80.874
abs,2022-01-01,061,82.931
abs,2022-02-01,061,78.815
abs,2022-03-01,061,81.762
abs,2022-04-01,061,78.771
abs,2022-05-01,061,78.791
abs,2022-06-01,061,81.2
abs,2022-07-01,061,75.853
abs,2022-08-01,061,80.101
abs,2022-09-01,061,79.385
abs,2022-10-01,061,82.151
abs,2022-11-01,061,82.517
abs,2022-12-01,061,84.231
abs,2023-01-01,061,84.024
abs,2023-02-01,061,78.64
abs,2023-03-01,061,85.763
abs,2023-04-01,061,78.095
abs,2023-05-01,061,77.282
abs,2023-06-01,061,75.119
abs,2023-07-01,061,78.557
abs,2023-08-01,061,76.082
abs,2023-09-01,061,76.562
abs,2023-10-01,061,85.053
abs,2023-11-01,061,83.805
abs,2023-12-01,061,85.014
abs,2024-01-01,061,85.577
abs,2024-02-01,061,80.721
abs,2024-03-01,061,86.239
abs,2024-04-01,061,80.898
abs,2024-05-01,061,78.275
abs,2024-06-01,061,79.0
abs,2024-07-01,061,77.656
abs,2024-08-01,061,72.147
abs,2024-09-01,061,69.639
abs,2024-10-01,061,81.87
abs,2024-11-01,061,81.286
abs,2024-12-01,061,79.511
abs,2025-01-01,061,76.63
abs,2025-02-01,061,73.446
abs,2025-03-01,061,86.092
abs,2025-04-01,061,79.752
abs,2025-05-01,061,75.521
abs,2025-06-01,061,75.807
abs,2025-07-01,061,79.07
abs,2025-08-01,061,79.68
abs,2025-09-01,061,76.423
abs,2025-10-01,061,85.335
abs,2025-11-01,061,82.594
abs,2025-12-01,061,84.628
abs,2026-01-01,061,79.525
abs,2026-02-01,061,70.316
abs,2026-03-01,061,76.364
abs,2026-04-01,061,74.642
abs,2026-05-01,061,75.021
abs,2026-06-01,061,73.3
growth_yoy,2016-01-01,061,-3.488
growth_yoy,2016-02-01,061,0.648
growth_yoy,2016-03-01,061,-6.722
growth_yoy,2016-04-01,061,-1.717
growth_yoy,2016-05-01,061,-5.334
growth_yoy,2016-06-01,061,11.629
growth_yoy,2016-07-01,061,11.513
growth_yoy,2016-08-01,061,7.924
growth_yoy,2016-09-01,061,-1.287
growth_yoy,2016-10-01,061,5.034
growth_yoy,2016-11-01,061,0.839
growth_yoy,2016-12-01,061,-0.79
growth_yoy,2017-01-01,061,1.552
growth_yoy,2017-02-01,061,-1.581
growth_yoy,2017-03-01,061,0.759
growth_yoy,2017-04-01,061,-3.324
growth_yoy,2017-05-01,061,-4.54
growth_yoy,2017-06-01,061,-2.495
growth_yoy,2017-07-01,061,-6.801
growth_yoy,2017-08-01,061,-0.161
growth_yoy,2017-09-01,061,0.893
growth_yoy,2017-10-01,061,-1.449
growth_yoy,2017-11-01,061,2.621
growth_yoy,2017-12-01,061,-5.212
growth_yoy,2018-01-01,061,-0.647
growth_yoy,2018-02-01,061,-2.177
growth_yoy,2018-03-01,061,0.847
growth_yoy,2018-04-01,061,3.367
growth_yoy,2018-05-01,061,4.969
growth_yoy,2018-06-01,061,0.443
growth_yoy,2018-07-01,061,2.898
growth_yoy,2018-08-01,061,-5.179
growth_yoy,2018-09-01,061,-5.272
growth_yoy,2018-10-01,061,1.359
growth_yoy,2018-11-01,061,-5.222
growth_yoy,2018-12-01,061,2.503
growth_yoy,2019-01-01,061,-3.324
growth_yoy,2019-02-01,061,-3.044
growth_yoy,2019-03-01,061,-3.428
growth_yoy,2019-04-01,061,-3.821
growth_yoy,2019-05-01,061,-0.924
growth_yoy,2019-06-01,061,-6.421
growth_yoy,2019-07-01,061,-21.413
growth_yoy,2019-08-01,061,-6.309
growth_yoy,2019-09-01,061,-5.728
growth_yoy,2019-10-01,061,-8.249
growth_yoy,2019-11-01,061,-1.091
growth_yoy,2019-12-01,061,-6.628
growth_yoy,2020-01-01,061,-2.223
growth_yoy,2020-02-01,061,0.201
growth_yoy,2020-03-01,061,-5.842
growth_yoy,2020-04-01,061,-17.51
growth_yoy,2020-05-01,061,-21.827
growth_yoy,2020-06-01,061,-15.489
growth_yoy,2020-07-01,061,5.303
growth_yoy,2020-08-01,061,-4.491
growth_yoy,2020-09-01,061,-7.596
growth_yoy,2020-10-01,061,-10.033
growth_yoy,2020-11-01,061,-15.433
growth_yoy,2020-12-01,061,-8.961
growth_yoy,2021-01-01,061,-9.53
growth_yoy,2021-02-01,061,-11.677
growth_yoy,2021-03-01,061,-8.962
growth_yoy,2021-04-01,061,2.965
growth_yoy,2021-05-01,061,12.462
growth_yoy,2021-06-01,061,4.339
growth_yoy,2021-07-01,061,-8.051
growth_yoy,2021-08-01,061,-9.038
growth_yoy,2021-09-01,061,-9.131
growth_yoy,2021-10-01,061,-9.818
growth_yoy,2021-11-01,061,-5.904
growth_yoy,2021-12-01,061,-5.515
growth_yoy,2022-01-01,061,-8.65
growth_yoy,2022-02-01,061,-2.684
growth_yoy,2022-03-01,061,-6.498
growth_yoy,2022-04-01,061,-2.13
growth_yoy,2022-05-01,061,-10.021
growth_yoy,2022-06-01,061,-2.597
growth_yoy,2022-07-01,061,-2.154
growth_yoy,2022-08-01,061,6.679
growth_yoy,2022-09-01,061,9.896
growth_yoy,2022-10-01,061,8.625
growth_yoy,2022-11-01,061,7.06
growth_yoy,2022-12-01,061,4.151
growth_yoy,2023-01-01,061,1.317
growth_yoy,2023-02-01,061,-0.223
growth_yoy,2023-03-01,061,4.893
growth_yoy,2023-04-01,061,-0.859
growth_yoy,2023-05-01,061,-1.914
growth_yoy,2023-06-01,061,-7.489
growth_yoy,2023-07-01,061,3.564
growth_yoy,2023-08-01,061,-5.018
growth_yoy,2023-09-01,061,-3.557
growth_yoy,2023-10-01,061,3.532
growth_yoy,2023-11-01,061,1.561
growth_yoy,2023-12-01,061,0.929
growth_yoy,2024-01-01,061,1.848
growth_yoy,2024-02-01,061,2.646
growth_yoy,2024-03-01,061,0.555
growth_yoy,2024-04-01,061,3.589
growth_yoy,2024-05-01,061,1.285
growth_yoy,2024-06-01,061,5.166
growth_yoy,2024-07-01,061,-1.147
growth_yoy,2024-08-01,061,-5.172
growth_yoy,2024-09-01,061,-9.042
growth_yoy,2024-10-01,061,-3.743
growth_yoy,2024-11-01,061,-3.005
growth_yoy,2024-12-01,061,-6.472
growth_yoy,2025-01-01,061,-10.454
growth_yoy,2025-02-01,061,-9.012
growth_yoy,2025-03-01,061,-0.17
growth_yoy,2025-04-01,061,-1.416
growth_yoy,2025-05-01,061,-3.519
growth_yoy,2025-06-01,061,-4.042
growth_yoy,2025-07-01,061,1.821
growth_yoy,2025-08-01,061,10.442
growth_yoy,2025-09-01,061,9.742
growth_yoy,2025-10-01,061,4.233
growth_yoy,2025-11-01,061,1.608
growth_yoy,2025-12-01,061,6.435
growth_yoy,2026-01-01,061,3.777
growth_yoy,2026-02-01,061,-4.262
growth_yoy,2026-03-01,061,-11.3
growth_yoy,2026-04-01,061,-6.407
growth_yoy,2026-05-01,061,-0.663
growth_yoy,2026-06-01,061,-3.307
growth_mom,2015-02-01,061,-10.652
growth_mom,2015-03-01,061,14.418
growth_mom,2015-04-01,061,-9.99
growth_mom,2015-05-01,061,5.649
growth_mom,2015-06-01,061,-12.804
growth_mom,2015-07-01,061,3.091
growth_mom,2015-08-01,061,-5.227
growth_mom,2015-09-01,061,7.132
growth_mom,2015-10-01,061,0.107
growth_mom,2015-11-01,061,3.115
growth_mom,2015-12-01,061,4.624
growth_mom,2016-01-01,061,0.719
growth_mom,2016-02-01,061,-6.823
growth_mom,2016-03-01,061,6.04
growth_mom,2016-04-01,061,-5.161
growth_mom,2016-05-01,061,1.761
growth_mom,2016-06-01,061,2.82
growth_mom,2016-07-01,061,2.984
growth_mom,2016-08-01,061,-8.277
growth_mom,2016-09-01,061,-2.01
growth_mom,2016-10-01,061,6.517
growth_mom,2016-11-01,061,-1.004
growth_mom,2016-12-01,061,2.933
growth_mom,2017-01-01,061,3.097
growth_mom,2017-02-01,061,-9.698
growth_mom,2017-03-01,061,8.56
growth_mom,2017-04-01,061,-9.004
growth_mom,2017-05-01,061,0.481
growth_mom,2017-06-01,061,5.022
growth_mom,2017-07-01,061,-1.564
growth_mom,2017-08-01,061,-1.742
growth_mom,2017-09-01,061,-0.976
growth_mom,2017-10-01,061,4.045
growth_mom,2017-11-01,061,3.084
growth_mom,2017-12-01,061,-4.924
growth_mom,2018-01-01,061,8.063
growth_mom,2018-02-01,061,-11.088
growth_mom,2018-03-01,061,11.916
growth_mom,2018-04-01,061,-6.73
growth_mom,2018-05-01,061,2.038
growth_mom,2018-06-01,061,0.494
growth_mom,2018-07-01,061,0.842
growth_mom,2018-08-01,061,-9.455
growth_mom,2018-09-01,061,-1.072
growth_mom,2018-10-01,061,11.327
growth_mom,2018-11-01,061,-3.609
growth_mom,2018-12-01,061,2.825
growth_mom,2019-01-01,061,1.921
growth_mom,2019-02-01,061,-10.831
growth_mom,2019-03-01,061,11.473
growth_mom,2019-04-01,061,-7.109
growth_mom,2019-05-01,061,5.111
growth_mom,2019-06-01,061,-5.082
growth_mom,2019-07-01,061,-15.313
growth_mom,2019-08-01,061,7.947
growth_mom,2019-09-01,061,-0.46
growth_mom,2019-10-01,061,8.351
growth_mom,2019-11-01,061,3.912
growth_mom,2019-12-01,061,-2.932
growth_mom,2020-01-01,061,6.728
growth_mom,2020-02-01,061,-8.62
growth_mom,2020-03-01,061,4.75
growth_mom,2020-04-01,061,-18.62
growth_mom,2020-05-01,061,-0.39
growth_mom,2020-06-01,061,2.615
growth_mom,2020-07-01,061,5.523
growth_mom,2020-08-01,061,-2.093
growth_mom,2020-09-01,061,-3.695
growth_mom,2020-10-01,061,5.493
growth_mom,2020-11-01,061,-2.325
growth_mom,2020-12-01,061,4.497
growth_mom,2021-01-01,061,6.062
growth_mom,2021-02-01,061,-10.789
growth_mom,2021-03-01,061,7.97
growth_mom,2021-04-01,061,-7.958
growth_mom,2021-05-01,061,8.797
growth_mom,2021-06-01,061,-4.797
growth_mom,2021-07-01,061,-7.008
growth_mom,2021-08-01,061,-3.144
growth_mom,2021-09-01,061,-3.794
growth_mom,2021-10-01,061,4.695
growth_mom,2021-11-01,061,1.913
growth_mom,2021-12-01,061,4.929
growth_mom,2022-01-01,061,2.543
growth_mom,2022-02-01,061,-4.963
growth_mom,2022-03-01,061,3.739
growth_mom,2022-04-01,061,-3.658
growth_mom,2022-05-01,061,0.025
growth_mom,2022-06-01,061,3.058
growth_mom,2022-07-01,061,-6.585
growth_mom,2022-08-01,061,5.6
growth_mom,2022-09-01,061,-0.894
growth_mom,2022-10-01,061,3.485
growth_mom,2022-11-01,061,0.445
growth_mom,2022-12-01,061,2.077
growth_mom,2023-01-01,061,-0.246
growth_mom,2023-02-01,061,-6.408
growth_mom,2023-03-01,061,9.058
growth_mom,2023-04-01,061,-8.941
growth_mom,2023-05-01,061,-1.04
growth_mom,2023-06-01,061,-2.799
growth_mom,2023-07-01,061,4.576
growth_mom,2023-08-01,061,-3.15
growth_mom,2023-09-01,061,0.631
growth_mom,2023-10-01,061,11.091
growth_mom,2023-11-01,061,-1.468
growth_mom,2023-12-01,061,1.442
growth_mom,2024-01-01,061,0.662
growth_mom,2024-02-01,061,-5.675
growth_mom,2024-03-01,061,6.836
growth_mom,2024-04-01,061,-6.193
growth_mom,2024-05-01,061,-3.241
growth_mom,2024-06-01,061,0.925
growth_mom,2024-07-01,061,-1.701
growth_mom,2024-08-01,061,-7.094
growth_mom,2024-09-01,061,-3.476
growth_mom,2024-10-01,061,17.564
growth_mom,2024-11-01,061,-0.713
growth_mom,2024-12-01,061,-2.184
growth_mom,2025-01-01,061,-3.624
growth_mom,2025-02-01,061,-4.155
growth_mom,2025-03-01,061,17.219
growth_mom,2025-04-01,061,-7.365
growth_mom,2025-05-01,061,-5.305
growth_mom,2025-06-01,061,0.378
growth_mom,2025-07-01,061,4.305
growth_mom,2025-08-01,061,0.771
growth_mom,2025-09-01,061,-4.088
growth_mom,2025-10-01,061,11.662
growth_mom,2025-11-01,061,-3.213
growth_mom,2025-12-01,061,2.463
growth_mom,2026-01-01,061,-6.03
growth_mom,2026-02-01,061,-11.58
growth_mom,2026-03-01,061,8.602
growth_mom,2026-04-01,061,-2.255
growth_mom,2026-05-01,061,0.507
growth_mom,2026-06-01,061,-2.294
abs,2015-01-01,062,105.551
abs,2015-02-01,062,95.182
abs,2015-03-01,062,104.242
abs,2015-04-01,062,92.019
abs,2015-05-01,062,101.162
abs,2015-06-01,062,101.097
abs,2015-07-01,062,104.633
abs,2015-08-01,062,92.195
abs,2015-09-01,062,96.921
abs,2015-10-01,062,103.221
abs,2015-11-01,062,97.705
abs,2015-12-01,062,106.071
abs,2016-01-01,062,108.546
abs,2016-02-01,062,98.838
abs,2016-03-01,062,104.093
abs,2016-04-01,062,96.84
abs,2016-05-01,062,104.414
abs,2016-06-01,062,104.257
abs,2016-07-01,062,100.545
abs,2016-08-01,062,92.344
abs,2016-09-01,062,97.429
abs,2016-10-01,062,106.845
abs,2016-11-01,062,108.171
abs,2016-12-01,062,119.565
abs,2017-01-01,062,110.225
abs,2017-02-01,062,101.196
abs,2017-03-01,062,109.733
abs,2017-04-01,062,98.329
abs,2017-05-01,062,101.34
abs,2017-06-01,062,105.727
abs,2017-07-01,062,103.471
abs,2017-08-01,062,104.641
abs,2017-09-01,062,100.07
abs,2017-10-01,062,109.262
abs,2017-11-01,062,109.672
abs,2017-12-01,062,115.78
abs,2018-01-01,062,109.03
abs,2018-02-01,062,94.466
abs,2018-03-01,062,105.595
abs,2018-04-01,062,101.582
abs,2018-05-01,062,99.749
abs,2018-06-01,062,94.054
abs,2018-07-01,062,89.384
abs,2018-08-01,062,97.312
abs,2018-09-01,062,95.712
abs,2018-10-01,062,111.124
abs,2018-11-01,062,108.857
abs,2018-12-01,062,115.594
abs,2019-01-01,062,115.756
abs,2019-02-01,062,93.232
abs,2019-03-01,062,110.358
abs,2019-04-01,062,104.857
abs,2019-05-01,062,107.597
abs,2019-06-01,062,102.895
abs,2019-07-01,062,95.304
abs,2019-08-01,062,100.311
abs,2019-09-01,062,97.113
abs,2019-10-01,062,106.159
abs,2019-11-01,062,113.291
abs,2019-12-01,062,111.649
abs,2020-01-01,062,110.253
abs,2020-02-01,062,102.723
abs,2020-03-01,062,101.112
abs,2020-04-01,062,85.434
abs,2020-05-01,062,84.833
abs,2020-06-01,062,88.879
abs,2020-07-01,062,91.266
abs,2020-08-01,062,89.618
abs,2020-09-01,062,90.174
abs,2020-10-01,062,97.407
abs,2020-11-01,062,95.733
abs,2020-12-01,062,108.802
abs,2021-01-01,062,110.504
abs,2021-02-01,062,102.922
abs,2021-03-01,062,108.501
abs,2021-04-01,062,104.63
abs,2021-05-01,062,110.636
abs,2021-06-01,062,100.781
abs,2021-07-01,062,95.818
abs,2021-08-01,062,92.927
abs,2021-09-01,062,87.739
abs,2021-10-01,062,99.288
abs,2021-11-01,062,104.911
abs,2021-12-01,062,108.588
abs,2022-01-01,062,111.362
abs,2022-02-01,062,103.743
abs,2022-03-01,062,113.112
abs,2022-04-01,062,103.578
abs,2022-05-01,062,105.008
abs,2022-06-01,062,106.295
abs,2022-07-01,062,107.281
abs,2022-08-01,062,100.895
abs,2022-09-01,062,106.645
abs,2022-10-01,062,108.973
abs,2022-11-01,062,113.381
abs,2022-12-01,062,111.694
abs,2023-01-01,062,118.14
abs,2023-02-01,062,106.22
abs,2023-03-01,062,114.037
abs,2023-04-01,062,99.749
abs,2023-05-01,062,110.37
abs,2023-06-01,062,97.273
abs,2023-07-01,062,104.875
abs,2023-08-01,062,101.479
abs,2023-09-01,062,98.088
abs,2023-10-01,062,115.251
abs,2023-11-01,062,115.831
abs,2023-12-01,062,117.872
abs,2024-01-01,062,122.822
abs,2024-02-01,062,114.46
abs,2024-03-01,062,120.202
abs,2024-04-01,062,109.914
abs,2024-05-01,062,98.903
abs,2024-06-01,062,104.215
abs,2024-07-01,062,103.037
abs,2024-08-01,062,92.446
abs,2024-09-01,062,103.796
abs,2024-10-01,062,116.842
abs,2024-11-01,062,117.762
abs,2024-12-01,062,124.776
abs,2025-01-01,062,126.521
abs,2025-02-01,062,104.683
abs,2025-03-01,062,123.741
abs,2025-04-01,062,101.318
abs,2025-05-01,062,82.744
abs,2025-06-01,062,106.885
abs,2025-07-01,062,107.638
abs,2025-08-01,062,114.707
abs,2025-09-01,062,112.21
abs,2025-10-01,062,122.375
abs,2025-11-01,062,118.587
abs,2025-12-01,062,114.946
abs,2026-01-01,062,123.908
abs,2026-02-01,062,104.221
abs,2026-03-01,062,119.513
abs,2026-04-01,062,118.124
abs,2026-05-01,062,113.698
abs,2026-06-01,062,114.778
growth_yoy,2016-01-01,062,2.838
growth_yoy,2016-02-01,062,3.841
growth_yoy,2016-03-01,062,-0.143
growth_yoy,2016-04-01,062,5.239
growth_yoy,2016-05-01,062,3.215
growth_yoy,2016-06-01,062,3.126
growth_yoy,2016-07-01,062,-3.907
growth_yoy,2016-08-01,062,0.161
growth_yoy,2016-09-01,062,0.524
growth_yoy,2016-10-01,062,3.511
growth_yoy,2016-11-01,062,10.712
growth_yoy,2016-12-01,062,12.721
growth_yoy,2017-01-01,062,1.547
growth_yoy,2017-02-01,062,2.385
growth_yoy,2017-03-01,062,5.418
growth_yoy,2017-04-01,062,1.538
growth_yoy,2017-05-01,062,-2.944
growth_yoy,2017-06-01,062,1.41
growth_yoy,2017-07-01,062,2.91
growth_yoy,2017-08-01,062,13.316
growth_yoy,2017-09-01,062,2.711
growth_yoy,2017-10-01,062,2.262
growth_yoy,2017-11-01,062,1.388
growth_yoy,2017-12-01,062,-3.166
growth_yoy,2018-01-01,062,-1.084
growth_yoy,2018-02-01,062,-6.651
growth_yoy,2018-03-01,062,-3.771
growth_yoy,2018-04-01,062,3.309
growth_yoy,2018-05-01,062,-1.57
growth_yoy,2018-06-01,062,-11.04
growth_yoy,2018-07-01,062,-13.615
growth_yoy,2018-08-01,062,-7.004
growth_yoy,2018-09-01,062,-4.355
growth_yoy,2018-10-01,062,1.704
growth_yoy,2018-11-01,062,-0.743
growth_yoy,2018-12-01,062,-0.161
growth_yoy,2019-01-01,062,6.169
growth_yoy,2019-02-01,062,-1.305
growth_yoy,2019-03-01,062,4.511
growth_yoy,2019-04-01,062,3.224
growth_yoy,2019-05-01,062,7.867
growth_yoy,2019-06-01,062,9.399
growth_yoy,2019-07-01,062,6.623
growth_yoy,2019-08-01,062,3.082
growth_yoy,2019-09-01,062,1.465
growth_yoy,2019-10-01,062,-4.468
growth_yoy,2019-11-01,062,4.073
growth_yoy,2019-12-01,062,-3.412
growth_yoy,2020-01-01,062,-4.754
growth_yoy,2020-02-01,062,10.18
growth_yoy,2020-03-01,062,-8.379
growth_yoy,2020-04-01,062,-18.523
growth_yoy,2020-05-01,062,-21.156
growth_yoy,2020-06-01,062,-13.622
growth_yoy,2020-07-01,062,-4.237
growth_yoy,2020-08-01,062,-10.66
growth_yoy,2020-09-01,062,-7.146
growth_yoy,2020-10-01,062,-8.244
growth_yoy,2020-11-01,062,-15.498
growth_yoy,2020-12-01,062,-2.55
growth_yoy,2021-01-01,062,0.228
growth_yoy,2021-02-01,062,0.193
growth_yoy,2021-03-01,062,7.308
growth_yoy,2021-04-01,062,22.469
growth_yoy,2021-05-01,062,30.416
growth_yoy,2021-06-01,062,13.391
growth_yoy,2021-07-01,062,4.988
growth_yoy,2021-08-01,062,3.692
growth_yoy,2021-09-01,062,-2.7
growth_yoy,2021-10-01,062,1.931
growth_yoy,2021-11-01,062,9.587
growth_yoy,2021-12-01,062,-0.197
growth_yoy,2022-01-01,062,0.776
growth_yoy,2022-02-01,062,0.798
growth_yoy,2022-03-01,062,4.249
growth_yoy,2022-04-01,062,-1.005
growth_yoy,2022-05-01,062,-5.087
growth_yoy,2022-06-01,062,5.472
growth_yoy,2022-07-01,062,11.963
growth_yoy,2022-08-01,062,8.575
growth_yoy,2022-09-01,062,21.547
growth_yoy,2022-10-01,062,9.755
growth_yoy,2022-11-01,062,8.074
growth_yoy,2022-12-01,062,2.861
growth_yoy,2023-01-01,062,6.087
growth_yoy,2023-02-01,062,2.388
growth_yoy,2023-03-01,062,0.818
growth_yoy,2023-04-01,062,-3.697
growth_yoy,2023-05-01,062,5.107
growth_yoy,2023-06-01,062,-8.488
growth_yoy,2023-07-01,062,-2.242
growth_yoy,2023-08-01,062,0.579
growth_yoy,2023-09-01,062,-8.024
growth_yoy,2023-10-01,062,5.761
growth_yoy,2023-11-01,062,2.161
growth_yoy,2023-12-01,062,5.531
growth_yoy,2024-01-01,062,3.963
growth_yoy,2024-02-01,062,7.758
growth_yoy,2024-03-01,062,5.406
growth_yoy,2024-04-01,062,10.19
growth_yoy,2024-05-01,062,-10.39
growth_yoy,2024-06-01,062,7.137
growth_yoy,2024-07-01,062,-1.752
growth_yoy,2024-08-01,062,-8.902
growth_yoy,2024-09-01,062,5.82
growth_yoy,2024-10-01,062,1.381
growth_yoy,2024-11-01,062,1.668
growth_yoy,2024-12-01,062,5.857
growth_yoy,2025-01-01,062,3.011
growth_yoy,2025-02-01,062,-8.542
growth_yoy,2025-03-01,062,2.944
growth_yoy,2025-04-01,062,-7.82
growth_yoy,2025-05-01,062,-16.339
growth_yoy,2025-06-01,062,2.561
growth_yoy,2025-07-01,062,4.466
growth_yoy,2025-08-01,062,24.08
growth_yoy,2025-09-01,062,8.106
growth_yoy,2025-10-01,062,4.735
growth_yoy,2025-11-01,062,0.7
growth_yoy,2025-12-01,062,-7.878
growth_yoy,2026-01-01,062,-2.065
growth_yoy,2026-02-01,062,-0.442
growth_yoy,2026-03-01,062,-3.417
growth_yoy,2026-04-01,062,16.587
growth_yoy,2026-05-01,062,37.411
growth_yoy,2026-06-01,062,7.385
growth_mom,2015-02-01,062,-9.824
growth_mom,2015-03-01,062,9.519
growth_mom,2015-04-01,062,-11.726
growth_mom,2015-05-01,062,9.935
growth_mom,2015-06-01,062,-0.064
growth_mom,2015-07-01,062,3.498
growth_mom,2015-08-01,062,-11.887
growth_mom,2015-09-01,062,5.126
growth_mom,2015-10-01,062,6.5
growth_mom,2015-11-01,062,-5.344
growth_mom,2015-12-01,062,8.563
growth_mom,2016-01-01,062,2.333
growth_mom,2016-02-01,062,-8.944
growth_mom,2016-03-01,062,5.317
growth_mom,2016-04-01,062,-6.968
growth_mom,2016-05-01,062,7.821
growth_mom,2016-06-01,062,-0.15
growth_mom,2016-07-01,062,-3.56
growth_mom,2016-08-01,062,-8.157
growth_mom,2016-09-01,062,5.507
growth_mom,2016-10-01,062,9.664
growth_mom,2016-11-01,062,1.241
growth_mom,2016-12-01,062,10.533
growth_mom,2017-01-01,062,-7.812
growth_mom,2017-02-01,062,-8.192
growth_mom,2017-03-01,062,8.436
growth_mom,2017-04-01,062,-10.392
growth_mom,2017-05-01,062,3.062
growth_mom,2017-06-01,062,4.329
growth_mom,2017-07-01,062,-2.134
growth_mom,2017-08-01,062,1.13
growth_mom,2017-09-01,062,-4.368
growth_mom,2017-10-01,062,9.186
growth_mom,2017-11-01,062,0.376
growth_mom,2017-12-01,062,5.569
growth_mom,2018-01-01,062,-5.83
growth_mom,2018-02-01,062,-13.358
growth_mom,2018-03-01,062,11.782
growth_mom,2018-04-01,062,-3.8
growth_mom,2018-05-01,062,-1.805
growth_mom,2018-06-01,062,-5.709
growth_mom,2018-07-01,062,-4.966
growth_mom,2018-08-01,062,8.87
growth_mom,2018-09-01,062,-1.644
growth_mom,2018-10-01,062,16.103
growth_mom,2018-11-01,062,-2.04
growth_mom,2018-12-01,062,6.189
growth_mom,2019-01-01,062,0.14
growth_mom,2019-02-01,062,-19.458
growth_mom,2019-03-01,062,18.369
growth_mom,2019-04-01,062,-4.985
growth_mom,2019-05-01,062,2.613
growth_mom,2019-06-01,062,-4.37
growth_mom,2019-07-01,062,-7.377
growth_mom,2019-08-01,062,5.254
growth_mom,2019-09-01,062,-3.187
growth_mom,2019-10-01,062,9.315
growth_mom,2019-11-01,062,6.718
growth_mom,2019-12-01,062,-1.449
growth_mom,2020-01-01,062,-1.25
growth_mom,2020-02-01,062,-6.83
growth_mom,2020-03-01,062,-1.569
growth_mom,2020-04-01,062,-15.506
growth_mom,2020-05-01,062,-0.703
growth_mom,2020-06-01,062,4.769
growth_mom,2020-07-01,062,2.686
growth_mom,2020-08-01,062,-1.805
growth_mom,2020-09-01,062,0.62
growth_mom,2020-10-01,062,8.022
growth_mom,2020-11-01,062,-1.719
growth_mom,2020-12-01,062,13.652
growth_mom,2021-01-01,062,1.564
growth_mom,2021-02-01,062,-6.862
growth_mom,2021-03-01,062,5.421
growth_mom,2021-04-01,062,-3.568
growth_mom,2021-05-01,062,5.74
growth_mom,2021-06-01,062,-8.908
growth_mom,2021-07-01,062,-4.924
growth_mom,2021-08-01,062,-3.017
growth_mom,2021-09-01,062,-5.583
growth_mom,2021-10-01,062,13.162
growth_mom,2021-11-01,062,5.663
growth_mom,2021-12-01,062,3.505
growth_mom,2022-01-01,062,2.554
growth_mom,2022-02-01,062,-6.842
growth_mom,2022-03-01,062,9.031
growth_mom,2022-04-01,062,-8.429
growth_mom,2022-05-01,062,1.381
growth_mom,2022-06-01,062,1.226
growth_mom,2022-07-01,062,0.927
growth_mom,2022-08-01,062,-5.952
growth_mom,2022-09-01,062,5.698
growth_mom,2022-10-01,062,2.184
growth_mom,2022-11-01,062,4.045
growth_mom,2022-12-01,062,-1.488
growth_mom,2023-01-01,062,5.771
growth_mom,2023-02-01,062,-10.09
growth_mom,2023-03-01,062,7.36
growth_mom,2023-04-01,062,-12.53
growth_mom,2023-05-01,062,10.649
growth_mom,2023-06-01,062,-11.867
growth_mom,2023-07-01,062,7.815
growth_mom,2023-08-01,062,-3.238
growth_mom,2023-09-01,062,-3.342
growth_mom,2023-10-01,062,17.498
growth_mom,2023-11-01,062,0.503
growth_mom,2023-12-01,062,1.762
growth_mom,2024-01-01,062,4.2
growth_mom,2024-02-01,062,-6.808
growth_mom,2024-03-01,062,5.017
growth_mom,2024-04-01,062,-8.559
growth_mom,2024-05-01,062,-10.017
growth_mom,2024-06-01,062,5.371
growth_mom,2024-07-01,062,-1.131
growth_mom,2024-08-01,062,-10.279
growth_mom,2024-09-01,062,12.278
growth_mom,2024-10-01,062,12.569
growth_mom,2024-11-01,062,0.787
growth_mom,2024-12-01,062,5.956
growth_mom,2025-01-01,062,1.398
growth_mom,2025-02-01,062,-17.26
growth_mom,2025-03-01,062,18.205
growth_mom,2025-04-01,062,-18.121
growth_mom,2025-05-01,062,-18.333
growth_mom,2025-06-01,062,29.176
growth_mom,2025-07-01,062,0.705
growth_mom,2025-08-01,062,6.567
growth_mom,2025-09-01,062,-2.177
growth_mom,2025-10-01,062,9.059
growth_mom,2025-11-01,062,-3.096
growth_mom,2025-12-01,062,-3.07
growth_mom,2026-01-01,062,7.797
growth_mom,2026-02-01,062,-15.889
growth_mom,2026-03-01,062,14.673
growth_mom,2026-04-01,062,-1.162
growth_mom,2026-05-01,062,-3.746
growth_mom,2026-06-01,062,0.95
abs,2015-01-01,101,117.495
abs,2015-02-01,101,110.623
abs,2015-03-01,101,100.927
abs,2015-04-01,101,104.415
abs,2015-05-01,101,91.083
abs,2015-06-01,101,83.586
abs,2015-07-01,101,99.685
abs,2015-08-01,101,101.787
abs,2015-09-01,101,92.38
abs,2015-10-01,101,92.74
abs,2015-11-01,101,98.775
abs,2015-12-01,101,106.504
abs,2016-01-01,101,120.026
abs,2016-02-01,101,116.029
abs,2016-03-01,101,108.262
abs,2016-04-01,101,95.204
abs,2016-05-01,101,84.586
abs,2016-06-01,101,75.649
abs,2016-07-01,101,101.638
abs,2016-08-01,101,98.409
abs,2016-09-01,101,90.004
abs,2016-10-01,101,94.556
abs,2016-11-01,101,109.453
abs,2016-12-01,101,114.72
abs,2017-01-01,101,128.93
abs,2017-02-01,101,135.336
abs,2017-03-01,101,112.904
abs,2017-04-01,101,111.189
abs,2017-05-01,101,96.187
abs,2017-06-01,101,80.812
abs,2017-07-01,101,123.492
abs,2017-08-01,101,108.107
abs,2017-09-01,101,98.014
abs,2017-10-01,101,101.536
abs,2017-11-01,101,118.471
abs,2017-12-01,101,136.582
abs,2018-01-01,101,144.767
abs,2018-02-01,101,128.722
abs,2018-03-01,101,128.363
abs,2018-04-01,101,131.162
abs,2018-05-01,101,126.892
abs,2018-06-01,101,104.452
abs,2018-07-01,101,149.596
abs,2018-08-01,101,113.648
abs,2018-09-01,101,105.245
abs,2018-10-01,101,110.975
abs,2018-11-01,101,110.512
abs,2018-12-01,101,141.991
abs,2019-01-01,101,108.773
abs,2019-02-01,101,113.353
abs,2019-03-01,101,145.586
abs,2019-04-01,101,154.191
abs,2019-05-01,101,148.861
abs,2019-06-01,101,125.848
abs,2019-07-01,101,140.832
abs,2019-08-01,101,157.562
abs,2019-09-01,101,127.458
abs,2019-10-01,101,124.514
abs,2019-11-01,101,124.963
abs,2019-12-01,101,160.424
abs,2020-01-01,101,129.02
abs,2020-02-01,101,118.888
abs,2020-03-01,101,133.648
abs,2020-04-01,101,166.765
abs,2020-05-01,101,156.867
abs,2020-06-01,101,146.881
abs,2020-07-01,101,164.047
abs,2020-08-01,101,180.432
abs,2020-09-01,101,140.028
abs,2020-10-01,101,129.799
abs,2020-11-01,101,143.337
abs,2020-12-01,101,189.285
abs,2021-01-01,101,151.59
abs,2021-02-01,101,132.809
abs,2021-03-01,101,158.264
abs,2021-04-01,101,206.615
abs,2021-05-01,101,183.464
abs,2021-06-01,101,188.276
abs,2021-07-01,101,188.859
abs,2021-08-01,101,219.053
abs,2021-09-01,101,210.877
abs,2021-10-01,101,180.788
abs,2021-11-01,101,186.758
abs,2021-12-01,101,213.968
abs,2022-01-01,101,177.745
abs,2022-02-01,101,158.251
abs,2022-03-01,101,197.834
abs,2022-04-01,101,258.945
abs,2022-05-01,101,236.272
abs,2022-06-01,101,218.664
abs,2022-07-01,101,234.857
abs,2022-08-01,101,237.46
abs,2022-09-01,101,247.539
abs,2022-10-01,101,204.434
abs,2022-11-01,101,221.244
abs,2022-12-01,101,231.676
abs,2023-01-01,101,217.738
abs,2023-02-01,101,176.898
abs,2023-03-01,101,155.195
abs,2023-04-01,101,183.469
abs,2023-05-01,101,256.254
abs,2023-06-01,101,237.848
abs,2023-07-01,101,201.128
abs,2023-08-01,101,266.615
abs,2023-09-01,101,282.557
abs,2023-10-01,101,231.092
abs,2023-11-01,101,268.317
abs,2023-12-01,101,290.505
abs,2024-01-01,101,260.377
abs,2024-02-01,101,191.003
abs,2024-03-01,101,164.563
abs,2024-04-01,101,231.11
abs,2024-05-01,101,288.616
abs,2024-06-01,101,262.864
abs,2024-07-01,101,227.288
abs,2024-08-01,101,285.196
abs,2024-09-01,101,319.646
abs,2024-10-01,101,272.513
abs,2024-11-01,101,310.18
abs,2024-12-01,101,342.319
abs,2025-01-01,101,316.312
abs,2025-02-01,101,231.282
abs,2025-03-01,101,198.633
abs,2025-04-01,101,260.027
abs,2025-05-01,101,335.321
abs,2025-06-01,101,305.797
abs,2025-07-01,101,257.483
abs,2025-08-01,101,320.974
abs,2025-09-01,101,342.779
abs,2025-10-01,101,280.555
abs,2025-11-01,101,318.726
abs,2025-12-01,101,337.963
abs,2026-01-01,101,295.712
abs,2026-02-01,101,226.351
abs,2026-03-01,101,192.152
abs,2026-04-01,101,253.709
abs,2026-05-01,101,312.759
abs,2026-06-01,101,295.698
growth_yoy,2016-01-01,101,2.154
growth_yoy,2016-02-01,101,4.888
growth_yoy,2016-03-01,101,7.267
growth_yoy,2016-04-01,101,-8.821
growth_yoy,2016-05-01,101,-7.133
growth_yoy,2016-06-01,101,-9.496
growth_yoy,2016-07-01,101,1.959
growth_yoy,2016-08-01,101,-3.318
growth_yoy,2016-09-01,101,-2.573
growth_yoy,2016-10-01,101,1.958
growth_yoy,2016-11-01,101,10.81
growth_yoy,2016-12-01,101,7.714
growth_yoy,2017-01-01,101,7.419
growth_yoy,2017-02-01,101,16.64
growth_yoy,2017-03-01,101,4.287
growth_yoy,2017-04-01,101,16.79
growth_yoy,2017-05-01,101,13.715
growth_yoy,2017-06-01,101,6.826
growth_yoy,2017-07-01,101,21.501
growth_yoy,2017-08-01,101,9.855
growth_yoy,2017-09-01,101,8.9
growth_yoy,2017-10-01,101,7.383
growth_yoy,2017-11-01,101,8.239
growth_yoy,2017-12-01,101,19.057
growth_yoy,2018-01-01,101,12.283
growth_yoy,2018-02-01,101,-4.887
growth_yoy,2018-03-01,101,13.693
growth_yoy,2018-04-01,101,17.964
growth_yoy,2018-05-01,101,31.922
growth_yoy,2018-06-01,101,29.253
growth_yoy,2018-07-01,101,21.139
growth_yoy,2018-08-01,101,5.125
growth_yoy,2018-09-01,101,7.378
growth_yoy,2018-10-01,101,9.295
growth_yoy,2018-11-01,101,-6.718
growth_yoy,2018-12-01,101,3.96
growth_yoy,2019-01-01,101,-24.864
growth_yoy,2019-02-01,101,-11.94
growth_yoy,2019-03-01,101,13.417
growth_yoy,2019-04-01,101,17.557
growth_yoy,2019-05-01,101,17.313
growth_yoy,2019-06-01,101,20.484
growth_yoy,2019-07-01,101,-5.859
growth_yoy,2019-08-01,101,38.64
growth_yoy,2019-09-01,101,21.106
growth_yoy,2019-10-01,101,12.201
growth_yoy,2019-11-01,101,13.077
growth_yoy,2019-12-01,101,12.981
growth_yoy,2020-01-01,101,18.614
growth_yoy,2020-02-01,101,4.883
growth_yoy,2020-03-01,101,-8.2
growth_yoy,2020-04-01,101,8.155
growth_yoy,2020-05-01,101,5.378
growth_yoy,2020-06-01,101,16.713
growth_yoy,2020-07-01,101,16.484
growth_yoy,2020-08-01,101,14.515
growth_yoy,2020-09-01,101,9.862
growth_yoy,2020-10-01,101,4.244
growth_yoy,2020-11-01,101,14.703
growth_yoy,2020-12-01,101,17.991
growth_yoy,2021-01-01,101,17.494
growth_yoy,2021-02-01,101,11.709
growth_yoy,2021-03-01,101,18.419
growth_yoy,2021-04-01,101,23.896
growth_yoy,2021-05-01,101,16.955
growth_yoy,2021-06-01,101,28.183
growth_yoy,2021-07-01,101,15.125
growth_yoy,2021-08-01,101,21.405
growth_yoy,2021-09-01,101,50.596
growth_yoy,2021-10-01,101,39.283
growth_yoy,2021-11-01,101,30.293
growth_yoy,2021-12-01,101,13.04
growth_yoy,2022-01-01,101,17.254
growth_yoy,2022-02-01,101,19.157
growth_yoy,2022-03-01,101,25.002
growth_yoy,2022-04-01,101,25.328
growth_yoy,2022-05-01,101,28.784
growth_yoy,2022-06-01,101,16.14
growth_yoy,2022-07-01,101,24.356
growth_yoy,2022-08-01,101,8.403
growth_yoy,2022-09-01,101,17.385
growth_yoy,2022-10-01,101,13.08
growth_yoy,2022-11-01,101,18.466
growth_yoy,2022-12-01,101,8.276
growth_yoy,2023-01-01,101,22.5
growth_yoy,2023-02-01,101,11.784
growth_yoy,2023-03-01,101,-21.553
growth_yoy,2023-04-01,101,-29.147
growth_yoy,2023-05-01,101,8.457
growth_yoy,2023-06-01,101,8.773
growth_yoy,2023-07-01,101,-14.361
growth_yoy,2023-08-01,101,12.278
growth_yoy,2023-09-01,101,14.147
growth_yoy,2023-10-01,101,13.04
growth_yoy,2023-11-01,101,21.277
growth_yoy,2023-12-01,101,25.393
growth_yoy,2024-01-01,101,19.583
growth_yoy,2024-02-01,101,7.973
growth_yoy,2024-03-01,101,6.037
growth_yoy,2024-04-01,101,25.966
growth_yoy,2024-05-01,101,12.629
growth_yoy,2024-06-01,101,10.518
growth_yoy,2024-07-01,101,13.007
growth_yoy,2024-08-01,101,6.969
growth_yoy,2024-09-01,101,13.126
growth_yoy,2024-10-01,101,17.924
growth_yoy,2024-11-01,101,15.602
growth_yoy,2024-12-01,101,17.836
growth_yoy,2025-01-01,101,21.482
growth_yoy,2025-02-01,101,21.088
growth_yoy,2025-03-01,101,20.703
growth_yoy,2025-04-01,101,12.512
growth_yoy,2025-05-01,101,16.183
growth_yoy,2025-06-01,101,16.333
growth_yoy,2025-07-01,101,13.285
growth_yoy,2025-08-01,101,12.545
growth_yoy,2025-09-01,101,7.237
growth_yoy,2025-10-01,101,2.951
growth_yoy,2025-11-01,101,2.755
growth_yoy,2025-12-01,101,-1.273
growth_yoy,2026-01-01,101,-6.512
growth_yoy,2026-02-01,101,-2.132
growth_yoy,2026-03-01,101,-3.262
growth_yoy,2026-04-01,101,-2.43
growth_yoy,2026-05-01,101,-6.729
growth_yoy,2026-06-01,101,-3.302
growth_mom,2015-02-01,101,-5.849
growth_mom,2015-03-01,101,-8.764
growth_mom,2015-04-01,101,3.455
growth_mom,2015-05-01,101,-12.768
growth_mom,2015-06-01,101,-8.231
growth_mom,2015-07-01,101,19.261
growth_mom,2015-08-01,101,2.108
growth_mom,2015-09-01,101,-9.241
growth_mom,2015-10-01,101,0.389
growth_mom,2015-11-01,101,6.508
growth_mom,2015-12-01,101,7.824
growth_mom,2016-01-01,101,12.696
growth_mom,2016-02-01,101,-3.33
growth_mom,2016-03-01,101,-6.694
growth_mom,2016-04-01,101,-12.062
growth_mom,2016-05-01,101,-11.153
growth_mom,2016-06-01,101,-10.566
growth_mom,2016-07-01,101,34.356
growth_mom,2016-08-01,101,-3.177
growth_mom,2016-09-01,101,-8.541
growth_mom,2016-10-01,101,5.058
growth_mom,2016-11-01,101,15.755
growth_mom,2016-12-01,101,4.812
growth_mom,2017-01-01,101,12.387
growth_mom,2017-02-01,101,4.968
growth_mom,2017-03-01,101,-16.575
growth_mom,2017-04-01,101,-1.519
growth_mom,2017-05-01,101,-13.492
growth_mom,2017-06-01,101,-15.984
growth_mom,2017-07-01,101,52.813
growth_mom,2017-08-01,101,-12.458
growth_mom,2017-09-01,101,-9.336
growth_mom,2017-10-01,101,3.594
growth_mom,2017-11-01,101,16.678
growth_mom,2017-12-01,101,15.287
growth_mom,2018-01-01,101,5.993
growth_mom,2018-02-01,101,-11.083
growth_mom,2018-03-01,101,-0.279
growth_mom,2018-04-01,101,2.181
growth_mom,2018-05-01,101,-3.256
growth_mom,2018-06-01,101,-17.684
growth_mom,2018-07-01,101,43.22
growth_mom,2018-08-01,101,-24.03
growth_mom,2018-09-01,101,-7.393
growth_mom,2018-10-01,101,5.444
growth_mom,2018-11-01,101,-0.417
growth_mom,2018-12-01,101,28.485
growth_mom,2019-01-01,101,-23.395
growth_mom,2019-02-01,101,4.211
growth_mom,2019-03-01,101,28.436
growth_mom,2019-04-01,101,5.91
growth_mom,2019-05-01,101,-3.457
growth_mom,2019-06-01,101,-15.459
growth_mom,2019-07-01,101,11.906
growth_mom,2019-08-01,101,11.879
growth_mom,2019-09-01,101,-19.106
growth_mom,2019-10-01,101,-2.309
growth_mom,2019-11-01,101,0.36
growth_mom,2019-12-01,101,28.377
growth_mom,2020-01-01,101,-19.576
growth_mom,2020-02-01,101,-7.853
growth_mom,2020-03-01,101,12.415
growth_mom,2020-04-01,101,24.78
growth_mom,2020-05-01,101,-5.935
growth_mom,2020-06-01,101,-6.366
growth_mom,2020-07-01,101,11.687
growth_mom,2020-08-01,101,9.988
growth_mom,2020-09-01,101,-22.393
growth_mom,2020-10-01,101,-7.305
growth_mom,2020-11-01,101,10.43
growth_mom,2020-12-01,101,32.056
growth_mom,2021-01-01,101,-19.915
growth_mom,2021-02-01,101,-12.39
growth_mom,2021-03-01,101,19.167
growth_mom,2021-04-01,101,30.55
growth_mom,2021-05-01,101,-11.205
growth_mom,2021-06-01,101,2.623
growth_mom,2021-07-01,101,0.309
growth_mom,2021-08-01,101,15.988
growth_mom,2021-09-01,101,-3.732
growth_mom,2021-10-01,101,-14.269
growth_mom,2021-11-01,101,3.302
growth_mom,2021-12-01,101,14.57
growth_mom,2022-01-01,101,-16.929
growth_mom,2022-02-01,101,-10.968
growth_mom,2022-03-01,101,25.013
growth_mom,2022-04-01,101,30.89
growth_mom,2022-05-01,101,-8.756
growth_mom,2022-06-01,101,-7.452
growth_mom,2022-07-01,101,7.405
growth_mom,2022-08-01,101,1.109
growth_mom,2022-09-01,101,4.244
growth_mom,2022-10-01,101,-17.413
growth_mom,2022-11-01,101,8.223
growth_mom,2022-12-01,101,4.715
growth_mom,2023-01-01,101,-6.016
growth_mom,2023-02-01,101,-18.756
growth_mom,2023-03-01,101,-12.269
growth_mom,2023-04-01,101,18.219
growth_mom,2023-05-01,101,39.671
growth_mom,2023-06-01,101,-7.183
growth_mom,2023-07-01,101,-15.438
growth_mom,2023-08-01,101,32.56
growth_mom,2023-09-01,101,5.979
growth_mom,2023-10-01,101,-18.214
growth_mom,2023-11-01,101,16.109
growth_mom,2023-12-01,101,8.269
growth_mom,2024-01-01,101,-10.371
growth_mom,2024-02-01,101,-26.644
growth_mom,2024-03-01,101,-13.843
growth_mom,2024-04-01,101,40.438
growth_mom,2024-05-01,101,24.883
growth_mom,2024-06-01,101,-8.923
growth_mom,2024-07-01,101,-13.534
growth_mom,2024-08-01,101,25.478
growth_mom,2024-09-01,101,12.08
growth_mom,2024-10-01,101,-14.745
growth_mom,2024-11-01,101,13.822
growth_mom,2024-12-01,101,10.362
growth_mom,2025-01-01,101,-7.597
growth_mom,2025-02-01,101,-26.882
growth_mom,2025-03-01,101,-14.117
growth_mom,2025-04-01,101,30.908
growth_mom,2025-05-01,101,28.957
growth_mom,2025-06-01,101,-8.805
growth_mom,2025-07-01,101,-15.799
growth_mom,2025-08-01,101,24.658
growth_mom,2025-09-01,101,6.793
growth_mom,2025-10-01,101,-18.153
growth_mom,2025-11-01,101,13.606
growth_mom,2025-12-01,101,6.036
growth_mom,2026-01-01,101,-12.502
growth_mom,2026-02-01,101,-23.456
growth_mom,2026-03-01,101,-15.109
growth_mom,2026-04-01,101,32.035
growth_mom,2026-05-01,101,23.275
growth_mom,2026-06-01,101,-5.455
abs,2015-01-01,102,89.194
abs,2015-02-01,102,99.426
abs,2015-03-01,102,82.267
abs,2015-04-01,102,129.004
abs,2015-05-01,102,111.658
abs,2015-06-01,102,104.831
abs,2015-07-01,102,102.203
abs,2015-08-01,102,104.046
abs,2015-09-01,102,104.398
abs,2015-10-01,102,97.192
abs,2015-11-01,102,83.886
abs,2015-12-01,102,91.894
abs,2016-01-01,102,91.115
abs,2016-02-01,102,104.285
abs,2016-03-01,102,88.245
abs,2016-04-01,102,117.623
abs,2016-05-01,102,103.694
abs,2016-06-01,102,94.876
abs,2016-07-01,102,104.206
abs,2016-08-01,102,100.594
abs,2016-09-01,102,101.711
abs,2016-10-01,102,99.095
abs,2016-11-01,102,92.955
abs,2016-12-01,102,100.266
abs,2017-01-01,102,97.874
abs,2017-02-01,102,121.638
abs,2017-03-01,102,92.029
abs,2017-04-01,102,137.373
abs,2017-05-01,102,117.916
abs,2017-06-01,102,101.354
abs,2017-07-01,102,126.611
abs,2017-08-01,102,110.507
abs,2017-09-01,102,110.764
abs,2017-10-01,102,106.411
abs,2017-11-01,102,100.613
abs,2017-12-01,102,119.769
abs,2018-01-01,102,108.932
abs,2018-02-01,102,108.685
abs,2018-03-01,102,109.18
abs,2018-04-01,102,126.059
abs,2018-05-01,102,124.674
abs,2018-06-01,102,111.39
abs,2018-07-01,102,142.364
abs,2018-08-01,102,115.521
abs,2018-09-01,102,121.637
abs,2018-10-01,102,119.567
abs,2018-11-01,102,115.915
abs,2018-12-01,102,131.223
abs,2019-01-01,102,124.631
abs,2019-02-01,102,108.241
abs,2019-03-01,102,118.429
abs,2019-04-01,102,121.071
abs,2019-05-01,102,128.261
abs,2019-06-01,102,117.89
abs,2019-07-01,102,135.469
abs,2019-08-01,102,139.298
abs,2019-09-01,102,137.104
abs,2019-10-01,102,119.604
abs,2019-11-01,102,120.21
abs,2019-12-01,102,134.244
abs,2020-01-01,102,147.885
abs,2020-02-01,102,135.156
abs,2020-03-01,102,121.375
abs,2020-04-01,102,124.415
abs,2020-05-01,102,145.701
abs,2020-06-01,102,139.234
abs,2020-07-01,102,126.948
abs,2020-08-01,102,134.888
abs,2020-09-01,102,125.9
abs,2020-10-01,102,119.654
abs,2020-11-01,102,120.319
abs,2020-12-01,102,141.43
abs,2021-01-01,102,136.7
abs,2021-02-01,102,137.323
abs,2021-03-01,102,115.091
abs,2021-04-01,102,115.785
abs,2021-05-01,102,123.623
abs,2021-06-01,102,121.456
abs,2021-07-01,102,111.483
abs,2021-08-01,102,110.978
abs,2021-09-01,102,106.851
abs,2021-10-01,102,99.845
abs,2021-11-01,102,111.765
abs,2021-12-01,102,115.497
abs,2022-01-01,102,120.667
abs,2022-02-01,102,113.435
abs,2022-03-01,102,106.216
abs,2022-04-01,102,114.938
abs,2022-05-01,102,122.175
abs,2022-06-01,102,115.323
abs,2022-07-01,102,105.235
abs,2022-08-01,102,118.976
abs,2022-09-01,102,113.339
abs,2022-10-01,102,92.536
abs,2022-11-01,102,122.833
abs,2022-12-01,102,113.272
abs,2023-01-01,102,134.523
abs,2023-02-01,102,134.405
abs,2023-03-01,102,123.689
abs,2023-04-01,102,113.863
abs,2023-05-01,102,119.849
abs,2023-06-01,102,118.587
abs,2023-07-01,102,111.744
abs,2023-08-01,102,119.901
abs,2023-09-01,102,114.578
abs,2023-10-01,102,97.818
abs,2023-11-01,102,124.324
abs,2023-12-01,102,113.477
abs,2024-01-01,102,144.935
abs,2024-02-01,102,113.66
abs,2024-03-01,102,119.044
abs,2024-04-01,102,106.992
abs,2024-05-01,102,121.754
abs,2024-06-01,102,117.324
abs,2024-07-01,102,105.425
abs,2024-08-01,102,115.253
abs,2024-09-01,102,115.936
abs,2024-10-01,102,97.342
abs,2024-11-01,102,120.822
abs,2024-12-01,102,105.9
abs,2025-01-01,102,107.623
abs,2025-02-01,102,103.714
abs,2025-03-01,102,107.611
abs,2025-04-01,102,104.577
abs,2025-05-01,102,114.942
abs,2025-06-01,102,112.473
abs,2025-07-01,102,106.268
abs,2025-08-01,102,111.511
abs,2025-09-01,102,110.253
abs,2025-10-01,102,91.618
abs,2025-11-01,102,110.782
abs,2025-12-01,102,102.428
abs,2026-01-01,102,111.681
abs,2026-02-01,102,102.28
abs,2026-03-01,102,109.815
abs,2026-04-01,102,107.969
abs,2026-05-01,102,120.885
abs,2026-06-01,102,119.007
growth_yoy,2016-01-01,102,2.154
growth_yoy,2016-02-01,102,4.887
growth_yoy,2016-03-01,102,7.267
growth_yoy,2016-04-01,102,-8.822
growth_yoy,2016-05-01,102,-7.133
growth_yoy,2016-06-01,102,-9.497
growth_yoy,2016-07-01,102,1.959
growth_yoy,2016-08-01,102,-3.318
growth_yoy,2016-09-01,102,-2.573
growth_yoy,2016-10-01,102,1.958
growth_yoy,2016-11-01,102,10.811
growth_yoy,2016-12-01,102,9.11
growth_yoy,2017-01-01,102,7.419
growth_yoy,2017-02-01,102,16.639
growth_yoy,2017-03-01,102,4.288
growth_yoy,2017-04-01,102,16.791
growth_yoy,2017-05-01,102,13.715
growth_yoy,2017-06-01,102,6.828
growth_yoy,2017-07-01,102,21.501
growth_yoy,2017-08-01,102,9.855
growth_yoy,2017-09-01,102,8.9
growth_yoy,2017-10-01,102,7.383
growth_yoy,2017-11-01,102,8.239
growth_yoy,2017-12-01,102,19.452
growth_yoy,2018-01-01,102,11.298
growth_yoy,2018-02-01,102,-10.648
growth_yoy,2018-03-01,102,18.636
growth_yoy,2018-04-01,102,-8.236
growth_yoy,2018-05-01,102,5.731
growth_yoy,2018-06-01,102,9.902
growth_yoy,2018-07-01,102,12.442
growth_yoy,2018-08-01,102,4.538
growth_yoy,2018-09-01,102,9.816
growth_yoy,2018-10-01,102,12.364
growth_yoy,2018-11-01,102,15.209
growth_yoy,2018-12-01,102,9.564
growth_yoy,2019-01-01,102,14.412
growth_yoy,2019-02-01,102,-0.409
growth_yoy,2019-03-01,102,8.472
growth_yoy,2019-04-01,102,-3.957
growth_yoy,2019-05-01,102,2.877
growth_yoy,2019-06-01,102,5.835
growth_yoy,2019-07-01,102,-4.843
growth_yoy,2019-08-01,102,20.583
growth_yoy,2019-09-01,102,12.716
growth_yoy,2019-10-01,102,0.031
growth_yoy,2019-11-01,102,3.705
growth_yoy,2019-12-01,102,2.302
growth_yoy,2020-01-01,102,18.658
growth_yoy,2020-02-01,102,24.866
growth_yoy,2020-03-01,102,2.487
growth_yoy,2020-04-01,102,2.762
growth_yoy,2020-05-01,102,13.598
growth_yoy,2020-06-01,102,18.105
growth_yoy,2020-07-01,102,-6.29
growth_yoy,2020-08-01,102,-3.166
growth_yoy,2020-09-01,102,-8.172
growth_yoy,2020-10-01,102,0.042
growth_yoy,2020-11-01,102,0.091
growth_yoy,2020-12-01,102,5.353
growth_yoy,2021-01-01,102,-7.563
growth_yoy,2021-02-01,102,1.604
growth_yoy,2021-03-01,102,-5.177
growth_yoy,2021-04-01,102,-6.936
growth_yoy,2021-05-01,102,-15.153
growth_yoy,2021-06-01,102,-12.768
growth_yoy,2021-07-01,102,-12.182
growth_yoy,2021-08-01,102,-17.726
growth_yoy,2021-09-01,102,-15.13
growth_yoy,2021-10-01,102,-16.556
growth_yoy,2021-11-01,102,-7.109
growth_yoy,2021-12-01,102,-18.336
growth_yoy,2022-01-01,102,-11.729
growth_yoy,2022-02-01,102,-17.396
growth_yoy,2022-03-01,102,-7.711
growth_yoy,2022-04-01,102,-0.731
growth_yoy,2022-05-01,102,-1.171
growth_yoy,2022-06-01,102,-5.05
growth_yoy,2022-07-01,102,-5.604
growth_yoy,2022-08-01,102,7.206
growth_yoy,2022-09-01,102,6.071
growth_yoy,2022-10-01,102,-7.32
growth_yoy,2022-11-01,102,9.902
growth_yoy,2022-12-01,102,-1.927
growth_yoy,2023-01-01,102,11.483
growth_yoy,2023-02-01,102,18.486
growth_yoy,2023-03-01,102,16.451
growth_yoy,2023-04-01,102,-0.936
growth_yoy,2023-05-01,102,-1.904
growth_yoy,2023-06-01,102,2.83
growth_yoy,2023-07-01,102,6.185
growth_yoy,2023-08-01,102,0.778
growth_yoy,2023-09-01,102,1.094
growth_yoy,2023-10-01,102,5.707
growth_yoy,2023-11-01,102,1.214
growth_yoy,2023-12-01,102,0.181
growth_yoy,2024-01-01,102,7.74
growth_yoy,2024-02-01,102,-15.435
growth_yoy,2024-03-01,102,-3.755
growth_yoy,2024-04-01,102,-6.034
growth_yoy,2024-05-01,102,1.589
growth_yoy,2024-06-01,102,-1.065
growth_yoy,2024-07-01,102,-5.655
growth_yoy,2024-08-01,102,-3.877
growth_yoy,2024-09-01,102,1.185
growth_yoy,2024-10-01,102,-0.487
growth_yoy,2024-11-01,102,-2.817
growth_yoy,2024-12-01,102,-6.677
growth_yoy,2025-01-01,102,-25.744
growth_yoy,2025-02-01,102,-8.75
growth_yoy,2025-03-01,102,-9.604
growth_yoy,2025-04-01,102,-2.258
growth_yoy,2025-05-01,102,-5.595
growth_yoy,2025-06-01,102,-4.134
growth_yoy,2025-07-01,102,0.8
growth_yoy,2025-08-01,102,-3.247
growth_yoy,2025-09-01,102,-4.902
growth_yoy,2025-10-01,102,-5.88
growth_yoy,2025-11-01,102,-8.31
growth_yoy,2025-12-01,102,-3.279
growth_yoy,2026-01-01,102,3.771
growth_yoy,2026-02-01,102,-1.383
growth_yoy,2026-03-01,102,2.048
growth_yoy,2026-04-01,102,3.244
growth_yoy,2026-05-01,102,5.171
growth_yoy,2026-06-01,102,5.809
growth_mom,2015-02-01,102,11.472
growth_mom,2015-03-01,102,-17.258
growth_mom,2015-04-01,102,56.811
growth_mom,2015-05-01,102,-13.446
growth_mom,2015-06-01,102,-6.114
growth_mom,2015-07-01,102,-2.507
growth_mom,2015-08-01,102,1.803
growth_mom,2015-09-01,102,0.338
growth_mom,2015-10-01,102,-6.902
growth_mom,2015-11-01,102,-13.69
growth_mom,2015-12-01,102,9.546
growth_mom,2016-01-01,102,-0.848
growth_mom,2016-02-01,102,14.455
growth_mom,2016-03-01,102,-15.381
growth_mom,2016-04-01,102,33.291
growth_mom,2016-05-01,102,-11.842
growth_mom,2016-06-01,102,-8.505
growth_mom,2016-07-01,102,9.834
growth_mom,2016-08-01,102,-3.466
growth_mom,2016-09-01,102,1.111
growth_mom,2016-10-01,102,-2.572
growth_mom,2016-11-01,102,-6.196
growth_mom,2016-12-01,102,7.865
growth_mom,2017-01-01,102,-2.385
growth_mom,2017-02-01,102,24.28
growth_mom,2017-03-01,102,-24.342
growth_mom,2017-04-01,102,49.271
growth_mom,2017-05-01,102,-14.164
growth_mom,2017-06-01,102,-14.046
growth_mom,2017-07-01,102,24.92
growth_mom,2017-08-01,102,-12.719
growth_mom,2017-09-01,102,0.232
growth_mom,2017-10-01,102,-3.93
growth_mom,2017-11-01,102,-5.448
growth_mom,2017-12-01,102,19.039
growth_mom,2018-01-01,102,-9.048
growth_mom,2018-02-01,102,-0.227
growth_mom,2018-03-01,102,0.455
growth_mom,2018-04-01,102,15.461
growth_mom,2018-05-01,102,-1.099
growth_mom,2018-06-01,102,-10.655
growth_mom,2018-07-01,102,27.807
growth_mom,2018-08-01,102,-18.855
growth_mom,2018-09-01,102,5.294
growth_mom,2018-10-01,102,-1.702
growth_mom,2018-11-01,102,-3.054
growth_mom,2018-12-01,102,13.207
growth_mom,2019-01-01,102,-5.024
growth_mom,2019-02-01,102,-13.151
growth_mom,2019-03-01,102,9.413
growth_mom,2019-04-01,102,2.23
growth_mom,2019-05-01,102,5.939
growth_mom,2019-06-01,102,-8.086
growth_mom,2019-07-01,102,14.912
growth_mom,2019-08-01,102,2.827
growth_mom,2019-09-01,102,-1.576
growth_mom,2019-10-01,102,-12.764
growth_mom,2019-11-01,102,0.507
growth_mom,2019-12-01,102,11.675
growth_mom,2020-01-01,102,10.162
growth_mom,2020-02-01,102,-8.608
growth_mom,2020-03-01,102,-10.196
growth_mom,2020-04-01,102,2.504
growth_mom,2020-05-01,102,17.109
growth_mom,2020-06-01,102,-4.439
growth_mom,2020-07-01,102,-8.824
growth_mom,2020-08-01,102,6.255
growth_mom,2020-09-01,102,-6.664
growth_mom,2020-10-01,102,-4.961
growth_mom,2020-11-01,102,0.555
growth_mom,2020-12-01,102,17.546
growth_mom,2021-01-01,102,-3.344
growth_mom,2021-02-01,102,0.456
growth_mom,2021-03-01,102,-16.19
growth_mom,2021-04-01,102,0.603
growth_mom,2021-05-01,102,6.77
growth_mom,2021-06-01,102,-1.753
growth_mom,2021-07-01,102,-8.212
growth_mom,2021-08-01,102,-0.452
growth_mom,2021-09-01,102,-3.719
growth_mom,2021-10-01,102,-6.557
growth_mom,2021-11-01,102,11.939
growth_mom,2021-12-01,102,3.339
growth_mom,2022-01-01,102,4.476
growth_mom,2022-02-01,102,-5.993
growth_mom,2022-03-01,102,-6.364
growth_mom,2022-04-01,102,8.212
growth_mom,2022-05-01,102,6.296
growth_mom,2022-06-01,102,-5.609
growth_mom,2022-07-01,102,-8.748
growth_mom,2022-08-01,102,13.057
growth_mom,2022-09-01,102,-4.738
growth_mom,2022-10-01,102,-18.354
growth_mom,2022-11-01,102,32.74
growth_mom,2022-12-01,102,-7.783
growth_mom,2023-01-01,102,18.761
growth_mom,2023-02-01,102,-0.088
growth_mom,2023-03-01,102,-7.973
growth_mom,2023-04-01,102,-7.945
growth_mom,2023-05-01,102,5.258
growth_mom,2023-06-01,102,-1.053
growth_mom,2023-07-01,102,-5.77
growth_mom,2023-08-01,102,7.3
growth_mom,2023-09-01,102,-4.439
growth_mom,2023-10-01,102,-14.628
growth_mom,2023-11-01,102,27.097
growth_mom,2023-12-01,102,-8.725
growth_mom,2024-01-01,102,27.722
growth_mom,2024-02-01,102,-21.579
growth_mom,2024-03-01,102,4.737
growth_mom,2024-04-01,102,-10.124
growth_mom,2024-05-01,102,13.797
growth_mom,2024-06-01,102,-3.638
growth_mom,2024-07-01,102,-10.142
growth_mom,2024-08-01,102,9.322
growth_mom,2024-09-01,102,0.593
growth_mom,2024-10-01,102,-16.039
growth_mom,2024-11-01,102,24.122
growth_mom,2024-12-01,102,-12.35
growth_mom,2025-01-01,102,1.627
growth_mom,2025-02-01,102,-3.632
growth_mom,2025-03-01,102,3.757
growth_mom,2025-04-01,102,-2.82
growth_mom,2025-05-01,102,9.912
growth_mom,2025-06-01,102,-2.148
growth_mom,2025-07-01,102,-5.517
growth_mom,2025-08-01,102,4.934
growth_mom,2025-09-01,102,-1.128
growth_mom,2025-10-01,102,-16.902
growth_mom,2025-11-01,102,20.918
growth_mom,2025-12-01,102,-7.541
growth_mom,2026-01-01,102,9.034
growth_mom,2026-02-01,102,-8.418
growth_mom,2026-03-01,102,7.368
growth_mom,2026-04-01,102,-1.681
growth_mom,2026-05-01,102,11.963
growth_mom,2026-06-01,102,-1.553
abs,2015-01-01,103,96.324
abs,2015-02-01,103,112.532
abs,2015-03-01,103,105.336
abs,2015-04-01,103,96.968
abs,2015-05-01,103,83.321
abs,2015-06-01,103,95.837
abs,2015-07-01,103,103.91
abs,2015-08-01,103,102.729
abs,2015-09-01,103,103.12
abs,2015-10-01,103,91.777
abs,2015-11-01,103,106.531
abs,2015-12-01,103,101.615
abs,2016-01-01,103,98.398
abs,2016-02-01,103,118.032
abs,2016-03-01,103,112.991
abs,2016-04-01,103,88.414
abs,2016-05-01,103,77.378
abs,2016-06-01,103,86.736
abs,2016-07-01,103,105.946
abs,2016-08-01,103,99.321
abs,2016-09-01,103,100.466
abs,2016-10-01,103,93.575
abs,2016-11-01,103,118.047
abs,2016-12-01,103,110.872
abs,2017-01-01,103,106.43
abs,2017-02-01,103,135.038
abs,2017-03-01,103,117.836
abs,2017-04-01,103,103.259
abs,2017-05-01,103,87.99
abs,2017-06-01,103,92.657
abs,2017-07-01,103,128.725
abs,2017-08-01,103,109.108
abs,2017-09-01,103,109.408
abs,2017-10-01,103,100.483
abs,2017-11-01,103,127.773
abs,2017-12-01,103,132.439
abs,2018-01-01,103,127.667
abs,2018-02-01,103,122.228
abs,2018-03-01,103,109.771
abs,2018-04-01,103,109.05
abs,2018-05-01,103,101.166
abs,2018-06-01,103,105.454
abs,2018-07-01,103,131.144
abs,2018-08-01,103,120.695
abs,2018-09-01,103,116.16
abs,2018-10-01,103,116.005
abs,2018-11-01,103,119.308
abs,2018-12-01,103,146.665
abs,2019-01-01,103,117.973
abs,2019-02-01,103,109.548
abs,2019-03-01,103,114.033
abs,2019-04-01,103,115.337
abs,2019-05-01,103,118.469
abs,2019-06-01,103,119.677
abs,2019-07-01,103,134.096
abs,2019-08-01,103,134.625
abs,2019-09-01,103,133.71
abs,2019-10-01,103,131.877
abs,2019-11-01,103,122.931
abs,2019-12-01,103,166.879
abs,2020-01-01,103,146.342
abs,2020-02-01,103,123.186
abs,2020-03-01,103,95.341
abs,2020-04-01,103,90.43
abs,2020-05-01,103,110.284
abs,2020-06-01,103,100.966
abs,2020-07-01,103,101.069
abs,2020-08-01,103,109.136
abs,2020-09-01,103,105.376
abs,2020-10-01,103,112.707
abs,2020-11-01,103,115.555
abs,2020-12-01,103,131.782
abs,2021-01-01,103,130.778
abs,2021-02-01,103,113.316
abs,2021-03-01,103,119.184
abs,2021-04-01,103,119.341
abs,2021-05-01,103,111.1
abs,2021-06-01,103,124.591
abs,2021-07-01,103,113.997
abs,2021-08-01,103,114.253
abs,2021-09-01,103,116.688
abs,2021-10-01,103,117.759
abs,2021-11-01,103,116.482
abs,2021-12-01,103,120.242
abs,2022-01-01,103,134.338
abs,2022-02-01,103,132.348
abs,2022-03-01,103,118.83
abs,2022-04-01,103,122.555
abs,2022-05-01,103,116.793
abs,2022-06-01,103,122.572
abs,2022-07-01,103,118.065
abs,2022-08-01,103,130.153
abs,2022-09-01,103,125.431
abs,2022-10-01,103,129.315
abs,2022-11-01,103,129.262
abs,2022-12-01,103,136.407
abs,2023-01-01,103,129.075
abs,2023-02-01,103,114.783
abs,2023-03-01,103,116.536
abs,2023-04-01,103,110.486
abs,2023-05-01,103,110.438
abs,2023-06-01,103,110.178
abs,2023-07-01,103,114.927
abs,2023-08-01,103,121.692
abs,2023-09-01,103,121.152
abs,2023-10-01,103,128.671
abs,2023-11-01,103,136.009
abs,2023-12-01,103,134.249
abs,2024-01-01,103,132.87
abs,2024-02-01,103,92.779
abs,2024-03-01,103,105.891
abs,2024-04-01,103,101.346
abs,2024-05-01,103,114.369
abs,2024-06-01,103,112.279
abs,2024-07-01,103,107.432
abs,2024-08-01,103,112.408
abs,2024-09-01,103,124.613
abs,2024-10-01,103,129.476
abs,2024-11-01,103,122.025
abs,2024-12-01,103,131.655
abs,2025-01-01,103,132.858
abs,2025-02-01,103,97.368
abs,2025-03-01,103,110.055
abs,2025-04-01,103,106.339
abs,2025-05-01,103,128.585
abs,2025-06-01,103,130.066
abs,2025-07-01,103,123.346
abs,2025-08-01,103,133.147
abs,2025-09-01,103,151.604
abs,2025-10-01,103,153.165
abs,2025-11-01,103,141.413
abs,2025-12-01,103,151.047
abs,2026-01-01,103,148.367
abs,2026-02-01,103,108.668
abs,2026-03-01,103,119.823
abs,2026-04-01,103,118.014
abs,2026-05-01,103,138.143
abs,2026-06-01,103,134.396
growth_yoy,2016-01-01,103,2.154
growth_yoy,2016-02-01,103,4.888
growth_yoy,2016-03-01,103,7.267
growth_yoy,2016-04-01,103,-8.822
growth_yoy,2016-05-01,103,-7.133
growth_yoy,2016-06-01,103,-9.496
growth_yoy,2016-07-01,103,1.959
growth_yoy,2016-08-01,103,-3.318
growth_yoy,2016-09-01,103,-2.573
growth_yoy,2016-10-01,103,1.959
growth_yoy,2016-11-01,103,10.811
growth_yoy,2016-12-01,103,9.11
growth_yoy,2017-01-01,103,8.163
growth_yoy,2017-02-01,103,14.408
growth_yoy,2017-03-01,103,4.288
growth_yoy,2017-04-01,103,16.79
growth_yoy,2017-05-01,103,13.715
growth_yoy,2017-06-01,103,6.827
growth_yoy,2017-07-01,103,21.501
growth_yoy,2017-08-01,103,9.855
growth_yoy,2017-09-01,103,8.9
growth_yoy,2017-10-01,103,7.382
growth_yoy,2017-11-01,103,8.239
growth_yoy,2017-12-01,103,19.452
growth_yoy,2018-01-01,103,19.954
growth_yoy,2018-02-01,103,-9.486
growth_yoy,2018-03-01,103,-6.844
growth_yoy,2018-04-01,103,5.608
growth_yoy,2018-05-01,103,14.974
growth_yoy,2018-06-01,103,13.812
growth_yoy,2018-07-01,103,1.879
growth_yoy,2018-08-01,103,10.619
growth_yoy,2018-09-01,103,6.171
growth_yoy,2018-10-01,103,15.447
growth_yoy,2018-11-01,103,-6.625
growth_yoy,2018-12-01,103,10.742
growth_yoy,2019-01-01,103,-7.593
growth_yoy,2019-02-01,103,-10.374
growth_yoy,2019-03-01,103,3.883
growth_yoy,2019-04-01,103,5.765
growth_yoy,2019-05-01,103,17.104
growth_yoy,2019-06-01,103,13.487
growth_yoy,2019-07-01,103,2.251
growth_yoy,2019-08-01,103,11.542
growth_yoy,2019-09-01,103,15.109
growth_yoy,2019-10-01,103,13.682
growth_yoy,2019-11-01,103,3.037
growth_yoy,2019-12-01,103,13.782
growth_yoy,2020-01-01,103,24.047
growth_yoy,2020-02-01,103,12.45
growth_yoy,2020-03-01,103,-16.392
growth_yoy,2020-04-01,103,-21.595
growth_yoy,2020-05-01,103,-6.909
growth_yoy,2020-06-01,103,-15.635
growth_yoy,2020-07-01,103,-24.629
growth_yoy,2020-08-01,103,-18.934
growth_yoy,2020-09-01,103,-21.191
growth_yoy,2020-10-01,103,-14.536
growth_yoy,2020-11-01,103,-6.0
growth_yoy,2020-12-01,103,-21.031
growth_yoy,2021-01-01,103,-10.635
growth_yoy,2021-02-01,103,-8.012
growth_yoy,2021-03-01,103,25.008
growth_yoy,2021-04-01,103,31.971
growth_yoy,2021-05-01,103,0.74
growth_yoy,2021-06-01,103,23.399
growth_yoy,2021-07-01,103,12.791
growth_yoy,2021-08-01,103,4.689
growth_yoy,2021-09-01,103,10.735
growth_yoy,2021-10-01,103,4.482
growth_yoy,2021-11-01,103,0.803
growth_yoy,2021-12-01,103,-8.757
growth_yoy,2022-01-01,103,2.722
growth_yoy,2022-02-01,103,16.795
growth_yoy,2022-03-01,103,-0.297
growth_yoy,2022-04-01,103,2.693
growth_yoy,2022-05-01,103,5.124
growth_yoy,2022-06-01,103,-1.621
growth_yoy,2022-07-01,103,3.568
growth_yoy,2022-08-01,103,13.916
growth_yoy,2022-09-01,103,7.492
growth_yoy,2022-10-01,103,9.813
growth_yoy,2022-11-01,103,10.971
growth_yoy,2022-12-01,103,13.444
growth_yoy,2023-01-01,103,-3.917
growth_yoy,2023-02-01,103,-13.272
growth_yoy,2023-03-01,103,-1.931
growth_yoy,2023-04-01,103,-9.848
growth_yoy,2023-05-01,103,-5.442
growth_yoy,2023-06-01,103,-10.111
growth_yoy,2023-07-01,103,-2.658
growth_yoy,2023-08-01,103,-6.501
growth_yoy,2023-09-01,103,-3.412
growth_yoy,2023-10-01,103,-0.498
growth_yoy,2023-11-01,103,5.22
growth_yoy,2023-12-01,103,-1.582
growth_yoy,2024-01-01,103,2.94
growth_yoy,2024-02-01,103,-19.17
growth_yoy,2024-03-01,103,-9.135
growth_yoy,2024-04-01,103,-8.272
growth_yoy,2024-05-01,103,3.559
growth_yoy,2024-06-01,103,1.907
growth_yoy,2024-07-01,103,-6.521
growth_yoy,2024-08-01,103,-7.63
growth_yoy,2024-09-01,103,2.857
growth_yoy,2024-10-01,103,0.626
growth_yoy,2024-11-01,103,-10.282
growth_yoy,2024-12-01,103,-1.932
growth_yoy,2025-01-01,103,-0.009
growth_yoy,2025-02-01,103,4.946
growth_yoy,2025-03-01,103,3.933
growth_yoy,2025-04-01,103,4.927
growth_yoy,2025-05-01,103,12.431
growth_yoy,2025-06-01,103,15.841
growth_yoy,2025-07-01,103,14.813
growth_yoy,2025-08-01,103,18.45
growth_yoy,2025-09-01,103,21.66
growth_yoy,2025-10-01,103,18.296
growth_yoy,2025-11-01,103,15.889
growth_yoy,2025-12-01,103,14.729
growth_yoy,2026-01-01,103,11.674
growth_yoy,2026-02-01,103,11.605
growth_yoy,2026-03-01,103,8.875
growth_yoy,2026-04-01,103,10.978
growth_yoy,2026-05-01,103,7.433
growth_yoy,2026-06-01,103,3.329
growth_mom,2015-02-01,103,16.827
growth_mom,2015-03-01,103,-6.394
growth_mom,2015-04-01,103,-7.944
growth_mom,2015-05-01,103,-14.074
growth_mom,2015-06-01,103,15.021
growth_mom,2015-07-01,103,8.424
growth_mom,2015-08-01,103,-1.136
growth_mom,2015-09-01,103,0.38
growth_mom,2015-10-01,103,-10.999
growth_mom,2015-11-01,103,16.075
growth_mom,2015-12-01,103,-4.615
growth_mom,2016-01-01,103,-3.165
growth_mom,2016-02-01,103,19.953
growth_mom,2016-03-01,103,-4.271
growth_mom,2016-04-01,103,-21.751
growth_mom,2016-05-01,103,-12.482
growth_mom,2016-06-01,103,12.093
growth_mom,2016-07-01,103,22.148
growth_mom,2016-08-01,103,-6.253
growth_mom,2016-09-01,103,1.153
growth_mom,2016-10-01,103,-6.859
growth_mom,2016-11-01,103,26.153
growth_mom,2016-12-01,103,-6.079
growth_mom,2017-01-01,103,-4.006
growth_mom,2017-02-01,103,26.879
growth_mom,2017-03-01,103,-12.738
growth_mom,2017-04-01,103,-12.371
growth_mom,2017-05-01,103,-14.787
growth_mom,2017-06-01,103,5.303
growth_mom,2017-07-01,103,38.927
growth_mom,2017-08-01,103,-15.239
growth_mom,2017-09-01,103,0.275
growth_mom,2017-10-01,103,-8.157
growth_mom,2017-11-01,103,27.159
growth_mom,2017-12-01,103,3.652
growth_mom,2018-01-01,103,-3.603
growth_mom,2018-02-01,103,-4.261
growth_mom,2018-03-01,103,-10.191
growth_mom,2018-04-01,103,-0.657
growth_mom,2018-05-01,103,-7.23
growth_mom,2018-06-01,103,4.238
growth_mom,2018-07-01,103,24.362
growth_mom,2018-08-01,103,-7.968
growth_mom,2018-09-01,103,-3.757
growth_mom,2018-10-01,103,-0.133
growth_mom,2018-11-01,103,2.847
growth_mom,2018-12-01,103,22.93
growth_mom,2019-01-01,103,-19.563
growth_mom,2019-02-01,103,-7.142
growth_mom,2019-03-01,103,4.095
growth_mom,2019-04-01,103,1.143
growth_mom,2019-05-01,103,2.716
growth_mom,2019-06-01,103,1.019
growth_mom,2019-07-01,103,12.048
growth_mom,2019-08-01,103,0.395
growth_mom,2019-09-01,103,-0.68
growth_mom,2019-10-01,103,-1.371
growth_mom,2019-11-01,103,-6.784
growth_mom,2019-12-01,103,35.75
growth_mom,2020-01-01,103,-12.307
growth_mom,2020-02-01,103,-15.823
growth_mom,2020-03-01,103,-22.604
growth_mom,2020-04-01,103,-5.151
growth_mom,2020-05-01,103,21.955
growth_mom,2020-06-01,103,-8.449
growth_mom,2020-07-01,103,0.103
growth_mom,2020-08-01,103,7.981
growth_mom,2020-09-01,103,-3.445
growth_mom,2020-10-01,103,6.957
growth_mom,2020-11-01,103,2.527
growth_mom,2020-12-01,103,14.042
growth_mom,2021-01-01,103,-0.762
growth_mom,2021-02-01,103,-13.352
growth_mom,2021-03-01,103,5.178
growth_mom,2021-04-01,103,0.132
growth_mom,2021-05-01,103,-6.905
growth_mom,2021-06-01,103,12.143
growth_mom,2021-07-01,103,-8.503
growth_mom,2021-08-01,103,0.225
growth_mom,2021-09-01,103,2.131
growth_mom,2021-10-01,103,0.918
growth_mom,2021-11-01,103,-1.084
growth_mom,2021-12-01,103,3.228
growth_mom,2022-01-01,103,11.723
growth_mom,2022-02-01,103,-1.481
growth_mom,2022-03-01,103,-10.214
growth_mom,2022-04-01,103,3.134
growth_mom,2022-05-01,103,-4.701
growth_mom,2022-06-01,103,4.948
growth_mom,2022-07-01,103,-3.677
growth_mom,2022-08-01,103,10.239
growth_mom,2022-09-01,103,-3.628
growth_mom,2022-10-01,103,3.096
growth_mom,2022-11-01,103,-0.041
growth_mom,2022-12-01,103,5.528
growth_mom,2023-01-01,103,-5.375
growth_mom,2023-02-01,103,-11.073
growth_mom,2023-03-01,103,1.527
growth_mom,2023-04-01,103,-5.191
growth_mom,2023-05-01,103,-0.044
growth_mom,2023-06-01,103,-0.235
growth_mom,2023-07-01,103,4.31
growth_mom,2023-08-01,103,5.886
growth_mom,2023-09-01,103,-0.444
growth_mom,2023-10-01,103,6.206
growth_mom,2023-11-01,103,5.703
growth_mom,2023-12-01,103,-1.294
growth_mom,2024-01-01,103,-1.027
growth_mom,2024-02-01,103,-30.173
growth_mom,2024-03-01,103,14.132
growth_mom,2024-04-01,103,-4.291
growth_mom,2024-05-01,103,12.849
growth_mom,2024-06-01,103,-1.827
growth_mom,2024-07-01,103,-4.317
growth_mom,2024-08-01,103,4.631
growth_mom,2024-09-01,103,10.858
growth_mom,2024-10-01,103,3.902
growth_mom,2024-11-01,103,-5.755
growth_mom,2024-12-01,103,7.892
growth_mom,2025-01-01,103,0.913
growth_mom,2025-02-01,103,-26.713
growth_mom,2025-03-01,103,13.03
growth_mom,2025-04-01,103,-3.376
growth_mom,2025-05-01,103,20.92
growth_mom,2025-06-01,103,1.151
growth_mom,2025-07-01,103,-5.167
growth_mom,2025-08-01,103,7.946
growth_mom,2025-09-01,103,13.862
growth_mom,2025-10-01,103,1.03
growth_mom,2025-11-01,103,-7.673
growth_mom,2025-12-01,103,6.813
growth_mom,2026-01-01,103,-1.775
growth_mom,2026-02-01,103,-26.757
growth_mom,2026-03-01,103,10.265
growth_mom,2026-04-01,103,-1.51
growth_mom,2026-05-01,103,17.057
growth_mom,2026-06-01,103,-2.713
abs,2015-01-01,104,74.751
abs,2015-02-01,104,65.698
abs,2015-03-01,104,88.84
abs,2015-04-01,104,105.025
abs,2015-05-01,104,107.835
abs,2015-06-01,104,114.266
abs,2015-07-01,104,100.349
abs,2015-08-01,104,126.423
abs,2015-09-01,104,113.469
abs,2015-10-01,104,117.262
abs,2015-11-01,104,100.494
abs,2015-12-01,104,85.589
abs,2016-01-01,104,74.572
abs,2016-02-01,104,68.042
abs,2016-03-01,104,98.785
abs,2016-04-01,104,81.515
abs,2016-05-01,104,88.562
abs,2016-06-01,104,87.422
abs,2016-07-01,104,101.517
abs,2016-08-01,104,113.548
abs,2016-09-01,104,107.423
abs,2016-10-01,104,121.038
abs,2016-11-01,104,120.1
abs,2016-12-01,104,101.89
abs,2017-01-01,104,86.274
abs,2017-02-01,104,85.18
abs,2017-03-01,104,97.742
abs,2017-04-01,104,106.87
abs,2017-05-01,104,105.826
abs,2017-06-01,104,96.691
abs,2017-07-01,104,136.452
abs,2017-08-01,104,127.171
abs,2017-09-01,104,123.755
abs,2017-10-01,104,132.98
abs,2017-11-01,104,134.164
abs,2017-12-01,104,139.119
abs,2018-01-01,104,115.394
abs,2018-02-01,104,86.074
abs,2018-03-01,104,109.414
abs,2018-04-01,104,109.82
abs,2018-05-01,104,106.402
abs,2018-06-01,104,96.036
abs,2018-07-01,104,108.667
abs,2018-08-01,104,122.623
abs,2018-09-01,104,132.784
abs,2018-10-01,104,132.115
abs,2018-11-01,104,125.481
abs,2018-12-01,104,125.345
abs,2019-01-01,104,126.912
abs,2019-02-01,104,101.263
abs,2019-03-01,104,116.2
abs,2019-04-01,104,110.333
abs,2019-05-01,104,107.543
abs,2019-06-01,104,96.935
abs,2019-07-01,104,106.119
abs,2019-08-01,104,109.25
abs,2019-09-01,104,117.423
abs,2019-10-01,104,128.535
abs,2019-11-01,104,119.135
abs,2019-12-01,104,110.961
abs,2020-01-01,104,94.14
abs,2020-02-01,104,97.616
abs,2020-03-01,104,94.149
abs,2020-04-01,104,109.55
abs,2020-05-01,104,120.059
abs,2020-06-01,104,125.285
abs,2020-07-01,104,120.272
abs,2020-08-01,104,120.501
abs,2020-09-01,104,123.121
abs,2020-10-01,104,113.842
abs,2020-11-01,104,96.259
abs,2020-12-01,104,83.005
abs,2021-01-01,104,85.603
abs,2021-02-01,104,70.037
abs,2021-03-01,104,92.611
abs,2021-04-01,104,95.404
abs,2021-05-01,104,93.603
abs,2021-06-01,104,110.874
abs,2021-07-01,104,100.904
abs,2021-08-01,104,101.487
abs,2021-09-01,104,118.186
abs,2021-10-01,104,119.511
abs,2021-11-01,104,106.531
abs,2021-12-01,104,93.905
abs,2022-01-01,104,85.855
abs,2022-02-01,104,75.342
abs,2022-03-01,104,88.092
abs,2022-04-01,104,87.924
abs,2022-05-01,104,87.355
abs,2022-06-01,104,96.983
abs,2022-07-01,104,98.597
abs,2022-08-01,104,106.601
abs,2022-09-01,104,114.95
abs,2022-10-01,104,117.871
abs,2022-11-01,104,107.187
abs,2022-12-01,104,100.54
abs,2023-01-01,104,92.972
abs,2023-02-01,104,89.151
abs,2023-03-01,104,101.449
abs,2023-04-01,104,82.066
abs,2023-05-01,104,98.7
abs,2023-06-01,104,93.429
abs,2023-07-01,104,96.371
abs,2023-08-01,104,107.537
abs,2023-09-01,104,115.363
abs,2023-10-01,104,121.059
abs,2023-11-01,104,115.511
abs,2023-12-01,104,105.288
abs,2024-01-01,104,90.548
abs,2024-02-01,104,77.074
abs,2024-03-01,104,87.91
abs,2024-04-01,104,84.285
abs,2024-05-01,104,103.423
abs,2024-06-01,104,103.707
abs,2024-07-01,104,117.518
abs,2024-08-01,104,131.889
abs,2024-09-01,104,118.867
abs,2024-10-01,104,136.42
abs,2024-11-01,104,119.627
abs,2024-12-01,104,110.896
abs,2025-01-01,104,98.581
abs,2025-02-01,104,90.684
abs,2025-03-01,104,97.228
abs,2025-04-01,104,103.5
abs,2025-05-01,104,119.855
abs,2025-06-01,104,112.471
abs,2025-07-01,104,122.381
abs,2025-08-01,104,122.058
abs,2025-09-01,104,127.675
abs,2025-10-01,104,153.963
abs,2025-11-01,104,126.416
abs,2025-12-01,104,130.92
abs,2026-01-01,104,118.971
abs,2026-02-01,104,90.94
abs,2026-03-01,104,110.388
abs,2026-04-01,104,113.079
abs,2026-05-01,104,108.9
abs,2026-06-01,104,104.345
growth_yoy,2016-01-01,104,-0.238
growth_yoy,2016-02-01,104,3.568
growth_yoy,2016-03-01,104,11.194
growth_yoy,2016-04-01,104,-22.385
growth_yoy,2016-05-01,104,-17.873
growth_yoy,2016-06-01,104,-23.493
growth_yoy,2016-07-01,104,1.164
growth_yoy,2016-08-01,104,-10.184
growth_yoy,2016-09-01,104,-5.328
growth_yoy,2016-10-01,104,3.22
growth_yoy,2016-11-01,104,19.509
growth_yoy,2016-12-01,104,19.046
growth_yoy,2017-01-01,104,15.692
growth_yoy,2017-02-01,104,25.188
growth_yoy,2017-03-01,104,-1.055
growth_yoy,2017-04-01,104,31.104
growth_yoy,2017-05-01,104,19.494
growth_yoy,2017-06-01,104,10.603
growth_yoy,2017-07-01,104,34.414
growth_yoy,2017-08-01,104,11.998
growth_yoy,2017-09-01,104,15.203
growth_yoy,2017-10-01,104,9.867
growth_yoy,2017-11-01,104,11.71
growth_yoy,2017-12-01,104,36.538
growth_yoy,2018-01-01,104,33.752
growth_yoy,2018-02-01,104,1.05
growth_yoy,2018-03-01,104,11.942
growth_yoy,2018-04-01,104,2.761
growth_yoy,2018-05-01,104,0.544
growth_yoy,2018-06-01,104,-0.678
growth_yoy,2018-07-01,104,-20.363
growth_yoy,2018-08-01,104,-3.576
growth_yoy,2018-09-01,104,7.296
growth_yoy,2018-10-01,104,-0.65
growth_yoy,2018-11-01,104,-6.471
growth_yoy,2018-12-01,104,-9.901
growth_yoy,2019-01-01,104,9.982
growth_yoy,2019-02-01,104,17.646
growth_yoy,2019-03-01,104,6.202
growth_yoy,2019-04-01,104,0.467
growth_yoy,2019-05-01,104,1.072
growth_yoy,2019-06-01,104,0.937
growth_yoy,2019-07-01,104,-2.345
growth_yoy,2019-08-01,104,-10.906
growth_yoy,2019-09-01,104,-11.568
growth_yoy,2019-10-01,104,-2.71
growth_yoy,2019-11-01,104,-5.058
growth_yoy,2019-12-01,104,-11.475
growth_yoy,2020-01-01,104,-25.823
growth_yoy,2020-02-01,104,-3.601
growth_yoy,2020-03-01,104,-18.977
growth_yoy,2020-04-01,104,-0.709
growth_yoy,2020-05-01,104,11.639
growth_yoy,2020-06-01,104,29.246
growth_yoy,2020-07-01,104,13.337
growth_yoy,2020-08-01,104,10.299
growth_yoy,2020-09-01,104,4.853
growth_yoy,2020-10-01,104,-11.431
growth_yoy,2020-11-01,104,-19.202
growth_yoy,2020-12-01,104,-25.194
growth_yoy,2021-01-01,104,-9.069
growth_yoy,2021-02-01,104,-28.252
growth_yoy,2021-03-01,104,-1.633
growth_yoy,2021-04-01,104,-12.913
growth_yoy,2021-05-01,104,-22.036
growth_yoy,2021-06-01,104,-11.502
growth_yoy,2021-07-01,104,-16.103
growth_yoy,2021-08-01,104,-15.779
growth_yoy,2021-09-01,104,-4.009
growth_yoy,2021-10-01,104,4.98
growth_yoy,2021-11-01,104,10.671
growth_yoy,2021-12-01,104,13.132
growth_yoy,2022-01-01,104,0.295
growth_yoy,2022-02-01,104,7.574
growth_yoy,2022-03-01,104,-4.88
growth_yoy,2022-04-01,104,-7.839
growth_yoy,2022-05-01,104,-6.674
growth_yoy,2022-06-01,104,-12.529
growth_yoy,2022-07-01,104,-2.287
growth_yoy,2022-08-01,104,5.039
growth_yoy,2022-09-01,104,-2.738
growth_yoy,2022-10-01,104,-1.372
growth_yoy,2022-11-01,104,0.616
growth_yoy,2022-12-01,104,7.065
growth_yoy,2023-01-01,104,8.289
growth_yoy,2023-02-01,104,18.329
growth_yoy,2023-03-01,104,15.162
growth_yoy,2023-04-01,104,-6.663
growth_yoy,2023-05-01,104,12.987
growth_yoy,2023-06-01,104,-3.664
growth_yoy,2023-07-01,104,-2.257
growth_yoy,2023-08-01,104,0.878
growth_yoy,2023-09-01,104,0.359
growth_yoy,2023-10-01,104,2.704
growth_yoy,2023-11-01,104,7.766
growth_yoy,2023-12-01,104,4.723
growth_yoy,2024-01-01,104,-2.608
growth_yoy,2024-02-01,104,-13.547
growth_yoy,2024-03-01,104,-13.345
growth_yoy,2024-04-01,104,2.704
growth_yoy,2024-05-01,104,4.785
growth_yoy,2024-06-01,104,11.0
growth_yoy,2024-07-01,104,21.943
growth_yoy,2024-08-01,104,22.646
growth_yoy,2024-09-01,104,3.037
growth_yoy,2024-10-01,104,12.689
growth_yoy,2024-11-01,104,3.563
growth_yoy,2024-12-01,104,5.326
growth_yoy,2025-01-01,104,8.872
growth_yoy,2025-02-01,104,17.658
growth_yoy,2025-03-01,104,10.599
growth_yoy,2025-04-01,104,22.797
growth_yoy,2025-05-01,104,15.888
growth_yoy,2025-06-01,104,8.451
growth_yoy,2025-07-01,104,4.137
growth_yoy,2025-08-01,104,-7.454
growth_yoy,2025-09-01,104,7.41
growth_yoy,2025-10-01,104,12.86
growth_yoy,2025-11-01,104,5.675
growth_yoy,2025-12-01,104,18.057
growth_yoy,2026-01-01,104,20.683
growth_yoy,2026-02-01,104,0.282
growth_yoy,2026-03-01,104,13.535
growth_yoy,2026-04-01,104,9.256
growth_yoy,2026-05-01,104,-9.14
growth_yoy,2026-06-01,104,-7.225
growth_mom,2015-02-01,104,-12.111
growth_mom,2015-03-01,104,35.226
growth_mom,2015-04-01,104,18.218
growth_mom,2015-05-01,104,2.675
growth_mom,2015-06-01,104,5.964
growth_mom,2015-07-01,104,-12.18
growth_mom,2015-08-01,104,25.983
growth_mom,2015-09-01,104,-10.247
growth_mom,2015-10-01,104,3.343
growth_mom,2015-11-01,104,-14.299
growth_mom,2015-12-01,104,-14.832
growth_mom,2016-01-01,104,-12.871
growth_mom,2016-02-01,104,-8.758
growth_mom,2016-03-01,104,45.183
growth_mom,2016-04-01,104,-17.482
growth_mom,2016-05-01,104,8.644
growth_mom,2016-06-01,104,-1.287
growth_mom,2016-07-01,104,16.122
growth_mom,2016-08-01,104,11.851
growth_mom,2016-09-01,104,-5.394
growth_mom,2016-10-01,104,12.673
growth_mom,2016-11-01,104,-0.774
growth_mom,2016-12-01,104,-15.162
growth_mom,2017-01-01,104,-15.326
growth_mom,2017-02-01,104,-1.269
growth_mom,2017-03-01,104,14.748
growth_mom,2017-04-01,104,9.338
growth_mom,2017-05-01,104,-0.976
growth_mom,2017-06-01,104,-8.632
growth_mom,2017-07-01,104,41.122
growth_mom,2017-08-01,104,-6.802
growth_mom,2017-09-01,104,-2.686
growth_mom,2017-10-01,104,7.454
growth_mom,2017-11-01,104,0.89
growth_mom,2017-12-01,104,3.694
growth_mom,2018-01-01,104,-17.054
growth_mom,2018-02-01,104,-25.408
growth_mom,2018-03-01,104,27.116
growth_mom,2018-04-01,104,0.371
growth_mom,2018-05-01,104,-3.113
growth_mom,2018-06-01,104,-9.742
growth_mom,2018-07-01,104,13.153
growth_mom,2018-08-01,104,12.843
growth_mom,2018-09-01,104,8.286
growth_mom,2018-10-01,104,-0.504
growth_mom,2018-11-01,104,-5.021
growth_mom,2018-12-01,104,-0.109
growth_mom,2019-01-01,104,1.251
growth_mom,2019-02-01,104,-20.21
growth_mom,2019-03-01,104,14.75
growth_mom,2019-04-01,104,-5.049
growth_mom,2019-05-01,104,-2.529
growth_mom,2019-06-01,104,-9.863
growth_mom,2019-07-01,104,9.474
growth_mom,2019-08-01,104,2.95
growth_mom,2019-09-01,104,7.482
growth_mom,2019-10-01,104,9.463
growth_mom,2019-11-01,104,-7.313
growth_mom,2019-12-01,104,-6.861
growth_mom,2020-01-01,104,-15.16
growth_mom,2020-02-01,104,3.693
growth_mom,2020-03-01,104,-3.552
growth_mom,2020-04-01,104,16.358
growth_mom,2020-05-01,104,9.593
growth_mom,2020-06-01,104,4.352
growth_mom,2020-07-01,104,-4.001
growth_mom,2020-08-01,104,0.19
growth_mom,2020-09-01,104,2.175
growth_mom,2020-10-01,104,-7.537
growth_mom,2020-11-01,104,-15.445
growth_mom,2020-12-01,104,-13.769
growth_mom,2021-01-01,104,3.129
growth_mom,2021-02-01,104,-18.183
growth_mom,2021-03-01,104,32.231
growth_mom,2021-04-01,104,3.015
growth_mom,2021-05-01,104,-1.888
growth_mom,2021-06-01,104,18.452
growth_mom,2021-07-01,104,-8.992
growth_mom,2021-08-01,104,0.578
growth_mom,2021-09-01,104,16.454
growth_mom,2021-10-01,104,1.121
growth_mom,2021-11-01,104,-10.861
growth_mom,2021-12-01,104,-11.851
growth_mom,2022-01-01,104,-8.573
growth_mom,2022-02-01,104,-12.245
growth_mom,2022-03-01,104,16.923
growth_mom,2022-04-01,104,-0.19
growth_mom,2022-05-01,104,-0.648
growth_mom,2022-06-01,104,11.021
growth_mom,2022-07-01,104,1.664
growth_mom,2022-08-01,104,8.118
growth_mom,2022-09-01,104,7.832
growth_mom,2022-10-01,104,2.541
growth_mom,2022-11-01,104,-9.064
growth_mom,2022-12-01,104,-6.201
growth_mom,2023-01-01,104,-7.528
growth_mom,2023-02-01,104,-4.11
growth_mom,2023-03-01,104,13.794
growth_mom,2023-04-01,104,-19.106
growth_mom,2023-05-01,104,20.269
growth_mom,2023-06-01,104,-5.34
growth_mom,2023-07-01,104,3.149
growth_mom,2023-08-01,104,11.586
growth_mom,2023-09-01,104,7.278
growth_mom,2023-10-01,104,4.937
growth_mom,2023-11-01,104,-4.583
growth_mom,2023-12-01,104,-8.85
growth_mom,2024-01-01,104,-14.0
growth_mom,2024-02-01,104,-14.88
growth_mom,2024-03-01,104,14.059
growth_mom,2024-04-01,104,-4.124
growth_mom,2024-05-01,104,22.706
growth_mom,2024-06-01,104,0.275
growth_mom,2024-07-01,104,13.318
growth_mom,2024-08-01,104,12.228
growth_mom,2024-09-01,104,-9.873
growth_mom,2024-10-01,104,14.766
growth_mom,2024-11-01,104,-12.31
growth_mom,2024-12-01,104,-7.299
growth_mom,2025-01-01,104,-11.105
growth_mom,2025-02-01,104,-8.011
growth_mom,2025-03-01,104,7.216
growth_mom,2025-04-01,104,6.451
growth_mom,2025-05-01,104,15.802
growth_mom,2025-06-01,104,-6.16
growth_mom,2025-07-01,104,8.811
growth_mom,2025-08-01,104,-0.264
growth_mom,2025-09-01,104,4.602
growth_mom,2025-10-01,104,20.59
growth_mom,2025-11-01,104,-17.892
growth_mom,2025-12-01,104,3.563
growth_mom,2026-01-01,104,-9.127
growth_mom,2026-02-01,104,-23.561
growth_mom,2026-03-01,104,21.385
growth_mom,2026-04-01,104,2.438
growth_mom,2026-05-01,104,-3.696
growth_mom,2026-06-01,104,-4.183
abs,2015-01-01,105,98.721
abs,2015-02-01,105,90.094
abs,2015-03-01,105,98.99
abs,2015-04-01,105,104.227
abs,2015-05-01,105,96.134
abs,2015-06-01,105,95.104
abs,2015-07-01,105,97.978
abs,2015-08-01,105,101.916
abs,2015-09-01,105,104.277
abs,2015-10-01,105,104.545
abs,2015-11-01,105,102.982
abs,2015-12-01,105,105.032
abs,2016-01-01,105,108.023
abs,2016-02-01,105,97.726
abs,2016-03-01,105,106.613
abs,2016-04-01,105,115.783
abs,2016-05-01,105,110.168
abs,2016-06-01,105,114.381
abs,2016-07-01,105,102.258
abs,2016-08-01,105,113.814
abs,2016-09-01,105,108.912
abs,2016-10-01,105,105.153
abs,2016-11-01,105,108.969
abs,2016-12-01,105,105.573
abs,2017-01-01,105,92.657
abs,2017-02-01,105,98.822
abs,2017-03-01,105,110.33
abs,2017-04-01,105,109.772
abs,2017-05-01,105,115.335
abs,2017-06-01,105,109.981
abs,2017-07-01,105,105.452
abs,2017-08-01,105,114.711
abs,2017-09-01,105,106.373
abs,2017-10-01,105,108.312
abs,2017-11-01,105,107.359
abs,2017-12-01,105,104.973
abs,2018-01-01,105,102.083
abs,2018-02-01,105,105.195
abs,2018-03-01,105,96.328
abs,2018-04-01,105,100.519
abs,2018-05-01,105,110.914
abs,2018-06-01,105,109.077
abs,2018-07-01,105,122.113
abs,2018-08-01,105,119.512
abs,2018-09-01,105,107.981
abs,2018-10-01,105,113.318
abs,2018-11-01,105,108.117
abs,2018-12-01,105,108.356
abs,2019-01-01,105,109.325
abs,2019-02-01,105,111.804
abs,2019-03-01,105,120.374
abs,2019-04-01,105,125.544
abs,2019-05-01,105,129.945
abs,2019-06-01,105,120.092
abs,2019-07-01,105,134.814
abs,2019-08-01,105,143.599
abs,2019-09-01,105,142.597
abs,2019-10-01,105,104.711
abs,2019-11-01,105,125.204
abs,2019-12-01,105,128.528
abs,2020-01-01,105,127.085
abs,2020-02-01,105,111.645
abs,2020-03-01,105,118.945
abs,2020-04-01,105,130.922
abs,2020-05-01,105,132.561
abs,2020-06-01,105,139.258
abs,2020-07-01,105,151.199
abs,2020-08-01,105,153.089
abs,2020-09-01,105,153.493
abs,2020-10-01,105,115.869
abs,2020-11-01,105,127.178
abs,2020-12-01,105,136.49
abs,2021-01-01,105,146.339
abs,2021-02-01,105,114.365
abs,2021-03-01,105,126.442
abs,2021-04-01,105,155.202
abs,2021-05-01,105,142.772
abs,2021-06-01,105,147.159
abs,2021-07-01,105,139.231
abs,2021-08-01,105,161.608
abs,2021-09-01,105,165.384
abs,2021-10-01,105,123.078
abs,2021-11-01,105,133.486
abs,2021-12-01,105,150.851
abs,2022-01-01,105,151.678
abs,2022-02-01,105,112.428
abs,2022-03-01,105,142.083
abs,2022-04-01,105,170.958
abs,2022-05-01,105,165.689
abs,2022-06-01,105,150.992
abs,2022-07-01,105,153.831
abs,2022-08-01,105,184.801
abs,2022-09-01,105,181.202
abs,2022-10-01,105,158.782
abs,2022-11-01,105,147.793
abs,2022-12-01,105,126.566
abs,2023-01-01,105,125.448
abs,2023-02-01,105,122.469
abs,2023-03-01,105,129.138
abs,2023-04-01,105,134.16
abs,2023-05-01,105,152.426
abs,2023-06-01,105,163.447
abs,2023-07-01,105,180.637
abs,2023-08-01,105,192.209
abs,2023-09-01,105,205.153
abs,2023-10-01,105,176.322
abs,2023-11-01,105,159.477
abs,2023-12-01,105,142.992
abs,2024-01-01,105,141.402
abs,2024-02-01,105,132.679
abs,2024-03-01,105,141.434
abs,2024-04-01,105,126.454
abs,2024-05-01,105,149.527
abs,2024-06-01,105,155.46
abs,2024-07-01,105,175.636
abs,2024-08-01,105,190.551
abs,2024-09-01,105,178.372
abs,2024-10-01,105,150.905
abs,2024-11-01,105,137.035
abs,2024-12-01,105,126.692
abs,2025-01-01,105,123.935
abs,2025-02-01,105,120.512
abs,2025-03-01,105,131.273
abs,2025-04-01,105,122.15
abs,2025-05-01,105,147.642
abs,2025-06-01,105,159.378
abs,2025-07-01,105,179.494
abs,2025-08-01,105,181.596
abs,2025-09-01,105,167.149
abs,2025-10-01,105,149.874
abs,2025-11-01,105,132.859
abs,2025-12-01,105,123.993
abs,2026-01-01,105,121.478
abs,2026-02-01,105,124.181
abs,2026-03-01,105,131.754
abs,2026-04-01,105,124.686
abs,2026-05-01,105,146.82
abs,2026-06-01,105,161.488
growth_yoy,2016-01-01,105,9.422
growth_yoy,2016-02-01,105,8.471
growth_yoy,2016-03-01,105,7.7
growth_yoy,2016-04-01,105,11.087
growth_yoy,2016-05-01,105,14.599
growth_yoy,2016-06-01,105,20.27
growth_yoy,2016-07-01,105,4.369
growth_yoy,2016-08-01,105,11.675
growth_yoy,2016-09-01,105,4.444
growth_yoy,2016-10-01,105,0.581
growth_yoy,2016-11-01,105,5.814
growth_yoy,2016-12-01,105,0.515
growth_yoy,2017-01-01,105,-14.224
growth_yoy,2017-02-01,105,1.121
growth_yoy,2017-03-01,105,3.487
growth_yoy,2017-04-01,105,-5.191
growth_yoy,2017-05-01,105,4.69
growth_yoy,2017-06-01,105,-3.847
growth_yoy,2017-07-01,105,3.123
growth_yoy,2017-08-01,105,0.788
growth_yoy,2017-09-01,105,-2.331
growth_yoy,2017-10-01,105,3.005
growth_yoy,2017-11-01,105,-1.478
growth_yoy,2017-12-01,105,-0.568
growth_yoy,2018-01-01,105,10.173
growth_yoy,2018-02-01,105,6.449
growth_yoy,2018-03-01,105,-12.691
growth_yoy,2018-04-01,105,-8.429
growth_yoy,2018-05-01,105,-3.833
growth_yoy,2018-06-01,105,-0.822
growth_yoy,2018-07-01,105,15.8
growth_yoy,2018-08-01,105,4.186
growth_yoy,2018-09-01,105,1.512
growth_yoy,2018-10-01,105,4.621
growth_yoy,2018-11-01,105,0.706
growth_yoy,2018-12-01,105,3.222
growth_yoy,2019-01-01,105,7.094
growth_yoy,2019-02-01,105,6.283
growth_yoy,2019-03-01,105,24.963
growth_yoy,2019-04-01,105,24.896
growth_yoy,2019-05-01,105,17.159
growth_yoy,2019-06-01,105,10.099
growth_yoy,2019-07-01,105,10.401
growth_yoy,2019-08-01,105,20.154
growth_yoy,2019-09-01,105,32.057
growth_yoy,2019-10-01,105,-7.595
growth_yoy,2019-11-01,105,15.804
growth_yoy,2019-12-01,105,18.617
growth_yoy,2020-01-01,105,16.245
growth_yoy,2020-02-01,105,-0.142
growth_yoy,2020-03-01,105,-1.187
growth_yoy,2020-04-01,105,4.284
growth_yoy,2020-05-01,105,2.013
growth_yoy,2020-06-01,105,15.959
growth_yoy,2020-07-01,105,12.153
growth_yoy,2020-08-01,105,6.609
growth_yoy,2020-09-01,105,7.641
growth_yoy,2020-10-01,105,10.656
growth_yoy,2020-11-01,105,1.577
growth_yoy,2020-12-01,105,6.195
growth_yoy,2021-01-01,105,15.15
growth_yoy,2021-02-01,105,2.437
growth_yoy,2021-03-01,105,6.303
growth_yoy,2021-04-01,105,18.545
growth_yoy,2021-05-01,105,7.703
growth_yoy,2021-06-01,105,5.674
growth_yoy,2021-07-01,105,-7.915
growth_yoy,2021-08-01,105,5.565
growth_yoy,2021-09-01,105,7.747
growth_yoy,2021-10-01,105,6.222
growth_yoy,2021-11-01,105,4.959
growth_yoy,2021-12-01,105,10.522
growth_yoy,2022-01-01,105,3.648
growth_yoy,2022-02-01,105,-1.693
growth_yoy,2022-03-01,105,12.371
growth_yoy,2022-04-01,105,10.152
growth_yoy,2022-05-01,105,16.051
growth_yoy,2022-06-01,105,2.605
growth_yoy,2022-07-01,105,10.486
growth_yoy,2022-08-01,105,14.352
growth_yoy,2022-09-01,105,9.565
growth_yoy,2022-10-01,105,29.009
growth_yoy,2022-11-01,105,10.718
growth_yoy,2022-12-01,105,-16.099
growth_yoy,2023-01-01,105,-17.293
growth_yoy,2023-02-01,105,8.93
growth_yoy,2023-03-01,105,-9.111
growth_yoy,2023-04-01,105,-21.525
growth_yoy,2023-05-01,105,-8.005
growth_yoy,2023-06-01,105,8.249
growth_yoy,2023-07-01,105,17.426
growth_yoy,2023-08-01,105,4.008
growth_yoy,2023-09-01,105,13.218
growth_yoy,2023-10-01,105,11.047
growth_yoy,2023-11-01,105,7.906
growth_yoy,2023-12-01,105,12.978
growth_yoy,2024-01-01,105,12.718
growth_yoy,2024-02-01,105,8.337
growth_yoy,2024-03-01,105,9.522
growth_yoy,2024-04-01,105,-5.744
growth_yoy,2024-05-01,105,-1.902
growth_yoy,2024-06-01,105,-4.887
growth_yoy,2024-07-01,105,-2.768
growth_yoy,2024-08-01,105,-0.863
growth_yoy,2024-09-01,105,-13.054
growth_yoy,2024-10-01,105,-14.415
growth_yoy,2024-11-01,105,-14.072
growth_yoy,2024-12-01,105,-11.399
growth_yoy,2025-01-01,105,-12.353
growth_yoy,2025-02-01,105,-9.17
growth_yoy,2025-03-01,105,-7.184
growth_yoy,2025-04-01,105,-3.404
growth_yoy,2025-05-01,105,-1.261
growth_yoy,2025-06-01,105,2.52
growth_yoy,2025-07-01,105,2.197
growth_yoy,2025-08-01,105,-4.699
growth_yoy,2025-09-01,105,-6.292
growth_yoy,2025-10-01,105,-0.683
growth_yoy,2025-11-01,105,-3.048
growth_yoy,2025-12-01,105,-2.13
growth_yoy,2026-01-01,105,-1.983
growth_yoy,2026-02-01,105,3.044
growth_yoy,2026-03-01,105,0.366
growth_yoy,2026-04-01,105,2.076
growth_yoy,2026-05-01,105,-0.557
growth_yoy,2026-06-01,105,1.324
growth_mom,2015-02-01,105,-8.739
growth_mom,2015-03-01,105,9.875
growth_mom,2015-04-01,105,5.29
growth_mom,2015-05-01,105,-7.765
growth_mom,2015-06-01,105,-1.071
growth_mom,2015-07-01,105,3.022
growth_mom,2015-08-01,105,4.02
growth_mom,2015-09-01,105,2.317
growth_mom,2015-10-01,105,0.257
growth_mom,2015-11-01,105,-1.495
growth_mom,2015-12-01,105,1.99
growth_mom,2016-01-01,105,2.847
growth_mom,2016-02-01,105,-9.532
growth_mom,2016-03-01,105,9.093
growth_mom,2016-04-01,105,8.601
growth_mom,2016-05-01,105,-4.849
growth_mom,2016-06-01,105,3.824
growth_mom,2016-07-01,105,-10.599
growth_mom,2016-08-01,105,11.301
growth_mom,2016-09-01,105,-4.308
growth_mom,2016-10-01,105,-3.452
growth_mom,2016-11-01,105,3.63
growth_mom,2016-12-01,105,-3.117
growth_mom,2017-01-01,105,-12.234
growth_mom,2017-02-01,105,6.653
growth_mom,2017-03-01,105,11.645
growth_mom,2017-04-01,105,-0.506
growth_mom,2017-05-01,105,5.068
growth_mom,2017-06-01,105,-4.642
growth_mom,2017-07-01,105,-4.118
growth_mom,2017-08-01,105,8.78
growth_mom,2017-09-01,105,-7.269
growth_mom,2017-10-01,105,1.824
growth_mom,2017-11-01,105,-0.881
growth_mom,2017-12-01,105,-2.222
growth_mom,2018-01-01,105,-2.753
growth_mom,2018-02-01,105,3.048
growth_mom,2018-03-01,105,-8.429
growth_mom,2018-04-01,105,4.351
growth_mom,2018-05-01,105,10.341
growth_mom,2018-06-01,105,-1.656
growth_mom,2018-07-01,105,11.952
growth_mom,2018-08-01,105,-2.13
growth_mom,2018-09-01,105,-9.648
growth_mom,2018-10-01,105,4.942
growth_mom,2018-11-01,105,-4.589
growth_mom,2018-12-01,105,0.221
growth_mom,2019-01-01,105,0.895
growth_mom,2019-02-01,105,2.267
growth_mom,2019-03-01,105,7.665
growth_mom,2019-04-01,105,4.295
growth_mom,2019-05-01,105,3.506
growth_mom,2019-06-01,105,-7.583
growth_mom,2019-07-01,105,12.259
growth_mom,2019-08-01,105,6.516
growth_mom,2019-09-01,105,-0.698
growth_mom,2019-10-01,105,-26.568
growth_mom,2019-11-01,105,19.57
growth_mom,2019-12-01,105,2.655
growth_mom,2020-01-01,105,-1.122
growth_mom,2020-02-01,105,-12.15
growth_mom,2020-03-01,105,6.539
growth_mom,2020-04-01,105,10.07
growth_mom,2020-05-01,105,1.252
growth_mom,2020-06-01,105,5.052
growth_mom,2020-07-01,105,8.575
growth_mom,2020-08-01,105,1.25
growth_mom,2020-09-01,105,0.264
growth_mom,2020-10-01,105,-24.512
growth_mom,2020-11-01,105,9.76
growth_mom,2020-12-01,105,7.322
growth_mom,2021-01-01,105,7.216
growth_mom,2021-02-01,105,-21.849
growth_mom,2021-03-01,105,10.56
growth_mom,2021-04-01,105,22.746
growth_mom,2021-05-01,105,-8.009
growth_mom,2021-06-01,105,3.072
growth_mom,2021-07-01,105,-5.387
growth_mom,2021-08-01,105,16.071
growth_mom,2021-09-01,105,2.336
growth_mom,2021-10-01,105,-25.58
growth_mom,2021-11-01,105,8.456
growth_mom,2021-12-01,105,13.009
growth_mom,2022-01-01,105,0.548
growth_mom,2022-02-01,105,-25.877
growth_mom,2022-03-01,105,26.377
growth_mom,2022-04-01,105,20.323
growth_mom,2022-05-01,105,-3.082
growth_mom,2022-06-01,105,-8.87
growth_mom,2022-07-01,105,1.88
growth_mom,2022-08-01,105,20.133
growth_mom,2022-09-01,105,-1.948
growth_mom,2022-10-01,105,-12.373
growth_mom,2022-11-01,105,-6.921
growth_mom,2022-12-01,105,-14.363
growth_mom,2023-01-01,105,-0.883
growth_mom,2023-02-01,105,-2.375
growth_mom,2023-03-01,105,5.445
growth_mom,2023-04-01,105,3.89
growth_mom,2023-05-01,105,13.615
growth_mom,2023-06-01,105,7.231
growth_mom,2023-07-01,105,10.517
growth_mom,2023-08-01,105,6.406
growth_mom,2023-09-01,105,6.735
growth_mom,2023-10-01,105,-14.053
growth_mom,2023-11-01,105,-9.554
growth_mom,2023-12-01,105,-10.337
growth_mom,2024-01-01,105,-1.112
growth_mom,2024-02-01,105,-6.169
growth_mom,2024-03-01,105,6.599
growth_mom,2024-04-01,105,-10.591
growth_mom,2024-05-01,105,18.246
growth_mom,2024-06-01,105,3.968
growth_mom,2024-07-01,105,12.978
growth_mom,2024-08-01,105,8.492
growth_mom,2024-09-01,105,-6.391
growth_mom,2024-10-01,105,-15.399
growth_mom,2024-11-01,105,-9.191
growth_mom,2024-12-01,105,-7.548
growth_mom,2025-01-01,105,-2.176
growth_mom,2025-02-01,105,-2.762
growth_mom,2025-03-01,105,8.929
growth_mom,2025-04-01,105,-6.95
growth_mom,2025-05-01,105,20.869
growth_mom,2025-06-01,105,7.949
growth_mom,2025-07-01,105,12.622
growth_mom,2025-08-01,105,1.171
growth_mom,2025-09-01,105,-7.955
growth_mom,2025-10-01,105,-10.335
growth_mom,2025-11-01,105,-11.353
growth_mom,2025-12-01,105,-6.673
growth_mom,2026-01-01,105,-2.029
growth_mom,2026-02-01,105,2.226
growth_mom,2026-03-01,105,6.098
growth_mom,2026-04-01,105,-5.365
growth_mom,2026-05-01,105,17.752
growth_mom,2026-06-01,105,9.991
abs,2015-01-01,106,104.313
abs,2015-02-01,106,89.199
abs,2015-03-01,106,100.689
abs,2015-04-01,106,92.876
abs,2015-05-01,106,92.58
abs,2015-06-01,106,94.307
abs,2015-07-01,106,87.352
abs,2015-08-01,106,89.897
abs,2015-09-01,106,106.31
abs,2015-10-01,106,114.511
abs,2015-11-01,106,111.165
abs,2015-12-01,106,116.802
abs,2016-01-01,106,109.427
abs,2016-02-01,106,94.318
abs,2016-03-01,106,105.605
abs,2016-04-01,106,113.625
abs,2016-05-01,106,101.959
abs,2016-06-01,106,107.487
abs,2016-07-01,106,90.672
abs,2016-08-01,106,106.431
abs,2016-09-01,106,111.363
abs,2016-10-01,106,109.228
abs,2016-11-01,106,110.98
abs,2016-12-01,106,112.006
abs,2017-01-01,106,114.262
abs,2017-02-01,106,103.686
abs,2017-03-01,106,111.965
abs,2017-04-01,106,117.908
abs,2017-05-01,106,105.978
abs,2017-06-01,106,112.16
abs,2017-07-01,106,100.639
abs,2017-08-01,106,121.987
abs,2017-09-01,106,107.318
abs,2017-10-01,106,112.209
abs,2017-11-01,106,110.11
abs,2017-12-01,106,108.672
abs,2018-01-01,106,115.282
abs,2018-02-01,106,110.522
abs,2018-03-01,106,121.211
abs,2018-04-01,106,126.175
abs,2018-05-01,106,117.037
abs,2018-06-01,106,114.868
abs,2018-07-01,106,112.905
abs,2018-08-01,106,113.722
abs,2018-09-01,106,112.168
abs,2018-10-01,106,110.819
abs,2018-11-01,106,112.277
abs,2018-12-01,106,115.068
abs,2019-01-01,106,106.532
abs,2019-02-01,106,103.692
abs,2019-03-01,106,115.007
abs,2019-04-01,106,123.712
abs,2019-05-01,106,119.775
abs,2019-06-01,106,117.669
abs,2019-07-01,106,130.102
abs,2019-08-01,106,131.786
abs,2019-09-01,106,135.41
abs,2019-10-01,106,128.147
abs,2019-11-01,106,122.893
abs,2019-12-01,106,131.528
abs,2020-01-01,106,120.72
abs,2020-02-01,106,114.271
abs,2020-03-01,106,133.905
abs,2020-04-01,106,136.832
abs,2020-05-01,106,90.137
abs,2020-06-01,106,111.667
abs,2020-07-01,106,110.247
abs,2020-08-01,106,121.285
abs,2020-09-01,106,139.338
abs,2020-10-01,106,120.721
abs,2020-11-01,106,118.916
abs,2020-12-01,106,140.507
abs,2021-01-01,106,128.548
abs,2021-02-01,106,125.669
abs,2021-03-01,106,142.685
abs,2021-04-01,106,154.322
abs,2021-05-01,106,119.786
abs,2021-06-01,106,126.923
abs,2021-07-01,106,111.216
abs,2021-08-01,106,139.741
abs,2021-09-01,106,157.89
abs,2021-10-01,106,146.78
abs,2021-11-01,106,136.168
abs,2021-12-01,106,148.522
abs,2022-01-01,106,135.657
abs,2022-02-01,106,136.173
abs,2022-03-01,106,142.224
abs,2022-04-01,106,149.373
abs,2022-05-01,106,135.757
abs,2022-06-01,106,145.778
abs,2022-07-01,106,136.964
abs,2022-08-01,106,172.752
abs,2022-09-01,106,184.56
abs,2022-10-01,106,149.325
abs,2022-11-01,106,154.642
abs,2022-12-01,106,152.073
abs,2023-01-01,106,149.69
abs,2023-02-01,106,150.45
abs,2023-03-01,106,166.055
abs,2023-04-01,106,139.675
abs,2023-05-01,106,139.069
abs,2023-06-01,106,134.152
abs,2023-07-01,106,138.939
abs,2023-08-01,106,163.322
abs,2023-09-01,106,188.97
abs,2023-10-01,106,154.5
abs,2023-11-01,106,165.305
abs,2023-12-01,106,156.976
abs,2024-01-01,106,153.518
abs,2024-02-01,106,147.059
abs,2024-03-01,106,145.034
abs,2024-04-01,106,148.508
abs,2024-05-01,106,153.589
abs,2024-06-01,106,135.295
abs,2024-07-01,106,132.702
abs,2024-08-01,106,156.399
abs,2024-09-01,106,168.836
abs,2024-10-01,106,139.275
abs,2024-11-01,106,149.415
abs,2024-12-01,106,138.127
abs,2025-01-01,106,131.288
abs,2025-02-01,106,132.484
abs,2025-03-01,106,134.121
abs,2025-04-01,106,136.234
abs,2025-05-01,106,141.04
abs,2025-06-01,106,127.217
abs,2025-07-01,106,121.99
abs,2025-08-01,106,137.923
abs,2025-09-01,106,146.582
abs,2025-10-01,106,122.327
abs,2025-11-01,106,128.117
abs,2025-12-01,106,113.213
abs,2026-01-01,106,108.133
abs,2026-02-01,106,104.268
abs,2026-03-01,106,103.313
abs,2026-04-01,106,109.089
abs,2026-05-01,106,109.84
abs,2026-06-01,106,106.931
growth_yoy,2016-01-01,106,4.903
growth_yoy,2016-02-01,106,5.739
growth_yoy,2016-03-01,106,4.883
growth_yoy,2016-04-01,106,22.341
growth_yoy,2016-05-01,106,10.131
growth_yoy,2016-06-01,106,13.976
growth_yoy,2016-07-01,106,3.8
growth_yoy,2016-08-01,106,18.391
growth_yoy,2016-09-01,106,4.753
growth_yoy,2016-10-01,106,-4.614
growth_yoy,2016-11-01,106,-0.166
growth_yoy,2016-12-01,106,-4.106
growth_yoy,2017-01-01,106,4.419
growth_yoy,2017-02-01,106,9.932
growth_yoy,2017-03-01,106,6.022
growth_yoy,2017-04-01,106,3.769
growth_yoy,2017-05-01,106,3.941
growth_yoy,2017-06-01,106,4.348
growth_yoy,2017-07-01,106,10.993
growth_yoy,2017-08-01,106,14.617
growth_yoy,2017-09-01,106,-3.632
growth_yoy,2017-10-01,106,2.729
growth_yoy,2017-11-01,106,-0.784
growth_yoy,2017-12-01,106,-2.977
growth_yoy,2018-01-01,106,0.892
growth_yoy,2018-02-01,106,6.594
growth_yoy,2018-03-01,106,8.258
growth_yoy,2018-04-01,106,7.012
growth_yoy,2018-05-01,106,10.436
growth_yoy,2018-06-01,106,2.414
growth_yoy,2018-07-01,106,12.188
growth_yoy,2018-08-01,106,-6.775
growth_yoy,2018-09-01,106,4.52
growth_yoy,2018-10-01,106,-1.239
growth_yoy,2018-11-01,106,1.967
growth_yoy,2018-12-01,106,5.885
growth_yoy,2019-01-01,106,-7.59
growth_yoy,2019-02-01,106,-6.18
growth_yoy,2019-03-01,106,-5.119
growth_yoy,2019-04-01,106,-1.952
growth_yoy,2019-05-01,106,2.339
growth_yoy,2019-06-01,106,2.439
growth_yoy,2019-07-01,106,15.232
growth_yoy,2019-08-01,106,15.884
growth_yoy,2019-09-01,106,20.72
growth_yoy,2019-10-01,106,15.636
growth_yoy,2019-11-01,106,9.455
growth_yoy,2019-12-01,106,14.305
growth_yoy,2020-01-01,106,13.318
growth_yoy,2020-02-01,106,10.202
growth_yoy,2020-03-01,106,16.432
growth_yoy,2020-04-01,106,10.605
growth_yoy,2020-05-01,106,-24.744
growth_yoy,2020-06-01,106,-5.1
growth_yoy,2020-07-01,106,-15.262
growth_yoy,2020-08-01,106,-7.968
growth_yoy,2020-09-01,106,2.901
growth_yoy,2020-10-01,106,-5.795
growth_yoy,2020-11-01,106,-3.236
growth_yoy,2020-12-01,106,6.827
growth_yoy,2021-01-01,106,6.485
growth_yoy,2021-02-01,106,9.974
growth_yoy,2021-03-01,106,6.557
growth_yoy,2021-04-01,106,12.782
growth_yoy,2021-05-01,106,32.893
growth_yoy,2021-06-01,106,13.662
growth_yoy,2021-07-01,106,0.879
growth_yoy,2021-08-01,106,15.218
growth_yoy,2021-09-01,106,13.315
growth_yoy,2021-10-01,106,21.586
growth_yoy,2021-11-01,106,14.507
growth_yoy,2021-12-01,106,5.704
growth_yoy,2022-01-01,106,5.531
growth_yoy,2022-02-01,106,8.359
growth_yoy,2022-03-01,106,-0.323
growth_yoy,2022-04-01,106,-3.207
growth_yoy,2022-05-01,106,13.333
growth_yoy,2022-06-01,106,14.855
growth_yoy,2022-07-01,106,23.151
growth_yoy,2022-08-01,106,23.622
growth_yoy,2022-09-01,106,16.891
growth_yoy,2022-10-01,106,1.733
growth_yoy,2022-11-01,106,13.567
growth_yoy,2022-12-01,106,2.391
growth_yoy,2023-01-01,106,10.344
growth_yoy,2023-02-01,106,10.485
growth_yoy,2023-03-01,106,16.755
growth_yoy,2023-04-01,106,-6.492
growth_yoy,2023-05-01,106,2.44
growth_yoy,2023-06-01,106,-7.975
growth_yoy,2023-07-01,106,1.442
growth_yoy,2023-08-01,106,-5.458
growth_yoy,2023-09-01,106,2.39
growth_yoy,2023-10-01,106,3.466
growth_yoy,2023-11-01,106,6.895
growth_yoy,2023-12-01,106,3.224
growth_yoy,2024-01-01,106,2.557
growth_yoy,2024-02-01,106,-2.254
growth_yoy,2024-03-01,106,-12.659
growth_yoy,2024-04-01,106,6.324
growth_yoy,2024-05-01,106,10.44
growth_yoy,2024-06-01,106,0.852
growth_yoy,2024-07-01,106,-4.489
growth_yoy,2024-08-01,106,-4.239
growth_yoy,2024-09-01,106,-10.654
growth_yoy,2024-10-01,106,-9.854
growth_yoy,2024-11-01,106,-9.613
growth_yoy,2024-12-01,106,-12.008
growth_yoy,2025-01-01,106,-14.48
growth_yoy,2025-02-01,106,-9.911
growth_yoy,2025-03-01,106,-7.525
growth_yoy,2025-04-01,106,-8.265
growth_yoy,2025-05-01,106,-8.17
growth_yoy,2025-06-01,106,-5.971
growth_yoy,2025-07-01,106,-8.073
growth_yoy,2025-08-01,106,-11.813
growth_yoy,2025-09-01,106,-13.181
growth_yoy,2025-10-01,106,-12.169
growth_yoy,2025-11-01,106,-14.254
growth_yoy,2025-12-01,106,-18.037
growth_yoy,2026-01-01,106,-17.637
growth_yoy,2026-02-01,106,-21.297
growth_yoy,2026-03-01,106,-22.97
growth_yoy,2026-04-01,106,-19.925
growth_yoy,2026-05-01,106,-22.122
growth_yoy,2026-06-01,106,-15.946
growth_mom,2015-02-01,106,-14.489
growth_mom,2015-03-01,106,12.882
growth_mom,2015-04-01,106,-7.76
growth_mom,2015-05-01,106,-0.319
growth_mom,2015-06-01,106,1.866
growth_mom,2015-07-01,106,-7.375
growth_mom,2015-08-01,106,2.914
growth_mom,2015-09-01,106,18.257
growth_mom,2015-10-01,106,7.714
growth_mom,2015-11-01,106,-2.922
growth_mom,2015-12-01,106,5.071
growth_mom,2016-01-01,106,-6.314
growth_mom,2016-02-01,106,-13.807
growth_mom,2016-03-01,106,11.967
growth_mom,2016-04-01,106,7.594
growth_mom,2016-05-01,106,-10.267
growth_mom,2016-06-01,106,5.422
growth_mom,2016-07-01,106,-15.644
growth_mom,2016-08-01,106,17.38
growth_mom,2016-09-01,106,4.634
growth_mom,2016-10-01,106,-1.917
growth_mom,2016-11-01,106,1.604
growth_mom,2016-12-01,106,0.924
growth_mom,2017-01-01,106,2.014
growth_mom,2017-02-01,106,-9.256
growth_mom,2017-03-01,106,7.985
growth_mom,2017-04-01,106,5.308
growth_mom,2017-05-01,106,-10.118
growth_mom,2017-06-01,106,5.834
growth_mom,2017-07-01,106,-10.272
growth_mom,2017-08-01,106,21.213
growth_mom,2017-09-01,106,-12.026
growth_mom,2017-10-01,106,4.558
growth_mom,2017-11-01,106,-1.87
growth_mom,2017-12-01,106,-1.306
growth_mom,2018-01-01,106,6.082
growth_mom,2018-02-01,106,-4.129
growth_mom,2018-03-01,106,9.671
growth_mom,2018-04-01,106,4.095
growth_mom,2018-05-01,106,-7.242
growth_mom,2018-06-01,106,-1.854
growth_mom,2018-07-01,106,-1.709
growth_mom,2018-08-01,106,0.724
growth_mom,2018-09-01,106,-1.367
growth_mom,2018-10-01,106,-1.203
growth_mom,2018-11-01,106,1.315
growth_mom,2018-12-01,106,2.486
growth_mom,2019-01-01,106,-7.418
growth_mom,2019-02-01,106,-2.665
growth_mom,2019-03-01,106,10.912
growth_mom,2019-04-01,106,7.569
growth_mom,2019-05-01,106,-3.183
growth_mom,2019-06-01,106,-1.758
growth_mom,2019-07-01,106,10.566
growth_mom,2019-08-01,106,1.294
growth_mom,2019-09-01,106,2.75
growth_mom,2019-10-01,106,-5.363
growth_mom,2019-11-01,106,-4.101
growth_mom,2019-12-01,106,7.027
growth_mom,2020-01-01,106,-8.218
growth_mom,2020-02-01,106,-5.341
growth_mom,2020-03-01,106,17.182
growth_mom,2020-04-01,106,2.186
growth_mom,2020-05-01,106,-34.126
growth_mom,2020-06-01,106,23.886
growth_mom,2020-07-01,106,-1.272
growth_mom,2020-08-01,106,10.012
growth_mom,2020-09-01,106,14.885
growth_mom,2020-10-01,106,-13.361
growth_mom,2020-11-01,106,-1.495
growth_mom,2020-12-01,106,18.156
growth_mom,2021-01-01,106,-8.512
growth_mom,2021-02-01,106,-2.24
growth_mom,2021-03-01,106,13.541
growth_mom,2021-04-01,106,8.155
growth_mom,2021-05-01,106,-22.379
growth_mom,2021-06-01,106,5.958
growth_mom,2021-07-01,106,-12.375
growth_mom,2021-08-01,106,25.648
growth_mom,2021-09-01,106,12.988
growth_mom,2021-10-01,106,-7.037
growth_mom,2021-11-01,106,-7.23
growth_mom,2021-12-01,106,9.072
growth_mom,2022-01-01,106,-8.662
growth_mom,2022-02-01,106,0.38
growth_mom,2022-03-01,106,4.444
growth_mom,2022-04-01,106,5.026
growth_mom,2022-05-01,106,-9.115
growth_mom,2022-06-01,106,7.382
growth_mom,2022-07-01,106,-6.046
growth_mom,2022-08-01,106,26.129
growth_mom,2022-09-01,106,6.835
growth_mom,2022-10-01,106,-19.092
growth_mom,2022-11-01,106,3.561
growth_mom,2022-12-01,106,-1.661
growth_mom,2023-01-01,106,-1.567
growth_mom,2023-02-01,106,0.508
growth_mom,2023-03-01,106,10.372
growth_mom,2023-04-01,106,-15.886
growth_mom,2023-05-01,106,-0.434
growth_mom,2023-06-01,106,-3.536
growth_mom,2023-07-01,106,3.568
growth_mom,2023-08-01,106,17.55
growth_mom,2023-09-01,106,15.704
growth_mom,2023-10-01,106,-18.241
growth_mom,2023-11-01,106,6.994
growth_mom,2023-12-01,106,-5.038
growth_mom,2024-01-01,106,-2.203
growth_mom,2024-02-01,106,-4.207
growth_mom,2024-03-01,106,-1.377
growth_mom,2024-04-01,106,2.396
growth_mom,2024-05-01,106,3.421
growth_mom,2024-06-01,106,-11.911
growth_mom,2024-07-01,106,-1.916
growth_mom,2024-08-01,106,17.857
growth_mom,2024-09-01,106,7.952
growth_mom,2024-10-01,106,-17.509
growth_mom,2024-11-01,106,7.28
growth_mom,2024-12-01,106,-7.555
growth_mom,2025-01-01,106,-4.951
growth_mom,2025-02-01,106,0.911
growth_mom,2025-03-01,106,1.235
growth_mom,2025-04-01,106,1.576
growth_mom,2025-05-01,106,3.528
growth_mom,2025-06-01,106,-9.801
growth_mom,2025-07-01,106,-4.109
growth_mom,2025-08-01,106,13.062
growth_mom,2025-09-01,106,6.278
growth_mom,2025-10-01,106,-16.547
growth_mom,2025-11-01,106,4.733
growth_mom,2025-12-01,106,-11.634
growth_mom,2026-01-01,106,-4.487
growth_mom,2026-02-01,106,-3.574
growth_mom,2026-03-01,106,-0.916
growth_mom,2026-04-01,106,5.59
growth_mom,2026-05-01,106,0.689
growth_mom,2026-06-01,106,-2.648
abs,2015-01-01,107,107.031
abs,2015-02-01,107,90.532
abs,2015-03-01,107,95.023
abs,2015-04-01,107,97.057
abs,2015-05-01,107,95.694
abs,2015-06-01,107,93.033
abs,2015-07-01,107,94.763
abs,2015-08-01,107,95.224
abs,2015-09-01,107,103.454
abs,2015-10-01,107,107.168
abs,2015-11-01,107,107.482
abs,2015-12-01,107,113.539
abs,2016-01-01,107,110.467
abs,2016-02-01,107,97.011
abs,2016-03-01,107,104.237
abs,2016-04-01,107,109.87
abs,2016-05-01,107,110.048
abs,2016-06-01,107,108.185
abs,2016-07-01,107,105.05
abs,2016-08-01,107,108.215
abs,2016-09-01,107,107.837
abs,2016-10-01,107,112.619
abs,2016-11-01,107,110.69
abs,2016-12-01,107,115.928
abs,2017-01-01,107,115.478
abs,2017-02-01,107,105.763
abs,2017-03-01,107,114.409
abs,2017-04-01,107,113.697
abs,2017-05-01,107,117.276
abs,2017-06-01,107,114.106
abs,2017-07-01,107,113.461
abs,2017-08-01,107,115.853
abs,2017-09-01,107,111.773
abs,2017-10-01,107,114.798
abs,2017-11-01,107,110.612
abs,2017-12-01,107,110.997
abs,2018-01-01,107,121.735
abs,2018-02-01,107,114.494
abs,2018-03-01,107,112.267
abs,2018-04-01,107,119.015
abs,2018-05-01,107,119.903
abs,2018-06-01,107,119.804
abs,2018-07-01,107,131.007
abs,2018-08-01,107,123.873
abs,2018-09-01,107,120.006
abs,2018-10-01,107,117.162
abs,2018-11-01,107,117.027
abs,2018-12-01,107,120.394
abs,2019-01-01,107,112.812
abs,2019-02-01,107,110.895
abs,2019-03-01,107,118.676
abs,2019-04-01,107,123.314
abs,2019-05-01,107,124.477
abs,2019-06-01,107,119.602
abs,2019-07-01,107,133.485
abs,2019-08-01,107,137.013
abs,2019-09-01,107,130.85
abs,2019-10-01,107,122.237
abs,2019-11-01,107,126.736
abs,2019-12-01,107,135.321
abs,2020-01-01,107,130.979
abs,2020-02-01,107,131.426
abs,2020-03-01,107,119.382
abs,2020-04-01,107,127.275
abs,2020-05-01,107,131.464
abs,2020-06-01,107,131.485
abs,2020-07-01,107,137.401
abs,2020-08-01,107,135.016
abs,2020-09-01,107,132.989
abs,2020-10-01,107,124.776
abs,2020-11-01,107,122.796
abs,2020-12-01,107,126.465
abs,2021-01-01,107,130.706
abs,2021-02-01,107,134.598
abs,2021-03-01,107,132.925
abs,2021-04-01,107,137.907
abs,2021-05-01,107,135.268
abs,2021-06-01,107,137.295
abs,2021-07-01,107,142.097
abs,2021-08-01,107,141.857
abs,2021-09-01,107,144.615
abs,2021-10-01,107,139.405
abs,2021-11-01,107,138.611
abs,2021-12-01,107,138.735
abs,2022-01-01,107,145.066
abs,2022-02-01,107,136.345
abs,2022-03-01,107,140.162
abs,2022-04-01,107,145.67
abs,2022-05-01,107,140.97
abs,2022-06-01,107,147.32
abs,2022-07-01,107,150.984
abs,2022-08-01,107,153.19
abs,2022-09-01,107,153.904
abs,2022-10-01,107,143.594
abs,2022-11-01,107,140.556
abs,2022-12-01,107,141.217
abs,2023-01-01,107,142.128
abs,2023-02-01,107,149.99
abs,2023-03-01,107,147.9
abs,2023-04-01,107,141.503
abs,2023-05-01,107,152.91
abs,2023-06-01,107,152.234
abs,2023-07-01,107,161.691
abs,2023-08-01,107,153.409
abs,2023-09-01,107,158.947
abs,2023-10-01,107,151.323
abs,2023-11-01,107,149.986
abs,2023-12-01,107,138.776
abs,2024-01-01,107,148.347
abs,2024-02-01,107,150.361
abs,2024-03-01,107,152.919
abs,2024-04-01,107,145.373
abs,2024-05-01,107,156.707
abs,2024-06-01,107,160.208
abs,2024-07-01,107,175.169
abs,2024-08-01,107,170.197
abs,2024-09-01,107,172.311
abs,2024-10-01,107,165.782
abs,2024-11-01,107,169.417
abs,2024-12-01,107,155.97
abs,2025-01-01,107,165.158
abs,2025-02-01,107,169.075
abs,2025-03-01,107,171.573
abs,2025-04-01,107,164.799
abs,2025-05-01,107,175.876
abs,2025-06-01,107,182.317
abs,2025-07-01,107,195.276
abs,2025-08-01,107,189.469
abs,2025-09-01,107,191.28
abs,2025-10-01,107,183.816
abs,2025-11-01,107,190.357
abs,2025-12-01,107,168.246
abs,2026-01-01,107,177.95
abs,2026-02-01,107,178.176
abs,2026-03-01,107,180.741
abs,2026-04-01,107,177.847
abs,2026-05-01,107,187.625
abs,2026-06-01,107,199.131
growth_yoy,2016-01-01,107,3.21
growth_yoy,2016-02-01,107,7.156
growth_yoy,2016-03-01,107,9.697
growth_yoy,2016-04-01,107,13.202
growth_yoy,2016-05-01,107,15.0
growth_yoy,2016-06-01,107,16.286
growth_yoy,2016-07-01,107,10.855
growth_yoy,2016-08-01,107,13.643
growth_yoy,2016-09-01,107,4.236
growth_yoy,2016-10-01,107,5.086
growth_yoy,2016-11-01,107,2.984
growth_yoy,2016-12-01,107,2.104
growth_yoy,2017-01-01,107,4.537
growth_yoy,2017-02-01,107,9.022
growth_yoy,2017-03-01,107,9.759
growth_yoy,2017-04-01,107,3.484
growth_yoy,2017-05-01,107,6.567
growth_yoy,2017-06-01,107,5.474
growth_yoy,2017-07-01,107,8.006
growth_yoy,2017-08-01,107,7.058
growth_yoy,2017-09-01,107,3.65
growth_yoy,2017-10-01,107,1.935
growth_yoy,2017-11-01,107,-0.071
growth_yoy,2017-12-01,107,-4.253
growth_yoy,2018-01-01,107,5.418
growth_yoy,2018-02-01,107,8.256
growth_yoy,2018-03-01,107,-1.873
growth_yoy,2018-04-01,107,4.677
growth_yoy,2018-05-01,107,2.241
growth_yoy,2018-06-01,107,4.993
growth_yoy,2018-07-01,107,15.465
growth_yoy,2018-08-01,107,6.922
growth_yoy,2018-09-01,107,7.366
growth_yoy,2018-10-01,107,2.059
growth_yoy,2018-11-01,107,5.8
growth_yoy,2018-12-01,107,8.466
growth_yoy,2019-01-01,107,-7.329
growth_yoy,2019-02-01,107,-3.144
growth_yoy,2019-03-01,107,5.709
growth_yoy,2019-04-01,107,3.612
growth_yoy,2019-05-01,107,3.814
growth_yoy,2019-06-01,107,-0.168
growth_yoy,2019-07-01,107,1.891
growth_yoy,2019-08-01,107,10.608
growth_yoy,2019-09-01,107,9.036
growth_yoy,2019-10-01,107,4.332
growth_yoy,2019-11-01,107,8.297
growth_yoy,2019-12-01,107,12.398
growth_yoy,2020-01-01,107,16.103
growth_yoy,2020-02-01,107,18.515
growth_yoy,2020-03-01,107,0.595
growth_yoy,2020-04-01,107,3.212
growth_yoy,2020-05-01,107,5.613
growth_yoy,2020-06-01,107,9.935
growth_yoy,2020-07-01,107,2.934
growth_yoy,2020-08-01,107,-1.457
growth_yoy,2020-09-01,107,1.635
growth_yoy,2020-10-01,107,2.077
growth_yoy,2020-11-01,107,-3.109
growth_yoy,2020-12-01,107,-6.544
growth_yoy,2021-01-01,107,-0.208
growth_yoy,2021-02-01,107,2.413
growth_yoy,2021-03-01,107,11.344
growth_yoy,2021-04-01,107,8.354
growth_yoy,2021-05-01,107,2.893
growth_yoy,2021-06-01,107,4.418
growth_yoy,2021-07-01,107,3.418
growth_yoy,2021-08-01,107,5.067
growth_yoy,2021-09-01,107,8.741
growth_yoy,2021-10-01,107,11.724
growth_yoy,2021-11-01,107,12.879
growth_yoy,2021-12-01,107,9.702
growth_yoy,2022-01-01,107,10.987
growth_yoy,2022-02-01,107,1.298
growth_yoy,2022-03-01,107,5.445
growth_yoy,2022-04-01,107,5.629
growth_yoy,2022-05-01,107,4.215
growth_yoy,2022-06-01,107,7.301
growth_yoy,2022-07-01,107,6.255
growth_yoy,2022-08-01,107,7.989
growth_yoy,2022-09-01,107,6.423
growth_yoy,2022-10-01,107,3.005
growth_yoy,2022-11-01,107,1.403
growth_yoy,2022-12-01,107,1.789
growth_yoy,2023-01-01,107,-2.025
growth_yoy,2023-02-01,107,10.008
growth_yoy,2023-03-01,107,5.521
growth_yoy,2023-04-01,107,-2.86
growth_yoy,2023-05-01,107,8.47
growth_yoy,2023-06-01,107,3.336
growth_yoy,2023-07-01,107,7.091
growth_yoy,2023-08-01,107,0.143
growth_yoy,2023-09-01,107,3.277
growth_yoy,2023-10-01,107,5.383
growth_yoy,2023-11-01,107,6.709
growth_yoy,2023-12-01,107,-1.728
growth_yoy,2024-01-01,107,4.375
growth_yoy,2024-02-01,107,0.247
growth_yoy,2024-03-01,107,3.394
growth_yoy,2024-04-01,107,2.735
growth_yoy,2024-05-01,107,2.484
growth_yoy,2024-06-01,107,5.239
growth_yoy,2024-07-01,107,8.336
growth_yoy,2024-08-01,107,10.943
growth_yoy,2024-09-01,107,8.408
growth_yoy,2024-10-01,107,9.555
growth_yoy,2024-11-01,107,12.956
growth_yoy,2024-12-01,107,12.39
growth_yoy,2025-01-01,107,11.332
growth_yoy,2025-02-01,107,12.446
growth_yoy,2025-03-01,107,12.198
growth_yoy,2025-04-01,107,13.363
growth_yoy,2025-05-01,107,12.232
growth_yoy,2025-06-01,107,13.8
growth_yoy,2025-07-01,107,11.479
growth_yoy,2025-08-01,107,11.323
growth_yoy,2025-09-01,107,11.009
growth_yoy,2025-10-01,107,10.878
growth_yoy,2025-11-01,107,12.36
growth_yoy,2025-12-01,107,7.87
growth_yoy,2026-01-01,107,7.746
growth_yoy,2026-02-01,107,5.383
growth_yoy,2026-03-01,107,5.344
growth_yoy,2026-04-01,107,7.917
growth_yoy,2026-05-01,107,6.68
growth_yoy,2026-06-01,107,9.223
growth_mom,2015-02-01,107,-15.415
growth_mom,2015-03-01,107,4.96
growth_mom,2015-04-01,107,2.141
growth_mom,2015-05-01,107,-1.404
growth_mom,2015-06-01,107,-2.781
growth_mom,2015-07-01,107,1.86
growth_mom,2015-08-01,107,0.485
growth_mom,2015-09-01,107,8.644
growth_mom,2015-10-01,107,3.59
growth_mom,2015-11-01,107,0.293
growth_mom,2015-12-01,107,5.635
growth_mom,2016-01-01,107,-2.706
growth_mom,2016-02-01,107,-12.181
growth_mom,2016-03-01,107,7.449
growth_mom,2016-04-01,107,5.404
growth_mom,2016-05-01,107,0.163
growth_mom,2016-06-01,107,-1.694
growth_mom,2016-07-01,107,-2.897
growth_mom,2016-08-01,107,3.013
growth_mom,2016-09-01,107,-0.349
growth_mom,2016-10-01,107,4.434
growth_mom,2016-11-01,107,-1.713
growth_mom,2016-12-01,107,4.732
growth_mom,2017-01-01,107,-0.388
growth_mom,2017-02-01,107,-8.414
growth_mom,2017-03-01,107,8.176
growth_mom,2017-04-01,107,-0.622
growth_mom,2017-05-01,107,3.147
growth_mom,2017-06-01,107,-2.702
growth_mom,2017-07-01,107,-0.566
growth_mom,2017-08-01,107,2.109
growth_mom,2017-09-01,107,-3.522
growth_mom,2017-10-01,107,2.706
growth_mom,2017-11-01,107,-3.646
growth_mom,2017-12-01,107,0.348
growth_mom,2018-01-01,107,9.674
growth_mom,2018-02-01,107,-5.948
growth_mom,2018-03-01,107,-1.945
growth_mom,2018-04-01,107,6.01
growth_mom,2018-05-01,107,0.747
growth_mom,2018-06-01,107,-0.083
growth_mom,2018-07-01,107,9.351
growth_mom,2018-08-01,107,-5.446
growth_mom,2018-09-01,107,-3.122
growth_mom,2018-10-01,107,-2.37
growth_mom,2018-11-01,107,-0.115
growth_mom,2018-12-01,107,2.877
growth_mom,2019-01-01,107,-6.298
growth_mom,2019-02-01,107,-1.7
growth_mom,2019-03-01,107,7.017
growth_mom,2019-04-01,107,3.908
growth_mom,2019-05-01,107,0.943
growth_mom,2019-06-01,107,-3.916
growth_mom,2019-07-01,107,11.607
growth_mom,2019-08-01,107,2.643
growth_mom,2019-09-01,107,-4.498
growth_mom,2019-10-01,107,-6.582
growth_mom,2019-11-01,107,3.681
growth_mom,2019-12-01,107,6.774
growth_mom,2020-01-01,107,-3.209
growth_mom,2020-02-01,107,0.342
growth_mom,2020-03-01,107,-9.164
growth_mom,2020-04-01,107,6.611
growth_mom,2020-05-01,107,3.292
growth_mom,2020-06-01,107,0.016
growth_mom,2020-07-01,107,4.499
growth_mom,2020-08-01,107,-1.736
growth_mom,2020-09-01,107,-1.501
growth_mom,2020-10-01,107,-6.176
growth_mom,2020-11-01,107,-1.587
growth_mom,2020-12-01,107,2.988
growth_mom,2021-01-01,107,3.353
growth_mom,2021-02-01,107,2.978
growth_mom,2021-03-01,107,-1.243
growth_mom,2021-04-01,107,3.748
growth_mom,2021-05-01,107,-1.914
growth_mom,2021-06-01,107,1.498
growth_mom,2021-07-01,107,3.497
growth_mom,2021-08-01,107,-0.169
growth_mom,2021-09-01,107,1.944
growth_mom,2021-10-01,107,-3.603
growth_mom,2021-11-01,107,-0.57
growth_mom,2021-12-01,107,0.09
growth_mom,2022-01-01,107,4.563
growth_mom,2022-02-01,107,-6.012
growth_mom,2022-03-01,107,2.8
growth_mom,2022-04-01,107,3.929
growth_mom,2022-05-01,107,-3.226
growth_mom,2022-06-01,107,4.504
growth_mom,2022-07-01,107,2.488
growth_mom,2022-08-01,107,1.461
growth_mom,2022-09-01,107,0.466
growth_mom,2022-10-01,107,-6.699
growth_mom,2022-11-01,107,-2.116
growth_mom,2022-12-01,107,0.47
growth_mom,2023-01-01,107,0.645
growth_mom,2023-02-01,107,5.532
growth_mom,2023-03-01,107,-1.393
growth_mom,2023-04-01,107,-4.325
growth_mom,2023-05-01,107,8.061
growth_mom,2023-06-01,107,-0.442
growth_mom,2023-07-01,107,6.212
growth_mom,2023-08-01,107,-5.122
growth_mom,2023-09-01,107,3.61
growth_mom,2023-10-01,107,-4.797
growth_mom,2023-11-01,107,-0.884
growth_mom,2023-12-01,107,-7.474
growth_mom,2024-01-01,107,6.897
growth_mom,2024-02-01,107,1.358
growth_mom,2024-03-01,107,1.701
growth_mom,2024-04-01,107,-4.935
growth_mom,2024-05-01,107,7.797
growth_mom,2024-06-01,107,2.234
growth_mom,2024-07-01,107,9.338
growth_mom,2024-08-01,107,-2.838
growth_mom,2024-09-01,107,1.242
growth_mom,2024-10-01,107,-3.789
growth_mom,2024-11-01,107,2.193
growth_mom,2024-12-01,107,-7.937
growth_mom,2025-01-01,107,5.89
growth_mom,2025-02-01,107,2.372
growth_mom,2025-03-01,107,1.477
growth_mom,2025-04-01,107,-3.948
growth_mom,2025-05-01,107,6.721
growth_mom,2025-06-01,107,3.662
growth_mom,2025-07-01,107,7.108
growth_mom,2025-08-01,107,-2.974
growth_mom,2025-09-01,107,0.956
growth_mom,2025-10-01,107,-3.902
growth_mom,2025-11-01,107,3.558
growth_mom,2025-12-01,107,-11.615
growth_mom,2026-01-01,107,5.768
growth_mom,2026-02-01,107,0.127
growth_mom,2026-03-01,107,1.44
growth_mom,2026-04-01,107,-1.601
growth_mom,2026-05-01,107,5.498
growth_mom,2026-06-01,107,6.133
abs,2015-01-01,108,99.161
abs,2015-02-01,108,94.58
abs,2015-03-01,108,89.283
abs,2015-04-01,108,93.214
abs,2015-05-01,108,111.237
abs,2015-06-01,108,118.341
abs,2015-07-01,108,101.878
abs,2015-08-01,108,104.761
abs,2015-09-01,108,104.501
abs,2015-10-01,108,88.288
abs,2015-11-01,108,94.938
abs,2015-12-01,108,99.818
abs,2016-01-01,108,101.297
abs,2016-02-01,108,99.202
abs,2016-03-01,108,95.771
abs,2016-04-01,108,84.991
abs,2016-05-01,108,103.303
abs,2016-06-01,108,107.102
abs,2016-07-01,108,103.874
abs,2016-08-01,108,101.285
abs,2016-09-01,108,101.813
abs,2016-10-01,108,90.017
abs,2016-11-01,108,105.201
abs,2016-12-01,108,106.681
abs,2017-01-01,108,116.248
abs,2017-02-01,108,115.709
abs,2017-03-01,108,99.878
abs,2017-04-01,108,99.261
abs,2017-05-01,108,117.471
abs,2017-06-01,108,114.414
abs,2017-07-01,108,126.208
abs,2017-08-01,108,111.266
abs,2017-09-01,108,110.874
abs,2017-10-01,108,96.662
abs,2017-11-01,108,113.868
abs,2017-12-01,108,115.226
abs,2018-01-01,108,121.958
abs,2018-02-01,108,112.613
abs,2018-03-01,108,122.282
abs,2018-04-01,108,127.494
abs,2018-05-01,108,131.885
abs,2018-06-01,108,129.555
abs,2018-07-01,108,153.243
abs,2018-08-01,108,143.577
abs,2018-09-01,108,126.627
abs,2018-10-01,108,123.257
abs,2018-11-01,108,118.328
abs,2018-12-01,108,133.453
abs,2019-01-01,108,129.355
abs,2019-02-01,108,121.88
abs,2019-03-01,108,127.577
abs,2019-04-01,108,140.333
abs,2019-05-01,108,143.679
abs,2019-06-01,108,153.966
abs,2019-07-01,108,158.266
abs,2019-08-01,108,156.03
abs,2019-09-01,108,159.496
abs,2019-10-01,108,133.0
abs,2019-11-01,108,129.534
abs,2019-12-01,108,138.088
abs,2020-01-01,108,140.05
abs,2020-02-01,108,119.282
abs,2020-03-01,108,118.547
abs,2020-04-01,108,121.041
abs,2020-05-01,108,141.261
abs,2020-06-01,108,152.559
abs,2020-07-01,108,175.604
abs,2020-08-01,108,187.64
abs,2020-09-01,108,206.881
abs,2020-10-01,108,161.472
abs,2020-11-01,108,134.433
abs,2020-12-01,108,184.999
abs,2021-01-01,108,174.11
abs,2021-02-01,108,153.673
abs,2021-03-01,108,158.139
abs,2021-04-01,108,167.792
abs,2021-05-01,108,174.117
abs,2021-06-01,108,165.357
abs,2021-07-01,108,209.311
abs,2021-08-01,108,241.415
abs,2021-09-01,108,235.575
abs,2021-10-01,108,179.463
abs,2021-11-01,108,183.301
abs,2021-12-01,108,216.463
abs,2022-01-01,108,217.232
abs,2022-02-01,108,187.719
abs,2022-03-01,108,197.034
abs,2022-04-01,108,205.611
abs,2022-05-01,108,208.976
abs,2022-06-01,108,204.926
abs,2022-07-01,108,234.803
abs,2022-08-01,108,252.888
abs,2022-09-01,108,245.082
abs,2022-10-01,108,197.033
abs,2022-11-01,108,212.252
abs,2022-12-01,108,255.362
abs,2023-01-01,108,233.04
abs,2023-02-01,108,195.947
abs,2023-03-01,108,221.147
abs,2023-04-01,108,258.751
abs,2023-05-01,108,270.397
abs,2023-06-01,108,237.804
abs,2023-07-01,108,277.818
abs,2023-08-01,108,307.818
abs,2023-09-01,108,287.488
abs,2023-10-01,108,238.244
abs,2023-11-01,108,255.493
abs,2023-12-01,108,281.929
abs,2024-01-01,108,259.9
abs,2024-02-01,108,214.379
abs,2024-03-01,108,247.396
abs,2024-04-01,108,284.229
abs,2024-05-01,108,284.926
abs,2024-06-01,108,246.641
abs,2024-07-01,108,276.805
abs,2024-08-01,108,300.841
abs,2024-09-01,108,296.219
abs,2024-10-01,108,243.992
abs,2024-11-01,108,259.966
abs,2024-12-01,108,319.319
abs,2025-01-01,108,291.237
abs,2025-02-01,108,239.209
abs,2025-03-01,108,266.22
abs,2025-04-01,108,303.299
abs,2025-05-01,108,329.335
abs,2025-06-01,108,281.08
abs,2025-07-01,108,327.013
abs,2025-08-01,108,361.251
abs,2025-09-01,108,363.06
abs,2025-10-01,108,294.602
abs,2025-11-01,108,323.703
abs,2025-12-01,108,409.402
abs,2026-01-01,108,391.885
abs,2026-02-01,108,325.915
abs,2026-03-01,108,344.326
abs,2026-04-01,108,383.114
abs,2026-05-01,108,368.858
abs,2026-06-01,108,322.441
growth_yoy,2016-01-01,108,2.154
growth_yoy,2016-02-01,108,4.887
growth_yoy,2016-03-01,108,7.267
growth_yoy,2016-04-01,108,-8.822
growth_yoy,2016-05-01,108,-7.133
growth_yoy,2016-06-01,108,-9.497
growth_yoy,2016-07-01,108,1.96
growth_yoy,2016-08-01,108,-3.318
growth_yoy,2016-09-01,108,-2.573
growth_yoy,2016-10-01,108,1.959
growth_yoy,2016-11-01,108,10.81
growth_yoy,2016-12-01,108,6.875
growth_yoy,2017-01-01,108,14.76
growth_yoy,2017-02-01,108,16.64
growth_yoy,2017-03-01,108,4.288
growth_yoy,2017-04-01,108,16.79
growth_yoy,2017-05-01,108,13.715
growth_yoy,2017-06-01,108,6.827
growth_yoy,2017-07-01,108,21.501
growth_yoy,2017-08-01,108,9.854
growth_yoy,2017-09-01,108,8.9
growth_yoy,2017-10-01,108,7.382
growth_yoy,2017-11-01,108,8.239
growth_yoy,2017-12-01,108,8.01
growth_yoy,2018-01-01,108,4.912
growth_yoy,2018-02-01,108,-2.676
growth_yoy,2018-03-01,108,22.432
growth_yoy,2018-04-01,108,28.443
growth_yoy,2018-05-01,108,12.27
growth_yoy,2018-06-01,108,13.233
growth_yoy,2018-07-01,108,21.421
growth_yoy,2018-08-01,108,29.04
growth_yoy,2018-09-01,108,14.208
growth_yoy,2018-10-01,108,27.513
growth_yoy,2018-11-01,108,3.917
growth_yoy,2018-12-01,108,15.818
growth_yoy,2019-01-01,108,6.065
growth_yoy,2019-02-01,108,8.229
growth_yoy,2019-03-01,108,4.33
growth_yoy,2019-04-01,108,10.07
growth_yoy,2019-05-01,108,8.943
growth_yoy,2019-06-01,108,18.843
growth_yoy,2019-07-01,108,3.278
growth_yoy,2019-08-01,108,8.673
growth_yoy,2019-09-01,108,25.958
growth_yoy,2019-10-01,108,7.905
growth_yoy,2019-11-01,108,9.47
growth_yoy,2019-12-01,108,3.474
growth_yoy,2020-01-01,108,8.268
growth_yoy,2020-02-01,108,-2.131
growth_yoy,2020-03-01,108,-7.078
growth_yoy,2020-04-01,108,-13.747
growth_yoy,2020-05-01,108,-1.683
growth_yoy,2020-06-01,108,-0.914
growth_yoy,2020-07-01,108,10.955
growth_yoy,2020-08-01,108,20.259
growth_yoy,2020-09-01,108,29.709
growth_yoy,2020-10-01,108,21.408
growth_yoy,2020-11-01,108,3.782
growth_yoy,2020-12-01,108,33.971
growth_yoy,2021-01-01,108,24.319
growth_yoy,2021-02-01,108,28.832
growth_yoy,2021-03-01,108,33.398
growth_yoy,2021-04-01,108,38.624
growth_yoy,2021-05-01,108,23.259
growth_yoy,2021-06-01,108,8.389
growth_yoy,2021-07-01,108,19.195
growth_yoy,2021-08-01,108,28.659
growth_yoy,2021-09-01,108,13.87
growth_yoy,2021-10-01,108,11.142
growth_yoy,2021-11-01,108,36.352
growth_yoy,2021-12-01,108,17.008
growth_yoy,2022-01-01,108,24.767
growth_yoy,2022-02-01,108,22.155
growth_yoy,2022-03-01,108,24.595
growth_yoy,2022-04-01,108,22.539
growth_yoy,2022-05-01,108,20.021
growth_yoy,2022-06-01,108,23.93
growth_yoy,2022-07-01,108,12.179
growth_yoy,2022-08-01,108,4.752
growth_yoy,2022-09-01,108,4.036
growth_yoy,2022-10-01,108,9.79
growth_yoy,2022-11-01,108,15.794
growth_yoy,2022-12-01,108,17.971
growth_yoy,2023-01-01,108,7.277
growth_yoy,2023-02-01,108,4.383
growth_yoy,2023-03-01,108,12.238
growth_yoy,2023-04-01,108,25.845
growth_yoy,2023-05-01,108,29.391
growth_yoy,2023-06-01,108,16.044
growth_yoy,2023-07-01,108,18.319
growth_yoy,2023-08-01,108,21.721
growth_yoy,2023-09-01,108,17.303
growth_yoy,2023-10-01,108,20.916
growth_yoy,2023-11-01,108,20.372
growth_yoy,2023-12-01,108,10.404
growth_yoy,2024-01-01,108,11.526
growth_yoy,2024-02-01,108,9.407
growth_yoy,2024-03-01,108,11.869
growth_yoy,2024-04-01,108,9.846
growth_yoy,2024-05-01,108,5.373
growth_yoy,2024-06-01,108,3.716
growth_yoy,2024-07-01,108,-0.364
growth_yoy,2024-08-01,108,-2.266
growth_yoy,2024-09-01,108,3.037
growth_yoy,2024-10-01,108,2.413
growth_yoy,2024-11-01,108,1.751
growth_yoy,2024-12-01,108,13.262
growth_yoy,2025-01-01,108,12.057
growth_yoy,2025-02-01,108,11.582
growth_yoy,2025-03-01,108,7.609
growth_yoy,2025-04-01,108,6.709
growth_yoy,2025-05-01,108,15.586
growth_yoy,2025-06-01,108,13.963
growth_yoy,2025-07-01,108,18.138
growth_yoy,2025-08-01,108,20.08
growth_yoy,2025-09-01,108,22.565
growth_yoy,2025-10-01,108,20.742
growth_yoy,2025-11-01,108,24.517
growth_yoy,2025-12-01,108,28.211
growth_yoy,2026-01-01,108,34.559
growth_yoy,2026-02-01,108,36.247
growth_yoy,2026-03-01,108,29.339
growth_yoy,2026-04-01,108,26.316
growth_yoy,2026-05-01,108,12.001
growth_yoy,2026-06-01,108,14.715
growth_mom,2015-02-01,108,-4.62
growth_mom,2015-03-01,108,-5.6
growth_mom,2015-04-01,108,4.403
growth_mom,2015-05-01,108,19.335
growth_mom,2015-06-01,108,6.386
growth_mom,2015-07-01,108,-13.911
growth_mom,2015-08-01,108,2.83
growth_mom,2015-09-01,108,-0.248
growth_mom,2015-10-01,108,-15.516
growth_mom,2015-11-01,108,7.533
growth_mom,2015-12-01,108,5.14
growth_mom,2016-01-01,108,1.482
growth_mom,2016-02-01,108,-2.068
growth_mom,2016-03-01,108,-3.459
growth_mom,2016-04-01,108,-11.256
growth_mom,2016-05-01,108,21.546
growth_mom,2016-06-01,108,3.678
growth_mom,2016-07-01,108,-3.014
growth_mom,2016-08-01,108,-2.492
growth_mom,2016-09-01,108,0.521
growth_mom,2016-10-01,108,-11.586
growth_mom,2016-11-01,108,16.868
growth_mom,2016-12-01,108,1.407
growth_mom,2017-01-01,108,8.968
growth_mom,2017-02-01,108,-0.464
growth_mom,2017-03-01,108,-13.682
growth_mom,2017-04-01,108,-0.618
growth_mom,2017-05-01,108,18.346
growth_mom,2017-06-01,108,-2.602
growth_mom,2017-07-01,108,10.308
growth_mom,2017-08-01,108,-11.839
growth_mom,2017-09-01,108,-0.352
growth_mom,2017-10-01,108,-12.818
growth_mom,2017-11-01,108,17.801
growth_mom,2017-12-01,108,1.192
growth_mom,2018-01-01,108,5.842
growth_mom,2018-02-01,108,-7.662
growth_mom,2018-03-01,108,8.587
growth_mom,2018-04-01,108,4.262
growth_mom,2018-05-01,108,3.444
growth_mom,2018-06-01,108,-1.767
growth_mom,2018-07-01,108,18.284
growth_mom,2018-08-01,108,-6.307
growth_mom,2018-09-01,108,-11.806
growth_mom,2018-10-01,108,-2.662
growth_mom,2018-11-01,108,-3.999
growth_mom,2018-12-01,108,12.782
growth_mom,2019-01-01,108,-3.071
growth_mom,2019-02-01,108,-5.779
growth_mom,2019-03-01,108,4.674
growth_mom,2019-04-01,108,9.999
growth_mom,2019-05-01,108,2.385
growth_mom,2019-06-01,108,7.16
growth_mom,2019-07-01,108,2.793
growth_mom,2019-08-01,108,-1.413
growth_mom,2019-09-01,108,2.222
growth_mom,2019-10-01,108,-16.613
growth_mom,2019-11-01,108,-2.606
growth_mom,2019-12-01,108,6.604
growth_mom,2020-01-01,108,1.421
growth_mom,2020-02-01,108,-14.829
growth_mom,2020-03-01,108,-0.617
growth_mom,2020-04-01,108,2.104
growth_mom,2020-05-01,108,16.705
growth_mom,2020-06-01,108,7.998
growth_mom,2020-07-01,108,15.106
growth_mom,2020-08-01,108,6.854
growth_mom,2020-09-01,108,10.254
growth_mom,2020-10-01,108,-21.949
growth_mom,2020-11-01,108,-16.745
growth_mom,2020-12-01,108,37.614
growth_mom,2021-01-01,108,-5.886
growth_mom,2021-02-01,108,-11.738
growth_mom,2021-03-01,108,2.906
growth_mom,2021-04-01,108,6.104
growth_mom,2021-05-01,108,3.769
growth_mom,2021-06-01,108,-5.031
growth_mom,2021-07-01,108,26.581
growth_mom,2021-08-01,108,15.338
growth_mom,2021-09-01,108,-2.419
growth_mom,2021-10-01,108,-23.819
growth_mom,2021-11-01,108,2.139
growth_mom,2021-12-01,108,18.091
growth_mom,2022-01-01,108,0.355
growth_mom,2022-02-01,108,-13.586
growth_mom,2022-03-01,108,4.962
growth_mom,2022-04-01,108,4.353
growth_mom,2022-05-01,108,1.637
growth_mom,2022-06-01,108,-1.938
growth_mom,2022-07-01,108,14.579
growth_mom,2022-08-01,108,7.702
growth_mom,2022-09-01,108,-3.086
growth_mom,2022-10-01,108,-19.606
growth_mom,2022-11-01,108,7.724
growth_mom,2022-12-01,108,20.311
growth_mom,2023-01-01,108,-8.741
growth_mom,2023-02-01,108,-15.917
growth_mom,2023-03-01,108,12.861
growth_mom,2023-04-01,108,17.004
growth_mom,2023-05-01,108,4.501
growth_mom,2023-06-01,108,-12.054
growth_mom,2023-07-01,108,16.826
growth_mom,2023-08-01,108,10.799
growth_mom,2023-09-01,108,-6.604
growth_mom,2023-10-01,108,-17.129
growth_mom,2023-11-01,108,7.24
growth_mom,2023-12-01,108,10.347
growth_mom,2024-01-01,108,-7.814
growth_mom,2024-02-01,108,-17.515
growth_mom,2024-03-01,108,15.401
growth_mom,2024-04-01,108,14.888
growth_mom,2024-05-01,108,0.245
growth_mom,2024-06-01,108,-13.437
growth_mom,2024-07-01,108,12.23
growth_mom,2024-08-01,108,8.684
growth_mom,2024-09-01,108,-1.537
growth_mom,2024-10-01,108,-17.631
growth_mom,2024-11-01,108,6.547
growth_mom,2024-12-01,108,22.831
growth_mom,2025-01-01,108,-8.794
growth_mom,2025-02-01,108,-17.864
growth_mom,2025-03-01,108,11.292
growth_mom,2025-04-01,108,13.928
growth_mom,2025-05-01,108,8.584
growth_mom,2025-06-01,108,-14.652
growth_mom,2025-07-01,108,16.342
growth_mom,2025-08-01,108,10.47
growth_mom,2025-09-01,108,0.501
growth_mom,2025-10-01,108,-18.856
growth_mom,2025-11-01,108,9.878
growth_mom,2025-12-01,108,26.475
growth_mom,2026-01-01,108,-4.279
growth_mom,2026-02-01,108,-16.834
growth_mom,2026-03-01,108,5.649
growth_mom,2026-04-01,108,11.265
growth_mom,2026-05-01,108,-3.721
growth_mom,2026-06-01,108,-12.584
abs,2015-01-01,110,96.593
abs,2015-02-01,110,79.891
abs,2015-03-01,110,92.564
abs,2015-04-01,110,98.172
abs,2015-05-01,110,100.548
abs,2015-06-01,110,104.822
abs,2015-07-01,110,102.203
abs,2015-08-01,110,97.629
abs,2015-09-01,110,100.758
abs,2015-10-01,110,106.207
abs,2015-11-01,110,107.998
abs,2015-12-01,110,112.614
abs,2016-01-01,110,109.776
abs,2016-02-01,110,87.404
abs,2016-03-01,110,94.655
abs,2016-04-01,110,102.085
abs,2016-05-01,110,110.062
abs,2016-06-01,110,118.283
abs,2016-07-01,110,111.125
abs,2016-08-01,110,110.0
abs,2016-09-01,110,114.451
abs,2016-10-01,110,119.5
abs,2016-11-01,110,118.692
abs,2016-12-01,110,123.314
abs,2017-01-01,110,115.58
abs,2017-02-01,110,102.355
abs,2017-03-01,110,112.349
abs,2017-04-01,110,111.834
abs,2017-05-01,110,123.028
abs,2017-06-01,110,127.426
abs,2017-07-01,110,120.653
abs,2017-08-01,110,122.276
abs,2017-09-01,110,120.999
abs,2017-10-01,110,127.449
abs,2017-11-01,110,126.359
abs,2017-12-01,110,129.082
abs,2018-01-01,110,119.058
abs,2018-02-01,110,104.277
abs,2018-03-01,110,114.985
abs,2018-04-01,110,120.485
abs,2018-05-01,110,127.967
abs,2018-06-01,110,132.612
abs,2018-07-01,110,125.199
abs,2018-08-01,110,126.472
abs,2018-09-01,110,126.166
abs,2018-10-01,110,128.795
abs,2018-11-01,110,127.568
abs,2018-12-01,110,130.768
abs,2019-01-01,110,121.821
abs,2019-02-01,110,107.152
abs,2019-03-01,110,116.113
abs,2019-04-01,110,124.074
abs,2019-05-01,110,132.424
abs,2019-06-01,110,136.656
abs,2019-07-01,110,128.615
abs,2019-08-01,110,134.067
abs,2019-09-01,110,126.624
abs,2019-10-01,110,128.922
abs,2019-11-01,110,133.965
abs,2019-12-01,110,135.608
abs,2020-01-01,110,123.08
abs,2020-02-01,110,112.595
abs,2020-03-01,110,106.774
abs,2020-04-01,110,66.712
abs,2020-05-01,110,78.854
abs,2020-06-01,110,97.508
abs,2020-07-01,110,110.947
abs,2020-08-01,110,120.126
abs,2020-09-01,110,119.532
abs,2020-10-01,110,119.582
abs,2020-11-01,110,118.237
abs,2020-12-01,110,130.619
abs,2021-01-01,110,120.128
abs,2021-02-01,110,111.908
abs,2021-03-01,110,116.736
abs,2021-04-01,110,136.063
abs,2021-05-01,110,117.92
abs,2021-06-01,110,82.992
abs,2021-07-01,110,87.995
abs,2021-08-01,110,119.987
abs,2021-09-01,110,127.112
abs,2021-10-01,110,137.123
abs,2021-11-01,110,132.938
abs,2021-12-01,110,142.393
abs,2022-01-01,110,129.359
abs,2022-02-01,110,120.975
abs,2022-03-01,110,124.995
abs,2022-04-01,110,150.621
abs,2022-05-01,110,129.584
abs,2022-06-01,110,132.749
abs,2022-07-01,110,132.765
abs,2022-08-01,110,137.849
abs,2022-09-01,110,142.121
abs,2022-10-01,110,138.657
abs,2022-11-01,110,140.116
abs,2022-12-01,110,143.442
abs,2023-01-01,110,127.233
abs,2023-02-01,110,118.172
abs,2023-03-01,110,124.157
abs,2023-04-01,110,142.38
abs,2023-05-01,110,143.938
abs,2023-06-01,110,134.9
abs,2023-07-01,110,135.297
abs,2023-08-01,110,138.19
abs,2023-09-01,110,142.969
abs,2023-10-01,110,145.619
abs,2023-11-01,110,146.222
abs,2023-12-01,110,152.996
abs,2024-01-01,110,136.389
abs,2024-02-01,110,122.639
abs,2024-03-01,110,131.898
abs,2024-04-01,110,150.314
abs,2024-05-01,110,150.685
abs,2024-06-01,110,145.551
abs,2024-07-01,110,144.411
abs,2024-08-01,110,148.412
abs,2024-09-01,110,153.07
abs,2024-10-01,110,152.598
abs,2024-11-01,110,160.523
abs,2024-12-01,110,171.025
abs,2025-01-01,110,143.182
abs,2025-02-01,110,130.202
abs,2025-03-01,110,140.153
abs,2025-04-01,110,159.41
abs,2025-05-01,110,161.471
abs,2025-06-01,110,160.682
abs,2025-07-01,110,160.86
abs,2025-08-01,110,167.839
abs,2025-09-01,110,175.056
abs,2025-10-01,110,176.811
abs,2025-11-01,110,177.026
abs,2025-12-01,110,184.863
abs,2026-01-01,110,159.569
abs,2026-02-01,110,144.678
abs,2026-03-01,110,152.93
abs,2026-04-01,110,179.12
abs,2026-05-01,110,170.164
abs,2026-06-01,110,170.401
growth_yoy,2016-01-01,110,13.647
growth_yoy,2016-02-01,110,9.405
growth_yoy,2016-03-01,110,2.26
growth_yoy,2016-04-01,110,3.985
growth_yoy,2016-05-01,110,9.463
growth_yoy,2016-06-01,110,12.841
growth_yoy,2016-07-01,110,8.73
growth_yoy,2016-08-01,110,12.671
growth_yoy,2016-09-01,110,13.59
growth_yoy,2016-10-01,110,12.516
growth_yoy,2016-11-01,110,9.902
growth_yoy,2016-12-01,110,9.501
growth_yoy,2017-01-01,110,5.287
growth_yoy,2017-02-01,110,17.105
growth_yoy,2017-03-01,110,18.692
growth_yoy,2017-04-01,110,9.55
growth_yoy,2017-05-01,110,11.78
growth_yoy,2017-06-01,110,7.73
growth_yoy,2017-07-01,110,8.574
growth_yoy,2017-08-01,110,11.16
growth_yoy,2017-09-01,110,5.722
growth_yoy,2017-10-01,110,6.652
growth_yoy,2017-11-01,110,6.46
growth_yoy,2017-12-01,110,4.678
growth_yoy,2018-01-01,110,3.009
growth_yoy,2018-02-01,110,1.878
growth_yoy,2018-03-01,110,2.347
growth_yoy,2018-04-01,110,7.735
growth_yoy,2018-05-01,110,4.014
growth_yoy,2018-06-01,110,4.07
growth_yoy,2018-07-01,110,3.768
growth_yoy,2018-08-01,110,3.431
growth_yoy,2018-09-01,110,4.27
growth_yoy,2018-10-01,110,1.056
growth_yoy,2018-11-01,110,0.956
growth_yoy,2018-12-01,110,1.306
growth_yoy,2019-01-01,110,2.321
growth_yoy,2019-02-01,110,2.757
growth_yoy,2019-03-01,110,0.981
growth_yoy,2019-04-01,110,2.979
growth_yoy,2019-05-01,110,3.483
growth_yoy,2019-06-01,110,3.05
growth_yoy,2019-07-01,110,2.729
growth_yoy,2019-08-01,110,6.005
growth_yoy,2019-09-01,110,0.363
growth_yoy,2019-10-01,110,0.099
growth_yoy,2019-11-01,110,5.015
growth_yoy,2019-12-01,110,3.701
growth_yoy,2020-01-01,110,1.033
growth_yoy,2020-02-01,110,5.08
growth_yoy,2020-03-01,110,-8.043
growth_yoy,2020-04-01,110,-46.232
growth_yoy,2020-05-01,110,-40.453
growth_yoy,2020-06-01,110,-28.648
growth_yoy,2020-07-01,110,-13.738
growth_yoy,2020-08-01,110,-10.398
growth_yoy,2020-09-01,110,-5.601
growth_yoy,2020-10-01,110,-7.245
growth_yoy,2020-11-01,110,-11.74
growth_yoy,2020-12-01,110,-3.679
growth_yoy,2021-01-01,110,-2.399
growth_yoy,2021-02-01,110,-0.61
growth_yoy,2021-03-01,110,9.33
growth_yoy,2021-04-01,110,103.956
growth_yoy,2021-05-01,110,49.542
growth_yoy,2021-06-01,110,-14.887
growth_yoy,2021-07-01,110,-20.687
growth_yoy,2021-08-01,110,-0.116
growth_yoy,2021-09-01,110,6.342
growth_yoy,2021-10-01,110,14.669
growth_yoy,2021-11-01,110,12.434
growth_yoy,2021-12-01,110,9.013
growth_yoy,2022-01-01,110,7.685
growth_yoy,2022-02-01,110,8.103
growth_yoy,2022-03-01,110,7.075
growth_yoy,2022-04-01,110,10.7
growth_yoy,2022-05-01,110,9.891
growth_yoy,2022-06-01,110,59.954
growth_yoy,2022-07-01,110,50.879
growth_yoy,2022-08-01,110,14.886
growth_yoy,2022-09-01,110,11.808
growth_yoy,2022-10-01,110,1.119
growth_yoy,2022-11-01,110,5.399
growth_yoy,2022-12-01,110,0.737
growth_yoy,2023-01-01,110,-1.643
growth_yoy,2023-02-01,110,-2.317
growth_yoy,2023-03-01,110,-0.671
growth_yoy,2023-04-01,110,-5.472
growth_yoy,2023-05-01,110,11.077
growth_yoy,2023-06-01,110,1.62
growth_yoy,2023-07-01,110,1.907
growth_yoy,2023-08-01,110,0.248
growth_yoy,2023-09-01,110,0.596
growth_yoy,2023-10-01,110,5.021
growth_yoy,2023-11-01,110,4.358
growth_yoy,2023-12-01,110,6.661
growth_yoy,2024-01-01,110,7.196
growth_yoy,2024-02-01,110,3.78
growth_yoy,2024-03-01,110,6.235
growth_yoy,2024-04-01,110,5.572
growth_yoy,2024-05-01,110,4.688
growth_yoy,2024-06-01,110,7.895
growth_yoy,2024-07-01,110,6.736
growth_yoy,2024-08-01,110,7.397
growth_yoy,2024-09-01,110,7.066
growth_yoy,2024-10-01,110,4.793
growth_yoy,2024-11-01,110,9.78
growth_yoy,2024-12-01,110,11.784
growth_yoy,2025-01-01,110,4.98
growth_yoy,2025-02-01,110,6.167
growth_yoy,2025-03-01,110,6.259
growth_yoy,2025-04-01,110,6.052
growth_yoy,2025-05-01,110,7.158
growth_yoy,2025-06-01,110,10.396
growth_yoy,2025-07-01,110,11.39
growth_yoy,2025-08-01,110,13.09
growth_yoy,2025-09-01,110,14.363
growth_yoy,2025-10-01,110,15.867
growth_yoy,2025-11-01,110,10.281
growth_yoy,2025-12-01,110,8.091
growth_yoy,2026-01-01,110,11.445
growth_yoy,2026-02-01,110,11.118
growth_yoy,2026-03-01,110,9.116
growth_yoy,2026-04-01,110,12.364
growth_yoy,2026-05-01,110,5.384
growth_yoy,2026-06-01,110,6.049
growth_mom,2015-02-01,110,-17.292
growth_mom,2015-03-01,110,15.863
growth_mom,2015-04-01,110,6.059
growth_mom,2015-05-01,110,2.42
growth_mom,2015-06-01,110,4.251
growth_mom,2015-07-01,110,-2.499
growth_mom,2015-08-01,110,-4.475
growth_mom,2015-09-01,110,3.205
growth_mom,2015-10-01,110,5.408
growth_mom,2015-11-01,110,1.686
growth_mom,2015-12-01,110,4.274
growth_mom,2016-01-01,110,-2.52
growth_mom,2016-02-01,110,-20.38
growth_mom,2016-03-01,110,8.297
growth_mom,2016-04-01,110,7.849
growth_mom,2016-05-01,110,7.815
growth_mom,2016-06-01,110,7.469
growth_mom,2016-07-01,110,-6.051
growth_mom,2016-08-01,110,-1.012
growth_mom,2016-09-01,110,4.046
growth_mom,2016-10-01,110,4.412
growth_mom,2016-11-01,110,-0.676
growth_mom,2016-12-01,110,3.894
growth_mom,2017-01-01,110,-6.272
growth_mom,2017-02-01,110,-11.442
growth_mom,2017-03-01,110,9.764
growth_mom,2017-04-01,110,-0.458
growth_mom,2017-05-01,110,10.009
growth_mom,2017-06-01,110,3.575
growth_mom,2017-07-01,110,-5.316
growth_mom,2017-08-01,110,1.346
growth_mom,2017-09-01,110,-1.045
growth_mom,2017-10-01,110,5.33
growth_mom,2017-11-01,110,-0.855
growth_mom,2017-12-01,110,2.155
growth_mom,2018-01-01,110,-7.766
growth_mom,2018-02-01,110,-12.415
growth_mom,2018-03-01,110,10.269
growth_mom,2018-04-01,110,4.783
growth_mom,2018-05-01,110,6.21
growth_mom,2018-06-01,110,3.63
growth_mom,2018-07-01,110,-5.59
growth_mom,2018-08-01,110,1.017
growth_mom,2018-09-01,110,-0.242
growth_mom,2018-10-01,110,2.084
growth_mom,2018-11-01,110,-0.953
growth_mom,2018-12-01,110,2.509
growth_mom,2019-01-01,110,-6.842
growth_mom,2019-02-01,110,-12.042
growth_mom,2019-03-01,110,8.363
growth_mom,2019-04-01,110,6.856
growth_mom,2019-05-01,110,6.73
growth_mom,2019-06-01,110,3.196
growth_mom,2019-07-01,110,-5.884
growth_mom,2019-08-01,110,4.238
growth_mom,2019-09-01,110,-5.552
growth_mom,2019-10-01,110,1.815
growth_mom,2019-11-01,110,3.912
growth_mom,2019-12-01,110,1.226
growth_mom,2020-01-01,110,-9.238
growth_mom,2020-02-01,110,-8.519
growth_mom,2020-03-01,110,-5.17
growth_mom,2020-04-01,110,-37.521
growth_mom,2020-05-01,110,18.201
growth_mom,2020-06-01,110,23.656
growth_mom,2020-07-01,110,13.782
growth_mom,2020-08-01,110,8.274
growth_mom,2020-09-01,110,-0.495
growth_mom,2020-10-01,110,0.042
growth_mom,2020-11-01,110,-1.124
growth_mom,2020-12-01,110,10.473
growth_mom,2021-01-01,110,-8.032
growth_mom,2021-02-01,110,-6.843
growth_mom,2021-03-01,110,4.314
growth_mom,2021-04-01,110,16.556
growth_mom,2021-05-01,110,-13.334
growth_mom,2021-06-01,110,-29.62
growth_mom,2021-07-01,110,6.028
growth_mom,2021-08-01,110,36.358
growth_mom,2021-09-01,110,5.938
growth_mom,2021-10-01,110,7.875
growth_mom,2021-11-01,110,-3.052
growth_mom,2021-12-01,110,7.112
growth_mom,2022-01-01,110,-9.153
growth_mom,2022-02-01,110,-6.481
growth_mom,2022-03-01,110,3.323
growth_mom,2022-04-01,110,20.502
growth_mom,2022-05-01,110,-13.967
growth_mom,2022-06-01,110,2.443
growth_mom,2022-07-01,110,0.012
growth_mom,2022-08-01,110,3.829
growth_mom,2022-09-01,110,3.099
growth_mom,2022-10-01,110,-2.437
growth_mom,2022-11-01,110,1.052
growth_mom,2022-12-01,110,2.374
growth_mom,2023-01-01,110,-11.3
growth_mom,2023-02-01,110,-7.122
growth_mom,2023-03-01,110,5.065
growth_mom,2023-04-01,110,14.677
growth_mom,2023-05-01,110,1.094
growth_mom,2023-06-01,110,-6.279
growth_mom,2023-07-01,110,0.294
growth_mom,2023-08-01,110,2.138
growth_mom,2023-09-01,110,3.458
growth_mom,2023-10-01,110,1.854
growth_mom,2023-11-01,110,0.414
growth_mom,2023-12-01,110,4.633
growth_mom,2024-01-01,110,-10.854
growth_mom,2024-02-01,110,-10.082
growth_mom,2024-03-01,110,7.55
growth_mom,2024-04-01,110,13.962
growth_mom,2024-05-01,110,0.247
growth_mom,2024-06-01,110,-3.408
growth_mom,2024-07-01,110,-0.783
growth_mom,2024-08-01,110,2.771
growth_mom,2024-09-01,110,3.138
growth_mom,2024-10-01,110,-0.308
growth_mom,2024-11-01,110,5.193
growth_mom,2024-12-01,110,6.543
growth_mom,2025-01-01,110,-16.28
growth_mom,2025-02-01,110,-9.066
growth_mom,2025-03-01,110,7.643
growth_mom,2025-04-01,110,13.74
growth_mom,2025-05-01,110,1.293
growth_mom,2025-06-01,110,-0.488
growth_mom,2025-07-01,110,0.11
growth_mom,2025-08-01,110,4.339
growth_mom,2025-09-01,110,4.3
growth_mom,2025-10-01,110,1.003
growth_mom,2025-11-01,110,0.121
growth_mom,2025-12-01,110,4.427
growth_mom,2026-01-01,110,-13.682
growth_mom,2026-02-01,110,-9.332
growth_mom,2026-03-01,110,5.704
growth_mom,2026-04-01,110,17.125
growth_mom,2026-05-01,110,-5.0
growth_mom,2026-06-01,110,0.139
abs,2015-01-01,120,98.093
abs,2015-02-01,120,99.136
abs,2015-03-01,120,101.326
abs,2015-04-01,120,97.64
abs,2015-05-01,120,101.393
abs,2015-06-01,120,103.541
abs,2015-07-01,120,99.858
abs,2015-08-01,120,108.174
abs,2015-09-01,120,101.269
abs,2015-10-01,120,103.317
abs,2015-11-01,120,90.032
abs,2015-12-01,120,96.221
abs,2016-01-01,120,106.866
abs,2016-02-01,120,106.774
abs,2016-03-01,120,108.075
abs,2016-04-01,120,103.088
abs,2016-05-01,120,105.062
abs,2016-06-01,120,107.98
abs,2016-07-01,120,101.961
abs,2016-08-01,120,109.947
abs,2016-09-01,120,103.809
abs,2016-10-01,120,95.165
abs,2016-11-01,120,93.117
abs,2016-12-01,120,96.947
abs,2017-01-01,120,109.702
abs,2017-02-01,120,109.32
abs,2017-03-01,120,111.644
abs,2017-04-01,120,105.249
abs,2017-05-01,120,107.728
abs,2017-06-01,120,110.183
abs,2017-07-01,120,104.583
abs,2017-08-01,120,107.456
abs,2017-09-01,120,99.84
abs,2017-10-01,120,95.616
abs,2017-11-01,120,103.674
abs,2017-12-01,120,99.253
abs,2018-01-01,120,110.074
abs,2018-02-01,120,109.528
abs,2018-03-01,120,110.306
abs,2018-04-01,120,106.851
abs,2018-05-01,120,109.588
abs,2018-06-01,120,112.269
abs,2018-07-01,120,107.345
abs,2018-08-01,120,109.902
abs,2018-09-01,120,103.183
abs,2018-10-01,120,100.92
abs,2018-11-01,120,102.068
abs,2018-12-01,120,105.493
abs,2019-01-01,120,117.289
abs,2019-02-01,120,116.937
abs,2019-03-01,120,122.327
abs,2019-04-01,120,115.601
abs,2019-05-01,120,114.735
abs,2019-06-01,120,117.127
abs,2019-07-01,120,111.446
abs,2019-08-01,120,114.648
abs,2019-09-01,120,108.843
abs,2019-10-01,120,104.496
abs,2019-11-01,120,106.185
abs,2019-12-01,120,113.192
abs,2020-01-01,120,115.301
abs,2020-02-01,120,122.236
abs,2020-03-01,120,107.222
abs,2020-04-01,120,2.612
abs,2020-05-01,120,19.831
abs,2020-06-01,120,84.852
abs,2020-07-01,120,117.806
abs,2020-08-01,120,117.092
abs,2020-09-01,120,117.152
abs,2020-10-01,120,109.767
abs,2020-11-01,120,112.169
abs,2020-12-01,120,119.298
abs,2021-01-01,120,122.074
abs,2021-02-01,120,125.48
abs,2021-03-01,120,120.162
abs,2021-04-01,120,106.057
abs,2021-05-01,120,99.394
abs,2021-06-01,120,3.143
abs,2021-07-01,120,2.421
abs,2021-08-01,120,2.384
abs,2021-09-01,120,59.243
abs,2021-10-01,120,118.393
abs,2021-11-01,120,117.947
abs,2021-12-01,120,126.893
abs,2022-01-01,120,123.71
abs,2022-02-01,120,137.073
abs,2022-03-01,120,122.158
abs,2022-04-01,120,118.556
abs,2022-05-01,120,103.97
abs,2022-06-01,120,90.047
abs,2022-07-01,120,67.768
abs,2022-08-01,120,69.459
abs,2022-09-01,120,77.012
abs,2022-10-01,120,85.098
abs,2022-11-01,120,119.86
abs,2022-12-01,120,111.125
abs,2023-01-01,120,147.861
abs,2023-02-01,120,142.368
abs,2023-03-01,120,151.915
abs,2023-04-01,120,126.151
abs,2023-05-01,120,141.624
abs,2023-06-01,120,107.928
abs,2023-07-01,120,79.435
abs,2023-08-01,120,77.881
abs,2023-09-01,120,86.609
abs,2023-10-01,120,93.559
abs,2023-11-01,120,124.353
abs,2023-12-01,120,116.517
abs,2024-01-01,120,154.037
abs,2024-02-01,120,157.526
abs,2024-03-01,120,164.818
abs,2024-04-01,120,137.763
abs,2024-05-01,120,151.918
abs,2024-06-01,120,128.204
abs,2024-07-01,120,98.021
abs,2024-08-01,120,89.767
abs,2024-09-01,120,95.611
abs,2024-10-01,120,101.458
abs,2024-11-01,120,130.891
abs,2024-12-01,120,125.284
abs,2025-01-01,120,156.517
abs,2025-02-01,120,159.77
abs,2025-03-01,120,161.566
abs,2025-04-01,120,136.144
abs,2025-05-01,120,149.986
abs,2025-06-01,120,130.23
abs,2025-07-01,120,99.237
abs,2025-08-01,120,91.01
abs,2025-09-01,120,98.525
abs,2025-10-01,120,102.637
abs,2025-11-01,120,136.583
abs,2025-12-01,120,127.972
abs,2026-01-01,120,161.376
abs,2026-02-01,120,162.778
abs,2026-03-01,120,167.377
abs,2026-04-01,120,142.697
abs,2026-05-01,120,157.861
abs,2026-06-01,120,134.414
growth_yoy,2016-01-01,120,8.944
growth_yoy,2016-02-01,120,7.704
growth_yoy,2016-03-01,120,6.661
growth_yoy,2016-04-01,120,5.58
growth_yoy,2016-05-01,120,3.619
growth_yoy,2016-06-01,120,4.287
growth_yoy,2016-07-01,120,2.106
growth_yoy,2016-08-01,120,1.639
growth_yoy,2016-09-01,120,2.508
growth_yoy,2016-10-01,120,-7.89
growth_yoy,2016-11-01,120,3.426
growth_yoy,2016-12-01,120,0.754
growth_yoy,2017-01-01,120,2.654
growth_yoy,2017-02-01,120,2.384
growth_yoy,2017-03-01,120,3.302
growth_yoy,2017-04-01,120,2.096
growth_yoy,2017-05-01,120,2.538
growth_yoy,2017-06-01,120,2.04
growth_yoy,2017-07-01,120,2.572
growth_yoy,2017-08-01,120,-2.266
growth_yoy,2017-09-01,120,-3.823
growth_yoy,2017-10-01,120,0.474
growth_yoy,2017-11-01,120,11.337
growth_yoy,2017-12-01,120,2.379
growth_yoy,2018-01-01,120,0.34
growth_yoy,2018-02-01,120,0.19
growth_yoy,2018-03-01,120,-1.199
growth_yoy,2018-04-01,120,1.522
growth_yoy,2018-05-01,120,1.727
growth_yoy,2018-06-01,120,1.893
growth_yoy,2018-07-01,120,2.641
growth_yoy,2018-08-01,120,2.276
growth_yoy,2018-09-01,120,3.348
growth_yoy,2018-10-01,120,5.547
growth_yoy,2018-11-01,120,-1.549
growth_yoy,2018-12-01,120,6.287
growth_yoy,2019-01-01,120,6.554
growth_yoy,2019-02-01,120,6.765
growth_yoy,2019-03-01,120,10.898
growth_yoy,2019-04-01,120,8.189
growth_yoy,2019-05-01,120,4.696
growth_yoy,2019-06-01,120,4.327
growth_yoy,2019-07-01,120,3.821
growth_yoy,2019-08-01,120,4.319
growth_yoy,2019-09-01,120,5.485
growth_yoy,2019-10-01,120,3.543
growth_yoy,2019-11-01,120,4.033
growth_yoy,2019-12-01,120,7.298
growth_yoy,2020-01-01,120,-1.695
growth_yoy,2020-02-01,120,4.532
growth_yoy,2020-03-01,120,-12.348
growth_yoy,2020-04-01,120,-97.74
growth_yoy,2020-05-01,120,-82.716
growth_yoy,2020-06-01,120,-27.555
growth_yoy,2020-07-01,120,5.706
growth_yoy,2020-08-01,120,2.132
growth_yoy,2020-09-01,120,7.634
growth_yoy,2020-10-01,120,5.045
growth_yoy,2020-11-01,120,5.636
growth_yoy,2020-12-01,120,5.395
growth_yoy,2021-01-01,120,5.874
growth_yoy,2021-02-01,120,2.654
growth_yoy,2021-03-01,120,12.069
growth_yoy,2021-04-01,120,3960.1
growth_yoy,2021-05-01,120,401.2
growth_yoy,2021-06-01,120,-96.296
growth_yoy,2021-07-01,120,-97.945
growth_yoy,2021-08-01,120,-97.964
growth_yoy,2021-09-01,120,-49.43
growth_yoy,2021-10-01,120,7.858
growth_yoy,2021-11-01,120,5.151
growth_yoy,2021-12-01,120,6.367
growth_yoy,2022-01-01,120,1.34
growth_yoy,2022-02-01,120,9.239
growth_yoy,2022-03-01,120,1.661
growth_yoy,2022-04-01,120,11.785
growth_yoy,2022-05-01,120,4.603
growth_yoy,2022-06-01,120,2765.027
growth_yoy,2022-07-01,120,2699.182
growth_yoy,2022-08-01,120,2813.577
growth_yoy,2022-09-01,120,29.993
growth_yoy,2022-10-01,120,-28.122
growth_yoy,2022-11-01,120,1.622
growth_yoy,2022-12-01,120,-12.427
growth_yoy,2023-01-01,120,19.522
growth_yoy,2023-02-01,120,3.863
growth_yoy,2023-03-01,120,24.359
growth_yoy,2023-04-01,120,6.406
growth_yoy,2023-05-01,120,36.217
growth_yoy,2023-06-01,120,19.857
growth_yoy,2023-07-01,120,17.216
growth_yoy,2023-08-01,120,12.126
growth_yoy,2023-09-01,120,12.462
growth_yoy,2023-10-01,120,9.942
growth_yoy,2023-11-01,120,3.749
growth_yoy,2023-12-01,120,4.853
growth_yoy,2024-01-01,120,4.176
growth_yoy,2024-02-01,120,10.647
growth_yoy,2024-03-01,120,8.494
growth_yoy,2024-04-01,120,9.205
growth_yoy,2024-05-01,120,7.268
growth_yoy,2024-06-01,120,18.786
growth_yoy,2024-07-01,120,23.397
growth_yoy,2024-08-01,120,15.262
growth_yoy,2024-09-01,120,10.394
growth_yoy,2024-10-01,120,8.442
growth_yoy,2024-11-01,120,5.258
growth_yoy,2024-12-01,120,7.523
growth_yoy,2025-01-01,120,1.61
growth_yoy,2025-02-01,120,1.425
growth_yoy,2025-03-01,120,-1.973
growth_yoy,2025-04-01,120,-1.175
growth_yoy,2025-05-01,120,-1.272
growth_yoy,2025-06-01,120,1.581
growth_yoy,2025-07-01,120,1.241
growth_yoy,2025-08-01,120,1.384
growth_yoy,2025-09-01,120,3.048
growth_yoy,2025-10-01,120,1.162
growth_yoy,2025-11-01,120,4.349
growth_yoy,2025-12-01,120,2.146
growth_yoy,2026-01-01,120,3.105
growth_yoy,2026-02-01,120,1.883
growth_yoy,2026-03-01,120,3.596
growth_yoy,2026-04-01,120,4.813
growth_yoy,2026-05-01,120,5.25
growth_yoy,2026-06-01,120,3.213
growth_mom,2015-02-01,120,1.064
growth_mom,2015-03-01,120,2.208
growth_mom,2015-04-01,120,-3.638
growth_mom,2015-05-01,120,3.844
growth_mom,2015-06-01,120,2.119
growth_mom,2015-07-01,120,-3.557
growth_mom,2015-08-01,120,8.327
growth_mom,2015-09-01,120,-6.383
growth_mom,2015-10-01,120,2.022
growth_mom,2015-11-01,120,-12.858
growth_mom,2015-12-01,120,6.874
growth_mom,2016-01-01,120,11.063
growth_mom,2016-02-01,120,-0.086
growth_mom,2016-03-01,120,1.218
growth_mom,2016-04-01,120,-4.614
growth_mom,2016-05-01,120,1.915
growth_mom,2016-06-01,120,2.777
growth_mom,2016-07-01,120,-5.574
growth_mom,2016-08-01,120,7.832
growth_mom,2016-09-01,120,-5.583
growth_mom,2016-10-01,120,-8.327
growth_mom,2016-11-01,120,-2.152
growth_mom,2016-12-01,120,4.113
growth_mom,2017-01-01,120,13.157
growth_mom,2017-02-01,120,-0.348
growth_mom,2017-03-01,120,2.126
growth_mom,2017-04-01,120,-5.728
growth_mom,2017-05-01,120,2.355
growth_mom,2017-06-01,120,2.279
growth_mom,2017-07-01,120,-5.082
growth_mom,2017-08-01,120,2.747
growth_mom,2017-09-01,120,-7.088
growth_mom,2017-10-01,120,-4.23
growth_mom,2017-11-01,120,8.427
growth_mom,2017-12-01,120,-4.264
growth_mom,2018-01-01,120,10.903
growth_mom,2018-02-01,120,-0.497
growth_mom,2018-03-01,120,0.71
growth_mom,2018-04-01,120,-3.132
growth_mom,2018-05-01,120,2.562
growth_mom,2018-06-01,120,2.446
growth_mom,2018-07-01,120,-4.386
growth_mom,2018-08-01,120,2.382
growth_mom,2018-09-01,120,-6.113
growth_mom,2018-10-01,120,-2.193
growth_mom,2018-11-01,120,1.137
growth_mom,2018-12-01,120,3.356
growth_mom,2019-01-01,120,11.182
growth_mom,2019-02-01,120,-0.3
growth_mom,2019-03-01,120,4.61
growth_mom,2019-04-01,120,-5.499
growth_mom,2019-05-01,120,-0.749
growth_mom,2019-06-01,120,2.085
growth_mom,2019-07-01,120,-4.85
growth_mom,2019-08-01,120,2.873
growth_mom,2019-09-01,120,-5.063
growth_mom,2019-10-01,120,-3.994
growth_mom,2019-11-01,120,1.616
growth_mom,2019-12-01,120,6.599
growth_mom,2020-01-01,120,1.864
growth_mom,2020-02-01,120,6.015
growth_mom,2020-03-01,120,-12.283
growth_mom,2020-04-01,120,-97.564
growth_mom,2020-05-01,120,659.183
growth_mom,2020-06-01,120,327.872
growth_mom,2020-07-01,120,38.836
growth_mom,2020-08-01,120,-0.606
growth_mom,2020-09-01,120,0.051
growth_mom,2020-10-01,120,-6.304
growth_mom,2020-11-01,120,2.188
growth_mom,2020-12-01,120,6.355
growth_mom,2021-01-01,120,2.327
growth_mom,2021-02-01,120,2.791
growth_mom,2021-03-01,120,-4.238
growth_mom,2021-04-01,120,-11.738
growth_mom,2021-05-01,120,-6.282
growth_mom,2021-06-01,120,-96.838
growth_mom,2021-07-01,120,-22.971
growth_mom,2021-08-01,120,-1.529
growth_mom,2021-09-01,120,2385.057
growth_mom,2021-10-01,120,99.842
growth_mom,2021-11-01,120,-0.377
growth_mom,2021-12-01,120,7.585
growth_mom,2022-01-01,120,-2.508
growth_mom,2022-02-01,120,10.802
growth_mom,2022-03-01,120,-10.881
growth_mom,2022-04-01,120,-2.949
growth_mom,2022-05-01,120,-12.304
growth_mom,2022-06-01,120,-13.391
growth_mom,2022-07-01,120,-24.741
growth_mom,2022-08-01,120,2.495
growth_mom,2022-09-01,120,10.874
growth_mom,2022-10-01,120,10.5
growth_mom,2022-11-01,120,40.849
growth_mom,2022-12-01,120,-7.288
growth_mom,2023-01-01,120,33.059
growth_mom,2023-02-01,120,-3.715
growth_mom,2023-03-01,120,6.706
growth_mom,2023-04-01,120,-16.96
growth_mom,2023-05-01,120,12.265
growth_mom,2023-06-01,120,-23.793
growth_mom,2023-07-01,120,-26.4
growth_mom,2023-08-01,120,-1.956
growth_mom,2023-09-01,120,11.206
growth_mom,2023-10-01,120,8.025
growth_mom,2023-11-01,120,32.914
growth_mom,2023-12-01,120,-6.301
growth_mom,2024-01-01,120,32.2
growth_mom,2024-02-01,120,2.265
growth_mom,2024-03-01,120,4.63
growth_mom,2024-04-01,120,-16.415
growth_mom,2024-05-01,120,10.275
growth_mom,2024-06-01,120,-15.61
growth_mom,2024-07-01,120,-23.543
growth_mom,2024-08-01,120,-8.42
growth_mom,2024-09-01,120,6.51
growth_mom,2024-10-01,120,6.115
growth_mom,2024-11-01,120,29.01
growth_mom,2024-12-01,120,-4.284
growth_mom,2025-01-01,120,24.93
growth_mom,2025-02-01,120,2.078
growth_mom,2025-03-01,120,1.124
growth_mom,2025-04-01,120,-15.735
growth_mom,2025-05-01,120,10.167
growth_mom,2025-06-01,120,-13.172
growth_mom,2025-07-01,120,-23.798
growth_mom,2025-08-01,120,-8.291
growth_mom,2025-09-01,120,8.258
growth_mom,2025-10-01,120,4.173
growth_mom,2025-11-01,120,33.074
growth_mom,2025-12-01,120,-6.305
growth_mom,2026-01-01,120,26.103
growth_mom,2026-02-01,120,0.869
growth_mom,2026-03-01,120,2.825
growth_mom,2026-04-01,120,-14.745
growth_mom,2026-05-01,120,10.627
growth_mom,2026-06-01,120,-14.853
abs,2015-01-01,131,89.803
abs,2015-02-01,131,91.7
abs,2015-03-01,131,102.501
abs,2015-04-01,131,102.315
abs,2015-05-01,131,105.899
abs,2015-06-01,131,98.288
abs,2015-07-01,131,101.79
abs,2015-08-01,131,97.288
abs,2015-09-01,131,100.975
abs,2015-10-01,131,102.083
abs,2015-11-01,131,110.861
abs,2015-12-01,131,96.497
abs,2016-01-01,131,93.852
abs,2016-02-01,131,95.957
abs,2016-03-01,131,106.363
abs,2016-04-01,131,105.541
abs,2016-05-01,131,109.347
abs,2016-06-01,131,105.923
abs,2016-07-01,131,105.425
abs,2016-08-01,131,102.997
abs,2016-09-01,131,106.884
abs,2016-10-01,131,108.512
abs,2016-11-01,131,118.19
abs,2016-12-01,131,101.034
abs,2017-01-01,131,98.19
abs,2017-02-01,131,101.835
abs,2017-03-01,131,110.662
abs,2017-04-01,131,109.319
abs,2017-05-01,131,115.643
abs,2017-06-01,131,110.702
abs,2017-07-01,131,110.65
abs,2017-08-01,131,108.28
abs,2017-09-01,131,111.844
abs,2017-10-01,131,113.957
abs,2017-11-01,131,122.38
abs,2017-12-01,131,104.02
abs,2018-01-01,131,105.225
abs,2018-02-01,131,110.53
abs,2018-03-01,131,110.206
abs,2018-04-01,131,110.324
abs,2018-05-01,131,115.849
abs,2018-06-01,131,114.543
abs,2018-07-01,131,110.799
abs,2018-08-01,131,109.329
abs,2018-09-01,131,114.452
abs,2018-10-01,131,110.329
abs,2018-11-01,131,122.377
abs,2018-12-01,131,103.241
abs,2019-01-01,131,110.562
abs,2019-02-01,131,112.06
abs,2019-03-01,131,113.92
abs,2019-04-01,131,119.526
abs,2019-05-01,131,121.767
abs,2019-06-01,131,121.479
abs,2019-07-01,131,117.932
abs,2019-08-01,131,112.657
abs,2019-09-01,131,118.988
abs,2019-10-01,131,114.811
abs,2019-11-01,131,126.256
abs,2019-12-01,131,108.363
abs,2020-01-01,131,115.74
abs,2020-02-01,131,120.776
abs,2020-03-01,131,110.583
abs,2020-04-01,131,37.182
abs,2020-05-01,131,68.328
abs,2020-06-01,131,95.14
abs,2020-07-01,131,84.995
abs,2020-08-01,131,92.773
abs,2020-09-01,131,108.874
abs,2020-10-01,131,106.278
abs,2020-11-01,131,116.453
abs,2020-12-01,131,106.181
abs,2021-01-01,131,114.144
abs,2021-02-01,131,121.88
abs,2021-03-01,131,128.965
abs,2021-04-01,131,103.951
abs,2021-05-01,131,105.735
abs,2021-06-01,131,113.731
abs,2021-07-01,131,96.537
abs,2021-08-01,131,101.676
abs,2021-09-01,131,126.786
abs,2021-10-01,131,112.761
abs,2021-11-01,131,127.825
abs,2021-12-01,131,114.202
abs,2022-01-01,131,124.507
abs,2022-02-01,131,126.514
abs,2022-03-01,131,134.252
abs,2022-04-01,131,103.947
abs,2022-05-01,131,107.278
abs,2022-06-01,131,119.141
abs,2022-07-01,131,111.753
abs,2022-08-01,131,113.646
abs,2022-09-01,131,132.725
abs,2022-10-01,131,120.47
abs,2022-11-01,131,132.833
abs,2022-12-01,131,111.39
abs,2023-01-01,131,116.561
abs,2023-02-01,131,115.95
abs,2023-03-01,131,127.741
abs,2023-04-01,131,91.824
abs,2023-05-01,131,102.115
abs,2023-06-01,131,105.068
abs,2023-07-01,131,98.453
abs,2023-08-01,131,97.886
abs,2023-09-01,131,111.7
abs,2023-10-01,131,102.8
abs,2023-11-01,131,114.907
abs,2023-12-01,131,99.123
abs,2024-01-01,131,114.311
abs,2024-02-01,131,112.997
abs,2024-03-01,131,127.577
abs,2024-04-01,131,96.807
abs,2024-05-01,131,110.93
abs,2024-06-01,131,112.774
abs,2024-07-01,131,106.143
abs,2024-08-01,131,102.461
abs,2024-09-01,131,108.064
abs,2024-10-01,131,102.804
abs,2024-11-01,131,116.276
abs,2024-12-01,131,102.933
abs,2025-01-01,131,109.717
abs,2025-02-01,131,107.54
abs,2025-03-01,131,121.287
abs,2025-04-01,131,92.415
abs,2025-05-01,131,105.326
abs,2025-06-01,131,105.145
abs,2025-07-01,131,100.125
abs,2025-08-01,131,94.241
abs,2025-09-01,131,105.323
abs,2025-10-01,131,100.331
abs,2025-11-01,131,108.919
abs,2025-12-01,131,98.75
abs,2026-01-01,131,112.108
abs,2026-02-01,131,101.658
abs,2026-03-01,131,119.944
abs,2026-04-01,131,95.609
abs,2026-05-01,131,102.179
abs,2026-06-01,131,102.521
growth_yoy,2016-01-01,131,4.509
growth_yoy,2016-02-01,131,4.643
growth_yoy,2016-03-01,131,3.768
growth_yoy,2016-04-01,131,3.153
growth_yoy,2016-05-01,131,3.256
growth_yoy,2016-06-01,131,7.767
growth_yoy,2016-07-01,131,3.572
growth_yoy,2016-08-01,131,5.869
growth_yoy,2016-09-01,131,5.852
growth_yoy,2016-10-01,131,6.298
growth_yoy,2016-11-01,131,6.612
growth_yoy,2016-12-01,131,4.702
growth_yoy,2017-01-01,131,4.623
growth_yoy,2017-02-01,131,6.125
growth_yoy,2017-03-01,131,4.042
growth_yoy,2017-04-01,131,3.58
growth_yoy,2017-05-01,131,5.757
growth_yoy,2017-06-01,131,4.512
growth_yoy,2017-07-01,131,4.956
growth_yoy,2017-08-01,131,5.129
growth_yoy,2017-09-01,131,4.641
growth_yoy,2017-10-01,131,5.017
growth_yoy,2017-11-01,131,3.544
growth_yoy,2017-12-01,131,2.955
growth_yoy,2018-01-01,131,7.164
growth_yoy,2018-02-01,131,8.539
growth_yoy,2018-03-01,131,-0.412
growth_yoy,2018-04-01,131,0.919
growth_yoy,2018-05-01,131,0.178
growth_yoy,2018-06-01,131,3.47
growth_yoy,2018-07-01,131,0.135
growth_yoy,2018-08-01,131,0.968
growth_yoy,2018-09-01,131,2.332
growth_yoy,2018-10-01,131,-3.183
growth_yoy,2018-11-01,131,-0.002
growth_yoy,2018-12-01,131,-0.748
growth_yoy,2019-01-01,131,5.072
growth_yoy,2019-02-01,131,1.384
growth_yoy,2019-03-01,131,3.37
growth_yoy,2019-04-01,131,8.341
growth_yoy,2019-05-01,131,5.108
growth_yoy,2019-06-01,131,6.055
growth_yoy,2019-07-01,131,6.438
growth_yoy,2019-08-01,131,3.044
growth_yoy,2019-09-01,131,3.963
growth_yoy,2019-10-01,131,4.062
growth_yoy,2019-11-01,131,3.17
growth_yoy,2019-12-01,131,4.96
growth_yoy,2020-01-01,131,4.683
growth_yoy,2020-02-01,131,7.778
growth_yoy,2020-03-01,131,-2.929
growth_yoy,2020-04-01,131,-68.892
growth_yoy,2020-05-01,131,-43.886
growth_yoy,2020-06-01,131,-21.682
growth_yoy,2020-07-01,131,-27.929
growth_yoy,2020-08-01,131,-17.65
growth_yoy,2020-09-01,131,-8.5
growth_yoy,2020-10-01,131,-7.432
growth_yoy,2020-11-01,131,-7.764
growth_yoy,2020-12-01,131,-2.013
growth_yoy,2021-01-01,131,-1.379
growth_yoy,2021-02-01,131,0.914
growth_yoy,2021-03-01,131,16.622
growth_yoy,2021-04-01,131,179.573
growth_yoy,2021-05-01,131,54.747
growth_yoy,2021-06-01,131,19.541
growth_yoy,2021-07-01,131,13.579
growth_yoy,2021-08-01,131,9.596
growth_yoy,2021-09-01,131,16.452
growth_yoy,2021-10-01,131,6.101
growth_yoy,2021-11-01,131,9.765
growth_yoy,2021-12-01,131,7.554
growth_yoy,2022-01-01,131,9.079
growth_yoy,2022-02-01,131,3.802
growth_yoy,2022-03-01,131,4.099
growth_yoy,2022-04-01,131,-0.004
growth_yoy,2022-05-01,131,1.459
growth_yoy,2022-06-01,131,4.757
growth_yoy,2022-07-01,131,15.762
growth_yoy,2022-08-01,131,11.772
growth_yoy,2022-09-01,131,4.685
growth_yoy,2022-10-01,131,6.836
growth_yoy,2022-11-01,131,3.917
growth_yoy,2022-12-01,131,-2.462
growth_yoy,2023-01-01,131,-6.382
growth_yoy,2023-02-01,131,-8.35
growth_yoy,2023-03-01,131,-4.85
growth_yoy,2023-04-01,131,-11.662
growth_yoy,2023-05-01,131,-4.813
growth_yoy,2023-06-01,131,-11.812
growth_yoy,2023-07-01,131,-11.901
growth_yoy,2023-08-01,131,-13.868
growth_yoy,2023-09-01,131,-15.841
growth_yoy,2023-10-01,131,-14.668
growth_yoy,2023-11-01,131,-13.495
growth_yoy,2023-12-01,131,-11.012
growth_yoy,2024-01-01,131,-1.93
growth_yoy,2024-02-01,131,-2.547
growth_yoy,2024-03-01,131,-0.128
growth_yoy,2024-04-01,131,5.426
growth_yoy,2024-05-01,131,8.633
growth_yoy,2024-06-01,131,7.334
growth_yoy,2024-07-01,131,7.811
growth_yoy,2024-08-01,131,4.674
growth_yoy,2024-09-01,131,-3.255
growth_yoy,2024-10-01,131,0.003
growth_yoy,2024-11-01,131,1.192
growth_yoy,2024-12-01,131,3.843
growth_yoy,2025-01-01,131,-4.019
growth_yoy,2025-02-01,131,-4.829
growth_yoy,2025-03-01,131,-4.931
growth_yoy,2025-04-01,131,-4.537
growth_yoy,2025-05-01,131,-5.052
growth_yoy,2025-06-01,131,-6.765
growth_yoy,2025-07-01,131,-5.669
growth_yoy,2025-08-01,131,-8.022
growth_yoy,2025-09-01,131,-2.537
growth_yoy,2025-10-01,131,-2.405
growth_yoy,2025-11-01,131,-6.327
growth_yoy,2025-12-01,131,-4.063
growth_yoy,2026-01-01,131,2.179
growth_yoy,2026-02-01,131,-5.469
growth_yoy,2026-03-01,131,-1.107
growth_yoy,2026-04-01,131,3.457
growth_yoy,2026-05-01,131,-2.988
growth_yoy,2026-06-01,131,-2.496
growth_mom,2015-02-01,131,2.113
growth_mom,2015-03-01,131,11.779
growth_mom,2015-04-01,131,-0.181
growth_mom,2015-05-01,131,3.503
growth_mom,2015-06-01,131,-7.187
growth_mom,2015-07-01,131,3.563
growth_mom,2015-08-01,131,-4.423
growth_mom,2015-09-01,131,3.79
growth_mom,2015-10-01,131,1.097
growth_mom,2015-11-01,131,8.598
growth_mom,2015-12-01,131,-12.956
growth_mom,2016-01-01,131,-2.741
growth_mom,2016-02-01,131,2.243
growth_mom,2016-03-01,131,10.844
growth_mom,2016-04-01,131,-0.773
growth_mom,2016-05-01,131,3.606
growth_mom,2016-06-01,131,-3.132
growth_mom,2016-07-01,131,-0.469
growth_mom,2016-08-01,131,-2.303
growth_mom,2016-09-01,131,3.774
growth_mom,2016-10-01,131,1.523
growth_mom,2016-11-01,131,8.919
growth_mom,2016-12-01,131,-14.516
growth_mom,2017-01-01,131,-2.815
growth_mom,2017-02-01,131,3.712
growth_mom,2017-03-01,131,8.668
growth_mom,2017-04-01,131,-1.213
growth_mom,2017-05-01,131,5.784
growth_mom,2017-06-01,131,-4.272
growth_mom,2017-07-01,131,-0.047
growth_mom,2017-08-01,131,-2.142
growth_mom,2017-09-01,131,3.292
growth_mom,2017-10-01,131,1.889
growth_mom,2017-11-01,131,7.391
growth_mom,2017-12-01,131,-15.002
growth_mom,2018-01-01,131,1.158
growth_mom,2018-02-01,131,5.042
growth_mom,2018-03-01,131,-0.293
growth_mom,2018-04-01,131,0.107
growth_mom,2018-05-01,131,5.008
growth_mom,2018-06-01,131,-1.127
growth_mom,2018-07-01,131,-3.268
growth_mom,2018-08-01,131,-1.327
growth_mom,2018-09-01,131,4.686
growth_mom,2018-10-01,131,-3.602
growth_mom,2018-11-01,131,10.919
growth_mom,2018-12-01,131,-15.636
growth_mom,2019-01-01,131,7.091
growth_mom,2019-02-01,131,1.355
growth_mom,2019-03-01,131,1.66
growth_mom,2019-04-01,131,4.921
growth_mom,2019-05-01,131,1.874
growth_mom,2019-06-01,131,-0.236
growth_mom,2019-07-01,131,-2.92
growth_mom,2019-08-01,131,-4.473
growth_mom,2019-09-01,131,5.62
growth_mom,2019-10-01,131,-3.511
growth_mom,2019-11-01,131,9.969
growth_mom,2019-12-01,131,-14.172
growth_mom,2020-01-01,131,6.808
growth_mom,2020-02-01,131,4.352
growth_mom,2020-03-01,131,-8.44
growth_mom,2020-04-01,131,-66.376
growth_mom,2020-05-01,131,83.765
growth_mom,2020-06-01,131,39.24
growth_mom,2020-07-01,131,-10.663
growth_mom,2020-08-01,131,9.151
growth_mom,2020-09-01,131,17.355
growth_mom,2020-10-01,131,-2.385
growth_mom,2020-11-01,131,9.575
growth_mom,2020-12-01,131,-8.821
growth_mom,2021-01-01,131,7.5
growth_mom,2021-02-01,131,6.777
growth_mom,2021-03-01,131,5.813
growth_mom,2021-04-01,131,-19.396
growth_mom,2021-05-01,131,1.716
growth_mom,2021-06-01,131,7.562
growth_mom,2021-07-01,131,-15.118
growth_mom,2021-08-01,131,5.324
growth_mom,2021-09-01,131,24.696
growth_mom,2021-10-01,131,-11.062
growth_mom,2021-11-01,131,13.359
growth_mom,2021-12-01,131,-10.658
growth_mom,2022-01-01,131,9.024
growth_mom,2022-02-01,131,1.612
growth_mom,2022-03-01,131,6.116
growth_mom,2022-04-01,131,-22.573
growth_mom,2022-05-01,131,3.204
growth_mom,2022-06-01,131,11.058
growth_mom,2022-07-01,131,-6.201
growth_mom,2022-08-01,131,1.694
growth_mom,2022-09-01,131,16.789
growth_mom,2022-10-01,131,-9.234
growth_mom,2022-11-01,131,10.262
growth_mom,2022-12-01,131,-16.143
growth_mom,2023-01-01,131,4.642
growth_mom,2023-02-01,131,-0.524
growth_mom,2023-03-01,131,10.169
growth_mom,2023-04-01,131,-28.117
growth_mom,2023-05-01,131,11.207
growth_mom,2023-06-01,131,2.892
growth_mom,2023-07-01,131,-6.296
growth_mom,2023-08-01,131,-0.576
growth_mom,2023-09-01,131,14.113
growth_mom,2023-10-01,131,-7.968
growth_mom,2023-11-01,131,11.777
growth_mom,2023-12-01,131,-13.736
growth_mom,2024-01-01,131,15.322
growth_mom,2024-02-01,131,-1.15
growth_mom,2024-03-01,131,12.903
growth_mom,2024-04-01,131,-24.119
growth_mom,2024-05-01,131,14.589
growth_mom,2024-06-01,131,1.662
growth_mom,2024-07-01,131,-5.88
growth_mom,2024-08-01,131,-3.469
growth_mom,2024-09-01,131,5.469
growth_mom,2024-10-01,131,-4.868
growth_mom,2024-11-01,131,13.105
growth_mom,2024-12-01,131,-11.475
growth_mom,2025-01-01,131,6.591
growth_mom,2025-02-01,131,-1.984
growth_mom,2025-03-01,131,12.783
growth_mom,2025-04-01,131,-23.805
growth_mom,2025-05-01,131,13.971
growth_mom,2025-06-01,131,-0.171
growth_mom,2025-07-01,131,-4.774
growth_mom,2025-08-01,131,-5.876
growth_mom,2025-09-01,131,11.759
growth_mom,2025-10-01,131,-4.739
growth_mom,2025-11-01,131,8.559
growth_mom,2025-12-01,131,-9.336
growth_mom,2026-01-01,131,13.526
growth_mom,2026-02-01,131,-9.321
growth_mom,2026-03-01,131,17.988
growth_mom,2026-04-01,131,-20.289
growth_mom,2026-05-01,131,6.871
growth_mom,2026-06-01,131,0.335
abs,2015-01-01,139,95.63
abs,2015-02-01,139,102.7
abs,2015-03-01,139,96.633
abs,2015-04-01,139,101.378
abs,2015-05-01,139,98.794
abs,2015-06-01,139,98.664
abs,2015-07-01,139,99.226
abs,2015-08-01,139,98.247
abs,2015-09-01,139,111.619
abs,2015-10-01,139,97.227
abs,2015-11-01,139,108.03
abs,2015-12-01,139,91.853
abs,2016-01-01,139,99.312
abs,2016-02-01,139,106.771
abs,2016-03-01,139,99.741
abs,2016-04-01,139,104.107
abs,2016-05-01,139,101.541
abs,2016-06-01,139,105.207
abs,2016-07-01,139,102.252
abs,2016-08-01,139,103.17
abs,2016-09-01,139,117.197
abs,2016-10-01,139,102.456
abs,2016-11-01,139,114.128
abs,2016-12-01,139,95.541
abs,2017-01-01,139,103.232
abs,2017-02-01,139,112.355
abs,2017-03-01,139,103.183
abs,2017-04-01,139,107.289
abs,2017-05-01,139,106.532
abs,2017-06-01,139,109.26
abs,2017-07-01,139,106.579
abs,2017-08-01,139,107.689
abs,2017-09-01,139,121.841
abs,2017-10-01,139,106.845
abs,2017-11-01,139,117.582
abs,2017-12-01,139,97.951
abs,2018-01-01,139,112.409
abs,2018-02-01,139,108.697
abs,2018-03-01,139,113.591
abs,2018-04-01,139,112.864
abs,2018-05-01,139,112.405
abs,2018-06-01,139,114.118
abs,2018-07-01,139,113.025
abs,2018-08-01,139,112.804
abs,2018-09-01,139,124.715
abs,2018-10-01,139,122.392
abs,2018-11-01,139,126.97
abs,2018-12-01,139,107.307
abs,2019-01-01,139,113.892
abs,2019-02-01,139,116.056
abs,2019-03-01,139,118.865
abs,2019-04-01,139,115.843
abs,2019-05-01,139,121.164
abs,2019-06-01,139,117.92
abs,2019-07-01,139,118.276
abs,2019-08-01,139,123.088
abs,2019-09-01,139,125.082
abs,2019-10-01,139,120.768
abs,2019-11-01,139,134.227
abs,2019-12-01,139,111.147
abs,2020-01-01,139,112.986
abs,2020-02-01,139,119.471
abs,2020-03-01,139,117.465
abs,2020-04-01,139,52.749
abs,2020-05-01,139,82.556
abs,2020-06-01,139,115.061
abs,2020-07-01,139,127.452
abs,2020-08-01,139,126.286
abs,2020-09-01,139,122.163
abs,2020-10-01,139,124.893
abs,2020-11-01,139,140.844
abs,2020-12-01,139,122.483
abs,2021-01-01,139,117.515
abs,2021-02-01,139,115.561
abs,2021-03-01,139,129.514
abs,2021-04-01,139,97.854
abs,2021-05-01,139,94.783
abs,2021-06-01,139,107.596
abs,2021-07-01,139,108.784
abs,2021-08-01,139,109.347
abs,2021-09-01,139,117.382
abs,2021-10-01,139,138.464
abs,2021-11-01,139,159.972
abs,2021-12-01,139,133.033
abs,2022-01-01,139,125.47
abs,2022-02-01,139,130.44
abs,2022-03-01,139,139.643
abs,2022-04-01,139,111.74
abs,2022-05-01,139,103.296
abs,2022-06-01,139,108.81
abs,2022-07-01,139,108.931
abs,2022-08-01,139,114.87
abs,2022-09-01,139,126.333
abs,2022-10-01,139,125.516
abs,2022-11-01,139,132.008
abs,2022-12-01,139,135.962
abs,2023-01-01,139,124.575
abs,2023-02-01,139,140.996
abs,2023-03-01,139,143.486
abs,2023-04-01,139,128.922
abs,2023-05-01,139,111.729
abs,2023-06-01,139,118.557
abs,2023-07-01,139,116.684
abs,2023-08-01,139,132.355
abs,2023-09-01,139,145.718
abs,2023-10-01,139,142.746
abs,2023-11-01,139,152.713
abs,2023-12-01,139,140.412
abs,2024-01-01,139,132.072
abs,2024-02-01,139,148.245
abs,2024-03-01,139,149.971
abs,2024-04-01,139,133.734
abs,2024-05-01,139,119.005
abs,2024-06-01,139,124.472
abs,2024-07-01,139,124.845
abs,2024-08-01,139,142.213
abs,2024-09-01,139,144.709
abs,2024-10-01,139,141.854
abs,2024-11-01,139,152.011
abs,2024-12-01,139,139.37
abs,2025-01-01,139,129.348
abs,2025-02-01,139,146.72
abs,2025-03-01,139,150.908
abs,2025-04-01,139,135.134
abs,2025-05-01,139,119.144
abs,2025-06-01,139,125.777
abs,2025-07-01,139,128.911
abs,2025-08-01,139,144.379
abs,2025-09-01,139,145.948
abs,2025-10-01,139,144.848
abs,2025-11-01,139,156.217
abs,2025-12-01,139,143.161
abs,2026-01-01,139,131.255
abs,2026-02-01,139,140.169
abs,2026-03-01,139,143.835
abs,2026-04-01,139,131.939
abs,2026-05-01,139,118.997
abs,2026-06-01,139,127.202
growth_yoy,2016-01-01,139,3.85
growth_yoy,2016-02-01,139,3.964
growth_yoy,2016-03-01,139,3.217
growth_yoy,2016-04-01,139,2.692
growth_yoy,2016-05-01,139,2.78
growth_yoy,2016-06-01,139,6.632
growth_yoy,2016-07-01,139,3.05
growth_yoy,2016-08-01,139,5.011
growth_yoy,2016-09-01,139,4.997
growth_yoy,2016-10-01,139,5.378
growth_yoy,2016-11-01,139,5.646
growth_yoy,2016-12-01,139,4.015
growth_yoy,2017-01-01,139,3.947
growth_yoy,2017-02-01,139,5.23
growth_yoy,2017-03-01,139,3.451
growth_yoy,2017-04-01,139,3.057
growth_yoy,2017-05-01,139,4.916
growth_yoy,2017-06-01,139,3.852
growth_yoy,2017-07-01,139,4.232
growth_yoy,2017-08-01,139,4.38
growth_yoy,2017-09-01,139,3.962
growth_yoy,2017-10-01,139,4.284
growth_yoy,2017-11-01,139,3.026
growth_yoy,2017-12-01,139,2.523
growth_yoy,2018-01-01,139,8.89
growth_yoy,2018-02-01,139,-3.256
growth_yoy,2018-03-01,139,10.087
growth_yoy,2018-04-01,139,5.196
growth_yoy,2018-05-01,139,5.513
growth_yoy,2018-06-01,139,4.446
growth_yoy,2018-07-01,139,6.048
growth_yoy,2018-08-01,139,4.75
growth_yoy,2018-09-01,139,2.359
growth_yoy,2018-10-01,139,14.552
growth_yoy,2018-11-01,139,7.984
growth_yoy,2018-12-01,139,9.551
growth_yoy,2019-01-01,139,1.319
growth_yoy,2019-02-01,139,6.77
growth_yoy,2019-03-01,139,4.643
growth_yoy,2019-04-01,139,2.639
growth_yoy,2019-05-01,139,7.792
growth_yoy,2019-06-01,139,3.332
growth_yoy,2019-07-01,139,4.645
growth_yoy,2019-08-01,139,9.117
growth_yoy,2019-09-01,139,0.294
growth_yoy,2019-10-01,139,-1.328
growth_yoy,2019-11-01,139,5.716
growth_yoy,2019-12-01,139,3.579
growth_yoy,2020-01-01,139,-0.795
growth_yoy,2020-02-01,139,2.943
growth_yoy,2020-03-01,139,-1.178
growth_yoy,2020-04-01,139,-54.465
growth_yoy,2020-05-01,139,-31.864
growth_yoy,2020-06-01,139,-2.424
growth_yoy,2020-07-01,139,7.758
growth_yoy,2020-08-01,139,2.598
growth_yoy,2020-09-01,139,-2.334
growth_yoy,2020-10-01,139,3.416
growth_yoy,2020-11-01,139,4.93
growth_yoy,2020-12-01,139,10.199
growth_yoy,2021-01-01,139,4.008
growth_yoy,2021-02-01,139,-3.273
growth_yoy,2021-03-01,139,10.258
growth_yoy,2021-04-01,139,85.508
growth_yoy,2021-05-01,139,14.811
growth_yoy,2021-06-01,139,-6.488
growth_yoy,2021-07-01,139,-14.647
growth_yoy,2021-08-01,139,-13.413
growth_yoy,2021-09-01,139,-3.913
growth_yoy,2021-10-01,139,10.866
growth_yoy,2021-11-01,139,13.581
growth_yoy,2021-12-01,139,8.614
growth_yoy,2022-01-01,139,6.77
growth_yoy,2022-02-01,139,12.876
growth_yoy,2022-03-01,139,7.821
growth_yoy,2022-04-01,139,14.19
growth_yoy,2022-05-01,139,8.981
growth_yoy,2022-06-01,139,1.128
growth_yoy,2022-07-01,139,0.135
growth_yoy,2022-08-01,139,5.051
growth_yoy,2022-09-01,139,7.626
growth_yoy,2022-10-01,139,-9.351
growth_yoy,2022-11-01,139,-17.481
growth_yoy,2022-12-01,139,2.201
growth_yoy,2023-01-01,139,-0.714
growth_yoy,2023-02-01,139,8.092
growth_yoy,2023-03-01,139,2.752
growth_yoy,2023-04-01,139,15.376
growth_yoy,2023-05-01,139,8.164
growth_yoy,2023-06-01,139,8.958
growth_yoy,2023-07-01,139,7.117
growth_yoy,2023-08-01,139,15.222
growth_yoy,2023-09-01,139,15.344
growth_yoy,2023-10-01,139,13.727
growth_yoy,2023-11-01,139,15.685
growth_yoy,2023-12-01,139,3.273
growth_yoy,2024-01-01,139,6.019
growth_yoy,2024-02-01,139,5.141
growth_yoy,2024-03-01,139,4.52
growth_yoy,2024-04-01,139,3.733
growth_yoy,2024-05-01,139,6.513
growth_yoy,2024-06-01,139,4.989
growth_yoy,2024-07-01,139,6.993
growth_yoy,2024-08-01,139,7.449
growth_yoy,2024-09-01,139,-0.693
growth_yoy,2024-10-01,139,-0.625
growth_yoy,2024-11-01,139,-0.459
growth_yoy,2024-12-01,139,-0.742
growth_yoy,2025-01-01,139,-2.063
growth_yoy,2025-02-01,139,-1.029
growth_yoy,2025-03-01,139,0.625
growth_yoy,2025-04-01,139,1.046
growth_yoy,2025-05-01,139,0.117
growth_yoy,2025-06-01,139,1.048
growth_yoy,2025-07-01,139,3.257
growth_yoy,2025-08-01,139,1.523
growth_yoy,2025-09-01,139,0.856
growth_yoy,2025-10-01,139,2.11
growth_yoy,2025-11-01,139,2.767
growth_yoy,2025-12-01,139,2.72
growth_yoy,2026-01-01,139,1.474
growth_yoy,2026-02-01,139,-4.465
growth_yoy,2026-03-01,139,-4.687
growth_yoy,2026-04-01,139,-2.364
growth_yoy,2026-05-01,139,-0.124
growth_yoy,2026-06-01,139,1.132
growth_mom,2015-02-01,139,7.393
growth_mom,2015-03-01,139,-5.908
growth_mom,2015-04-01,139,4.911
growth_mom,2015-05-01,139,-2.549
growth_mom,2015-06-01,139,-0.131
growth_mom,2015-07-01,139,0.57
growth_mom,2015-08-01,139,-0.987
growth_mom,2015-09-01,139,13.611
growth_mom,2015-10-01,139,-12.894
growth_mom,2015-11-01,139,11.111
growth_mom,2015-12-01,139,-14.974
growth_mom,2016-01-01,139,8.12
growth_mom,2016-02-01,139,7.511
growth_mom,2016-03-01,139,-6.584
growth_mom,2016-04-01,139,4.377
growth_mom,2016-05-01,139,-2.465
growth_mom,2016-06-01,139,3.611
growth_mom,2016-07-01,139,-2.809
growth_mom,2016-08-01,139,0.898
growth_mom,2016-09-01,139,13.596
growth_mom,2016-10-01,139,-12.578
growth_mom,2016-11-01,139,11.393
growth_mom,2016-12-01,139,-16.287
growth_mom,2017-01-01,139,8.05
growth_mom,2017-02-01,139,8.838
growth_mom,2017-03-01,139,-8.163
growth_mom,2017-04-01,139,3.98
growth_mom,2017-05-01,139,-0.706
growth_mom,2017-06-01,139,2.561
growth_mom,2017-07-01,139,-2.454
growth_mom,2017-08-01,139,1.041
growth_mom,2017-09-01,139,13.142
growth_mom,2017-10-01,139,-12.308
growth_mom,2017-11-01,139,10.05
growth_mom,2017-12-01,139,-16.696
growth_mom,2018-01-01,139,14.76
growth_mom,2018-02-01,139,-3.303
growth_mom,2018-03-01,139,4.502
growth_mom,2018-04-01,139,-0.64
growth_mom,2018-05-01,139,-0.407
growth_mom,2018-06-01,139,1.524
growth_mom,2018-07-01,139,-0.957
growth_mom,2018-08-01,139,-0.196
growth_mom,2018-09-01,139,10.559
growth_mom,2018-10-01,139,-1.863
growth_mom,2018-11-01,139,3.74
growth_mom,2018-12-01,139,-15.486
growth_mom,2019-01-01,139,6.137
growth_mom,2019-02-01,139,1.9
growth_mom,2019-03-01,139,2.42
growth_mom,2019-04-01,139,-2.542
growth_mom,2019-05-01,139,4.594
growth_mom,2019-06-01,139,-2.678
growth_mom,2019-07-01,139,0.302
growth_mom,2019-08-01,139,4.068
growth_mom,2019-09-01,139,1.62
growth_mom,2019-10-01,139,-3.449
growth_mom,2019-11-01,139,11.145
growth_mom,2019-12-01,139,-17.195
growth_mom,2020-01-01,139,1.655
growth_mom,2020-02-01,139,5.74
growth_mom,2020-03-01,139,-1.68
growth_mom,2020-04-01,139,-55.093
growth_mom,2020-05-01,139,56.506
growth_mom,2020-06-01,139,39.373
growth_mom,2020-07-01,139,10.769
growth_mom,2020-08-01,139,-0.915
growth_mom,2020-09-01,139,-3.265
growth_mom,2020-10-01,139,2.235
growth_mom,2020-11-01,139,12.772
growth_mom,2020-12-01,139,-13.037
growth_mom,2021-01-01,139,-4.056
growth_mom,2021-02-01,139,-1.662
growth_mom,2021-03-01,139,12.075
growth_mom,2021-04-01,139,-24.445
growth_mom,2021-05-01,139,-3.138
growth_mom,2021-06-01,139,13.518
growth_mom,2021-07-01,139,1.105
growth_mom,2021-08-01,139,0.517
growth_mom,2021-09-01,139,7.348
growth_mom,2021-10-01,139,17.96
growth_mom,2021-11-01,139,15.534
growth_mom,2021-12-01,139,-16.84
growth_mom,2022-01-01,139,-5.685
growth_mom,2022-02-01,139,3.961
growth_mom,2022-03-01,139,7.055
growth_mom,2022-04-01,139,-19.982
growth_mom,2022-05-01,139,-7.557
growth_mom,2022-06-01,139,5.339
growth_mom,2022-07-01,139,0.112
growth_mom,2022-08-01,139,5.451
growth_mom,2022-09-01,139,9.98
growth_mom,2022-10-01,139,-0.647
growth_mom,2022-11-01,139,5.172
growth_mom,2022-12-01,139,2.996
growth_mom,2023-01-01,139,-8.375
growth_mom,2023-02-01,139,13.182
growth_mom,2023-03-01,139,1.766
growth_mom,2023-04-01,139,-10.15
growth_mom,2023-05-01,139,-13.336
growth_mom,2023-06-01,139,6.112
growth_mom,2023-07-01,139,-1.58
growth_mom,2023-08-01,139,13.43
growth_mom,2023-09-01,139,10.097
growth_mom,2023-10-01,139,-2.04
growth_mom,2023-11-01,139,6.982
growth_mom,2023-12-01,139,-8.055
growth_mom,2024-01-01,139,-5.94
growth_mom,2024-02-01,139,12.245
growth_mom,2024-03-01,139,1.165
growth_mom,2024-04-01,139,-10.827
growth_mom,2024-05-01,139,-11.014
growth_mom,2024-06-01,139,4.594
growth_mom,2024-07-01,139,0.299
growth_mom,2024-08-01,139,13.912
growth_mom,2024-09-01,139,1.755
growth_mom,2024-10-01,139,-1.973
growth_mom,2024-11-01,139,7.16
growth_mom,2024-12-01,139,-8.316
growth_mom,2025-01-01,139,-7.191
growth_mom,2025-02-01,139,13.43
growth_mom,2025-03-01,139,2.854
growth_mom,2025-04-01,139,-10.453
growth_mom,2025-05-01,139,-11.832
growth_mom,2025-06-01,139,5.567
growth_mom,2025-07-01,139,2.491
growth_mom,2025-08-01,139,11.999
growth_mom,2025-09-01,139,1.087
growth_mom,2025-10-01,139,-0.753
growth_mom,2025-11-01,139,7.849
growth_mom,2025-12-01,139,-8.358
growth_mom,2026-01-01,139,-8.316
growth_mom,2026-02-01,139,6.792
growth_mom,2026-03-01,139,2.615
growth_mom,2026-04-01,139,-8.27
growth_mom,2026-05-01,139,-9.809
growth_mom,2026-06-01,139,6.895
abs,2015-01-01,141,94.328
abs,2015-02-01,141,89.004
abs,2015-03-01,141,95.313
abs,2015-04-01,141,100.292
abs,2015-05-01,141,114.119
abs,2015-06-01,141,88.659
abs,2015-07-01,141,89.09
abs,2015-08-01,141,89.122
abs,2015-09-01,141,101.871
abs,2015-10-01,141,114.012
abs,2015-11-01,141,110.366
abs,2015-12-01,141,113.823
abs,2016-01-01,141,100.254
abs,2016-02-01,141,96.914
abs,2016-03-01,141,107.368
abs,2016-04-01,141,106.767
abs,2016-05-01,141,122.184
abs,2016-06-01,141,102.78
abs,2016-07-01,141,95.253
abs,2016-08-01,141,98.424
abs,2016-09-01,141,109.129
abs,2016-10-01,141,119.33
abs,2016-11-01,141,118.509
abs,2016-12-01,141,122.109
abs,2017-01-01,141,108.401
abs,2017-02-01,141,106.395
abs,2017-03-01,141,118.223
abs,2017-04-01,141,115.568
abs,2017-05-01,141,133.4
abs,2017-06-01,141,116.977
abs,2017-07-01,141,109.175
abs,2017-08-01,141,111.798
abs,2017-09-01,141,123.61
abs,2017-10-01,141,135.975
abs,2017-11-01,141,133.778
abs,2017-12-01,141,137.112
abs,2018-01-01,141,122.291
abs,2018-02-01,141,117.214
abs,2018-03-01,141,122.499
abs,2018-04-01,141,120.295
abs,2018-05-01,141,135.607
abs,2018-06-01,141,127.004
abs,2018-07-01,141,114.789
abs,2018-08-01,141,115.726
abs,2018-09-01,141,125.509
abs,2018-10-01,141,138.236
abs,2018-11-01,141,144.395
abs,2018-12-01,141,145.991
abs,2019-01-01,141,132.291
abs,2019-02-01,141,122.542
abs,2019-03-01,141,128.885
abs,2019-04-01,141,126.875
abs,2019-05-01,141,143.02
abs,2019-06-01,141,133.635
abs,2019-07-01,141,121.132
abs,2019-08-01,141,123.656
abs,2019-09-01,141,130.814
abs,2019-10-01,141,149.26
abs,2019-11-01,141,156.765
abs,2019-12-01,141,153.637
abs,2020-01-01,141,137.027
abs,2020-02-01,141,131.552
abs,2020-03-01,141,128.034
abs,2020-04-01,141,23.601
abs,2020-05-01,141,68.665
abs,2020-06-01,141,131.227
abs,2020-07-01,141,114.043
abs,2020-08-01,141,114.829
abs,2020-09-01,141,132.413
abs,2020-10-01,141,149.639
abs,2020-11-01,141,152.381
abs,2020-12-01,141,155.114
abs,2021-01-01,141,133.621
abs,2021-02-01,141,128.437
abs,2021-03-01,141,134.261
abs,2021-04-01,141,101.401
abs,2021-05-01,141,89.124
abs,2021-06-01,141,88.919
abs,2021-07-01,141,90.481
abs,2021-08-01,141,107.635
abs,2021-09-01,141,122.627
abs,2021-10-01,141,148.709
abs,2021-11-01,141,155.754
abs,2021-12-01,141,157.982
abs,2022-01-01,141,137.103
abs,2022-02-01,141,132.646
abs,2022-03-01,141,143.012
abs,2022-04-01,141,108.285
abs,2022-05-01,141,93.894
abs,2022-06-01,141,94.807
abs,2022-07-01,141,98.922
abs,2022-08-01,141,109.772
abs,2022-09-01,141,122.522
abs,2022-10-01,141,135.96
abs,2022-11-01,141,155.611
abs,2022-12-01,141,152.717
abs,2023-01-01,141,134.561
abs,2023-02-01,141,139.927
abs,2023-03-01,141,148.451
abs,2023-04-01,141,113.769
abs,2023-05-01,141,103.227
abs,2023-06-01,141,107.438
abs,2023-07-01,141,106.656
abs,2023-08-01,141,113.987
abs,2023-09-01,141,128.101
abs,2023-10-01,141,144.18
abs,2023-11-01,141,160.379
abs,2023-12-01,141,149.231
abs,2024-01-01,141,136.56
abs,2024-02-01,141,130.053
abs,2024-03-01,141,159.965
abs,2024-04-01,141,118.445
abs,2024-05-01,141,105.382
abs,2024-06-01,141,106.178
abs,2024-07-01,141,115.729
abs,2024-08-01,141,119.268
abs,2024-09-01,141,131.402
abs,2024-10-01,141,146.531
abs,2024-11-01,141,154.275
abs,2024-12-01,141,146.205
abs,2025-01-01,141,137.514
abs,2025-02-01,141,136.515
abs,2025-03-01,141,165.127
abs,2025-04-01,141,121.846
abs,2025-05-01,141,103.932
abs,2025-06-01,141,102.674
abs,2025-07-01,141,112.746
abs,2025-08-01,141,118.75
abs,2025-09-01,141,134.152
abs,2025-10-01,141,149.165
abs,2025-11-01,141,157.859
abs,2025-12-01,141,150.542
abs,2026-01-01,141,140.476
abs,2026-02-01,141,135.195
abs,2026-03-01,141,169.68
abs,2026-04-01,141,127.471
abs,2026-05-01,141,102.697
abs,2026-06-01,141,102.473
growth_yoy,2016-01-01,141,6.282
growth_yoy,2016-02-01,141,8.888
growth_yoy,2016-03-01,141,12.647
growth_yoy,2016-04-01,141,6.456
growth_yoy,2016-05-01,141,7.067
growth_yoy,2016-06-01,141,15.928
growth_yoy,2016-07-01,141,6.918
growth_yoy,2016-08-01,141,10.437
growth_yoy,2016-09-01,141,7.124
growth_yoy,2016-10-01,141,4.664
growth_yoy,2016-11-01,141,7.378
growth_yoy,2016-12-01,141,7.28
growth_yoy,2017-01-01,141,8.126
growth_yoy,2017-02-01,141,9.783
growth_yoy,2017-03-01,141,10.11
growth_yoy,2017-04-01,141,8.243
growth_yoy,2017-05-01,141,9.179
growth_yoy,2017-06-01,141,13.813
growth_yoy,2017-07-01,141,14.616
growth_yoy,2017-08-01,141,13.589
growth_yoy,2017-09-01,141,13.27
growth_yoy,2017-10-01,141,13.949
growth_yoy,2017-11-01,141,12.884
growth_yoy,2017-12-01,141,12.287
growth_yoy,2018-01-01,141,12.814
growth_yoy,2018-02-01,141,10.169
growth_yoy,2018-03-01,141,3.617
growth_yoy,2018-04-01,141,4.09
growth_yoy,2018-05-01,141,1.655
growth_yoy,2018-06-01,141,8.571
growth_yoy,2018-07-01,141,5.142
growth_yoy,2018-08-01,141,3.513
growth_yoy,2018-09-01,141,1.536
growth_yoy,2018-10-01,141,1.663
growth_yoy,2018-11-01,141,7.936
growth_yoy,2018-12-01,141,6.476
growth_yoy,2019-01-01,141,8.177
growth_yoy,2019-02-01,141,4.546
growth_yoy,2019-03-01,141,5.213
growth_yoy,2019-04-01,141,5.47
growth_yoy,2019-05-01,141,5.466
growth_yoy,2019-06-01,141,5.221
growth_yoy,2019-07-01,141,5.526
growth_yoy,2019-08-01,141,6.853
growth_yoy,2019-09-01,141,4.227
growth_yoy,2019-10-01,141,7.975
growth_yoy,2019-11-01,141,8.566
growth_yoy,2019-12-01,141,5.238
growth_yoy,2020-01-01,141,3.58
growth_yoy,2020-02-01,141,7.352
growth_yoy,2020-03-01,141,-0.66
growth_yoy,2020-04-01,141,-81.399
growth_yoy,2020-05-01,141,-51.989
growth_yoy,2020-06-01,141,-1.802
growth_yoy,2020-07-01,141,-5.852
growth_yoy,2020-08-01,141,-7.138
growth_yoy,2020-09-01,141,1.223
growth_yoy,2020-10-01,141,0.253
growth_yoy,2020-11-01,141,-2.796
growth_yoy,2020-12-01,141,0.961
growth_yoy,2021-01-01,141,-2.486
growth_yoy,2021-02-01,141,-2.368
growth_yoy,2021-03-01,141,4.864
growth_yoy,2021-04-01,141,329.655
growth_yoy,2021-05-01,141,29.795
growth_yoy,2021-06-01,141,-32.24
growth_yoy,2021-07-01,141,-20.661
growth_yoy,2021-08-01,141,-6.265
growth_yoy,2021-09-01,141,-7.391
growth_yoy,2021-10-01,141,-0.621
growth_yoy,2021-11-01,141,2.213
growth_yoy,2021-12-01,141,1.849
growth_yoy,2022-01-01,141,2.605
growth_yoy,2022-02-01,141,3.277
growth_yoy,2022-03-01,141,6.518
growth_yoy,2022-04-01,141,6.789
growth_yoy,2022-05-01,141,5.353
growth_yoy,2022-06-01,141,6.621
growth_yoy,2022-07-01,141,9.329
growth_yoy,2022-08-01,141,1.986
growth_yoy,2022-09-01,141,-0.086
growth_yoy,2022-10-01,141,-8.573
growth_yoy,2022-11-01,141,-0.091
growth_yoy,2022-12-01,141,-3.333
growth_yoy,2023-01-01,141,-1.854
growth_yoy,2023-02-01,141,5.489
growth_yoy,2023-03-01,141,3.803
growth_yoy,2023-04-01,141,5.064
growth_yoy,2023-05-01,141,9.94
growth_yoy,2023-06-01,141,13.323
growth_yoy,2023-07-01,141,7.818
growth_yoy,2023-08-01,141,3.839
growth_yoy,2023-09-01,141,4.554
growth_yoy,2023-10-01,141,6.046
growth_yoy,2023-11-01,141,3.064
growth_yoy,2023-12-01,141,-2.283
growth_yoy,2024-01-01,141,1.486
growth_yoy,2024-02-01,141,-7.057
growth_yoy,2024-03-01,141,7.756
growth_yoy,2024-04-01,141,4.11
growth_yoy,2024-05-01,141,2.088
growth_yoy,2024-06-01,141,-1.173
growth_yoy,2024-07-01,141,8.507
growth_yoy,2024-08-01,141,4.634
growth_yoy,2024-09-01,141,2.576
growth_yoy,2024-10-01,141,1.631
growth_yoy,2024-11-01,141,-3.806
growth_yoy,2024-12-01,141,-2.028
growth_yoy,2025-01-01,141,0.699
growth_yoy,2025-02-01,141,4.969
growth_yoy,2025-03-01,141,3.227
growth_yoy,2025-04-01,141,2.872
growth_yoy,2025-05-01,141,-1.376
growth_yoy,2025-06-01,141,-3.3
growth_yoy,2025-07-01,141,-2.578
growth_yoy,2025-08-01,141,-0.434
growth_yoy,2025-09-01,141,2.093
growth_yoy,2025-10-01,141,1.798
growth_yoy,2025-11-01,141,2.323
growth_yoy,2025-12-01,141,2.967
growth_yoy,2026-01-01,141,2.154
growth_yoy,2026-02-01,141,-0.967
growth_yoy,2026-03-01,141,2.757
growth_yoy,2026-04-01,141,4.616
growth_yoy,2026-05-01,141,-1.188
growth_yoy,2026-06-01,141,-0.196
growth_mom,2015-02-01,141,-5.645
growth_mom,2015-03-01,141,7.089
growth_mom,2015-04-01,141,5.223
growth_mom,2015-05-01,141,13.787
growth_mom,2015-06-01,141,-22.31
growth_mom,2015-07-01,141,0.486
growth_mom,2015-08-01,141,0.037
growth_mom,2015-09-01,141,14.305
growth_mom,2015-10-01,141,11.918
growth_mom,2015-11-01,141,-3.198
growth_mom,2015-12-01,141,3.132
growth_mom,2016-01-01,141,-11.921
growth_mom,2016-02-01,141,-3.331
growth_mom,2016-03-01,141,10.787
growth_mom,2016-04-01,141,-0.56
growth_mom,2016-05-01,141,14.44
growth_mom,2016-06-01,141,-15.881
growth_mom,2016-07-01,141,-7.324
growth_mom,2016-08-01,141,3.329
growth_mom,2016-09-01,141,10.877
growth_mom,2016-10-01,141,9.347
growth_mom,2016-11-01,141,-0.688
growth_mom,2016-12-01,141,3.037
growth_mom,2017-01-01,141,-11.226
growth_mom,2017-02-01,141,-1.85
growth_mom,2017-03-01,141,11.116
growth_mom,2017-04-01,141,-2.246
growth_mom,2017-05-01,141,15.43
growth_mom,2017-06-01,141,-12.31
growth_mom,2017-07-01,141,-6.67
growth_mom,2017-08-01,141,2.403
growth_mom,2017-09-01,141,10.565
growth_mom,2017-10-01,141,10.003
growth_mom,2017-11-01,141,-1.615
growth_mom,2017-12-01,141,2.492
growth_mom,2018-01-01,141,-10.809
growth_mom,2018-02-01,141,-4.152
growth_mom,2018-03-01,141,4.508
growth_mom,2018-04-01,141,-1.799
growth_mom,2018-05-01,141,12.729
growth_mom,2018-06-01,141,-6.344
growth_mom,2018-07-01,141,-9.618
growth_mom,2018-08-01,141,0.816
growth_mom,2018-09-01,141,8.454
growth_mom,2018-10-01,141,10.14
growth_mom,2018-11-01,141,4.456
growth_mom,2018-12-01,141,1.105
growth_mom,2019-01-01,141,-9.384
growth_mom,2019-02-01,141,-7.369
growth_mom,2019-03-01,141,5.176
growth_mom,2019-04-01,141,-1.56
growth_mom,2019-05-01,141,12.725
growth_mom,2019-06-01,141,-6.562
growth_mom,2019-07-01,141,-9.356
growth_mom,2019-08-01,141,2.084
growth_mom,2019-09-01,141,5.789
growth_mom,2019-10-01,141,14.101
growth_mom,2019-11-01,141,5.028
growth_mom,2019-12-01,141,-1.995
growth_mom,2020-01-01,141,-10.811
growth_mom,2020-02-01,141,-3.996
growth_mom,2020-03-01,141,-2.675
growth_mom,2020-04-01,141,-81.567
growth_mom,2020-05-01,141,190.946
growth_mom,2020-06-01,141,91.112
growth_mom,2020-07-01,141,-13.095
growth_mom,2020-08-01,141,0.689
growth_mom,2020-09-01,141,15.313
growth_mom,2020-10-01,141,13.009
growth_mom,2020-11-01,141,1.833
growth_mom,2020-12-01,141,1.793
growth_mom,2021-01-01,141,-13.856
growth_mom,2021-02-01,141,-3.88
growth_mom,2021-03-01,141,4.535
growth_mom,2021-04-01,141,-24.475
growth_mom,2021-05-01,141,-12.108
growth_mom,2021-06-01,141,-0.23
growth_mom,2021-07-01,141,1.757
growth_mom,2021-08-01,141,18.958
growth_mom,2021-09-01,141,13.929
growth_mom,2021-10-01,141,21.269
growth_mom,2021-11-01,141,4.737
growth_mom,2021-12-01,141,1.431
growth_mom,2022-01-01,141,-13.216
growth_mom,2022-02-01,141,-3.251
growth_mom,2022-03-01,141,7.815
growth_mom,2022-04-01,141,-24.282
growth_mom,2022-05-01,141,-13.29
growth_mom,2022-06-01,141,0.972
growth_mom,2022-07-01,141,4.341
growth_mom,2022-08-01,141,10.969
growth_mom,2022-09-01,141,11.615
growth_mom,2022-10-01,141,10.967
growth_mom,2022-11-01,141,14.454
growth_mom,2022-12-01,141,-1.86
growth_mom,2023-01-01,141,-11.889
growth_mom,2023-02-01,141,3.988
growth_mom,2023-03-01,141,6.092
growth_mom,2023-04-01,141,-23.363
growth_mom,2023-05-01,141,-9.266
growth_mom,2023-06-01,141,4.079
growth_mom,2023-07-01,141,-0.728
growth_mom,2023-08-01,141,6.873
growth_mom,2023-09-01,141,12.383
growth_mom,2023-10-01,141,12.551
growth_mom,2023-11-01,141,11.236
growth_mom,2023-12-01,141,-6.951
growth_mom,2024-01-01,141,-8.491
growth_mom,2024-02-01,141,-4.765
growth_mom,2024-03-01,141,23.0
growth_mom,2024-04-01,141,-25.956
growth_mom,2024-05-01,141,-11.028
growth_mom,2024-06-01,141,0.755
growth_mom,2024-07-01,141,8.996
growth_mom,2024-08-01,141,3.058
growth_mom,2024-09-01,141,10.173
growth_mom,2024-10-01,141,11.514
growth_mom,2024-11-01,141,5.285
growth_mom,2024-12-01,141,-5.231
growth_mom,2025-01-01,141,-5.944
growth_mom,2025-02-01,141,-0.727
growth_mom,2025-03-01,141,20.959
growth_mom,2025-04-01,141,-26.211
growth_mom,2025-05-01,141,-14.702
growth_mom,2025-06-01,141,-1.21
growth_mom,2025-07-01,141,9.809
growth_mom,2025-08-01,141,5.326
growth_mom,2025-09-01,141,12.97
growth_mom,2025-10-01,141,11.191
growth_mom,2025-11-01,141,5.828
growth_mom,2025-12-01,141,-4.635
growth_mom,2026-01-01,141,-6.686
growth_mom,2026-02-01,141,-3.76
growth_mom,2026-03-01,141,25.508
growth_mom,2026-04-01,141,-24.876
growth_mom,2026-05-01,141,-19.434
growth_mom,2026-06-01,141,-0.218
abs,2015-01-01,142,91.345
abs,2015-02-01,142,108.25
abs,2015-03-01,142,113.169
abs,2015-04-01,142,101.591
abs,2015-05-01,142,90.881
abs,2015-06-01,142,149.541
abs,2015-07-01,142,90.578
abs,2015-08-01,142,85.606
abs,2015-09-01,142,93.104
abs,2015-10-01,142,84.033
abs,2015-11-01,142,94.235
abs,2015-12-01,142,97.667
abs,2016-01-01,142,97.063
abs,2016-02-01,142,117.857
abs,2016-03-01,142,127.481
abs,2016-04-01,142,108.227
abs,2016-05-01,142,97.386
abs,2016-06-01,142,173.36
abs,2016-07-01,142,96.844
abs,2016-08-01,142,94.54
abs,2016-09-01,142,99.738
abs,2016-10-01,142,87.953
abs,2016-11-01,142,101.188
abs,2016-12-01,142,104.777
abs,2017-01-01,142,104.97
abs,2017-02-01,142,129.397
abs,2017-03-01,142,140.37
abs,2017-04-01,142,117.148
abs,2017-05-01,142,106.325
abs,2017-06-01,142,197.305
abs,2017-07-01,142,111.0
abs,2017-08-01,142,107.387
abs,2017-09-01,142,112.972
abs,2017-10-01,142,100.221
abs,2017-11-01,142,114.225
abs,2017-12-01,142,117.65
abs,2018-01-01,142,136.452
abs,2018-02-01,142,128.677
abs,2018-03-01,142,143.851
abs,2018-04-01,142,182.363
abs,2018-05-01,142,143.968
abs,2018-06-01,142,178.845
abs,2018-07-01,142,87.599
abs,2018-08-01,142,113.87
abs,2018-09-01,142,104.828
abs,2018-10-01,142,126.27
abs,2018-11-01,142,136.435
abs,2018-12-01,142,147.437
abs,2019-01-01,142,132.693
abs,2019-02-01,142,120.6
abs,2019-03-01,142,129.936
abs,2019-04-01,142,117.115
abs,2019-05-01,142,145.077
abs,2019-06-01,142,199.159
abs,2019-07-01,142,126.687
abs,2019-08-01,142,116.688
abs,2019-09-01,142,147.511
abs,2019-10-01,142,139.967
abs,2019-11-01,142,190.073
abs,2019-12-01,142,151.951
abs,2020-01-01,142,145.419
abs,2020-02-01,142,127.407
abs,2020-03-01,142,123.57
abs,2020-04-01,142,27.031
abs,2020-05-01,142,109.219
abs,2020-06-01,142,200.661
abs,2020-07-01,142,157.186
abs,2020-08-01,142,123.13
abs,2020-09-01,142,180.2
abs,2020-10-01,142,110.607
abs,2020-11-01,142,143.097
abs,2020-12-01,142,115.816
abs,2021-01-01,142,118.639
abs,2021-02-01,142,106.097
abs,2021-03-01,142,119.089
abs,2021-04-01,142,115.499
abs,2021-05-01,142,147.974
abs,2021-06-01,142,105.606
abs,2021-07-01,142,98.048
abs,2021-08-01,142,88.829
abs,2021-09-01,142,109.799
abs,2021-10-01,142,127.99
abs,2021-11-01,142,139.767
abs,2021-12-01,142,119.494
abs,2022-01-01,142,134.389
abs,2022-02-01,142,118.474
abs,2022-03-01,142,124.144
abs,2022-04-01,142,129.588
abs,2022-05-01,142,141.728
abs,2022-06-01,142,141.89
abs,2022-07-01,142,133.199
abs,2022-08-01,142,134.717
abs,2022-09-01,142,145.916
abs,2022-10-01,142,134.803
abs,2022-11-01,142,173.533
abs,2022-12-01,142,165.02
abs,2023-01-01,142,146.482
abs,2023-02-01,142,106.92
abs,2023-03-01,142,147.38
abs,2023-04-01,142,169.303
abs,2023-05-01,142,197.144
abs,2023-06-01,142,148.275
abs,2023-07-01,142,183.42
abs,2023-08-01,142,125.515
abs,2023-09-01,142,158.757
abs,2023-10-01,142,153.81
abs,2023-11-01,142,203.727
abs,2023-12-01,142,151.158
abs,2024-01-01,142,148.155
abs,2024-02-01,142,112.48
abs,2024-03-01,142,162.412
abs,2024-04-01,142,214.176
abs,2024-05-01,142,188.469
abs,2024-06-01,142,137.006
abs,2024-07-01,142,185.988
abs,2024-08-01,142,131.665
abs,2024-09-01,142,144.451
abs,2024-10-01,142,127.496
abs,2024-11-01,142,171.946
abs,2024-12-01,142,126.822
abs,2025-01-01,142,140.884
abs,2025-02-01,142,123.841
abs,2025-03-01,142,176.055
abs,2025-04-01,142,234.737
abs,2025-05-01,142,171.696
abs,2025-06-01,142,114.066
abs,2025-07-01,142,157.718
abs,2025-08-01,142,105.991
abs,2025-09-01,142,112.383
abs,2025-10-01,142,105.063
abs,2025-11-01,142,144.737
abs,2025-12-01,142,101.965
abs,2026-01-01,142,126.091
abs,2026-02-01,142,107.989
abs,2026-03-01,142,145.949
abs,2026-04-01,142,202.678
abs,2026-05-01,142,152.858
abs,2026-06-01,142,126.955
growth_yoy,2016-01-01,142,6.259
growth_yoy,2016-02-01,142,8.875
growth_yoy,2016-03-01,142,12.646
growth_yoy,2016-04-01,142,6.532
growth_yoy,2016-05-01,142,7.158
growth_yoy,2016-06-01,142,15.928
growth_yoy,2016-07-01,142,6.918
growth_yoy,2016-08-01,142,10.437
growth_yoy,2016-09-01,142,7.125
growth_yoy,2016-10-01,142,4.664
growth_yoy,2016-11-01,142,7.379
growth_yoy,2016-12-01,142,7.28
growth_yoy,2017-01-01,142,8.147
growth_yoy,2017-02-01,142,9.792
growth_yoy,2017-03-01,142,10.111
growth_yoy,2017-04-01,142,8.243
growth_yoy,2017-05-01,142,9.179
growth_yoy,2017-06-01,142,13.812
growth_yoy,2017-07-01,142,14.617
growth_yoy,2017-08-01,142,13.589
growth_yoy,2017-09-01,142,13.269
growth_yoy,2017-10-01,142,13.948
growth_yoy,2017-11-01,142,12.884
growth_yoy,2017-12-01,142,12.286
growth_yoy,2018-01-01,142,29.992
growth_yoy,2018-02-01,142,-0.557
growth_yoy,2018-03-01,142,2.48
growth_yoy,2018-04-01,142,55.669
growth_yoy,2018-05-01,142,35.404
growth_yoy,2018-06-01,142,-9.356
growth_yoy,2018-07-01,142,-21.082
growth_yoy,2018-08-01,142,6.037
growth_yoy,2018-09-01,142,-7.209
growth_yoy,2018-10-01,142,25.992
growth_yoy,2018-11-01,142,19.444
growth_yoy,2018-12-01,142,25.318
growth_yoy,2019-01-01,142,-2.755
growth_yoy,2019-02-01,142,-6.277
growth_yoy,2019-03-01,142,-9.673
growth_yoy,2019-04-01,142,-35.779
growth_yoy,2019-05-01,142,0.77
growth_yoy,2019-06-01,142,11.358
growth_yoy,2019-07-01,142,44.621
growth_yoy,2019-08-01,142,2.475
growth_yoy,2019-09-01,142,40.717
growth_yoy,2019-10-01,142,10.847
growth_yoy,2019-11-01,142,39.314
growth_yoy,2019-12-01,142,3.062
growth_yoy,2020-01-01,142,9.59
growth_yoy,2020-02-01,142,5.644
growth_yoy,2020-03-01,142,-4.9
growth_yoy,2020-04-01,142,-76.919
growth_yoy,2020-05-01,142,-24.716
growth_yoy,2020-06-01,142,0.754
growth_yoy,2020-07-01,142,24.074
growth_yoy,2020-08-01,142,5.521
growth_yoy,2020-09-01,142,22.16
growth_yoy,2020-10-01,142,-20.976
growth_yoy,2020-11-01,142,-24.715
growth_yoy,2020-12-01,142,-23.781
growth_yoy,2021-01-01,142,-18.416
growth_yoy,2021-02-01,142,-16.726
growth_yoy,2021-03-01,142,-3.626
growth_yoy,2021-04-01,142,327.283
growth_yoy,2021-05-01,142,35.483
growth_yoy,2021-06-01,142,-47.371
growth_yoy,2021-07-01,142,-37.623
growth_yoy,2021-08-01,142,-27.857
growth_yoy,2021-09-01,142,-39.068
growth_yoy,2021-10-01,142,15.716
growth_yoy,2021-11-01,142,-2.327
growth_yoy,2021-12-01,142,3.176
growth_yoy,2022-01-01,142,13.276
growth_yoy,2022-02-01,142,11.666
growth_yoy,2022-03-01,142,4.244
growth_yoy,2022-04-01,142,12.199
growth_yoy,2022-05-01,142,-4.221
growth_yoy,2022-06-01,142,34.358
growth_yoy,2022-07-01,142,35.85
growth_yoy,2022-08-01,142,51.659
growth_yoy,2022-09-01,142,32.893
growth_yoy,2022-10-01,142,5.323
growth_yoy,2022-11-01,142,24.159
growth_yoy,2022-12-01,142,38.099
growth_yoy,2023-01-01,142,8.999
growth_yoy,2023-02-01,142,-9.752
growth_yoy,2023-03-01,142,18.717
growth_yoy,2023-04-01,142,30.647
growth_yoy,2023-05-01,142,39.1
growth_yoy,2023-06-01,142,4.5
growth_yoy,2023-07-01,142,37.704
growth_yoy,2023-08-01,142,-6.831
growth_yoy,2023-09-01,142,8.8
growth_yoy,2023-10-01,142,14.1
growth_yoy,2023-11-01,142,17.4
growth_yoy,2023-12-01,142,-8.4
growth_yoy,2024-01-01,142,1.142
growth_yoy,2024-02-01,142,5.2
growth_yoy,2024-03-01,142,10.199
growth_yoy,2024-04-01,142,26.505
growth_yoy,2024-05-01,142,-4.4
growth_yoy,2024-06-01,142,-7.6
growth_yoy,2024-07-01,142,1.4
growth_yoy,2024-08-01,142,4.9
growth_yoy,2024-09-01,142,-9.011
growth_yoy,2024-10-01,142,-17.108
growth_yoy,2024-11-01,142,-15.6
growth_yoy,2024-12-01,142,-16.1
growth_yoy,2025-01-01,142,-4.907
growth_yoy,2025-02-01,142,10.1
growth_yoy,2025-03-01,142,8.4
growth_yoy,2025-04-01,142,9.6
growth_yoy,2025-05-01,142,-8.9
growth_yoy,2025-06-01,142,-16.744
growth_yoy,2025-07-01,142,-15.2
growth_yoy,2025-08-01,142,-19.5
growth_yoy,2025-09-01,142,-22.2
growth_yoy,2025-10-01,142,-17.595
growth_yoy,2025-11-01,142,-15.824
growth_yoy,2025-12-01,142,-19.6
growth_yoy,2026-01-01,142,-10.5
growth_yoy,2026-02-01,142,-12.8
growth_yoy,2026-03-01,142,-17.1
growth_yoy,2026-04-01,142,-13.657
growth_yoy,2026-05-01,142,-10.972
growth_yoy,2026-06-01,142,11.3
growth_mom,2015-02-01,142,18.507
growth_mom,2015-03-01,142,4.544
growth_mom,2015-04-01,142,-10.231
growth_mom,2015-05-01,142,-10.542
growth_mom,2015-06-01,142,64.546
growth_mom,2015-07-01,142,-39.429
growth_mom,2015-08-01,142,-5.49
growth_mom,2015-09-01,142,8.759
growth_mom,2015-10-01,142,-9.742
growth_mom,2015-11-01,142,12.14
growth_mom,2015-12-01,142,3.642
growth_mom,2016-01-01,142,-0.619
growth_mom,2016-02-01,142,21.424
growth_mom,2016-03-01,142,8.166
growth_mom,2016-04-01,142,-15.103
growth_mom,2016-05-01,142,-10.017
growth_mom,2016-06-01,142,78.013
growth_mom,2016-07-01,142,-44.137
growth_mom,2016-08-01,142,-2.379
growth_mom,2016-09-01,142,5.498
growth_mom,2016-10-01,142,-11.816
growth_mom,2016-11-01,142,15.048
growth_mom,2016-12-01,142,3.547
growth_mom,2017-01-01,142,0.184
growth_mom,2017-02-01,142,23.27
growth_mom,2017-03-01,142,8.48
growth_mom,2017-04-01,142,-16.543
growth_mom,2017-05-01,142,-9.239
growth_mom,2017-06-01,142,85.568
growth_mom,2017-07-01,142,-43.742
growth_mom,2017-08-01,142,-3.255
growth_mom,2017-09-01,142,5.201
growth_mom,2017-10-01,142,-11.287
growth_mom,2017-11-01,142,13.973
growth_mom,2017-12-01,142,2.999
growth_mom,2018-01-01,142,15.982
growth_mom,2018-02-01,142,-5.698
growth_mom,2018-03-01,142,11.793
growth_mom,2018-04-01,142,26.772
growth_mom,2018-05-01,142,-21.054
growth_mom,2018-06-01,142,24.225
growth_mom,2018-07-01,142,-51.019
growth_mom,2018-08-01,142,29.989
growth_mom,2018-09-01,142,-7.94
growth_mom,2018-10-01,142,20.455
growth_mom,2018-11-01,142,8.05
growth_mom,2018-12-01,142,8.064
growth_mom,2019-01-01,142,-10.0
growth_mom,2019-02-01,142,-9.113
growth_mom,2019-03-01,142,7.741
growth_mom,2019-04-01,142,-9.867
growth_mom,2019-05-01,142,23.875
growth_mom,2019-06-01,142,37.278
growth_mom,2019-07-01,142,-36.389
growth_mom,2019-08-01,142,-7.893
growth_mom,2019-09-01,142,26.415
growth_mom,2019-10-01,142,-5.115
growth_mom,2019-11-01,142,35.799
growth_mom,2019-12-01,142,-20.056
growth_mom,2020-01-01,142,-4.299
growth_mom,2020-02-01,142,-12.386
growth_mom,2020-03-01,142,-3.012
growth_mom,2020-04-01,142,-78.125
growth_mom,2020-05-01,142,304.053
growth_mom,2020-06-01,142,83.723
growth_mom,2020-07-01,142,-21.666
growth_mom,2020-08-01,142,-21.666
growth_mom,2020-09-01,142,46.349
growth_mom,2020-10-01,142,-38.62
growth_mom,2020-11-01,142,29.375
growth_mom,2020-12-01,142,-19.065
growth_mom,2021-01-01,142,2.438
growth_mom,2021-02-01,142,-10.571
growth_mom,2021-03-01,142,12.245
growth_mom,2021-04-01,142,-3.015
growth_mom,2021-05-01,142,28.117
growth_mom,2021-06-01,142,-28.632
growth_mom,2021-07-01,142,-7.156
growth_mom,2021-08-01,142,-9.403
growth_mom,2021-09-01,142,23.607
growth_mom,2021-10-01,142,16.567
growth_mom,2021-11-01,142,9.201
growth_mom,2021-12-01,142,-14.505
growth_mom,2022-01-01,142,12.465
growth_mom,2022-02-01,142,-11.842
growth_mom,2022-03-01,142,4.786
growth_mom,2022-04-01,142,4.386
growth_mom,2022-05-01,142,9.368
growth_mom,2022-06-01,142,0.114
growth_mom,2022-07-01,142,-6.125
growth_mom,2022-08-01,142,1.14
growth_mom,2022-09-01,142,8.313
growth_mom,2022-10-01,142,-7.616
growth_mom,2022-11-01,142,28.731
growth_mom,2022-12-01,142,-4.905
growth_mom,2023-01-01,142,-11.234
growth_mom,2023-02-01,142,-27.008
growth_mom,2023-03-01,142,37.841
growth_mom,2023-04-01,142,14.875
growth_mom,2023-05-01,142,16.444
growth_mom,2023-06-01,142,-24.788
growth_mom,2023-07-01,142,23.703
growth_mom,2023-08-01,142,-31.57
growth_mom,2023-09-01,142,26.484
growth_mom,2023-10-01,142,-3.116
growth_mom,2023-11-01,142,32.454
growth_mom,2023-12-01,142,-25.804
growth_mom,2024-01-01,142,-1.987
growth_mom,2024-02-01,142,-24.079
growth_mom,2024-03-01,142,44.392
growth_mom,2024-04-01,142,31.872
growth_mom,2024-05-01,142,-12.003
growth_mom,2024-06-01,142,-27.306
growth_mom,2024-07-01,142,35.751
growth_mom,2024-08-01,142,-29.208
growth_mom,2024-09-01,142,9.71
growth_mom,2024-10-01,142,-11.737
growth_mom,2024-11-01,142,34.863
growth_mom,2024-12-01,142,-26.243
growth_mom,2025-01-01,142,11.088
growth_mom,2025-02-01,142,-12.098
growth_mom,2025-03-01,142,42.162
growth_mom,2025-04-01,142,33.332
growth_mom,2025-05-01,142,-26.856
growth_mom,2025-06-01,142,-33.565
growth_mom,2025-07-01,142,38.269
growth_mom,2025-08-01,142,-32.797
growth_mom,2025-09-01,142,6.031
growth_mom,2025-10-01,142,-6.513
growth_mom,2025-11-01,142,37.761
growth_mom,2025-12-01,142,-29.551
growth_mom,2026-01-01,142,23.662
growth_mom,2026-02-01,142,-14.356
growth_mom,2026-03-01,142,35.152
growth_mom,2026-04-01,142,38.869
growth_mom,2026-05-01,142,-24.581
growth_mom,2026-06-01,142,-16.945
abs,2015-01-01,143,121.868
abs,2015-02-01,143,95.767
abs,2015-03-01,143,83.374
abs,2015-04-01,143,89.775
abs,2015-05-01,143,89.185
abs,2015-06-01,143,100.022
abs,2015-07-01,143,88.871
abs,2015-08-01,143,89.971
abs,2015-09-01,143,96.954
abs,2015-10-01,143,93.04
abs,2015-11-01,143,127.278
abs,2015-12-01,143,123.895
abs,2016-01-01,143,129.496
abs,2016-02-01,143,104.266
abs,2016-03-01,143,93.919
abs,2016-04-01,143,95.639
abs,2016-05-01,143,95.568
abs,2016-06-01,143,115.953
abs,2016-07-01,143,95.019
abs,2016-08-01,143,99.361
abs,2016-09-01,143,103.862
abs,2016-10-01,143,97.38
abs,2016-11-01,143,136.668
abs,2016-12-01,143,132.914
abs,2017-01-01,143,140.046
abs,2017-02-01,143,114.476
abs,2017-03-01,143,103.414
abs,2017-04-01,143,103.522
abs,2017-05-01,143,104.341
abs,2017-06-01,143,131.969
abs,2017-07-01,143,108.908
abs,2017-08-01,143,112.863
abs,2017-09-01,143,117.644
abs,2017-10-01,143,110.962
abs,2017-11-01,143,154.277
abs,2017-12-01,143,149.245
abs,2018-01-01,143,143.852
abs,2018-02-01,143,133.449
abs,2018-03-01,143,119.312
abs,2018-04-01,143,132.204
abs,2018-05-01,143,122.837
abs,2018-06-01,143,134.161
abs,2018-07-01,143,129.734
abs,2018-08-01,143,128.88
abs,2018-09-01,143,126.206
abs,2018-10-01,143,133.232
abs,2018-11-01,143,158.738
abs,2018-12-01,143,132.964
abs,2019-01-01,143,131.696
abs,2019-02-01,143,144.866
abs,2019-03-01,143,144.906
abs,2019-04-01,143,140.819
abs,2019-05-01,143,143.714
abs,2019-06-01,143,144.572
abs,2019-07-01,143,141.685
abs,2019-08-01,143,141.751
abs,2019-09-01,143,142.67
abs,2019-10-01,143,145.812
abs,2019-11-01,143,143.298
abs,2019-12-01,143,141.942
abs,2020-01-01,143,145.09
abs,2020-02-01,143,143.427
abs,2020-03-01,143,144.627
abs,2020-04-01,143,82.436
abs,2020-05-01,143,126.907
abs,2020-06-01,143,99.588
abs,2020-07-01,143,119.644
abs,2020-08-01,143,128.161
abs,2020-09-01,143,118.999
abs,2020-10-01,143,122.397
abs,2020-11-01,143,124.657
abs,2020-12-01,143,131.254
abs,2021-01-01,143,128.626
abs,2021-02-01,143,133.668
abs,2021-03-01,143,135.846
abs,2021-04-01,143,138.215
abs,2021-05-01,143,139.835
abs,2021-06-01,143,144.046
abs,2021-07-01,143,130.431
abs,2021-08-01,143,140.141
abs,2021-09-01,143,142.926
abs,2021-10-01,143,143.065
abs,2021-11-01,143,144.284
abs,2021-12-01,143,145.463
abs,2022-01-01,143,146.682
abs,2022-02-01,143,147.9
abs,2022-03-01,143,149.001
abs,2022-04-01,143,149.394
abs,2022-05-01,143,150.73
abs,2022-06-01,143,152.305
abs,2022-07-01,143,153.055
abs,2022-08-01,143,154.122
abs,2022-09-01,143,156.752
abs,2022-10-01,143,156.961
abs,2022-11-01,143,158.153
abs,2022-12-01,143,159.274
abs,2023-01-01,143,160.459
abs,2023-02-01,143,161.717
abs,2023-03-01,143,162.865
abs,2023-04-01,143,164.116
abs,2023-05-01,143,165.625
abs,2023-06-01,143,167.4
abs,2023-07-01,143,168.271
abs,2023-08-01,143,169.53
abs,2023-09-01,143,172.461
abs,2023-10-01,143,172.738
abs,2023-11-01,143,174.095
abs,2023-12-01,143,163.853
abs,2024-01-01,143,165.084
abs,2024-02-01,143,168.718
abs,2024-03-01,143,168.749
abs,2024-04-01,143,168.234
abs,2024-05-01,143,171.785
abs,2024-06-01,143,172.722
abs,2024-07-01,143,174.908
abs,2024-08-01,143,177.663
abs,2024-09-01,143,182.436
abs,2024-10-01,143,182.935
abs,2024-11-01,143,185.175
abs,2024-12-01,143,174.762
abs,2025-01-01,143,176.679
abs,2025-02-01,143,180.759
abs,2025-03-01,143,180.784
abs,2025-04-01,143,180.243
abs,2025-05-01,143,184.044
abs,2025-06-01,143,185.045
abs,2025-07-01,143,187.376
abs,2025-08-01,143,190.884
abs,2025-09-01,143,196.221
abs,2025-10-01,143,195.603
abs,2025-11-01,143,197.992
abs,2025-12-01,143,187.188
abs,2026-01-01,143,189.413
abs,2026-02-01,143,193.784
abs,2026-03-01,143,193.804
abs,2026-04-01,143,193.232
abs,2026-05-01,143,197.303
abs,2026-06-01,143,198.374
growth_yoy,2016-01-01,143,6.259
growth_yoy,2016-02-01,143,8.874
growth_yoy,2016-03-01,143,12.647
growth_yoy,2016-04-01,143,6.532
growth_yoy,2016-05-01,143,7.157
growth_yoy,2016-06-01,143,15.928
growth_yoy,2016-07-01,143,6.918
growth_yoy,2016-08-01,143,10.437
growth_yoy,2016-09-01,143,7.125
growth_yoy,2016-10-01,143,4.665
growth_yoy,2016-11-01,143,7.378
growth_yoy,2016-12-01,143,7.28
growth_yoy,2017-01-01,143,8.147
growth_yoy,2017-02-01,143,9.792
growth_yoy,2017-03-01,143,10.11
growth_yoy,2017-04-01,143,8.242
growth_yoy,2017-05-01,143,9.18
growth_yoy,2017-06-01,143,13.812
growth_yoy,2017-07-01,143,14.617
growth_yoy,2017-08-01,143,13.589
growth_yoy,2017-09-01,143,13.27
growth_yoy,2017-10-01,143,13.948
growth_yoy,2017-11-01,143,12.884
growth_yoy,2017-12-01,143,12.287
growth_yoy,2018-01-01,143,2.718
growth_yoy,2018-02-01,143,16.574
growth_yoy,2018-03-01,143,15.373
growth_yoy,2018-04-01,143,27.707
growth_yoy,2018-05-01,143,17.727
growth_yoy,2018-06-01,143,1.661
growth_yoy,2018-07-01,143,19.123
growth_yoy,2018-08-01,143,14.191
growth_yoy,2018-09-01,143,7.278
growth_yoy,2018-10-01,143,20.07
growth_yoy,2018-11-01,143,2.892
growth_yoy,2018-12-01,143,-10.909
growth_yoy,2019-01-01,143,-8.451
growth_yoy,2019-02-01,143,8.555
growth_yoy,2019-03-01,143,21.452
growth_yoy,2019-04-01,143,6.516
growth_yoy,2019-05-01,143,16.995
growth_yoy,2019-06-01,143,7.761
growth_yoy,2019-07-01,143,9.212
growth_yoy,2019-08-01,143,9.987
growth_yoy,2019-09-01,143,13.045
growth_yoy,2019-10-01,143,9.442
growth_yoy,2019-11-01,143,-9.727
growth_yoy,2019-12-01,143,6.752
growth_yoy,2020-01-01,143,10.17
growth_yoy,2020-02-01,143,-0.993
growth_yoy,2020-03-01,143,-0.192
growth_yoy,2020-04-01,143,-41.459
growth_yoy,2020-05-01,143,-11.695
growth_yoy,2020-06-01,143,-31.115
growth_yoy,2020-07-01,143,-15.557
growth_yoy,2020-08-01,143,-9.588
growth_yoy,2020-09-01,143,-16.592
growth_yoy,2020-10-01,143,-16.058
growth_yoy,2020-11-01,143,-13.009
growth_yoy,2020-12-01,143,-7.53
growth_yoy,2021-01-01,143,-11.347
growth_yoy,2021-02-01,143,-6.804
growth_yoy,2021-03-01,143,-6.072
growth_yoy,2021-04-01,143,67.663
growth_yoy,2021-05-01,143,10.187
growth_yoy,2021-06-01,143,44.641
growth_yoy,2021-07-01,143,9.016
growth_yoy,2021-08-01,143,9.348
growth_yoy,2021-09-01,143,20.107
growth_yoy,2021-10-01,143,16.886
growth_yoy,2021-11-01,143,15.745
growth_yoy,2021-12-01,143,10.826
growth_yoy,2022-01-01,143,14.037
growth_yoy,2022-02-01,143,10.648
growth_yoy,2022-03-01,143,9.684
growth_yoy,2022-04-01,143,8.088
growth_yoy,2022-05-01,143,7.791
growth_yoy,2022-06-01,143,5.734
growth_yoy,2022-07-01,143,17.346
growth_yoy,2022-08-01,143,9.976
growth_yoy,2022-09-01,143,9.674
growth_yoy,2022-10-01,143,9.713
growth_yoy,2022-11-01,143,9.613
growth_yoy,2022-12-01,143,9.495
growth_yoy,2023-01-01,143,9.393
growth_yoy,2023-02-01,143,9.342
growth_yoy,2023-03-01,143,9.305
growth_yoy,2023-04-01,143,9.854
growth_yoy,2023-05-01,143,9.882
growth_yoy,2023-06-01,143,9.911
growth_yoy,2023-07-01,143,9.942
growth_yoy,2023-08-01,143,9.997
growth_yoy,2023-09-01,143,10.021
growth_yoy,2023-10-01,143,10.052
growth_yoy,2023-11-01,143,10.08
growth_yoy,2023-12-01,143,2.874
growth_yoy,2024-01-01,143,2.882
growth_yoy,2024-02-01,143,4.33
growth_yoy,2024-03-01,143,3.613
growth_yoy,2024-04-01,143,2.51
growth_yoy,2024-05-01,143,3.719
growth_yoy,2024-06-01,143,3.179
growth_yoy,2024-07-01,143,3.944
growth_yoy,2024-08-01,143,4.797
growth_yoy,2024-09-01,143,5.784
growth_yoy,2024-10-01,143,5.903
growth_yoy,2024-11-01,143,6.365
growth_yoy,2024-12-01,143,6.658
growth_yoy,2025-01-01,143,7.023
growth_yoy,2025-02-01,143,7.137
growth_yoy,2025-03-01,143,7.132
growth_yoy,2025-04-01,143,7.138
growth_yoy,2025-05-01,143,7.136
growth_yoy,2025-06-01,143,7.134
growth_yoy,2025-07-01,143,7.129
growth_yoy,2025-08-01,143,7.442
growth_yoy,2025-09-01,143,7.557
growth_yoy,2025-10-01,143,6.925
growth_yoy,2025-11-01,143,6.921
growth_yoy,2025-12-01,143,7.11
growth_yoy,2026-01-01,143,7.207
growth_yoy,2026-02-01,143,7.205
growth_yoy,2026-03-01,143,7.202
growth_yoy,2026-04-01,143,7.206
growth_yoy,2026-05-01,143,7.205
growth_yoy,2026-06-01,143,7.203
growth_mom,2015-02-01,143,-21.417
growth_mom,2015-03-01,143,-12.941
growth_mom,2015-04-01,143,7.677
growth_mom,2015-05-01,143,-0.658
growth_mom,2015-06-01,143,12.151
growth_mom,2015-07-01,143,-11.148
growth_mom,2015-08-01,143,1.237
growth_mom,2015-09-01,143,7.762
growth_mom,2015-10-01,143,-4.037
growth_mom,2015-11-01,143,36.799
growth_mom,2015-12-01,143,-2.658
growth_mom,2016-01-01,143,4.521
growth_mom,2016-02-01,143,-19.483
growth_mom,2016-03-01,143,-9.924
growth_mom,2016-04-01,143,1.831
growth_mom,2016-05-01,143,-0.074
growth_mom,2016-06-01,143,21.33
growth_mom,2016-07-01,143,-18.054
growth_mom,2016-08-01,143,4.57
growth_mom,2016-09-01,143,4.53
growth_mom,2016-10-01,143,-6.241
growth_mom,2016-11-01,143,40.345
growth_mom,2016-12-01,143,-2.747
growth_mom,2017-01-01,143,5.366
growth_mom,2017-02-01,143,-18.258
growth_mom,2017-03-01,143,-9.663
growth_mom,2017-04-01,143,0.104
growth_mom,2017-05-01,143,0.791
growth_mom,2017-06-01,143,26.479
growth_mom,2017-07-01,143,-17.475
growth_mom,2017-08-01,143,3.631
growth_mom,2017-09-01,143,4.236
growth_mom,2017-10-01,143,-5.68
growth_mom,2017-11-01,143,39.035
growth_mom,2017-12-01,143,-3.262
growth_mom,2018-01-01,143,-3.613
growth_mom,2018-02-01,143,-7.232
growth_mom,2018-03-01,143,-10.594
growth_mom,2018-04-01,143,10.806
growth_mom,2018-05-01,143,-7.085
growth_mom,2018-06-01,143,9.218
growth_mom,2018-07-01,143,-3.299
growth_mom,2018-08-01,143,-0.659
growth_mom,2018-09-01,143,-2.075
growth_mom,2018-10-01,143,5.568
growth_mom,2018-11-01,143,19.144
growth_mom,2018-12-01,143,-16.237
growth_mom,2019-01-01,143,-0.954
growth_mom,2019-02-01,143,10.0
growth_mom,2019-03-01,143,0.028
growth_mom,2019-04-01,143,-2.821
growth_mom,2019-05-01,143,2.056
growth_mom,2019-06-01,143,0.597
growth_mom,2019-07-01,143,-1.997
growth_mom,2019-08-01,143,0.046
growth_mom,2019-09-01,143,0.648
growth_mom,2019-10-01,143,2.203
growth_mom,2019-11-01,143,-1.724
growth_mom,2019-12-01,143,-0.947
growth_mom,2020-01-01,143,2.218
growth_mom,2020-02-01,143,-1.146
growth_mom,2020-03-01,143,0.837
growth_mom,2020-04-01,143,-43.001
growth_mom,2020-05-01,143,53.946
growth_mom,2020-06-01,143,-21.526
growth_mom,2020-07-01,143,20.138
growth_mom,2020-08-01,143,7.118
growth_mom,2020-09-01,143,-7.149
growth_mom,2020-10-01,143,2.856
growth_mom,2020-11-01,143,1.846
growth_mom,2020-12-01,143,5.292
growth_mom,2021-01-01,143,-2.002
growth_mom,2021-02-01,143,3.92
growth_mom,2021-03-01,143,1.629
growth_mom,2021-04-01,143,1.744
growth_mom,2021-05-01,143,1.172
growth_mom,2021-06-01,143,3.011
growth_mom,2021-07-01,143,-9.452
growth_mom,2021-08-01,143,7.445
growth_mom,2021-09-01,143,1.987
growth_mom,2021-10-01,143,0.098
growth_mom,2021-11-01,143,0.852
growth_mom,2021-12-01,143,0.817
growth_mom,2022-01-01,143,0.838
growth_mom,2022-02-01,143,0.831
growth_mom,2022-03-01,143,0.744
growth_mom,2022-04-01,143,0.264
growth_mom,2022-05-01,143,0.894
growth_mom,2022-06-01,143,1.045
growth_mom,2022-07-01,143,0.493
growth_mom,2022-08-01,143,0.697
growth_mom,2022-09-01,143,1.707
growth_mom,2022-10-01,143,0.133
growth_mom,2022-11-01,143,0.76
growth_mom,2022-12-01,143,0.709
growth_mom,2023-01-01,143,0.744
growth_mom,2023-02-01,143,0.784
growth_mom,2023-03-01,143,0.71
growth_mom,2023-04-01,143,0.768
growth_mom,2023-05-01,143,0.92
growth_mom,2023-06-01,143,1.072
growth_mom,2023-07-01,143,0.52
growth_mom,2023-08-01,143,0.748
growth_mom,2023-09-01,143,1.729
growth_mom,2023-10-01,143,0.161
growth_mom,2023-11-01,143,0.785
growth_mom,2023-12-01,143,-5.883
growth_mom,2024-01-01,143,0.752
growth_mom,2024-02-01,143,2.201
growth_mom,2024-03-01,143,0.018
growth_mom,2024-04-01,143,-0.305
growth_mom,2024-05-01,143,2.111
growth_mom,2024-06-01,143,0.546
growth_mom,2024-07-01,143,1.265
growth_mom,2024-08-01,143,1.575
growth_mom,2024-09-01,143,2.686
growth_mom,2024-10-01,143,0.274
growth_mom,2024-11-01,143,1.225
growth_mom,2024-12-01,143,-5.623
growth_mom,2025-01-01,143,1.097
growth_mom,2025-02-01,143,2.31
growth_mom,2025-03-01,143,0.014
growth_mom,2025-04-01,143,-0.299
growth_mom,2025-05-01,143,2.109
growth_mom,2025-06-01,143,0.544
growth_mom,2025-07-01,143,1.26
growth_mom,2025-08-01,143,1.872
growth_mom,2025-09-01,143,2.796
growth_mom,2025-10-01,143,-0.315
growth_mom,2025-11-01,143,1.221
growth_mom,2025-12-01,143,-5.457
growth_mom,2026-01-01,143,1.189
growth_mom,2026-02-01,143,2.308
growth_mom,2026-03-01,143,0.01
growth_mom,2026-04-01,143,-0.295
growth_mom,2026-05-01,143,2.107
growth_mom,2026-06-01,143,0.543
abs,2015-01-01,151,73.81
abs,2015-02-01,151,73.759
abs,2015-03-01,151,86.423
abs,2015-04-01,151,86.496
abs,2015-05-01,151,100.869
abs,2015-06-01,151,103.091
abs,2015-07-01,151,106.429
abs,2015-08-01,151,99.543
abs,2015-09-01,151,108.937
abs,2015-10-01,151,106.222
abs,2015-11-01,151,122.808
abs,2015-12-01,151,131.614
abs,2016-01-01,151,108.212
abs,2016-02-01,151,108.289
abs,2016-03-01,151,135.378
abs,2016-04-01,151,111.099
abs,2016-05-01,151,105.987
abs,2016-06-01,151,93.723
abs,2016-07-01,151,97.702
abs,2016-08-01,151,104.682
abs,2016-09-01,151,110.405
abs,2016-10-01,151,115.312
abs,2016-11-01,151,129.971
abs,2016-12-01,151,130.337
abs,2017-01-01,151,142.278
abs,2017-02-01,151,124.033
abs,2017-03-01,151,147.036
abs,2017-04-01,151,128.462
abs,2017-05-01,151,121.771
abs,2017-06-01,151,93.463
abs,2017-07-01,151,98.684
abs,2017-08-01,151,99.545
abs,2017-09-01,151,123.012
abs,2017-10-01,151,122.787
abs,2017-11-01,151,138.83
abs,2017-12-01,151,147.899
abs,2018-01-01,151,139.565
abs,2018-02-01,151,138.902
abs,2018-03-01,151,157.205
abs,2018-04-01,151,149.237
abs,2018-05-01,151,142.999
abs,2018-06-01,151,109.912
abs,2018-07-01,151,119.842
abs,2018-08-01,151,108.474
abs,2018-09-01,151,114.622
abs,2018-10-01,151,108.463
abs,2018-11-01,151,130.723
abs,2018-12-01,151,145.015
abs,2019-01-01,151,150.789
abs,2019-02-01,151,140.128
abs,2019-03-01,151,157.155
abs,2019-04-01,151,164.287
abs,2019-05-01,151,155.701
abs,2019-06-01,151,134.587
abs,2019-07-01,151,125.377
abs,2019-08-01,151,116.746
abs,2019-09-01,151,123.667
abs,2019-10-01,151,117.482
abs,2019-11-01,151,137.307
abs,2019-12-01,151,148.333
abs,2020-01-01,151,152.87
abs,2020-02-01,151,149.579
abs,2020-03-01,151,166.962
abs,2020-04-01,151,49.338
abs,2020-05-01,151,128.182
abs,2020-06-01,151,100.824
abs,2020-07-01,151,79.794
abs,2020-08-01,151,77.082
abs,2020-09-01,151,110.551
abs,2020-10-01,151,109.243
abs,2020-11-01,151,133.349
abs,2020-12-01,151,176.047
abs,2021-01-01,151,185.312
abs,2021-02-01,151,171.894
abs,2021-03-01,151,194.969
abs,2021-04-01,151,203.14
abs,2021-05-01,151,204.773
abs,2021-06-01,151,89.831
abs,2021-07-01,151,61.371
abs,2021-08-01,151,73.755
abs,2021-09-01,151,89.377
abs,2021-10-01,151,115.108
abs,2021-11-01,151,150.319
abs,2021-12-01,151,183.935
abs,2022-01-01,151,195.562
abs,2022-02-01,151,189.323
abs,2022-03-01,151,213.112
abs,2022-04-01,151,205.088
abs,2022-05-01,151,229.078
abs,2022-06-01,151,201.468
abs,2022-07-01,151,172.409
abs,2022-08-01,151,199.688
abs,2022-09-01,151,191.849
abs,2022-10-01,151,137.242
abs,2022-11-01,151,181.34
abs,2022-12-01,151,182.39
abs,2023-01-01,151,198.29
abs,2023-02-01,151,190.996
abs,2023-03-01,151,223.036
abs,2023-04-01,151,227.243
abs,2023-05-01,151,274.37
abs,2023-06-01,151,205.016
abs,2023-07-01,151,188.733
abs,2023-08-01,151,211.414
abs,2023-09-01,151,208.663
abs,2023-10-01,151,158.373
abs,2023-11-01,151,201.313
abs,2023-12-01,151,205.343
abs,2024-01-01,151,222.938
abs,2024-02-01,151,211.47
abs,2024-03-01,151,234.925
abs,2024-04-01,151,242.778
abs,2024-05-01,151,278.147
abs,2024-06-01,151,222.722
abs,2024-07-01,151,212.002
abs,2024-08-01,151,244.391
abs,2024-09-01,151,231.883
abs,2024-10-01,151,170.537
abs,2024-11-01,151,216.68
abs,2024-12-01,151,234.843
abs,2025-01-01,151,238.501
abs,2025-02-01,151,232.366
abs,2025-03-01,151,254.672
abs,2025-04-01,151,270.128
abs,2025-05-01,151,309.647
abs,2025-06-01,151,243.599
abs,2025-07-01,151,235.235
abs,2025-08-01,151,269.809
abs,2025-09-01,151,257.667
abs,2025-10-01,151,188.326
abs,2025-11-01,151,240.262
abs,2025-12-01,151,266.055
abs,2026-01-01,151,252.61
abs,2026-02-01,151,239.805
abs,2026-03-01,151,266.39
abs,2026-04-01,151,282.08
abs,2026-05-01,151,325.197
abs,2026-06-01,151,250.828
growth_yoy,2016-01-01,151,46.609
growth_yoy,2016-02-01,151,46.814
growth_yoy,2016-03-01,151,56.645
growth_yoy,2016-04-01,151,28.445
growth_yoy,2016-05-01,151,5.074
growth_yoy,2016-06-01,151,-9.086
growth_yoy,2016-07-01,151,-8.2
growth_yoy,2016-08-01,151,5.163
growth_yoy,2016-09-01,151,1.348
growth_yoy,2016-10-01,151,8.558
growth_yoy,2016-11-01,151,5.832
growth_yoy,2016-12-01,151,-0.97
growth_yoy,2017-01-01,151,31.48
growth_yoy,2017-02-01,151,14.539
growth_yoy,2017-03-01,151,8.611
growth_yoy,2017-04-01,151,15.628
growth_yoy,2017-05-01,151,14.892
growth_yoy,2017-06-01,151,-0.278
growth_yoy,2017-07-01,151,1.005
growth_yoy,2017-08-01,151,-4.907
growth_yoy,2017-09-01,151,11.419
growth_yoy,2017-10-01,151,6.482
growth_yoy,2017-11-01,151,6.817
growth_yoy,2017-12-01,151,13.474
growth_yoy,2018-01-01,151,-1.906
growth_yoy,2018-02-01,151,11.988
growth_yoy,2018-03-01,151,6.916
growth_yoy,2018-04-01,151,16.172
growth_yoy,2018-05-01,151,17.433
growth_yoy,2018-06-01,151,17.6
growth_yoy,2018-07-01,151,21.441
growth_yoy,2018-08-01,151,8.97
growth_yoy,2018-09-01,151,-6.82
growth_yoy,2018-10-01,151,-11.666
growth_yoy,2018-11-01,151,-5.839
growth_yoy,2018-12-01,151,-1.949
growth_yoy,2019-01-01,151,8.042
growth_yoy,2019-02-01,151,0.883
growth_yoy,2019-03-01,151,-0.031
growth_yoy,2019-04-01,151,10.085
growth_yoy,2019-05-01,151,8.882
growth_yoy,2019-06-01,151,22.449
growth_yoy,2019-07-01,151,4.618
growth_yoy,2019-08-01,151,7.626
growth_yoy,2019-09-01,151,7.891
growth_yoy,2019-10-01,151,8.315
growth_yoy,2019-11-01,151,5.037
growth_yoy,2019-12-01,151,2.288
growth_yoy,2020-01-01,151,1.38
growth_yoy,2020-02-01,151,6.744
growth_yoy,2020-03-01,151,6.24
growth_yoy,2020-04-01,151,-69.968
growth_yoy,2020-05-01,151,-17.674
growth_yoy,2020-06-01,151,-25.086
growth_yoy,2020-07-01,151,-36.357
growth_yoy,2020-08-01,151,-33.974
growth_yoy,2020-09-01,151,-10.606
growth_yoy,2020-10-01,151,-7.013
growth_yoy,2020-11-01,151,-2.883
growth_yoy,2020-12-01,151,18.684
growth_yoy,2021-01-01,151,21.222
growth_yoy,2021-02-01,151,14.919
growth_yoy,2021-03-01,151,16.775
growth_yoy,2021-04-01,151,311.731
growth_yoy,2021-05-01,151,59.751
growth_yoy,2021-06-01,151,-10.902
growth_yoy,2021-07-01,151,-23.088
growth_yoy,2021-08-01,151,-4.316
growth_yoy,2021-09-01,151,-19.153
growth_yoy,2021-10-01,151,5.369
growth_yoy,2021-11-01,151,12.726
growth_yoy,2021-12-01,151,4.481
growth_yoy,2022-01-01,151,5.531
growth_yoy,2022-02-01,151,10.139
growth_yoy,2022-03-01,151,9.305
growth_yoy,2022-04-01,151,0.959
growth_yoy,2022-05-01,151,11.869
growth_yoy,2022-06-01,151,124.273
growth_yoy,2022-07-01,151,180.93
growth_yoy,2022-08-01,151,170.744
growth_yoy,2022-09-01,151,114.651
growth_yoy,2022-10-01,151,19.228
growth_yoy,2022-11-01,151,20.637
growth_yoy,2022-12-01,151,-0.84
growth_yoy,2023-01-01,151,1.395
growth_yoy,2023-02-01,151,0.884
growth_yoy,2023-03-01,151,4.657
growth_yoy,2023-04-01,151,10.803
growth_yoy,2023-05-01,151,19.772
growth_yoy,2023-06-01,151,1.762
growth_yoy,2023-07-01,151,9.468
growth_yoy,2023-08-01,151,5.872
growth_yoy,2023-09-01,151,8.764
growth_yoy,2023-10-01,151,15.397
growth_yoy,2023-11-01,151,11.014
growth_yoy,2023-12-01,151,12.585
growth_yoy,2024-01-01,151,12.43
growth_yoy,2024-02-01,151,10.72
growth_yoy,2024-03-01,151,5.33
growth_yoy,2024-04-01,151,6.836
growth_yoy,2024-05-01,151,1.376
growth_yoy,2024-06-01,151,8.636
growth_yoy,2024-07-01,151,12.329
growth_yoy,2024-08-01,151,15.599
growth_yoy,2024-09-01,151,11.128
growth_yoy,2024-10-01,151,7.68
growth_yoy,2024-11-01,151,7.634
growth_yoy,2024-12-01,151,14.366
growth_yoy,2025-01-01,151,6.981
growth_yoy,2025-02-01,151,9.881
growth_yoy,2025-03-01,151,8.406
growth_yoy,2025-04-01,151,11.266
growth_yoy,2025-05-01,151,11.325
growth_yoy,2025-06-01,151,9.374
growth_yoy,2025-07-01,151,10.959
growth_yoy,2025-08-01,151,10.401
growth_yoy,2025-09-01,151,11.12
growth_yoy,2025-10-01,151,10.431
growth_yoy,2025-11-01,151,10.883
growth_yoy,2025-12-01,151,13.291
growth_yoy,2026-01-01,151,5.916
growth_yoy,2026-02-01,151,3.201
growth_yoy,2026-03-01,151,4.601
growth_yoy,2026-04-01,151,4.424
growth_yoy,2026-05-01,151,5.022
growth_yoy,2026-06-01,151,2.968
growth_mom,2015-02-01,151,-0.069
growth_mom,2015-03-01,151,17.169
growth_mom,2015-04-01,151,0.084
growth_mom,2015-05-01,151,16.617
growth_mom,2015-06-01,151,2.203
growth_mom,2015-07-01,151,3.238
growth_mom,2015-08-01,151,-6.47
growth_mom,2015-09-01,151,9.437
growth_mom,2015-10-01,151,-2.492
growth_mom,2015-11-01,151,15.615
growth_mom,2015-12-01,151,7.171
growth_mom,2016-01-01,151,-17.781
growth_mom,2016-02-01,151,0.071
growth_mom,2016-03-01,151,25.016
growth_mom,2016-04-01,151,-17.934
growth_mom,2016-05-01,151,-4.601
growth_mom,2016-06-01,151,-11.571
growth_mom,2016-07-01,151,4.245
growth_mom,2016-08-01,151,7.144
growth_mom,2016-09-01,151,5.467
growth_mom,2016-10-01,151,4.445
growth_mom,2016-11-01,151,12.712
growth_mom,2016-12-01,151,0.282
growth_mom,2017-01-01,151,9.161
growth_mom,2017-02-01,151,-12.823
growth_mom,2017-03-01,151,18.545
growth_mom,2017-04-01,151,-12.632
growth_mom,2017-05-01,151,-5.209
growth_mom,2017-06-01,151,-23.247
growth_mom,2017-07-01,151,5.586
growth_mom,2017-08-01,151,0.873
growth_mom,2017-09-01,151,23.574
growth_mom,2017-10-01,151,-0.183
growth_mom,2017-11-01,151,13.066
growth_mom,2017-12-01,151,6.532
growth_mom,2018-01-01,151,-5.634
growth_mom,2018-02-01,151,-0.475
growth_mom,2018-03-01,151,13.177
growth_mom,2018-04-01,151,-5.068
growth_mom,2018-05-01,151,-4.18
growth_mom,2018-06-01,151,-23.138
growth_mom,2018-07-01,151,9.035
growth_mom,2018-08-01,151,-9.486
growth_mom,2018-09-01,151,5.668
growth_mom,2018-10-01,151,-5.373
growth_mom,2018-11-01,151,20.523
growth_mom,2018-12-01,151,10.933
growth_mom,2019-01-01,151,3.982
growth_mom,2019-02-01,151,-7.07
growth_mom,2019-03-01,151,12.151
growth_mom,2019-04-01,151,4.538
growth_mom,2019-05-01,151,-5.226
growth_mom,2019-06-01,151,-13.561
growth_mom,2019-07-01,151,-6.843
growth_mom,2019-08-01,151,-6.884
growth_mom,2019-09-01,151,5.928
growth_mom,2019-10-01,151,-5.001
growth_mom,2019-11-01,151,16.875
growth_mom,2019-12-01,151,8.03
growth_mom,2020-01-01,151,3.059
growth_mom,2020-02-01,151,-2.153
growth_mom,2020-03-01,151,11.621
growth_mom,2020-04-01,151,-70.45
growth_mom,2020-05-01,151,159.805
growth_mom,2020-06-01,151,-21.344
growth_mom,2020-07-01,151,-20.858
growth_mom,2020-08-01,151,-3.398
growth_mom,2020-09-01,151,43.419
growth_mom,2020-10-01,151,-1.183
growth_mom,2020-11-01,151,22.067
growth_mom,2020-12-01,151,32.02
growth_mom,2021-01-01,151,5.263
growth_mom,2021-02-01,151,-7.241
growth_mom,2021-03-01,151,13.424
growth_mom,2021-04-01,151,4.191
growth_mom,2021-05-01,151,0.804
growth_mom,2021-06-01,151,-56.131
growth_mom,2021-07-01,151,-31.682
growth_mom,2021-08-01,151,20.179
growth_mom,2021-09-01,151,21.181
growth_mom,2021-10-01,151,28.789
growth_mom,2021-11-01,151,30.589
growth_mom,2021-12-01,151,22.363
growth_mom,2022-01-01,151,6.321
growth_mom,2022-02-01,151,-3.191
growth_mom,2022-03-01,151,12.565
growth_mom,2022-04-01,151,-3.765
growth_mom,2022-05-01,151,11.697
growth_mom,2022-06-01,151,-12.053
growth_mom,2022-07-01,151,-14.423
growth_mom,2022-08-01,151,15.822
growth_mom,2022-09-01,151,-3.925
growth_mom,2022-10-01,151,-28.464
growth_mom,2022-11-01,151,32.132
growth_mom,2022-12-01,151,0.579
growth_mom,2023-01-01,151,8.718
growth_mom,2023-02-01,151,-3.679
growth_mom,2023-03-01,151,16.776
growth_mom,2023-04-01,151,1.886
growth_mom,2023-05-01,151,20.739
growth_mom,2023-06-01,151,-25.277
growth_mom,2023-07-01,151,-7.943
growth_mom,2023-08-01,151,12.017
growth_mom,2023-09-01,151,-1.301
growth_mom,2023-10-01,151,-24.101
growth_mom,2023-11-01,151,27.113
growth_mom,2023-12-01,151,2.002
growth_mom,2024-01-01,151,8.568
growth_mom,2024-02-01,151,-5.144
growth_mom,2024-03-01,151,11.091
growth_mom,2024-04-01,151,3.343
growth_mom,2024-05-01,151,14.569
growth_mom,2024-06-01,151,-19.927
growth_mom,2024-07-01,151,-4.813
growth_mom,2024-08-01,151,15.278
growth_mom,2024-09-01,151,-5.118
growth_mom,2024-10-01,151,-26.456
growth_mom,2024-11-01,151,27.058
growth_mom,2024-12-01,151,8.382
growth_mom,2025-01-01,151,1.558
growth_mom,2025-02-01,151,-2.572
growth_mom,2025-03-01,151,9.599
growth_mom,2025-04-01,151,6.069
growth_mom,2025-05-01,151,14.629
growth_mom,2025-06-01,151,-21.33
growth_mom,2025-07-01,151,-3.433
growth_mom,2025-08-01,151,14.698
growth_mom,2025-09-01,151,-4.5
growth_mom,2025-10-01,151,-26.911
growth_mom,2025-11-01,151,27.578
growth_mom,2025-12-01,151,10.736
growth_mom,2026-01-01,151,-5.053
growth_mom,2026-02-01,151,-5.069
growth_mom,2026-03-01,151,11.086
growth_mom,2026-04-01,151,5.89
growth_mom,2026-05-01,151,15.286
growth_mom,2026-06-01,151,-22.869
abs,2015-01-01,152,113.289
abs,2015-02-01,152,100.304
abs,2015-03-01,152,101.201
abs,2015-04-01,152,106.024
abs,2015-05-01,152,110.595
abs,2015-06-01,152,104.619
abs,2015-07-01,152,93.468
abs,2015-08-01,152,93.18
abs,2015-09-01,152,87.663
abs,2015-10-01,152,85.188
abs,2015-11-01,152,99.492
abs,2015-12-01,152,104.977
abs,2016-01-01,152,113.401
abs,2016-02-01,152,103.739
abs,2016-03-01,152,98.517
abs,2016-04-01,152,109.131
abs,2016-05-01,152,121.013
abs,2016-06-01,152,118.771
abs,2016-07-01,152,110.757
abs,2016-08-01,152,105.679
abs,2016-09-01,152,92.669
abs,2016-10-01,152,86.281
abs,2016-11-01,152,102.39
abs,2016-12-01,152,105.933
abs,2017-01-01,152,112.635
abs,2017-02-01,152,108.085
abs,2017-03-01,152,101.799
abs,2017-04-01,152,114.481
abs,2017-05-01,152,127.925
abs,2017-06-01,152,123.412
abs,2017-07-01,152,119.489
abs,2017-08-01,152,117.101
abs,2017-09-01,152,95.16
abs,2017-10-01,152,90.699
abs,2017-11-01,152,103.568
abs,2017-12-01,152,101.861
abs,2018-01-01,152,122.728
abs,2018-02-01,152,104.91
abs,2018-03-01,152,106.511
abs,2018-04-01,152,112.731
abs,2018-05-01,152,121.564
abs,2018-06-01,152,123.214
abs,2018-07-01,152,112.097
abs,2018-08-01,152,115.214
abs,2018-09-01,152,109.108
abs,2018-10-01,152,106.329
abs,2018-11-01,152,110.601
abs,2018-12-01,152,106.794
abs,2019-01-01,152,119.388
abs,2019-02-01,152,107.263
abs,2019-03-01,152,120.064
abs,2019-04-01,152,112.62
abs,2019-05-01,152,126.241
abs,2019-06-01,152,120.075
abs,2019-07-01,152,118.37
abs,2019-08-01,152,122.203
abs,2019-09-01,152,115.014
abs,2019-10-01,152,107.817
abs,2019-11-01,152,120.371
abs,2019-12-01,152,112.655
abs,2020-01-01,152,121.311
abs,2020-02-01,152,113.056
abs,2020-03-01,152,115.819
abs,2020-04-01,152,11.379
abs,2020-05-01,152,55.187
abs,2020-06-01,152,108.078
abs,2020-07-01,152,97.506
abs,2020-08-01,152,95.949
abs,2020-09-01,152,90.579
abs,2020-10-01,152,95.881
abs,2020-11-01,152,104.25
abs,2020-12-01,152,100.677
abs,2021-01-01,152,107.931
abs,2021-02-01,152,104.317
abs,2021-03-01,152,116.536
abs,2021-04-01,152,112.149
abs,2021-05-01,152,106.381
abs,2021-06-01,152,71.595
abs,2021-07-01,152,70.791
abs,2021-08-01,152,77.889
abs,2021-09-01,152,85.086
abs,2021-10-01,152,97.449
abs,2021-11-01,152,101.237
abs,2021-12-01,152,100.639
abs,2022-01-01,152,105.247
abs,2022-02-01,152,101.587
abs,2022-03-01,152,107.982
abs,2022-04-01,152,111.731
abs,2022-05-01,152,110.162
abs,2022-06-01,152,110.032
abs,2022-07-01,152,113.157
abs,2022-08-01,152,108.487
abs,2022-09-01,152,112.25
abs,2022-10-01,152,119.88
abs,2022-11-01,152,125.648
abs,2022-12-01,152,129.748
abs,2023-01-01,152,120.712
abs,2023-02-01,152,115.093
abs,2023-03-01,152,123.764
abs,2023-04-01,152,119.609
abs,2023-05-01,152,117.718
abs,2023-06-01,152,118.754
abs,2023-07-01,152,120.353
abs,2023-08-01,152,108.24
abs,2023-09-01,152,111.767
abs,2023-10-01,152,123.432
abs,2023-11-01,152,132.537
abs,2023-12-01,152,136.868
abs,2024-01-01,152,126.773
abs,2024-02-01,152,117.618
abs,2024-03-01,152,126.354
abs,2024-04-01,152,115.691
abs,2024-05-01,152,119.134
abs,2024-06-01,152,117.32
abs,2024-07-01,152,118.507
abs,2024-08-01,152,107.136
abs,2024-09-01,152,119.629
abs,2024-10-01,152,130.307
abs,2024-11-01,152,141.585
abs,2024-12-01,152,144.176
abs,2025-01-01,152,131.783
abs,2025-02-01,152,123.099
abs,2025-03-01,152,132.696
abs,2025-04-01,152,121.78
abs,2025-05-01,152,124.177
abs,2025-06-01,152,121.45
abs,2025-07-01,152,123.898
abs,2025-08-01,152,107.342
abs,2025-09-01,152,122.703
abs,2025-10-01,152,135.051
abs,2025-11-01,152,148.363
abs,2025-12-01,152,154.625
abs,2026-01-01,152,140.7
abs,2026-02-01,152,128.919
abs,2026-03-01,152,140.141
abs,2026-04-01,152,129.445
abs,2026-05-01,152,128.915
abs,2026-06-01,152,123.769
growth_yoy,2016-01-01,152,0.099
growth_yoy,2016-02-01,152,3.425
growth_yoy,2016-03-01,152,-2.651
growth_yoy,2016-04-01,152,2.931
growth_yoy,2016-05-01,152,9.419
growth_yoy,2016-06-01,152,13.527
growth_yoy,2016-07-01,152,18.496
growth_yoy,2016-08-01,152,13.413
growth_yoy,2016-09-01,152,5.711
growth_yoy,2016-10-01,152,1.282
growth_yoy,2016-11-01,152,2.913
growth_yoy,2016-12-01,152,0.911
growth_yoy,2017-01-01,152,-0.675
growth_yoy,2017-02-01,152,4.189
growth_yoy,2017-03-01,152,3.331
growth_yoy,2017-04-01,152,4.902
growth_yoy,2017-05-01,152,5.712
growth_yoy,2017-06-01,152,3.908
growth_yoy,2017-07-01,152,7.884
growth_yoy,2017-08-01,152,10.808
growth_yoy,2017-09-01,152,2.688
growth_yoy,2017-10-01,152,5.121
growth_yoy,2017-11-01,152,1.15
growth_yoy,2017-12-01,152,-3.844
growth_yoy,2018-01-01,152,8.96
growth_yoy,2018-02-01,152,-2.938
growth_yoy,2018-03-01,152,4.629
growth_yoy,2018-04-01,152,-1.529
growth_yoy,2018-05-01,152,-4.972
growth_yoy,2018-06-01,152,-0.161
growth_yoy,2018-07-01,152,-6.186
growth_yoy,2018-08-01,152,-1.611
growth_yoy,2018-09-01,152,14.658
growth_yoy,2018-10-01,152,17.233
growth_yoy,2018-11-01,152,6.791
growth_yoy,2018-12-01,152,4.843
growth_yoy,2019-01-01,152,-2.721
growth_yoy,2019-02-01,152,2.243
growth_yoy,2019-03-01,152,12.725
growth_yoy,2019-04-01,152,-0.098
growth_yoy,2019-05-01,152,3.848
growth_yoy,2019-06-01,152,-2.548
growth_yoy,2019-07-01,152,5.596
growth_yoy,2019-08-01,152,6.066
growth_yoy,2019-09-01,152,5.413
growth_yoy,2019-10-01,152,1.399
growth_yoy,2019-11-01,152,8.833
growth_yoy,2019-12-01,152,5.488
growth_yoy,2020-01-01,152,1.61
growth_yoy,2020-02-01,152,5.401
growth_yoy,2020-03-01,152,-3.536
growth_yoy,2020-04-01,152,-89.896
growth_yoy,2020-05-01,152,-56.284
growth_yoy,2020-06-01,152,-9.991
growth_yoy,2020-07-01,152,-17.626
growth_yoy,2020-08-01,152,-21.484
growth_yoy,2020-09-01,152,-21.245
growth_yoy,2020-10-01,152,-11.071
growth_yoy,2020-11-01,152,-13.392
growth_yoy,2020-12-01,152,-10.632
growth_yoy,2021-01-01,152,-11.03
growth_yoy,2021-02-01,152,-7.73
growth_yoy,2021-03-01,152,0.619
growth_yoy,2021-04-01,152,885.567
growth_yoy,2021-05-01,152,92.763
growth_yoy,2021-06-01,152,-33.757
growth_yoy,2021-07-01,152,-27.398
growth_yoy,2021-08-01,152,-18.822
growth_yoy,2021-09-01,152,-6.065
growth_yoy,2021-10-01,152,1.635
growth_yoy,2021-11-01,152,-2.89
growth_yoy,2021-12-01,152,-0.038
growth_yoy,2022-01-01,152,-2.487
growth_yoy,2022-02-01,152,-2.617
growth_yoy,2022-03-01,152,-7.34
growth_yoy,2022-04-01,152,-0.373
growth_yoy,2022-05-01,152,3.554
growth_yoy,2022-06-01,152,53.688
growth_yoy,2022-07-01,152,59.848
growth_yoy,2022-08-01,152,39.284
growth_yoy,2022-09-01,152,31.926
growth_yoy,2022-10-01,152,23.018
growth_yoy,2022-11-01,152,24.112
growth_yoy,2022-12-01,152,28.924
growth_yoy,2023-01-01,152,14.695
growth_yoy,2023-02-01,152,13.295
growth_yoy,2023-03-01,152,14.616
growth_yoy,2023-04-01,152,7.05
growth_yoy,2023-05-01,152,6.859
growth_yoy,2023-06-01,152,7.927
growth_yoy,2023-07-01,152,6.36
growth_yoy,2023-08-01,152,-0.228
growth_yoy,2023-09-01,152,-0.431
growth_yoy,2023-10-01,152,2.963
growth_yoy,2023-11-01,152,5.482
growth_yoy,2023-12-01,152,5.488
growth_yoy,2024-01-01,152,5.021
growth_yoy,2024-02-01,152,2.193
growth_yoy,2024-03-01,152,2.093
growth_yoy,2024-04-01,152,-3.276
growth_yoy,2024-05-01,152,1.203
growth_yoy,2024-06-01,152,-1.208
growth_yoy,2024-07-01,152,-1.534
growth_yoy,2024-08-01,152,-1.02
growth_yoy,2024-09-01,152,7.034
growth_yoy,2024-10-01,152,5.569
growth_yoy,2024-11-01,152,6.827
growth_yoy,2024-12-01,152,5.339
growth_yoy,2025-01-01,152,3.952
growth_yoy,2025-02-01,152,4.66
growth_yoy,2025-03-01,152,5.019
growth_yoy,2025-04-01,152,5.263
growth_yoy,2025-05-01,152,4.233
growth_yoy,2025-06-01,152,3.521
growth_yoy,2025-07-01,152,4.549
growth_yoy,2025-08-01,152,0.192
growth_yoy,2025-09-01,152,2.57
growth_yoy,2025-10-01,152,3.64
growth_yoy,2025-11-01,152,4.788
growth_yoy,2025-12-01,152,7.248
growth_yoy,2026-01-01,152,6.766
growth_yoy,2026-02-01,152,4.728
growth_yoy,2026-03-01,152,5.611
growth_yoy,2026-04-01,152,6.294
growth_yoy,2026-05-01,152,3.816
growth_yoy,2026-06-01,152,1.909
growth_mom,2015-02-01,152,-11.462
growth_mom,2015-03-01,152,0.894
growth_mom,2015-04-01,152,4.766
growth_mom,2015-05-01,152,4.312
growth_mom,2015-06-01,152,-5.404
growth_mom,2015-07-01,152,-10.658
growth_mom,2015-08-01,152,-0.308
growth_mom,2015-09-01,152,-5.921
growth_mom,2015-10-01,152,-2.823
growth_mom,2015-11-01,152,16.791
growth_mom,2015-12-01,152,5.513
growth_mom,2016-01-01,152,8.024
growth_mom,2016-02-01,152,-8.52
growth_mom,2016-03-01,152,-5.034
growth_mom,2016-04-01,152,10.774
growth_mom,2016-05-01,152,10.887
growth_mom,2016-06-01,152,-1.852
growth_mom,2016-07-01,152,-6.747
growth_mom,2016-08-01,152,-4.585
growth_mom,2016-09-01,152,-12.311
growth_mom,2016-10-01,152,-6.894
growth_mom,2016-11-01,152,18.672
growth_mom,2016-12-01,152,3.46
growth_mom,2017-01-01,152,6.327
growth_mom,2017-02-01,152,-4.04
growth_mom,2017-03-01,152,-5.816
growth_mom,2017-04-01,152,12.458
growth_mom,2017-05-01,152,11.743
growth_mom,2017-06-01,152,-3.528
growth_mom,2017-07-01,152,-3.179
growth_mom,2017-08-01,152,-1.999
growth_mom,2017-09-01,152,-18.737
growth_mom,2017-10-01,152,-4.688
growth_mom,2017-11-01,152,14.189
growth_mom,2017-12-01,152,-1.648
growth_mom,2018-01-01,152,20.486
growth_mom,2018-02-01,152,-14.518
growth_mom,2018-03-01,152,1.527
growth_mom,2018-04-01,152,5.839
growth_mom,2018-05-01,152,7.836
growth_mom,2018-06-01,152,1.357
growth_mom,2018-07-01,152,-9.023
growth_mom,2018-08-01,152,2.781
growth_mom,2018-09-01,152,-5.3
growth_mom,2018-10-01,152,-2.547
growth_mom,2018-11-01,152,4.018
growth_mom,2018-12-01,152,-3.443
growth_mom,2019-01-01,152,11.793
growth_mom,2019-02-01,152,-10.157
growth_mom,2019-03-01,152,11.935
growth_mom,2019-04-01,152,-6.201
growth_mom,2019-05-01,152,12.095
growth_mom,2019-06-01,152,-4.885
growth_mom,2019-07-01,152,-1.42
growth_mom,2019-08-01,152,3.238
growth_mom,2019-09-01,152,-5.883
growth_mom,2019-10-01,152,-6.257
growth_mom,2019-11-01,152,11.644
growth_mom,2019-12-01,152,-6.41
growth_mom,2020-01-01,152,7.684
growth_mom,2020-02-01,152,-6.805
growth_mom,2020-03-01,152,2.444
growth_mom,2020-04-01,152,-90.175
growth_mom,2020-05-01,152,384.985
growth_mom,2020-06-01,152,95.839
growth_mom,2020-07-01,152,-9.783
growth_mom,2020-08-01,152,-1.596
growth_mom,2020-09-01,152,-5.596
growth_mom,2020-10-01,152,5.853
growth_mom,2020-11-01,152,8.729
growth_mom,2020-12-01,152,-3.427
growth_mom,2021-01-01,152,7.205
growth_mom,2021-02-01,152,-3.348
growth_mom,2021-03-01,152,11.713
growth_mom,2021-04-01,152,-3.764
growth_mom,2021-05-01,152,-5.144
growth_mom,2021-06-01,152,-32.7
growth_mom,2021-07-01,152,-1.123
growth_mom,2021-08-01,152,10.028
growth_mom,2021-09-01,152,9.239
growth_mom,2021-10-01,152,14.531
growth_mom,2021-11-01,152,3.887
growth_mom,2021-12-01,152,-0.592
growth_mom,2022-01-01,152,4.579
growth_mom,2022-02-01,152,-3.477
growth_mom,2022-03-01,152,6.295
growth_mom,2022-04-01,152,3.472
growth_mom,2022-05-01,152,-1.405
growth_mom,2022-06-01,152,-0.118
growth_mom,2022-07-01,152,2.84
growth_mom,2022-08-01,152,-4.127
growth_mom,2022-09-01,152,3.469
growth_mom,2022-10-01,152,6.797
growth_mom,2022-11-01,152,4.812
growth_mom,2022-12-01,152,3.263
growth_mom,2023-01-01,152,-6.964
growth_mom,2023-02-01,152,-4.655
growth_mom,2023-03-01,152,7.534
growth_mom,2023-04-01,152,-3.358
growth_mom,2023-05-01,152,-1.581
growth_mom,2023-06-01,152,0.88
growth_mom,2023-07-01,152,1.347
growth_mom,2023-08-01,152,-10.065
growth_mom,2023-09-01,152,3.258
growth_mom,2023-10-01,152,10.437
growth_mom,2023-11-01,152,7.376
growth_mom,2023-12-01,152,3.268
growth_mom,2024-01-01,152,-7.375
growth_mom,2024-02-01,152,-7.222
growth_mom,2024-03-01,152,7.428
growth_mom,2024-04-01,152,-8.439
growth_mom,2024-05-01,152,2.977
growth_mom,2024-06-01,152,-1.523
growth_mom,2024-07-01,152,1.012
growth_mom,2024-08-01,152,-9.595
growth_mom,2024-09-01,152,11.661
growth_mom,2024-10-01,152,8.926
growth_mom,2024-11-01,152,8.655
growth_mom,2024-12-01,152,1.83
growth_mom,2025-01-01,152,-8.595
growth_mom,2025-02-01,152,-6.59
growth_mom,2025-03-01,152,7.796
growth_mom,2025-04-01,152,-8.226
growth_mom,2025-05-01,152,1.968
growth_mom,2025-06-01,152,-2.196
growth_mom,2025-07-01,152,2.015
growth_mom,2025-08-01,152,-13.362
growth_mom,2025-09-01,152,14.31
growth_mom,2025-10-01,152,10.063
growth_mom,2025-11-01,152,9.858
growth_mom,2025-12-01,152,4.22
growth_mom,2026-01-01,152,-9.006
growth_mom,2026-02-01,152,-8.373
growth_mom,2026-03-01,152,8.705
growth_mom,2026-04-01,152,-7.633
growth_mom,2026-05-01,152,-0.409
growth_mom,2026-06-01,152,-3.992
abs,2015-01-01,161,84.613
abs,2015-02-01,161,81.866
abs,2015-03-01,161,86.945
abs,2015-04-01,161,90.857
abs,2015-05-01,161,89.3
abs,2015-06-01,161,94.336
abs,2015-07-01,161,107.531
abs,2015-08-01,161,107.504
abs,2015-09-01,161,110.516
abs,2015-10-01,161,114.701
abs,2015-11-01,161,115.1
abs,2015-12-01,161,116.729
abs,2016-01-01,161,102.314
abs,2016-02-01,161,105.221
abs,2016-03-01,161,107.306
abs,2016-04-01,161,112.495
abs,2016-05-01,161,102.81
abs,2016-06-01,161,122.025
abs,2016-07-01,161,102.941
abs,2016-08-01,161,114.103
abs,2016-09-01,161,125.165
abs,2016-10-01,161,120.641
abs,2016-11-01,161,117.397
abs,2016-12-01,161,118.546
abs,2017-01-01,161,136.327
abs,2017-02-01,161,129.12
abs,2017-03-01,161,134.335
abs,2017-04-01,161,125.555
abs,2017-05-01,161,116.296
abs,2017-06-01,161,132.459
abs,2017-07-01,161,112.96
abs,2017-08-01,161,110.595
abs,2017-09-01,161,110.763
abs,2017-10-01,161,119.441
abs,2017-11-01,161,127.721
abs,2017-12-01,161,131.61
abs,2018-01-01,161,146.844
abs,2018-02-01,161,131.404
abs,2018-03-01,161,145.776
abs,2018-04-01,161,133.331
abs,2018-05-01,161,130.067
abs,2018-06-01,161,135.929
abs,2018-07-01,161,120.684
abs,2018-08-01,161,123.244
abs,2018-09-01,161,119.842
abs,2018-10-01,161,129.253
abs,2018-11-01,161,125.815
abs,2018-12-01,161,125.166
abs,2019-01-01,161,149.852
abs,2019-02-01,161,131.678
abs,2019-03-01,161,132.576
abs,2019-04-01,161,141.468
abs,2019-05-01,161,138.224
abs,2019-06-01,161,132.953
abs,2019-07-01,161,118.887
abs,2019-08-01,161,120.277
abs,2019-09-01,161,119.885
abs,2019-10-01,161,112.032
abs,2019-11-01,161,113.45
abs,2019-12-01,161,110.617
abs,2020-01-01,161,118.93
abs,2020-02-01,161,141.405
abs,2020-03-01,161,121.844
abs,2020-04-01,161,21.704
abs,2020-05-01,161,50.029
abs,2020-06-01,161,137.687
abs,2020-07-01,161,113.829
abs,2020-08-01,161,122.444
abs,2020-09-01,161,120.205
abs,2020-10-01,161,107.868
abs,2020-11-01,161,134.917
abs,2020-12-01,161,124.179
abs,2021-01-01,161,120.101
abs,2021-02-01,161,135.492
abs,2021-03-01,161,126.259
abs,2021-04-01,161,92.637
abs,2021-05-01,161,86.119
abs,2021-06-01,161,94.56
abs,2021-07-01,161,82.346
abs,2021-08-01,161,160.151
abs,2021-09-01,161,160.933
abs,2021-10-01,161,136.634
abs,2021-11-01,161,158.343
abs,2021-12-01,161,139.866
abs,2022-01-01,161,133.715
abs,2022-02-01,161,142.921
abs,2022-03-01,161,139.705
abs,2022-04-01,161,106.706
abs,2022-05-01,161,114.614
abs,2022-06-01,161,122.23
abs,2022-07-01,161,117.92
abs,2022-08-01,161,162.529
abs,2022-09-01,161,145.511
abs,2022-10-01,161,138.919
abs,2022-11-01,161,145.726
abs,2022-12-01,161,144.47
abs,2023-01-01,161,132.67
abs,2023-02-01,161,150.268
abs,2023-03-01,161,146.518
abs,2023-04-01,161,122.565
abs,2023-05-01,161,88.274
abs,2023-06-01,161,99.335
abs,2023-07-01,161,127.368
abs,2023-08-01,161,135.411
abs,2023-09-01,161,134.768
abs,2023-10-01,161,149.677
abs,2023-11-01,161,123.756
abs,2023-12-01,161,123.952
abs,2024-01-01,161,112.657
abs,2024-02-01,161,98.175
abs,2024-03-01,161,127.796
abs,2024-04-01,161,129.55
abs,2024-05-01,161,113.141
abs,2024-06-01,161,123.503
abs,2024-07-01,161,157.61
abs,2024-08-01,161,152.539
abs,2024-09-01,161,153.507
abs,2024-10-01,161,163.81
abs,2024-11-01,161,136.42
abs,2024-12-01,161,143.384
abs,2025-01-01,161,127.677
abs,2025-02-01,161,112.633
abs,2025-03-01,161,146.219
abs,2025-04-01,161,147.95
abs,2025-05-01,161,136.127
abs,2025-06-01,161,143.618
abs,2025-07-01,161,191.306
abs,2025-08-01,161,182.578
abs,2025-09-01,161,191.593
abs,2025-10-01,161,200.306
abs,2025-11-01,161,168.459
abs,2025-12-01,161,181.871
abs,2026-01-01,161,160.828
abs,2026-02-01,161,144.608
abs,2026-03-01,161,161.36
abs,2026-04-01,161,165.244
abs,2026-05-01,161,154.941
abs,2026-06-01,161,170.062
growth_yoy,2016-01-01,161,20.92
growth_yoy,2016-02-01,161,28.528
growth_yoy,2016-03-01,161,23.418
growth_yoy,2016-04-01,161,23.816
growth_yoy,2016-05-01,161,15.129
growth_yoy,2016-06-01,161,29.351
growth_yoy,2016-07-01,161,-4.269
growth_yoy,2016-08-01,161,6.138
growth_yoy,2016-09-01,161,13.255
growth_yoy,2016-10-01,161,5.178
growth_yoy,2016-11-01,161,1.996
growth_yoy,2016-12-01,161,1.556
growth_yoy,2017-01-01,161,33.244
growth_yoy,2017-02-01,161,22.713
growth_yoy,2017-03-01,161,25.189
growth_yoy,2017-04-01,161,11.609
growth_yoy,2017-05-01,161,13.117
growth_yoy,2017-06-01,161,8.551
growth_yoy,2017-07-01,161,9.733
growth_yoy,2017-08-01,161,-3.074
growth_yoy,2017-09-01,161,-11.506
growth_yoy,2017-10-01,161,-0.995
growth_yoy,2017-11-01,161,8.794
growth_yoy,2017-12-01,161,11.02
growth_yoy,2018-01-01,161,7.715
growth_yoy,2018-02-01,161,1.769
growth_yoy,2018-03-01,161,8.516
growth_yoy,2018-04-01,161,6.193
growth_yoy,2018-05-01,161,11.842
growth_yoy,2018-06-01,161,2.62
growth_yoy,2018-07-01,161,6.837
growth_yoy,2018-08-01,161,11.437
growth_yoy,2018-09-01,161,8.197
growth_yoy,2018-10-01,161,8.215
growth_yoy,2018-11-01,161,-1.493
growth_yoy,2018-12-01,161,-4.896
growth_yoy,2019-01-01,161,2.048
growth_yoy,2019-02-01,161,0.209
growth_yoy,2019-03-01,161,-9.055
growth_yoy,2019-04-01,161,6.103
growth_yoy,2019-05-01,161,6.271
growth_yoy,2019-06-01,161,-2.19
growth_yoy,2019-07-01,161,-1.488
growth_yoy,2019-08-01,161,-2.408
growth_yoy,2019-09-01,161,0.036
growth_yoy,2019-10-01,161,-13.323
growth_yoy,2019-11-01,161,-9.828
growth_yoy,2019-12-01,161,-11.623
growth_yoy,2020-01-01,161,-20.635
growth_yoy,2020-02-01,161,7.387
growth_yoy,2020-03-01,161,-8.095
growth_yoy,2020-04-01,161,-84.658
growth_yoy,2020-05-01,161,-63.806
growth_yoy,2020-06-01,161,3.561
growth_yoy,2020-07-01,161,-4.255
growth_yoy,2020-08-01,161,1.802
growth_yoy,2020-09-01,161,0.267
growth_yoy,2020-10-01,161,-3.717
growth_yoy,2020-11-01,161,18.922
growth_yoy,2020-12-01,161,12.26
growth_yoy,2021-01-01,161,0.984
growth_yoy,2021-02-01,161,-4.182
growth_yoy,2021-03-01,161,3.624
growth_yoy,2021-04-01,161,326.813
growth_yoy,2021-05-01,161,72.138
growth_yoy,2021-06-01,161,-31.323
growth_yoy,2021-07-01,161,-27.659
growth_yoy,2021-08-01,161,30.795
growth_yoy,2021-09-01,161,33.881
growth_yoy,2021-10-01,161,26.668
growth_yoy,2021-11-01,161,17.364
growth_yoy,2021-12-01,161,12.632
growth_yoy,2022-01-01,161,11.336
growth_yoy,2022-02-01,161,5.483
growth_yoy,2022-03-01,161,10.65
growth_yoy,2022-04-01,161,15.188
growth_yoy,2022-05-01,161,33.087
growth_yoy,2022-06-01,161,29.262
growth_yoy,2022-07-01,161,43.201
growth_yoy,2022-08-01,161,1.485
growth_yoy,2022-09-01,161,-9.583
growth_yoy,2022-10-01,161,1.672
growth_yoy,2022-11-01,161,-7.968
growth_yoy,2022-12-01,161,3.291
growth_yoy,2023-01-01,161,-0.782
growth_yoy,2023-02-01,161,5.141
growth_yoy,2023-03-01,161,4.876
growth_yoy,2023-04-01,161,14.862
growth_yoy,2023-05-01,161,-22.981
growth_yoy,2023-06-01,161,-18.731
growth_yoy,2023-07-01,161,8.012
growth_yoy,2023-08-01,161,-16.685
growth_yoy,2023-09-01,161,-7.383
growth_yoy,2023-10-01,161,7.744
growth_yoy,2023-11-01,161,-15.076
growth_yoy,2023-12-01,161,-14.202
growth_yoy,2024-01-01,161,-15.085
growth_yoy,2024-02-01,161,-34.667
growth_yoy,2024-03-01,161,-12.778
growth_yoy,2024-04-01,161,5.699
growth_yoy,2024-05-01,161,28.171
growth_yoy,2024-06-01,161,24.33
growth_yoy,2024-07-01,161,23.744
growth_yoy,2024-08-01,161,12.649
growth_yoy,2024-09-01,161,13.905
growth_yoy,2024-10-01,161,9.442
growth_yoy,2024-11-01,161,10.233
growth_yoy,2024-12-01,161,15.677
growth_yoy,2025-01-01,161,13.333
growth_yoy,2025-02-01,161,14.727
growth_yoy,2025-03-01,161,14.415
growth_yoy,2025-04-01,161,14.203
growth_yoy,2025-05-01,161,20.316
growth_yoy,2025-06-01,161,16.287
growth_yoy,2025-07-01,161,21.379
growth_yoy,2025-08-01,161,19.692
growth_yoy,2025-09-01,161,24.81
growth_yoy,2025-10-01,161,22.279
growth_yoy,2025-11-01,161,23.486
growth_yoy,2025-12-01,161,26.842
growth_yoy,2026-01-01,161,25.965
growth_yoy,2026-02-01,161,28.389
growth_yoy,2026-03-01,161,10.355
growth_yoy,2026-04-01,161,11.689
growth_yoy,2026-05-01,161,13.821
growth_yoy,2026-06-01,161,18.413
growth_mom,2015-02-01,161,-3.246
growth_mom,2015-03-01,161,6.204
growth_mom,2015-04-01,161,4.499
growth_mom,2015-05-01,161,-1.714
growth_mom,2015-06-01,161,5.64
growth_mom,2015-07-01,161,13.987
growth_mom,2015-08-01,161,-0.025
growth_mom,2015-09-01,161,2.802
growth_mom,2015-10-01,161,3.787
growth_mom,2015-11-01,161,0.348
growth_mom,2015-12-01,161,1.415
growth_mom,2016-01-01,161,-12.349
growth_mom,2016-02-01,161,2.841
growth_mom,2016-03-01,161,1.982
growth_mom,2016-04-01,161,4.836
growth_mom,2016-05-01,161,-8.609
growth_mom,2016-06-01,161,18.69
growth_mom,2016-07-01,161,-15.639
growth_mom,2016-08-01,161,10.843
growth_mom,2016-09-01,161,9.695
growth_mom,2016-10-01,161,-3.614
growth_mom,2016-11-01,161,-2.689
growth_mom,2016-12-01,161,0.979
growth_mom,2017-01-01,161,14.999
growth_mom,2017-02-01,161,-5.287
growth_mom,2017-03-01,161,4.039
growth_mom,2017-04-01,161,-6.536
growth_mom,2017-05-01,161,-7.374
growth_mom,2017-06-01,161,13.898
growth_mom,2017-07-01,161,-14.721
growth_mom,2017-08-01,161,-2.094
growth_mom,2017-09-01,161,0.152
growth_mom,2017-10-01,161,7.835
growth_mom,2017-11-01,161,6.933
growth_mom,2017-12-01,161,3.045
growth_mom,2018-01-01,161,11.575
growth_mom,2018-02-01,161,-10.515
growth_mom,2018-03-01,161,10.937
growth_mom,2018-04-01,161,-8.537
growth_mom,2018-05-01,161,-2.448
growth_mom,2018-06-01,161,4.507
growth_mom,2018-07-01,161,-11.216
growth_mom,2018-08-01,161,2.122
growth_mom,2018-09-01,161,-2.76
growth_mom,2018-10-01,161,7.853
growth_mom,2018-11-01,161,-2.66
growth_mom,2018-12-01,161,-0.516
growth_mom,2019-01-01,161,19.723
growth_mom,2019-02-01,161,-12.128
growth_mom,2019-03-01,161,0.682
growth_mom,2019-04-01,161,6.707
growth_mom,2019-05-01,161,-2.293
growth_mom,2019-06-01,161,-3.814
growth_mom,2019-07-01,161,-10.579
growth_mom,2019-08-01,161,1.169
growth_mom,2019-09-01,161,-0.326
growth_mom,2019-10-01,161,-6.551
growth_mom,2019-11-01,161,1.266
growth_mom,2019-12-01,161,-2.497
growth_mom,2020-01-01,161,7.515
growth_mom,2020-02-01,161,18.897
growth_mom,2020-03-01,161,-13.834
growth_mom,2020-04-01,161,-82.187
growth_mom,2020-05-01,161,130.504
growth_mom,2020-06-01,161,175.213
growth_mom,2020-07-01,161,-17.327
growth_mom,2020-08-01,161,7.568
growth_mom,2020-09-01,161,-1.828
growth_mom,2020-10-01,161,-10.264
growth_mom,2020-11-01,161,25.076
growth_mom,2020-12-01,161,-7.959
growth_mom,2021-01-01,161,-3.284
growth_mom,2021-02-01,161,12.815
growth_mom,2021-03-01,161,-6.814
growth_mom,2021-04-01,161,-26.629
growth_mom,2021-05-01,161,-7.035
growth_mom,2021-06-01,161,9.801
growth_mom,2021-07-01,161,-12.917
growth_mom,2021-08-01,161,94.486
growth_mom,2021-09-01,161,0.488
growth_mom,2021-10-01,161,-15.099
growth_mom,2021-11-01,161,15.888
growth_mom,2021-12-01,161,-11.669
growth_mom,2022-01-01,161,-4.398
growth_mom,2022-02-01,161,6.885
growth_mom,2022-03-01,161,-2.25
growth_mom,2022-04-01,161,-23.621
growth_mom,2022-05-01,161,7.411
growth_mom,2022-06-01,161,6.645
growth_mom,2022-07-01,161,-3.526
growth_mom,2022-08-01,161,37.83
growth_mom,2022-09-01,161,-10.471
growth_mom,2022-10-01,161,-4.53
growth_mom,2022-11-01,161,4.899
growth_mom,2022-12-01,161,-0.862
growth_mom,2023-01-01,161,-8.168
growth_mom,2023-02-01,161,13.265
growth_mom,2023-03-01,161,-2.496
growth_mom,2023-04-01,161,-16.348
growth_mom,2023-05-01,161,-27.978
growth_mom,2023-06-01,161,12.531
growth_mom,2023-07-01,161,28.22
growth_mom,2023-08-01,161,6.315
growth_mom,2023-09-01,161,-0.475
growth_mom,2023-10-01,161,11.063
growth_mom,2023-11-01,161,-17.318
growth_mom,2023-12-01,161,0.158
growth_mom,2024-01-01,161,-9.112
growth_mom,2024-02-01,161,-12.855
growth_mom,2024-03-01,161,30.172
growth_mom,2024-04-01,161,1.372
growth_mom,2024-05-01,161,-12.666
growth_mom,2024-06-01,161,9.159
growth_mom,2024-07-01,161,27.616
growth_mom,2024-08-01,161,-3.218
growth_mom,2024-09-01,161,0.635
growth_mom,2024-10-01,161,6.711
growth_mom,2024-11-01,161,-16.721
growth_mom,2024-12-01,161,5.105
growth_mom,2025-01-01,161,-10.955
growth_mom,2025-02-01,161,-11.783
growth_mom,2025-03-01,161,29.819
growth_mom,2025-04-01,161,1.184
growth_mom,2025-05-01,161,-7.991
growth_mom,2025-06-01,161,5.503
growth_mom,2025-07-01,161,33.205
growth_mom,2025-08-01,161,-4.563
growth_mom,2025-09-01,161,4.938
growth_mom,2025-10-01,161,4.547
growth_mom,2025-11-01,161,-15.899
growth_mom,2025-12-01,161,7.962
growth_mom,2026-01-01,161,-11.571
growth_mom,2026-02-01,161,-10.085
growth_mom,2026-03-01,161,11.584
growth_mom,2026-04-01,161,2.407
growth_mom,2026-05-01,161,-6.235
growth_mom,2026-06-01,161,9.759
abs,2015-01-01,162,95.193
abs,2015-02-01,162,94.753
abs,2015-03-01,162,110.47
abs,2015-04-01,162,111.722
abs,2015-05-01,162,94.46
abs,2015-06-01,162,98.679
abs,2015-07-01,162,93.804
abs,2015-08-01,162,93.485
abs,2015-09-01,162,99.692
abs,2015-10-01,162,103.507
abs,2015-11-01,162,102.358
abs,2015-12-01,162,101.877
abs,2016-01-01,162,99.694
abs,2016-02-01,162,94.056
abs,2016-03-01,162,98.95
abs,2016-04-01,162,99.839
abs,2016-05-01,162,98.103
abs,2016-06-01,162,102.961
abs,2016-07-01,162,101.349
abs,2016-08-01,162,98.622
abs,2016-09-01,162,92.999
abs,2016-10-01,162,101.18
abs,2016-11-01,162,106.837
abs,2016-12-01,162,109.021
abs,2017-01-01,162,93.664
abs,2017-02-01,162,95.507
abs,2017-03-01,162,100.839
abs,2017-04-01,162,103.576
abs,2017-05-01,162,103.404
abs,2017-06-01,162,98.119
abs,2017-07-01,162,100.59
abs,2017-08-01,162,100.758
abs,2017-09-01,162,100.937
abs,2017-10-01,162,103.497
abs,2017-11-01,162,107.497
abs,2017-12-01,162,108.308
abs,2018-01-01,162,100.566
abs,2018-02-01,162,104.716
abs,2018-03-01,162,101.889
abs,2018-04-01,162,106.231
abs,2018-05-01,162,103.548
abs,2018-06-01,162,103.547
abs,2018-07-01,162,104.942
abs,2018-08-01,162,107.131
abs,2018-09-01,162,109.394
abs,2018-10-01,162,112.466
abs,2018-11-01,162,113.527
abs,2018-12-01,162,118.563
abs,2019-01-01,162,108.772
abs,2019-02-01,162,112.599
abs,2019-03-01,162,110.969
abs,2019-04-01,162,109.189
abs,2019-05-01,162,109.224
abs,2019-06-01,162,110.689
abs,2019-07-01,162,113.507
abs,2019-08-01,162,115.789
abs,2019-09-01,162,118.959
abs,2019-10-01,162,124.255
abs,2019-11-01,162,124.147
abs,2019-12-01,162,130.354
abs,2020-01-01,162,122.593
abs,2020-02-01,162,119.967
abs,2020-03-01,162,110.612
abs,2020-04-01,162,25.12
abs,2020-05-01,162,58.975
abs,2020-06-01,162,117.495
abs,2020-07-01,162,99.315
abs,2020-08-01,162,95.838
abs,2020-09-01,162,114.694
abs,2020-10-01,162,118.314
abs,2020-11-01,162,117.208
abs,2020-12-01,162,127.182
abs,2021-01-01,162,117.723
abs,2021-02-01,162,115.147
abs,2021-03-01,162,116.911
abs,2021-04-01,162,114.384
abs,2021-05-01,162,114.538
abs,2021-06-01,162,102.184
abs,2021-07-01,162,78.221
abs,2021-08-01,162,80.827
abs,2021-09-01,162,98.785
abs,2021-10-01,162,117.041
abs,2021-11-01,162,129.726
abs,2021-12-01,162,136.392
abs,2022-01-01,162,130.989
abs,2022-02-01,162,123.482
abs,2022-03-01,162,128.294
abs,2022-04-01,162,121.161
abs,2022-05-01,162,118.922
abs,2022-06-01,162,116.835
abs,2022-07-01,162,111.154
abs,2022-08-01,162,97.365
abs,2022-09-01,162,114.703
abs,2022-10-01,162,116.491
abs,2022-11-01,162,112.787
abs,2022-12-01,162,111.713
abs,2023-01-01,162,106.105
abs,2023-02-01,162,116.971
abs,2023-03-01,162,110.954
abs,2023-04-01,162,100.778
abs,2023-05-01,162,125.126
abs,2023-06-01,162,118.087
abs,2023-07-01,162,103.191
abs,2023-08-01,162,104.219
abs,2023-09-01,162,111.978
abs,2023-10-01,162,115.816
abs,2023-11-01,162,116.764
abs,2023-12-01,162,113.523
abs,2024-01-01,162,113.571
abs,2024-02-01,162,126.281
abs,2024-03-01,162,120.974
abs,2024-04-01,162,105.062
abs,2024-05-01,162,119.953
abs,2024-06-01,162,118.08
abs,2024-07-01,162,107.44
abs,2024-08-01,162,105.773
abs,2024-09-01,162,115.394
abs,2024-10-01,162,117.301
abs,2024-11-01,162,119.575
abs,2024-12-01,162,116.797
abs,2025-01-01,162,113.541
abs,2025-02-01,162,127.389
abs,2025-03-01,162,119.197
abs,2025-04-01,162,104.124
abs,2025-05-01,162,116.671
abs,2025-06-01,162,108.739
abs,2025-07-01,162,102.003
abs,2025-08-01,162,101.784
abs,2025-09-01,162,106.387
abs,2025-10-01,162,109.236
abs,2025-11-01,162,115.433
abs,2025-12-01,162,106.904
abs,2026-01-01,162,110.296
abs,2026-02-01,162,121.853
abs,2026-03-01,162,119.745
abs,2026-04-01,162,106.319
abs,2026-05-01,162,112.601
abs,2026-06-01,162,107.692
growth_yoy,2016-01-01,162,4.728
growth_yoy,2016-02-01,162,-0.736
growth_yoy,2016-03-01,162,-10.428
growth_yoy,2016-04-01,162,-10.636
growth_yoy,2016-05-01,162,3.856
growth_yoy,2016-06-01,162,4.339
growth_yoy,2016-07-01,162,8.044
growth_yoy,2016-08-01,162,5.496
growth_yoy,2016-09-01,162,-6.714
growth_yoy,2016-10-01,162,-2.248
growth_yoy,2016-11-01,162,4.376
growth_yoy,2016-12-01,162,7.013
growth_yoy,2017-01-01,162,-6.048
growth_yoy,2017-02-01,162,1.542
growth_yoy,2017-03-01,162,1.91
growth_yoy,2017-04-01,162,3.743
growth_yoy,2017-05-01,162,5.403
growth_yoy,2017-06-01,162,-4.702
growth_yoy,2017-07-01,162,-0.749
growth_yoy,2017-08-01,162,2.165
growth_yoy,2017-09-01,162,8.536
growth_yoy,2017-10-01,162,2.29
growth_yoy,2017-11-01,162,0.618
growth_yoy,2017-12-01,162,-0.655
growth_yoy,2018-01-01,162,7.369
growth_yoy,2018-02-01,162,9.642
growth_yoy,2018-03-01,162,1.041
growth_yoy,2018-04-01,162,2.564
growth_yoy,2018-05-01,162,0.139
growth_yoy,2018-06-01,162,5.532
growth_yoy,2018-07-01,162,4.326
growth_yoy,2018-08-01,162,6.325
growth_yoy,2018-09-01,162,8.378
growth_yoy,2018-10-01,162,8.666
growth_yoy,2018-11-01,162,5.609
growth_yoy,2018-12-01,162,9.468
growth_yoy,2019-01-01,162,8.159
growth_yoy,2019-02-01,162,7.528
growth_yoy,2019-03-01,162,8.911
growth_yoy,2019-04-01,162,2.784
growth_yoy,2019-05-01,162,5.482
growth_yoy,2019-06-01,162,6.897
growth_yoy,2019-07-01,162,8.162
growth_yoy,2019-08-01,162,8.081
growth_yoy,2019-09-01,162,8.744
growth_yoy,2019-10-01,162,10.482
growth_yoy,2019-11-01,162,9.355
growth_yoy,2019-12-01,162,9.945
growth_yoy,2020-01-01,162,12.706
growth_yoy,2020-02-01,162,6.544
growth_yoy,2020-03-01,162,-0.321
growth_yoy,2020-04-01,162,-76.994
growth_yoy,2020-05-01,162,-46.006
growth_yoy,2020-06-01,162,6.149
growth_yoy,2020-07-01,162,-12.503
growth_yoy,2020-08-01,162,-17.23
growth_yoy,2020-09-01,162,-3.585
growth_yoy,2020-10-01,162,-4.781
growth_yoy,2020-11-01,162,-5.59
growth_yoy,2020-12-01,162,-2.433
growth_yoy,2021-01-01,162,-3.973
growth_yoy,2021-02-01,162,-4.018
growth_yoy,2021-03-01,162,5.695
growth_yoy,2021-04-01,162,355.355
growth_yoy,2021-05-01,162,94.215
growth_yoy,2021-06-01,162,-13.032
growth_yoy,2021-07-01,162,-21.24
growth_yoy,2021-08-01,162,-15.664
growth_yoy,2021-09-01,162,-13.871
growth_yoy,2021-10-01,162,-1.076
growth_yoy,2021-11-01,162,10.68
growth_yoy,2021-12-01,162,7.242
growth_yoy,2022-01-01,162,11.269
growth_yoy,2022-02-01,162,7.238
growth_yoy,2022-03-01,162,9.736
growth_yoy,2022-04-01,162,5.925
growth_yoy,2022-05-01,162,3.827
growth_yoy,2022-06-01,162,14.338
growth_yoy,2022-07-01,162,42.103
growth_yoy,2022-08-01,162,20.462
growth_yoy,2022-09-01,162,16.113
growth_yoy,2022-10-01,162,-0.47
growth_yoy,2022-11-01,162,-13.057
growth_yoy,2022-12-01,162,-18.094
growth_yoy,2023-01-01,162,-18.997
growth_yoy,2023-02-01,162,-5.272
growth_yoy,2023-03-01,162,-13.516
growth_yoy,2023-04-01,162,-16.823
growth_yoy,2023-05-01,162,5.217
growth_yoy,2023-06-01,162,1.072
growth_yoy,2023-07-01,162,-7.164
growth_yoy,2023-08-01,162,7.039
growth_yoy,2023-09-01,162,-2.376
growth_yoy,2023-10-01,162,-0.579
growth_yoy,2023-11-01,162,3.526
growth_yoy,2023-12-01,162,1.62
growth_yoy,2024-01-01,162,7.036
growth_yoy,2024-02-01,162,7.959
growth_yoy,2024-03-01,162,9.031
growth_yoy,2024-04-01,162,4.25
growth_yoy,2024-05-01,162,-4.134
growth_yoy,2024-06-01,162,-0.006
growth_yoy,2024-07-01,162,4.118
growth_yoy,2024-08-01,162,1.491
growth_yoy,2024-09-01,162,3.051
growth_yoy,2024-10-01,162,1.282
growth_yoy,2024-11-01,162,2.408
growth_yoy,2024-12-01,162,2.884
growth_yoy,2025-01-01,162,-0.026
growth_yoy,2025-02-01,162,0.877
growth_yoy,2025-03-01,162,-1.469
growth_yoy,2025-04-01,162,-0.893
growth_yoy,2025-05-01,162,-2.736
growth_yoy,2025-06-01,162,-7.911
growth_yoy,2025-07-01,162,-5.06
growth_yoy,2025-08-01,162,-3.772
growth_yoy,2025-09-01,162,-7.805
growth_yoy,2025-10-01,162,-6.875
growth_yoy,2025-11-01,162,-3.464
growth_yoy,2025-12-01,162,-8.47
growth_yoy,2026-01-01,162,-2.858
growth_yoy,2026-02-01,162,-4.345
growth_yoy,2026-03-01,162,0.46
growth_yoy,2026-04-01,162,2.108
growth_yoy,2026-05-01,162,-3.488
growth_yoy,2026-06-01,162,-0.963
growth_mom,2015-02-01,162,-0.461
growth_mom,2015-03-01,162,16.587
growth_mom,2015-04-01,162,1.134
growth_mom,2015-05-01,162,-15.451
growth_mom,2015-06-01,162,4.466
growth_mom,2015-07-01,162,-4.941
growth_mom,2015-08-01,162,-0.34
growth_mom,2015-09-01,162,6.64
growth_mom,2015-10-01,162,3.826
growth_mom,2015-11-01,162,-1.109
growth_mom,2015-12-01,162,-0.47
growth_mom,2016-01-01,162,-2.143
growth_mom,2016-02-01,162,-5.655
growth_mom,2016-03-01,162,5.203
growth_mom,2016-04-01,162,0.899
growth_mom,2016-05-01,162,-1.739
growth_mom,2016-06-01,162,4.952
growth_mom,2016-07-01,162,-1.565
growth_mom,2016-08-01,162,-2.691
growth_mom,2016-09-01,162,-5.702
growth_mom,2016-10-01,162,8.797
growth_mom,2016-11-01,162,5.591
growth_mom,2016-12-01,162,2.044
growth_mom,2017-01-01,162,-14.087
growth_mom,2017-02-01,162,1.968
growth_mom,2017-03-01,162,5.583
growth_mom,2017-04-01,162,2.714
growth_mom,2017-05-01,162,-0.166
growth_mom,2017-06-01,162,-5.111
growth_mom,2017-07-01,162,2.518
growth_mom,2017-08-01,162,0.167
growth_mom,2017-09-01,162,0.178
growth_mom,2017-10-01,162,2.535
growth_mom,2017-11-01,162,3.865
growth_mom,2017-12-01,162,0.754
growth_mom,2018-01-01,162,-7.147
growth_mom,2018-02-01,162,4.126
growth_mom,2018-03-01,162,-2.699
growth_mom,2018-04-01,162,4.261
growth_mom,2018-05-01,162,-2.526
growth_mom,2018-06-01,162,-0.001
growth_mom,2018-07-01,162,1.347
growth_mom,2018-08-01,162,2.086
growth_mom,2018-09-01,162,2.112
growth_mom,2018-10-01,162,2.808
growth_mom,2018-11-01,162,0.943
growth_mom,2018-12-01,162,4.436
growth_mom,2019-01-01,162,-8.258
growth_mom,2019-02-01,162,3.518
growth_mom,2019-03-01,162,-1.448
growth_mom,2019-04-01,162,-1.604
growth_mom,2019-05-01,162,0.032
growth_mom,2019-06-01,162,1.341
growth_mom,2019-07-01,162,2.546
growth_mom,2019-08-01,162,2.011
growth_mom,2019-09-01,162,2.738
growth_mom,2019-10-01,162,4.452
growth_mom,2019-11-01,162,-0.087
growth_mom,2019-12-01,162,4.999
growth_mom,2020-01-01,162,-5.953
growth_mom,2020-02-01,162,-2.142
growth_mom,2020-03-01,162,-7.798
growth_mom,2020-04-01,162,-77.29
growth_mom,2020-05-01,162,134.775
growth_mom,2020-06-01,162,99.229
growth_mom,2020-07-01,162,-15.473
growth_mom,2020-08-01,162,-3.5
growth_mom,2020-09-01,162,19.674
growth_mom,2020-10-01,162,3.157
growth_mom,2020-11-01,162,-0.935
growth_mom,2020-12-01,162,8.51
growth_mom,2021-01-01,162,-7.437
growth_mom,2021-02-01,162,-2.188
growth_mom,2021-03-01,162,1.532
growth_mom,2021-04-01,162,-2.162
growth_mom,2021-05-01,162,0.134
growth_mom,2021-06-01,162,-10.786
growth_mom,2021-07-01,162,-23.451
growth_mom,2021-08-01,162,3.331
growth_mom,2021-09-01,162,22.218
growth_mom,2021-10-01,162,18.48
growth_mom,2021-11-01,162,10.838
growth_mom,2021-12-01,162,5.139
growth_mom,2022-01-01,162,-3.961
growth_mom,2022-02-01,162,-5.731
growth_mom,2022-03-01,162,3.897
growth_mom,2022-04-01,162,-5.56
growth_mom,2022-05-01,162,-1.848
growth_mom,2022-06-01,162,-1.755
growth_mom,2022-07-01,162,-4.862
growth_mom,2022-08-01,162,-12.405
growth_mom,2022-09-01,162,17.806
growth_mom,2022-10-01,162,1.559
growth_mom,2022-11-01,162,-3.18
growth_mom,2022-12-01,162,-0.952
growth_mom,2023-01-01,162,-5.02
growth_mom,2023-02-01,162,10.241
growth_mom,2023-03-01,162,-5.145
growth_mom,2023-04-01,162,-9.171
growth_mom,2023-05-01,162,24.16
growth_mom,2023-06-01,162,-5.625
growth_mom,2023-07-01,162,-12.615
growth_mom,2023-08-01,162,0.997
growth_mom,2023-09-01,162,7.444
growth_mom,2023-10-01,162,3.428
growth_mom,2023-11-01,162,0.818
growth_mom,2023-12-01,162,-2.775
growth_mom,2024-01-01,162,0.042
growth_mom,2024-02-01,162,11.191
growth_mom,2024-03-01,162,-4.202
growth_mom,2024-04-01,162,-13.154
growth_mom,2024-05-01,162,14.174
growth_mom,2024-06-01,162,-1.561
growth_mom,2024-07-01,162,-9.011
growth_mom,2024-08-01,162,-1.551
growth_mom,2024-09-01,162,9.095
growth_mom,2024-10-01,162,1.653
growth_mom,2024-11-01,162,1.939
growth_mom,2024-12-01,162,-2.323
growth_mom,2025-01-01,162,-2.788
growth_mom,2025-02-01,162,12.196
growth_mom,2025-03-01,162,-6.43
growth_mom,2025-04-01,162,-12.646
growth_mom,2025-05-01,162,12.05
growth_mom,2025-06-01,162,-6.798
growth_mom,2025-07-01,162,-6.195
growth_mom,2025-08-01,162,-0.215
growth_mom,2025-09-01,162,4.523
growth_mom,2025-10-01,162,2.678
growth_mom,2025-11-01,162,5.673
growth_mom,2025-12-01,162,-7.389
growth_mom,2026-01-01,162,3.173
growth_mom,2026-02-01,162,10.478
growth_mom,2026-03-01,162,-1.73
growth_mom,2026-04-01,162,-11.213
growth_mom,2026-05-01,162,5.909
growth_mom,2026-06-01,162,-4.36
abs,2015-01-01,170,94.96
abs,2015-02-01,170,88.233
abs,2015-03-01,170,104.521
abs,2015-04-01,170,99.624
abs,2015-05-01,170,93.327
abs,2015-06-01,170,95.927
abs,2015-07-01,170,96.63
abs,2015-08-01,170,96.025
abs,2015-09-01,170,115.922
abs,2015-10-01,170,100.887
abs,2015-11-01,170,105.863
abs,2015-12-01,170,108.082
abs,2016-01-01,170,108.605
abs,2016-02-01,170,96.854
abs,2016-03-01,170,107.379
abs,2016-04-01,170,105.137
abs,2016-05-01,170,98.448
abs,2016-06-01,170,101.096
abs,2016-07-01,170,98.233
abs,2016-08-01,170,98.98
abs,2016-09-01,170,117.576
abs,2016-10-01,170,101.571
abs,2016-11-01,170,110.2
abs,2016-12-01,170,110.246
abs,2017-01-01,170,112.887
abs,2017-02-01,170,109.086
abs,2017-03-01,170,111.789
abs,2017-04-01,170,113.739
abs,2017-05-01,170,109.239
abs,2017-06-01,170,103.417
abs,2017-07-01,170,103.244
abs,2017-08-01,170,100.055
abs,2017-09-01,170,117.785
abs,2017-10-01,170,106.343
abs,2017-11-01,170,115.339
abs,2017-12-01,170,121.029
abs,2018-01-01,170,117.82
abs,2018-02-01,170,111.778
abs,2018-03-01,170,116.686
abs,2018-04-01,170,118.039
abs,2018-05-01,170,115.484
abs,2018-06-01,170,111.547
abs,2018-07-01,170,112.49
abs,2018-08-01,170,106.492
abs,2018-09-01,170,118.428
abs,2018-10-01,170,109.687
abs,2018-11-01,170,115.738
abs,2018-12-01,170,125.864
abs,2019-01-01,170,119.487
abs,2019-02-01,170,116.968
abs,2019-03-01,170,122.124
abs,2019-04-01,170,123.774
abs,2019-05-01,170,121.51
abs,2019-06-01,170,116.311
abs,2019-07-01,170,117.972
abs,2019-08-01,170,111.455
abs,2019-09-01,170,123.315
abs,2019-10-01,170,113.052
abs,2019-11-01,170,124.942
abs,2019-12-01,170,128.682
abs,2020-01-01,170,119.682
abs,2020-02-01,170,122.931
abs,2020-03-01,170,111.879
abs,2020-04-01,170,64.916
abs,2020-05-01,170,95.691
abs,2020-06-01,170,128.752
abs,2020-07-01,170,125.794
abs,2020-08-01,170,114.152
abs,2020-09-01,170,129.589
abs,2020-10-01,170,119.543
abs,2020-11-01,170,129.378
abs,2020-12-01,170,135.547
abs,2021-01-01,170,130.112
abs,2021-02-01,170,130.678
abs,2021-03-01,170,131.681
abs,2021-04-01,170,122.485
abs,2021-05-01,170,114.161
abs,2021-06-01,170,129.043
abs,2021-07-01,170,122.757
abs,2021-08-01,170,129.758
abs,2021-09-01,170,147.944
abs,2021-10-01,170,139.919
abs,2021-11-01,170,154.646
abs,2021-12-01,170,152.367
abs,2022-01-01,170,149.173
abs,2022-02-01,170,138.835
abs,2022-03-01,170,138.086
abs,2022-04-01,170,132.289
abs,2022-05-01,170,122.627
abs,2022-06-01,170,142.556
abs,2022-07-01,170,139.934
abs,2022-08-01,170,145.62
abs,2022-09-01,170,162.57
abs,2022-10-01,170,143.43
abs,2022-11-01,170,155.156
abs,2022-12-01,170,155.965
abs,2023-01-01,170,152.509
abs,2023-02-01,170,146.574
abs,2023-03-01,170,142.819
abs,2023-04-01,170,134.109
abs,2023-05-01,170,131.144
abs,2023-06-01,170,145.51
abs,2023-07-01,170,142.282
abs,2023-08-01,170,150.367
abs,2023-09-01,170,168.155
abs,2023-10-01,170,150.06
abs,2023-11-01,170,167.738
abs,2023-12-01,170,165.057
abs,2024-01-01,170,163.022
abs,2024-02-01,170,151.897
abs,2024-03-01,170,143.853
abs,2024-04-01,170,138.682
abs,2024-05-01,170,132.707
abs,2024-06-01,170,150.675
abs,2024-07-01,170,153.544
abs,2024-08-01,170,158.098
abs,2024-09-01,170,167.318
abs,2024-10-01,170,148.67
abs,2024-11-01,170,172.636
abs,2024-12-01,170,168.614
abs,2025-01-01,170,160.171
abs,2025-02-01,170,153.662
abs,2025-03-01,170,143.471
abs,2025-04-01,170,139.106
abs,2025-05-01,170,129.513
abs,2025-06-01,170,145.782
abs,2025-07-01,170,150.288
abs,2025-08-01,170,152.976
abs,2025-09-01,170,166.006
abs,2025-10-01,170,147.724
abs,2025-11-01,170,165.906
abs,2025-12-01,170,163.276
abs,2026-01-01,170,162.305
abs,2026-02-01,170,149.365
abs,2026-03-01,170,140.743
abs,2026-04-01,170,142.205
abs,2026-05-01,170,134.833
abs,2026-06-01,170,154.9
growth_yoy,2016-01-01,170,14.369
growth_yoy,2016-02-01,170,9.771
growth_yoy,2016-03-01,170,2.735
growth_yoy,2016-04-01,170,5.534
growth_yoy,2016-05-01,170,5.487
growth_yoy,2016-06-01,170,5.388
growth_yoy,2016-07-01,170,1.659
growth_yoy,2016-08-01,170,3.077
growth_yoy,2016-09-01,170,1.427
growth_yoy,2016-10-01,170,0.678
growth_yoy,2016-11-01,170,4.097
growth_yoy,2016-12-01,170,2.002
growth_yoy,2017-01-01,170,3.943
growth_yoy,2017-02-01,170,12.629
growth_yoy,2017-03-01,170,4.107
growth_yoy,2017-04-01,170,8.182
growth_yoy,2017-05-01,170,10.961
growth_yoy,2017-06-01,170,2.295
growth_yoy,2017-07-01,170,5.101
growth_yoy,2017-08-01,170,1.086
growth_yoy,2017-09-01,170,0.178
growth_yoy,2017-10-01,170,4.698
growth_yoy,2017-11-01,170,4.663
growth_yoy,2017-12-01,170,9.781
growth_yoy,2018-01-01,170,4.37
growth_yoy,2018-02-01,170,2.468
growth_yoy,2018-03-01,170,4.38
growth_yoy,2018-04-01,170,3.781
growth_yoy,2018-05-01,170,5.717
growth_yoy,2018-06-01,170,7.862
growth_yoy,2018-07-01,170,8.956
growth_yoy,2018-08-01,170,6.434
growth_yoy,2018-09-01,170,0.546
growth_yoy,2018-10-01,170,3.144
growth_yoy,2018-11-01,170,0.346
growth_yoy,2018-12-01,170,3.995
growth_yoy,2019-01-01,170,1.415
growth_yoy,2019-02-01,170,4.643
growth_yoy,2019-03-01,170,4.66
growth_yoy,2019-04-01,170,4.859
growth_yoy,2019-05-01,170,5.219
growth_yoy,2019-06-01,170,4.27
growth_yoy,2019-07-01,170,4.873
growth_yoy,2019-08-01,170,4.661
growth_yoy,2019-09-01,170,4.126
growth_yoy,2019-10-01,170,3.068
growth_yoy,2019-11-01,170,7.953
growth_yoy,2019-12-01,170,2.239
growth_yoy,2020-01-01,170,0.163
growth_yoy,2020-02-01,170,5.098
growth_yoy,2020-03-01,170,-8.388
growth_yoy,2020-04-01,170,-47.553
growth_yoy,2020-05-01,170,-21.248
growth_yoy,2020-06-01,170,10.696
growth_yoy,2020-07-01,170,6.63
growth_yoy,2020-08-01,170,2.419
growth_yoy,2020-09-01,170,5.088
growth_yoy,2020-10-01,170,5.742
growth_yoy,2020-11-01,170,3.55
growth_yoy,2020-12-01,170,5.335
growth_yoy,2021-01-01,170,8.714
growth_yoy,2021-02-01,170,6.303
growth_yoy,2021-03-01,170,17.699
growth_yoy,2021-04-01,170,88.683
growth_yoy,2021-05-01,170,19.302
growth_yoy,2021-06-01,170,0.226
growth_yoy,2021-07-01,170,-2.414
growth_yoy,2021-08-01,170,13.672
growth_yoy,2021-09-01,170,14.163
growth_yoy,2021-10-01,170,17.044
growth_yoy,2021-11-01,170,19.531
growth_yoy,2021-12-01,170,12.409
growth_yoy,2022-01-01,170,14.65
growth_yoy,2022-02-01,170,6.242
growth_yoy,2022-03-01,170,4.864
growth_yoy,2022-04-01,170,8.004
growth_yoy,2022-05-01,170,7.415
growth_yoy,2022-06-01,170,10.472
growth_yoy,2022-07-01,170,13.992
growth_yoy,2022-08-01,170,12.224
growth_yoy,2022-09-01,170,9.886
growth_yoy,2022-10-01,170,2.509
growth_yoy,2022-11-01,170,0.33
growth_yoy,2022-12-01,170,2.362
growth_yoy,2023-01-01,170,2.237
growth_yoy,2023-02-01,170,5.575
growth_yoy,2023-03-01,170,3.427
growth_yoy,2023-04-01,170,1.375
growth_yoy,2023-05-01,170,6.946
growth_yoy,2023-06-01,170,2.072
growth_yoy,2023-07-01,170,1.678
growth_yoy,2023-08-01,170,3.26
growth_yoy,2023-09-01,170,3.435
growth_yoy,2023-10-01,170,4.622
growth_yoy,2023-11-01,170,8.109
growth_yoy,2023-12-01,170,5.829
growth_yoy,2024-01-01,170,6.893
growth_yoy,2024-02-01,170,3.631
growth_yoy,2024-03-01,170,0.724
growth_yoy,2024-04-01,170,3.41
growth_yoy,2024-05-01,170,1.192
growth_yoy,2024-06-01,170,3.55
growth_yoy,2024-07-01,170,7.915
growth_yoy,2024-08-01,170,5.141
growth_yoy,2024-09-01,170,-0.498
growth_yoy,2024-10-01,170,-0.926
growth_yoy,2024-11-01,170,2.92
growth_yoy,2024-12-01,170,2.155
growth_yoy,2025-01-01,170,-1.749
growth_yoy,2025-02-01,170,1.162
growth_yoy,2025-03-01,170,-0.265
growth_yoy,2025-04-01,170,0.306
growth_yoy,2025-05-01,170,-2.406
growth_yoy,2025-06-01,170,-3.247
growth_yoy,2025-07-01,170,-2.121
growth_yoy,2025-08-01,170,-3.239
growth_yoy,2025-09-01,170,-0.784
growth_yoy,2025-10-01,170,-0.636
growth_yoy,2025-11-01,170,-3.898
growth_yoy,2025-12-01,170,-3.166
growth_yoy,2026-01-01,170,1.333
growth_yoy,2026-02-01,170,-2.796
growth_yoy,2026-03-01,170,-1.902
growth_yoy,2026-04-01,170,2.228
growth_yoy,2026-05-01,170,4.108
growth_yoy,2026-06-01,170,6.254
growth_mom,2015-02-01,170,-7.084
growth_mom,2015-03-01,170,18.46
growth_mom,2015-04-01,170,-4.685
growth_mom,2015-05-01,170,-6.321
growth_mom,2015-06-01,170,2.787
growth_mom,2015-07-01,170,0.732
growth_mom,2015-08-01,170,-0.626
growth_mom,2015-09-01,170,20.72
growth_mom,2015-10-01,170,-12.97
growth_mom,2015-11-01,170,4.932
growth_mom,2015-12-01,170,2.096
growth_mom,2016-01-01,170,0.484
growth_mom,2016-02-01,170,-10.82
growth_mom,2016-03-01,170,10.867
growth_mom,2016-04-01,170,-2.088
growth_mom,2016-05-01,170,-6.362
growth_mom,2016-06-01,170,2.69
growth_mom,2016-07-01,170,-2.832
growth_mom,2016-08-01,170,0.76
growth_mom,2016-09-01,170,18.788
growth_mom,2016-10-01,170,-13.612
growth_mom,2016-11-01,170,8.495
growth_mom,2016-12-01,170,0.042
growth_mom,2017-01-01,170,2.396
growth_mom,2017-02-01,170,-3.367
growth_mom,2017-03-01,170,2.478
growth_mom,2017-04-01,170,1.744
growth_mom,2017-05-01,170,-3.956
growth_mom,2017-06-01,170,-5.33
growth_mom,2017-07-01,170,-0.167
growth_mom,2017-08-01,170,-3.089
growth_mom,2017-09-01,170,17.721
growth_mom,2017-10-01,170,-9.714
growth_mom,2017-11-01,170,8.459
growth_mom,2017-12-01,170,4.934
growth_mom,2018-01-01,170,-2.651
growth_mom,2018-02-01,170,-5.128
growth_mom,2018-03-01,170,4.39
growth_mom,2018-04-01,170,1.16
growth_mom,2018-05-01,170,-2.165
growth_mom,2018-06-01,170,-3.408
growth_mom,2018-07-01,170,0.845
growth_mom,2018-08-01,170,-5.332
growth_mom,2018-09-01,170,11.209
growth_mom,2018-10-01,170,-7.381
growth_mom,2018-11-01,170,5.516
growth_mom,2018-12-01,170,8.75
growth_mom,2019-01-01,170,-5.066
growth_mom,2019-02-01,170,-2.109
growth_mom,2019-03-01,170,4.408
growth_mom,2019-04-01,170,1.352
growth_mom,2019-05-01,170,-1.829
growth_mom,2019-06-01,170,-4.279
growth_mom,2019-07-01,170,1.429
growth_mom,2019-08-01,170,-5.524
growth_mom,2019-09-01,170,10.64
growth_mom,2019-10-01,170,-8.322
growth_mom,2019-11-01,170,10.518
growth_mom,2019-12-01,170,2.993
growth_mom,2020-01-01,170,-6.994
growth_mom,2020-02-01,170,2.714
growth_mom,2020-03-01,170,-8.99
growth_mom,2020-04-01,170,-41.977
growth_mom,2020-05-01,170,47.408
growth_mom,2020-06-01,170,34.549
growth_mom,2020-07-01,170,-2.297
growth_mom,2020-08-01,170,-9.255
growth_mom,2020-09-01,170,13.524
growth_mom,2020-10-01,170,-7.752
growth_mom,2020-11-01,170,8.227
growth_mom,2020-12-01,170,4.768
growth_mom,2021-01-01,170,-4.01
growth_mom,2021-02-01,170,0.436
growth_mom,2021-03-01,170,0.767
growth_mom,2021-04-01,170,-6.983
growth_mom,2021-05-01,170,-6.796
growth_mom,2021-06-01,170,13.036
growth_mom,2021-07-01,170,-4.871
growth_mom,2021-08-01,170,5.703
growth_mom,2021-09-01,170,14.015
growth_mom,2021-10-01,170,-5.424
growth_mom,2021-11-01,170,10.526
growth_mom,2021-12-01,170,-1.474
growth_mom,2022-01-01,170,-2.096
growth_mom,2022-02-01,170,-6.93
growth_mom,2022-03-01,170,-0.54
growth_mom,2022-04-01,170,-4.198
growth_mom,2022-05-01,170,-7.304
growth_mom,2022-06-01,170,16.252
growth_mom,2022-07-01,170,-1.839
growth_mom,2022-08-01,170,4.064
growth_mom,2022-09-01,170,11.64
growth_mom,2022-10-01,170,-11.773
growth_mom,2022-11-01,170,8.176
growth_mom,2022-12-01,170,0.521
growth_mom,2023-01-01,170,-2.216
growth_mom,2023-02-01,170,-3.891
growth_mom,2023-03-01,170,-2.562
growth_mom,2023-04-01,170,-6.099
growth_mom,2023-05-01,170,-2.211
growth_mom,2023-06-01,170,10.954
growth_mom,2023-07-01,170,-2.218
growth_mom,2023-08-01,170,5.682
growth_mom,2023-09-01,170,11.829
growth_mom,2023-10-01,170,-10.761
growth_mom,2023-11-01,170,11.781
growth_mom,2023-12-01,170,-1.598
growth_mom,2024-01-01,170,-1.233
growth_mom,2024-02-01,170,-6.824
growth_mom,2024-03-01,170,-5.296
growth_mom,2024-04-01,170,-3.595
growth_mom,2024-05-01,170,-4.308
growth_mom,2024-06-01,170,13.54
growth_mom,2024-07-01,170,1.904
growth_mom,2024-08-01,170,2.966
growth_mom,2024-09-01,170,5.832
growth_mom,2024-10-01,170,-11.145
growth_mom,2024-11-01,170,16.12
growth_mom,2024-12-01,170,-2.329
growth_mom,2025-01-01,170,-5.008
growth_mom,2025-02-01,170,-4.064
growth_mom,2025-03-01,170,-6.632
growth_mom,2025-04-01,170,-3.042
growth_mom,2025-05-01,170,-6.896
growth_mom,2025-06-01,170,12.562
growth_mom,2025-07-01,170,3.091
growth_mom,2025-08-01,170,1.789
growth_mom,2025-09-01,170,8.517
growth_mom,2025-10-01,170,-11.013
growth_mom,2025-11-01,170,12.308
growth_mom,2025-12-01,170,-1.585
growth_mom,2026-01-01,170,-0.594
growth_mom,2026-02-01,170,-7.973
growth_mom,2026-03-01,170,-5.773
growth_mom,2026-04-01,170,1.039
growth_mom,2026-05-01,170,-5.184
growth_mom,2026-06-01,170,14.882
abs,2015-01-01,181,90.076
abs,2015-02-01,181,79.156
abs,2015-03-01,181,84.064
abs,2015-04-01,181,101.688
abs,2015-05-01,181,101.626
abs,2015-06-01,181,108.216
abs,2015-07-01,181,105.616
abs,2015-08-01,181,100.983
abs,2015-09-01,181,103.546
abs,2015-10-01,181,110.846
abs,2015-11-01,181,102.42
abs,2015-12-01,181,111.764
abs,2016-01-01,181,98.419
abs,2016-02-01,181,86.33
abs,2016-03-01,181,85.355
abs,2016-04-01,181,103.197
abs,2016-05-01,181,102.125
abs,2016-06-01,181,115.84
abs,2016-07-01,181,112.122
abs,2016-08-01,181,107.907
abs,2016-09-01,181,106.675
abs,2016-10-01,181,112.859
abs,2016-11-01,181,110.616
abs,2016-12-01,181,122.544
abs,2017-01-01,181,110.283
abs,2017-02-01,181,102.274
abs,2017-03-01,181,96.849
abs,2017-04-01,181,107.318
abs,2017-05-01,181,105.303
abs,2017-06-01,181,116.473
abs,2017-07-01,181,114.973
abs,2017-08-01,181,109.427
abs,2017-09-01,181,107.851
abs,2017-10-01,181,109.045
abs,2017-11-01,181,113.862
abs,2017-12-01,181,128.296
abs,2018-01-01,181,110.449
abs,2018-02-01,181,105.91
abs,2018-03-01,181,104.788
abs,2018-04-01,181,107.941
abs,2018-05-01,181,108.681
abs,2018-06-01,181,121.279
abs,2018-07-01,181,119.821
abs,2018-08-01,181,115.315
abs,2018-09-01,181,112.885
abs,2018-10-01,181,114.553
abs,2018-11-01,181,120.183
abs,2018-12-01,181,131.35
abs,2019-01-01,181,117.691
abs,2019-02-01,181,110.862
abs,2019-03-01,181,108.984
abs,2019-04-01,181,112.405
abs,2019-05-01,181,114.45
abs,2019-06-01,181,126.092
abs,2019-07-01,181,125.807
abs,2019-08-01,181,121.414
abs,2019-09-01,181,118.989
abs,2019-10-01,181,117.209
abs,2019-11-01,181,120.216
abs,2019-12-01,181,135.783
abs,2020-01-01,181,124.68
abs,2020-02-01,181,117.657
abs,2020-03-01,181,101.744
abs,2020-04-01,181,51.507
abs,2020-05-01,181,80.161
abs,2020-06-01,181,118.199
abs,2020-07-01,181,131.799
abs,2020-08-01,181,123.786
abs,2020-09-01,181,122.347
abs,2020-10-01,181,120.144
abs,2020-11-01,181,123.631
abs,2020-12-01,181,141.732
abs,2021-01-01,181,125.876
abs,2021-02-01,181,119.722
abs,2021-03-01,181,112.792
abs,2021-04-01,181,116.501
abs,2021-05-01,181,110.776
abs,2021-06-01,181,94.101
abs,2021-07-01,181,98.735
abs,2021-08-01,181,110.576
abs,2021-09-01,181,118.733
abs,2021-10-01,181,119.95
abs,2021-11-01,181,125.865
abs,2021-12-01,181,146.057
abs,2022-01-01,181,127.724
abs,2022-02-01,181,120.861
abs,2022-03-01,181,116.706
abs,2022-04-01,181,126.398
abs,2022-05-01,181,120.35
abs,2022-06-01,181,112.57
abs,2022-07-01,181,108.872
abs,2022-08-01,181,119.892
abs,2022-09-01,181,127.376
abs,2022-10-01,181,126.48
abs,2022-11-01,181,136.919
abs,2022-12-01,181,151.556
abs,2023-01-01,181,131.023
abs,2023-02-01,181,126.758
abs,2023-03-01,181,120.911
abs,2023-04-01,181,130.437
abs,2023-05-01,181,131.221
abs,2023-06-01,181,121.449
abs,2023-07-01,181,117.928
abs,2023-08-01,181,131.843
abs,2023-09-01,181,138.747
abs,2023-10-01,181,138.287
abs,2023-11-01,181,141.057
abs,2023-12-01,181,158.448
abs,2024-01-01,181,139.96
abs,2024-02-01,181,131.358
abs,2024-03-01,181,127.295
abs,2024-04-01,181,141.599
abs,2024-05-01,181,141.586
abs,2024-06-01,181,133.366
abs,2024-07-01,181,134.654
abs,2024-08-01,181,146.138
abs,2024-09-01,181,151.125
abs,2024-10-01,181,149.492
abs,2024-11-01,181,154.516
abs,2024-12-01,181,170.033
abs,2025-01-01,181,149.503
abs,2025-02-01,181,142.741
abs,2025-03-01,181,136.807
abs,2025-04-01,181,152.536
abs,2025-05-01,181,156.981
abs,2025-06-01,181,144.598
abs,2025-07-01,181,142.54
abs,2025-08-01,181,158.131
abs,2025-09-01,181,165.689
abs,2025-10-01,181,165.841
abs,2025-11-01,181,165.038
abs,2025-12-01,181,178.885
abs,2026-01-01,181,165.277
abs,2026-02-01,181,153.898
abs,2026-03-01,181,148.211
abs,2026-04-01,181,167.013
abs,2026-05-01,181,164.249
abs,2026-06-01,181,149.969
growth_yoy,2016-01-01,181,9.262
growth_yoy,2016-02-01,181,9.063
growth_yoy,2016-03-01,181,1.536
growth_yoy,2016-04-01,181,1.484
growth_yoy,2016-05-01,181,0.492
growth_yoy,2016-06-01,181,7.045
growth_yoy,2016-07-01,181,6.161
growth_yoy,2016-08-01,181,6.857
growth_yoy,2016-09-01,181,3.022
growth_yoy,2016-10-01,181,1.816
growth_yoy,2016-11-01,181,8.003
growth_yoy,2016-12-01,181,9.645
growth_yoy,2017-01-01,181,12.055
growth_yoy,2017-02-01,181,18.469
growth_yoy,2017-03-01,181,13.465
growth_yoy,2017-04-01,181,3.993
growth_yoy,2017-05-01,181,3.111
growth_yoy,2017-06-01,181,0.546
growth_yoy,2017-07-01,181,2.543
growth_yoy,2017-08-01,181,1.408
growth_yoy,2017-09-01,181,1.102
growth_yoy,2017-10-01,181,-3.38
growth_yoy,2017-11-01,181,2.934
growth_yoy,2017-12-01,181,4.694
growth_yoy,2018-01-01,181,0.151
growth_yoy,2018-02-01,181,3.555
growth_yoy,2018-03-01,181,8.197
growth_yoy,2018-04-01,181,0.581
growth_yoy,2018-05-01,181,3.208
growth_yoy,2018-06-01,181,4.126
growth_yoy,2018-07-01,181,4.216
growth_yoy,2018-08-01,181,5.381
growth_yoy,2018-09-01,181,4.668
growth_yoy,2018-10-01,181,5.051
growth_yoy,2018-11-01,181,5.552
growth_yoy,2018-12-01,181,2.381
growth_yoy,2019-01-01,181,6.556
growth_yoy,2019-02-01,181,4.676
growth_yoy,2019-03-01,181,4.004
growth_yoy,2019-04-01,181,4.136
growth_yoy,2019-05-01,181,5.308
growth_yoy,2019-06-01,181,3.969
growth_yoy,2019-07-01,181,4.997
growth_yoy,2019-08-01,181,5.289
growth_yoy,2019-09-01,181,5.407
growth_yoy,2019-10-01,181,2.319
growth_yoy,2019-11-01,181,0.028
growth_yoy,2019-12-01,181,3.375
growth_yoy,2020-01-01,181,5.938
growth_yoy,2020-02-01,181,6.129
growth_yoy,2020-03-01,181,-6.643
growth_yoy,2020-04-01,181,-54.177
growth_yoy,2020-05-01,181,-29.96
growth_yoy,2020-06-01,181,-6.26
growth_yoy,2020-07-01,181,4.762
growth_yoy,2020-08-01,181,1.954
growth_yoy,2020-09-01,181,2.822
growth_yoy,2020-10-01,181,2.504
growth_yoy,2020-11-01,181,2.841
growth_yoy,2020-12-01,181,4.382
growth_yoy,2021-01-01,181,0.959
growth_yoy,2021-02-01,181,1.755
growth_yoy,2021-03-01,181,10.859
growth_yoy,2021-04-01,181,126.182
growth_yoy,2021-05-01,181,38.193
growth_yoy,2021-06-01,181,-20.387
growth_yoy,2021-07-01,181,-25.086
growth_yoy,2021-08-01,181,-10.672
growth_yoy,2021-09-01,181,-2.953
growth_yoy,2021-10-01,181,-0.161
growth_yoy,2021-11-01,181,1.807
growth_yoy,2021-12-01,181,3.051
growth_yoy,2022-01-01,181,1.468
growth_yoy,2022-02-01,181,0.952
growth_yoy,2022-03-01,181,3.47
growth_yoy,2022-04-01,181,8.496
growth_yoy,2022-05-01,181,8.642
growth_yoy,2022-06-01,181,19.626
growth_yoy,2022-07-01,181,10.267
growth_yoy,2022-08-01,181,8.426
growth_yoy,2022-09-01,181,7.279
growth_yoy,2022-10-01,181,5.444
growth_yoy,2022-11-01,181,8.782
growth_yoy,2022-12-01,181,3.765
growth_yoy,2023-01-01,181,2.583
growth_yoy,2023-02-01,181,4.879
growth_yoy,2023-03-01,181,3.603
growth_yoy,2023-04-01,181,3.195
growth_yoy,2023-05-01,181,9.033
growth_yoy,2023-06-01,181,7.888
growth_yoy,2023-07-01,181,8.318
growth_yoy,2023-08-01,181,9.968
growth_yoy,2023-09-01,181,8.927
growth_yoy,2023-10-01,181,9.336
growth_yoy,2023-11-01,181,3.022
growth_yoy,2023-12-01,181,4.547
growth_yoy,2024-01-01,181,6.821
growth_yoy,2024-02-01,181,3.628
growth_yoy,2024-03-01,181,5.28
growth_yoy,2024-04-01,181,8.558
growth_yoy,2024-05-01,181,7.899
growth_yoy,2024-06-01,181,9.812
growth_yoy,2024-07-01,181,14.183
growth_yoy,2024-08-01,181,10.842
growth_yoy,2024-09-01,181,8.922
growth_yoy,2024-10-01,181,8.102
growth_yoy,2024-11-01,181,9.542
growth_yoy,2024-12-01,181,7.311
growth_yoy,2025-01-01,181,6.819
growth_yoy,2025-02-01,181,8.666
growth_yoy,2025-03-01,181,7.473
growth_yoy,2025-04-01,181,7.724
growth_yoy,2025-05-01,181,10.873
growth_yoy,2025-06-01,181,8.422
growth_yoy,2025-07-01,181,5.857
growth_yoy,2025-08-01,181,8.207
growth_yoy,2025-09-01,181,9.637
growth_yoy,2025-10-01,181,10.937
growth_yoy,2025-11-01,181,6.81
growth_yoy,2025-12-01,181,5.206
growth_yoy,2026-01-01,181,10.551
growth_yoy,2026-02-01,181,7.816
growth_yoy,2026-03-01,181,8.336
growth_yoy,2026-04-01,181,9.491
growth_yoy,2026-05-01,181,4.63
growth_yoy,2026-06-01,181,3.715
growth_mom,2015-02-01,181,-12.123
growth_mom,2015-03-01,181,6.2
growth_mom,2015-04-01,181,20.965
growth_mom,2015-05-01,181,-0.061
growth_mom,2015-06-01,181,6.485
growth_mom,2015-07-01,181,-2.403
growth_mom,2015-08-01,181,-4.386
growth_mom,2015-09-01,181,2.538
growth_mom,2015-10-01,181,7.05
growth_mom,2015-11-01,181,-7.602
growth_mom,2015-12-01,181,9.123
growth_mom,2016-01-01,181,-11.941
growth_mom,2016-02-01,181,-12.283
growth_mom,2016-03-01,181,-1.129
growth_mom,2016-04-01,181,20.903
growth_mom,2016-05-01,181,-1.039
growth_mom,2016-06-01,181,13.43
growth_mom,2016-07-01,181,-3.21
growth_mom,2016-08-01,181,-3.759
growth_mom,2016-09-01,181,-1.142
growth_mom,2016-10-01,181,5.797
growth_mom,2016-11-01,181,-1.987
growth_mom,2016-12-01,181,10.782
growth_mom,2017-01-01,181,-10.005
growth_mom,2017-02-01,181,-7.262
growth_mom,2017-03-01,181,-5.305
growth_mom,2017-04-01,181,10.81
growth_mom,2017-05-01,181,-1.878
growth_mom,2017-06-01,181,10.608
growth_mom,2017-07-01,181,-1.288
growth_mom,2017-08-01,181,-4.824
growth_mom,2017-09-01,181,-1.44
growth_mom,2017-10-01,181,1.107
growth_mom,2017-11-01,181,4.417
growth_mom,2017-12-01,181,12.677
growth_mom,2018-01-01,181,-13.91
growth_mom,2018-02-01,181,-4.11
growth_mom,2018-03-01,181,-1.06
growth_mom,2018-04-01,181,3.01
growth_mom,2018-05-01,181,0.685
growth_mom,2018-06-01,181,11.592
growth_mom,2018-07-01,181,-1.202
growth_mom,2018-08-01,181,-3.76
growth_mom,2018-09-01,181,-2.107
growth_mom,2018-10-01,181,1.477
growth_mom,2018-11-01,181,4.915
growth_mom,2018-12-01,181,9.291
growth_mom,2019-01-01,181,-10.399
growth_mom,2019-02-01,181,-5.802
growth_mom,2019-03-01,181,-1.694
growth_mom,2019-04-01,181,3.14
growth_mom,2019-05-01,181,1.819
growth_mom,2019-06-01,181,10.173
growth_mom,2019-07-01,181,-0.226
growth_mom,2019-08-01,181,-3.492
growth_mom,2019-09-01,181,-1.997
growth_mom,2019-10-01,181,-1.496
growth_mom,2019-11-01,181,2.566
growth_mom,2019-12-01,181,12.948
growth_mom,2020-01-01,181,-8.177
growth_mom,2020-02-01,181,-5.633
growth_mom,2020-03-01,181,-13.525
growth_mom,2020-04-01,181,-49.376
growth_mom,2020-05-01,181,55.63
growth_mom,2020-06-01,181,47.452
growth_mom,2020-07-01,181,11.506
growth_mom,2020-08-01,181,-6.08
growth_mom,2020-09-01,181,-1.163
growth_mom,2020-10-01,181,-1.8
growth_mom,2020-11-01,181,2.902
growth_mom,2020-12-01,181,14.641
growth_mom,2021-01-01,181,-11.187
growth_mom,2021-02-01,181,-4.889
growth_mom,2021-03-01,181,-5.788
growth_mom,2021-04-01,181,3.288
growth_mom,2021-05-01,181,-4.913
growth_mom,2021-06-01,181,-15.053
growth_mom,2021-07-01,181,4.924
growth_mom,2021-08-01,181,11.992
growth_mom,2021-09-01,181,7.378
growth_mom,2021-10-01,181,1.025
growth_mom,2021-11-01,181,4.931
growth_mom,2021-12-01,181,16.042
growth_mom,2022-01-01,181,-12.552
growth_mom,2022-02-01,181,-5.373
growth_mom,2022-03-01,181,-3.438
growth_mom,2022-04-01,181,8.305
growth_mom,2022-05-01,181,-4.785
growth_mom,2022-06-01,181,-6.464
growth_mom,2022-07-01,181,-3.285
growth_mom,2022-08-01,181,10.122
growth_mom,2022-09-01,181,6.242
growth_mom,2022-10-01,181,-0.703
growth_mom,2022-11-01,181,8.253
growth_mom,2022-12-01,181,10.691
growth_mom,2023-01-01,181,-13.548
growth_mom,2023-02-01,181,-3.255
growth_mom,2023-03-01,181,-4.613
growth_mom,2023-04-01,181,7.878
growth_mom,2023-05-01,181,0.601
growth_mom,2023-06-01,181,-7.447
growth_mom,2023-07-01,181,-2.899
growth_mom,2023-08-01,181,11.799
growth_mom,2023-09-01,181,5.236
growth_mom,2023-10-01,181,-0.331
growth_mom,2023-11-01,181,2.002
growth_mom,2023-12-01,181,12.33
growth_mom,2024-01-01,181,-11.668
growth_mom,2024-02-01,181,-6.146
growth_mom,2024-03-01,181,-3.093
growth_mom,2024-04-01,181,11.237
growth_mom,2024-05-01,181,-0.009
growth_mom,2024-06-01,181,-5.806
growth_mom,2024-07-01,181,0.966
growth_mom,2024-08-01,181,8.528
growth_mom,2024-09-01,181,3.413
growth_mom,2024-10-01,181,-1.081
growth_mom,2024-11-01,181,3.361
growth_mom,2024-12-01,181,10.042
growth_mom,2025-01-01,181,-12.074
growth_mom,2025-02-01,181,-4.523
growth_mom,2025-03-01,181,-4.157
growth_mom,2025-04-01,181,11.497
growth_mom,2025-05-01,181,2.914
growth_mom,2025-06-01,181,-7.888
growth_mom,2025-07-01,181,-1.423
growth_mom,2025-08-01,181,10.938
growth_mom,2025-09-01,181,4.78
growth_mom,2025-10-01,181,0.092
growth_mom,2025-11-01,181,-0.484
growth_mom,2025-12-01,181,8.39
growth_mom,2026-01-01,181,-7.607
growth_mom,2026-02-01,181,-6.885
growth_mom,2026-03-01,181,-3.695
growth_mom,2026-04-01,181,12.687
growth_mom,2026-05-01,181,-1.655
growth_mom,2026-06-01,181,-8.694
abs,2015-01-01,182,85.805
abs,2015-02-01,182,94.897
abs,2015-03-01,182,96.728
abs,2015-04-01,182,100.583
abs,2015-05-01,182,97.983
abs,2015-06-01,182,98.74
abs,2015-07-01,182,113.008
abs,2015-08-01,182,109.639
abs,2015-09-01,182,115.152
abs,2015-10-01,182,97.575
abs,2015-11-01,182,95.491
abs,2015-12-01,182,94.398
abs,2016-01-01,182,93.857
abs,2016-02-01,182,103.362
abs,2016-03-01,182,98.206
abs,2016-04-01,182,101.49
abs,2016-05-01,182,98.574
abs,2016-06-01,182,106.304
abs,2016-07-01,182,120.604
abs,2016-08-01,182,117.445
abs,2016-09-01,182,118.991
abs,2016-10-01,182,99.437
abs,2016-11-01,182,103.271
abs,2016-12-01,182,104.648
abs,2017-01-01,182,105.232
abs,2017-02-01,182,122.466
abs,2017-03-01,182,111.444
abs,2017-04-01,182,105.526
abs,2017-05-01,182,101.633
abs,2017-06-01,182,106.471
abs,2017-07-01,182,123.451
abs,2017-08-01,182,119.063
abs,2017-09-01,182,120.243
abs,2017-10-01,182,96.121
abs,2017-11-01,182,106.321
abs,2017-12-01,182,107.177
abs,2018-01-01,182,113.048
abs,2018-02-01,182,105.667
abs,2018-03-01,182,112.251
abs,2018-04-01,182,113.47
abs,2018-05-01,182,109.849
abs,2018-06-01,182,110.88
abs,2018-07-01,182,112.802
abs,2018-08-01,182,119.253
abs,2018-09-01,182,125.258
abs,2018-10-01,182,119.103
abs,2018-11-01,182,119.112
abs,2018-12-01,182,107.185
abs,2019-01-01,182,101.18
abs,2019-02-01,182,111.757
abs,2019-03-01,182,123.985
abs,2019-04-01,182,123.985
abs,2019-05-01,182,125.2
abs,2019-06-01,182,136.4
abs,2019-07-01,182,126.837
abs,2019-08-01,182,129.374
abs,2019-09-01,182,130.87
abs,2019-10-01,182,131.113
abs,2019-11-01,182,130.452
abs,2019-12-01,182,129.729
abs,2020-01-01,182,120.76
abs,2020-02-01,182,128.585
abs,2020-03-01,182,94.769
abs,2020-04-01,182,75.327
abs,2020-05-01,182,104.86
abs,2020-06-01,182,101.528
abs,2020-07-01,182,119.783
abs,2020-08-01,182,133.006
abs,2020-09-01,182,112.609
abs,2020-10-01,182,128.293
abs,2020-11-01,182,133.01
abs,2020-12-01,182,131.773
abs,2021-01-01,182,133.087
abs,2021-02-01,182,141.164
abs,2021-03-01,182,110.996
abs,2021-04-01,182,119.961
abs,2021-05-01,182,114.003
abs,2021-06-01,182,126.561
abs,2021-07-01,182,113.976
abs,2021-08-01,182,110.954
abs,2021-09-01,182,114.769
abs,2021-10-01,182,114.075
abs,2021-11-01,182,107.934
abs,2021-12-01,182,105.787
abs,2022-01-01,182,103.569
abs,2022-02-01,182,101.351
abs,2022-03-01,182,99.347
abs,2022-04-01,182,122.57
abs,2022-05-01,182,106.451
abs,2022-06-01,182,103.186
abs,2022-07-01,182,109.741
abs,2022-08-01,182,105.652
abs,2022-09-01,182,104.745
abs,2022-10-01,182,107.853
abs,2022-11-01,182,108.171
abs,2022-12-01,182,108.303
abs,2023-01-01,182,108.58
abs,2023-02-01,182,108.678
abs,2023-03-01,182,107.959
abs,2023-04-01,182,109.092
abs,2023-05-01,182,94.746
abs,2023-06-01,182,92.661
abs,2023-07-01,182,98.547
abs,2023-08-01,182,94.875
abs,2023-09-01,182,94.061
abs,2023-10-01,182,96.852
abs,2023-11-01,182,97.137
abs,2023-12-01,182,97.256
abs,2024-01-01,182,97.504
abs,2024-02-01,182,101.396
abs,2024-03-01,182,101.373
abs,2024-04-01,182,100.91
abs,2024-05-01,182,88.682
abs,2024-06-01,182,84.414
abs,2024-07-01,182,91.551
abs,2024-08-01,182,90.701
abs,2024-09-01,182,92.086
abs,2024-10-01,182,95.205
abs,2024-11-01,182,95.972
abs,2024-12-01,182,96.478
abs,2025-01-01,182,97.407
abs,2025-02-01,182,107.277
abs,2025-03-01,182,107.253
abs,2025-04-01,182,106.763
abs,2025-05-01,182,93.826
abs,2025-06-01,182,89.31
abs,2025-07-01,182,96.86
abs,2025-08-01,182,96.052
abs,2025-09-01,182,97.519
abs,2025-10-01,182,100.822
abs,2025-11-01,182,101.73
abs,2025-12-01,182,102.266
abs,2026-01-01,182,103.349
abs,2026-02-01,182,113.821
abs,2026-03-01,182,113.795
abs,2026-04-01,182,113.276
abs,2026-05-01,182,99.549
abs,2026-06-01,182,94.758
growth_yoy,2016-01-01,182,9.383
growth_yoy,2016-02-01,182,8.92
growth_yoy,2016-03-01,182,1.528
growth_yoy,2016-04-01,182,0.901
growth_yoy,2016-05-01,182,0.603
growth_yoy,2016-06-01,182,7.661
growth_yoy,2016-07-01,182,6.722
growth_yoy,2016-08-01,182,7.12
growth_yoy,2016-09-01,182,3.334
growth_yoy,2016-10-01,182,1.908
growth_yoy,2016-11-01,182,8.147
growth_yoy,2016-12-01,182,10.858
growth_yoy,2017-01-01,182,12.12
growth_yoy,2017-02-01,182,18.483
growth_yoy,2017-03-01,182,13.48
growth_yoy,2017-04-01,182,3.977
growth_yoy,2017-05-01,182,3.103
growth_yoy,2017-06-01,182,0.157
growth_yoy,2017-07-01,182,2.361
growth_yoy,2017-08-01,182,1.377
growth_yoy,2017-09-01,182,1.052
growth_yoy,2017-10-01,182,-3.335
growth_yoy,2017-11-01,182,2.954
growth_yoy,2017-12-01,182,2.417
growth_yoy,2018-01-01,182,7.427
growth_yoy,2018-02-01,182,-13.718
growth_yoy,2018-03-01,182,0.724
growth_yoy,2018-04-01,182,7.528
growth_yoy,2018-05-01,182,8.084
growth_yoy,2018-06-01,182,4.141
growth_yoy,2018-07-01,182,-8.626
growth_yoy,2018-08-01,182,0.16
growth_yoy,2018-09-01,182,4.171
growth_yoy,2018-10-01,182,23.909
growth_yoy,2018-11-01,182,12.03
growth_yoy,2018-12-01,182,0.007
growth_yoy,2019-01-01,182,-10.498
growth_yoy,2019-02-01,182,5.763
growth_yoy,2019-03-01,182,10.453
growth_yoy,2019-04-01,182,9.267
growth_yoy,2019-05-01,182,13.974
growth_yoy,2019-06-01,182,23.016
growth_yoy,2019-07-01,182,12.443
growth_yoy,2019-08-01,182,8.487
growth_yoy,2019-09-01,182,4.481
growth_yoy,2019-10-01,182,10.084
growth_yoy,2019-11-01,182,9.521
growth_yoy,2019-12-01,182,21.033
growth_yoy,2020-01-01,182,19.352
growth_yoy,2020-02-01,182,15.058
growth_yoy,2020-03-01,182,-23.565
growth_yoy,2020-04-01,182,-39.246
growth_yoy,2020-05-01,182,-16.246
growth_yoy,2020-06-01,182,-25.566
growth_yoy,2020-07-01,182,-5.562
growth_yoy,2020-08-01,182,2.807
growth_yoy,2020-09-01,182,-13.954
growth_yoy,2020-10-01,182,-2.151
growth_yoy,2020-11-01,182,1.96
growth_yoy,2020-12-01,182,1.575
growth_yoy,2021-01-01,182,10.208
growth_yoy,2021-02-01,182,9.783
growth_yoy,2021-03-01,182,17.123
growth_yoy,2021-04-01,182,59.255
growth_yoy,2021-05-01,182,8.719
growth_yoy,2021-06-01,182,24.656
growth_yoy,2021-07-01,182,-4.848
growth_yoy,2021-08-01,182,-16.58
growth_yoy,2021-09-01,182,1.918
growth_yoy,2021-10-01,182,-11.083
growth_yoy,2021-11-01,182,-18.853
growth_yoy,2021-12-01,182,-19.72
growth_yoy,2022-01-01,182,-22.18
growth_yoy,2022-02-01,182,-28.203
growth_yoy,2022-03-01,182,-10.494
growth_yoy,2022-04-01,182,2.174
growth_yoy,2022-05-01,182,-6.625
growth_yoy,2022-06-01,182,-18.47
growth_yoy,2022-07-01,182,-3.716
growth_yoy,2022-08-01,182,-4.779
growth_yoy,2022-09-01,182,-8.734
growth_yoy,2022-10-01,182,-5.454
growth_yoy,2022-11-01,182,0.22
growth_yoy,2022-12-01,182,2.378
growth_yoy,2023-01-01,182,4.838
growth_yoy,2023-02-01,182,7.229
growth_yoy,2023-03-01,182,8.668
growth_yoy,2023-04-01,182,-10.996
growth_yoy,2023-05-01,182,-10.996
growth_yoy,2023-06-01,182,-10.2
growth_yoy,2023-07-01,182,-10.2
growth_yoy,2023-08-01,182,-10.2
growth_yoy,2023-09-01,182,-10.2
growth_yoy,2023-10-01,182,-10.2
growth_yoy,2023-11-01,182,-10.2
growth_yoy,2023-12-01,182,-10.2
growth_yoy,2024-01-01,182,-10.2
growth_yoy,2024-02-01,182,-6.7
growth_yoy,2024-03-01,182,-6.1
growth_yoy,2024-04-01,182,-7.5
growth_yoy,2024-05-01,182,-6.4
growth_yoy,2024-06-01,182,-8.9
growth_yoy,2024-07-01,182,-7.1
growth_yoy,2024-08-01,182,-4.4
growth_yoy,2024-09-01,182,-2.1
growth_yoy,2024-10-01,182,-1.7
growth_yoy,2024-11-01,182,-1.2
growth_yoy,2024-12-01,182,-0.8
growth_yoy,2025-01-01,182,-0.1
growth_yoy,2025-02-01,182,5.8
growth_yoy,2025-03-01,182,5.8
growth_yoy,2025-04-01,182,5.8
growth_yoy,2025-05-01,182,5.8
growth_yoy,2025-06-01,182,5.8
growth_yoy,2025-07-01,182,5.8
growth_yoy,2025-08-01,182,5.9
growth_yoy,2025-09-01,182,5.9
growth_yoy,2025-10-01,182,5.9
growth_yoy,2025-11-01,182,6.0
growth_yoy,2025-12-01,182,6.0
growth_yoy,2026-01-01,182,6.1
growth_yoy,2026-02-01,182,6.1
growth_yoy,2026-03-01,182,6.1
growth_yoy,2026-04-01,182,6.1
growth_yoy,2026-05-01,182,6.1
growth_yoy,2026-06-01,182,6.1
growth_mom,2015-02-01,182,10.596
growth_mom,2015-03-01,182,1.93
growth_mom,2015-04-01,182,3.986
growth_mom,2015-05-01,182,-2.585
growth_mom,2015-06-01,182,0.772
growth_mom,2015-07-01,182,14.45
growth_mom,2015-08-01,182,-2.981
growth_mom,2015-09-01,182,5.028
growth_mom,2015-10-01,182,-15.264
growth_mom,2015-11-01,182,-2.136
growth_mom,2015-12-01,182,-1.145
growth_mom,2016-01-01,182,-0.574
growth_mom,2016-02-01,182,10.128
growth_mom,2016-03-01,182,-4.988
growth_mom,2016-04-01,182,3.344
growth_mom,2016-05-01,182,-2.873
growth_mom,2016-06-01,182,7.842
growth_mom,2016-07-01,182,13.452
growth_mom,2016-08-01,182,-2.619
growth_mom,2016-09-01,182,1.316
growth_mom,2016-10-01,182,-16.433
growth_mom,2016-11-01,182,3.856
growth_mom,2016-12-01,182,1.333
growth_mom,2017-01-01,182,0.558
growth_mom,2017-02-01,182,16.377
growth_mom,2017-03-01,182,-9.0
growth_mom,2017-04-01,182,-5.31
growth_mom,2017-05-01,182,-3.689
growth_mom,2017-06-01,182,4.76
growth_mom,2017-07-01,182,15.948
growth_mom,2017-08-01,182,-3.555
growth_mom,2017-09-01,182,0.991
growth_mom,2017-10-01,182,-20.061
growth_mom,2017-11-01,182,10.612
growth_mom,2017-12-01,182,0.805
growth_mom,2018-01-01,182,5.477
growth_mom,2018-02-01,182,-6.529
growth_mom,2018-03-01,182,6.231
growth_mom,2018-04-01,182,1.086
growth_mom,2018-05-01,182,-3.191
growth_mom,2018-06-01,182,0.939
growth_mom,2018-07-01,182,1.733
growth_mom,2018-08-01,182,5.719
growth_mom,2018-09-01,182,5.036
growth_mom,2018-10-01,182,-4.914
growth_mom,2018-11-01,182,0.007
growth_mom,2018-12-01,182,-10.013
growth_mom,2019-01-01,182,-5.602
growth_mom,2019-02-01,182,10.453
growth_mom,2019-03-01,182,10.942
growth_mom,2019-04-01,182,0.0
growth_mom,2019-05-01,182,0.98
growth_mom,2019-06-01,182,8.946
growth_mom,2019-07-01,182,-7.011
growth_mom,2019-08-01,182,2.0
growth_mom,2019-09-01,182,1.157
growth_mom,2019-10-01,182,0.185
growth_mom,2019-11-01,182,-0.504
growth_mom,2019-12-01,182,-0.554
growth_mom,2020-01-01,182,-6.914
growth_mom,2020-02-01,182,6.48
growth_mom,2020-03-01,182,-26.299
growth_mom,2020-04-01,182,-20.515
growth_mom,2020-05-01,182,39.207
growth_mom,2020-06-01,182,-3.177
growth_mom,2020-07-01,182,17.98
growth_mom,2020-08-01,182,11.039
growth_mom,2020-09-01,182,-15.335
growth_mom,2020-10-01,182,13.928
growth_mom,2020-11-01,182,3.676
growth_mom,2020-12-01,182,-0.93
growth_mom,2021-01-01,182,0.997
growth_mom,2021-02-01,182,6.069
growth_mom,2021-03-01,182,-21.371
growth_mom,2021-04-01,182,8.077
growth_mom,2021-05-01,182,-4.967
growth_mom,2021-06-01,182,11.015
growth_mom,2021-07-01,182,-9.944
growth_mom,2021-08-01,182,-2.652
growth_mom,2021-09-01,182,3.439
growth_mom,2021-10-01,182,-0.605
growth_mom,2021-11-01,182,-5.383
growth_mom,2021-12-01,182,-1.989
growth_mom,2022-01-01,182,-2.097
growth_mom,2022-02-01,182,-2.142
growth_mom,2022-03-01,182,-1.977
growth_mom,2022-04-01,182,23.375
growth_mom,2022-05-01,182,-13.151
growth_mom,2022-06-01,182,-3.067
growth_mom,2022-07-01,182,6.353
growth_mom,2022-08-01,182,-3.726
growth_mom,2022-09-01,182,-0.858
growth_mom,2022-10-01,182,2.967
growth_mom,2022-11-01,182,0.295
growth_mom,2022-12-01,182,0.122
growth_mom,2023-01-01,182,0.256
growth_mom,2023-02-01,182,0.091
growth_mom,2023-03-01,182,-0.662
growth_mom,2023-04-01,182,1.05
growth_mom,2023-05-01,182,-13.151
growth_mom,2023-06-01,182,-2.201
growth_mom,2023-07-01,182,6.353
growth_mom,2023-08-01,182,-3.726
growth_mom,2023-09-01,182,-0.858
growth_mom,2023-10-01,182,2.967
growth_mom,2023-11-01,182,0.295
growth_mom,2023-12-01,182,0.122
growth_mom,2024-01-01,182,0.256
growth_mom,2024-02-01,182,3.992
growth_mom,2024-03-01,182,-0.023
growth_mom,2024-04-01,182,-0.457
growth_mom,2024-05-01,182,-12.118
growth_mom,2024-06-01,182,-4.813
growth_mom,2024-07-01,182,8.454
growth_mom,2024-08-01,182,-0.928
growth_mom,2024-09-01,182,1.527
growth_mom,2024-10-01,182,3.388
growth_mom,2024-11-01,182,0.805
growth_mom,2024-12-01,182,0.527
growth_mom,2025-01-01,182,0.963
growth_mom,2025-02-01,182,10.133
growth_mom,2025-03-01,182,-0.023
growth_mom,2025-04-01,182,-0.457
growth_mom,2025-05-01,182,-12.118
growth_mom,2025-06-01,182,-4.813
growth_mom,2025-07-01,182,8.454
growth_mom,2025-08-01,182,-0.835
growth_mom,2025-09-01,182,1.527
growth_mom,2025-10-01,182,3.388
growth_mom,2025-11-01,182,0.9
growth_mom,2025-12-01,182,0.527
growth_mom,2026-01-01,182,1.058
growth_mom,2026-02-01,182,10.133
growth_mom,2026-03-01,182,-0.023
growth_mom,2026-04-01,182,-0.457
growth_mom,2026-05-01,182,-12.118
growth_mom,2026-06-01,182,-4.813
abs,2015-01-01,192,107.541
abs,2015-02-01,192,100.081
abs,2015-03-01,192,106.727
abs,2015-04-01,192,91.085
abs,2015-05-01,192,100.438
abs,2015-06-01,192,102.683
abs,2015-07-01,192,98.809
abs,2015-08-01,192,88.845
abs,2015-09-01,192,94.865
abs,2015-10-01,192,106.569
abs,2015-11-01,192,95.999
abs,2015-12-01,192,106.357
abs,2016-01-01,192,106.906
abs,2016-02-01,192,102.044
abs,2016-03-01,192,109.204
abs,2016-04-01,192,95.766
abs,2016-05-01,192,105.198
abs,2016-06-01,192,107.904
abs,2016-07-01,192,102.375
abs,2016-08-01,192,90.725
abs,2016-09-01,192,98.296
abs,2016-10-01,192,108.808
abs,2016-11-01,192,101.051
abs,2016-12-01,192,108.759
abs,2017-01-01,192,108.788
abs,2017-02-01,192,104.293
abs,2017-03-01,192,112.859
abs,2017-04-01,192,97.278
abs,2017-05-01,192,107.601
abs,2017-06-01,192,109.476
abs,2017-07-01,192,105.619
abs,2017-08-01,192,100.024
abs,2017-09-01,192,103.284
abs,2017-10-01,192,109.544
abs,2017-11-01,192,110.555
abs,2017-12-01,192,110.555
abs,2018-01-01,192,116.119
abs,2018-02-01,192,112.347
abs,2018-03-01,192,111.8
abs,2018-04-01,192,100.091
abs,2018-05-01,192,110.829
abs,2018-06-01,192,111.055
abs,2018-07-01,192,106.386
abs,2018-08-01,192,103.005
abs,2018-09-01,192,106.544
abs,2018-10-01,192,115.175
abs,2018-11-01,192,116.437
abs,2018-12-01,192,112.407
abs,2019-01-01,192,120.593
abs,2019-02-01,192,112.602
abs,2019-03-01,192,116.593
abs,2019-04-01,192,104.095
abs,2019-05-01,192,113.088
abs,2019-06-01,192,114.109
abs,2019-07-01,192,110.469
abs,2019-08-01,192,105.819
abs,2019-09-01,192,109.09
abs,2019-10-01,192,117.588
abs,2019-11-01,192,117.787
abs,2019-12-01,192,116.424
abs,2020-01-01,192,125.085
abs,2020-02-01,192,119.878
abs,2020-03-01,192,117.532
abs,2020-04-01,192,66.28
abs,2020-05-01,192,69.74
abs,2020-06-01,192,100.318
abs,2020-07-01,192,98.371
abs,2020-08-01,192,96.859
abs,2020-09-01,192,98.669
abs,2020-10-01,192,104.497
abs,2020-11-01,192,104.867
abs,2020-12-01,192,112.03
abs,2021-01-01,192,109.667
abs,2021-02-01,192,115.773
abs,2021-03-01,192,115.678
abs,2021-04-01,192,93.261
abs,2021-05-01,192,106.957
abs,2021-06-01,192,117.585
abs,2021-07-01,192,122.615
abs,2021-08-01,192,116.252
abs,2021-09-01,192,107.889
abs,2021-10-01,192,114.94
abs,2021-11-01,192,121.251
abs,2021-12-01,192,112.842
abs,2022-01-01,192,111.838
abs,2022-02-01,192,114.145
abs,2022-03-01,192,129.877
abs,2022-04-01,192,92.365
abs,2022-05-01,192,109.106
abs,2022-06-01,192,130.48
abs,2022-07-01,192,129.579
abs,2022-08-01,192,131.152
abs,2022-09-01,192,124.477
abs,2022-10-01,192,127.142
abs,2022-11-01,192,123.206
abs,2022-12-01,192,116.657
abs,2023-01-01,192,124.172
abs,2023-02-01,192,121.525
abs,2023-03-01,192,138.226
abs,2023-04-01,192,93.821
abs,2023-05-01,192,115.746
abs,2023-06-01,192,116.429
abs,2023-07-01,192,116.482
abs,2023-08-01,192,121.278
abs,2023-09-01,192,114.877
abs,2023-10-01,192,122.019
abs,2023-11-01,192,121.011
abs,2023-12-01,192,111.259
abs,2024-01-01,192,120.422
abs,2024-02-01,192,124.157
abs,2024-03-01,192,140.84
abs,2024-04-01,192,99.334
abs,2024-05-01,192,109.352
abs,2024-06-01,192,130.98
abs,2024-07-01,192,130.082
abs,2024-08-01,192,119.482
abs,2024-09-01,192,111.613
abs,2024-10-01,192,120.751
abs,2024-11-01,192,122.304
abs,2024-12-01,192,114.603
abs,2025-01-01,192,124.527
abs,2025-02-01,192,123.195
abs,2025-03-01,192,137.179
abs,2025-04-01,192,95.446
abs,2025-05-01,192,104.155
abs,2025-06-01,192,128.394
abs,2025-07-01,192,128.601
abs,2025-08-01,192,118.923
abs,2025-09-01,192,111.371
abs,2025-10-01,192,117.924
abs,2025-11-01,192,118.998
abs,2025-12-01,192,113.716
abs,2026-01-01,192,119.485
abs,2026-02-01,192,119.028
abs,2026-03-01,192,140.484
abs,2026-04-01,192,99.496
abs,2026-05-01,192,112.25
abs,2026-06-01,192,132.098
growth_yoy,2016-01-01,192,-0.59
growth_yoy,2016-02-01,192,1.961
growth_yoy,2016-03-01,192,2.321
growth_yoy,2016-04-01,192,5.14
growth_yoy,2016-05-01,192,4.739
growth_yoy,2016-06-01,192,5.084
growth_yoy,2016-07-01,192,3.609
growth_yoy,2016-08-01,192,2.116
growth_yoy,2016-09-01,192,3.616
growth_yoy,2016-10-01,192,2.101
growth_yoy,2016-11-01,192,5.262
growth_yoy,2016-12-01,192,2.258
growth_yoy,2017-01-01,192,1.76
growth_yoy,2017-02-01,192,2.203
growth_yoy,2017-03-01,192,3.347
growth_yoy,2017-04-01,192,1.579
growth_yoy,2017-05-01,192,2.284
growth_yoy,2017-06-01,192,1.457
growth_yoy,2017-07-01,192,3.169
growth_yoy,2017-08-01,192,10.25
growth_yoy,2017-09-01,192,5.075
growth_yoy,2017-10-01,192,0.676
growth_yoy,2017-11-01,192,9.406
growth_yoy,2017-12-01,192,1.652
growth_yoy,2018-01-01,192,6.739
growth_yoy,2018-02-01,192,7.723
growth_yoy,2018-03-01,192,-0.939
growth_yoy,2018-04-01,192,2.891
growth_yoy,2018-05-01,192,3.001
growth_yoy,2018-06-01,192,1.442
growth_yoy,2018-07-01,192,0.726
growth_yoy,2018-08-01,192,2.98
growth_yoy,2018-09-01,192,3.157
growth_yoy,2018-10-01,192,5.141
growth_yoy,2018-11-01,192,5.32
growth_yoy,2018-12-01,192,1.675
growth_yoy,2019-01-01,192,3.853
growth_yoy,2019-02-01,192,0.227
growth_yoy,2019-03-01,192,4.287
growth_yoy,2019-04-01,192,4.0
growth_yoy,2019-05-01,192,2.038
growth_yoy,2019-06-01,192,2.75
growth_yoy,2019-07-01,192,3.838
growth_yoy,2019-08-01,192,2.732
growth_yoy,2019-09-01,192,2.389
growth_yoy,2019-10-01,192,2.095
growth_yoy,2019-11-01,192,1.159
growth_yoy,2019-12-01,192,3.574
growth_yoy,2020-01-01,192,3.724
growth_yoy,2020-02-01,192,6.462
growth_yoy,2020-03-01,192,0.806
growth_yoy,2020-04-01,192,-36.327
growth_yoy,2020-05-01,192,-38.331
growth_yoy,2020-06-01,192,-12.086
growth_yoy,2020-07-01,192,-10.951
growth_yoy,2020-08-01,192,-8.467
growth_yoy,2020-09-01,192,-9.552
growth_yoy,2020-10-01,192,-11.133
growth_yoy,2020-11-01,192,-10.968
growth_yoy,2020-12-01,192,-3.774
growth_yoy,2021-01-01,192,-12.325
growth_yoy,2021-02-01,192,-3.424
growth_yoy,2021-03-01,192,-1.577
growth_yoy,2021-04-01,192,40.707
growth_yoy,2021-05-01,192,53.365
growth_yoy,2021-06-01,192,17.213
growth_yoy,2021-07-01,192,24.644
growth_yoy,2021-08-01,192,20.022
growth_yoy,2021-09-01,192,9.344
growth_yoy,2021-10-01,192,9.994
growth_yoy,2021-11-01,192,15.623
growth_yoy,2021-12-01,192,0.725
growth_yoy,2022-01-01,192,1.98
growth_yoy,2022-02-01,192,-1.406
growth_yoy,2022-03-01,192,12.274
growth_yoy,2022-04-01,192,-0.961
growth_yoy,2022-05-01,192,2.009
growth_yoy,2022-06-01,192,10.966
growth_yoy,2022-07-01,192,5.68
growth_yoy,2022-08-01,192,12.817
growth_yoy,2022-09-01,192,15.375
growth_yoy,2022-10-01,192,10.616
growth_yoy,2022-11-01,192,1.613
growth_yoy,2022-12-01,192,3.381
growth_yoy,2023-01-01,192,11.028
growth_yoy,2023-02-01,192,6.465
growth_yoy,2023-03-01,192,6.428
growth_yoy,2023-04-01,192,1.576
growth_yoy,2023-05-01,192,6.085
growth_yoy,2023-06-01,192,-10.769
growth_yoy,2023-07-01,192,-10.108
growth_yoy,2023-08-01,192,-7.529
growth_yoy,2023-09-01,192,-7.712
growth_yoy,2023-10-01,192,-4.029
growth_yoy,2023-11-01,192,-1.782
growth_yoy,2023-12-01,192,-4.627
growth_yoy,2024-01-01,192,-3.02
growth_yoy,2024-02-01,192,2.165
growth_yoy,2024-03-01,192,1.891
growth_yoy,2024-04-01,192,5.876
growth_yoy,2024-05-01,192,-5.524
growth_yoy,2024-06-01,192,12.498
growth_yoy,2024-07-01,192,11.676
growth_yoy,2024-08-01,192,-1.481
growth_yoy,2024-09-01,192,-2.842
growth_yoy,2024-10-01,192,-1.04
growth_yoy,2024-11-01,192,1.068
growth_yoy,2024-12-01,192,3.006
growth_yoy,2025-01-01,192,3.409
growth_yoy,2025-02-01,192,-0.775
growth_yoy,2025-03-01,192,-2.599
growth_yoy,2025-04-01,192,-3.913
growth_yoy,2025-05-01,192,-4.753
growth_yoy,2025-06-01,192,-1.975
growth_yoy,2025-07-01,192,-1.139
growth_yoy,2025-08-01,192,-0.468
growth_yoy,2025-09-01,192,-0.216
growth_yoy,2025-10-01,192,-2.341
growth_yoy,2025-11-01,192,-2.703
growth_yoy,2025-12-01,192,-0.774
growth_yoy,2026-01-01,192,-4.049
growth_yoy,2026-02-01,192,-3.382
growth_yoy,2026-03-01,192,2.409
growth_yoy,2026-04-01,192,4.243
growth_yoy,2026-05-01,192,7.773
growth_yoy,2026-06-01,192,2.885
growth_mom,2015-02-01,192,-6.936
growth_mom,2015-03-01,192,6.64
growth_mom,2015-04-01,192,-14.656
growth_mom,2015-05-01,192,10.269
growth_mom,2015-06-01,192,2.236
growth_mom,2015-07-01,192,-3.773
growth_mom,2015-08-01,192,-10.084
growth_mom,2015-09-01,192,6.776
growth_mom,2015-10-01,192,12.337
growth_mom,2015-11-01,192,-9.918
growth_mom,2015-12-01,192,10.79
growth_mom,2016-01-01,192,0.516
growth_mom,2016-02-01,192,-4.548
growth_mom,2016-03-01,192,7.017
growth_mom,2016-04-01,192,-12.306
growth_mom,2016-05-01,192,9.849
growth_mom,2016-06-01,192,2.573
growth_mom,2016-07-01,192,-5.124
growth_mom,2016-08-01,192,-11.38
growth_mom,2016-09-01,192,8.344
growth_mom,2016-10-01,192,10.695
growth_mom,2016-11-01,192,-7.129
growth_mom,2016-12-01,192,7.628
growth_mom,2017-01-01,192,0.028
growth_mom,2017-02-01,192,-4.132
growth_mom,2017-03-01,192,8.214
growth_mom,2017-04-01,192,-13.806
growth_mom,2017-05-01,192,10.611
growth_mom,2017-06-01,192,1.743
growth_mom,2017-07-01,192,-3.523
growth_mom,2017-08-01,192,-5.297
growth_mom,2017-09-01,192,3.259
growth_mom,2017-10-01,192,6.061
growth_mom,2017-11-01,192,0.924
growth_mom,2017-12-01,192,-0.0
growth_mom,2018-01-01,192,5.033
growth_mom,2018-02-01,192,-3.248
growth_mom,2018-03-01,192,-0.487
growth_mom,2018-04-01,192,-10.473
growth_mom,2018-05-01,192,10.729
growth_mom,2018-06-01,192,0.204
growth_mom,2018-07-01,192,-4.205
growth_mom,2018-08-01,192,-3.178
growth_mom,2018-09-01,192,3.436
growth_mom,2018-10-01,192,8.101
growth_mom,2018-11-01,192,1.095
growth_mom,2018-12-01,192,-3.461
growth_mom,2019-01-01,192,7.283
growth_mom,2019-02-01,192,-6.627
growth_mom,2019-03-01,192,3.544
growth_mom,2019-04-01,192,-10.719
growth_mom,2019-05-01,192,8.639
growth_mom,2019-06-01,192,0.903
growth_mom,2019-07-01,192,-3.19
growth_mom,2019-08-01,192,-4.21
growth_mom,2019-09-01,192,3.091
growth_mom,2019-10-01,192,7.791
growth_mom,2019-11-01,192,0.168
growth_mom,2019-12-01,192,-1.157
growth_mom,2020-01-01,192,7.439
growth_mom,2020-02-01,192,-4.162
growth_mom,2020-03-01,192,-1.957
growth_mom,2020-04-01,192,-43.607
growth_mom,2020-05-01,192,5.22
growth_mom,2020-06-01,192,43.844
growth_mom,2020-07-01,192,-1.94
growth_mom,2020-08-01,192,-1.537
growth_mom,2020-09-01,192,1.869
growth_mom,2020-10-01,192,5.906
growth_mom,2020-11-01,192,0.355
growth_mom,2020-12-01,192,6.83
growth_mom,2021-01-01,192,-2.109
growth_mom,2021-02-01,192,5.568
growth_mom,2021-03-01,192,-0.082
growth_mom,2021-04-01,192,-19.379
growth_mom,2021-05-01,192,14.686
growth_mom,2021-06-01,192,9.937
growth_mom,2021-07-01,192,4.277
growth_mom,2021-08-01,192,-5.189
growth_mom,2021-09-01,192,-7.194
growth_mom,2021-10-01,192,6.535
growth_mom,2021-11-01,192,5.49
growth_mom,2021-12-01,192,-6.935
growth_mom,2022-01-01,192,-0.889
growth_mom,2022-02-01,192,2.063
growth_mom,2022-03-01,192,13.782
growth_mom,2022-04-01,192,-28.883
growth_mom,2022-05-01,192,18.125
growth_mom,2022-06-01,192,19.59
growth_mom,2022-07-01,192,-0.69
growth_mom,2022-08-01,192,1.214
growth_mom,2022-09-01,192,-5.09
growth_mom,2022-10-01,192,2.141
growth_mom,2022-11-01,192,-3.095
growth_mom,2022-12-01,192,-5.316
growth_mom,2023-01-01,192,6.442
growth_mom,2023-02-01,192,-2.132
growth_mom,2023-03-01,192,13.742
growth_mom,2023-04-01,192,-32.125
growth_mom,2023-05-01,192,23.369
growth_mom,2023-06-01,192,0.59
growth_mom,2023-07-01,192,0.045
growth_mom,2023-08-01,192,4.118
growth_mom,2023-09-01,192,-5.278
growth_mom,2023-10-01,192,6.217
growth_mom,2023-11-01,192,-0.826
growth_mom,2023-12-01,192,-8.059
growth_mom,2024-01-01,192,8.236
growth_mom,2024-02-01,192,3.102
growth_mom,2024-03-01,192,13.437
growth_mom,2024-04-01,192,-29.471
growth_mom,2024-05-01,192,10.086
growth_mom,2024-06-01,192,19.778
growth_mom,2024-07-01,192,-0.686
growth_mom,2024-08-01,192,-8.148
growth_mom,2024-09-01,192,-6.587
growth_mom,2024-10-01,192,8.187
growth_mom,2024-11-01,192,1.286
growth_mom,2024-12-01,192,-6.297
growth_mom,2025-01-01,192,8.66
growth_mom,2025-02-01,192,-1.07
growth_mom,2025-03-01,192,11.352
growth_mom,2025-04-01,192,-30.422
growth_mom,2025-05-01,192,9.124
growth_mom,2025-06-01,192,23.272
growth_mom,2025-07-01,192,0.161
growth_mom,2025-08-01,192,-7.525
growth_mom,2025-09-01,192,-6.35
growth_mom,2025-10-01,192,5.883
growth_mom,2025-11-01,192,0.911
growth_mom,2025-12-01,192,-4.439
growth_mom,2026-01-01,192,5.073
growth_mom,2026-02-01,192,-0.382
growth_mom,2026-03-01,192,18.026
growth_mom,2026-04-01,192,-29.176
growth_mom,2026-05-01,192,12.819
growth_mom,2026-06-01,192,17.682
abs,2015-01-01,201,95.537
abs,2015-02-01,201,93.582
abs,2015-03-01,201,100.847
abs,2015-04-01,201,99.993
abs,2015-05-01,201,100.122
abs,2015-06-01,201,102.034
abs,2015-07-01,201,102.137
abs,2015-08-01,201,102.63
abs,2015-09-01,201,99.87
abs,2015-10-01,201,110.215
abs,2015-11-01,201,94.007
abs,2015-12-01,201,99.027
abs,2016-01-01,201,99.26
abs,2016-02-01,201,96.693
abs,2016-03-01,201,106.04
abs,2016-04-01,201,105.141
abs,2016-05-01,201,107.32
abs,2016-06-01,201,107.723
abs,2016-07-01,201,107.879
abs,2016-08-01,201,113.762
abs,2016-09-01,201,108.619
abs,2016-10-01,201,120.122
abs,2016-11-01,201,103.648
abs,2016-12-01,201,104.986
abs,2017-01-01,201,101.077
abs,2017-02-01,201,100.363
abs,2017-03-01,201,110.605
abs,2017-04-01,201,109.535
abs,2017-05-01,201,111.717
abs,2017-06-01,201,113.658
abs,2017-07-01,201,111.101
abs,2017-08-01,201,117.031
abs,2017-09-01,201,115.06
abs,2017-10-01,201,122.771
abs,2017-11-01,201,112.136
abs,2017-12-01,201,113.816
abs,2018-01-01,201,108.644
abs,2018-02-01,201,111.04
abs,2018-03-01,201,115.386
abs,2018-04-01,201,115.828
abs,2018-05-01,201,117.764
abs,2018-06-01,201,119.182
abs,2018-07-01,201,120.11
abs,2018-08-01,201,119.241
abs,2018-09-01,201,118.838
abs,2018-10-01,201,122.439
abs,2018-11-01,201,112.805
abs,2018-12-01,201,117.1
abs,2019-01-01,201,110.38
abs,2019-02-01,201,110.63
abs,2019-03-01,201,116.985
abs,2019-04-01,201,116.534
abs,2019-05-01,201,123.525
abs,2019-06-01,201,124.042
abs,2019-07-01,201,123.929
abs,2019-08-01,201,122.749
abs,2019-09-01,201,121.918
abs,2019-10-01,201,123.359
abs,2019-11-01,201,116.41
abs,2019-12-01,201,121.026
abs,2020-01-01,201,116.65
abs,2020-02-01,201,118.052
abs,2020-03-01,201,117.742
abs,2020-04-01,201,89.21
abs,2020-05-01,201,89.436
abs,2020-06-01,201,111.235
abs,2020-07-01,201,110.202
abs,2020-08-01,201,110.511
abs,2020-09-01,201,113.32
abs,2020-10-01,201,113.083
abs,2020-11-01,201,107.765
abs,2020-12-01,201,121.946
abs,2021-01-01,201,117.826
abs,2021-02-01,201,124.443
abs,2021-03-01,201,131.991
abs,2021-04-01,201,105.559
abs,2021-05-01,201,102.633
abs,2021-06-01,201,131.737
abs,2021-07-01,201,116.837
abs,2021-08-01,201,123.156
abs,2021-09-01,201,120.251
abs,2021-10-01,201,126.499
abs,2021-11-01,201,120.575
abs,2021-12-01,201,135.116
abs,2022-01-01,201,125.894
abs,2022-02-01,201,131.203
abs,2022-03-01,201,131.623
abs,2022-04-01,201,119.248
abs,2022-05-01,201,114.059
abs,2022-06-01,201,137.847
abs,2022-07-01,201,123.24
abs,2022-08-01,201,132.497
abs,2022-09-01,201,128.227
abs,2022-10-01,201,129.057
abs,2022-11-01,201,128.97
abs,2022-12-01,201,137.796
abs,2023-01-01,201,128.511
abs,2023-02-01,201,134.465
abs,2023-03-01,201,140.461
abs,2023-04-01,201,123.238
abs,2023-05-01,201,121.084
abs,2023-06-01,201,148.685
abs,2023-07-01,201,131.843
abs,2023-08-01,201,143.336
abs,2023-09-01,201,136.351
abs,2023-10-01,201,137.619
abs,2023-11-01,201,133.432
abs,2023-12-01,201,135.668
abs,2024-01-01,201,137.874
abs,2024-02-01,201,132.748
abs,2024-03-01,201,136.299
abs,2024-04-01,201,130.606
abs,2024-05-01,201,125.699
abs,2024-06-01,201,152.73
abs,2024-07-01,201,142.794
abs,2024-08-01,201,149.971
abs,2024-09-01,201,143.182
abs,2024-10-01,201,137.532
abs,2024-11-01,201,135.749
abs,2024-12-01,201,142.278
abs,2025-01-01,201,144.336
abs,2025-02-01,201,143.588
abs,2025-03-01,201,146.703
abs,2025-04-01,201,139.602
abs,2025-05-01,201,126.33
abs,2025-06-01,201,152.415
abs,2025-07-01,201,142.401
abs,2025-08-01,201,144.972
abs,2025-09-01,201,140.879
abs,2025-10-01,201,140.537
abs,2025-11-01,201,134.945
abs,2025-12-01,201,146.68
abs,2026-01-01,201,142.925
abs,2026-02-01,201,143.634
abs,2026-03-01,201,144.966
abs,2026-04-01,201,143.573
abs,2026-05-01,201,128.369
abs,2026-06-01,201,157.048
growth_yoy,2016-01-01,201,3.898
growth_yoy,2016-02-01,201,3.325
growth_yoy,2016-03-01,201,5.149
growth_yoy,2016-04-01,201,5.149
growth_yoy,2016-05-01,201,7.189
growth_yoy,2016-06-01,201,5.575
growth_yoy,2016-07-01,201,5.622
growth_yoy,2016-08-01,201,10.847
growth_yoy,2016-09-01,201,8.76
growth_yoy,2016-10-01,201,8.989
growth_yoy,2016-11-01,201,10.256
growth_yoy,2016-12-01,201,6.018
growth_yoy,2017-01-01,201,1.83
growth_yoy,2017-02-01,201,3.796
growth_yoy,2017-03-01,201,4.305
growth_yoy,2017-04-01,201,4.179
growth_yoy,2017-05-01,201,4.097
growth_yoy,2017-06-01,201,5.51
growth_yoy,2017-07-01,201,2.987
growth_yoy,2017-08-01,201,2.873
growth_yoy,2017-09-01,201,5.93
growth_yoy,2017-10-01,201,2.205
growth_yoy,2017-11-01,201,8.189
growth_yoy,2017-12-01,201,8.411
growth_yoy,2018-01-01,201,7.486
growth_yoy,2018-02-01,201,10.638
growth_yoy,2018-03-01,201,4.323
growth_yoy,2018-04-01,201,5.746
growth_yoy,2018-05-01,201,5.413
growth_yoy,2018-06-01,201,4.86
growth_yoy,2018-07-01,201,8.109
growth_yoy,2018-08-01,201,1.888
growth_yoy,2018-09-01,201,3.283
growth_yoy,2018-10-01,201,-0.27
growth_yoy,2018-11-01,201,0.596
growth_yoy,2018-12-01,201,2.885
growth_yoy,2019-01-01,201,1.598
growth_yoy,2019-02-01,201,-0.37
growth_yoy,2019-03-01,201,1.385
growth_yoy,2019-04-01,201,0.609
growth_yoy,2019-05-01,201,4.892
growth_yoy,2019-06-01,201,4.078
growth_yoy,2019-07-01,201,3.179
growth_yoy,2019-08-01,201,2.943
growth_yoy,2019-09-01,201,2.592
growth_yoy,2019-10-01,201,0.751
growth_yoy,2019-11-01,201,3.197
growth_yoy,2019-12-01,201,3.353
growth_yoy,2020-01-01,201,5.681
growth_yoy,2020-02-01,201,6.709
growth_yoy,2020-03-01,201,0.648
growth_yoy,2020-04-01,201,-23.447
growth_yoy,2020-05-01,201,-27.597
growth_yoy,2020-06-01,201,-10.325
growth_yoy,2020-07-01,201,-11.076
growth_yoy,2020-08-01,201,-9.97
growth_yoy,2020-09-01,201,-7.052
growth_yoy,2020-10-01,201,-8.33
growth_yoy,2020-11-01,201,-7.427
growth_yoy,2020-12-01,201,0.76
growth_yoy,2021-01-01,201,1.008
growth_yoy,2021-02-01,201,5.414
growth_yoy,2021-03-01,201,12.102
growth_yoy,2021-04-01,201,18.325
growth_yoy,2021-05-01,201,14.756
growth_yoy,2021-06-01,201,18.431
growth_yoy,2021-07-01,201,6.02
growth_yoy,2021-08-01,201,11.442
growth_yoy,2021-09-01,201,6.117
growth_yoy,2021-10-01,201,11.864
growth_yoy,2021-11-01,201,11.887
growth_yoy,2021-12-01,201,10.799
growth_yoy,2022-01-01,201,6.847
growth_yoy,2022-02-01,201,5.432
growth_yoy,2022-03-01,201,-0.279
growth_yoy,2022-04-01,201,12.969
growth_yoy,2022-05-01,201,11.133
growth_yoy,2022-06-01,201,4.639
growth_yoy,2022-07-01,201,5.48
growth_yoy,2022-08-01,201,7.584
growth_yoy,2022-09-01,201,6.633
growth_yoy,2022-10-01,201,2.022
growth_yoy,2022-11-01,201,6.963
growth_yoy,2022-12-01,201,1.984
growth_yoy,2023-01-01,201,2.079
growth_yoy,2023-02-01,201,2.486
growth_yoy,2023-03-01,201,6.715
growth_yoy,2023-04-01,201,3.346
growth_yoy,2023-05-01,201,6.158
growth_yoy,2023-06-01,201,7.862
growth_yoy,2023-07-01,201,6.981
growth_yoy,2023-08-01,201,8.181
growth_yoy,2023-09-01,201,6.335
growth_yoy,2023-10-01,201,6.634
growth_yoy,2023-11-01,201,3.46
growth_yoy,2023-12-01,201,-1.545
growth_yoy,2024-01-01,201,7.286
growth_yoy,2024-02-01,201,-1.277
growth_yoy,2024-03-01,201,-2.963
growth_yoy,2024-04-01,201,5.978
growth_yoy,2024-05-01,201,3.812
growth_yoy,2024-06-01,201,2.72
growth_yoy,2024-07-01,201,8.306
growth_yoy,2024-08-01,201,4.629
growth_yoy,2024-09-01,201,5.01
growth_yoy,2024-10-01,201,-0.063
growth_yoy,2024-11-01,201,1.736
growth_yoy,2024-12-01,201,4.873
growth_yoy,2025-01-01,201,4.687
growth_yoy,2025-02-01,201,8.166
growth_yoy,2025-03-01,201,7.633
growth_yoy,2025-04-01,201,6.888
growth_yoy,2025-05-01,201,0.502
growth_yoy,2025-06-01,201,-0.206
growth_yoy,2025-07-01,201,-0.275
growth_yoy,2025-08-01,201,-3.334
growth_yoy,2025-09-01,201,-1.608
growth_yoy,2025-10-01,201,2.185
growth_yoy,2025-11-01,201,-0.592
growth_yoy,2025-12-01,201,3.094
growth_yoy,2026-01-01,201,-0.978
growth_yoy,2026-02-01,201,0.033
growth_yoy,2026-03-01,201,-1.184
growth_yoy,2026-04-01,201,2.845
growth_yoy,2026-05-01,201,1.614
growth_yoy,2026-06-01,201,3.039
growth_mom,2015-02-01,201,-2.047
growth_mom,2015-03-01,201,7.764
growth_mom,2015-04-01,201,-0.847
growth_mom,2015-05-01,201,0.129
growth_mom,2015-06-01,201,1.909
growth_mom,2015-07-01,201,0.101
growth_mom,2015-08-01,201,0.482
growth_mom,2015-09-01,201,-2.689
growth_mom,2015-10-01,201,10.358
growth_mom,2015-11-01,201,-14.706
growth_mom,2015-12-01,201,5.34
growth_mom,2016-01-01,201,0.236
growth_mom,2016-02-01,201,-2.586
growth_mom,2016-03-01,201,9.666
growth_mom,2016-04-01,201,-0.847
growth_mom,2016-05-01,201,2.072
growth_mom,2016-06-01,201,0.375
growth_mom,2016-07-01,201,0.145
growth_mom,2016-08-01,201,5.453
growth_mom,2016-09-01,201,-4.521
growth_mom,2016-10-01,201,10.591
growth_mom,2016-11-01,201,-13.715
growth_mom,2016-12-01,201,1.291
growth_mom,2017-01-01,201,-3.723
growth_mom,2017-02-01,201,-0.706
growth_mom,2017-03-01,201,10.205
growth_mom,2017-04-01,201,-0.968
growth_mom,2017-05-01,201,1.992
growth_mom,2017-06-01,201,1.737
growth_mom,2017-07-01,201,-2.249
growth_mom,2017-08-01,201,5.337
growth_mom,2017-09-01,201,-1.684
growth_mom,2017-10-01,201,6.701
growth_mom,2017-11-01,201,-8.662
growth_mom,2017-12-01,201,1.498
growth_mom,2018-01-01,201,-4.544
growth_mom,2018-02-01,201,2.206
growth_mom,2018-03-01,201,3.914
growth_mom,2018-04-01,201,0.383
growth_mom,2018-05-01,201,1.671
growth_mom,2018-06-01,201,1.204
growth_mom,2018-07-01,201,0.779
growth_mom,2018-08-01,201,-0.724
growth_mom,2018-09-01,201,-0.338
growth_mom,2018-10-01,201,3.03
growth_mom,2018-11-01,201,-7.869
growth_mom,2018-12-01,201,3.808
growth_mom,2019-01-01,201,-5.739
growth_mom,2019-02-01,201,0.226
growth_mom,2019-03-01,201,5.744
growth_mom,2019-04-01,201,-0.385
growth_mom,2019-05-01,201,5.999
growth_mom,2019-06-01,201,0.419
growth_mom,2019-07-01,201,-0.092
growth_mom,2019-08-01,201,-0.952
growth_mom,2019-09-01,201,-0.678
growth_mom,2019-10-01,201,1.182
growth_mom,2019-11-01,201,-5.633
growth_mom,2019-12-01,201,3.965
growth_mom,2020-01-01,201,-3.616
growth_mom,2020-02-01,201,1.202
growth_mom,2020-03-01,201,-0.262
growth_mom,2020-04-01,201,-24.232
growth_mom,2020-05-01,201,0.253
growth_mom,2020-06-01,201,24.374
growth_mom,2020-07-01,201,-0.928
growth_mom,2020-08-01,201,0.28
growth_mom,2020-09-01,201,2.541
growth_mom,2020-10-01,201,-0.209
growth_mom,2020-11-01,201,-4.703
growth_mom,2020-12-01,201,13.159
growth_mom,2021-01-01,201,-3.379
growth_mom,2021-02-01,201,5.617
growth_mom,2021-03-01,201,6.065
growth_mom,2021-04-01,201,-20.026
growth_mom,2021-05-01,201,-2.771
growth_mom,2021-06-01,201,28.357
growth_mom,2021-07-01,201,-11.31
growth_mom,2021-08-01,201,5.409
growth_mom,2021-09-01,201,-2.359
growth_mom,2021-10-01,201,5.196
growth_mom,2021-11-01,201,-4.683
growth_mom,2021-12-01,201,12.06
growth_mom,2022-01-01,201,-6.825
growth_mom,2022-02-01,201,4.217
growth_mom,2022-03-01,201,0.32
growth_mom,2022-04-01,201,-9.402
growth_mom,2022-05-01,201,-4.351
growth_mom,2022-06-01,201,20.856
growth_mom,2022-07-01,201,-10.597
growth_mom,2022-08-01,201,7.511
growth_mom,2022-09-01,201,-3.222
growth_mom,2022-10-01,201,0.647
growth_mom,2022-11-01,201,-0.067
growth_mom,2022-12-01,201,6.843
growth_mom,2023-01-01,201,-6.739
growth_mom,2023-02-01,201,4.633
growth_mom,2023-03-01,201,4.459
growth_mom,2023-04-01,201,-12.261
growth_mom,2023-05-01,201,-1.749
growth_mom,2023-06-01,201,22.795
growth_mom,2023-07-01,201,-11.327
growth_mom,2023-08-01,201,8.718
growth_mom,2023-09-01,201,-4.874
growth_mom,2023-10-01,201,0.93
growth_mom,2023-11-01,201,-3.042
growth_mom,2023-12-01,201,1.676
growth_mom,2024-01-01,201,1.626
growth_mom,2024-02-01,201,-3.718
growth_mom,2024-03-01,201,2.675
growth_mom,2024-04-01,201,-4.177
growth_mom,2024-05-01,201,-3.757
growth_mom,2024-06-01,201,21.504
growth_mom,2024-07-01,201,-6.506
growth_mom,2024-08-01,201,5.026
growth_mom,2024-09-01,201,-4.527
growth_mom,2024-10-01,201,-3.946
growth_mom,2024-11-01,201,-1.297
growth_mom,2024-12-01,201,4.81
growth_mom,2025-01-01,201,1.446
growth_mom,2025-02-01,201,-0.519
growth_mom,2025-03-01,201,2.17
growth_mom,2025-04-01,201,-4.841
growth_mom,2025-05-01,201,-9.507
growth_mom,2025-06-01,201,20.649
growth_mom,2025-07-01,201,-6.57
growth_mom,2025-08-01,201,1.805
growth_mom,2025-09-01,201,-2.823
growth_mom,2025-10-01,201,-0.243
growth_mom,2025-11-01,201,-3.979
growth_mom,2025-12-01,201,8.696
growth_mom,2026-01-01,201,-2.56
growth_mom,2026-02-01,201,0.496
growth_mom,2026-03-01,201,0.927
growth_mom,2026-04-01,201,-0.961
growth_mom,2026-05-01,201,-10.59
growth_mom,2026-06-01,201,22.341
abs,2015-01-01,202,101.523
abs,2015-02-01,202,92.112
abs,2015-03-01,202,106.281
abs,2015-04-01,202,96.566
abs,2015-05-01,202,103.019
abs,2015-06-01,202,104.958
abs,2015-07-01,202,100.504
abs,2015-08-01,202,97.769
abs,2015-09-01,202,105.386
abs,2015-10-01,202,106.184
abs,2015-11-01,202,92.529
abs,2015-12-01,202,93.169
abs,2016-01-01,202,101.374
abs,2016-02-01,202,96.625
abs,2016-03-01,202,108.34
abs,2016-04-01,202,97.497
abs,2016-05-01,202,108.071
abs,2016-06-01,202,110.824
abs,2016-07-01,202,102.131
abs,2016-08-01,202,100.694
abs,2016-09-01,202,109.062
abs,2016-10-01,202,107.355
abs,2016-11-01,202,98.88
abs,2016-12-01,202,99.019
abs,2017-01-01,202,106.171
abs,2017-02-01,202,104.565
abs,2017-03-01,202,111.627
abs,2017-04-01,202,102.332
abs,2017-05-01,202,109.885
abs,2017-06-01,202,109.203
abs,2017-07-01,202,106.151
abs,2017-08-01,202,106.754
abs,2017-09-01,202,112.807
abs,2017-10-01,202,108.059
abs,2017-11-01,202,104.079
abs,2017-12-01,202,103.073
abs,2018-01-01,202,113.4
abs,2018-02-01,202,106.799
abs,2018-03-01,202,113.705
abs,2018-04-01,202,109.765
abs,2018-05-01,202,116.012
abs,2018-06-01,202,114.253
abs,2018-07-01,202,113.377
abs,2018-08-01,202,112.049
abs,2018-09-01,202,114.676
abs,2018-10-01,202,114.493
abs,2018-11-01,202,103.486
abs,2018-12-01,202,106.143
abs,2019-01-01,202,120.551
abs,2019-02-01,202,110.6
abs,2019-03-01,202,116.87
abs,2019-04-01,202,112.313
abs,2019-05-01,202,109.128
abs,2019-06-01,202,110.061
abs,2019-07-01,202,110.037
abs,2019-08-01,202,111.54
abs,2019-09-01,202,112.499
abs,2019-10-01,202,113.457
abs,2019-11-01,202,103.999
abs,2019-12-01,202,102.483
abs,2020-01-01,202,108.628
abs,2020-02-01,202,109.07
abs,2020-03-01,202,107.012
abs,2020-04-01,202,80.905
abs,2020-05-01,202,100.111
abs,2020-06-01,202,114.21
abs,2020-07-01,202,114.277
abs,2020-08-01,202,109.449
abs,2020-09-01,202,113.164
abs,2020-10-01,202,109.984
abs,2020-11-01,202,110.184
abs,2020-12-01,202,109.092
abs,2021-01-01,202,106.418
abs,2021-02-01,202,105.735
abs,2021-03-01,202,107.424
abs,2021-04-01,202,109.006
abs,2021-05-01,202,107.194
abs,2021-06-01,202,118.479
abs,2021-07-01,202,108.957
abs,2021-08-01,202,119.735
abs,2021-09-01,202,124.514
abs,2021-10-01,202,119.587
abs,2021-11-01,202,113.31
abs,2021-12-01,202,118.018
abs,2022-01-01,202,114.767
abs,2022-02-01,202,106.728
abs,2022-03-01,202,115.114
abs,2022-04-01,202,108.226
abs,2022-05-01,202,105.046
abs,2022-06-01,202,109.643
abs,2022-07-01,202,106.994
abs,2022-08-01,202,112.35
abs,2022-09-01,202,119.337
abs,2022-10-01,202,111.414
abs,2022-11-01,202,109.54
abs,2022-12-01,202,110.761
abs,2023-01-01,202,110.77
abs,2023-02-01,202,110.952
abs,2023-03-01,202,109.912
abs,2023-04-01,202,100.242
abs,2023-05-01,202,111.042
abs,2023-06-01,202,112.938
abs,2023-07-01,202,116.268
abs,2023-08-01,202,118.777
abs,2023-09-01,202,124.131
abs,2023-10-01,202,116.563
abs,2023-11-01,202,108.086
abs,2023-12-01,202,111.4
abs,2024-01-01,202,111.905
abs,2024-02-01,202,100.407
abs,2024-03-01,202,100.424
abs,2024-04-01,202,100.888
abs,2024-05-01,202,108.964
abs,2024-06-01,202,112.19
abs,2024-07-01,202,114.251
abs,2024-08-01,202,115.328
abs,2024-09-01,202,116.427
abs,2024-10-01,202,118.883
abs,2024-11-01,202,109.152
abs,2024-12-01,202,107.254
abs,2025-01-01,202,104.949
abs,2025-02-01,202,94.564
abs,2025-03-01,202,91.701
abs,2025-04-01,202,95.071
abs,2025-05-01,202,100.601
abs,2025-06-01,202,105.408
abs,2025-07-01,202,113.648
abs,2025-08-01,202,115.479
abs,2025-09-01,202,113.843
abs,2025-10-01,202,117.146
abs,2025-11-01,202,107.48
abs,2025-12-01,202,107.29
abs,2026-01-01,202,108.462
abs,2026-02-01,202,93.391
abs,2026-03-01,202,91.272
abs,2026-04-01,202,97.928
abs,2026-05-01,202,100.39
abs,2026-06-01,202,105.803
growth_yoy,2016-01-01,202,-0.146
growth_yoy,2016-02-01,202,4.9
growth_yoy,2016-03-01,202,1.937
growth_yoy,2016-04-01,202,0.964
growth_yoy,2016-05-01,202,4.904
growth_yoy,2016-06-01,202,5.589
growth_yoy,2016-07-01,202,1.618
growth_yoy,2016-08-01,202,2.992
growth_yoy,2016-09-01,202,3.488
growth_yoy,2016-10-01,202,1.103
growth_yoy,2016-11-01,202,6.863
growth_yoy,2016-12-01,202,6.279
growth_yoy,2017-01-01,202,4.731
growth_yoy,2017-02-01,202,8.217
growth_yoy,2017-03-01,202,3.034
growth_yoy,2017-04-01,202,4.959
growth_yoy,2017-05-01,202,1.678
growth_yoy,2017-06-01,202,-1.463
growth_yoy,2017-07-01,202,3.937
growth_yoy,2017-08-01,202,6.018
growth_yoy,2017-09-01,202,3.434
growth_yoy,2017-10-01,202,0.655
growth_yoy,2017-11-01,202,5.258
growth_yoy,2017-12-01,202,4.094
growth_yoy,2018-01-01,202,6.809
growth_yoy,2018-02-01,202,2.136
growth_yoy,2018-03-01,202,1.861
growth_yoy,2018-04-01,202,7.264
growth_yoy,2018-05-01,202,5.576
growth_yoy,2018-06-01,202,4.624
growth_yoy,2018-07-01,202,6.807
growth_yoy,2018-08-01,202,4.96
growth_yoy,2018-09-01,202,1.657
growth_yoy,2018-10-01,202,5.954
growth_yoy,2018-11-01,202,-0.57
growth_yoy,2018-12-01,202,2.978
growth_yoy,2019-01-01,202,6.306
growth_yoy,2019-02-01,202,3.56
growth_yoy,2019-03-01,202,2.784
growth_yoy,2019-04-01,202,2.321
growth_yoy,2019-05-01,202,-5.934
growth_yoy,2019-06-01,202,-3.669
growth_yoy,2019-07-01,202,-2.946
growth_yoy,2019-08-01,202,-0.454
growth_yoy,2019-09-01,202,-1.898
growth_yoy,2019-10-01,202,-0.905
growth_yoy,2019-11-01,202,0.496
growth_yoy,2019-12-01,202,-3.447
growth_yoy,2020-01-01,202,-9.89
growth_yoy,2020-02-01,202,-1.384
growth_yoy,2020-03-01,202,-8.435
growth_yoy,2020-04-01,202,-27.965
growth_yoy,2020-05-01,202,-8.263
growth_yoy,2020-06-01,202,3.769
growth_yoy,2020-07-01,202,3.853
growth_yoy,2020-08-01,202,-1.875
growth_yoy,2020-09-01,202,0.591
growth_yoy,2020-10-01,202,-3.061
growth_yoy,2020-11-01,202,5.947
growth_yoy,2020-12-01,202,6.448
growth_yoy,2021-01-01,202,-2.035
growth_yoy,2021-02-01,202,-3.058
growth_yoy,2021-03-01,202,0.385
growth_yoy,2021-04-01,202,34.735
growth_yoy,2021-05-01,202,7.075
growth_yoy,2021-06-01,202,3.738
growth_yoy,2021-07-01,202,-4.656
growth_yoy,2021-08-01,202,9.398
growth_yoy,2021-09-01,202,10.03
growth_yoy,2021-10-01,202,8.731
growth_yoy,2021-11-01,202,2.837
growth_yoy,2021-12-01,202,8.182
growth_yoy,2022-01-01,202,7.845
growth_yoy,2022-02-01,202,0.939
growth_yoy,2022-03-01,202,7.158
growth_yoy,2022-04-01,202,-0.716
growth_yoy,2022-05-01,202,-2.004
growth_yoy,2022-06-01,202,-7.457
growth_yoy,2022-07-01,202,-1.801
growth_yoy,2022-08-01,202,-6.168
growth_yoy,2022-09-01,202,-4.158
growth_yoy,2022-10-01,202,-6.834
growth_yoy,2022-11-01,202,-3.326
growth_yoy,2022-12-01,202,-6.149
growth_yoy,2023-01-01,202,-3.482
growth_yoy,2023-02-01,202,3.958
growth_yoy,2023-03-01,202,-4.519
growth_yoy,2023-04-01,202,-7.377
growth_yoy,2023-05-01,202,5.708
growth_yoy,2023-06-01,202,3.005
growth_yoy,2023-07-01,202,8.668
growth_yoy,2023-08-01,202,5.721
growth_yoy,2023-09-01,202,4.017
growth_yoy,2023-10-01,202,4.621
growth_yoy,2023-11-01,202,-1.327
growth_yoy,2023-12-01,202,0.577
growth_yoy,2024-01-01,202,1.024
growth_yoy,2024-02-01,202,-9.504
growth_yoy,2024-03-01,202,-8.632
growth_yoy,2024-04-01,202,0.644
growth_yoy,2024-05-01,202,-1.871
growth_yoy,2024-06-01,202,-0.662
growth_yoy,2024-07-01,202,-1.735
growth_yoy,2024-08-01,202,-2.904
growth_yoy,2024-09-01,202,-6.207
growth_yoy,2024-10-01,202,1.99
growth_yoy,2024-11-01,202,0.986
growth_yoy,2024-12-01,202,-3.722
growth_yoy,2025-01-01,202,-6.216
growth_yoy,2025-02-01,202,-5.82
growth_yoy,2025-03-01,202,-8.686
growth_yoy,2025-04-01,202,-5.766
growth_yoy,2025-05-01,202,-7.675
growth_yoy,2025-06-01,202,-6.045
growth_yoy,2025-07-01,202,-0.528
growth_yoy,2025-08-01,202,0.131
growth_yoy,2025-09-01,202,-2.219
growth_yoy,2025-10-01,202,-1.461
growth_yoy,2025-11-01,202,-1.531
growth_yoy,2025-12-01,202,0.034
growth_yoy,2026-01-01,202,3.348
growth_yoy,2026-02-01,202,-1.241
growth_yoy,2026-03-01,202,-0.468
growth_yoy,2026-04-01,202,3.005
growth_yoy,2026-05-01,202,-0.21
growth_yoy,2026-06-01,202,0.375
growth_mom,2015-02-01,202,-9.269
growth_mom,2015-03-01,202,15.382
growth_mom,2015-04-01,202,-9.141
growth_mom,2015-05-01,202,6.682
growth_mom,2015-06-01,202,1.883
growth_mom,2015-07-01,202,-4.243
growth_mom,2015-08-01,202,-2.721
growth_mom,2015-09-01,202,7.79
growth_mom,2015-10-01,202,0.758
growth_mom,2015-11-01,202,-12.86
growth_mom,2015-12-01,202,0.692
growth_mom,2016-01-01,202,8.807
growth_mom,2016-02-01,202,-4.685
growth_mom,2016-03-01,202,12.124
growth_mom,2016-04-01,202,-10.008
growth_mom,2016-05-01,202,10.846
growth_mom,2016-06-01,202,2.548
growth_mom,2016-07-01,202,-7.845
growth_mom,2016-08-01,202,-1.406
growth_mom,2016-09-01,202,8.309
growth_mom,2016-10-01,202,-1.565
growth_mom,2016-11-01,202,-7.895
growth_mom,2016-12-01,202,0.141
growth_mom,2017-01-01,202,7.223
growth_mom,2017-02-01,202,-1.513
growth_mom,2017-03-01,202,6.754
growth_mom,2017-04-01,202,-8.327
growth_mom,2017-05-01,202,7.381
growth_mom,2017-06-01,202,-0.62
growth_mom,2017-07-01,202,-2.795
growth_mom,2017-08-01,202,0.568
growth_mom,2017-09-01,202,5.67
growth_mom,2017-10-01,202,-4.209
growth_mom,2017-11-01,202,-3.683
growth_mom,2017-12-01,202,-0.966
growth_mom,2018-01-01,202,10.019
growth_mom,2018-02-01,202,-5.821
growth_mom,2018-03-01,202,6.466
growth_mom,2018-04-01,202,-3.464
growth_mom,2018-05-01,202,5.691
growth_mom,2018-06-01,202,-1.516
growth_mom,2018-07-01,202,-0.767
growth_mom,2018-08-01,202,-1.171
growth_mom,2018-09-01,202,2.345
growth_mom,2018-10-01,202,-0.159
growth_mom,2018-11-01,202,-9.614
growth_mom,2018-12-01,202,2.568
growth_mom,2019-01-01,202,13.575
growth_mom,2019-02-01,202,-8.254
growth_mom,2019-03-01,202,5.669
growth_mom,2019-04-01,202,-3.899
growth_mom,2019-05-01,202,-2.836
growth_mom,2019-06-01,202,0.855
growth_mom,2019-07-01,202,-0.022
growth_mom,2019-08-01,202,1.366
growth_mom,2019-09-01,202,0.859
growth_mom,2019-10-01,202,0.852
growth_mom,2019-11-01,202,-8.336
growth_mom,2019-12-01,202,-1.457
growth_mom,2020-01-01,202,5.996
growth_mom,2020-02-01,202,0.406
growth_mom,2020-03-01,202,-1.887
growth_mom,2020-04-01,202,-24.397
growth_mom,2020-05-01,202,23.739
growth_mom,2020-06-01,202,14.084
growth_mom,2020-07-01,202,0.059
growth_mom,2020-08-01,202,-4.225
growth_mom,2020-09-01,202,3.394
growth_mom,2020-10-01,202,-2.81
growth_mom,2020-11-01,202,0.182
growth_mom,2020-12-01,202,-0.991
growth_mom,2021-01-01,202,-2.451
growth_mom,2021-02-01,202,-0.642
growth_mom,2021-03-01,202,1.598
growth_mom,2021-04-01,202,1.473
growth_mom,2021-05-01,202,-1.663
growth_mom,2021-06-01,202,10.528
growth_mom,2021-07-01,202,-8.037
growth_mom,2021-08-01,202,9.892
growth_mom,2021-09-01,202,3.992
growth_mom,2021-10-01,202,-3.957
growth_mom,2021-11-01,202,-5.249
growth_mom,2021-12-01,202,4.156
growth_mom,2022-01-01,202,-2.755
growth_mom,2022-02-01,202,-7.005
growth_mom,2022-03-01,202,7.857
growth_mom,2022-04-01,202,-5.983
growth_mom,2022-05-01,202,-2.939
growth_mom,2022-06-01,202,4.377
growth_mom,2022-07-01,202,-2.416
growth_mom,2022-08-01,202,5.005
growth_mom,2022-09-01,202,6.219
growth_mom,2022-10-01,202,-6.639
growth_mom,2022-11-01,202,-1.682
growth_mom,2022-12-01,202,1.114
growth_mom,2023-01-01,202,0.008
growth_mom,2023-02-01,202,0.164
growth_mom,2023-03-01,202,-0.937
growth_mom,2023-04-01,202,-8.797
growth_mom,2023-05-01,202,10.773
growth_mom,2023-06-01,202,1.707
growth_mom,2023-07-01,202,2.949
growth_mom,2023-08-01,202,2.158
growth_mom,2023-09-01,202,4.508
growth_mom,2023-10-01,202,-6.097
growth_mom,2023-11-01,202,-7.272
growth_mom,2023-12-01,202,3.066
growth_mom,2024-01-01,202,0.453
growth_mom,2024-02-01,202,-10.274
growth_mom,2024-03-01,202,0.017
growth_mom,2024-04-01,202,0.462
growth_mom,2024-05-01,202,8.005
growth_mom,2024-06-01,202,2.961
growth_mom,2024-07-01,202,1.837
growth_mom,2024-08-01,202,0.943
growth_mom,2024-09-01,202,0.952
growth_mom,2024-10-01,202,2.11
growth_mom,2024-11-01,202,-8.186
growth_mom,2024-12-01,202,-1.738
growth_mom,2025-01-01,202,-2.149
growth_mom,2025-02-01,202,-9.895
growth_mom,2025-03-01,202,-3.027
growth_mom,2025-04-01,202,3.674
growth_mom,2025-05-01,202,5.817
growth_mom,2025-06-01,202,4.778
growth_mom,2025-07-01,202,7.817
growth_mom,2025-08-01,202,1.611
growth_mom,2025-09-01,202,-1.416
growth_mom,2025-10-01,202,2.901
growth_mom,2025-11-01,202,-8.251
growth_mom,2025-12-01,202,-0.177
growth_mom,2026-01-01,202,1.093
growth_mom,2026-02-01,202,-13.896
growth_mom,2026-03-01,202,-2.268
growth_mom,2026-04-01,202,7.292
growth_mom,2026-05-01,202,2.514
growth_mom,2026-06-01,202,5.392
abs,2015-01-01,203,118.123
abs,2015-02-01,203,98.124
abs,2015-03-01,203,92.453
abs,2015-04-01,203,103.283
abs,2015-05-01,203,96.105
abs,2015-06-01,203,87.535
abs,2015-07-01,203,98.982
abs,2015-08-01,203,96.545
abs,2015-09-01,203,101.603
abs,2015-10-01,203,99.553
abs,2015-11-01,203,106.509
abs,2015-12-01,203,101.186
abs,2016-01-01,203,121.579
abs,2016-02-01,203,101.75
abs,2016-03-01,203,96.458
abs,2016-04-01,203,107.519
abs,2016-05-01,203,102.446
abs,2016-06-01,203,92.418
abs,2016-07-01,203,103.594
abs,2016-08-01,203,105.171
abs,2016-09-01,203,109.177
abs,2016-10-01,203,106.568
abs,2016-11-01,203,116.54
abs,2016-12-01,203,107.338
abs,2017-01-01,203,124.627
abs,2017-02-01,203,106.681
abs,2017-03-01,203,100.307
abs,2017-04-01,203,112.215
abs,2017-05-01,203,106.012
abs,2017-06-01,203,95.904
abs,2017-07-01,203,106.918
abs,2017-08-01,203,108.955
abs,2017-09-01,203,115.001
abs,2017-10-01,203,108.534
abs,2017-11-01,203,125.26
abs,2017-12-01,203,115.261
abs,2018-01-01,203,124.878
abs,2018-02-01,203,118.483
abs,2018-03-01,203,115.591
abs,2018-04-01,203,116.067
abs,2018-05-01,203,116.543
abs,2018-06-01,203,117.02
abs,2018-07-01,203,117.496
abs,2018-08-01,203,117.972
abs,2018-09-01,203,118.448
abs,2018-10-01,203,117.972
abs,2018-11-01,203,124.47
abs,2018-12-01,203,120.23
abs,2019-01-01,203,120.517
abs,2019-02-01,203,121.886
abs,2019-03-01,203,125.128
abs,2019-04-01,203,124.675
abs,2019-05-01,203,123.897
abs,2019-06-01,203,127.442
abs,2019-07-01,203,124.486
abs,2019-08-01,203,123.562
abs,2019-09-01,203,123.562
abs,2019-10-01,203,123.87
abs,2019-11-01,203,123.934
abs,2019-12-01,203,125.782
abs,2020-01-01,203,126.953
abs,2020-02-01,203,127.47
abs,2020-03-01,203,127.942
abs,2020-04-01,203,5.128
abs,2020-05-01,203,52.199
abs,2020-06-01,203,53.787
abs,2020-07-01,203,59.853
abs,2020-08-01,203,62.662
abs,2020-09-01,203,66.12
abs,2020-10-01,203,66.63
abs,2020-11-01,203,71.418
abs,2020-12-01,203,73.411
abs,2021-01-01,203,82.912
abs,2021-02-01,203,95.979
abs,2021-03-01,203,98.942
abs,2021-04-01,203,83.184
abs,2021-05-01,203,97.612
abs,2021-06-01,203,102.074
abs,2021-07-01,203,99.133
abs,2021-08-01,203,104.505
abs,2021-09-01,203,94.519
abs,2021-10-01,203,97.306
abs,2021-11-01,203,89.629
abs,2021-12-01,203,98.851
abs,2022-01-01,203,99.493
abs,2022-02-01,203,100.134
abs,2022-03-01,203,100.713
abs,2022-04-01,203,100.735
abs,2022-05-01,203,102.611
abs,2022-06-01,203,99.977
abs,2022-07-01,203,101.592
abs,2022-08-01,203,103.61
abs,2022-09-01,203,102.356
abs,2022-10-01,203,103.157
abs,2022-11-01,203,103.546
abs,2022-12-01,203,104.004
abs,2023-01-01,203,104.413
abs,2023-02-01,203,104.708
abs,2023-03-01,203,105.046
abs,2023-04-01,203,105.435
abs,2023-05-01,203,107.398
abs,2023-06-01,203,104.641
abs,2023-07-01,203,106.331
abs,2023-08-01,203,108.687
abs,2023-09-01,203,107.371
abs,2023-10-01,203,108.212
abs,2023-11-01,203,108.62
abs,2023-12-01,203,109.101
abs,2024-01-01,203,109.529
abs,2024-02-01,203,109.21
abs,2024-03-01,203,109.248
abs,2024-04-01,203,108.809
abs,2024-05-01,203,112.124
abs,2024-06-01,203,110.71
abs,2024-07-01,203,113.349
abs,2024-08-01,203,117.273
abs,2024-09-01,203,116.82
abs,2024-10-01,203,116.977
abs,2024-11-01,203,117.961
abs,2024-12-01,203,118.811
abs,2025-01-01,203,117.853
abs,2025-02-01,203,120.022
abs,2025-03-01,203,120.064
abs,2025-04-01,203,119.581
abs,2025-05-01,203,123.224
abs,2025-06-01,203,121.67
abs,2025-07-01,203,124.571
abs,2025-08-01,203,127.945
abs,2025-09-01,203,127.684
abs,2025-10-01,203,127.856
abs,2025-11-01,203,128.578
abs,2025-12-01,203,129.622
abs,2026-01-01,203,128.696
abs,2026-02-01,203,131.064
abs,2026-03-01,203,131.109
abs,2026-04-01,203,130.582
abs,2026-05-01,203,134.561
abs,2026-06-01,203,132.864
growth_yoy,2016-01-01,203,2.926
growth_yoy,2016-02-01,203,3.695
growth_yoy,2016-03-01,203,4.332
growth_yoy,2016-04-01,203,4.102
growth_yoy,2016-05-01,203,6.598
growth_yoy,2016-06-01,203,5.578
growth_yoy,2016-07-01,203,4.659
growth_yoy,2016-08-01,203,8.935
growth_yoy,2016-09-01,203,7.455
growth_yoy,2016-10-01,203,7.047
growth_yoy,2016-11-01,203,9.418
growth_yoy,2016-12-01,203,6.08
growth_yoy,2017-01-01,203,2.507
growth_yoy,2017-02-01,203,4.846
growth_yoy,2017-03-01,203,3.99
growth_yoy,2017-04-01,203,4.368
growth_yoy,2017-05-01,203,3.481
growth_yoy,2017-06-01,203,3.772
growth_yoy,2017-07-01,203,3.209
growth_yoy,2017-08-01,203,3.597
growth_yoy,2017-09-01,203,5.334
growth_yoy,2017-10-01,203,1.845
growth_yoy,2017-11-01,203,7.483
growth_yoy,2017-12-01,203,7.381
growth_yoy,2018-01-01,203,0.201
growth_yoy,2018-02-01,203,11.063
growth_yoy,2018-03-01,203,15.237
growth_yoy,2018-04-01,203,3.433
growth_yoy,2018-05-01,203,9.934
growth_yoy,2018-06-01,203,22.017
growth_yoy,2018-07-01,203,9.893
growth_yoy,2018-08-01,203,8.276
growth_yoy,2018-09-01,203,2.997
growth_yoy,2018-10-01,203,8.696
growth_yoy,2018-11-01,203,-0.631
growth_yoy,2018-12-01,203,4.311
growth_yoy,2019-01-01,203,-3.492
growth_yoy,2019-02-01,203,2.872
growth_yoy,2019-03-01,203,8.25
growth_yoy,2019-04-01,203,7.417
growth_yoy,2019-05-01,203,6.309
growth_yoy,2019-06-01,203,8.907
growth_yoy,2019-07-01,203,5.95
growth_yoy,2019-08-01,203,4.739
growth_yoy,2019-09-01,203,4.318
growth_yoy,2019-10-01,203,5.0
growth_yoy,2019-11-01,203,-0.431
growth_yoy,2019-12-01,203,4.618
growth_yoy,2020-01-01,203,5.34
growth_yoy,2020-02-01,203,4.581
growth_yoy,2020-03-01,203,2.249
growth_yoy,2020-04-01,203,-95.887
growth_yoy,2020-05-01,203,-57.869
growth_yoy,2020-06-01,203,-57.795
growth_yoy,2020-07-01,203,-51.92
growth_yoy,2020-08-01,203,-49.287
growth_yoy,2020-09-01,203,-46.489
growth_yoy,2020-10-01,203,-46.21
growth_yoy,2020-11-01,203,-42.374
growth_yoy,2020-12-01,203,-41.636
growth_yoy,2021-01-01,203,-34.69
growth_yoy,2021-02-01,203,-24.704
growth_yoy,2021-03-01,203,-22.667
growth_yoy,2021-04-01,203,1522.132
growth_yoy,2021-05-01,203,86.999
growth_yoy,2021-06-01,203,89.775
growth_yoy,2021-07-01,203,65.626
growth_yoy,2021-08-01,203,66.776
growth_yoy,2021-09-01,203,42.952
growth_yoy,2021-10-01,203,46.038
growth_yoy,2021-11-01,203,25.499
growth_yoy,2021-12-01,203,34.654
growth_yoy,2022-01-01,203,19.997
growth_yoy,2022-02-01,203,4.328
growth_yoy,2022-03-01,203,1.79
growth_yoy,2022-04-01,203,21.099
growth_yoy,2022-05-01,203,5.121
growth_yoy,2022-06-01,203,-2.055
growth_yoy,2022-07-01,203,2.48
growth_yoy,2022-08-01,203,-0.857
growth_yoy,2022-09-01,203,8.291
growth_yoy,2022-10-01,203,6.013
growth_yoy,2022-11-01,203,15.528
growth_yoy,2022-12-01,203,5.213
growth_yoy,2023-01-01,203,4.945
growth_yoy,2023-02-01,203,4.568
growth_yoy,2023-03-01,203,4.303
growth_yoy,2023-04-01,203,4.665
growth_yoy,2023-05-01,203,4.665
growth_yoy,2023-06-01,203,4.665
growth_yoy,2023-07-01,203,4.665
growth_yoy,2023-08-01,203,4.9
growth_yoy,2023-09-01,203,4.9
growth_yoy,2023-10-01,203,4.9
growth_yoy,2023-11-01,203,4.9
growth_yoy,2023-12-01,203,4.9
growth_yoy,2024-01-01,203,4.9
growth_yoy,2024-02-01,203,4.3
growth_yoy,2024-03-01,203,4.0
growth_yoy,2024-04-01,203,3.2
growth_yoy,2024-05-01,203,4.4
growth_yoy,2024-06-01,203,5.8
growth_yoy,2024-07-01,203,6.6
growth_yoy,2024-08-01,203,7.9
growth_yoy,2024-09-01,203,8.8
growth_yoy,2024-10-01,203,8.1
growth_yoy,2024-11-01,203,8.6
growth_yoy,2024-12-01,203,8.9
growth_yoy,2025-01-01,203,7.6
growth_yoy,2025-02-01,203,9.9
growth_yoy,2025-03-01,203,9.9
growth_yoy,2025-04-01,203,9.9
growth_yoy,2025-05-01,203,9.9
growth_yoy,2025-06-01,203,9.9
growth_yoy,2025-07-01,203,9.9
growth_yoy,2025-08-01,203,9.1
growth_yoy,2025-09-01,203,9.3
growth_yoy,2025-10-01,203,9.3
growth_yoy,2025-11-01,203,9.0
growth_yoy,2025-12-01,203,9.1
growth_yoy,2026-01-01,203,9.2
growth_yoy,2026-02-01,203,9.2
growth_yoy,2026-03-01,203,9.2
growth_yoy,2026-04-01,203,9.2
growth_yoy,2026-05-01,203,9.2
growth_yoy,2026-06-01,203,9.2
growth_mom,2015-02-01,203,-16.931
growth_mom,2015-03-01,203,-5.78
growth_mom,2015-04-01,203,11.714
growth_mom,2015-05-01,203,-6.949
growth_mom,2015-06-01,203,-8.917
growth_mom,2015-07-01,203,13.077
growth_mom,2015-08-01,203,-2.462
growth_mom,2015-09-01,203,5.239
growth_mom,2015-10-01,203,-2.018
growth_mom,2015-11-01,203,6.987
growth_mom,2015-12-01,203,-4.998
growth_mom,2016-01-01,203,20.155
growth_mom,2016-02-01,203,-16.31
growth_mom,2016-03-01,203,-5.201
growth_mom,2016-04-01,203,11.467
growth_mom,2016-05-01,203,-4.718
growth_mom,2016-06-01,203,-9.789
growth_mom,2016-07-01,203,12.093
growth_mom,2016-08-01,203,1.522
growth_mom,2016-09-01,203,3.809
growth_mom,2016-10-01,203,-2.39
growth_mom,2016-11-01,203,9.357
growth_mom,2016-12-01,203,-7.896
growth_mom,2017-01-01,203,16.107
growth_mom,2017-02-01,203,-14.4
growth_mom,2017-03-01,203,-5.975
growth_mom,2017-04-01,203,11.872
growth_mom,2017-05-01,203,-5.528
growth_mom,2017-06-01,203,-9.535
growth_mom,2017-07-01,203,11.484
growth_mom,2017-08-01,203,1.905
growth_mom,2017-09-01,203,5.55
growth_mom,2017-10-01,203,-5.624
growth_mom,2017-11-01,203,15.412
growth_mom,2017-12-01,203,-7.983
growth_mom,2018-01-01,203,8.343
growth_mom,2018-02-01,203,-5.121
growth_mom,2018-03-01,203,-2.441
growth_mom,2018-04-01,203,0.412
growth_mom,2018-05-01,203,0.41
growth_mom,2018-06-01,203,0.408
growth_mom,2018-07-01,203,0.407
growth_mom,2018-08-01,203,0.405
growth_mom,2018-09-01,203,0.404
growth_mom,2018-10-01,203,-0.402
growth_mom,2018-11-01,203,5.508
growth_mom,2018-12-01,203,-3.407
growth_mom,2019-01-01,203,0.239
growth_mom,2019-02-01,203,1.137
growth_mom,2019-03-01,203,2.659
growth_mom,2019-04-01,203,-0.361
growth_mom,2019-05-01,203,-0.625
growth_mom,2019-06-01,203,2.862
growth_mom,2019-07-01,203,-2.32
growth_mom,2019-08-01,203,-0.742
growth_mom,2019-09-01,203,0.0
growth_mom,2019-10-01,203,0.249
growth_mom,2019-11-01,203,0.052
growth_mom,2019-12-01,203,1.491
growth_mom,2020-01-01,203,0.931
growth_mom,2020-02-01,203,0.407
growth_mom,2020-03-01,203,0.371
growth_mom,2020-04-01,203,-95.992
growth_mom,2020-05-01,203,917.914
growth_mom,2020-06-01,203,3.042
growth_mom,2020-07-01,203,11.279
growth_mom,2020-08-01,203,4.692
growth_mom,2020-09-01,203,5.518
growth_mom,2020-10-01,203,0.772
growth_mom,2020-11-01,203,7.185
growth_mom,2020-12-01,203,2.791
growth_mom,2021-01-01,203,12.942
growth_mom,2021-02-01,203,15.76
growth_mom,2021-03-01,203,3.087
growth_mom,2021-04-01,203,-15.926
growth_mom,2021-05-01,203,17.345
growth_mom,2021-06-01,203,4.571
growth_mom,2021-07-01,203,-2.881
growth_mom,2021-08-01,203,5.419
growth_mom,2021-09-01,203,-9.555
growth_mom,2021-10-01,203,2.948
growth_mom,2021-11-01,203,-7.89
growth_mom,2021-12-01,203,10.29
growth_mom,2022-01-01,203,0.649
growth_mom,2022-02-01,203,0.644
growth_mom,2022-03-01,203,0.578
growth_mom,2022-04-01,203,0.022
growth_mom,2022-05-01,203,1.862
growth_mom,2022-06-01,203,-2.567
growth_mom,2022-07-01,203,1.615
growth_mom,2022-08-01,203,1.987
growth_mom,2022-09-01,203,-1.21
growth_mom,2022-10-01,203,0.783
growth_mom,2022-11-01,203,0.377
growth_mom,2022-12-01,203,0.443
growth_mom,2023-01-01,203,0.393
growth_mom,2023-02-01,203,0.283
growth_mom,2023-03-01,203,0.323
growth_mom,2023-04-01,203,0.37
growth_mom,2023-05-01,203,1.862
growth_mom,2023-06-01,203,-2.567
growth_mom,2023-07-01,203,1.615
growth_mom,2023-08-01,203,2.215
growth_mom,2023-09-01,203,-1.21
growth_mom,2023-10-01,203,0.783
growth_mom,2023-11-01,203,0.377
growth_mom,2023-12-01,203,0.443
growth_mom,2024-01-01,203,0.393
growth_mom,2024-02-01,203,-0.291
growth_mom,2024-03-01,203,0.035
growth_mom,2024-04-01,203,-0.402
growth_mom,2024-05-01,203,3.047
growth_mom,2024-06-01,203,-1.261
growth_mom,2024-07-01,203,2.384
growth_mom,2024-08-01,203,3.462
growth_mom,2024-09-01,203,-0.386
growth_mom,2024-10-01,203,0.134
growth_mom,2024-11-01,203,0.841
growth_mom,2024-12-01,203,0.72
growth_mom,2025-01-01,203,-0.806
growth_mom,2025-02-01,203,1.84
growth_mom,2025-03-01,203,0.035
growth_mom,2025-04-01,203,-0.402
growth_mom,2025-05-01,203,3.047
growth_mom,2025-06-01,203,-1.261
growth_mom,2025-07-01,203,2.384
growth_mom,2025-08-01,203,2.709
growth_mom,2025-09-01,203,-0.204
growth_mom,2025-10-01,203,0.134
growth_mom,2025-11-01,203,0.565
growth_mom,2025-12-01,203,0.812
growth_mom,2026-01-01,203,-0.715
growth_mom,2026-02-01,203,1.84
growth_mom,2026-03-01,203,0.035
growth_mom,2026-04-01,203,-0.402
growth_mom,2026-05-01,203,3.047
growth_mom,2026-06-01,203,-1.261
abs,2015-01-01,210,83.828
abs,2015-02-01,210,91.99
abs,2015-03-01,210,93.494
abs,2015-04-01,210,101.085
abs,2015-05-01,210,116.79
abs,2015-06-01,210,94.455
abs,2015-07-01,210,105.647
abs,2015-08-01,210,100.66
abs,2015-09-01,210,114.127
abs,2015-10-01,210,103.817
abs,2015-11-01,210,90.993
abs,2015-12-01,210,103.113
abs,2016-01-01,210,87.114
abs,2016-02-01,210,95.971
abs,2016-03-01,210,97.064
abs,2016-04-01,210,106.426
abs,2016-05-01,210,120.34
abs,2016-06-01,210,97.569
abs,2016-07-01,210,107.913
abs,2016-08-01,210,107.058
abs,2016-09-01,210,117.87
abs,2016-10-01,210,109.135
abs,2016-11-01,210,99.666
abs,2016-12-01,210,107.149
abs,2017-01-01,210,89.393
abs,2017-02-01,210,99.684
abs,2017-03-01,210,104.405
abs,2017-04-01,210,113.322
abs,2017-05-01,210,127.455
abs,2017-06-01,210,99.086
abs,2017-07-01,210,112.012
abs,2017-08-01,210,110.931
abs,2017-09-01,210,121.241
abs,2017-10-01,210,119.237
abs,2017-11-01,210,111.138
abs,2017-12-01,210,105.456
abs,2018-01-01,210,97.231
abs,2018-02-01,210,108.324
abs,2018-03-01,210,110.844
abs,2018-04-01,210,121.863
abs,2018-05-01,210,130.573
abs,2018-06-01,210,104.518
abs,2018-07-01,210,117.251
abs,2018-08-01,210,118.079
abs,2018-09-01,210,128.28
abs,2018-10-01,210,125.223
abs,2018-11-01,210,114.377
abs,2018-12-01,210,114.108
abs,2019-01-01,210,101.628
abs,2019-02-01,210,115.012
abs,2019-03-01,210,119.714
abs,2019-04-01,210,125.702
abs,2019-05-01,210,135.152
abs,2019-06-01,210,109.9
abs,2019-07-01,210,125.112
abs,2019-08-01,210,122.497
abs,2019-09-01,210,129.296
abs,2019-10-01,210,127.176
abs,2019-11-01,210,119.449
abs,2019-12-01,210,117.789
abs,2020-01-01,210,105.702
abs,2020-02-01,210,121.339
abs,2020-03-01,210,123.939
abs,2020-04-01,210,131.304
abs,2020-05-01,210,139.265
abs,2020-06-01,210,149.576
abs,2020-07-01,210,151.619
abs,2020-08-01,210,150.718
abs,2020-09-01,210,161.061
abs,2020-10-01,210,150.001
abs,2020-11-01,210,135.946
abs,2020-12-01,210,138.446
abs,2021-01-01,210,125.702
abs,2021-02-01,210,147.269
abs,2021-03-01,210,153.466
abs,2021-04-01,210,149.852
abs,2021-05-01,210,149.412
abs,2021-06-01,210,166.058
abs,2021-07-01,210,165.13
abs,2021-08-01,210,170.265
abs,2021-09-01,210,184.76
abs,2021-10-01,210,177.667
abs,2021-11-01,210,162.004
abs,2021-12-01,210,167.67
abs,2022-01-01,210,150.826
abs,2022-02-01,210,155.212
abs,2022-03-01,210,162.675
abs,2022-04-01,210,159.878
abs,2022-05-01,210,154.899
abs,2022-06-01,210,173.359
abs,2022-07-01,210,180.847
abs,2022-08-01,210,184.895
abs,2022-09-01,210,191.054
abs,2022-10-01,210,181.867
abs,2022-11-01,210,164.991
abs,2022-12-01,210,175.91
abs,2023-01-01,210,155.928
abs,2023-02-01,210,169.251
abs,2023-03-01,210,170.79
abs,2023-04-01,210,163.855
abs,2023-05-01,210,160.059
abs,2023-06-01,210,165.311
abs,2023-07-01,210,173.965
abs,2023-08-01,210,176.182
abs,2023-09-01,210,178.291
abs,2023-10-01,210,177.867
abs,2023-11-01,210,154.337
abs,2023-12-01,210,175.491
abs,2024-01-01,210,161.684
abs,2024-02-01,210,180.084
abs,2024-03-01,210,180.943
abs,2024-04-01,210,176.254
abs,2024-05-01,210,167.133
abs,2024-06-01,210,179.838
abs,2024-07-01,210,186.765
abs,2024-08-01,210,186.065
abs,2024-09-01,210,188.003
abs,2024-10-01,210,182.311
abs,2024-11-01,210,162.752
abs,2024-12-01,210,185.451
abs,2025-01-01,210,164.764
abs,2025-02-01,210,192.556
abs,2025-03-01,210,192.458
abs,2025-04-01,210,188.098
abs,2025-05-01,210,182.507
abs,2025-06-01,210,192.879
abs,2025-07-01,210,202.145
abs,2025-08-01,210,202.838
abs,2025-09-01,210,207.006
abs,2025-10-01,210,207.331
abs,2025-11-01,210,177.801
abs,2025-12-01,210,195.08
abs,2026-01-01,210,170.397
abs,2026-02-01,210,197.414
abs,2026-03-01,210,191.176
abs,2026-04-01,210,198.05
abs,2026-05-01,210,187.058
abs,2026-06-01,210,205.196
growth_yoy,2016-01-01,210,3.92
growth_yoy,2016-02-01,210,4.327
growth_yoy,2016-03-01,210,3.819
growth_yoy,2016-04-01,210,5.284
growth_yoy,2016-05-01,210,3.039
growth_yoy,2016-06-01,210,3.297
growth_yoy,2016-07-01,210,2.145
growth_yoy,2016-08-01,210,6.356
growth_yoy,2016-09-01,210,3.28
growth_yoy,2016-10-01,210,5.122
growth_yoy,2016-11-01,210,9.531
growth_yoy,2016-12-01,210,3.914
growth_yoy,2017-01-01,210,2.616
growth_yoy,2017-02-01,210,3.869
growth_yoy,2017-03-01,210,7.563
growth_yoy,2017-04-01,210,6.479
growth_yoy,2017-05-01,210,5.913
growth_yoy,2017-06-01,210,1.554
growth_yoy,2017-07-01,210,3.799
growth_yoy,2017-08-01,210,3.618
growth_yoy,2017-09-01,210,2.86
growth_yoy,2017-10-01,210,9.257
growth_yoy,2017-11-01,210,11.51
growth_yoy,2017-12-01,210,-1.581
growth_yoy,2018-01-01,210,8.769
growth_yoy,2018-02-01,210,8.667
growth_yoy,2018-03-01,210,6.168
growth_yoy,2018-04-01,210,7.537
growth_yoy,2018-05-01,210,2.447
growth_yoy,2018-06-01,210,5.483
growth_yoy,2018-07-01,210,4.677
growth_yoy,2018-08-01,210,6.443
growth_yoy,2018-09-01,210,5.806
growth_yoy,2018-10-01,210,5.02
growth_yoy,2018-11-01,210,2.915
growth_yoy,2018-12-01,210,8.205
growth_yoy,2019-01-01,210,4.522
growth_yoy,2019-02-01,210,6.174
growth_yoy,2019-03-01,210,8.002
growth_yoy,2019-04-01,210,3.15
growth_yoy,2019-05-01,210,3.506
growth_yoy,2019-06-01,210,5.149
growth_yoy,2019-07-01,210,6.705
growth_yoy,2019-08-01,210,3.742
growth_yoy,2019-09-01,210,0.792
growth_yoy,2019-10-01,210,1.56
growth_yoy,2019-11-01,210,4.435
growth_yoy,2019-12-01,210,3.225
growth_yoy,2020-01-01,210,4.009
growth_yoy,2020-02-01,210,5.501
growth_yoy,2020-03-01,210,3.529
growth_yoy,2020-04-01,210,4.457
growth_yoy,2020-05-01,210,3.043
growth_yoy,2020-06-01,210,36.103
growth_yoy,2020-07-01,210,21.187
growth_yoy,2020-08-01,210,23.038
growth_yoy,2020-09-01,210,24.568
growth_yoy,2020-10-01,210,17.947
growth_yoy,2020-11-01,210,13.811
growth_yoy,2020-12-01,210,17.538
growth_yoy,2021-01-01,210,18.921
growth_yoy,2021-02-01,210,21.369
growth_yoy,2021-03-01,210,23.824
growth_yoy,2021-04-01,210,14.126
growth_yoy,2021-05-01,210,7.287
growth_yoy,2021-06-01,210,11.019
growth_yoy,2021-07-01,210,8.911
growth_yoy,2021-08-01,210,12.969
growth_yoy,2021-09-01,210,14.714
growth_yoy,2021-10-01,210,18.444
growth_yoy,2021-11-01,210,19.168
growth_yoy,2021-12-01,210,21.108
growth_yoy,2022-01-01,210,19.987
growth_yoy,2022-02-01,210,5.394
growth_yoy,2022-03-01,210,6.001
growth_yoy,2022-04-01,210,6.691
growth_yoy,2022-05-01,210,3.672
growth_yoy,2022-06-01,210,4.397
growth_yoy,2022-07-01,210,9.518
growth_yoy,2022-08-01,210,8.593
growth_yoy,2022-09-01,210,3.406
growth_yoy,2022-10-01,210,2.364
growth_yoy,2022-11-01,210,1.844
growth_yoy,2022-12-01,210,4.914
growth_yoy,2023-01-01,210,3.383
growth_yoy,2023-02-01,210,9.045
growth_yoy,2023-03-01,210,4.988
growth_yoy,2023-04-01,210,2.488
growth_yoy,2023-05-01,210,3.331
growth_yoy,2023-06-01,210,-4.642
growth_yoy,2023-07-01,210,-3.806
growth_yoy,2023-08-01,210,-4.712
growth_yoy,2023-09-01,210,-6.68
growth_yoy,2023-10-01,210,-2.199
growth_yoy,2023-11-01,210,-6.457
growth_yoy,2023-12-01,210,-0.238
growth_yoy,2024-01-01,210,3.691
growth_yoy,2024-02-01,210,6.401
growth_yoy,2024-03-01,210,5.945
growth_yoy,2024-04-01,210,7.567
growth_yoy,2024-05-01,210,4.42
growth_yoy,2024-06-01,210,8.788
growth_yoy,2024-07-01,210,7.358
growth_yoy,2024-08-01,210,5.609
growth_yoy,2024-09-01,210,5.448
growth_yoy,2024-10-01,210,2.498
growth_yoy,2024-11-01,210,5.452
growth_yoy,2024-12-01,210,5.676
growth_yoy,2025-01-01,210,1.905
growth_yoy,2025-02-01,210,6.925
growth_yoy,2025-03-01,210,6.364
growth_yoy,2025-04-01,210,6.72
growth_yoy,2025-05-01,210,9.199
growth_yoy,2025-06-01,210,7.251
growth_yoy,2025-07-01,210,8.235
growth_yoy,2025-08-01,210,9.014
growth_yoy,2025-09-01,210,10.107
growth_yoy,2025-10-01,210,13.724
growth_yoy,2025-11-01,210,9.247
growth_yoy,2025-12-01,210,5.192
growth_yoy,2026-01-01,210,3.419
growth_yoy,2026-02-01,210,2.523
growth_yoy,2026-03-01,210,-0.666
growth_yoy,2026-04-01,210,5.291
growth_yoy,2026-05-01,210,2.494
growth_yoy,2026-06-01,210,6.386
growth_mom,2015-02-01,210,9.737
growth_mom,2015-03-01,210,1.634
growth_mom,2015-04-01,210,8.119
growth_mom,2015-05-01,210,15.537
growth_mom,2015-06-01,210,-19.124
growth_mom,2015-07-01,210,11.848
growth_mom,2015-08-01,210,-4.72
growth_mom,2015-09-01,210,13.379
growth_mom,2015-10-01,210,-9.034
growth_mom,2015-11-01,210,-12.352
growth_mom,2015-12-01,210,13.32
growth_mom,2016-01-01,210,-15.517
growth_mom,2016-02-01,210,10.167
growth_mom,2016-03-01,210,1.139
growth_mom,2016-04-01,210,9.645
growth_mom,2016-05-01,210,13.073
growth_mom,2016-06-01,210,-18.922
growth_mom,2016-07-01,210,10.601
growth_mom,2016-08-01,210,-0.791
growth_mom,2016-09-01,210,10.099
growth_mom,2016-10-01,210,-7.411
growth_mom,2016-11-01,210,-8.676
growth_mom,2016-12-01,210,7.509
growth_mom,2017-01-01,210,-16.572
growth_mom,2017-02-01,210,11.512
growth_mom,2017-03-01,210,4.736
growth_mom,2017-04-01,210,8.541
growth_mom,2017-05-01,210,12.471
growth_mom,2017-06-01,210,-22.258
growth_mom,2017-07-01,210,13.045
growth_mom,2017-08-01,210,-0.965
growth_mom,2017-09-01,210,9.293
growth_mom,2017-10-01,210,-1.653
growth_mom,2017-11-01,210,-6.793
growth_mom,2017-12-01,210,-5.113
growth_mom,2018-01-01,210,-7.799
growth_mom,2018-02-01,210,11.408
growth_mom,2018-03-01,210,2.327
growth_mom,2018-04-01,210,9.941
growth_mom,2018-05-01,210,7.148
growth_mom,2018-06-01,210,-19.955
growth_mom,2018-07-01,210,12.182
growth_mom,2018-08-01,210,0.706
growth_mom,2018-09-01,210,8.639
growth_mom,2018-10-01,210,-2.383
growth_mom,2018-11-01,210,-8.661
growth_mom,2018-12-01,210,-0.235
growth_mom,2019-01-01,210,-10.937
growth_mom,2019-02-01,210,13.17
growth_mom,2019-03-01,210,4.088
growth_mom,2019-04-01,210,5.002
growth_mom,2019-05-01,210,7.518
growth_mom,2019-06-01,210,-18.684
growth_mom,2019-07-01,210,13.842
growth_mom,2019-08-01,210,-2.09
growth_mom,2019-09-01,210,5.55
growth_mom,2019-10-01,210,-1.639
growth_mom,2019-11-01,210,-6.076
growth_mom,2019-12-01,210,-1.39
growth_mom,2020-01-01,210,-10.261
growth_mom,2020-02-01,210,14.794
growth_mom,2020-03-01,210,2.142
growth_mom,2020-04-01,210,5.943
growth_mom,2020-05-01,210,6.063
growth_mom,2020-06-01,210,7.404
growth_mom,2020-07-01,210,1.366
growth_mom,2020-08-01,210,-0.595
growth_mom,2020-09-01,210,6.863
growth_mom,2020-10-01,210,-6.867
growth_mom,2020-11-01,210,-9.37
growth_mom,2020-12-01,210,1.839
growth_mom,2021-01-01,210,-9.205
growth_mom,2021-02-01,210,17.157
growth_mom,2021-03-01,210,4.208
growth_mom,2021-04-01,210,-2.355
growth_mom,2021-05-01,210,-0.293
growth_mom,2021-06-01,210,11.141
growth_mom,2021-07-01,210,-0.559
growth_mom,2021-08-01,210,3.11
growth_mom,2021-09-01,210,8.514
growth_mom,2021-10-01,210,-3.839
growth_mom,2021-11-01,210,-8.816
growth_mom,2021-12-01,210,3.497
growth_mom,2022-01-01,210,-10.046
growth_mom,2022-02-01,210,2.908
growth_mom,2022-03-01,210,4.808
growth_mom,2022-04-01,210,-1.719
growth_mom,2022-05-01,210,-3.114
growth_mom,2022-06-01,210,11.918
growth_mom,2022-07-01,210,4.32
growth_mom,2022-08-01,210,2.238
growth_mom,2022-09-01,210,3.331
growth_mom,2022-10-01,210,-4.808
growth_mom,2022-11-01,210,-9.28
growth_mom,2022-12-01,210,6.618
growth_mom,2023-01-01,210,-11.359
growth_mom,2023-02-01,210,8.544
growth_mom,2023-03-01,210,0.909
growth_mom,2023-04-01,210,-4.06
growth_mom,2023-05-01,210,-2.317
growth_mom,2023-06-01,210,3.282
growth_mom,2023-07-01,210,5.234
growth_mom,2023-08-01,210,1.275
growth_mom,2023-09-01,210,1.197
growth_mom,2023-10-01,210,-0.238
growth_mom,2023-11-01,210,-13.229
growth_mom,2023-12-01,210,13.707
growth_mom,2024-01-01,210,-7.868
growth_mom,2024-02-01,210,11.381
growth_mom,2024-03-01,210,0.477
growth_mom,2024-04-01,210,-2.591
growth_mom,2024-05-01,210,-5.175
growth_mom,2024-06-01,210,7.602
growth_mom,2024-07-01,210,3.852
growth_mom,2024-08-01,210,-0.375
growth_mom,2024-09-01,210,1.042
growth_mom,2024-10-01,210,-3.028
growth_mom,2024-11-01,210,-10.729
growth_mom,2024-12-01,210,13.948
growth_mom,2025-01-01,210,-11.155
growth_mom,2025-02-01,210,16.868
growth_mom,2025-03-01,210,-0.051
growth_mom,2025-04-01,210,-2.266
growth_mom,2025-05-01,210,-2.972
growth_mom,2025-06-01,210,5.683
growth_mom,2025-07-01,210,4.804
growth_mom,2025-08-01,210,0.343
growth_mom,2025-09-01,210,2.055
growth_mom,2025-10-01,210,0.157
growth_mom,2025-11-01,210,-14.243
growth_mom,2025-12-01,210,9.719
growth_mom,2026-01-01,210,-12.653
growth_mom,2026-02-01,210,15.855
growth_mom,2026-03-01,210,-3.16
growth_mom,2026-04-01,210,3.596
growth_mom,2026-05-01,210,-5.55
growth_mom,2026-06-01,210,9.696
abs,2015-01-01,221,96.692
abs,2015-02-01,221,87.557
abs,2015-03-01,221,100.687
abs,2015-04-01,221,98.626
abs,2015-05-01,221,97.081
abs,2015-06-01,221,94.037
abs,2015-07-01,221,101.788
abs,2015-08-01,221,103.574
abs,2015-09-01,221,104.436
abs,2015-10-01,221,106.446
abs,2015-11-01,221,104.551
abs,2015-12-01,221,104.526
abs,2016-01-01,221,102.631
abs,2016-02-01,221,91.933
abs,2016-03-01,221,107.982
abs,2016-04-01,221,106.878
abs,2016-05-01,221,98.901
abs,2016-06-01,221,99.014
abs,2016-07-01,221,105.337
abs,2016-08-01,221,105.244
abs,2016-09-01,221,106.626
abs,2016-10-01,221,104.235
abs,2016-11-01,221,105.403
abs,2016-12-01,221,109.694
abs,2017-01-01,221,108.124
abs,2017-02-01,221,102.23
abs,2017-03-01,221,113.344
abs,2017-04-01,221,114.557
abs,2017-05-01,221,108.921
abs,2017-06-01,221,104.384
abs,2017-07-01,221,111.533
abs,2017-08-01,221,111.999
abs,2017-09-01,221,111.146
abs,2017-10-01,221,114.319
abs,2017-11-01,221,109.305
abs,2017-12-01,221,113.236
abs,2018-01-01,221,112.141
abs,2018-02-01,221,104.166
abs,2018-03-01,221,114.459
abs,2018-04-01,221,114.333
abs,2018-05-01,221,116.165
abs,2018-06-01,221,111.699
abs,2018-07-01,221,118.271
abs,2018-08-01,221,119.793
abs,2018-09-01,221,118.167
abs,2018-10-01,221,122.854
abs,2018-11-01,221,114.036
abs,2018-12-01,221,125.327
abs,2019-01-01,221,118.012
abs,2019-02-01,221,112.568
abs,2019-03-01,221,121.952
abs,2019-04-01,221,121.442
abs,2019-05-01,221,126.387
abs,2019-06-01,221,120.453
abs,2019-07-01,221,127.786
abs,2019-08-01,221,128.887
abs,2019-09-01,221,124.218
abs,2019-10-01,221,128.695
abs,2019-11-01,221,119.837
abs,2019-12-01,221,135.984
abs,2020-01-01,221,130.941
abs,2020-02-01,221,128.753
abs,2020-03-01,221,165.023
abs,2020-04-01,221,166.715
abs,2020-05-01,221,170.994
abs,2020-06-01,221,199.384
abs,2020-07-01,221,206.992
abs,2020-08-01,221,200.273
abs,2020-09-01,221,206.251
abs,2020-10-01,221,218.804
abs,2020-11-01,221,199.671
abs,2020-12-01,221,219.593
abs,2021-01-01,221,229.268
abs,2021-02-01,221,213.873
abs,2021-03-01,221,277.673
abs,2021-04-01,221,269.369
abs,2021-05-01,221,250.892
abs,2021-06-01,221,267.031
abs,2021-07-01,221,237.294
abs,2021-08-01,221,217.493
abs,2021-09-01,221,197.371
abs,2021-10-01,221,196.69
abs,2021-11-01,221,177.827
abs,2021-12-01,221,191.215
abs,2022-01-01,221,184.014
abs,2022-02-01,221,169.848
abs,2022-03-01,221,209.117
abs,2022-04-01,221,217.585
abs,2022-05-01,221,193.247
abs,2022-06-01,221,203.201
abs,2022-07-01,221,195.885
abs,2022-08-01,221,194.525
abs,2022-09-01,221,180.463
abs,2022-10-01,221,180.203
abs,2022-11-01,221,161.824
abs,2022-12-01,221,175.734
abs,2023-01-01,221,167.803
abs,2023-02-01,221,159.125
abs,2023-03-01,221,196.402
abs,2023-04-01,221,181.772
abs,2023-05-01,221,174.56
abs,2023-06-01,221,182.744
abs,2023-07-01,221,178.316
abs,2023-08-01,221,180.417
abs,2023-09-01,221,175.553
abs,2023-10-01,221,177.615
abs,2023-11-01,221,161.029
abs,2023-12-01,221,168.79
abs,2024-01-01,221,182.094
abs,2024-02-01,221,169.23
abs,2024-03-01,221,201.585
abs,2024-04-01,221,195.788
abs,2024-05-01,221,185.332
abs,2024-06-01,221,193.449
abs,2024-07-01,221,197.114
abs,2024-08-01,221,200.511
abs,2024-09-01,221,190.678
abs,2024-10-01,221,196.967
abs,2024-11-01,221,176.794
abs,2024-12-01,221,188.822
abs,2025-01-01,221,197.79
abs,2025-02-01,221,176.525
abs,2025-03-01,221,209.983
abs,2025-04-01,221,201.56
abs,2025-05-01,221,183.335
abs,2025-06-01,221,188.966
abs,2025-07-01,221,195.558
abs,2025-08-01,221,197.544
abs,2025-09-01,221,188.923
abs,2025-10-01,221,193.933
abs,2025-11-01,221,173.85
abs,2025-12-01,221,187.183
abs,2026-01-01,221,196.671
abs,2026-02-01,221,171.874
abs,2026-03-01,221,204.189
abs,2026-04-01,221,210.636
abs,2026-05-01,221,179.771
abs,2026-06-01,221,191.905
growth_yoy,2016-01-01,221,6.143
growth_yoy,2016-02-01,221,4.998
growth_yoy,2016-03-01,221,7.246
growth_yoy,2016-04-01,221,8.367
growth_yoy,2016-05-01,221,1.875
growth_yoy,2016-06-01,221,5.292
growth_yoy,2016-07-01,221,3.487
growth_yoy,2016-08-01,221,1.612
growth_yoy,2016-09-01,221,2.097
growth_yoy,2016-10-01,221,-2.077
growth_yoy,2016-11-01,221,0.815
growth_yoy,2016-12-01,221,4.944
growth_yoy,2017-01-01,221,5.352
growth_yoy,2017-02-01,221,11.2
growth_yoy,2017-03-01,221,4.966
growth_yoy,2017-04-01,221,7.184
growth_yoy,2017-05-01,221,10.132
growth_yoy,2017-06-01,221,5.424
growth_yoy,2017-07-01,221,5.882
growth_yoy,2017-08-01,221,6.418
growth_yoy,2017-09-01,221,4.24
growth_yoy,2017-10-01,221,9.674
growth_yoy,2017-11-01,221,3.702
growth_yoy,2017-12-01,221,3.23
growth_yoy,2018-01-01,221,3.715
growth_yoy,2018-02-01,221,1.894
growth_yoy,2018-03-01,221,0.984
growth_yoy,2018-04-01,221,-0.195
growth_yoy,2018-05-01,221,6.65
growth_yoy,2018-06-01,221,7.008
growth_yoy,2018-07-01,221,6.041
growth_yoy,2018-08-01,221,6.96
growth_yoy,2018-09-01,221,6.317
growth_yoy,2018-10-01,221,7.466
growth_yoy,2018-11-01,221,4.329
growth_yoy,2018-12-01,221,10.678
growth_yoy,2019-01-01,221,5.236
growth_yoy,2019-02-01,221,8.066
growth_yoy,2019-03-01,221,6.547
growth_yoy,2019-04-01,221,6.217
growth_yoy,2019-05-01,221,8.799
growth_yoy,2019-06-01,221,7.837
growth_yoy,2019-07-01,221,8.046
growth_yoy,2019-08-01,221,7.591
growth_yoy,2019-09-01,221,5.12
growth_yoy,2019-10-01,221,4.754
growth_yoy,2019-11-01,221,5.087
growth_yoy,2019-12-01,221,8.503
growth_yoy,2020-01-01,221,10.956
growth_yoy,2020-02-01,221,14.378
growth_yoy,2020-03-01,221,35.317
growth_yoy,2020-04-01,221,37.28
growth_yoy,2020-05-01,221,35.294
growth_yoy,2020-06-01,221,65.528
growth_yoy,2020-07-01,221,61.983
growth_yoy,2020-08-01,221,55.386
growth_yoy,2020-09-01,221,66.04
growth_yoy,2020-10-01,221,70.018
growth_yoy,2020-11-01,221,66.619
growth_yoy,2020-12-01,221,61.484
growth_yoy,2021-01-01,221,75.093
growth_yoy,2021-02-01,221,66.112
growth_yoy,2021-03-01,221,68.263
growth_yoy,2021-04-01,221,61.575
growth_yoy,2021-05-01,221,46.726
growth_yoy,2021-06-01,221,33.928
growth_yoy,2021-07-01,221,14.639
growth_yoy,2021-08-01,221,8.598
growth_yoy,2021-09-01,221,-4.306
growth_yoy,2021-10-01,221,-10.107
growth_yoy,2021-11-01,221,-10.94
growth_yoy,2021-12-01,221,-12.923
growth_yoy,2022-01-01,221,-19.738
growth_yoy,2022-02-01,221,-20.585
growth_yoy,2022-03-01,221,-24.689
growth_yoy,2022-04-01,221,-19.224
growth_yoy,2022-05-01,221,-22.976
growth_yoy,2022-06-01,221,-23.903
growth_yoy,2022-07-01,221,-17.45
growth_yoy,2022-08-01,221,-10.56
growth_yoy,2022-09-01,221,-8.566
growth_yoy,2022-10-01,221,-8.382
growth_yoy,2022-11-01,221,-8.999
growth_yoy,2022-12-01,221,-8.096
growth_yoy,2023-01-01,221,-8.81
growth_yoy,2023-02-01,221,-6.313
growth_yoy,2023-03-01,221,-6.08
growth_yoy,2023-04-01,221,-16.459
growth_yoy,2023-05-01,221,-9.67
growth_yoy,2023-06-01,221,-10.067
growth_yoy,2023-07-01,221,-8.969
growth_yoy,2023-08-01,221,-7.252
growth_yoy,2023-09-01,221,-2.721
growth_yoy,2023-10-01,221,-1.436
growth_yoy,2023-11-01,221,-0.491
growth_yoy,2023-12-01,221,-3.951
growth_yoy,2024-01-01,221,8.516
growth_yoy,2024-02-01,221,6.35
growth_yoy,2024-03-01,221,2.639
growth_yoy,2024-04-01,221,7.71
growth_yoy,2024-05-01,221,6.171
growth_yoy,2024-06-01,221,5.858
growth_yoy,2024-07-01,221,10.542
growth_yoy,2024-08-01,221,11.137
growth_yoy,2024-09-01,221,8.615
growth_yoy,2024-10-01,221,10.896
growth_yoy,2024-11-01,221,9.79
growth_yoy,2024-12-01,221,11.868
growth_yoy,2025-01-01,221,8.62
growth_yoy,2025-02-01,221,4.311
growth_yoy,2025-03-01,221,4.166
growth_yoy,2025-04-01,221,2.948
growth_yoy,2025-05-01,221,-1.077
growth_yoy,2025-06-01,221,-2.317
growth_yoy,2025-07-01,221,-0.79
growth_yoy,2025-08-01,221,-1.48
growth_yoy,2025-09-01,221,-0.92
growth_yoy,2025-10-01,221,-1.541
growth_yoy,2025-11-01,221,-1.666
growth_yoy,2025-12-01,221,-0.868
growth_yoy,2026-01-01,221,-0.566
growth_yoy,2026-02-01,221,-2.635
growth_yoy,2026-03-01,221,-2.759
growth_yoy,2026-04-01,221,4.503
growth_yoy,2026-05-01,221,-1.944
growth_yoy,2026-06-01,221,1.555
growth_mom,2015-02-01,221,-9.447
growth_mom,2015-03-01,221,14.996
growth_mom,2015-04-01,221,-2.046
growth_mom,2015-05-01,221,-1.567
growth_mom,2015-06-01,221,-3.135
growth_mom,2015-07-01,221,8.242
growth_mom,2015-08-01,221,1.754
growth_mom,2015-09-01,221,0.832
growth_mom,2015-10-01,221,1.925
growth_mom,2015-11-01,221,-1.78
growth_mom,2015-12-01,221,-0.024
growth_mom,2016-01-01,221,-1.813
growth_mom,2016-02-01,221,-10.423
growth_mom,2016-03-01,221,17.457
growth_mom,2016-04-01,221,-1.022
growth_mom,2016-05-01,221,-7.464
growth_mom,2016-06-01,221,0.114
growth_mom,2016-07-01,221,6.387
growth_mom,2016-08-01,221,-0.089
growth_mom,2016-09-01,221,1.314
growth_mom,2016-10-01,221,-2.242
growth_mom,2016-11-01,221,1.121
growth_mom,2016-12-01,221,4.07
growth_mom,2017-01-01,221,-1.431
growth_mom,2017-02-01,221,-5.451
growth_mom,2017-03-01,221,10.872
growth_mom,2017-04-01,221,1.07
growth_mom,2017-05-01,221,-4.919
growth_mom,2017-06-01,221,-4.166
growth_mom,2017-07-01,221,6.849
growth_mom,2017-08-01,221,0.418
growth_mom,2017-09-01,221,-0.761
growth_mom,2017-10-01,221,2.854
growth_mom,2017-11-01,221,-4.386
growth_mom,2017-12-01,221,3.597
growth_mom,2018-01-01,221,-0.968
growth_mom,2018-02-01,221,-7.112
growth_mom,2018-03-01,221,9.882
growth_mom,2018-04-01,221,-0.11
growth_mom,2018-05-01,221,1.602
growth_mom,2018-06-01,221,-3.845
growth_mom,2018-07-01,221,5.884
growth_mom,2018-08-01,221,1.287
growth_mom,2018-09-01,221,-1.357
growth_mom,2018-10-01,221,3.966
growth_mom,2018-11-01,221,-7.177
growth_mom,2018-12-01,221,9.902
growth_mom,2019-01-01,221,-5.837
growth_mom,2019-02-01,221,-4.613
growth_mom,2019-03-01,221,8.337
growth_mom,2019-04-01,221,-0.419
growth_mom,2019-05-01,221,4.072
growth_mom,2019-06-01,221,-4.695
growth_mom,2019-07-01,221,6.088
growth_mom,2019-08-01,221,0.861
growth_mom,2019-09-01,221,-3.623
growth_mom,2019-10-01,221,3.604
growth_mom,2019-11-01,221,-6.882
growth_mom,2019-12-01,221,13.474
growth_mom,2020-01-01,221,-3.709
growth_mom,2020-02-01,221,-1.671
growth_mom,2020-03-01,221,28.17
growth_mom,2020-04-01,221,1.026
growth_mom,2020-05-01,221,2.566
growth_mom,2020-06-01,221,16.603
growth_mom,2020-07-01,221,3.816
growth_mom,2020-08-01,221,-3.246
growth_mom,2020-09-01,221,2.985
growth_mom,2020-10-01,221,6.086
growth_mom,2020-11-01,221,-8.744
growth_mom,2020-12-01,221,9.977
growth_mom,2021-01-01,221,4.406
growth_mom,2021-02-01,221,-6.715
growth_mom,2021-03-01,221,29.83
growth_mom,2021-04-01,221,-2.99
growth_mom,2021-05-01,221,-6.86
growth_mom,2021-06-01,221,6.433
growth_mom,2021-07-01,221,-11.136
growth_mom,2021-08-01,221,-8.345
growth_mom,2021-09-01,221,-9.252
growth_mom,2021-10-01,221,-0.345
growth_mom,2021-11-01,221,-9.59
growth_mom,2021-12-01,221,7.529
growth_mom,2022-01-01,221,-3.765
growth_mom,2022-02-01,221,-7.698
growth_mom,2022-03-01,221,23.12
growth_mom,2022-04-01,221,4.049
growth_mom,2022-05-01,221,-11.186
growth_mom,2022-06-01,221,5.151
growth_mom,2022-07-01,221,-3.6
growth_mom,2022-08-01,221,-0.694
growth_mom,2022-09-01,221,-7.229
growth_mom,2022-10-01,221,-0.144
growth_mom,2022-11-01,221,-10.199
growth_mom,2022-12-01,221,8.596
growth_mom,2023-01-01,221,-4.513
growth_mom,2023-02-01,221,-5.172
growth_mom,2023-03-01,221,23.426
growth_mom,2023-04-01,221,-7.449
growth_mom,2023-05-01,221,-3.968
growth_mom,2023-06-01,221,4.689
growth_mom,2023-07-01,221,-2.423
growth_mom,2023-08-01,221,1.178
growth_mom,2023-09-01,221,-2.696
growth_mom,2023-10-01,221,1.174
growth_mom,2023-11-01,221,-9.338
growth_mom,2023-12-01,221,4.82
growth_mom,2024-01-01,221,7.882
growth_mom,2024-02-01,221,-7.065
growth_mom,2024-03-01,221,19.119
growth_mom,2024-04-01,221,-2.876
growth_mom,2024-05-01,221,-5.341
growth_mom,2024-06-01,221,4.38
growth_mom,2024-07-01,221,1.894
growth_mom,2024-08-01,221,1.723
growth_mom,2024-09-01,221,-4.904
growth_mom,2024-10-01,221,3.299
growth_mom,2024-11-01,221,-10.242
growth_mom,2024-12-01,221,6.803
growth_mom,2025-01-01,221,4.749
growth_mom,2025-02-01,221,-10.751
growth_mom,2025-03-01,221,18.954
growth_mom,2025-04-01,221,-4.011
growth_mom,2025-05-01,221,-9.042
growth_mom,2025-06-01,221,3.072
growth_mom,2025-07-01,221,3.488
growth_mom,2025-08-01,221,1.016
growth_mom,2025-09-01,221,-4.364
growth_mom,2025-10-01,221,2.652
growth_mom,2025-11-01,221,-10.356
growth_mom,2025-12-01,221,7.67
growth_mom,2026-01-01,221,5.069
growth_mom,2026-02-01,221,-12.608
growth_mom,2026-03-01,221,18.801
growth_mom,2026-04-01,221,3.158
growth_mom,2026-05-01,221,-14.653
growth_mom,2026-06-01,221,6.75
abs,2015-01-01,222,98.864
abs,2015-02-01,222,94.327
abs,2015-03-01,222,94.799
abs,2015-04-01,222,90.416
abs,2015-05-01,222,104.332
abs,2015-06-01,222,100.007
abs,2015-07-01,222,103.398
abs,2015-08-01,222,101.757
abs,2015-09-01,222,104.827
abs,2015-10-01,222,103.084
abs,2015-11-01,222,102.485
abs,2015-12-01,222,101.704
abs,2016-01-01,222,99.418
abs,2016-02-01,222,98.151
abs,2016-03-01,222,96.578
abs,2016-04-01,222,92.105
abs,2016-05-01,222,110.183
abs,2016-06-01,222,103.568
abs,2016-07-01,222,104.091
abs,2016-08-01,222,107.407
abs,2016-09-01,222,107.164
abs,2016-10-01,222,110.888
abs,2016-11-01,222,108.858
abs,2016-12-01,222,105.281
abs,2017-01-01,222,100.865
abs,2017-02-01,222,100.518
abs,2017-03-01,222,98.335
abs,2017-04-01,222,93.386
abs,2017-05-01,222,109.141
abs,2017-06-01,222,108.143
abs,2017-07-01,222,111.121
abs,2017-08-01,222,110.375
abs,2017-09-01,222,111.304
abs,2017-10-01,222,113.891
abs,2017-11-01,222,111.739
abs,2017-12-01,222,110.063
abs,2018-01-01,222,103.805
abs,2018-02-01,222,104.439
abs,2018-03-01,222,103.015
abs,2018-04-01,222,99.738
abs,2018-05-01,222,108.148
abs,2018-06-01,222,111.871
abs,2018-07-01,222,115.648
abs,2018-08-01,222,115.085
abs,2018-09-01,222,117.503
abs,2018-10-01,222,120.459
abs,2018-11-01,222,115.096
abs,2018-12-01,222,115.984
abs,2019-01-01,222,111.619
abs,2019-02-01,222,108.199
abs,2019-03-01,222,106.856
abs,2019-04-01,222,107.364
abs,2019-05-01,222,113.007
abs,2019-06-01,222,111.986
abs,2019-07-01,222,116.894
abs,2019-08-01,222,116.241
abs,2019-09-01,222,117.362
abs,2019-10-01,222,117.444
abs,2019-11-01,222,122.415
abs,2019-12-01,222,119.898
abs,2020-01-01,222,111.751
abs,2020-02-01,222,111.999
abs,2020-03-01,222,102.48
abs,2020-04-01,222,84.319
abs,2020-05-01,222,92.324
abs,2020-06-01,222,127.186
abs,2020-07-01,222,128.777
abs,2020-08-01,222,125.125
abs,2020-09-01,222,127.107
abs,2020-10-01,222,125.835
abs,2020-11-01,222,131.315
abs,2020-12-01,222,130.322
abs,2021-01-01,222,124.612
abs,2021-02-01,222,125.58
abs,2021-03-01,222,118.514
abs,2021-04-01,222,111.171
abs,2021-05-01,222,113.468
abs,2021-06-01,222,142.743
abs,2021-07-01,222,139.006
abs,2021-08-01,222,138.231
abs,2021-09-01,222,136.808
abs,2021-10-01,222,133.788
abs,2021-11-01,222,143.387
abs,2021-12-01,222,140.186
abs,2022-01-01,222,133.428
abs,2022-02-01,222,131.813
abs,2022-03-01,222,123.384
abs,2022-04-01,222,120.71
abs,2022-05-01,222,116.189
abs,2022-06-01,222,147.1
abs,2022-07-01,222,147.587
abs,2022-08-01,222,145.914
abs,2022-09-01,222,143.521
abs,2022-10-01,222,135.658
abs,2022-11-01,222,138.807
abs,2022-12-01,222,126.555
abs,2023-01-01,222,117.546
abs,2023-02-01,222,120.819
abs,2023-03-01,222,115.434
abs,2023-04-01,222,109.524
abs,2023-05-01,222,120.208
abs,2023-06-01,222,141.064
abs,2023-07-01,222,145.219
abs,2023-08-01,222,144.257
abs,2023-09-01,222,142.546
abs,2023-10-01,222,137.244
abs,2023-11-01,222,142.122
abs,2023-12-01,222,128.17
abs,2024-01-01,222,126.39
abs,2024-02-01,222,123.5
abs,2024-03-01,222,117.733
abs,2024-04-01,222,116.175
abs,2024-05-01,222,124.979
abs,2024-06-01,222,146.193
abs,2024-07-01,222,156.38
abs,2024-08-01,222,154.381
abs,2024-09-01,222,147.626
abs,2024-10-01,222,146.211
abs,2024-11-01,222,154.484
abs,2024-12-01,222,134.797
abs,2025-01-01,222,133.595
abs,2025-02-01,222,129.858
abs,2025-03-01,222,122.553
abs,2025-04-01,222,121.238
abs,2025-05-01,222,124.182
abs,2025-06-01,222,144.503
abs,2025-07-01,222,154.196
abs,2025-08-01,222,153.177
abs,2025-09-01,222,146.907
abs,2025-10-01,222,147.536
abs,2025-11-01,222,149.511
abs,2025-12-01,222,132.532
abs,2026-01-01,222,133.147
abs,2026-02-01,222,125.743
abs,2026-03-01,222,119.974
abs,2026-04-01,222,125.74
abs,2026-05-01,222,126.5
abs,2026-06-01,222,147.678
growth_yoy,2016-01-01,222,0.56
growth_yoy,2016-02-01,222,4.054
growth_yoy,2016-03-01,222,1.877
growth_yoy,2016-04-01,222,1.868
growth_yoy,2016-05-01,222,5.608
growth_yoy,2016-06-01,222,3.56
growth_yoy,2016-07-01,222,0.67
growth_yoy,2016-08-01,222,5.552
growth_yoy,2016-09-01,222,2.23
growth_yoy,2016-10-01,222,7.57
growth_yoy,2016-11-01,222,6.219
growth_yoy,2016-12-01,222,3.517
growth_yoy,2017-01-01,222,1.456
growth_yoy,2017-02-01,222,2.412
growth_yoy,2017-03-01,222,1.819
growth_yoy,2017-04-01,222,1.39
growth_yoy,2017-05-01,222,-0.946
growth_yoy,2017-06-01,222,4.418
growth_yoy,2017-07-01,222,6.754
growth_yoy,2017-08-01,222,2.764
growth_yoy,2017-09-01,222,3.863
growth_yoy,2017-10-01,222,2.708
growth_yoy,2017-11-01,222,2.647
growth_yoy,2017-12-01,222,4.543
growth_yoy,2018-01-01,222,2.914
growth_yoy,2018-02-01,222,3.901
growth_yoy,2018-03-01,222,4.759
growth_yoy,2018-04-01,222,6.802
growth_yoy,2018-05-01,222,-0.91
growth_yoy,2018-06-01,222,3.447
growth_yoy,2018-07-01,222,4.073
growth_yoy,2018-08-01,222,4.267
growth_yoy,2018-09-01,222,5.57
growth_yoy,2018-10-01,222,5.767
growth_yoy,2018-11-01,222,3.004
growth_yoy,2018-12-01,222,5.38
growth_yoy,2019-01-01,222,7.528
growth_yoy,2019-02-01,222,3.6
growth_yoy,2019-03-01,222,3.728
growth_yoy,2019-04-01,222,7.646
growth_yoy,2019-05-01,222,4.493
growth_yoy,2019-06-01,222,0.103
growth_yoy,2019-07-01,222,1.078
growth_yoy,2019-08-01,222,1.005
growth_yoy,2019-09-01,222,-0.12
growth_yoy,2019-10-01,222,-2.503
growth_yoy,2019-11-01,222,6.359
growth_yoy,2019-12-01,222,3.374
growth_yoy,2020-01-01,222,0.118
growth_yoy,2020-02-01,222,3.513
growth_yoy,2020-03-01,222,-4.095
growth_yoy,2020-04-01,222,-21.464
growth_yoy,2020-05-01,222,-18.303
growth_yoy,2020-06-01,222,13.573
growth_yoy,2020-07-01,222,10.166
growth_yoy,2020-08-01,222,7.643
growth_yoy,2020-09-01,222,8.303
growth_yoy,2020-10-01,222,7.145
growth_yoy,2020-11-01,222,7.271
growth_yoy,2020-12-01,222,8.694
growth_yoy,2021-01-01,222,11.508
growth_yoy,2021-02-01,222,12.126
growth_yoy,2021-03-01,222,15.646
growth_yoy,2021-04-01,222,31.846
growth_yoy,2021-05-01,222,22.902
growth_yoy,2021-06-01,222,12.232
growth_yoy,2021-07-01,222,7.943
growth_yoy,2021-08-01,222,10.474
growth_yoy,2021-09-01,222,7.632
growth_yoy,2021-10-01,222,6.32
growth_yoy,2021-11-01,222,9.193
growth_yoy,2021-12-01,222,7.569
growth_yoy,2022-01-01,222,7.075
growth_yoy,2022-02-01,222,4.963
growth_yoy,2022-03-01,222,4.11
growth_yoy,2022-04-01,222,8.58
growth_yoy,2022-05-01,222,2.398
growth_yoy,2022-06-01,222,3.052
growth_yoy,2022-07-01,222,6.173
growth_yoy,2022-08-01,222,5.559
growth_yoy,2022-09-01,222,4.907
growth_yoy,2022-10-01,222,1.397
growth_yoy,2022-11-01,222,-3.194
growth_yoy,2022-12-01,222,-9.724
growth_yoy,2023-01-01,222,-11.903
growth_yoy,2023-02-01,222,-8.341
growth_yoy,2023-03-01,222,-6.443
growth_yoy,2023-04-01,222,-9.267
growth_yoy,2023-05-01,222,3.458
growth_yoy,2023-06-01,222,-4.104
growth_yoy,2023-07-01,222,-1.604
growth_yoy,2023-08-01,222,-1.136
growth_yoy,2023-09-01,222,-0.679
growth_yoy,2023-10-01,222,1.169
growth_yoy,2023-11-01,222,2.389
growth_yoy,2023-12-01,222,1.277
growth_yoy,2024-01-01,222,7.524
growth_yoy,2024-02-01,222,2.219
growth_yoy,2024-03-01,222,1.991
growth_yoy,2024-04-01,222,6.073
growth_yoy,2024-05-01,222,3.97
growth_yoy,2024-06-01,222,3.636
growth_yoy,2024-07-01,222,7.685
growth_yoy,2024-08-01,222,7.018
growth_yoy,2024-09-01,222,3.564
growth_yoy,2024-10-01,222,6.534
growth_yoy,2024-11-01,222,8.698
growth_yoy,2024-12-01,222,5.17
growth_yoy,2025-01-01,222,5.701
growth_yoy,2025-02-01,222,5.148
growth_yoy,2025-03-01,222,4.095
growth_yoy,2025-04-01,222,4.358
growth_yoy,2025-05-01,222,-0.638
growth_yoy,2025-06-01,222,-1.156
growth_yoy,2025-07-01,222,-1.396
growth_yoy,2025-08-01,222,-0.78
growth_yoy,2025-09-01,222,-0.488
growth_yoy,2025-10-01,222,0.906
growth_yoy,2025-11-01,222,-3.219
growth_yoy,2025-12-01,222,-1.68
growth_yoy,2026-01-01,222,-0.335
growth_yoy,2026-02-01,222,-3.168
growth_yoy,2026-03-01,222,-2.105
growth_yoy,2026-04-01,222,3.714
growth_yoy,2026-05-01,222,1.867
growth_yoy,2026-06-01,222,2.198
growth_mom,2015-02-01,222,-4.59
growth_mom,2015-03-01,222,0.501
growth_mom,2015-04-01,222,-4.623
growth_mom,2015-05-01,222,15.391
growth_mom,2015-06-01,222,-4.145
growth_mom,2015-07-01,222,3.391
growth_mom,2015-08-01,222,-1.588
growth_mom,2015-09-01,222,3.017
growth_mom,2015-10-01,222,-1.662
growth_mom,2015-11-01,222,-0.582
growth_mom,2015-12-01,222,-0.762
growth_mom,2016-01-01,222,-2.248
growth_mom,2016-02-01,222,-1.274
growth_mom,2016-03-01,222,-1.602
growth_mom,2016-04-01,222,-4.631
growth_mom,2016-05-01,222,19.627
growth_mom,2016-06-01,222,-6.004
growth_mom,2016-07-01,222,0.506
growth_mom,2016-08-01,222,3.185
growth_mom,2016-09-01,222,-0.226
growth_mom,2016-10-01,222,3.475
growth_mom,2016-11-01,222,-1.831
growth_mom,2016-12-01,222,-3.287
growth_mom,2017-01-01,222,-4.194
growth_mom,2017-02-01,222,-0.344
growth_mom,2017-03-01,222,-2.172
growth_mom,2017-04-01,222,-5.033
growth_mom,2017-05-01,222,16.871
growth_mom,2017-06-01,222,-0.914
growth_mom,2017-07-01,222,2.754
growth_mom,2017-08-01,222,-0.672
growth_mom,2017-09-01,222,0.841
growth_mom,2017-10-01,222,2.325
growth_mom,2017-11-01,222,-1.89
growth_mom,2017-12-01,222,-1.5
growth_mom,2018-01-01,222,-5.686
growth_mom,2018-02-01,222,0.611
growth_mom,2018-03-01,222,-1.363
growth_mom,2018-04-01,222,-3.181
growth_mom,2018-05-01,222,8.432
growth_mom,2018-06-01,222,3.443
growth_mom,2018-07-01,222,3.376
growth_mom,2018-08-01,222,-0.487
growth_mom,2018-09-01,222,2.101
growth_mom,2018-10-01,222,2.515
growth_mom,2018-11-01,222,-4.452
growth_mom,2018-12-01,222,0.772
growth_mom,2019-01-01,222,-3.764
growth_mom,2019-02-01,222,-3.064
growth_mom,2019-03-01,222,-1.241
growth_mom,2019-04-01,222,0.475
growth_mom,2019-05-01,222,5.256
growth_mom,2019-06-01,222,-0.904
growth_mom,2019-07-01,222,4.383
growth_mom,2019-08-01,222,-0.559
growth_mom,2019-09-01,222,0.965
growth_mom,2019-10-01,222,0.069
growth_mom,2019-11-01,222,4.233
growth_mom,2019-12-01,222,-2.056
growth_mom,2020-01-01,222,-6.795
growth_mom,2020-02-01,222,0.222
growth_mom,2020-03-01,222,-8.5
growth_mom,2020-04-01,222,-17.721
growth_mom,2020-05-01,222,9.494
growth_mom,2020-06-01,222,37.76
growth_mom,2020-07-01,222,1.251
growth_mom,2020-08-01,222,-2.836
growth_mom,2020-09-01,222,1.584
growth_mom,2020-10-01,222,-1.001
growth_mom,2020-11-01,222,4.355
growth_mom,2020-12-01,222,-0.757
growth_mom,2021-01-01,222,-4.382
growth_mom,2021-02-01,222,0.777
growth_mom,2021-03-01,222,-5.627
growth_mom,2021-04-01,222,-6.196
growth_mom,2021-05-01,222,2.066
growth_mom,2021-06-01,222,25.8
growth_mom,2021-07-01,222,-2.618
growth_mom,2021-08-01,222,-0.558
growth_mom,2021-09-01,222,-1.03
growth_mom,2021-10-01,222,-2.207
growth_mom,2021-11-01,222,7.174
growth_mom,2021-12-01,222,-2.233
growth_mom,2022-01-01,222,-4.821
growth_mom,2022-02-01,222,-1.21
growth_mom,2022-03-01,222,-6.395
growth_mom,2022-04-01,222,-2.167
growth_mom,2022-05-01,222,-3.745
growth_mom,2022-06-01,222,26.604
growth_mom,2022-07-01,222,0.331
growth_mom,2022-08-01,222,-1.133
growth_mom,2022-09-01,222,-1.64
growth_mom,2022-10-01,222,-5.479
growth_mom,2022-11-01,222,2.321
growth_mom,2022-12-01,222,-8.827
growth_mom,2023-01-01,222,-7.118
growth_mom,2023-02-01,222,2.784
growth_mom,2023-03-01,222,-4.457
growth_mom,2023-04-01,222,-5.12
growth_mom,2023-05-01,222,9.755
growth_mom,2023-06-01,222,17.35
growth_mom,2023-07-01,222,2.946
growth_mom,2023-08-01,222,-0.662
growth_mom,2023-09-01,222,-1.186
growth_mom,2023-10-01,222,-3.72
growth_mom,2023-11-01,222,3.555
growth_mom,2023-12-01,222,-9.817
growth_mom,2024-01-01,222,-1.389
growth_mom,2024-02-01,222,-2.286
growth_mom,2024-03-01,222,-4.67
growth_mom,2024-04-01,222,-1.323
growth_mom,2024-05-01,222,7.579
growth_mom,2024-06-01,222,16.974
growth_mom,2024-07-01,222,6.968
growth_mom,2024-08-01,222,-1.278
growth_mom,2024-09-01,222,-4.375
growth_mom,2024-10-01,222,-0.959
growth_mom,2024-11-01,222,5.659
growth_mom,2024-12-01,222,-12.744
growth_mom,2025-01-01,222,-0.891
growth_mom,2025-02-01,222,-2.797
growth_mom,2025-03-01,222,-5.625
growth_mom,2025-04-01,222,-1.074
growth_mom,2025-05-01,222,2.429
growth_mom,2025-06-01,222,16.363
growth_mom,2025-07-01,222,6.708
growth_mom,2025-08-01,222,-0.661
growth_mom,2025-09-01,222,-4.094
growth_mom,2025-10-01,222,0.429
growth_mom,2025-11-01,222,1.338
growth_mom,2025-12-01,222,-11.357
growth_mom,2026-01-01,222,0.464
growth_mom,2026-02-01,222,-5.561
growth_mom,2026-03-01,222,-4.588
growth_mom,2026-04-01,222,4.806
growth_mom,2026-05-01,222,0.604
growth_mom,2026-06-01,222,16.742
abs,2015-01-01,231,83.476
abs,2015-02-01,231,85.005
abs,2015-03-01,231,90.54
abs,2015-04-01,231,88.888
abs,2015-05-01,231,98.933
abs,2015-06-01,231,96.784
abs,2015-07-01,231,101.225
abs,2015-08-01,231,106.386
abs,2015-09-01,231,112.527
abs,2015-10-01,231,107.733
abs,2015-11-01,231,112.597
abs,2015-12-01,231,115.906
abs,2016-01-01,231,107.24
abs,2016-02-01,231,106.285
abs,2016-03-01,231,112.099
abs,2016-04-01,231,108.639
abs,2016-05-01,231,113.489
abs,2016-06-01,231,116.86
abs,2016-07-01,231,121.302
abs,2016-08-01,231,113.927
abs,2016-09-01,231,118.539
abs,2016-10-01,231,122.985
abs,2016-11-01,231,120.556
abs,2016-12-01,231,124.107
abs,2017-01-01,231,109.178
abs,2017-02-01,231,110.338
abs,2017-03-01,231,118.034
abs,2017-04-01,231,117.956
abs,2017-05-01,231,123.152
abs,2017-06-01,231,126.247
abs,2017-07-01,231,133.69
abs,2017-08-01,231,126.981
abs,2017-09-01,231,130.874
abs,2017-10-01,231,136.002
abs,2017-11-01,231,131.985
abs,2017-12-01,231,139.094
abs,2018-01-01,231,120.483
abs,2018-02-01,231,120.161
abs,2018-03-01,231,123.72
abs,2018-04-01,231,127.109
abs,2018-05-01,231,133.037
abs,2018-06-01,231,131.702
abs,2018-07-01,231,133.377
abs,2018-08-01,231,133.719
abs,2018-09-01,231,131.823
abs,2018-10-01,231,126.296
abs,2018-11-01,231,126.465
abs,2018-12-01,231,127.453
abs,2019-01-01,231,120.736
abs,2019-02-01,231,115.398
abs,2019-03-01,231,120.21
abs,2019-04-01,231,127.912
abs,2019-05-01,231,132.883
abs,2019-06-01,231,139.751
abs,2019-07-01,231,136.709
abs,2019-08-01,231,135.984
abs,2019-09-01,231,130.257
abs,2019-10-01,231,132.11
abs,2019-11-01,231,125.582
abs,2019-12-01,231,129.394
abs,2020-01-01,231,128.218
abs,2020-02-01,231,111.022
abs,2020-03-01,231,104.27
abs,2020-04-01,231,78.29
abs,2020-05-01,231,82.11
abs,2020-06-01,231,123.823
abs,2020-07-01,231,145.613
abs,2020-08-01,231,139.993
abs,2020-09-01,231,132.071
abs,2020-10-01,231,140.73
abs,2020-11-01,231,132.94
abs,2020-12-01,231,132.152
abs,2021-01-01,231,101.67
abs,2021-02-01,231,90.901
abs,2021-03-01,231,101.575
abs,2021-04-01,231,91.645
abs,2021-05-01,231,85.168
abs,2021-06-01,231,77.69
abs,2021-07-01,231,85.647
abs,2021-08-01,231,109.509
abs,2021-09-01,231,112.451
abs,2021-10-01,231,130.444
abs,2021-11-01,231,125.975
abs,2021-12-01,231,123.598
abs,2022-01-01,231,110.1
abs,2022-02-01,231,104.588
abs,2022-03-01,231,120.669
abs,2022-04-01,231,104.87
abs,2022-05-01,231,101.327
abs,2022-06-01,231,103.152
abs,2022-07-01,231,112.351
abs,2022-08-01,231,114.841
abs,2022-09-01,231,112.271
abs,2022-10-01,231,121.94
abs,2022-11-01,231,113.607
abs,2022-12-01,231,113.243
abs,2023-01-01,231,99.093
abs,2023-02-01,231,99.983
abs,2023-03-01,231,102.619
abs,2023-04-01,231,96.735
abs,2023-05-01,231,93.108
abs,2023-06-01,231,94.333
abs,2023-07-01,231,101.062
abs,2023-08-01,231,128.961
abs,2023-09-01,231,130.208
abs,2023-10-01,231,141.047
abs,2023-11-01,231,128.994
abs,2023-12-01,231,115.02
abs,2024-01-01,231,109.606
abs,2024-02-01,231,110.919
abs,2024-03-01,231,107.631
abs,2024-04-01,231,104.414
abs,2024-05-01,231,101.223
abs,2024-06-01,231,103.864
abs,2024-07-01,231,108.271
abs,2024-08-01,231,144.893
abs,2024-09-01,231,142.481
abs,2024-10-01,231,156.339
abs,2024-11-01,231,134.665
abs,2024-12-01,231,118.09
abs,2025-01-01,231,105.056
abs,2025-02-01,231,114.024
abs,2025-03-01,231,109.594
abs,2025-04-01,231,105.254
abs,2025-05-01,231,99.084
abs,2025-06-01,231,100.554
abs,2025-07-01,231,105.101
abs,2025-08-01,231,138.228
abs,2025-09-01,231,137.929
abs,2025-10-01,231,153.378
abs,2025-11-01,231,135.695
abs,2025-12-01,231,118.573
abs,2026-01-01,231,106.93
abs,2026-02-01,231,115.362
abs,2026-03-01,231,109.929
abs,2026-04-01,231,101.776
abs,2026-05-01,231,95.774
abs,2026-06-01,231,98.247
growth_yoy,2016-01-01,231,28.468
growth_yoy,2016-02-01,231,25.034
growth_yoy,2016-03-01,231,23.811
growth_yoy,2016-04-01,231,22.22
growth_yoy,2016-05-01,231,14.713
growth_yoy,2016-06-01,231,20.743
growth_yoy,2016-07-01,231,19.834
growth_yoy,2016-08-01,231,7.088
growth_yoy,2016-09-01,231,5.342
growth_yoy,2016-10-01,231,14.157
growth_yoy,2016-11-01,231,7.069
growth_yoy,2016-12-01,231,7.076
growth_yoy,2017-01-01,231,1.807
growth_yoy,2017-02-01,231,3.813
growth_yoy,2017-03-01,231,5.294
growth_yoy,2017-04-01,231,8.576
growth_yoy,2017-05-01,231,8.515
growth_yoy,2017-06-01,231,8.033
growth_yoy,2017-07-01,231,10.213
growth_yoy,2017-08-01,231,11.458
growth_yoy,2017-09-01,231,10.406
growth_yoy,2017-10-01,231,10.584
growth_yoy,2017-11-01,231,9.48
growth_yoy,2017-12-01,231,12.076
growth_yoy,2018-01-01,231,10.355
growth_yoy,2018-02-01,231,8.903
growth_yoy,2018-03-01,231,4.818
growth_yoy,2018-04-01,231,7.76
growth_yoy,2018-05-01,231,8.027
growth_yoy,2018-06-01,231,4.321
growth_yoy,2018-07-01,231,-0.234
growth_yoy,2018-08-01,231,5.306
growth_yoy,2018-09-01,231,0.725
growth_yoy,2018-10-01,231,-7.137
growth_yoy,2018-11-01,231,-4.182
growth_yoy,2018-12-01,231,-8.37
growth_yoy,2019-01-01,231,0.21
growth_yoy,2019-02-01,231,-3.964
growth_yoy,2019-03-01,231,-2.837
growth_yoy,2019-04-01,231,0.631
growth_yoy,2019-05-01,231,-0.116
growth_yoy,2019-06-01,231,6.112
growth_yoy,2019-07-01,231,2.498
growth_yoy,2019-08-01,231,1.695
growth_yoy,2019-09-01,231,-1.188
growth_yoy,2019-10-01,231,4.604
growth_yoy,2019-11-01,231,-0.698
growth_yoy,2019-12-01,231,1.523
growth_yoy,2020-01-01,231,6.197
growth_yoy,2020-02-01,231,-3.791
growth_yoy,2020-03-01,231,-13.26
growth_yoy,2020-04-01,231,-38.794
growth_yoy,2020-05-01,231,-38.209
growth_yoy,2020-06-01,231,-11.397
growth_yoy,2020-07-01,231,6.513
growth_yoy,2020-08-01,231,2.948
growth_yoy,2020-09-01,231,1.393
growth_yoy,2020-10-01,231,6.525
growth_yoy,2020-11-01,231,5.859
growth_yoy,2020-12-01,231,2.132
growth_yoy,2021-01-01,231,-20.705
growth_yoy,2021-02-01,231,-18.123
growth_yoy,2021-03-01,231,-2.585
growth_yoy,2021-04-01,231,17.06
growth_yoy,2021-05-01,231,3.725
growth_yoy,2021-06-01,231,-37.257
growth_yoy,2021-07-01,231,-41.182
growth_yoy,2021-08-01,231,-21.775
growth_yoy,2021-09-01,231,-14.856
growth_yoy,2021-10-01,231,-7.309
growth_yoy,2021-11-01,231,-5.239
growth_yoy,2021-12-01,231,-6.473
growth_yoy,2022-01-01,231,8.292
growth_yoy,2022-02-01,231,15.057
growth_yoy,2022-03-01,231,18.798
growth_yoy,2022-04-01,231,14.43
growth_yoy,2022-05-01,231,18.972
growth_yoy,2022-06-01,231,32.774
growth_yoy,2022-07-01,231,31.179
growth_yoy,2022-08-01,231,4.869
growth_yoy,2022-09-01,231,-0.16
growth_yoy,2022-10-01,231,-6.519
growth_yoy,2022-11-01,231,-9.818
growth_yoy,2022-12-01,231,-8.378
growth_yoy,2023-01-01,231,-9.998
growth_yoy,2023-02-01,231,-4.403
growth_yoy,2023-03-01,231,-14.958
growth_yoy,2023-04-01,231,-7.757
growth_yoy,2023-05-01,231,-8.111
growth_yoy,2023-06-01,231,-8.549
growth_yoy,2023-07-01,231,-10.048
growth_yoy,2023-08-01,231,12.295
growth_yoy,2023-09-01,231,15.976
growth_yoy,2023-10-01,231,15.669
growth_yoy,2023-11-01,231,13.544
growth_yoy,2023-12-01,231,1.569
growth_yoy,2024-01-01,231,10.61
growth_yoy,2024-02-01,231,10.938
growth_yoy,2024-03-01,231,4.883
growth_yoy,2024-04-01,231,7.938
growth_yoy,2024-05-01,231,8.715
growth_yoy,2024-06-01,231,10.103
growth_yoy,2024-07-01,231,7.133
growth_yoy,2024-08-01,231,12.354
growth_yoy,2024-09-01,231,9.426
growth_yoy,2024-10-01,231,10.841
growth_yoy,2024-11-01,231,4.396
growth_yoy,2024-12-01,231,2.67
growth_yoy,2025-01-01,231,-4.151
growth_yoy,2025-02-01,231,2.8
growth_yoy,2025-03-01,231,1.824
growth_yoy,2025-04-01,231,0.805
growth_yoy,2025-05-01,231,-2.113
growth_yoy,2025-06-01,231,-3.187
growth_yoy,2025-07-01,231,-2.928
growth_yoy,2025-08-01,231,-4.6
growth_yoy,2025-09-01,231,-3.195
growth_yoy,2025-10-01,231,-1.894
growth_yoy,2025-11-01,231,0.765
growth_yoy,2025-12-01,231,0.408
growth_yoy,2026-01-01,231,1.784
growth_yoy,2026-02-01,231,1.173
growth_yoy,2026-03-01,231,0.306
growth_yoy,2026-04-01,231,-3.305
growth_yoy,2026-05-01,231,-3.341
growth_yoy,2026-06-01,231,-2.294
growth_mom,2015-02-01,231,1.831
growth_mom,2015-03-01,231,6.512
growth_mom,2015-04-01,231,-1.825
growth_mom,2015-05-01,231,11.3
growth_mom,2015-06-01,231,-2.172
growth_mom,2015-07-01,231,4.588
growth_mom,2015-08-01,231,5.099
growth_mom,2015-09-01,231,5.772
growth_mom,2015-10-01,231,-4.261
growth_mom,2015-11-01,231,4.515
growth_mom,2015-12-01,231,2.939
growth_mom,2016-01-01,231,-7.477
growth_mom,2016-02-01,231,-0.891
growth_mom,2016-03-01,231,5.47
growth_mom,2016-04-01,231,-3.086
growth_mom,2016-05-01,231,4.464
growth_mom,2016-06-01,231,2.97
growth_mom,2016-07-01,231,3.801
growth_mom,2016-08-01,231,-6.079
growth_mom,2016-09-01,231,4.048
growth_mom,2016-10-01,231,3.751
growth_mom,2016-11-01,231,-1.975
growth_mom,2016-12-01,231,2.946
growth_mom,2017-01-01,231,-12.029
growth_mom,2017-02-01,231,1.062
growth_mom,2017-03-01,231,6.975
growth_mom,2017-04-01,231,-0.066
growth_mom,2017-05-01,231,4.406
growth_mom,2017-06-01,231,2.513
growth_mom,2017-07-01,231,5.896
growth_mom,2017-08-01,231,-5.018
growth_mom,2017-09-01,231,3.065
growth_mom,2017-10-01,231,3.918
growth_mom,2017-11-01,231,-2.953
growth_mom,2017-12-01,231,5.386
growth_mom,2018-01-01,231,-13.38
growth_mom,2018-02-01,231,-0.267
growth_mom,2018-03-01,231,2.962
growth_mom,2018-04-01,231,2.74
growth_mom,2018-05-01,231,4.664
growth_mom,2018-06-01,231,-1.004
growth_mom,2018-07-01,231,1.272
growth_mom,2018-08-01,231,0.256
growth_mom,2018-09-01,231,-1.418
growth_mom,2018-10-01,231,-4.193
growth_mom,2018-11-01,231,0.134
growth_mom,2018-12-01,231,0.781
growth_mom,2019-01-01,231,-5.27
growth_mom,2019-02-01,231,-4.422
growth_mom,2019-03-01,231,4.17
growth_mom,2019-04-01,231,6.407
growth_mom,2019-05-01,231,3.887
growth_mom,2019-06-01,231,5.168
growth_mom,2019-07-01,231,-2.177
growth_mom,2019-08-01,231,-0.53
growth_mom,2019-09-01,231,-4.212
growth_mom,2019-10-01,231,1.423
growth_mom,2019-11-01,231,-4.941
growth_mom,2019-12-01,231,3.035
growth_mom,2020-01-01,231,-0.909
growth_mom,2020-02-01,231,-13.411
growth_mom,2020-03-01,231,-6.082
growth_mom,2020-04-01,231,-24.917
growth_mom,2020-05-01,231,4.88
growth_mom,2020-06-01,231,50.802
growth_mom,2020-07-01,231,17.597
growth_mom,2020-08-01,231,-3.859
growth_mom,2020-09-01,231,-5.659
growth_mom,2020-10-01,231,6.556
growth_mom,2020-11-01,231,-5.536
growth_mom,2020-12-01,231,-0.592
growth_mom,2021-01-01,231,-23.066
growth_mom,2021-02-01,231,-10.592
growth_mom,2021-03-01,231,11.741
growth_mom,2021-04-01,231,-9.775
growth_mom,2021-05-01,231,-7.068
growth_mom,2021-06-01,231,-8.78
growth_mom,2021-07-01,231,10.241
growth_mom,2021-08-01,231,27.861
growth_mom,2021-09-01,231,2.687
growth_mom,2021-10-01,231,16.0
growth_mom,2021-11-01,231,-3.425
growth_mom,2021-12-01,231,-1.887
growth_mom,2022-01-01,231,-10.921
growth_mom,2022-02-01,231,-5.007
growth_mom,2022-03-01,231,15.375
growth_mom,2022-04-01,231,-13.093
growth_mom,2022-05-01,231,-3.379
growth_mom,2022-06-01,231,1.802
growth_mom,2022-07-01,231,8.918
growth_mom,2022-08-01,231,2.216
growth_mom,2022-09-01,231,-2.237
growth_mom,2022-10-01,231,8.612
growth_mom,2022-11-01,231,-6.834
growth_mom,2022-12-01,231,-0.32
growth_mom,2023-01-01,231,-12.496
growth_mom,2023-02-01,231,0.899
growth_mom,2023-03-01,231,2.637
growth_mom,2023-04-01,231,-5.734
growth_mom,2023-05-01,231,-3.749
growth_mom,2023-06-01,231,1.316
growth_mom,2023-07-01,231,7.133
growth_mom,2023-08-01,231,27.605
growth_mom,2023-09-01,231,0.967
growth_mom,2023-10-01,231,8.324
growth_mom,2023-11-01,231,-8.546
growth_mom,2023-12-01,231,-10.833
growth_mom,2024-01-01,231,-4.706
growth_mom,2024-02-01,231,1.197
growth_mom,2024-03-01,231,-2.964
growth_mom,2024-04-01,231,-2.989
growth_mom,2024-05-01,231,-3.056
growth_mom,2024-06-01,231,2.609
growth_mom,2024-07-01,231,4.243
growth_mom,2024-08-01,231,33.824
growth_mom,2024-09-01,231,-1.664
growth_mom,2024-10-01,231,9.726
growth_mom,2024-11-01,231,-13.863
growth_mom,2024-12-01,231,-12.308
growth_mom,2025-01-01,231,-11.038
growth_mom,2025-02-01,231,8.536
growth_mom,2025-03-01,231,-3.885
growth_mom,2025-04-01,231,-3.96
growth_mom,2025-05-01,231,-5.863
growth_mom,2025-06-01,231,1.484
growth_mom,2025-07-01,231,4.522
growth_mom,2025-08-01,231,31.52
growth_mom,2025-09-01,231,-0.216
growth_mom,2025-10-01,231,11.201
growth_mom,2025-11-01,231,-11.529
growth_mom,2025-12-01,231,-12.618
growth_mom,2026-01-01,231,-9.819
growth_mom,2026-02-01,231,7.885
growth_mom,2026-03-01,231,-4.709
growth_mom,2026-04-01,231,-7.417
growth_mom,2026-05-01,231,-5.897
growth_mom,2026-06-01,231,2.582
abs,2015-01-01,239,96.413
abs,2015-02-01,239,88.923
abs,2015-03-01,239,101.803
abs,2015-04-01,239,98.09
abs,2015-05-01,239,98.326
abs,2015-06-01,239,102.9
abs,2015-07-01,239,99.26
abs,2015-08-01,239,98.911
abs,2015-09-01,239,99.163
abs,2015-10-01,239,106.056
abs,2015-11-01,239,102.874
abs,2015-12-01,239,107.28
abs,2016-01-01,239,100.67
abs,2016-02-01,239,89.401
abs,2016-03-01,239,103.059
abs,2016-04-01,239,100.088
abs,2016-05-01,239,100.681
abs,2016-06-01,239,105.085
abs,2016-07-01,239,100.707
abs,2016-08-01,239,105.052
abs,2016-09-01,239,103.167
abs,2016-10-01,239,109.333
abs,2016-11-01,239,107.53
abs,2016-12-01,239,108.759
abs,2017-01-01,239,102.965
abs,2017-02-01,239,95.196
abs,2017-03-01,239,107.816
abs,2017-04-01,239,104.122
abs,2017-05-01,239,105.141
abs,2017-06-01,239,108.546
abs,2017-07-01,239,106.319
abs,2017-08-01,239,109.89
abs,2017-09-01,239,105.942
abs,2017-10-01,239,112.361
abs,2017-11-01,239,111.054
abs,2017-12-01,239,111.856
abs,2018-01-01,239,110.15
abs,2018-02-01,239,100.008
abs,2018-03-01,239,113.434
abs,2018-04-01,239,109.378
abs,2018-05-01,239,111.025
abs,2018-06-01,239,115.167
abs,2018-07-01,239,115.755
abs,2018-08-01,239,115.723
abs,2018-09-01,239,112.577
abs,2018-10-01,239,119.24
abs,2018-11-01,239,117.281
abs,2018-12-01,239,119.282
abs,2019-01-01,239,117.495
abs,2019-02-01,239,106.515
abs,2019-03-01,239,119.46
abs,2019-04-01,239,114.985
abs,2019-05-01,239,116.321
abs,2019-06-01,239,120.883
abs,2019-07-01,239,120.901
abs,2019-08-01,239,122.263
abs,2019-09-01,239,118.237
abs,2019-10-01,239,122.845
abs,2019-11-01,239,123.087
abs,2019-12-01,239,125.829
abs,2020-01-01,239,122.179
abs,2020-02-01,239,114.458
abs,2020-03-01,239,106.584
abs,2020-04-01,239,26.132
abs,2020-05-01,239,54.878
abs,2020-06-01,239,94.895
abs,2020-07-01,239,105.988
abs,2020-08-01,239,109.932
abs,2020-09-01,239,108.842
abs,2020-10-01,239,118.072
abs,2020-11-01,239,119.066
abs,2020-12-01,239,124.992
abs,2021-01-01,239,126.427
abs,2021-02-01,239,116.288
abs,2021-03-01,239,117.616
abs,2021-04-01,239,104.587
abs,2021-05-01,239,86.514
abs,2021-06-01,239,69.798
abs,2021-07-01,239,67.476
abs,2021-08-01,239,91.383
abs,2021-09-01,239,98.806
abs,2021-10-01,239,117.735
abs,2021-11-01,239,125.107
abs,2021-12-01,239,130.306
abs,2022-01-01,239,132.937
abs,2022-02-01,239,122.14
abs,2022-03-01,239,123.542
abs,2022-04-01,239,111.587
abs,2022-05-01,239,90.23
abs,2022-06-01,239,92.215
abs,2022-07-01,239,91.342
abs,2022-08-01,239,108.478
abs,2022-09-01,239,110.416
abs,2022-10-01,239,123.731
abs,2022-11-01,239,127.114
abs,2022-12-01,239,135.081
abs,2023-01-01,239,136.171
abs,2023-02-01,239,129.899
abs,2023-03-01,239,132.499
abs,2023-04-01,239,115.016
abs,2023-05-01,239,95.268
abs,2023-06-01,239,97.293
abs,2023-07-01,239,96.166
abs,2023-08-01,239,110.659
abs,2023-09-01,239,117.999
abs,2023-10-01,239,130.212
abs,2023-11-01,239,134.795
abs,2023-12-01,239,142.785
abs,2024-01-01,239,144.626
abs,2024-02-01,239,135.606
abs,2024-03-01,239,142.93
abs,2024-04-01,239,128.412
abs,2024-05-01,239,104.794
abs,2024-06-01,239,105.793
abs,2024-07-01,239,108.649
abs,2024-08-01,239,120.41
abs,2024-09-01,239,125.277
abs,2024-10-01,239,135.89
abs,2024-11-01,239,138.486
abs,2024-12-01,239,147.896
abs,2025-01-01,239,147.017
abs,2025-02-01,239,138.682
abs,2025-03-01,239,148.57
abs,2025-04-01,239,134.832
abs,2025-05-01,239,107.895
abs,2025-06-01,239,108.046
abs,2025-07-01,239,109.815
abs,2025-08-01,239,121.856
abs,2025-09-01,239,123.009
abs,2025-10-01,239,134.601
abs,2025-11-01,239,138.779
abs,2025-12-01,239,151.851
abs,2026-01-01,239,154.903
abs,2026-02-01,239,143.417
abs,2026-03-01,239,152.862
abs,2026-04-01,239,145.432
abs,2026-05-01,239,111.984
abs,2026-06-01,239,115.904
growth_yoy,2016-01-01,239,4.416
growth_yoy,2016-02-01,239,0.538
growth_yoy,2016-03-01,239,1.234
growth_yoy,2016-04-01,239,2.037
growth_yoy,2016-05-01,239,2.395
growth_yoy,2016-06-01,239,2.124
growth_yoy,2016-07-01,239,1.458
growth_yoy,2016-08-01,239,6.209
growth_yoy,2016-09-01,239,4.038
growth_yoy,2016-10-01,239,3.089
growth_yoy,2016-11-01,239,4.526
growth_yoy,2016-12-01,239,1.378
growth_yoy,2017-01-01,239,2.279
growth_yoy,2017-02-01,239,6.482
growth_yoy,2017-03-01,239,4.616
growth_yoy,2017-04-01,239,4.03
growth_yoy,2017-05-01,239,4.43
growth_yoy,2017-06-01,239,3.293
growth_yoy,2017-07-01,239,5.572
growth_yoy,2017-08-01,239,4.606
growth_yoy,2017-09-01,239,2.689
growth_yoy,2017-10-01,239,2.77
growth_yoy,2017-11-01,239,3.277
growth_yoy,2017-12-01,239,2.848
growth_yoy,2018-01-01,239,6.979
growth_yoy,2018-02-01,239,5.054
growth_yoy,2018-03-01,239,5.21
growth_yoy,2018-04-01,239,5.048
growth_yoy,2018-05-01,239,5.596
growth_yoy,2018-06-01,239,6.1
growth_yoy,2018-07-01,239,8.875
growth_yoy,2018-08-01,239,5.308
growth_yoy,2018-09-01,239,6.264
growth_yoy,2018-10-01,239,6.122
growth_yoy,2018-11-01,239,5.608
growth_yoy,2018-12-01,239,6.638
growth_yoy,2019-01-01,239,6.668
growth_yoy,2019-02-01,239,6.506
growth_yoy,2019-03-01,239,5.313
growth_yoy,2019-04-01,239,5.126
growth_yoy,2019-05-01,239,4.77
growth_yoy,2019-06-01,239,4.963
growth_yoy,2019-07-01,239,4.446
growth_yoy,2019-08-01,239,5.652
growth_yoy,2019-09-01,239,5.027
growth_yoy,2019-10-01,239,3.023
growth_yoy,2019-11-01,239,4.951
growth_yoy,2019-12-01,239,5.489
growth_yoy,2020-01-01,239,3.987
growth_yoy,2020-02-01,239,7.458
growth_yoy,2020-03-01,239,-10.779
growth_yoy,2020-04-01,239,-77.274
growth_yoy,2020-05-01,239,-52.822
growth_yoy,2020-06-01,239,-21.499
growth_yoy,2020-07-01,239,-12.335
growth_yoy,2020-08-01,239,-10.086
growth_yoy,2020-09-01,239,-7.945
growth_yoy,2020-10-01,239,-3.885
growth_yoy,2020-11-01,239,-3.267
growth_yoy,2020-12-01,239,-0.665
growth_yoy,2021-01-01,239,3.477
growth_yoy,2021-02-01,239,1.598
growth_yoy,2021-03-01,239,10.351
growth_yoy,2021-04-01,239,300.227
growth_yoy,2021-05-01,239,57.648
growth_yoy,2021-06-01,239,-26.448
growth_yoy,2021-07-01,239,-36.336
growth_yoy,2021-08-01,239,-16.873
growth_yoy,2021-09-01,239,-9.221
growth_yoy,2021-10-01,239,-0.286
growth_yoy,2021-11-01,239,5.073
growth_yoy,2021-12-01,239,4.251
growth_yoy,2022-01-01,239,5.149
growth_yoy,2022-02-01,239,5.033
growth_yoy,2022-03-01,239,5.039
growth_yoy,2022-04-01,239,6.693
growth_yoy,2022-05-01,239,4.295
growth_yoy,2022-06-01,239,32.118
growth_yoy,2022-07-01,239,35.37
growth_yoy,2022-08-01,239,18.708
growth_yoy,2022-09-01,239,11.751
growth_yoy,2022-10-01,239,5.093
growth_yoy,2022-11-01,239,1.604
growth_yoy,2022-12-01,239,3.664
growth_yoy,2023-01-01,239,2.433
growth_yoy,2023-02-01,239,6.353
growth_yoy,2023-03-01,239,7.25
growth_yoy,2023-04-01,239,3.073
growth_yoy,2023-05-01,239,5.584
growth_yoy,2023-06-01,239,5.506
growth_yoy,2023-07-01,239,5.281
growth_yoy,2023-08-01,239,2.011
growth_yoy,2023-09-01,239,6.868
growth_yoy,2023-10-01,239,5.238
growth_yoy,2023-11-01,239,6.043
growth_yoy,2023-12-01,239,5.703
growth_yoy,2024-01-01,239,6.209
growth_yoy,2024-02-01,239,4.393
growth_yoy,2024-03-01,239,7.872
growth_yoy,2024-04-01,239,11.647
growth_yoy,2024-05-01,239,9.999
growth_yoy,2024-06-01,239,8.737
growth_yoy,2024-07-01,239,12.981
growth_yoy,2024-08-01,239,8.811
growth_yoy,2024-09-01,239,6.168
growth_yoy,2024-10-01,239,4.361
growth_yoy,2024-11-01,239,2.739
growth_yoy,2024-12-01,239,3.579
growth_yoy,2025-01-01,239,1.653
growth_yoy,2025-02-01,239,2.268
growth_yoy,2025-03-01,239,3.946
growth_yoy,2025-04-01,239,5.0
growth_yoy,2025-05-01,239,2.959
growth_yoy,2025-06-01,239,2.129
growth_yoy,2025-07-01,239,1.073
growth_yoy,2025-08-01,239,1.201
growth_yoy,2025-09-01,239,-1.81
growth_yoy,2025-10-01,239,-0.949
growth_yoy,2025-11-01,239,0.212
growth_yoy,2025-12-01,239,2.674
growth_yoy,2026-01-01,239,5.365
growth_yoy,2026-02-01,239,3.415
growth_yoy,2026-03-01,239,2.889
growth_yoy,2026-04-01,239,7.861
growth_yoy,2026-05-01,239,3.79
growth_yoy,2026-06-01,239,7.273
growth_mom,2015-02-01,239,-7.769
growth_mom,2015-03-01,239,14.485
growth_mom,2015-04-01,239,-3.647
growth_mom,2015-05-01,239,0.241
growth_mom,2015-06-01,239,4.651
growth_mom,2015-07-01,239,-3.537
growth_mom,2015-08-01,239,-0.352
growth_mom,2015-09-01,239,0.255
growth_mom,2015-10-01,239,6.951
growth_mom,2015-11-01,239,-3.0
growth_mom,2015-12-01,239,4.283
growth_mom,2016-01-01,239,-6.161
growth_mom,2016-02-01,239,-11.194
growth_mom,2016-03-01,239,15.277
growth_mom,2016-04-01,239,-2.883
growth_mom,2016-05-01,239,0.593
growth_mom,2016-06-01,239,4.374
growth_mom,2016-07-01,239,-4.166
growth_mom,2016-08-01,239,4.314
growth_mom,2016-09-01,239,-1.794
growth_mom,2016-10-01,239,5.976
growth_mom,2016-11-01,239,-1.649
growth_mom,2016-12-01,239,1.142
growth_mom,2017-01-01,239,-5.327
growth_mom,2017-02-01,239,-7.545
growth_mom,2017-03-01,239,13.257
growth_mom,2017-04-01,239,-3.427
growth_mom,2017-05-01,239,0.979
growth_mom,2017-06-01,239,3.238
growth_mom,2017-07-01,239,-2.052
growth_mom,2017-08-01,239,3.359
growth_mom,2017-09-01,239,-3.593
growth_mom,2017-10-01,239,6.059
growth_mom,2017-11-01,239,-1.163
growth_mom,2017-12-01,239,0.723
growth_mom,2018-01-01,239,-1.525
growth_mom,2018-02-01,239,-9.208
growth_mom,2018-03-01,239,13.425
growth_mom,2018-04-01,239,-3.575
growth_mom,2018-05-01,239,1.506
growth_mom,2018-06-01,239,3.731
growth_mom,2018-07-01,239,0.51
growth_mom,2018-08-01,239,-0.028
growth_mom,2018-09-01,239,-2.718
growth_mom,2018-10-01,239,5.918
growth_mom,2018-11-01,239,-1.643
growth_mom,2018-12-01,239,1.706
growth_mom,2019-01-01,239,-1.498
growth_mom,2019-02-01,239,-9.345
growth_mom,2019-03-01,239,12.154
growth_mom,2019-04-01,239,-3.746
growth_mom,2019-05-01,239,1.162
growth_mom,2019-06-01,239,3.923
growth_mom,2019-07-01,239,0.015
growth_mom,2019-08-01,239,1.126
growth_mom,2019-09-01,239,-3.293
growth_mom,2019-10-01,239,3.898
growth_mom,2019-11-01,239,0.197
growth_mom,2019-12-01,239,2.227
growth_mom,2020-01-01,239,-2.901
growth_mom,2020-02-01,239,-6.319
growth_mom,2020-03-01,239,-6.88
growth_mom,2020-04-01,239,-75.482
growth_mom,2020-05-01,239,110.003
growth_mom,2020-06-01,239,72.921
growth_mom,2020-07-01,239,11.69
growth_mom,2020-08-01,239,3.721
growth_mom,2020-09-01,239,-0.991
growth_mom,2020-10-01,239,8.48
growth_mom,2020-11-01,239,0.842
growth_mom,2020-12-01,239,4.977
growth_mom,2021-01-01,239,1.148
growth_mom,2021-02-01,239,-8.02
growth_mom,2021-03-01,239,1.142
growth_mom,2021-04-01,239,-11.077
growth_mom,2021-05-01,239,-17.28
growth_mom,2021-06-01,239,-19.322
growth_mom,2021-07-01,239,-3.326
growth_mom,2021-08-01,239,35.43
growth_mom,2021-09-01,239,8.123
growth_mom,2021-10-01,239,19.158
growth_mom,2021-11-01,239,6.262
growth_mom,2021-12-01,239,4.156
growth_mom,2022-01-01,239,2.019
growth_mom,2022-02-01,239,-8.122
growth_mom,2022-03-01,239,1.148
growth_mom,2022-04-01,239,-9.677
growth_mom,2022-05-01,239,-19.139
growth_mom,2022-06-01,239,2.2
growth_mom,2022-07-01,239,-0.947
growth_mom,2022-08-01,239,18.76
growth_mom,2022-09-01,239,1.786
growth_mom,2022-10-01,239,12.059
growth_mom,2022-11-01,239,2.734
growth_mom,2022-12-01,239,6.268
growth_mom,2023-01-01,239,0.807
growth_mom,2023-02-01,239,-4.606
growth_mom,2023-03-01,239,2.001
growth_mom,2023-04-01,239,-13.195
growth_mom,2023-05-01,239,-17.169
growth_mom,2023-06-01,239,2.125
growth_mom,2023-07-01,239,-1.158
growth_mom,2023-08-01,239,15.072
growth_mom,2023-09-01,239,6.633
growth_mom,2023-10-01,239,10.35
growth_mom,2023-11-01,239,3.519
growth_mom,2023-12-01,239,5.928
growth_mom,2024-01-01,239,1.289
growth_mom,2024-02-01,239,-6.237
growth_mom,2024-03-01,239,5.401
growth_mom,2024-04-01,239,-10.157
growth_mom,2024-05-01,239,-18.392
growth_mom,2024-06-01,239,0.953
growth_mom,2024-07-01,239,2.7
growth_mom,2024-08-01,239,10.824
growth_mom,2024-09-01,239,4.042
growth_mom,2024-10-01,239,8.472
growth_mom,2024-11-01,239,1.91
growth_mom,2024-12-01,239,6.794
growth_mom,2025-01-01,239,-0.594
growth_mom,2025-02-01,239,-5.67
growth_mom,2025-03-01,239,7.13
growth_mom,2025-04-01,239,-9.246
growth_mom,2025-05-01,239,-19.979
growth_mom,2025-06-01,239,0.14
growth_mom,2025-07-01,239,1.638
growth_mom,2025-08-01,239,10.964
growth_mom,2025-09-01,239,0.947
growth_mom,2025-10-01,239,9.423
growth_mom,2025-11-01,239,3.105
growth_mom,2025-12-01,239,9.419
growth_mom,2026-01-01,239,2.01
growth_mom,2026-02-01,239,-7.415
growth_mom,2026-03-01,239,6.586
growth_mom,2026-04-01,239,-4.861
growth_mom,2026-05-01,239,-22.999
growth_mom,2026-06-01,239,3.5
abs,2015-01-01,241,99.409
abs,2015-02-01,241,102.425
abs,2015-03-01,241,111.592
abs,2015-04-01,241,105.242
abs,2015-05-01,241,98.885
abs,2015-06-01,241,106.34
abs,2015-07-01,241,108.096
abs,2015-08-01,241,91.962
abs,2015-09-01,241,99.512
abs,2015-10-01,241,95.519
abs,2015-11-01,241,90.408
abs,2015-12-01,241,90.61
abs,2016-01-01,241,93.064
abs,2016-02-01,241,89.776
abs,2016-03-01,241,109.294
abs,2016-04-01,241,99.674
abs,2016-05-01,241,100.244
abs,2016-06-01,241,111.333
abs,2016-07-01,241,107.3
abs,2016-08-01,241,95.785
abs,2016-09-01,241,102.104
abs,2016-10-01,241,95.246
abs,2016-11-01,241,101.541
abs,2016-12-01,241,99.269
abs,2017-01-01,241,100.228
abs,2017-02-01,241,97.228
abs,2017-03-01,241,116.457
abs,2017-04-01,241,107.816
abs,2017-05-01,241,108.439
abs,2017-06-01,241,117.504
abs,2017-07-01,241,120.868
abs,2017-08-01,241,108.374
abs,2017-09-01,241,111.051
abs,2017-10-01,241,104.395
abs,2017-11-01,241,108.914
abs,2017-12-01,241,106.503
abs,2018-01-01,241,110.161
abs,2018-02-01,241,102.727
abs,2018-03-01,241,117.045
abs,2018-04-01,241,112.812
abs,2018-05-01,241,104.237
abs,2018-06-01,241,111.6
abs,2018-07-01,241,118.239
abs,2018-08-01,241,115.24
abs,2018-09-01,241,112.897
abs,2018-10-01,241,111.917
abs,2018-11-01,241,113.025
abs,2018-12-01,241,109.347
abs,2019-01-01,241,112.396
abs,2019-02-01,241,109.13
abs,2019-03-01,241,119.519
abs,2019-04-01,241,116.358
abs,2019-05-01,241,111.482
abs,2019-06-01,241,118.729
abs,2019-07-01,241,123.97
abs,2019-08-01,241,119.112
abs,2019-09-01,241,117.677
abs,2019-10-01,241,116.823
abs,2019-11-01,241,118.583
abs,2019-12-01,241,116.497
abs,2020-01-01,241,111.974
abs,2020-02-01,241,118.519
abs,2020-03-01,241,110.525
abs,2020-04-01,241,71.392
abs,2020-05-01,241,74.745
abs,2020-06-01,241,134.037
abs,2020-07-01,241,133.463
abs,2020-08-01,241,127.3
abs,2020-09-01,241,125.391
abs,2020-10-01,241,120.334
abs,2020-11-01,241,118.475
abs,2020-12-01,241,114.696
abs,2021-01-01,241,115.758
abs,2021-02-01,241,113.648
abs,2021-03-01,241,115.781
abs,2021-04-01,241,116.101
abs,2021-05-01,241,104.326
abs,2021-06-01,241,90.342
abs,2021-07-01,241,90.709
abs,2021-08-01,241,116.461
abs,2021-09-01,241,128.725
abs,2021-10-01,241,123.289
abs,2021-11-01,241,130.054
abs,2021-12-01,241,128.663
abs,2022-01-01,241,124.189
abs,2022-02-01,241,116.341
abs,2022-03-01,241,125.011
abs,2022-04-01,241,122.616
abs,2022-05-01,241,110.902
abs,2022-06-01,241,108.589
abs,2022-07-01,241,110.433
abs,2022-08-01,241,126.89
abs,2022-09-01,241,130.082
abs,2022-10-01,241,131.106
abs,2022-11-01,241,133.93
abs,2022-12-01,241,126.517
abs,2023-01-01,241,120.878
abs,2023-02-01,241,129.803
abs,2023-03-01,241,137.19
abs,2023-04-01,241,129.766
abs,2023-05-01,241,129.882
abs,2023-06-01,241,118.919
abs,2023-07-01,241,110.229
abs,2023-08-01,241,123.912
abs,2023-09-01,241,129.725
abs,2023-10-01,241,131.363
abs,2023-11-01,241,144.145
abs,2023-12-01,241,131.721
abs,2024-01-01,241,129.466
abs,2024-02-01,241,136.257
abs,2024-03-01,241,141.656
abs,2024-04-01,241,140.447
abs,2024-05-01,241,137.845
abs,2024-06-01,241,130.671
abs,2024-07-01,241,124.346
abs,2024-08-01,241,136.394
abs,2024-09-01,241,137.865
abs,2024-10-01,241,135.602
abs,2024-11-01,241,147.535
abs,2024-12-01,241,130.755
abs,2025-01-01,241,125.913
abs,2025-02-01,241,134.893
abs,2025-03-01,241,141.889
abs,2025-04-01,241,144.943
abs,2025-05-01,241,141.186
abs,2025-06-01,241,136.473
abs,2025-07-01,241,129.176
abs,2025-08-01,241,140.041
abs,2025-09-01,241,142.607
abs,2025-10-01,241,143.998
abs,2025-11-01,241,150.527
abs,2025-12-01,241,133.104
abs,2026-01-01,241,128.738
abs,2026-02-01,241,134.504
abs,2026-03-01,241,142.412
abs,2026-04-01,241,149.123
abs,2026-05-01,241,143.534
abs,2026-06-01,241,141.332
growth_yoy,2016-01-01,241,-6.383
growth_yoy,2016-02-01,241,-12.349
growth_yoy,2016-03-01,241,-2.059
growth_yoy,2016-04-01,241,-5.291
growth_yoy,2016-05-01,241,1.374
growth_yoy,2016-06-01,241,4.696
growth_yoy,2016-07-01,241,-0.736
growth_yoy,2016-08-01,241,4.157
growth_yoy,2016-09-01,241,2.604
growth_yoy,2016-10-01,241,-0.286
growth_yoy,2016-11-01,241,12.314
growth_yoy,2016-12-01,241,9.557
growth_yoy,2017-01-01,241,7.698
growth_yoy,2017-02-01,241,8.301
growth_yoy,2017-03-01,241,6.554
growth_yoy,2017-04-01,241,8.169
growth_yoy,2017-05-01,241,8.175
growth_yoy,2017-06-01,241,5.543
growth_yoy,2017-07-01,241,12.645
growth_yoy,2017-08-01,241,13.143
growth_yoy,2017-09-01,241,8.763
growth_yoy,2017-10-01,241,9.606
growth_yoy,2017-11-01,241,7.261
growth_yoy,2017-12-01,241,7.287
growth_yoy,2018-01-01,241,9.911
growth_yoy,2018-02-01,241,5.656
growth_yoy,2018-03-01,241,0.505
growth_yoy,2018-04-01,241,4.634
growth_yoy,2018-05-01,241,-3.876
growth_yoy,2018-06-01,241,-5.024
growth_yoy,2018-07-01,241,-2.175
growth_yoy,2018-08-01,241,6.335
growth_yoy,2018-09-01,241,1.662
growth_yoy,2018-10-01,241,7.206
growth_yoy,2018-11-01,241,3.775
growth_yoy,2018-12-01,241,2.67
growth_yoy,2019-01-01,241,2.028
growth_yoy,2019-02-01,241,6.232
growth_yoy,2019-03-01,241,2.113
growth_yoy,2019-04-01,241,3.143
growth_yoy,2019-05-01,241,6.951
growth_yoy,2019-06-01,241,6.387
growth_yoy,2019-07-01,241,4.847
growth_yoy,2019-08-01,241,3.36
growth_yoy,2019-09-01,241,4.234
growth_yoy,2019-10-01,241,4.384
growth_yoy,2019-11-01,241,4.917
growth_yoy,2019-12-01,241,6.539
growth_yoy,2020-01-01,241,-0.375
growth_yoy,2020-02-01,241,8.604
growth_yoy,2020-03-01,241,-7.525
growth_yoy,2020-04-01,241,-38.644
growth_yoy,2020-05-01,241,-32.953
growth_yoy,2020-06-01,241,12.893
growth_yoy,2020-07-01,241,7.658
growth_yoy,2020-08-01,241,6.875
growth_yoy,2020-09-01,241,6.555
growth_yoy,2020-10-01,241,3.005
growth_yoy,2020-11-01,241,-0.091
growth_yoy,2020-12-01,241,-1.546
growth_yoy,2021-01-01,241,3.379
growth_yoy,2021-02-01,241,-4.11
growth_yoy,2021-03-01,241,4.756
growth_yoy,2021-04-01,241,62.624
growth_yoy,2021-05-01,241,39.575
growth_yoy,2021-06-01,241,-32.599
growth_yoy,2021-07-01,241,-32.034
growth_yoy,2021-08-01,241,-8.515
growth_yoy,2021-09-01,241,2.659
growth_yoy,2021-10-01,241,2.456
growth_yoy,2021-11-01,241,9.773
growth_yoy,2021-12-01,241,12.178
growth_yoy,2022-01-01,241,7.283
growth_yoy,2022-02-01,241,2.369
growth_yoy,2022-03-01,241,7.972
growth_yoy,2022-04-01,241,5.612
growth_yoy,2022-05-01,241,6.303
growth_yoy,2022-06-01,241,20.198
growth_yoy,2022-07-01,241,21.743
growth_yoy,2022-08-01,241,8.955
growth_yoy,2022-09-01,241,1.054
growth_yoy,2022-10-01,241,6.34
growth_yoy,2022-11-01,241,2.981
growth_yoy,2022-12-01,241,-1.667
growth_yoy,2023-01-01,241,-2.666
growth_yoy,2023-02-01,241,11.571
growth_yoy,2023-03-01,241,9.742
growth_yoy,2023-04-01,241,5.831
growth_yoy,2023-05-01,241,17.114
growth_yoy,2023-06-01,241,9.512
growth_yoy,2023-07-01,241,-0.184
growth_yoy,2023-08-01,241,-2.347
growth_yoy,2023-09-01,241,-0.274
growth_yoy,2023-10-01,241,0.196
growth_yoy,2023-11-01,241,7.627
growth_yoy,2023-12-01,241,4.113
growth_yoy,2024-01-01,241,7.105
growth_yoy,2024-02-01,241,4.972
growth_yoy,2024-03-01,241,3.255
growth_yoy,2024-04-01,241,8.231
growth_yoy,2024-05-01,241,6.131
growth_yoy,2024-06-01,241,9.882
growth_yoy,2024-07-01,241,12.806
growth_yoy,2024-08-01,241,10.073
growth_yoy,2024-09-01,241,6.275
growth_yoy,2024-10-01,241,3.227
growth_yoy,2024-11-01,241,2.352
growth_yoy,2024-12-01,241,-0.733
growth_yoy,2025-01-01,241,-2.745
growth_yoy,2025-02-01,241,-1.001
growth_yoy,2025-03-01,241,0.165
growth_yoy,2025-04-01,241,3.201
growth_yoy,2025-05-01,241,2.424
growth_yoy,2025-06-01,241,4.44
growth_yoy,2025-07-01,241,3.885
growth_yoy,2025-08-01,241,2.674
growth_yoy,2025-09-01,241,3.439
growth_yoy,2025-10-01,241,6.191
growth_yoy,2025-11-01,241,2.028
growth_yoy,2025-12-01,241,1.796
growth_yoy,2026-01-01,241,2.244
growth_yoy,2026-02-01,241,-0.288
growth_yoy,2026-03-01,241,0.368
growth_yoy,2026-04-01,241,2.884
growth_yoy,2026-05-01,241,1.663
growth_yoy,2026-06-01,241,3.561
growth_mom,2015-02-01,241,3.034
growth_mom,2015-03-01,241,8.95
growth_mom,2015-04-01,241,-5.69
growth_mom,2015-05-01,241,-6.041
growth_mom,2015-06-01,241,7.538
growth_mom,2015-07-01,241,1.651
growth_mom,2015-08-01,241,-14.925
growth_mom,2015-09-01,241,8.21
growth_mom,2015-10-01,241,-4.013
growth_mom,2015-11-01,241,-5.351
growth_mom,2015-12-01,241,0.224
growth_mom,2016-01-01,241,2.708
growth_mom,2016-02-01,241,-3.533
growth_mom,2016-03-01,241,21.741
growth_mom,2016-04-01,241,-8.802
growth_mom,2016-05-01,241,0.572
growth_mom,2016-06-01,241,11.062
growth_mom,2016-07-01,241,-3.622
growth_mom,2016-08-01,241,-10.732
growth_mom,2016-09-01,241,6.597
growth_mom,2016-10-01,241,-6.717
growth_mom,2016-11-01,241,6.609
growth_mom,2016-12-01,241,-2.237
growth_mom,2017-01-01,241,0.966
growth_mom,2017-02-01,241,-2.993
growth_mom,2017-03-01,241,19.777
growth_mom,2017-04-01,241,-7.42
growth_mom,2017-05-01,241,0.578
growth_mom,2017-06-01,241,8.359
growth_mom,2017-07-01,241,2.864
growth_mom,2017-08-01,241,-10.337
growth_mom,2017-09-01,241,2.47
growth_mom,2017-10-01,241,-5.994
growth_mom,2017-11-01,241,4.329
growth_mom,2017-12-01,241,-2.213
growth_mom,2018-01-01,241,3.435
growth_mom,2018-02-01,241,-6.748
growth_mom,2018-03-01,241,13.938
growth_mom,2018-04-01,241,-3.617
growth_mom,2018-05-01,241,-7.602
growth_mom,2018-06-01,241,7.065
growth_mom,2018-07-01,241,5.949
growth_mom,2018-08-01,241,-2.537
growth_mom,2018-09-01,241,-2.033
growth_mom,2018-10-01,241,-0.868
growth_mom,2018-11-01,241,0.99
growth_mom,2018-12-01,241,-3.254
growth_mom,2019-01-01,241,2.788
growth_mom,2019-02-01,241,-2.906
growth_mom,2019-03-01,241,9.52
growth_mom,2019-04-01,241,-2.645
growth_mom,2019-05-01,241,-4.19
growth_mom,2019-06-01,241,6.5
growth_mom,2019-07-01,241,4.415
growth_mom,2019-08-01,241,-3.919
growth_mom,2019-09-01,241,-1.204
growth_mom,2019-10-01,241,-0.726
growth_mom,2019-11-01,241,1.506
growth_mom,2019-12-01,241,-1.759
growth_mom,2020-01-01,241,-3.883
growth_mom,2020-02-01,241,5.846
growth_mom,2020-03-01,241,-6.745
growth_mom,2020-04-01,241,-35.406
growth_mom,2020-05-01,241,4.697
growth_mom,2020-06-01,241,79.325
growth_mom,2020-07-01,241,-0.428
growth_mom,2020-08-01,241,-4.618
growth_mom,2020-09-01,241,-1.5
growth_mom,2020-10-01,241,-4.033
growth_mom,2020-11-01,241,-1.545
growth_mom,2020-12-01,241,-3.19
growth_mom,2021-01-01,241,0.926
growth_mom,2021-02-01,241,-1.822
growth_mom,2021-03-01,241,1.877
growth_mom,2021-04-01,241,0.276
growth_mom,2021-05-01,241,-10.142
growth_mom,2021-06-01,241,-13.404
growth_mom,2021-07-01,241,0.407
growth_mom,2021-08-01,241,28.389
growth_mom,2021-09-01,241,10.531
growth_mom,2021-10-01,241,-4.223
growth_mom,2021-11-01,241,5.487
growth_mom,2021-12-01,241,-1.069
growth_mom,2022-01-01,241,-3.477
growth_mom,2022-02-01,241,-6.319
growth_mom,2022-03-01,241,7.452
growth_mom,2022-04-01,241,-1.916
growth_mom,2022-05-01,241,-9.554
growth_mom,2022-06-01,241,-2.085
growth_mom,2022-07-01,241,1.698
growth_mom,2022-08-01,241,14.902
growth_mom,2022-09-01,241,2.515
growth_mom,2022-10-01,241,0.788
growth_mom,2022-11-01,241,2.154
growth_mom,2022-12-01,241,-5.535
growth_mom,2023-01-01,241,-4.458
growth_mom,2023-02-01,241,7.384
growth_mom,2023-03-01,241,5.691
growth_mom,2023-04-01,241,-5.411
growth_mom,2023-05-01,241,0.089
growth_mom,2023-06-01,241,-8.441
growth_mom,2023-07-01,241,-7.307
growth_mom,2023-08-01,241,12.413
growth_mom,2023-09-01,241,4.691
growth_mom,2023-10-01,241,1.263
growth_mom,2023-11-01,241,9.73
growth_mom,2023-12-01,241,-8.619
growth_mom,2024-01-01,241,-1.712
growth_mom,2024-02-01,241,5.246
growth_mom,2024-03-01,241,3.962
growth_mom,2024-04-01,241,-0.853
growth_mom,2024-05-01,241,-1.853
growth_mom,2024-06-01,241,-5.204
growth_mom,2024-07-01,241,-4.841
growth_mom,2024-08-01,241,9.689
growth_mom,2024-09-01,241,1.079
growth_mom,2024-10-01,241,-1.642
growth_mom,2024-11-01,241,8.8
growth_mom,2024-12-01,241,-11.373
growth_mom,2025-01-01,241,-3.704
growth_mom,2025-02-01,241,7.132
growth_mom,2025-03-01,241,5.186
growth_mom,2025-04-01,241,2.153
growth_mom,2025-05-01,241,-2.592
growth_mom,2025-06-01,241,-3.338
growth_mom,2025-07-01,241,-5.347
growth_mom,2025-08-01,241,8.411
growth_mom,2025-09-01,241,1.833
growth_mom,2025-10-01,241,0.975
growth_mom,2025-11-01,241,4.534
growth_mom,2025-12-01,241,-11.575
growth_mom,2026-01-01,241,-3.28
growth_mom,2026-02-01,241,4.479
growth_mom,2026-03-01,241,5.879
growth_mom,2026-04-01,241,4.712
growth_mom,2026-05-01,241,-3.748
growth_mom,2026-06-01,241,-1.534
abs,2015-01-01,242,78.896
abs,2015-02-01,242,80.961
abs,2015-03-01,242,81.3
abs,2015-04-01,242,99.052
abs,2015-05-01,242,96.382
abs,2015-06-01,242,101.351
abs,2015-07-01,242,107.838
abs,2015-08-01,242,122.266
abs,2015-09-01,242,115.366
abs,2015-10-01,242,111.813
abs,2015-11-01,242,101.77
abs,2015-12-01,242,103.004
abs,2016-01-01,242,95.243
abs,2016-02-01,242,99.302
abs,2016-03-01,242,87.055
abs,2016-04-01,242,110.033
abs,2016-05-01,242,105.158
abs,2016-06-01,242,103.973
abs,2016-07-01,242,113.616
abs,2016-08-01,242,119.368
abs,2016-09-01,242,112.558
abs,2016-10-01,242,115.903
abs,2016-11-01,242,103.462
abs,2016-12-01,242,100.946
abs,2017-01-01,242,94.059
abs,2017-02-01,242,94.767
abs,2017-03-01,242,89.26
abs,2017-04-01,242,109.01
abs,2017-05-01,242,104.986
abs,2017-06-01,242,104.698
abs,2017-07-01,242,114.204
abs,2017-08-01,242,118.239
abs,2017-09-01,242,110.736
abs,2017-10-01,242,114.623
abs,2017-11-01,242,104.197
abs,2017-12-01,242,102.983
abs,2018-01-01,242,94.713
abs,2018-02-01,242,104.129
abs,2018-03-01,242,101.171
abs,2018-04-01,242,106.891
abs,2018-05-01,242,119.328
abs,2018-06-01,242,124.246
abs,2018-07-01,242,127.101
abs,2018-08-01,242,117.08
abs,2018-09-01,242,117.278
abs,2018-10-01,242,115.584
abs,2018-11-01,242,108.778
abs,2018-12-01,242,109.616
abs,2019-01-01,242,100.904
abs,2019-02-01,242,102.518
abs,2019-03-01,242,106.543
abs,2019-04-01,242,112.134
abs,2019-05-01,242,120.154
abs,2019-06-01,242,124.563
abs,2019-07-01,242,132.607
abs,2019-08-01,242,121.407
abs,2019-09-01,242,121.679
abs,2019-10-01,242,119.876
abs,2019-11-01,242,115.708
abs,2019-12-01,242,113.941
abs,2020-01-01,242,115.683
abs,2020-02-01,242,110.876
abs,2020-03-01,242,90.838
abs,2020-04-01,242,27.39
abs,2020-05-01,242,70.001
abs,2020-06-01,242,122.597
abs,2020-07-01,242,127.256
abs,2020-08-01,242,113.501
abs,2020-09-01,242,117.587
abs,2020-10-01,242,124.57
abs,2020-11-01,242,126.94
abs,2020-12-01,242,131.088
abs,2021-01-01,242,122.831
abs,2021-02-01,242,116.911
abs,2021-03-01,242,109.095
abs,2021-04-01,242,111.38
abs,2021-05-01,242,106.228
abs,2021-06-01,242,95.144
abs,2021-07-01,242,86.095
abs,2021-08-01,242,102.074
abs,2021-09-01,242,117.748
abs,2021-10-01,242,131.628
abs,2021-11-01,242,124.815
abs,2021-12-01,242,128.86
abs,2022-01-01,242,129.451
abs,2022-02-01,242,128.357
abs,2022-03-01,242,125.229
abs,2022-04-01,242,118.818
abs,2022-05-01,242,117.022
abs,2022-06-01,242,115.922
abs,2022-07-01,242,112.3
abs,2022-08-01,242,120.181
abs,2022-09-01,242,118.953
abs,2022-10-01,242,122.408
abs,2022-11-01,242,123.139
abs,2022-12-01,242,119.687
abs,2023-01-01,242,115.581
abs,2023-02-01,242,119.505
abs,2023-03-01,242,118.255
abs,2023-04-01,242,115.546
abs,2023-05-01,242,101.433
abs,2023-06-01,242,108.796
abs,2023-07-01,242,121.268
abs,2023-08-01,242,132.423
abs,2023-09-01,242,144.121
abs,2023-10-01,242,135.292
abs,2023-11-01,242,121.637
abs,2023-12-01,242,115.733
abs,2024-01-01,242,110.704
abs,2024-02-01,242,115.134
abs,2024-03-01,242,122.65
abs,2024-04-01,242,121.542
abs,2024-05-01,242,105.54
abs,2024-06-01,242,113.358
abs,2024-07-01,242,127.587
abs,2024-08-01,242,133.689
abs,2024-09-01,242,147.542
abs,2024-10-01,242,134.655
abs,2024-11-01,242,122.984
abs,2024-12-01,242,122.226
abs,2025-01-01,242,118.647
abs,2025-02-01,242,129.16
abs,2025-03-01,242,135.675
abs,2025-04-01,242,135.569
abs,2025-05-01,242,117.96
abs,2025-06-01,242,128.635
abs,2025-07-01,242,145.976
abs,2025-08-01,242,149.125
abs,2025-09-01,242,164.074
abs,2025-10-01,242,155.627
abs,2025-11-01,242,143.232
abs,2025-12-01,242,146.327
abs,2026-01-01,242,139.513
abs,2026-02-01,242,145.543
abs,2026-03-01,242,155.836
abs,2026-04-01,242,160.504
abs,2026-05-01,242,145.96
abs,2026-06-01,242,152.576
growth_yoy,2016-01-01,242,20.72
growth_yoy,2016-02-01,242,22.654
growth_yoy,2016-03-01,242,7.078
growth_yoy,2016-04-01,242,11.086
growth_yoy,2016-05-01,242,9.105
growth_yoy,2016-06-01,242,2.586
growth_yoy,2016-07-01,242,5.358
growth_yoy,2016-08-01,242,-2.37
growth_yoy,2016-09-01,242,-2.433
growth_yoy,2016-10-01,242,3.658
growth_yoy,2016-11-01,242,1.663
growth_yoy,2016-12-01,242,-1.998
growth_yoy,2017-01-01,242,-1.243
growth_yoy,2017-02-01,242,-4.567
growth_yoy,2017-03-01,242,2.532
growth_yoy,2017-04-01,242,-0.93
growth_yoy,2017-05-01,242,-0.163
growth_yoy,2017-06-01,242,0.698
growth_yoy,2017-07-01,242,0.517
growth_yoy,2017-08-01,242,-0.946
growth_yoy,2017-09-01,242,-1.619
growth_yoy,2017-10-01,242,-1.105
growth_yoy,2017-11-01,242,0.71
growth_yoy,2017-12-01,242,2.017
growth_yoy,2018-01-01,242,0.695
growth_yoy,2018-02-01,242,9.879
growth_yoy,2018-03-01,242,13.344
growth_yoy,2018-04-01,242,-1.943
growth_yoy,2018-05-01,242,13.661
growth_yoy,2018-06-01,242,18.67
growth_yoy,2018-07-01,242,11.293
growth_yoy,2018-08-01,242,-0.98
growth_yoy,2018-09-01,242,5.908
growth_yoy,2018-10-01,242,0.839
growth_yoy,2018-11-01,242,4.397
growth_yoy,2018-12-01,242,6.441
growth_yoy,2019-01-01,242,6.536
growth_yoy,2019-02-01,242,-1.547
growth_yoy,2019-03-01,242,5.31
growth_yoy,2019-04-01,242,4.904
growth_yoy,2019-05-01,242,0.692
growth_yoy,2019-06-01,242,0.255
growth_yoy,2019-07-01,242,4.332
growth_yoy,2019-08-01,242,3.695
growth_yoy,2019-09-01,242,3.753
growth_yoy,2019-10-01,242,3.714
growth_yoy,2019-11-01,242,6.37
growth_yoy,2019-12-01,242,3.945
growth_yoy,2020-01-01,242,14.647
growth_yoy,2020-02-01,242,8.152
growth_yoy,2020-03-01,242,-14.74
growth_yoy,2020-04-01,242,-75.574
growth_yoy,2020-05-01,242,-41.741
growth_yoy,2020-06-01,242,-1.578
growth_yoy,2020-07-01,242,-4.036
growth_yoy,2020-08-01,242,-6.512
growth_yoy,2020-09-01,242,-3.363
growth_yoy,2020-10-01,242,3.916
growth_yoy,2020-11-01,242,9.708
growth_yoy,2020-12-01,242,15.05
growth_yoy,2021-01-01,242,6.178
growth_yoy,2021-02-01,242,5.444
growth_yoy,2021-03-01,242,20.098
growth_yoy,2021-04-01,242,306.645
growth_yoy,2021-05-01,242,51.753
growth_yoy,2021-06-01,242,-22.393
growth_yoy,2021-07-01,242,-32.344
growth_yoy,2021-08-01,242,-10.068
growth_yoy,2021-09-01,242,0.137
growth_yoy,2021-10-01,242,5.666
growth_yoy,2021-11-01,242,-1.674
growth_yoy,2021-12-01,242,-1.7
growth_yoy,2022-01-01,242,5.39
growth_yoy,2022-02-01,242,9.79
growth_yoy,2022-03-01,242,14.789
growth_yoy,2022-04-01,242,6.678
growth_yoy,2022-05-01,242,10.161
growth_yoy,2022-06-01,242,21.838
growth_yoy,2022-07-01,242,30.436
growth_yoy,2022-08-01,242,17.739
growth_yoy,2022-09-01,242,1.023
growth_yoy,2022-10-01,242,-7.005
growth_yoy,2022-11-01,242,-1.343
growth_yoy,2022-12-01,242,-7.118
growth_yoy,2023-01-01,242,-10.714
growth_yoy,2023-02-01,242,-6.896
growth_yoy,2023-03-01,242,-5.569
growth_yoy,2023-04-01,242,-2.754
growth_yoy,2023-05-01,242,-13.321
growth_yoy,2023-06-01,242,-6.147
growth_yoy,2023-07-01,242,7.986
growth_yoy,2023-08-01,242,10.187
growth_yoy,2023-09-01,242,21.158
growth_yoy,2023-10-01,242,10.526
growth_yoy,2023-11-01,242,-1.22
growth_yoy,2023-12-01,242,-3.304
growth_yoy,2024-01-01,242,-4.22
growth_yoy,2024-02-01,242,-3.658
growth_yoy,2024-03-01,242,3.717
growth_yoy,2024-04-01,242,5.189
growth_yoy,2024-05-01,242,4.049
growth_yoy,2024-06-01,242,4.193
growth_yoy,2024-07-01,242,5.211
growth_yoy,2024-08-01,242,0.956
growth_yoy,2024-09-01,242,2.373
growth_yoy,2024-10-01,242,-0.47
growth_yoy,2024-11-01,242,1.108
growth_yoy,2024-12-01,242,5.611
growth_yoy,2025-01-01,242,7.175
growth_yoy,2025-02-01,242,12.182
growth_yoy,2025-03-01,242,10.62
growth_yoy,2025-04-01,242,11.541
growth_yoy,2025-05-01,242,11.768
growth_yoy,2025-06-01,242,13.476
growth_yoy,2025-07-01,242,14.413
growth_yoy,2025-08-01,242,11.546
growth_yoy,2025-09-01,242,11.205
growth_yoy,2025-10-01,242,15.574
growth_yoy,2025-11-01,242,16.463
growth_yoy,2025-12-01,242,19.719
growth_yoy,2026-01-01,242,17.586
growth_yoy,2026-02-01,242,12.685
growth_yoy,2026-03-01,242,14.859
growth_yoy,2026-04-01,242,18.393
growth_yoy,2026-05-01,242,23.737
growth_yoy,2026-06-01,242,18.612
growth_mom,2015-02-01,242,2.617
growth_mom,2015-03-01,242,0.419
growth_mom,2015-04-01,242,21.834
growth_mom,2015-05-01,242,-2.695
growth_mom,2015-06-01,242,5.156
growth_mom,2015-07-01,242,6.401
growth_mom,2015-08-01,242,13.379
growth_mom,2015-09-01,242,-5.644
growth_mom,2015-10-01,242,-3.079
growth_mom,2015-11-01,242,-8.982
growth_mom,2015-12-01,242,1.213
growth_mom,2016-01-01,242,-7.535
growth_mom,2016-02-01,242,4.262
growth_mom,2016-03-01,242,-12.333
growth_mom,2016-04-01,242,26.394
growth_mom,2016-05-01,242,-4.43
growth_mom,2016-06-01,242,-1.127
growth_mom,2016-07-01,242,9.275
growth_mom,2016-08-01,242,5.063
growth_mom,2016-09-01,242,-5.705
growth_mom,2016-10-01,242,2.972
growth_mom,2016-11-01,242,-10.734
growth_mom,2016-12-01,242,-2.432
growth_mom,2017-01-01,242,-6.823
growth_mom,2017-02-01,242,0.752
growth_mom,2017-03-01,242,-5.811
growth_mom,2017-04-01,242,22.126
growth_mom,2017-05-01,242,-3.691
growth_mom,2017-06-01,242,-0.274
growth_mom,2017-07-01,242,9.079
growth_mom,2017-08-01,242,3.533
growth_mom,2017-09-01,242,-6.346
growth_mom,2017-10-01,242,3.51
growth_mom,2017-11-01,242,-9.096
growth_mom,2017-12-01,242,-1.165
growth_mom,2018-01-01,242,-8.03
growth_mom,2018-02-01,242,9.941
growth_mom,2018-03-01,242,-2.84
growth_mom,2018-04-01,242,5.654
growth_mom,2018-05-01,242,11.635
growth_mom,2018-06-01,242,4.121
growth_mom,2018-07-01,242,2.298
growth_mom,2018-08-01,242,-7.884
growth_mom,2018-09-01,242,0.169
growth_mom,2018-10-01,242,-1.444
growth_mom,2018-11-01,242,-5.888
growth_mom,2018-12-01,242,0.77
growth_mom,2019-01-01,242,-7.948
growth_mom,2019-02-01,242,1.6
growth_mom,2019-03-01,242,3.926
growth_mom,2019-04-01,242,5.247
growth_mom,2019-05-01,242,7.153
growth_mom,2019-06-01,242,3.67
growth_mom,2019-07-01,242,6.458
growth_mom,2019-08-01,242,-8.446
growth_mom,2019-09-01,242,0.224
growth_mom,2019-10-01,242,-1.481
growth_mom,2019-11-01,242,-3.478
growth_mom,2019-12-01,242,-1.527
growth_mom,2020-01-01,242,1.529
growth_mom,2020-02-01,242,-4.156
growth_mom,2020-03-01,242,-18.072
growth_mom,2020-04-01,242,-69.847
growth_mom,2020-05-01,242,155.571
growth_mom,2020-06-01,242,75.136
growth_mom,2020-07-01,242,3.8
growth_mom,2020-08-01,242,-10.809
growth_mom,2020-09-01,242,3.601
growth_mom,2020-10-01,242,5.939
growth_mom,2020-11-01,242,1.903
growth_mom,2020-12-01,242,3.268
growth_mom,2021-01-01,242,-6.299
growth_mom,2021-02-01,242,-4.819
growth_mom,2021-03-01,242,-6.686
growth_mom,2021-04-01,242,2.095
growth_mom,2021-05-01,242,-4.625
growth_mom,2021-06-01,242,-10.435
growth_mom,2021-07-01,242,-9.51
growth_mom,2021-08-01,242,18.559
growth_mom,2021-09-01,242,15.356
growth_mom,2021-10-01,242,11.788
growth_mom,2021-11-01,242,-5.176
growth_mom,2021-12-01,242,3.241
growth_mom,2022-01-01,242,0.458
growth_mom,2022-02-01,242,-0.845
growth_mom,2022-03-01,242,-2.436
growth_mom,2022-04-01,242,-5.12
growth_mom,2022-05-01,242,-1.511
growth_mom,2022-06-01,242,-0.94
growth_mom,2022-07-01,242,-3.125
growth_mom,2022-08-01,242,7.018
growth_mom,2022-09-01,242,-1.022
growth_mom,2022-10-01,242,2.904
growth_mom,2022-11-01,242,0.598
growth_mom,2022-12-01,242,-2.803
growth_mom,2023-01-01,242,-3.431
growth_mom,2023-02-01,242,3.395
growth_mom,2023-03-01,242,-1.046
growth_mom,2023-04-01,242,-2.291
growth_mom,2023-05-01,242,-12.214
growth_mom,2023-06-01,242,7.259
growth_mom,2023-07-01,242,11.464
growth_mom,2023-08-01,242,9.198
growth_mom,2023-09-01,242,8.834
growth_mom,2023-10-01,242,-6.126
growth_mom,2023-11-01,242,-10.093
growth_mom,2023-12-01,242,-4.854
growth_mom,2024-01-01,242,-4.345
growth_mom,2024-02-01,242,4.001
growth_mom,2024-03-01,242,6.528
growth_mom,2024-04-01,242,-0.904
growth_mom,2024-05-01,242,-13.165
growth_mom,2024-06-01,242,7.408
growth_mom,2024-07-01,242,12.552
growth_mom,2024-08-01,242,4.782
growth_mom,2024-09-01,242,10.362
growth_mom,2024-10-01,242,-8.734
growth_mom,2024-11-01,242,-8.667
growth_mom,2024-12-01,242,-0.616
growth_mom,2025-01-01,242,-2.928
growth_mom,2025-02-01,242,8.86
growth_mom,2025-03-01,242,5.045
growth_mom,2025-04-01,242,-0.079
growth_mom,2025-05-01,242,-12.989
growth_mom,2025-06-01,242,9.05
growth_mom,2025-07-01,242,13.481
growth_mom,2025-08-01,242,2.157
growth_mom,2025-09-01,242,10.025
growth_mom,2025-10-01,242,-5.149
growth_mom,2025-11-01,242,-7.965
growth_mom,2025-12-01,242,2.161
growth_mom,2026-01-01,242,-4.657
growth_mom,2026-02-01,242,4.322
growth_mom,2026-03-01,242,7.072
growth_mom,2026-04-01,242,2.996
growth_mom,2026-05-01,242,-9.062
growth_mom,2026-06-01,242,4.533
abs,2015-01-01,243,93.348
abs,2015-02-01,243,109.082
abs,2015-03-01,243,105.662
abs,2015-04-01,243,96.697
abs,2015-05-01,243,100.34
abs,2015-06-01,243,102.998
abs,2015-07-01,243,101.831
abs,2015-08-01,243,95.006
abs,2015-09-01,243,99.241
abs,2015-10-01,243,96.647
abs,2015-11-01,243,95.892
abs,2015-12-01,243,103.254
abs,2016-01-01,243,96.688
abs,2016-02-01,243,110.243
abs,2016-03-01,243,106.993
abs,2016-04-01,243,97.741
abs,2016-05-01,243,103.946
abs,2016-06-01,243,106.115
abs,2016-07-01,243,102.947
abs,2016-08-01,243,95.773
abs,2016-09-01,243,99.505
abs,2016-10-01,243,98.025
abs,2016-11-01,243,101.967
abs,2016-12-01,243,106.648
abs,2017-01-01,243,99.785
abs,2017-02-01,243,112.511
abs,2017-03-01,243,111.236
abs,2017-04-01,243,101.432
abs,2017-05-01,243,108.144
abs,2017-06-01,243,109.637
abs,2017-07-01,243,109.805
abs,2017-08-01,243,101.443
abs,2017-09-01,243,103.139
abs,2017-10-01,243,102.15
abs,2017-11-01,243,105.762
abs,2017-12-01,243,110.884
abs,2018-01-01,243,107.844
abs,2018-02-01,243,106.66
abs,2018-03-01,243,118.08
abs,2018-04-01,243,119.083
abs,2018-05-01,243,131.232
abs,2018-06-01,243,131.484
abs,2018-07-01,243,135.872
abs,2018-08-01,243,108.42
abs,2018-09-01,243,116.944
abs,2018-10-01,243,103.124
abs,2018-11-01,243,110.422
abs,2018-12-01,243,108.474
abs,2019-01-01,243,109.09
abs,2019-02-01,243,109.628
abs,2019-03-01,243,121.227
abs,2019-04-01,243,127.631
abs,2019-05-01,243,117.817
abs,2019-06-01,243,137.948
abs,2019-07-01,243,143.494
abs,2019-08-01,243,115.803
abs,2019-09-01,243,109.133
abs,2019-10-01,243,111.418
abs,2019-11-01,243,109.866
abs,2019-12-01,243,107.302
abs,2020-01-01,243,106.086
abs,2020-02-01,243,118.721
abs,2020-03-01,243,126.882
abs,2020-04-01,243,53.739
abs,2020-05-01,243,57.475
abs,2020-06-01,243,102.871
abs,2020-07-01,243,138.581
abs,2020-08-01,243,131.16
abs,2020-09-01,243,127.126
abs,2020-10-01,243,131.627
abs,2020-11-01,243,110.444
abs,2020-12-01,243,109.323
abs,2021-01-01,243,118.587
abs,2021-02-01,243,113.344
abs,2021-03-01,243,122.107
abs,2021-04-01,243,102.337
abs,2021-05-01,243,103.605
abs,2021-06-01,243,116.107
abs,2021-07-01,243,120.821
abs,2021-08-01,243,111.893
abs,2021-09-01,243,115.26
abs,2021-10-01,243,136.678
abs,2021-11-01,243,123.45
abs,2021-12-01,243,122.107
abs,2022-01-01,243,123.016
abs,2022-02-01,243,125.263
abs,2022-03-01,243,130.089
abs,2022-04-01,243,122.011
abs,2022-05-01,243,115.971
abs,2022-06-01,243,115.528
abs,2022-07-01,243,118.966
abs,2022-08-01,243,121.58
abs,2022-09-01,243,121.029
abs,2022-10-01,243,139.402
abs,2022-11-01,243,121.402
abs,2022-12-01,243,126.29
abs,2023-01-01,243,128.311
abs,2023-02-01,243,130.961
abs,2023-03-01,243,138.425
abs,2023-04-01,243,124.14
abs,2023-05-01,243,129.011
abs,2023-06-01,243,126.382
abs,2023-07-01,243,119.087
abs,2023-08-01,243,102.888
abs,2023-09-01,243,117.263
abs,2023-10-01,243,127.573
abs,2023-11-01,243,115.502
abs,2023-12-01,243,116.183
abs,2024-01-01,243,117.293
abs,2024-02-01,243,117.733
abs,2024-03-01,243,121.073
abs,2024-04-01,243,127.188
abs,2024-05-01,243,132.933
abs,2024-06-01,243,133.994
abs,2024-07-01,243,136.589
abs,2024-08-01,243,109.931
abs,2024-09-01,243,136.639
abs,2024-10-01,243,144.79
abs,2024-11-01,243,125.178
abs,2024-12-01,243,118.909
abs,2025-01-01,243,128.11
abs,2025-02-01,243,130.228
abs,2025-03-01,243,135.015
abs,2025-04-01,243,141.479
abs,2025-05-01,243,132.29
abs,2025-06-01,243,135.725
abs,2025-07-01,243,146.774
abs,2025-08-01,243,114.216
abs,2025-09-01,243,145.237
abs,2025-10-01,243,145.85
abs,2025-11-01,243,127.796
abs,2025-12-01,243,120.791
abs,2026-01-01,243,131.041
abs,2026-02-01,243,131.619
abs,2026-03-01,243,133.526
abs,2026-04-01,243,142.092
abs,2026-05-01,243,130.578
abs,2026-06-01,243,146.475
growth_yoy,2016-01-01,243,3.578
growth_yoy,2016-02-01,243,1.064
growth_yoy,2016-03-01,243,1.26
growth_yoy,2016-04-01,243,1.079
growth_yoy,2016-05-01,243,3.595
growth_yoy,2016-06-01,243,3.026
growth_yoy,2016-07-01,243,1.095
growth_yoy,2016-08-01,243,0.808
growth_yoy,2016-09-01,243,0.266
growth_yoy,2016-10-01,243,1.426
growth_yoy,2016-11-01,243,6.336
growth_yoy,2016-12-01,243,3.286
growth_yoy,2017-01-01,243,3.203
growth_yoy,2017-02-01,243,2.057
growth_yoy,2017-03-01,243,3.965
growth_yoy,2017-04-01,243,3.776
growth_yoy,2017-05-01,243,4.039
growth_yoy,2017-06-01,243,3.319
growth_yoy,2017-07-01,243,6.662
growth_yoy,2017-08-01,243,5.92
growth_yoy,2017-09-01,243,3.652
growth_yoy,2017-10-01,243,4.207
growth_yoy,2017-11-01,243,3.722
growth_yoy,2017-12-01,243,3.972
growth_yoy,2018-01-01,243,8.076
growth_yoy,2018-02-01,243,-5.2
growth_yoy,2018-03-01,243,6.153
growth_yoy,2018-04-01,243,17.403
growth_yoy,2018-05-01,243,21.349
growth_yoy,2018-06-01,243,19.926
growth_yoy,2018-07-01,243,23.739
growth_yoy,2018-08-01,243,6.877
growth_yoy,2018-09-01,243,13.385
growth_yoy,2018-10-01,243,0.954
growth_yoy,2018-11-01,243,4.406
growth_yoy,2018-12-01,243,-2.173
growth_yoy,2019-01-01,243,1.155
growth_yoy,2019-02-01,243,2.783
growth_yoy,2019-03-01,243,2.665
growth_yoy,2019-04-01,243,7.178
growth_yoy,2019-05-01,243,-10.222
growth_yoy,2019-06-01,243,4.916
growth_yoy,2019-07-01,243,5.61
growth_yoy,2019-08-01,243,6.809
growth_yoy,2019-09-01,243,-6.679
growth_yoy,2019-10-01,243,8.043
growth_yoy,2019-11-01,243,-0.504
growth_yoy,2019-12-01,243,-1.081
growth_yoy,2020-01-01,243,-2.754
growth_yoy,2020-02-01,243,8.294
growth_yoy,2020-03-01,243,4.664
growth_yoy,2020-04-01,243,-57.895
growth_yoy,2020-05-01,243,-51.216
growth_yoy,2020-06-01,243,-25.427
growth_yoy,2020-07-01,243,-3.424
growth_yoy,2020-08-01,243,13.261
growth_yoy,2020-09-01,243,16.487
growth_yoy,2020-10-01,243,18.137
growth_yoy,2020-11-01,243,0.527
growth_yoy,2020-12-01,243,1.884
growth_yoy,2021-01-01,243,11.784
growth_yoy,2021-02-01,243,-4.529
growth_yoy,2021-03-01,243,-3.763
growth_yoy,2021-04-01,243,90.434
growth_yoy,2021-05-01,243,80.26
growth_yoy,2021-06-01,243,12.866
growth_yoy,2021-07-01,243,-12.816
growth_yoy,2021-08-01,243,-14.69
growth_yoy,2021-09-01,243,-9.334
growth_yoy,2021-10-01,243,3.838
growth_yoy,2021-11-01,243,11.775
growth_yoy,2021-12-01,243,11.694
growth_yoy,2022-01-01,243,3.735
growth_yoy,2022-02-01,243,10.516
growth_yoy,2022-03-01,243,6.536
growth_yoy,2022-04-01,243,19.224
growth_yoy,2022-05-01,243,11.936
growth_yoy,2022-06-01,243,-0.499
growth_yoy,2022-07-01,243,-1.535
growth_yoy,2022-08-01,243,8.657
growth_yoy,2022-09-01,243,5.006
growth_yoy,2022-10-01,243,1.993
growth_yoy,2022-11-01,243,-1.658
growth_yoy,2022-12-01,243,3.426
growth_yoy,2023-01-01,243,4.305
growth_yoy,2023-02-01,243,4.548
growth_yoy,2023-03-01,243,6.408
growth_yoy,2023-04-01,243,1.745
growth_yoy,2023-05-01,243,11.244
growth_yoy,2023-06-01,243,9.396
growth_yoy,2023-07-01,243,0.102
growth_yoy,2023-08-01,243,-15.374
growth_yoy,2023-09-01,243,-3.112
growth_yoy,2023-10-01,243,-8.486
growth_yoy,2023-11-01,243,-4.86
growth_yoy,2023-12-01,243,-8.003
growth_yoy,2024-01-01,243,-8.587
growth_yoy,2024-02-01,243,-10.101
growth_yoy,2024-03-01,243,-12.535
growth_yoy,2024-04-01,243,2.455
growth_yoy,2024-05-01,243,3.04
growth_yoy,2024-06-01,243,6.023
growth_yoy,2024-07-01,243,14.696
growth_yoy,2024-08-01,243,6.846
growth_yoy,2024-09-01,243,16.523
growth_yoy,2024-10-01,243,13.496
growth_yoy,2024-11-01,243,8.377
growth_yoy,2024-12-01,243,2.346
growth_yoy,2025-01-01,243,9.222
growth_yoy,2025-02-01,243,10.613
growth_yoy,2025-03-01,243,11.516
growth_yoy,2025-04-01,243,11.236
growth_yoy,2025-05-01,243,-0.484
growth_yoy,2025-06-01,243,1.292
growth_yoy,2025-07-01,243,7.457
growth_yoy,2025-08-01,243,3.897
growth_yoy,2025-09-01,243,6.293
growth_yoy,2025-10-01,243,0.732
growth_yoy,2025-11-01,243,2.092
growth_yoy,2025-12-01,243,1.583
growth_yoy,2026-01-01,243,2.288
growth_yoy,2026-02-01,243,1.068
growth_yoy,2026-03-01,243,-1.103
growth_yoy,2026-04-01,243,0.433
growth_yoy,2026-05-01,243,-1.294
growth_yoy,2026-06-01,243,7.921
growth_mom,2015-02-01,243,16.855
growth_mom,2015-03-01,243,-3.135
growth_mom,2015-04-01,243,-8.485
growth_mom,2015-05-01,243,3.767
growth_mom,2015-06-01,243,2.65
growth_mom,2015-07-01,243,-1.133
growth_mom,2015-08-01,243,-6.702
growth_mom,2015-09-01,243,4.458
growth_mom,2015-10-01,243,-2.614
growth_mom,2015-11-01,243,-0.782
growth_mom,2015-12-01,243,7.678
growth_mom,2016-01-01,243,-6.359
growth_mom,2016-02-01,243,14.019
growth_mom,2016-03-01,243,-2.948
growth_mom,2016-04-01,243,-8.648
growth_mom,2016-05-01,243,6.349
growth_mom,2016-06-01,243,2.086
growth_mom,2016-07-01,243,-2.986
growth_mom,2016-08-01,243,-6.968
growth_mom,2016-09-01,243,3.896
growth_mom,2016-10-01,243,-1.487
growth_mom,2016-11-01,243,4.021
growth_mom,2016-12-01,243,4.59
growth_mom,2017-01-01,243,-6.435
growth_mom,2017-02-01,243,12.753
growth_mom,2017-03-01,243,-1.133
growth_mom,2017-04-01,243,-8.814
growth_mom,2017-05-01,243,6.618
growth_mom,2017-06-01,243,1.38
growth_mom,2017-07-01,243,0.153
growth_mom,2017-08-01,243,-7.615
growth_mom,2017-09-01,243,1.672
growth_mom,2017-10-01,243,-0.959
growth_mom,2017-11-01,243,3.537
growth_mom,2017-12-01,243,4.842
growth_mom,2018-01-01,243,-2.741
growth_mom,2018-02-01,243,-1.098
growth_mom,2018-03-01,243,10.707
growth_mom,2018-04-01,243,0.849
growth_mom,2018-05-01,243,10.202
growth_mom,2018-06-01,243,0.192
growth_mom,2018-07-01,243,3.337
growth_mom,2018-08-01,243,-20.204
growth_mom,2018-09-01,243,7.863
growth_mom,2018-10-01,243,-11.818
growth_mom,2018-11-01,243,7.077
growth_mom,2018-12-01,243,-1.764
growth_mom,2019-01-01,243,0.568
growth_mom,2019-02-01,243,0.493
growth_mom,2019-03-01,243,10.581
growth_mom,2019-04-01,243,5.282
growth_mom,2019-05-01,243,-7.689
growth_mom,2019-06-01,243,17.086
growth_mom,2019-07-01,243,4.02
growth_mom,2019-08-01,243,-19.298
growth_mom,2019-09-01,243,-5.759
growth_mom,2019-10-01,243,2.094
growth_mom,2019-11-01,243,-1.393
growth_mom,2019-12-01,243,-2.334
growth_mom,2020-01-01,243,-1.133
growth_mom,2020-02-01,243,11.91
growth_mom,2020-03-01,243,6.874
growth_mom,2020-04-01,243,-57.646
growth_mom,2020-05-01,243,6.953
growth_mom,2020-06-01,243,78.983
growth_mom,2020-07-01,243,34.713
growth_mom,2020-08-01,243,-5.355
growth_mom,2020-09-01,243,-3.075
growth_mom,2020-10-01,243,3.54
growth_mom,2020-11-01,243,-16.093
growth_mom,2020-12-01,243,-1.016
growth_mom,2021-01-01,243,8.474
growth_mom,2021-02-01,243,-4.421
growth_mom,2021-03-01,243,7.731
growth_mom,2021-04-01,243,-16.191
growth_mom,2021-05-01,243,1.239
growth_mom,2021-06-01,243,12.067
growth_mom,2021-07-01,243,4.06
growth_mom,2021-08-01,243,-7.389
growth_mom,2021-09-01,243,3.009
growth_mom,2021-10-01,243,18.583
growth_mom,2021-11-01,243,-9.679
growth_mom,2021-12-01,243,-1.088
growth_mom,2022-01-01,243,0.744
growth_mom,2022-02-01,243,1.827
growth_mom,2022-03-01,243,3.852
growth_mom,2022-04-01,243,-6.209
growth_mom,2022-05-01,243,-4.95
growth_mom,2022-06-01,243,-0.383
growth_mom,2022-07-01,243,2.976
growth_mom,2022-08-01,243,2.197
growth_mom,2022-09-01,243,-0.453
growth_mom,2022-10-01,243,15.181
growth_mom,2022-11-01,243,-12.912
growth_mom,2022-12-01,243,4.026
growth_mom,2023-01-01,243,1.6
growth_mom,2023-02-01,243,2.065
growth_mom,2023-03-01,243,5.7
growth_mom,2023-04-01,243,-10.319
growth_mom,2023-05-01,243,3.924
growth_mom,2023-06-01,243,-2.038
growth_mom,2023-07-01,243,-5.772
growth_mom,2023-08-01,243,-13.603
growth_mom,2023-09-01,243,13.972
growth_mom,2023-10-01,243,8.792
growth_mom,2023-11-01,243,-9.462
growth_mom,2023-12-01,243,0.59
growth_mom,2024-01-01,243,0.956
growth_mom,2024-02-01,243,0.374
growth_mom,2024-03-01,243,2.837
growth_mom,2024-04-01,243,5.051
growth_mom,2024-05-01,243,4.517
growth_mom,2024-06-01,243,0.798
growth_mom,2024-07-01,243,1.936
growth_mom,2024-08-01,243,-19.516
growth_mom,2024-09-01,243,24.294
growth_mom,2024-10-01,243,5.966
growth_mom,2024-11-01,243,-13.546
growth_mom,2024-12-01,243,-5.008
growth_mom,2025-01-01,243,7.738
growth_mom,2025-02-01,243,1.653
growth_mom,2025-03-01,243,3.677
growth_mom,2025-04-01,243,4.787
growth_mom,2025-05-01,243,-6.495
growth_mom,2025-06-01,243,2.597
growth_mom,2025-07-01,243,8.141
growth_mom,2025-08-01,243,-22.182
growth_mom,2025-09-01,243,27.16
growth_mom,2025-10-01,243,0.422
growth_mom,2025-11-01,243,-12.379
growth_mom,2025-12-01,243,-5.482
growth_mom,2026-01-01,243,8.486
growth_mom,2026-02-01,243,0.44
growth_mom,2026-03-01,243,1.449
growth_mom,2026-04-01,243,6.416
growth_mom,2026-05-01,243,-8.104
growth_mom,2026-06-01,243,12.175
abs,2015-01-01,251,91.928
abs,2015-02-01,251,90.838
abs,2015-03-01,251,101.062
abs,2015-04-01,251,101.119
abs,2015-05-01,251,97.315
abs,2015-06-01,251,100.785
abs,2015-07-01,251,99.857
abs,2015-08-01,251,92.602
abs,2015-09-01,251,109.284
abs,2015-10-01,251,105.987
abs,2015-11-01,251,99.161
abs,2015-12-01,251,110.062
abs,2016-01-01,251,90.212
abs,2016-02-01,251,89.405
abs,2016-03-01,251,99.76
abs,2016-04-01,251,100.242
abs,2016-05-01,251,107.497
abs,2016-06-01,251,115.683
abs,2016-07-01,251,109.063
abs,2016-08-01,251,99.382
abs,2016-09-01,251,111.529
abs,2016-10-01,251,107.155
abs,2016-11-01,251,101.312
abs,2016-12-01,251,103.997
abs,2017-01-01,251,89.864
abs,2017-02-01,251,89.057
abs,2017-03-01,251,102.588
abs,2017-04-01,251,103.996
abs,2017-05-01,251,110.984
abs,2017-06-01,251,117.171
abs,2017-07-01,251,121.298
abs,2017-08-01,251,104.798
abs,2017-09-01,251,113.584
abs,2017-10-01,251,113.79
abs,2017-11-01,251,106.528
abs,2017-12-01,251,107.535
abs,2018-01-01,251,103.317
abs,2018-02-01,251,99.338
abs,2018-03-01,251,113.211
abs,2018-04-01,251,112.228
abs,2018-05-01,251,114.772
abs,2018-06-01,251,125.222
abs,2018-07-01,251,127.484
abs,2018-08-01,251,120.658
abs,2018-09-01,251,120.099
abs,2018-10-01,251,118.894
abs,2018-11-01,251,114.583
abs,2018-12-01,251,113.021
abs,2019-01-01,251,112.168
abs,2019-02-01,251,109.109
abs,2019-03-01,251,114.911
abs,2019-04-01,251,117.799
abs,2019-05-01,251,122.471
abs,2019-06-01,251,128.261
abs,2019-07-01,251,134.538
abs,2019-08-01,251,122.867
abs,2019-09-01,251,126.002
abs,2019-10-01,251,119.513
abs,2019-11-01,251,114.561
abs,2019-12-01,251,118.981
abs,2020-01-01,251,126.861
abs,2020-02-01,251,118.228
abs,2020-03-01,251,109.868
abs,2020-04-01,251,34.853
abs,2020-05-01,251,68.508
abs,2020-06-01,251,120.649
abs,2020-07-01,251,124.442
abs,2020-08-01,251,129.189
abs,2020-09-01,251,129.513
abs,2020-10-01,251,128.509
abs,2020-11-01,251,119.244
abs,2020-12-01,251,119.476
abs,2021-01-01,251,128.714
abs,2021-02-01,251,121.809
abs,2021-03-01,251,121.064
abs,2021-04-01,251,104.804
abs,2021-05-01,251,103.397
abs,2021-06-01,251,91.901
abs,2021-07-01,251,96.505
abs,2021-08-01,251,100.314
abs,2021-09-01,251,114.498
abs,2021-10-01,251,134.074
abs,2021-11-01,251,142.108
abs,2021-12-01,251,129.795
abs,2022-01-01,251,145.598
abs,2022-02-01,251,45.423
abs,2022-03-01,251,48.738
abs,2022-04-01,251,42.434
abs,2022-05-01,251,41.814
abs,2022-06-01,251,43.191
abs,2022-07-01,251,41.604
abs,2022-08-01,251,43.968
abs,2022-09-01,251,46.073
abs,2022-10-01,251,48.869
abs,2022-11-01,251,52.668
abs,2022-12-01,251,56.81
abs,2023-01-01,251,59.472
abs,2023-02-01,251,54.26
abs,2023-03-01,251,54.793
abs,2023-04-01,251,48.865
abs,2023-05-01,251,48.79
abs,2023-06-01,251,47.455
abs,2023-07-01,251,42.901
abs,2023-08-01,251,44.262
abs,2023-09-01,251,46.614
abs,2023-10-01,251,50.852
abs,2023-11-01,251,55.455
abs,2023-12-01,251,59.358
abs,2024-01-01,251,61.893
abs,2024-02-01,251,56.192
abs,2024-03-01,251,56.485
abs,2024-04-01,251,53.757
abs,2024-05-01,251,50.762
abs,2024-06-01,251,52.797
abs,2024-07-01,251,44.904
abs,2024-08-01,251,47.301
abs,2024-09-01,251,48.715
abs,2024-10-01,251,54.07
abs,2024-11-01,251,57.996
abs,2024-12-01,251,64.077
abs,2025-01-01,251,63.932
abs,2025-02-01,251,58.446
abs,2025-03-01,251,57.384
abs,2025-04-01,251,55.502
abs,2025-05-01,251,52.235
abs,2025-06-01,251,53.019
abs,2025-07-01,251,46.184
abs,2025-08-01,251,48.545
abs,2025-09-01,251,49.778
abs,2025-10-01,251,55.389
abs,2025-11-01,251,57.924
abs,2025-12-01,251,65.101
abs,2026-01-01,251,66.989
abs,2026-02-01,251,66.862
abs,2026-03-01,251,59.657
abs,2026-04-01,251,58.241
abs,2026-05-01,251,53.223
abs,2026-06-01,251,53.637
growth_yoy,2016-01-01,251,-1.867
growth_yoy,2016-02-01,251,-1.577
growth_yoy,2016-03-01,251,-1.289
growth_yoy,2016-04-01,251,-0.867
growth_yoy,2016-05-01,251,10.463
growth_yoy,2016-06-01,251,14.782
growth_yoy,2016-07-01,251,9.219
growth_yoy,2016-08-01,251,7.321
growth_yoy,2016-09-01,251,2.055
growth_yoy,2016-10-01,251,1.102
growth_yoy,2016-11-01,251,2.169
growth_yoy,2016-12-01,251,-5.511
growth_yoy,2017-01-01,251,-0.385
growth_yoy,2017-02-01,251,-0.389
growth_yoy,2017-03-01,251,2.835
growth_yoy,2017-04-01,251,3.745
growth_yoy,2017-05-01,251,3.244
growth_yoy,2017-06-01,251,1.286
growth_yoy,2017-07-01,251,11.219
growth_yoy,2017-08-01,251,5.45
growth_yoy,2017-09-01,251,1.842
growth_yoy,2017-10-01,251,6.192
growth_yoy,2017-11-01,251,5.149
growth_yoy,2017-12-01,251,3.402
growth_yoy,2018-01-01,251,14.97
growth_yoy,2018-02-01,251,11.544
growth_yoy,2018-03-01,251,10.355
growth_yoy,2018-04-01,251,7.915
growth_yoy,2018-05-01,251,3.413
growth_yoy,2018-06-01,251,6.871
growth_yoy,2018-07-01,251,5.1
growth_yoy,2018-08-01,251,15.134
growth_yoy,2018-09-01,251,5.736
growth_yoy,2018-10-01,251,4.486
growth_yoy,2018-11-01,251,7.561
growth_yoy,2018-12-01,251,5.101
growth_yoy,2019-01-01,251,8.567
growth_yoy,2019-02-01,251,9.836
growth_yoy,2019-03-01,251,1.501
growth_yoy,2019-04-01,251,4.964
growth_yoy,2019-05-01,251,6.707
growth_yoy,2019-06-01,251,2.427
growth_yoy,2019-07-01,251,5.533
growth_yoy,2019-08-01,251,1.831
growth_yoy,2019-09-01,251,4.915
growth_yoy,2019-10-01,251,0.521
growth_yoy,2019-11-01,251,-0.019
growth_yoy,2019-12-01,251,5.274
growth_yoy,2020-01-01,251,13.099
growth_yoy,2020-02-01,251,8.358
growth_yoy,2020-03-01,251,-4.388
growth_yoy,2020-04-01,251,-70.413
growth_yoy,2020-05-01,251,-44.061
growth_yoy,2020-06-01,251,-5.935
growth_yoy,2020-07-01,251,-7.504
growth_yoy,2020-08-01,251,5.145
growth_yoy,2020-09-01,251,2.786
growth_yoy,2020-10-01,251,7.527
growth_yoy,2020-11-01,251,4.088
growth_yoy,2020-12-01,251,0.416
growth_yoy,2021-01-01,251,1.461
growth_yoy,2021-02-01,251,3.028
growth_yoy,2021-03-01,251,10.189
growth_yoy,2021-04-01,251,200.703
growth_yoy,2021-05-01,251,50.926
growth_yoy,2021-06-01,251,-23.828
growth_yoy,2021-07-01,251,-22.45
growth_yoy,2021-08-01,251,-22.351
growth_yoy,2021-09-01,251,-11.593
growth_yoy,2021-10-01,251,4.33
growth_yoy,2021-11-01,251,19.175
growth_yoy,2021-12-01,251,8.637
growth_yoy,2022-01-01,251,13.117
growth_yoy,2022-02-01,251,-62.709
growth_yoy,2022-03-01,251,-59.742
growth_yoy,2022-04-01,251,-59.511
growth_yoy,2022-05-01,251,-59.56
growth_yoy,2022-06-01,251,-53.002
growth_yoy,2022-07-01,251,-56.89
growth_yoy,2022-08-01,251,-56.17
growth_yoy,2022-09-01,251,-59.761
growth_yoy,2022-10-01,251,-63.551
growth_yoy,2022-11-01,251,-62.938
growth_yoy,2022-12-01,251,-56.231
growth_yoy,2023-01-01,251,-59.154
growth_yoy,2023-02-01,251,19.455
growth_yoy,2023-03-01,251,12.423
growth_yoy,2023-04-01,251,15.156
growth_yoy,2023-05-01,251,16.683
growth_yoy,2023-06-01,251,9.871
growth_yoy,2023-07-01,251,3.118
growth_yoy,2023-08-01,251,0.67
growth_yoy,2023-09-01,251,1.174
growth_yoy,2023-10-01,251,4.058
growth_yoy,2023-11-01,251,5.292
growth_yoy,2023-12-01,251,4.485
growth_yoy,2024-01-01,251,4.071
growth_yoy,2024-02-01,251,3.561
growth_yoy,2024-03-01,251,3.088
growth_yoy,2024-04-01,251,10.011
growth_yoy,2024-05-01,251,4.042
growth_yoy,2024-06-01,251,11.258
growth_yoy,2024-07-01,251,4.669
growth_yoy,2024-08-01,251,6.866
growth_yoy,2024-09-01,251,4.508
growth_yoy,2024-10-01,251,6.328
growth_yoy,2024-11-01,251,4.581
growth_yoy,2024-12-01,251,7.949
growth_yoy,2025-01-01,251,3.294
growth_yoy,2025-02-01,251,4.01
growth_yoy,2025-03-01,251,1.591
growth_yoy,2025-04-01,251,3.246
growth_yoy,2025-05-01,251,2.901
growth_yoy,2025-06-01,251,0.419
growth_yoy,2025-07-01,251,2.85
growth_yoy,2025-08-01,251,2.63
growth_yoy,2025-09-01,251,2.182
growth_yoy,2025-10-01,251,2.439
growth_yoy,2025-11-01,251,-0.124
growth_yoy,2025-12-01,251,1.599
growth_yoy,2026-01-01,251,4.783
growth_yoy,2026-02-01,251,14.4
growth_yoy,2026-03-01,251,3.961
growth_yoy,2026-04-01,251,4.935
growth_yoy,2026-05-01,251,1.892
growth_yoy,2026-06-01,251,1.166
growth_mom,2015-02-01,251,-1.186
growth_mom,2015-03-01,251,11.256
growth_mom,2015-04-01,251,0.056
growth_mom,2015-05-01,251,-3.762
growth_mom,2015-06-01,251,3.566
growth_mom,2015-07-01,251,-0.921
growth_mom,2015-08-01,251,-7.266
growth_mom,2015-09-01,251,18.014
growth_mom,2015-10-01,251,-3.016
growth_mom,2015-11-01,251,-6.441
growth_mom,2015-12-01,251,10.993
growth_mom,2016-01-01,251,-18.036
growth_mom,2016-02-01,251,-0.895
growth_mom,2016-03-01,251,11.582
growth_mom,2016-04-01,251,0.483
growth_mom,2016-05-01,251,7.238
growth_mom,2016-06-01,251,7.615
growth_mom,2016-07-01,251,-5.723
growth_mom,2016-08-01,251,-8.877
growth_mom,2016-09-01,251,12.223
growth_mom,2016-10-01,251,-3.922
growth_mom,2016-11-01,251,-5.453
growth_mom,2016-12-01,251,2.651
growth_mom,2017-01-01,251,-13.59
growth_mom,2017-02-01,251,-0.898
growth_mom,2017-03-01,251,15.194
growth_mom,2017-04-01,251,1.372
growth_mom,2017-05-01,251,6.719
growth_mom,2017-06-01,251,5.574
growth_mom,2017-07-01,251,3.522
growth_mom,2017-08-01,251,-13.603
growth_mom,2017-09-01,251,8.383
growth_mom,2017-10-01,251,0.182
growth_mom,2017-11-01,251,-6.381
growth_mom,2017-12-01,251,0.945
growth_mom,2018-01-01,251,-3.923
growth_mom,2018-02-01,251,-3.851
growth_mom,2018-03-01,251,13.966
growth_mom,2018-04-01,251,-0.869
growth_mom,2018-05-01,251,2.267
growth_mom,2018-06-01,251,9.105
growth_mom,2018-07-01,251,1.806
growth_mom,2018-08-01,251,-5.354
growth_mom,2018-09-01,251,-0.464
growth_mom,2018-10-01,251,-1.003
growth_mom,2018-11-01,251,-3.626
growth_mom,2018-12-01,251,-1.363
growth_mom,2019-01-01,251,-0.755
growth_mom,2019-02-01,251,-2.727
growth_mom,2019-03-01,251,5.317
growth_mom,2019-04-01,251,2.514
growth_mom,2019-05-01,251,3.966
growth_mom,2019-06-01,251,4.728
growth_mom,2019-07-01,251,4.894
growth_mom,2019-08-01,251,-8.674
growth_mom,2019-09-01,251,2.551
growth_mom,2019-10-01,251,-5.15
growth_mom,2019-11-01,251,-4.144
growth_mom,2019-12-01,251,3.859
growth_mom,2020-01-01,251,6.622
growth_mom,2020-02-01,251,-6.805
growth_mom,2020-03-01,251,-7.071
growth_mom,2020-04-01,251,-68.278
growth_mom,2020-05-01,251,96.564
growth_mom,2020-06-01,251,76.108
growth_mom,2020-07-01,251,3.144
growth_mom,2020-08-01,251,3.815
growth_mom,2020-09-01,251,0.251
growth_mom,2020-10-01,251,-0.775
growth_mom,2020-11-01,251,-7.21
growth_mom,2020-12-01,251,0.195
growth_mom,2021-01-01,251,7.732
growth_mom,2021-02-01,251,-5.365
growth_mom,2021-03-01,251,-0.612
growth_mom,2021-04-01,251,-13.431
growth_mom,2021-05-01,251,-1.342
growth_mom,2021-06-01,251,-11.118
growth_mom,2021-07-01,251,5.01
growth_mom,2021-08-01,251,3.947
growth_mom,2021-09-01,251,14.14
growth_mom,2021-10-01,251,17.097
growth_mom,2021-11-01,251,5.992
growth_mom,2021-12-01,251,-8.664
growth_mom,2022-01-01,251,12.175
growth_mom,2022-02-01,251,-68.802
growth_mom,2022-03-01,251,7.298
growth_mom,2022-04-01,251,-12.935
growth_mom,2022-05-01,251,-1.46
growth_mom,2022-06-01,251,3.293
growth_mom,2022-07-01,251,-3.676
growth_mom,2022-08-01,251,5.682
growth_mom,2022-09-01,251,4.789
growth_mom,2022-10-01,251,6.069
growth_mom,2022-11-01,251,7.774
growth_mom,2022-12-01,251,7.865
growth_mom,2023-01-01,251,4.684
growth_mom,2023-02-01,251,-8.763
growth_mom,2023-03-01,251,0.982
growth_mom,2023-04-01,251,-10.819
growth_mom,2023-05-01,251,-0.154
growth_mom,2023-06-01,251,-2.736
growth_mom,2023-07-01,251,-9.597
growth_mom,2023-08-01,251,3.172
growth_mom,2023-09-01,251,5.314
growth_mom,2023-10-01,251,9.092
growth_mom,2023-11-01,251,9.052
growth_mom,2023-12-01,251,7.038
growth_mom,2024-01-01,251,4.27
growth_mom,2024-02-01,251,-9.21
growth_mom,2024-03-01,251,0.521
growth_mom,2024-04-01,251,-4.83
growth_mom,2024-05-01,251,-5.571
growth_mom,2024-06-01,251,4.01
growth_mom,2024-07-01,251,-14.95
growth_mom,2024-08-01,251,5.338
growth_mom,2024-09-01,251,2.99
growth_mom,2024-10-01,251,10.992
growth_mom,2024-11-01,251,7.261
growth_mom,2024-12-01,251,10.485
growth_mom,2025-01-01,251,-0.227
growth_mom,2025-02-01,251,-8.581
growth_mom,2025-03-01,251,-1.817
growth_mom,2025-04-01,251,-3.28
growth_mom,2025-05-01,251,-5.887
growth_mom,2025-06-01,251,1.501
growth_mom,2025-07-01,251,-12.892
growth_mom,2025-08-01,251,5.112
growth_mom,2025-09-01,251,2.541
growth_mom,2025-10-01,251,11.271
growth_mom,2025-11-01,251,4.577
growth_mom,2025-12-01,251,12.391
growth_mom,2026-01-01,251,2.9
growth_mom,2026-02-01,251,-0.191
growth_mom,2026-03-01,251,-10.776
growth_mom,2026-04-01,251,-2.373
growth_mom,2026-05-01,251,-8.616
growth_mom,2026-06-01,251,0.778
abs,2015-01-01,259,116.701
abs,2015-02-01,259,86.412
abs,2015-03-01,259,100.545
abs,2015-04-01,259,101.805
abs,2015-05-01,259,103.01
abs,2015-06-01,259,103.2
abs,2015-07-01,259,100.513
abs,2015-08-01,259,97.568
abs,2015-09-01,259,96.162
abs,2015-10-01,259,97.201
abs,2015-11-01,259,97.992
abs,2015-12-01,259,98.892
abs,2016-01-01,259,128.443
abs,2016-02-01,259,96.084
abs,2016-03-01,259,108.562
abs,2016-04-01,259,107.723
abs,2016-05-01,259,108.28
abs,2016-06-01,259,103.88
abs,2016-07-01,259,102.753
abs,2016-08-01,259,101.737
abs,2016-09-01,259,101.092
abs,2016-10-01,259,105.221
abs,2016-11-01,259,106.813
abs,2016-12-01,259,103.588
abs,2017-01-01,259,134.608
abs,2017-02-01,259,101.072
abs,2017-03-01,259,111.313
abs,2017-04-01,259,111.627
abs,2017-05-01,259,112.238
abs,2017-06-01,259,108.404
abs,2017-07-01,259,111.496
abs,2017-08-01,259,113.246
abs,2017-09-01,259,108.875
abs,2017-10-01,259,110.776
abs,2017-11-01,259,112.035
abs,2017-12-01,259,109.141
abs,2018-01-01,259,135.6
abs,2018-02-01,259,101.228
abs,2018-03-01,259,112.505
abs,2018-04-01,259,117.088
abs,2018-05-01,259,119.596
abs,2018-06-01,259,113.963
abs,2018-07-01,259,117.945
abs,2018-08-01,259,112.93
abs,2018-09-01,259,113.078
abs,2018-10-01,259,116.412
abs,2018-11-01,259,114.522
abs,2018-12-01,259,113.175
abs,2019-01-01,259,137.991
abs,2019-02-01,259,103.354
abs,2019-03-01,259,117.449
abs,2019-04-01,259,120.586
abs,2019-05-01,259,122.249
abs,2019-06-01,259,121.184
abs,2019-07-01,259,122.191
abs,2019-08-01,259,118.358
abs,2019-09-01,259,116.778
abs,2019-10-01,259,120.027
abs,2019-11-01,259,119.007
abs,2019-12-01,259,116.572
abs,2020-01-01,259,137.054
abs,2020-02-01,259,106.511
abs,2020-03-01,259,102.826
abs,2020-04-01,259,50.288
abs,2020-05-01,259,65.455
abs,2020-06-01,259,83.381
abs,2020-07-01,259,92.012
abs,2020-08-01,259,94.522
abs,2020-09-01,259,102.368
abs,2020-10-01,259,103.535
abs,2020-11-01,259,105.435
abs,2020-12-01,259,106.529
abs,2021-01-01,259,125.589
abs,2021-02-01,259,95.578
abs,2021-03-01,259,108.629
abs,2021-04-01,259,102.185
abs,2021-05-01,259,100.898
abs,2021-06-01,259,83.139
abs,2021-07-01,259,79.892
abs,2021-08-01,259,91.453
abs,2021-09-01,259,111.252
abs,2021-10-01,259,113.815
abs,2021-11-01,259,112.834
abs,2021-12-01,259,111.33
abs,2022-01-01,259,129.204
abs,2022-02-01,259,104.44
abs,2022-03-01,259,107.859
abs,2022-04-01,259,101.645
abs,2022-05-01,259,101.717
abs,2022-06-01,259,103.981
abs,2022-07-01,259,96.997
abs,2022-08-01,259,101.575
abs,2022-09-01,259,119.769
abs,2022-10-01,259,122.912
abs,2022-11-01,259,116.996
abs,2022-12-01,259,109.192
abs,2023-01-01,259,122.421
abs,2023-02-01,259,105.143
abs,2023-03-01,259,107.872
abs,2023-04-01,259,98.719
abs,2023-05-01,259,109.674
abs,2023-06-01,259,107.936
abs,2023-07-01,259,105.343
abs,2023-08-01,259,112.768
abs,2023-09-01,259,135.552
abs,2023-10-01,259,132.754
abs,2023-11-01,259,129.846
abs,2023-12-01,259,123.85
abs,2024-01-01,259,143.581
abs,2024-02-01,259,117.693
abs,2024-03-01,259,126.179
abs,2024-04-01,259,112.966
abs,2024-05-01,259,118.452
abs,2024-06-01,259,122.248
abs,2024-07-01,259,117.711
abs,2024-08-01,259,126.608
abs,2024-09-01,259,152.673
abs,2024-10-01,259,141.331
abs,2024-11-01,259,136.37
abs,2024-12-01,259,129.344
abs,2025-01-01,259,151.956
abs,2025-02-01,259,127.311
abs,2025-03-01,259,133.906
abs,2025-04-01,259,120.137
abs,2025-05-01,259,123.492
abs,2025-06-01,259,126.898
abs,2025-07-01,259,123.377
abs,2025-08-01,259,134.538
abs,2025-09-01,259,161.427
abs,2025-10-01,259,155.331
abs,2025-11-01,259,148.039
abs,2025-12-01,259,144.629
abs,2026-01-01,259,170.508
abs,2026-02-01,259,133.197
abs,2026-03-01,259,139.362
abs,2026-04-01,259,127.861
abs,2026-05-01,259,131.236
abs,2026-06-01,259,130.945
growth_yoy,2016-01-01,259,10.062
growth_yoy,2016-02-01,259,11.193
growth_yoy,2016-03-01,259,7.974
growth_yoy,2016-04-01,259,5.813
growth_yoy,2016-05-01,259,5.116
growth_yoy,2016-06-01,259,0.66
growth_yoy,2016-07-01,259,2.229
growth_yoy,2016-08-01,259,4.273
growth_yoy,2016-09-01,259,5.126
growth_yoy,2016-10-01,259,8.252
growth_yoy,2016-11-01,259,9.001
growth_yoy,2016-12-01,259,4.748
growth_yoy,2017-01-01,259,4.8
growth_yoy,2017-02-01,259,5.191
growth_yoy,2017-03-01,259,2.534
growth_yoy,2017-04-01,259,3.625
growth_yoy,2017-05-01,259,3.655
growth_yoy,2017-06-01,259,4.355
growth_yoy,2017-07-01,259,8.509
growth_yoy,2017-08-01,259,11.312
growth_yoy,2017-09-01,259,7.699
growth_yoy,2017-10-01,259,5.28
growth_yoy,2017-11-01,259,4.889
growth_yoy,2017-12-01,259,5.361
growth_yoy,2018-01-01,259,0.737
growth_yoy,2018-02-01,259,0.154
growth_yoy,2018-03-01,259,1.071
growth_yoy,2018-04-01,259,4.892
growth_yoy,2018-05-01,259,6.556
growth_yoy,2018-06-01,259,5.128
growth_yoy,2018-07-01,259,5.784
growth_yoy,2018-08-01,259,-0.279
growth_yoy,2018-09-01,259,3.86
growth_yoy,2018-10-01,259,5.087
growth_yoy,2018-11-01,259,2.219
growth_yoy,2018-12-01,259,3.696
growth_yoy,2019-01-01,259,1.764
growth_yoy,2019-02-01,259,2.101
growth_yoy,2019-03-01,259,4.395
growth_yoy,2019-04-01,259,2.987
growth_yoy,2019-05-01,259,2.218
growth_yoy,2019-06-01,259,6.336
growth_yoy,2019-07-01,259,3.6
growth_yoy,2019-08-01,259,4.806
growth_yoy,2019-09-01,259,3.273
growth_yoy,2019-10-01,259,3.105
growth_yoy,2019-11-01,259,3.916
growth_yoy,2019-12-01,259,3.002
growth_yoy,2020-01-01,259,-0.679
growth_yoy,2020-02-01,259,3.055
growth_yoy,2020-03-01,259,-12.451
growth_yoy,2020-04-01,259,-58.297
growth_yoy,2020-05-01,259,-46.458
growth_yoy,2020-06-01,259,-31.195
growth_yoy,2020-07-01,259,-24.698
growth_yoy,2020-08-01,259,-20.139
growth_yoy,2020-09-01,259,-12.34
growth_yoy,2020-10-01,259,-13.74
growth_yoy,2020-11-01,259,-11.404
growth_yoy,2020-12-01,259,-8.616
growth_yoy,2021-01-01,259,-8.366
growth_yoy,2021-02-01,259,-10.265
growth_yoy,2021-03-01,259,5.644
growth_yoy,2021-04-01,259,103.199
growth_yoy,2021-05-01,259,54.149
growth_yoy,2021-06-01,259,-0.291
growth_yoy,2021-07-01,259,-13.173
growth_yoy,2021-08-01,259,-3.247
growth_yoy,2021-09-01,259,8.679
growth_yoy,2021-10-01,259,9.929
growth_yoy,2021-11-01,259,7.017
growth_yoy,2021-12-01,259,4.507
growth_yoy,2022-01-01,259,2.879
growth_yoy,2022-02-01,259,9.272
growth_yoy,2022-03-01,259,-0.709
growth_yoy,2022-04-01,259,-0.529
growth_yoy,2022-05-01,259,0.812
growth_yoy,2022-06-01,259,25.069
growth_yoy,2022-07-01,259,21.411
growth_yoy,2022-08-01,259,11.068
growth_yoy,2022-09-01,259,7.655
growth_yoy,2022-10-01,259,7.993
growth_yoy,2022-11-01,259,3.689
growth_yoy,2022-12-01,259,-1.921
growth_yoy,2023-01-01,259,-5.25
growth_yoy,2023-02-01,259,0.674
growth_yoy,2023-03-01,259,0.011
growth_yoy,2023-04-01,259,-2.879
growth_yoy,2023-05-01,259,7.822
growth_yoy,2023-06-01,259,3.804
growth_yoy,2023-07-01,259,8.604
growth_yoy,2023-08-01,259,11.02
growth_yoy,2023-09-01,259,13.178
growth_yoy,2023-10-01,259,8.007
growth_yoy,2023-11-01,259,10.984
growth_yoy,2023-12-01,259,13.425
growth_yoy,2024-01-01,259,17.285
growth_yoy,2024-02-01,259,11.936
growth_yoy,2024-03-01,259,16.971
growth_yoy,2024-04-01,259,14.433
growth_yoy,2024-05-01,259,8.004
growth_yoy,2024-06-01,259,13.259
growth_yoy,2024-07-01,259,11.741
growth_yoy,2024-08-01,259,12.273
growth_yoy,2024-09-01,259,12.631
growth_yoy,2024-10-01,259,6.461
growth_yoy,2024-11-01,259,5.024
growth_yoy,2024-12-01,259,4.436
growth_yoy,2025-01-01,259,5.833
growth_yoy,2025-02-01,259,8.172
growth_yoy,2025-03-01,259,6.124
growth_yoy,2025-04-01,259,6.348
growth_yoy,2025-05-01,259,4.255
growth_yoy,2025-06-01,259,3.804
growth_yoy,2025-07-01,259,4.813
growth_yoy,2025-08-01,259,6.264
growth_yoy,2025-09-01,259,5.734
growth_yoy,2025-10-01,259,9.905
growth_yoy,2025-11-01,259,8.557
growth_yoy,2025-12-01,259,11.818
growth_yoy,2026-01-01,259,12.209
growth_yoy,2026-02-01,259,4.623
growth_yoy,2026-03-01,259,4.075
growth_yoy,2026-04-01,259,6.429
growth_yoy,2026-05-01,259,6.271
growth_yoy,2026-06-01,259,3.19
growth_mom,2015-02-01,259,-25.955
growth_mom,2015-03-01,259,16.355
growth_mom,2015-04-01,259,1.253
growth_mom,2015-05-01,259,1.184
growth_mom,2015-06-01,259,0.184
growth_mom,2015-07-01,259,-2.604
growth_mom,2015-08-01,259,-2.93
growth_mom,2015-09-01,259,-1.441
growth_mom,2015-10-01,259,1.08
growth_mom,2015-11-01,259,0.814
growth_mom,2015-12-01,259,0.918
growth_mom,2016-01-01,259,29.882
growth_mom,2016-02-01,259,-25.193
growth_mom,2016-03-01,259,12.986
growth_mom,2016-04-01,259,-0.773
growth_mom,2016-05-01,259,0.517
growth_mom,2016-06-01,259,-4.063
growth_mom,2016-07-01,259,-1.085
growth_mom,2016-08-01,259,-0.989
growth_mom,2016-09-01,259,-0.634
growth_mom,2016-10-01,259,4.085
growth_mom,2016-11-01,259,1.513
growth_mom,2016-12-01,259,-3.019
growth_mom,2017-01-01,259,29.946
growth_mom,2017-02-01,259,-24.914
growth_mom,2017-03-01,259,10.132
growth_mom,2017-04-01,259,0.282
growth_mom,2017-05-01,259,0.547
growth_mom,2017-06-01,259,-3.415
growth_mom,2017-07-01,259,2.852
growth_mom,2017-08-01,259,1.569
growth_mom,2017-09-01,259,-3.859
growth_mom,2017-10-01,259,1.746
growth_mom,2017-11-01,259,1.137
growth_mom,2017-12-01,259,-2.584
growth_mom,2018-01-01,259,24.243
growth_mom,2018-02-01,259,-25.348
growth_mom,2018-03-01,259,11.141
growth_mom,2018-04-01,259,4.074
growth_mom,2018-05-01,259,2.142
growth_mom,2018-06-01,259,-4.71
growth_mom,2018-07-01,259,3.494
growth_mom,2018-08-01,259,-4.252
growth_mom,2018-09-01,259,0.131
growth_mom,2018-10-01,259,2.949
growth_mom,2018-11-01,259,-1.624
growth_mom,2018-12-01,259,-1.176
growth_mom,2019-01-01,259,21.928
growth_mom,2019-02-01,259,-25.101
growth_mom,2019-03-01,259,13.638
growth_mom,2019-04-01,259,2.671
growth_mom,2019-05-01,259,1.379
growth_mom,2019-06-01,259,-0.871
growth_mom,2019-07-01,259,0.831
growth_mom,2019-08-01,259,-3.137
growth_mom,2019-09-01,259,-1.335
growth_mom,2019-10-01,259,2.782
growth_mom,2019-11-01,259,-0.85
growth_mom,2019-12-01,259,-2.046
growth_mom,2020-01-01,259,17.571
growth_mom,2020-02-01,259,-22.285
growth_mom,2020-03-01,259,-3.46
growth_mom,2020-04-01,259,-51.094
growth_mom,2020-05-01,259,30.159
growth_mom,2020-06-01,259,27.388
growth_mom,2020-07-01,259,10.351
growth_mom,2020-08-01,259,2.728
growth_mom,2020-09-01,259,8.3
growth_mom,2020-10-01,259,1.14
growth_mom,2020-11-01,259,1.835
growth_mom,2020-12-01,259,1.037
growth_mom,2021-01-01,259,17.892
growth_mom,2021-02-01,259,-23.896
growth_mom,2021-03-01,259,13.655
growth_mom,2021-04-01,259,-5.932
growth_mom,2021-05-01,259,-1.26
growth_mom,2021-06-01,259,-17.601
growth_mom,2021-07-01,259,-3.906
growth_mom,2021-08-01,259,14.471
growth_mom,2021-09-01,259,21.65
growth_mom,2021-10-01,259,2.304
growth_mom,2021-11-01,259,-0.862
growth_mom,2021-12-01,259,-1.333
growth_mom,2022-01-01,259,16.055
growth_mom,2022-02-01,259,-19.167
growth_mom,2022-03-01,259,3.274
growth_mom,2022-04-01,259,-5.761
growth_mom,2022-05-01,259,0.071
growth_mom,2022-06-01,259,2.225
growth_mom,2022-07-01,259,-6.716
growth_mom,2022-08-01,259,4.719
growth_mom,2022-09-01,259,17.912
growth_mom,2022-10-01,259,2.625
growth_mom,2022-11-01,259,-4.813
growth_mom,2022-12-01,259,-6.671
growth_mom,2023-01-01,259,12.115
growth_mom,2023-02-01,259,-14.113
growth_mom,2023-03-01,259,2.595
growth_mom,2023-04-01,259,-8.485
growth_mom,2023-05-01,259,11.098
growth_mom,2023-06-01,259,-1.584
growth_mom,2023-07-01,259,-2.403
growth_mom,2023-08-01,259,7.049
growth_mom,2023-09-01,259,20.204
growth_mom,2023-10-01,259,-2.064
growth_mom,2023-11-01,259,-2.19
growth_mom,2023-12-01,259,-4.618
growth_mom,2024-01-01,259,15.931
growth_mom,2024-02-01,259,-18.03
growth_mom,2024-03-01,259,7.21
growth_mom,2024-04-01,259,-10.471
growth_mom,2024-05-01,259,4.856
growth_mom,2024-06-01,259,3.205
growth_mom,2024-07-01,259,-3.711
growth_mom,2024-08-01,259,7.558
growth_mom,2024-09-01,259,20.588
growth_mom,2024-10-01,259,-7.429
growth_mom,2024-11-01,259,-3.511
growth_mom,2024-12-01,259,-5.152
growth_mom,2025-01-01,259,17.482
growth_mom,2025-02-01,259,-16.218
growth_mom,2025-03-01,259,5.18
growth_mom,2025-04-01,259,-10.282
growth_mom,2025-05-01,259,2.793
growth_mom,2025-06-01,259,2.758
growth_mom,2025-07-01,259,-2.775
growth_mom,2025-08-01,259,9.047
growth_mom,2025-09-01,259,19.986
growth_mom,2025-10-01,259,-3.777
growth_mom,2025-11-01,259,-4.694
growth_mom,2025-12-01,259,-2.303
growth_mom,2026-01-01,259,17.893
growth_mom,2026-02-01,259,-21.882
growth_mom,2026-03-01,259,4.629
growth_mom,2026-04-01,259,-8.253
growth_mom,2026-05-01,259,2.64
growth_mom,2026-06-01,259,-0.222
abs,2015-01-01,261,101.246
abs,2015-02-01,261,75.007
abs,2015-03-01,261,97.488
abs,2015-04-01,261,88.606
abs,2015-05-01,261,95.436
abs,2015-06-01,261,107.279
abs,2015-07-01,261,100.552
abs,2015-08-01,261,101.199
abs,2015-09-01,261,106.956
abs,2015-10-01,261,104.477
abs,2015-11-01,261,105.598
abs,2015-12-01,261,116.156
abs,2016-01-01,261,103.481
abs,2016-02-01,261,82.995
abs,2016-03-01,261,104.597
abs,2016-04-01,261,101.844
abs,2016-05-01,261,105.433
abs,2016-06-01,261,120.849
abs,2016-07-01,261,112.428
abs,2016-08-01,261,112.909
abs,2016-09-01,261,119.161
abs,2016-10-01,261,121.601
abs,2016-11-01,261,116.441
abs,2016-12-01,261,125.771
abs,2017-01-01,261,115.508
abs,2017-02-01,261,96.894
abs,2017-03-01,261,119.181
abs,2017-04-01,261,119.535
abs,2017-05-01,261,126.46
abs,2017-06-01,261,138.181
abs,2017-07-01,261,133.75
abs,2017-08-01,261,130.328
abs,2017-09-01,261,135.83
abs,2017-10-01,261,136.651
abs,2017-11-01,261,128.682
abs,2017-12-01,261,132.584
abs,2018-01-01,261,123.14
abs,2018-02-01,261,101.906
abs,2018-03-01,261,129.939
abs,2018-04-01,261,129.705
abs,2018-05-01,261,133.645
abs,2018-06-01,261,143.704
abs,2018-07-01,261,143.623
abs,2018-08-01,261,137.56
abs,2018-09-01,261,147.141
abs,2018-10-01,261,149.784
abs,2018-11-01,261,139.32
abs,2018-12-01,261,141.648
abs,2019-01-01,261,129.302
abs,2019-02-01,261,102.49
abs,2019-03-01,261,130.753
abs,2019-04-01,261,129.618
abs,2019-05-01,261,135.611
abs,2019-06-01,261,151.457
abs,2019-07-01,261,149.592
abs,2019-08-01,261,140.954
abs,2019-09-01,261,144.989
abs,2019-10-01,261,153.706
abs,2019-11-01,261,142.391
abs,2019-12-01,261,145.959
abs,2020-01-01,261,139.069
abs,2020-02-01,261,114.463
abs,2020-03-01,261,127.595
abs,2020-04-01,261,92.666
abs,2020-05-01,261,114.788
abs,2020-06-01,261,171.277
abs,2020-07-01,261,170.755
abs,2020-08-01,261,151.499
abs,2020-09-01,261,159.875
abs,2020-10-01,261,166.847
abs,2020-11-01,261,156.372
abs,2020-12-01,261,153.366
abs,2021-01-01,261,146.664
abs,2021-02-01,261,128.73
abs,2021-03-01,261,145.008
abs,2021-04-01,261,154.835
abs,2021-05-01,261,157.0
abs,2021-06-01,261,192.482
abs,2021-07-01,261,163.621
abs,2021-08-01,261,170.447
abs,2021-09-01,261,176.886
abs,2021-10-01,261,187.584
abs,2021-11-01,261,190.006
abs,2021-12-01,261,191.275
abs,2022-01-01,261,174.519
abs,2022-02-01,261,151.18
abs,2022-03-01,261,178.924
abs,2022-04-01,261,177.519
abs,2022-05-01,261,186.033
abs,2022-06-01,261,236.157
abs,2022-07-01,261,201.232
abs,2022-08-01,261,210.114
abs,2022-09-01,261,217.169
abs,2022-10-01,261,218.14
abs,2022-11-01,261,222.452
abs,2022-12-01,261,211.762
abs,2023-01-01,261,191.601
abs,2023-02-01,261,155.586
abs,2023-03-01,261,177.997
abs,2023-04-01,261,166.856
abs,2023-05-01,261,180.175
abs,2023-06-01,261,217.047
abs,2023-07-01,261,190.921
abs,2023-08-01,261,183.287
abs,2023-09-01,261,194.471
abs,2023-10-01,261,196.517
abs,2023-11-01,261,173.038
abs,2023-12-01,261,182.068
abs,2024-01-01,261,175.222
abs,2024-02-01,261,144.293
abs,2024-03-01,261,172.376
abs,2024-04-01,261,142.372
abs,2024-05-01,261,182.453
abs,2024-06-01,261,220.613
abs,2024-07-01,261,191.001
abs,2024-08-01,261,186.434
abs,2024-09-01,261,184.925
abs,2024-10-01,261,197.733
abs,2024-11-01,261,187.897
abs,2024-12-01,261,191.622
abs,2025-01-01,261,181.667
abs,2025-02-01,261,155.51
abs,2025-03-01,261,188.968
abs,2025-04-01,261,160.518
abs,2025-05-01,261,195.301
abs,2025-06-01,261,238.042
abs,2025-07-01,261,211.032
abs,2025-08-01,261,202.57
abs,2025-09-01,261,208.756
abs,2025-10-01,261,241.47
abs,2025-11-01,261,219.946
abs,2025-12-01,261,232.862
abs,2026-01-01,261,221.933
abs,2026-02-01,261,190.534
abs,2026-03-01,261,227.719
abs,2026-04-01,261,189.352
abs,2026-05-01,261,249.479
abs,2026-06-01,261,273.984
growth_yoy,2016-01-01,261,2.208
growth_yoy,2016-02-01,261,10.65
growth_yoy,2016-03-01,261,7.293
growth_yoy,2016-04-01,261,14.94
growth_yoy,2016-05-01,261,10.475
growth_yoy,2016-06-01,261,12.649
growth_yoy,2016-07-01,261,11.811
growth_yoy,2016-08-01,261,11.571
growth_yoy,2016-09-01,261,11.412
growth_yoy,2016-10-01,261,16.39
growth_yoy,2016-11-01,261,10.268
growth_yoy,2016-12-01,261,8.277
growth_yoy,2017-01-01,261,11.622
growth_yoy,2017-02-01,261,16.746
growth_yoy,2017-03-01,261,13.943
growth_yoy,2017-04-01,261,17.372
growth_yoy,2017-05-01,261,19.944
growth_yoy,2017-06-01,261,14.342
growth_yoy,2017-07-01,261,18.965
growth_yoy,2017-08-01,261,15.428
growth_yoy,2017-09-01,261,13.989
growth_yoy,2017-10-01,261,12.377
growth_yoy,2017-11-01,261,10.512
growth_yoy,2017-12-01,261,5.417
growth_yoy,2018-01-01,261,6.607
growth_yoy,2018-02-01,261,5.172
growth_yoy,2018-03-01,261,9.027
growth_yoy,2018-04-01,261,8.508
growth_yoy,2018-05-01,261,5.681
growth_yoy,2018-06-01,261,3.997
growth_yoy,2018-07-01,261,7.382
growth_yoy,2018-08-01,261,5.549
growth_yoy,2018-09-01,261,8.327
growth_yoy,2018-10-01,261,9.61
growth_yoy,2018-11-01,261,8.267
growth_yoy,2018-12-01,261,6.836
growth_yoy,2019-01-01,261,5.004
growth_yoy,2019-02-01,261,0.573
growth_yoy,2019-03-01,261,0.626
growth_yoy,2019-04-01,261,-0.067
growth_yoy,2019-05-01,261,1.471
growth_yoy,2019-06-01,261,5.395
growth_yoy,2019-07-01,261,4.156
growth_yoy,2019-08-01,261,2.467
growth_yoy,2019-09-01,261,-1.462
growth_yoy,2019-10-01,261,2.619
growth_yoy,2019-11-01,261,2.204
growth_yoy,2019-12-01,261,3.043
growth_yoy,2020-01-01,261,7.554
growth_yoy,2020-02-01,261,11.683
growth_yoy,2020-03-01,261,-2.415
growth_yoy,2020-04-01,261,-28.508
growth_yoy,2020-05-01,261,-15.355
growth_yoy,2020-06-01,261,13.086
growth_yoy,2020-07-01,261,14.147
growth_yoy,2020-08-01,261,7.482
growth_yoy,2020-09-01,261,10.266
growth_yoy,2020-10-01,261,8.549
growth_yoy,2020-11-01,261,9.819
growth_yoy,2020-12-01,261,5.075
growth_yoy,2021-01-01,261,5.462
growth_yoy,2021-02-01,261,12.464
growth_yoy,2021-03-01,261,13.647
growth_yoy,2021-04-01,261,67.089
growth_yoy,2021-05-01,261,36.774
growth_yoy,2021-06-01,261,12.38
growth_yoy,2021-07-01,261,-4.178
growth_yoy,2021-08-01,261,12.506
growth_yoy,2021-09-01,261,10.641
growth_yoy,2021-10-01,261,12.429
growth_yoy,2021-11-01,261,21.509
growth_yoy,2021-12-01,261,24.718
growth_yoy,2022-01-01,261,18.992
growth_yoy,2022-02-01,261,17.439
growth_yoy,2022-03-01,261,23.389
growth_yoy,2022-04-01,261,14.651
growth_yoy,2022-05-01,261,18.492
growth_yoy,2022-06-01,261,22.691
growth_yoy,2022-07-01,261,22.986
growth_yoy,2022-08-01,261,23.273
growth_yoy,2022-09-01,261,22.773
growth_yoy,2022-10-01,261,16.289
growth_yoy,2022-11-01,261,17.076
growth_yoy,2022-12-01,261,10.711
growth_yoy,2023-01-01,261,9.788
growth_yoy,2023-02-01,261,2.914
growth_yoy,2023-03-01,261,-0.518
growth_yoy,2023-04-01,261,-6.007
growth_yoy,2023-05-01,261,-3.149
growth_yoy,2023-06-01,261,-8.092
growth_yoy,2023-07-01,261,-5.124
growth_yoy,2023-08-01,261,-12.768
growth_yoy,2023-09-01,261,-10.451
growth_yoy,2023-10-01,261,-9.913
growth_yoy,2023-11-01,261,-22.213
growth_yoy,2023-12-01,261,-14.022
growth_yoy,2024-01-01,261,-8.549
growth_yoy,2024-02-01,261,-7.258
growth_yoy,2024-03-01,261,-3.158
growth_yoy,2024-04-01,261,-14.674
growth_yoy,2024-05-01,261,1.264
growth_yoy,2024-06-01,261,1.643
growth_yoy,2024-07-01,261,0.042
growth_yoy,2024-08-01,261,1.717
growth_yoy,2024-09-01,261,-4.909
growth_yoy,2024-10-01,261,0.619
growth_yoy,2024-11-01,261,8.587
growth_yoy,2024-12-01,261,5.247
growth_yoy,2025-01-01,261,3.678
growth_yoy,2025-02-01,261,7.774
growth_yoy,2025-03-01,261,9.625
growth_yoy,2025-04-01,261,12.745
growth_yoy,2025-05-01,261,7.042
growth_yoy,2025-06-01,261,7.9
growth_yoy,2025-07-01,261,10.487
growth_yoy,2025-08-01,261,8.655
growth_yoy,2025-09-01,261,12.886
growth_yoy,2025-10-01,261,22.119
growth_yoy,2025-11-01,261,17.057
growth_yoy,2025-12-01,261,21.522
growth_yoy,2026-01-01,261,22.165
growth_yoy,2026-02-01,261,22.522
growth_yoy,2026-03-01,261,20.506
growth_yoy,2026-04-01,261,17.964
growth_yoy,2026-05-01,261,27.741
growth_yoy,2026-06-01,261,15.099
growth_mom,2015-02-01,261,-25.916
growth_mom,2015-03-01,261,29.972
growth_mom,2015-04-01,261,-9.111
growth_mom,2015-05-01,261,7.709
growth_mom,2015-06-01,261,12.409
growth_mom,2015-07-01,261,-6.271
growth_mom,2015-08-01,261,0.644
growth_mom,2015-09-01,261,5.688
growth_mom,2015-10-01,261,-2.317
growth_mom,2015-11-01,261,1.073
growth_mom,2015-12-01,261,9.998
growth_mom,2016-01-01,261,-10.912
growth_mom,2016-02-01,261,-19.797
growth_mom,2016-03-01,261,26.027
growth_mom,2016-04-01,261,-2.633
growth_mom,2016-05-01,261,3.524
growth_mom,2016-06-01,261,14.622
growth_mom,2016-07-01,261,-6.968
growth_mom,2016-08-01,261,0.428
growth_mom,2016-09-01,261,5.537
growth_mom,2016-10-01,261,2.048
growth_mom,2016-11-01,261,-4.243
growth_mom,2016-12-01,261,8.012
growth_mom,2017-01-01,261,-8.16
growth_mom,2017-02-01,261,-16.115
growth_mom,2017-03-01,261,23.002
growth_mom,2017-04-01,261,0.297
growth_mom,2017-05-01,261,5.793
growth_mom,2017-06-01,261,9.269
growth_mom,2017-07-01,261,-3.207
growth_mom,2017-08-01,261,-2.558
growth_mom,2017-09-01,261,4.222
growth_mom,2017-10-01,261,0.604
growth_mom,2017-11-01,261,-5.832
growth_mom,2017-12-01,261,3.032
growth_mom,2018-01-01,261,-7.123
growth_mom,2018-02-01,261,-17.244
growth_mom,2018-03-01,261,27.509
growth_mom,2018-04-01,261,-0.18
growth_mom,2018-05-01,261,3.037
growth_mom,2018-06-01,261,7.527
growth_mom,2018-07-01,261,-0.056
growth_mom,2018-08-01,261,-4.221
growth_mom,2018-09-01,261,6.965
growth_mom,2018-10-01,261,1.796
growth_mom,2018-11-01,261,-6.986
growth_mom,2018-12-01,261,1.671
growth_mom,2019-01-01,261,-8.716
growth_mom,2019-02-01,261,-20.736
growth_mom,2019-03-01,261,27.577
growth_mom,2019-04-01,261,-0.868
growth_mom,2019-05-01,261,4.624
growth_mom,2019-06-01,261,11.685
growth_mom,2019-07-01,261,-1.231
growth_mom,2019-08-01,261,-5.775
growth_mom,2019-09-01,261,2.863
growth_mom,2019-10-01,261,6.012
growth_mom,2019-11-01,261,-7.362
growth_mom,2019-12-01,261,2.506
growth_mom,2020-01-01,261,-4.72
growth_mom,2020-02-01,261,-17.693
growth_mom,2020-03-01,261,11.472
growth_mom,2020-04-01,261,-27.375
growth_mom,2020-05-01,261,23.872
growth_mom,2020-06-01,261,49.212
growth_mom,2020-07-01,261,-0.305
growth_mom,2020-08-01,261,-11.277
growth_mom,2020-09-01,261,5.528
growth_mom,2020-10-01,261,4.361
growth_mom,2020-11-01,261,-6.278
growth_mom,2020-12-01,261,-1.922
growth_mom,2021-01-01,261,-4.37
growth_mom,2021-02-01,261,-12.228
growth_mom,2021-03-01,261,12.645
growth_mom,2021-04-01,261,6.777
growth_mom,2021-05-01,261,1.398
growth_mom,2021-06-01,261,22.6
growth_mom,2021-07-01,261,-14.994
growth_mom,2021-08-01,261,4.171
growth_mom,2021-09-01,261,3.778
growth_mom,2021-10-01,261,6.048
growth_mom,2021-11-01,261,1.291
growth_mom,2021-12-01,261,0.668
growth_mom,2022-01-01,261,-8.76
growth_mom,2022-02-01,261,-13.373
growth_mom,2022-03-01,261,18.352
growth_mom,2022-04-01,261,-0.785
growth_mom,2022-05-01,261,4.796
growth_mom,2022-06-01,261,26.943
growth_mom,2022-07-01,261,-14.789
growth_mom,2022-08-01,261,4.414
growth_mom,2022-09-01,261,3.357
growth_mom,2022-10-01,261,0.447
growth_mom,2022-11-01,261,1.977
growth_mom,2022-12-01,261,-4.806
growth_mom,2023-01-01,261,-9.52
growth_mom,2023-02-01,261,-18.797
growth_mom,2023-03-01,261,14.405
growth_mom,2023-04-01,261,-6.259
growth_mom,2023-05-01,261,7.982
growth_mom,2023-06-01,261,20.465
growth_mom,2023-07-01,261,-12.037
growth_mom,2023-08-01,261,-3.998
growth_mom,2023-09-01,261,6.102
growth_mom,2023-10-01,261,1.052
growth_mom,2023-11-01,261,-11.948
growth_mom,2023-12-01,261,5.219
growth_mom,2024-01-01,261,-3.76
growth_mom,2024-02-01,261,-17.651
growth_mom,2024-03-01,261,19.463
growth_mom,2024-04-01,261,-17.406
growth_mom,2024-05-01,261,28.152
growth_mom,2024-06-01,261,20.915
growth_mom,2024-07-01,261,-13.423
growth_mom,2024-08-01,261,-2.391
growth_mom,2024-09-01,261,-0.809
growth_mom,2024-10-01,261,6.926
growth_mom,2024-11-01,261,-4.974
growth_mom,2024-12-01,261,1.982
growth_mom,2025-01-01,261,-5.195
growth_mom,2025-02-01,261,-14.398
growth_mom,2025-03-01,261,21.515
growth_mom,2025-04-01,261,-15.056
growth_mom,2025-05-01,261,21.669
growth_mom,2025-06-01,261,21.885
growth_mom,2025-07-01,261,-11.347
growth_mom,2025-08-01,261,-4.01
growth_mom,2025-09-01,261,3.053
growth_mom,2025-10-01,261,15.671
growth_mom,2025-11-01,261,-8.914
growth_mom,2025-12-01,261,5.873
growth_mom,2026-01-01,261,-4.693
growth_mom,2026-02-01,261,-14.148
growth_mom,2026-03-01,261,19.516
growth_mom,2026-04-01,261,-16.848
growth_mom,2026-05-01,261,31.754
growth_mom,2026-06-01,261,9.822
abs,2015-01-01,262,107.958
abs,2015-02-01,262,85.239
abs,2015-03-01,262,84.071
abs,2015-04-01,262,101.41
abs,2015-05-01,262,98.518
abs,2015-06-01,262,108.996
abs,2015-07-01,262,117.1
abs,2015-08-01,262,101.853
abs,2015-09-01,262,102.302
abs,2015-10-01,262,108.341
abs,2015-11-01,262,89.735
abs,2015-12-01,262,94.476
abs,2016-01-01,262,102.856
abs,2016-02-01,262,93.759
abs,2016-03-01,262,98.436
abs,2016-04-01,262,110.26
abs,2016-05-01,262,101.29
abs,2016-06-01,262,110.13
abs,2016-07-01,262,110.21
abs,2016-08-01,262,101.972
abs,2016-09-01,262,104.24
abs,2016-10-01,262,117.078
abs,2016-11-01,262,102.396
abs,2016-12-01,262,97.568
abs,2017-01-01,262,95.593
abs,2017-02-01,262,97.611
abs,2017-03-01,262,99.633
abs,2017-04-01,262,98.765
abs,2017-05-01,262,92.537
abs,2017-06-01,262,103.731
abs,2017-07-01,262,94.506
abs,2017-08-01,262,83.348
abs,2017-09-01,262,91.409
abs,2017-10-01,262,102.562
abs,2017-11-01,262,103.463
abs,2017-12-01,262,99.208
abs,2018-01-01,262,108.286
abs,2018-02-01,262,91.385
abs,2018-03-01,262,98.095
abs,2018-04-01,262,96.847
abs,2018-05-01,262,95.667
abs,2018-06-01,262,110.749
abs,2018-07-01,262,97.097
abs,2018-08-01,262,94.653
abs,2018-09-01,262,97.174
abs,2018-10-01,262,110.205
abs,2018-11-01,262,103.722
abs,2018-12-01,262,104.423
abs,2019-01-01,262,106.985
abs,2019-02-01,262,97.039
abs,2019-03-01,262,103.99
abs,2019-04-01,262,107.939
abs,2019-05-01,262,115.344
abs,2019-06-01,262,115.092
abs,2019-07-01,262,110.717
abs,2019-08-01,262,113.412
abs,2019-09-01,262,98.176
abs,2019-10-01,262,112.839
abs,2019-11-01,262,93.634
abs,2019-12-01,262,91.989
abs,2020-01-01,262,101.491
abs,2020-02-01,262,92.186
abs,2020-03-01,262,94.096
abs,2020-04-01,262,52.594
abs,2020-05-01,262,91.96
abs,2020-06-01,262,127.774
abs,2020-07-01,262,126.817
abs,2020-08-01,262,122.924
abs,2020-09-01,262,112.426
abs,2020-10-01,262,121.61
abs,2020-11-01,262,103.068
abs,2020-12-01,262,102.581
abs,2021-01-01,262,105.526
abs,2021-02-01,262,95.872
abs,2021-03-01,262,113.882
abs,2021-04-01,262,119.683
abs,2021-05-01,262,108.425
abs,2021-06-01,262,142.456
abs,2021-07-01,262,131.214
abs,2021-08-01,262,128.404
abs,2021-09-01,262,116.645
abs,2021-10-01,262,134.557
abs,2021-11-01,262,111.556
abs,2021-12-01,262,115.471
abs,2022-01-01,262,119.903
abs,2022-02-01,262,105.642
abs,2022-03-01,262,121.015
abs,2022-04-01,262,134.142
abs,2022-05-01,262,114.978
abs,2022-06-01,262,156.392
abs,2022-07-01,262,142.931
abs,2022-08-01,262,143.523
abs,2022-09-01,262,128.095
abs,2022-10-01,262,124.589
abs,2022-11-01,262,108.622
abs,2022-12-01,262,105.061
abs,2023-01-01,262,103.604
abs,2023-02-01,262,99.896
abs,2023-03-01,262,115.457
abs,2023-04-01,262,121.752
abs,2023-05-01,262,107.634
abs,2023-06-01,262,140.218
abs,2023-07-01,262,167.41
abs,2023-08-01,262,163.271
abs,2023-09-01,262,147.199
abs,2023-10-01,262,155.073
abs,2023-11-01,262,137.286
abs,2023-12-01,262,114.811
abs,2024-01-01,262,117.796
abs,2024-02-01,262,106.434
abs,2024-03-01,262,135.285
abs,2024-04-01,262,142.414
abs,2024-05-01,262,122.223
abs,2024-06-01,262,161.088
abs,2024-07-01,262,200.557
abs,2024-08-01,262,188.945
abs,2024-09-01,262,166.472
abs,2024-10-01,262,170.994
abs,2024-11-01,262,151.015
abs,2024-12-01,262,134.857
abs,2025-01-01,262,134.601
abs,2025-02-01,262,114.527
abs,2025-03-01,262,146.567
abs,2025-04-01,262,152.049
abs,2025-05-01,262,129.557
abs,2025-06-01,262,166.175
abs,2025-07-01,262,205.408
abs,2025-08-01,262,199.187
abs,2025-09-01,262,173.226
abs,2025-10-01,262,174.325
abs,2025-11-01,262,153.537
abs,2025-12-01,262,140.724
abs,2026-01-01,262,138.054
abs,2026-02-01,262,110.864
abs,2026-03-01,262,139.542
abs,2026-04-01,262,164.947
abs,2026-05-01,262,115.66
abs,2026-06-01,262,170.049
growth_yoy,2016-01-01,262,-4.726
growth_yoy,2016-02-01,262,9.996
growth_yoy,2016-03-01,262,17.086
growth_yoy,2016-04-01,262,8.727
growth_yoy,2016-05-01,262,2.813
growth_yoy,2016-06-01,262,1.04
growth_yoy,2016-07-01,262,-5.884
growth_yoy,2016-08-01,262,0.116
growth_yoy,2016-09-01,262,1.894
growth_yoy,2016-10-01,262,8.065
growth_yoy,2016-11-01,262,14.11
growth_yoy,2016-12-01,262,3.272
growth_yoy,2017-01-01,262,-7.061
growth_yoy,2017-02-01,262,4.108
growth_yoy,2017-03-01,262,1.217
growth_yoy,2017-04-01,262,-10.426
growth_yoy,2017-05-01,262,-8.641
growth_yoy,2017-06-01,262,-5.81
growth_yoy,2017-07-01,262,-14.249
growth_yoy,2017-08-01,262,-18.264
growth_yoy,2017-09-01,262,-12.309
growth_yoy,2017-10-01,262,-12.398
growth_yoy,2017-11-01,262,1.042
growth_yoy,2017-12-01,262,1.681
growth_yoy,2018-01-01,262,13.278
growth_yoy,2018-02-01,262,-6.379
growth_yoy,2018-03-01,262,-1.544
growth_yoy,2018-04-01,262,-1.942
growth_yoy,2018-05-01,262,3.381
growth_yoy,2018-06-01,262,6.765
growth_yoy,2018-07-01,262,2.741
growth_yoy,2018-08-01,262,13.564
growth_yoy,2018-09-01,262,6.307
growth_yoy,2018-10-01,262,7.451
growth_yoy,2018-11-01,262,0.25
growth_yoy,2018-12-01,262,5.256
growth_yoy,2019-01-01,262,-1.201
growth_yoy,2019-02-01,262,6.186
growth_yoy,2019-03-01,262,6.009
growth_yoy,2019-04-01,262,11.454
growth_yoy,2019-05-01,262,20.569
growth_yoy,2019-06-01,262,3.921
growth_yoy,2019-07-01,262,14.028
growth_yoy,2019-08-01,262,19.818
growth_yoy,2019-09-01,262,1.031
growth_yoy,2019-10-01,262,2.39
growth_yoy,2019-11-01,262,-9.726
growth_yoy,2019-12-01,262,-11.907
growth_yoy,2020-01-01,262,-5.135
growth_yoy,2020-02-01,262,-5.001
growth_yoy,2020-03-01,262,-9.514
growth_yoy,2020-04-01,262,-51.275
growth_yoy,2020-05-01,262,-20.273
growth_yoy,2020-06-01,262,11.019
growth_yoy,2020-07-01,262,14.541
growth_yoy,2020-08-01,262,8.388
growth_yoy,2020-09-01,262,14.515
growth_yoy,2020-10-01,262,7.774
growth_yoy,2020-11-01,262,10.076
growth_yoy,2020-12-01,262,11.515
growth_yoy,2021-01-01,262,3.975
growth_yoy,2021-02-01,262,3.999
growth_yoy,2021-03-01,262,21.027
growth_yoy,2021-04-01,262,127.562
growth_yoy,2021-05-01,262,17.904
growth_yoy,2021-06-01,262,11.491
growth_yoy,2021-07-01,262,3.467
growth_yoy,2021-08-01,262,4.458
growth_yoy,2021-09-01,262,3.753
growth_yoy,2021-10-01,262,10.646
growth_yoy,2021-11-01,262,8.235
growth_yoy,2021-12-01,262,12.565
growth_yoy,2022-01-01,262,13.625
growth_yoy,2022-02-01,262,10.191
growth_yoy,2022-03-01,262,6.264
growth_yoy,2022-04-01,262,12.081
growth_yoy,2022-05-01,262,6.044
growth_yoy,2022-06-01,262,9.783
growth_yoy,2022-07-01,262,8.93
growth_yoy,2022-08-01,262,11.775
growth_yoy,2022-09-01,262,9.816
growth_yoy,2022-10-01,262,-7.408
growth_yoy,2022-11-01,262,-2.63
growth_yoy,2022-12-01,262,-9.015
growth_yoy,2023-01-01,262,-13.594
growth_yoy,2023-02-01,262,-5.439
growth_yoy,2023-03-01,262,-4.593
growth_yoy,2023-04-01,262,-9.237
growth_yoy,2023-05-01,262,-6.388
growth_yoy,2023-06-01,262,-10.342
growth_yoy,2023-07-01,262,17.126
growth_yoy,2023-08-01,262,13.759
growth_yoy,2023-09-01,262,14.914
growth_yoy,2023-10-01,262,24.467
growth_yoy,2023-11-01,262,26.389
growth_yoy,2023-12-01,262,9.281
growth_yoy,2024-01-01,262,13.698
growth_yoy,2024-02-01,262,6.544
growth_yoy,2024-03-01,262,17.173
growth_yoy,2024-04-01,262,16.971
growth_yoy,2024-05-01,262,13.554
growth_yoy,2024-06-01,262,14.884
growth_yoy,2024-07-01,262,19.8
growth_yoy,2024-08-01,262,15.725
growth_yoy,2024-09-01,262,13.093
growth_yoy,2024-10-01,262,10.267
growth_yoy,2024-11-01,262,10.0
growth_yoy,2024-12-01,262,17.459
growth_yoy,2025-01-01,262,14.267
growth_yoy,2025-02-01,262,7.604
growth_yoy,2025-03-01,262,8.339
growth_yoy,2025-04-01,262,6.766
growth_yoy,2025-05-01,262,6.001
growth_yoy,2025-06-01,262,3.158
growth_yoy,2025-07-01,262,2.419
growth_yoy,2025-08-01,262,5.421
growth_yoy,2025-09-01,262,4.057
growth_yoy,2025-10-01,262,1.948
growth_yoy,2025-11-01,262,1.67
growth_yoy,2025-12-01,262,4.351
growth_yoy,2026-01-01,262,2.565
growth_yoy,2026-02-01,262,-3.198
growth_yoy,2026-03-01,262,-4.793
growth_yoy,2026-04-01,262,8.483
growth_yoy,2026-05-01,262,-10.727
growth_yoy,2026-06-01,262,2.331
growth_mom,2015-02-01,262,-21.044
growth_mom,2015-03-01,262,-1.37
growth_mom,2015-04-01,262,20.624
growth_mom,2015-05-01,262,-2.851
growth_mom,2015-06-01,262,10.635
growth_mom,2015-07-01,262,7.434
growth_mom,2015-08-01,262,-13.02
growth_mom,2015-09-01,262,0.441
growth_mom,2015-10-01,262,5.903
growth_mom,2015-11-01,262,-17.174
growth_mom,2015-12-01,262,5.284
growth_mom,2016-01-01,262,8.87
growth_mom,2016-02-01,262,-8.844
growth_mom,2016-03-01,262,4.988
growth_mom,2016-04-01,262,12.012
growth_mom,2016-05-01,262,-8.136
growth_mom,2016-06-01,262,8.728
growth_mom,2016-07-01,262,0.073
growth_mom,2016-08-01,262,-7.475
growth_mom,2016-09-01,262,2.224
growth_mom,2016-10-01,262,12.316
growth_mom,2016-11-01,262,-12.54
growth_mom,2016-12-01,262,-4.716
growth_mom,2017-01-01,262,-2.024
growth_mom,2017-02-01,262,2.111
growth_mom,2017-03-01,262,2.071
growth_mom,2017-04-01,262,-0.872
growth_mom,2017-05-01,262,-6.305
growth_mom,2017-06-01,262,12.097
growth_mom,2017-07-01,262,-8.893
growth_mom,2017-08-01,262,-11.807
growth_mom,2017-09-01,262,9.671
growth_mom,2017-10-01,262,12.202
growth_mom,2017-11-01,262,0.878
growth_mom,2017-12-01,262,-4.113
growth_mom,2018-01-01,262,9.15
growth_mom,2018-02-01,262,-15.608
growth_mom,2018-03-01,262,7.342
growth_mom,2018-04-01,262,-1.272
growth_mom,2018-05-01,262,-1.219
growth_mom,2018-06-01,262,15.765
growth_mom,2018-07-01,262,-12.327
growth_mom,2018-08-01,262,-2.517
growth_mom,2018-09-01,262,2.663
growth_mom,2018-10-01,262,13.41
growth_mom,2018-11-01,262,-5.883
growth_mom,2018-12-01,262,0.676
growth_mom,2019-01-01,262,2.454
growth_mom,2019-02-01,262,-9.297
growth_mom,2019-03-01,262,7.163
growth_mom,2019-04-01,262,3.798
growth_mom,2019-05-01,262,6.86
growth_mom,2019-06-01,262,-0.219
growth_mom,2019-07-01,262,-3.801
growth_mom,2019-08-01,262,2.433
growth_mom,2019-09-01,262,-13.434
growth_mom,2019-10-01,262,14.935
growth_mom,2019-11-01,262,-17.02
growth_mom,2019-12-01,262,-1.756
growth_mom,2020-01-01,262,10.329
growth_mom,2020-02-01,262,-9.169
growth_mom,2020-03-01,262,2.072
growth_mom,2020-04-01,262,-44.106
growth_mom,2020-05-01,262,74.85
growth_mom,2020-06-01,262,38.944
growth_mom,2020-07-01,262,-0.749
growth_mom,2020-08-01,262,-3.069
growth_mom,2020-09-01,262,-8.54
growth_mom,2020-10-01,262,8.169
growth_mom,2020-11-01,262,-15.247
growth_mom,2020-12-01,262,-0.473
growth_mom,2021-01-01,262,2.87
growth_mom,2021-02-01,262,-9.148
growth_mom,2021-03-01,262,18.785
growth_mom,2021-04-01,262,5.095
growth_mom,2021-05-01,262,-9.407
growth_mom,2021-06-01,262,31.386
growth_mom,2021-07-01,262,-7.892
growth_mom,2021-08-01,262,-2.142
growth_mom,2021-09-01,262,-9.157
growth_mom,2021-10-01,262,15.356
growth_mom,2021-11-01,262,-17.094
growth_mom,2021-12-01,262,3.509
growth_mom,2022-01-01,262,3.839
growth_mom,2022-02-01,262,-11.893
growth_mom,2022-03-01,262,14.552
growth_mom,2022-04-01,262,10.847
growth_mom,2022-05-01,262,-14.286
growth_mom,2022-06-01,262,36.019
growth_mom,2022-07-01,262,-8.607
growth_mom,2022-08-01,262,0.414
growth_mom,2022-09-01,262,-10.749
growth_mom,2022-10-01,262,-2.737
growth_mom,2022-11-01,262,-12.816
growth_mom,2022-12-01,262,-3.278
growth_mom,2023-01-01,262,-1.387
growth_mom,2023-02-01,262,-3.579
growth_mom,2023-03-01,262,15.578
growth_mom,2023-04-01,262,5.452
growth_mom,2023-05-01,262,-11.596
growth_mom,2023-06-01,262,30.273
growth_mom,2023-07-01,262,19.393
growth_mom,2023-08-01,262,-2.472
growth_mom,2023-09-01,262,-9.843
growth_mom,2023-10-01,262,5.349
growth_mom,2023-11-01,262,-11.47
growth_mom,2023-12-01,262,-16.371
growth_mom,2024-01-01,262,2.599
growth_mom,2024-02-01,262,-9.646
growth_mom,2024-03-01,262,27.107
growth_mom,2024-04-01,262,5.27
growth_mom,2024-05-01,262,-14.178
growth_mom,2024-06-01,262,31.798
growth_mom,2024-07-01,262,24.502
growth_mom,2024-08-01,262,-5.79
growth_mom,2024-09-01,262,-11.894
growth_mom,2024-10-01,262,2.716
growth_mom,2024-11-01,262,-11.684
growth_mom,2024-12-01,262,-10.7
growth_mom,2025-01-01,262,-0.189
growth_mom,2025-02-01,262,-14.914
growth_mom,2025-03-01,262,27.975
growth_mom,2025-04-01,262,3.741
growth_mom,2025-05-01,262,-14.793
growth_mom,2025-06-01,262,28.264
growth_mom,2025-07-01,262,23.609
growth_mom,2025-08-01,262,-3.029
growth_mom,2025-09-01,262,-13.034
growth_mom,2025-10-01,262,0.634
growth_mom,2025-11-01,262,-11.925
growth_mom,2025-12-01,262,-8.345
growth_mom,2026-01-01,262,-1.898
growth_mom,2026-02-01,262,-19.695
growth_mom,2026-03-01,262,25.867
growth_mom,2026-04-01,262,18.206
growth_mom,2026-05-01,262,-29.88
growth_mom,2026-06-01,262,47.025
abs,2015-01-01,263,103.168
abs,2015-02-01,263,79.978
abs,2015-03-01,263,119.241
abs,2015-04-01,263,113.142
abs,2015-05-01,263,87.142
abs,2015-06-01,263,101.361
abs,2015-07-01,263,94.901
abs,2015-08-01,263,89.457
abs,2015-09-01,263,116.267
abs,2015-10-01,263,106.873
abs,2015-11-01,263,86.638
abs,2015-12-01,263,101.831
abs,2016-01-01,263,88.233
abs,2016-02-01,263,78.285
abs,2016-03-01,263,112.307
abs,2016-04-01,263,119.601
abs,2016-05-01,263,91.686
abs,2016-06-01,263,101.71
abs,2016-07-01,263,105.056
abs,2016-08-01,263,102.99
abs,2016-09-01,263,118.871
abs,2016-10-01,263,117.258
abs,2016-11-01,263,92.302
abs,2016-12-01,263,107.802
abs,2017-01-01,263,93.155
abs,2017-02-01,263,79.442
abs,2017-03-01,263,111.069
abs,2017-04-01,263,102.224
abs,2017-05-01,263,87.86
abs,2017-06-01,263,102.496
abs,2017-07-01,263,111.545
abs,2017-08-01,263,101.421
abs,2017-09-01,263,115.596
abs,2017-10-01,263,121.781
abs,2017-11-01,263,110.603
abs,2017-12-01,263,109.138
abs,2018-01-01,263,105.466
abs,2018-02-01,263,94.461
abs,2018-03-01,263,99.678
abs,2018-04-01,263,110.073
abs,2018-05-01,263,101.684
abs,2018-06-01,263,112.893
abs,2018-07-01,263,115.859
abs,2018-08-01,263,106.978
abs,2018-09-01,263,119.174
abs,2018-10-01,263,122.708
abs,2018-11-01,263,114.252
abs,2018-12-01,263,123.959
abs,2019-01-01,263,118.706
abs,2019-02-01,263,97.131
abs,2019-03-01,263,101.834
abs,2019-04-01,263,111.1
abs,2019-05-01,263,117.877
abs,2019-06-01,263,122.477
abs,2019-07-01,263,133.343
abs,2019-08-01,263,97.782
abs,2019-09-01,263,125.554
abs,2019-10-01,263,129.049
abs,2019-11-01,263,112.315
abs,2019-12-01,263,132.263
abs,2020-01-01,263,125.953
abs,2020-02-01,263,103.866
abs,2020-03-01,263,90.297
abs,2020-04-01,263,44.121
abs,2020-05-01,263,93.288
abs,2020-06-01,263,143.022
abs,2020-07-01,263,138.647
abs,2020-08-01,263,100.767
abs,2020-09-01,263,115.457
abs,2020-10-01,263,138.801
abs,2020-11-01,263,118.719
abs,2020-12-01,263,121.809
abs,2021-01-01,263,128.632
abs,2021-02-01,263,109.192
abs,2021-03-01,263,84.582
abs,2021-04-01,263,73.025
abs,2021-05-01,263,77.819
abs,2021-06-01,263,92.813
abs,2021-07-01,263,107.665
abs,2021-08-01,263,83.804
abs,2021-09-01,263,98.008
abs,2021-10-01,263,109.405
abs,2021-11-01,263,101.529
abs,2021-12-01,263,100.004
abs,2022-01-01,263,107.856
abs,2022-02-01,263,95.126
abs,2022-03-01,263,91.746
abs,2022-04-01,263,83.434
abs,2022-05-01,263,90.412
abs,2022-06-01,263,92.093
abs,2022-07-01,263,97.651
abs,2022-08-01,263,101.224
abs,2022-09-01,263,93.797
abs,2022-10-01,263,97.419
abs,2022-11-01,263,87.507
abs,2022-12-01,263,106.604
abs,2023-01-01,263,101.322
abs,2023-02-01,263,108.384
abs,2023-03-01,263,109.843
abs,2023-04-01,263,97.876
abs,2023-05-01,263,114.98
abs,2023-06-01,263,119.308
abs,2023-07-01,263,127.147
abs,2023-08-01,263,129.031
abs,2023-09-01,263,112.455
abs,2023-10-01,263,115.002
abs,2023-11-01,263,106.355
abs,2023-12-01,263,106.985
abs,2024-01-01,263,99.877
abs,2024-02-01,263,112.859
abs,2024-03-01,263,112.778
abs,2024-04-01,263,104.561
abs,2024-05-01,263,120.871
abs,2024-06-01,263,113.146
abs,2024-07-01,263,114.815
abs,2024-08-01,263,107.945
abs,2024-09-01,263,117.651
abs,2024-10-01,263,102.927
abs,2024-11-01,263,106.44
abs,2024-12-01,263,99.154
abs,2025-01-01,263,78.79
abs,2025-02-01,263,89.028
abs,2025-03-01,263,87.975
abs,2025-04-01,263,82.217
abs,2025-05-01,263,103.848
abs,2025-06-01,263,106.824
abs,2025-07-01,263,104.309
abs,2025-08-01,263,99.299
abs,2025-09-01,263,110.367
abs,2025-10-01,263,103.522
abs,2025-11-01,263,105.54
abs,2025-12-01,263,97.732
abs,2026-01-01,263,77.4
abs,2026-02-01,263,90.311
abs,2026-03-01,263,91.093
abs,2026-04-01,263,87.477
abs,2026-05-01,263,113.899
abs,2026-06-01,263,113.822
growth_yoy,2016-01-01,263,-14.476
growth_yoy,2016-02-01,263,-2.117
growth_yoy,2016-03-01,263,-5.815
growth_yoy,2016-04-01,263,5.709
growth_yoy,2016-05-01,263,5.214
growth_yoy,2016-06-01,263,0.345
growth_yoy,2016-07-01,263,10.7
growth_yoy,2016-08-01,263,15.128
growth_yoy,2016-09-01,263,2.24
growth_yoy,2016-10-01,263,9.717
growth_yoy,2016-11-01,263,6.537
growth_yoy,2016-12-01,263,5.864
growth_yoy,2017-01-01,263,5.579
growth_yoy,2017-02-01,263,1.478
growth_yoy,2017-03-01,263,-1.102
growth_yoy,2017-04-01,263,-14.529
growth_yoy,2017-05-01,263,-4.173
growth_yoy,2017-06-01,263,0.773
growth_yoy,2017-07-01,263,6.177
growth_yoy,2017-08-01,263,-1.524
growth_yoy,2017-09-01,263,-2.755
growth_yoy,2017-10-01,263,3.857
growth_yoy,2017-11-01,263,19.827
growth_yoy,2017-12-01,263,1.239
growth_yoy,2018-01-01,263,13.216
growth_yoy,2018-02-01,263,18.906
growth_yoy,2018-03-01,263,-10.256
growth_yoy,2018-04-01,263,7.678
growth_yoy,2018-05-01,263,15.735
growth_yoy,2018-06-01,263,10.144
growth_yoy,2018-07-01,263,3.867
growth_yoy,2018-08-01,263,5.479
growth_yoy,2018-09-01,263,3.095
growth_yoy,2018-10-01,263,0.761
growth_yoy,2018-11-01,263,3.299
growth_yoy,2018-12-01,263,13.58
growth_yoy,2019-01-01,263,12.554
growth_yoy,2019-02-01,263,2.826
growth_yoy,2019-03-01,263,2.163
growth_yoy,2019-04-01,263,0.934
growth_yoy,2019-05-01,263,15.924
growth_yoy,2019-06-01,263,8.49
growth_yoy,2019-07-01,263,15.091
growth_yoy,2019-08-01,263,-8.596
growth_yoy,2019-09-01,263,5.353
growth_yoy,2019-10-01,263,5.167
growth_yoy,2019-11-01,263,-1.695
growth_yoy,2019-12-01,263,6.699
growth_yoy,2020-01-01,263,6.105
growth_yoy,2020-02-01,263,6.934
growth_yoy,2020-03-01,263,-11.329
growth_yoy,2020-04-01,263,-60.287
growth_yoy,2020-05-01,263,-20.86
growth_yoy,2020-06-01,263,16.775
growth_yoy,2020-07-01,263,3.977
growth_yoy,2020-08-01,263,3.053
growth_yoy,2020-09-01,263,-8.041
growth_yoy,2020-10-01,263,7.557
growth_yoy,2020-11-01,263,5.702
growth_yoy,2020-12-01,263,-7.904
growth_yoy,2021-01-01,263,2.127
growth_yoy,2021-02-01,263,5.127
growth_yoy,2021-03-01,263,-6.329
growth_yoy,2021-04-01,263,65.511
growth_yoy,2021-05-01,263,-16.582
growth_yoy,2021-06-01,263,-35.106
growth_yoy,2021-07-01,263,-22.346
growth_yoy,2021-08-01,263,-16.834
growth_yoy,2021-09-01,263,-15.113
growth_yoy,2021-10-01,263,-21.178
growth_yoy,2021-11-01,263,-14.48
growth_yoy,2021-12-01,263,-17.901
growth_yoy,2022-01-01,263,-16.152
growth_yoy,2022-02-01,263,-12.882
growth_yoy,2022-03-01,263,8.47
growth_yoy,2022-04-01,263,14.253
growth_yoy,2022-05-01,263,16.182
growth_yoy,2022-06-01,263,-0.776
growth_yoy,2022-07-01,263,-9.301
growth_yoy,2022-08-01,263,20.787
growth_yoy,2022-09-01,263,-4.296
growth_yoy,2022-10-01,263,-10.955
growth_yoy,2022-11-01,263,-13.811
growth_yoy,2022-12-01,263,6.599
growth_yoy,2023-01-01,263,-6.058
growth_yoy,2023-02-01,263,13.937
growth_yoy,2023-03-01,263,19.726
growth_yoy,2023-04-01,263,17.31
growth_yoy,2023-05-01,263,27.174
growth_yoy,2023-06-01,263,29.551
growth_yoy,2023-07-01,263,30.206
growth_yoy,2023-08-01,263,27.471
growth_yoy,2023-09-01,263,19.891
growth_yoy,2023-10-01,263,18.049
growth_yoy,2023-11-01,263,21.539
growth_yoy,2023-12-01,263,0.357
growth_yoy,2024-01-01,263,-1.426
growth_yoy,2024-02-01,263,4.129
growth_yoy,2024-03-01,263,2.672
growth_yoy,2024-04-01,263,6.83
growth_yoy,2024-05-01,263,5.123
growth_yoy,2024-06-01,263,-5.164
growth_yoy,2024-07-01,263,-9.699
growth_yoy,2024-08-01,263,-16.342
growth_yoy,2024-09-01,263,4.62
growth_yoy,2024-10-01,263,-10.5
growth_yoy,2024-11-01,263,0.081
growth_yoy,2024-12-01,263,-7.319
growth_yoy,2025-01-01,263,-21.113
growth_yoy,2025-02-01,263,-21.116
growth_yoy,2025-03-01,263,-21.992
growth_yoy,2025-04-01,263,-21.37
growth_yoy,2025-05-01,263,-14.084
growth_yoy,2025-06-01,263,-5.588
growth_yoy,2025-07-01,263,-9.15
growth_yoy,2025-08-01,263,-8.01
growth_yoy,2025-09-01,263,-6.191
growth_yoy,2025-10-01,263,0.578
growth_yoy,2025-11-01,263,-0.846
growth_yoy,2025-12-01,263,-1.434
growth_yoy,2026-01-01,263,-1.764
growth_yoy,2026-02-01,263,1.442
growth_yoy,2026-03-01,263,3.544
growth_yoy,2026-04-01,263,6.397
growth_yoy,2026-05-01,263,9.679
growth_yoy,2026-06-01,263,6.55
growth_mom,2015-02-01,263,-22.478
growth_mom,2015-03-01,263,49.092
growth_mom,2015-04-01,263,-5.115
growth_mom,2015-05-01,263,-22.98
growth_mom,2015-06-01,263,16.316
growth_mom,2015-07-01,263,-6.373
growth_mom,2015-08-01,263,-5.737
growth_mom,2015-09-01,263,29.969
growth_mom,2015-10-01,263,-8.079
growth_mom,2015-11-01,263,-18.933
growth_mom,2015-12-01,263,17.536
growth_mom,2016-01-01,263,-13.354
growth_mom,2016-02-01,263,-11.275
growth_mom,2016-03-01,263,43.459
growth_mom,2016-04-01,263,6.495
growth_mom,2016-05-01,263,-23.34
growth_mom,2016-06-01,263,10.933
growth_mom,2016-07-01,263,3.29
growth_mom,2016-08-01,263,-1.967
growth_mom,2016-09-01,263,15.42
growth_mom,2016-10-01,263,-1.357
growth_mom,2016-11-01,263,-21.283
growth_mom,2016-12-01,263,16.793
growth_mom,2017-01-01,263,-13.587
growth_mom,2017-02-01,263,-14.721
growth_mom,2017-03-01,263,39.811
growth_mom,2017-04-01,263,-7.964
growth_mom,2017-05-01,263,-14.051
growth_mom,2017-06-01,263,16.658
growth_mom,2017-07-01,263,8.829
growth_mom,2017-08-01,263,-9.076
growth_mom,2017-09-01,263,13.977
growth_mom,2017-10-01,263,5.351
growth_mom,2017-11-01,263,-9.179
growth_mom,2017-12-01,263,-1.324
growth_mom,2018-01-01,263,-3.364
growth_mom,2018-02-01,263,-10.434
growth_mom,2018-03-01,263,5.522
growth_mom,2018-04-01,263,10.428
growth_mom,2018-05-01,263,-7.621
growth_mom,2018-06-01,263,11.023
growth_mom,2018-07-01,263,2.627
growth_mom,2018-08-01,263,-7.665
growth_mom,2018-09-01,263,11.4
growth_mom,2018-10-01,263,2.966
growth_mom,2018-11-01,263,-6.892
growth_mom,2018-12-01,263,8.497
growth_mom,2019-01-01,263,-4.238
growth_mom,2019-02-01,263,-18.175
growth_mom,2019-03-01,263,4.842
growth_mom,2019-04-01,263,9.099
growth_mom,2019-05-01,263,6.1
growth_mom,2019-06-01,263,3.902
growth_mom,2019-07-01,263,8.872
growth_mom,2019-08-01,263,-26.669
growth_mom,2019-09-01,263,28.402
growth_mom,2019-10-01,263,2.784
growth_mom,2019-11-01,263,-12.967
growth_mom,2019-12-01,263,17.761
growth_mom,2020-01-01,263,-4.771
growth_mom,2020-02-01,263,-17.536
growth_mom,2020-03-01,263,-13.065
growth_mom,2020-04-01,263,-51.137
growth_mom,2020-05-01,263,111.434
growth_mom,2020-06-01,263,53.313
growth_mom,2020-07-01,263,-3.059
growth_mom,2020-08-01,263,-27.321
growth_mom,2020-09-01,263,14.578
growth_mom,2020-10-01,263,20.218
growth_mom,2020-11-01,263,-14.468
growth_mom,2020-12-01,263,2.603
growth_mom,2021-01-01,263,5.602
growth_mom,2021-02-01,263,-15.113
growth_mom,2021-03-01,263,-22.539
growth_mom,2021-04-01,263,-13.663
growth_mom,2021-05-01,263,6.564
growth_mom,2021-06-01,263,19.268
growth_mom,2021-07-01,263,16.002
growth_mom,2021-08-01,263,-22.163
growth_mom,2021-09-01,263,16.95
growth_mom,2021-10-01,263,11.629
growth_mom,2021-11-01,263,-7.199
growth_mom,2021-12-01,263,-1.502
growth_mom,2022-01-01,263,7.851
growth_mom,2022-02-01,263,-11.803
growth_mom,2022-03-01,263,-3.553
growth_mom,2022-04-01,263,-9.06
growth_mom,2022-05-01,263,8.364
growth_mom,2022-06-01,263,1.86
growth_mom,2022-07-01,263,6.035
growth_mom,2022-08-01,263,3.659
growth_mom,2022-09-01,263,-7.337
growth_mom,2022-10-01,263,3.861
growth_mom,2022-11-01,263,-10.175
growth_mom,2022-12-01,263,21.823
growth_mom,2023-01-01,263,-4.955
growth_mom,2023-02-01,263,6.97
growth_mom,2023-03-01,263,1.346
growth_mom,2023-04-01,263,-10.894
growth_mom,2023-05-01,263,17.475
growth_mom,2023-06-01,263,3.764
growth_mom,2023-07-01,263,6.571
growth_mom,2023-08-01,263,1.482
growth_mom,2023-09-01,263,-12.847
growth_mom,2023-10-01,263,2.265
growth_mom,2023-11-01,263,-7.52
growth_mom,2023-12-01,263,0.592
growth_mom,2024-01-01,263,-6.644
growth_mom,2024-02-01,263,12.998
growth_mom,2024-03-01,263,-0.072
growth_mom,2024-04-01,263,-7.286
growth_mom,2024-05-01,263,15.598
growth_mom,2024-06-01,263,-6.391
growth_mom,2024-07-01,263,1.474
growth_mom,2024-08-01,263,-5.983
growth_mom,2024-09-01,263,8.991
growth_mom,2024-10-01,263,-12.515
growth_mom,2024-11-01,263,3.414
growth_mom,2024-12-01,263,-6.845
growth_mom,2025-01-01,263,-20.538
growth_mom,2025-02-01,263,12.994
growth_mom,2025-03-01,263,-1.182
growth_mom,2025-04-01,263,-6.545
growth_mom,2025-05-01,263,26.309
growth_mom,2025-06-01,263,2.866
growth_mom,2025-07-01,263,-2.354
growth_mom,2025-08-01,263,-4.804
growth_mom,2025-09-01,263,11.147
growth_mom,2025-10-01,263,-6.202
growth_mom,2025-11-01,263,1.949
growth_mom,2025-12-01,263,-7.398
growth_mom,2026-01-01,263,-20.804
growth_mom,2026-02-01,263,16.681
growth_mom,2026-03-01,263,0.866
growth_mom,2026-04-01,263,-3.97
growth_mom,2026-05-01,263,30.205
growth_mom,2026-06-01,263,-0.068
abs,2015-01-01,264,90.949
abs,2015-02-01,264,79.344
abs,2015-03-01,264,63.65
abs,2015-04-01,264,66.868
abs,2015-05-01,264,86.544
abs,2015-06-01,264,93.639
abs,2015-07-01,264,110.34
abs,2015-08-01,264,114.99
abs,2015-09-01,264,133.303
abs,2015-10-01,264,139.419
abs,2015-11-01,264,121.765
abs,2015-12-01,264,99.189
abs,2016-01-01,264,141.347
abs,2016-02-01,264,74.94
abs,2016-03-01,264,66.587
abs,2016-04-01,264,66.181
abs,2016-05-01,264,99.47
abs,2016-06-01,264,102.837
abs,2016-07-01,264,99.786
abs,2016-08-01,264,115.328
abs,2016-09-01,264,133.004
abs,2016-10-01,264,126.469
abs,2016-11-01,264,126.893
abs,2016-12-01,264,97.919
abs,2017-01-01,264,144.657
abs,2017-02-01,264,68.327
abs,2017-03-01,264,67.974
abs,2017-04-01,264,71.847
abs,2017-05-01,264,103.942
abs,2017-06-01,264,105.175
abs,2017-07-01,264,101.395
abs,2017-08-01,264,125.967
abs,2017-09-01,264,133.211
abs,2017-10-01,264,126.5
abs,2017-11-01,264,125.998
abs,2017-12-01,264,104.395
abs,2018-01-01,264,136.585
abs,2018-02-01,264,80.752
abs,2018-03-01,264,83.215
abs,2018-04-01,264,82.79
abs,2018-05-01,264,106.392
abs,2018-06-01,264,115.234
abs,2018-07-01,264,126.912
abs,2018-08-01,264,126.094
abs,2018-09-01,264,135.582
abs,2018-10-01,264,130.46
abs,2018-11-01,264,129.091
abs,2018-12-01,264,116.738
abs,2019-01-01,264,142.453
abs,2019-02-01,264,96.046
abs,2019-03-01,264,95.251
abs,2019-04-01,264,103.291
abs,2019-05-01,264,110.178
abs,2019-06-01,264,113.306
abs,2019-07-01,264,129.981
abs,2019-08-01,264,125.189
abs,2019-09-01,264,140.226
abs,2019-10-01,264,127.753
abs,2019-11-01,264,128.854
abs,2019-12-01,264,125.321
abs,2020-01-01,264,134.071
abs,2020-02-01,264,101.464
abs,2020-03-01,264,94.386
abs,2020-04-01,264,56.394
abs,2020-05-01,264,107.253
abs,2020-06-01,264,122.066
abs,2020-07-01,264,125.188
abs,2020-08-01,264,143.306
abs,2020-09-01,264,168.941
abs,2020-10-01,264,143.009
abs,2020-11-01,264,145.659
abs,2020-12-01,264,162.984
abs,2021-01-01,264,171.443
abs,2021-02-01,264,126.288
abs,2021-03-01,264,118.022
abs,2021-04-01,264,110.97
abs,2021-05-01,264,112.658
abs,2021-06-01,264,136.993
abs,2021-07-01,264,141.823
abs,2021-08-01,264,168.765
abs,2021-09-01,264,221.355
abs,2021-10-01,264,189.844
abs,2021-11-01,264,180.049
abs,2021-12-01,264,192.754
abs,2022-01-01,264,207.026
abs,2022-02-01,264,146.896
abs,2022-03-01,264,153.899
abs,2022-04-01,264,149.853
abs,2022-05-01,264,152.847
abs,2022-06-01,264,168.758
abs,2022-07-01,264,168.028
abs,2022-08-01,264,204.11
abs,2022-09-01,264,235.144
abs,2022-10-01,264,199.585
abs,2022-11-01,264,208.683
abs,2022-12-01,264,200.861
abs,2023-01-01,264,171.077
abs,2023-02-01,264,179.09
abs,2023-03-01,264,201.384
abs,2023-04-01,264,172.574
abs,2023-05-01,264,166.949
abs,2023-06-01,264,180.219
abs,2023-07-01,264,150.649
abs,2023-08-01,264,221.033
abs,2023-09-01,264,258.265
abs,2023-10-01,264,185.013
abs,2023-11-01,264,238.683
abs,2023-12-01,264,206.747
abs,2024-01-01,264,211.174
abs,2024-02-01,264,210.346
abs,2024-03-01,264,224.448
abs,2024-04-01,264,220.948
abs,2024-05-01,264,223.98
abs,2024-06-01,264,214.975
abs,2024-07-01,264,182.837
abs,2024-08-01,264,288.23
abs,2024-09-01,264,336.156
abs,2024-10-01,264,200.966
abs,2024-11-01,264,278.176
abs,2024-12-01,264,258.794
abs,2025-01-01,264,258.501
abs,2025-02-01,264,243.217
abs,2025-03-01,264,259.613
abs,2025-04-01,264,259.454
abs,2025-05-01,264,243.864
abs,2025-06-01,264,225.825
abs,2025-07-01,264,207.559
abs,2025-08-01,264,306.963
abs,2025-09-01,264,355.36
abs,2025-10-01,264,201.526
abs,2025-11-01,264,280.858
abs,2025-12-01,264,255.816
abs,2026-01-01,264,294.666
abs,2026-02-01,264,267.433
abs,2026-03-01,264,287.363
abs,2026-04-01,264,286.917
abs,2026-05-01,264,271.143
abs,2026-06-01,264,271.775
growth_yoy,2016-01-01,264,55.413
growth_yoy,2016-02-01,264,-5.551
growth_yoy,2016-03-01,264,4.614
growth_yoy,2016-04-01,264,-1.028
growth_yoy,2016-05-01,264,14.936
growth_yoy,2016-06-01,264,9.823
growth_yoy,2016-07-01,264,-9.565
growth_yoy,2016-08-01,264,0.294
growth_yoy,2016-09-01,264,-0.224
growth_yoy,2016-10-01,264,-9.289
growth_yoy,2016-11-01,264,4.212
growth_yoy,2016-12-01,264,-1.28
growth_yoy,2017-01-01,264,2.342
growth_yoy,2017-02-01,264,-8.824
growth_yoy,2017-03-01,264,2.083
growth_yoy,2017-04-01,264,8.561
growth_yoy,2017-05-01,264,4.496
growth_yoy,2017-06-01,264,2.274
growth_yoy,2017-07-01,264,1.612
growth_yoy,2017-08-01,264,9.225
growth_yoy,2017-09-01,264,0.156
growth_yoy,2017-10-01,264,0.025
growth_yoy,2017-11-01,264,-0.705
growth_yoy,2017-12-01,264,6.614
growth_yoy,2018-01-01,264,-5.58
growth_yoy,2018-02-01,264,18.184
growth_yoy,2018-03-01,264,22.421
growth_yoy,2018-04-01,264,15.23
growth_yoy,2018-05-01,264,2.357
growth_yoy,2018-06-01,264,9.564
growth_yoy,2018-07-01,264,25.166
growth_yoy,2018-08-01,264,0.101
growth_yoy,2018-09-01,264,1.78
growth_yoy,2018-10-01,264,3.13
growth_yoy,2018-11-01,264,2.454
growth_yoy,2018-12-01,264,11.824
growth_yoy,2019-01-01,264,4.297
growth_yoy,2019-02-01,264,18.94
growth_yoy,2019-03-01,264,14.464
growth_yoy,2019-04-01,264,24.763
growth_yoy,2019-05-01,264,3.559
growth_yoy,2019-06-01,264,-1.673
growth_yoy,2019-07-01,264,2.418
growth_yoy,2019-08-01,264,-0.717
growth_yoy,2019-09-01,264,3.425
growth_yoy,2019-10-01,264,-2.075
growth_yoy,2019-11-01,264,-0.184
growth_yoy,2019-12-01,264,7.352
growth_yoy,2020-01-01,264,-5.884
growth_yoy,2020-02-01,264,5.641
growth_yoy,2020-03-01,264,-0.908
growth_yoy,2020-04-01,264,-45.403
growth_yoy,2020-05-01,264,-2.655
growth_yoy,2020-06-01,264,7.731
growth_yoy,2020-07-01,264,-3.687
growth_yoy,2020-08-01,264,14.471
growth_yoy,2020-09-01,264,20.478
growth_yoy,2020-10-01,264,11.942
growth_yoy,2020-11-01,264,13.042
growth_yoy,2020-12-01,264,30.053
growth_yoy,2021-01-01,264,27.874
growth_yoy,2021-02-01,264,24.466
growth_yoy,2021-03-01,264,25.042
growth_yoy,2021-04-01,264,96.777
growth_yoy,2021-05-01,264,5.039
growth_yoy,2021-06-01,264,12.228
growth_yoy,2021-07-01,264,13.288
growth_yoy,2021-08-01,264,17.766
growth_yoy,2021-09-01,264,31.025
growth_yoy,2021-10-01,264,32.75
growth_yoy,2021-11-01,264,23.61
growth_yoy,2021-12-01,264,18.266
growth_yoy,2022-01-01,264,20.755
growth_yoy,2022-02-01,264,16.318
growth_yoy,2022-03-01,264,30.399
growth_yoy,2022-04-01,264,35.04
growth_yoy,2022-05-01,264,35.673
growth_yoy,2022-06-01,264,23.187
growth_yoy,2022-07-01,264,18.477
growth_yoy,2022-08-01,264,20.943
growth_yoy,2022-09-01,264,6.229
growth_yoy,2022-10-01,264,5.131
growth_yoy,2022-11-01,264,15.904
growth_yoy,2022-12-01,264,4.206
growth_yoy,2023-01-01,264,-17.364
growth_yoy,2023-02-01,264,21.916
growth_yoy,2023-03-01,264,30.855
growth_yoy,2023-04-01,264,15.162
growth_yoy,2023-05-01,264,9.227
growth_yoy,2023-06-01,264,6.792
growth_yoy,2023-07-01,264,-10.343
growth_yoy,2023-08-01,264,8.291
growth_yoy,2023-09-01,264,9.833
growth_yoy,2023-10-01,264,-7.301
growth_yoy,2023-11-01,264,14.376
growth_yoy,2023-12-01,264,2.93
growth_yoy,2024-01-01,264,23.438
growth_yoy,2024-02-01,264,17.453
growth_yoy,2024-03-01,264,11.453
growth_yoy,2024-04-01,264,28.031
growth_yoy,2024-05-01,264,34.16
growth_yoy,2024-06-01,264,19.285
growth_yoy,2024-07-01,264,21.367
growth_yoy,2024-08-01,264,30.402
growth_yoy,2024-09-01,264,30.159
growth_yoy,2024-10-01,264,8.623
growth_yoy,2024-11-01,264,16.546
growth_yoy,2024-12-01,264,25.174
growth_yoy,2025-01-01,264,22.411
growth_yoy,2025-02-01,264,15.627
growth_yoy,2025-03-01,264,15.667
growth_yoy,2025-04-01,264,17.428
growth_yoy,2025-05-01,264,8.878
growth_yoy,2025-06-01,264,5.047
growth_yoy,2025-07-01,264,13.521
growth_yoy,2025-08-01,264,6.499
growth_yoy,2025-09-01,264,5.713
growth_yoy,2025-10-01,264,0.279
growth_yoy,2025-11-01,264,0.964
growth_yoy,2025-12-01,264,-1.151
growth_yoy,2026-01-01,264,13.99
growth_yoy,2026-02-01,264,9.957
growth_yoy,2026-03-01,264,10.689
growth_yoy,2026-04-01,264,10.585
growth_yoy,2026-05-01,264,11.186
growth_yoy,2026-06-01,264,20.348
growth_mom,2015-02-01,264,-12.759
growth_mom,2015-03-01,264,-19.78
growth_mom,2015-04-01,264,5.055
growth_mom,2015-05-01,264,29.424
growth_mom,2015-06-01,264,8.199
growth_mom,2015-07-01,264,17.835
growth_mom,2015-08-01,264,4.215
growth_mom,2015-09-01,264,15.925
growth_mom,2015-10-01,264,4.588
growth_mom,2015-11-01,264,-12.663
growth_mom,2015-12-01,264,-18.54
growth_mom,2016-01-01,264,42.502
growth_mom,2016-02-01,264,-46.981
growth_mom,2016-03-01,264,-11.146
growth_mom,2016-04-01,264,-0.61
growth_mom,2016-05-01,264,50.3
growth_mom,2016-06-01,264,3.385
growth_mom,2016-07-01,264,-2.967
growth_mom,2016-08-01,264,15.575
growth_mom,2016-09-01,264,15.327
growth_mom,2016-10-01,264,-4.913
growth_mom,2016-11-01,264,0.335
growth_mom,2016-12-01,264,-22.833
growth_mom,2017-01-01,264,47.731
growth_mom,2017-02-01,264,-52.766
growth_mom,2017-03-01,264,-0.517
growth_mom,2017-04-01,264,5.698
growth_mom,2017-05-01,264,44.671
growth_mom,2017-06-01,264,1.186
growth_mom,2017-07-01,264,-3.594
growth_mom,2017-08-01,264,24.234
growth_mom,2017-09-01,264,5.751
growth_mom,2017-10-01,264,-5.038
growth_mom,2017-11-01,264,-0.397
growth_mom,2017-12-01,264,-17.146
growth_mom,2018-01-01,264,30.835
growth_mom,2018-02-01,264,-40.878
growth_mom,2018-03-01,264,3.05
growth_mom,2018-04-01,264,-0.511
growth_mom,2018-05-01,264,28.509
growth_mom,2018-06-01,264,8.311
growth_mom,2018-07-01,264,10.134
growth_mom,2018-08-01,264,-0.644
growth_mom,2018-09-01,264,7.524
growth_mom,2018-10-01,264,-3.778
growth_mom,2018-11-01,264,-1.05
growth_mom,2018-12-01,264,-9.569
growth_mom,2019-01-01,264,22.028
growth_mom,2019-02-01,264,-32.577
growth_mom,2019-03-01,264,-0.828
growth_mom,2019-04-01,264,8.44
growth_mom,2019-05-01,264,6.668
growth_mom,2019-06-01,264,2.839
growth_mom,2019-07-01,264,14.717
growth_mom,2019-08-01,264,-3.686
growth_mom,2019-09-01,264,12.011
growth_mom,2019-10-01,264,-8.895
growth_mom,2019-11-01,264,0.862
growth_mom,2019-12-01,264,-2.741
growth_mom,2020-01-01,264,6.982
growth_mom,2020-02-01,264,-24.321
growth_mom,2020-03-01,264,-6.976
growth_mom,2020-04-01,264,-40.252
growth_mom,2020-05-01,264,90.187
growth_mom,2020-06-01,264,13.811
growth_mom,2020-07-01,264,2.558
growth_mom,2020-08-01,264,14.473
growth_mom,2020-09-01,264,17.888
growth_mom,2020-10-01,264,-15.35
growth_mom,2020-11-01,264,1.853
growth_mom,2020-12-01,264,11.894
growth_mom,2021-01-01,264,5.19
growth_mom,2021-02-01,264,-26.338
growth_mom,2021-03-01,264,-6.546
growth_mom,2021-04-01,264,-5.975
growth_mom,2021-05-01,264,1.521
growth_mom,2021-06-01,264,21.601
growth_mom,2021-07-01,264,3.526
growth_mom,2021-08-01,264,18.997
growth_mom,2021-09-01,264,31.162
growth_mom,2021-10-01,264,-14.236
growth_mom,2021-11-01,264,-5.159
growth_mom,2021-12-01,264,7.057
growth_mom,2022-01-01,264,7.404
growth_mom,2022-02-01,264,-29.044
growth_mom,2022-03-01,264,4.767
growth_mom,2022-04-01,264,-2.629
growth_mom,2022-05-01,264,1.998
growth_mom,2022-06-01,264,10.41
growth_mom,2022-07-01,264,-0.432
growth_mom,2022-08-01,264,21.474
growth_mom,2022-09-01,264,15.204
growth_mom,2022-10-01,264,-15.122
growth_mom,2022-11-01,264,4.559
growth_mom,2022-12-01,264,-3.748
growth_mom,2023-01-01,264,-14.829
growth_mom,2023-02-01,264,4.684
growth_mom,2023-03-01,264,12.449
growth_mom,2023-04-01,264,-14.306
growth_mom,2023-05-01,264,-3.259
growth_mom,2023-06-01,264,7.948
growth_mom,2023-07-01,264,-16.408
growth_mom,2023-08-01,264,46.721
growth_mom,2023-09-01,264,16.844
growth_mom,2023-10-01,264,-28.363
growth_mom,2023-11-01,264,29.009
growth_mom,2023-12-01,264,-13.38
growth_mom,2024-01-01,264,2.141
growth_mom,2024-02-01,264,-0.392
growth_mom,2024-03-01,264,6.704
growth_mom,2024-04-01,264,-1.559
growth_mom,2024-05-01,264,1.372
growth_mom,2024-06-01,264,-4.02
growth_mom,2024-07-01,264,-14.95
growth_mom,2024-08-01,264,57.643
growth_mom,2024-09-01,264,16.628
growth_mom,2024-10-01,264,-40.216
growth_mom,2024-11-01,264,38.419
growth_mom,2024-12-01,264,-6.968
growth_mom,2025-01-01,264,-0.113
growth_mom,2025-02-01,264,-5.912
growth_mom,2025-03-01,264,6.741
growth_mom,2025-04-01,264,-0.061
growth_mom,2025-05-01,264,-6.009
growth_mom,2025-06-01,264,-7.397
growth_mom,2025-07-01,264,-8.088
growth_mom,2025-08-01,264,47.892
growth_mom,2025-09-01,264,15.766
growth_mom,2025-10-01,264,-43.29
growth_mom,2025-11-01,264,39.365
growth_mom,2025-12-01,264,-8.916
growth_mom,2026-01-01,264,15.187
growth_mom,2026-02-01,264,-9.242
growth_mom,2026-03-01,264,7.452
growth_mom,2026-04-01,264,-0.155
growth_mom,2026-05-01,264,-5.498
growth_mom,2026-06-01,264,0.233
abs,2015-01-01,265,88.02
abs,2015-02-01,265,94.973
abs,2015-03-01,265,101.823
abs,2015-04-01,265,99.57
abs,2015-05-01,265,104.636
abs,2015-06-01,265,106.644
abs,2015-07-01,265,105.759
abs,2015-08-01,265,73.199
abs,2015-09-01,265,110.221
abs,2015-10-01,265,107.918
abs,2015-11-01,265,111.241
abs,2015-12-01,265,95.996
abs,2016-01-01,265,88.606
abs,2016-02-01,265,103.042
abs,2016-03-01,265,120.465
abs,2016-04-01,265,104.364
abs,2016-05-01,265,116.283
abs,2016-06-01,265,119.281
abs,2016-07-01,265,109.801
abs,2016-08-01,265,89.664
abs,2016-09-01,265,122.687
abs,2016-10-01,265,112.56
abs,2016-11-01,265,129.235
abs,2016-12-01,265,114.844
abs,2017-01-01,265,86.474
abs,2017-02-01,265,104.975
abs,2017-03-01,265,122.931
abs,2017-04-01,265,99.928
abs,2017-05-01,265,114.426
abs,2017-06-01,265,112.31
abs,2017-07-01,265,109.587
abs,2017-08-01,265,92.068
abs,2017-09-01,265,119.861
abs,2017-10-01,265,114.533
abs,2017-11-01,265,131.11
abs,2017-12-01,265,112.013
abs,2018-01-01,265,108.52
abs,2018-02-01,265,117.819
abs,2018-03-01,265,119.504
abs,2018-04-01,265,111.003
abs,2018-05-01,265,120.066
abs,2018-06-01,265,123.023
abs,2018-07-01,265,115.952
abs,2018-08-01,265,111.54
abs,2018-09-01,265,129.299
abs,2018-10-01,265,130.942
abs,2018-11-01,265,136.608
abs,2018-12-01,265,121.286
abs,2019-01-01,265,105.33
abs,2019-02-01,265,103.902
abs,2019-03-01,265,116.126
abs,2019-04-01,265,102.653
abs,2019-05-01,265,106.164
abs,2019-06-01,265,120.005
abs,2019-07-01,265,129.206
abs,2019-08-01,265,123.607
abs,2019-09-01,265,128.389
abs,2019-10-01,265,126.856
abs,2019-11-01,265,133.559
abs,2019-12-01,265,141.436
abs,2020-01-01,265,117.54
abs,2020-02-01,265,110.204
abs,2020-03-01,265,104.571
abs,2020-04-01,265,37.193
abs,2020-05-01,265,103.95
abs,2020-06-01,265,129.486
abs,2020-07-01,265,130.854
abs,2020-08-01,265,127.342
abs,2020-09-01,265,134.486
abs,2020-10-01,265,131.331
abs,2020-11-01,265,138.71
abs,2020-12-01,265,142.241
abs,2021-01-01,265,121.286
abs,2021-02-01,265,120.401
abs,2021-03-01,265,121.341
abs,2021-04-01,265,109.648
abs,2021-05-01,265,117.669
abs,2021-06-01,265,148.057
abs,2021-07-01,265,132.552
abs,2021-08-01,265,131.192
abs,2021-09-01,265,138.243
abs,2021-10-01,265,137.459
abs,2021-11-01,265,148.656
abs,2021-12-01,265,152.476
abs,2022-01-01,265,130.608
abs,2022-02-01,265,124.588
abs,2022-03-01,265,129.458
abs,2022-04-01,265,128.405
abs,2022-05-01,265,137.866
abs,2022-06-01,265,164.273
abs,2022-07-01,265,149.23
abs,2022-08-01,265,170.851
abs,2022-09-01,265,169.143
abs,2022-10-01,265,157.088
abs,2022-11-01,265,178.182
abs,2022-12-01,265,180.338
abs,2023-01-01,265,156.075
abs,2023-02-01,265,149.528
abs,2023-03-01,265,154.422
abs,2023-04-01,265,131.13
abs,2023-05-01,265,142.1
abs,2023-06-01,265,175.473
abs,2023-07-01,265,158.188
abs,2023-08-01,265,177.585
abs,2023-09-01,265,197.361
abs,2023-10-01,265,178.106
abs,2023-11-01,265,191.896
abs,2023-12-01,265,195.678
abs,2024-01-01,265,167.774
abs,2024-02-01,265,138.189
abs,2024-03-01,265,138.199
abs,2024-04-01,265,112.623
abs,2024-05-01,265,129.76
abs,2024-06-01,265,132.871
abs,2024-07-01,265,122.255
abs,2024-08-01,265,164.556
abs,2024-09-01,265,178.698
abs,2024-10-01,265,163.049
abs,2024-11-01,265,188.25
abs,2024-12-01,265,192.915
abs,2025-01-01,265,161.163
abs,2025-02-01,265,138.92
abs,2025-03-01,265,126.115
abs,2025-04-01,265,106.129
abs,2025-05-01,265,122.177
abs,2025-06-01,265,128.3
abs,2025-07-01,265,120.169
abs,2025-08-01,265,166.274
abs,2025-09-01,265,195.832
abs,2025-10-01,265,204.886
abs,2025-11-01,265,230.303
abs,2025-12-01,265,237.704
abs,2026-01-01,265,203.446
abs,2026-02-01,265,179.23
abs,2026-03-01,265,164.197
abs,2026-04-01,265,135.472
abs,2026-05-01,265,157.837
abs,2026-06-01,265,167.661
growth_yoy,2016-01-01,265,0.665
growth_yoy,2016-02-01,265,8.496
growth_yoy,2016-03-01,265,18.308
growth_yoy,2016-04-01,265,4.814
growth_yoy,2016-05-01,265,11.132
growth_yoy,2016-06-01,265,11.849
growth_yoy,2016-07-01,265,3.822
growth_yoy,2016-08-01,265,22.495
growth_yoy,2016-09-01,265,11.309
growth_yoy,2016-10-01,265,4.302
growth_yoy,2016-11-01,265,16.175
growth_yoy,2016-12-01,265,19.634
growth_yoy,2017-01-01,265,-2.406
growth_yoy,2017-02-01,265,1.876
growth_yoy,2017-03-01,265,2.047
growth_yoy,2017-04-01,265,-4.25
growth_yoy,2017-05-01,265,-1.597
growth_yoy,2017-06-01,265,-5.844
growth_yoy,2017-07-01,265,-0.194
growth_yoy,2017-08-01,265,2.681
growth_yoy,2017-09-01,265,-2.303
growth_yoy,2017-10-01,265,1.752
growth_yoy,2017-11-01,265,1.451
growth_yoy,2017-12-01,265,-2.465
growth_yoy,2018-01-01,265,25.494
growth_yoy,2018-02-01,265,12.235
growth_yoy,2018-03-01,265,-2.787
growth_yoy,2018-04-01,265,11.083
growth_yoy,2018-05-01,265,4.929
growth_yoy,2018-06-01,265,9.539
growth_yoy,2018-07-01,265,5.809
growth_yoy,2018-08-01,265,21.149
growth_yoy,2018-09-01,265,7.874
growth_yoy,2018-10-01,265,14.327
growth_yoy,2018-11-01,265,4.194
growth_yoy,2018-12-01,265,8.278
growth_yoy,2019-01-01,265,-2.94
growth_yoy,2019-02-01,265,-11.812
growth_yoy,2019-03-01,265,-2.826
growth_yoy,2019-04-01,265,-7.523
growth_yoy,2019-05-01,265,-11.579
growth_yoy,2019-06-01,265,-2.453
growth_yoy,2019-07-01,265,11.431
growth_yoy,2019-08-01,265,10.819
growth_yoy,2019-09-01,265,-0.704
growth_yoy,2019-10-01,265,-3.121
growth_yoy,2019-11-01,265,-2.232
growth_yoy,2019-12-01,265,16.614
growth_yoy,2020-01-01,265,11.593
growth_yoy,2020-02-01,265,6.065
growth_yoy,2020-03-01,265,-9.95
growth_yoy,2020-04-01,265,-63.768
growth_yoy,2020-05-01,265,-2.085
growth_yoy,2020-06-01,265,7.901
growth_yoy,2020-07-01,265,1.276
growth_yoy,2020-08-01,265,3.021
growth_yoy,2020-09-01,265,4.749
growth_yoy,2020-10-01,265,3.528
growth_yoy,2020-11-01,265,3.856
growth_yoy,2020-12-01,265,0.57
growth_yoy,2021-01-01,265,3.187
growth_yoy,2021-02-01,265,9.253
growth_yoy,2021-03-01,265,16.037
growth_yoy,2021-04-01,265,194.805
growth_yoy,2021-05-01,265,13.197
growth_yoy,2021-06-01,265,14.342
growth_yoy,2021-07-01,265,1.297
growth_yoy,2021-08-01,265,3.024
growth_yoy,2021-09-01,265,2.794
growth_yoy,2021-10-01,265,4.666
growth_yoy,2021-11-01,265,7.17
growth_yoy,2021-12-01,265,7.196
growth_yoy,2022-01-01,265,7.686
growth_yoy,2022-02-01,265,3.477
growth_yoy,2022-03-01,265,6.689
growth_yoy,2022-04-01,265,17.106
growth_yoy,2022-05-01,265,17.165
growth_yoy,2022-06-01,265,10.952
growth_yoy,2022-07-01,265,12.583
growth_yoy,2022-08-01,265,30.229
growth_yoy,2022-09-01,265,22.352
growth_yoy,2022-10-01,265,14.28
growth_yoy,2022-11-01,265,19.862
growth_yoy,2022-12-01,265,18.273
growth_yoy,2023-01-01,265,19.499
growth_yoy,2023-02-01,265,20.018
growth_yoy,2023-03-01,265,19.283
growth_yoy,2023-04-01,265,2.123
growth_yoy,2023-05-01,265,3.071
growth_yoy,2023-06-01,265,6.818
growth_yoy,2023-07-01,265,6.003
growth_yoy,2023-08-01,265,3.942
growth_yoy,2023-09-01,265,16.683
growth_yoy,2023-10-01,265,13.38
growth_yoy,2023-11-01,265,7.697
growth_yoy,2023-12-01,265,8.506
growth_yoy,2024-01-01,265,7.496
growth_yoy,2024-02-01,265,-7.583
growth_yoy,2024-03-01,265,-10.505
growth_yoy,2024-04-01,265,-14.113
growth_yoy,2024-05-01,265,-8.684
growth_yoy,2024-06-01,265,-24.278
growth_yoy,2024-07-01,265,-22.715
growth_yoy,2024-08-01,265,-7.337
growth_yoy,2024-09-01,265,-9.456
growth_yoy,2024-10-01,265,-8.454
growth_yoy,2024-11-01,265,-1.9
growth_yoy,2024-12-01,265,-1.412
growth_yoy,2025-01-01,265,-3.941
growth_yoy,2025-02-01,265,0.529
growth_yoy,2025-03-01,265,-8.744
growth_yoy,2025-04-01,265,-5.766
growth_yoy,2025-05-01,265,-5.844
growth_yoy,2025-06-01,265,-3.441
growth_yoy,2025-07-01,265,-1.706
growth_yoy,2025-08-01,265,1.044
growth_yoy,2025-09-01,265,9.588
growth_yoy,2025-10-01,265,25.66
growth_yoy,2025-11-01,265,22.339
growth_yoy,2025-12-01,265,23.217
growth_yoy,2026-01-01,265,26.237
growth_yoy,2026-02-01,265,29.017
growth_yoy,2026-03-01,265,30.196
growth_yoy,2026-04-01,265,27.649
growth_yoy,2026-05-01,265,29.187
growth_yoy,2026-06-01,265,30.679
growth_mom,2015-02-01,265,7.899
growth_mom,2015-03-01,265,7.212
growth_mom,2015-04-01,265,-2.212
growth_mom,2015-05-01,265,5.087
growth_mom,2015-06-01,265,1.92
growth_mom,2015-07-01,265,-0.83
growth_mom,2015-08-01,265,-30.787
growth_mom,2015-09-01,265,50.578
growth_mom,2015-10-01,265,-2.09
growth_mom,2015-11-01,265,3.079
growth_mom,2015-12-01,265,-13.704
growth_mom,2016-01-01,265,-7.698
growth_mom,2016-02-01,265,16.292
growth_mom,2016-03-01,265,16.908
growth_mom,2016-04-01,265,-13.366
growth_mom,2016-05-01,265,11.421
growth_mom,2016-06-01,265,2.578
growth_mom,2016-07-01,265,-7.948
growth_mom,2016-08-01,265,-18.339
growth_mom,2016-09-01,265,36.829
growth_mom,2016-10-01,265,-8.254
growth_mom,2016-11-01,265,14.813
growth_mom,2016-12-01,265,-11.135
growth_mom,2017-01-01,265,-24.703
growth_mom,2017-02-01,265,21.395
growth_mom,2017-03-01,265,17.104
growth_mom,2017-04-01,265,-18.712
growth_mom,2017-05-01,265,14.509
growth_mom,2017-06-01,265,-1.849
growth_mom,2017-07-01,265,-2.425
growth_mom,2017-08-01,265,-15.986
growth_mom,2017-09-01,265,30.188
growth_mom,2017-10-01,265,-4.446
growth_mom,2017-11-01,265,14.474
growth_mom,2017-12-01,265,-14.565
growth_mom,2018-01-01,265,-3.119
growth_mom,2018-02-01,265,8.569
growth_mom,2018-03-01,265,1.43
growth_mom,2018-04-01,265,-7.113
growth_mom,2018-05-01,265,8.164
growth_mom,2018-06-01,265,2.463
growth_mom,2018-07-01,265,-5.747
growth_mom,2018-08-01,265,-3.805
growth_mom,2018-09-01,265,15.922
growth_mom,2018-10-01,265,1.271
growth_mom,2018-11-01,265,4.327
growth_mom,2018-12-01,265,-11.216
growth_mom,2019-01-01,265,-13.156
growth_mom,2019-02-01,265,-1.356
growth_mom,2019-03-01,265,11.765
growth_mom,2019-04-01,265,-11.602
growth_mom,2019-05-01,265,3.42
growth_mom,2019-06-01,265,13.038
growth_mom,2019-07-01,265,7.667
growth_mom,2019-08-01,265,-4.334
growth_mom,2019-09-01,265,3.869
growth_mom,2019-10-01,265,-1.194
growth_mom,2019-11-01,265,5.284
growth_mom,2019-12-01,265,5.897
growth_mom,2020-01-01,265,-16.895
growth_mom,2020-02-01,265,-6.242
growth_mom,2020-03-01,265,-5.111
growth_mom,2020-04-01,265,-64.433
growth_mom,2020-05-01,265,179.485
growth_mom,2020-06-01,265,24.566
growth_mom,2020-07-01,265,1.057
growth_mom,2020-08-01,265,-2.684
growth_mom,2020-09-01,265,5.61
growth_mom,2020-10-01,265,-2.345
growth_mom,2020-11-01,265,5.618
growth_mom,2020-12-01,265,2.546
growth_mom,2021-01-01,265,-14.732
growth_mom,2021-02-01,265,-0.73
growth_mom,2021-03-01,265,0.781
growth_mom,2021-04-01,265,-9.637
growth_mom,2021-05-01,265,7.315
growth_mom,2021-06-01,265,25.826
growth_mom,2021-07-01,265,-10.473
growth_mom,2021-08-01,265,-1.025
growth_mom,2021-09-01,265,5.374
growth_mom,2021-10-01,265,-0.567
growth_mom,2021-11-01,265,8.145
growth_mom,2021-12-01,265,2.57
growth_mom,2022-01-01,265,-14.342
growth_mom,2022-02-01,265,-4.609
growth_mom,2022-03-01,265,3.909
growth_mom,2022-04-01,265,-0.814
growth_mom,2022-05-01,265,7.369
growth_mom,2022-06-01,265,19.154
growth_mom,2022-07-01,265,-9.157
growth_mom,2022-08-01,265,14.488
growth_mom,2022-09-01,265,-1.0
growth_mom,2022-10-01,265,-7.127
growth_mom,2022-11-01,265,13.428
growth_mom,2022-12-01,265,1.21
growth_mom,2023-01-01,265,-13.454
growth_mom,2023-02-01,265,-4.195
growth_mom,2023-03-01,265,3.273
growth_mom,2023-04-01,265,-15.083
growth_mom,2023-05-01,265,8.366
growth_mom,2023-06-01,265,23.486
growth_mom,2023-07-01,265,-9.851
growth_mom,2023-08-01,265,12.262
growth_mom,2023-09-01,265,11.136
growth_mom,2023-10-01,265,-9.756
growth_mom,2023-11-01,265,7.742
growth_mom,2023-12-01,265,1.971
growth_mom,2024-01-01,265,-14.26
growth_mom,2024-02-01,265,-17.634
growth_mom,2024-03-01,265,0.007
growth_mom,2024-04-01,265,-18.507
growth_mom,2024-05-01,265,15.216
growth_mom,2024-06-01,265,2.397
growth_mom,2024-07-01,265,-7.99
growth_mom,2024-08-01,265,34.601
growth_mom,2024-09-01,265,8.594
growth_mom,2024-10-01,265,-8.758
growth_mom,2024-11-01,265,15.456
growth_mom,2024-12-01,265,2.478
growth_mom,2025-01-01,265,-16.459
growth_mom,2025-02-01,265,-13.801
growth_mom,2025-03-01,265,-9.218
growth_mom,2025-04-01,265,-15.847
growth_mom,2025-05-01,265,15.121
growth_mom,2025-06-01,265,5.011
growth_mom,2025-07-01,265,-6.337
growth_mom,2025-08-01,265,38.367
growth_mom,2025-09-01,265,17.776
growth_mom,2025-10-01,265,4.624
growth_mom,2025-11-01,265,12.405
growth_mom,2025-12-01,265,3.214
growth_mom,2026-01-01,265,-14.412
growth_mom,2026-02-01,265,-11.903
growth_mom,2026-03-01,265,-8.388
growth_mom,2026-04-01,265,-17.494
growth_mom,2026-05-01,265,16.509
growth_mom,2026-06-01,265,6.224
abs,2015-01-01,266,99.624
abs,2015-02-01,266,101.856
abs,2015-03-01,266,142.348
abs,2015-04-01,266,83.324
abs,2015-05-01,266,80.693
abs,2015-06-01,266,81.35
abs,2015-07-01,266,110.447
abs,2015-08-01,266,138.319
abs,2015-09-01,266,85.574
abs,2015-10-01,266,104.286
abs,2015-11-01,266,79.682
abs,2015-12-01,266,92.498
abs,2016-01-01,266,101.977
abs,2016-02-01,266,121.287
abs,2016-03-01,266,177.345
abs,2016-04-01,266,91.905
abs,2016-05-01,266,99.232
abs,2016-06-01,266,100.123
abs,2016-07-01,266,121.376
abs,2016-08-01,266,154.646
abs,2016-09-01,266,85.662
abs,2016-10-01,266,98.12
abs,2016-11-01,266,78.448
abs,2016-12-01,266,92.014
abs,2017-01-01,266,101.55
abs,2017-02-01,266,129.946
abs,2017-03-01,266,155.273
abs,2017-04-01,266,90.867
abs,2017-05-01,266,102.49
abs,2017-06-01,266,102.756
abs,2017-07-01,266,131.635
abs,2017-08-01,266,149.008
abs,2017-09-01,266,91.551
abs,2017-10-01,266,97.411
abs,2017-11-01,266,88.001
abs,2017-12-01,266,80.334
abs,2018-01-01,266,129.145
abs,2018-02-01,266,122.336
abs,2018-03-01,266,123.948
abs,2018-04-01,266,100.211
abs,2018-05-01,266,104.735
abs,2018-06-01,266,108.281
abs,2018-07-01,266,139.975
abs,2018-08-01,266,154.556
abs,2018-09-01,266,101.159
abs,2018-10-01,266,113.623
abs,2018-11-01,266,96.324
abs,2018-12-01,266,89.095
abs,2019-01-01,266,104.195
abs,2019-02-01,266,106.766
abs,2019-03-01,266,117.131
abs,2019-04-01,266,103.129
abs,2019-05-01,266,109.633
abs,2019-06-01,266,112.689
abs,2019-07-01,266,137.53
abs,2019-08-01,266,147.534
abs,2019-09-01,266,110.932
abs,2019-10-01,266,129.73
abs,2019-11-01,266,104.517
abs,2019-12-01,266,99.925
abs,2020-01-01,266,107.912
abs,2020-02-01,266,118.369
abs,2020-03-01,266,121.64
abs,2020-04-01,266,104.322
abs,2020-05-01,266,110.957
abs,2020-06-01,266,146.254
abs,2020-07-01,266,141.837
abs,2020-08-01,266,155.659
abs,2020-09-01,266,107.887
abs,2020-10-01,266,124.046
abs,2020-11-01,266,107.254
abs,2020-12-01,266,110.081
abs,2021-01-01,266,115.238
abs,2021-02-01,266,119.139
abs,2021-03-01,266,137.113
abs,2021-04-01,266,132.346
abs,2021-05-01,266,130.707
abs,2021-06-01,266,156.288
abs,2021-07-01,266,136.983
abs,2021-08-01,266,134.124
abs,2021-09-01,266,125.8
abs,2021-10-01,266,144.308
abs,2021-11-01,266,126.29
abs,2021-12-01,266,132.443
abs,2022-01-01,266,127.868
abs,2022-02-01,266,128.774
abs,2022-03-01,266,134.618
abs,2022-04-01,266,117.85
abs,2022-05-01,266,126.021
abs,2022-06-01,266,161.208
abs,2022-07-01,266,156.948
abs,2022-08-01,266,164.193
abs,2022-09-01,266,160.375
abs,2022-10-01,266,162.073
abs,2022-11-01,266,158.701
abs,2022-12-01,266,138.711
abs,2023-01-01,266,119.36
abs,2023-02-01,266,122.626
abs,2023-03-01,266,144.481
abs,2023-04-01,266,108.541
abs,2023-05-01,266,150.144
abs,2023-06-01,266,175.99
abs,2023-07-01,266,171.549
abs,2023-08-01,266,168.038
abs,2023-09-01,266,161.803
abs,2023-10-01,266,176.08
abs,2023-11-01,266,161.881
abs,2023-12-01,266,143.782
abs,2024-01-01,266,137.771
abs,2024-02-01,266,140.538
abs,2024-03-01,266,158.03
abs,2024-04-01,266,125.157
abs,2024-05-01,266,171.095
abs,2024-06-01,266,199.699
abs,2024-07-01,266,203.488
abs,2024-08-01,266,198.246
abs,2024-09-01,266,193.0
abs,2024-10-01,266,212.057
abs,2024-11-01,266,196.611
abs,2024-12-01,266,174.272
abs,2025-01-01,266,166.684
abs,2025-02-01,266,171.27
abs,2025-03-01,266,179.442
abs,2025-04-01,266,142.301
abs,2025-05-01,266,183.915
abs,2025-06-01,266,207.05
abs,2025-07-01,266,212.837
abs,2025-08-01,266,207.766
abs,2025-09-01,266,202.877
abs,2025-10-01,266,217.875
abs,2025-11-01,266,210.918
abs,2025-12-01,266,179.974
abs,2026-01-01,266,179.011
abs,2026-02-01,266,182.219
abs,2026-03-01,266,192.287
abs,2026-04-01,266,160.679
abs,2026-05-01,266,209.32
abs,2026-06-01,266,243.587
growth_yoy,2016-01-01,266,2.363
growth_yoy,2016-02-01,266,19.076
growth_yoy,2016-03-01,266,24.586
growth_yoy,2016-04-01,266,10.299
growth_yoy,2016-05-01,266,22.975
growth_yoy,2016-06-01,266,23.077
growth_yoy,2016-07-01,266,9.895
growth_yoy,2016-08-01,266,11.804
growth_yoy,2016-09-01,266,0.103
growth_yoy,2016-10-01,266,-5.913
growth_yoy,2016-11-01,266,-1.549
growth_yoy,2016-12-01,266,-0.523
growth_yoy,2017-01-01,266,-0.419
growth_yoy,2017-02-01,266,7.139
growth_yoy,2017-03-01,266,-12.446
growth_yoy,2017-04-01,266,-1.129
growth_yoy,2017-05-01,266,3.283
growth_yoy,2017-06-01,266,2.63
growth_yoy,2017-07-01,266,8.452
growth_yoy,2017-08-01,266,-3.645
growth_yoy,2017-09-01,266,6.875
growth_yoy,2017-10-01,266,-0.722
growth_yoy,2017-11-01,266,12.178
growth_yoy,2017-12-01,266,-12.694
growth_yoy,2018-01-01,266,27.173
growth_yoy,2018-02-01,266,-5.857
growth_yoy,2018-03-01,266,-20.174
growth_yoy,2018-04-01,266,10.283
growth_yoy,2018-05-01,266,2.19
growth_yoy,2018-06-01,266,5.377
growth_yoy,2018-07-01,266,6.335
growth_yoy,2018-08-01,266,3.723
growth_yoy,2018-09-01,266,10.495
growth_yoy,2018-10-01,266,16.643
growth_yoy,2018-11-01,266,9.457
growth_yoy,2018-12-01,266,10.906
growth_yoy,2019-01-01,266,-19.319
growth_yoy,2019-02-01,266,-12.727
growth_yoy,2019-03-01,266,-5.5
growth_yoy,2019-04-01,266,2.912
growth_yoy,2019-05-01,266,4.677
growth_yoy,2019-06-01,266,4.071
growth_yoy,2019-07-01,266,-1.747
growth_yoy,2019-08-01,266,-4.543
growth_yoy,2019-09-01,266,9.661
growth_yoy,2019-10-01,266,14.175
growth_yoy,2019-11-01,266,8.505
growth_yoy,2019-12-01,266,12.156
growth_yoy,2020-01-01,266,3.567
growth_yoy,2020-02-01,266,10.868
growth_yoy,2020-03-01,266,3.849
growth_yoy,2020-04-01,266,1.157
growth_yoy,2020-05-01,266,1.208
growth_yoy,2020-06-01,266,29.785
growth_yoy,2020-07-01,266,3.132
growth_yoy,2020-08-01,266,5.507
growth_yoy,2020-09-01,266,-2.745
growth_yoy,2020-10-01,266,-4.381
growth_yoy,2020-11-01,266,2.619
growth_yoy,2020-12-01,266,10.163
growth_yoy,2021-01-01,266,6.789
growth_yoy,2021-02-01,266,0.651
growth_yoy,2021-03-01,266,12.72
growth_yoy,2021-04-01,266,26.862
growth_yoy,2021-05-01,266,17.8
growth_yoy,2021-06-01,266,6.86
growth_yoy,2021-07-01,266,-3.422
growth_yoy,2021-08-01,266,-13.835
growth_yoy,2021-09-01,266,16.603
growth_yoy,2021-10-01,266,16.335
growth_yoy,2021-11-01,266,17.748
growth_yoy,2021-12-01,266,20.314
growth_yoy,2022-01-01,266,10.96
growth_yoy,2022-02-01,266,8.087
growth_yoy,2022-03-01,266,-1.819
growth_yoy,2022-04-01,266,-10.953
growth_yoy,2022-05-01,266,-3.585
growth_yoy,2022-06-01,266,3.148
growth_yoy,2022-07-01,266,14.575
growth_yoy,2022-08-01,266,22.419
growth_yoy,2022-09-01,266,27.484
growth_yoy,2022-10-01,266,12.31
growth_yoy,2022-11-01,266,25.664
growth_yoy,2022-12-01,266,4.733
growth_yoy,2023-01-01,266,-6.654
growth_yoy,2023-02-01,266,-4.774
growth_yoy,2023-03-01,266,7.327
growth_yoy,2023-04-01,266,-7.898
growth_yoy,2023-05-01,266,19.142
growth_yoy,2023-06-01,266,9.169
growth_yoy,2023-07-01,266,9.303
growth_yoy,2023-08-01,266,2.342
growth_yoy,2023-09-01,266,0.89
growth_yoy,2023-10-01,266,8.642
growth_yoy,2023-11-01,266,2.004
growth_yoy,2023-12-01,266,3.655
growth_yoy,2024-01-01,266,15.425
growth_yoy,2024-02-01,266,14.607
growth_yoy,2024-03-01,266,9.378
growth_yoy,2024-04-01,266,15.308
growth_yoy,2024-05-01,266,13.954
growth_yoy,2024-06-01,266,13.472
growth_yoy,2024-07-01,266,18.618
growth_yoy,2024-08-01,266,17.977
growth_yoy,2024-09-01,266,19.281
growth_yoy,2024-10-01,266,20.432
growth_yoy,2024-11-01,266,21.454
growth_yoy,2024-12-01,266,21.206
growth_yoy,2025-01-01,266,20.986
growth_yoy,2025-02-01,266,21.867
growth_yoy,2025-03-01,266,13.549
growth_yoy,2025-04-01,266,13.698
growth_yoy,2025-05-01,266,7.493
growth_yoy,2025-06-01,266,3.681
growth_yoy,2025-07-01,266,4.594
growth_yoy,2025-08-01,266,4.802
growth_yoy,2025-09-01,266,5.117
growth_yoy,2025-10-01,266,2.743
growth_yoy,2025-11-01,266,7.277
growth_yoy,2025-12-01,266,3.272
growth_yoy,2026-01-01,266,7.396
growth_yoy,2026-02-01,266,6.393
growth_yoy,2026-03-01,266,7.158
growth_yoy,2026-04-01,266,12.915
growth_yoy,2026-05-01,266,13.814
growth_yoy,2026-06-01,266,17.646
growth_mom,2015-02-01,266,2.241
growth_mom,2015-03-01,266,39.753
growth_mom,2015-04-01,266,-41.465
growth_mom,2015-05-01,266,-3.158
growth_mom,2015-06-01,266,0.815
growth_mom,2015-07-01,266,35.767
growth_mom,2015-08-01,266,25.235
growth_mom,2015-09-01,266,-38.132
growth_mom,2015-10-01,266,21.866
growth_mom,2015-11-01,266,-23.592
growth_mom,2015-12-01,266,16.083
growth_mom,2016-01-01,266,10.249
growth_mom,2016-02-01,266,18.935
growth_mom,2016-03-01,266,46.219
growth_mom,2016-04-01,266,-48.177
growth_mom,2016-05-01,266,7.972
growth_mom,2016-06-01,266,0.898
growth_mom,2016-07-01,266,21.227
growth_mom,2016-08-01,266,27.411
growth_mom,2016-09-01,266,-44.608
growth_mom,2016-10-01,266,14.543
growth_mom,2016-11-01,266,-20.049
growth_mom,2016-12-01,266,17.293
growth_mom,2017-01-01,266,10.364
growth_mom,2017-02-01,266,27.963
growth_mom,2017-03-01,266,19.49
growth_mom,2017-04-01,266,-41.479
growth_mom,2017-05-01,266,12.791
growth_mom,2017-06-01,266,0.26
growth_mom,2017-07-01,266,28.104
growth_mom,2017-08-01,266,13.198
growth_mom,2017-09-01,266,-38.56
growth_mom,2017-10-01,266,6.401
growth_mom,2017-11-01,266,-9.66
growth_mom,2017-12-01,266,-8.713
growth_mom,2018-01-01,266,60.76
growth_mom,2018-02-01,266,-5.272
growth_mom,2018-03-01,266,1.318
growth_mom,2018-04-01,266,-19.151
growth_mom,2018-05-01,266,4.514
growth_mom,2018-06-01,266,3.386
growth_mom,2018-07-01,266,29.27
growth_mom,2018-08-01,266,10.417
growth_mom,2018-09-01,266,-34.549
growth_mom,2018-10-01,266,12.321
growth_mom,2018-11-01,266,-15.225
growth_mom,2018-12-01,266,-7.505
growth_mom,2019-01-01,266,16.948
growth_mom,2019-02-01,266,2.467
growth_mom,2019-03-01,266,9.708
growth_mom,2019-04-01,266,-11.954
growth_mom,2019-05-01,266,6.307
growth_mom,2019-06-01,266,2.788
growth_mom,2019-07-01,266,22.044
growth_mom,2019-08-01,266,7.274
growth_mom,2019-09-01,266,-24.809
growth_mom,2019-10-01,266,16.945
growth_mom,2019-11-01,266,-19.435
growth_mom,2019-12-01,266,-4.393
growth_mom,2020-01-01,266,7.993
growth_mom,2020-02-01,266,9.69
growth_mom,2020-03-01,266,2.763
growth_mom,2020-04-01,266,-14.237
growth_mom,2020-05-01,266,6.36
growth_mom,2020-06-01,266,31.811
growth_mom,2020-07-01,266,-3.02
growth_mom,2020-08-01,266,9.745
growth_mom,2020-09-01,266,-30.69
growth_mom,2020-10-01,266,14.978
growth_mom,2020-11-01,266,-13.537
growth_mom,2020-12-01,266,2.636
growth_mom,2021-01-01,266,4.685
growth_mom,2021-02-01,266,3.386
growth_mom,2021-03-01,266,15.086
growth_mom,2021-04-01,266,-3.477
growth_mom,2021-05-01,266,-1.238
growth_mom,2021-06-01,266,19.571
growth_mom,2021-07-01,266,-12.352
growth_mom,2021-08-01,266,-2.087
growth_mom,2021-09-01,266,-6.206
growth_mom,2021-10-01,266,14.713
growth_mom,2021-11-01,266,-12.486
growth_mom,2021-12-01,266,4.872
growth_mom,2022-01-01,266,-3.454
growth_mom,2022-02-01,266,0.708
growth_mom,2022-03-01,266,4.538
growth_mom,2022-04-01,266,-12.456
growth_mom,2022-05-01,266,6.933
growth_mom,2022-06-01,266,27.922
growth_mom,2022-07-01,266,-2.642
growth_mom,2022-08-01,266,4.616
growth_mom,2022-09-01,266,-2.326
growth_mom,2022-10-01,266,1.059
growth_mom,2022-11-01,266,-2.081
growth_mom,2022-12-01,266,-12.596
growth_mom,2023-01-01,266,-13.951
growth_mom,2023-02-01,266,2.736
growth_mom,2023-03-01,266,17.822
growth_mom,2023-04-01,266,-24.875
growth_mom,2023-05-01,266,38.329
growth_mom,2023-06-01,266,17.214
growth_mom,2023-07-01,266,-2.523
growth_mom,2023-08-01,266,-2.046
growth_mom,2023-09-01,266,-3.711
growth_mom,2023-10-01,266,8.824
growth_mom,2023-11-01,266,-8.064
growth_mom,2023-12-01,266,-11.18
growth_mom,2024-01-01,266,-4.18
growth_mom,2024-02-01,266,2.009
growth_mom,2024-03-01,266,12.446
growth_mom,2024-04-01,266,-20.802
growth_mom,2024-05-01,266,36.704
growth_mom,2024-06-01,266,16.719
growth_mom,2024-07-01,266,1.897
growth_mom,2024-08-01,266,-2.576
growth_mom,2024-09-01,266,-2.646
growth_mom,2024-10-01,266,9.874
growth_mom,2024-11-01,266,-7.284
growth_mom,2024-12-01,266,-11.362
growth_mom,2025-01-01,266,-4.354
growth_mom,2025-02-01,266,2.752
growth_mom,2025-03-01,266,4.771
growth_mom,2025-04-01,266,-20.698
growth_mom,2025-05-01,266,29.243
growth_mom,2025-06-01,266,12.579
growth_mom,2025-07-01,266,2.795
growth_mom,2025-08-01,266,-2.382
growth_mom,2025-09-01,266,-2.353
growth_mom,2025-10-01,266,7.392
growth_mom,2025-11-01,266,-3.193
growth_mom,2025-12-01,266,-14.671
growth_mom,2026-01-01,266,-0.535
growth_mom,2026-02-01,266,1.792
growth_mom,2026-03-01,266,5.525
growth_mom,2026-04-01,266,-16.438
growth_mom,2026-05-01,266,30.272
growth_mom,2026-06-01,266,16.371
abs,2015-01-01,267,86.946
abs,2015-02-01,267,77.25
abs,2015-03-01,267,81.652
abs,2015-04-01,267,82.347
abs,2015-05-01,267,83.243
abs,2015-06-01,267,102.701
abs,2015-07-01,267,93.392
abs,2015-08-01,267,104.624
abs,2015-09-01,267,133.912
abs,2015-10-01,267,116.175
abs,2015-11-01,267,138.401
abs,2015-12-01,267,99.355
abs,2016-01-01,267,86.74
abs,2016-02-01,267,85.044
abs,2016-03-01,267,87.759
abs,2016-04-01,267,90.612
abs,2016-05-01,267,84.098
abs,2016-06-01,267,95.526
abs,2016-07-01,267,99.239
abs,2016-08-01,267,119.824
abs,2016-09-01,267,122.751
abs,2016-10-01,267,121.124
abs,2016-11-01,267,109.159
abs,2016-12-01,267,93.052
abs,2017-01-01,267,92.849
abs,2017-02-01,267,96.187
abs,2017-03-01,267,92.449
abs,2017-04-01,267,98.01
abs,2017-05-01,267,100.737
abs,2017-06-01,267,114.304
abs,2017-07-01,267,106.987
abs,2017-08-01,267,122.588
abs,2017-09-01,267,120.409
abs,2017-10-01,267,124.067
abs,2017-11-01,267,128.532
abs,2017-12-01,267,114.178
abs,2018-01-01,267,103.014
abs,2018-02-01,267,118.274
abs,2018-03-01,267,128.71
abs,2018-04-01,267,121.933
abs,2018-05-01,267,117.694
abs,2018-06-01,267,116.5
abs,2018-07-01,267,105.932
abs,2018-08-01,267,120.832
abs,2018-09-01,267,118.642
abs,2018-10-01,267,124.935
abs,2018-11-01,267,127.036
abs,2018-12-01,267,122.129
abs,2019-01-01,267,107.764
abs,2019-02-01,267,116.36
abs,2019-03-01,267,141.033
abs,2019-04-01,267,123.829
abs,2019-05-01,267,118.615
abs,2019-06-01,267,109.557
abs,2019-07-01,267,91.983
abs,2019-08-01,267,118.49
abs,2019-09-01,267,85.165
abs,2019-10-01,267,102.011
abs,2019-11-01,267,107.517
abs,2019-12-01,267,105.708
abs,2020-01-01,267,102.921
abs,2020-02-01,267,104.359
abs,2020-03-01,267,90.704
abs,2020-04-01,267,83.578
abs,2020-05-01,267,102.756
abs,2020-06-01,267,81.099
abs,2020-07-01,267,75.083
abs,2020-08-01,267,96.52
abs,2020-09-01,267,73.121
abs,2020-10-01,267,83.508
abs,2020-11-01,267,83.621
abs,2020-12-01,267,95.28
abs,2021-01-01,267,93.527
abs,2021-02-01,267,86.054
abs,2021-03-01,267,70.39
abs,2021-04-01,267,77.498
abs,2021-05-01,267,83.712
abs,2021-06-01,267,82.738
abs,2021-07-01,267,89.406
abs,2021-08-01,267,103.136
abs,2021-09-01,267,86.945
abs,2021-10-01,267,82.766
abs,2021-11-01,267,74.534
abs,2021-12-01,267,84.593
abs,2022-01-01,267,76.063
abs,2022-02-01,267,76.181
abs,2022-03-01,267,80.022
abs,2022-04-01,267,79.212
abs,2022-05-01,267,80.698
abs,2022-06-01,267,75.278
abs,2022-07-01,267,77.76
abs,2022-08-01,267,81.944
abs,2022-09-01,267,74.41
abs,2022-10-01,267,69.842
abs,2022-11-01,267,59.579
abs,2022-12-01,267,61.762
abs,2023-01-01,267,63.576
abs,2023-02-01,267,65.974
abs,2023-03-01,267,72.526
abs,2023-04-01,267,67.319
abs,2023-05-01,267,77.932
abs,2023-06-01,267,73.879
abs,2023-07-01,267,85.74
abs,2023-08-01,267,69.883
abs,2023-09-01,267,63.174
abs,2023-10-01,267,61.723
abs,2023-11-01,267,50.236
abs,2023-12-01,267,59.347
abs,2024-01-01,267,62.465
abs,2024-02-01,267,62.945
abs,2024-03-01,267,66.347
abs,2024-04-01,267,63.262
abs,2024-05-01,267,70.702
abs,2024-06-01,267,67.433
abs,2024-07-01,267,88.377
abs,2024-08-01,267,73.29
abs,2024-09-01,267,66.632
abs,2024-10-01,267,61.478
abs,2024-11-01,267,51.429
abs,2024-12-01,267,61.336
abs,2025-01-01,267,63.173
abs,2025-02-01,267,66.959
abs,2025-03-01,267,69.428
abs,2025-04-01,267,65.399
abs,2025-05-01,267,71.885
abs,2025-06-01,267,67.111
abs,2025-07-01,267,86.067
abs,2025-08-01,267,72.925
abs,2025-09-01,267,67.282
abs,2025-10-01,267,62.201
abs,2025-11-01,267,53.659
abs,2025-12-01,267,60.98
abs,2026-01-01,267,66.739
abs,2026-02-01,267,70.44
abs,2026-03-01,267,77.206
abs,2026-04-01,267,73.056
abs,2026-05-01,267,77.404
abs,2026-06-01,267,75.609
growth_yoy,2016-01-01,267,-0.237
growth_yoy,2016-02-01,267,10.088
growth_yoy,2016-03-01,267,7.479
growth_yoy,2016-04-01,267,10.037
growth_yoy,2016-05-01,267,1.027
growth_yoy,2016-06-01,267,-6.986
growth_yoy,2016-07-01,267,6.262
growth_yoy,2016-08-01,267,14.528
growth_yoy,2016-09-01,267,-8.335
growth_yoy,2016-10-01,267,4.26
growth_yoy,2016-11-01,267,-21.128
growth_yoy,2016-12-01,267,-6.344
growth_yoy,2017-01-01,267,7.042
growth_yoy,2017-02-01,267,13.103
growth_yoy,2017-03-01,267,5.344
growth_yoy,2017-04-01,267,8.165
growth_yoy,2017-05-01,267,19.785
growth_yoy,2017-06-01,267,19.657
growth_yoy,2017-07-01,267,7.807
growth_yoy,2017-08-01,267,2.307
growth_yoy,2017-09-01,267,-1.908
growth_yoy,2017-10-01,267,2.43
growth_yoy,2017-11-01,267,17.748
growth_yoy,2017-12-01,267,22.703
growth_yoy,2018-01-01,267,10.948
growth_yoy,2018-02-01,267,22.962
growth_yoy,2018-03-01,267,39.222
growth_yoy,2018-04-01,267,24.409
growth_yoy,2018-05-01,267,16.832
growth_yoy,2018-06-01,267,1.921
growth_yoy,2018-07-01,267,-0.987
growth_yoy,2018-08-01,267,-1.432
growth_yoy,2018-09-01,267,-1.467
growth_yoy,2018-10-01,267,0.699
growth_yoy,2018-11-01,267,-1.164
growth_yoy,2018-12-01,267,6.964
growth_yoy,2019-01-01,267,4.611
growth_yoy,2019-02-01,267,-1.619
growth_yoy,2019-03-01,267,9.574
growth_yoy,2019-04-01,267,1.554
growth_yoy,2019-05-01,267,0.782
growth_yoy,2019-06-01,267,-5.96
growth_yoy,2019-07-01,267,-13.167
growth_yoy,2019-08-01,267,-1.938
growth_yoy,2019-09-01,267,-28.217
growth_yoy,2019-10-01,267,-18.349
growth_yoy,2019-11-01,267,-15.365
growth_yoy,2019-12-01,267,-13.446
growth_yoy,2020-01-01,267,-4.494
growth_yoy,2020-02-01,267,-10.314
growth_yoy,2020-03-01,267,-35.686
growth_yoy,2020-04-01,267,-32.505
growth_yoy,2020-05-01,267,-13.37
growth_yoy,2020-06-01,267,-25.976
growth_yoy,2020-07-01,267,-18.373
growth_yoy,2020-08-01,267,-18.541
growth_yoy,2020-09-01,267,-14.142
growth_yoy,2020-10-01,267,-18.138
growth_yoy,2020-11-01,267,-22.226
growth_yoy,2020-12-01,267,-9.865
growth_yoy,2021-01-01,267,-9.128
growth_yoy,2021-02-01,267,-17.54
growth_yoy,2021-03-01,267,-22.396
growth_yoy,2021-04-01,267,-7.275
growth_yoy,2021-05-01,267,-18.533
growth_yoy,2021-06-01,267,2.021
growth_yoy,2021-07-01,267,19.077
growth_yoy,2021-08-01,267,6.854
growth_yoy,2021-09-01,267,18.906
growth_yoy,2021-10-01,267,-0.889
growth_yoy,2021-11-01,267,-10.867
growth_yoy,2021-12-01,267,-11.217
growth_yoy,2022-01-01,267,-18.672
growth_yoy,2022-02-01,267,-11.473
growth_yoy,2022-03-01,267,13.684
growth_yoy,2022-04-01,267,2.211
growth_yoy,2022-05-01,267,-3.6
growth_yoy,2022-06-01,267,-9.017
growth_yoy,2022-07-01,267,-13.026
growth_yoy,2022-08-01,267,-20.547
growth_yoy,2022-09-01,267,-14.418
growth_yoy,2022-10-01,267,-15.616
growth_yoy,2022-11-01,267,-20.064
growth_yoy,2022-12-01,267,-26.989
growth_yoy,2023-01-01,267,-16.416
growth_yoy,2023-02-01,267,-13.399
growth_yoy,2023-03-01,267,-9.368
growth_yoy,2023-04-01,267,-15.014
growth_yoy,2023-05-01,267,-3.427
growth_yoy,2023-06-01,267,-1.858
growth_yoy,2023-07-01,267,10.262
growth_yoy,2023-08-01,267,-14.718
growth_yoy,2023-09-01,267,-15.1
growth_yoy,2023-10-01,267,-11.625
growth_yoy,2023-11-01,267,-15.682
growth_yoy,2023-12-01,267,-3.91
growth_yoy,2024-01-01,267,-1.747
growth_yoy,2024-02-01,267,-4.59
growth_yoy,2024-03-01,267,-8.519
growth_yoy,2024-04-01,267,-6.027
growth_yoy,2024-05-01,267,-9.278
growth_yoy,2024-06-01,267,-8.725
growth_yoy,2024-07-01,267,3.076
growth_yoy,2024-08-01,267,4.875
growth_yoy,2024-09-01,267,5.474
growth_yoy,2024-10-01,267,-0.397
growth_yoy,2024-11-01,267,2.376
growth_yoy,2024-12-01,267,3.352
growth_yoy,2025-01-01,267,1.133
growth_yoy,2025-02-01,267,6.377
growth_yoy,2025-03-01,267,4.643
growth_yoy,2025-04-01,267,3.378
growth_yoy,2025-05-01,267,1.674
growth_yoy,2025-06-01,267,-0.477
growth_yoy,2025-07-01,267,-2.613
growth_yoy,2025-08-01,267,-0.498
growth_yoy,2025-09-01,267,0.975
growth_yoy,2025-10-01,267,1.177
growth_yoy,2025-11-01,267,4.336
growth_yoy,2025-12-01,267,-0.581
growth_yoy,2026-01-01,267,5.645
growth_yoy,2026-02-01,267,5.198
growth_yoy,2026-03-01,267,11.203
growth_yoy,2026-04-01,267,11.708
growth_yoy,2026-05-01,267,7.678
growth_yoy,2026-06-01,267,12.663
growth_mom,2015-02-01,267,-11.152
growth_mom,2015-03-01,267,5.698
growth_mom,2015-04-01,267,0.851
growth_mom,2015-05-01,267,1.088
growth_mom,2015-06-01,267,23.374
growth_mom,2015-07-01,267,-9.065
growth_mom,2015-08-01,267,12.027
growth_mom,2015-09-01,267,27.994
growth_mom,2015-10-01,267,-13.245
growth_mom,2015-11-01,267,19.131
growth_mom,2015-12-01,267,-28.212
growth_mom,2016-01-01,267,-12.697
growth_mom,2016-02-01,267,-1.956
growth_mom,2016-03-01,267,3.193
growth_mom,2016-04-01,267,3.251
growth_mom,2016-05-01,267,-7.188
growth_mom,2016-06-01,267,13.589
growth_mom,2016-07-01,267,3.887
growth_mom,2016-08-01,267,20.742
growth_mom,2016-09-01,267,2.443
growth_mom,2016-10-01,267,-1.325
growth_mom,2016-11-01,267,-9.878
growth_mom,2016-12-01,267,-14.755
growth_mom,2017-01-01,267,-0.219
growth_mom,2017-02-01,267,3.596
growth_mom,2017-03-01,267,-3.886
growth_mom,2017-04-01,267,6.015
growth_mom,2017-05-01,267,2.782
growth_mom,2017-06-01,267,13.467
growth_mom,2017-07-01,267,-6.401
growth_mom,2017-08-01,267,14.582
growth_mom,2017-09-01,267,-1.778
growth_mom,2017-10-01,267,3.038
growth_mom,2017-11-01,267,3.599
growth_mom,2017-12-01,267,-11.168
growth_mom,2018-01-01,267,-9.778
growth_mom,2018-02-01,267,14.814
growth_mom,2018-03-01,267,8.824
growth_mom,2018-04-01,267,-5.265
growth_mom,2018-05-01,267,-3.477
growth_mom,2018-06-01,267,-1.015
growth_mom,2018-07-01,267,-9.071
growth_mom,2018-08-01,267,14.066
growth_mom,2018-09-01,267,-1.813
growth_mom,2018-10-01,267,5.304
growth_mom,2018-11-01,267,1.682
growth_mom,2018-12-01,267,-3.863
growth_mom,2019-01-01,267,-11.762
growth_mom,2019-02-01,267,7.976
growth_mom,2019-03-01,267,21.204
growth_mom,2019-04-01,267,-12.199
growth_mom,2019-05-01,267,-4.211
growth_mom,2019-06-01,267,-7.637
growth_mom,2019-07-01,267,-16.041
growth_mom,2019-08-01,267,28.817
growth_mom,2019-09-01,267,-28.125
growth_mom,2019-10-01,267,19.781
growth_mom,2019-11-01,267,5.398
growth_mom,2019-12-01,267,-1.683
growth_mom,2020-01-01,267,-2.637
growth_mom,2020-02-01,267,1.397
growth_mom,2020-03-01,267,-13.085
growth_mom,2020-04-01,267,-7.856
growth_mom,2020-05-01,267,22.946
growth_mom,2020-06-01,267,-21.076
growth_mom,2020-07-01,267,-7.418
growth_mom,2020-08-01,267,28.552
growth_mom,2020-09-01,267,-24.243
growth_mom,2020-10-01,267,14.206
growth_mom,2020-11-01,267,0.134
growth_mom,2020-12-01,267,13.944
growth_mom,2021-01-01,267,-1.84
growth_mom,2021-02-01,267,-7.99
growth_mom,2021-03-01,267,-18.203
growth_mom,2021-04-01,267,10.099
growth_mom,2021-05-01,267,8.018
growth_mom,2021-06-01,267,-1.163
growth_mom,2021-07-01,267,8.059
growth_mom,2021-08-01,267,15.357
growth_mom,2021-09-01,267,-15.698
growth_mom,2021-10-01,267,-4.807
growth_mom,2021-11-01,267,-9.947
growth_mom,2021-12-01,267,13.496
growth_mom,2022-01-01,267,-10.083
growth_mom,2022-02-01,267,0.155
growth_mom,2022-03-01,267,5.042
growth_mom,2022-04-01,267,-1.013
growth_mom,2022-05-01,267,1.876
growth_mom,2022-06-01,267,-6.716
growth_mom,2022-07-01,267,3.297
growth_mom,2022-08-01,267,5.381
growth_mom,2022-09-01,267,-9.195
growth_mom,2022-10-01,267,-6.139
growth_mom,2022-11-01,267,-14.694
growth_mom,2022-12-01,267,3.664
growth_mom,2023-01-01,267,2.938
growth_mom,2023-02-01,267,3.771
growth_mom,2023-03-01,267,9.931
growth_mom,2023-04-01,267,-7.179
growth_mom,2023-05-01,267,15.764
growth_mom,2023-06-01,267,-5.201
growth_mom,2023-07-01,267,16.055
growth_mom,2023-08-01,267,-18.493
growth_mom,2023-09-01,267,-9.601
growth_mom,2023-10-01,267,-2.297
growth_mom,2023-11-01,267,-18.61
growth_mom,2023-12-01,267,18.136
growth_mom,2024-01-01,267,5.255
growth_mom,2024-02-01,267,0.768
growth_mom,2024-03-01,267,5.405
growth_mom,2024-04-01,267,-4.65
growth_mom,2024-05-01,267,11.76
growth_mom,2024-06-01,267,-4.623
growth_mom,2024-07-01,267,31.059
growth_mom,2024-08-01,267,-17.071
growth_mom,2024-09-01,267,-9.085
growth_mom,2024-10-01,267,-7.735
growth_mom,2024-11-01,267,-16.345
growth_mom,2024-12-01,267,19.262
growth_mom,2025-01-01,267,2.995
growth_mom,2025-02-01,267,5.994
growth_mom,2025-03-01,267,3.687
growth_mom,2025-04-01,267,-5.803
growth_mom,2025-05-01,267,9.917
growth_mom,2025-06-01,267,-6.641
growth_mom,2025-07-01,267,28.247
growth_mom,2025-08-01,267,-15.27
growth_mom,2025-09-01,267,-7.739
growth_mom,2025-10-01,267,-7.551
growth_mom,2025-11-01,267,-13.733
growth_mom,2025-12-01,267,13.643
growth_mom,2026-01-01,267,9.445
growth_mom,2026-02-01,267,5.545
growth_mom,2026-03-01,267,9.605
growth_mom,2026-04-01,267,-5.375
growth_mom,2026-05-01,267,5.951
growth_mom,2026-06-01,267,-2.319
abs,2015-01-01,268,136.401
abs,2015-02-01,268,80.345
abs,2015-03-01,268,79.828
abs,2015-04-01,268,108.843
abs,2015-05-01,268,75.846
abs,2015-06-01,268,79.516
abs,2015-07-01,268,135.62
abs,2015-08-01,268,140.363
abs,2015-09-01,268,142.927
abs,2015-10-01,268,74.317
abs,2015-11-01,268,73.52
abs,2015-12-01,268,72.474
abs,2016-01-01,268,145.822
abs,2016-02-01,268,84.986
abs,2016-03-01,268,84.576
abs,2016-04-01,268,118.352
abs,2016-05-01,268,82.784
abs,2016-06-01,268,86.977
abs,2016-07-01,268,141.349
abs,2016-08-01,268,151.67
abs,2016-09-01,268,152.24
abs,2016-10-01,268,80.5
abs,2016-11-01,268,80.221
abs,2016-12-01,268,76.293
abs,2017-01-01,268,155.493
abs,2017-02-01,268,91.842
abs,2017-03-01,268,91.754
abs,2017-04-01,268,130.285
abs,2017-05-01,268,92.806
abs,2017-06-01,268,94.52
abs,2017-07-01,268,156.689
abs,2017-08-01,268,165.222
abs,2017-09-01,268,162.851
abs,2017-10-01,268,85.504
abs,2017-11-01,268,86.209
abs,2017-12-01,268,79.701
abs,2018-01-01,268,136.16
abs,2018-02-01,268,96.894
abs,2018-03-01,268,107.187
abs,2018-04-01,268,113.479
abs,2018-05-01,268,106.683
abs,2018-06-01,268,112.087
abs,2018-07-01,268,158.925
abs,2018-08-01,268,159.275
abs,2018-09-01,268,152.279
abs,2018-10-01,268,100.912
abs,2018-11-01,268,92.728
abs,2018-12-01,268,91.363
abs,2019-01-01,268,114.954
abs,2019-02-01,268,113.593
abs,2019-03-01,268,133.083
abs,2019-04-01,268,114.867
abs,2019-05-01,268,115.693
abs,2019-06-01,268,121.277
abs,2019-07-01,268,112.056
abs,2019-08-01,268,121.656
abs,2019-09-01,268,119.052
abs,2019-10-01,268,120.986
abs,2019-11-01,268,106.538
abs,2019-12-01,268,109.017
abs,2020-01-01,268,123.908
abs,2020-02-01,268,119.473
abs,2020-03-01,268,94.634
abs,2020-04-01,268,112.678
abs,2020-05-01,268,69.239
abs,2020-06-01,268,70.373
abs,2020-07-01,268,93.596
abs,2020-08-01,268,114.65
abs,2020-09-01,268,100.095
abs,2020-10-01,268,117.825
abs,2020-11-01,268,110.14
abs,2020-12-01,268,118.032
abs,2021-01-01,268,117.138
abs,2021-02-01,268,122.96
abs,2021-03-01,268,122.246
abs,2021-04-01,268,126.853
abs,2021-05-01,268,128.279
abs,2021-06-01,268,137.064
abs,2021-07-01,268,137.881
abs,2021-08-01,268,141.432
abs,2021-09-01,268,130.835
abs,2021-10-01,268,142.08
abs,2021-11-01,268,127.733
abs,2021-12-01,268,131.723
abs,2022-01-01,268,139.672
abs,2022-02-01,268,141.101
abs,2022-03-01,268,142.392
abs,2022-04-01,268,141.088
abs,2022-05-01,268,143.539
abs,2022-06-01,268,141.54
abs,2022-07-01,268,143.085
abs,2022-08-01,268,145.616
abs,2022-09-01,268,144.636
abs,2022-10-01,268,145.464
abs,2022-11-01,268,146.063
abs,2022-12-01,268,147.955
abs,2023-01-01,268,148.863
abs,2023-02-01,268,148.656
abs,2023-03-01,268,149.368
abs,2023-04-01,268,150.283
abs,2023-05-01,268,153.991
abs,2023-06-01,268,151.605
abs,2023-07-01,268,153.743
abs,2023-08-01,268,135.72
abs,2023-09-01,268,134.783
abs,2023-10-01,268,135.801
abs,2023-11-01,268,136.54
abs,2023-12-01,268,140.373
abs,2024-01-01,268,141.377
abs,2024-02-01,268,141.797
abs,2024-03-01,268,141.799
abs,2024-04-01,268,141.54
abs,2024-05-01,268,144.201
abs,2024-06-01,268,146.143
abs,2024-07-01,268,149.405
abs,2024-08-01,268,133.603
abs,2024-09-01,268,133.245
abs,2024-10-01,268,135.432
abs,2024-11-01,268,137.379
abs,2024-12-01,268,141.731
abs,2025-01-01,268,142.537
abs,2025-02-01,268,137.002
abs,2025-03-01,268,137.021
abs,2025-04-01,268,136.763
abs,2025-05-01,268,139.393
abs,2025-06-01,268,141.264
abs,2025-07-01,268,144.435
abs,2025-08-01,268,128.661
abs,2025-09-01,268,128.312
abs,2025-10-01,268,130.202
abs,2025-11-01,268,132.081
abs,2025-12-01,268,136.254
abs,2026-01-01,268,136.964
abs,2026-02-01,268,131.628
abs,2026-03-01,268,131.661
abs,2026-04-01,268,131.406
abs,2026-05-01,268,133.983
abs,2026-06-01,268,135.778
growth_yoy,2016-01-01,268,6.907
growth_yoy,2016-02-01,268,5.777
growth_yoy,2016-03-01,268,5.948
growth_yoy,2016-04-01,268,8.736
growth_yoy,2016-05-01,268,9.148
growth_yoy,2016-06-01,268,9.383
growth_yoy,2016-07-01,268,4.224
growth_yoy,2016-08-01,268,8.055
growth_yoy,2016-09-01,268,6.516
growth_yoy,2016-10-01,268,8.319
growth_yoy,2016-11-01,268,9.114
growth_yoy,2016-12-01,268,5.269
growth_yoy,2017-01-01,268,6.632
growth_yoy,2017-02-01,268,8.067
growth_yoy,2017-03-01,268,8.487
growth_yoy,2017-04-01,268,10.083
growth_yoy,2017-05-01,268,12.106
growth_yoy,2017-06-01,268,8.672
growth_yoy,2017-07-01,268,10.853
growth_yoy,2017-08-01,268,8.936
growth_yoy,2017-09-01,268,6.97
growth_yoy,2017-10-01,268,6.217
growth_yoy,2017-11-01,268,7.465
growth_yoy,2017-12-01,268,4.467
growth_yoy,2018-01-01,268,-12.434
growth_yoy,2018-02-01,268,5.5
growth_yoy,2018-03-01,268,16.82
growth_yoy,2018-04-01,268,-12.899
growth_yoy,2018-05-01,268,14.953
growth_yoy,2018-06-01,268,18.585
growth_yoy,2018-07-01,268,1.427
growth_yoy,2018-08-01,268,-3.6
growth_yoy,2018-09-01,268,-6.492
growth_yoy,2018-10-01,268,18.02
growth_yoy,2018-11-01,268,7.561
growth_yoy,2018-12-01,268,14.632
growth_yoy,2019-01-01,268,-15.574
growth_yoy,2019-02-01,268,17.235
growth_yoy,2019-03-01,268,24.159
growth_yoy,2019-04-01,268,1.223
growth_yoy,2019-05-01,268,8.446
growth_yoy,2019-06-01,268,8.2
growth_yoy,2019-07-01,268,-29.491
growth_yoy,2019-08-01,268,-23.619
growth_yoy,2019-09-01,268,-21.82
growth_yoy,2019-10-01,268,19.893
growth_yoy,2019-11-01,268,14.893
growth_yoy,2019-12-01,268,19.323
growth_yoy,2020-01-01,268,7.789
growth_yoy,2020-02-01,268,5.177
growth_yoy,2020-03-01,268,-28.891
growth_yoy,2020-04-01,268,-1.906
growth_yoy,2020-05-01,268,-40.153
growth_yoy,2020-06-01,268,-41.974
growth_yoy,2020-07-01,268,-16.474
growth_yoy,2020-08-01,268,-5.759
growth_yoy,2020-09-01,268,-15.924
growth_yoy,2020-10-01,268,-2.613
growth_yoy,2020-11-01,268,3.381
growth_yoy,2020-12-01,268,8.27
growth_yoy,2021-01-01,268,-5.463
growth_yoy,2021-02-01,268,2.919
growth_yoy,2021-03-01,268,29.178
growth_yoy,2021-04-01,268,12.58
growth_yoy,2021-05-01,268,85.27
growth_yoy,2021-06-01,268,94.768
growth_yoy,2021-07-01,268,47.314
growth_yoy,2021-08-01,268,23.36
growth_yoy,2021-09-01,268,30.711
growth_yoy,2021-10-01,268,20.586
growth_yoy,2021-11-01,268,15.973
growth_yoy,2021-12-01,268,11.599
growth_yoy,2022-01-01,268,19.237
growth_yoy,2022-02-01,268,14.754
growth_yoy,2022-03-01,268,16.48
growth_yoy,2022-04-01,268,11.222
growth_yoy,2022-05-01,268,11.896
growth_yoy,2022-06-01,268,3.265
growth_yoy,2022-07-01,268,3.774
growth_yoy,2022-08-01,268,2.958
growth_yoy,2022-09-01,268,10.549
growth_yoy,2022-10-01,268,2.381
growth_yoy,2022-11-01,268,14.351
growth_yoy,2022-12-01,268,12.323
growth_yoy,2023-01-01,268,6.58
growth_yoy,2023-02-01,268,5.354
growth_yoy,2023-03-01,268,4.899
growth_yoy,2023-04-01,268,6.517
growth_yoy,2023-05-01,268,7.281
growth_yoy,2023-06-01,268,7.111
growth_yoy,2023-07-01,268,7.449
growth_yoy,2023-08-01,268,-6.796
growth_yoy,2023-09-01,268,-6.813
growth_yoy,2023-10-01,268,-6.643
growth_yoy,2023-11-01,268,-6.52
growth_yoy,2023-12-01,268,-5.125
growth_yoy,2024-01-01,268,-5.029
growth_yoy,2024-02-01,268,-4.614
growth_yoy,2024-03-01,268,-5.068
growth_yoy,2024-04-01,268,-5.818
growth_yoy,2024-05-01,268,-6.357
growth_yoy,2024-06-01,268,-3.603
growth_yoy,2024-07-01,268,-2.822
growth_yoy,2024-08-01,268,-1.56
growth_yoy,2024-09-01,268,-1.141
growth_yoy,2024-10-01,268,-0.272
growth_yoy,2024-11-01,268,0.615
growth_yoy,2024-12-01,268,0.968
growth_yoy,2025-01-01,268,0.821
growth_yoy,2025-02-01,268,-3.381
growth_yoy,2025-03-01,268,-3.369
growth_yoy,2025-04-01,268,-3.375
growth_yoy,2025-05-01,268,-3.335
growth_yoy,2025-06-01,268,-3.338
growth_yoy,2025-07-01,268,-3.326
growth_yoy,2025-08-01,268,-3.699
growth_yoy,2025-09-01,268,-3.702
growth_yoy,2025-10-01,268,-3.862
growth_yoy,2025-11-01,268,-3.857
growth_yoy,2025-12-01,268,-3.864
growth_yoy,2026-01-01,268,-3.91
growth_yoy,2026-02-01,268,-3.923
growth_yoy,2026-03-01,268,-3.912
growth_yoy,2026-04-01,268,-3.917
growth_yoy,2026-05-01,268,-3.881
growth_yoy,2026-06-01,268,-3.884
growth_mom,2015-02-01,268,-41.097
growth_mom,2015-03-01,268,-0.643
growth_mom,2015-04-01,268,36.348
growth_mom,2015-05-01,268,-30.316
growth_mom,2015-06-01,268,4.839
growth_mom,2015-07-01,268,70.557
growth_mom,2015-08-01,268,3.497
growth_mom,2015-09-01,268,1.826
growth_mom,2015-10-01,268,-48.003
growth_mom,2015-11-01,268,-1.073
growth_mom,2015-12-01,268,-1.423
growth_mom,2016-01-01,268,101.205
growth_mom,2016-02-01,268,-41.719
growth_mom,2016-03-01,268,-0.482
growth_mom,2016-04-01,268,39.936
growth_mom,2016-05-01,268,-30.053
growth_mom,2016-06-01,268,5.065
growth_mom,2016-07-01,268,62.513
growth_mom,2016-08-01,268,7.302
growth_mom,2016-09-01,268,0.376
growth_mom,2016-10-01,268,-47.123
growth_mom,2016-11-01,268,-0.347
growth_mom,2016-12-01,268,-4.896
growth_mom,2017-01-01,268,103.81
growth_mom,2017-02-01,268,-40.935
growth_mom,2017-03-01,268,-0.096
growth_mom,2017-04-01,268,41.994
growth_mom,2017-05-01,268,-28.767
growth_mom,2017-06-01,268,1.847
growth_mom,2017-07-01,268,65.773
growth_mom,2017-08-01,268,5.446
growth_mom,2017-09-01,268,-1.435
growth_mom,2017-10-01,268,-47.495
growth_mom,2017-11-01,268,0.824
growth_mom,2017-12-01,268,-7.549
growth_mom,2018-01-01,268,70.838
growth_mom,2018-02-01,268,-28.838
growth_mom,2018-03-01,268,10.623
growth_mom,2018-04-01,268,5.87
growth_mom,2018-05-01,268,-5.989
growth_mom,2018-06-01,268,5.065
growth_mom,2018-07-01,268,41.787
growth_mom,2018-08-01,268,0.221
growth_mom,2018-09-01,268,-4.392
growth_mom,2018-10-01,268,-33.732
growth_mom,2018-11-01,268,-8.11
growth_mom,2018-12-01,268,-1.472
growth_mom,2019-01-01,268,25.822
growth_mom,2019-02-01,268,-1.184
growth_mom,2019-03-01,268,17.157
growth_mom,2019-04-01,268,-13.687
growth_mom,2019-05-01,268,0.719
growth_mom,2019-06-01,268,4.827
growth_mom,2019-07-01,268,-7.603
growth_mom,2019-08-01,268,8.567
growth_mom,2019-09-01,268,-2.14
growth_mom,2019-10-01,268,1.624
growth_mom,2019-11-01,268,-11.942
growth_mom,2019-12-01,268,2.327
growth_mom,2020-01-01,268,13.659
growth_mom,2020-02-01,268,-3.579
growth_mom,2020-03-01,268,-20.791
growth_mom,2020-04-01,268,19.067
growth_mom,2020-05-01,268,-38.551
growth_mom,2020-06-01,268,1.637
growth_mom,2020-07-01,268,33.001
growth_mom,2020-08-01,268,22.494
growth_mom,2020-09-01,268,-12.695
growth_mom,2020-10-01,268,17.714
growth_mom,2020-11-01,268,-6.523
growth_mom,2020-12-01,268,7.166
growth_mom,2021-01-01,268,-0.757
growth_mom,2021-02-01,268,4.97
growth_mom,2021-03-01,268,-0.58
growth_mom,2021-04-01,268,3.768
growth_mom,2021-05-01,268,1.125
growth_mom,2021-06-01,268,6.848
growth_mom,2021-07-01,268,0.596
growth_mom,2021-08-01,268,2.576
growth_mom,2021-09-01,268,-7.493
growth_mom,2021-10-01,268,8.595
growth_mom,2021-11-01,268,-10.098
growth_mom,2021-12-01,268,3.124
growth_mom,2022-01-01,268,6.035
growth_mom,2022-02-01,268,1.023
growth_mom,2022-03-01,268,0.915
growth_mom,2022-04-01,268,-0.916
growth_mom,2022-05-01,268,1.737
growth_mom,2022-06-01,268,-1.393
growth_mom,2022-07-01,268,1.092
growth_mom,2022-08-01,268,1.769
growth_mom,2022-09-01,268,-0.673
growth_mom,2022-10-01,268,0.572
growth_mom,2022-11-01,268,0.412
growth_mom,2022-12-01,268,1.295
growth_mom,2023-01-01,268,0.613
growth_mom,2023-02-01,268,-0.139
growth_mom,2023-03-01,268,0.479
growth_mom,2023-04-01,268,0.612
growth_mom,2023-05-01,268,2.468
growth_mom,2023-06-01,268,-1.549
growth_mom,2023-07-01,268,1.41
growth_mom,2023-08-01,268,-11.723
growth_mom,2023-09-01,268,-0.691
growth_mom,2023-10-01,268,0.755
growth_mom,2023-11-01,268,0.544
growth_mom,2023-12-01,268,2.807
growth_mom,2024-01-01,268,0.715
growth_mom,2024-02-01,268,0.297
growth_mom,2024-03-01,268,0.002
growth_mom,2024-04-01,268,-0.183
growth_mom,2024-05-01,268,1.88
growth_mom,2024-06-01,268,1.347
growth_mom,2024-07-01,268,2.232
growth_mom,2024-08-01,268,-10.576
growth_mom,2024-09-01,268,-0.268
growth_mom,2024-10-01,268,1.642
growth_mom,2024-11-01,268,1.438
growth_mom,2024-12-01,268,3.168
growth_mom,2025-01-01,268,0.568
growth_mom,2025-02-01,268,-3.883
growth_mom,2025-03-01,268,0.014
growth_mom,2025-04-01,268,-0.188
growth_mom,2025-05-01,268,1.923
growth_mom,2025-06-01,268,1.343
growth_mom,2025-07-01,268,2.245
growth_mom,2025-08-01,268,-10.922
growth_mom,2025-09-01,268,-0.271
growth_mom,2025-10-01,268,1.473
growth_mom,2025-11-01,268,1.443
growth_mom,2025-12-01,268,3.159
growth_mom,2026-01-01,268,0.521
growth_mom,2026-02-01,268,-3.896
growth_mom,2026-03-01,268,0.025
growth_mom,2026-04-01,268,-0.194
growth_mom,2026-05-01,268,1.961
growth_mom,2026-06-01,268,1.339
abs,2015-01-01,271,93.286
abs,2015-02-01,271,87.932
abs,2015-03-01,271,103.515
abs,2015-04-01,271,108.2
abs,2015-05-01,271,98.266
abs,2015-06-01,271,100.712
abs,2015-07-01,271,100.174
abs,2015-08-01,271,95.192
abs,2015-09-01,271,103.787
abs,2015-10-01,271,100.089
abs,2015-11-01,271,99.677
abs,2015-12-01,271,109.171
abs,2016-01-01,271,100.916
abs,2016-02-01,271,99.166
abs,2016-03-01,271,106.749
abs,2016-04-01,271,106.311
abs,2016-05-01,271,98.557
abs,2016-06-01,271,104.282
abs,2016-07-01,271,99.437
abs,2016-08-01,271,101.032
abs,2016-09-01,271,110.871
abs,2016-10-01,271,104.436
abs,2016-11-01,271,99.482
abs,2016-12-01,271,109.317
abs,2017-01-01,271,102.616
abs,2017-02-01,271,105.355
abs,2017-03-01,271,115.744
abs,2017-04-01,271,119.125
abs,2017-05-01,271,115.19
abs,2017-06-01,271,113.857
abs,2017-07-01,271,109.043
abs,2017-08-01,271,112.681
abs,2017-09-01,271,116.776
abs,2017-10-01,271,114.063
abs,2017-11-01,271,106.302
abs,2017-12-01,271,113.814
abs,2018-01-01,271,108.024
abs,2018-02-01,271,105.464
abs,2018-03-01,271,110.177
abs,2018-04-01,271,117.534
abs,2018-05-01,271,117.668
abs,2018-06-01,271,113.056
abs,2018-07-01,271,106.311
abs,2018-08-01,271,106.24
abs,2018-09-01,271,115.067
abs,2018-10-01,271,111.928
abs,2018-11-01,271,106.954
abs,2018-12-01,271,118.691
abs,2019-01-01,271,117.413
abs,2019-02-01,271,111.327
abs,2019-03-01,271,114.365
abs,2019-04-01,271,115.813
abs,2019-05-01,271,111.268
abs,2019-06-01,271,111.085
abs,2019-07-01,271,95.179
abs,2019-08-01,271,101.038
abs,2019-09-01,271,115.078
abs,2019-10-01,271,121.288
abs,2019-11-01,271,103.601
abs,2019-12-01,271,110.251
abs,2020-01-01,271,117.461
abs,2020-02-01,271,106.501
abs,2020-03-01,271,108.282
abs,2020-04-01,271,111.97
abs,2020-05-01,271,109.538
abs,2020-06-01,271,121.583
abs,2020-07-01,271,107.274
abs,2020-08-01,271,102.552
abs,2020-09-01,271,121.713
abs,2020-10-01,271,128.269
abs,2020-11-01,271,101.941
abs,2020-12-01,271,114.725
abs,2021-01-01,271,124.453
abs,2021-02-01,271,99.423
abs,2021-03-01,271,109.067
abs,2021-04-01,271,119.901
abs,2021-05-01,271,117.169
abs,2021-06-01,271,128.979
abs,2021-07-01,271,111.552
abs,2021-08-01,271,110.864
abs,2021-09-01,271,127.39
abs,2021-10-01,271,129.021
abs,2021-11-01,271,116.997
abs,2021-12-01,271,128.508
abs,2022-01-01,271,121.707
abs,2022-02-01,271,106.106
abs,2022-03-01,271,126.168
abs,2022-04-01,271,126.761
abs,2022-05-01,271,111.848
abs,2022-06-01,271,131.674
abs,2022-07-01,271,110.792
abs,2022-08-01,271,106.065
abs,2022-09-01,271,122.682
abs,2022-10-01,271,130.008
abs,2022-11-01,271,119.163
abs,2022-12-01,271,126.101
abs,2023-01-01,271,121.095
abs,2023-02-01,271,119.268
abs,2023-03-01,271,126.359
abs,2023-04-01,271,120.87
abs,2023-05-01,271,122.827
abs,2023-06-01,271,121.971
abs,2023-07-01,271,106.687
abs,2023-08-01,271,93.191
abs,2023-09-01,271,101.406
abs,2023-10-01,271,113.156
abs,2023-11-01,271,113.479
abs,2023-12-01,271,114.817
abs,2024-01-01,271,132.153
abs,2024-02-01,271,127.18
abs,2024-03-01,271,127.716
abs,2024-04-01,271,122.372
abs,2024-05-01,271,133.308
abs,2024-06-01,271,123.655
abs,2024-07-01,271,111.483
abs,2024-08-01,271,94.33
abs,2024-09-01,271,112.708
abs,2024-10-01,271,128.677
abs,2024-11-01,271,123.398
abs,2024-12-01,271,129.356
abs,2025-01-01,271,142.167
abs,2025-02-01,271,144.399
abs,2025-03-01,271,144.559
abs,2025-04-01,271,138.932
abs,2025-05-01,271,149.755
abs,2025-06-01,271,138.203
abs,2025-07-01,271,125.848
abs,2025-08-01,271,103.112
abs,2025-09-01,271,127.401
abs,2025-10-01,271,139.283
abs,2025-11-01,271,137.463
abs,2025-12-01,271,147.448
abs,2026-01-01,271,157.842
abs,2026-02-01,271,153.49
abs,2026-03-01,271,148.574
abs,2026-04-01,271,152.481
abs,2026-05-01,271,158.441
abs,2026-06-01,271,161.083
growth_yoy,2016-01-01,271,8.179
growth_yoy,2016-02-01,271,12.776
growth_yoy,2016-03-01,271,3.125
growth_yoy,2016-04-01,271,-1.746
growth_yoy,2016-05-01,271,0.296
growth_yoy,2016-06-01,271,3.544
growth_yoy,2016-07-01,271,-0.736
growth_yoy,2016-08-01,271,6.135
growth_yoy,2016-09-01,271,6.826
growth_yoy,2016-10-01,271,4.343
growth_yoy,2016-11-01,271,-0.195
growth_yoy,2016-12-01,271,0.134
growth_yoy,2017-01-01,271,1.685
growth_yoy,2017-02-01,271,6.242
growth_yoy,2017-03-01,271,8.426
growth_yoy,2017-04-01,271,12.054
growth_yoy,2017-05-01,271,16.876
growth_yoy,2017-06-01,271,9.182
growth_yoy,2017-07-01,271,9.661
growth_yoy,2017-08-01,271,11.53
growth_yoy,2017-09-01,271,5.325
growth_yoy,2017-10-01,271,9.218
growth_yoy,2017-11-01,271,6.855
growth_yoy,2017-12-01,271,4.114
growth_yoy,2018-01-01,271,5.27
growth_yoy,2018-02-01,271,0.103
growth_yoy,2018-03-01,271,-4.81
growth_yoy,2018-04-01,271,-1.336
growth_yoy,2018-05-01,271,2.151
growth_yoy,2018-06-01,271,-0.703
growth_yoy,2018-07-01,271,-2.506
growth_yoy,2018-08-01,271,-5.716
growth_yoy,2018-09-01,271,-1.464
growth_yoy,2018-10-01,271,-1.872
growth_yoy,2018-11-01,271,0.613
growth_yoy,2018-12-01,271,4.285
growth_yoy,2019-01-01,271,8.691
growth_yoy,2019-02-01,271,5.559
growth_yoy,2019-03-01,271,3.801
growth_yoy,2019-04-01,271,-1.464
growth_yoy,2019-05-01,271,-5.439
growth_yoy,2019-06-01,271,-1.744
growth_yoy,2019-07-01,271,-10.471
growth_yoy,2019-08-01,271,-4.896
growth_yoy,2019-09-01,271,0.01
growth_yoy,2019-10-01,271,8.362
growth_yoy,2019-11-01,271,-3.135
growth_yoy,2019-12-01,271,-7.111
growth_yoy,2020-01-01,271,0.041
growth_yoy,2020-02-01,271,-4.335
growth_yoy,2020-03-01,271,-5.319
growth_yoy,2020-04-01,271,-3.318
growth_yoy,2020-05-01,271,-1.555
growth_yoy,2020-06-01,271,9.45
growth_yoy,2020-07-01,271,12.707
growth_yoy,2020-08-01,271,1.498
growth_yoy,2020-09-01,271,5.766
growth_yoy,2020-10-01,271,5.755
growth_yoy,2020-11-01,271,-1.603
growth_yoy,2020-12-01,271,4.059
growth_yoy,2021-01-01,271,5.952
growth_yoy,2021-02-01,271,-6.646
growth_yoy,2021-03-01,271,0.725
growth_yoy,2021-04-01,271,7.083
growth_yoy,2021-05-01,271,6.966
growth_yoy,2021-06-01,271,6.083
growth_yoy,2021-07-01,271,3.989
growth_yoy,2021-08-01,271,8.105
growth_yoy,2021-09-01,271,4.665
growth_yoy,2021-10-01,271,0.586
growth_yoy,2021-11-01,271,14.77
growth_yoy,2021-12-01,271,12.014
growth_yoy,2022-01-01,271,-2.207
growth_yoy,2022-02-01,271,6.721
growth_yoy,2022-03-01,271,15.68
growth_yoy,2022-04-01,271,5.721
growth_yoy,2022-05-01,271,-4.541
growth_yoy,2022-06-01,271,2.09
growth_yoy,2022-07-01,271,-0.682
growth_yoy,2022-08-01,271,-4.329
growth_yoy,2022-09-01,271,-3.696
growth_yoy,2022-10-01,271,0.765
growth_yoy,2022-11-01,271,1.851
growth_yoy,2022-12-01,271,-1.873
growth_yoy,2023-01-01,271,-0.502
growth_yoy,2023-02-01,271,12.405
growth_yoy,2023-03-01,271,0.151
growth_yoy,2023-04-01,271,-4.647
growth_yoy,2023-05-01,271,9.816
growth_yoy,2023-06-01,271,-7.369
growth_yoy,2023-07-01,271,-3.705
growth_yoy,2023-08-01,271,-12.138
growth_yoy,2023-09-01,271,-17.343
growth_yoy,2023-10-01,271,-12.963
growth_yoy,2023-11-01,271,-4.77
growth_yoy,2023-12-01,271,-8.949
growth_yoy,2024-01-01,271,9.131
growth_yoy,2024-02-01,271,6.633
growth_yoy,2024-03-01,271,1.074
growth_yoy,2024-04-01,271,1.243
growth_yoy,2024-05-01,271,8.534
growth_yoy,2024-06-01,271,1.38
growth_yoy,2024-07-01,271,4.495
growth_yoy,2024-08-01,271,1.222
growth_yoy,2024-09-01,271,11.146
growth_yoy,2024-10-01,271,13.717
growth_yoy,2024-11-01,271,8.741
growth_yoy,2024-12-01,271,12.663
growth_yoy,2025-01-01,271,7.578
growth_yoy,2025-02-01,271,13.539
growth_yoy,2025-03-01,271,13.187
growth_yoy,2025-04-01,271,13.533
growth_yoy,2025-05-01,271,12.337
growth_yoy,2025-06-01,271,11.766
growth_yoy,2025-07-01,271,12.886
growth_yoy,2025-08-01,271,9.31
growth_yoy,2025-09-01,271,13.036
growth_yoy,2025-10-01,271,8.242
growth_yoy,2025-11-01,271,11.397
growth_yoy,2025-12-01,271,13.986
growth_yoy,2026-01-01,271,11.026
growth_yoy,2026-02-01,271,6.296
growth_yoy,2026-03-01,271,2.778
growth_yoy,2026-04-01,271,9.752
growth_yoy,2026-05-01,271,5.8
growth_yoy,2026-06-01,271,16.555
growth_mom,2015-02-01,271,-5.739
growth_mom,2015-03-01,271,17.722
growth_mom,2015-04-01,271,4.526
growth_mom,2015-05-01,271,-9.181
growth_mom,2015-06-01,271,2.489
growth_mom,2015-07-01,271,-0.535
growth_mom,2015-08-01,271,-4.973
growth_mom,2015-09-01,271,9.029
growth_mom,2015-10-01,271,-3.563
growth_mom,2015-11-01,271,-0.412
growth_mom,2015-12-01,271,9.525
growth_mom,2016-01-01,271,-7.561
growth_mom,2016-02-01,271,-1.734
growth_mom,2016-03-01,271,7.647
growth_mom,2016-04-01,271,-0.411
growth_mom,2016-05-01,271,-7.293
growth_mom,2016-06-01,271,5.808
growth_mom,2016-07-01,271,-4.646
growth_mom,2016-08-01,271,1.604
growth_mom,2016-09-01,271,9.739
growth_mom,2016-10-01,271,-5.804
growth_mom,2016-11-01,271,-4.743
growth_mom,2016-12-01,271,9.885
growth_mom,2017-01-01,271,-6.129
growth_mom,2017-02-01,271,2.669
growth_mom,2017-03-01,271,9.861
growth_mom,2017-04-01,271,2.921
growth_mom,2017-05-01,271,-3.303
growth_mom,2017-06-01,271,-1.158
growth_mom,2017-07-01,271,-4.228
growth_mom,2017-08-01,271,3.336
growth_mom,2017-09-01,271,3.634
growth_mom,2017-10-01,271,-2.323
growth_mom,2017-11-01,271,-6.804
growth_mom,2017-12-01,271,7.067
growth_mom,2018-01-01,271,-5.087
growth_mom,2018-02-01,271,-2.371
growth_mom,2018-03-01,271,4.469
growth_mom,2018-04-01,271,6.677
growth_mom,2018-05-01,271,0.114
growth_mom,2018-06-01,271,-3.919
growth_mom,2018-07-01,271,-5.966
growth_mom,2018-08-01,271,-0.067
growth_mom,2018-09-01,271,8.308
growth_mom,2018-10-01,271,-2.727
growth_mom,2018-11-01,271,-4.444
growth_mom,2018-12-01,271,10.974
growth_mom,2019-01-01,271,-1.076
growth_mom,2019-02-01,271,-5.184
growth_mom,2019-03-01,271,2.729
growth_mom,2019-04-01,271,1.267
growth_mom,2019-05-01,271,-3.924
growth_mom,2019-06-01,271,-0.165
growth_mom,2019-07-01,271,-14.319
growth_mom,2019-08-01,271,6.156
growth_mom,2019-09-01,271,13.895
growth_mom,2019-10-01,271,5.397
growth_mom,2019-11-01,271,-14.582
growth_mom,2019-12-01,271,6.418
growth_mom,2020-01-01,271,6.54
growth_mom,2020-02-01,271,-9.331
growth_mom,2020-03-01,271,1.672
growth_mom,2020-04-01,271,3.406
growth_mom,2020-05-01,271,-2.172
growth_mom,2020-06-01,271,10.996
growth_mom,2020-07-01,271,-11.769
growth_mom,2020-08-01,271,-4.401
growth_mom,2020-09-01,271,18.684
growth_mom,2020-10-01,271,5.386
growth_mom,2020-11-01,271,-20.526
growth_mom,2020-12-01,271,12.541
growth_mom,2021-01-01,271,8.479
growth_mom,2021-02-01,271,-20.112
growth_mom,2021-03-01,271,9.7
growth_mom,2021-04-01,271,9.933
growth_mom,2021-05-01,271,-2.279
growth_mom,2021-06-01,271,10.079
growth_mom,2021-07-01,271,-13.511
growth_mom,2021-08-01,271,-0.617
growth_mom,2021-09-01,271,14.907
growth_mom,2021-10-01,271,1.28
growth_mom,2021-11-01,271,-9.319
growth_mom,2021-12-01,271,9.839
growth_mom,2022-01-01,271,-5.293
growth_mom,2022-02-01,271,-12.819
growth_mom,2022-03-01,271,18.908
growth_mom,2022-04-01,271,0.469
growth_mom,2022-05-01,271,-11.764
growth_mom,2022-06-01,271,17.726
growth_mom,2022-07-01,271,-15.859
growth_mom,2022-08-01,271,-4.266
growth_mom,2022-09-01,271,15.666
growth_mom,2022-10-01,271,5.972
growth_mom,2022-11-01,271,-8.342
growth_mom,2022-12-01,271,5.822
growth_mom,2023-01-01,271,-3.97
growth_mom,2023-02-01,271,-1.509
growth_mom,2023-03-01,271,5.945
growth_mom,2023-04-01,271,-4.344
growth_mom,2023-05-01,271,1.619
growth_mom,2023-06-01,271,-0.697
growth_mom,2023-07-01,271,-12.531
growth_mom,2023-08-01,271,-12.65
growth_mom,2023-09-01,271,8.815
growth_mom,2023-10-01,271,11.587
growth_mom,2023-11-01,271,0.285
growth_mom,2023-12-01,271,1.179
growth_mom,2024-01-01,271,15.099
growth_mom,2024-02-01,271,-3.763
growth_mom,2024-03-01,271,0.422
growth_mom,2024-04-01,271,-4.185
growth_mom,2024-05-01,271,8.937
growth_mom,2024-06-01,271,-7.242
growth_mom,2024-07-01,271,-9.843
growth_mom,2024-08-01,271,-15.386
growth_mom,2024-09-01,271,19.484
growth_mom,2024-10-01,271,14.168
growth_mom,2024-11-01,271,-4.102
growth_mom,2024-12-01,271,4.828
growth_mom,2025-01-01,271,9.904
growth_mom,2025-02-01,271,1.57
growth_mom,2025-03-01,271,0.11
growth_mom,2025-04-01,271,-3.892
growth_mom,2025-05-01,271,7.79
growth_mom,2025-06-01,271,-7.714
growth_mom,2025-07-01,271,-8.94
growth_mom,2025-08-01,271,-18.067
growth_mom,2025-09-01,271,23.556
growth_mom,2025-10-01,271,9.327
growth_mom,2025-11-01,271,-1.307
growth_mom,2025-12-01,271,7.264
growth_mom,2026-01-01,271,7.05
growth_mom,2026-02-01,271,-2.758
growth_mom,2026-03-01,271,-3.203
growth_mom,2026-04-01,271,2.629
growth_mom,2026-05-01,271,3.909
growth_mom,2026-06-01,271,1.667
abs,2015-01-01,272,100.73
abs,2015-02-01,272,86.127
abs,2015-03-01,272,90.73
abs,2015-04-01,272,105.806
abs,2015-05-01,272,98.041
abs,2015-06-01,272,98.586
abs,2015-07-01,272,98.355
abs,2015-08-01,272,91.22
abs,2015-09-01,272,124.583
abs,2015-10-01,272,117.599
abs,2015-11-01,272,96.732
abs,2015-12-01,272,91.491
abs,2016-01-01,272,103.269
abs,2016-02-01,272,90.482
abs,2016-03-01,272,94.118
abs,2016-04-01,272,109.979
abs,2016-05-01,272,102.779
abs,2016-06-01,272,108.634
abs,2016-07-01,272,103.256
abs,2016-08-01,272,99.437
abs,2016-09-01,272,133.199
abs,2016-10-01,272,125.961
abs,2016-11-01,272,105.631
abs,2016-12-01,272,97.386
abs,2017-01-01,272,112.622
abs,2017-02-01,272,100.918
abs,2017-03-01,272,102.268
abs,2017-04-01,272,119.151
abs,2017-05-01,272,114.377
abs,2017-06-01,272,116.568
abs,2017-07-01,272,113.363
abs,2017-08-01,272,107.808
abs,2017-09-01,272,139.373
abs,2017-10-01,272,130.774
abs,2017-11-01,272,108.872
abs,2017-12-01,272,98.415
abs,2018-01-01,272,105.269
abs,2018-02-01,272,100.805
abs,2018-03-01,272,101.949
abs,2018-04-01,272,115.53
abs,2018-05-01,272,115.836
abs,2018-06-01,272,116.876
abs,2018-07-01,272,115.774
abs,2018-08-01,272,111.403
abs,2018-09-01,272,133.077
abs,2018-10-01,272,133.076
abs,2018-11-01,272,110.264
abs,2018-12-01,272,110.354
abs,2019-01-01,272,109.533
abs,2019-02-01,272,100.056
abs,2019-03-01,272,100.148
abs,2019-04-01,272,110.926
abs,2019-05-01,272,109.782
abs,2019-06-01,272,107.651
abs,2019-07-01,272,137.715
abs,2019-08-01,272,125.657
abs,2019-09-01,272,134.992
abs,2019-10-01,272,137.086
abs,2019-11-01,272,114.693
abs,2019-12-01,272,133.166
abs,2020-01-01,272,128.033
abs,2020-02-01,272,111.291
abs,2020-03-01,272,90.167
abs,2020-04-01,272,27.043
abs,2020-05-01,272,98.138
abs,2020-06-01,272,120.575
abs,2020-07-01,272,124.437
abs,2020-08-01,272,147.896
abs,2020-09-01,272,152.306
abs,2020-10-01,272,159.925
abs,2020-11-01,272,128.678
abs,2020-12-01,272,148.782
abs,2021-01-01,272,131.973
abs,2021-02-01,272,138.156
abs,2021-03-01,272,121.611
abs,2021-04-01,272,133.044
abs,2021-05-01,272,129.618
abs,2021-06-01,272,133.26
abs,2021-07-01,272,124.198
abs,2021-08-01,272,151.674
abs,2021-09-01,272,165.601
abs,2021-10-01,272,179.668
abs,2021-11-01,272,173.213
abs,2021-12-01,272,184.375
abs,2022-01-01,272,163.259
abs,2022-02-01,272,166.069
abs,2022-03-01,272,160.609
abs,2022-04-01,272,172.618
abs,2022-05-01,272,140.472
abs,2022-06-01,272,172.002
abs,2022-07-01,272,140.634
abs,2022-08-01,272,124.885
abs,2022-09-01,272,144.655
abs,2022-10-01,272,149.412
abs,2022-11-01,272,144.124
abs,2022-12-01,272,197.012
abs,2023-01-01,272,204.523
abs,2023-02-01,272,245.839
abs,2023-03-01,272,249.136
abs,2023-04-01,272,228.066
abs,2023-05-01,272,196.379
abs,2023-06-01,272,175.787
abs,2023-07-01,272,150.619
abs,2023-08-01,272,119.765
abs,2023-09-01,272,138.724
abs,2023-10-01,272,152.55
abs,2023-11-01,272,115.444
abs,2023-12-01,272,160.565
abs,2024-01-01,272,147.666
abs,2024-02-01,272,170.858
abs,2024-03-01,272,183.364
abs,2024-04-01,272,179.8
abs,2024-05-01,272,150.23
abs,2024-06-01,272,111.097
abs,2024-07-01,272,94.74
abs,2024-08-01,272,84.315
abs,2024-09-01,272,95.165
abs,2024-10-01,272,102.361
abs,2024-11-01,272,81.388
abs,2024-12-01,272,111.272
abs,2025-01-01,272,114.133
abs,2025-02-01,272,149.842
abs,2025-03-01,272,160.993
abs,2025-04-01,272,160.561
abs,2025-05-01,272,130.099
abs,2025-06-01,272,107.875
abs,2025-07-01,272,81.571
abs,2025-08-01,272,71.836
abs,2025-09-01,272,89.74
abs,2025-10-01,272,105.227
abs,2025-11-01,272,90.747
abs,2025-12-01,272,132.747
abs,2026-01-01,272,131.024
abs,2026-02-01,272,181.159
abs,2026-03-01,272,186.591
abs,2026-04-01,272,177.26
abs,2026-05-01,272,148.183
abs,2026-06-01,272,118.231
growth_yoy,2016-01-01,272,2.52
growth_yoy,2016-02-01,272,5.057
growth_yoy,2016-03-01,272,3.735
growth_yoy,2016-04-01,272,3.944
growth_yoy,2016-05-01,272,4.832
growth_yoy,2016-06-01,272,10.193
growth_yoy,2016-07-01,272,4.983
growth_yoy,2016-08-01,272,9.008
growth_yoy,2016-09-01,272,6.915
growth_yoy,2016-10-01,272,7.11
growth_yoy,2016-11-01,272,9.2
growth_yoy,2016-12-01,272,6.444
growth_yoy,2017-01-01,272,9.057
growth_yoy,2017-02-01,272,11.534
growth_yoy,2017-03-01,272,8.659
growth_yoy,2017-04-01,272,8.34
growth_yoy,2017-05-01,272,11.284
growth_yoy,2017-06-01,272,7.303
growth_yoy,2017-07-01,272,9.788
growth_yoy,2017-08-01,272,8.418
growth_yoy,2017-09-01,272,4.635
growth_yoy,2017-10-01,272,3.821
growth_yoy,2017-11-01,272,3.069
growth_yoy,2017-12-01,272,1.057
growth_yoy,2018-01-01,272,-6.529
growth_yoy,2018-02-01,272,-0.112
growth_yoy,2018-03-01,272,-0.312
growth_yoy,2018-04-01,272,-3.039
growth_yoy,2018-05-01,272,1.275
growth_yoy,2018-06-01,272,0.264
growth_yoy,2018-07-01,272,2.127
growth_yoy,2018-08-01,272,3.335
growth_yoy,2018-09-01,272,-4.517
growth_yoy,2018-10-01,272,1.76
growth_yoy,2018-11-01,272,1.278
growth_yoy,2018-12-01,272,12.131
growth_yoy,2019-01-01,272,4.051
growth_yoy,2019-02-01,272,-0.744
growth_yoy,2019-03-01,272,-1.766
growth_yoy,2019-04-01,272,-3.985
growth_yoy,2019-05-01,272,-5.226
growth_yoy,2019-06-01,272,-7.893
growth_yoy,2019-07-01,272,18.951
growth_yoy,2019-08-01,272,12.795
growth_yoy,2019-09-01,272,1.438
growth_yoy,2019-10-01,272,3.014
growth_yoy,2019-11-01,272,4.017
growth_yoy,2019-12-01,272,20.672
growth_yoy,2020-01-01,272,16.889
growth_yoy,2020-02-01,272,11.229
growth_yoy,2020-03-01,272,-9.967
growth_yoy,2020-04-01,272,-75.621
growth_yoy,2020-05-01,272,-10.606
growth_yoy,2020-06-01,272,12.005
growth_yoy,2020-07-01,272,-9.641
growth_yoy,2020-08-01,272,17.699
growth_yoy,2020-09-01,272,12.826
growth_yoy,2020-10-01,272,16.66
growth_yoy,2020-11-01,272,12.193
growth_yoy,2020-12-01,272,11.727
growth_yoy,2021-01-01,272,3.078
growth_yoy,2021-02-01,272,24.14
growth_yoy,2021-03-01,272,34.873
growth_yoy,2021-04-01,272,391.968
growth_yoy,2021-05-01,272,32.077
growth_yoy,2021-06-01,272,10.521
growth_yoy,2021-07-01,272,-0.192
growth_yoy,2021-08-01,272,2.554
growth_yoy,2021-09-01,272,8.73
growth_yoy,2021-10-01,272,12.345
growth_yoy,2021-11-01,272,34.61
growth_yoy,2021-12-01,272,23.923
growth_yoy,2022-01-01,272,23.706
growth_yoy,2022-02-01,272,20.204
growth_yoy,2022-03-01,272,32.068
growth_yoy,2022-04-01,272,29.745
growth_yoy,2022-05-01,272,8.374
growth_yoy,2022-06-01,272,29.073
growth_yoy,2022-07-01,272,13.234
growth_yoy,2022-08-01,272,-17.662
growth_yoy,2022-09-01,272,-12.649
growth_yoy,2022-10-01,272,-16.84
growth_yoy,2022-11-01,272,-16.794
growth_yoy,2022-12-01,272,6.854
growth_yoy,2023-01-01,272,25.276
growth_yoy,2023-02-01,272,48.034
growth_yoy,2023-03-01,272,55.119
growth_yoy,2023-04-01,272,32.122
growth_yoy,2023-05-01,272,39.8
growth_yoy,2023-06-01,272,2.2
growth_yoy,2023-07-01,272,7.1
growth_yoy,2023-08-01,272,-4.1
growth_yoy,2023-09-01,272,-4.1
growth_yoy,2023-10-01,272,2.1
growth_yoy,2023-11-01,272,-19.9
growth_yoy,2023-12-01,272,-18.5
growth_yoy,2024-01-01,272,-27.8
growth_yoy,2024-02-01,272,-30.5
growth_yoy,2024-03-01,272,-26.4
growth_yoy,2024-04-01,272,-21.163
growth_yoy,2024-05-01,272,-23.5
growth_yoy,2024-06-01,272,-36.8
growth_yoy,2024-07-01,272,-37.1
growth_yoy,2024-08-01,272,-29.6
growth_yoy,2024-09-01,272,-31.4
growth_yoy,2024-10-01,272,-32.9
growth_yoy,2024-11-01,272,-29.5
growth_yoy,2024-12-01,272,-30.7
growth_yoy,2025-01-01,272,-22.709
growth_yoy,2025-02-01,272,-12.3
growth_yoy,2025-03-01,272,-12.2
growth_yoy,2025-04-01,272,-10.7
growth_yoy,2025-05-01,272,-13.4
growth_yoy,2025-06-01,272,-2.9
growth_yoy,2025-07-01,272,-13.9
growth_yoy,2025-08-01,272,-14.8
growth_yoy,2025-09-01,272,-5.7
growth_yoy,2025-10-01,272,2.8
growth_yoy,2025-11-01,272,11.5
growth_yoy,2025-12-01,272,19.3
growth_yoy,2026-01-01,272,14.8
growth_yoy,2026-02-01,272,20.9
growth_yoy,2026-03-01,272,15.9
growth_yoy,2026-04-01,272,10.4
growth_yoy,2026-05-01,272,13.9
growth_yoy,2026-06-01,272,9.6
growth_mom,2015-02-01,272,-14.497
growth_mom,2015-03-01,272,5.344
growth_mom,2015-04-01,272,16.617
growth_mom,2015-05-01,272,-7.339
growth_mom,2015-06-01,272,0.555
growth_mom,2015-07-01,272,-0.234
growth_mom,2015-08-01,272,-7.255
growth_mom,2015-09-01,272,36.575
growth_mom,2015-10-01,272,-5.606
growth_mom,2015-11-01,272,-17.744
growth_mom,2015-12-01,272,-5.418
growth_mom,2016-01-01,272,12.874
growth_mom,2016-02-01,272,-12.382
growth_mom,2016-03-01,272,4.018
growth_mom,2016-04-01,272,16.852
growth_mom,2016-05-01,272,-6.547
growth_mom,2016-06-01,272,5.697
growth_mom,2016-07-01,272,-4.951
growth_mom,2016-08-01,272,-3.699
growth_mom,2016-09-01,272,33.953
growth_mom,2016-10-01,272,-5.434
growth_mom,2016-11-01,272,-16.14
growth_mom,2016-12-01,272,-7.805
growth_mom,2017-01-01,272,15.645
growth_mom,2017-02-01,272,-10.392
growth_mom,2017-03-01,272,1.338
growth_mom,2017-04-01,272,16.509
growth_mom,2017-05-01,272,-4.007
growth_mom,2017-06-01,272,1.916
growth_mom,2017-07-01,272,-2.749
growth_mom,2017-08-01,272,-4.9
growth_mom,2017-09-01,272,29.279
growth_mom,2017-10-01,272,-6.17
growth_mom,2017-11-01,272,-16.748
growth_mom,2017-12-01,272,-9.605
growth_mom,2018-01-01,272,6.965
growth_mom,2018-02-01,272,-4.241
growth_mom,2018-03-01,272,1.135
growth_mom,2018-04-01,272,13.321
growth_mom,2018-05-01,272,0.265
growth_mom,2018-06-01,272,0.898
growth_mom,2018-07-01,272,-0.943
growth_mom,2018-08-01,272,-3.776
growth_mom,2018-09-01,272,19.456
growth_mom,2018-10-01,272,-0.001
growth_mom,2018-11-01,272,-17.142
growth_mom,2018-12-01,272,0.082
growth_mom,2019-01-01,272,-0.744
growth_mom,2019-02-01,272,-8.653
growth_mom,2019-03-01,272,0.093
growth_mom,2019-04-01,272,10.762
growth_mom,2019-05-01,272,-1.032
growth_mom,2019-06-01,272,-1.941
growth_mom,2019-07-01,272,27.927
growth_mom,2019-08-01,272,-8.756
growth_mom,2019-09-01,272,7.429
growth_mom,2019-10-01,272,1.552
growth_mom,2019-11-01,272,-16.335
growth_mom,2019-12-01,272,16.106
growth_mom,2020-01-01,272,-3.855
growth_mom,2020-02-01,272,-13.076
growth_mom,2020-03-01,272,-18.981
growth_mom,2020-04-01,272,-70.008
growth_mom,2020-05-01,272,262.894
growth_mom,2020-06-01,272,22.863
growth_mom,2020-07-01,272,3.203
growth_mom,2020-08-01,272,18.852
growth_mom,2020-09-01,272,2.981
growth_mom,2020-10-01,272,5.003
growth_mom,2020-11-01,272,-19.539
growth_mom,2020-12-01,272,15.624
growth_mom,2021-01-01,272,-11.298
growth_mom,2021-02-01,272,4.685
growth_mom,2021-03-01,272,-11.976
growth_mom,2021-04-01,272,9.402
growth_mom,2021-05-01,272,-2.575
growth_mom,2021-06-01,272,2.81
growth_mom,2021-07-01,272,-6.8
growth_mom,2021-08-01,272,22.123
growth_mom,2021-09-01,272,9.182
growth_mom,2021-10-01,272,8.494
growth_mom,2021-11-01,272,-3.592
growth_mom,2021-12-01,272,6.444
growth_mom,2022-01-01,272,-11.453
growth_mom,2022-02-01,272,1.721
growth_mom,2022-03-01,272,-3.288
growth_mom,2022-04-01,272,7.477
growth_mom,2022-05-01,272,-18.623
growth_mom,2022-06-01,272,22.446
growth_mom,2022-07-01,272,-18.237
growth_mom,2022-08-01,272,-11.198
growth_mom,2022-09-01,272,15.83
growth_mom,2022-10-01,272,3.289
growth_mom,2022-11-01,272,-3.539
growth_mom,2022-12-01,272,36.696
growth_mom,2023-01-01,272,3.812
growth_mom,2023-02-01,272,20.201
growth_mom,2023-03-01,272,1.341
growth_mom,2023-04-01,272,-8.457
growth_mom,2023-05-01,272,-13.893
growth_mom,2023-06-01,272,-10.486
growth_mom,2023-07-01,272,-14.317
growth_mom,2023-08-01,272,-20.485
growth_mom,2023-09-01,272,15.83
growth_mom,2023-10-01,272,9.967
growth_mom,2023-11-01,272,-24.324
growth_mom,2023-12-01,272,39.085
growth_mom,2024-01-01,272,-8.034
growth_mom,2024-02-01,272,15.706
growth_mom,2024-03-01,272,7.32
growth_mom,2024-04-01,272,-1.944
growth_mom,2024-05-01,272,-16.446
growth_mom,2024-06-01,272,-26.049
growth_mom,2024-07-01,272,-14.724
growth_mom,2024-08-01,272,-11.004
growth_mom,2024-09-01,272,12.869
growth_mom,2024-10-01,272,7.562
growth_mom,2024-11-01,272,-20.49
growth_mom,2024-12-01,272,36.718
growth_mom,2025-01-01,272,2.571
growth_mom,2025-02-01,272,31.288
growth_mom,2025-03-01,272,7.442
growth_mom,2025-04-01,272,-0.268
growth_mom,2025-05-01,272,-18.972
growth_mom,2025-06-01,272,-17.082
growth_mom,2025-07-01,272,-24.384
growth_mom,2025-08-01,272,-11.934
growth_mom,2025-09-01,272,24.924
growth_mom,2025-10-01,272,17.257
growth_mom,2025-11-01,272,-13.761
growth_mom,2025-12-01,272,46.282
growth_mom,2026-01-01,272,-1.298
growth_mom,2026-02-01,272,38.264
growth_mom,2026-03-01,272,2.998
growth_mom,2026-04-01,272,-5.001
growth_mom,2026-05-01,272,-16.403
growth_mom,2026-06-01,272,-20.213
abs,2015-01-01,273,97.155
abs,2015-02-01,273,92.831
abs,2015-03-01,273,106.369
abs,2015-04-01,273,107.592
abs,2015-05-01,273,105.662
abs,2015-06-01,273,95.332
abs,2015-07-01,273,93.196
abs,2015-08-01,273,99.302
abs,2015-09-01,273,102.949
abs,2015-10-01,273,99.694
abs,2015-11-01,273,94.258
abs,2015-12-01,273,105.66
abs,2016-01-01,273,95.294
abs,2016-02-01,273,93.399
abs,2016-03-01,273,108.148
abs,2016-04-01,273,109.589
abs,2016-05-01,273,108.809
abs,2016-06-01,273,108.286
abs,2016-07-01,273,103.74
abs,2016-08-01,273,113.33
abs,2016-09-01,273,118.866
abs,2016-10-01,273,115.751
abs,2016-11-01,273,108.636
abs,2016-12-01,273,113.461
abs,2017-01-01,273,109.426
abs,2017-02-01,273,108.279
abs,2017-03-01,273,122.901
abs,2017-04-01,273,121.607
abs,2017-05-01,273,123.185
abs,2017-06-01,273,122.169
abs,2017-07-01,273,117.832
abs,2017-08-01,273,127.1
abs,2017-09-01,273,128.405
abs,2017-10-01,273,119.058
abs,2017-11-01,273,108.442
abs,2017-12-01,273,117.464
abs,2018-01-01,273,125.112
abs,2018-02-01,273,115.643
abs,2018-03-01,273,119.111
abs,2018-04-01,273,127.668
abs,2018-05-01,273,124.115
abs,2018-06-01,273,119.435
abs,2018-07-01,273,125.208
abs,2018-08-01,273,129.329
abs,2018-09-01,273,126.144
abs,2018-10-01,273,128.232
abs,2018-11-01,273,110.37
abs,2018-12-01,273,110.617
abs,2019-01-01,273,128.2
abs,2019-02-01,273,116.183
abs,2019-03-01,273,123.415
abs,2019-04-01,273,127.714
abs,2019-05-01,273,126.236
abs,2019-06-01,273,128.369
abs,2019-07-01,273,113.931
abs,2019-08-01,273,114.025
abs,2019-09-01,273,119.502
abs,2019-10-01,273,129.667
abs,2019-11-01,273,121.706
abs,2019-12-01,273,118.888
abs,2020-01-01,273,124.4
abs,2020-02-01,273,123.269
abs,2020-03-01,273,113.698
abs,2020-04-01,273,104.921
abs,2020-05-01,273,132.236
abs,2020-06-01,273,140.2
abs,2020-07-01,273,121.485
abs,2020-08-01,273,123.588
abs,2020-09-01,273,137.959
abs,2020-10-01,273,146.115
abs,2020-11-01,273,135.481
abs,2020-12-01,273,135.862
abs,2021-01-01,273,145.54
abs,2021-02-01,273,130.819
abs,2021-03-01,273,125.479
abs,2021-04-01,273,123.682
abs,2021-05-01,273,120.556
abs,2021-06-01,273,145.954
abs,2021-07-01,273,140.678
abs,2021-08-01,273,138.492
abs,2021-09-01,273,165.377
abs,2021-10-01,273,173.502
abs,2021-11-01,273,150.845
abs,2021-12-01,273,157.907
abs,2022-01-01,273,157.779
abs,2022-02-01,273,152.07
abs,2022-03-01,273,163.085
abs,2022-04-01,273,169.237
abs,2022-05-01,273,152.562
abs,2022-06-01,273,163.481
abs,2022-07-01,273,160.944
abs,2022-08-01,273,168.513
abs,2022-09-01,273,183.396
abs,2022-10-01,273,181.586
abs,2022-11-01,273,144.091
abs,2022-12-01,273,136.415
abs,2023-01-01,273,144.9
abs,2023-02-01,273,157.396
abs,2023-03-01,273,170.935
abs,2023-04-01,273,162.801
abs,2023-05-01,273,126.209
abs,2023-06-01,273,154.599
abs,2023-07-01,273,142.143
abs,2023-08-01,273,148.235
abs,2023-09-01,273,167.473
abs,2023-10-01,273,158.721
abs,2023-11-01,273,131.85
abs,2023-12-01,273,134.33
abs,2024-01-01,273,143.67
abs,2024-02-01,273,146.567
abs,2024-03-01,273,152.071
abs,2024-04-01,273,144.346
abs,2024-05-01,273,132.182
abs,2024-06-01,273,129.561
abs,2024-07-01,273,127.001
abs,2024-08-01,273,125.481
abs,2024-09-01,273,147.771
abs,2024-10-01,273,142.743
abs,2024-11-01,273,117.107
abs,2024-12-01,273,122.109
abs,2025-01-01,273,134.375
abs,2025-02-01,273,138.43
abs,2025-03-01,273,136.314
abs,2025-04-01,273,131.761
abs,2025-05-01,273,126.159
abs,2025-06-01,273,123.92
abs,2025-07-01,273,114.748
abs,2025-08-01,273,111.109
abs,2025-09-01,273,131.506
abs,2025-10-01,273,130.826
abs,2025-11-01,273,110.697
abs,2025-12-01,273,119.356
abs,2026-01-01,273,130.723
abs,2026-02-01,273,129.969
abs,2026-03-01,273,125.938
abs,2026-04-01,273,121.385
abs,2026-05-01,273,119.914
abs,2026-06-01,273,122.17
growth_yoy,2016-01-01,273,-1.915
growth_yoy,2016-02-01,273,0.611
growth_yoy,2016-03-01,273,1.673
growth_yoy,2016-04-01,273,1.856
growth_yoy,2016-05-01,273,2.978
growth_yoy,2016-06-01,273,13.588
growth_yoy,2016-07-01,273,11.314
growth_yoy,2016-08-01,273,14.126
growth_yoy,2016-09-01,273,15.462
growth_yoy,2016-10-01,273,16.107
growth_yoy,2016-11-01,273,15.254
growth_yoy,2016-12-01,273,7.384
growth_yoy,2017-01-01,273,14.83
growth_yoy,2017-02-01,273,15.932
growth_yoy,2017-03-01,273,13.642
growth_yoy,2017-04-01,273,10.966
growth_yoy,2017-05-01,273,13.212
growth_yoy,2017-06-01,273,12.821
growth_yoy,2017-07-01,273,13.584
growth_yoy,2017-08-01,273,12.15
growth_yoy,2017-09-01,273,8.025
growth_yoy,2017-10-01,273,2.857
growth_yoy,2017-11-01,273,-0.179
growth_yoy,2017-12-01,273,3.528
growth_yoy,2018-01-01,273,14.334
growth_yoy,2018-02-01,273,6.801
growth_yoy,2018-03-01,273,-3.084
growth_yoy,2018-04-01,273,4.984
growth_yoy,2018-05-01,273,0.755
growth_yoy,2018-06-01,273,-2.238
growth_yoy,2018-07-01,273,6.26
growth_yoy,2018-08-01,273,1.754
growth_yoy,2018-09-01,273,-1.761
growth_yoy,2018-10-01,273,7.706
growth_yoy,2018-11-01,273,1.778
growth_yoy,2018-12-01,273,-5.829
growth_yoy,2019-01-01,273,2.468
growth_yoy,2019-02-01,273,0.467
growth_yoy,2019-03-01,273,3.613
growth_yoy,2019-04-01,273,0.036
growth_yoy,2019-05-01,273,1.709
growth_yoy,2019-06-01,273,7.481
growth_yoy,2019-07-01,273,-9.007
growth_yoy,2019-08-01,273,-11.833
growth_yoy,2019-09-01,273,-5.265
growth_yoy,2019-10-01,273,1.119
growth_yoy,2019-11-01,273,10.271
growth_yoy,2019-12-01,273,7.477
growth_yoy,2020-01-01,273,-2.965
growth_yoy,2020-02-01,273,6.1
growth_yoy,2020-03-01,273,-7.873
growth_yoy,2020-04-01,273,-17.847
growth_yoy,2020-05-01,273,4.753
growth_yoy,2020-06-01,273,9.216
growth_yoy,2020-07-01,273,6.631
growth_yoy,2020-08-01,273,8.387
growth_yoy,2020-09-01,273,15.445
growth_yoy,2020-10-01,273,12.685
growth_yoy,2020-11-01,273,11.318
growth_yoy,2020-12-01,273,14.278
growth_yoy,2021-01-01,273,16.994
growth_yoy,2021-02-01,273,6.124
growth_yoy,2021-03-01,273,10.362
growth_yoy,2021-04-01,273,17.881
growth_yoy,2021-05-01,273,-8.832
growth_yoy,2021-06-01,273,4.104
growth_yoy,2021-07-01,273,15.799
growth_yoy,2021-08-01,273,12.059
growth_yoy,2021-09-01,273,19.874
growth_yoy,2021-10-01,273,18.743
growth_yoy,2021-11-01,273,11.341
growth_yoy,2021-12-01,273,16.225
growth_yoy,2022-01-01,273,8.41
growth_yoy,2022-02-01,273,16.245
growth_yoy,2022-03-01,273,29.97
growth_yoy,2022-04-01,273,36.832
growth_yoy,2022-05-01,273,26.548
growth_yoy,2022-06-01,273,12.009
growth_yoy,2022-07-01,273,14.405
growth_yoy,2022-08-01,273,21.677
growth_yoy,2022-09-01,273,10.896
growth_yoy,2022-10-01,273,4.659
growth_yoy,2022-11-01,273,-4.477
growth_yoy,2022-12-01,273,-13.61
growth_yoy,2023-01-01,273,-8.163
growth_yoy,2023-02-01,273,3.502
growth_yoy,2023-03-01,273,4.814
growth_yoy,2023-04-01,273,-3.803
growth_yoy,2023-05-01,273,-17.273
growth_yoy,2023-06-01,273,-5.433
growth_yoy,2023-07-01,273,-11.681
growth_yoy,2023-08-01,273,-12.034
growth_yoy,2023-09-01,273,-8.682
growth_yoy,2023-10-01,273,-12.592
growth_yoy,2023-11-01,273,-8.495
growth_yoy,2023-12-01,273,-1.529
growth_yoy,2024-01-01,273,-0.848
growth_yoy,2024-02-01,273,-6.88
growth_yoy,2024-03-01,273,-11.036
growth_yoy,2024-04-01,273,-11.335
growth_yoy,2024-05-01,273,4.733
growth_yoy,2024-06-01,273,-16.195
growth_yoy,2024-07-01,273,-10.653
growth_yoy,2024-08-01,273,-15.35
growth_yoy,2024-09-01,273,-11.764
growth_yoy,2024-10-01,273,-10.066
growth_yoy,2024-11-01,273,-11.182
growth_yoy,2024-12-01,273,-9.098
growth_yoy,2025-01-01,273,-6.47
growth_yoy,2025-02-01,273,-5.552
growth_yoy,2025-03-01,273,-10.361
growth_yoy,2025-04-01,273,-8.719
growth_yoy,2025-05-01,273,-4.557
growth_yoy,2025-06-01,273,-4.354
growth_yoy,2025-07-01,273,-9.648
growth_yoy,2025-08-01,273,-11.454
growth_yoy,2025-09-01,273,-11.007
growth_yoy,2025-10-01,273,-8.349
growth_yoy,2025-11-01,273,-5.474
growth_yoy,2025-12-01,273,-2.254
growth_yoy,2026-01-01,273,-2.718
growth_yoy,2026-02-01,273,-6.112
growth_yoy,2026-03-01,273,-7.612
growth_yoy,2026-04-01,273,-7.875
growth_yoy,2026-05-01,273,-4.95
growth_yoy,2026-06-01,273,-1.412
growth_mom,2015-02-01,273,-4.45
growth_mom,2015-03-01,273,14.583
growth_mom,2015-04-01,273,1.15
growth_mom,2015-05-01,273,-1.794
growth_mom,2015-06-01,273,-9.776
growth_mom,2015-07-01,273,-2.241
growth_mom,2015-08-01,273,6.552
growth_mom,2015-09-01,273,3.672
growth_mom,2015-10-01,273,-3.162
growth_mom,2015-11-01,273,-5.452
growth_mom,2015-12-01,273,12.097
growth_mom,2016-01-01,273,-9.81
growth_mom,2016-02-01,273,-1.99
growth_mom,2016-03-01,273,15.792
growth_mom,2016-04-01,273,1.333
growth_mom,2016-05-01,273,-0.712
growth_mom,2016-06-01,273,-0.481
growth_mom,2016-07-01,273,-4.198
growth_mom,2016-08-01,273,9.244
growth_mom,2016-09-01,273,4.885
growth_mom,2016-10-01,273,-2.62
growth_mom,2016-11-01,273,-6.147
growth_mom,2016-12-01,273,4.442
growth_mom,2017-01-01,273,-3.556
growth_mom,2017-02-01,273,-1.048
growth_mom,2017-03-01,273,13.504
growth_mom,2017-04-01,273,-1.053
growth_mom,2017-05-01,273,1.298
growth_mom,2017-06-01,273,-0.825
growth_mom,2017-07-01,273,-3.55
growth_mom,2017-08-01,273,7.865
growth_mom,2017-09-01,273,1.027
growth_mom,2017-10-01,273,-7.279
growth_mom,2017-11-01,273,-8.917
growth_mom,2017-12-01,273,8.32
growth_mom,2018-01-01,273,6.511
growth_mom,2018-02-01,273,-7.568
growth_mom,2018-03-01,273,2.999
growth_mom,2018-04-01,273,7.184
growth_mom,2018-05-01,273,-2.783
growth_mom,2018-06-01,273,-3.771
growth_mom,2018-07-01,273,4.834
growth_mom,2018-08-01,273,3.291
growth_mom,2018-09-01,273,-2.463
growth_mom,2018-10-01,273,1.656
growth_mom,2018-11-01,273,-13.93
growth_mom,2018-12-01,273,0.224
growth_mom,2019-01-01,273,15.896
growth_mom,2019-02-01,273,-9.374
growth_mom,2019-03-01,273,6.224
growth_mom,2019-04-01,273,3.484
growth_mom,2019-05-01,273,-1.158
growth_mom,2019-06-01,273,1.69
growth_mom,2019-07-01,273,-11.248
growth_mom,2019-08-01,273,0.083
growth_mom,2019-09-01,273,4.803
growth_mom,2019-10-01,273,8.506
growth_mom,2019-11-01,273,-6.139
growth_mom,2019-12-01,273,-2.315
growth_mom,2020-01-01,273,4.636
growth_mom,2020-02-01,273,-0.909
growth_mom,2020-03-01,273,-7.765
growth_mom,2020-04-01,273,-7.719
growth_mom,2020-05-01,273,26.034
growth_mom,2020-06-01,273,6.023
growth_mom,2020-07-01,273,-13.348
growth_mom,2020-08-01,273,1.731
growth_mom,2020-09-01,273,11.628
growth_mom,2020-10-01,273,5.912
growth_mom,2020-11-01,273,-7.278
growth_mom,2020-12-01,273,0.282
growth_mom,2021-01-01,273,7.123
growth_mom,2021-02-01,273,-10.115
growth_mom,2021-03-01,273,-4.082
growth_mom,2021-04-01,273,-1.432
growth_mom,2021-05-01,273,-2.527
growth_mom,2021-06-01,273,21.067
growth_mom,2021-07-01,273,-3.615
growth_mom,2021-08-01,273,-1.554
growth_mom,2021-09-01,273,19.413
growth_mom,2021-10-01,273,4.913
growth_mom,2021-11-01,273,-13.059
growth_mom,2021-12-01,273,4.682
growth_mom,2022-01-01,273,-0.081
growth_mom,2022-02-01,273,-3.619
growth_mom,2022-03-01,273,7.243
growth_mom,2022-04-01,273,3.772
growth_mom,2022-05-01,273,-9.853
growth_mom,2022-06-01,273,7.158
growth_mom,2022-07-01,273,-1.552
growth_mom,2022-08-01,273,4.703
growth_mom,2022-09-01,273,8.832
growth_mom,2022-10-01,273,-0.987
growth_mom,2022-11-01,273,-20.649
growth_mom,2022-12-01,273,-5.327
growth_mom,2023-01-01,273,6.219
growth_mom,2023-02-01,273,8.624
growth_mom,2023-03-01,273,8.602
growth_mom,2023-04-01,273,-4.759
growth_mom,2023-05-01,273,-22.476
growth_mom,2023-06-01,273,22.494
growth_mom,2023-07-01,273,-8.057
growth_mom,2023-08-01,273,4.285
growth_mom,2023-09-01,273,12.978
growth_mom,2023-10-01,273,-5.226
growth_mom,2023-11-01,273,-16.93
growth_mom,2023-12-01,273,1.88
growth_mom,2024-01-01,273,6.954
growth_mom,2024-02-01,273,2.016
growth_mom,2024-03-01,273,3.755
growth_mom,2024-04-01,273,-5.079
growth_mom,2024-05-01,273,-8.427
growth_mom,2024-06-01,273,-1.983
growth_mom,2024-07-01,273,-1.976
growth_mom,2024-08-01,273,-1.197
growth_mom,2024-09-01,273,17.763
growth_mom,2024-10-01,273,-3.402
growth_mom,2024-11-01,273,-17.96
growth_mom,2024-12-01,273,4.271
growth_mom,2025-01-01,273,10.045
growth_mom,2025-02-01,273,3.018
growth_mom,2025-03-01,273,-1.529
growth_mom,2025-04-01,273,-3.34
growth_mom,2025-05-01,273,-4.252
growth_mom,2025-06-01,273,-1.774
growth_mom,2025-07-01,273,-7.402
growth_mom,2025-08-01,273,-3.172
growth_mom,2025-09-01,273,18.358
growth_mom,2025-10-01,273,-0.518
growth_mom,2025-11-01,273,-15.386
growth_mom,2025-12-01,273,7.822
growth_mom,2026-01-01,273,9.524
growth_mom,2026-02-01,273,-0.577
growth_mom,2026-03-01,273,-3.101
growth_mom,2026-04-01,273,-3.616
growth_mom,2026-05-01,273,-1.212
growth_mom,2026-06-01,273,1.882
abs,2015-01-01,274,110.222
abs,2015-02-01,274,83.359
abs,2015-03-01,274,116.67
abs,2015-04-01,274,78.771
abs,2015-05-01,274,76.8
abs,2015-06-01,274,107.875
abs,2015-07-01,274,94.737
abs,2015-08-01,274,99.815
abs,2015-09-01,274,136.322
abs,2015-10-01,274,128.68
abs,2015-11-01,274,79.724
abs,2015-12-01,274,87.024
abs,2016-01-01,274,112.999
abs,2016-02-01,274,87.575
abs,2016-03-01,274,121.027
abs,2016-04-01,274,81.878
abs,2016-05-01,274,80.512
abs,2016-06-01,274,118.871
abs,2016-07-01,274,99.457
abs,2016-08-01,274,108.806
abs,2016-09-01,274,145.749
abs,2016-10-01,274,137.83
abs,2016-11-01,274,87.059
abs,2016-12-01,274,92.631
abs,2017-01-01,274,123.234
abs,2017-02-01,274,97.675
abs,2017-03-01,274,131.507
abs,2017-04-01,274,88.706
abs,2017-05-01,274,89.597
abs,2017-06-01,274,127.552
abs,2017-07-01,274,109.192
abs,2017-08-01,274,117.966
abs,2017-09-01,274,152.506
abs,2017-10-01,274,143.096
abs,2017-11-01,274,89.73
abs,2017-12-01,274,93.61
abs,2018-01-01,274,127.27
abs,2018-02-01,274,113.427
abs,2018-03-01,274,113.434
abs,2018-04-01,274,107.173
abs,2018-05-01,274,102.194
abs,2018-06-01,274,128.273
abs,2018-07-01,274,137.056
abs,2018-08-01,274,124.079
abs,2018-09-01,274,142.43
abs,2018-10-01,274,169.623
abs,2018-11-01,274,107.058
abs,2018-12-01,274,109.11
abs,2019-01-01,274,135.589
abs,2019-02-01,274,126.59
abs,2019-03-01,274,131.434
abs,2019-04-01,274,135.315
abs,2019-05-01,274,137.122
abs,2019-06-01,274,134.624
abs,2019-07-01,274,72.379
abs,2019-08-01,274,92.412
abs,2019-09-01,274,84.389
abs,2019-10-01,274,116.357
abs,2019-11-01,274,68.632
abs,2019-12-01,274,79.458
abs,2020-01-01,274,111.917
abs,2020-02-01,274,140.329
abs,2020-03-01,274,105.269
abs,2020-04-01,274,95.12
abs,2020-05-01,274,114.093
abs,2020-06-01,274,131.653
abs,2020-07-01,274,75.307
abs,2020-08-01,274,73.374
abs,2020-09-01,274,79.957
abs,2020-10-01,274,89.702
abs,2020-11-01,274,67.888
abs,2020-12-01,274,77.663
abs,2021-01-01,274,108.177
abs,2021-02-01,274,134.306
abs,2021-03-01,274,122.792
abs,2021-04-01,274,98.508
abs,2021-05-01,274,104.877
abs,2021-06-01,274,110.586
abs,2021-07-01,274,72.538
abs,2021-08-01,274,80.151
abs,2021-09-01,274,82.934
abs,2021-10-01,274,85.268
abs,2021-11-01,274,69.402
abs,2021-12-01,274,65.645
abs,2022-01-01,274,76.342
abs,2022-02-01,274,87.082
abs,2022-03-01,274,82.892
abs,2022-04-01,274,91.481
abs,2022-05-01,274,91.223
abs,2022-06-01,274,82.176
abs,2022-07-01,274,50.149
abs,2022-08-01,274,56.83
abs,2022-09-01,274,54.206
abs,2022-10-01,274,58.491
abs,2022-11-01,274,55.63
abs,2022-12-01,274,55.781
abs,2023-01-01,274,56.9
abs,2023-02-01,274,67.14
abs,2023-03-01,274,63.395
abs,2023-04-01,274,76.149
abs,2023-05-01,274,103.538
abs,2023-06-01,274,66.978
abs,2023-07-01,274,48.294
abs,2023-08-01,274,47.425
abs,2023-09-01,274,51.279
abs,2023-10-01,274,61.532
abs,2023-11-01,274,51.569
abs,2023-12-01,274,57.51
abs,2024-01-01,274,69.725
abs,2024-02-01,274,90.188
abs,2024-03-01,274,87.739
abs,2024-04-01,274,106.609
abs,2024-05-01,274,94.473
abs,2024-06-01,274,66.273
abs,2024-07-01,274,53.197
abs,2024-08-01,274,53.359
abs,2024-09-01,274,39.502
abs,2024-10-01,274,50.333
abs,2024-11-01,274,43.266
abs,2024-12-01,274,66.144
abs,2025-01-01,274,67.215
abs,2025-02-01,274,90.909
abs,2025-03-01,274,89.933
abs,2025-04-01,274,110.767
abs,2025-05-01,274,96.585
abs,2025-06-01,274,60.904
abs,2025-07-01,274,47.665
abs,2025-08-01,274,48.551
abs,2025-09-01,274,36.492
abs,2025-10-01,274,53.102
abs,2025-11-01,274,42.617
abs,2025-12-01,274,63.404
abs,2026-01-01,274,70.46
abs,2026-02-01,274,95.818
abs,2026-03-01,274,87.684
abs,2026-04-01,274,115.308
abs,2026-05-01,274,90.693
abs,2026-06-01,274,68.335
growth_yoy,2016-01-01,274,2.52
growth_yoy,2016-02-01,274,5.057
growth_yoy,2016-03-01,274,3.735
growth_yoy,2016-04-01,274,3.945
growth_yoy,2016-05-01,274,4.833
growth_yoy,2016-06-01,274,10.193
growth_yoy,2016-07-01,274,4.982
growth_yoy,2016-08-01,274,9.007
growth_yoy,2016-09-01,274,6.915
growth_yoy,2016-10-01,274,7.111
growth_yoy,2016-11-01,274,9.2
growth_yoy,2016-12-01,274,6.443
growth_yoy,2017-01-01,274,9.057
growth_yoy,2017-02-01,274,11.533
growth_yoy,2017-03-01,274,8.659
growth_yoy,2017-04-01,274,8.339
growth_yoy,2017-05-01,274,11.284
growth_yoy,2017-06-01,274,7.303
growth_yoy,2017-07-01,274,9.788
growth_yoy,2017-08-01,274,8.419
growth_yoy,2017-09-01,274,4.636
growth_yoy,2017-10-01,274,3.821
growth_yoy,2017-11-01,274,3.068
growth_yoy,2017-12-01,274,1.057
growth_yoy,2018-01-01,274,3.275
growth_yoy,2018-02-01,274,16.127
growth_yoy,2018-03-01,274,-13.743
growth_yoy,2018-04-01,274,20.818
growth_yoy,2018-05-01,274,14.06
growth_yoy,2018-06-01,274,0.565
growth_yoy,2018-07-01,274,25.519
growth_yoy,2018-08-01,274,5.182
growth_yoy,2018-09-01,274,-6.607
growth_yoy,2018-10-01,274,18.538
growth_yoy,2018-11-01,274,19.31
growth_yoy,2018-12-01,274,16.558
growth_yoy,2019-01-01,274,6.537
growth_yoy,2019-02-01,274,11.605
growth_yoy,2019-03-01,274,15.868
growth_yoy,2019-04-01,274,26.259
growth_yoy,2019-05-01,274,34.177
growth_yoy,2019-06-01,274,4.951
growth_yoy,2019-07-01,274,-47.19
growth_yoy,2019-08-01,274,-25.521
growth_yoy,2019-09-01,274,-40.751
growth_yoy,2019-10-01,274,-31.402
growth_yoy,2019-11-01,274,-35.893
growth_yoy,2019-12-01,274,-27.176
growth_yoy,2020-01-01,274,-17.459
growth_yoy,2020-02-01,274,10.853
growth_yoy,2020-03-01,274,-19.907
growth_yoy,2020-04-01,274,-29.705
growth_yoy,2020-05-01,274,-16.794
growth_yoy,2020-06-01,274,-2.207
growth_yoy,2020-07-01,274,4.045
growth_yoy,2020-08-01,274,-20.602
growth_yoy,2020-09-01,274,-5.252
growth_yoy,2020-10-01,274,-22.908
growth_yoy,2020-11-01,274,-1.084
growth_yoy,2020-12-01,274,-2.26
growth_yoy,2021-01-01,274,-3.342
growth_yoy,2021-02-01,274,-4.292
growth_yoy,2021-03-01,274,16.646
growth_yoy,2021-04-01,274,3.562
growth_yoy,2021-05-01,274,-8.078
growth_yoy,2021-06-01,274,-16.002
growth_yoy,2021-07-01,274,-3.677
growth_yoy,2021-08-01,274,9.236
growth_yoy,2021-09-01,274,3.723
growth_yoy,2021-10-01,274,-4.943
growth_yoy,2021-11-01,274,2.231
growth_yoy,2021-12-01,274,-15.474
growth_yoy,2022-01-01,274,-29.428
growth_yoy,2022-02-01,274,-35.161
growth_yoy,2022-03-01,274,-32.494
growth_yoy,2022-04-01,274,-7.133
growth_yoy,2022-05-01,274,-13.019
growth_yoy,2022-06-01,274,-25.691
growth_yoy,2022-07-01,274,-30.865
growth_yoy,2022-08-01,274,-29.096
growth_yoy,2022-09-01,274,-34.639
growth_yoy,2022-10-01,274,-31.403
growth_yoy,2022-11-01,274,-19.844
growth_yoy,2022-12-01,274,-15.026
growth_yoy,2023-01-01,274,-25.468
growth_yoy,2023-02-01,274,-22.901
growth_yoy,2023-03-01,274,-23.52
growth_yoy,2023-04-01,274,-16.76
growth_yoy,2023-05-01,274,13.5
growth_yoy,2023-06-01,274,-18.495
growth_yoy,2023-07-01,274,-3.7
growth_yoy,2023-08-01,274,-16.549
growth_yoy,2023-09-01,274,-5.4
growth_yoy,2023-10-01,274,5.2
growth_yoy,2023-11-01,274,-7.3
growth_yoy,2023-12-01,274,3.1
growth_yoy,2024-01-01,274,22.539
growth_yoy,2024-02-01,274,34.328
growth_yoy,2024-03-01,274,38.4
growth_yoy,2024-04-01,274,40.0
growth_yoy,2024-05-01,274,-8.756
growth_yoy,2024-06-01,274,-1.053
growth_yoy,2024-07-01,274,10.154
growth_yoy,2024-08-01,274,12.511
growth_yoy,2024-09-01,274,-22.967
growth_yoy,2024-10-01,274,-18.2
growth_yoy,2024-11-01,274,-16.1
growth_yoy,2024-12-01,274,15.013
growth_yoy,2025-01-01,274,-3.6
growth_yoy,2025-02-01,274,0.8
growth_yoy,2025-03-01,274,2.5
growth_yoy,2025-04-01,274,3.9
growth_yoy,2025-05-01,274,2.235
growth_yoy,2025-06-01,274,-8.1
growth_yoy,2025-07-01,274,-10.4
growth_yoy,2025-08-01,274,-9.01
growth_yoy,2025-09-01,274,-7.62
growth_yoy,2025-10-01,274,5.5
growth_yoy,2025-11-01,274,-1.5
growth_yoy,2025-12-01,274,-4.143
growth_yoy,2026-01-01,274,4.829
growth_yoy,2026-02-01,274,5.4
growth_yoy,2026-03-01,274,-2.5
growth_yoy,2026-04-01,274,4.1
growth_yoy,2026-05-01,274,-6.1
growth_yoy,2026-06-01,274,12.2
growth_mom,2015-02-01,274,-24.371
growth_mom,2015-03-01,274,39.96
growth_mom,2015-04-01,274,-32.484
growth_mom,2015-05-01,274,-2.501
growth_mom,2015-06-01,274,40.462
growth_mom,2015-07-01,274,-12.179
growth_mom,2015-08-01,274,5.361
growth_mom,2015-09-01,274,36.575
growth_mom,2015-10-01,274,-5.606
growth_mom,2015-11-01,274,-38.044
growth_mom,2015-12-01,274,9.156
growth_mom,2016-01-01,274,29.849
growth_mom,2016-02-01,274,-22.5
growth_mom,2016-03-01,274,38.198
growth_mom,2016-04-01,274,-32.347
growth_mom,2016-05-01,274,-1.668
growth_mom,2016-06-01,274,47.644
growth_mom,2016-07-01,274,-16.332
growth_mom,2016-08-01,274,9.4
growth_mom,2016-09-01,274,33.953
growth_mom,2016-10-01,274,-5.433
growth_mom,2016-11-01,274,-36.836
growth_mom,2016-12-01,274,6.4
growth_mom,2017-01-01,274,33.038
growth_mom,2017-02-01,274,-20.74
growth_mom,2017-03-01,274,34.637
growth_mom,2017-04-01,274,-32.547
growth_mom,2017-05-01,274,1.004
growth_mom,2017-06-01,274,42.362
growth_mom,2017-07-01,274,-14.394
growth_mom,2017-08-01,274,8.035
growth_mom,2017-09-01,274,29.28
growth_mom,2017-10-01,274,-6.17
growth_mom,2017-11-01,274,-37.294
growth_mom,2017-12-01,274,4.324
growth_mom,2018-01-01,274,35.958
growth_mom,2018-02-01,274,-10.877
growth_mom,2018-03-01,274,0.006
growth_mom,2018-04-01,274,-5.52
growth_mom,2018-05-01,274,-4.645
growth_mom,2018-06-01,274,25.518
growth_mom,2018-07-01,274,6.848
growth_mom,2018-08-01,274,-9.469
growth_mom,2018-09-01,274,14.79
growth_mom,2018-10-01,274,19.092
growth_mom,2018-11-01,274,-36.885
growth_mom,2018-12-01,274,1.917
growth_mom,2019-01-01,274,24.268
growth_mom,2019-02-01,274,-6.637
growth_mom,2019-03-01,274,3.827
growth_mom,2019-04-01,274,2.953
growth_mom,2019-05-01,274,1.335
growth_mom,2019-06-01,274,-1.822
growth_mom,2019-07-01,274,-46.236
growth_mom,2019-08-01,274,27.678
growth_mom,2019-09-01,274,-8.682
growth_mom,2019-10-01,274,37.882
growth_mom,2019-11-01,274,-41.016
growth_mom,2019-12-01,274,15.775
growth_mom,2020-01-01,274,40.85
growth_mom,2020-02-01,274,25.386
growth_mom,2020-03-01,274,-24.984
growth_mom,2020-04-01,274,-9.641
growth_mom,2020-05-01,274,19.947
growth_mom,2020-06-01,274,15.391
growth_mom,2020-07-01,274,-42.799
growth_mom,2020-08-01,274,-2.567
growth_mom,2020-09-01,274,8.971
growth_mom,2020-10-01,274,12.188
growth_mom,2020-11-01,274,-24.319
growth_mom,2020-12-01,274,14.399
growth_mom,2021-01-01,274,39.291
growth_mom,2021-02-01,274,24.153
growth_mom,2021-03-01,274,-8.573
growth_mom,2021-04-01,274,-19.776
growth_mom,2021-05-01,274,6.465
growth_mom,2021-06-01,274,5.444
growth_mom,2021-07-01,274,-34.406
growth_mom,2021-08-01,274,10.495
growth_mom,2021-09-01,274,3.472
growth_mom,2021-10-01,274,2.814
growth_mom,2021-11-01,274,-18.607
growth_mom,2021-12-01,274,-5.414
growth_mom,2022-01-01,274,16.296
growth_mom,2022-02-01,274,14.068
growth_mom,2022-03-01,274,-4.812
growth_mom,2022-04-01,274,10.362
growth_mom,2022-05-01,274,-0.282
growth_mom,2022-06-01,274,-9.918
growth_mom,2022-07-01,274,-38.973
growth_mom,2022-08-01,274,13.322
growth_mom,2022-09-01,274,-4.616
growth_mom,2022-10-01,274,7.904
growth_mom,2022-11-01,274,-4.891
growth_mom,2022-12-01,274,0.272
growth_mom,2023-01-01,274,2.005
growth_mom,2023-02-01,274,17.997
growth_mom,2023-03-01,274,-5.577
growth_mom,2023-04-01,274,20.118
growth_mom,2023-05-01,274,35.967
growth_mom,2023-06-01,274,-35.311
growth_mom,2023-07-01,274,-27.896
growth_mom,2023-08-01,274,-1.798
growth_mom,2023-09-01,274,8.126
growth_mom,2023-10-01,274,19.994
growth_mom,2023-11-01,274,-16.192
growth_mom,2023-12-01,274,11.521
growth_mom,2024-01-01,274,21.238
growth_mom,2024-02-01,274,29.348
growth_mom,2024-03-01,274,-2.715
growth_mom,2024-04-01,274,21.507
growth_mom,2024-05-01,274,-11.384
growth_mom,2024-06-01,274,-29.85
growth_mom,2024-07-01,274,-19.729
growth_mom,2024-08-01,274,0.303
growth_mom,2024-09-01,274,-25.969
growth_mom,2024-10-01,274,27.42
growth_mom,2024-11-01,274,-14.04
growth_mom,2024-12-01,274,52.876
growth_mom,2025-01-01,274,1.618
growth_mom,2025-02-01,274,35.252
growth_mom,2025-03-01,274,-1.074
growth_mom,2025-04-01,274,23.166
growth_mom,2025-05-01,274,-12.804
growth_mom,2025-06-01,274,-36.942
growth_mom,2025-07-01,274,-21.738
growth_mom,2025-08-01,274,1.86
growth_mom,2025-09-01,274,-24.838
growth_mom,2025-10-01,274,45.516
growth_mom,2025-11-01,274,-19.744
growth_mom,2025-12-01,274,48.774
growth_mom,2026-01-01,274,11.129
growth_mom,2026-02-01,274,35.99
growth_mom,2026-03-01,274,-8.489
growth_mom,2026-04-01,274,31.504
growth_mom,2026-05-01,274,-21.347
growth_mom,2026-06-01,274,-24.653
abs,2015-01-01,275,103.891
abs,2015-02-01,275,67.372
abs,2015-03-01,275,93.361
abs,2015-04-01,275,77.94
abs,2015-05-01,275,107.044
abs,2015-06-01,275,116.614
abs,2015-07-01,275,104.38
abs,2015-08-01,275,102.46
abs,2015-09-01,275,115.845
abs,2015-10-01,275,117.288
abs,2015-11-01,275,87.348
abs,2015-12-01,275,106.457
abs,2016-01-01,275,107.073
abs,2016-02-01,275,68.798
abs,2016-03-01,275,101.194
abs,2016-04-01,275,92.833
abs,2016-05-01,275,123.882
abs,2016-06-01,275,132.206
abs,2016-07-01,275,105.589
abs,2016-08-01,275,105.304
abs,2016-09-01,275,106.053
abs,2016-10-01,275,111.215
abs,2016-11-01,275,98.266
abs,2016-12-01,275,122.254
abs,2017-01-01,275,116.977
abs,2017-02-01,275,76.287
abs,2017-03-01,275,98.564
abs,2017-04-01,275,89.808
abs,2017-05-01,275,122.636
abs,2017-06-01,275,123.553
abs,2017-07-01,275,107.954
abs,2017-08-01,275,100.177
abs,2017-09-01,275,102.021
abs,2017-10-01,275,108.161
abs,2017-11-01,275,102.361
abs,2017-12-01,275,111.728
abs,2018-01-01,275,107.501
abs,2018-02-01,275,86.501
abs,2018-03-01,275,113.251
abs,2018-04-01,275,104.591
abs,2018-05-01,275,124.464
abs,2018-06-01,275,146.836
abs,2018-07-01,275,125.202
abs,2018-08-01,275,124.489
abs,2018-09-01,275,120.43
abs,2018-10-01,275,114.455
abs,2018-11-01,275,108.105
abs,2018-12-01,275,119.832
abs,2019-01-01,275,121.204
abs,2019-02-01,275,93.468
abs,2019-03-01,275,116.601
abs,2019-04-01,275,123.374
abs,2019-05-01,275,126.416
abs,2019-06-01,275,139.175
abs,2019-07-01,275,133.302
abs,2019-08-01,275,137.859
abs,2019-09-01,275,134.814
abs,2019-10-01,275,124.992
abs,2019-11-01,275,108.518
abs,2019-12-01,275,124.215
abs,2020-01-01,275,126.401
abs,2020-02-01,275,95.136
abs,2020-03-01,275,104.725
abs,2020-04-01,275,75.052
abs,2020-05-01,275,107.353
abs,2020-06-01,275,155.04
abs,2020-07-01,275,147.881
abs,2020-08-01,275,172.293
abs,2020-09-01,275,148.28
abs,2020-10-01,275,134.571
abs,2020-11-01,275,119.28
abs,2020-12-01,275,140.437
abs,2021-01-01,275,129.471
abs,2021-02-01,275,108.897
abs,2021-03-01,275,101.251
abs,2021-04-01,275,114.157
abs,2021-05-01,275,124.149
abs,2021-06-01,275,144.651
abs,2021-07-01,275,129.348
abs,2021-08-01,275,164.647
abs,2021-09-01,275,158.643
abs,2021-10-01,275,149.326
abs,2021-11-01,275,144.747
abs,2021-12-01,275,164.009
abs,2022-01-01,275,159.518
abs,2022-02-01,275,125.367
abs,2022-03-01,275,124.863
abs,2022-04-01,275,141.452
abs,2022-05-01,275,148.851
abs,2022-06-01,275,158.058
abs,2022-07-01,275,135.884
abs,2022-08-01,275,151.087
abs,2022-09-01,275,157.917
abs,2022-10-01,275,136.299
abs,2022-11-01,275,129.504
abs,2022-12-01,275,142.091
abs,2023-01-01,275,135.51
abs,2023-02-01,275,119.404
abs,2023-03-01,275,114.366
abs,2023-04-01,275,119.346
abs,2023-05-01,275,143.892
abs,2023-06-01,275,131.372
abs,2023-07-01,275,115.528
abs,2023-08-01,275,150.217
abs,2023-09-01,275,150.088
abs,2023-10-01,275,109.417
abs,2023-11-01,275,105.09
abs,2023-12-01,275,111.791
abs,2024-01-01,275,125.386
abs,2024-02-01,275,114.303
abs,2024-03-01,275,116.126
abs,2024-04-01,275,121.156
abs,2024-05-01,275,151.815
abs,2024-06-01,275,138.929
abs,2024-07-01,275,136.439
abs,2024-08-01,275,160.736
abs,2024-09-01,275,159.769
abs,2024-10-01,275,130.357
abs,2024-11-01,275,105.165
abs,2024-12-01,275,118.5
abs,2025-01-01,275,134.58
abs,2025-02-01,275,116.94
abs,2025-03-01,275,119.077
abs,2025-04-01,275,124.594
abs,2025-05-01,275,155.185
abs,2025-06-01,275,146.96
abs,2025-07-01,275,147.283
abs,2025-08-01,275,186.203
abs,2025-09-01,275,162.024
abs,2025-10-01,275,136.606
abs,2025-11-01,275,112.054
abs,2025-12-01,275,125.821
abs,2026-01-01,275,142.553
abs,2026-02-01,275,126.233
abs,2026-03-01,275,137.754
abs,2026-04-01,275,147.818
abs,2026-05-01,275,170.547
abs,2026-06-01,275,164.605
growth_yoy,2016-01-01,275,3.063
growth_yoy,2016-02-01,275,2.116
growth_yoy,2016-03-01,275,8.39
growth_yoy,2016-04-01,275,19.108
growth_yoy,2016-05-01,275,15.73
growth_yoy,2016-06-01,275,13.37
growth_yoy,2016-07-01,275,1.158
growth_yoy,2016-08-01,275,2.776
growth_yoy,2016-09-01,275,-8.453
growth_yoy,2016-10-01,275,-5.178
growth_yoy,2016-11-01,275,12.5
growth_yoy,2016-12-01,275,14.838
growth_yoy,2017-01-01,275,9.25
growth_yoy,2017-02-01,275,10.885
growth_yoy,2017-03-01,275,-2.599
growth_yoy,2017-04-01,275,-3.259
growth_yoy,2017-05-01,275,-1.006
growth_yoy,2017-06-01,275,-6.545
growth_yoy,2017-07-01,275,2.24
growth_yoy,2017-08-01,275,-4.869
growth_yoy,2017-09-01,275,-3.802
growth_yoy,2017-10-01,275,-2.746
growth_yoy,2017-11-01,275,4.168
growth_yoy,2017-12-01,275,-8.61
growth_yoy,2018-01-01,275,-8.1
growth_yoy,2018-02-01,275,13.388
growth_yoy,2018-03-01,275,14.901
growth_yoy,2018-04-01,275,16.461
growth_yoy,2018-05-01,275,1.491
growth_yoy,2018-06-01,275,18.844
growth_yoy,2018-07-01,275,15.977
growth_yoy,2018-08-01,275,24.269
growth_yoy,2018-09-01,275,18.045
growth_yoy,2018-10-01,275,5.819
growth_yoy,2018-11-01,275,5.611
growth_yoy,2018-12-01,275,7.254
growth_yoy,2019-01-01,275,12.746
growth_yoy,2019-02-01,275,8.055
growth_yoy,2019-03-01,275,2.958
growth_yoy,2019-04-01,275,17.959
growth_yoy,2019-05-01,275,1.568
growth_yoy,2019-06-01,275,-5.217
growth_yoy,2019-07-01,275,6.47
growth_yoy,2019-08-01,275,10.74
growth_yoy,2019-09-01,275,11.944
growth_yoy,2019-10-01,275,9.206
growth_yoy,2019-11-01,275,0.382
growth_yoy,2019-12-01,275,3.657
growth_yoy,2020-01-01,275,4.288
growth_yoy,2020-02-01,275,1.784
growth_yoy,2020-03-01,275,-10.185
growth_yoy,2020-04-01,275,-39.167
growth_yoy,2020-05-01,275,-15.08
growth_yoy,2020-06-01,275,11.399
growth_yoy,2020-07-01,275,10.937
growth_yoy,2020-08-01,275,24.978
growth_yoy,2020-09-01,275,9.988
growth_yoy,2020-10-01,275,7.664
growth_yoy,2020-11-01,275,9.917
growth_yoy,2020-12-01,275,13.06
growth_yoy,2021-01-01,275,2.429
growth_yoy,2021-02-01,275,14.465
growth_yoy,2021-03-01,275,-3.317
growth_yoy,2021-04-01,275,52.103
growth_yoy,2021-05-01,275,15.646
growth_yoy,2021-06-01,275,-6.701
growth_yoy,2021-07-01,275,-12.533
growth_yoy,2021-08-01,275,-4.438
growth_yoy,2021-09-01,275,6.989
growth_yoy,2021-10-01,275,10.964
growth_yoy,2021-11-01,275,21.351
growth_yoy,2021-12-01,275,16.785
growth_yoy,2022-01-01,275,23.208
growth_yoy,2022-02-01,275,15.124
growth_yoy,2022-03-01,275,23.321
growth_yoy,2022-04-01,275,23.91
growth_yoy,2022-05-01,275,19.897
growth_yoy,2022-06-01,275,9.268
growth_yoy,2022-07-01,275,5.053
growth_yoy,2022-08-01,275,-8.235
growth_yoy,2022-09-01,275,-0.458
growth_yoy,2022-10-01,275,-8.723
growth_yoy,2022-11-01,275,-10.531
growth_yoy,2022-12-01,275,-13.364
growth_yoy,2023-01-01,275,-15.051
growth_yoy,2023-02-01,275,-4.757
growth_yoy,2023-03-01,275,-8.407
growth_yoy,2023-04-01,275,-15.628
growth_yoy,2023-05-01,275,-3.332
growth_yoy,2023-06-01,275,-16.883
growth_yoy,2023-07-01,275,-14.98
growth_yoy,2023-08-01,275,-0.576
growth_yoy,2023-09-01,275,-4.957
growth_yoy,2023-10-01,275,-19.723
growth_yoy,2023-11-01,275,-18.852
growth_yoy,2023-12-01,275,-21.324
growth_yoy,2024-01-01,275,-7.471
growth_yoy,2024-02-01,275,-4.272
growth_yoy,2024-03-01,275,1.538
growth_yoy,2024-04-01,275,1.516
growth_yoy,2024-05-01,275,5.506
growth_yoy,2024-06-01,275,5.752
growth_yoy,2024-07-01,275,18.101
growth_yoy,2024-08-01,275,7.003
growth_yoy,2024-09-01,275,6.45
growth_yoy,2024-10-01,275,19.138
growth_yoy,2024-11-01,275,0.071
growth_yoy,2024-12-01,275,6.002
growth_yoy,2025-01-01,275,7.332
growth_yoy,2025-02-01,275,2.307
growth_yoy,2025-03-01,275,2.541
growth_yoy,2025-04-01,275,2.838
growth_yoy,2025-05-01,275,2.22
growth_yoy,2025-06-01,275,5.78
growth_yoy,2025-07-01,275,7.947
growth_yoy,2025-08-01,275,15.844
growth_yoy,2025-09-01,275,1.412
growth_yoy,2025-10-01,275,4.794
growth_yoy,2025-11-01,275,6.551
growth_yoy,2025-12-01,275,6.177
growth_yoy,2026-01-01,275,5.925
growth_yoy,2026-02-01,275,7.947
growth_yoy,2026-03-01,275,15.685
growth_yoy,2026-04-01,275,18.64
growth_yoy,2026-05-01,275,9.899
growth_yoy,2026-06-01,275,12.007
growth_mom,2015-02-01,275,-35.151
growth_mom,2015-03-01,275,38.574
growth_mom,2015-04-01,275,-16.518
growth_mom,2015-05-01,275,37.342
growth_mom,2015-06-01,275,8.94
growth_mom,2015-07-01,275,-10.491
growth_mom,2015-08-01,275,-1.84
growth_mom,2015-09-01,275,13.064
growth_mom,2015-10-01,275,1.246
growth_mom,2015-11-01,275,-25.527
growth_mom,2015-12-01,275,21.878
growth_mom,2016-01-01,275,0.578
growth_mom,2016-02-01,275,-35.747
growth_mom,2016-03-01,275,47.089
growth_mom,2016-04-01,275,-8.262
growth_mom,2016-05-01,275,33.446
growth_mom,2016-06-01,275,6.719
growth_mom,2016-07-01,275,-20.133
growth_mom,2016-08-01,275,-0.27
growth_mom,2016-09-01,275,0.711
growth_mom,2016-10-01,275,4.867
growth_mom,2016-11-01,275,-11.643
growth_mom,2016-12-01,275,24.411
growth_mom,2017-01-01,275,-4.316
growth_mom,2017-02-01,275,-34.785
growth_mom,2017-03-01,275,29.202
growth_mom,2017-04-01,275,-8.884
growth_mom,2017-05-01,275,36.554
growth_mom,2017-06-01,275,0.748
growth_mom,2017-07-01,275,-12.625
growth_mom,2017-08-01,275,-7.204
growth_mom,2017-09-01,275,1.841
growth_mom,2017-10-01,275,6.019
growth_mom,2017-11-01,275,-5.362
growth_mom,2017-12-01,275,9.15
growth_mom,2018-01-01,275,-3.783
growth_mom,2018-02-01,275,-19.535
growth_mom,2018-03-01,275,30.925
growth_mom,2018-04-01,275,-7.647
growth_mom,2018-05-01,275,19.001
growth_mom,2018-06-01,275,17.974
growth_mom,2018-07-01,275,-14.733
growth_mom,2018-08-01,275,-0.57
growth_mom,2018-09-01,275,-3.26
growth_mom,2018-10-01,275,-4.962
growth_mom,2018-11-01,275,-5.548
growth_mom,2018-12-01,275,10.848
growth_mom,2019-01-01,275,1.145
growth_mom,2019-02-01,275,-22.883
growth_mom,2019-03-01,275,24.749
growth_mom,2019-04-01,275,5.809
growth_mom,2019-05-01,275,2.465
growth_mom,2019-06-01,275,10.093
growth_mom,2019-07-01,275,-4.22
growth_mom,2019-08-01,275,3.419
growth_mom,2019-09-01,275,-2.209
growth_mom,2019-10-01,275,-7.286
growth_mom,2019-11-01,275,-13.18
growth_mom,2019-12-01,275,14.464
growth_mom,2020-01-01,275,1.76
growth_mom,2020-02-01,275,-24.734
growth_mom,2020-03-01,275,10.079
growth_mom,2020-04-01,275,-28.334
growth_mom,2020-05-01,275,43.037
growth_mom,2020-06-01,275,44.421
growth_mom,2020-07-01,275,-4.617
growth_mom,2020-08-01,275,16.508
growth_mom,2020-09-01,275,-13.938
growth_mom,2020-10-01,275,-9.245
growth_mom,2020-11-01,275,-11.363
growth_mom,2020-12-01,275,17.737
growth_mom,2021-01-01,275,-7.808
growth_mom,2021-02-01,275,-15.891
growth_mom,2021-03-01,275,-7.022
growth_mom,2021-04-01,275,12.747
growth_mom,2021-05-01,275,8.753
growth_mom,2021-06-01,275,16.514
growth_mom,2021-07-01,275,-10.58
growth_mom,2021-08-01,275,27.29
growth_mom,2021-09-01,275,-3.647
growth_mom,2021-10-01,275,-5.873
growth_mom,2021-11-01,275,-3.066
growth_mom,2021-12-01,275,13.307
growth_mom,2022-01-01,275,-2.738
growth_mom,2022-02-01,275,-21.409
growth_mom,2022-03-01,275,-0.402
growth_mom,2022-04-01,275,13.285
growth_mom,2022-05-01,275,5.231
growth_mom,2022-06-01,275,6.185
growth_mom,2022-07-01,275,-14.029
growth_mom,2022-08-01,275,11.189
growth_mom,2022-09-01,275,4.52
growth_mom,2022-10-01,275,-13.689
growth_mom,2022-11-01,275,-4.986
growth_mom,2022-12-01,275,9.719
growth_mom,2023-01-01,275,-4.632
growth_mom,2023-02-01,275,-11.885
growth_mom,2023-03-01,275,-4.219
growth_mom,2023-04-01,275,4.354
growth_mom,2023-05-01,275,20.567
growth_mom,2023-06-01,275,-8.701
growth_mom,2023-07-01,275,-12.061
growth_mom,2023-08-01,275,30.026
growth_mom,2023-09-01,275,-0.086
growth_mom,2023-10-01,275,-27.098
growth_mom,2023-11-01,275,-3.954
growth_mom,2023-12-01,275,6.377
growth_mom,2024-01-01,275,12.161
growth_mom,2024-02-01,275,-8.839
growth_mom,2024-03-01,275,1.595
growth_mom,2024-04-01,275,4.332
growth_mom,2024-05-01,275,25.306
growth_mom,2024-06-01,275,-8.488
growth_mom,2024-07-01,275,-1.792
growth_mom,2024-08-01,275,17.807
growth_mom,2024-09-01,275,-0.602
growth_mom,2024-10-01,275,-18.409
growth_mom,2024-11-01,275,-19.326
growth_mom,2024-12-01,275,12.681
growth_mom,2025-01-01,275,13.569
growth_mom,2025-02-01,275,-13.107
growth_mom,2025-03-01,275,1.828
growth_mom,2025-04-01,275,4.633
growth_mom,2025-05-01,275,24.553
growth_mom,2025-06-01,275,-5.3
growth_mom,2025-07-01,275,0.219
growth_mom,2025-08-01,275,26.426
growth_mom,2025-09-01,275,-12.985
growth_mom,2025-10-01,275,-15.688
growth_mom,2025-11-01,275,-17.973
growth_mom,2025-12-01,275,12.286
growth_mom,2026-01-01,275,13.299
growth_mom,2026-02-01,275,-11.448
growth_mom,2026-03-01,275,9.127
growth_mom,2026-04-01,275,7.306
growth_mom,2026-05-01,275,15.376
growth_mom,2026-06-01,275,-3.484
abs,2015-01-01,279,103.728
abs,2015-02-01,279,89.624
abs,2015-03-01,279,94.914
abs,2015-04-01,279,120.225
abs,2015-05-01,279,93.582
abs,2015-06-01,279,102.911
abs,2015-07-01,279,99.028
abs,2015-08-01,279,100.569
abs,2015-09-01,279,111.653
abs,2015-10-01,279,109.332
abs,2015-11-01,279,88.52
abs,2015-12-01,279,85.913
abs,2016-01-01,279,106.343
abs,2016-02-01,279,94.156
abs,2016-03-01,279,98.459
abs,2016-04-01,279,124.967
abs,2016-05-01,279,98.105
abs,2016-06-01,279,113.401
abs,2016-07-01,279,103.962
abs,2016-08-01,279,109.628
abs,2016-09-01,279,119.374
abs,2016-10-01,279,117.107
abs,2016-11-01,279,96.664
abs,2016-12-01,279,91.449
abs,2017-01-01,279,115.975
abs,2017-02-01,279,105.015
abs,2017-03-01,279,106.984
abs,2017-04-01,279,135.388
abs,2017-05-01,279,109.175
abs,2017-06-01,279,121.683
abs,2017-07-01,279,114.138
abs,2017-08-01,279,118.857
abs,2017-09-01,279,124.907
abs,2017-10-01,279,121.581
abs,2017-11-01,279,99.63
abs,2017-12-01,279,92.416
abs,2018-01-01,279,115.649
abs,2018-02-01,279,91.509
abs,2018-03-01,279,124.97
abs,2018-04-01,279,124.385
abs,2018-05-01,279,113.504
abs,2018-06-01,279,114.393
abs,2018-07-01,279,115.032
abs,2018-08-01,279,105.762
abs,2018-09-01,279,118.223
abs,2018-10-01,279,118.923
abs,2018-11-01,279,100.29
abs,2018-12-01,279,104.656
abs,2019-01-01,279,122.516
abs,2019-02-01,279,100.213
abs,2019-03-01,279,131.623
abs,2019-04-01,279,130.245
abs,2019-05-01,279,129.453
abs,2019-06-01,279,131.562
abs,2019-07-01,279,153.938
abs,2019-08-01,279,131.665
abs,2019-09-01,279,141.137
abs,2019-10-01,279,134.985
abs,2019-11-01,279,115.861
abs,2019-12-01,279,120.329
abs,2020-01-01,279,127.512
abs,2020-02-01,279,108.941
abs,2020-03-01,279,126.843
abs,2020-04-01,279,43.011
abs,2020-05-01,279,98.709
abs,2020-06-01,279,173.52
abs,2020-07-01,279,191.62
abs,2020-08-01,279,115.284
abs,2020-09-01,279,139.092
abs,2020-10-01,279,121.309
abs,2020-11-01,279,106.979
abs,2020-12-01,279,86.18
abs,2021-01-01,279,126.832
abs,2021-02-01,279,120.427
abs,2021-03-01,279,158.65
abs,2021-04-01,279,219.693
abs,2021-05-01,279,185.692
abs,2021-06-01,279,221.825
abs,2021-07-01,279,173.439
abs,2021-08-01,279,123.717
abs,2021-09-01,279,146.257
abs,2021-10-01,279,155.328
abs,2021-11-01,279,119.497
abs,2021-12-01,279,116.186
abs,2022-01-01,279,154.106
abs,2022-02-01,279,169.14
abs,2022-03-01,279,199.12
abs,2022-04-01,279,176.045
abs,2022-05-01,279,186.264
abs,2022-06-01,279,251.95
abs,2022-07-01,279,224.368
abs,2022-08-01,279,217.781
abs,2022-09-01,279,237.6
abs,2022-10-01,279,225.428
abs,2022-11-01,279,198.365
abs,2022-12-01,279,197.031
abs,2023-01-01,279,164.128
abs,2023-02-01,279,121.099
abs,2023-03-01,279,160.846
abs,2023-04-01,279,151.06
abs,2023-05-01,279,250.526
abs,2023-06-01,279,318.968
abs,2023-07-01,279,290.556
abs,2023-08-01,279,282.897
abs,2023-09-01,279,313.87
abs,2023-10-01,279,302.525
abs,2023-11-01,279,268.388
abs,2023-12-01,279,210.824
abs,2024-01-01,279,199.742
abs,2024-02-01,279,144.714
abs,2024-03-01,279,184.972
abs,2024-04-01,279,177.124
abs,2024-05-01,279,246.517
abs,2024-06-01,279,320.244
abs,2024-07-01,279,333.268
abs,2024-08-01,279,329.575
abs,2024-09-01,279,340.061
abs,2024-10-01,279,338.525
abs,2024-11-01,279,300.863
abs,2024-12-01,279,256.994
abs,2025-01-01,279,247.081
abs,2025-02-01,279,177.998
abs,2025-03-01,279,210.869
abs,2025-04-01,279,204.755
abs,2025-05-01,279,259.583
abs,2025-06-01,279,364.438
abs,2025-07-01,279,384.591
abs,2025-08-01,279,378.296
abs,2025-09-01,279,453.981
abs,2025-10-01,279,422.48
abs,2025-11-01,279,396.237
abs,2025-12-01,279,318.416
abs,2026-01-01,279,261.658
abs,2026-02-01,279,175.15
abs,2026-03-01,279,208.338
abs,2026-04-01,279,201.717
abs,2026-05-01,279,258.929
abs,2026-06-01,279,361.522
growth_yoy,2016-01-01,279,2.52
growth_yoy,2016-02-01,279,5.057
growth_yoy,2016-03-01,279,3.735
growth_yoy,2016-04-01,279,3.945
growth_yoy,2016-05-01,279,4.833
growth_yoy,2016-06-01,279,10.193
growth_yoy,2016-07-01,279,4.983
growth_yoy,2016-08-01,279,9.008
growth_yoy,2016-09-01,279,6.915
growth_yoy,2016-10-01,279,7.111
growth_yoy,2016-11-01,279,9.2
growth_yoy,2016-12-01,279,6.443
growth_yoy,2017-01-01,279,9.058
growth_yoy,2017-02-01,279,11.533
growth_yoy,2017-03-01,279,8.658
growth_yoy,2017-04-01,279,8.339
growth_yoy,2017-05-01,279,11.284
growth_yoy,2017-06-01,279,7.303
growth_yoy,2017-07-01,279,9.788
growth_yoy,2017-08-01,279,8.418
growth_yoy,2017-09-01,279,4.635
growth_yoy,2017-10-01,279,3.821
growth_yoy,2017-11-01,279,3.068
growth_yoy,2017-12-01,279,1.057
growth_yoy,2018-01-01,279,-0.281
growth_yoy,2018-02-01,279,-12.861
growth_yoy,2018-03-01,279,16.812
growth_yoy,2018-04-01,279,-8.127
growth_yoy,2018-05-01,279,3.965
growth_yoy,2018-06-01,279,-5.991
growth_yoy,2018-07-01,279,0.783
growth_yoy,2018-08-01,279,-11.017
growth_yoy,2018-09-01,279,-5.351
growth_yoy,2018-10-01,279,-2.186
growth_yoy,2018-11-01,279,0.663
growth_yoy,2018-12-01,279,13.244
growth_yoy,2019-01-01,279,5.938
growth_yoy,2019-02-01,279,9.512
growth_yoy,2019-03-01,279,5.324
growth_yoy,2019-04-01,279,4.711
growth_yoy,2019-05-01,279,14.052
growth_yoy,2019-06-01,279,15.009
growth_yoy,2019-07-01,279,33.822
growth_yoy,2019-08-01,279,24.492
growth_yoy,2019-09-01,279,19.382
growth_yoy,2019-10-01,279,13.506
growth_yoy,2019-11-01,279,15.526
growth_yoy,2019-12-01,279,14.976
growth_yoy,2020-01-01,279,4.078
growth_yoy,2020-02-01,279,8.71
growth_yoy,2020-03-01,279,-3.632
growth_yoy,2020-04-01,279,-66.977
growth_yoy,2020-05-01,279,-23.749
growth_yoy,2020-06-01,279,31.892
growth_yoy,2020-07-01,279,24.479
growth_yoy,2020-08-01,279,-12.442
growth_yoy,2020-09-01,279,-1.448
growth_yoy,2020-10-01,279,-10.132
growth_yoy,2020-11-01,279,-7.667
growth_yoy,2020-12-01,279,-28.379
growth_yoy,2021-01-01,279,-0.533
growth_yoy,2021-02-01,279,10.543
growth_yoy,2021-03-01,279,25.076
growth_yoy,2021-04-01,279,410.786
growth_yoy,2021-05-01,279,88.121
growth_yoy,2021-06-01,279,27.838
growth_yoy,2021-07-01,279,-9.488
growth_yoy,2021-08-01,279,7.315
growth_yoy,2021-09-01,279,5.151
growth_yoy,2021-10-01,279,28.043
growth_yoy,2021-11-01,279,11.701
growth_yoy,2021-12-01,279,34.818
growth_yoy,2022-01-01,279,21.504
growth_yoy,2022-02-01,279,40.45
growth_yoy,2022-03-01,279,25.509
growth_yoy,2022-04-01,279,-19.868
growth_yoy,2022-05-01,279,0.308
growth_yoy,2022-06-01,279,13.58
growth_yoy,2022-07-01,279,29.364
growth_yoy,2022-08-01,279,76.032
growth_yoy,2022-09-01,279,62.454
growth_yoy,2022-10-01,279,45.131
growth_yoy,2022-11-01,279,66.001
growth_yoy,2022-12-01,279,69.583
growth_yoy,2023-01-01,279,6.503
growth_yoy,2023-02-01,279,-28.403
growth_yoy,2023-03-01,279,-19.222
growth_yoy,2023-04-01,279,-14.193
growth_yoy,2023-05-01,279,34.5
growth_yoy,2023-06-01,279,26.6
growth_yoy,2023-07-01,279,29.5
growth_yoy,2023-08-01,279,29.9
growth_yoy,2023-09-01,279,32.1
growth_yoy,2023-10-01,279,34.2
growth_yoy,2023-11-01,279,35.3
growth_yoy,2023-12-01,279,7.0
growth_yoy,2024-01-01,279,21.699
growth_yoy,2024-02-01,279,19.5
growth_yoy,2024-03-01,279,15.0
growth_yoy,2024-04-01,279,17.254
growth_yoy,2024-05-01,279,-1.6
growth_yoy,2024-06-01,279,0.4
growth_yoy,2024-07-01,279,14.7
growth_yoy,2024-08-01,279,16.5
growth_yoy,2024-09-01,279,8.344
growth_yoy,2024-10-01,279,11.9
growth_yoy,2024-11-01,279,12.1
growth_yoy,2024-12-01,279,21.9
growth_yoy,2025-01-01,279,23.7
growth_yoy,2025-02-01,279,23.0
growth_yoy,2025-03-01,279,14.0
growth_yoy,2025-04-01,279,15.6
growth_yoy,2025-05-01,279,5.3
growth_yoy,2025-06-01,279,13.8
growth_yoy,2025-07-01,279,15.4
growth_yoy,2025-08-01,279,14.783
growth_yoy,2025-09-01,279,33.5
growth_yoy,2025-10-01,279,24.8
growth_yoy,2025-11-01,279,31.7
growth_yoy,2025-12-01,279,23.9
growth_yoy,2026-01-01,279,5.9
growth_yoy,2026-02-01,279,-1.6
growth_yoy,2026-03-01,279,-1.2
growth_yoy,2026-04-01,279,-1.484
growth_yoy,2026-05-01,279,-0.252
growth_yoy,2026-06-01,279,-0.8
growth_mom,2015-02-01,279,-13.598
growth_mom,2015-03-01,279,5.903
growth_mom,2015-04-01,279,26.667
growth_mom,2015-05-01,279,-22.161
growth_mom,2015-06-01,279,9.969
growth_mom,2015-07-01,279,-3.774
growth_mom,2015-08-01,279,1.557
growth_mom,2015-09-01,279,11.021
growth_mom,2015-10-01,279,-2.078
growth_mom,2015-11-01,279,-19.036
growth_mom,2015-12-01,279,-2.945
growth_mom,2016-01-01,279,23.779
growth_mom,2016-02-01,279,-11.46
growth_mom,2016-03-01,279,4.57
growth_mom,2016-04-01,279,26.923
growth_mom,2016-05-01,279,-21.495
growth_mom,2016-06-01,279,15.591
growth_mom,2016-07-01,279,-8.324
growth_mom,2016-08-01,279,5.45
growth_mom,2016-09-01,279,8.89
growth_mom,2016-10-01,279,-1.899
growth_mom,2016-11-01,279,-17.457
growth_mom,2016-12-01,279,-5.395
growth_mom,2017-01-01,279,26.819
growth_mom,2017-02-01,279,-9.45
growth_mom,2017-03-01,279,1.875
growth_mom,2017-04-01,279,26.55
growth_mom,2017-05-01,279,-19.361
growth_mom,2017-06-01,279,11.457
growth_mom,2017-07-01,279,-6.201
growth_mom,2017-08-01,279,4.134
growth_mom,2017-09-01,279,5.09
growth_mom,2017-10-01,279,-2.663
growth_mom,2017-11-01,279,-18.055
growth_mom,2017-12-01,279,-7.241
growth_mom,2018-01-01,279,25.139
growth_mom,2018-02-01,279,-20.873
growth_mom,2018-03-01,279,36.565
growth_mom,2018-04-01,279,-0.468
growth_mom,2018-05-01,279,-8.748
growth_mom,2018-06-01,279,0.784
growth_mom,2018-07-01,279,0.559
growth_mom,2018-08-01,279,-8.059
growth_mom,2018-09-01,279,11.782
growth_mom,2018-10-01,279,0.592
growth_mom,2018-11-01,279,-15.668
growth_mom,2018-12-01,279,4.353
growth_mom,2019-01-01,279,17.066
growth_mom,2019-02-01,279,-18.204
growth_mom,2019-03-01,279,31.343
growth_mom,2019-04-01,279,-1.047
growth_mom,2019-05-01,279,-0.608
growth_mom,2019-06-01,279,1.629
growth_mom,2019-07-01,279,17.008
growth_mom,2019-08-01,279,-14.468
growth_mom,2019-09-01,279,7.193
growth_mom,2019-10-01,279,-4.358
growth_mom,2019-11-01,279,-14.167
growth_mom,2019-12-01,279,3.856
growth_mom,2020-01-01,279,5.97
growth_mom,2020-02-01,279,-14.564
growth_mom,2020-03-01,279,16.432
growth_mom,2020-04-01,279,-66.091
growth_mom,2020-05-01,279,129.498
growth_mom,2020-06-01,279,75.79
growth_mom,2020-07-01,279,10.431
growth_mom,2020-08-01,279,-39.837
growth_mom,2020-09-01,279,20.652
growth_mom,2020-10-01,279,-12.785
growth_mom,2020-11-01,279,-11.813
growth_mom,2020-12-01,279,-19.442
growth_mom,2021-01-01,279,47.171
growth_mom,2021-02-01,279,-5.05
growth_mom,2021-03-01,279,31.739
growth_mom,2021-04-01,279,38.477
growth_mom,2021-05-01,279,-15.476
growth_mom,2021-06-01,279,19.458
growth_mom,2021-07-01,279,-21.813
growth_mom,2021-08-01,279,-28.669
growth_mom,2021-09-01,279,18.219
growth_mom,2021-10-01,279,6.202
growth_mom,2021-11-01,279,-23.068
growth_mom,2021-12-01,279,-2.771
growth_mom,2022-01-01,279,32.638
growth_mom,2022-02-01,279,9.756
growth_mom,2022-03-01,279,17.725
growth_mom,2022-04-01,279,-11.588
growth_mom,2022-05-01,279,5.805
growth_mom,2022-06-01,279,35.264
growth_mom,2022-07-01,279,-10.947
growth_mom,2022-08-01,279,-2.936
growth_mom,2022-09-01,279,9.101
growth_mom,2022-10-01,279,-5.123
growth_mom,2022-11-01,279,-12.005
growth_mom,2022-12-01,279,-0.672
growth_mom,2023-01-01,279,-16.699
growth_mom,2023-02-01,279,-26.217
growth_mom,2023-03-01,279,32.821
growth_mom,2023-04-01,279,-6.084
growth_mom,2023-05-01,279,65.845
growth_mom,2023-06-01,279,27.32
growth_mom,2023-07-01,279,-8.907
growth_mom,2023-08-01,279,-2.636
growth_mom,2023-09-01,279,10.948
growth_mom,2023-10-01,279,-3.615
growth_mom,2023-11-01,279,-11.284
growth_mom,2023-12-01,279,-21.448
growth_mom,2024-01-01,279,-5.256
growth_mom,2024-02-01,279,-27.55
growth_mom,2024-03-01,279,27.819
growth_mom,2024-04-01,279,-4.243
growth_mom,2024-05-01,279,39.178
growth_mom,2024-06-01,279,29.907
growth_mom,2024-07-01,279,4.067
growth_mom,2024-08-01,279,-1.108
growth_mom,2024-09-01,279,3.181
growth_mom,2024-10-01,279,-0.451
growth_mom,2024-11-01,279,-11.125
growth_mom,2024-12-01,279,-14.581
growth_mom,2025-01-01,279,-3.857
growth_mom,2025-02-01,279,-27.96
growth_mom,2025-03-01,279,18.467
growth_mom,2025-04-01,279,-2.899
growth_mom,2025-05-01,279,26.777
growth_mom,2025-06-01,279,40.394
growth_mom,2025-07-01,279,5.53
growth_mom,2025-08-01,279,-1.637
growth_mom,2025-09-01,279,20.007
growth_mom,2025-10-01,279,-6.939
growth_mom,2025-11-01,279,-6.212
growth_mom,2025-12-01,279,-19.64
growth_mom,2026-01-01,279,-17.825
growth_mom,2026-02-01,279,-33.062
growth_mom,2026-03-01,279,18.948
growth_mom,2026-04-01,279,-3.178
growth_mom,2026-05-01,279,28.363
growth_mom,2026-06-01,279,39.622
abs,2015-01-01,281,108.162
abs,2015-02-01,281,88.813
abs,2015-03-01,281,116.352
abs,2015-04-01,281,130.397
abs,2015-05-01,281,124.073
abs,2015-06-01,281,108.627
abs,2015-07-01,281,84.741
abs,2015-08-01,281,101.57
abs,2015-09-01,281,86.478
abs,2015-10-01,281,78.8
abs,2015-11-01,281,84.321
abs,2015-12-01,281,87.665
abs,2016-01-01,281,108.075
abs,2016-02-01,281,100.075
abs,2016-03-01,281,123.334
abs,2016-04-01,281,127.518
abs,2016-05-01,281,131.154
abs,2016-06-01,281,120.887
abs,2016-07-01,281,92.923
abs,2016-08-01,281,112.504
abs,2016-09-01,281,93.073
abs,2016-10-01,281,87.231
abs,2016-11-01,281,93.959
abs,2016-12-01,281,96.181
abs,2017-01-01,281,110.371
abs,2017-02-01,281,102.782
abs,2017-03-01,281,125.339
abs,2017-04-01,281,129.473
abs,2017-05-01,281,129.403
abs,2017-06-01,281,115.473
abs,2017-07-01,281,108.691
abs,2017-08-01,281,118.795
abs,2017-09-01,281,107.569
abs,2017-10-01,281,104.74
abs,2017-11-01,281,108.012
abs,2017-12-01,281,103.71
abs,2018-01-01,281,117.322
abs,2018-02-01,281,103.7
abs,2018-03-01,281,137.185
abs,2018-04-01,281,140.803
abs,2018-05-01,281,139.767
abs,2018-06-01,281,126.956
abs,2018-07-01,281,115.48
abs,2018-08-01,281,114.775
abs,2018-09-01,281,109.754
abs,2018-10-01,281,109.08
abs,2018-11-01,281,113.793
abs,2018-12-01,281,112.118
abs,2019-01-01,281,120.637
abs,2019-02-01,281,105.703
abs,2019-03-01,281,137.163
abs,2019-04-01,281,148.209
abs,2019-05-01,281,147.223
abs,2019-06-01,281,127.856
abs,2019-07-01,281,132.419
abs,2019-08-01,281,131.221
abs,2019-09-01,281,107.559
abs,2019-10-01,281,111.935
abs,2019-11-01,281,119.593
abs,2019-12-01,281,115.092
abs,2020-01-01,281,122.458
abs,2020-02-01,281,111.841
abs,2020-03-01,281,121.339
abs,2020-04-01,281,100.306
abs,2020-05-01,281,128.72
abs,2020-06-01,281,157.838
abs,2020-07-01,281,145.807
abs,2020-08-01,281,126.115
abs,2020-09-01,281,109.917
abs,2020-10-01,281,111.089
abs,2020-11-01,281,114.936
abs,2020-12-01,281,119.867
abs,2021-01-01,281,123.522
abs,2021-02-01,281,126.706
abs,2021-03-01,281,137.279
abs,2021-04-01,281,160.112
abs,2021-05-01,281,155.538
abs,2021-06-01,281,179.945
abs,2021-07-01,281,147.221
abs,2021-08-01,281,155.857
abs,2021-09-01,281,130.377
abs,2021-10-01,281,130.085
abs,2021-11-01,281,135.373
abs,2021-12-01,281,127.865
abs,2022-01-01,281,125.126
abs,2022-02-01,281,132.746
abs,2022-03-01,281,138.337
abs,2022-04-01,281,165.233
abs,2022-05-01,281,153.526
abs,2022-06-01,281,187.971
abs,2022-07-01,281,177.512
abs,2022-08-01,281,186.203
abs,2022-09-01,281,156.274
abs,2022-10-01,281,127.914
abs,2022-11-01,281,144.89
abs,2022-12-01,281,138.665
abs,2023-01-01,281,120.775
abs,2023-02-01,281,136.457
abs,2023-03-01,281,152.839
abs,2023-04-01,281,164.267
abs,2023-05-01,281,173.362
abs,2023-06-01,281,182.514
abs,2023-07-01,281,173.047
abs,2023-08-01,281,183.981
abs,2023-09-01,281,153.147
abs,2023-10-01,281,132.25
abs,2023-11-01,281,154.657
abs,2023-12-01,281,139.415
abs,2024-01-01,281,132.551
abs,2024-02-01,281,143.796
abs,2024-03-01,281,157.658
abs,2024-04-01,281,174.418
abs,2024-05-01,281,181.224
abs,2024-06-01,281,196.538
abs,2024-07-01,281,189.784
abs,2024-08-01,281,187.678
abs,2024-09-01,281,155.368
abs,2024-10-01,281,142.058
abs,2024-11-01,281,174.574
abs,2024-12-01,281,159.557
abs,2025-01-01,281,144.61
abs,2025-02-01,281,165.39
abs,2025-03-01,281,177.642
abs,2025-04-01,281,197.873
abs,2025-05-01,281,201.026
abs,2025-06-01,281,224.368
abs,2025-07-01,281,219.984
abs,2025-08-01,281,202.867
abs,2025-09-01,281,169.563
abs,2025-10-01,281,158.795
abs,2025-11-01,281,190.21
abs,2025-12-01,281,176.487
abs,2026-01-01,281,159.254
abs,2026-02-01,281,168.821
abs,2026-03-01,281,183.195
abs,2026-04-01,281,215.722
abs,2026-05-01,281,216.037
abs,2026-06-01,281,253.963
growth_yoy,2016-01-01,281,-0.08
growth_yoy,2016-02-01,281,12.681
growth_yoy,2016-03-01,281,6.001
growth_yoy,2016-04-01,281,-2.208
growth_yoy,2016-05-01,281,5.707
growth_yoy,2016-06-01,281,11.286
growth_yoy,2016-07-01,281,9.656
growth_yoy,2016-08-01,281,10.764
growth_yoy,2016-09-01,281,7.626
growth_yoy,2016-10-01,281,10.699
growth_yoy,2016-11-01,281,11.431
growth_yoy,2016-12-01,281,9.714
growth_yoy,2017-01-01,281,2.124
growth_yoy,2017-02-01,281,2.704
growth_yoy,2017-03-01,281,1.626
growth_yoy,2017-04-01,281,1.533
growth_yoy,2017-05-01,281,-1.335
growth_yoy,2017-06-01,281,-4.479
growth_yoy,2017-07-01,281,16.968
growth_yoy,2017-08-01,281,5.592
growth_yoy,2017-09-01,281,15.574
growth_yoy,2017-10-01,281,20.073
growth_yoy,2017-11-01,281,14.957
growth_yoy,2017-12-01,281,7.828
growth_yoy,2018-01-01,281,6.298
growth_yoy,2018-02-01,281,0.893
growth_yoy,2018-03-01,281,9.451
growth_yoy,2018-04-01,281,8.751
growth_yoy,2018-05-01,281,8.009
growth_yoy,2018-06-01,281,9.945
growth_yoy,2018-07-01,281,6.247
growth_yoy,2018-08-01,281,-3.384
growth_yoy,2018-09-01,281,2.032
growth_yoy,2018-10-01,281,4.144
growth_yoy,2018-11-01,281,5.352
growth_yoy,2018-12-01,281,8.107
growth_yoy,2019-01-01,281,2.826
growth_yoy,2019-02-01,281,1.932
growth_yoy,2019-03-01,281,-0.016
growth_yoy,2019-04-01,281,5.259
growth_yoy,2019-05-01,281,5.335
growth_yoy,2019-06-01,281,0.709
growth_yoy,2019-07-01,281,14.668
growth_yoy,2019-08-01,281,14.328
growth_yoy,2019-09-01,281,-2.0
growth_yoy,2019-10-01,281,2.617
growth_yoy,2019-11-01,281,5.097
growth_yoy,2019-12-01,281,2.652
growth_yoy,2020-01-01,281,1.509
growth_yoy,2020-02-01,281,5.806
growth_yoy,2020-03-01,281,-11.536
growth_yoy,2020-04-01,281,-32.321
growth_yoy,2020-05-01,281,-12.568
growth_yoy,2020-06-01,281,23.45
growth_yoy,2020-07-01,281,10.11
growth_yoy,2020-08-01,281,-3.891
growth_yoy,2020-09-01,281,2.192
growth_yoy,2020-10-01,281,-0.756
growth_yoy,2020-11-01,281,-3.894
growth_yoy,2020-12-01,281,4.149
growth_yoy,2021-01-01,281,0.869
growth_yoy,2021-02-01,281,13.292
growth_yoy,2021-03-01,281,13.137
growth_yoy,2021-04-01,281,59.624
growth_yoy,2021-05-01,281,20.834
growth_yoy,2021-06-01,281,14.006
growth_yoy,2021-07-01,281,0.97
growth_yoy,2021-08-01,281,23.584
growth_yoy,2021-09-01,281,18.614
growth_yoy,2021-10-01,281,17.1
growth_yoy,2021-11-01,281,17.781
growth_yoy,2021-12-01,281,6.672
growth_yoy,2022-01-01,281,1.298
growth_yoy,2022-02-01,281,4.767
growth_yoy,2022-03-01,281,0.771
growth_yoy,2022-04-01,281,3.198
growth_yoy,2022-05-01,281,-1.294
growth_yoy,2022-06-01,281,4.46
growth_yoy,2022-07-01,281,20.575
growth_yoy,2022-08-01,281,19.47
growth_yoy,2022-09-01,281,19.863
growth_yoy,2022-10-01,281,-1.669
growth_yoy,2022-11-01,281,7.03
growth_yoy,2022-12-01,281,8.446
growth_yoy,2023-01-01,281,-3.477
growth_yoy,2023-02-01,281,2.796
growth_yoy,2023-03-01,281,10.483
growth_yoy,2023-04-01,281,-0.585
growth_yoy,2023-05-01,281,12.92
growth_yoy,2023-06-01,281,-2.903
growth_yoy,2023-07-01,281,-2.515
growth_yoy,2023-08-01,281,-1.193
growth_yoy,2023-09-01,281,-2.001
growth_yoy,2023-10-01,281,3.389
growth_yoy,2023-11-01,281,6.741
growth_yoy,2023-12-01,281,0.541
growth_yoy,2024-01-01,281,9.75
growth_yoy,2024-02-01,281,5.378
growth_yoy,2024-03-01,281,3.153
growth_yoy,2024-04-01,281,6.18
growth_yoy,2024-05-01,281,4.535
growth_yoy,2024-06-01,281,7.684
growth_yoy,2024-07-01,281,9.672
growth_yoy,2024-08-01,281,2.01
growth_yoy,2024-09-01,281,1.45
growth_yoy,2024-10-01,281,7.417
growth_yoy,2024-11-01,281,12.878
growth_yoy,2024-12-01,281,14.448
growth_yoy,2025-01-01,281,9.098
growth_yoy,2025-02-01,281,15.017
growth_yoy,2025-03-01,281,12.675
growth_yoy,2025-04-01,281,13.448
growth_yoy,2025-05-01,281,10.927
growth_yoy,2025-06-01,281,14.16
growth_yoy,2025-07-01,281,15.913
growth_yoy,2025-08-01,281,8.093
growth_yoy,2025-09-01,281,9.136
growth_yoy,2025-10-01,281,11.782
growth_yoy,2025-11-01,281,8.957
growth_yoy,2025-12-01,281,10.61
growth_yoy,2026-01-01,281,10.127
growth_yoy,2026-02-01,281,2.075
growth_yoy,2026-03-01,281,3.126
growth_yoy,2026-04-01,281,9.02
growth_yoy,2026-05-01,281,7.468
growth_yoy,2026-06-01,281,13.19
growth_mom,2015-02-01,281,-17.889
growth_mom,2015-03-01,281,31.008
growth_mom,2015-04-01,281,12.071
growth_mom,2015-05-01,281,-4.85
growth_mom,2015-06-01,281,-12.449
growth_mom,2015-07-01,281,-21.989
growth_mom,2015-08-01,281,19.86
growth_mom,2015-09-01,281,-14.859
growth_mom,2015-10-01,281,-8.879
growth_mom,2015-11-01,281,7.006
growth_mom,2015-12-01,281,3.967
growth_mom,2016-01-01,281,23.282
growth_mom,2016-02-01,281,-7.402
growth_mom,2016-03-01,281,23.241
growth_mom,2016-04-01,281,3.392
growth_mom,2016-05-01,281,2.851
growth_mom,2016-06-01,281,-7.828
growth_mom,2016-07-01,281,-23.132
growth_mom,2016-08-01,281,21.072
growth_mom,2016-09-01,281,-17.271
growth_mom,2016-10-01,281,-6.278
growth_mom,2016-11-01,281,7.713
growth_mom,2016-12-01,281,2.365
growth_mom,2017-01-01,281,14.753
growth_mom,2017-02-01,281,-6.876
growth_mom,2017-03-01,281,21.947
growth_mom,2017-04-01,281,3.298
growth_mom,2017-05-01,281,-0.054
growth_mom,2017-06-01,281,-10.764
growth_mom,2017-07-01,281,-5.874
growth_mom,2017-08-01,281,9.297
growth_mom,2017-09-01,281,-9.45
growth_mom,2017-10-01,281,-2.63
growth_mom,2017-11-01,281,3.124
growth_mom,2017-12-01,281,-3.983
growth_mom,2018-01-01,281,13.125
growth_mom,2018-02-01,281,-11.611
growth_mom,2018-03-01,281,32.291
growth_mom,2018-04-01,281,2.638
growth_mom,2018-05-01,281,-0.736
growth_mom,2018-06-01,281,-9.166
growth_mom,2018-07-01,281,-9.039
growth_mom,2018-08-01,281,-0.61
growth_mom,2018-09-01,281,-4.375
growth_mom,2018-10-01,281,-0.614
growth_mom,2018-11-01,281,4.32
growth_mom,2018-12-01,281,-1.472
growth_mom,2019-01-01,281,7.598
growth_mom,2019-02-01,281,-12.379
growth_mom,2019-03-01,281,29.762
growth_mom,2019-04-01,281,8.053
growth_mom,2019-05-01,281,-0.665
growth_mom,2019-06-01,281,-13.155
growth_mom,2019-07-01,281,3.569
growth_mom,2019-08-01,281,-0.905
growth_mom,2019-09-01,281,-18.032
growth_mom,2019-10-01,281,4.068
growth_mom,2019-11-01,281,6.842
growth_mom,2019-12-01,281,-3.763
growth_mom,2020-01-01,281,6.4
growth_mom,2020-02-01,281,-8.67
growth_mom,2020-03-01,281,8.493
growth_mom,2020-04-01,281,-17.334
growth_mom,2020-05-01,281,28.328
growth_mom,2020-06-01,281,22.621
growth_mom,2020-07-01,281,-7.622
growth_mom,2020-08-01,281,-13.506
growth_mom,2020-09-01,281,-12.843
growth_mom,2020-10-01,281,1.066
growth_mom,2020-11-01,281,3.463
growth_mom,2020-12-01,281,4.29
growth_mom,2021-01-01,281,3.049
growth_mom,2021-02-01,281,2.578
growth_mom,2021-03-01,281,8.344
growth_mom,2021-04-01,281,16.633
growth_mom,2021-05-01,281,-2.856
growth_mom,2021-06-01,281,15.692
growth_mom,2021-07-01,281,-18.185
growth_mom,2021-08-01,281,5.866
growth_mom,2021-09-01,281,-16.348
growth_mom,2021-10-01,281,-0.224
growth_mom,2021-11-01,281,4.065
growth_mom,2021-12-01,281,-5.546
growth_mom,2022-01-01,281,-2.142
growth_mom,2022-02-01,281,6.09
growth_mom,2022-03-01,281,4.212
growth_mom,2022-04-01,281,19.442
growth_mom,2022-05-01,281,-7.085
growth_mom,2022-06-01,281,22.436
growth_mom,2022-07-01,281,-5.564
growth_mom,2022-08-01,281,4.896
growth_mom,2022-09-01,281,-16.073
growth_mom,2022-10-01,281,-18.148
growth_mom,2022-11-01,281,13.271
growth_mom,2022-12-01,281,-4.296
growth_mom,2023-01-01,281,-12.902
growth_mom,2023-02-01,281,12.985
growth_mom,2023-03-01,281,12.005
growth_mom,2023-04-01,281,7.477
growth_mom,2023-05-01,281,5.537
growth_mom,2023-06-01,281,5.279
growth_mom,2023-07-01,281,-5.187
growth_mom,2023-08-01,281,6.318
growth_mom,2023-09-01,281,-16.759
growth_mom,2023-10-01,281,-13.645
growth_mom,2023-11-01,281,16.943
growth_mom,2023-12-01,281,-9.856
growth_mom,2024-01-01,281,-4.923
growth_mom,2024-02-01,281,8.484
growth_mom,2024-03-01,281,9.64
growth_mom,2024-04-01,281,10.631
growth_mom,2024-05-01,281,3.902
growth_mom,2024-06-01,281,8.45
growth_mom,2024-07-01,281,-3.436
growth_mom,2024-08-01,281,-1.11
growth_mom,2024-09-01,281,-17.216
growth_mom,2024-10-01,281,-8.567
growth_mom,2024-11-01,281,22.889
growth_mom,2024-12-01,281,-8.602
growth_mom,2025-01-01,281,-9.368
growth_mom,2025-02-01,281,14.37
growth_mom,2025-03-01,281,7.407
growth_mom,2025-04-01,281,11.389
growth_mom,2025-05-01,281,1.593
growth_mom,2025-06-01,281,11.612
growth_mom,2025-07-01,281,-1.954
growth_mom,2025-08-01,281,-7.781
growth_mom,2025-09-01,281,-16.417
growth_mom,2025-10-01,281,-6.35
growth_mom,2025-11-01,281,19.783
growth_mom,2025-12-01,281,-7.215
growth_mom,2026-01-01,281,-9.764
growth_mom,2026-02-01,281,6.007
growth_mom,2026-03-01,281,8.514
growth_mom,2026-04-01,281,17.755
growth_mom,2026-05-01,281,0.146
growth_mom,2026-06-01,281,17.555
abs,2015-01-01,282,79.383
abs,2015-02-01,282,92.231
abs,2015-03-01,282,98.619
abs,2015-04-01,282,96.261
abs,2015-05-01,282,99.696
abs,2015-06-01,282,98.295
abs,2015-07-01,282,137.314
abs,2015-08-01,282,114.078
abs,2015-09-01,282,95.073
abs,2015-10-01,282,92.721
abs,2015-11-01,282,93.766
abs,2015-12-01,282,102.562
abs,2016-01-01,282,82.359
abs,2016-02-01,282,93.06
abs,2016-03-01,282,97.367
abs,2016-04-01,282,104.86
abs,2016-05-01,282,100.531
abs,2016-06-01,282,99.686
abs,2016-07-01,282,135.873
abs,2016-08-01,282,120.197
abs,2016-09-01,282,101.262
abs,2016-10-01,282,97.748
abs,2016-11-01,282,98.7
abs,2016-12-01,282,104.262
abs,2017-01-01,282,93.322
abs,2017-02-01,282,113.273
abs,2017-03-01,282,112.467
abs,2017-04-01,282,117.459
abs,2017-05-01,282,115.546
abs,2017-06-01,282,112.728
abs,2017-07-01,282,139.97
abs,2017-08-01,282,130.758
abs,2017-09-01,282,99.613
abs,2017-10-01,282,93.27
abs,2017-11-01,282,96.498
abs,2017-12-01,282,103.913
abs,2018-01-01,282,99.298
abs,2018-02-01,282,125.484
abs,2018-03-01,282,111.26
abs,2018-04-01,282,118.676
abs,2018-05-01,282,112.985
abs,2018-06-01,282,114.754
abs,2018-07-01,282,138.474
abs,2018-08-01,282,136.786
abs,2018-09-01,282,102.781
abs,2018-10-01,282,98.122
abs,2018-11-01,282,98.048
abs,2018-12-01,282,103.998
abs,2019-01-01,282,102.182
abs,2019-02-01,282,128.636
abs,2019-03-01,282,115.453
abs,2019-04-01,282,117.627
abs,2019-05-01,282,112.517
abs,2019-06-01,282,121.048
abs,2019-07-01,282,128.518
abs,2019-08-01,282,128.505
abs,2019-09-01,282,115.508
abs,2019-10-01,282,101.759
abs,2019-11-01,282,105.38
abs,2019-12-01,282,110.88
abs,2020-01-01,282,110.19
abs,2020-02-01,282,135.868
abs,2020-03-01,282,111.698
abs,2020-04-01,282,103.542
abs,2020-05-01,282,138.028
abs,2020-06-01,282,137.775
abs,2020-07-01,282,138.747
abs,2020-08-01,282,136.389
abs,2020-09-01,282,123.008
abs,2020-10-01,282,113.289
abs,2020-11-01,282,118.878
abs,2020-12-01,282,111.272
abs,2021-01-01,282,114.095
abs,2021-02-01,282,121.283
abs,2021-03-01,282,119.77
abs,2021-04-01,282,132.421
abs,2021-05-01,282,135.616
abs,2021-06-01,282,124.89
abs,2021-07-01,282,124.609
abs,2021-08-01,282,134.835
abs,2021-09-01,282,132.349
abs,2021-10-01,282,133.854
abs,2021-11-01,282,142.482
abs,2021-12-01,282,134.216
abs,2022-01-01,282,129.664
abs,2022-02-01,282,125.656
abs,2022-03-01,282,126.996
abs,2022-04-01,282,136.63
abs,2022-05-01,282,147.766
abs,2022-06-01,282,139.924
abs,2022-07-01,282,134.091
abs,2022-08-01,282,143.596
abs,2022-09-01,282,136.199
abs,2022-10-01,282,138.272
abs,2022-11-01,282,143.074
abs,2022-12-01,282,151.41
abs,2023-01-01,282,140.08
abs,2023-02-01,282,128.254
abs,2023-03-01,282,129.805
abs,2023-04-01,282,126.481
abs,2023-05-01,282,141.96
abs,2023-06-01,282,135.292
abs,2023-07-01,282,125.152
abs,2023-08-01,282,127.104
abs,2023-09-01,282,122.922
abs,2023-10-01,282,126.219
abs,2023-11-01,282,141.164
abs,2023-12-01,282,144.613
abs,2024-01-01,282,135.788
abs,2024-02-01,282,127.134
abs,2024-03-01,282,128.209
abs,2024-04-01,282,128.811
abs,2024-05-01,282,140.221
abs,2024-06-01,282,130.788
abs,2024-07-01,282,125.45
abs,2024-08-01,282,129.864
abs,2024-09-01,282,121.207
abs,2024-10-01,282,120.643
abs,2024-11-01,282,137.836
abs,2024-12-01,282,144.085
abs,2025-01-01,282,131.301
abs,2025-02-01,282,123.923
abs,2025-03-01,282,122.071
abs,2025-04-01,282,123.196
abs,2025-05-01,282,134.279
abs,2025-06-01,282,128.849
abs,2025-07-01,282,122.525
abs,2025-08-01,282,129.512
abs,2025-09-01,282,133.877
abs,2025-10-01,282,133.432
abs,2025-11-01,282,150.265
abs,2025-12-01,282,158.057
abs,2026-01-01,282,140.37
abs,2026-02-01,282,127.459
abs,2026-03-01,282,128.353
abs,2026-04-01,282,128.812
abs,2026-05-01,282,141.246
abs,2026-06-01,282,134.245
growth_yoy,2016-01-01,282,3.749
growth_yoy,2016-02-01,282,0.898
growth_yoy,2016-03-01,282,-1.269
growth_yoy,2016-04-01,282,8.933
growth_yoy,2016-05-01,282,0.837
growth_yoy,2016-06-01,282,1.415
growth_yoy,2016-07-01,282,-1.049
growth_yoy,2016-08-01,282,5.364
growth_yoy,2016-09-01,282,6.51
growth_yoy,2016-10-01,282,5.422
growth_yoy,2016-11-01,282,5.262
growth_yoy,2016-12-01,282,1.657
growth_yoy,2017-01-01,282,13.311
growth_yoy,2017-02-01,282,21.72
growth_yoy,2017-03-01,282,15.508
growth_yoy,2017-04-01,282,12.015
growth_yoy,2017-05-01,282,14.936
growth_yoy,2017-06-01,282,13.083
growth_yoy,2017-07-01,282,3.016
growth_yoy,2017-08-01,282,8.786
growth_yoy,2017-09-01,282,-1.628
growth_yoy,2017-10-01,282,-4.581
growth_yoy,2017-11-01,282,-2.231
growth_yoy,2017-12-01,282,-0.334
growth_yoy,2018-01-01,282,6.404
growth_yoy,2018-02-01,282,10.78
growth_yoy,2018-03-01,282,-1.074
growth_yoy,2018-04-01,282,1.036
growth_yoy,2018-05-01,282,-2.217
growth_yoy,2018-06-01,282,1.797
growth_yoy,2018-07-01,282,-1.069
growth_yoy,2018-08-01,282,4.61
growth_yoy,2018-09-01,282,3.18
growth_yoy,2018-10-01,282,5.201
growth_yoy,2018-11-01,282,1.607
growth_yoy,2018-12-01,282,0.082
growth_yoy,2019-01-01,282,2.903
growth_yoy,2019-02-01,282,2.512
growth_yoy,2019-03-01,282,3.769
growth_yoy,2019-04-01,282,-0.884
growth_yoy,2019-05-01,282,-0.414
growth_yoy,2019-06-01,282,5.485
growth_yoy,2019-07-01,282,-7.19
growth_yoy,2019-08-01,282,-6.054
growth_yoy,2019-09-01,282,12.382
growth_yoy,2019-10-01,282,3.707
growth_yoy,2019-11-01,282,7.478
growth_yoy,2019-12-01,282,6.618
growth_yoy,2020-01-01,282,7.838
growth_yoy,2020-02-01,282,5.622
growth_yoy,2020-03-01,282,-3.252
growth_yoy,2020-04-01,282,-11.974
growth_yoy,2020-05-01,282,22.673
growth_yoy,2020-06-01,282,13.818
growth_yoy,2020-07-01,282,7.959
growth_yoy,2020-08-01,282,6.135
growth_yoy,2020-09-01,282,6.493
growth_yoy,2020-10-01,282,11.331
growth_yoy,2020-11-01,282,12.809
growth_yoy,2020-12-01,282,0.353
growth_yoy,2021-01-01,282,3.544
growth_yoy,2021-02-01,282,-10.734
growth_yoy,2021-03-01,282,7.226
growth_yoy,2021-04-01,282,27.891
growth_yoy,2021-05-01,282,-1.747
growth_yoy,2021-06-01,282,-9.352
growth_yoy,2021-07-01,282,-10.19
growth_yoy,2021-08-01,282,-1.14
growth_yoy,2021-09-01,282,7.594
growth_yoy,2021-10-01,282,18.152
growth_yoy,2021-11-01,282,19.856
growth_yoy,2021-12-01,282,20.62
growth_yoy,2022-01-01,282,13.646
growth_yoy,2022-02-01,282,3.605
growth_yoy,2022-03-01,282,6.033
growth_yoy,2022-04-01,282,3.179
growth_yoy,2022-05-01,282,8.959
growth_yoy,2022-06-01,282,12.037
growth_yoy,2022-07-01,282,7.61
growth_yoy,2022-08-01,282,6.498
growth_yoy,2022-09-01,282,2.909
growth_yoy,2022-10-01,282,3.301
growth_yoy,2022-11-01,282,0.416
growth_yoy,2022-12-01,282,12.811
growth_yoy,2023-01-01,282,8.033
growth_yoy,2023-02-01,282,2.068
growth_yoy,2023-03-01,282,2.212
growth_yoy,2023-04-01,282,-7.429
growth_yoy,2023-05-01,282,-3.929
growth_yoy,2023-06-01,282,-3.31
growth_yoy,2023-07-01,282,-6.666
growth_yoy,2023-08-01,282,-11.485
growth_yoy,2023-09-01,282,-9.748
growth_yoy,2023-10-01,282,-8.717
growth_yoy,2023-11-01,282,-1.335
growth_yoy,2023-12-01,282,-4.489
growth_yoy,2024-01-01,282,-3.064
growth_yoy,2024-02-01,282,-0.873
growth_yoy,2024-03-01,282,-1.23
growth_yoy,2024-04-01,282,1.842
growth_yoy,2024-05-01,282,-1.225
growth_yoy,2024-06-01,282,-3.33
growth_yoy,2024-07-01,282,0.238
growth_yoy,2024-08-01,282,2.171
growth_yoy,2024-09-01,282,-1.395
growth_yoy,2024-10-01,282,-4.417
growth_yoy,2024-11-01,282,-2.357
growth_yoy,2024-12-01,282,-0.365
growth_yoy,2025-01-01,282,-3.304
growth_yoy,2025-02-01,282,-2.526
growth_yoy,2025-03-01,282,-4.787
growth_yoy,2025-04-01,282,-4.359
growth_yoy,2025-05-01,282,-4.238
growth_yoy,2025-06-01,282,-1.483
growth_yoy,2025-07-01,282,-2.332
growth_yoy,2025-08-01,282,-0.27
growth_yoy,2025-09-01,282,10.452
growth_yoy,2025-10-01,282,10.6
growth_yoy,2025-11-01,282,9.017
growth_yoy,2025-12-01,282,9.697
growth_yoy,2026-01-01,282,6.907
growth_yoy,2026-02-01,282,2.854
growth_yoy,2026-03-01,282,5.146
growth_yoy,2026-04-01,282,4.558
growth_yoy,2026-05-01,282,5.189
growth_yoy,2026-06-01,282,4.188
growth_mom,2015-02-01,282,16.185
growth_mom,2015-03-01,282,6.926
growth_mom,2015-04-01,282,-2.391
growth_mom,2015-05-01,282,3.568
growth_mom,2015-06-01,282,-1.405
growth_mom,2015-07-01,282,39.696
growth_mom,2015-08-01,282,-16.922
growth_mom,2015-09-01,282,-16.66
growth_mom,2015-10-01,282,-2.474
growth_mom,2015-11-01,282,1.127
growth_mom,2015-12-01,282,9.381
growth_mom,2016-01-01,282,-19.698
growth_mom,2016-02-01,282,12.993
growth_mom,2016-03-01,282,4.629
growth_mom,2016-04-01,282,7.695
growth_mom,2016-05-01,282,-4.129
growth_mom,2016-06-01,282,-0.84
growth_mom,2016-07-01,282,36.301
growth_mom,2016-08-01,282,-11.537
growth_mom,2016-09-01,282,-15.753
growth_mom,2016-10-01,282,-3.47
growth_mom,2016-11-01,282,0.974
growth_mom,2016-12-01,282,5.635
growth_mom,2017-01-01,282,-10.492
growth_mom,2017-02-01,282,21.378
growth_mom,2017-03-01,282,-0.711
growth_mom,2017-04-01,282,4.438
growth_mom,2017-05-01,282,-1.629
growth_mom,2017-06-01,282,-2.438
growth_mom,2017-07-01,282,24.166
growth_mom,2017-08-01,282,-6.582
growth_mom,2017-09-01,282,-23.818
growth_mom,2017-10-01,282,-6.368
growth_mom,2017-11-01,282,3.46
growth_mom,2017-12-01,282,7.684
growth_mom,2018-01-01,282,-4.441
growth_mom,2018-02-01,282,26.37
growth_mom,2018-03-01,282,-11.335
growth_mom,2018-04-01,282,6.666
growth_mom,2018-05-01,282,-4.796
growth_mom,2018-06-01,282,1.566
growth_mom,2018-07-01,282,20.67
growth_mom,2018-08-01,282,-1.219
growth_mom,2018-09-01,282,-24.86
growth_mom,2018-10-01,282,-4.534
growth_mom,2018-11-01,282,-0.075
growth_mom,2018-12-01,282,6.068
growth_mom,2019-01-01,282,-1.747
growth_mom,2019-02-01,282,25.889
growth_mom,2019-03-01,282,-10.248
growth_mom,2019-04-01,282,1.883
growth_mom,2019-05-01,282,-4.344
growth_mom,2019-06-01,282,7.582
growth_mom,2019-07-01,282,6.171
growth_mom,2019-08-01,282,-0.01
growth_mom,2019-09-01,282,-10.114
growth_mom,2019-10-01,282,-11.903
growth_mom,2019-11-01,282,3.559
growth_mom,2019-12-01,282,5.219
growth_mom,2020-01-01,282,-0.623
growth_mom,2020-02-01,282,23.303
growth_mom,2020-03-01,282,-17.789
growth_mom,2020-04-01,282,-7.303
growth_mom,2020-05-01,282,33.307
growth_mom,2020-06-01,282,-0.183
growth_mom,2020-07-01,282,0.705
growth_mom,2020-08-01,282,-1.699
growth_mom,2020-09-01,282,-9.811
growth_mom,2020-10-01,282,-7.901
growth_mom,2020-11-01,282,4.933
growth_mom,2020-12-01,282,-6.398
growth_mom,2021-01-01,282,2.537
growth_mom,2021-02-01,282,6.3
growth_mom,2021-03-01,282,-1.248
growth_mom,2021-04-01,282,10.563
growth_mom,2021-05-01,282,2.413
growth_mom,2021-06-01,282,-7.909
growth_mom,2021-07-01,282,-0.225
growth_mom,2021-08-01,282,8.206
growth_mom,2021-09-01,282,-1.844
growth_mom,2021-10-01,282,1.137
growth_mom,2021-11-01,282,6.446
growth_mom,2021-12-01,282,-5.801
growth_mom,2022-01-01,282,-3.392
growth_mom,2022-02-01,282,-3.091
growth_mom,2022-03-01,282,1.067
growth_mom,2022-04-01,282,7.587
growth_mom,2022-05-01,282,8.15
growth_mom,2022-06-01,282,-5.307
growth_mom,2022-07-01,282,-4.168
growth_mom,2022-08-01,282,7.088
growth_mom,2022-09-01,282,-5.151
growth_mom,2022-10-01,282,1.522
growth_mom,2022-11-01,282,3.473
growth_mom,2022-12-01,282,5.827
growth_mom,2023-01-01,282,-7.484
growth_mom,2023-02-01,282,-8.442
growth_mom,2023-03-01,282,1.21
growth_mom,2023-04-01,282,-2.561
growth_mom,2023-05-01,282,12.239
growth_mom,2023-06-01,282,-4.697
growth_mom,2023-07-01,282,-7.495
growth_mom,2023-08-01,282,1.559
growth_mom,2023-09-01,282,-3.29
growth_mom,2023-10-01,282,2.682
growth_mom,2023-11-01,282,11.841
growth_mom,2023-12-01,282,2.444
growth_mom,2024-01-01,282,-6.103
growth_mom,2024-02-01,282,-6.373
growth_mom,2024-03-01,282,0.845
growth_mom,2024-04-01,282,0.469
growth_mom,2024-05-01,282,8.858
growth_mom,2024-06-01,282,-6.727
growth_mom,2024-07-01,282,-4.081
growth_mom,2024-08-01,282,3.518
growth_mom,2024-09-01,282,-6.666
growth_mom,2024-10-01,282,-0.465
growth_mom,2024-11-01,282,14.251
growth_mom,2024-12-01,282,4.533
growth_mom,2025-01-01,282,-8.873
growth_mom,2025-02-01,282,-5.619
growth_mom,2025-03-01,282,-1.494
growth_mom,2025-04-01,282,0.922
growth_mom,2025-05-01,282,8.996
growth_mom,2025-06-01,282,-4.044
growth_mom,2025-07-01,282,-4.908
growth_mom,2025-08-01,282,5.703
growth_mom,2025-09-01,282,3.37
growth_mom,2025-10-01,282,-0.332
growth_mom,2025-11-01,282,12.616
growth_mom,2025-12-01,282,5.186
growth_mom,2026-01-01,282,-11.19
growth_mom,2026-02-01,282,-9.198
growth_mom,2026-03-01,282,0.701
growth_mom,2026-04-01,282,0.358
growth_mom,2026-05-01,282,9.653
growth_mom,2026-06-01,282,-4.957
abs,2015-01-01,291,105.939
abs,2015-02-01,291,97.778
abs,2015-03-01,291,113.654
abs,2015-04-01,291,119.563
abs,2015-05-01,291,99.712
abs,2015-06-01,291,99.762
abs,2015-07-01,291,80.678
abs,2015-08-01,291,94.341
abs,2015-09-01,291,87.737
abs,2015-10-01,291,107.716
abs,2015-11-01,291,97.399
abs,2015-12-01,291,95.723
abs,2016-01-01,291,85.459
abs,2016-02-01,291,80.383
abs,2016-03-01,291,87.435
abs,2016-04-01,291,79.253
abs,2016-05-01,291,71.9
abs,2016-06-01,291,85.141
abs,2016-07-01,291,68.687
abs,2016-08-01,291,72.915
abs,2016-09-01,291,72.166
abs,2016-10-01,291,85.215
abs,2016-11-01,291,73.646
abs,2016-12-01,291,81.908
abs,2017-01-01,291,87.179
abs,2017-02-01,291,91.261
abs,2017-03-01,291,88.051
abs,2017-04-01,291,73.71
abs,2017-05-01,291,70.534
abs,2017-06-01,291,69.405
abs,2017-07-01,291,66.346
abs,2017-08-01,291,72.18
abs,2017-09-01,291,67.784
abs,2017-10-01,291,76.954
abs,2017-11-01,291,68.015
abs,2017-12-01,291,71.778
abs,2018-01-01,291,95.396
abs,2018-02-01,291,75.477
abs,2018-03-01,291,94.291
abs,2018-04-01,291,79.513
abs,2018-05-01,291,71.506
abs,2018-06-01,291,75.606
abs,2018-07-01,291,83.855
abs,2018-08-01,291,83.627
abs,2018-09-01,291,61.08
abs,2018-10-01,291,97.718
abs,2018-11-01,291,91.925
abs,2018-12-01,291,87.098
abs,2019-01-01,291,104.578
abs,2019-02-01,291,82.061
abs,2019-03-01,291,97.406
abs,2019-04-01,291,98.125
abs,2019-05-01,291,93.667
abs,2019-06-01,291,84.347
abs,2019-07-01,291,95.766
abs,2019-08-01,291,95.557
abs,2019-09-01,291,81.589
abs,2019-10-01,291,106.93
abs,2019-11-01,291,101.975
abs,2019-12-01,291,101.137
abs,2020-01-01,291,107.779
abs,2020-02-01,291,89.335
abs,2020-03-01,291,81.211
abs,2020-04-01,291,2.731
abs,2020-05-01,291,33.966
abs,2020-06-01,291,121.684
abs,2020-07-01,291,116.116
abs,2020-08-01,291,119.393
abs,2020-09-01,291,110.018
abs,2020-10-01,291,124.906
abs,2020-11-01,291,128.809
abs,2020-12-01,291,136.622
abs,2021-01-01,291,116.97
abs,2021-02-01,291,107.543
abs,2021-03-01,291,134.058
abs,2021-04-01,291,164.208
abs,2021-05-01,291,130.902
abs,2021-06-01,291,1.763
abs,2021-07-01,291,5.67
abs,2021-08-01,291,29.288
abs,2021-09-01,291,80.765
abs,2021-10-01,291,133.688
abs,2021-11-01,291,130.391
abs,2021-12-01,291,130.697
abs,2022-01-01,291,125.989
abs,2022-02-01,291,121.345
abs,2022-03-01,291,129.14
abs,2022-04-01,291,167.122
abs,2022-05-01,291,146.941
abs,2022-06-01,291,149.663
abs,2022-07-01,291,109.133
abs,2022-08-01,291,130.505
abs,2022-09-01,291,125.889
abs,2022-10-01,291,118.764
abs,2022-11-01,291,147.648
abs,2022-12-01,291,150.841
abs,2023-01-01,291,153.747
abs,2023-02-01,291,143.693
abs,2023-03-01,291,161.437
abs,2023-04-01,291,123.194
abs,2023-05-01,291,176.372
abs,2023-06-01,291,138.259
abs,2023-07-01,291,122.571
abs,2023-08-01,291,133.87
abs,2023-09-01,291,125.313
abs,2023-10-01,291,141.817
abs,2023-11-01,291,149.745
abs,2023-12-01,291,143.4
abs,2024-01-01,291,173.828
abs,2024-02-01,291,145.957
abs,2024-03-01,291,140.803
abs,2024-04-01,291,169.686
abs,2024-05-01,291,204.207
abs,2024-06-01,291,120.126
abs,2024-07-01,291,131.815
abs,2024-08-01,291,147.987
abs,2024-09-01,291,98.828
abs,2024-10-01,291,136.468
abs,2024-11-01,291,129.632
abs,2024-12-01,291,136.134
abs,2025-01-01,291,133.701
abs,2025-02-01,291,126.495
abs,2025-03-01,291,114.613
abs,2025-04-01,291,161.36
abs,2025-05-01,291,173.993
abs,2025-06-01,291,125.846
abs,2025-07-01,291,132.655
abs,2025-08-01,291,135.867
abs,2025-09-01,291,107.61
abs,2025-10-01,291,128.352
abs,2025-11-01,291,136.061
abs,2025-12-01,291,146.751
abs,2026-01-01,291,148.296
abs,2026-02-01,291,101.144
abs,2026-03-01,291,94.793
abs,2026-04-01,291,200.45
abs,2026-05-01,291,145.47
abs,2026-06-01,291,163.376
growth_yoy,2016-01-01,291,-19.332
growth_yoy,2016-02-01,291,-17.79
growth_yoy,2016-03-01,291,-23.069
growth_yoy,2016-04-01,291,-33.715
growth_yoy,2016-05-01,291,-27.892
growth_yoy,2016-06-01,291,-14.656
growth_yoy,2016-07-01,291,-14.862
growth_yoy,2016-08-01,291,-22.712
growth_yoy,2016-09-01,291,-17.747
growth_yoy,2016-10-01,291,-20.889
growth_yoy,2016-11-01,291,-24.387
growth_yoy,2016-12-01,291,-14.432
growth_yoy,2017-01-01,291,2.013
growth_yoy,2017-02-01,291,13.532
growth_yoy,2017-03-01,291,0.704
growth_yoy,2017-04-01,291,-6.994
growth_yoy,2017-05-01,291,-1.9
growth_yoy,2017-06-01,291,-18.482
growth_yoy,2017-07-01,291,-3.408
growth_yoy,2017-08-01,291,-1.008
growth_yoy,2017-09-01,291,-6.072
growth_yoy,2017-10-01,291,-9.694
growth_yoy,2017-11-01,291,-7.645
growth_yoy,2017-12-01,291,-12.367
growth_yoy,2018-01-01,291,9.425
growth_yoy,2018-02-01,291,-17.296
growth_yoy,2018-03-01,291,7.087
growth_yoy,2018-04-01,291,7.873
growth_yoy,2018-05-01,291,1.378
growth_yoy,2018-06-01,291,8.934
growth_yoy,2018-07-01,291,26.39
growth_yoy,2018-08-01,291,15.859
growth_yoy,2018-09-01,291,-9.89
growth_yoy,2018-10-01,291,26.982
growth_yoy,2018-11-01,291,35.154
growth_yoy,2018-12-01,291,21.343
growth_yoy,2019-01-01,291,9.626
growth_yoy,2019-02-01,291,8.723
growth_yoy,2019-03-01,291,3.304
growth_yoy,2019-04-01,291,23.408
growth_yoy,2019-05-01,291,30.991
growth_yoy,2019-06-01,291,11.561
growth_yoy,2019-07-01,291,14.205
growth_yoy,2019-08-01,291,14.265
growth_yoy,2019-09-01,291,33.577
growth_yoy,2019-10-01,291,9.428
growth_yoy,2019-11-01,291,10.933
growth_yoy,2019-12-01,291,16.12
growth_yoy,2020-01-01,291,3.061
growth_yoy,2020-02-01,291,8.865
growth_yoy,2020-03-01,291,-16.626
growth_yoy,2020-04-01,291,-97.216
growth_yoy,2020-05-01,291,-63.737
growth_yoy,2020-06-01,291,44.266
growth_yoy,2020-07-01,291,21.249
growth_yoy,2020-08-01,291,24.944
growth_yoy,2020-09-01,291,34.844
growth_yoy,2020-10-01,291,16.811
growth_yoy,2020-11-01,291,26.314
growth_yoy,2020-12-01,291,35.086
growth_yoy,2021-01-01,291,8.527
growth_yoy,2021-02-01,291,20.382
growth_yoy,2021-03-01,291,65.072
growth_yoy,2021-04-01,291,5911.986
growth_yoy,2021-05-01,291,285.387
growth_yoy,2021-06-01,291,-98.551
growth_yoy,2021-07-01,291,-95.117
growth_yoy,2021-08-01,291,-75.469
growth_yoy,2021-09-01,291,-26.589
growth_yoy,2021-10-01,291,7.031
growth_yoy,2021-11-01,291,1.228
growth_yoy,2021-12-01,291,-4.337
growth_yoy,2022-01-01,291,7.711
growth_yoy,2022-02-01,291,12.834
growth_yoy,2022-03-01,291,-3.668
growth_yoy,2022-04-01,291,1.774
growth_yoy,2022-05-01,291,12.253
growth_yoy,2022-06-01,291,8389.471
growth_yoy,2022-07-01,291,1824.664
growth_yoy,2022-08-01,291,345.59
growth_yoy,2022-09-01,291,55.871
growth_yoy,2022-10-01,291,-11.163
growth_yoy,2022-11-01,291,13.235
growth_yoy,2022-12-01,291,15.413
growth_yoy,2023-01-01,291,22.032
growth_yoy,2023-02-01,291,18.417
growth_yoy,2023-03-01,291,25.009
growth_yoy,2023-04-01,291,-26.285
growth_yoy,2023-05-01,291,20.029
growth_yoy,2023-06-01,291,-7.62
growth_yoy,2023-07-01,291,12.313
growth_yoy,2023-08-01,291,2.578
growth_yoy,2023-09-01,291,-0.457
growth_yoy,2023-10-01,291,19.411
growth_yoy,2023-11-01,291,1.42
growth_yoy,2023-12-01,291,-4.933
growth_yoy,2024-01-01,291,13.061
growth_yoy,2024-02-01,291,1.576
growth_yoy,2024-03-01,291,-12.781
growth_yoy,2024-04-01,291,37.739
growth_yoy,2024-05-01,291,15.782
growth_yoy,2024-06-01,291,-13.115
growth_yoy,2024-07-01,291,7.541
growth_yoy,2024-08-01,291,10.545
growth_yoy,2024-09-01,291,-21.135
growth_yoy,2024-10-01,291,-3.772
growth_yoy,2024-11-01,291,-13.431
growth_yoy,2024-12-01,291,-5.067
growth_yoy,2025-01-01,291,-23.084
growth_yoy,2025-02-01,291,-13.334
growth_yoy,2025-03-01,291,-18.601
growth_yoy,2025-04-01,291,-4.906
growth_yoy,2025-05-01,291,-14.796
growth_yoy,2025-06-01,291,4.762
growth_yoy,2025-07-01,291,0.638
growth_yoy,2025-08-01,291,-8.189
growth_yoy,2025-09-01,291,8.886
growth_yoy,2025-10-01,291,-5.948
growth_yoy,2025-11-01,291,4.96
growth_yoy,2025-12-01,291,7.799
growth_yoy,2026-01-01,291,10.916
growth_yoy,2026-02-01,291,-20.041
growth_yoy,2026-03-01,291,-17.292
growth_yoy,2026-04-01,291,24.225
growth_yoy,2026-05-01,291,-16.393
growth_yoy,2026-06-01,291,29.822
growth_mom,2015-02-01,291,-7.704
growth_mom,2015-03-01,291,16.237
growth_mom,2015-04-01,291,5.199
growth_mom,2015-05-01,291,-16.603
growth_mom,2015-06-01,291,0.051
growth_mom,2015-07-01,291,-19.13
growth_mom,2015-08-01,291,16.936
growth_mom,2015-09-01,291,-7.001
growth_mom,2015-10-01,291,22.772
growth_mom,2015-11-01,291,-9.578
growth_mom,2015-12-01,291,-1.721
growth_mom,2016-01-01,291,-10.722
growth_mom,2016-02-01,291,-5.939
growth_mom,2016-03-01,291,8.773
growth_mom,2016-04-01,291,-9.358
growth_mom,2016-05-01,291,-9.278
growth_mom,2016-06-01,291,18.416
growth_mom,2016-07-01,291,-19.325
growth_mom,2016-08-01,291,6.155
growth_mom,2016-09-01,291,-1.027
growth_mom,2016-10-01,291,18.082
growth_mom,2016-11-01,291,-13.576
growth_mom,2016-12-01,291,11.219
growth_mom,2017-01-01,291,6.436
growth_mom,2017-02-01,291,4.682
growth_mom,2017-03-01,291,-3.517
growth_mom,2017-04-01,291,-16.288
growth_mom,2017-05-01,291,-4.308
growth_mom,2017-06-01,291,-1.6
growth_mom,2017-07-01,291,-4.408
growth_mom,2017-08-01,291,8.794
growth_mom,2017-09-01,291,-6.091
growth_mom,2017-10-01,291,13.529
growth_mom,2017-11-01,291,-11.616
growth_mom,2017-12-01,291,5.532
growth_mom,2018-01-01,291,32.903
growth_mom,2018-02-01,291,-20.88
growth_mom,2018-03-01,291,24.927
growth_mom,2018-04-01,291,-15.673
growth_mom,2018-05-01,291,-10.069
growth_mom,2018-06-01,291,5.734
growth_mom,2018-07-01,291,10.91
growth_mom,2018-08-01,291,-0.271
growth_mom,2018-09-01,291,-26.962
growth_mom,2018-10-01,291,59.983
growth_mom,2018-11-01,291,-5.928
growth_mom,2018-12-01,291,-5.252
growth_mom,2019-01-01,291,20.07
growth_mom,2019-02-01,291,-21.532
growth_mom,2019-03-01,291,18.7
growth_mom,2019-04-01,291,0.738
growth_mom,2019-05-01,291,-4.543
growth_mom,2019-06-01,291,-9.95
growth_mom,2019-07-01,291,13.539
growth_mom,2019-08-01,291,-0.219
growth_mom,2019-09-01,291,-14.618
growth_mom,2019-10-01,291,31.06
growth_mom,2019-11-01,291,-4.634
growth_mom,2019-12-01,291,-0.822
growth_mom,2020-01-01,291,6.567
growth_mom,2020-02-01,291,-17.113
growth_mom,2020-03-01,291,-9.093
growth_mom,2020-04-01,291,-96.637
growth_mom,2020-05-01,291,1143.575
growth_mom,2020-06-01,291,258.249
growth_mom,2020-07-01,291,-4.576
growth_mom,2020-08-01,291,2.822
growth_mom,2020-09-01,291,-7.852
growth_mom,2020-10-01,291,13.533
growth_mom,2020-11-01,291,3.125
growth_mom,2020-12-01,291,6.066
growth_mom,2021-01-01,291,-14.385
growth_mom,2021-02-01,291,-8.059
growth_mom,2021-03-01,291,24.655
growth_mom,2021-04-01,291,22.491
growth_mom,2021-05-01,291,-20.283
growth_mom,2021-06-01,291,-98.653
growth_mom,2021-07-01,291,221.639
growth_mom,2021-08-01,291,416.526
growth_mom,2021-09-01,291,175.758
growth_mom,2021-10-01,291,65.527
growth_mom,2021-11-01,291,-2.466
growth_mom,2021-12-01,291,0.234
growth_mom,2022-01-01,291,-3.602
growth_mom,2022-02-01,291,-3.686
growth_mom,2022-03-01,291,6.424
growth_mom,2022-04-01,291,29.412
growth_mom,2022-05-01,291,-12.075
growth_mom,2022-06-01,291,1.852
growth_mom,2022-07-01,291,-27.081
growth_mom,2022-08-01,291,19.584
growth_mom,2022-09-01,291,-3.537
growth_mom,2022-10-01,291,-5.66
growth_mom,2022-11-01,291,24.321
growth_mom,2022-12-01,291,2.162
growth_mom,2023-01-01,291,1.926
growth_mom,2023-02-01,291,-6.54
growth_mom,2023-03-01,291,12.349
growth_mom,2023-04-01,291,-23.689
growth_mom,2023-05-01,291,43.167
growth_mom,2023-06-01,291,-21.61
growth_mom,2023-07-01,291,-11.347
growth_mom,2023-08-01,291,9.218
growth_mom,2023-09-01,291,-6.392
growth_mom,2023-10-01,291,13.17
growth_mom,2023-11-01,291,5.59
growth_mom,2023-12-01,291,-4.237
growth_mom,2024-01-01,291,21.219
growth_mom,2024-02-01,291,-16.034
growth_mom,2024-03-01,291,-3.531
growth_mom,2024-04-01,291,20.512
growth_mom,2024-05-01,291,20.344
growth_mom,2024-06-01,291,-41.175
growth_mom,2024-07-01,291,9.731
growth_mom,2024-08-01,291,12.269
growth_mom,2024-09-01,291,-33.218
growth_mom,2024-10-01,291,38.087
growth_mom,2024-11-01,291,-5.01
growth_mom,2024-12-01,291,5.016
growth_mom,2025-01-01,291,-1.788
growth_mom,2025-02-01,291,-5.39
growth_mom,2025-03-01,291,-9.393
growth_mom,2025-04-01,291,40.788
growth_mom,2025-05-01,291,7.829
growth_mom,2025-06-01,291,-27.672
growth_mom,2025-07-01,291,5.411
growth_mom,2025-08-01,291,2.421
growth_mom,2025-09-01,291,-20.798
growth_mom,2025-10-01,291,19.275
growth_mom,2025-11-01,291,6.007
growth_mom,2025-12-01,291,7.857
growth_mom,2026-01-01,291,1.053
growth_mom,2026-02-01,291,-31.796
growth_mom,2026-03-01,291,-6.278
growth_mom,2026-04-01,291,111.459
growth_mom,2026-05-01,291,-27.428
growth_mom,2026-06-01,291,12.308
abs,2015-01-01,292,94.665
abs,2015-02-01,292,96.088
abs,2015-03-01,292,101.007
abs,2015-04-01,292,77.143
abs,2015-05-01,292,98.189
abs,2015-06-01,292,112.548
abs,2015-07-01,292,133.031
abs,2015-08-01,292,115.572
abs,2015-09-01,292,79.819
abs,2015-10-01,292,78.164
abs,2015-11-01,292,94.933
abs,2015-12-01,292,118.839
abs,2016-01-01,292,76.365
abs,2016-02-01,292,78.994
abs,2016-03-01,292,77.707
abs,2016-04-01,292,51.134
abs,2016-05-01,292,70.802
abs,2016-06-01,292,96.053
abs,2016-07-01,292,113.259
abs,2016-08-01,292,89.325
abs,2016-09-01,292,65.653
abs,2016-10-01,292,61.836
abs,2016-11-01,292,71.781
abs,2016-12-01,292,101.689
abs,2017-01-01,292,77.902
abs,2017-02-01,292,89.684
abs,2017-03-01,292,78.253
abs,2017-04-01,292,47.558
abs,2017-05-01,292,69.457
abs,2017-06-01,292,78.3
abs,2017-07-01,292,109.4
abs,2017-08-01,292,88.424
abs,2017-09-01,292,61.667
abs,2017-10-01,292,55.842
abs,2017-11-01,292,66.293
abs,2017-12-01,292,89.112
abs,2018-01-01,292,81.947
abs,2018-02-01,292,81.144
abs,2018-03-01,292,85.491
abs,2018-04-01,292,61.701
abs,2018-05-01,292,64.444
abs,2018-06-01,292,77.965
abs,2018-07-01,292,75.977
abs,2018-08-01,292,71.661
abs,2018-09-01,292,76.132
abs,2018-10-01,292,73.798
abs,2018-11-01,292,67.359
abs,2018-12-01,292,89.762
abs,2019-01-01,292,78.288
abs,2019-02-01,292,81.619
abs,2019-03-01,292,85.227
abs,2019-04-01,292,67.501
abs,2019-05-01,292,78.202
abs,2019-06-01,292,63.291
abs,2019-07-01,292,71.082
abs,2019-08-01,292,73.258
abs,2019-09-01,292,67.363
abs,2019-10-01,292,57.516
abs,2019-11-01,292,60.674
abs,2019-12-01,292,76.017
abs,2020-01-01,292,80.735
abs,2020-02-01,292,80.282
abs,2020-03-01,292,60.029
abs,2020-04-01,292,12.726
abs,2020-05-01,292,57.463
abs,2020-06-01,292,53.548
abs,2020-07-01,292,77.048
abs,2020-08-01,292,65.489
abs,2020-09-01,292,64.941
abs,2020-10-01,292,51.27
abs,2020-11-01,292,55.363
abs,2020-12-01,292,55.888
abs,2021-01-01,292,52.514
abs,2021-02-01,292,56.964
abs,2021-03-01,292,55.166
abs,2021-04-01,292,48.058
abs,2021-05-01,292,52.726
abs,2021-06-01,292,48.823
abs,2021-07-01,292,39.931
abs,2021-08-01,292,45.421
abs,2021-09-01,292,125.822
abs,2021-10-01,292,88.904
abs,2021-11-01,292,76.525
abs,2021-12-01,292,70.215
abs,2022-01-01,292,58.713
abs,2022-02-01,292,57.533
abs,2022-03-01,292,66.284
abs,2022-04-01,292,58.184
abs,2022-05-01,292,62.957
abs,2022-06-01,292,67.308
abs,2022-07-01,292,65.254
abs,2022-08-01,292,67.78
abs,2022-09-01,292,67.48
abs,2022-10-01,292,72.403
abs,2022-11-01,292,70.306
abs,2022-12-01,292,81.508
abs,2023-01-01,292,70.201
abs,2023-02-01,292,66.82
abs,2023-03-01,292,67.831
abs,2023-04-01,292,58.436
abs,2023-05-01,292,61.322
abs,2023-06-01,292,60.092
abs,2023-07-01,292,74.025
abs,2023-08-01,292,73.247
abs,2023-09-01,292,79.296
abs,2023-10-01,292,89.35
abs,2023-11-01,292,82.044
abs,2023-12-01,292,75.379
abs,2024-01-01,292,72.959
abs,2024-02-01,292,77.935
abs,2024-03-01,292,73.841
abs,2024-04-01,292,57.28
abs,2024-05-01,292,57.624
abs,2024-06-01,292,55.055
abs,2024-07-01,292,75.559
abs,2024-08-01,292,69.913
abs,2024-09-01,292,81.234
abs,2024-10-01,292,81.164
abs,2024-11-01,292,77.098
abs,2024-12-01,292,50.422
abs,2025-01-01,292,61.962
abs,2025-02-01,292,60.694
abs,2025-03-01,292,57.773
abs,2025-04-01,292,45.085
abs,2025-05-01,292,44.81
abs,2025-06-01,292,43.11
abs,2025-07-01,292,59.914
abs,2025-08-01,292,70.204
abs,2025-09-01,292,84.84
abs,2025-10-01,292,81.081
abs,2025-11-01,292,75.744
abs,2025-12-01,292,52.326
abs,2026-01-01,292,57.826
abs,2026-02-01,292,62.5
abs,2026-03-01,292,55.642
abs,2026-04-01,292,49.367
abs,2026-05-01,292,47.336
abs,2026-06-01,292,48.14
growth_yoy,2016-01-01,292,-19.332
growth_yoy,2016-02-01,292,-17.79
growth_yoy,2016-03-01,292,-23.068
growth_yoy,2016-04-01,292,-33.715
growth_yoy,2016-05-01,292,-27.892
growth_yoy,2016-06-01,292,-14.656
growth_yoy,2016-07-01,292,-14.863
growth_yoy,2016-08-01,292,-22.711
growth_yoy,2016-09-01,292,-17.748
growth_yoy,2016-10-01,292,-20.89
growth_yoy,2016-11-01,292,-24.388
growth_yoy,2016-12-01,292,-14.431
growth_yoy,2017-01-01,292,2.013
growth_yoy,2017-02-01,292,13.533
growth_yoy,2017-03-01,292,0.703
growth_yoy,2017-04-01,292,-6.993
growth_yoy,2017-05-01,292,-1.9
growth_yoy,2017-06-01,292,-18.483
growth_yoy,2017-07-01,292,-3.407
growth_yoy,2017-08-01,292,-1.008
growth_yoy,2017-09-01,292,-6.071
growth_yoy,2017-10-01,292,-9.693
growth_yoy,2017-11-01,292,-7.645
growth_yoy,2017-12-01,292,-12.368
growth_yoy,2018-01-01,292,5.192
growth_yoy,2018-02-01,292,-9.522
growth_yoy,2018-03-01,292,9.249
growth_yoy,2018-04-01,292,29.739
growth_yoy,2018-05-01,292,-7.217
growth_yoy,2018-06-01,292,-0.427
growth_yoy,2018-07-01,292,-30.551
growth_yoy,2018-08-01,292,-18.957
growth_yoy,2018-09-01,292,23.457
growth_yoy,2018-10-01,292,32.154
growth_yoy,2018-11-01,292,1.608
growth_yoy,2018-12-01,292,0.729
growth_yoy,2019-01-01,292,-4.465
growth_yoy,2019-02-01,292,0.585
growth_yoy,2019-03-01,292,-0.309
growth_yoy,2019-04-01,292,9.399
growth_yoy,2019-05-01,292,21.348
growth_yoy,2019-06-01,292,-18.821
growth_yoy,2019-07-01,292,-6.443
growth_yoy,2019-08-01,292,2.228
growth_yoy,2019-09-01,292,-11.519
growth_yoy,2019-10-01,292,-22.062
growth_yoy,2019-11-01,292,-9.924
growth_yoy,2019-12-01,292,-15.313
growth_yoy,2020-01-01,292,3.125
growth_yoy,2020-02-01,292,-1.638
growth_yoy,2020-03-01,292,-29.566
growth_yoy,2020-04-01,292,-81.147
growth_yoy,2020-05-01,292,-26.519
growth_yoy,2020-06-01,292,-15.394
growth_yoy,2020-07-01,292,8.393
growth_yoy,2020-08-01,292,-10.605
growth_yoy,2020-09-01,292,-3.595
growth_yoy,2020-10-01,292,-10.859
growth_yoy,2020-11-01,292,-8.754
growth_yoy,2020-12-01,292,-26.479
growth_yoy,2021-01-01,292,-34.955
growth_yoy,2021-02-01,292,-29.045
growth_yoy,2021-03-01,292,-8.101
growth_yoy,2021-04-01,292,277.648
growth_yoy,2021-05-01,292,-8.243
growth_yoy,2021-06-01,292,-8.824
growth_yoy,2021-07-01,292,-48.174
growth_yoy,2021-08-01,292,-30.643
growth_yoy,2021-09-01,292,93.749
growth_yoy,2021-10-01,292,73.403
growth_yoy,2021-11-01,292,38.223
growth_yoy,2021-12-01,292,25.635
growth_yoy,2022-01-01,292,11.803
growth_yoy,2022-02-01,292,1.0
growth_yoy,2022-03-01,292,20.155
growth_yoy,2022-04-01,292,21.069
growth_yoy,2022-05-01,292,19.403
growth_yoy,2022-06-01,292,37.861
growth_yoy,2022-07-01,292,63.416
growth_yoy,2022-08-01,292,49.225
growth_yoy,2022-09-01,292,-46.368
growth_yoy,2022-10-01,292,-18.561
growth_yoy,2022-11-01,292,-8.126
growth_yoy,2022-12-01,292,16.083
growth_yoy,2023-01-01,292,19.566
growth_yoy,2023-02-01,292,16.142
growth_yoy,2023-03-01,292,2.333
growth_yoy,2023-04-01,292,0.433
growth_yoy,2023-05-01,292,-2.596
growth_yoy,2023-06-01,292,-10.721
growth_yoy,2023-07-01,292,13.442
growth_yoy,2023-08-01,292,8.066
growth_yoy,2023-09-01,292,17.509
growth_yoy,2023-10-01,292,23.407
growth_yoy,2023-11-01,292,16.695
growth_yoy,2023-12-01,292,-7.519
growth_yoy,2024-01-01,292,3.929
growth_yoy,2024-02-01,292,16.634
growth_yoy,2024-03-01,292,8.861
growth_yoy,2024-04-01,292,-1.978
growth_yoy,2024-05-01,292,-6.031
growth_yoy,2024-06-01,292,-8.383
growth_yoy,2024-07-01,292,2.073
growth_yoy,2024-08-01,292,-4.552
growth_yoy,2024-09-01,292,2.444
growth_yoy,2024-10-01,292,-9.161
growth_yoy,2024-11-01,292,-6.028
growth_yoy,2024-12-01,292,-33.109
growth_yoy,2025-01-01,292,-15.073
growth_yoy,2025-02-01,292,-22.122
growth_yoy,2025-03-01,292,-21.76
growth_yoy,2025-04-01,292,-21.289
growth_yoy,2025-05-01,292,-22.237
growth_yoy,2025-06-01,292,-21.696
growth_yoy,2025-07-01,292,-20.706
growth_yoy,2025-08-01,292,0.415
growth_yoy,2025-09-01,292,4.439
growth_yoy,2025-10-01,292,-0.103
growth_yoy,2025-11-01,292,-1.756
growth_yoy,2025-12-01,292,3.776
growth_yoy,2026-01-01,292,-6.675
growth_yoy,2026-02-01,292,2.974
growth_yoy,2026-03-01,292,-3.689
growth_yoy,2026-04-01,292,9.498
growth_yoy,2026-05-01,292,5.636
growth_yoy,2026-06-01,292,11.668
growth_mom,2015-02-01,292,1.503
growth_mom,2015-03-01,292,5.119
growth_mom,2015-04-01,292,-23.627
growth_mom,2015-05-01,292,27.283
growth_mom,2015-06-01,292,14.623
growth_mom,2015-07-01,292,18.2
growth_mom,2015-08-01,292,-13.124
growth_mom,2015-09-01,292,-30.936
growth_mom,2015-10-01,292,-2.073
growth_mom,2015-11-01,292,21.453
growth_mom,2015-12-01,292,25.182
growth_mom,2016-01-01,292,-35.741
growth_mom,2016-02-01,292,3.443
growth_mom,2016-03-01,292,-1.629
growth_mom,2016-04-01,292,-34.196
growth_mom,2016-05-01,292,38.464
growth_mom,2016-06-01,292,35.664
growth_mom,2016-07-01,292,17.913
growth_mom,2016-08-01,292,-21.132
growth_mom,2016-09-01,292,-26.501
growth_mom,2016-10-01,292,-5.814
growth_mom,2016-11-01,292,16.083
growth_mom,2016-12-01,292,41.666
growth_mom,2017-01-01,292,-23.392
growth_mom,2017-02-01,292,15.124
growth_mom,2017-03-01,292,-12.746
growth_mom,2017-04-01,292,-39.225
growth_mom,2017-05-01,292,46.047
growth_mom,2017-06-01,292,12.732
growth_mom,2017-07-01,292,39.719
growth_mom,2017-08-01,292,-19.174
growth_mom,2017-09-01,292,-30.26
growth_mom,2017-10-01,292,-9.446
growth_mom,2017-11-01,292,18.716
growth_mom,2017-12-01,292,34.421
growth_mom,2018-01-01,292,-8.041
growth_mom,2018-02-01,292,-0.979
growth_mom,2018-03-01,292,5.357
growth_mom,2018-04-01,292,-27.827
growth_mom,2018-05-01,292,4.446
growth_mom,2018-06-01,292,20.981
growth_mom,2018-07-01,292,-2.55
growth_mom,2018-08-01,292,-5.681
growth_mom,2018-09-01,292,6.239
growth_mom,2018-10-01,292,-3.067
growth_mom,2018-11-01,292,-8.724
growth_mom,2018-12-01,292,33.258
growth_mom,2019-01-01,292,-12.782
growth_mom,2019-02-01,292,4.255
growth_mom,2019-03-01,292,4.42
growth_mom,2019-04-01,292,-20.799
growth_mom,2019-05-01,292,15.853
growth_mom,2019-06-01,292,-19.066
growth_mom,2019-07-01,292,12.309
growth_mom,2019-08-01,292,3.061
growth_mom,2019-09-01,292,-8.047
growth_mom,2019-10-01,292,-14.617
growth_mom,2019-11-01,292,5.491
growth_mom,2019-12-01,292,25.286
growth_mom,2020-01-01,292,6.207
growth_mom,2020-02-01,292,-0.561
growth_mom,2020-03-01,292,-25.227
growth_mom,2020-04-01,292,-78.801
growth_mom,2020-05-01,292,351.553
growth_mom,2020-06-01,292,-6.813
growth_mom,2020-07-01,292,43.884
growth_mom,2020-08-01,292,-15.002
growth_mom,2020-09-01,292,-0.837
growth_mom,2020-10-01,292,-21.05
growth_mom,2020-11-01,292,7.982
growth_mom,2020-12-01,292,0.949
growth_mom,2021-01-01,292,-6.038
growth_mom,2021-02-01,292,8.473
growth_mom,2021-03-01,292,-3.156
growth_mom,2021-04-01,292,-12.884
growth_mom,2021-05-01,292,9.713
growth_mom,2021-06-01,292,-7.403
growth_mom,2021-07-01,292,-18.213
growth_mom,2021-08-01,292,13.75
growth_mom,2021-09-01,292,177.011
growth_mom,2021-10-01,292,-29.341
growth_mom,2021-11-01,292,-13.925
growth_mom,2021-12-01,292,-8.245
growth_mom,2022-01-01,292,-16.382
growth_mom,2022-02-01,292,-2.009
growth_mom,2022-03-01,292,15.21
growth_mom,2022-04-01,292,-12.221
growth_mom,2022-05-01,292,8.203
growth_mom,2022-06-01,292,6.912
growth_mom,2022-07-01,292,-3.053
growth_mom,2022-08-01,292,3.872
growth_mom,2022-09-01,292,-0.442
growth_mom,2022-10-01,292,7.294
growth_mom,2022-11-01,292,-2.896
growth_mom,2022-12-01,292,15.933
growth_mom,2023-01-01,292,-13.873
growth_mom,2023-02-01,292,-4.815
growth_mom,2023-03-01,292,1.512
growth_mom,2023-04-01,292,-13.851
growth_mom,2023-05-01,292,4.94
growth_mom,2023-06-01,292,-2.006
growth_mom,2023-07-01,292,23.185
growth_mom,2023-08-01,292,-1.051
growth_mom,2023-09-01,292,8.258
growth_mom,2023-10-01,292,12.679
growth_mom,2023-11-01,292,-8.177
growth_mom,2023-12-01,292,-8.123
growth_mom,2024-01-01,292,-3.211
growth_mom,2024-02-01,292,6.821
growth_mom,2024-03-01,292,-5.253
growth_mom,2024-04-01,292,-22.428
growth_mom,2024-05-01,292,0.601
growth_mom,2024-06-01,292,-4.458
growth_mom,2024-07-01,292,37.244
growth_mom,2024-08-01,292,-7.472
growth_mom,2024-09-01,292,16.192
growth_mom,2024-10-01,292,-0.085
growth_mom,2024-11-01,292,-5.01
growth_mom,2024-12-01,292,-34.6
growth_mom,2025-01-01,292,22.885
growth_mom,2025-02-01,292,-2.045
growth_mom,2025-03-01,292,-4.813
growth_mom,2025-04-01,292,-21.961
growth_mom,2025-05-01,292,-0.61
growth_mom,2025-06-01,292,-3.794
growth_mom,2025-07-01,292,38.979
growth_mom,2025-08-01,292,17.174
growth_mom,2025-09-01,292,20.848
growth_mom,2025-10-01,292,-4.431
growth_mom,2025-11-01,292,-6.582
growth_mom,2025-12-01,292,-30.917
growth_mom,2026-01-01,292,10.51
growth_mom,2026-02-01,292,8.082
growth_mom,2026-03-01,292,-10.972
growth_mom,2026-04-01,292,-11.277
growth_mom,2026-05-01,292,-4.115
growth_mom,2026-06-01,292,1.699
abs,2015-01-01,293,108.606
abs,2015-02-01,293,98.791
abs,2015-03-01,293,95.903
abs,2015-04-01,293,101.55
abs,2015-05-01,293,96.751
abs,2015-06-01,293,107.913
abs,2015-07-01,293,101.731
abs,2015-08-01,293,104.496
abs,2015-09-01,293,98.51
abs,2015-10-01,293,97.749
abs,2015-11-01,293,90.331
abs,2015-12-01,293,97.668
abs,2016-01-01,293,128.875
abs,2016-02-01,293,115.037
abs,2016-03-01,293,112.821
abs,2016-04-01,293,116.232
abs,2016-05-01,293,108.188
abs,2016-06-01,293,119.986
abs,2016-07-01,293,103.119
abs,2016-08-01,293,118.71
abs,2016-09-01,293,111.098
abs,2016-10-01,293,118.788
abs,2016-11-01,293,118.394
abs,2016-12-01,293,118.534
abs,2017-01-01,293,159.978
abs,2017-02-01,293,135.506
abs,2017-03-01,293,133.692
abs,2017-04-01,293,128.786
abs,2017-05-01,293,122.869
abs,2017-06-01,293,122.21
abs,2017-07-01,293,115.368
abs,2017-08-01,293,129.42
abs,2017-09-01,293,123.246
abs,2017-10-01,293,128.488
abs,2017-11-01,293,133.976
abs,2017-12-01,293,129.982
abs,2018-01-01,293,154.961
abs,2018-02-01,293,136.787
abs,2018-03-01,293,142.639
abs,2018-04-01,293,142.549
abs,2018-05-01,293,133.423
abs,2018-06-01,293,128.344
abs,2018-07-01,293,137.509
abs,2018-08-01,293,136.609
abs,2018-09-01,293,133.697
abs,2018-10-01,293,126.789
abs,2018-11-01,293,125.708
abs,2018-12-01,293,131.772
abs,2019-01-01,293,162.275
abs,2019-02-01,293,145.898
abs,2019-03-01,293,156.378
abs,2019-04-01,293,143.219
abs,2019-05-01,293,127.12
abs,2019-06-01,293,136.741
abs,2019-07-01,293,141.857
abs,2019-08-01,293,141.609
abs,2019-09-01,293,127.844
abs,2019-10-01,293,128.662
abs,2019-11-01,293,123.356
abs,2019-12-01,293,127.422
abs,2020-01-01,293,157.3
abs,2020-02-01,293,150.226
abs,2020-03-01,293,151.818
abs,2020-04-01,293,74.581
abs,2020-05-01,293,102.923
abs,2020-06-01,293,141.904
abs,2020-07-01,293,148.124
abs,2020-08-01,293,144.32
abs,2020-09-01,293,125.565
abs,2020-10-01,293,128.695
abs,2020-11-01,293,127.498
abs,2020-12-01,293,131.913
abs,2021-01-01,293,152.54
abs,2021-02-01,293,149.421
abs,2021-03-01,293,174.358
abs,2021-04-01,293,144.509
abs,2021-05-01,293,130.813
abs,2021-06-01,293,118.078
abs,2021-07-01,293,118.168
abs,2021-08-01,293,118.228
abs,2021-09-01,293,110.751
abs,2021-10-01,293,130.044
abs,2021-11-01,293,134.253
abs,2021-12-01,293,132.96
abs,2022-01-01,293,156.262
abs,2022-02-01,293,160.862
abs,2022-03-01,293,177.606
abs,2022-04-01,293,157.786
abs,2022-05-01,293,152.876
abs,2022-06-01,293,165.091
abs,2022-07-01,293,161.041
abs,2022-08-01,293,164.977
abs,2022-09-01,293,137.908
abs,2022-10-01,293,132.036
abs,2022-11-01,293,141.931
abs,2022-12-01,293,142.792
abs,2023-01-01,293,160.458
abs,2023-02-01,293,163.203
abs,2023-03-01,293,172.376
abs,2023-04-01,293,153.687
abs,2023-05-01,293,171.52
abs,2023-06-01,293,178.242
abs,2023-07-01,293,179.482
abs,2023-08-01,293,172.943
abs,2023-09-01,293,145.37
abs,2023-10-01,293,133.196
abs,2023-11-01,293,139.983
abs,2023-12-01,293,143.737
abs,2024-01-01,293,178.577
abs,2024-02-01,293,169.529
abs,2024-03-01,293,159.469
abs,2024-04-01,293,160.278
abs,2024-05-01,293,178.534
abs,2024-06-01,293,162.838
abs,2024-07-01,293,181.44
abs,2024-08-01,293,182.339
abs,2024-09-01,293,132.026
abs,2024-10-01,293,129.669
abs,2024-11-01,293,128.932
abs,2024-12-01,293,132.025
abs,2025-01-01,293,159.498
abs,2025-02-01,293,162.397
abs,2025-03-01,293,155.509
abs,2025-04-01,293,156.663
abs,2025-05-01,293,172.213
abs,2025-06-01,293,167.341
abs,2025-07-01,293,184.88
abs,2025-08-01,293,178.216
abs,2025-09-01,293,133.027
abs,2025-10-01,293,129.481
abs,2025-11-01,293,125.038
abs,2025-12-01,293,124.811
abs,2026-01-01,293,152.009
abs,2026-02-01,293,159.055
abs,2026-03-01,293,150.023
abs,2026-04-01,293,157.798
abs,2026-05-01,293,166.239
abs,2026-06-01,293,162.967
growth_yoy,2016-01-01,293,18.664
growth_yoy,2016-02-01,293,16.445
growth_yoy,2016-03-01,293,17.641
growth_yoy,2016-04-01,293,14.458
growth_yoy,2016-05-01,293,11.821
growth_yoy,2016-06-01,293,11.188
growth_yoy,2016-07-01,293,1.364
growth_yoy,2016-08-01,293,13.602
growth_yoy,2016-09-01,293,12.778
growth_yoy,2016-10-01,293,21.524
growth_yoy,2016-11-01,293,31.067
growth_yoy,2016-12-01,293,21.365
growth_yoy,2017-01-01,293,24.134
growth_yoy,2017-02-01,293,17.793
growth_yoy,2017-03-01,293,18.499
growth_yoy,2017-04-01,293,10.801
growth_yoy,2017-05-01,293,13.57
growth_yoy,2017-06-01,293,1.854
growth_yoy,2017-07-01,293,11.879
growth_yoy,2017-08-01,293,9.022
growth_yoy,2017-09-01,293,10.934
growth_yoy,2017-10-01,293,8.166
growth_yoy,2017-11-01,293,13.161
growth_yoy,2017-12-01,293,9.658
growth_yoy,2018-01-01,293,-3.136
growth_yoy,2018-02-01,293,0.946
growth_yoy,2018-03-01,293,6.692
growth_yoy,2018-04-01,293,10.686
growth_yoy,2018-05-01,293,8.589
growth_yoy,2018-06-01,293,5.019
growth_yoy,2018-07-01,293,19.191
growth_yoy,2018-08-01,293,5.554
growth_yoy,2018-09-01,293,8.48
growth_yoy,2018-10-01,293,-1.322
growth_yoy,2018-11-01,293,-6.171
growth_yoy,2018-12-01,293,1.377
growth_yoy,2019-01-01,293,4.72
growth_yoy,2019-02-01,293,6.661
growth_yoy,2019-03-01,293,9.632
growth_yoy,2019-04-01,293,0.471
growth_yoy,2019-05-01,293,-4.724
growth_yoy,2019-06-01,293,6.543
growth_yoy,2019-07-01,293,3.162
growth_yoy,2019-08-01,293,3.66
growth_yoy,2019-09-01,293,-4.378
growth_yoy,2019-10-01,293,1.477
growth_yoy,2019-11-01,293,-1.871
growth_yoy,2019-12-01,293,-3.301
growth_yoy,2020-01-01,293,-3.066
growth_yoy,2020-02-01,293,2.967
growth_yoy,2020-03-01,293,-2.916
growth_yoy,2020-04-01,293,-47.925
growth_yoy,2020-05-01,293,-19.035
growth_yoy,2020-06-01,293,3.775
growth_yoy,2020-07-01,293,4.418
growth_yoy,2020-08-01,293,1.915
growth_yoy,2020-09-01,293,-1.783
growth_yoy,2020-10-01,293,0.026
growth_yoy,2020-11-01,293,3.357
growth_yoy,2020-12-01,293,3.524
growth_yoy,2021-01-01,293,-3.026
growth_yoy,2021-02-01,293,-0.536
growth_yoy,2021-03-01,293,14.847
growth_yoy,2021-04-01,293,93.761
growth_yoy,2021-05-01,293,27.098
growth_yoy,2021-06-01,293,-16.79
growth_yoy,2021-07-01,293,-20.224
growth_yoy,2021-08-01,293,-18.079
growth_yoy,2021-09-01,293,-11.798
growth_yoy,2021-10-01,293,1.048
growth_yoy,2021-11-01,293,5.299
growth_yoy,2021-12-01,293,0.794
growth_yoy,2022-01-01,293,2.44
growth_yoy,2022-02-01,293,7.657
growth_yoy,2022-03-01,293,1.863
growth_yoy,2022-04-01,293,9.188
growth_yoy,2022-05-01,293,16.866
growth_yoy,2022-06-01,293,39.815
growth_yoy,2022-07-01,293,36.281
growth_yoy,2022-08-01,293,39.541
growth_yoy,2022-09-01,293,24.521
growth_yoy,2022-10-01,293,1.532
growth_yoy,2022-11-01,293,5.718
growth_yoy,2022-12-01,293,7.394
growth_yoy,2023-01-01,293,2.685
growth_yoy,2023-02-01,293,1.455
growth_yoy,2023-03-01,293,-2.945
growth_yoy,2023-04-01,293,-2.598
growth_yoy,2023-05-01,293,12.195
growth_yoy,2023-06-01,293,7.966
growth_yoy,2023-07-01,293,11.451
growth_yoy,2023-08-01,293,4.829
growth_yoy,2023-09-01,293,5.411
growth_yoy,2023-10-01,293,0.879
growth_yoy,2023-11-01,293,-1.372
growth_yoy,2023-12-01,293,0.662
growth_yoy,2024-01-01,293,11.292
growth_yoy,2024-02-01,293,3.876
growth_yoy,2024-03-01,293,-7.488
growth_yoy,2024-04-01,293,4.288
growth_yoy,2024-05-01,293,4.089
growth_yoy,2024-06-01,293,-8.642
growth_yoy,2024-07-01,293,1.091
growth_yoy,2024-08-01,293,5.433
growth_yoy,2024-09-01,293,-9.18
growth_yoy,2024-10-01,293,-2.648
growth_yoy,2024-11-01,293,-7.894
growth_yoy,2024-12-01,293,-8.148
growth_yoy,2025-01-01,293,-10.684
growth_yoy,2025-02-01,293,-4.207
growth_yoy,2025-03-01,293,-2.483
growth_yoy,2025-04-01,293,-2.255
growth_yoy,2025-05-01,293,-3.54
growth_yoy,2025-06-01,293,2.765
growth_yoy,2025-07-01,293,1.896
growth_yoy,2025-08-01,293,-2.261
growth_yoy,2025-09-01,293,0.759
growth_yoy,2025-10-01,293,-0.145
growth_yoy,2025-11-01,293,-3.02
growth_yoy,2025-12-01,293,-5.464
growth_yoy,2026-01-01,293,-4.696
growth_yoy,2026-02-01,293,-2.058
growth_yoy,2026-03-01,293,-3.528
growth_yoy,2026-04-01,293,0.724
growth_yoy,2026-05-01,293,-3.469
growth_yoy,2026-06-01,293,-2.614
growth_mom,2015-02-01,293,-9.037
growth_mom,2015-03-01,293,-2.924
growth_mom,2015-04-01,293,5.889
growth_mom,2015-05-01,293,-4.726
growth_mom,2015-06-01,293,11.537
growth_mom,2015-07-01,293,-5.728
growth_mom,2015-08-01,293,2.718
growth_mom,2015-09-01,293,-5.728
growth_mom,2015-10-01,293,-0.773
growth_mom,2015-11-01,293,-7.589
growth_mom,2015-12-01,293,8.122
growth_mom,2016-01-01,293,31.953
growth_mom,2016-02-01,293,-10.738
growth_mom,2016-03-01,293,-1.926
growth_mom,2016-04-01,293,3.023
growth_mom,2016-05-01,293,-6.921
growth_mom,2016-06-01,293,10.905
growth_mom,2016-07-01,293,-14.057
growth_mom,2016-08-01,293,15.119
growth_mom,2016-09-01,293,-6.412
growth_mom,2016-10-01,293,6.922
growth_mom,2016-11-01,293,-0.332
growth_mom,2016-12-01,293,0.118
growth_mom,2017-01-01,293,34.964
growth_mom,2017-02-01,293,-15.297
growth_mom,2017-03-01,293,-1.339
growth_mom,2017-04-01,293,-3.67
growth_mom,2017-05-01,293,-4.594
growth_mom,2017-06-01,293,-0.536
growth_mom,2017-07-01,293,-5.599
growth_mom,2017-08-01,293,12.18
growth_mom,2017-09-01,293,-4.771
growth_mom,2017-10-01,293,4.253
growth_mom,2017-11-01,293,4.272
growth_mom,2017-12-01,293,-2.981
growth_mom,2018-01-01,293,19.217
growth_mom,2018-02-01,293,-11.728
growth_mom,2018-03-01,293,4.278
growth_mom,2018-04-01,293,-0.063
growth_mom,2018-05-01,293,-6.402
growth_mom,2018-06-01,293,-3.806
growth_mom,2018-07-01,293,7.141
growth_mom,2018-08-01,293,-0.655
growth_mom,2018-09-01,293,-2.131
growth_mom,2018-10-01,293,-5.167
growth_mom,2018-11-01,293,-0.852
growth_mom,2018-12-01,293,4.824
growth_mom,2019-01-01,293,23.148
growth_mom,2019-02-01,293,-10.092
growth_mom,2019-03-01,293,7.183
growth_mom,2019-04-01,293,-8.415
growth_mom,2019-05-01,293,-11.241
growth_mom,2019-06-01,293,7.569
growth_mom,2019-07-01,293,3.741
growth_mom,2019-08-01,293,-0.175
growth_mom,2019-09-01,293,-9.72
growth_mom,2019-10-01,293,0.639
growth_mom,2019-11-01,293,-4.124
growth_mom,2019-12-01,293,3.296
growth_mom,2020-01-01,293,23.448
growth_mom,2020-02-01,293,-4.497
growth_mom,2020-03-01,293,1.06
growth_mom,2020-04-01,293,-50.875
growth_mom,2020-05-01,293,38.001
growth_mom,2020-06-01,293,37.874
growth_mom,2020-07-01,293,4.383
growth_mom,2020-08-01,293,-2.568
growth_mom,2020-09-01,293,-12.996
growth_mom,2020-10-01,293,2.493
growth_mom,2020-11-01,293,-0.931
growth_mom,2020-12-01,293,3.463
growth_mom,2021-01-01,293,15.637
growth_mom,2021-02-01,293,-2.044
growth_mom,2021-03-01,293,16.689
growth_mom,2021-04-01,293,-17.119
growth_mom,2021-05-01,293,-9.478
growth_mom,2021-06-01,293,-9.735
growth_mom,2021-07-01,293,0.076
growth_mom,2021-08-01,293,0.051
growth_mom,2021-09-01,293,-6.325
growth_mom,2021-10-01,293,17.42
growth_mom,2021-11-01,293,3.237
growth_mom,2021-12-01,293,-0.963
growth_mom,2022-01-01,293,17.525
growth_mom,2022-02-01,293,2.944
growth_mom,2022-03-01,293,10.409
growth_mom,2022-04-01,293,-11.159
growth_mom,2022-05-01,293,-3.112
growth_mom,2022-06-01,293,7.99
growth_mom,2022-07-01,293,-2.453
growth_mom,2022-08-01,293,2.444
growth_mom,2022-09-01,293,-16.407
growth_mom,2022-10-01,293,-4.258
growth_mom,2022-11-01,293,7.494
growth_mom,2022-12-01,293,0.607
growth_mom,2023-01-01,293,12.371
growth_mom,2023-02-01,293,1.711
growth_mom,2023-03-01,293,5.62
growth_mom,2023-04-01,293,-10.842
growth_mom,2023-05-01,293,11.603
growth_mom,2023-06-01,293,3.919
growth_mom,2023-07-01,293,0.696
growth_mom,2023-08-01,293,-3.643
growth_mom,2023-09-01,293,-15.943
growth_mom,2023-10-01,293,-8.374
growth_mom,2023-11-01,293,5.095
growth_mom,2023-12-01,293,2.682
growth_mom,2024-01-01,293,24.239
growth_mom,2024-02-01,293,-5.067
growth_mom,2024-03-01,293,-5.934
growth_mom,2024-04-01,293,0.507
growth_mom,2024-05-01,293,11.39
growth_mom,2024-06-01,293,-8.791
growth_mom,2024-07-01,293,11.423
growth_mom,2024-08-01,293,0.496
growth_mom,2024-09-01,293,-27.593
growth_mom,2024-10-01,293,-1.785
growth_mom,2024-11-01,293,-0.569
growth_mom,2024-12-01,293,2.399
growth_mom,2025-01-01,293,20.809
growth_mom,2025-02-01,293,1.817
growth_mom,2025-03-01,293,-4.241
growth_mom,2025-04-01,293,0.742
growth_mom,2025-05-01,293,9.926
growth_mom,2025-06-01,293,-2.829
growth_mom,2025-07-01,293,10.481
growth_mom,2025-08-01,293,-3.605
growth_mom,2025-09-01,293,-25.356
growth_mom,2025-10-01,293,-2.666
growth_mom,2025-11-01,293,-3.431
growth_mom,2025-12-01,293,-0.181
growth_mom,2026-01-01,293,21.791
growth_mom,2026-02-01,293,4.635
growth_mom,2026-03-01,293,-5.678
growth_mom,2026-04-01,293,5.182
growth_mom,2026-05-01,293,5.349
growth_mom,2026-06-01,293,-1.969
abs,2015-01-01,301,99.718
abs,2015-02-01,301,88.918
abs,2015-03-01,301,98.403
abs,2015-04-01,301,73.807
abs,2015-05-01,301,113.204
abs,2015-06-01,301,96.327
abs,2015-07-01,301,71.319
abs,2015-08-01,301,123.731
abs,2015-09-01,301,124.118
abs,2015-10-01,301,88.855
abs,2015-11-01,301,111.309
abs,2015-12-01,301,110.291
abs,2016-01-01,301,100.999
abs,2016-02-01,301,94.832
abs,2016-03-01,301,127.18
abs,2016-04-01,301,70.148
abs,2016-05-01,301,92.452
abs,2016-06-01,301,91.536
abs,2016-07-01,301,67.004
abs,2016-08-01,301,138.28
abs,2016-09-01,301,127.352
abs,2016-10-01,301,69.204
abs,2016-11-01,301,82.147
abs,2016-12-01,301,105.289
abs,2017-01-01,301,85.816
abs,2017-02-01,301,81.09
abs,2017-03-01,301,126.26
abs,2017-04-01,301,76.886
abs,2017-05-01,301,99.002
abs,2017-06-01,301,100.609
abs,2017-07-01,301,73.848
abs,2017-08-01,301,170.557
abs,2017-09-01,301,151.083
abs,2017-10-01,301,83.605
abs,2017-11-01,301,91.626
abs,2017-12-01,301,122.814
abs,2018-01-01,301,98.805
abs,2018-02-01,301,82.553
abs,2018-03-01,301,111.833
abs,2018-04-01,301,59.68
abs,2018-05-01,301,88.346
abs,2018-06-01,301,80.024
abs,2018-07-01,301,70.641
abs,2018-08-01,301,195.218
abs,2018-09-01,301,152.876
abs,2018-10-01,301,97.813
abs,2018-11-01,301,102.822
abs,2018-12-01,301,94.612
abs,2019-01-01,301,95.512
abs,2019-02-01,301,88.886
abs,2019-03-01,301,115.792
abs,2019-04-01,301,84.027
abs,2019-05-01,301,92.917
abs,2019-06-01,301,109.966
abs,2019-07-01,301,81.393
abs,2019-08-01,301,158.612
abs,2019-09-01,301,148.351
abs,2019-10-01,301,89.677
abs,2019-11-01,301,111.343
abs,2019-12-01,301,95.536
abs,2020-01-01,301,99.135
abs,2020-02-01,301,79.216
abs,2020-03-01,301,82.723
abs,2020-04-01,301,14.139
abs,2020-05-01,301,49.384
abs,2020-06-01,301,102.963
abs,2020-07-01,301,85.694
abs,2020-08-01,301,125.048
abs,2020-09-01,301,130.722
abs,2020-10-01,301,81.622
abs,2020-11-01,301,106.666
abs,2020-12-01,301,101.867
abs,2021-01-01,301,98.455
abs,2021-02-01,301,85.719
abs,2021-03-01,301,88.528
abs,2021-04-01,301,73.468
abs,2021-05-01,301,77.742
abs,2021-06-01,301,84.092
abs,2021-07-01,301,68.486
abs,2021-08-01,301,117.577
abs,2021-09-01,301,127.5
abs,2021-10-01,301,85.735
abs,2021-11-01,301,110.156
abs,2021-12-01,301,101.448
abs,2022-01-01,301,101.514
abs,2022-02-01,301,95.062
abs,2022-03-01,301,99.575
abs,2022-04-01,301,80.539
abs,2022-05-01,301,84.228
abs,2022-06-01,301,90.044
abs,2022-07-01,301,79.106
abs,2022-08-01,301,116.044
abs,2022-09-01,301,129.734
abs,2022-10-01,301,106.176
abs,2022-11-01,301,115.411
abs,2022-12-01,301,108.904
abs,2023-01-01,301,105.041
abs,2023-02-01,301,104.378
abs,2023-03-01,301,104.426
abs,2023-04-01,301,95.924
abs,2023-05-01,301,100.708
abs,2023-06-01,301,104.997
abs,2023-07-01,301,83.795
abs,2023-08-01,301,123.349
abs,2023-09-01,301,138.754
abs,2023-10-01,301,109.813
abs,2023-11-01,301,119.393
abs,2023-12-01,301,111.692
abs,2024-01-01,301,113.801
abs,2024-02-01,301,115.388
abs,2024-03-01,301,115.652
abs,2024-04-01,301,105.951
abs,2024-05-01,301,111.312
abs,2024-06-01,301,112.736
abs,2024-07-01,301,91.497
abs,2024-08-01,301,131.723
abs,2024-09-01,301,149.12
abs,2024-10-01,301,118.136
abs,2024-11-01,301,129.09
abs,2024-12-01,301,120.847
abs,2025-01-01,301,121.383
abs,2025-02-01,301,122.989
abs,2025-03-01,301,121.438
abs,2025-04-01,301,110.622
abs,2025-05-01,301,119.597
abs,2025-06-01,301,120.875
abs,2025-07-01,301,98.881
abs,2025-08-01,301,144.278
abs,2025-09-01,301,165.464
abs,2025-10-01,301,132.001
abs,2025-11-01,301,144.715
abs,2025-12-01,301,135.682
abs,2026-01-01,301,136.337
abs,2026-02-01,301,136.73
abs,2026-03-01,301,135.709
abs,2026-04-01,301,123.582
abs,2026-05-01,301,128.856
abs,2026-06-01,301,128.872
growth_yoy,2016-01-01,301,1.284
growth_yoy,2016-02-01,301,6.651
growth_yoy,2016-03-01,301,29.244
growth_yoy,2016-04-01,301,-4.958
growth_yoy,2016-05-01,301,-18.332
growth_yoy,2016-06-01,301,-4.974
growth_yoy,2016-07-01,301,-6.051
growth_yoy,2016-08-01,301,11.759
growth_yoy,2016-09-01,301,2.606
growth_yoy,2016-10-01,301,-22.115
growth_yoy,2016-11-01,301,-26.199
growth_yoy,2016-12-01,301,-4.536
growth_yoy,2017-01-01,301,-15.033
growth_yoy,2017-02-01,301,-14.491
growth_yoy,2017-03-01,301,-0.723
growth_yoy,2017-04-01,301,9.606
growth_yoy,2017-05-01,301,7.085
growth_yoy,2017-06-01,301,9.913
growth_yoy,2017-07-01,301,10.214
growth_yoy,2017-08-01,301,23.341
growth_yoy,2017-09-01,301,18.634
growth_yoy,2017-10-01,301,20.809
growth_yoy,2017-11-01,301,11.54
growth_yoy,2017-12-01,301,16.645
growth_yoy,2018-01-01,301,15.136
growth_yoy,2018-02-01,301,1.804
growth_yoy,2018-03-01,301,-11.426
growth_yoy,2018-04-01,301,-22.379
growth_yoy,2018-05-01,301,-10.763
growth_yoy,2018-06-01,301,-20.461
growth_yoy,2018-07-01,301,-4.343
growth_yoy,2018-08-01,301,14.459
growth_yoy,2018-09-01,301,1.187
growth_yoy,2018-10-01,301,16.995
growth_yoy,2018-11-01,301,12.219
growth_yoy,2018-12-01,301,-22.964
growth_yoy,2019-01-01,301,-3.332
growth_yoy,2019-02-01,301,7.671
growth_yoy,2019-03-01,301,3.54
growth_yoy,2019-04-01,301,40.796
growth_yoy,2019-05-01,301,5.174
growth_yoy,2019-06-01,301,37.416
growth_yoy,2019-07-01,301,15.221
growth_yoy,2019-08-01,301,-18.751
growth_yoy,2019-09-01,301,-2.96
growth_yoy,2019-10-01,301,-8.318
growth_yoy,2019-11-01,301,8.287
growth_yoy,2019-12-01,301,0.977
growth_yoy,2020-01-01,301,3.793
growth_yoy,2020-02-01,301,-10.878
growth_yoy,2020-03-01,301,-28.559
growth_yoy,2020-04-01,301,-83.173
growth_yoy,2020-05-01,301,-46.851
growth_yoy,2020-06-01,301,-6.368
growth_yoy,2020-07-01,301,5.285
growth_yoy,2020-08-01,301,-21.161
growth_yoy,2020-09-01,301,-11.883
growth_yoy,2020-10-01,301,-8.982
growth_yoy,2020-11-01,301,-4.201
growth_yoy,2020-12-01,301,6.627
growth_yoy,2021-01-01,301,-0.686
growth_yoy,2021-02-01,301,8.209
growth_yoy,2021-03-01,301,7.018
growth_yoy,2021-04-01,301,419.591
growth_yoy,2021-05-01,301,57.422
growth_yoy,2021-06-01,301,-18.328
growth_yoy,2021-07-01,301,-20.081
growth_yoy,2021-08-01,301,-5.974
growth_yoy,2021-09-01,301,-2.465
growth_yoy,2021-10-01,301,5.039
growth_yoy,2021-11-01,301,3.272
growth_yoy,2021-12-01,301,-0.412
growth_yoy,2022-01-01,301,3.107
growth_yoy,2022-02-01,301,10.9
growth_yoy,2022-03-01,301,12.479
growth_yoy,2022-04-01,301,9.626
growth_yoy,2022-05-01,301,8.344
growth_yoy,2022-06-01,301,7.079
growth_yoy,2022-07-01,301,15.506
growth_yoy,2022-08-01,301,-1.304
growth_yoy,2022-09-01,301,1.752
growth_yoy,2022-10-01,301,23.842
growth_yoy,2022-11-01,301,4.77
growth_yoy,2022-12-01,301,7.35
growth_yoy,2023-01-01,301,3.474
growth_yoy,2023-02-01,301,9.8
growth_yoy,2023-03-01,301,4.872
growth_yoy,2023-04-01,301,19.102
growth_yoy,2023-05-01,301,19.566
growth_yoy,2023-06-01,301,16.606
growth_yoy,2023-07-01,301,5.927
growth_yoy,2023-08-01,301,6.295
growth_yoy,2023-09-01,301,6.952
growth_yoy,2023-10-01,301,3.426
growth_yoy,2023-11-01,301,3.45
growth_yoy,2023-12-01,301,2.559
growth_yoy,2024-01-01,301,8.339
growth_yoy,2024-02-01,301,10.548
growth_yoy,2024-03-01,301,10.75
growth_yoy,2024-04-01,301,10.454
growth_yoy,2024-05-01,301,10.529
growth_yoy,2024-06-01,301,7.371
growth_yoy,2024-07-01,301,9.192
growth_yoy,2024-08-01,301,6.788
growth_yoy,2024-09-01,301,7.471
growth_yoy,2024-10-01,301,7.579
growth_yoy,2024-11-01,301,8.122
growth_yoy,2024-12-01,301,8.197
growth_yoy,2025-01-01,301,6.663
growth_yoy,2025-02-01,301,6.588
growth_yoy,2025-03-01,301,5.003
growth_yoy,2025-04-01,301,4.409
growth_yoy,2025-05-01,301,7.443
growth_yoy,2025-06-01,301,7.219
growth_yoy,2025-07-01,301,8.07
growth_yoy,2025-08-01,301,9.531
growth_yoy,2025-09-01,301,10.96
growth_yoy,2025-10-01,301,11.736
growth_yoy,2025-11-01,301,12.104
growth_yoy,2025-12-01,301,12.276
growth_yoy,2026-01-01,301,12.32
growth_yoy,2026-02-01,301,11.172
growth_yoy,2026-03-01,301,11.752
growth_yoy,2026-04-01,301,11.715
growth_yoy,2026-05-01,301,7.742
growth_yoy,2026-06-01,301,6.616
growth_mom,2015-02-01,301,-10.831
growth_mom,2015-03-01,301,10.668
growth_mom,2015-04-01,301,-24.995
growth_mom,2015-05-01,301,53.379
growth_mom,2015-06-01,301,-14.908
growth_mom,2015-07-01,301,-25.961
growth_mom,2015-08-01,301,73.489
growth_mom,2015-09-01,301,0.313
growth_mom,2015-10-01,301,-28.411
growth_mom,2015-11-01,301,25.271
growth_mom,2015-12-01,301,-0.914
growth_mom,2016-01-01,301,-8.425
growth_mom,2016-02-01,301,-6.106
growth_mom,2016-03-01,301,34.111
growth_mom,2016-04-01,301,-44.844
growth_mom,2016-05-01,301,31.796
growth_mom,2016-06-01,301,-0.991
growth_mom,2016-07-01,301,-26.8
growth_mom,2016-08-01,301,106.377
growth_mom,2016-09-01,301,-7.903
growth_mom,2016-10-01,301,-45.659
growth_mom,2016-11-01,301,18.702
growth_mom,2016-12-01,301,28.172
growth_mom,2017-01-01,301,-18.495
growth_mom,2017-02-01,301,-5.507
growth_mom,2017-03-01,301,55.704
growth_mom,2017-04-01,301,-39.105
growth_mom,2017-05-01,301,28.764
growth_mom,2017-06-01,301,1.624
growth_mom,2017-07-01,301,-26.6
growth_mom,2017-08-01,301,130.958
growth_mom,2017-09-01,301,-11.418
growth_mom,2017-10-01,301,-44.663
growth_mom,2017-11-01,301,9.595
growth_mom,2017-12-01,301,34.038
growth_mom,2018-01-01,301,-19.55
growth_mom,2018-02-01,301,-16.448
growth_mom,2018-03-01,301,35.469
growth_mom,2018-04-01,301,-46.635
growth_mom,2018-05-01,301,48.033
growth_mom,2018-06-01,301,-9.42
growth_mom,2018-07-01,301,-11.725
growth_mom,2018-08-01,301,176.353
growth_mom,2018-09-01,301,-21.689
growth_mom,2018-10-01,301,-36.018
growth_mom,2018-11-01,301,5.121
growth_mom,2018-12-01,301,-7.985
growth_mom,2019-01-01,301,0.952
growth_mom,2019-02-01,301,-6.938
growth_mom,2019-03-01,301,30.27
growth_mom,2019-04-01,301,-27.433
growth_mom,2019-05-01,301,10.58
growth_mom,2019-06-01,301,18.348
growth_mom,2019-07-01,301,-25.983
growth_mom,2019-08-01,301,94.872
growth_mom,2019-09-01,301,-6.47
growth_mom,2019-10-01,301,-39.551
growth_mom,2019-11-01,301,24.161
growth_mom,2019-12-01,301,-14.197
growth_mom,2020-01-01,301,3.767
growth_mom,2020-02-01,301,-20.093
growth_mom,2020-03-01,301,4.426
growth_mom,2020-04-01,301,-82.907
growth_mom,2020-05-01,301,249.265
growth_mom,2020-06-01,301,108.493
growth_mom,2020-07-01,301,-16.772
growth_mom,2020-08-01,301,45.923
growth_mom,2020-09-01,301,4.538
growth_mom,2020-10-01,301,-37.56
growth_mom,2020-11-01,301,30.682
growth_mom,2020-12-01,301,-4.499
growth_mom,2021-01-01,301,-3.35
growth_mom,2021-02-01,301,-12.936
growth_mom,2021-03-01,301,3.277
growth_mom,2021-04-01,301,-17.012
growth_mom,2021-05-01,301,5.818
growth_mom,2021-06-01,301,8.168
growth_mom,2021-07-01,301,-18.557
growth_mom,2021-08-01,301,71.679
growth_mom,2021-09-01,301,8.44
growth_mom,2021-10-01,301,-32.757
growth_mom,2021-11-01,301,28.484
growth_mom,2021-12-01,301,-7.905
growth_mom,2022-01-01,301,0.066
growth_mom,2022-02-01,301,-6.356
growth_mom,2022-03-01,301,4.747
growth_mom,2022-04-01,301,-19.117
growth_mom,2022-05-01,301,4.58
growth_mom,2022-06-01,301,6.905
growth_mom,2022-07-01,301,-12.148
growth_mom,2022-08-01,301,46.695
growth_mom,2022-09-01,301,11.797
growth_mom,2022-10-01,301,-18.159
growth_mom,2022-11-01,301,8.698
growth_mom,2022-12-01,301,-5.638
growth_mom,2023-01-01,301,-3.547
growth_mom,2023-02-01,301,-0.631
growth_mom,2023-03-01,301,0.046
growth_mom,2023-04-01,301,-8.142
growth_mom,2023-05-01,301,4.987
growth_mom,2023-06-01,301,4.259
growth_mom,2023-07-01,301,-20.194
growth_mom,2023-08-01,301,47.204
growth_mom,2023-09-01,301,12.488
growth_mom,2023-10-01,301,-20.857
growth_mom,2023-11-01,301,8.723
growth_mom,2023-12-01,301,-6.45
growth_mom,2024-01-01,301,1.888
growth_mom,2024-02-01,301,1.394
growth_mom,2024-03-01,301,0.229
growth_mom,2024-04-01,301,-8.388
growth_mom,2024-05-01,301,5.059
growth_mom,2024-06-01,301,1.28
growth_mom,2024-07-01,301,-18.84
growth_mom,2024-08-01,301,43.964
growth_mom,2024-09-01,301,13.208
growth_mom,2024-10-01,301,-20.778
growth_mom,2024-11-01,301,9.272
growth_mom,2024-12-01,301,-6.385
growth_mom,2025-01-01,301,0.443
growth_mom,2025-02-01,301,1.323
growth_mom,2025-03-01,301,-1.261
growth_mom,2025-04-01,301,-8.906
growth_mom,2025-05-01,301,8.112
growth_mom,2025-06-01,301,1.069
growth_mom,2025-07-01,301,-18.196
growth_mom,2025-08-01,301,45.911
growth_mom,2025-09-01,301,14.685
growth_mom,2025-10-01,301,-20.224
growth_mom,2025-11-01,301,9.632
growth_mom,2025-12-01,301,-6.242
growth_mom,2026-01-01,301,0.483
growth_mom,2026-02-01,301,0.288
growth_mom,2026-03-01,301,-0.747
growth_mom,2026-04-01,301,-8.936
growth_mom,2026-05-01,301,4.267
growth_mom,2026-06-01,301,0.013
abs,2015-01-01,302,143.541
abs,2015-02-01,302,100.139
abs,2015-03-01,302,121.678
abs,2015-04-01,302,119.019
abs,2015-05-01,302,102.015
abs,2015-06-01,302,88.06
abs,2015-07-01,302,73.282
abs,2015-08-01,302,106.127
abs,2015-09-01,302,87.728
abs,2015-10-01,302,87.306
abs,2015-11-01,302,81.175
abs,2015-12-01,302,89.931
abs,2016-01-01,302,145.01
abs,2016-02-01,302,101.411
abs,2016-03-01,302,126.003
abs,2016-04-01,302,110.141
abs,2016-05-01,302,90.074
abs,2016-06-01,302,85.533
abs,2016-07-01,302,69.445
abs,2016-08-01,302,105.612
abs,2016-09-01,302,87.989
abs,2016-10-01,302,82.61
abs,2016-11-01,302,76.23
abs,2016-12-01,302,89.129
abs,2017-01-01,302,149.704
abs,2017-02-01,302,103.137
abs,2017-03-01,302,133.777
abs,2017-04-01,302,115.702
abs,2017-05-01,302,96.247
abs,2017-06-01,302,84.644
abs,2017-07-01,302,74.145
abs,2017-08-01,302,116.039
abs,2017-09-01,302,95.181
abs,2017-10-01,302,86.591
abs,2017-11-01,302,81.497
abs,2017-12-01,302,93.91
abs,2018-01-01,302,138.049
abs,2018-02-01,302,100.012
abs,2018-03-01,302,129.407
abs,2018-04-01,302,130.714
abs,2018-05-01,302,114.871
abs,2018-06-01,302,124.997
abs,2018-07-01,302,104.607
abs,2018-08-01,302,111.109
abs,2018-09-01,302,99.683
abs,2018-10-01,302,104.927
abs,2018-11-01,302,105.131
abs,2018-12-01,302,95.35
abs,2019-01-01,302,97.515
abs,2019-02-01,302,102.225
abs,2019-03-01,302,134.179
abs,2019-04-01,302,115.999
abs,2019-05-01,302,118.326
abs,2019-06-01,302,106.982
abs,2019-07-01,302,89.768
abs,2019-08-01,302,123.378
abs,2019-09-01,302,115.47
abs,2019-10-01,302,103.432
abs,2019-11-01,302,108.154
abs,2019-12-01,302,102.464
abs,2020-01-01,302,113.002
abs,2020-02-01,302,101.632
abs,2020-03-01,302,112.7
abs,2020-04-01,302,31.711
abs,2020-05-01,302,64.488
abs,2020-06-01,302,112.625
abs,2020-07-01,302,101.751
abs,2020-08-01,302,138.012
abs,2020-09-01,302,118.891
abs,2020-10-01,302,140.076
abs,2020-11-01,302,140.495
abs,2020-12-01,302,128.855
abs,2021-01-01,302,139.159
abs,2021-02-01,302,115.903
abs,2021-03-01,302,117.079
abs,2021-04-01,302,110.541
abs,2021-05-01,302,104.795
abs,2021-06-01,302,113.109
abs,2021-07-01,302,99.686
abs,2021-08-01,302,139.787
abs,2021-09-01,302,141.808
abs,2021-10-01,302,129.327
abs,2021-11-01,302,125.851
abs,2021-12-01,302,127.923
abs,2022-01-01,302,129.095
abs,2022-02-01,302,46.637
abs,2022-03-01,302,50.241
abs,2022-04-01,302,47.664
abs,2022-05-01,302,46.106
abs,2022-06-01,302,49.187
abs,2022-07-01,302,49.793
abs,2022-08-01,302,51.926
abs,2022-09-01,302,50.918
abs,2022-10-01,302,50.688
abs,2022-11-01,302,50.131
abs,2022-12-01,302,51.02
abs,2023-01-01,302,52.813
abs,2023-02-01,302,53.314
abs,2023-03-01,302,56.428
abs,2023-04-01,302,52.428
abs,2023-05-01,302,53.388
abs,2023-06-01,302,55.549
abs,2023-07-01,302,57.853
abs,2023-08-01,302,59.11
abs,2023-09-01,302,59.571
abs,2023-10-01,302,60.397
abs,2023-11-01,302,59.416
abs,2023-12-01,302,57.392
abs,2024-01-01,302,60.576
abs,2024-02-01,302,59.874
abs,2024-03-01,302,61.659
abs,2024-04-01,302,59.281
abs,2024-05-01,302,58.017
abs,2024-06-01,302,61.155
abs,2024-07-01,302,63.847
abs,2024-08-01,302,65.447
abs,2024-09-01,302,65.562
abs,2024-10-01,302,66.656
abs,2024-11-01,302,65.027
abs,2024-12-01,302,62.9
abs,2025-01-01,302,66.762
abs,2025-02-01,302,63.853
abs,2025-03-01,302,65.736
abs,2025-04-01,302,63.925
abs,2025-05-01,302,63.445
abs,2025-06-01,302,65.971
abs,2025-07-01,302,69.26
abs,2025-08-01,302,72.753
abs,2025-09-01,302,74.096
abs,2025-10-01,302,75.779
abs,2025-11-01,302,72.953
abs,2025-12-01,302,71.041
abs,2026-01-01,302,74.57
abs,2026-02-01,302,72.521
abs,2026-03-01,302,75.139
abs,2026-04-01,302,73.07
abs,2026-05-01,302,69.193
abs,2026-06-01,302,76.447
growth_yoy,2016-01-01,302,1.023
growth_yoy,2016-02-01,302,1.27
growth_yoy,2016-03-01,302,3.554
growth_yoy,2016-04-01,302,-7.46
growth_yoy,2016-05-01,302,-11.705
growth_yoy,2016-06-01,302,-2.87
growth_yoy,2016-07-01,302,-5.235
growth_yoy,2016-08-01,302,-0.485
growth_yoy,2016-09-01,302,0.297
growth_yoy,2016-10-01,302,-5.379
growth_yoy,2016-11-01,302,-6.091
growth_yoy,2016-12-01,302,-0.892
growth_yoy,2017-01-01,302,3.237
growth_yoy,2017-02-01,302,1.702
growth_yoy,2017-03-01,302,6.169
growth_yoy,2017-04-01,302,5.049
growth_yoy,2017-05-01,302,6.853
growth_yoy,2017-06-01,302,-1.039
growth_yoy,2017-07-01,302,6.768
growth_yoy,2017-08-01,302,9.873
growth_yoy,2017-09-01,302,8.174
growth_yoy,2017-10-01,302,4.82
growth_yoy,2017-11-01,302,6.908
growth_yoy,2017-12-01,302,5.365
growth_yoy,2018-01-01,302,-7.785
growth_yoy,2018-02-01,302,-3.03
growth_yoy,2018-03-01,302,-3.267
growth_yoy,2018-04-01,302,12.974
growth_yoy,2018-05-01,302,19.351
growth_yoy,2018-06-01,302,47.675
growth_yoy,2018-07-01,302,41.084
growth_yoy,2018-08-01,302,-4.248
growth_yoy,2018-09-01,302,4.731
growth_yoy,2018-10-01,302,21.175
growth_yoy,2018-11-01,302,29.001
growth_yoy,2018-12-01,302,1.533
growth_yoy,2019-01-01,302,-29.362
growth_yoy,2019-02-01,302,2.213
growth_yoy,2019-03-01,302,3.688
growth_yoy,2019-04-01,302,-11.258
growth_yoy,2019-05-01,302,3.008
growth_yoy,2019-06-01,302,-14.413
growth_yoy,2019-07-01,302,-14.186
growth_yoy,2019-08-01,302,11.042
growth_yoy,2019-09-01,302,15.837
growth_yoy,2019-10-01,302,-1.425
growth_yoy,2019-11-01,302,2.875
growth_yoy,2019-12-01,302,7.461
growth_yoy,2020-01-01,302,15.882
growth_yoy,2020-02-01,302,-0.58
growth_yoy,2020-03-01,302,-16.007
growth_yoy,2020-04-01,302,-72.662
growth_yoy,2020-05-01,302,-45.5
growth_yoy,2020-06-01,302,5.275
growth_yoy,2020-07-01,302,13.349
growth_yoy,2020-08-01,302,11.861
growth_yoy,2020-09-01,302,2.963
growth_yoy,2020-10-01,302,35.428
growth_yoy,2020-11-01,302,29.902
growth_yoy,2020-12-01,302,25.756
growth_yoy,2021-01-01,302,23.147
growth_yoy,2021-02-01,302,14.042
growth_yoy,2021-03-01,302,3.885
growth_yoy,2021-04-01,302,248.587
growth_yoy,2021-05-01,302,62.504
growth_yoy,2021-06-01,302,0.43
growth_yoy,2021-07-01,302,-2.029
growth_yoy,2021-08-01,302,1.286
growth_yoy,2021-09-01,302,19.276
growth_yoy,2021-10-01,302,-7.674
growth_yoy,2021-11-01,302,-10.423
growth_yoy,2021-12-01,302,-0.723
growth_yoy,2022-01-01,302,-7.232
growth_yoy,2022-02-01,302,-59.762
growth_yoy,2022-03-01,302,-57.088
growth_yoy,2022-04-01,302,-56.881
growth_yoy,2022-05-01,302,-56.003
growth_yoy,2022-06-01,302,-56.514
growth_yoy,2022-07-01,302,-50.051
growth_yoy,2022-08-01,302,-62.853
growth_yoy,2022-09-01,302,-64.094
growth_yoy,2022-10-01,302,-60.806
growth_yoy,2022-11-01,302,-60.167
growth_yoy,2022-12-01,302,-60.116
growth_yoy,2023-01-01,302,-59.09
growth_yoy,2023-02-01,302,14.319
growth_yoy,2023-03-01,302,12.314
growth_yoy,2023-04-01,302,9.996
growth_yoy,2023-05-01,302,15.794
growth_yoy,2023-06-01,302,12.934
growth_yoy,2023-07-01,302,16.188
growth_yoy,2023-08-01,302,13.835
growth_yoy,2023-09-01,302,16.994
growth_yoy,2023-10-01,302,19.153
growth_yoy,2023-11-01,302,18.521
growth_yoy,2023-12-01,302,12.489
growth_yoy,2024-01-01,302,14.7
growth_yoy,2024-02-01,302,12.303
growth_yoy,2024-03-01,302,9.27
growth_yoy,2024-04-01,302,13.07
growth_yoy,2024-05-01,302,8.671
growth_yoy,2024-06-01,302,10.093
growth_yoy,2024-07-01,302,10.361
growth_yoy,2024-08-01,302,10.72
growth_yoy,2024-09-01,302,10.057
growth_yoy,2024-10-01,302,10.364
growth_yoy,2024-11-01,302,9.444
growth_yoy,2024-12-01,302,9.596
growth_yoy,2025-01-01,302,10.211
growth_yoy,2025-02-01,302,6.646
growth_yoy,2025-03-01,302,6.612
growth_yoy,2025-04-01,302,7.834
growth_yoy,2025-05-01,302,9.356
growth_yoy,2025-06-01,302,7.874
growth_yoy,2025-07-01,302,8.478
growth_yoy,2025-08-01,302,11.162
growth_yoy,2025-09-01,302,13.017
growth_yoy,2025-10-01,302,13.687
growth_yoy,2025-11-01,302,12.19
growth_yoy,2025-12-01,302,12.943
growth_yoy,2026-01-01,302,11.696
growth_yoy,2026-02-01,302,13.575
growth_yoy,2026-03-01,302,14.305
growth_yoy,2026-04-01,302,14.307
growth_yoy,2026-05-01,302,9.061
growth_yoy,2026-06-01,302,15.88
growth_mom,2015-02-01,302,-30.237
growth_mom,2015-03-01,302,21.509
growth_mom,2015-04-01,302,-2.185
growth_mom,2015-05-01,302,-14.287
growth_mom,2015-06-01,302,-13.679
growth_mom,2015-07-01,302,-16.782
growth_mom,2015-08-01,302,44.82
growth_mom,2015-09-01,302,-17.336
growth_mom,2015-10-01,302,-0.481
growth_mom,2015-11-01,302,-7.023
growth_mom,2015-12-01,302,10.787
growth_mom,2016-01-01,302,61.246
growth_mom,2016-02-01,302,-30.067
growth_mom,2016-03-01,302,24.251
growth_mom,2016-04-01,302,-12.589
growth_mom,2016-05-01,302,-18.219
growth_mom,2016-06-01,302,-5.042
growth_mom,2016-07-01,302,-18.809
growth_mom,2016-08-01,302,52.08
growth_mom,2016-09-01,302,-16.687
growth_mom,2016-10-01,302,-6.113
growth_mom,2016-11-01,302,-7.722
growth_mom,2016-12-01,302,16.92
growth_mom,2017-01-01,302,67.964
growth_mom,2017-02-01,302,-31.106
growth_mom,2017-03-01,302,29.708
growth_mom,2017-04-01,302,-13.511
growth_mom,2017-05-01,302,-16.815
growth_mom,2017-06-01,302,-12.055
growth_mom,2017-07-01,302,-12.403
growth_mom,2017-08-01,302,56.503
growth_mom,2017-09-01,302,-17.976
growth_mom,2017-10-01,302,-9.024
growth_mom,2017-11-01,302,-5.884
growth_mom,2017-12-01,302,15.232
growth_mom,2018-01-01,302,47.002
growth_mom,2018-02-01,302,-27.554
growth_mom,2018-03-01,302,29.391
growth_mom,2018-04-01,302,1.01
growth_mom,2018-05-01,302,-12.12
growth_mom,2018-06-01,302,8.815
growth_mom,2018-07-01,302,-16.313
growth_mom,2018-08-01,302,6.216
growth_mom,2018-09-01,302,-10.284
growth_mom,2018-10-01,302,5.26
growth_mom,2018-11-01,302,0.195
growth_mom,2018-12-01,302,-9.304
growth_mom,2019-01-01,302,2.271
growth_mom,2019-02-01,302,4.83
growth_mom,2019-03-01,302,31.259
growth_mom,2019-04-01,302,-13.549
growth_mom,2019-05-01,302,2.007
growth_mom,2019-06-01,302,-9.587
growth_mom,2019-07-01,302,-16.091
growth_mom,2019-08-01,302,37.442
growth_mom,2019-09-01,302,-6.409
growth_mom,2019-10-01,302,-10.425
growth_mom,2019-11-01,302,4.565
growth_mom,2019-12-01,302,-5.262
growth_mom,2020-01-01,302,10.285
growth_mom,2020-02-01,302,-10.062
growth_mom,2020-03-01,302,10.891
growth_mom,2020-04-01,302,-71.862
growth_mom,2020-05-01,302,103.358
growth_mom,2020-06-01,302,74.646
growth_mom,2020-07-01,302,-9.655
growth_mom,2020-08-01,302,35.637
growth_mom,2020-09-01,302,-13.855
growth_mom,2020-10-01,302,17.819
growth_mom,2020-11-01,302,0.299
growth_mom,2020-12-01,302,-8.285
growth_mom,2021-01-01,302,7.997
growth_mom,2021-02-01,302,-16.711
growth_mom,2021-03-01,302,1.014
growth_mom,2021-04-01,302,-5.584
growth_mom,2021-05-01,302,-5.199
growth_mom,2021-06-01,302,7.934
growth_mom,2021-07-01,302,-11.867
growth_mom,2021-08-01,302,40.227
growth_mom,2021-09-01,302,1.446
growth_mom,2021-10-01,302,-8.801
growth_mom,2021-11-01,302,-2.687
growth_mom,2021-12-01,302,1.646
growth_mom,2022-01-01,302,0.916
growth_mom,2022-02-01,302,-63.874
growth_mom,2022-03-01,302,7.729
growth_mom,2022-04-01,302,-5.13
growth_mom,2022-05-01,302,-3.268
growth_mom,2022-06-01,302,6.682
growth_mom,2022-07-01,302,1.231
growth_mom,2022-08-01,302,4.285
growth_mom,2022-09-01,302,-1.942
growth_mom,2022-10-01,302,-0.451
growth_mom,2022-11-01,302,-1.1
growth_mom,2022-12-01,302,1.775
growth_mom,2023-01-01,302,3.513
growth_mom,2023-02-01,302,0.95
growth_mom,2023-03-01,302,5.84
growth_mom,2023-04-01,302,-7.088
growth_mom,2023-05-01,302,1.831
growth_mom,2023-06-01,302,4.048
growth_mom,2023-07-01,302,4.148
growth_mom,2023-08-01,302,2.173
growth_mom,2023-09-01,302,0.779
growth_mom,2023-10-01,302,1.386
growth_mom,2023-11-01,302,-1.624
growth_mom,2023-12-01,302,-3.406
growth_mom,2024-01-01,302,5.548
growth_mom,2024-02-01,302,-1.159
growth_mom,2024-03-01,302,2.981
growth_mom,2024-04-01,302,-3.857
growth_mom,2024-05-01,302,-2.131
growth_mom,2024-06-01,302,5.409
growth_mom,2024-07-01,302,4.401
growth_mom,2024-08-01,302,2.506
growth_mom,2024-09-01,302,0.176
growth_mom,2024-10-01,302,1.668
growth_mom,2024-11-01,302,-2.444
growth_mom,2024-12-01,302,-3.271
growth_mom,2025-01-01,302,6.14
growth_mom,2025-02-01,302,-4.357
growth_mom,2025-03-01,302,2.949
growth_mom,2025-04-01,302,-2.755
growth_mom,2025-05-01,302,-0.751
growth_mom,2025-06-01,302,3.981
growth_mom,2025-07-01,302,4.986
growth_mom,2025-08-01,302,5.042
growth_mom,2025-09-01,302,1.847
growth_mom,2025-10-01,302,2.272
growth_mom,2025-11-01,302,-3.73
growth_mom,2025-12-01,302,-2.621
growth_mom,2026-01-01,302,4.968
growth_mom,2026-02-01,302,-2.748
growth_mom,2026-03-01,302,3.61
growth_mom,2026-04-01,302,-2.754
growth_mom,2026-05-01,302,-5.306
growth_mom,2026-06-01,302,10.483
abs,2015-01-01,303,79.898
abs,2015-02-01,303,94.759
abs,2015-03-01,303,112.209
abs,2015-04-01,303,86.6
abs,2015-05-01,303,93.3
abs,2015-06-01,303,108.198
abs,2015-07-01,303,88.193
abs,2015-08-01,303,98.023
abs,2015-09-01,303,116.296
abs,2015-10-01,303,103.756
abs,2015-11-01,303,103.448
abs,2015-12-01,303,115.321
abs,2016-01-01,303,96.279
abs,2016-02-01,303,94.574
abs,2016-03-01,303,90.251
abs,2016-04-01,303,95.668
abs,2016-05-01,303,89.996
abs,2016-06-01,303,110.019
abs,2016-07-01,303,82.822
abs,2016-08-01,303,93.323
abs,2016-09-01,303,113.076
abs,2016-10-01,303,107.422
abs,2016-11-01,303,121.251
abs,2016-12-01,303,113.102
abs,2017-01-01,303,108.083
abs,2017-02-01,303,91.025
abs,2017-03-01,303,115.623
abs,2017-04-01,303,110.703
abs,2017-05-01,303,91.488
abs,2017-06-01,303,101.058
abs,2017-07-01,303,84.095
abs,2017-08-01,303,89.92
abs,2017-09-01,303,113.434
abs,2017-10-01,303,98.705
abs,2017-11-01,303,134.36
abs,2017-12-01,303,98.624
abs,2018-01-01,303,105.073
abs,2018-02-01,303,95.587
abs,2018-03-01,303,143.276
abs,2018-04-01,303,136.471
abs,2018-05-01,303,121.143
abs,2018-06-01,303,132.156
abs,2018-07-01,303,125.52
abs,2018-08-01,303,99.89
abs,2018-09-01,303,112.388
abs,2018-10-01,303,125.286
abs,2018-11-01,303,149.192
abs,2018-12-01,303,146.687
abs,2019-01-01,303,142.391
abs,2019-02-01,303,112.46
abs,2019-03-01,303,147.402
abs,2019-04-01,303,117.301
abs,2019-05-01,303,126.59
abs,2019-06-01,303,109.619
abs,2019-07-01,303,117.178
abs,2019-08-01,303,140.931
abs,2019-09-01,303,125.144
abs,2019-10-01,303,143.633
abs,2019-11-01,303,149.68
abs,2019-12-01,303,152.101
abs,2020-01-01,303,148.486
abs,2020-02-01,303,129.743
abs,2020-03-01,303,134.053
abs,2020-04-01,303,62.431
abs,2020-05-01,303,100.424
abs,2020-06-01,303,106.187
abs,2020-07-01,303,77.005
abs,2020-08-01,303,96.782
abs,2020-09-01,303,90.08
abs,2020-10-01,303,93.404
abs,2020-11-01,303,121.667
abs,2020-12-01,303,115.073
abs,2021-01-01,303,121.189
abs,2021-02-01,303,115.915
abs,2021-03-01,303,121.489
abs,2021-04-01,303,108.085
abs,2021-05-01,303,78.831
abs,2021-06-01,303,80.404
abs,2021-07-01,303,65.544
abs,2021-08-01,303,94.79
abs,2021-09-01,303,98.137
abs,2021-10-01,303,89.102
abs,2021-11-01,303,127.167
abs,2021-12-01,303,117.134
abs,2022-01-01,303,123.584
abs,2022-02-01,303,111.719
abs,2022-03-01,303,110.945
abs,2022-04-01,303,109.061
abs,2022-05-01,303,82.389
abs,2022-06-01,303,78.644
abs,2022-07-01,303,68.922
abs,2022-08-01,303,103.538
abs,2022-09-01,303,114.024
abs,2022-10-01,303,89.674
abs,2022-11-01,303,131.946
abs,2022-12-01,303,109.977
abs,2023-01-01,303,110.682
abs,2023-02-01,303,100.615
abs,2023-03-01,303,91.951
abs,2023-04-01,303,79.663
abs,2023-05-01,303,72.671
abs,2023-06-01,303,71.387
abs,2023-07-01,303,64.091
abs,2023-08-01,303,93.984
abs,2023-09-01,303,103.497
abs,2023-10-01,303,83.94
abs,2023-11-01,303,124.518
abs,2023-12-01,303,91.626
abs,2024-01-01,303,98.236
abs,2024-02-01,303,90.485
abs,2024-03-01,303,81.811
abs,2024-04-01,303,67.186
abs,2024-05-01,303,65.128
abs,2024-06-01,303,62.793
abs,2024-07-01,303,56.755
abs,2024-08-01,303,79.974
abs,2024-09-01,303,86.709
abs,2024-10-01,303,65.127
abs,2024-11-01,303,94.841
abs,2024-12-01,303,70.724
abs,2025-01-01,303,74.95
abs,2025-02-01,303,72.049
abs,2025-03-01,303,66.906
abs,2025-04-01,303,55.028
abs,2025-05-01,303,51.915
abs,2025-06-01,303,47.004
abs,2025-07-01,303,46.331
abs,2025-08-01,303,62.676
abs,2025-09-01,303,67.881
abs,2025-10-01,303,53.268
abs,2025-11-01,303,74.143
abs,2025-12-01,303,56.716
abs,2026-01-01,303,60.535
abs,2026-02-01,303,57.931
abs,2026-03-01,303,49.283
abs,2026-04-01,303,40.771
abs,2026-05-01,303,39.237
abs,2026-06-01,303,37.154
growth_yoy,2016-01-01,303,20.503
growth_yoy,2016-02-01,303,-0.196
growth_yoy,2016-03-01,303,-19.569
growth_yoy,2016-04-01,303,10.472
growth_yoy,2016-05-01,303,-3.542
growth_yoy,2016-06-01,303,1.683
growth_yoy,2016-07-01,303,-6.09
growth_yoy,2016-08-01,303,-4.795
growth_yoy,2016-09-01,303,-2.769
growth_yoy,2016-10-01,303,3.533
growth_yoy,2016-11-01,303,17.21
growth_yoy,2016-12-01,303,-1.924
growth_yoy,2017-01-01,303,12.26
growth_yoy,2017-02-01,303,-3.753
growth_yoy,2017-03-01,303,28.113
growth_yoy,2017-04-01,303,15.716
growth_yoy,2017-05-01,303,1.658
growth_yoy,2017-06-01,303,-8.145
growth_yoy,2017-07-01,303,1.537
growth_yoy,2017-08-01,303,-3.646
growth_yoy,2017-09-01,303,0.317
growth_yoy,2017-10-01,303,-8.115
growth_yoy,2017-11-01,303,10.812
growth_yoy,2017-12-01,303,-12.801
growth_yoy,2018-01-01,303,-2.785
growth_yoy,2018-02-01,303,5.012
growth_yoy,2018-03-01,303,23.916
growth_yoy,2018-04-01,303,23.277
growth_yoy,2018-05-01,303,32.414
growth_yoy,2018-06-01,303,30.773
growth_yoy,2018-07-01,303,49.26
growth_yoy,2018-08-01,303,11.087
growth_yoy,2018-09-01,303,-0.922
growth_yoy,2018-10-01,303,26.93
growth_yoy,2018-11-01,303,11.039
growth_yoy,2018-12-01,303,48.734
growth_yoy,2019-01-01,303,35.516
growth_yoy,2019-02-01,303,17.652
growth_yoy,2019-03-01,303,2.88
growth_yoy,2019-04-01,303,-14.047
growth_yoy,2019-05-01,303,4.496
growth_yoy,2019-06-01,303,-17.053
growth_yoy,2019-07-01,303,-6.646
growth_yoy,2019-08-01,303,41.086
growth_yoy,2019-09-01,303,11.349
growth_yoy,2019-10-01,303,14.644
growth_yoy,2019-11-01,303,0.327
growth_yoy,2019-12-01,303,3.691
growth_yoy,2020-01-01,303,4.281
growth_yoy,2020-02-01,303,15.368
growth_yoy,2020-03-01,303,-9.056
growth_yoy,2020-04-01,303,-46.778
growth_yoy,2020-05-01,303,-20.67
growth_yoy,2020-06-01,303,-3.131
growth_yoy,2020-07-01,303,-34.284
growth_yoy,2020-08-01,303,-31.326
growth_yoy,2020-09-01,303,-28.018
growth_yoy,2020-10-01,303,-34.97
growth_yoy,2020-11-01,303,-18.715
growth_yoy,2020-12-01,303,-24.344
growth_yoy,2021-01-01,303,-18.384
growth_yoy,2021-02-01,303,-10.657
growth_yoy,2021-03-01,303,-9.372
growth_yoy,2021-04-01,303,73.128
growth_yoy,2021-05-01,303,-21.502
growth_yoy,2021-06-01,303,-24.28
growth_yoy,2021-07-01,303,-14.884
growth_yoy,2021-08-01,303,-2.059
growth_yoy,2021-09-01,303,8.944
growth_yoy,2021-10-01,303,-4.606
growth_yoy,2021-11-01,303,4.52
growth_yoy,2021-12-01,303,1.791
growth_yoy,2022-01-01,303,1.977
growth_yoy,2022-02-01,303,-3.621
growth_yoy,2022-03-01,303,-8.679
growth_yoy,2022-04-01,303,0.903
growth_yoy,2022-05-01,303,4.513
growth_yoy,2022-06-01,303,-2.19
growth_yoy,2022-07-01,303,5.154
growth_yoy,2022-08-01,303,9.23
growth_yoy,2022-09-01,303,16.189
growth_yoy,2022-10-01,303,0.642
growth_yoy,2022-11-01,303,3.758
growth_yoy,2022-12-01,303,-6.11
growth_yoy,2023-01-01,303,-10.44
growth_yoy,2023-02-01,303,-9.939
growth_yoy,2023-03-01,303,-17.12
growth_yoy,2023-04-01,303,-26.955
growth_yoy,2023-05-01,303,-11.795
growth_yoy,2023-06-01,303,-9.228
growth_yoy,2023-07-01,303,-7.01
growth_yoy,2023-08-01,303,-9.228
growth_yoy,2023-09-01,303,-9.232
growth_yoy,2023-10-01,303,-6.395
growth_yoy,2023-11-01,303,-5.629
growth_yoy,2023-12-01,303,-16.686
growth_yoy,2024-01-01,303,-11.246
growth_yoy,2024-02-01,303,-10.068
growth_yoy,2024-03-01,303,-11.027
growth_yoy,2024-04-01,303,-15.663
growth_yoy,2024-05-01,303,-10.381
growth_yoy,2024-06-01,303,-12.038
growth_yoy,2024-07-01,303,-11.447
growth_yoy,2024-08-01,303,-14.907
growth_yoy,2024-09-01,303,-16.221
growth_yoy,2024-10-01,303,-22.412
growth_yoy,2024-11-01,303,-23.834
growth_yoy,2024-12-01,303,-22.812
growth_yoy,2025-01-01,303,-23.704
growth_yoy,2025-02-01,303,-20.374
growth_yoy,2025-03-01,303,-18.219
growth_yoy,2025-04-01,303,-18.095
growth_yoy,2025-05-01,303,-20.287
growth_yoy,2025-06-01,303,-25.145
growth_yoy,2025-07-01,303,-18.367
growth_yoy,2025-08-01,303,-21.629
growth_yoy,2025-09-01,303,-21.714
growth_yoy,2025-10-01,303,-18.209
growth_yoy,2025-11-01,303,-21.824
growth_yoy,2025-12-01,303,-19.807
growth_yoy,2026-01-01,303,-19.232
growth_yoy,2026-02-01,303,-19.595
growth_yoy,2026-03-01,303,-26.34
growth_yoy,2026-04-01,303,-25.909
growth_yoy,2026-05-01,303,-24.421
growth_yoy,2026-06-01,303,-20.955
growth_mom,2015-02-01,303,18.601
growth_mom,2015-03-01,303,18.414
growth_mom,2015-04-01,303,-22.823
growth_mom,2015-05-01,303,7.738
growth_mom,2015-06-01,303,15.967
growth_mom,2015-07-01,303,-18.489
growth_mom,2015-08-01,303,11.147
growth_mom,2015-09-01,303,18.641
growth_mom,2015-10-01,303,-10.783
growth_mom,2015-11-01,303,-0.297
growth_mom,2015-12-01,303,11.477
growth_mom,2016-01-01,303,-16.512
growth_mom,2016-02-01,303,-1.771
growth_mom,2016-03-01,303,-4.571
growth_mom,2016-04-01,303,6.002
growth_mom,2016-05-01,303,-5.929
growth_mom,2016-06-01,303,22.249
growth_mom,2016-07-01,303,-24.72
growth_mom,2016-08-01,303,12.679
growth_mom,2016-09-01,303,21.166
growth_mom,2016-10-01,303,-5.0
growth_mom,2016-11-01,303,12.874
growth_mom,2016-12-01,303,-6.721
growth_mom,2017-01-01,303,-4.438
growth_mom,2017-02-01,303,-15.782
growth_mom,2017-03-01,303,27.023
growth_mom,2017-04-01,303,-4.255
growth_mom,2017-05-01,303,-17.357
growth_mom,2017-06-01,303,10.46
growth_mom,2017-07-01,303,-16.785
growth_mom,2017-08-01,303,6.927
growth_mom,2017-09-01,303,26.149
growth_mom,2017-10-01,303,-12.984
growth_mom,2017-11-01,303,36.123
growth_mom,2017-12-01,303,-26.597
growth_mom,2018-01-01,303,6.539
growth_mom,2018-02-01,303,-9.029
growth_mom,2018-03-01,303,49.891
growth_mom,2018-04-01,303,-4.75
growth_mom,2018-05-01,303,-11.232
growth_mom,2018-06-01,303,9.091
growth_mom,2018-07-01,303,-5.021
growth_mom,2018-08-01,303,-20.419
growth_mom,2018-09-01,303,12.512
growth_mom,2018-10-01,303,11.476
growth_mom,2018-11-01,303,19.081
growth_mom,2018-12-01,303,-1.679
growth_mom,2019-01-01,303,-2.929
growth_mom,2019-02-01,303,-21.02
growth_mom,2019-03-01,303,31.07
growth_mom,2019-04-01,303,-20.421
growth_mom,2019-05-01,303,7.919
growth_mom,2019-06-01,303,-13.406
growth_mom,2019-07-01,303,6.896
growth_mom,2019-08-01,303,20.27
growth_mom,2019-09-01,303,-11.202
growth_mom,2019-10-01,303,14.775
growth_mom,2019-11-01,303,4.209
growth_mom,2019-12-01,303,1.618
growth_mom,2020-01-01,303,-2.377
growth_mom,2020-02-01,303,-12.623
growth_mom,2020-03-01,303,3.322
growth_mom,2020-04-01,303,-53.428
growth_mom,2020-05-01,303,60.857
growth_mom,2020-06-01,303,5.738
growth_mom,2020-07-01,303,-27.481
growth_mom,2020-08-01,303,25.683
growth_mom,2020-09-01,303,-6.925
growth_mom,2020-10-01,303,3.69
growth_mom,2020-11-01,303,30.258
growth_mom,2020-12-01,303,-5.419
growth_mom,2021-01-01,303,5.314
growth_mom,2021-02-01,303,-4.351
growth_mom,2021-03-01,303,4.809
growth_mom,2021-04-01,303,-11.033
growth_mom,2021-05-01,303,-27.066
growth_mom,2021-06-01,303,1.995
growth_mom,2021-07-01,303,-18.482
growth_mom,2021-08-01,303,44.62
growth_mom,2021-09-01,303,3.531
growth_mom,2021-10-01,303,-9.206
growth_mom,2021-11-01,303,42.72
growth_mom,2021-12-01,303,-7.889
growth_mom,2022-01-01,303,5.507
growth_mom,2022-02-01,303,-9.601
growth_mom,2022-03-01,303,-0.693
growth_mom,2022-04-01,303,-1.698
growth_mom,2022-05-01,303,-24.456
growth_mom,2022-06-01,303,-4.546
growth_mom,2022-07-01,303,-12.361
growth_mom,2022-08-01,303,50.225
growth_mom,2022-09-01,303,10.127
growth_mom,2022-10-01,303,-21.355
growth_mom,2022-11-01,303,47.139
growth_mom,2022-12-01,303,-16.65
growth_mom,2023-01-01,303,0.641
growth_mom,2023-02-01,303,-9.096
growth_mom,2023-03-01,303,-8.61
growth_mom,2023-04-01,303,-13.364
growth_mom,2023-05-01,303,-8.777
growth_mom,2023-06-01,303,-1.768
growth_mom,2023-07-01,303,-10.22
growth_mom,2023-08-01,303,46.642
growth_mom,2023-09-01,303,10.122
growth_mom,2023-10-01,303,-18.897
growth_mom,2023-11-01,303,48.342
growth_mom,2023-12-01,303,-26.416
growth_mom,2024-01-01,303,7.214
growth_mom,2024-02-01,303,-7.89
growth_mom,2024-03-01,303,-9.585
growth_mom,2024-04-01,303,-17.878
growth_mom,2024-05-01,303,-3.063
growth_mom,2024-06-01,303,-3.585
growth_mom,2024-07-01,303,-9.616
growth_mom,2024-08-01,303,40.912
growth_mom,2024-09-01,303,8.422
growth_mom,2024-10-01,303,-24.89
growth_mom,2024-11-01,303,45.624
growth_mom,2024-12-01,303,-25.428
growth_mom,2025-01-01,303,5.975
growth_mom,2025-02-01,303,-3.871
growth_mom,2025-03-01,303,-7.138
growth_mom,2025-04-01,303,-17.753
growth_mom,2025-05-01,303,-5.657
growth_mom,2025-06-01,303,-9.461
growth_mom,2025-07-01,303,-1.432
growth_mom,2025-08-01,303,35.28
growth_mom,2025-09-01,303,8.305
growth_mom,2025-10-01,303,-21.528
growth_mom,2025-11-01,303,39.188
growth_mom,2025-12-01,303,-23.504
growth_mom,2026-01-01,303,6.734
growth_mom,2026-02-01,303,-4.302
growth_mom,2026-03-01,303,-14.928
growth_mom,2026-04-01,303,-17.272
growth_mom,2026-05-01,303,-3.762
growth_mom,2026-06-01,303,-5.309
abs,2015-01-01,309,103.173
abs,2015-02-01,309,100.49
abs,2015-03-01,309,111.676
abs,2015-04-01,309,96.6
abs,2015-05-01,309,108.658
abs,2015-06-01,309,113.835
abs,2015-07-01,309,102.662
abs,2015-08-01,309,96.02
abs,2015-09-01,309,81.344
abs,2015-10-01,309,96.258
abs,2015-11-01,309,95.879
abs,2015-12-01,309,93.406
abs,2016-01-01,309,103.392
abs,2016-02-01,309,97.434
abs,2016-03-01,309,104.263
abs,2016-04-01,309,96.276
abs,2016-05-01,309,97.149
abs,2016-06-01,309,100.616
abs,2016-07-01,309,88.34
abs,2016-08-01,309,91.277
abs,2016-09-01,309,81.681
abs,2016-10-01,309,92.226
abs,2016-11-01,309,92.722
abs,2016-12-01,309,84.229
abs,2017-01-01,309,90.843
abs,2017-02-01,309,83.221
abs,2017-03-01,309,85.081
abs,2017-04-01,309,89.936
abs,2017-05-01,309,100.721
abs,2017-06-01,309,96.725
abs,2017-07-01,309,94.649
abs,2017-08-01,309,101.225
abs,2017-09-01,309,87.346
abs,2017-10-01,309,94.438
abs,2017-11-01,309,95.302
abs,2017-12-01,309,84.848
abs,2018-01-01,309,92.954
abs,2018-02-01,309,86.54
abs,2018-03-01,309,95.244
abs,2018-04-01,309,93.573
abs,2018-05-01,309,93.659
abs,2018-06-01,309,91.891
abs,2018-07-01,309,81.887
abs,2018-08-01,309,82.644
abs,2018-09-01,309,77.994
abs,2018-10-01,309,71.154
abs,2018-11-01,309,88.678
abs,2018-12-01,309,94.088
abs,2019-01-01,309,102.124
abs,2019-02-01,309,90.459
abs,2019-03-01,309,101.065
abs,2019-04-01,309,95.583
abs,2019-05-01,309,98.139
abs,2019-06-01,309,98.256
abs,2019-07-01,309,93.506
abs,2019-08-01,309,105.18
abs,2019-09-01,309,101.613
abs,2019-10-01,309,79.646
abs,2019-11-01,309,90.884
abs,2019-12-01,309,96.876
abs,2020-01-01,309,98.833
abs,2020-02-01,309,102.752
abs,2020-03-01,309,102.146
abs,2020-04-01,309,20.461
abs,2020-05-01,309,51.852
abs,2020-06-01,309,97.414
abs,2020-07-01,309,100.811
abs,2020-08-01,309,116.275
abs,2020-09-01,309,104.159
abs,2020-10-01,309,91.072
abs,2020-11-01,309,100.169
abs,2020-12-01,309,97.021
abs,2021-01-01,309,100.798
abs,2021-02-01,309,97.286
abs,2021-03-01,309,111.566
abs,2021-04-01,309,90.041
abs,2021-05-01,309,81.671
abs,2021-06-01,309,62.446
abs,2021-07-01,309,59.726
abs,2021-08-01,309,86.031
abs,2021-09-01,309,98.871
abs,2021-10-01,309,101.076
abs,2021-11-01,309,109.404
abs,2021-12-01,309,105.797
abs,2022-01-01,309,105.178
abs,2022-02-01,309,97.758
abs,2022-03-01,309,110.02
abs,2022-04-01,309,95.534
abs,2022-05-01,309,91.441
abs,2022-06-01,309,92.541
abs,2022-07-01,309,85.618
abs,2022-08-01,309,103.512
abs,2022-09-01,309,111.875
abs,2022-10-01,309,109.554
abs,2022-11-01,309,108.613
abs,2022-12-01,309,107.112
abs,2023-01-01,309,107.273
abs,2023-02-01,309,106.69
abs,2023-03-01,309,114.89
abs,2023-04-01,309,98.075
abs,2023-05-01,309,96.008
abs,2023-06-01,309,96.63
abs,2023-07-01,309,90.193
abs,2023-08-01,309,105.833
abs,2023-09-01,309,111.602
abs,2023-10-01,309,110.186
abs,2023-11-01,309,112.478
abs,2023-12-01,309,112.667
abs,2024-01-01,309,121.465
abs,2024-02-01,309,112.709
abs,2024-03-01,309,115.432
abs,2024-04-01,309,103.453
abs,2024-05-01,309,106.574
abs,2024-06-01,309,103.265
abs,2024-07-01,309,95.778
abs,2024-08-01,309,109.494
abs,2024-09-01,309,113.001
abs,2024-10-01,309,111.857
abs,2024-11-01,309,123.969
abs,2024-12-01,309,116.262
abs,2025-01-01,309,112.948
abs,2025-02-01,309,106.738
abs,2025-03-01,309,112.461
abs,2025-04-01,309,99.993
abs,2025-05-01,309,101.916
abs,2025-06-01,309,100.873
abs,2025-07-01,309,93.345
abs,2025-08-01,309,108.375
abs,2025-09-01,309,116.301
abs,2025-10-01,309,115.966
abs,2025-11-01,309,130.61
abs,2025-12-01,309,122.184
abs,2026-01-01,309,121.228
abs,2026-02-01,309,110.69
abs,2026-03-01,309,115.1
abs,2026-04-01,309,105.329
abs,2026-05-01,309,103.638
abs,2026-06-01,309,104.167
growth_yoy,2016-01-01,309,0.212
growth_yoy,2016-02-01,309,-3.042
growth_yoy,2016-03-01,309,-6.638
growth_yoy,2016-04-01,309,-0.335
growth_yoy,2016-05-01,309,-10.592
growth_yoy,2016-06-01,309,-11.613
growth_yoy,2016-07-01,309,-13.951
growth_yoy,2016-08-01,309,-4.94
growth_yoy,2016-09-01,309,0.415
growth_yoy,2016-10-01,309,-4.188
growth_yoy,2016-11-01,309,-3.293
growth_yoy,2016-12-01,309,-9.824
growth_yoy,2017-01-01,309,-12.137
growth_yoy,2017-02-01,309,-14.587
growth_yoy,2017-03-01,309,-18.398
growth_yoy,2017-04-01,309,-6.586
growth_yoy,2017-05-01,309,3.677
growth_yoy,2017-06-01,309,-3.867
growth_yoy,2017-07-01,309,7.141
growth_yoy,2017-08-01,309,10.899
growth_yoy,2017-09-01,309,6.935
growth_yoy,2017-10-01,309,2.399
growth_yoy,2017-11-01,309,2.783
growth_yoy,2017-12-01,309,0.735
growth_yoy,2018-01-01,309,2.323
growth_yoy,2018-02-01,309,3.988
growth_yoy,2018-03-01,309,11.945
growth_yoy,2018-04-01,309,4.044
growth_yoy,2018-05-01,309,-7.012
growth_yoy,2018-06-01,309,-4.998
growth_yoy,2018-07-01,309,-13.484
growth_yoy,2018-08-01,309,-18.356
growth_yoy,2018-09-01,309,-10.706
growth_yoy,2018-10-01,309,-24.655
growth_yoy,2018-11-01,309,-6.95
growth_yoy,2018-12-01,309,10.889
growth_yoy,2019-01-01,309,9.866
growth_yoy,2019-02-01,309,4.528
growth_yoy,2019-03-01,309,6.112
growth_yoy,2019-04-01,309,2.148
growth_yoy,2019-05-01,309,4.784
growth_yoy,2019-06-01,309,6.926
growth_yoy,2019-07-01,309,14.19
growth_yoy,2019-08-01,309,27.269
growth_yoy,2019-09-01,309,30.283
growth_yoy,2019-10-01,309,11.934
growth_yoy,2019-11-01,309,2.488
growth_yoy,2019-12-01,309,2.964
growth_yoy,2020-01-01,309,-3.223
growth_yoy,2020-02-01,309,13.59
growth_yoy,2020-03-01,309,1.069
growth_yoy,2020-04-01,309,-78.594
growth_yoy,2020-05-01,309,-47.165
growth_yoy,2020-06-01,309,-0.857
growth_yoy,2020-07-01,309,7.812
growth_yoy,2020-08-01,309,10.548
growth_yoy,2020-09-01,309,2.505
growth_yoy,2020-10-01,309,14.346
growth_yoy,2020-11-01,309,10.216
growth_yoy,2020-12-01,309,0.149
growth_yoy,2021-01-01,309,1.988
growth_yoy,2021-02-01,309,-5.319
growth_yoy,2021-03-01,309,9.223
growth_yoy,2021-04-01,309,340.068
growth_yoy,2021-05-01,309,57.508
growth_yoy,2021-06-01,309,-35.896
growth_yoy,2021-07-01,309,-40.754
growth_yoy,2021-08-01,309,-26.011
growth_yoy,2021-09-01,309,-5.077
growth_yoy,2021-10-01,309,10.984
growth_yoy,2021-11-01,309,9.219
growth_yoy,2021-12-01,309,9.046
growth_yoy,2022-01-01,309,4.345
growth_yoy,2022-02-01,309,0.485
growth_yoy,2022-03-01,309,-1.385
growth_yoy,2022-04-01,309,6.1
growth_yoy,2022-05-01,309,11.963
growth_yoy,2022-06-01,309,48.194
growth_yoy,2022-07-01,309,43.351
growth_yoy,2022-08-01,309,20.32
growth_yoy,2022-09-01,309,13.153
growth_yoy,2022-10-01,309,8.388
growth_yoy,2022-11-01,309,-0.723
growth_yoy,2022-12-01,309,1.243
growth_yoy,2023-01-01,309,1.992
growth_yoy,2023-02-01,309,9.137
growth_yoy,2023-03-01,309,4.426
growth_yoy,2023-04-01,309,2.661
growth_yoy,2023-05-01,309,4.994
growth_yoy,2023-06-01,309,4.419
growth_yoy,2023-07-01,309,5.343
growth_yoy,2023-08-01,309,2.242
growth_yoy,2023-09-01,309,-0.244
growth_yoy,2023-10-01,309,0.577
growth_yoy,2023-11-01,309,3.559
growth_yoy,2023-12-01,309,5.186
growth_yoy,2024-01-01,309,13.23
growth_yoy,2024-02-01,309,5.641
growth_yoy,2024-03-01,309,0.472
growth_yoy,2024-04-01,309,5.484
growth_yoy,2024-05-01,309,11.006
growth_yoy,2024-06-01,309,6.866
growth_yoy,2024-07-01,309,6.193
growth_yoy,2024-08-01,309,3.46
growth_yoy,2024-09-01,309,1.253
growth_yoy,2024-10-01,309,1.517
growth_yoy,2024-11-01,309,10.216
growth_yoy,2024-12-01,309,3.19
growth_yoy,2025-01-01,309,-7.013
growth_yoy,2025-02-01,309,-5.298
growth_yoy,2025-03-01,309,-2.574
growth_yoy,2025-04-01,309,-3.345
growth_yoy,2025-05-01,309,-4.371
growth_yoy,2025-06-01,309,-2.317
growth_yoy,2025-07-01,309,-2.54
growth_yoy,2025-08-01,309,-1.022
growth_yoy,2025-09-01,309,2.92
growth_yoy,2025-10-01,309,3.673
growth_yoy,2025-11-01,309,5.357
growth_yoy,2025-12-01,309,5.094
growth_yoy,2026-01-01,309,7.331
growth_yoy,2026-02-01,309,3.703
growth_yoy,2026-03-01,309,2.347
growth_yoy,2026-04-01,309,5.336
growth_yoy,2026-05-01,309,1.69
growth_yoy,2026-06-01,309,3.265
growth_mom,2015-02-01,309,-2.6
growth_mom,2015-03-01,309,11.131
growth_mom,2015-04-01,309,-13.5
growth_mom,2015-05-01,309,12.483
growth_mom,2015-06-01,309,4.765
growth_mom,2015-07-01,309,-9.815
growth_mom,2015-08-01,309,-6.47
growth_mom,2015-09-01,309,-15.285
growth_mom,2015-10-01,309,18.335
growth_mom,2015-11-01,309,-0.394
growth_mom,2015-12-01,309,-2.579
growth_mom,2016-01-01,309,10.691
growth_mom,2016-02-01,309,-5.762
growth_mom,2016-03-01,309,7.009
growth_mom,2016-04-01,309,-7.66
growth_mom,2016-05-01,309,0.907
growth_mom,2016-06-01,309,3.568
growth_mom,2016-07-01,309,-12.201
growth_mom,2016-08-01,309,3.324
growth_mom,2016-09-01,309,-10.512
growth_mom,2016-10-01,309,12.91
growth_mom,2016-11-01,309,0.537
growth_mom,2016-12-01,309,-9.159
growth_mom,2017-01-01,309,7.852
growth_mom,2017-02-01,309,-8.391
growth_mom,2017-03-01,309,2.235
growth_mom,2017-04-01,309,5.706
growth_mom,2017-05-01,309,11.993
growth_mom,2017-06-01,309,-3.968
growth_mom,2017-07-01,309,-2.147
growth_mom,2017-08-01,309,6.948
growth_mom,2017-09-01,309,-13.711
growth_mom,2017-10-01,309,8.12
growth_mom,2017-11-01,309,0.914
growth_mom,2017-12-01,309,-10.969
growth_mom,2018-01-01,309,9.553
growth_mom,2018-02-01,309,-6.9
growth_mom,2018-03-01,309,10.058
growth_mom,2018-04-01,309,-1.755
growth_mom,2018-05-01,309,0.092
growth_mom,2018-06-01,309,-1.888
growth_mom,2018-07-01,309,-10.887
growth_mom,2018-08-01,309,0.925
growth_mom,2018-09-01,309,-5.626
growth_mom,2018-10-01,309,-8.77
growth_mom,2018-11-01,309,24.628
growth_mom,2018-12-01,309,6.101
growth_mom,2019-01-01,309,8.542
growth_mom,2019-02-01,309,-11.423
growth_mom,2019-03-01,309,11.725
growth_mom,2019-04-01,309,-5.424
growth_mom,2019-05-01,309,2.674
growth_mom,2019-06-01,309,0.119
growth_mom,2019-07-01,309,-4.834
growth_mom,2019-08-01,309,12.485
growth_mom,2019-09-01,309,-3.391
growth_mom,2019-10-01,309,-21.619
growth_mom,2019-11-01,309,14.11
growth_mom,2019-12-01,309,6.593
growth_mom,2020-01-01,309,2.019
growth_mom,2020-02-01,309,3.966
growth_mom,2020-03-01,309,-0.59
growth_mom,2020-04-01,309,-79.969
growth_mom,2020-05-01,309,153.423
growth_mom,2020-06-01,309,87.869
growth_mom,2020-07-01,309,3.488
growth_mom,2020-08-01,309,15.339
growth_mom,2020-09-01,309,-10.42
growth_mom,2020-10-01,309,-12.564
growth_mom,2020-11-01,309,9.989
growth_mom,2020-12-01,309,-3.143
growth_mom,2021-01-01,309,3.893
growth_mom,2021-02-01,309,-3.484
growth_mom,2021-03-01,309,14.678
growth_mom,2021-04-01,309,-19.294
growth_mom,2021-05-01,309,-9.296
growth_mom,2021-06-01,309,-23.54
growth_mom,2021-07-01,309,-4.354
growth_mom,2021-08-01,309,44.041
growth_mom,2021-09-01,309,14.925
growth_mom,2021-10-01,309,2.23
growth_mom,2021-11-01,309,8.239
growth_mom,2021-12-01,309,-3.296
growth_mom,2022-01-01,309,-0.586
growth_mom,2022-02-01,309,-7.054
growth_mom,2022-03-01,309,12.543
growth_mom,2022-04-01,309,-13.167
growth_mom,2022-05-01,309,-4.284
growth_mom,2022-06-01,309,1.203
growth_mom,2022-07-01,309,-7.48
growth_mom,2022-08-01,309,20.899
growth_mom,2022-09-01,309,8.079
growth_mom,2022-10-01,309,-2.075
growth_mom,2022-11-01,309,-0.859
growth_mom,2022-12-01,309,-1.381
growth_mom,2023-01-01,309,0.15
growth_mom,2023-02-01,309,-0.543
growth_mom,2023-03-01,309,7.685
growth_mom,2023-04-01,309,-14.635
growth_mom,2023-05-01,309,-2.108
growth_mom,2023-06-01,309,0.648
growth_mom,2023-07-01,309,-6.662
growth_mom,2023-08-01,309,17.34
growth_mom,2023-09-01,309,5.452
growth_mom,2023-10-01,309,-1.269
growth_mom,2023-11-01,309,2.081
growth_mom,2023-12-01,309,0.168
growth_mom,2024-01-01,309,7.809
growth_mom,2024-02-01,309,-7.209
growth_mom,2024-03-01,309,2.416
growth_mom,2024-04-01,309,-10.377
growth_mom,2024-05-01,309,3.017
growth_mom,2024-06-01,309,-3.105
growth_mom,2024-07-01,309,-7.25
growth_mom,2024-08-01,309,14.32
growth_mom,2024-09-01,309,3.203
growth_mom,2024-10-01,309,-1.012
growth_mom,2024-11-01,309,10.828
growth_mom,2024-12-01,309,-6.217
growth_mom,2025-01-01,309,-2.851
growth_mom,2025-02-01,309,-5.498
growth_mom,2025-03-01,309,5.361
growth_mom,2025-04-01,309,-11.086
growth_mom,2025-05-01,309,1.923
growth_mom,2025-06-01,309,-1.024
growth_mom,2025-07-01,309,-7.463
growth_mom,2025-08-01,309,16.102
growth_mom,2025-09-01,309,7.313
growth_mom,2025-10-01,309,-0.288
growth_mom,2025-11-01,309,12.628
growth_mom,2025-12-01,309,-6.451
growth_mom,2026-01-01,309,-0.783
growth_mom,2026-02-01,309,-8.692
growth_mom,2026-03-01,309,3.983
growth_mom,2026-04-01,309,-8.489
growth_mom,2026-05-01,309,-1.605
growth_mom,2026-06-01,309,0.51
abs,2015-01-01,310,95.633
abs,2015-02-01,310,98.911
abs,2015-03-01,310,99.531
abs,2015-04-01,310,85.324
abs,2015-05-01,310,102.129
abs,2015-06-01,310,96.127
abs,2015-07-01,310,95.219
abs,2015-08-01,310,98.329
abs,2015-09-01,310,99.822
abs,2015-10-01,310,112.209
abs,2015-11-01,310,111.033
abs,2015-12-01,310,105.767
abs,2016-01-01,310,103.755
abs,2016-02-01,310,108.415
abs,2016-03-01,310,110.523
abs,2016-04-01,310,93.637
abs,2016-05-01,310,109.199
abs,2016-06-01,310,108.27
abs,2016-07-01,310,106.102
abs,2016-08-01,310,111.107
abs,2016-09-01,310,108.887
abs,2016-10-01,310,118.284
abs,2016-11-01,310,124.704
abs,2016-12-01,310,117.101
abs,2017-01-01,310,118.185
abs,2017-02-01,310,119.154
abs,2017-03-01,310,125.694
abs,2017-04-01,310,102.277
abs,2017-05-01,310,119.292
abs,2017-06-01,310,114.994
abs,2017-07-01,310,115.107
abs,2017-08-01,310,120.526
abs,2017-09-01,310,115.419
abs,2017-10-01,310,118.529
abs,2017-11-01,310,119.173
abs,2017-12-01,310,112.25
abs,2018-01-01,310,122.645
abs,2018-02-01,310,119.768
abs,2018-03-01,310,128.665
abs,2018-04-01,310,105.94
abs,2018-05-01,310,117.388
abs,2018-06-01,310,120.86
abs,2018-07-01,310,122.05
abs,2018-08-01,310,127.194
abs,2018-09-01,310,129.25
abs,2018-10-01,310,128.681
abs,2018-11-01,310,121.676
abs,2018-12-01,310,121.549
abs,2019-01-01,310,133.54
abs,2019-02-01,310,128.35
abs,2019-03-01,310,138.986
abs,2019-04-01,310,114.966
abs,2019-05-01,310,128.895
abs,2019-06-01,310,128.623
abs,2019-07-01,310,130.222
abs,2019-08-01,310,136.473
abs,2019-09-01,310,138.258
abs,2019-10-01,310,139.565
abs,2019-11-01,310,132.681
abs,2019-12-01,310,133.617
abs,2020-01-01,310,138.954
abs,2020-02-01,310,137.348
abs,2020-03-01,310,128.625
abs,2020-04-01,310,11.149
abs,2020-05-01,310,63.737
abs,2020-06-01,310,151.895
abs,2020-07-01,310,137.251
abs,2020-08-01,310,138.401
abs,2020-09-01,310,145.048
abs,2020-10-01,310,145.531
abs,2020-11-01,310,137.046
abs,2020-12-01,310,138.567
abs,2021-01-01,310,144.492
abs,2021-02-01,310,139.083
abs,2021-03-01,310,144.421
abs,2021-04-01,310,117.891
abs,2021-05-01,310,115.345
abs,2021-06-01,310,99.919
abs,2021-07-01,310,75.459
abs,2021-08-01,310,79.118
abs,2021-09-01,310,102.086
abs,2021-10-01,310,122.448
abs,2021-11-01,310,138.993
abs,2021-12-01,310,139.751
abs,2022-01-01,310,151.877
abs,2022-02-01,310,144.614
abs,2022-03-01,310,158.465
abs,2022-04-01,310,137.607
abs,2022-05-01,310,126.399
abs,2022-06-01,310,124.518
abs,2022-07-01,310,114.837
abs,2022-08-01,310,111.453
abs,2022-09-01,310,112.795
abs,2022-10-01,310,114.225
abs,2022-11-01,310,128.86
abs,2022-12-01,310,128.144
abs,2023-01-01,310,134.14
abs,2023-02-01,310,132.981
abs,2023-03-01,310,136.476
abs,2023-04-01,310,115.485
abs,2023-05-01,310,126.676
abs,2023-06-01,310,118.648
abs,2023-07-01,310,110.322
abs,2023-08-01,310,107.603
abs,2023-09-01,310,105.897
abs,2023-10-01,310,119.716
abs,2023-11-01,310,135.5
abs,2023-12-01,310,138.999
abs,2024-01-01,310,148.426
abs,2024-02-01,310,141.813
abs,2024-03-01,310,153.705
abs,2024-04-01,310,130.643
abs,2024-05-01,310,134.087
abs,2024-06-01,310,123.813
abs,2024-07-01,310,113.606
abs,2024-08-01,310,115.46
abs,2024-09-01,310,111.4
abs,2024-10-01,310,125.264
abs,2024-11-01,310,138.854
abs,2024-12-01,310,143.61
abs,2025-01-01,310,148.258
abs,2025-02-01,310,147.863
abs,2025-03-01,310,159.796
abs,2025-04-01,310,137.472
abs,2025-05-01,310,141.825
abs,2025-06-01,310,135.954
abs,2025-07-01,310,126.213
abs,2025-08-01,310,124.398
abs,2025-09-01,310,120.356
abs,2025-10-01,310,137.471
abs,2025-11-01,310,149.159
abs,2025-12-01,310,150.307
abs,2026-01-01,310,159.723
abs,2026-02-01,310,153.585
abs,2026-03-01,310,165.248
abs,2026-04-01,310,145.607
abs,2026-05-01,310,149.88
abs,2026-06-01,310,146.669
growth_yoy,2016-01-01,310,8.493
growth_yoy,2016-02-01,310,9.609
growth_yoy,2016-03-01,310,11.043
growth_yoy,2016-04-01,310,9.743
growth_yoy,2016-05-01,310,6.923
growth_yoy,2016-06-01,310,12.632
growth_yoy,2016-07-01,310,11.429
growth_yoy,2016-08-01,310,12.996
growth_yoy,2016-09-01,310,9.081
growth_yoy,2016-10-01,310,5.414
growth_yoy,2016-11-01,310,12.312
growth_yoy,2016-12-01,310,10.717
growth_yoy,2017-01-01,310,13.908
growth_yoy,2017-02-01,310,9.905
growth_yoy,2017-03-01,310,13.727
growth_yoy,2017-04-01,310,9.227
growth_yoy,2017-05-01,310,9.243
growth_yoy,2017-06-01,310,6.21
growth_yoy,2017-07-01,310,8.487
growth_yoy,2017-08-01,310,8.477
growth_yoy,2017-09-01,310,5.999
growth_yoy,2017-10-01,310,0.208
growth_yoy,2017-11-01,310,-4.435
growth_yoy,2017-12-01,310,-4.143
growth_yoy,2018-01-01,310,3.774
growth_yoy,2018-02-01,310,0.515
growth_yoy,2018-03-01,310,2.364
growth_yoy,2018-04-01,310,3.582
growth_yoy,2018-05-01,310,-1.596
growth_yoy,2018-06-01,310,5.102
growth_yoy,2018-07-01,310,6.032
growth_yoy,2018-08-01,310,5.533
growth_yoy,2018-09-01,310,11.983
growth_yoy,2018-10-01,310,8.564
growth_yoy,2018-11-01,310,2.1
growth_yoy,2018-12-01,310,8.284
growth_yoy,2019-01-01,310,8.883
growth_yoy,2019-02-01,310,7.166
growth_yoy,2019-03-01,310,8.021
growth_yoy,2019-04-01,310,8.52
growth_yoy,2019-05-01,310,9.802
growth_yoy,2019-06-01,310,6.423
growth_yoy,2019-07-01,310,6.696
growth_yoy,2019-08-01,310,7.295
growth_yoy,2019-09-01,310,6.97
growth_yoy,2019-10-01,310,8.459
growth_yoy,2019-11-01,310,9.044
growth_yoy,2019-12-01,310,9.929
growth_yoy,2020-01-01,310,4.054
growth_yoy,2020-02-01,310,7.01
growth_yoy,2020-03-01,310,-7.455
growth_yoy,2020-04-01,310,-90.302
growth_yoy,2020-05-01,310,-50.551
growth_yoy,2020-06-01,310,18.093
growth_yoy,2020-07-01,310,5.397
growth_yoy,2020-08-01,310,1.412
growth_yoy,2020-09-01,310,4.911
growth_yoy,2020-10-01,310,4.274
growth_yoy,2020-11-01,310,3.29
growth_yoy,2020-12-01,310,3.704
growth_yoy,2021-01-01,310,3.985
growth_yoy,2021-02-01,310,1.263
growth_yoy,2021-03-01,310,12.281
growth_yoy,2021-04-01,310,957.419
growth_yoy,2021-05-01,310,80.969
growth_yoy,2021-06-01,310,-34.218
growth_yoy,2021-07-01,310,-45.021
growth_yoy,2021-08-01,310,-42.834
growth_yoy,2021-09-01,310,-29.619
growth_yoy,2021-10-01,310,-15.861
growth_yoy,2021-11-01,310,1.421
growth_yoy,2021-12-01,310,0.855
growth_yoy,2022-01-01,310,5.111
growth_yoy,2022-02-01,310,3.976
growth_yoy,2022-03-01,310,9.724
growth_yoy,2022-04-01,310,16.724
growth_yoy,2022-05-01,310,9.584
growth_yoy,2022-06-01,310,24.619
growth_yoy,2022-07-01,310,52.185
growth_yoy,2022-08-01,310,40.868
growth_yoy,2022-09-01,310,10.49
growth_yoy,2022-10-01,310,-6.715
growth_yoy,2022-11-01,310,-7.29
growth_yoy,2022-12-01,310,-8.306
growth_yoy,2023-01-01,310,-11.678
growth_yoy,2023-02-01,310,-8.044
growth_yoy,2023-03-01,310,-13.876
growth_yoy,2023-04-01,310,-16.076
growth_yoy,2023-05-01,310,0.219
growth_yoy,2023-06-01,310,-4.714
growth_yoy,2023-07-01,310,-3.931
growth_yoy,2023-08-01,310,-3.455
growth_yoy,2023-09-01,310,-6.116
growth_yoy,2023-10-01,310,4.807
growth_yoy,2023-11-01,310,5.153
growth_yoy,2023-12-01,310,8.471
growth_yoy,2024-01-01,310,10.65
growth_yoy,2024-02-01,310,6.642
growth_yoy,2024-03-01,310,12.624
growth_yoy,2024-04-01,310,13.126
growth_yoy,2024-05-01,310,5.85
growth_yoy,2024-06-01,310,4.353
growth_yoy,2024-07-01,310,2.976
growth_yoy,2024-08-01,310,7.303
growth_yoy,2024-09-01,310,5.197
growth_yoy,2024-10-01,310,4.634
growth_yoy,2024-11-01,310,2.475
growth_yoy,2024-12-01,310,3.317
growth_yoy,2025-01-01,310,-0.113
growth_yoy,2025-02-01,310,4.266
growth_yoy,2025-03-01,310,3.963
growth_yoy,2025-04-01,310,5.227
growth_yoy,2025-05-01,310,5.771
growth_yoy,2025-06-01,310,9.806
growth_yoy,2025-07-01,310,11.097
growth_yoy,2025-08-01,310,7.741
growth_yoy,2025-09-01,310,8.04
growth_yoy,2025-10-01,310,9.745
growth_yoy,2025-11-01,310,7.422
growth_yoy,2025-12-01,310,4.663
growth_yoy,2026-01-01,310,7.733
growth_yoy,2026-02-01,310,3.87
growth_yoy,2026-03-01,310,3.412
growth_yoy,2026-04-01,310,5.917
growth_yoy,2026-05-01,310,5.68
growth_yoy,2026-06-01,310,7.881
growth_mom,2015-02-01,310,3.428
growth_mom,2015-03-01,310,0.627
growth_mom,2015-04-01,310,-14.274
growth_mom,2015-05-01,310,19.696
growth_mom,2015-06-01,310,-5.877
growth_mom,2015-07-01,310,-0.944
growth_mom,2015-08-01,310,3.266
growth_mom,2015-09-01,310,1.519
growth_mom,2015-10-01,310,12.409
growth_mom,2015-11-01,310,-1.048
growth_mom,2015-12-01,310,-4.743
growth_mom,2016-01-01,310,-1.902
growth_mom,2016-02-01,310,4.492
growth_mom,2016-03-01,310,1.944
growth_mom,2016-04-01,310,-15.278
growth_mom,2016-05-01,310,16.62
growth_mom,2016-06-01,310,-0.851
growth_mom,2016-07-01,310,-2.003
growth_mom,2016-08-01,310,4.718
growth_mom,2016-09-01,310,-1.998
growth_mom,2016-10-01,310,8.63
growth_mom,2016-11-01,310,5.428
growth_mom,2016-12-01,310,-6.096
growth_mom,2017-01-01,310,0.926
growth_mom,2017-02-01,310,0.819
growth_mom,2017-03-01,310,5.489
growth_mom,2017-04-01,310,-18.63
growth_mom,2017-05-01,310,16.636
growth_mom,2017-06-01,310,-3.604
growth_mom,2017-07-01,310,0.098
growth_mom,2017-08-01,310,4.708
growth_mom,2017-09-01,310,-4.237
growth_mom,2017-10-01,310,2.694
growth_mom,2017-11-01,310,0.543
growth_mom,2017-12-01,310,-5.809
growth_mom,2018-01-01,310,9.26
growth_mom,2018-02-01,310,-2.346
growth_mom,2018-03-01,310,7.429
growth_mom,2018-04-01,310,-17.662
growth_mom,2018-05-01,310,10.806
growth_mom,2018-06-01,310,2.958
growth_mom,2018-07-01,310,0.985
growth_mom,2018-08-01,310,4.215
growth_mom,2018-09-01,310,1.616
growth_mom,2018-10-01,310,-0.441
growth_mom,2018-11-01,310,-5.443
growth_mom,2018-12-01,310,-0.104
growth_mom,2019-01-01,310,9.865
growth_mom,2019-02-01,310,-3.886
growth_mom,2019-03-01,310,8.286
growth_mom,2019-04-01,310,-17.282
growth_mom,2019-05-01,310,12.116
growth_mom,2019-06-01,310,-0.211
growth_mom,2019-07-01,310,1.244
growth_mom,2019-08-01,310,4.8
growth_mom,2019-09-01,310,1.308
growth_mom,2019-10-01,310,0.945
growth_mom,2019-11-01,310,-4.933
growth_mom,2019-12-01,310,0.706
growth_mom,2020-01-01,310,3.994
growth_mom,2020-02-01,310,-1.155
growth_mom,2020-03-01,310,-6.351
growth_mom,2020-04-01,310,-91.332
growth_mom,2020-05-01,310,471.691
growth_mom,2020-06-01,310,138.313
growth_mom,2020-07-01,310,-9.641
growth_mom,2020-08-01,310,0.838
growth_mom,2020-09-01,310,4.803
growth_mom,2020-10-01,310,0.333
growth_mom,2020-11-01,310,-5.83
growth_mom,2020-12-01,310,1.11
growth_mom,2021-01-01,310,4.276
growth_mom,2021-02-01,310,-3.743
growth_mom,2021-03-01,310,3.838
growth_mom,2021-04-01,310,-18.37
growth_mom,2021-05-01,310,-2.16
growth_mom,2021-06-01,310,-13.374
growth_mom,2021-07-01,310,-24.48
growth_mom,2021-08-01,310,4.85
growth_mom,2021-09-01,310,29.03
growth_mom,2021-10-01,310,19.946
growth_mom,2021-11-01,310,13.511
growth_mom,2021-12-01,310,0.546
growth_mom,2022-01-01,310,8.676
growth_mom,2022-02-01,310,-4.782
growth_mom,2022-03-01,310,9.578
growth_mom,2022-04-01,310,-13.162
growth_mom,2022-05-01,310,-8.145
growth_mom,2022-06-01,310,-1.489
growth_mom,2022-07-01,310,-7.774
growth_mom,2022-08-01,310,-2.947
growth_mom,2022-09-01,310,1.204
growth_mom,2022-10-01,310,1.268
growth_mom,2022-11-01,310,12.812
growth_mom,2022-12-01,310,-0.556
growth_mom,2023-01-01,310,4.679
growth_mom,2023-02-01,310,-0.864
growth_mom,2023-03-01,310,2.628
growth_mom,2023-04-01,310,-15.381
growth_mom,2023-05-01,310,9.69
growth_mom,2023-06-01,310,-6.337
growth_mom,2023-07-01,310,-7.017
growth_mom,2023-08-01,310,-2.465
growth_mom,2023-09-01,310,-1.585
growth_mom,2023-10-01,310,13.05
growth_mom,2023-11-01,310,13.185
growth_mom,2023-12-01,310,2.582
growth_mom,2024-01-01,310,6.782
growth_mom,2024-02-01,310,-4.456
growth_mom,2024-03-01,310,8.386
growth_mom,2024-04-01,310,-15.004
growth_mom,2024-05-01,310,2.636
growth_mom,2024-06-01,310,-7.662
growth_mom,2024-07-01,310,-8.244
growth_mom,2024-08-01,310,1.632
growth_mom,2024-09-01,310,-3.517
growth_mom,2024-10-01,310,12.446
growth_mom,2024-11-01,310,10.849
growth_mom,2024-12-01,310,3.425
growth_mom,2025-01-01,310,3.237
growth_mom,2025-02-01,310,-0.267
growth_mom,2025-03-01,310,8.071
growth_mom,2025-04-01,310,-13.97
growth_mom,2025-05-01,310,3.166
growth_mom,2025-06-01,310,-4.139
growth_mom,2025-07-01,310,-7.165
growth_mom,2025-08-01,310,-1.438
growth_mom,2025-09-01,310,-3.249
growth_mom,2025-10-01,310,14.22
growth_mom,2025-11-01,310,8.502
growth_mom,2025-12-01,310,0.769
growth_mom,2026-01-01,310,6.265
growth_mom,2026-02-01,310,-3.843
growth_mom,2026-03-01,310,7.594
growth_mom,2026-04-01,310,-11.886
growth_mom,2026-05-01,310,2.935
growth_mom,2026-06-01,310,-2.143
abs,2015-01-01,321,100.075
abs,2015-02-01,321,87.781
abs,2015-03-01,321,93.46
abs,2015-04-01,321,100.511
abs,2015-05-01,321,99.846
abs,2015-06-01,321,114.869
abs,2015-07-01,321,104.538
abs,2015-08-01,321,90.529
abs,2015-09-01,321,102.68
abs,2015-10-01,321,107.956
abs,2015-11-01,321,88.133
abs,2015-12-01,321,109.622
abs,2016-01-01,321,101.099
abs,2016-02-01,321,88.891
abs,2016-03-01,321,96.782
abs,2016-04-01,321,93.014
abs,2016-05-01,321,88.16
abs,2016-06-01,321,111.573
abs,2016-07-01,321,99.065
abs,2016-08-01,321,90.09
abs,2016-09-01,321,102.985
abs,2016-10-01,321,102.148
abs,2016-11-01,321,82.765
abs,2016-12-01,321,108.645
abs,2017-01-01,321,104.372
abs,2017-02-01,321,90.405
abs,2017-03-01,321,102.753
abs,2017-04-01,321,97.71
abs,2017-05-01,321,94.201
abs,2017-06-01,321,110.412
abs,2017-07-01,321,105.77
abs,2017-08-01,321,98.985
abs,2017-09-01,321,111.403
abs,2017-10-01,321,107.072
abs,2017-11-01,321,88.482
abs,2017-12-01,321,114.473
abs,2018-01-01,321,108.297
abs,2018-02-01,321,104.581
abs,2018-03-01,321,110.967
abs,2018-04-01,321,97.127
abs,2018-05-01,321,94.204
abs,2018-06-01,321,103.137
abs,2018-07-01,321,107.833
abs,2018-08-01,321,108.27
abs,2018-09-01,321,126.655
abs,2018-10-01,321,119.158
abs,2018-11-01,321,112.514
abs,2018-12-01,321,117.293
abs,2019-01-01,321,127.828
abs,2019-02-01,321,111.001
abs,2019-03-01,321,118.223
abs,2019-04-01,321,106.786
abs,2019-05-01,321,89.836
abs,2019-06-01,321,96.637
abs,2019-07-01,321,138.263
abs,2019-08-01,321,120.589
abs,2019-09-01,321,130.139
abs,2019-10-01,321,117.528
abs,2019-11-01,321,116.803
abs,2019-12-01,321,138.314
abs,2020-01-01,321,160.54
abs,2020-02-01,321,146.889
abs,2020-03-01,321,130.707
abs,2020-04-01,321,1.319
abs,2020-05-01,321,50.263
abs,2020-06-01,321,103.929
abs,2020-07-01,321,138.66
abs,2020-08-01,321,156.202
abs,2020-09-01,321,176.219
abs,2020-10-01,321,156.479
abs,2020-11-01,321,134.333
abs,2020-12-01,321,144.524
abs,2021-01-01,321,158.438
abs,2021-02-01,321,142.625
abs,2021-03-01,321,147.641
abs,2021-04-01,321,177.723
abs,2021-05-01,321,156.687
abs,2021-06-01,321,94.478
abs,2021-07-01,321,89.196
abs,2021-08-01,321,94.037
abs,2021-09-01,321,157.374
abs,2021-10-01,321,187.847
abs,2021-11-01,321,179.341
abs,2021-12-01,321,166.847
abs,2022-01-01,321,167.911
abs,2022-02-01,321,153.916
abs,2022-03-01,321,147.779
abs,2022-04-01,321,153.512
abs,2022-05-01,321,187.095
abs,2022-06-01,321,154.617
abs,2022-07-01,321,138.706
abs,2022-08-01,321,93.648
abs,2022-09-01,321,147.881
abs,2022-10-01,321,193.256
abs,2022-11-01,321,189.165
abs,2022-12-01,321,173.643
abs,2023-01-01,321,174.578
abs,2023-02-01,321,159.465
abs,2023-03-01,321,151.662
abs,2023-04-01,321,160.185
abs,2023-05-01,321,193.316
abs,2023-06-01,321,153.024
abs,2023-07-01,321,136.603
abs,2023-08-01,321,87.749
abs,2023-09-01,321,146.523
abs,2023-10-01,321,210.245
abs,2023-11-01,321,190.774
abs,2023-12-01,321,189.924
abs,2024-01-01,321,175.14
abs,2024-02-01,321,167.334
abs,2024-03-01,321,158.747
abs,2024-04-01,321,170.282
abs,2024-05-01,321,192.41
abs,2024-06-01,321,165.917
abs,2024-07-01,321,145.113
abs,2024-08-01,321,94.319
abs,2024-09-01,321,143.58
abs,2024-10-01,321,200.731
abs,2024-11-01,321,194.275
abs,2024-12-01,321,205.66
abs,2025-01-01,321,192.066
abs,2025-02-01,321,174.401
abs,2025-03-01,321,165.296
abs,2025-04-01,321,175.111
abs,2025-05-01,321,185.062
abs,2025-06-01,321,155.986
abs,2025-07-01,321,148.949
abs,2025-08-01,321,96.096
abs,2025-09-01,321,146.11
abs,2025-10-01,321,199.646
abs,2025-11-01,321,199.974
abs,2025-12-01,321,210.929
abs,2026-01-01,321,184.371
abs,2026-02-01,321,166.501
abs,2026-03-01,321,154.713
abs,2026-04-01,321,172.245
abs,2026-05-01,321,182.422
abs,2026-06-01,321,164.686
growth_yoy,2016-01-01,321,1.023
growth_yoy,2016-02-01,321,1.265
growth_yoy,2016-03-01,321,3.555
growth_yoy,2016-04-01,321,-7.459
growth_yoy,2016-05-01,321,-11.705
growth_yoy,2016-06-01,321,-2.87
growth_yoy,2016-07-01,321,-5.235
growth_yoy,2016-08-01,321,-0.485
growth_yoy,2016-09-01,321,0.297
growth_yoy,2016-10-01,321,-5.38
growth_yoy,2016-11-01,321,-6.09
growth_yoy,2016-12-01,321,-0.892
growth_yoy,2017-01-01,321,3.238
growth_yoy,2017-02-01,321,1.703
growth_yoy,2017-03-01,321,6.169
growth_yoy,2017-04-01,321,5.049
growth_yoy,2017-05-01,321,6.853
growth_yoy,2017-06-01,321,-1.04
growth_yoy,2017-07-01,321,6.768
growth_yoy,2017-08-01,321,9.874
growth_yoy,2017-09-01,321,8.174
growth_yoy,2017-10-01,321,4.82
growth_yoy,2017-11-01,321,6.908
growth_yoy,2017-12-01,321,5.365
growth_yoy,2018-01-01,321,3.76
growth_yoy,2018-02-01,321,15.681
growth_yoy,2018-03-01,321,7.994
growth_yoy,2018-04-01,321,-0.597
growth_yoy,2018-05-01,321,0.003
growth_yoy,2018-06-01,321,-6.589
growth_yoy,2018-07-01,321,1.95
growth_yoy,2018-08-01,321,9.38
growth_yoy,2018-09-01,321,13.691
growth_yoy,2018-10-01,321,11.287
growth_yoy,2018-11-01,321,27.16
growth_yoy,2018-12-01,321,2.464
growth_yoy,2019-01-01,321,18.035
growth_yoy,2019-02-01,321,6.139
growth_yoy,2019-03-01,321,6.539
growth_yoy,2019-04-01,321,9.944
growth_yoy,2019-05-01,321,-4.636
growth_yoy,2019-06-01,321,-6.302
growth_yoy,2019-07-01,321,28.22
growth_yoy,2019-08-01,321,11.378
growth_yoy,2019-09-01,321,2.751
growth_yoy,2019-10-01,321,-1.368
growth_yoy,2019-11-01,321,3.811
growth_yoy,2019-12-01,321,17.921
growth_yoy,2020-01-01,321,25.591
growth_yoy,2020-02-01,321,32.331
growth_yoy,2020-03-01,321,10.559
growth_yoy,2020-04-01,321,-98.765
growth_yoy,2020-05-01,321,-44.05
growth_yoy,2020-06-01,321,7.545
growth_yoy,2020-07-01,321,0.287
growth_yoy,2020-08-01,321,29.533
growth_yoy,2020-09-01,321,35.409
growth_yoy,2020-10-01,321,33.142
growth_yoy,2020-11-01,321,15.009
growth_yoy,2020-12-01,321,4.49
growth_yoy,2021-01-01,321,-1.309
growth_yoy,2021-02-01,321,-2.903
growth_yoy,2021-03-01,321,12.956
growth_yoy,2021-04-01,321,13373.564
growth_yoy,2021-05-01,321,211.732
growth_yoy,2021-06-01,321,-9.093
growth_yoy,2021-07-01,321,-35.673
growth_yoy,2021-08-01,321,-39.798
growth_yoy,2021-09-01,321,-10.694
growth_yoy,2021-10-01,321,20.046
growth_yoy,2021-11-01,321,33.505
growth_yoy,2021-12-01,321,15.446
growth_yoy,2022-01-01,321,5.979
growth_yoy,2022-02-01,321,7.916
growth_yoy,2022-03-01,321,0.093
growth_yoy,2022-04-01,321,-13.623
growth_yoy,2022-05-01,321,19.407
growth_yoy,2022-06-01,321,63.654
growth_yoy,2022-07-01,321,55.508
growth_yoy,2022-08-01,321,-0.414
growth_yoy,2022-09-01,321,-6.032
growth_yoy,2022-10-01,321,2.879
growth_yoy,2022-11-01,321,5.478
growth_yoy,2022-12-01,321,4.073
growth_yoy,2023-01-01,321,3.971
growth_yoy,2023-02-01,321,3.606
growth_yoy,2023-03-01,321,2.628
growth_yoy,2023-04-01,321,4.347
growth_yoy,2023-05-01,321,3.325
growth_yoy,2023-06-01,321,-1.03
growth_yoy,2023-07-01,321,-1.516
growth_yoy,2023-08-01,321,-6.299
growth_yoy,2023-09-01,321,-0.918
growth_yoy,2023-10-01,321,8.791
growth_yoy,2023-11-01,321,0.85
growth_yoy,2023-12-01,321,9.376
growth_yoy,2024-01-01,321,0.322
growth_yoy,2024-02-01,321,4.934
growth_yoy,2024-03-01,321,4.671
growth_yoy,2024-04-01,321,6.304
growth_yoy,2024-05-01,321,-0.469
growth_yoy,2024-06-01,321,8.426
growth_yoy,2024-07-01,321,6.23
growth_yoy,2024-08-01,321,7.487
growth_yoy,2024-09-01,321,-2.009
growth_yoy,2024-10-01,321,-4.525
growth_yoy,2024-11-01,321,1.835
growth_yoy,2024-12-01,321,8.285
growth_yoy,2025-01-01,321,9.665
growth_yoy,2025-02-01,321,4.223
growth_yoy,2025-03-01,321,4.126
growth_yoy,2025-04-01,321,2.836
growth_yoy,2025-05-01,321,-3.819
growth_yoy,2025-06-01,321,-5.986
growth_yoy,2025-07-01,321,2.643
growth_yoy,2025-08-01,321,1.885
growth_yoy,2025-09-01,321,1.762
growth_yoy,2025-10-01,321,-0.54
growth_yoy,2025-11-01,321,2.934
growth_yoy,2025-12-01,321,2.562
growth_yoy,2026-01-01,321,-4.006
growth_yoy,2026-02-01,321,-4.53
growth_yoy,2026-03-01,321,-6.403
growth_yoy,2026-04-01,321,-1.636
growth_yoy,2026-05-01,321,-1.426
growth_yoy,2026-06-01,321,5.577
growth_mom,2015-02-01,321,-12.285
growth_mom,2015-03-01,321,6.47
growth_mom,2015-04-01,321,7.545
growth_mom,2015-05-01,321,-0.662
growth_mom,2015-06-01,321,15.046
growth_mom,2015-07-01,321,-8.994
growth_mom,2015-08-01,321,-13.401
growth_mom,2015-09-01,321,13.423
growth_mom,2015-10-01,321,5.138
growth_mom,2015-11-01,321,-18.362
growth_mom,2015-12-01,321,24.383
growth_mom,2016-01-01,321,-7.775
growth_mom,2016-02-01,321,-12.075
growth_mom,2016-03-01,321,8.877
growth_mom,2016-04-01,321,-3.894
growth_mom,2016-05-01,321,-5.219
growth_mom,2016-06-01,321,26.557
growth_mom,2016-07-01,321,-11.21
growth_mom,2016-08-01,321,-9.06
growth_mom,2016-09-01,321,14.314
growth_mom,2016-10-01,321,-0.813
growth_mom,2016-11-01,321,-18.976
growth_mom,2016-12-01,321,31.269
growth_mom,2017-01-01,321,-3.933
growth_mom,2017-02-01,321,-13.382
growth_mom,2017-03-01,321,13.658
growth_mom,2017-04-01,321,-4.907
growth_mom,2017-05-01,321,-3.592
growth_mom,2017-06-01,321,17.209
growth_mom,2017-07-01,321,-4.204
growth_mom,2017-08-01,321,-6.415
growth_mom,2017-09-01,321,12.546
growth_mom,2017-10-01,321,-3.888
growth_mom,2017-11-01,321,-17.362
growth_mom,2017-12-01,321,29.374
growth_mom,2018-01-01,321,-5.395
growth_mom,2018-02-01,321,-3.431
growth_mom,2018-03-01,321,6.106
growth_mom,2018-04-01,321,-12.472
growth_mom,2018-05-01,321,-3.01
growth_mom,2018-06-01,321,9.483
growth_mom,2018-07-01,321,4.553
growth_mom,2018-08-01,321,0.405
growth_mom,2018-09-01,321,16.981
growth_mom,2018-10-01,321,-5.919
growth_mom,2018-11-01,321,-5.576
growth_mom,2018-12-01,321,4.248
growth_mom,2019-01-01,321,8.981
growth_mom,2019-02-01,321,-13.163
growth_mom,2019-03-01,321,6.506
growth_mom,2019-04-01,321,-9.674
growth_mom,2019-05-01,321,-15.873
growth_mom,2019-06-01,321,7.571
growth_mom,2019-07-01,321,43.074
growth_mom,2019-08-01,321,-12.783
growth_mom,2019-09-01,321,7.92
growth_mom,2019-10-01,321,-9.69
growth_mom,2019-11-01,321,-0.617
growth_mom,2019-12-01,321,18.417
growth_mom,2020-01-01,321,16.069
growth_mom,2020-02-01,321,-8.503
growth_mom,2020-03-01,321,-11.017
growth_mom,2020-04-01,321,-98.991
growth_mom,2020-05-01,321,3710.561
growth_mom,2020-06-01,321,106.768
growth_mom,2020-07-01,321,33.419
growth_mom,2020-08-01,321,12.651
growth_mom,2020-09-01,321,12.815
growth_mom,2020-10-01,321,-11.202
growth_mom,2020-11-01,321,-14.152
growth_mom,2020-12-01,321,7.586
growth_mom,2021-01-01,321,9.628
growth_mom,2021-02-01,321,-9.98
growth_mom,2021-03-01,321,3.517
growth_mom,2021-04-01,321,20.375
growth_mom,2021-05-01,321,-11.837
growth_mom,2021-06-01,321,-39.703
growth_mom,2021-07-01,321,-5.591
growth_mom,2021-08-01,321,5.428
growth_mom,2021-09-01,321,67.353
growth_mom,2021-10-01,321,19.363
growth_mom,2021-11-01,321,-4.528
growth_mom,2021-12-01,321,-6.967
growth_mom,2022-01-01,321,0.638
growth_mom,2022-02-01,321,-8.335
growth_mom,2022-03-01,321,-3.987
growth_mom,2022-04-01,321,3.879
growth_mom,2022-05-01,321,21.877
growth_mom,2022-06-01,321,-17.359
growth_mom,2022-07-01,321,-10.291
growth_mom,2022-08-01,321,-32.485
growth_mom,2022-09-01,321,57.913
growth_mom,2022-10-01,321,30.683
growth_mom,2022-11-01,321,-2.117
growth_mom,2022-12-01,321,-8.206
growth_mom,2023-01-01,321,0.539
growth_mom,2023-02-01,321,-8.657
growth_mom,2023-03-01,321,-4.894
growth_mom,2023-04-01,321,5.62
growth_mom,2023-05-01,321,20.683
growth_mom,2023-06-01,321,-20.843
growth_mom,2023-07-01,321,-10.731
growth_mom,2023-08-01,321,-35.763
growth_mom,2023-09-01,321,66.98
growth_mom,2023-10-01,321,43.489
growth_mom,2023-11-01,321,-9.261
growth_mom,2023-12-01,321,-0.445
growth_mom,2024-01-01,321,-7.784
growth_mom,2024-02-01,321,-4.457
growth_mom,2024-03-01,321,-5.132
growth_mom,2024-04-01,321,7.267
growth_mom,2024-05-01,321,12.995
growth_mom,2024-06-01,321,-13.769
growth_mom,2024-07-01,321,-12.539
growth_mom,2024-08-01,321,-35.003
growth_mom,2024-09-01,321,52.229
growth_mom,2024-10-01,321,39.804
growth_mom,2024-11-01,321,-3.216
growth_mom,2024-12-01,321,5.86
growth_mom,2025-01-01,321,-6.61
growth_mom,2025-02-01,321,-9.197
growth_mom,2025-03-01,321,-5.221
growth_mom,2025-04-01,321,5.938
growth_mom,2025-05-01,321,5.683
growth_mom,2025-06-01,321,-15.711
growth_mom,2025-07-01,321,-4.512
growth_mom,2025-08-01,321,-35.484
growth_mom,2025-09-01,321,52.045
growth_mom,2025-10-01,321,36.641
growth_mom,2025-11-01,321,0.164
growth_mom,2025-12-01,321,5.479
growth_mom,2026-01-01,321,-12.591
growth_mom,2026-02-01,321,-9.693
growth_mom,2026-03-01,321,-7.08
growth_mom,2026-04-01,321,11.332
growth_mom,2026-05-01,321,5.908
growth_mom,2026-06-01,321,-9.723
abs,2015-01-01,322,89.032
abs,2015-02-01,322,89.032
abs,2015-03-01,322,85.161
abs,2015-04-01,322,100.645
abs,2015-05-01,322,120.0
abs,2015-06-01,322,112.258
abs,2015-07-01,322,100.645
abs,2015-08-01,322,116.129
abs,2015-09-01,322,112.258
abs,2015-10-01,322,100.645
abs,2015-11-01,322,89.032
abs,2015-12-01,322,85.161
abs,2016-01-01,322,89.943
abs,2016-02-01,322,90.159
abs,2016-03-01,322,88.188
abs,2016-04-01,322,93.137
abs,2016-05-01,322,105.955
abs,2016-06-01,322,109.037
abs,2016-07-01,322,95.377
abs,2016-08-01,322,115.566
abs,2016-09-01,322,112.591
abs,2016-10-01,322,95.231
abs,2016-11-01,322,83.61
abs,2016-12-01,322,84.402
abs,2017-01-01,322,92.855
abs,2017-02-01,322,91.694
abs,2017-03-01,322,93.629
abs,2017-04-01,322,97.84
abs,2017-05-01,322,113.216
abs,2017-06-01,322,107.903
abs,2017-07-01,322,101.832
abs,2017-08-01,322,126.976
abs,2017-09-01,322,121.794
abs,2017-10-01,322,99.821
abs,2017-11-01,322,89.385
abs,2017-12-01,322,88.929
abs,2018-01-01,322,92.726
abs,2018-02-01,322,92.716
abs,2018-03-01,322,93.29
abs,2018-04-01,322,111.948
abs,2018-05-01,322,118.551
abs,2018-06-01,322,107.93
abs,2018-07-01,322,107.93
abs,2018-08-01,322,116.129
abs,2018-09-01,322,118.862
abs,2018-10-01,322,116.129
abs,2018-11-01,322,112.258
abs,2018-12-01,322,92.903
abs,2019-01-01,322,96.597
abs,2019-02-01,322,95.63
abs,2019-03-01,322,96.227
abs,2019-04-01,322,92.903
abs,2019-05-01,322,94.92
abs,2019-06-01,322,89.579
abs,2019-07-01,322,96.745
abs,2019-08-01,322,100.645
abs,2019-09-01,322,102.194
abs,2019-10-01,322,116.947
abs,2019-11-01,322,110.466
abs,2019-12-01,322,105.399
abs,2020-01-01,322,100.151
abs,2020-02-01,322,94.856
abs,2020-03-01,322,100.135
abs,2020-04-01,322,98.381
abs,2020-05-01,322,97.296
abs,2020-06-01,322,98.111
abs,2020-07-01,322,97.672
abs,2020-08-01,322,97.54
abs,2020-09-01,322,101.168
abs,2020-10-01,322,100.506
abs,2020-11-01,322,101.233
abs,2020-12-01,322,102.632
abs,2021-01-01,322,103.706
abs,2021-02-01,322,104.029
abs,2021-03-01,322,105.197
abs,2021-04-01,322,106.148
abs,2021-05-01,322,106.892
abs,2021-06-01,322,69.076
abs,2021-07-01,322,82.572
abs,2021-08-01,322,77.709
abs,2021-09-01,322,84.728
abs,2021-10-01,322,92.819
abs,2021-11-01,322,77.208
abs,2021-12-01,322,74.337
abs,2022-01-01,322,71.37
abs,2022-02-01,322,68.403
abs,2022-03-01,322,65.723
abs,2022-04-01,322,90.21
abs,2022-05-01,322,71.3
abs,2022-06-01,322,73.946
abs,2022-07-01,322,78.128
abs,2022-08-01,322,71.598
abs,2022-09-01,322,71.35
abs,2022-10-01,322,75.044
abs,2022-11-01,322,75.346
abs,2022-12-01,322,75.262
abs,2023-01-01,322,75.476
abs,2023-02-01,322,75.765
abs,2023-03-01,322,75.005
abs,2023-04-01,322,75.963
abs,2023-05-01,322,60.04
abs,2023-06-01,322,62.268
abs,2023-07-01,322,65.79
abs,2023-08-01,322,63.436
abs,2023-09-01,322,63.216
abs,2023-10-01,322,66.489
abs,2023-11-01,322,66.757
abs,2023-12-01,322,66.682
abs,2024-01-01,322,66.872
abs,2024-02-01,322,69.25
abs,2024-03-01,322,69.379
abs,2024-04-01,322,72.013
abs,2024-05-01,322,56.498
abs,2024-06-01,322,58.096
abs,2024-07-01,322,62.961
abs,2024-08-01,322,61.343
abs,2024-09-01,322,61.635
abs,2024-10-01,322,65.957
abs,2024-11-01,322,67.224
abs,2024-12-01,322,67.282
abs,2025-01-01,322,67.607
abs,2025-02-01,322,67.795
abs,2025-03-01,322,67.922
abs,2025-04-01,322,70.501
abs,2025-05-01,322,55.311
abs,2025-06-01,322,56.876
abs,2025-07-01,322,61.639
abs,2025-08-01,322,60.422
abs,2025-09-01,322,60.957
abs,2025-10-01,322,65.099
abs,2025-11-01,322,66.35
abs,2025-12-01,322,66.408
abs,2026-01-01,322,66.728
abs,2026-02-01,322,66.914
abs,2026-03-01,322,67.039
abs,2026-04-01,322,69.584
abs,2026-05-01,322,54.592
abs,2026-06-01,322,56.137
growth_yoy,2016-01-01,322,1.023
growth_yoy,2016-02-01,322,1.266
growth_yoy,2016-03-01,322,3.554
growth_yoy,2016-04-01,322,-7.46
growth_yoy,2016-05-01,322,-11.704
growth_yoy,2016-06-01,322,-2.869
growth_yoy,2016-07-01,322,-5.234
growth_yoy,2016-08-01,322,-0.485
growth_yoy,2016-09-01,322,0.297
growth_yoy,2016-10-01,322,-5.379
growth_yoy,2016-11-01,322,-6.09
growth_yoy,2016-12-01,322,-0.892
growth_yoy,2017-01-01,322,3.237
growth_yoy,2017-02-01,322,1.703
growth_yoy,2017-03-01,322,6.17
growth_yoy,2017-04-01,322,5.05
growth_yoy,2017-05-01,322,6.853
growth_yoy,2017-06-01,322,-1.04
growth_yoy,2017-07-01,322,6.768
growth_yoy,2017-08-01,322,9.873
growth_yoy,2017-09-01,322,8.174
growth_yoy,2017-10-01,322,4.82
growth_yoy,2017-11-01,322,6.908
growth_yoy,2017-12-01,322,5.364
growth_yoy,2018-01-01,322,-0.139
growth_yoy,2018-02-01,322,1.114
growth_yoy,2018-03-01,322,-0.362
growth_yoy,2018-04-01,322,14.42
growth_yoy,2018-05-01,322,4.712
growth_yoy,2018-06-01,322,0.025
growth_yoy,2018-07-01,322,5.988
growth_yoy,2018-08-01,322,-8.543
growth_yoy,2018-09-01,322,-2.407
growth_yoy,2018-10-01,322,16.337
growth_yoy,2018-11-01,322,25.589
growth_yoy,2018-12-01,322,4.469
growth_yoy,2019-01-01,322,4.175
growth_yoy,2019-02-01,322,3.143
growth_yoy,2019-03-01,322,3.148
growth_yoy,2019-04-01,322,-17.012
growth_yoy,2019-05-01,322,-19.933
growth_yoy,2019-06-01,322,-17.002
growth_yoy,2019-07-01,322,-10.363
growth_yoy,2019-08-01,322,-13.333
growth_yoy,2019-09-01,322,-14.023
growth_yoy,2019-10-01,322,0.704
growth_yoy,2019-11-01,322,-1.596
growth_yoy,2019-12-01,322,13.451
growth_yoy,2020-01-01,322,3.679
growth_yoy,2020-02-01,322,-0.81
growth_yoy,2020-03-01,322,4.061
growth_yoy,2020-04-01,322,5.896
growth_yoy,2020-05-01,322,2.503
growth_yoy,2020-06-01,322,9.525
growth_yoy,2020-07-01,322,0.958
growth_yoy,2020-08-01,322,-3.085
growth_yoy,2020-09-01,322,-1.004
growth_yoy,2020-10-01,322,-14.059
growth_yoy,2020-11-01,322,-8.359
growth_yoy,2020-12-01,322,-2.626
growth_yoy,2021-01-01,322,3.55
growth_yoy,2021-02-01,322,9.67
growth_yoy,2021-03-01,322,5.055
growth_yoy,2021-04-01,322,7.895
growth_yoy,2021-05-01,322,9.863
growth_yoy,2021-06-01,322,-29.594
growth_yoy,2021-07-01,322,-15.46
growth_yoy,2021-08-01,322,-20.332
growth_yoy,2021-09-01,322,-16.25
growth_yoy,2021-10-01,322,-7.648
growth_yoy,2021-11-01,322,-23.732
growth_yoy,2021-12-01,322,-27.569
growth_yoy,2022-01-01,322,-31.181
growth_yoy,2022-02-01,322,-34.246
growth_yoy,2022-03-01,322,-37.524
growth_yoy,2022-04-01,322,-15.015
growth_yoy,2022-05-01,322,-33.297
growth_yoy,2022-06-01,322,7.05
growth_yoy,2022-07-01,322,-5.382
growth_yoy,2022-08-01,322,-7.864
growth_yoy,2022-09-01,322,-15.79
growth_yoy,2022-10-01,322,-19.15
growth_yoy,2022-11-01,322,-2.411
growth_yoy,2022-12-01,322,1.245
growth_yoy,2023-01-01,322,5.754
growth_yoy,2023-02-01,322,10.764
growth_yoy,2023-03-01,322,14.123
growth_yoy,2023-04-01,322,-15.792
growth_yoy,2023-05-01,322,-15.792
growth_yoy,2023-06-01,322,-15.792
growth_yoy,2023-07-01,322,-15.792
growth_yoy,2023-08-01,322,-11.4
growth_yoy,2023-09-01,322,-11.4
growth_yoy,2023-10-01,322,-11.4
growth_yoy,2023-11-01,322,-11.4
growth_yoy,2023-12-01,322,-11.4
growth_yoy,2024-01-01,322,-11.4
growth_yoy,2024-02-01,322,-8.6
growth_yoy,2024-03-01,322,-7.5
growth_yoy,2024-04-01,322,-5.2
growth_yoy,2024-05-01,322,-5.9
growth_yoy,2024-06-01,322,-6.7
growth_yoy,2024-07-01,322,-4.3
growth_yoy,2024-08-01,322,-3.3
growth_yoy,2024-09-01,322,-2.5
growth_yoy,2024-10-01,322,-0.8
growth_yoy,2024-11-01,322,0.7
growth_yoy,2024-12-01,322,0.9
growth_yoy,2025-01-01,322,1.1
growth_yoy,2025-02-01,322,-2.1
growth_yoy,2025-03-01,322,-2.1
growth_yoy,2025-04-01,322,-2.1
growth_yoy,2025-05-01,322,-2.1
growth_yoy,2025-06-01,322,-2.1
growth_yoy,2025-07-01,322,-2.1
growth_yoy,2025-08-01,322,-1.5
growth_yoy,2025-09-01,322,-1.1
growth_yoy,2025-10-01,322,-1.3
growth_yoy,2025-11-01,322,-1.3
growth_yoy,2025-12-01,322,-1.3
growth_yoy,2026-01-01,322,-1.3
growth_yoy,2026-02-01,322,-1.3
growth_yoy,2026-03-01,322,-1.3
growth_yoy,2026-04-01,322,-1.3
growth_yoy,2026-05-01,322,-1.3
growth_yoy,2026-06-01,322,-1.3
growth_mom,2015-02-01,322,0.0
growth_mom,2015-03-01,322,-4.348
growth_mom,2015-04-01,322,18.182
growth_mom,2015-05-01,322,19.231
growth_mom,2015-06-01,322,-6.452
growth_mom,2015-07-01,322,-10.345
growth_mom,2015-08-01,322,15.385
growth_mom,2015-09-01,322,-3.333
growth_mom,2015-10-01,322,-10.345
growth_mom,2015-11-01,322,-11.538
growth_mom,2015-12-01,322,-4.348
growth_mom,2016-01-01,322,5.615
growth_mom,2016-02-01,322,0.24
growth_mom,2016-03-01,322,-2.186
growth_mom,2016-04-01,322,5.612
growth_mom,2016-05-01,322,13.763
growth_mom,2016-06-01,322,2.909
growth_mom,2016-07-01,322,-12.528
growth_mom,2016-08-01,322,21.168
growth_mom,2016-09-01,322,-2.574
growth_mom,2016-10-01,322,-15.419
growth_mom,2016-11-01,322,-12.203
growth_mom,2016-12-01,322,0.947
growth_mom,2017-01-01,322,10.015
growth_mom,2017-02-01,322,-1.25
growth_mom,2017-03-01,322,2.11
growth_mom,2017-04-01,322,4.498
growth_mom,2017-05-01,322,15.715
growth_mom,2017-06-01,322,-4.693
growth_mom,2017-07-01,322,-5.626
growth_mom,2017-08-01,322,24.692
growth_mom,2017-09-01,322,-4.081
growth_mom,2017-10-01,322,-18.041
growth_mom,2017-11-01,322,-10.455
growth_mom,2017-12-01,322,-0.511
growth_mom,2018-01-01,322,4.27
growth_mom,2018-02-01,322,-0.011
growth_mom,2018-03-01,322,0.62
growth_mom,2018-04-01,322,20.0
growth_mom,2018-05-01,322,5.898
growth_mom,2018-06-01,322,-8.959
growth_mom,2018-07-01,322,0.0
growth_mom,2018-08-01,322,7.597
growth_mom,2018-09-01,322,2.353
growth_mom,2018-10-01,322,-2.299
growth_mom,2018-11-01,322,-3.333
growth_mom,2018-12-01,322,-17.241
growth_mom,2019-01-01,322,3.976
growth_mom,2019-02-01,322,-1.001
growth_mom,2019-03-01,322,0.625
growth_mom,2019-04-01,322,-3.454
growth_mom,2019-05-01,322,2.171
growth_mom,2019-06-01,322,-5.627
growth_mom,2019-07-01,322,8.0
growth_mom,2019-08-01,322,4.031
growth_mom,2019-09-01,322,1.538
growth_mom,2019-10-01,322,14.437
growth_mom,2019-11-01,322,-5.542
growth_mom,2019-12-01,322,-4.587
growth_mom,2020-01-01,322,-4.98
growth_mom,2020-02-01,322,-5.287
growth_mom,2020-03-01,322,5.566
growth_mom,2020-04-01,322,-1.752
growth_mom,2020-05-01,322,-1.102
growth_mom,2020-06-01,322,0.838
growth_mom,2020-07-01,322,-0.448
growth_mom,2020-08-01,322,-0.135
growth_mom,2020-09-01,322,3.719
growth_mom,2020-10-01,322,-0.655
growth_mom,2020-11-01,322,0.723
growth_mom,2020-12-01,322,1.382
growth_mom,2021-01-01,322,1.046
growth_mom,2021-02-01,322,0.311
growth_mom,2021-03-01,322,1.123
growth_mom,2021-04-01,322,0.904
growth_mom,2021-05-01,322,0.701
growth_mom,2021-06-01,322,-35.378
growth_mom,2021-07-01,322,19.537
growth_mom,2021-08-01,322,-5.89
growth_mom,2021-09-01,322,9.033
growth_mom,2021-10-01,322,9.549
growth_mom,2021-11-01,322,-16.818
growth_mom,2021-12-01,322,-3.719
growth_mom,2022-01-01,322,-3.991
growth_mom,2022-02-01,322,-4.157
growth_mom,2022-03-01,322,-3.918
growth_mom,2022-04-01,322,37.258
growth_mom,2022-05-01,322,-20.962
growth_mom,2022-06-01,322,3.711
growth_mom,2022-07-01,322,5.656
growth_mom,2022-08-01,322,-8.358
growth_mom,2022-09-01,322,-0.347
growth_mom,2022-10-01,322,5.178
growth_mom,2022-11-01,322,0.403
growth_mom,2022-12-01,322,-0.112
growth_mom,2023-01-01,322,0.284
growth_mom,2023-02-01,322,0.383
growth_mom,2023-03-01,322,-1.004
growth_mom,2023-04-01,322,1.278
growth_mom,2023-05-01,322,-20.962
growth_mom,2023-06-01,322,3.711
growth_mom,2023-07-01,322,5.656
growth_mom,2023-08-01,322,-3.578
growth_mom,2023-09-01,322,-0.347
growth_mom,2023-10-01,322,5.178
growth_mom,2023-11-01,322,0.403
growth_mom,2023-12-01,322,-0.112
growth_mom,2024-01-01,322,0.284
growth_mom,2024-02-01,322,3.556
growth_mom,2024-03-01,322,0.188
growth_mom,2024-04-01,322,3.796
growth_mom,2024-05-01,322,-21.545
growth_mom,2024-06-01,322,2.829
growth_mom,2024-07-01,322,8.374
growth_mom,2024-08-01,322,-2.57
growth_mom,2024-09-01,322,0.477
growth_mom,2024-10-01,322,7.011
growth_mom,2024-11-01,322,1.921
growth_mom,2024-12-01,322,0.087
growth_mom,2025-01-01,322,0.483
growth_mom,2025-02-01,322,0.278
growth_mom,2025-03-01,322,0.188
growth_mom,2025-04-01,322,3.796
growth_mom,2025-05-01,322,-21.545
growth_mom,2025-06-01,322,2.829
growth_mom,2025-07-01,322,8.374
growth_mom,2025-08-01,322,-1.973
growth_mom,2025-09-01,322,0.885
growth_mom,2025-10-01,322,6.795
growth_mom,2025-11-01,322,1.921
growth_mom,2025-12-01,322,0.087
growth_mom,2026-01-01,322,0.483
growth_mom,2026-02-01,322,0.278
growth_mom,2026-03-01,322,0.188
growth_mom,2026-04-01,322,3.796
growth_mom,2026-05-01,322,-21.545
growth_mom,2026-06-01,322,2.829
abs,2015-01-01,323,99.319
abs,2015-02-01,323,96.731
abs,2015-03-01,323,113.063
abs,2015-04-01,323,115.524
abs,2015-05-01,323,96.186
abs,2015-06-01,323,103.835
abs,2015-07-01,323,93.388
abs,2015-08-01,323,110.867
abs,2015-09-01,323,101.326
abs,2015-10-01,323,91.099
abs,2015-11-01,323,89.244
abs,2015-12-01,323,89.417
abs,2016-01-01,323,100.336
abs,2016-02-01,323,97.956
abs,2016-03-01,323,117.081
abs,2016-04-01,323,106.906
abs,2016-05-01,323,84.928
abs,2016-06-01,323,100.855
abs,2016-07-01,323,88.499
abs,2016-08-01,323,110.329
abs,2016-09-01,323,101.627
abs,2016-10-01,323,86.198
abs,2016-11-01,323,83.809
abs,2016-12-01,323,88.62
abs,2017-01-01,323,103.584
abs,2017-02-01,323,99.623
abs,2017-03-01,323,124.305
abs,2017-04-01,323,112.305
abs,2017-05-01,323,90.748
abs,2017-06-01,323,99.806
abs,2017-07-01,323,94.489
abs,2017-08-01,323,121.223
abs,2017-09-01,323,109.934
abs,2017-10-01,323,90.353
abs,2017-11-01,323,89.599
abs,2017-12-01,323,93.373
abs,2018-01-01,323,114.73
abs,2018-02-01,323,97.014
abs,2018-03-01,323,103.835
abs,2018-04-01,323,118.838
abs,2018-05-01,323,119.211
abs,2018-06-01,323,113.961
abs,2018-07-01,323,111.862
abs,2018-08-01,323,120.615
abs,2018-09-01,323,112.506
abs,2018-10-01,323,103.153
abs,2018-11-01,323,93.809
abs,2018-12-01,323,89.258
abs,2019-01-01,323,93.258
abs,2019-02-01,323,91.604
abs,2019-03-01,323,102.822
abs,2019-04-01,323,120.337
abs,2019-05-01,323,129.612
abs,2019-06-01,323,94.991
abs,2019-07-01,323,106.3
abs,2019-08-01,323,118.53
abs,2019-09-01,323,113.768
abs,2019-10-01,323,112.866
abs,2019-11-01,323,103.077
abs,2019-12-01,323,102.636
abs,2020-01-01,323,95.229
abs,2020-02-01,323,108.969
abs,2020-03-01,323,86.959
abs,2020-04-01,323,23.382
abs,2020-05-01,323,61.409
abs,2020-06-01,323,105.953
abs,2020-07-01,323,133.804
abs,2020-08-01,323,134.543
abs,2020-09-01,323,131.507
abs,2020-10-01,323,132.189
abs,2020-11-01,323,127.804
abs,2020-12-01,323,117.493
abs,2021-01-01,323,107.918
abs,2021-02-01,323,110.53
abs,2021-03-01,323,102.731
abs,2021-04-01,323,98.704
abs,2021-05-01,323,92.389
abs,2021-06-01,323,96.452
abs,2021-07-01,323,99.633
abs,2021-08-01,323,115.261
abs,2021-09-01,323,122.137
abs,2021-10-01,323,116.629
abs,2021-11-01,323,111.126
abs,2021-12-01,323,114.356
abs,2022-01-01,323,102.287
abs,2022-02-01,323,82.52
abs,2022-03-01,323,89.654
abs,2022-04-01,323,101.953
abs,2022-05-01,323,87.009
abs,2022-06-01,323,91.92
abs,2022-07-01,323,94.043
abs,2022-08-01,323,81.827
abs,2022-09-01,323,76.656
abs,2022-10-01,323,80.74
abs,2022-11-01,323,91.802
abs,2022-12-01,323,85.377
abs,2023-01-01,323,98.819
abs,2023-02-01,323,88.088
abs,2023-03-01,323,92.97
abs,2023-04-01,323,84.178
abs,2023-05-01,323,82.76
abs,2023-06-01,323,71.428
abs,2023-07-01,323,87.71
abs,2023-08-01,323,81.27
abs,2023-09-01,323,74.079
abs,2023-10-01,323,78.603
abs,2023-11-01,323,90.59
abs,2023-12-01,323,86.061
abs,2024-01-01,323,102.255
abs,2024-02-01,323,87.705
abs,2024-03-01,323,98.999
abs,2024-04-01,323,81.488
abs,2024-05-01,323,83.826
abs,2024-06-01,323,68.868
abs,2024-07-01,323,91.421
abs,2024-08-01,323,75.488
abs,2024-09-01,323,74.684
abs,2024-10-01,323,73.715
abs,2024-11-01,323,82.758
abs,2024-12-01,323,75.467
abs,2025-01-01,323,79.282
abs,2025-02-01,323,74.332
abs,2025-03-01,323,80.539
abs,2025-04-01,323,69.183
abs,2025-05-01,323,68.695
abs,2025-06-01,323,63.511
abs,2025-07-01,323,80.846
abs,2025-08-01,323,67.14
abs,2025-09-01,323,64.608
abs,2025-10-01,323,63.023
abs,2025-11-01,323,73.534
abs,2025-12-01,323,66.923
abs,2026-01-01,323,68.143
abs,2026-02-01,323,64.564
abs,2026-03-01,323,73.335
abs,2026-04-01,323,65.734
abs,2026-05-01,323,63.822
abs,2026-06-01,323,57.568
growth_yoy,2016-01-01,323,1.023
growth_yoy,2016-02-01,323,1.266
growth_yoy,2016-03-01,323,3.554
growth_yoy,2016-04-01,323,-7.46
growth_yoy,2016-05-01,323,-11.704
growth_yoy,2016-06-01,323,-2.87
growth_yoy,2016-07-01,323,-5.235
growth_yoy,2016-08-01,323,-0.485
growth_yoy,2016-09-01,323,0.297
growth_yoy,2016-10-01,323,-5.379
growth_yoy,2016-11-01,323,-6.091
growth_yoy,2016-12-01,323,-0.892
growth_yoy,2017-01-01,323,3.237
growth_yoy,2017-02-01,323,1.702
growth_yoy,2017-03-01,323,6.17
growth_yoy,2017-04-01,323,5.05
growth_yoy,2017-05-01,323,6.853
growth_yoy,2017-06-01,323,-1.04
growth_yoy,2017-07-01,323,6.768
growth_yoy,2017-08-01,323,9.874
growth_yoy,2017-09-01,323,8.174
growth_yoy,2017-10-01,323,4.82
growth_yoy,2017-11-01,323,6.908
growth_yoy,2017-12-01,323,5.363
growth_yoy,2018-01-01,323,10.76
growth_yoy,2018-02-01,323,-2.619
growth_yoy,2018-03-01,323,-16.468
growth_yoy,2018-04-01,323,5.817
growth_yoy,2018-05-01,323,31.364
growth_yoy,2018-06-01,323,14.183
growth_yoy,2018-07-01,323,18.386
growth_yoy,2018-08-01,323,-0.501
growth_yoy,2018-09-01,323,2.34
growth_yoy,2018-10-01,323,14.166
growth_yoy,2018-11-01,323,4.7
growth_yoy,2018-12-01,323,-4.407
growth_yoy,2019-01-01,323,-18.715
growth_yoy,2019-02-01,323,-5.576
growth_yoy,2019-03-01,323,-0.976
growth_yoy,2019-04-01,323,1.261
growth_yoy,2019-05-01,323,8.725
growth_yoy,2019-06-01,323,-16.646
growth_yoy,2019-07-01,323,-4.972
growth_yoy,2019-08-01,323,-1.728
growth_yoy,2019-09-01,323,1.121
growth_yoy,2019-10-01,323,9.417
growth_yoy,2019-11-01,323,9.879
growth_yoy,2019-12-01,323,14.987
growth_yoy,2020-01-01,323,2.114
growth_yoy,2020-02-01,323,18.957
growth_yoy,2020-03-01,323,-15.428
growth_yoy,2020-04-01,323,-80.569
growth_yoy,2020-05-01,323,-52.621
growth_yoy,2020-06-01,323,11.54
growth_yoy,2020-07-01,323,25.873
growth_yoy,2020-08-01,323,13.51
growth_yoy,2020-09-01,323,15.593
growth_yoy,2020-10-01,323,17.12
growth_yoy,2020-11-01,323,23.989
growth_yoy,2020-12-01,323,14.476
growth_yoy,2021-01-01,323,13.325
growth_yoy,2021-02-01,323,1.433
growth_yoy,2021-03-01,323,18.138
growth_yoy,2021-04-01,323,322.131
growth_yoy,2021-05-01,323,50.448
growth_yoy,2021-06-01,323,-8.967
growth_yoy,2021-07-01,323,-25.538
growth_yoy,2021-08-01,323,-14.332
growth_yoy,2021-09-01,323,-7.125
growth_yoy,2021-10-01,323,-11.771
growth_yoy,2021-11-01,323,-13.049
growth_yoy,2021-12-01,323,-2.67
growth_yoy,2022-01-01,323,-5.218
growth_yoy,2022-02-01,323,-25.342
growth_yoy,2022-03-01,323,-12.73
growth_yoy,2022-04-01,323,3.291
growth_yoy,2022-05-01,323,-5.823
growth_yoy,2022-06-01,323,-4.698
growth_yoy,2022-07-01,323,-5.611
growth_yoy,2022-08-01,323,-29.007
growth_yoy,2022-09-01,323,-37.238
growth_yoy,2022-10-01,323,-30.772
growth_yoy,2022-11-01,323,-17.389
growth_yoy,2022-12-01,323,-25.341
growth_yoy,2023-01-01,323,-3.391
growth_yoy,2023-02-01,323,6.748
growth_yoy,2023-03-01,323,3.699
growth_yoy,2023-04-01,323,-17.434
growth_yoy,2023-05-01,323,-4.884
growth_yoy,2023-06-01,323,-22.293
growth_yoy,2023-07-01,323,-6.734
growth_yoy,2023-08-01,323,-0.681
growth_yoy,2023-09-01,323,-3.362
growth_yoy,2023-10-01,323,-2.647
growth_yoy,2023-11-01,323,-1.32
growth_yoy,2023-12-01,323,0.801
growth_yoy,2024-01-01,323,3.477
growth_yoy,2024-02-01,323,-0.435
growth_yoy,2024-03-01,323,6.485
growth_yoy,2024-04-01,323,-3.195
growth_yoy,2024-05-01,323,1.288
growth_yoy,2024-06-01,323,-3.584
growth_yoy,2024-07-01,323,4.231
growth_yoy,2024-08-01,323,-7.115
growth_yoy,2024-09-01,323,0.816
growth_yoy,2024-10-01,323,-6.218
growth_yoy,2024-11-01,323,-8.646
growth_yoy,2024-12-01,323,-12.31
growth_yoy,2025-01-01,323,-22.466
growth_yoy,2025-02-01,323,-15.248
growth_yoy,2025-03-01,323,-18.647
growth_yoy,2025-04-01,323,-15.1
growth_yoy,2025-05-01,323,-18.05
growth_yoy,2025-06-01,323,-7.779
growth_yoy,2025-07-01,323,-11.568
growth_yoy,2025-08-01,323,-11.059
growth_yoy,2025-09-01,323,-13.492
growth_yoy,2025-10-01,323,-14.506
growth_yoy,2025-11-01,323,-11.146
growth_yoy,2025-12-01,323,-11.321
growth_yoy,2026-01-01,323,-14.05
growth_yoy,2026-02-01,323,-13.142
growth_yoy,2026-03-01,323,-8.945
growth_yoy,2026-04-01,323,-4.986
growth_yoy,2026-05-01,323,-7.095
growth_yoy,2026-06-01,323,-9.356
growth_mom,2015-02-01,323,-2.606
growth_mom,2015-03-01,323,16.884
growth_mom,2015-04-01,323,2.177
growth_mom,2015-05-01,323,-16.74
growth_mom,2015-06-01,323,7.952
growth_mom,2015-07-01,323,-10.061
growth_mom,2015-08-01,323,18.717
growth_mom,2015-09-01,323,-8.606
growth_mom,2015-10-01,323,-10.094
growth_mom,2015-11-01,323,-2.035
growth_mom,2015-12-01,323,0.194
growth_mom,2016-01-01,323,12.211
growth_mom,2016-02-01,323,-2.372
growth_mom,2016-03-01,323,19.524
growth_mom,2016-04-01,323,-8.691
growth_mom,2016-05-01,323,-20.558
growth_mom,2016-06-01,323,18.754
growth_mom,2016-07-01,323,-12.251
growth_mom,2016-08-01,323,24.667
growth_mom,2016-09-01,323,-7.887
growth_mom,2016-10-01,323,-15.182
growth_mom,2016-11-01,323,-2.772
growth_mom,2016-12-01,323,5.74
growth_mom,2017-01-01,323,16.886
growth_mom,2017-02-01,323,-3.824
growth_mom,2017-03-01,323,24.775
growth_mom,2017-04-01,323,-9.654
growth_mom,2017-05-01,323,-19.195
growth_mom,2017-06-01,323,9.981
growth_mom,2017-07-01,323,-5.327
growth_mom,2017-08-01,323,28.293
growth_mom,2017-09-01,323,-9.312
growth_mom,2017-10-01,323,-17.812
growth_mom,2017-11-01,323,-0.835
growth_mom,2017-12-01,323,4.213
growth_mom,2018-01-01,323,22.873
growth_mom,2018-02-01,323,-15.442
growth_mom,2018-03-01,323,7.031
growth_mom,2018-04-01,323,14.449
growth_mom,2018-05-01,323,0.313
growth_mom,2018-06-01,323,-4.403
growth_mom,2018-07-01,323,-1.842
growth_mom,2018-08-01,323,7.825
growth_mom,2018-09-01,323,-6.723
growth_mom,2018-10-01,323,-8.314
growth_mom,2018-11-01,323,-9.058
growth_mom,2018-12-01,323,-4.851
growth_mom,2019-01-01,323,4.481
growth_mom,2019-02-01,323,-1.774
growth_mom,2019-03-01,323,12.246
growth_mom,2019-04-01,323,17.034
growth_mom,2019-05-01,323,7.707
growth_mom,2019-06-01,323,-26.711
growth_mom,2019-07-01,323,11.906
growth_mom,2019-08-01,323,11.505
growth_mom,2019-09-01,323,-4.018
growth_mom,2019-10-01,323,-0.792
growth_mom,2019-11-01,323,-8.674
growth_mom,2019-12-01,323,-0.427
growth_mom,2020-01-01,323,-7.217
growth_mom,2020-02-01,323,14.428
growth_mom,2020-03-01,323,-20.199
growth_mom,2020-04-01,323,-73.111
growth_mom,2020-05-01,323,162.629
growth_mom,2020-06-01,323,72.536
growth_mom,2020-07-01,323,26.286
growth_mom,2020-08-01,323,0.553
growth_mom,2020-09-01,323,-2.257
growth_mom,2020-10-01,323,0.518
growth_mom,2020-11-01,323,-3.317
growth_mom,2020-12-01,323,-8.067
growth_mom,2021-01-01,323,-8.149
growth_mom,2021-02-01,323,2.42
growth_mom,2021-03-01,323,-7.056
growth_mom,2021-04-01,323,-3.92
growth_mom,2021-05-01,323,-6.399
growth_mom,2021-06-01,323,4.398
growth_mom,2021-07-01,323,3.298
growth_mom,2021-08-01,323,15.685
growth_mom,2021-09-01,323,5.966
growth_mom,2021-10-01,323,-4.509
growth_mom,2021-11-01,323,-4.719
growth_mom,2021-12-01,323,2.907
growth_mom,2022-01-01,323,-10.554
growth_mom,2022-02-01,323,-19.325
growth_mom,2022-03-01,323,8.645
growth_mom,2022-04-01,323,13.719
growth_mom,2022-05-01,323,-14.657
growth_mom,2022-06-01,323,5.644
growth_mom,2022-07-01,323,2.309
growth_mom,2022-08-01,323,-12.989
growth_mom,2022-09-01,323,-6.32
growth_mom,2022-10-01,323,5.328
growth_mom,2022-11-01,323,13.701
growth_mom,2022-12-01,323,-6.999
growth_mom,2023-01-01,323,15.744
growth_mom,2023-02-01,323,-10.859
growth_mom,2023-03-01,323,5.542
growth_mom,2023-04-01,323,-9.457
growth_mom,2023-05-01,323,-1.684
growth_mom,2023-06-01,323,-13.693
growth_mom,2023-07-01,323,22.795
growth_mom,2023-08-01,323,-7.342
growth_mom,2023-09-01,323,-8.848
growth_mom,2023-10-01,323,6.107
growth_mom,2023-11-01,323,15.251
growth_mom,2023-12-01,323,-5.0
growth_mom,2024-01-01,323,18.817
growth_mom,2024-02-01,323,-14.229
growth_mom,2024-03-01,323,12.877
growth_mom,2024-04-01,323,-17.688
growth_mom,2024-05-01,323,2.869
growth_mom,2024-06-01,323,-17.844
growth_mom,2024-07-01,323,32.748
growth_mom,2024-08-01,323,-17.428
growth_mom,2024-09-01,323,-1.066
growth_mom,2024-10-01,323,-1.296
growth_mom,2024-11-01,323,12.267
growth_mom,2024-12-01,323,-8.81
growth_mom,2025-01-01,323,5.055
growth_mom,2025-02-01,323,-6.244
growth_mom,2025-03-01,323,8.35
growth_mom,2025-04-01,323,-14.099
growth_mom,2025-05-01,323,-0.706
growth_mom,2025-06-01,323,-7.547
growth_mom,2025-07-01,323,27.294
growth_mom,2025-08-01,323,-16.953
growth_mom,2025-09-01,323,-3.772
growth_mom,2025-10-01,323,-2.453
growth_mom,2025-11-01,323,16.68
growth_mom,2025-12-01,323,-8.991
growth_mom,2026-01-01,323,1.823
growth_mom,2026-02-01,323,-5.253
growth_mom,2026-03-01,323,13.585
growth_mom,2026-04-01,323,-10.365
growth_mom,2026-05-01,323,-2.909
growth_mom,2026-06-01,323,-9.798
abs,2015-01-01,324,101.724
abs,2015-02-01,324,92.741
abs,2015-03-01,324,101.904
abs,2015-04-01,324,95.229
abs,2015-05-01,324,97.594
abs,2015-06-01,324,107.844
abs,2015-07-01,324,99.157
abs,2015-08-01,324,101.879
abs,2015-09-01,324,104.096
abs,2015-10-01,324,98.41
abs,2015-11-01,324,102.93
abs,2015-12-01,324,96.492
abs,2016-01-01,324,102.765
abs,2016-02-01,324,93.915
abs,2016-03-01,324,105.526
abs,2016-04-01,324,88.125
abs,2016-05-01,324,86.171
abs,2016-06-01,324,104.749
abs,2016-07-01,324,93.966
abs,2016-08-01,324,101.385
abs,2016-09-01,324,104.405
abs,2016-10-01,324,93.116
abs,2016-11-01,324,96.661
abs,2016-12-01,324,95.631
abs,2017-01-01,324,106.092
abs,2017-02-01,324,95.514
abs,2017-03-01,324,112.037
abs,2017-04-01,324,92.575
abs,2017-05-01,324,92.076
abs,2017-06-01,324,103.66
abs,2017-07-01,324,100.326
abs,2017-08-01,324,111.395
abs,2017-09-01,324,112.939
abs,2017-10-01,324,97.605
abs,2017-11-01,324,103.339
abs,2017-12-01,324,100.761
abs,2018-01-01,324,109.372
abs,2018-02-01,324,102.676
abs,2018-03-01,324,110.344
abs,2018-04-01,324,95.836
abs,2018-05-01,324,98.068
abs,2018-06-01,324,105.264
abs,2018-07-01,324,114.954
abs,2018-08-01,324,115.19
abs,2018-09-01,324,115.665
abs,2018-10-01,324,101.894
abs,2018-11-01,324,103.118
abs,2018-12-01,324,98.753
abs,2019-01-01,324,114.838
abs,2019-02-01,324,111.82
abs,2019-03-01,324,108.802
abs,2019-04-01,324,100.28
abs,2019-05-01,324,89.291
abs,2019-06-01,324,76.118
abs,2019-07-01,324,103.323
abs,2019-08-01,324,106.959
abs,2019-09-01,324,112.071
abs,2019-10-01,324,107.626
abs,2019-11-01,324,102.397
abs,2019-12-01,324,84.086
abs,2020-01-01,324,92.529
abs,2020-02-01,324,102.856
abs,2020-03-01,324,86.98
abs,2020-04-01,324,17.534
abs,2020-05-01,324,43.288
abs,2020-06-01,324,84.044
abs,2020-07-01,324,115.489
abs,2020-08-01,324,115.482
abs,2020-09-01,324,91.86
abs,2020-10-01,324,97.588
abs,2020-11-01,324,100.785
abs,2020-12-01,324,90.119
abs,2021-01-01,324,89.7
abs,2021-02-01,324,105.285
abs,2021-03-01,324,104.588
abs,2021-04-01,324,84.489
abs,2021-05-01,324,84.939
abs,2021-06-01,324,70.865
abs,2021-07-01,324,70.356
abs,2021-08-01,324,66.973
abs,2021-09-01,324,69.722
abs,2021-10-01,324,79.753
abs,2021-11-01,324,84.512
abs,2021-12-01,324,76.981
abs,2022-01-01,324,78.925
abs,2022-02-01,324,70.112
abs,2022-03-01,324,72.513
abs,2022-04-01,324,79.253
abs,2022-05-01,324,72.098
abs,2022-06-01,324,77.177
abs,2022-07-01,324,75.636
abs,2022-08-01,324,70.335
abs,2022-09-01,324,80.391
abs,2022-10-01,324,67.086
abs,2022-11-01,324,77.759
abs,2022-12-01,324,74.213
abs,2023-01-01,324,74.559
abs,2023-02-01,324,73.048
abs,2023-03-01,324,77.775
abs,2023-04-01,324,64.438
abs,2023-05-01,324,75.288
abs,2023-06-01,324,70.983
abs,2023-07-01,324,69.618
abs,2023-08-01,324,60.876
abs,2023-09-01,324,74.465
abs,2023-10-01,324,63.302
abs,2023-11-01,324,69.512
abs,2023-12-01,324,68.723
abs,2024-01-01,324,79.358
abs,2024-02-01,324,77.465
abs,2024-03-01,324,81.08
abs,2024-04-01,324,70.271
abs,2024-05-01,324,84.833
abs,2024-06-01,324,79.024
abs,2024-07-01,324,84.316
abs,2024-08-01,324,69.758
abs,2024-09-01,324,81.99
abs,2024-10-01,324,68.182
abs,2024-11-01,324,77.224
abs,2024-12-01,324,63.457
abs,2025-01-01,324,75.515
abs,2025-02-01,324,71.179
abs,2025-03-01,324,69.786
abs,2025-04-01,324,62.026
abs,2025-05-01,324,69.038
abs,2025-06-01,324,67.432
abs,2025-07-01,324,71.869
abs,2025-08-01,324,63.961
abs,2025-09-01,324,80.64
abs,2025-10-01,324,66.377
abs,2025-11-01,324,73.686
abs,2025-12-01,324,62.932
abs,2026-01-01,324,73.831
abs,2026-02-01,324,77.705
abs,2026-03-01,324,73.738
abs,2026-04-01,324,67.684
abs,2026-05-01,324,72.516
abs,2026-06-01,324,72.509
growth_yoy,2016-01-01,324,1.023
growth_yoy,2016-02-01,324,1.266
growth_yoy,2016-03-01,324,3.554
growth_yoy,2016-04-01,324,-7.46
growth_yoy,2016-05-01,324,-11.704
growth_yoy,2016-06-01,324,-2.87
growth_yoy,2016-07-01,324,-5.235
growth_yoy,2016-08-01,324,-0.484
growth_yoy,2016-09-01,324,0.297
growth_yoy,2016-10-01,324,-5.38
growth_yoy,2016-11-01,324,-6.091
growth_yoy,2016-12-01,324,-0.893
growth_yoy,2017-01-01,324,3.237
growth_yoy,2017-02-01,324,1.703
growth_yoy,2017-03-01,324,6.17
growth_yoy,2017-04-01,324,5.05
growth_yoy,2017-05-01,324,6.853
growth_yoy,2017-06-01,324,-1.04
growth_yoy,2017-07-01,324,6.768
growth_yoy,2017-08-01,324,9.873
growth_yoy,2017-09-01,324,8.174
growth_yoy,2017-10-01,324,4.82
growth_yoy,2017-11-01,324,6.908
growth_yoy,2017-12-01,324,5.364
growth_yoy,2018-01-01,324,3.092
growth_yoy,2018-02-01,324,7.498
growth_yoy,2018-03-01,324,-1.511
growth_yoy,2018-04-01,324,3.523
growth_yoy,2018-05-01,324,6.508
growth_yoy,2018-06-01,324,1.547
growth_yoy,2018-07-01,324,14.58
growth_yoy,2018-08-01,324,3.407
growth_yoy,2018-09-01,324,2.414
growth_yoy,2018-10-01,324,4.395
growth_yoy,2018-11-01,324,-0.214
growth_yoy,2018-12-01,324,-1.992
growth_yoy,2019-01-01,324,4.997
growth_yoy,2019-02-01,324,8.906
growth_yoy,2019-03-01,324,-1.398
growth_yoy,2019-04-01,324,4.637
growth_yoy,2019-05-01,324,-8.95
growth_yoy,2019-06-01,324,-27.688
growth_yoy,2019-07-01,324,-10.117
growth_yoy,2019-08-01,324,-7.146
growth_yoy,2019-09-01,324,-3.108
growth_yoy,2019-10-01,324,5.625
growth_yoy,2019-11-01,324,-0.699
growth_yoy,2019-12-01,324,-14.853
growth_yoy,2020-01-01,324,-19.427
growth_yoy,2020-02-01,324,-8.016
growth_yoy,2020-03-01,324,-20.056
growth_yoy,2020-04-01,324,-82.515
growth_yoy,2020-05-01,324,-51.52
growth_yoy,2020-06-01,324,10.412
growth_yoy,2020-07-01,324,11.775
growth_yoy,2020-08-01,324,7.968
growth_yoy,2020-09-01,324,-18.033
growth_yoy,2020-10-01,324,-9.327
growth_yoy,2020-11-01,324,-1.574
growth_yoy,2020-12-01,324,7.174
growth_yoy,2021-01-01,324,-3.057
growth_yoy,2021-02-01,324,2.361
growth_yoy,2021-03-01,324,20.243
growth_yoy,2021-04-01,324,381.871
growth_yoy,2021-05-01,324,96.218
growth_yoy,2021-06-01,324,-15.681
growth_yoy,2021-07-01,324,-39.08
growth_yoy,2021-08-01,324,-42.006
growth_yoy,2021-09-01,324,-24.1
growth_yoy,2021-10-01,324,-18.275
growth_yoy,2021-11-01,324,-16.146
growth_yoy,2021-12-01,324,-14.578
growth_yoy,2022-01-01,324,-12.012
growth_yoy,2022-02-01,324,-33.407
growth_yoy,2022-03-01,324,-30.668
growth_yoy,2022-04-01,324,-6.198
growth_yoy,2022-05-01,324,-15.118
growth_yoy,2022-06-01,324,8.907
growth_yoy,2022-07-01,324,7.505
growth_yoy,2022-08-01,324,5.02
growth_yoy,2022-09-01,324,15.302
growth_yoy,2022-10-01,324,-15.883
growth_yoy,2022-11-01,324,-7.99
growth_yoy,2022-12-01,324,-3.596
growth_yoy,2023-01-01,324,-5.532
growth_yoy,2023-02-01,324,4.188
growth_yoy,2023-03-01,324,7.257
growth_yoy,2023-04-01,324,-18.693
growth_yoy,2023-05-01,324,4.424
growth_yoy,2023-06-01,324,-8.025
growth_yoy,2023-07-01,324,-7.957
growth_yoy,2023-08-01,324,-13.449
growth_yoy,2023-09-01,324,-7.371
growth_yoy,2023-10-01,324,-5.64
growth_yoy,2023-11-01,324,-10.606
growth_yoy,2023-12-01,324,-7.398
growth_yoy,2024-01-01,324,6.436
growth_yoy,2024-02-01,324,6.046
growth_yoy,2024-03-01,324,4.249
growth_yoy,2024-04-01,324,9.053
growth_yoy,2024-05-01,324,12.678
growth_yoy,2024-06-01,324,11.327
growth_yoy,2024-07-01,324,21.113
growth_yoy,2024-08-01,324,14.591
growth_yoy,2024-09-01,324,10.106
growth_yoy,2024-10-01,324,7.71
growth_yoy,2024-11-01,324,11.095
growth_yoy,2024-12-01,324,-7.662
growth_yoy,2025-01-01,324,-4.843
growth_yoy,2025-02-01,324,-8.114
growth_yoy,2025-03-01,324,-13.929
growth_yoy,2025-04-01,324,-11.734
growth_yoy,2025-05-01,324,-18.619
growth_yoy,2025-06-01,324,-14.669
growth_yoy,2025-07-01,324,-14.762
growth_yoy,2025-08-01,324,-8.31
growth_yoy,2025-09-01,324,-1.647
growth_yoy,2025-10-01,324,-2.648
growth_yoy,2025-11-01,324,-4.582
growth_yoy,2025-12-01,324,-0.828
growth_yoy,2026-01-01,324,-2.229
growth_yoy,2026-02-01,324,9.167
growth_yoy,2026-03-01,324,5.663
growth_yoy,2026-04-01,324,9.123
growth_yoy,2026-05-01,324,5.038
growth_yoy,2026-06-01,324,7.529
growth_mom,2015-02-01,324,-8.831
growth_mom,2015-03-01,324,9.88
growth_mom,2015-04-01,324,-6.551
growth_mom,2015-05-01,324,2.483
growth_mom,2015-06-01,324,10.503
growth_mom,2015-07-01,324,-8.055
growth_mom,2015-08-01,324,2.745
growth_mom,2015-09-01,324,2.177
growth_mom,2015-10-01,324,-5.462
growth_mom,2015-11-01,324,4.593
growth_mom,2015-12-01,324,-6.255
growth_mom,2016-01-01,324,6.501
growth_mom,2016-02-01,324,-8.612
growth_mom,2016-03-01,324,12.363
growth_mom,2016-04-01,324,-16.49
growth_mom,2016-05-01,324,-2.217
growth_mom,2016-06-01,324,21.559
growth_mom,2016-07-01,324,-10.294
growth_mom,2016-08-01,324,7.895
growth_mom,2016-09-01,324,2.979
growth_mom,2016-10-01,324,-10.813
growth_mom,2016-11-01,324,3.807
growth_mom,2016-12-01,324,-1.066
growth_mom,2017-01-01,324,10.939
growth_mom,2017-02-01,324,-9.971
growth_mom,2017-03-01,324,17.299
growth_mom,2017-04-01,324,-17.371
growth_mom,2017-05-01,324,-0.539
growth_mom,2017-06-01,324,12.581
growth_mom,2017-07-01,324,-3.216
growth_mom,2017-08-01,324,11.033
growth_mom,2017-09-01,324,1.386
growth_mom,2017-10-01,324,-13.578
growth_mom,2017-11-01,324,5.875
growth_mom,2017-12-01,324,-2.495
growth_mom,2018-01-01,324,8.546
growth_mom,2018-02-01,324,-6.122
growth_mom,2018-03-01,324,7.468
growth_mom,2018-04-01,324,-13.148
growth_mom,2018-05-01,324,2.329
growth_mom,2018-06-01,324,7.337
growth_mom,2018-07-01,324,9.205
growth_mom,2018-08-01,324,0.206
growth_mom,2018-09-01,324,0.412
growth_mom,2018-10-01,324,-11.906
growth_mom,2018-11-01,324,1.2
growth_mom,2018-12-01,324,-4.232
growth_mom,2019-01-01,324,16.288
growth_mom,2019-02-01,324,-2.628
growth_mom,2019-03-01,324,-2.699
growth_mom,2019-04-01,324,-7.833
growth_mom,2019-05-01,324,-10.958
growth_mom,2019-06-01,324,-14.753
growth_mom,2019-07-01,324,35.74
growth_mom,2019-08-01,324,3.519
growth_mom,2019-09-01,324,4.779
growth_mom,2019-10-01,324,-3.966
growth_mom,2019-11-01,324,-4.859
growth_mom,2019-12-01,324,-17.882
growth_mom,2020-01-01,324,10.041
growth_mom,2020-02-01,324,11.161
growth_mom,2020-03-01,324,-15.435
growth_mom,2020-04-01,324,-79.842
growth_mom,2020-05-01,324,146.885
growth_mom,2020-06-01,324,94.15
growth_mom,2020-07-01,324,37.415
growth_mom,2020-08-01,324,-0.006
growth_mom,2020-09-01,324,-20.455
growth_mom,2020-10-01,324,6.235
growth_mom,2020-11-01,324,3.276
growth_mom,2020-12-01,324,-10.583
growth_mom,2021-01-01,324,-0.464
growth_mom,2021-02-01,324,17.375
growth_mom,2021-03-01,324,-0.663
growth_mom,2021-04-01,324,-19.217
growth_mom,2021-05-01,324,0.532
growth_mom,2021-06-01,324,-16.569
growth_mom,2021-07-01,324,-0.718
growth_mom,2021-08-01,324,-4.809
growth_mom,2021-09-01,324,4.105
growth_mom,2021-10-01,324,14.388
growth_mom,2021-11-01,324,5.967
growth_mom,2021-12-01,324,-8.911
growth_mom,2022-01-01,324,2.526
growth_mom,2022-02-01,324,-11.166
growth_mom,2022-03-01,324,3.424
growth_mom,2022-04-01,324,9.295
growth_mom,2022-05-01,324,-9.028
growth_mom,2022-06-01,324,7.044
growth_mom,2022-07-01,324,-1.996
growth_mom,2022-08-01,324,-7.01
growth_mom,2022-09-01,324,14.298
growth_mom,2022-10-01,324,-16.55
growth_mom,2022-11-01,324,15.91
growth_mom,2022-12-01,324,-4.56
growth_mom,2023-01-01,324,0.467
growth_mom,2023-02-01,324,-2.026
growth_mom,2023-03-01,324,6.47
growth_mom,2023-04-01,324,-17.148
growth_mom,2023-05-01,324,16.837
growth_mom,2023-06-01,324,-5.717
growth_mom,2023-07-01,324,-1.924
growth_mom,2023-08-01,324,-12.558
growth_mom,2023-09-01,324,22.323
growth_mom,2023-10-01,324,-14.991
growth_mom,2023-11-01,324,9.81
growth_mom,2023-12-01,324,-1.135
growth_mom,2024-01-01,324,15.476
growth_mom,2024-02-01,324,-2.385
growth_mom,2024-03-01,324,4.666
growth_mom,2024-04-01,324,-13.33
growth_mom,2024-05-01,324,20.722
growth_mom,2024-06-01,324,-6.848
growth_mom,2024-07-01,324,6.697
growth_mom,2024-08-01,324,-17.266
growth_mom,2024-09-01,324,17.535
growth_mom,2024-10-01,324,-16.841
growth_mom,2024-11-01,324,13.262
growth_mom,2024-12-01,324,-17.827
growth_mom,2025-01-01,324,19.001
growth_mom,2025-02-01,324,-5.741
growth_mom,2025-03-01,324,-1.957
growth_mom,2025-04-01,324,-11.12
growth_mom,2025-05-01,324,11.304
growth_mom,2025-06-01,324,-2.326
growth_mom,2025-07-01,324,6.58
growth_mom,2025-08-01,324,-11.003
growth_mom,2025-09-01,324,26.077
growth_mom,2025-10-01,324,-17.688
growth_mom,2025-11-01,324,11.011
growth_mom,2025-12-01,324,-14.595
growth_mom,2026-01-01,324,17.32
growth_mom,2026-02-01,324,5.246
growth_mom,2026-03-01,324,-5.105
growth_mom,2026-04-01,324,-8.21
growth_mom,2026-05-01,324,7.138
growth_mom,2026-06-01,324,-0.009
abs,2015-01-01,325,98.375
abs,2015-02-01,325,111.48
abs,2015-03-01,325,99.192
abs,2015-04-01,325,96.915
abs,2015-05-01,325,98.582
abs,2015-06-01,325,88.904
abs,2015-07-01,325,93.527
abs,2015-08-01,325,85.25
abs,2015-09-01,325,113.976
abs,2015-10-01,325,96.147
abs,2015-11-01,325,111.721
abs,2015-12-01,325,105.929
abs,2016-01-01,325,99.382
abs,2016-02-01,325,112.891
abs,2016-03-01,325,102.718
abs,2016-04-01,325,89.686
abs,2016-05-01,325,87.044
abs,2016-06-01,325,86.353
abs,2016-07-01,325,88.631
abs,2016-08-01,325,84.837
abs,2016-09-01,325,114.315
abs,2016-10-01,325,90.974
abs,2016-11-01,325,104.917
abs,2016-12-01,325,104.984
abs,2017-01-01,325,102.599
abs,2017-02-01,325,114.813
abs,2017-03-01,325,109.055
abs,2017-04-01,325,94.214
abs,2017-05-01,325,93.009
abs,2017-06-01,325,85.455
abs,2017-07-01,325,94.63
abs,2017-08-01,325,93.213
abs,2017-09-01,325,123.658
abs,2017-10-01,325,95.36
abs,2017-11-01,325,112.165
abs,2017-12-01,325,110.616
abs,2018-01-01,325,108.981
abs,2018-02-01,325,106.526
abs,2018-03-01,325,106.97
abs,2018-04-01,325,102.868
abs,2018-05-01,325,98.414
abs,2018-06-01,325,102.751
abs,2018-07-01,325,111.892
abs,2018-08-01,325,114.252
abs,2018-09-01,325,122.606
abs,2018-10-01,325,111.357
abs,2018-11-01,325,101.431
abs,2018-12-01,325,119.897
abs,2019-01-01,325,116.682
abs,2019-02-01,325,111.971
abs,2019-03-01,325,115.434
abs,2019-04-01,325,118.588
abs,2019-05-01,325,121.315
abs,2019-06-01,325,158.903
abs,2019-07-01,325,120.735
abs,2019-08-01,325,129.611
abs,2019-09-01,325,126.423
abs,2019-10-01,325,104.099
abs,2019-11-01,325,104.318
abs,2019-12-01,325,102.774
abs,2020-01-01,325,111.319
abs,2020-02-01,325,114.286
abs,2020-03-01,325,93.324
abs,2020-04-01,325,91.329
abs,2020-05-01,325,113.625
abs,2020-06-01,325,166.308
abs,2020-07-01,325,130.544
abs,2020-08-01,325,126.151
abs,2020-09-01,325,129.12
abs,2020-10-01,325,102.408
abs,2020-11-01,325,99.674
abs,2020-12-01,325,92.203
abs,2021-01-01,325,110.748
abs,2021-02-01,325,101.436
abs,2021-03-01,325,112.021
abs,2021-04-01,325,83.295
abs,2021-05-01,325,106.822
abs,2021-06-01,325,88.866
abs,2021-07-01,325,90.498
abs,2021-08-01,325,112.365
abs,2021-09-01,325,150.065
abs,2021-10-01,325,135.675
abs,2021-11-01,325,140.774
abs,2021-12-01,325,128.439
abs,2022-01-01,325,138.162
abs,2022-02-01,325,137.608
abs,2022-03-01,325,144.026
abs,2022-04-01,325,103.186
abs,2022-05-01,325,123.216
abs,2022-06-01,325,128.211
abs,2022-07-01,325,142.266
abs,2022-08-01,325,144.988
abs,2022-09-01,325,139.226
abs,2022-10-01,325,133.871
abs,2022-11-01,325,140.047
abs,2022-12-01,325,131.186
abs,2023-01-01,325,129.397
abs,2023-02-01,325,139.185
abs,2023-03-01,325,140.889
abs,2023-04-01,325,117.466
abs,2023-05-01,325,160.867
abs,2023-06-01,325,134.216
abs,2023-07-01,325,158.64
abs,2023-08-01,325,165.257
abs,2023-09-01,325,154.091
abs,2023-10-01,325,135.697
abs,2023-11-01,325,168.911
abs,2023-12-01,325,149.686
abs,2024-01-01,325,143.773
abs,2024-02-01,325,147.944
abs,2024-03-01,325,160.104
abs,2024-04-01,325,134.79
abs,2024-05-01,325,171.27
abs,2024-06-01,325,135.97
abs,2024-07-01,325,165.896
abs,2024-08-01,325,172.415
abs,2024-09-01,325,166.449
abs,2024-10-01,325,161.084
abs,2024-11-01,325,178.189
abs,2024-12-01,325,148.519
abs,2025-01-01,325,156.487
abs,2025-02-01,325,168.525
abs,2025-03-01,325,187.661
abs,2025-04-01,325,154.338
abs,2025-05-01,325,195.228
abs,2025-06-01,325,163.464
abs,2025-07-01,325,196.946
abs,2025-08-01,325,199.53
abs,2025-09-01,325,193.524
abs,2025-10-01,325,183.57
abs,2025-11-01,325,192.94
abs,2025-12-01,325,163.442
abs,2026-01-01,325,169.17
abs,2026-02-01,325,189.05
abs,2026-03-01,325,207.788
abs,2026-04-01,325,171.456
abs,2026-05-01,325,210.658
abs,2026-06-01,325,169.047
growth_yoy,2016-01-01,325,1.023
growth_yoy,2016-02-01,325,1.266
growth_yoy,2016-03-01,325,3.554
growth_yoy,2016-04-01,325,-7.459
growth_yoy,2016-05-01,325,-11.704
growth_yoy,2016-06-01,325,-2.869
growth_yoy,2016-07-01,325,-5.235
growth_yoy,2016-08-01,325,-0.484
growth_yoy,2016-09-01,325,0.297
growth_yoy,2016-10-01,325,-5.38
growth_yoy,2016-11-01,325,-6.091
growth_yoy,2016-12-01,325,-0.892
growth_yoy,2017-01-01,325,3.237
growth_yoy,2017-02-01,325,1.703
growth_yoy,2017-03-01,325,6.169
growth_yoy,2017-04-01,325,5.049
growth_yoy,2017-05-01,325,6.853
growth_yoy,2017-06-01,325,-1.04
growth_yoy,2017-07-01,325,6.769
growth_yoy,2017-08-01,325,9.873
growth_yoy,2017-09-01,325,8.173
growth_yoy,2017-10-01,325,4.821
growth_yoy,2017-11-01,325,6.908
growth_yoy,2017-12-01,325,5.365
growth_yoy,2018-01-01,325,6.221
growth_yoy,2018-02-01,325,-7.218
growth_yoy,2018-03-01,325,-1.912
growth_yoy,2018-04-01,325,9.186
growth_yoy,2018-05-01,325,5.811
growth_yoy,2018-06-01,325,20.24
growth_yoy,2018-07-01,325,18.242
growth_yoy,2018-08-01,325,22.571
growth_yoy,2018-09-01,325,-0.851
growth_yoy,2018-10-01,325,16.775
growth_yoy,2018-11-01,325,-9.569
growth_yoy,2018-12-01,325,8.39
growth_yoy,2019-01-01,325,7.066
growth_yoy,2019-02-01,325,5.111
growth_yoy,2019-03-01,325,7.912
growth_yoy,2019-04-01,325,15.281
growth_yoy,2019-05-01,325,23.27
growth_yoy,2019-06-01,325,54.649
growth_yoy,2019-07-01,325,7.903
growth_yoy,2019-08-01,325,13.443
growth_yoy,2019-09-01,325,3.113
growth_yoy,2019-10-01,325,-6.518
growth_yoy,2019-11-01,325,2.846
growth_yoy,2019-12-01,325,-14.281
growth_yoy,2020-01-01,325,-4.596
growth_yoy,2020-02-01,325,2.068
growth_yoy,2020-03-01,325,-19.154
growth_yoy,2020-04-01,325,-22.987
growth_yoy,2020-05-01,325,-6.338
growth_yoy,2020-06-01,325,4.66
growth_yoy,2020-07-01,325,8.124
growth_yoy,2020-08-01,325,-2.669
growth_yoy,2020-09-01,325,2.134
growth_yoy,2020-10-01,325,-1.624
growth_yoy,2020-11-01,325,-4.451
growth_yoy,2020-12-01,325,-10.286
growth_yoy,2021-01-01,325,-0.513
growth_yoy,2021-02-01,325,-11.244
growth_yoy,2021-03-01,325,20.035
growth_yoy,2021-04-01,325,-8.796
growth_yoy,2021-05-01,325,-5.987
growth_yoy,2021-06-01,325,-46.565
growth_yoy,2021-07-01,325,-30.676
growth_yoy,2021-08-01,325,-10.928
growth_yoy,2021-09-01,325,16.221
growth_yoy,2021-10-01,325,32.486
growth_yoy,2021-11-01,325,41.234
growth_yoy,2021-12-01,325,39.301
growth_yoy,2022-01-01,325,24.754
growth_yoy,2022-02-01,325,35.66
growth_yoy,2022-03-01,325,28.57
growth_yoy,2022-04-01,325,23.879
growth_yoy,2022-05-01,325,15.347
growth_yoy,2022-06-01,325,44.275
growth_yoy,2022-07-01,325,57.204
growth_yoy,2022-08-01,325,29.032
growth_yoy,2022-09-01,325,-7.223
growth_yoy,2022-10-01,325,-1.33
growth_yoy,2022-11-01,325,-0.516
growth_yoy,2022-12-01,325,2.139
growth_yoy,2023-01-01,325,-6.344
growth_yoy,2023-02-01,325,1.146
growth_yoy,2023-03-01,325,-2.178
growth_yoy,2023-04-01,325,13.84
growth_yoy,2023-05-01,325,30.557
growth_yoy,2023-06-01,325,4.683
growth_yoy,2023-07-01,325,11.509
growth_yoy,2023-08-01,325,13.98
growth_yoy,2023-09-01,325,10.676
growth_yoy,2023-10-01,325,1.363
growth_yoy,2023-11-01,325,20.61
growth_yoy,2023-12-01,325,14.101
growth_yoy,2024-01-01,325,11.11
growth_yoy,2024-02-01,325,6.293
growth_yoy,2024-03-01,325,13.638
growth_yoy,2024-04-01,325,14.748
growth_yoy,2024-05-01,325,6.467
growth_yoy,2024-06-01,325,1.307
growth_yoy,2024-07-01,325,4.574
growth_yoy,2024-08-01,325,4.332
growth_yoy,2024-09-01,325,8.02
growth_yoy,2024-10-01,325,18.709
growth_yoy,2024-11-01,325,5.493
growth_yoy,2024-12-01,325,-0.779
growth_yoy,2025-01-01,325,8.843
growth_yoy,2025-02-01,325,13.912
growth_yoy,2025-03-01,325,17.212
growth_yoy,2025-04-01,325,14.503
growth_yoy,2025-05-01,325,13.989
growth_yoy,2025-06-01,325,20.22
growth_yoy,2025-07-01,325,18.717
growth_yoy,2025-08-01,325,15.727
growth_yoy,2025-09-01,325,16.267
growth_yoy,2025-10-01,325,13.96
growth_yoy,2025-11-01,325,8.279
growth_yoy,2025-12-01,325,10.048
growth_yoy,2026-01-01,325,8.105
growth_yoy,2026-02-01,325,12.179
growth_yoy,2026-03-01,325,10.725
growth_yoy,2026-04-01,325,11.091
growth_yoy,2026-05-01,325,7.903
growth_yoy,2026-06-01,325,3.416
growth_mom,2015-02-01,325,13.321
growth_mom,2015-03-01,325,-11.022
growth_mom,2015-04-01,325,-2.296
growth_mom,2015-05-01,325,1.72
growth_mom,2015-06-01,325,-9.818
growth_mom,2015-07-01,325,5.2
growth_mom,2015-08-01,325,-8.85
growth_mom,2015-09-01,325,33.697
growth_mom,2015-10-01,325,-15.643
growth_mom,2015-11-01,325,16.199
growth_mom,2015-12-01,325,-5.185
growth_mom,2016-01-01,325,-6.181
growth_mom,2016-02-01,325,13.593
growth_mom,2016-03-01,325,-9.011
growth_mom,2016-04-01,325,-12.687
growth_mom,2016-05-01,325,-2.946
growth_mom,2016-06-01,325,-0.794
growth_mom,2016-07-01,325,2.638
growth_mom,2016-08-01,325,-4.281
growth_mom,2016-09-01,325,34.747
growth_mom,2016-10-01,325,-20.418
growth_mom,2016-11-01,325,15.326
growth_mom,2016-12-01,325,0.064
growth_mom,2017-01-01,325,-2.272
growth_mom,2017-02-01,325,11.905
growth_mom,2017-03-01,325,-5.015
growth_mom,2017-04-01,325,-13.609
growth_mom,2017-05-01,325,-1.279
growth_mom,2017-06-01,325,-8.122
growth_mom,2017-07-01,325,10.737
growth_mom,2017-08-01,325,-1.498
growth_mom,2017-09-01,325,32.662
growth_mom,2017-10-01,325,-22.884
growth_mom,2017-11-01,325,17.622
growth_mom,2017-12-01,325,-1.381
growth_mom,2018-01-01,325,-1.478
growth_mom,2018-02-01,325,-2.253
growth_mom,2018-03-01,325,0.417
growth_mom,2018-04-01,325,-3.835
growth_mom,2018-05-01,325,-4.331
growth_mom,2018-06-01,325,4.407
growth_mom,2018-07-01,325,8.897
growth_mom,2018-08-01,325,2.109
growth_mom,2018-09-01,325,7.312
growth_mom,2018-10-01,325,-9.175
growth_mom,2018-11-01,325,-8.913
growth_mom,2018-12-01,325,18.205
growth_mom,2019-01-01,325,-2.681
growth_mom,2019-02-01,325,-4.038
growth_mom,2019-03-01,325,3.094
growth_mom,2019-04-01,325,2.732
growth_mom,2019-05-01,325,2.299
growth_mom,2019-06-01,325,30.984
growth_mom,2019-07-01,325,-24.019
growth_mom,2019-08-01,325,7.351
growth_mom,2019-09-01,325,-2.46
growth_mom,2019-10-01,325,-17.658
growth_mom,2019-11-01,325,0.211
growth_mom,2019-12-01,325,-1.48
growth_mom,2020-01-01,325,8.314
growth_mom,2020-02-01,325,2.666
growth_mom,2020-03-01,325,-18.342
growth_mom,2020-04-01,325,-2.138
growth_mom,2020-05-01,325,24.414
growth_mom,2020-06-01,325,46.365
growth_mom,2020-07-01,325,-21.505
growth_mom,2020-08-01,325,-3.365
growth_mom,2020-09-01,325,2.354
growth_mom,2020-10-01,325,-20.688
growth_mom,2020-11-01,325,-2.669
growth_mom,2020-12-01,325,-7.496
growth_mom,2021-01-01,325,20.113
growth_mom,2021-02-01,325,-8.408
growth_mom,2021-03-01,325,10.435
growth_mom,2021-04-01,325,-25.643
growth_mom,2021-05-01,325,28.245
growth_mom,2021-06-01,325,-16.81
growth_mom,2021-07-01,325,1.836
growth_mom,2021-08-01,325,24.164
growth_mom,2021-09-01,325,33.551
growth_mom,2021-10-01,325,-9.589
growth_mom,2021-11-01,325,3.758
growth_mom,2021-12-01,325,-8.762
growth_mom,2022-01-01,325,7.57
growth_mom,2022-02-01,325,-0.401
growth_mom,2022-03-01,325,4.664
growth_mom,2022-04-01,325,-28.356
growth_mom,2022-05-01,325,19.412
growth_mom,2022-06-01,325,4.054
growth_mom,2022-07-01,325,10.963
growth_mom,2022-08-01,325,1.913
growth_mom,2022-09-01,325,-3.974
growth_mom,2022-10-01,325,-3.846
growth_mom,2022-11-01,325,4.613
growth_mom,2022-12-01,325,-6.327
growth_mom,2023-01-01,325,-1.364
growth_mom,2023-02-01,325,7.564
growth_mom,2023-03-01,325,1.224
growth_mom,2023-04-01,325,-16.625
growth_mom,2023-05-01,325,36.947
growth_mom,2023-06-01,325,-16.568
growth_mom,2023-07-01,325,18.198
growth_mom,2023-08-01,325,4.171
growth_mom,2023-09-01,325,-6.757
growth_mom,2023-10-01,325,-11.937
growth_mom,2023-11-01,325,24.477
growth_mom,2023-12-01,325,-11.382
growth_mom,2024-01-01,325,-3.95
growth_mom,2024-02-01,325,2.901
growth_mom,2024-03-01,325,8.219
growth_mom,2024-04-01,325,-15.811
growth_mom,2024-05-01,325,27.064
growth_mom,2024-06-01,325,-20.611
growth_mom,2024-07-01,325,22.009
growth_mom,2024-08-01,325,3.93
growth_mom,2024-09-01,325,-3.46
growth_mom,2024-10-01,325,-3.223
growth_mom,2024-11-01,325,10.619
growth_mom,2024-12-01,325,-16.651
growth_mom,2025-01-01,325,5.365
growth_mom,2025-02-01,325,7.693
growth_mom,2025-03-01,325,11.355
growth_mom,2025-04-01,325,-17.757
growth_mom,2025-05-01,325,26.494
growth_mom,2025-06-01,325,-16.27
growth_mom,2025-07-01,325,20.483
growth_mom,2025-08-01,325,1.312
growth_mom,2025-09-01,325,-3.01
growth_mom,2025-10-01,325,-5.144
growth_mom,2025-11-01,325,5.104
growth_mom,2025-12-01,325,-15.289
growth_mom,2026-01-01,325,3.505
growth_mom,2026-02-01,325,11.752
growth_mom,2026-03-01,325,9.912
growth_mom,2026-04-01,325,-17.485
growth_mom,2026-05-01,325,22.864
growth_mom,2026-06-01,325,-19.753
abs,2015-01-01,329,115.092
abs,2015-02-01,329,100.224
abs,2015-03-01,329,88.294
abs,2015-04-01,329,98.058
abs,2015-05-01,329,99.986
abs,2015-06-01,329,105.469
abs,2015-07-01,329,103.512
abs,2015-08-01,329,100.862
abs,2015-09-01,329,103.567
abs,2015-10-01,329,98.108
abs,2015-11-01,329,101.565
abs,2015-12-01,329,85.263
abs,2016-01-01,329,116.27
abs,2016-02-01,329,101.493
abs,2016-03-01,329,91.432
abs,2016-04-01,329,90.743
abs,2016-05-01,329,88.283
abs,2016-06-01,329,102.443
abs,2016-07-01,329,98.093
abs,2016-08-01,329,100.373
abs,2016-09-01,329,103.874
abs,2016-10-01,329,92.83
abs,2016-11-01,329,95.38
abs,2016-12-01,329,84.503
abs,2017-01-01,329,120.034
abs,2017-02-01,329,103.22
abs,2017-03-01,329,97.073
abs,2017-04-01,329,95.325
abs,2017-05-01,329,94.333
abs,2017-06-01,329,101.377
abs,2017-07-01,329,104.732
abs,2017-08-01,329,110.283
abs,2017-09-01,329,112.364
abs,2017-10-01,329,97.305
abs,2017-11-01,329,101.968
abs,2017-12-01,329,89.036
abs,2018-01-01,329,121.227
abs,2018-02-01,329,102.322
abs,2018-03-01,329,101.274
abs,2018-04-01,329,106.184
abs,2018-05-01,329,100.883
abs,2018-06-01,329,106.646
abs,2018-07-01,329,108.85
abs,2018-08-01,329,109.567
abs,2018-09-01,329,119.978
abs,2018-10-01,329,102.842
abs,2018-11-01,329,99.392
abs,2018-12-01,329,95.466
abs,2019-01-01,329,118.2
abs,2019-02-01,329,104.961
abs,2019-03-01,329,106.583
abs,2019-04-01,329,103.968
abs,2019-05-01,329,108.926
abs,2019-06-01,329,101.877
abs,2019-07-01,329,101.371
abs,2019-08-01,329,111.956
abs,2019-09-01,329,117.661
abs,2019-10-01,329,122.741
abs,2019-11-01,329,121.839
abs,2019-12-01,329,109.992
abs,2020-01-01,329,112.19
abs,2020-02-01,329,94.414
abs,2020-03-01,329,92.327
abs,2020-04-01,329,4.349
abs,2020-05-01,329,37.651
abs,2020-06-01,329,103.468
abs,2020-07-01,329,104.389
abs,2020-08-01,329,103.796
abs,2020-09-01,329,108.508
abs,2020-10-01,329,111.147
abs,2020-11-01,329,112.262
abs,2020-12-01,329,101.363
abs,2021-01-01,329,108.293
abs,2021-02-01,329,90.585
abs,2021-03-01,329,94.716
abs,2021-04-01,329,81.393
abs,2021-05-01,329,84.043
abs,2021-06-01,329,64.459
abs,2021-07-01,329,61.066
abs,2021-08-01,329,63.221
abs,2021-09-01,329,90.27
abs,2021-10-01,329,94.269
abs,2021-11-01,329,85.614
abs,2021-12-01,329,84.945
abs,2022-01-01,329,97.47
abs,2022-02-01,329,95.202
abs,2022-03-01,329,100.573
abs,2022-04-01,329,97.009
abs,2022-05-01,329,87.452
abs,2022-06-01,329,82.529
abs,2022-07-01,329,89.466
abs,2022-08-01,329,93.392
abs,2022-09-01,329,110.86
abs,2022-10-01,329,97.686
abs,2022-11-01,329,97.921
abs,2022-12-01,329,89.176
abs,2023-01-01,329,100.741
abs,2023-02-01,329,103.739
abs,2023-03-01,329,100.266
abs,2023-04-01,329,91.979
abs,2023-05-01,329,91.456
abs,2023-06-01,329,86.276
abs,2023-07-01,329,88.633
abs,2023-08-01,329,92.258
abs,2023-09-01,329,109.082
abs,2023-10-01,329,97.268
abs,2023-11-01,329,95.025
abs,2023-12-01,329,88.525
abs,2024-01-01,329,98.528
abs,2024-02-01,329,97.613
abs,2024-03-01,329,97.03
abs,2024-04-01,329,90.55
abs,2024-05-01,329,93.286
abs,2024-06-01,329,90.771
abs,2024-07-01,329,95.113
abs,2024-08-01,329,91.168
abs,2024-09-01,329,109.848
abs,2024-10-01,329,94.591
abs,2024-11-01,329,92.947
abs,2024-12-01,329,90.988
abs,2025-01-01,329,103.628
abs,2025-02-01,329,96.167
abs,2025-03-01,329,93.496
abs,2025-04-01,329,89.619
abs,2025-05-01,329,95.348
abs,2025-06-01,329,92.086
abs,2025-07-01,329,93.064
abs,2025-08-01,329,90.487
abs,2025-09-01,329,112.452
abs,2025-10-01,329,95.712
abs,2025-11-01,329,94.18
abs,2025-12-01,329,95.708
abs,2026-01-01,329,110.547
abs,2026-02-01,329,99.618
abs,2026-03-01,329,96.41
abs,2026-04-01,329,90.909
abs,2026-05-01,329,94.286
abs,2026-06-01,329,95.098
growth_yoy,2016-01-01,329,1.023
growth_yoy,2016-02-01,329,1.266
growth_yoy,2016-03-01,329,3.554
growth_yoy,2016-04-01,329,-7.46
growth_yoy,2016-05-01,329,-11.704
growth_yoy,2016-06-01,329,-2.869
growth_yoy,2016-07-01,329,-5.235
growth_yoy,2016-08-01,329,-0.485
growth_yoy,2016-09-01,329,0.297
growth_yoy,2016-10-01,329,-5.38
growth_yoy,2016-11-01,329,-6.09
growth_yoy,2016-12-01,329,-0.892
growth_yoy,2017-01-01,329,3.238
growth_yoy,2017-02-01,329,1.702
growth_yoy,2017-03-01,329,6.17
growth_yoy,2017-04-01,329,5.05
growth_yoy,2017-05-01,329,6.853
growth_yoy,2017-06-01,329,-1.04
growth_yoy,2017-07-01,329,6.768
growth_yoy,2017-08-01,329,9.873
growth_yoy,2017-09-01,329,8.174
growth_yoy,2017-10-01,329,4.821
growth_yoy,2017-11-01,329,6.908
growth_yoy,2017-12-01,329,5.364
growth_yoy,2018-01-01,329,0.994
growth_yoy,2018-02-01,329,-0.871
growth_yoy,2018-03-01,329,4.328
growth_yoy,2018-04-01,329,11.392
growth_yoy,2018-05-01,329,6.943
growth_yoy,2018-06-01,329,5.197
growth_yoy,2018-07-01,329,3.932
growth_yoy,2018-08-01,329,-0.649
growth_yoy,2018-09-01,329,6.776
growth_yoy,2018-10-01,329,5.69
growth_yoy,2018-11-01,329,-2.527
growth_yoy,2018-12-01,329,7.221
growth_yoy,2019-01-01,329,-2.497
growth_yoy,2019-02-01,329,2.58
growth_yoy,2019-03-01,329,5.242
growth_yoy,2019-04-01,329,-2.087
growth_yoy,2019-05-01,329,7.973
growth_yoy,2019-06-01,329,-4.472
growth_yoy,2019-07-01,329,-6.871
growth_yoy,2019-08-01,329,2.18
growth_yoy,2019-09-01,329,-1.931
growth_yoy,2019-10-01,329,19.349
growth_yoy,2019-11-01,329,22.584
growth_yoy,2019-12-01,329,15.217
growth_yoy,2020-01-01,329,-5.084
growth_yoy,2020-02-01,329,-10.049
growth_yoy,2020-03-01,329,-13.376
growth_yoy,2020-04-01,329,-95.817
growth_yoy,2020-05-01,329,-65.435
growth_yoy,2020-06-01,329,1.561
growth_yoy,2020-07-01,329,2.978
growth_yoy,2020-08-01,329,-7.289
growth_yoy,2020-09-01,329,-7.78
growth_yoy,2020-10-01,329,-9.446
growth_yoy,2020-11-01,329,-7.86
growth_yoy,2020-12-01,329,-7.846
growth_yoy,2021-01-01,329,-3.474
growth_yoy,2021-02-01,329,-4.055
growth_yoy,2021-03-01,329,2.587
growth_yoy,2021-04-01,329,1771.593
growth_yoy,2021-05-01,329,123.218
growth_yoy,2021-06-01,329,-37.701
growth_yoy,2021-07-01,329,-41.502
growth_yoy,2021-08-01,329,-39.091
growth_yoy,2021-09-01,329,-16.807
growth_yoy,2021-10-01,329,-15.186
growth_yoy,2021-11-01,329,-23.737
growth_yoy,2021-12-01,329,-16.197
growth_yoy,2022-01-01,329,-9.994
growth_yoy,2022-02-01,329,5.097
growth_yoy,2022-03-01,329,6.184
growth_yoy,2022-04-01,329,19.186
growth_yoy,2022-05-01,329,4.057
growth_yoy,2022-06-01,329,28.032
growth_yoy,2022-07-01,329,46.508
growth_yoy,2022-08-01,329,47.724
growth_yoy,2022-09-01,329,22.808
growth_yoy,2022-10-01,329,3.625
growth_yoy,2022-11-01,329,14.375
growth_yoy,2022-12-01,329,4.98
growth_yoy,2023-01-01,329,3.356
growth_yoy,2023-02-01,329,8.967
growth_yoy,2023-03-01,329,-0.305
growth_yoy,2023-04-01,329,-5.185
growth_yoy,2023-05-01,329,4.579
growth_yoy,2023-06-01,329,4.541
growth_yoy,2023-07-01,329,-0.931
growth_yoy,2023-08-01,329,-1.215
growth_yoy,2023-09-01,329,-1.604
growth_yoy,2023-10-01,329,-0.428
growth_yoy,2023-11-01,329,-2.958
growth_yoy,2023-12-01,329,-0.73
growth_yoy,2024-01-01,329,-2.196
growth_yoy,2024-02-01,329,-5.905
growth_yoy,2024-03-01,329,-3.228
growth_yoy,2024-04-01,329,-1.554
growth_yoy,2024-05-01,329,2.001
growth_yoy,2024-06-01,329,5.211
growth_yoy,2024-07-01,329,7.311
growth_yoy,2024-08-01,329,-1.181
growth_yoy,2024-09-01,329,0.703
growth_yoy,2024-10-01,329,-2.752
growth_yoy,2024-11-01,329,-2.187
growth_yoy,2024-12-01,329,2.783
growth_yoy,2025-01-01,329,5.176
growth_yoy,2025-02-01,329,-1.481
growth_yoy,2025-03-01,329,-3.642
growth_yoy,2025-04-01,329,-1.028
growth_yoy,2025-05-01,329,2.21
growth_yoy,2025-06-01,329,1.448
growth_yoy,2025-07-01,329,-2.154
growth_yoy,2025-08-01,329,-0.747
growth_yoy,2025-09-01,329,2.371
growth_yoy,2025-10-01,329,1.186
growth_yoy,2025-11-01,329,1.326
growth_yoy,2025-12-01,329,5.187
growth_yoy,2026-01-01,329,6.677
growth_yoy,2026-02-01,329,3.589
growth_yoy,2026-03-01,329,3.116
growth_yoy,2026-04-01,329,1.44
growth_yoy,2026-05-01,329,-1.114
growth_yoy,2026-06-01,329,3.271
growth_mom,2015-02-01,329,-12.919
growth_mom,2015-03-01,329,-11.903
growth_mom,2015-04-01,329,11.058
growth_mom,2015-05-01,329,1.966
growth_mom,2015-06-01,329,5.484
growth_mom,2015-07-01,329,-1.856
growth_mom,2015-08-01,329,-2.56
growth_mom,2015-09-01,329,2.681
growth_mom,2015-10-01,329,-5.271
growth_mom,2015-11-01,329,3.524
growth_mom,2015-12-01,329,-16.051
growth_mom,2016-01-01,329,36.365
growth_mom,2016-02-01,329,-12.71
growth_mom,2016-03-01,329,-9.913
growth_mom,2016-04-01,329,-0.754
growth_mom,2016-05-01,329,-2.71
growth_mom,2016-06-01,329,16.039
growth_mom,2016-07-01,329,-4.246
growth_mom,2016-08-01,329,2.324
growth_mom,2016-09-01,329,3.488
growth_mom,2016-10-01,329,-10.632
growth_mom,2016-11-01,329,2.747
growth_mom,2016-12-01,329,-11.404
growth_mom,2017-01-01,329,42.047
growth_mom,2017-02-01,329,-14.008
growth_mom,2017-03-01,329,-5.955
growth_mom,2017-04-01,329,-1.801
growth_mom,2017-05-01,329,-1.041
growth_mom,2017-06-01,329,7.468
growth_mom,2017-07-01,329,3.309
growth_mom,2017-08-01,329,5.3
growth_mom,2017-09-01,329,1.887
growth_mom,2017-10-01,329,-13.402
growth_mom,2017-11-01,329,4.792
growth_mom,2017-12-01,329,-12.683
growth_mom,2018-01-01,329,36.155
growth_mom,2018-02-01,329,-15.595
growth_mom,2018-03-01,329,-1.024
growth_mom,2018-04-01,329,4.848
growth_mom,2018-05-01,329,-4.993
growth_mom,2018-06-01,329,5.713
growth_mom,2018-07-01,329,2.067
growth_mom,2018-08-01,329,0.659
growth_mom,2018-09-01,329,9.502
growth_mom,2018-10-01,329,-14.283
growth_mom,2018-11-01,329,-3.354
growth_mom,2018-12-01,329,-3.95
growth_mom,2019-01-01,329,23.814
growth_mom,2019-02-01,329,-11.2
growth_mom,2019-03-01,329,1.545
growth_mom,2019-04-01,329,-2.453
growth_mom,2019-05-01,329,4.768
growth_mom,2019-06-01,329,-6.471
growth_mom,2019-07-01,329,-0.497
growth_mom,2019-08-01,329,10.442
growth_mom,2019-09-01,329,5.096
growth_mom,2019-10-01,329,4.317
growth_mom,2019-11-01,329,-0.735
growth_mom,2019-12-01,329,-9.723
growth_mom,2020-01-01,329,1.998
growth_mom,2020-02-01,329,-15.845
growth_mom,2020-03-01,329,-2.21
growth_mom,2020-04-01,329,-95.29
growth_mom,2020-05-01,329,765.76
growth_mom,2020-06-01,329,174.811
growth_mom,2020-07-01,329,0.891
growth_mom,2020-08-01,329,-0.569
growth_mom,2020-09-01,329,4.54
growth_mom,2020-10-01,329,2.432
growth_mom,2020-11-01,329,1.003
growth_mom,2020-12-01,329,-9.708
growth_mom,2021-01-01,329,6.837
growth_mom,2021-02-01,329,-16.351
growth_mom,2021-03-01,329,4.56
growth_mom,2021-04-01,329,-14.066
growth_mom,2021-05-01,329,3.256
growth_mom,2021-06-01,329,-23.302
growth_mom,2021-07-01,329,-5.264
growth_mom,2021-08-01,329,3.529
growth_mom,2021-09-01,329,42.786
growth_mom,2021-10-01,329,4.429
growth_mom,2021-11-01,329,-9.18
growth_mom,2021-12-01,329,-0.781
growth_mom,2022-01-01,329,14.744
growth_mom,2022-02-01,329,-2.327
growth_mom,2022-03-01,329,5.641
growth_mom,2022-04-01,329,-3.544
growth_mom,2022-05-01,329,-9.851
growth_mom,2022-06-01,329,-5.63
growth_mom,2022-07-01,329,8.407
growth_mom,2022-08-01,329,4.388
growth_mom,2022-09-01,329,18.703
growth_mom,2022-10-01,329,-11.883
growth_mom,2022-11-01,329,0.241
growth_mom,2022-12-01,329,-8.931
growth_mom,2023-01-01,329,12.969
growth_mom,2023-02-01,329,2.976
growth_mom,2023-03-01,329,-3.347
growth_mom,2023-04-01,329,-8.265
growth_mom,2023-05-01,329,-0.568
growth_mom,2023-06-01,329,-5.665
growth_mom,2023-07-01,329,2.732
growth_mom,2023-08-01,329,4.09
growth_mom,2023-09-01,329,18.236
growth_mom,2023-10-01,329,-10.831
growth_mom,2023-11-01,329,-2.306
growth_mom,2023-12-01,329,-6.84
growth_mom,2024-01-01,329,11.3
growth_mom,2024-02-01,329,-0.929
growth_mom,2024-03-01,329,-0.598
growth_mom,2024-04-01,329,-6.679
growth_mom,2024-05-01,329,3.022
growth_mom,2024-06-01,329,-2.696
growth_mom,2024-07-01,329,4.783
growth_mom,2024-08-01,329,-4.148
growth_mom,2024-09-01,329,20.49
growth_mom,2024-10-01,329,-13.89
growth_mom,2024-11-01,329,-1.737
growth_mom,2024-12-01,329,-2.107
growth_mom,2025-01-01,329,13.891
growth_mom,2025-02-01,329,-7.199
growth_mom,2025-03-01,329,-2.778
growth_mom,2025-04-01,329,-4.147
growth_mom,2025-05-01,329,6.393
growth_mom,2025-06-01,329,-3.421
growth_mom,2025-07-01,329,1.063
growth_mom,2025-08-01,329,-2.769
growth_mom,2025-09-01,329,24.275
growth_mom,2025-10-01,329,-14.886
growth_mom,2025-11-01,329,-1.601
growth_mom,2025-12-01,329,1.623
growth_mom,2026-01-01,329,15.505
growth_mom,2026-02-01,329,-9.886
growth_mom,2026-03-01,329,-3.221
growth_mom,2026-04-01,329,-5.705
growth_mom,2026-05-01,329,3.714
growth_mom,2026-06-01,329,0.861
abs,2015-01-01,331,110.67
abs,2015-02-01,331,104.392
abs,2015-03-01,331,105.94
abs,2015-04-01,331,98.413
abs,2015-05-01,331,79.616
abs,2015-06-01,331,97.05
abs,2015-07-01,331,100.382
abs,2015-08-01,331,85.271
abs,2015-09-01,331,97.511
abs,2015-10-01,331,107.158
abs,2015-11-01,331,110.217
abs,2015-12-01,331,103.38
abs,2016-01-01,331,114.935
abs,2016-02-01,331,100.421
abs,2016-03-01,331,109.005
abs,2016-04-01,331,96.716
abs,2016-05-01,331,92.106
abs,2016-06-01,331,101.935
abs,2016-07-01,331,134.389
abs,2016-08-01,331,104.423
abs,2016-09-01,331,112.015
abs,2016-10-01,331,111.921
abs,2016-11-01,331,116.664
abs,2016-12-01,331,87.915
abs,2017-01-01,331,99.653
abs,2017-02-01,331,91.165
abs,2017-03-01,331,123.963
abs,2017-04-01,331,110.561
abs,2017-05-01,331,126.048
abs,2017-06-01,331,130.57
abs,2017-07-01,331,147.017
abs,2017-08-01,331,127.765
abs,2017-09-01,331,136.091
abs,2017-10-01,331,120.715
abs,2017-11-01,331,124.29
abs,2017-12-01,331,96.595
abs,2018-01-01,331,112.896
abs,2018-02-01,331,103.88
abs,2018-03-01,331,127.347
abs,2018-04-01,331,116.889
abs,2018-05-01,331,131.587
abs,2018-06-01,331,132.375
abs,2018-07-01,331,152.616
abs,2018-08-01,331,139.205
abs,2018-09-01,331,141.902
abs,2018-10-01,331,132.123
abs,2018-11-01,331,138.297
abs,2018-12-01,331,104.643
abs,2019-01-01,331,121.612
abs,2019-02-01,331,111.113
abs,2019-03-01,331,137.674
abs,2019-04-01,331,123.721
abs,2019-05-01,331,136.441
abs,2019-06-01,331,133.287
abs,2019-07-01,331,159.697
abs,2019-08-01,331,146.124
abs,2019-09-01,331,147.339
abs,2019-10-01,331,138.341
abs,2019-11-01,331,144.71
abs,2019-12-01,331,111.017
abs,2020-01-01,331,127.755
abs,2020-02-01,331,115.883
abs,2020-03-01,331,122.716
abs,2020-04-01,331,52.764
abs,2020-05-01,331,96.775
abs,2020-06-01,331,133.434
abs,2020-07-01,331,144.725
abs,2020-08-01,331,145.981
abs,2020-09-01,331,141.778
abs,2020-10-01,331,135.658
abs,2020-11-01,331,139.792
abs,2020-12-01,331,108.926
abs,2021-01-01,331,129.601
abs,2021-02-01,331,118.968
abs,2021-03-01,331,133.539
abs,2021-04-01,331,122.203
abs,2021-05-01,331,116.693
abs,2021-06-01,331,107.027
abs,2021-07-01,331,108.639
abs,2021-08-01,331,111.326
abs,2021-09-01,331,112.982
abs,2021-10-01,331,137.589
abs,2021-11-01,331,149.934
abs,2021-12-01,331,121.29
abs,2022-01-01,331,134.155
abs,2022-02-01,331,125.418
abs,2022-03-01,331,144.421
abs,2022-04-01,331,135.604
abs,2022-05-01,331,125.61
abs,2022-06-01,331,131.147
abs,2022-07-01,331,133.294
abs,2022-08-01,331,133.123
abs,2022-09-01,331,133.535
abs,2022-10-01,331,146.473
abs,2022-11-01,331,150.92
abs,2022-12-01,331,132.272
abs,2023-01-01,331,144.321
abs,2023-02-01,331,137.445
abs,2023-03-01,331,145.116
abs,2023-04-01,331,144.226
abs,2023-05-01,331,134.804
abs,2023-06-01,331,141.785
abs,2023-07-01,331,140.143
abs,2023-08-01,331,139.279
abs,2023-09-01,331,139.281
abs,2023-10-01,331,156.232
abs,2023-11-01,331,160.841
abs,2023-12-01,331,137.79
abs,2024-01-01,331,153.211
abs,2024-02-01,331,143.831
abs,2024-03-01,331,154.919
abs,2024-04-01,331,149.577
abs,2024-05-01,331,140.686
abs,2024-06-01,331,152.041
abs,2024-07-01,331,151.634
abs,2024-08-01,331,152.185
abs,2024-09-01,331,145.01
abs,2024-10-01,331,162.668
abs,2024-11-01,331,162.853
abs,2024-12-01,331,146.637
abs,2025-01-01,331,164.147
abs,2025-02-01,331,154.885
abs,2025-03-01,331,168.191
abs,2025-04-01,331,164.473
abs,2025-05-01,331,155.056
abs,2025-06-01,331,163.823
abs,2025-07-01,331,164.091
abs,2025-08-01,331,160.338
abs,2025-09-01,331,152.516
abs,2025-10-01,331,168.971
abs,2025-11-01,331,169.142
abs,2025-12-01,331,157.502
abs,2026-01-01,331,175.361
abs,2026-02-01,331,168.999
abs,2026-03-01,331,183.697
abs,2026-04-01,331,181.431
abs,2026-05-01,331,165.081
abs,2026-06-01,331,174.641
growth_yoy,2016-01-01,331,3.854
growth_yoy,2016-02-01,331,-3.804
growth_yoy,2016-03-01,331,2.893
growth_yoy,2016-04-01,331,-1.725
growth_yoy,2016-05-01,331,15.688
growth_yoy,2016-06-01,331,5.033
growth_yoy,2016-07-01,331,33.877
growth_yoy,2016-08-01,331,22.46
growth_yoy,2016-09-01,331,14.875
growth_yoy,2016-10-01,331,4.445
growth_yoy,2016-11-01,331,5.849
growth_yoy,2016-12-01,331,-14.959
growth_yoy,2017-01-01,331,-13.296
growth_yoy,2017-02-01,331,-9.216
growth_yoy,2017-03-01,331,13.723
growth_yoy,2017-04-01,331,14.315
growth_yoy,2017-05-01,331,36.851
growth_yoy,2017-06-01,331,28.092
growth_yoy,2017-07-01,331,9.396
growth_yoy,2017-08-01,331,22.354
growth_yoy,2017-09-01,331,21.493
growth_yoy,2017-10-01,331,7.858
growth_yoy,2017-11-01,331,6.537
growth_yoy,2017-12-01,331,9.874
growth_yoy,2018-01-01,331,13.289
growth_yoy,2018-02-01,331,13.946
growth_yoy,2018-03-01,331,2.729
growth_yoy,2018-04-01,331,5.724
growth_yoy,2018-05-01,331,4.394
growth_yoy,2018-06-01,331,1.382
growth_yoy,2018-07-01,331,3.808
growth_yoy,2018-08-01,331,8.954
growth_yoy,2018-09-01,331,4.27
growth_yoy,2018-10-01,331,9.45
growth_yoy,2018-11-01,331,11.27
growth_yoy,2018-12-01,331,8.331
growth_yoy,2019-01-01,331,7.721
growth_yoy,2019-02-01,331,6.963
growth_yoy,2019-03-01,331,8.11
growth_yoy,2019-04-01,331,5.844
growth_yoy,2019-05-01,331,3.689
growth_yoy,2019-06-01,331,0.689
growth_yoy,2019-07-01,331,4.64
growth_yoy,2019-08-01,331,4.97
growth_yoy,2019-09-01,331,3.832
growth_yoy,2019-10-01,331,4.706
growth_yoy,2019-11-01,331,4.637
growth_yoy,2019-12-01,331,6.091
growth_yoy,2020-01-01,331,5.051
growth_yoy,2020-02-01,331,4.293
growth_yoy,2020-03-01,331,-10.865
growth_yoy,2020-04-01,331,-57.352
growth_yoy,2020-05-01,331,-29.072
growth_yoy,2020-06-01,331,0.11
growth_yoy,2020-07-01,331,-9.375
growth_yoy,2020-08-01,331,-0.098
growth_yoy,2020-09-01,331,-3.774
growth_yoy,2020-10-01,331,-1.94
growth_yoy,2020-11-01,331,-3.398
growth_yoy,2020-12-01,331,-1.884
growth_yoy,2021-01-01,331,1.445
growth_yoy,2021-02-01,331,2.662
growth_yoy,2021-03-01,331,8.819
growth_yoy,2021-04-01,331,131.604
growth_yoy,2021-05-01,331,20.581
growth_yoy,2021-06-01,331,-19.79
growth_yoy,2021-07-01,331,-24.934
growth_yoy,2021-08-01,331,-23.739
growth_yoy,2021-09-01,331,-20.311
growth_yoy,2021-10-01,331,1.424
growth_yoy,2021-11-01,331,7.255
growth_yoy,2021-12-01,331,11.351
growth_yoy,2022-01-01,331,3.514
growth_yoy,2022-02-01,331,5.422
growth_yoy,2022-03-01,331,8.149
growth_yoy,2022-04-01,331,10.966
growth_yoy,2022-05-01,331,7.642
growth_yoy,2022-06-01,331,22.536
growth_yoy,2022-07-01,331,22.694
growth_yoy,2022-08-01,331,19.579
growth_yoy,2022-09-01,331,18.191
growth_yoy,2022-10-01,331,6.457
growth_yoy,2022-11-01,331,0.658
growth_yoy,2022-12-01,331,9.054
growth_yoy,2023-01-01,331,7.578
growth_yoy,2023-02-01,331,9.59
growth_yoy,2023-03-01,331,0.481
growth_yoy,2023-04-01,331,6.358
growth_yoy,2023-05-01,331,7.319
growth_yoy,2023-06-01,331,8.112
growth_yoy,2023-07-01,331,5.138
growth_yoy,2023-08-01,331,4.624
growth_yoy,2023-09-01,331,4.303
growth_yoy,2023-10-01,331,6.663
growth_yoy,2023-11-01,331,6.574
growth_yoy,2023-12-01,331,4.171
growth_yoy,2024-01-01,331,6.16
growth_yoy,2024-02-01,331,4.646
growth_yoy,2024-03-01,331,6.756
growth_yoy,2024-04-01,331,3.71
growth_yoy,2024-05-01,331,4.363
growth_yoy,2024-06-01,331,7.234
growth_yoy,2024-07-01,331,8.2
growth_yoy,2024-08-01,331,9.266
growth_yoy,2024-09-01,331,4.113
growth_yoy,2024-10-01,331,4.119
growth_yoy,2024-11-01,331,1.251
growth_yoy,2024-12-01,331,6.421
growth_yoy,2025-01-01,331,7.137
growth_yoy,2025-02-01,331,7.686
growth_yoy,2025-03-01,331,8.567
growth_yoy,2025-04-01,331,9.959
growth_yoy,2025-05-01,331,10.214
growth_yoy,2025-06-01,331,7.749
growth_yoy,2025-07-01,331,8.215
growth_yoy,2025-08-01,331,5.357
growth_yoy,2025-09-01,331,5.177
growth_yoy,2025-10-01,331,3.874
growth_yoy,2025-11-01,331,3.862
growth_yoy,2025-12-01,331,7.41
growth_yoy,2026-01-01,331,6.832
growth_yoy,2026-02-01,331,9.112
growth_yoy,2026-03-01,331,9.22
growth_yoy,2026-04-01,331,10.311
growth_yoy,2026-05-01,331,6.465
growth_yoy,2026-06-01,331,6.603
growth_mom,2015-02-01,331,-5.673
growth_mom,2015-03-01,331,1.483
growth_mom,2015-04-01,331,-7.104
growth_mom,2015-05-01,331,-19.101
growth_mom,2015-06-01,331,21.899
growth_mom,2015-07-01,331,3.433
growth_mom,2015-08-01,331,-15.054
growth_mom,2015-09-01,331,14.354
growth_mom,2015-10-01,331,9.894
growth_mom,2015-11-01,331,2.854
growth_mom,2015-12-01,331,-6.203
growth_mom,2016-01-01,331,11.177
growth_mom,2016-02-01,331,-12.628
growth_mom,2016-03-01,331,8.548
growth_mom,2016-04-01,331,-11.274
growth_mom,2016-05-01,331,-4.766
growth_mom,2016-06-01,331,10.671
growth_mom,2016-07-01,331,31.838
growth_mom,2016-08-01,331,-22.298
growth_mom,2016-09-01,331,7.271
growth_mom,2016-10-01,331,-0.084
growth_mom,2016-11-01,331,4.238
growth_mom,2016-12-01,331,-24.643
growth_mom,2017-01-01,331,13.351
growth_mom,2017-02-01,331,-8.517
growth_mom,2017-03-01,331,35.976
growth_mom,2017-04-01,331,-10.812
growth_mom,2017-05-01,331,14.008
growth_mom,2017-06-01,331,3.588
growth_mom,2017-07-01,331,12.596
growth_mom,2017-08-01,331,-13.095
growth_mom,2017-09-01,331,6.516
growth_mom,2017-10-01,331,-11.298
growth_mom,2017-11-01,331,2.961
growth_mom,2017-12-01,331,-22.282
growth_mom,2018-01-01,331,16.875
growth_mom,2018-02-01,331,-7.986
growth_mom,2018-03-01,331,22.591
growth_mom,2018-04-01,331,-8.212
growth_mom,2018-05-01,331,12.574
growth_mom,2018-06-01,331,0.599
growth_mom,2018-07-01,331,15.29
growth_mom,2018-08-01,331,-8.787
growth_mom,2018-09-01,331,1.937
growth_mom,2018-10-01,331,-6.891
growth_mom,2018-11-01,331,4.673
growth_mom,2018-12-01,331,-24.335
growth_mom,2019-01-01,331,16.216
growth_mom,2019-02-01,331,-8.634
growth_mom,2019-03-01,331,23.905
growth_mom,2019-04-01,331,-10.135
growth_mom,2019-05-01,331,10.281
growth_mom,2019-06-01,331,-2.312
growth_mom,2019-07-01,331,19.814
growth_mom,2019-08-01,331,-8.499
growth_mom,2019-09-01,331,0.831
growth_mom,2019-10-01,331,-6.107
growth_mom,2019-11-01,331,4.604
growth_mom,2019-12-01,331,-23.283
growth_mom,2020-01-01,331,15.077
growth_mom,2020-02-01,331,-9.293
growth_mom,2020-03-01,331,5.897
growth_mom,2020-04-01,331,-57.003
growth_mom,2020-05-01,331,83.412
growth_mom,2020-06-01,331,37.88
growth_mom,2020-07-01,331,8.462
growth_mom,2020-08-01,331,0.868
growth_mom,2020-09-01,331,-2.879
growth_mom,2020-10-01,331,-4.317
growth_mom,2020-11-01,331,3.047
growth_mom,2020-12-01,331,-22.08
growth_mom,2021-01-01,331,18.981
growth_mom,2021-02-01,331,-8.205
growth_mom,2021-03-01,331,12.248
growth_mom,2021-04-01,331,-8.489
growth_mom,2021-05-01,331,-4.509
growth_mom,2021-06-01,331,-8.283
growth_mom,2021-07-01,331,1.506
growth_mom,2021-08-01,331,2.473
growth_mom,2021-09-01,331,1.487
growth_mom,2021-10-01,331,21.78
growth_mom,2021-11-01,331,8.972
growth_mom,2021-12-01,331,-19.104
growth_mom,2022-01-01,331,10.607
growth_mom,2022-02-01,331,-6.513
growth_mom,2022-03-01,331,15.152
growth_mom,2022-04-01,331,-6.105
growth_mom,2022-05-01,331,-7.37
growth_mom,2022-06-01,331,4.408
growth_mom,2022-07-01,331,1.637
growth_mom,2022-08-01,331,-0.128
growth_mom,2022-09-01,331,0.309
growth_mom,2022-10-01,331,9.689
growth_mom,2022-11-01,331,3.036
growth_mom,2022-12-01,331,-12.356
growth_mom,2023-01-01,331,9.11
growth_mom,2023-02-01,331,-4.765
growth_mom,2023-03-01,331,5.581
growth_mom,2023-04-01,331,-0.613
growth_mom,2023-05-01,331,-6.533
growth_mom,2023-06-01,331,5.179
growth_mom,2023-07-01,331,-1.159
growth_mom,2023-08-01,331,-0.616
growth_mom,2023-09-01,331,0.001
growth_mom,2023-10-01,331,12.171
growth_mom,2023-11-01,331,2.95
growth_mom,2023-12-01,331,-14.332
growth_mom,2024-01-01,331,11.192
growth_mom,2024-02-01,331,-6.123
growth_mom,2024-03-01,331,7.709
growth_mom,2024-04-01,331,-3.448
growth_mom,2024-05-01,331,-5.944
growth_mom,2024-06-01,331,8.071
growth_mom,2024-07-01,331,-0.268
growth_mom,2024-08-01,331,0.364
growth_mom,2024-09-01,331,-4.715
growth_mom,2024-10-01,331,12.178
growth_mom,2024-11-01,331,0.113
growth_mom,2024-12-01,331,-9.957
growth_mom,2025-01-01,331,11.941
growth_mom,2025-02-01,331,-5.642
growth_mom,2025-03-01,331,8.59
growth_mom,2025-04-01,331,-2.21
growth_mom,2025-05-01,331,-5.726
growth_mom,2025-06-01,331,5.654
growth_mom,2025-07-01,331,0.163
growth_mom,2025-08-01,331,-2.287
growth_mom,2025-09-01,331,-4.878
growth_mom,2025-10-01,331,10.789
growth_mom,2025-11-01,331,0.101
growth_mom,2025-12-01,331,-6.882
growth_mom,2026-01-01,331,11.339
growth_mom,2026-02-01,331,-3.628
growth_mom,2026-03-01,331,8.698
growth_mom,2026-04-01,331,-1.234
growth_mom,2026-05-01,331,-9.012
growth_mom,2026-06-01,331,5.791
abs,2015-01-01,332,96.81
abs,2015-02-01,332,105.88
abs,2015-03-01,332,91.368
abs,2015-04-01,332,85.162
abs,2015-05-01,332,106.07
abs,2015-06-01,332,105.116
abs,2015-07-01,332,113.804
abs,2015-08-01,332,106.357
abs,2015-09-01,332,88.408
abs,2015-10-01,332,85.544
abs,2015-11-01,332,119.723
abs,2015-12-01,332,95.759
abs,2016-01-01,332,97.8
abs,2016-02-01,332,107.22
abs,2016-03-01,332,94.615
abs,2016-04-01,332,78.809
abs,2016-05-01,332,93.655
abs,2016-06-01,332,102.1
abs,2016-07-01,332,107.846
abs,2016-08-01,332,105.841
abs,2016-09-01,332,88.67
abs,2016-10-01,332,80.942
abs,2016-11-01,332,112.431
abs,2016-12-01,332,94.905
abs,2017-01-01,332,100.966
abs,2017-02-01,332,109.045
abs,2017-03-01,332,100.452
abs,2017-04-01,332,82.788
abs,2017-05-01,332,100.074
abs,2017-06-01,332,101.038
abs,2017-07-01,332,115.145
abs,2017-08-01,332,116.291
abs,2017-09-01,332,95.918
abs,2017-10-01,332,84.844
abs,2017-11-01,332,120.198
abs,2017-12-01,332,99.996
abs,2018-01-01,332,101.578
abs,2018-02-01,332,102.131
abs,2018-03-01,332,114.345
abs,2018-04-01,332,115.604
abs,2018-05-01,332,121.987
abs,2018-06-01,332,124.21
abs,2018-07-01,332,124.21
abs,2018-08-01,332,112.871
abs,2018-09-01,332,113.983
abs,2018-10-01,332,113.899
abs,2018-11-01,332,110.563
abs,2018-12-01,332,97.067
abs,2019-01-01,332,107.598
abs,2019-02-01,332,106.522
abs,2019-03-01,332,113.488
abs,2019-04-01,332,109.203
abs,2019-05-01,332,119.285
abs,2019-06-01,332,119.789
abs,2019-07-01,332,95.941
abs,2019-08-01,332,104.829
abs,2019-09-01,332,106.853
abs,2019-10-01,332,85.649
abs,2019-11-01,332,89.563
abs,2019-12-01,332,88.405
abs,2020-01-01,332,110.749
abs,2020-02-01,332,109.049
abs,2020-03-01,332,116.811
abs,2020-04-01,332,69.632
abs,2020-05-01,332,97.44
abs,2020-06-01,332,129.139
abs,2020-07-01,332,116.929
abs,2020-08-01,332,92.004
abs,2020-09-01,332,111.671
abs,2020-10-01,332,94.105
abs,2020-11-01,332,80.546
abs,2020-12-01,332,78.035
abs,2021-01-01,332,73.543
abs,2021-02-01,332,67.786
abs,2021-03-01,332,90.377
abs,2021-04-01,332,90.222
abs,2021-05-01,332,91.654
abs,2021-06-01,332,100.005
abs,2021-07-01,332,105.96
abs,2021-08-01,332,99.387
abs,2021-09-01,332,124.21
abs,2021-10-01,332,119.341
abs,2021-11-01,332,102.538
abs,2021-12-01,332,94.633
abs,2022-01-01,332,108.633
abs,2022-02-01,332,86.937
abs,2022-03-01,332,112.315
abs,2022-04-01,332,108.107
abs,2022-05-01,332,101.536
abs,2022-06-01,332,103.004
abs,2022-07-01,332,102.101
abs,2022-08-01,332,86.257
abs,2022-09-01,332,95.91
abs,2022-10-01,332,119.701
abs,2022-11-01,332,108.624
abs,2022-12-01,332,86.539
abs,2023-01-01,332,95.683
abs,2023-02-01,332,92.897
abs,2023-03-01,332,122.518
abs,2023-04-01,332,93.604
abs,2023-05-01,332,87.915
abs,2023-06-01,332,83.742
abs,2023-07-01,332,112.822
abs,2023-08-01,332,104.793
abs,2023-09-01,332,114.855
abs,2023-10-01,332,101.4
abs,2023-11-01,332,66.949
abs,2023-12-01,332,69.98
abs,2024-01-01,332,83.053
abs,2024-02-01,332,84.444
abs,2024-03-01,332,132.197
abs,2024-04-01,332,102.309
abs,2024-05-01,332,103.036
abs,2024-06-01,332,108.446
abs,2024-07-01,332,118.237
abs,2024-08-01,332,102.278
abs,2024-09-01,332,104.289
abs,2024-10-01,332,120.768
abs,2024-11-01,332,81.277
abs,2024-12-01,332,86.985
abs,2025-01-01,332,99.248
abs,2025-02-01,332,94.493
abs,2025-03-01,332,142.508
abs,2025-04-01,332,108.345
abs,2025-05-01,332,108.909
abs,2025-06-01,332,115.712
abs,2025-07-01,332,123.44
abs,2025-08-01,332,113.351
abs,2025-09-01,332,122.28
abs,2025-10-01,332,133.731
abs,2025-11-01,332,91.517
abs,2025-12-01,332,100.927
abs,2026-01-01,332,116.375
abs,2026-02-01,332,112.635
abs,2026-03-01,332,174.86
abs,2026-04-01,332,133.641
abs,2026-05-01,332,142.104
abs,2026-06-01,332,140.331
growth_yoy,2016-01-01,332,1.023
growth_yoy,2016-02-01,332,1.266
growth_yoy,2016-03-01,332,3.554
growth_yoy,2016-04-01,332,-7.46
growth_yoy,2016-05-01,332,-11.705
growth_yoy,2016-06-01,332,-2.869
growth_yoy,2016-07-01,332,-5.235
growth_yoy,2016-08-01,332,-0.485
growth_yoy,2016-09-01,332,0.296
growth_yoy,2016-10-01,332,-5.379
growth_yoy,2016-11-01,332,-6.091
growth_yoy,2016-12-01,332,-0.892
growth_yoy,2017-01-01,332,3.237
growth_yoy,2017-02-01,332,1.702
growth_yoy,2017-03-01,332,6.169
growth_yoy,2017-04-01,332,5.049
growth_yoy,2017-05-01,332,6.854
growth_yoy,2017-06-01,332,-1.04
growth_yoy,2017-07-01,332,6.768
growth_yoy,2017-08-01,332,9.873
growth_yoy,2017-09-01,332,8.174
growth_yoy,2017-10-01,332,4.82
growth_yoy,2017-11-01,332,6.908
growth_yoy,2017-12-01,332,5.364
growth_yoy,2018-01-01,332,0.607
growth_yoy,2018-02-01,332,-6.34
growth_yoy,2018-03-01,332,13.831
growth_yoy,2018-04-01,332,39.638
growth_yoy,2018-05-01,332,21.897
growth_yoy,2018-06-01,332,22.934
growth_yoy,2018-07-01,332,7.873
growth_yoy,2018-08-01,332,-2.941
growth_yoy,2018-09-01,332,18.834
growth_yoy,2018-10-01,332,34.246
growth_yoy,2018-11-01,332,-8.016
growth_yoy,2018-12-01,332,-2.929
growth_yoy,2019-01-01,332,5.926
growth_yoy,2019-02-01,332,4.299
growth_yoy,2019-03-01,332,-0.75
growth_yoy,2019-04-01,332,-5.537
growth_yoy,2019-05-01,332,-2.215
growth_yoy,2019-06-01,332,-3.56
growth_yoy,2019-07-01,332,-22.76
growth_yoy,2019-08-01,332,-7.125
growth_yoy,2019-09-01,332,-6.255
growth_yoy,2019-10-01,332,-24.803
growth_yoy,2019-11-01,332,-18.993
growth_yoy,2019-12-01,332,-8.923
growth_yoy,2020-01-01,332,2.928
growth_yoy,2020-02-01,332,2.373
growth_yoy,2020-03-01,332,2.928
growth_yoy,2020-04-01,332,-36.236
growth_yoy,2020-05-01,332,-18.313
growth_yoy,2020-06-01,332,7.806
growth_yoy,2020-07-01,332,21.877
growth_yoy,2020-08-01,332,-12.234
growth_yoy,2020-09-01,332,4.509
growth_yoy,2020-10-01,332,9.873
growth_yoy,2020-11-01,332,-10.068
growth_yoy,2020-12-01,332,-11.731
growth_yoy,2021-01-01,332,-33.595
growth_yoy,2021-02-01,332,-37.839
growth_yoy,2021-03-01,332,-22.63
growth_yoy,2021-04-01,332,29.569
growth_yoy,2021-05-01,332,-5.938
growth_yoy,2021-06-01,332,-22.561
growth_yoy,2021-07-01,332,-9.381
growth_yoy,2021-08-01,332,8.025
growth_yoy,2021-09-01,332,11.229
growth_yoy,2021-10-01,332,26.817
growth_yoy,2021-11-01,332,27.304
growth_yoy,2021-12-01,332,21.271
growth_yoy,2022-01-01,332,47.713
growth_yoy,2022-02-01,332,28.253
growth_yoy,2022-03-01,332,24.274
growth_yoy,2022-04-01,332,19.823
growth_yoy,2022-05-01,332,10.782
growth_yoy,2022-06-01,332,2.999
growth_yoy,2022-07-01,332,-3.642
growth_yoy,2022-08-01,332,-13.211
growth_yoy,2022-09-01,332,-22.785
growth_yoy,2022-10-01,332,0.302
growth_yoy,2022-11-01,332,5.935
growth_yoy,2022-12-01,332,-8.553
growth_yoy,2023-01-01,332,-11.921
growth_yoy,2023-02-01,332,6.855
growth_yoy,2023-03-01,332,9.085
growth_yoy,2023-04-01,332,-13.415
growth_yoy,2023-05-01,332,-13.415
growth_yoy,2023-06-01,332,-18.7
growth_yoy,2023-07-01,332,10.5
growth_yoy,2023-08-01,332,21.489
growth_yoy,2023-09-01,332,19.754
growth_yoy,2023-10-01,332,-15.289
growth_yoy,2023-11-01,332,-38.366
growth_yoy,2023-12-01,332,-19.135
growth_yoy,2024-01-01,332,-13.2
growth_yoy,2024-02-01,332,-9.1
growth_yoy,2024-03-01,332,7.9
growth_yoy,2024-04-01,332,9.3
growth_yoy,2024-05-01,332,17.2
growth_yoy,2024-06-01,332,29.5
growth_yoy,2024-07-01,332,4.8
growth_yoy,2024-08-01,332,-2.4
growth_yoy,2024-09-01,332,-9.2
growth_yoy,2024-10-01,332,19.1
growth_yoy,2024-11-01,332,21.4
growth_yoy,2024-12-01,332,24.3
growth_yoy,2025-01-01,332,19.5
growth_yoy,2025-02-01,332,11.9
growth_yoy,2025-03-01,332,7.8
growth_yoy,2025-04-01,332,5.9
growth_yoy,2025-05-01,332,5.7
growth_yoy,2025-06-01,332,6.7
growth_yoy,2025-07-01,332,4.4
growth_yoy,2025-08-01,332,10.826
growth_yoy,2025-09-01,332,17.252
growth_yoy,2025-10-01,332,10.734
growth_yoy,2025-11-01,332,12.6
growth_yoy,2025-12-01,332,16.027
growth_yoy,2026-01-01,332,17.256
growth_yoy,2026-02-01,332,19.2
growth_yoy,2026-03-01,332,22.702
growth_yoy,2026-04-01,332,23.347
growth_yoy,2026-05-01,332,30.48
growth_yoy,2026-06-01,332,21.276
growth_mom,2015-02-01,332,9.369
growth_mom,2015-03-01,332,-13.706
growth_mom,2015-04-01,332,-6.792
growth_mom,2015-05-01,332,24.552
growth_mom,2015-06-01,332,-0.9
growth_mom,2015-07-01,332,8.265
growth_mom,2015-08-01,332,-6.544
growth_mom,2015-09-01,332,-16.876
growth_mom,2015-10-01,332,-3.24
growth_mom,2015-11-01,332,39.955
growth_mom,2015-12-01,332,-20.016
growth_mom,2016-01-01,332,2.131
growth_mom,2016-02-01,332,9.632
growth_mom,2016-03-01,332,-11.756
growth_mom,2016-04-01,332,-16.706
growth_mom,2016-05-01,332,18.838
growth_mom,2016-06-01,332,9.017
growth_mom,2016-07-01,332,5.628
growth_mom,2016-08-01,332,-1.859
growth_mom,2016-09-01,332,-16.223
growth_mom,2016-10-01,332,-8.715
growth_mom,2016-11-01,332,38.903
growth_mom,2016-12-01,332,-15.588
growth_mom,2017-01-01,332,6.386
growth_mom,2017-02-01,332,8.002
growth_mom,2017-03-01,332,-7.88
growth_mom,2017-04-01,332,-17.585
growth_mom,2017-05-01,332,20.88
growth_mom,2017-06-01,332,0.963
growth_mom,2017-07-01,332,13.962
growth_mom,2017-08-01,332,0.995
growth_mom,2017-09-01,332,-17.519
growth_mom,2017-10-01,332,-11.546
growth_mom,2017-11-01,332,41.67
growth_mom,2017-12-01,332,-16.807
growth_mom,2018-01-01,332,1.583
growth_mom,2018-02-01,332,0.544
growth_mom,2018-03-01,332,11.959
growth_mom,2018-04-01,332,1.1
growth_mom,2018-05-01,332,5.522
growth_mom,2018-06-01,332,1.823
growth_mom,2018-07-01,332,0.0
growth_mom,2018-08-01,332,-9.129
growth_mom,2018-09-01,332,0.985
growth_mom,2018-10-01,332,-0.073
growth_mom,2018-11-01,332,-2.93
growth_mom,2018-12-01,332,-12.206
growth_mom,2019-01-01,332,10.85
growth_mom,2019-02-01,332,-1.0
growth_mom,2019-03-01,332,6.54
growth_mom,2019-04-01,332,-3.776
growth_mom,2019-05-01,332,9.233
growth_mom,2019-06-01,332,0.422
growth_mom,2019-07-01,332,-19.908
growth_mom,2019-08-01,332,9.265
growth_mom,2019-09-01,332,1.93
growth_mom,2019-10-01,332,-19.844
growth_mom,2019-11-01,332,4.57
growth_mom,2019-12-01,332,-1.293
growth_mom,2020-01-01,332,25.274
growth_mom,2020-02-01,332,-1.534
growth_mom,2020-03-01,332,7.117
growth_mom,2020-04-01,332,-40.389
growth_mom,2020-05-01,332,39.936
growth_mom,2020-06-01,332,32.531
growth_mom,2020-07-01,332,-9.455
growth_mom,2020-08-01,332,-21.316
growth_mom,2020-09-01,332,21.376
growth_mom,2020-10-01,332,-15.73
growth_mom,2020-11-01,332,-14.408
growth_mom,2020-12-01,332,-3.118
growth_mom,2021-01-01,332,-5.756
growth_mom,2021-02-01,332,-7.829
growth_mom,2021-03-01,332,33.327
growth_mom,2021-04-01,332,-0.171
growth_mom,2021-05-01,332,1.587
growth_mom,2021-06-01,332,9.111
growth_mom,2021-07-01,332,5.955
growth_mom,2021-08-01,332,-6.203
growth_mom,2021-09-01,332,24.976
growth_mom,2021-10-01,332,-3.92
growth_mom,2021-11-01,332,-14.08
growth_mom,2021-12-01,332,-7.709
growth_mom,2022-01-01,332,14.793
growth_mom,2022-02-01,332,-19.971
growth_mom,2022-03-01,332,29.19
growth_mom,2022-04-01,332,-3.747
growth_mom,2022-05-01,332,-6.078
growth_mom,2022-06-01,332,1.446
growth_mom,2022-07-01,332,-0.876
growth_mom,2022-08-01,332,-15.518
growth_mom,2022-09-01,332,11.19
growth_mom,2022-10-01,332,24.807
growth_mom,2022-11-01,332,-9.254
growth_mom,2022-12-01,332,-20.331
growth_mom,2023-01-01,332,10.566
growth_mom,2023-02-01,332,-2.911
growth_mom,2023-03-01,332,31.885
growth_mom,2023-04-01,332,-23.6
growth_mom,2023-05-01,332,-6.078
growth_mom,2023-06-01,332,-4.746
growth_mom,2023-07-01,332,34.726
growth_mom,2023-08-01,332,-7.116
growth_mom,2023-09-01,332,9.602
growth_mom,2023-10-01,332,-11.715
growth_mom,2023-11-01,332,-33.975
growth_mom,2023-12-01,332,4.527
growth_mom,2024-01-01,332,18.68
growth_mom,2024-02-01,332,1.675
growth_mom,2024-03-01,332,56.55
growth_mom,2024-04-01,332,-22.609
growth_mom,2024-05-01,332,0.711
growth_mom,2024-06-01,332,5.25
growth_mom,2024-07-01,332,9.029
growth_mom,2024-08-01,332,-13.498
growth_mom,2024-09-01,332,1.966
growth_mom,2024-10-01,332,15.802
growth_mom,2024-11-01,332,-32.7
growth_mom,2024-12-01,332,7.024
growth_mom,2025-01-01,332,14.097
growth_mom,2025-02-01,332,-4.791
growth_mom,2025-03-01,332,50.814
growth_mom,2025-04-01,332,-23.973
growth_mom,2025-05-01,332,0.52
growth_mom,2025-06-01,332,6.246
growth_mom,2025-07-01,332,6.679
growth_mom,2025-08-01,332,-8.173
growth_mom,2025-09-01,332,7.878
growth_mom,2025-10-01,332,9.364
growth_mom,2025-11-01,332,-31.566
growth_mom,2025-12-01,332,10.281
growth_mom,2026-01-01,332,15.306
growth_mom,2026-02-01,332,-3.213
growth_mom,2026-03-01,332,55.244
growth_mom,2026-04-01,332,-23.573
growth_mom,2026-05-01,332,6.333
growth_mom,2026-06-01,332,-1.248
