state,district,stage,sex,date,teachers
Malaysia,All Districts,primary,both,2017-01-01,230631
Malaysia,All Districts,primary,both,2018-01-01,238858
Malaysia,All Districts,primary,both,2019-01-01,235534
Malaysia,All Districts,primary,both,2020-01-01,237093
Malaysia,All Districts,primary,both,2021-01-01,235031
Malaysia,All Districts,primary,both,2022-01-01,235232
Malaysia,All Districts,primary,both,2023-06-30,232703
Malaysia,All Districts,primary,both,2024-06-30,235578
Malaysia,All Districts,primary,both,2025-06-30,236976
Malaysia,All Districts,primary,female,2017-01-01,160247
Malaysia,All Districts,primary,female,2018-01-01,168366
Malaysia,All Districts,primary,female,2019-01-01,166072
Malaysia,All Districts,primary,female,2020-01-01,167039
Malaysia,All Districts,primary,female,2021-01-01,166098
Malaysia,All Districts,primary,female,2022-01-01,166663
Malaysia,All Districts,primary,female,2023-06-30,165327
Malaysia,All Districts,primary,female,2024-06-30,167756
Malaysia,All Districts,primary,female,2025-06-30,169321
Malaysia,All Districts,primary,male,2017-01-01,70384
Malaysia,All Districts,primary,male,2018-01-01,70492
Malaysia,All Districts,primary,male,2019-01-01,69462
Malaysia,All Districts,primary,male,2020-01-01,70054
Malaysia,All Districts,primary,male,2021-01-01,68933
Malaysia,All Districts,primary,male,2022-01-01,68569
Malaysia,All Districts,primary,male,2023-06-30,67376
Malaysia,All Districts,primary,male,2024-06-30,67822
Malaysia,All Districts,primary,male,2025-06-30,67655
Malaysia,All Districts,secondary,both,2017-01-01,181633
Malaysia,All Districts,secondary,both,2018-01-01,183476
Malaysia,All Districts,secondary,both,2019-01-01,182432
Malaysia,All Districts,secondary,both,2020-01-01,180178
Malaysia,All Districts,secondary,both,2021-01-01,175987
Malaysia,All Districts,secondary,both,2022-01-01,181134
Malaysia,All Districts,secondary,both,2023-06-30,178609
Malaysia,All Districts,secondary,both,2024-06-30,180328
Malaysia,All Districts,secondary,both,2025-06-30,180486
Malaysia,All Districts,secondary,female,2017-01-01,127192
Malaysia,All Districts,secondary,female,2018-01-01,129247
Malaysia,All Districts,secondary,female,2019-01-01,128974
Malaysia,All Districts,secondary,female,2020-01-01,128192
Malaysia,All Districts,secondary,female,2021-01-01,125773
Malaysia,All Districts,secondary,female,2022-01-01,130496
Malaysia,All Districts,secondary,female,2023-06-30,129271
Malaysia,All Districts,secondary,female,2024-06-30,131394
Malaysia,All Districts,secondary,female,2025-06-30,132241
Malaysia,All Districts,secondary,male,2017-01-01,54441
Malaysia,All Districts,secondary,male,2018-01-01,54229
Malaysia,All Districts,secondary,male,2019-01-01,53458
Malaysia,All Districts,secondary,male,2020-01-01,51986
Malaysia,All Districts,secondary,male,2021-01-01,50214
Malaysia,All Districts,secondary,male,2022-01-01,50638
Malaysia,All Districts,secondary,male,2023-06-30,49338
Malaysia,All Districts,secondary,male,2024-06-30,48934
Malaysia,All Districts,secondary,male,2025-06-30,48245
Johor,All Districts,primary,both,2017-01-01,27087
Johor,All Districts,primary,both,2018-01-01,28311
Johor,All Districts,primary,both,2019-01-01,27640
Johor,All Districts,primary,both,2020-01-01,27795
Johor,All Districts,primary,both,2021-01-01,27438
Johor,All Districts,primary,both,2022-01-01,26783
Johor,All Districts,primary,both,2023-06-30,26673
Johor,All Districts,primary,both,2024-06-30,27460
Johor,All Districts,primary,both,2025-06-30,27722
Johor,All Districts,primary,female,2017-01-01,19343
Johor,All Districts,primary,female,2018-01-01,20274
Johor,All Districts,primary,female,2019-01-01,19797
Johor,All Districts,primary,female,2020-01-01,19871
Johor,All Districts,primary,female,2021-01-01,19708
Johor,All Districts,primary,female,2022-01-01,19410
Johor,All Districts,primary,female,2023-06-30,19358
Johor,All Districts,primary,female,2024-06-30,19933
Johor,All Districts,primary,female,2025-06-30,20168
Johor,All Districts,primary,male,2017-01-01,7744
Johor,All Districts,primary,male,2018-01-01,8037
Johor,All Districts,primary,male,2019-01-01,7843
Johor,All Districts,primary,male,2020-01-01,7924
Johor,All Districts,primary,male,2021-01-01,7730
Johor,All Districts,primary,male,2022-01-01,7373
Johor,All Districts,primary,male,2023-06-30,7315
Johor,All Districts,primary,male,2024-06-30,7527
Johor,All Districts,primary,male,2025-06-30,7554
Johor,All Districts,secondary,both,2017-01-01,21424
Johor,All Districts,secondary,both,2018-01-01,21585
Johor,All Districts,secondary,both,2019-01-01,21529
Johor,All Districts,secondary,both,2020-01-01,21222
Johor,All Districts,secondary,both,2021-01-01,20821
Johor,All Districts,secondary,both,2022-01-01,21276
Johor,All Districts,secondary,both,2023-06-30,21018
Johor,All Districts,secondary,both,2024-06-30,21214
Johor,All Districts,secondary,both,2025-06-30,21154
Johor,All Districts,secondary,female,2017-01-01,15239
Johor,All Districts,secondary,female,2018-01-01,15418
Johor,All Districts,secondary,female,2019-01-01,15478
Johor,All Districts,secondary,female,2020-01-01,15353
Johor,All Districts,secondary,female,2021-01-01,15119
Johor,All Districts,secondary,female,2022-01-01,15530
Johor,All Districts,secondary,female,2023-06-30,15443
Johor,All Districts,secondary,female,2024-06-30,15716
Johor,All Districts,secondary,female,2025-06-30,15750
Johor,All Districts,secondary,male,2017-01-01,6185
Johor,All Districts,secondary,male,2018-01-01,6167
Johor,All Districts,secondary,male,2019-01-01,6051
Johor,All Districts,secondary,male,2020-01-01,5869
Johor,All Districts,secondary,male,2021-01-01,5702
Johor,All Districts,secondary,male,2022-01-01,5746
Johor,All Districts,secondary,male,2023-06-30,5575
Johor,All Districts,secondary,male,2024-06-30,5498
Johor,All Districts,secondary,male,2025-06-30,5404
Johor,Batu Pahat,primary,both,2017-01-01,3632
Johor,Batu Pahat,primary,both,2018-01-01,3756
Johor,Batu Pahat,primary,both,2019-01-01,3643
Johor,Batu Pahat,primary,both,2020-01-01,3550
Johor,Batu Pahat,primary,both,2021-01-01,3491
Johor,Batu Pahat,primary,both,2022-01-01,3420
Johor,Batu Pahat,primary,both,2023-06-30,3354
Johor,Batu Pahat,primary,both,2024-06-30,3428
Johor,Batu Pahat,primary,both,2025-06-30,3458
Johor,Batu Pahat,primary,female,2017-01-01,2530
Johor,Batu Pahat,primary,female,2018-01-01,2631
Johor,Batu Pahat,primary,female,2019-01-01,2560
Johor,Batu Pahat,primary,female,2020-01-01,2505
Johor,Batu Pahat,primary,female,2021-01-01,2471
Johor,Batu Pahat,primary,female,2022-01-01,2444
Johor,Batu Pahat,primary,female,2023-06-30,2393
Johor,Batu Pahat,primary,female,2024-06-30,2434
Johor,Batu Pahat,primary,female,2025-06-30,2458
Johor,Batu Pahat,primary,male,2017-01-01,1102
Johor,Batu Pahat,primary,male,2018-01-01,1125
Johor,Batu Pahat,primary,male,2019-01-01,1083
Johor,Batu Pahat,primary,male,2020-01-01,1045
Johor,Batu Pahat,primary,male,2021-01-01,1020
Johor,Batu Pahat,primary,male,2022-01-01,976
Johor,Batu Pahat,primary,male,2023-06-30,961
Johor,Batu Pahat,primary,male,2024-06-30,994
Johor,Batu Pahat,primary,male,2025-06-30,1000
Johor,Batu Pahat,secondary,both,2017-01-01,2698
Johor,Batu Pahat,secondary,both,2018-01-01,2697
Johor,Batu Pahat,secondary,both,2019-01-01,2654
Johor,Batu Pahat,secondary,both,2020-01-01,2591
Johor,Batu Pahat,secondary,both,2021-01-01,2547
Johor,Batu Pahat,secondary,both,2022-01-01,2590
Johor,Batu Pahat,secondary,both,2023-06-30,2538
Johor,Batu Pahat,secondary,both,2024-06-30,2539
Johor,Batu Pahat,secondary,both,2025-06-30,2504
Johor,Batu Pahat,secondary,female,2017-01-01,1778
Johor,Batu Pahat,secondary,female,2018-01-01,1802
Johor,Batu Pahat,secondary,female,2019-01-01,1803
Johor,Batu Pahat,secondary,female,2020-01-01,1795
Johor,Batu Pahat,secondary,female,2021-01-01,1783
Johor,Batu Pahat,secondary,female,2022-01-01,1832
Johor,Batu Pahat,secondary,female,2023-06-30,1803
Johor,Batu Pahat,secondary,female,2024-06-30,1820
Johor,Batu Pahat,secondary,female,2025-06-30,1804
Johor,Batu Pahat,secondary,male,2017-01-01,920
Johor,Batu Pahat,secondary,male,2018-01-01,895
Johor,Batu Pahat,secondary,male,2019-01-01,851
Johor,Batu Pahat,secondary,male,2020-01-01,796
Johor,Batu Pahat,secondary,male,2021-01-01,764
Johor,Batu Pahat,secondary,male,2022-01-01,758
Johor,Batu Pahat,secondary,male,2023-06-30,735
Johor,Batu Pahat,secondary,male,2024-06-30,719
Johor,Batu Pahat,secondary,male,2025-06-30,700
Johor,Johor Bahru,primary,both,2017-01-01,8880
Johor,Johor Bahru,primary,both,2018-01-01,9972
Johor,Johor Bahru,primary,both,2019-01-01,9778
Johor,Johor Bahru,primary,both,2020-01-01,10052
Johor,Johor Bahru,primary,both,2021-01-01,9962
Johor,Johor Bahru,primary,both,2022-01-01,9743
Johor,Johor Bahru,primary,both,2023-06-30,4818
Johor,Johor Bahru,primary,both,2024-06-30,5042
Johor,Johor Bahru,primary,both,2025-06-30,5066
Johor,Johor Bahru,primary,female,2017-01-01,6628
Johor,Johor Bahru,primary,female,2018-01-01,7395
Johor,Johor Bahru,primary,female,2019-01-01,7250
Johor,Johor Bahru,primary,female,2020-01-01,7437
Johor,Johor Bahru,primary,female,2021-01-01,7408
Johor,Johor Bahru,primary,female,2022-01-01,7305
Johor,Johor Bahru,primary,female,2023-06-30,3631
Johor,Johor Bahru,primary,female,2024-06-30,3813
Johor,Johor Bahru,primary,female,2025-06-30,3852
Johor,Johor Bahru,primary,male,2017-01-01,2252
Johor,Johor Bahru,primary,male,2018-01-01,2577
Johor,Johor Bahru,primary,male,2019-01-01,2528
Johor,Johor Bahru,primary,male,2020-01-01,2615
Johor,Johor Bahru,primary,male,2021-01-01,2554
Johor,Johor Bahru,primary,male,2022-01-01,2438
Johor,Johor Bahru,primary,male,2023-06-30,1187
Johor,Johor Bahru,primary,male,2024-06-30,1229
Johor,Johor Bahru,primary,male,2025-06-30,1214
Johor,Johor Bahru,secondary,both,2017-01-01,7333
Johor,Johor Bahru,secondary,both,2018-01-01,7700
Johor,Johor Bahru,secondary,both,2019-01-01,7688
Johor,Johor Bahru,secondary,both,2020-01-01,7616
Johor,Johor Bahru,secondary,both,2021-01-01,7486
Johor,Johor Bahru,secondary,both,2022-01-01,7761
Johor,Johor Bahru,secondary,both,2023-06-30,3865
Johor,Johor Bahru,secondary,both,2024-06-30,3899
Johor,Johor Bahru,secondary,both,2025-06-30,3900
Johor,Johor Bahru,secondary,female,2017-01-01,5856
Johor,Johor Bahru,secondary,female,2018-01-01,6094
Johor,Johor Bahru,secondary,female,2019-01-01,6076
Johor,Johor Bahru,secondary,female,2020-01-01,6025
Johor,Johor Bahru,secondary,female,2021-01-01,5920
Johor,Johor Bahru,secondary,female,2022-01-01,6146
Johor,Johor Bahru,secondary,female,2023-06-30,3076
Johor,Johor Bahru,secondary,female,2024-06-30,3116
Johor,Johor Bahru,secondary,female,2025-06-30,3126
Johor,Johor Bahru,secondary,male,2017-01-01,1477
Johor,Johor Bahru,secondary,male,2018-01-01,1606
Johor,Johor Bahru,secondary,male,2019-01-01,1612
Johor,Johor Bahru,secondary,male,2020-01-01,1591
Johor,Johor Bahru,secondary,male,2021-01-01,1566
Johor,Johor Bahru,secondary,male,2022-01-01,1615
Johor,Johor Bahru,secondary,male,2023-06-30,789
Johor,Johor Bahru,secondary,male,2024-06-30,783
Johor,Johor Bahru,secondary,male,2025-06-30,774
Johor,Kluang,primary,both,2017-01-01,2368
Johor,Kluang,primary,both,2018-01-01,2438
Johor,Kluang,primary,both,2019-01-01,2373
Johor,Kluang,primary,both,2020-01-01,2374
Johor,Kluang,primary,both,2021-01-01,2331
Johor,Kluang,primary,both,2022-01-01,2271
Johor,Kluang,primary,both,2023-06-30,2267
Johor,Kluang,primary,both,2024-06-30,2305
Johor,Kluang,primary,both,2025-06-30,2334
Johor,Kluang,primary,female,2017-01-01,1744
Johor,Kluang,primary,female,2018-01-01,1815
Johor,Kluang,primary,female,2019-01-01,1762
Johor,Kluang,primary,female,2020-01-01,1750
Johor,Kluang,primary,female,2021-01-01,1716
Johor,Kluang,primary,female,2022-01-01,1680
Johor,Kluang,primary,female,2023-06-30,1670
Johor,Kluang,primary,female,2024-06-30,1683
Johor,Kluang,primary,female,2025-06-30,1699
Johor,Kluang,primary,male,2017-01-01,624
Johor,Kluang,primary,male,2018-01-01,623
Johor,Kluang,primary,male,2019-01-01,611
Johor,Kluang,primary,male,2020-01-01,624
Johor,Kluang,primary,male,2021-01-01,615
Johor,Kluang,primary,male,2022-01-01,591
Johor,Kluang,primary,male,2023-06-30,597
Johor,Kluang,primary,male,2024-06-30,622
Johor,Kluang,primary,male,2025-06-30,635
Johor,Kluang,secondary,both,2017-01-01,1992
Johor,Kluang,secondary,both,2018-01-01,1960
Johor,Kluang,secondary,both,2019-01-01,1960
Johor,Kluang,secondary,both,2020-01-01,1923
Johor,Kluang,secondary,both,2021-01-01,1866
Johor,Kluang,secondary,both,2022-01-01,1891
Johor,Kluang,secondary,both,2023-06-30,1872
Johor,Kluang,secondary,both,2024-06-30,1889
Johor,Kluang,secondary,both,2025-06-30,1885
Johor,Kluang,secondary,female,2017-01-01,1316
Johor,Kluang,secondary,female,2018-01-01,1306
Johor,Kluang,secondary,female,2019-01-01,1322
Johor,Kluang,secondary,female,2020-01-01,1309
Johor,Kluang,secondary,female,2021-01-01,1272
Johor,Kluang,secondary,female,2022-01-01,1304
Johor,Kluang,secondary,female,2023-06-30,1300
Johor,Kluang,secondary,female,2024-06-30,1328
Johor,Kluang,secondary,female,2025-06-30,1338
Johor,Kluang,secondary,male,2017-01-01,676
Johor,Kluang,secondary,male,2018-01-01,654
Johor,Kluang,secondary,male,2019-01-01,638
Johor,Kluang,secondary,male,2020-01-01,614
Johor,Kluang,secondary,male,2021-01-01,594
Johor,Kluang,secondary,male,2022-01-01,587
Johor,Kluang,secondary,male,2023-06-30,572
Johor,Kluang,secondary,male,2024-06-30,561
Johor,Kluang,secondary,male,2025-06-30,547
Johor,Kota Tinggi,primary,both,2017-01-01,1782
Johor,Kota Tinggi,primary,both,2018-01-01,2213
Johor,Kota Tinggi,primary,both,2019-01-01,2150
Johor,Kota Tinggi,primary,both,2020-01-01,2181
Johor,Kota Tinggi,primary,both,2021-01-01,2145
Johor,Kota Tinggi,primary,both,2022-01-01,2103
Johor,Kota Tinggi,primary,both,2023-06-30,1810
Johor,Kota Tinggi,primary,both,2024-06-30,1875
Johor,Kota Tinggi,primary,both,2025-06-30,1902
Johor,Kota Tinggi,primary,female,2017-01-01,1152
Johor,Kota Tinggi,primary,female,2018-01-01,1439
Johor,Kota Tinggi,primary,female,2019-01-01,1398
Johor,Kota Tinggi,primary,female,2020-01-01,1412
Johor,Kota Tinggi,primary,female,2021-01-01,1416
Johor,Kota Tinggi,primary,female,2022-01-01,1432
Johor,Kota Tinggi,primary,female,2023-06-30,1229
Johor,Kota Tinggi,primary,female,2024-06-30,1262
Johor,Kota Tinggi,primary,female,2025-06-30,1286
Johor,Kota Tinggi,primary,male,2017-01-01,630
Johor,Kota Tinggi,primary,male,2018-01-01,774
Johor,Kota Tinggi,primary,male,2019-01-01,752
Johor,Kota Tinggi,primary,male,2020-01-01,769
Johor,Kota Tinggi,primary,male,2021-01-01,729
Johor,Kota Tinggi,primary,male,2022-01-01,671
Johor,Kota Tinggi,primary,male,2023-06-30,581
Johor,Kota Tinggi,primary,male,2024-06-30,613
Johor,Kota Tinggi,primary,male,2025-06-30,616
Johor,Kota Tinggi,secondary,both,2017-01-01,1497
Johor,Kota Tinggi,secondary,both,2018-01-01,1799
Johor,Kota Tinggi,secondary,both,2019-01-01,1772
Johor,Kota Tinggi,secondary,both,2020-01-01,1740
Johor,Kota Tinggi,secondary,both,2021-01-01,1735
Johor,Kota Tinggi,secondary,both,2022-01-01,1764
Johor,Kota Tinggi,secondary,both,2023-06-30,1452
Johor,Kota Tinggi,secondary,both,2024-06-30,1470
Johor,Kota Tinggi,secondary,both,2025-06-30,1462
Johor,Kota Tinggi,secondary,female,2017-01-01,959
Johor,Kota Tinggi,secondary,female,2018-01-01,1187
Johor,Kota Tinggi,secondary,female,2019-01-01,1169
Johor,Kota Tinggi,secondary,female,2020-01-01,1162
Johor,Kota Tinggi,secondary,female,2021-01-01,1164
Johor,Kota Tinggi,secondary,female,2022-01-01,1190
Johor,Kota Tinggi,secondary,female,2023-06-30,999
Johor,Kota Tinggi,secondary,female,2024-06-30,1018
Johor,Kota Tinggi,secondary,female,2025-06-30,1017
Johor,Kota Tinggi,secondary,male,2017-01-01,538
Johor,Kota Tinggi,secondary,male,2018-01-01,612
Johor,Kota Tinggi,secondary,male,2019-01-01,603
Johor,Kota Tinggi,secondary,male,2020-01-01,578
Johor,Kota Tinggi,secondary,male,2021-01-01,571
Johor,Kota Tinggi,secondary,male,2022-01-01,574
Johor,Kota Tinggi,secondary,male,2023-06-30,453
Johor,Kota Tinggi,secondary,male,2024-06-30,452
Johor,Kota Tinggi,secondary,male,2025-06-30,445
Johor,Kulai,primary,both,2017-01-01,2350
Johor,Kulai,primary,both,2018-01-01,1613
Johor,Kulai,primary,both,2019-01-01,1587
Johor,Kulai,primary,both,2020-01-01,1591
Johor,Kulai,primary,both,2021-01-01,1588
Johor,Kulai,primary,both,2022-01-01,1547
Johor,Kulai,primary,both,2023-06-30,2410
Johor,Kulai,primary,both,2024-06-30,2462
Johor,Kulai,primary,both,2025-06-30,2480
Johor,Kulai,primary,female,2017-01-01,1720
Johor,Kulai,primary,female,2018-01-01,1182
Johor,Kulai,primary,female,2019-01-01,1168
Johor,Kulai,primary,female,2020-01-01,1167
Johor,Kulai,primary,female,2021-01-01,1168
Johor,Kulai,primary,female,2022-01-01,1149
Johor,Kulai,primary,female,2023-06-30,1799
Johor,Kulai,primary,female,2024-06-30,1833
Johor,Kulai,primary,female,2025-06-30,1844
Johor,Kulai,primary,male,2017-01-01,630
Johor,Kulai,primary,male,2018-01-01,431
Johor,Kulai,primary,male,2019-01-01,419
Johor,Kulai,primary,male,2020-01-01,424
Johor,Kulai,primary,male,2021-01-01,420
Johor,Kulai,primary,male,2022-01-01,398
Johor,Kulai,primary,male,2023-06-30,611
Johor,Kulai,primary,male,2024-06-30,629
Johor,Kulai,primary,male,2025-06-30,636
Johor,Kulai,secondary,both,2017-01-01,1718
Johor,Kulai,secondary,both,2018-01-01,1231
Johor,Kulai,secondary,both,2019-01-01,1247
Johor,Kulai,secondary,both,2020-01-01,1229
Johor,Kulai,secondary,both,2021-01-01,1203
Johor,Kulai,secondary,both,2022-01-01,1248
Johor,Kulai,secondary,both,2023-06-30,1811
Johor,Kulai,secondary,both,2024-06-30,1835
Johor,Kulai,secondary,both,2025-06-30,1843
Johor,Kulai,secondary,female,2017-01-01,1264
Johor,Kulai,secondary,female,2018-01-01,907
Johor,Kulai,secondary,female,2019-01-01,934
Johor,Kulai,secondary,female,2020-01-01,921
Johor,Kulai,secondary,female,2021-01-01,914
Johor,Kulai,secondary,female,2022-01-01,950
Johor,Kulai,secondary,female,2023-06-30,1375
Johor,Kulai,secondary,female,2024-06-30,1401
Johor,Kulai,secondary,female,2025-06-30,1410
Johor,Kulai,secondary,male,2017-01-01,454
Johor,Kulai,secondary,male,2018-01-01,324
Johor,Kulai,secondary,male,2019-01-01,313
Johor,Kulai,secondary,male,2020-01-01,308
Johor,Kulai,secondary,male,2021-01-01,289
Johor,Kulai,secondary,male,2022-01-01,298
Johor,Kulai,secondary,male,2023-06-30,436
Johor,Kulai,secondary,male,2024-06-30,434
Johor,Kulai,secondary,male,2025-06-30,433
Johor,Mersing,primary,both,2017-01-01,821
Johor,Mersing,primary,both,2018-01-01,855
Johor,Mersing,primary,both,2019-01-01,824
Johor,Mersing,primary,both,2020-01-01,825
Johor,Mersing,primary,both,2021-01-01,818
Johor,Mersing,primary,both,2022-01-01,803
Johor,Mersing,primary,both,2023-06-30,785
Johor,Mersing,primary,both,2024-06-30,815
Johor,Mersing,primary,both,2025-06-30,843
Johor,Mersing,primary,female,2017-01-01,498
Johor,Mersing,primary,female,2018-01-01,518
Johor,Mersing,primary,female,2019-01-01,496
Johor,Mersing,primary,female,2020-01-01,494
Johor,Mersing,primary,female,2021-01-01,508
Johor,Mersing,primary,female,2022-01-01,515
Johor,Mersing,primary,female,2023-06-30,513
Johor,Mersing,primary,female,2024-06-30,534
Johor,Mersing,primary,female,2025-06-30,546
Johor,Mersing,primary,male,2017-01-01,323
Johor,Mersing,primary,male,2018-01-01,337
Johor,Mersing,primary,male,2019-01-01,328
Johor,Mersing,primary,male,2020-01-01,331
Johor,Mersing,primary,male,2021-01-01,310
Johor,Mersing,primary,male,2022-01-01,288
Johor,Mersing,primary,male,2023-06-30,272
Johor,Mersing,primary,male,2024-06-30,281
Johor,Mersing,primary,male,2025-06-30,297
Johor,Mersing,secondary,both,2017-01-01,606
Johor,Mersing,secondary,both,2018-01-01,604
Johor,Mersing,secondary,both,2019-01-01,610
Johor,Mersing,secondary,both,2020-01-01,597
Johor,Mersing,secondary,both,2021-01-01,578
Johor,Mersing,secondary,both,2022-01-01,558
Johor,Mersing,secondary,both,2023-06-30,570
Johor,Mersing,secondary,both,2024-06-30,568
Johor,Mersing,secondary,both,2025-06-30,572
Johor,Mersing,secondary,female,2017-01-01,396
Johor,Mersing,secondary,female,2018-01-01,400
Johor,Mersing,secondary,female,2019-01-01,408
Johor,Mersing,secondary,female,2020-01-01,408
Johor,Mersing,secondary,female,2021-01-01,399
Johor,Mersing,secondary,female,2022-01-01,388
Johor,Mersing,secondary,female,2023-06-30,392
Johor,Mersing,secondary,female,2024-06-30,398
Johor,Mersing,secondary,female,2025-06-30,398
Johor,Mersing,secondary,male,2017-01-01,210
Johor,Mersing,secondary,male,2018-01-01,204
Johor,Mersing,secondary,male,2019-01-01,202
Johor,Mersing,secondary,male,2020-01-01,189
Johor,Mersing,secondary,male,2021-01-01,179
Johor,Mersing,secondary,male,2022-01-01,170
Johor,Mersing,secondary,male,2023-06-30,178
Johor,Mersing,secondary,male,2024-06-30,170
Johor,Mersing,secondary,male,2025-06-30,174
Johor,Muar,primary,both,2017-01-01,2384
Johor,Muar,primary,both,2018-01-01,2425
Johor,Muar,primary,both,2019-01-01,2350
Johor,Muar,primary,both,2020-01-01,2331
Johor,Muar,primary,both,2021-01-01,2298
Johor,Muar,primary,both,2022-01-01,2237
Johor,Muar,primary,both,2023-06-30,2199
Johor,Muar,primary,both,2024-06-30,2243
Johor,Muar,primary,both,2025-06-30,2253
Johor,Muar,primary,female,2017-01-01,1694
Johor,Muar,primary,female,2018-01-01,1742
Johor,Muar,primary,female,2019-01-01,1687
Johor,Muar,primary,female,2020-01-01,1673
Johor,Muar,primary,female,2021-01-01,1651
Johor,Muar,primary,female,2022-01-01,1607
Johor,Muar,primary,female,2023-06-30,1587
Johor,Muar,primary,female,2024-06-30,1618
Johor,Muar,primary,female,2025-06-30,1630
Johor,Muar,primary,male,2017-01-01,690
Johor,Muar,primary,male,2018-01-01,683
Johor,Muar,primary,male,2019-01-01,663
Johor,Muar,primary,male,2020-01-01,658
Johor,Muar,primary,male,2021-01-01,647
Johor,Muar,primary,male,2022-01-01,630
Johor,Muar,primary,male,2023-06-30,612
Johor,Muar,primary,male,2024-06-30,625
Johor,Muar,primary,male,2025-06-30,623
Johor,Muar,secondary,both,2017-01-01,1814
Johor,Muar,secondary,both,2018-01-01,1849
Johor,Muar,secondary,both,2019-01-01,1862
Johor,Muar,secondary,both,2020-01-01,1863
Johor,Muar,secondary,both,2021-01-01,1837
Johor,Muar,secondary,both,2022-01-01,1885
Johor,Muar,secondary,both,2023-06-30,1881
Johor,Muar,secondary,both,2024-06-30,1911
Johor,Muar,secondary,both,2025-06-30,1905
Johor,Muar,secondary,female,2017-01-01,1205
Johor,Muar,secondary,female,2018-01-01,1244
Johor,Muar,secondary,female,2019-01-01,1270
Johor,Muar,secondary,female,2020-01-01,1276
Johor,Muar,secondary,female,2021-01-01,1256
Johor,Muar,secondary,female,2022-01-01,1297
Johor,Muar,secondary,female,2023-06-30,1304
Johor,Muar,secondary,female,2024-06-30,1324
Johor,Muar,secondary,female,2025-06-30,1334
Johor,Muar,secondary,male,2017-01-01,609
Johor,Muar,secondary,male,2018-01-01,605
Johor,Muar,secondary,male,2019-01-01,592
Johor,Muar,secondary,male,2020-01-01,587
Johor,Muar,secondary,male,2021-01-01,581
Johor,Muar,secondary,male,2022-01-01,588
Johor,Muar,secondary,male,2023-06-30,577
Johor,Muar,secondary,male,2024-06-30,587
Johor,Muar,secondary,male,2025-06-30,571
Johor,Pontian,primary,both,2017-01-01,1689
Johor,Pontian,primary,both,2018-01-01,1749
Johor,Pontian,primary,both,2019-01-01,1704
Johor,Pontian,primary,both,2020-01-01,1709
Johor,Pontian,primary,both,2021-01-01,1670
Johor,Pontian,primary,both,2022-01-01,1624
Johor,Pontian,primary,both,2023-06-30,1615
Johor,Pontian,primary,both,2024-06-30,1640
Johor,Pontian,primary,both,2025-06-30,1670
Johor,Pontian,primary,female,2017-01-01,1142
Johor,Pontian,primary,female,2018-01-01,1212
Johor,Pontian,primary,female,2019-01-01,1182
Johor,Pontian,primary,female,2020-01-01,1185
Johor,Pontian,primary,female,2021-01-01,1160
Johor,Pontian,primary,female,2022-01-01,1130
Johor,Pontian,primary,female,2023-06-30,1127
Johor,Pontian,primary,female,2024-06-30,1158
Johor,Pontian,primary,female,2025-06-30,1185
Johor,Pontian,primary,male,2017-01-01,547
Johor,Pontian,primary,male,2018-01-01,537
Johor,Pontian,primary,male,2019-01-01,522
Johor,Pontian,primary,male,2020-01-01,524
Johor,Pontian,primary,male,2021-01-01,510
Johor,Pontian,primary,male,2022-01-01,494
Johor,Pontian,primary,male,2023-06-30,488
Johor,Pontian,primary,male,2024-06-30,482
Johor,Pontian,primary,male,2025-06-30,485
Johor,Pontian,secondary,both,2017-01-01,1242
Johor,Pontian,secondary,both,2018-01-01,1251
Johor,Pontian,secondary,both,2019-01-01,1262
Johor,Pontian,secondary,both,2020-01-01,1245
Johor,Pontian,secondary,both,2021-01-01,1212
Johor,Pontian,secondary,both,2022-01-01,1212
Johor,Pontian,secondary,both,2023-06-30,1210
Johor,Pontian,secondary,both,2024-06-30,1214
Johor,Pontian,secondary,both,2025-06-30,1199
Johor,Pontian,secondary,female,2017-01-01,838
Johor,Pontian,secondary,female,2018-01-01,860
Johor,Pontian,secondary,female,2019-01-01,882
Johor,Pontian,secondary,female,2020-01-01,872
Johor,Pontian,secondary,female,2021-01-01,856
Johor,Pontian,secondary,female,2022-01-01,859
Johor,Pontian,secondary,female,2023-06-30,861
Johor,Pontian,secondary,female,2024-06-30,867
Johor,Pontian,secondary,female,2025-06-30,869
Johor,Pontian,secondary,male,2017-01-01,404
Johor,Pontian,secondary,male,2018-01-01,391
Johor,Pontian,secondary,male,2019-01-01,380
Johor,Pontian,secondary,male,2020-01-01,373
Johor,Pontian,secondary,male,2021-01-01,356
Johor,Pontian,secondary,male,2022-01-01,353
Johor,Pontian,secondary,male,2023-06-30,349
Johor,Pontian,secondary,male,2024-06-30,347
Johor,Pontian,secondary,male,2025-06-30,330
Johor,Segamat,primary,both,2017-01-01,1839
Johor,Segamat,primary,both,2018-01-01,1932
Johor,Segamat,primary,both,2019-01-01,1905
Johor,Segamat,primary,both,2020-01-01,1884
Johor,Segamat,primary,both,2021-01-01,1874
Johor,Segamat,primary,both,2022-01-01,1795
Johor,Segamat,primary,both,2023-06-30,1797
Johor,Segamat,primary,both,2024-06-30,1813
Johor,Segamat,primary,both,2025-06-30,1833
Johor,Segamat,primary,female,2017-01-01,1283
Johor,Segamat,primary,female,2018-01-01,1361
Johor,Segamat,primary,female,2019-01-01,1340
Johor,Segamat,primary,female,2020-01-01,1314
Johor,Segamat,primary,female,2021-01-01,1300
Johor,Segamat,primary,female,2022-01-01,1250
Johor,Segamat,primary,female,2023-06-30,1258
Johor,Segamat,primary,female,2024-06-30,1272
Johor,Segamat,primary,female,2025-06-30,1287
Johor,Segamat,primary,male,2017-01-01,556
Johor,Segamat,primary,male,2018-01-01,571
Johor,Segamat,primary,male,2019-01-01,565
Johor,Segamat,primary,male,2020-01-01,570
Johor,Segamat,primary,male,2021-01-01,574
Johor,Segamat,primary,male,2022-01-01,545
Johor,Segamat,primary,male,2023-06-30,539
Johor,Segamat,primary,male,2024-06-30,541
Johor,Segamat,primary,male,2025-06-30,546
Johor,Segamat,secondary,both,2017-01-01,1494
Johor,Segamat,secondary,both,2018-01-01,1466
Johor,Segamat,secondary,both,2019-01-01,1441
Johor,Segamat,secondary,both,2020-01-01,1407
Johor,Segamat,secondary,both,2021-01-01,1366
Johor,Segamat,secondary,both,2022-01-01,1378
Johor,Segamat,secondary,both,2023-06-30,1347
Johor,Segamat,secondary,both,2024-06-30,1397
Johor,Segamat,secondary,both,2025-06-30,1399
Johor,Segamat,secondary,female,2017-01-01,973
Johor,Segamat,secondary,female,2018-01-01,956
Johor,Segamat,secondary,female,2019-01-01,942
Johor,Segamat,secondary,female,2020-01-01,929
Johor,Segamat,secondary,female,2021-01-01,907
Johor,Segamat,secondary,female,2022-01-01,907
Johor,Segamat,secondary,female,2023-06-30,896
Johor,Segamat,secondary,female,2024-06-30,939
Johor,Segamat,secondary,female,2025-06-30,944
Johor,Segamat,secondary,male,2017-01-01,521
Johor,Segamat,secondary,male,2018-01-01,510
Johor,Segamat,secondary,male,2019-01-01,499
Johor,Segamat,secondary,male,2020-01-01,478
Johor,Segamat,secondary,male,2021-01-01,459
Johor,Segamat,secondary,male,2022-01-01,471
Johor,Segamat,secondary,male,2023-06-30,451
Johor,Segamat,secondary,male,2024-06-30,458
Johor,Segamat,secondary,male,2025-06-30,455
Johor,Tangkak,primary,both,2017-01-01,1342
Johor,Tangkak,primary,both,2018-01-01,1358
Johor,Tangkak,primary,both,2019-01-01,1326
Johor,Tangkak,primary,both,2020-01-01,1298
Johor,Tangkak,primary,both,2021-01-01,1261
Johor,Tangkak,primary,both,2022-01-01,1240
Johor,Tangkak,primary,both,2023-06-30,1228
Johor,Tangkak,primary,both,2024-06-30,1237
Johor,Tangkak,primary,both,2025-06-30,1268
Johor,Tangkak,primary,female,2017-01-01,952
Johor,Tangkak,primary,female,2018-01-01,979
Johor,Tangkak,primary,female,2019-01-01,954
Johor,Tangkak,primary,female,2020-01-01,934
Johor,Tangkak,primary,female,2021-01-01,910
Johor,Tangkak,primary,female,2022-01-01,898
Johor,Tangkak,primary,female,2023-06-30,897
Johor,Tangkak,primary,female,2024-06-30,904
Johor,Tangkak,primary,female,2025-06-30,922
Johor,Tangkak,primary,male,2017-01-01,390
Johor,Tangkak,primary,male,2018-01-01,379
Johor,Tangkak,primary,male,2019-01-01,372
Johor,Tangkak,primary,male,2020-01-01,364
Johor,Tangkak,primary,male,2021-01-01,351
Johor,Tangkak,primary,male,2022-01-01,342
Johor,Tangkak,primary,male,2023-06-30,331
Johor,Tangkak,primary,male,2024-06-30,333
Johor,Tangkak,primary,male,2025-06-30,346
Johor,Tangkak,secondary,both,2017-01-01,1030
Johor,Tangkak,secondary,both,2018-01-01,1028
Johor,Tangkak,secondary,both,2019-01-01,1033
Johor,Tangkak,secondary,both,2020-01-01,1011
Johor,Tangkak,secondary,both,2021-01-01,991
Johor,Tangkak,secondary,both,2022-01-01,989
Johor,Tangkak,secondary,both,2023-06-30,972
Johor,Tangkak,secondary,both,2024-06-30,988
Johor,Tangkak,secondary,both,2025-06-30,974
Johor,Tangkak,secondary,female,2017-01-01,654
Johor,Tangkak,secondary,female,2018-01-01,662
Johor,Tangkak,secondary,female,2019-01-01,672
Johor,Tangkak,secondary,female,2020-01-01,656
Johor,Tangkak,secondary,female,2021-01-01,648
Johor,Tangkak,secondary,female,2022-01-01,657
Johor,Tangkak,secondary,female,2023-06-30,654
Johor,Tangkak,secondary,female,2024-06-30,685
Johor,Tangkak,secondary,female,2025-06-30,678
Johor,Tangkak,secondary,male,2017-01-01,376
Johor,Tangkak,secondary,male,2018-01-01,366
Johor,Tangkak,secondary,male,2019-01-01,361
Johor,Tangkak,secondary,male,2020-01-01,355
Johor,Tangkak,secondary,male,2021-01-01,343
Johor,Tangkak,secondary,male,2022-01-01,332
Johor,Tangkak,secondary,male,2023-06-30,318
Johor,Tangkak,secondary,male,2024-06-30,303
Johor,Tangkak,secondary,male,2025-06-30,296
Johor,Pasir Gudang,primary,both,2023-06-30,4390
Johor,Pasir Gudang,primary,both,2024-06-30,4600
Johor,Pasir Gudang,primary,both,2025-06-30,4615
Johor,Pasir Gudang,primary,female,2023-06-30,3254
Johor,Pasir Gudang,primary,female,2024-06-30,3422
Johor,Pasir Gudang,primary,female,2025-06-30,3459
Johor,Pasir Gudang,primary,male,2023-06-30,1136
Johor,Pasir Gudang,primary,male,2024-06-30,1178
Johor,Pasir Gudang,primary,male,2025-06-30,1156
Johor,Pasir Gudang,secondary,both,2023-06-30,3500
Johor,Pasir Gudang,secondary,both,2024-06-30,3504
Johor,Pasir Gudang,secondary,both,2025-06-30,3511
Johor,Pasir Gudang,secondary,female,2023-06-30,2783
Johor,Pasir Gudang,secondary,female,2024-06-30,2820
Johor,Pasir Gudang,secondary,female,2025-06-30,2832
Johor,Pasir Gudang,secondary,male,2023-06-30,717
Johor,Pasir Gudang,secondary,male,2024-06-30,684
Johor,Pasir Gudang,secondary,male,2025-06-30,679
Kedah,All Districts,primary,both,2017-01-01,16948
Kedah,All Districts,primary,both,2018-01-01,17202
Kedah,All Districts,primary,both,2019-01-01,17161
Kedah,All Districts,primary,both,2020-01-01,17069
Kedah,All Districts,primary,both,2021-01-01,16918
Kedah,All Districts,primary,both,2022-01-01,17437
Kedah,All Districts,primary,both,2023-06-30,17121
Kedah,All Districts,primary,both,2024-06-30,16953
Kedah,All Districts,primary,both,2025-06-30,16962
Kedah,All Districts,primary,female,2017-01-01,11761
Kedah,All Districts,primary,female,2018-01-01,12176
Kedah,All Districts,primary,female,2019-01-01,12177
Kedah,All Districts,primary,female,2020-01-01,12084
Kedah,All Districts,primary,female,2021-01-01,12022
Kedah,All Districts,primary,female,2022-01-01,12350
Kedah,All Districts,primary,female,2023-06-30,12170
Kedah,All Districts,primary,female,2024-06-30,12120
Kedah,All Districts,primary,female,2025-06-30,12178
Kedah,All Districts,primary,male,2017-01-01,5187
Kedah,All Districts,primary,male,2018-01-01,5026
Kedah,All Districts,primary,male,2019-01-01,4984
Kedah,All Districts,primary,male,2020-01-01,4985
Kedah,All Districts,primary,male,2021-01-01,4896
Kedah,All Districts,primary,male,2022-01-01,5087
Kedah,All Districts,primary,male,2023-06-30,4951
Kedah,All Districts,primary,male,2024-06-30,4833
Kedah,All Districts,primary,male,2025-06-30,4784
Kedah,All Districts,secondary,both,2017-01-01,14280
Kedah,All Districts,secondary,both,2018-01-01,14198
Kedah,All Districts,secondary,both,2019-01-01,14033
Kedah,All Districts,secondary,both,2020-01-01,13725
Kedah,All Districts,secondary,both,2021-01-01,13382
Kedah,All Districts,secondary,both,2022-01-01,13683
Kedah,All Districts,secondary,both,2023-06-30,13244
Kedah,All Districts,secondary,both,2024-06-30,13295
Kedah,All Districts,secondary,both,2025-06-30,13318
Kedah,All Districts,secondary,female,2017-01-01,9598
Kedah,All Districts,secondary,female,2018-01-01,9680
Kedah,All Districts,secondary,female,2019-01-01,9638
Kedah,All Districts,secondary,female,2020-01-01,9526
Kedah,All Districts,secondary,female,2021-01-01,9345
Kedah,All Districts,secondary,female,2022-01-01,9666
Kedah,All Districts,secondary,female,2023-06-30,9434
Kedah,All Districts,secondary,female,2024-06-30,9577
Kedah,All Districts,secondary,female,2025-06-30,9699
Kedah,All Districts,secondary,male,2017-01-01,4682
Kedah,All Districts,secondary,male,2018-01-01,4518
Kedah,All Districts,secondary,male,2019-01-01,4395
Kedah,All Districts,secondary,male,2020-01-01,4199
Kedah,All Districts,secondary,male,2021-01-01,4037
Kedah,All Districts,secondary,male,2022-01-01,4017
Kedah,All Districts,secondary,male,2023-06-30,3810
Kedah,All Districts,secondary,male,2024-06-30,3718
Kedah,All Districts,secondary,male,2025-06-30,3619
Kedah,Baling,primary,both,2017-01-01,2113
Kedah,Baling,primary,both,2018-01-01,1517
Kedah,Baling,primary,both,2019-01-01,1460
Kedah,Baling,primary,both,2020-01-01,1440
Kedah,Baling,primary,both,2021-01-01,1435
Kedah,Baling,primary,both,2022-01-01,1476
Kedah,Baling,primary,both,2023-06-30,1455
Kedah,Baling,primary,both,2024-06-30,1437
Kedah,Baling,primary,both,2025-06-30,1427
Kedah,Baling,primary,female,2017-01-01,1313
Kedah,Baling,primary,female,2018-01-01,998
Kedah,Baling,primary,female,2019-01-01,959
Kedah,Baling,primary,female,2020-01-01,954
Kedah,Baling,primary,female,2021-01-01,959
Kedah,Baling,primary,female,2022-01-01,988
Kedah,Baling,primary,female,2023-06-30,972
Kedah,Baling,primary,female,2024-06-30,967
Kedah,Baling,primary,female,2025-06-30,973
Kedah,Baling,primary,male,2017-01-01,800
Kedah,Baling,primary,male,2018-01-01,519
Kedah,Baling,primary,male,2019-01-01,501
Kedah,Baling,primary,male,2020-01-01,486
Kedah,Baling,primary,male,2021-01-01,476
Kedah,Baling,primary,male,2022-01-01,488
Kedah,Baling,primary,male,2023-06-30,483
Kedah,Baling,primary,male,2024-06-30,470
Kedah,Baling,primary,male,2025-06-30,454
Kedah,Baling,secondary,both,2017-01-01,1635
Kedah,Baling,secondary,both,2018-01-01,1094
Kedah,Baling,secondary,both,2019-01-01,1072
Kedah,Baling,secondary,both,2020-01-01,1014
Kedah,Baling,secondary,both,2021-01-01,986
Kedah,Baling,secondary,both,2022-01-01,1001
Kedah,Baling,secondary,both,2023-06-30,959
Kedah,Baling,secondary,both,2024-06-30,967
Kedah,Baling,secondary,both,2025-06-30,980
Kedah,Baling,secondary,female,2017-01-01,1003
Kedah,Baling,secondary,female,2018-01-01,695
Kedah,Baling,secondary,female,2019-01-01,692
Kedah,Baling,secondary,female,2020-01-01,664
Kedah,Baling,secondary,female,2021-01-01,653
Kedah,Baling,secondary,female,2022-01-01,667
Kedah,Baling,secondary,female,2023-06-30,650
Kedah,Baling,secondary,female,2024-06-30,653
Kedah,Baling,secondary,female,2025-06-30,675
Kedah,Baling,secondary,male,2017-01-01,632
Kedah,Baling,secondary,male,2018-01-01,399
Kedah,Baling,secondary,male,2019-01-01,380
Kedah,Baling,secondary,male,2020-01-01,350
Kedah,Baling,secondary,male,2021-01-01,333
Kedah,Baling,secondary,male,2022-01-01,334
Kedah,Baling,secondary,male,2023-06-30,309
Kedah,Baling,secondary,male,2024-06-30,314
Kedah,Baling,secondary,male,2025-06-30,305
Kedah,Bandar Baharu,primary,both,2017-01-01,2698
Kedah,Bandar Baharu,primary,both,2018-01-01,491
Kedah,Bandar Baharu,primary,both,2019-01-01,493
Kedah,Bandar Baharu,primary,both,2020-01-01,494
Kedah,Bandar Baharu,primary,both,2021-01-01,475
Kedah,Bandar Baharu,primary,both,2022-01-01,492
Kedah,Bandar Baharu,primary,female,2017-01-01,1914
Kedah,Bandar Baharu,primary,female,2018-01-01,302
Kedah,Bandar Baharu,primary,female,2019-01-01,310
Kedah,Bandar Baharu,primary,female,2020-01-01,307
Kedah,Bandar Baharu,primary,female,2021-01-01,298
Kedah,Bandar Baharu,primary,female,2022-01-01,301
Kedah,Bandar Baharu,primary,male,2017-01-01,784
Kedah,Bandar Baharu,primary,male,2018-01-01,189
Kedah,Bandar Baharu,primary,male,2019-01-01,183
Kedah,Bandar Baharu,primary,male,2020-01-01,187
Kedah,Bandar Baharu,primary,male,2021-01-01,177
Kedah,Bandar Baharu,primary,male,2022-01-01,191
Kedah,Bandar Baharu,secondary,both,2017-01-01,2193
Kedah,Bandar Baharu,secondary,both,2018-01-01,299
Kedah,Bandar Baharu,secondary,both,2019-01-01,293
Kedah,Bandar Baharu,secondary,both,2020-01-01,279
Kedah,Bandar Baharu,secondary,both,2021-01-01,267
Kedah,Bandar Baharu,secondary,both,2022-01-01,268
Kedah,Bandar Baharu,secondary,female,2017-01-01,1498
Kedah,Bandar Baharu,secondary,female,2018-01-01,182
Kedah,Bandar Baharu,secondary,female,2019-01-01,186
Kedah,Bandar Baharu,secondary,female,2020-01-01,178
Kedah,Bandar Baharu,secondary,female,2021-01-01,170
Kedah,Bandar Baharu,secondary,female,2022-01-01,175
Kedah,Bandar Baharu,secondary,male,2017-01-01,695
Kedah,Bandar Baharu,secondary,male,2018-01-01,117
Kedah,Bandar Baharu,secondary,male,2019-01-01,107
Kedah,Bandar Baharu,secondary,male,2020-01-01,101
Kedah,Bandar Baharu,secondary,male,2021-01-01,97
Kedah,Bandar Baharu,secondary,male,2022-01-01,93
Kedah,Kota Setar,primary,both,2017-01-01,3250
Kedah,Kota Setar,primary,both,2018-01-01,2798
Kedah,Kota Setar,primary,both,2019-01-01,2776
Kedah,Kota Setar,primary,both,2020-01-01,2742
Kedah,Kota Setar,primary,both,2021-01-01,2748
Kedah,Kota Setar,primary,both,2022-01-01,2842
Kedah,Kota Setar,primary,both,2023-06-30,3176
Kedah,Kota Setar,primary,both,2024-06-30,3150
Kedah,Kota Setar,primary,both,2025-06-30,3172
Kedah,Kota Setar,primary,female,2017-01-01,2396
Kedah,Kota Setar,primary,female,2018-01-01,2097
Kedah,Kota Setar,primary,female,2019-01-01,2084
Kedah,Kota Setar,primary,female,2020-01-01,2048
Kedah,Kota Setar,primary,female,2021-01-01,2054
Kedah,Kota Setar,primary,female,2022-01-01,2103
Kedah,Kota Setar,primary,female,2023-06-30,2331
Kedah,Kota Setar,primary,female,2024-06-30,2308
Kedah,Kota Setar,primary,female,2025-06-30,2320
Kedah,Kota Setar,primary,male,2017-01-01,854
Kedah,Kota Setar,primary,male,2018-01-01,701
Kedah,Kota Setar,primary,male,2019-01-01,692
Kedah,Kota Setar,primary,male,2020-01-01,694
Kedah,Kota Setar,primary,male,2021-01-01,694
Kedah,Kota Setar,primary,male,2022-01-01,739
Kedah,Kota Setar,primary,male,2023-06-30,845
Kedah,Kota Setar,primary,male,2024-06-30,842
Kedah,Kota Setar,primary,male,2025-06-30,852
Kedah,Kota Setar,secondary,both,2017-01-01,3012
Kedah,Kota Setar,secondary,both,2018-01-01,2626
Kedah,Kota Setar,secondary,both,2019-01-01,2552
Kedah,Kota Setar,secondary,both,2020-01-01,2496
Kedah,Kota Setar,secondary,both,2021-01-01,2440
Kedah,Kota Setar,secondary,both,2022-01-01,2505
Kedah,Kota Setar,secondary,both,2023-06-30,2688
Kedah,Kota Setar,secondary,both,2024-06-30,2707
Kedah,Kota Setar,secondary,both,2025-06-30,2729
Kedah,Kota Setar,secondary,female,2017-01-01,2056
Kedah,Kota Setar,secondary,female,2018-01-01,1826
Kedah,Kota Setar,secondary,female,2019-01-01,1775
Kedah,Kota Setar,secondary,female,2020-01-01,1747
Kedah,Kota Setar,secondary,female,2021-01-01,1722
Kedah,Kota Setar,secondary,female,2022-01-01,1793
Kedah,Kota Setar,secondary,female,2023-06-30,1940
Kedah,Kota Setar,secondary,female,2024-06-30,1954
Kedah,Kota Setar,secondary,female,2025-06-30,1976
Kedah,Kota Setar,secondary,male,2017-01-01,956
Kedah,Kota Setar,secondary,male,2018-01-01,800
Kedah,Kota Setar,secondary,male,2019-01-01,777
Kedah,Kota Setar,secondary,male,2020-01-01,749
Kedah,Kota Setar,secondary,male,2021-01-01,718
Kedah,Kota Setar,secondary,male,2022-01-01,712
Kedah,Kota Setar,secondary,male,2023-06-30,748
Kedah,Kota Setar,secondary,male,2024-06-30,753
Kedah,Kota Setar,secondary,male,2025-06-30,753
Kedah,Kuala Muda,primary,both,2017-01-01,4386
Kedah,Kuala Muda,primary,both,2018-01-01,3699
Kedah,Kuala Muda,primary,both,2019-01-01,3739
Kedah,Kuala Muda,primary,both,2020-01-01,3723
Kedah,Kuala Muda,primary,both,2021-01-01,3695
Kedah,Kuala Muda,primary,both,2022-01-01,3828
Kedah,Kuala Muda,primary,both,2025-06-30,3266
Kedah,Kuala Muda,primary,female,2017-01-01,3172
Kedah,Kuala Muda,primary,female,2018-01-01,2749
Kedah,Kuala Muda,primary,female,2019-01-01,2788
Kedah,Kuala Muda,primary,female,2020-01-01,2766
Kedah,Kuala Muda,primary,female,2021-01-01,2725
Kedah,Kuala Muda,primary,female,2022-01-01,2802
Kedah,Kuala Muda,primary,female,2025-06-30,2431
Kedah,Kuala Muda,primary,male,2017-01-01,1214
Kedah,Kuala Muda,primary,male,2018-01-01,950
Kedah,Kuala Muda,primary,male,2019-01-01,951
Kedah,Kuala Muda,primary,male,2020-01-01,957
Kedah,Kuala Muda,primary,male,2021-01-01,970
Kedah,Kuala Muda,primary,male,2022-01-01,1026
Kedah,Kuala Muda,primary,male,2025-06-30,835
Kedah,Kuala Muda,secondary,both,2017-01-01,3697
Kedah,Kuala Muda,secondary,both,2018-01-01,3135
Kedah,Kuala Muda,secondary,both,2019-01-01,3141
Kedah,Kuala Muda,secondary,both,2020-01-01,3096
Kedah,Kuala Muda,secondary,both,2021-01-01,3003
Kedah,Kuala Muda,secondary,both,2022-01-01,3038
Kedah,Kuala Muda,secondary,both,2025-06-30,2477
Kedah,Kuala Muda,secondary,female,2017-01-01,2569
Kedah,Kuala Muda,secondary,female,2018-01-01,2243
Kedah,Kuala Muda,secondary,female,2019-01-01,2251
Kedah,Kuala Muda,secondary,female,2020-01-01,2226
Kedah,Kuala Muda,secondary,female,2021-01-01,2180
Kedah,Kuala Muda,secondary,female,2022-01-01,2231
Kedah,Kuala Muda,secondary,female,2025-06-30,1860
Kedah,Kuala Muda,secondary,male,2017-01-01,1128
Kedah,Kuala Muda,secondary,male,2018-01-01,892
Kedah,Kuala Muda,secondary,male,2019-01-01,890
Kedah,Kuala Muda,secondary,male,2020-01-01,870
Kedah,Kuala Muda,secondary,male,2021-01-01,823
Kedah,Kuala Muda,secondary,male,2022-01-01,807
Kedah,Kuala Muda,secondary,male,2025-06-30,617
Kedah,Kubang Pasu,primary,both,2017-01-01,1980
Kedah,Kubang Pasu,primary,both,2018-01-01,2009
Kedah,Kubang Pasu,primary,both,2019-01-01,2006
Kedah,Kubang Pasu,primary,both,2020-01-01,2006
Kedah,Kubang Pasu,primary,both,2021-01-01,1998
Kedah,Kubang Pasu,primary,both,2022-01-01,2055
Kedah,Kubang Pasu,primary,both,2023-06-30,2032
Kedah,Kubang Pasu,primary,both,2024-06-30,2001
Kedah,Kubang Pasu,primary,both,2025-06-30,2012
Kedah,Kubang Pasu,primary,female,2017-01-01,1375
Kedah,Kubang Pasu,primary,female,2018-01-01,1421
Kedah,Kubang Pasu,primary,female,2019-01-01,1427
Kedah,Kubang Pasu,primary,female,2020-01-01,1415
Kedah,Kubang Pasu,primary,female,2021-01-01,1426
Kedah,Kubang Pasu,primary,female,2022-01-01,1477
Kedah,Kubang Pasu,primary,female,2023-06-30,1464
Kedah,Kubang Pasu,primary,female,2024-06-30,1450
Kedah,Kubang Pasu,primary,female,2025-06-30,1462
Kedah,Kubang Pasu,primary,male,2017-01-01,605
Kedah,Kubang Pasu,primary,male,2018-01-01,588
Kedah,Kubang Pasu,primary,male,2019-01-01,579
Kedah,Kubang Pasu,primary,male,2020-01-01,591
Kedah,Kubang Pasu,primary,male,2021-01-01,572
Kedah,Kubang Pasu,primary,male,2022-01-01,578
Kedah,Kubang Pasu,primary,male,2023-06-30,568
Kedah,Kubang Pasu,primary,male,2024-06-30,551
Kedah,Kubang Pasu,primary,male,2025-06-30,550
Kedah,Kubang Pasu,secondary,both,2017-01-01,1691
Kedah,Kubang Pasu,secondary,both,2018-01-01,1672
Kedah,Kubang Pasu,secondary,both,2019-01-01,1684
Kedah,Kubang Pasu,secondary,both,2020-01-01,1638
Kedah,Kubang Pasu,secondary,both,2021-01-01,1579
Kedah,Kubang Pasu,secondary,both,2022-01-01,1619
Kedah,Kubang Pasu,secondary,both,2023-06-30,1575
Kedah,Kubang Pasu,secondary,both,2024-06-30,1579
Kedah,Kubang Pasu,secondary,both,2025-06-30,1562
Kedah,Kubang Pasu,secondary,female,2017-01-01,1142
Kedah,Kubang Pasu,secondary,female,2018-01-01,1140
Kedah,Kubang Pasu,secondary,female,2019-01-01,1151
Kedah,Kubang Pasu,secondary,female,2020-01-01,1133
Kedah,Kubang Pasu,secondary,female,2021-01-01,1098
Kedah,Kubang Pasu,secondary,female,2022-01-01,1125
Kedah,Kubang Pasu,secondary,female,2023-06-30,1099
Kedah,Kubang Pasu,secondary,female,2024-06-30,1120
Kedah,Kubang Pasu,secondary,female,2025-06-30,1125
Kedah,Kubang Pasu,secondary,male,2017-01-01,549
Kedah,Kubang Pasu,secondary,male,2018-01-01,532
Kedah,Kubang Pasu,secondary,male,2019-01-01,533
Kedah,Kubang Pasu,secondary,male,2020-01-01,505
Kedah,Kubang Pasu,secondary,male,2021-01-01,481
Kedah,Kubang Pasu,secondary,male,2022-01-01,494
Kedah,Kubang Pasu,secondary,male,2023-06-30,476
Kedah,Kubang Pasu,secondary,male,2024-06-30,459
Kedah,Kubang Pasu,secondary,male,2025-06-30,437
Kedah,Kulim,primary,both,2018-01-01,2311
Kedah,Kulim,primary,both,2019-01-01,2351
Kedah,Kulim,primary,both,2020-01-01,2319
Kedah,Kulim,primary,both,2021-01-01,2301
Kedah,Kulim,primary,both,2022-01-01,2354
Kedah,Kulim,primary,female,2018-01-01,1717
Kedah,Kulim,primary,female,2019-01-01,1742
Kedah,Kulim,primary,female,2020-01-01,1718
Kedah,Kulim,primary,female,2021-01-01,1715
Kedah,Kulim,primary,female,2022-01-01,1748
Kedah,Kulim,primary,male,2018-01-01,594
Kedah,Kulim,primary,male,2019-01-01,609
Kedah,Kulim,primary,male,2020-01-01,601
Kedah,Kulim,primary,male,2021-01-01,586
Kedah,Kulim,primary,male,2022-01-01,606
Kedah,Kulim,secondary,both,2018-01-01,1887
Kedah,Kulim,secondary,both,2019-01-01,1877
Kedah,Kulim,secondary,both,2020-01-01,1863
Kedah,Kulim,secondary,both,2021-01-01,1817
Kedah,Kulim,secondary,both,2022-01-01,1832
Kedah,Kulim,secondary,female,2018-01-01,1341
Kedah,Kulim,secondary,female,2019-01-01,1347
Kedah,Kulim,secondary,female,2020-01-01,1346
Kedah,Kulim,secondary,female,2021-01-01,1313
Kedah,Kulim,secondary,female,2022-01-01,1336
Kedah,Kulim,secondary,male,2018-01-01,546
Kedah,Kulim,secondary,male,2019-01-01,530
Kedah,Kulim,secondary,male,2020-01-01,517
Kedah,Kulim,secondary,male,2021-01-01,504
Kedah,Kulim,secondary,male,2022-01-01,496
Kedah,Langkawi,primary,both,2017-01-01,786
Kedah,Langkawi,primary,both,2018-01-01,816
Kedah,Langkawi,primary,both,2019-01-01,839
Kedah,Langkawi,primary,both,2020-01-01,879
Kedah,Langkawi,primary,both,2021-01-01,849
Kedah,Langkawi,primary,both,2022-01-01,865
Kedah,Langkawi,primary,both,2023-06-30,841
Kedah,Langkawi,primary,both,2024-06-30,846
Kedah,Langkawi,primary,both,2025-06-30,843
Kedah,Langkawi,primary,female,2017-01-01,500
Kedah,Langkawi,primary,female,2018-01-01,537
Kedah,Langkawi,primary,female,2019-01-01,560
Kedah,Langkawi,primary,female,2020-01-01,591
Kedah,Langkawi,primary,female,2021-01-01,572
Kedah,Langkawi,primary,female,2022-01-01,585
Kedah,Langkawi,primary,female,2023-06-30,566
Kedah,Langkawi,primary,female,2024-06-30,578
Kedah,Langkawi,primary,female,2025-06-30,575
Kedah,Langkawi,primary,male,2017-01-01,286
Kedah,Langkawi,primary,male,2018-01-01,279
Kedah,Langkawi,primary,male,2019-01-01,279
Kedah,Langkawi,primary,male,2020-01-01,288
Kedah,Langkawi,primary,male,2021-01-01,277
Kedah,Langkawi,primary,male,2022-01-01,280
Kedah,Langkawi,primary,male,2023-06-30,275
Kedah,Langkawi,primary,male,2024-06-30,268
Kedah,Langkawi,primary,male,2025-06-30,268
Kedah,Langkawi,secondary,both,2017-01-01,649
Kedah,Langkawi,secondary,both,2018-01-01,687
Kedah,Langkawi,secondary,both,2019-01-01,693
Kedah,Langkawi,secondary,both,2020-01-01,686
Kedah,Langkawi,secondary,both,2021-01-01,700
Kedah,Langkawi,secondary,both,2022-01-01,684
Kedah,Langkawi,secondary,both,2023-06-30,671
Kedah,Langkawi,secondary,both,2024-06-30,684
Kedah,Langkawi,secondary,both,2025-06-30,675
Kedah,Langkawi,secondary,female,2017-01-01,454
Kedah,Langkawi,secondary,female,2018-01-01,474
Kedah,Langkawi,secondary,female,2019-01-01,483
Kedah,Langkawi,secondary,female,2020-01-01,473
Kedah,Langkawi,secondary,female,2021-01-01,483
Kedah,Langkawi,secondary,female,2022-01-01,495
Kedah,Langkawi,secondary,female,2023-06-30,487
Kedah,Langkawi,secondary,female,2024-06-30,505
Kedah,Langkawi,secondary,female,2025-06-30,493
Kedah,Langkawi,secondary,male,2017-01-01,195
Kedah,Langkawi,secondary,male,2018-01-01,213
Kedah,Langkawi,secondary,male,2019-01-01,210
Kedah,Langkawi,secondary,male,2020-01-01,213
Kedah,Langkawi,secondary,male,2021-01-01,217
Kedah,Langkawi,secondary,male,2022-01-01,189
Kedah,Langkawi,secondary,male,2023-06-30,184
Kedah,Langkawi,secondary,male,2024-06-30,179
Kedah,Langkawi,secondary,male,2025-06-30,182
Kedah,Padang Terap,primary,both,2017-01-01,673
Kedah,Padang Terap,primary,both,2018-01-01,670
Kedah,Padang Terap,primary,both,2019-01-01,671
Kedah,Padang Terap,primary,both,2020-01-01,676
Kedah,Padang Terap,primary,both,2021-01-01,664
Kedah,Padang Terap,primary,both,2022-01-01,677
Kedah,Padang Terap,primary,both,2023-06-30,670
Kedah,Padang Terap,primary,both,2024-06-30,661
Kedah,Padang Terap,primary,both,2025-06-30,660
Kedah,Padang Terap,primary,female,2017-01-01,412
Kedah,Padang Terap,primary,female,2018-01-01,430
Kedah,Padang Terap,primary,female,2019-01-01,433
Kedah,Padang Terap,primary,female,2020-01-01,432
Kedah,Padang Terap,primary,female,2021-01-01,428
Kedah,Padang Terap,primary,female,2022-01-01,437
Kedah,Padang Terap,primary,female,2023-06-30,441
Kedah,Padang Terap,primary,female,2024-06-30,445
Kedah,Padang Terap,primary,female,2025-06-30,447
Kedah,Padang Terap,primary,male,2017-01-01,261
Kedah,Padang Terap,primary,male,2018-01-01,240
Kedah,Padang Terap,primary,male,2019-01-01,238
Kedah,Padang Terap,primary,male,2020-01-01,244
Kedah,Padang Terap,primary,male,2021-01-01,236
Kedah,Padang Terap,primary,male,2022-01-01,240
Kedah,Padang Terap,primary,male,2023-06-30,229
Kedah,Padang Terap,primary,male,2024-06-30,216
Kedah,Padang Terap,primary,male,2025-06-30,213
Kedah,Padang Terap,secondary,both,2017-01-01,566
Kedah,Padang Terap,secondary,both,2018-01-01,578
Kedah,Padang Terap,secondary,both,2019-01-01,556
Kedah,Padang Terap,secondary,both,2020-01-01,540
Kedah,Padang Terap,secondary,both,2021-01-01,526
Kedah,Padang Terap,secondary,both,2022-01-01,537
Kedah,Padang Terap,secondary,both,2023-06-30,515
Kedah,Padang Terap,secondary,both,2024-06-30,520
Kedah,Padang Terap,secondary,both,2025-06-30,524
Kedah,Padang Terap,secondary,female,2017-01-01,345
Kedah,Padang Terap,secondary,female,2018-01-01,361
Kedah,Padang Terap,secondary,female,2019-01-01,345
Kedah,Padang Terap,secondary,female,2020-01-01,347
Kedah,Padang Terap,secondary,female,2021-01-01,339
Kedah,Padang Terap,secondary,female,2022-01-01,351
Kedah,Padang Terap,secondary,female,2023-06-30,331
Kedah,Padang Terap,secondary,female,2024-06-30,355
Kedah,Padang Terap,secondary,female,2025-06-30,368
Kedah,Padang Terap,secondary,male,2017-01-01,221
Kedah,Padang Terap,secondary,male,2018-01-01,217
Kedah,Padang Terap,secondary,male,2019-01-01,211
Kedah,Padang Terap,secondary,male,2020-01-01,193
Kedah,Padang Terap,secondary,male,2021-01-01,187
Kedah,Padang Terap,secondary,male,2022-01-01,186
Kedah,Padang Terap,secondary,male,2023-06-30,184
Kedah,Padang Terap,secondary,male,2024-06-30,165
Kedah,Padang Terap,secondary,male,2025-06-30,156
Kedah,Pendang,primary,both,2017-01-01,1062
Kedah,Pendang,primary,both,2018-01-01,1067
Kedah,Pendang,primary,both,2019-01-01,1062
Kedah,Pendang,primary,both,2020-01-01,1055
Kedah,Pendang,primary,both,2021-01-01,1033
Kedah,Pendang,primary,both,2022-01-01,1080
Kedah,Pendang,primary,both,2023-06-30,1068
Kedah,Pendang,primary,both,2024-06-30,1053
Kedah,Pendang,primary,both,2025-06-30,1048
Kedah,Pendang,primary,female,2017-01-01,679
Kedah,Pendang,primary,female,2018-01-01,713
Kedah,Pendang,primary,female,2019-01-01,715
Kedah,Pendang,primary,female,2020-01-01,707
Kedah,Pendang,primary,female,2021-01-01,707
Kedah,Pendang,primary,female,2022-01-01,736
Kedah,Pendang,primary,female,2023-06-30,727
Kedah,Pendang,primary,female,2024-06-30,717
Kedah,Pendang,primary,female,2025-06-30,731
Kedah,Pendang,primary,male,2017-01-01,383
Kedah,Pendang,primary,male,2018-01-01,354
Kedah,Pendang,primary,male,2019-01-01,347
Kedah,Pendang,primary,male,2020-01-01,348
Kedah,Pendang,primary,male,2021-01-01,326
Kedah,Pendang,primary,male,2022-01-01,344
Kedah,Pendang,primary,male,2023-06-30,341
Kedah,Pendang,primary,male,2024-06-30,336
Kedah,Pendang,primary,male,2025-06-30,317
Kedah,Pendang,secondary,both,2017-01-01,837
Kedah,Pendang,secondary,both,2018-01-01,822
Kedah,Pendang,secondary,both,2019-01-01,818
Kedah,Pendang,secondary,both,2020-01-01,795
Kedah,Pendang,secondary,both,2021-01-01,791
Kedah,Pendang,secondary,both,2022-01-01,822
Kedah,Pendang,secondary,both,2023-06-30,796
Kedah,Pendang,secondary,both,2024-06-30,816
Kedah,Pendang,secondary,both,2025-06-30,816
Kedah,Pendang,secondary,female,2017-01-01,531
Kedah,Pendang,secondary,female,2018-01-01,539
Kedah,Pendang,secondary,female,2019-01-01,550
Kedah,Pendang,secondary,female,2020-01-01,553
Kedah,Pendang,secondary,female,2021-01-01,552
Kedah,Pendang,secondary,female,2022-01-01,582
Kedah,Pendang,secondary,female,2023-06-30,576
Kedah,Pendang,secondary,female,2024-06-30,592
Kedah,Pendang,secondary,female,2025-06-30,596
Kedah,Pendang,secondary,male,2017-01-01,306
Kedah,Pendang,secondary,male,2018-01-01,283
Kedah,Pendang,secondary,male,2019-01-01,268
Kedah,Pendang,secondary,male,2020-01-01,242
Kedah,Pendang,secondary,male,2021-01-01,239
Kedah,Pendang,secondary,male,2022-01-01,240
Kedah,Pendang,secondary,male,2023-06-30,220
Kedah,Pendang,secondary,male,2024-06-30,224
Kedah,Pendang,secondary,male,2025-06-30,220
Kedah,Pokok Sena,primary,both,2018-01-01,426
Kedah,Pokok Sena,primary,both,2019-01-01,421
Kedah,Pokok Sena,primary,both,2020-01-01,410
Kedah,Pokok Sena,primary,both,2021-01-01,406
Kedah,Pokok Sena,primary,both,2022-01-01,419
Kedah,Pokok Sena,primary,female,2018-01-01,301
Kedah,Pokok Sena,primary,female,2019-01-01,293
Kedah,Pokok Sena,primary,female,2020-01-01,282
Kedah,Pokok Sena,primary,female,2021-01-01,277
Kedah,Pokok Sena,primary,female,2022-01-01,288
Kedah,Pokok Sena,primary,male,2018-01-01,125
Kedah,Pokok Sena,primary,male,2019-01-01,128
Kedah,Pokok Sena,primary,male,2020-01-01,128
Kedah,Pokok Sena,primary,male,2021-01-01,129
Kedah,Pokok Sena,primary,male,2022-01-01,131
Kedah,Pokok Sena,secondary,both,2018-01-01,319
Kedah,Pokok Sena,secondary,both,2019-01-01,298
Kedah,Pokok Sena,secondary,both,2020-01-01,285
Kedah,Pokok Sena,secondary,both,2021-01-01,277
Kedah,Pokok Sena,secondary,both,2022-01-01,289
Kedah,Pokok Sena,secondary,female,2018-01-01,213
Kedah,Pokok Sena,secondary,female,2019-01-01,206
Kedah,Pokok Sena,secondary,female,2020-01-01,198
Kedah,Pokok Sena,secondary,female,2021-01-01,196
Kedah,Pokok Sena,secondary,female,2022-01-01,204
Kedah,Pokok Sena,secondary,male,2018-01-01,106
Kedah,Pokok Sena,secondary,male,2019-01-01,92
Kedah,Pokok Sena,secondary,male,2020-01-01,87
Kedah,Pokok Sena,secondary,male,2021-01-01,81
Kedah,Pokok Sena,secondary,male,2022-01-01,85
Kedah,Sik,primary,both,2018-01-01,685
Kedah,Sik,primary,both,2019-01-01,665
Kedah,Sik,primary,both,2020-01-01,665
Kedah,Sik,primary,both,2021-01-01,650
Kedah,Sik,primary,both,2022-01-01,676
Kedah,Sik,primary,both,2023-06-30,660
Kedah,Sik,primary,both,2024-06-30,645
Kedah,Sik,primary,both,2025-06-30,644
Kedah,Sik,primary,female,2018-01-01,422
Kedah,Sik,primary,female,2019-01-01,408
Kedah,Sik,primary,female,2020-01-01,411
Kedah,Sik,primary,female,2021-01-01,406
Kedah,Sik,primary,female,2022-01-01,422
Kedah,Sik,primary,female,2023-06-30,421
Kedah,Sik,primary,female,2024-06-30,425
Kedah,Sik,primary,female,2025-06-30,438
Kedah,Sik,primary,male,2018-01-01,263
Kedah,Sik,primary,male,2019-01-01,257
Kedah,Sik,primary,male,2020-01-01,254
Kedah,Sik,primary,male,2021-01-01,244
Kedah,Sik,primary,male,2022-01-01,254
Kedah,Sik,primary,male,2023-06-30,239
Kedah,Sik,primary,male,2024-06-30,220
Kedah,Sik,primary,male,2025-06-30,206
Kedah,Sik,secondary,both,2018-01-01,507
Kedah,Sik,secondary,both,2019-01-01,491
Kedah,Sik,secondary,both,2020-01-01,479
Kedah,Sik,secondary,both,2021-01-01,471
Kedah,Sik,secondary,both,2022-01-01,496
Kedah,Sik,secondary,both,2023-06-30,489
Kedah,Sik,secondary,both,2024-06-30,483
Kedah,Sik,secondary,both,2025-06-30,479
Kedah,Sik,secondary,female,2018-01-01,302
Kedah,Sik,secondary,female,2019-01-01,293
Kedah,Sik,secondary,female,2020-01-01,303
Kedah,Sik,secondary,female,2021-01-01,297
Kedah,Sik,secondary,female,2022-01-01,322
Kedah,Sik,secondary,female,2023-06-30,323
Kedah,Sik,secondary,female,2024-06-30,325
Kedah,Sik,secondary,female,2025-06-30,332
Kedah,Sik,secondary,male,2018-01-01,205
Kedah,Sik,secondary,male,2019-01-01,198
Kedah,Sik,secondary,male,2020-01-01,176
Kedah,Sik,secondary,male,2021-01-01,174
Kedah,Sik,secondary,male,2022-01-01,174
Kedah,Sik,secondary,male,2023-06-30,166
Kedah,Sik,secondary,male,2024-06-30,158
Kedah,Sik,secondary,male,2025-06-30,147
Kedah,Yan,primary,both,2018-01-01,713
Kedah,Yan,primary,both,2019-01-01,678
Kedah,Yan,primary,both,2020-01-01,660
Kedah,Yan,primary,both,2021-01-01,664
Kedah,Yan,primary,both,2022-01-01,673
Kedah,Yan,primary,both,2025-06-30,1174
Kedah,Yan,primary,female,2018-01-01,489
Kedah,Yan,primary,female,2019-01-01,458
Kedah,Yan,primary,female,2020-01-01,453
Kedah,Yan,primary,female,2021-01-01,455
Kedah,Yan,primary,female,2022-01-01,463
Kedah,Yan,primary,female,2025-06-30,834
Kedah,Yan,primary,male,2018-01-01,224
Kedah,Yan,primary,male,2019-01-01,220
Kedah,Yan,primary,male,2020-01-01,207
Kedah,Yan,primary,male,2021-01-01,209
Kedah,Yan,primary,male,2022-01-01,210
Kedah,Yan,primary,male,2025-06-30,340
Kedah,Yan,secondary,both,2018-01-01,572
Kedah,Yan,secondary,both,2019-01-01,558
Kedah,Yan,secondary,both,2020-01-01,554
Kedah,Yan,secondary,both,2021-01-01,525
Kedah,Yan,secondary,both,2022-01-01,592
Kedah,Yan,secondary,both,2025-06-30,1006
Kedah,Yan,secondary,female,2018-01-01,364
Kedah,Yan,secondary,female,2019-01-01,359
Kedah,Yan,secondary,female,2020-01-01,358
Kedah,Yan,secondary,female,2021-01-01,342
Kedah,Yan,secondary,female,2022-01-01,385
Kedah,Yan,secondary,female,2025-06-30,728
Kedah,Yan,secondary,male,2018-01-01,208
Kedah,Yan,secondary,male,2019-01-01,199
Kedah,Yan,secondary,male,2020-01-01,196
Kedah,Yan,secondary,male,2021-01-01,183
Kedah,Yan,secondary,male,2022-01-01,207
Kedah,Yan,secondary,male,2025-06-30,278
Kedah,Kuala Muda/Yan,primary,both,2023-06-30,4447
Kedah,Kuala Muda/Yan,primary,both,2024-06-30,4417
Kedah,Kuala Muda/Yan,primary,female,2023-06-30,3243
Kedah,Kuala Muda/Yan,primary,female,2024-06-30,3246
Kedah,Kuala Muda/Yan,primary,male,2023-06-30,1204
Kedah,Kuala Muda/Yan,primary,male,2024-06-30,1171
Kedah,Kuala Muda/Yan,secondary,both,2023-06-30,3524
Kedah,Kuala Muda/Yan,secondary,both,2024-06-30,3486
Kedah,Kuala Muda/Yan,secondary,female,2023-06-30,2558
Kedah,Kuala Muda/Yan,secondary,female,2024-06-30,2557
Kedah,Kuala Muda/Yan,secondary,male,2023-06-30,966
Kedah,Kuala Muda/Yan,secondary,male,2024-06-30,929
Kedah,Kulim/Bandar Baharu,primary,both,2023-06-30,2772
Kedah,Kulim/Bandar Baharu,primary,both,2024-06-30,2743
Kedah,Kulim/Bandar Baharu,primary,both,2025-06-30,2716
Kedah,Kulim/Bandar Baharu,primary,female,2023-06-30,2005
Kedah,Kulim/Bandar Baharu,primary,female,2024-06-30,1984
Kedah,Kulim/Bandar Baharu,primary,female,2025-06-30,1967
Kedah,Kulim/Bandar Baharu,primary,male,2023-06-30,767
Kedah,Kulim/Bandar Baharu,primary,male,2024-06-30,759
Kedah,Kulim/Bandar Baharu,primary,male,2025-06-30,749
Kedah,Kulim/Bandar Baharu,secondary,both,2023-06-30,2027
Kedah,Kulim/Bandar Baharu,secondary,both,2024-06-30,2053
Kedah,Kulim/Bandar Baharu,secondary,both,2025-06-30,2070
Kedah,Kulim/Bandar Baharu,secondary,female,2023-06-30,1470
Kedah,Kulim/Bandar Baharu,secondary,female,2024-06-30,1516
Kedah,Kulim/Bandar Baharu,secondary,female,2025-06-30,1546
Kedah,Kulim/Bandar Baharu,secondary,male,2023-06-30,557
Kedah,Kulim/Bandar Baharu,secondary,male,2024-06-30,537
Kedah,Kulim/Bandar Baharu,secondary,male,2025-06-30,524
Kelantan,All Districts,primary,both,2017-01-01,15768
Kelantan,All Districts,primary,both,2018-01-01,16294
Kelantan,All Districts,primary,both,2019-01-01,16358
Kelantan,All Districts,primary,both,2020-01-01,16243
Kelantan,All Districts,primary,both,2021-01-01,16069
Kelantan,All Districts,primary,both,2022-01-01,16364
Kelantan,All Districts,primary,both,2023-06-30,16119
Kelantan,All Districts,primary,both,2024-06-30,16016
Kelantan,All Districts,primary,both,2025-06-30,15970
Kelantan,All Districts,primary,female,2017-01-01,9873
Kelantan,All Districts,primary,female,2018-01-01,10472
Kelantan,All Districts,primary,female,2019-01-01,10575
Kelantan,All Districts,primary,female,2020-01-01,10523
Kelantan,All Districts,primary,female,2021-01-01,10455
Kelantan,All Districts,primary,female,2022-01-01,10663
Kelantan,All Districts,primary,female,2023-06-30,10565
Kelantan,All Districts,primary,female,2024-06-30,10526
Kelantan,All Districts,primary,female,2025-06-30,10562
Kelantan,All Districts,primary,male,2017-01-01,5895
Kelantan,All Districts,primary,male,2018-01-01,5822
Kelantan,All Districts,primary,male,2019-01-01,5783
Kelantan,All Districts,primary,male,2020-01-01,5720
Kelantan,All Districts,primary,male,2021-01-01,5614
Kelantan,All Districts,primary,male,2022-01-01,5701
Kelantan,All Districts,primary,male,2023-06-30,5554
Kelantan,All Districts,primary,male,2024-06-30,5490
Kelantan,All Districts,primary,male,2025-06-30,5408
Kelantan,All Districts,secondary,both,2017-01-01,12673
Kelantan,All Districts,secondary,both,2018-01-01,12792
Kelantan,All Districts,secondary,both,2019-01-01,12824
Kelantan,All Districts,secondary,both,2020-01-01,12685
Kelantan,All Districts,secondary,both,2021-01-01,12400
Kelantan,All Districts,secondary,both,2022-01-01,12609
Kelantan,All Districts,secondary,both,2023-06-30,12333
Kelantan,All Districts,secondary,both,2024-06-30,12459
Kelantan,All Districts,secondary,both,2025-06-30,12429
Kelantan,All Districts,secondary,female,2017-01-01,7766
Kelantan,All Districts,secondary,female,2018-01-01,7979
Kelantan,All Districts,secondary,female,2019-01-01,8046
Kelantan,All Districts,secondary,female,2020-01-01,8056
Kelantan,All Districts,secondary,female,2021-01-01,7965
Kelantan,All Districts,secondary,female,2022-01-01,8243
Kelantan,All Districts,secondary,female,2023-06-30,8182
Kelantan,All Districts,secondary,female,2024-06-30,8423
Kelantan,All Districts,secondary,female,2025-06-30,8518
Kelantan,All Districts,secondary,male,2017-01-01,4907
Kelantan,All Districts,secondary,male,2018-01-01,4813
Kelantan,All Districts,secondary,male,2019-01-01,4778
Kelantan,All Districts,secondary,male,2020-01-01,4629
Kelantan,All Districts,secondary,male,2021-01-01,4435
Kelantan,All Districts,secondary,male,2022-01-01,4366
Kelantan,All Districts,secondary,male,2023-06-30,4151
Kelantan,All Districts,secondary,male,2024-06-30,4036
Kelantan,All Districts,secondary,male,2025-06-30,3911
Kelantan,Bachok,primary,both,2017-01-01,1394
Kelantan,Bachok,primary,both,2018-01-01,1448
Kelantan,Bachok,primary,both,2019-01-01,1408
Kelantan,Bachok,primary,both,2020-01-01,1432
Kelantan,Bachok,primary,both,2021-01-01,1405
Kelantan,Bachok,primary,both,2022-01-01,1426
Kelantan,Bachok,primary,both,2023-06-30,1433
Kelantan,Bachok,primary,both,2024-06-30,1427
Kelantan,Bachok,primary,both,2025-06-30,1431
Kelantan,Bachok,primary,female,2017-01-01,892
Kelantan,Bachok,primary,female,2018-01-01,958
Kelantan,Bachok,primary,female,2019-01-01,941
Kelantan,Bachok,primary,female,2020-01-01,958
Kelantan,Bachok,primary,female,2021-01-01,945
Kelantan,Bachok,primary,female,2022-01-01,971
Kelantan,Bachok,primary,female,2023-06-30,977
Kelantan,Bachok,primary,female,2024-06-30,982
Kelantan,Bachok,primary,female,2025-06-30,981
Kelantan,Bachok,primary,male,2017-01-01,502
Kelantan,Bachok,primary,male,2018-01-01,490
Kelantan,Bachok,primary,male,2019-01-01,467
Kelantan,Bachok,primary,male,2020-01-01,474
Kelantan,Bachok,primary,male,2021-01-01,460
Kelantan,Bachok,primary,male,2022-01-01,455
Kelantan,Bachok,primary,male,2023-06-30,456
Kelantan,Bachok,primary,male,2024-06-30,445
Kelantan,Bachok,primary,male,2025-06-30,450
Kelantan,Bachok,secondary,both,2017-01-01,1305
Kelantan,Bachok,secondary,both,2018-01-01,1345
Kelantan,Bachok,secondary,both,2019-01-01,1338
Kelantan,Bachok,secondary,both,2020-01-01,1319
Kelantan,Bachok,secondary,both,2021-01-01,1300
Kelantan,Bachok,secondary,both,2022-01-01,1314
Kelantan,Bachok,secondary,both,2023-06-30,1286
Kelantan,Bachok,secondary,both,2024-06-30,1306
Kelantan,Bachok,secondary,both,2025-06-30,1290
Kelantan,Bachok,secondary,female,2017-01-01,809
Kelantan,Bachok,secondary,female,2018-01-01,840
Kelantan,Bachok,secondary,female,2019-01-01,841
Kelantan,Bachok,secondary,female,2020-01-01,832
Kelantan,Bachok,secondary,female,2021-01-01,828
Kelantan,Bachok,secondary,female,2022-01-01,852
Kelantan,Bachok,secondary,female,2023-06-30,848
Kelantan,Bachok,secondary,female,2024-06-30,886
Kelantan,Bachok,secondary,female,2025-06-30,892
Kelantan,Bachok,secondary,male,2017-01-01,496
Kelantan,Bachok,secondary,male,2018-01-01,505
Kelantan,Bachok,secondary,male,2019-01-01,497
Kelantan,Bachok,secondary,male,2020-01-01,487
Kelantan,Bachok,secondary,male,2021-01-01,472
Kelantan,Bachok,secondary,male,2022-01-01,462
Kelantan,Bachok,secondary,male,2023-06-30,438
Kelantan,Bachok,secondary,male,2024-06-30,420
Kelantan,Bachok,secondary,male,2025-06-30,398
Kelantan,Gua Musang,primary,both,2017-01-01,1072
Kelantan,Gua Musang,primary,both,2018-01-01,969
Kelantan,Gua Musang,primary,both,2019-01-01,1008
Kelantan,Gua Musang,primary,both,2020-01-01,1026
Kelantan,Gua Musang,primary,both,2021-01-01,1008
Kelantan,Gua Musang,primary,both,2022-01-01,1044
Kelantan,Gua Musang,primary,both,2023-06-30,1171
Kelantan,Gua Musang,primary,both,2024-06-30,1205
Kelantan,Gua Musang,primary,both,2025-06-30,1201
Kelantan,Gua Musang,primary,female,2017-01-01,514
Kelantan,Gua Musang,primary,female,2018-01-01,517
Kelantan,Gua Musang,primary,female,2019-01-01,568
Kelantan,Gua Musang,primary,female,2020-01-01,582
Kelantan,Gua Musang,primary,female,2021-01-01,575
Kelantan,Gua Musang,primary,female,2022-01-01,601
Kelantan,Gua Musang,primary,female,2023-06-30,626
Kelantan,Gua Musang,primary,female,2024-06-30,650
Kelantan,Gua Musang,primary,female,2025-06-30,657
Kelantan,Gua Musang,primary,male,2017-01-01,558
Kelantan,Gua Musang,primary,male,2018-01-01,452
Kelantan,Gua Musang,primary,male,2019-01-01,440
Kelantan,Gua Musang,primary,male,2020-01-01,444
Kelantan,Gua Musang,primary,male,2021-01-01,433
Kelantan,Gua Musang,primary,male,2022-01-01,443
Kelantan,Gua Musang,primary,male,2023-06-30,545
Kelantan,Gua Musang,primary,male,2024-06-30,555
Kelantan,Gua Musang,primary,male,2025-06-30,544
Kelantan,Gua Musang,secondary,both,2017-01-01,601
Kelantan,Gua Musang,secondary,both,2018-01-01,611
Kelantan,Gua Musang,secondary,both,2019-01-01,654
Kelantan,Gua Musang,secondary,both,2020-01-01,655
Kelantan,Gua Musang,secondary,both,2021-01-01,653
Kelantan,Gua Musang,secondary,both,2022-01-01,683
Kelantan,Gua Musang,secondary,both,2023-06-30,662
Kelantan,Gua Musang,secondary,both,2024-06-30,667
Kelantan,Gua Musang,secondary,both,2025-06-30,677
Kelantan,Gua Musang,secondary,female,2017-01-01,345
Kelantan,Gua Musang,secondary,female,2018-01-01,378
Kelantan,Gua Musang,secondary,female,2019-01-01,401
Kelantan,Gua Musang,secondary,female,2020-01-01,408
Kelantan,Gua Musang,secondary,female,2021-01-01,407
Kelantan,Gua Musang,secondary,female,2022-01-01,443
Kelantan,Gua Musang,secondary,female,2023-06-30,430
Kelantan,Gua Musang,secondary,female,2024-06-30,451
Kelantan,Gua Musang,secondary,female,2025-06-30,468
Kelantan,Gua Musang,secondary,male,2017-01-01,256
Kelantan,Gua Musang,secondary,male,2018-01-01,233
Kelantan,Gua Musang,secondary,male,2019-01-01,253
Kelantan,Gua Musang,secondary,male,2020-01-01,247
Kelantan,Gua Musang,secondary,male,2021-01-01,246
Kelantan,Gua Musang,secondary,male,2022-01-01,240
Kelantan,Gua Musang,secondary,male,2023-06-30,232
Kelantan,Gua Musang,secondary,male,2024-06-30,216
Kelantan,Gua Musang,secondary,male,2025-06-30,209
Kelantan,Jeli,primary,both,2017-01-01,525
Kelantan,Jeli,primary,both,2018-01-01,538
Kelantan,Jeli,primary,both,2019-01-01,551
Kelantan,Jeli,primary,both,2020-01-01,551
Kelantan,Jeli,primary,both,2021-01-01,538
Kelantan,Jeli,primary,both,2022-01-01,547
Kelantan,Jeli,primary,both,2023-06-30,538
Kelantan,Jeli,primary,both,2024-06-30,528
Kelantan,Jeli,primary,both,2025-06-30,517
Kelantan,Jeli,primary,female,2017-01-01,297
Kelantan,Jeli,primary,female,2018-01-01,317
Kelantan,Jeli,primary,female,2019-01-01,335
Kelantan,Jeli,primary,female,2020-01-01,352
Kelantan,Jeli,primary,female,2021-01-01,349
Kelantan,Jeli,primary,female,2022-01-01,363
Kelantan,Jeli,primary,female,2023-06-30,360
Kelantan,Jeli,primary,female,2024-06-30,345
Kelantan,Jeli,primary,female,2025-06-30,345
Kelantan,Jeli,primary,male,2017-01-01,228
Kelantan,Jeli,primary,male,2018-01-01,221
Kelantan,Jeli,primary,male,2019-01-01,216
Kelantan,Jeli,primary,male,2020-01-01,199
Kelantan,Jeli,primary,male,2021-01-01,189
Kelantan,Jeli,primary,male,2022-01-01,184
Kelantan,Jeli,primary,male,2023-06-30,178
Kelantan,Jeli,primary,male,2024-06-30,183
Kelantan,Jeli,primary,male,2025-06-30,172
Kelantan,Jeli,secondary,both,2017-01-01,359
Kelantan,Jeli,secondary,both,2018-01-01,374
Kelantan,Jeli,secondary,both,2019-01-01,368
Kelantan,Jeli,secondary,both,2020-01-01,375
Kelantan,Jeli,secondary,both,2021-01-01,359
Kelantan,Jeli,secondary,both,2022-01-01,365
Kelantan,Jeli,secondary,both,2023-06-30,356
Kelantan,Jeli,secondary,both,2024-06-30,361
Kelantan,Jeli,secondary,both,2025-06-30,375
Kelantan,Jeli,secondary,female,2017-01-01,215
Kelantan,Jeli,secondary,female,2018-01-01,226
Kelantan,Jeli,secondary,female,2019-01-01,233
Kelantan,Jeli,secondary,female,2020-01-01,242
Kelantan,Jeli,secondary,female,2021-01-01,237
Kelantan,Jeli,secondary,female,2022-01-01,238
Kelantan,Jeli,secondary,female,2023-06-30,241
Kelantan,Jeli,secondary,female,2024-06-30,242
Kelantan,Jeli,secondary,female,2025-06-30,249
Kelantan,Jeli,secondary,male,2017-01-01,144
Kelantan,Jeli,secondary,male,2018-01-01,148
Kelantan,Jeli,secondary,male,2019-01-01,135
Kelantan,Jeli,secondary,male,2020-01-01,133
Kelantan,Jeli,secondary,male,2021-01-01,122
Kelantan,Jeli,secondary,male,2022-01-01,127
Kelantan,Jeli,secondary,male,2023-06-30,115
Kelantan,Jeli,secondary,male,2024-06-30,119
Kelantan,Jeli,secondary,male,2025-06-30,126
Kelantan,Kecil Lojing,primary,both,2018-01-01,136
Kelantan,Kecil Lojing,primary,both,2019-01-01,146
Kelantan,Kecil Lojing,primary,both,2020-01-01,146
Kelantan,Kecil Lojing,primary,both,2021-01-01,144
Kelantan,Kecil Lojing,primary,both,2022-01-01,147
Kelantan,Kecil Lojing,primary,female,2018-01-01,35
Kelantan,Kecil Lojing,primary,female,2019-01-01,33
Kelantan,Kecil Lojing,primary,female,2020-01-01,38
Kelantan,Kecil Lojing,primary,female,2021-01-01,41
Kelantan,Kecil Lojing,primary,female,2022-01-01,39
Kelantan,Kecil Lojing,primary,male,2018-01-01,101
Kelantan,Kecil Lojing,primary,male,2019-01-01,113
Kelantan,Kecil Lojing,primary,male,2020-01-01,108
Kelantan,Kecil Lojing,primary,male,2021-01-01,103
Kelantan,Kecil Lojing,primary,male,2022-01-01,108
Kelantan,Kota Bharu,primary,both,2017-01-01,4451
Kelantan,Kota Bharu,primary,both,2018-01-01,4603
Kelantan,Kota Bharu,primary,both,2019-01-01,4627
Kelantan,Kota Bharu,primary,both,2020-01-01,4552
Kelantan,Kota Bharu,primary,both,2021-01-01,4527
Kelantan,Kota Bharu,primary,both,2022-01-01,4582
Kelantan,Kota Bharu,primary,both,2023-06-30,4521
Kelantan,Kota Bharu,primary,both,2024-06-30,4495
Kelantan,Kota Bharu,primary,both,2025-06-30,4508
Kelantan,Kota Bharu,primary,female,2017-01-01,3009
Kelantan,Kota Bharu,primary,female,2018-01-01,3153
Kelantan,Kota Bharu,primary,female,2019-01-01,3180
Kelantan,Kota Bharu,primary,female,2020-01-01,3125
Kelantan,Kota Bharu,primary,female,2021-01-01,3103
Kelantan,Kota Bharu,primary,female,2022-01-01,3129
Kelantan,Kota Bharu,primary,female,2023-06-30,3105
Kelantan,Kota Bharu,primary,female,2024-06-30,3097
Kelantan,Kota Bharu,primary,female,2025-06-30,3121
Kelantan,Kota Bharu,primary,male,2017-01-01,1442
Kelantan,Kota Bharu,primary,male,2018-01-01,1450
Kelantan,Kota Bharu,primary,male,2019-01-01,1447
Kelantan,Kota Bharu,primary,male,2020-01-01,1427
Kelantan,Kota Bharu,primary,male,2021-01-01,1424
Kelantan,Kota Bharu,primary,male,2022-01-01,1453
Kelantan,Kota Bharu,primary,male,2023-06-30,1416
Kelantan,Kota Bharu,primary,male,2024-06-30,1398
Kelantan,Kota Bharu,primary,male,2025-06-30,1387
Kelantan,Kota Bharu,secondary,both,2017-01-01,3704
Kelantan,Kota Bharu,secondary,both,2018-01-01,3706
Kelantan,Kota Bharu,secondary,both,2019-01-01,3715
Kelantan,Kota Bharu,secondary,both,2020-01-01,3694
Kelantan,Kota Bharu,secondary,both,2021-01-01,3566
Kelantan,Kota Bharu,secondary,both,2022-01-01,3554
Kelantan,Kota Bharu,secondary,both,2023-06-30,3523
Kelantan,Kota Bharu,secondary,both,2024-06-30,3524
Kelantan,Kota Bharu,secondary,both,2025-06-30,3493
Kelantan,Kota Bharu,secondary,female,2017-01-01,2426
Kelantan,Kota Bharu,secondary,female,2018-01-01,2441
Kelantan,Kota Bharu,secondary,female,2019-01-01,2441
Kelantan,Kota Bharu,secondary,female,2020-01-01,2436
Kelantan,Kota Bharu,secondary,female,2021-01-01,2363
Kelantan,Kota Bharu,secondary,female,2022-01-01,2376
Kelantan,Kota Bharu,secondary,female,2023-06-30,2382
Kelantan,Kota Bharu,secondary,female,2024-06-30,2407
Kelantan,Kota Bharu,secondary,female,2025-06-30,2404
Kelantan,Kota Bharu,secondary,male,2017-01-01,1278
Kelantan,Kota Bharu,secondary,male,2018-01-01,1265
Kelantan,Kota Bharu,secondary,male,2019-01-01,1274
Kelantan,Kota Bharu,secondary,male,2020-01-01,1258
Kelantan,Kota Bharu,secondary,male,2021-01-01,1203
Kelantan,Kota Bharu,secondary,male,2022-01-01,1178
Kelantan,Kota Bharu,secondary,male,2023-06-30,1141
Kelantan,Kota Bharu,secondary,male,2024-06-30,1117
Kelantan,Kota Bharu,secondary,male,2025-06-30,1089
Kelantan,Kuala Krai,primary,both,2017-01-01,1215
Kelantan,Kuala Krai,primary,both,2018-01-01,1249
Kelantan,Kuala Krai,primary,both,2019-01-01,1285
Kelantan,Kuala Krai,primary,both,2020-01-01,1292
Kelantan,Kuala Krai,primary,both,2021-01-01,1266
Kelantan,Kuala Krai,primary,both,2022-01-01,1294
Kelantan,Kuala Krai,primary,both,2023-06-30,1260
Kelantan,Kuala Krai,primary,both,2024-06-30,1244
Kelantan,Kuala Krai,primary,both,2025-06-30,1246
Kelantan,Kuala Krai,primary,female,2017-01-01,701
Kelantan,Kuala Krai,primary,female,2018-01-01,749
Kelantan,Kuala Krai,primary,female,2019-01-01,773
Kelantan,Kuala Krai,primary,female,2020-01-01,774
Kelantan,Kuala Krai,primary,female,2021-01-01,766
Kelantan,Kuala Krai,primary,female,2022-01-01,799
Kelantan,Kuala Krai,primary,female,2023-06-30,786
Kelantan,Kuala Krai,primary,female,2024-06-30,772
Kelantan,Kuala Krai,primary,female,2025-06-30,784
Kelantan,Kuala Krai,primary,male,2017-01-01,514
Kelantan,Kuala Krai,primary,male,2018-01-01,500
Kelantan,Kuala Krai,primary,male,2019-01-01,512
Kelantan,Kuala Krai,primary,male,2020-01-01,518
Kelantan,Kuala Krai,primary,male,2021-01-01,500
Kelantan,Kuala Krai,primary,male,2022-01-01,495
Kelantan,Kuala Krai,primary,male,2023-06-30,474
Kelantan,Kuala Krai,primary,male,2024-06-30,472
Kelantan,Kuala Krai,primary,male,2025-06-30,462
Kelantan,Kuala Krai,secondary,both,2017-01-01,898
Kelantan,Kuala Krai,secondary,both,2018-01-01,934
Kelantan,Kuala Krai,secondary,both,2019-01-01,972
Kelantan,Kuala Krai,secondary,both,2020-01-01,944
Kelantan,Kuala Krai,secondary,both,2021-01-01,931
Kelantan,Kuala Krai,secondary,both,2022-01-01,968
Kelantan,Kuala Krai,secondary,both,2023-06-30,928
Kelantan,Kuala Krai,secondary,both,2024-06-30,928
Kelantan,Kuala Krai,secondary,both,2025-06-30,951
Kelantan,Kuala Krai,secondary,female,2017-01-01,493
Kelantan,Kuala Krai,secondary,female,2018-01-01,532
Kelantan,Kuala Krai,secondary,female,2019-01-01,568
Kelantan,Kuala Krai,secondary,female,2020-01-01,560
Kelantan,Kuala Krai,secondary,female,2021-01-01,561
Kelantan,Kuala Krai,secondary,female,2022-01-01,610
Kelantan,Kuala Krai,secondary,female,2023-06-30,596
Kelantan,Kuala Krai,secondary,female,2024-06-30,598
Kelantan,Kuala Krai,secondary,female,2025-06-30,618
Kelantan,Kuala Krai,secondary,male,2017-01-01,405
Kelantan,Kuala Krai,secondary,male,2018-01-01,402
Kelantan,Kuala Krai,secondary,male,2019-01-01,404
Kelantan,Kuala Krai,secondary,male,2020-01-01,384
Kelantan,Kuala Krai,secondary,male,2021-01-01,370
Kelantan,Kuala Krai,secondary,male,2022-01-01,358
Kelantan,Kuala Krai,secondary,male,2023-06-30,332
Kelantan,Kuala Krai,secondary,male,2024-06-30,330
Kelantan,Kuala Krai,secondary,male,2025-06-30,333
Kelantan,Machang,primary,both,2017-01-01,991
Kelantan,Machang,primary,both,2018-01-01,1023
Kelantan,Machang,primary,both,2019-01-01,1025
Kelantan,Machang,primary,both,2020-01-01,1009
Kelantan,Machang,primary,both,2021-01-01,1002
Kelantan,Machang,primary,both,2022-01-01,1015
Kelantan,Machang,primary,both,2023-06-30,981
Kelantan,Machang,primary,both,2024-06-30,970
Kelantan,Machang,primary,both,2025-06-30,953
Kelantan,Machang,primary,female,2017-01-01,660
Kelantan,Machang,primary,female,2018-01-01,691
Kelantan,Machang,primary,female,2019-01-01,692
Kelantan,Machang,primary,female,2020-01-01,687
Kelantan,Machang,primary,female,2021-01-01,678
Kelantan,Machang,primary,female,2022-01-01,689
Kelantan,Machang,primary,female,2023-06-30,665
Kelantan,Machang,primary,female,2024-06-30,660
Kelantan,Machang,primary,female,2025-06-30,647
Kelantan,Machang,primary,male,2017-01-01,331
Kelantan,Machang,primary,male,2018-01-01,332
Kelantan,Machang,primary,male,2019-01-01,333
Kelantan,Machang,primary,male,2020-01-01,322
Kelantan,Machang,primary,male,2021-01-01,324
Kelantan,Machang,primary,male,2022-01-01,326
Kelantan,Machang,primary,male,2023-06-30,316
Kelantan,Machang,primary,male,2024-06-30,310
Kelantan,Machang,primary,male,2025-06-30,306
Kelantan,Machang,secondary,both,2017-01-01,809
Kelantan,Machang,secondary,both,2018-01-01,782
Kelantan,Machang,secondary,both,2019-01-01,780
Kelantan,Machang,secondary,both,2020-01-01,780
Kelantan,Machang,secondary,both,2021-01-01,750
Kelantan,Machang,secondary,both,2022-01-01,755
Kelantan,Machang,secondary,both,2023-06-30,732
Kelantan,Machang,secondary,both,2024-06-30,733
Kelantan,Machang,secondary,both,2025-06-30,750
Kelantan,Machang,secondary,female,2017-01-01,515
Kelantan,Machang,secondary,female,2018-01-01,494
Kelantan,Machang,secondary,female,2019-01-01,499
Kelantan,Machang,secondary,female,2020-01-01,519
Kelantan,Machang,secondary,female,2021-01-01,504
Kelantan,Machang,secondary,female,2022-01-01,514
Kelantan,Machang,secondary,female,2023-06-30,499
Kelantan,Machang,secondary,female,2024-06-30,514
Kelantan,Machang,secondary,female,2025-06-30,521
Kelantan,Machang,secondary,male,2017-01-01,294
Kelantan,Machang,secondary,male,2018-01-01,288
Kelantan,Machang,secondary,male,2019-01-01,281
Kelantan,Machang,secondary,male,2020-01-01,261
Kelantan,Machang,secondary,male,2021-01-01,246
Kelantan,Machang,secondary,male,2022-01-01,241
Kelantan,Machang,secondary,male,2023-06-30,233
Kelantan,Machang,secondary,male,2024-06-30,219
Kelantan,Machang,secondary,male,2025-06-30,229
Kelantan,Pasir Mas,primary,both,2017-01-01,2023
Kelantan,Pasir Mas,primary,both,2018-01-01,2062
Kelantan,Pasir Mas,primary,both,2019-01-01,2040
Kelantan,Pasir Mas,primary,both,2020-01-01,2026
Kelantan,Pasir Mas,primary,both,2021-01-01,1986
Kelantan,Pasir Mas,primary,both,2022-01-01,2028
Kelantan,Pasir Mas,primary,both,2023-06-30,1984
Kelantan,Pasir Mas,primary,both,2024-06-30,1959
Kelantan,Pasir Mas,primary,both,2025-06-30,1947
Kelantan,Pasir Mas,primary,female,2017-01-01,1258
Kelantan,Pasir Mas,primary,female,2018-01-01,1303
Kelantan,Pasir Mas,primary,female,2019-01-01,1288
Kelantan,Pasir Mas,primary,female,2020-01-01,1281
Kelantan,Pasir Mas,primary,female,2021-01-01,1273
Kelantan,Pasir Mas,primary,female,2022-01-01,1303
Kelantan,Pasir Mas,primary,female,2023-06-30,1287
Kelantan,Pasir Mas,primary,female,2024-06-30,1274
Kelantan,Pasir Mas,primary,female,2025-06-30,1276
Kelantan,Pasir Mas,primary,male,2017-01-01,765
Kelantan,Pasir Mas,primary,male,2018-01-01,759
Kelantan,Pasir Mas,primary,male,2019-01-01,752
Kelantan,Pasir Mas,primary,male,2020-01-01,745
Kelantan,Pasir Mas,primary,male,2021-01-01,713
Kelantan,Pasir Mas,primary,male,2022-01-01,725
Kelantan,Pasir Mas,primary,male,2023-06-30,697
Kelantan,Pasir Mas,primary,male,2024-06-30,685
Kelantan,Pasir Mas,primary,male,2025-06-30,671
Kelantan,Pasir Mas,secondary,both,2017-01-01,1664
Kelantan,Pasir Mas,secondary,both,2018-01-01,1645
Kelantan,Pasir Mas,secondary,both,2019-01-01,1677
Kelantan,Pasir Mas,secondary,both,2020-01-01,1630
Kelantan,Pasir Mas,secondary,both,2021-01-01,1616
Kelantan,Pasir Mas,secondary,both,2022-01-01,1640
Kelantan,Pasir Mas,secondary,both,2023-06-30,1590
Kelantan,Pasir Mas,secondary,both,2024-06-30,1596
Kelantan,Pasir Mas,secondary,both,2025-06-30,1588
Kelantan,Pasir Mas,secondary,female,2017-01-01,1012
Kelantan,Pasir Mas,secondary,female,2018-01-01,1017
Kelantan,Pasir Mas,secondary,female,2019-01-01,1045
Kelantan,Pasir Mas,secondary,female,2020-01-01,1018
Kelantan,Pasir Mas,secondary,female,2021-01-01,1032
Kelantan,Pasir Mas,secondary,female,2022-01-01,1065
Kelantan,Pasir Mas,secondary,female,2023-06-30,1051
Kelantan,Pasir Mas,secondary,female,2024-06-30,1081
Kelantan,Pasir Mas,secondary,female,2025-06-30,1102
Kelantan,Pasir Mas,secondary,male,2017-01-01,652
Kelantan,Pasir Mas,secondary,male,2018-01-01,628
Kelantan,Pasir Mas,secondary,male,2019-01-01,632
Kelantan,Pasir Mas,secondary,male,2020-01-01,612
Kelantan,Pasir Mas,secondary,male,2021-01-01,584
Kelantan,Pasir Mas,secondary,male,2022-01-01,575
Kelantan,Pasir Mas,secondary,male,2023-06-30,539
Kelantan,Pasir Mas,secondary,male,2024-06-30,515
Kelantan,Pasir Mas,secondary,male,2025-06-30,486
Kelantan,Pasir Puteh,primary,both,2017-01-01,1381
Kelantan,Pasir Puteh,primary,both,2018-01-01,1425
Kelantan,Pasir Puteh,primary,both,2019-01-01,1423
Kelantan,Pasir Puteh,primary,both,2020-01-01,1398
Kelantan,Pasir Puteh,primary,both,2021-01-01,1402
Kelantan,Pasir Puteh,primary,both,2022-01-01,1407
Kelantan,Pasir Puteh,primary,female,2017-01-01,840
Kelantan,Pasir Puteh,primary,female,2018-01-01,912
Kelantan,Pasir Puteh,primary,female,2019-01-01,917
Kelantan,Pasir Puteh,primary,female,2020-01-01,898
Kelantan,Pasir Puteh,primary,female,2021-01-01,906
Kelantan,Pasir Puteh,primary,female,2022-01-01,922
Kelantan,Pasir Puteh,primary,male,2017-01-01,541
Kelantan,Pasir Puteh,primary,male,2018-01-01,513
Kelantan,Pasir Puteh,primary,male,2019-01-01,506
Kelantan,Pasir Puteh,primary,male,2020-01-01,500
Kelantan,Pasir Puteh,primary,male,2021-01-01,496
Kelantan,Pasir Puteh,primary,male,2022-01-01,485
Kelantan,Pasir Puteh,secondary,both,2017-01-01,1079
Kelantan,Pasir Puteh,secondary,both,2018-01-01,1119
Kelantan,Pasir Puteh,secondary,both,2019-01-01,1099
Kelantan,Pasir Puteh,secondary,both,2020-01-01,1066
Kelantan,Pasir Puteh,secondary,both,2021-01-01,1062
Kelantan,Pasir Puteh,secondary,both,2022-01-01,1112
Kelantan,Pasir Puteh,secondary,female,2017-01-01,638
Kelantan,Pasir Puteh,secondary,female,2018-01-01,672
Kelantan,Pasir Puteh,secondary,female,2019-01-01,660
Kelantan,Pasir Puteh,secondary,female,2020-01-01,659
Kelantan,Pasir Puteh,secondary,female,2021-01-01,663
Kelantan,Pasir Puteh,secondary,female,2022-01-01,706
Kelantan,Pasir Puteh,secondary,male,2017-01-01,441
Kelantan,Pasir Puteh,secondary,male,2018-01-01,447
Kelantan,Pasir Puteh,secondary,male,2019-01-01,439
Kelantan,Pasir Puteh,secondary,male,2020-01-01,407
Kelantan,Pasir Puteh,secondary,male,2021-01-01,399
Kelantan,Pasir Puteh,secondary,male,2022-01-01,406
Kelantan,Tanah Merah,primary,both,2017-01-01,1244
Kelantan,Tanah Merah,primary,both,2018-01-01,1306
Kelantan,Tanah Merah,primary,both,2019-01-01,1305
Kelantan,Tanah Merah,primary,both,2020-01-01,1279
Kelantan,Tanah Merah,primary,both,2021-01-01,1272
Kelantan,Tanah Merah,primary,both,2022-01-01,1302
Kelantan,Tanah Merah,primary,both,2023-06-30,1276
Kelantan,Tanah Merah,primary,both,2024-06-30,1256
Kelantan,Tanah Merah,primary,both,2025-06-30,1244
Kelantan,Tanah Merah,primary,female,2017-01-01,778
Kelantan,Tanah Merah,primary,female,2018-01-01,836
Kelantan,Tanah Merah,primary,female,2019-01-01,845
Kelantan,Tanah Merah,primary,female,2020-01-01,836
Kelantan,Tanah Merah,primary,female,2021-01-01,828
Kelantan,Tanah Merah,primary,female,2022-01-01,831
Kelantan,Tanah Merah,primary,female,2023-06-30,814
Kelantan,Tanah Merah,primary,female,2024-06-30,810
Kelantan,Tanah Merah,primary,female,2025-06-30,812
Kelantan,Tanah Merah,primary,male,2017-01-01,466
Kelantan,Tanah Merah,primary,male,2018-01-01,470
Kelantan,Tanah Merah,primary,male,2019-01-01,460
Kelantan,Tanah Merah,primary,male,2020-01-01,443
Kelantan,Tanah Merah,primary,male,2021-01-01,444
Kelantan,Tanah Merah,primary,male,2022-01-01,471
Kelantan,Tanah Merah,primary,male,2023-06-30,462
Kelantan,Tanah Merah,primary,male,2024-06-30,446
Kelantan,Tanah Merah,primary,male,2025-06-30,432
Kelantan,Tanah Merah,secondary,both,2017-01-01,1158
Kelantan,Tanah Merah,secondary,both,2018-01-01,1175
Kelantan,Tanah Merah,secondary,both,2019-01-01,1147
Kelantan,Tanah Merah,secondary,both,2020-01-01,1145
Kelantan,Tanah Merah,secondary,both,2021-01-01,1118
Kelantan,Tanah Merah,secondary,both,2022-01-01,1150
Kelantan,Tanah Merah,secondary,both,2023-06-30,1124
Kelantan,Tanah Merah,secondary,both,2024-06-30,1159
Kelantan,Tanah Merah,secondary,both,2025-06-30,1136
Kelantan,Tanah Merah,secondary,female,2017-01-01,651
Kelantan,Tanah Merah,secondary,female,2018-01-01,692
Kelantan,Tanah Merah,secondary,female,2019-01-01,693
Kelantan,Tanah Merah,secondary,female,2020-01-01,694
Kelantan,Tanah Merah,secondary,female,2021-01-01,688
Kelantan,Tanah Merah,secondary,female,2022-01-01,724
Kelantan,Tanah Merah,secondary,female,2023-06-30,726
Kelantan,Tanah Merah,secondary,female,2024-06-30,766
Kelantan,Tanah Merah,secondary,female,2025-06-30,773
Kelantan,Tanah Merah,secondary,male,2017-01-01,507
Kelantan,Tanah Merah,secondary,male,2018-01-01,483
Kelantan,Tanah Merah,secondary,male,2019-01-01,454
Kelantan,Tanah Merah,secondary,male,2020-01-01,451
Kelantan,Tanah Merah,secondary,male,2021-01-01,430
Kelantan,Tanah Merah,secondary,male,2022-01-01,426
Kelantan,Tanah Merah,secondary,male,2023-06-30,398
Kelantan,Tanah Merah,secondary,male,2024-06-30,393
Kelantan,Tanah Merah,secondary,male,2025-06-30,363
Kelantan,Tumpat,primary,both,2017-01-01,1472
Kelantan,Tumpat,primary,both,2018-01-01,1535
Kelantan,Tumpat,primary,both,2019-01-01,1540
Kelantan,Tumpat,primary,both,2020-01-01,1532
Kelantan,Tumpat,primary,both,2021-01-01,1519
Kelantan,Tumpat,primary,both,2022-01-01,1572
Kelantan,Tumpat,primary,both,2023-06-30,1568
Kelantan,Tumpat,primary,both,2024-06-30,1564
Kelantan,Tumpat,primary,both,2025-06-30,1574
Kelantan,Tumpat,primary,female,2017-01-01,924
Kelantan,Tumpat,primary,female,2018-01-01,1001
Kelantan,Tumpat,primary,female,2019-01-01,1003
Kelantan,Tumpat,primary,female,2020-01-01,992
Kelantan,Tumpat,primary,female,2021-01-01,991
Kelantan,Tumpat,primary,female,2022-01-01,1016
Kelantan,Tumpat,primary,female,2023-06-30,1026
Kelantan,Tumpat,primary,female,2024-06-30,1024
Kelantan,Tumpat,primary,female,2025-06-30,1033
Kelantan,Tumpat,primary,male,2017-01-01,548
Kelantan,Tumpat,primary,male,2018-01-01,534
Kelantan,Tumpat,primary,male,2019-01-01,537
Kelantan,Tumpat,primary,male,2020-01-01,540
Kelantan,Tumpat,primary,male,2021-01-01,528
Kelantan,Tumpat,primary,male,2022-01-01,556
Kelantan,Tumpat,primary,male,2023-06-30,542
Kelantan,Tumpat,primary,male,2024-06-30,540
Kelantan,Tumpat,primary,male,2025-06-30,541
Kelantan,Tumpat,secondary,both,2017-01-01,1096
Kelantan,Tumpat,secondary,both,2018-01-01,1101
Kelantan,Tumpat,secondary,both,2019-01-01,1074
Kelantan,Tumpat,secondary,both,2020-01-01,1077
Kelantan,Tumpat,secondary,both,2021-01-01,1045
Kelantan,Tumpat,secondary,both,2022-01-01,1068
Kelantan,Tumpat,secondary,both,2023-06-30,1028
Kelantan,Tumpat,secondary,both,2024-06-30,1063
Kelantan,Tumpat,secondary,both,2025-06-30,1060
Kelantan,Tumpat,secondary,female,2017-01-01,662
Kelantan,Tumpat,secondary,female,2018-01-01,687
Kelantan,Tumpat,secondary,female,2019-01-01,665
Kelantan,Tumpat,secondary,female,2020-01-01,688
Kelantan,Tumpat,secondary,female,2021-01-01,682
Kelantan,Tumpat,secondary,female,2022-01-01,715
Kelantan,Tumpat,secondary,female,2023-06-30,702
Kelantan,Tumpat,secondary,female,2024-06-30,744
Kelantan,Tumpat,secondary,female,2025-06-30,756
Kelantan,Tumpat,secondary,male,2017-01-01,434
Kelantan,Tumpat,secondary,male,2018-01-01,414
Kelantan,Tumpat,secondary,male,2019-01-01,409
Kelantan,Tumpat,secondary,male,2020-01-01,389
Kelantan,Tumpat,secondary,male,2021-01-01,363
Kelantan,Tumpat,secondary,male,2022-01-01,353
Kelantan,Tumpat,secondary,male,2023-06-30,326
Kelantan,Tumpat,secondary,male,2024-06-30,319
Kelantan,Tumpat,secondary,male,2025-06-30,304
Kelantan,Pasir Putih,primary,both,2023-06-30,1387
Kelantan,Pasir Putih,primary,both,2024-06-30,1368
Kelantan,Pasir Putih,primary,both,2025-06-30,1349
Kelantan,Pasir Putih,primary,female,2023-06-30,919
Kelantan,Pasir Putih,primary,female,2024-06-30,912
Kelantan,Pasir Putih,primary,female,2025-06-30,906
Kelantan,Pasir Putih,primary,male,2023-06-30,468
Kelantan,Pasir Putih,primary,male,2024-06-30,456
Kelantan,Pasir Putih,primary,male,2025-06-30,443
Kelantan,Pasir Putih,secondary,both,2023-06-30,1104
Kelantan,Pasir Putih,secondary,both,2024-06-30,1122
Kelantan,Pasir Putih,secondary,both,2025-06-30,1109
Kelantan,Pasir Putih,secondary,female,2023-06-30,707
Kelantan,Pasir Putih,secondary,female,2024-06-30,734
Kelantan,Pasir Putih,secondary,female,2025-06-30,735
Kelantan,Pasir Putih,secondary,male,2023-06-30,397
Kelantan,Pasir Putih,secondary,male,2024-06-30,388
Kelantan,Pasir Putih,secondary,male,2025-06-30,374
Melaka,All Districts,primary,both,2017-01-01,7527
Melaka,All Districts,primary,both,2018-01-01,7834
Melaka,All Districts,primary,both,2019-01-01,7689
Melaka,All Districts,primary,both,2020-01-01,7794
Melaka,All Districts,primary,both,2021-01-01,7741
Melaka,All Districts,primary,both,2022-01-01,7842
Melaka,All Districts,primary,both,2023-06-30,7680
Melaka,All Districts,primary,both,2024-06-30,7747
Melaka,All Districts,primary,both,2025-06-30,7734
Melaka,All Districts,primary,female,2017-01-01,5647
Melaka,All Districts,primary,female,2018-01-01,5904
Melaka,All Districts,primary,female,2019-01-01,5788
Melaka,All Districts,primary,female,2020-01-01,5839
Melaka,All Districts,primary,female,2021-01-01,5791
Melaka,All Districts,primary,female,2022-01-01,5852
Melaka,All Districts,primary,female,2023-06-30,5719
Melaka,All Districts,primary,female,2024-06-30,5750
Melaka,All Districts,primary,female,2025-06-30,5741
Melaka,All Districts,primary,male,2017-01-01,1880
Melaka,All Districts,primary,male,2018-01-01,1930
Melaka,All Districts,primary,male,2019-01-01,1901
Melaka,All Districts,primary,male,2020-01-01,1955
Melaka,All Districts,primary,male,2021-01-01,1950
Melaka,All Districts,primary,male,2022-01-01,1990
Melaka,All Districts,primary,male,2023-06-30,1961
Melaka,All Districts,primary,male,2024-06-30,1997
Melaka,All Districts,primary,male,2025-06-30,1993
Melaka,All Districts,secondary,both,2017-01-01,6176
Melaka,All Districts,secondary,both,2018-01-01,6201
Melaka,All Districts,secondary,both,2019-01-01,6168
Melaka,All Districts,secondary,both,2020-01-01,6131
Melaka,All Districts,secondary,both,2021-01-01,5967
Melaka,All Districts,secondary,both,2022-01-01,6093
Melaka,All Districts,secondary,both,2023-06-30,5935
Melaka,All Districts,secondary,both,2024-06-30,5976
Melaka,All Districts,secondary,both,2025-06-30,6074
Melaka,All Districts,secondary,female,2017-01-01,4339
Melaka,All Districts,secondary,female,2018-01-01,4410
Melaka,All Districts,secondary,female,2019-01-01,4400
Melaka,All Districts,secondary,female,2020-01-01,4396
Melaka,All Districts,secondary,female,2021-01-01,4304
Melaka,All Districts,secondary,female,2022-01-01,4439
Melaka,All Districts,secondary,female,2023-06-30,4352
Melaka,All Districts,secondary,female,2024-06-30,4415
Melaka,All Districts,secondary,female,2025-06-30,4517
Melaka,All Districts,secondary,male,2017-01-01,1837
Melaka,All Districts,secondary,male,2018-01-01,1791
Melaka,All Districts,secondary,male,2019-01-01,1768
Melaka,All Districts,secondary,male,2020-01-01,1735
Melaka,All Districts,secondary,male,2021-01-01,1663
Melaka,All Districts,secondary,male,2022-01-01,1654
Melaka,All Districts,secondary,male,2023-06-30,1583
Melaka,All Districts,secondary,male,2024-06-30,1561
Melaka,All Districts,secondary,male,2025-06-30,1557
Melaka,Alor Gajah,primary,both,2017-01-01,2032
Melaka,Alor Gajah,primary,both,2018-01-01,2099
Melaka,Alor Gajah,primary,both,2019-01-01,2043
Melaka,Alor Gajah,primary,both,2020-01-01,2086
Melaka,Alor Gajah,primary,both,2021-01-01,2088
Melaka,Alor Gajah,primary,both,2022-01-01,2155
Melaka,Alor Gajah,primary,both,2023-06-30,2097
Melaka,Alor Gajah,primary,both,2024-06-30,2109
Melaka,Alor Gajah,primary,both,2025-06-30,2120
Melaka,Alor Gajah,primary,female,2017-01-01,1511
Melaka,Alor Gajah,primary,female,2018-01-01,1573
Melaka,Alor Gajah,primary,female,2019-01-01,1524
Melaka,Alor Gajah,primary,female,2020-01-01,1551
Melaka,Alor Gajah,primary,female,2021-01-01,1556
Melaka,Alor Gajah,primary,female,2022-01-01,1597
Melaka,Alor Gajah,primary,female,2023-06-30,1548
Melaka,Alor Gajah,primary,female,2024-06-30,1549
Melaka,Alor Gajah,primary,female,2025-06-30,1559
Melaka,Alor Gajah,primary,male,2017-01-01,521
Melaka,Alor Gajah,primary,male,2018-01-01,526
Melaka,Alor Gajah,primary,male,2019-01-01,519
Melaka,Alor Gajah,primary,male,2020-01-01,535
Melaka,Alor Gajah,primary,male,2021-01-01,532
Melaka,Alor Gajah,primary,male,2022-01-01,558
Melaka,Alor Gajah,primary,male,2023-06-30,549
Melaka,Alor Gajah,primary,male,2024-06-30,560
Melaka,Alor Gajah,primary,male,2025-06-30,561
Melaka,Alor Gajah,secondary,both,2017-01-01,1543
Melaka,Alor Gajah,secondary,both,2018-01-01,1524
Melaka,Alor Gajah,secondary,both,2019-01-01,1516
Melaka,Alor Gajah,secondary,both,2020-01-01,1515
Melaka,Alor Gajah,secondary,both,2021-01-01,1467
Melaka,Alor Gajah,secondary,both,2022-01-01,1506
Melaka,Alor Gajah,secondary,both,2023-06-30,1460
Melaka,Alor Gajah,secondary,both,2024-06-30,1478
Melaka,Alor Gajah,secondary,both,2025-06-30,1525
Melaka,Alor Gajah,secondary,female,2017-01-01,1063
Melaka,Alor Gajah,secondary,female,2018-01-01,1068
Melaka,Alor Gajah,secondary,female,2019-01-01,1071
Melaka,Alor Gajah,secondary,female,2020-01-01,1077
Melaka,Alor Gajah,secondary,female,2021-01-01,1053
Melaka,Alor Gajah,secondary,female,2022-01-01,1101
Melaka,Alor Gajah,secondary,female,2023-06-30,1068
Melaka,Alor Gajah,secondary,female,2024-06-30,1097
Melaka,Alor Gajah,secondary,female,2025-06-30,1149
Melaka,Alor Gajah,secondary,male,2017-01-01,480
Melaka,Alor Gajah,secondary,male,2018-01-01,456
Melaka,Alor Gajah,secondary,male,2019-01-01,445
Melaka,Alor Gajah,secondary,male,2020-01-01,438
Melaka,Alor Gajah,secondary,male,2021-01-01,414
Melaka,Alor Gajah,secondary,male,2022-01-01,405
Melaka,Alor Gajah,secondary,male,2023-06-30,392
Melaka,Alor Gajah,secondary,male,2024-06-30,381
Melaka,Alor Gajah,secondary,male,2025-06-30,376
Melaka,Jasin,primary,both,2017-01-01,1605
Melaka,Jasin,primary,both,2018-01-01,1647
Melaka,Jasin,primary,both,2019-01-01,1613
Melaka,Jasin,primary,both,2020-01-01,1612
Melaka,Jasin,primary,both,2021-01-01,1618
Melaka,Jasin,primary,both,2022-01-01,1595
Melaka,Jasin,primary,both,2023-06-30,1562
Melaka,Jasin,primary,both,2024-06-30,1563
Melaka,Jasin,primary,both,2025-06-30,1565
Melaka,Jasin,primary,female,2017-01-01,1154
Melaka,Jasin,primary,female,2018-01-01,1192
Melaka,Jasin,primary,female,2019-01-01,1162
Melaka,Jasin,primary,female,2020-01-01,1152
Melaka,Jasin,primary,female,2021-01-01,1161
Melaka,Jasin,primary,female,2022-01-01,1149
Melaka,Jasin,primary,female,2023-06-30,1119
Melaka,Jasin,primary,female,2024-06-30,1121
Melaka,Jasin,primary,female,2025-06-30,1136
Melaka,Jasin,primary,male,2017-01-01,451
Melaka,Jasin,primary,male,2018-01-01,455
Melaka,Jasin,primary,male,2019-01-01,451
Melaka,Jasin,primary,male,2020-01-01,460
Melaka,Jasin,primary,male,2021-01-01,457
Melaka,Jasin,primary,male,2022-01-01,446
Melaka,Jasin,primary,male,2023-06-30,443
Melaka,Jasin,primary,male,2024-06-30,442
Melaka,Jasin,primary,male,2025-06-30,429
Melaka,Jasin,secondary,both,2017-01-01,1319
Melaka,Jasin,secondary,both,2018-01-01,1368
Melaka,Jasin,secondary,both,2019-01-01,1365
Melaka,Jasin,secondary,both,2020-01-01,1371
Melaka,Jasin,secondary,both,2021-01-01,1343
Melaka,Jasin,secondary,both,2022-01-01,1364
Melaka,Jasin,secondary,both,2023-06-30,1331
Melaka,Jasin,secondary,both,2024-06-30,1341
Melaka,Jasin,secondary,both,2025-06-30,1325
Melaka,Jasin,secondary,female,2017-01-01,838
Melaka,Jasin,secondary,female,2018-01-01,889
Melaka,Jasin,secondary,female,2019-01-01,895
Melaka,Jasin,secondary,female,2020-01-01,910
Melaka,Jasin,secondary,female,2021-01-01,896
Melaka,Jasin,secondary,female,2022-01-01,916
Melaka,Jasin,secondary,female,2023-06-30,906
Melaka,Jasin,secondary,female,2024-06-30,913
Melaka,Jasin,secondary,female,2025-06-30,909
Melaka,Jasin,secondary,male,2017-01-01,481
Melaka,Jasin,secondary,male,2018-01-01,479
Melaka,Jasin,secondary,male,2019-01-01,470
Melaka,Jasin,secondary,male,2020-01-01,461
Melaka,Jasin,secondary,male,2021-01-01,447
Melaka,Jasin,secondary,male,2022-01-01,448
Melaka,Jasin,secondary,male,2023-06-30,425
Melaka,Jasin,secondary,male,2024-06-30,428
Melaka,Jasin,secondary,male,2025-06-30,416
Melaka,Melaka Tengah,primary,both,2017-01-01,3890
Melaka,Melaka Tengah,primary,both,2018-01-01,4088
Melaka,Melaka Tengah,primary,both,2019-01-01,4033
Melaka,Melaka Tengah,primary,both,2020-01-01,4096
Melaka,Melaka Tengah,primary,both,2021-01-01,4035
Melaka,Melaka Tengah,primary,both,2022-01-01,4092
Melaka,Melaka Tengah,primary,both,2023-06-30,4021
Melaka,Melaka Tengah,primary,both,2024-06-30,4075
Melaka,Melaka Tengah,primary,both,2025-06-30,4049
Melaka,Melaka Tengah,primary,female,2017-01-01,2982
Melaka,Melaka Tengah,primary,female,2018-01-01,3139
Melaka,Melaka Tengah,primary,female,2019-01-01,3102
Melaka,Melaka Tengah,primary,female,2020-01-01,3136
Melaka,Melaka Tengah,primary,female,2021-01-01,3074
Melaka,Melaka Tengah,primary,female,2022-01-01,3106
Melaka,Melaka Tengah,primary,female,2023-06-30,3052
Melaka,Melaka Tengah,primary,female,2024-06-30,3080
Melaka,Melaka Tengah,primary,female,2025-06-30,3046
Melaka,Melaka Tengah,primary,male,2017-01-01,908
Melaka,Melaka Tengah,primary,male,2018-01-01,949
Melaka,Melaka Tengah,primary,male,2019-01-01,931
Melaka,Melaka Tengah,primary,male,2020-01-01,960
Melaka,Melaka Tengah,primary,male,2021-01-01,961
Melaka,Melaka Tengah,primary,male,2022-01-01,986
Melaka,Melaka Tengah,primary,male,2023-06-30,969
Melaka,Melaka Tengah,primary,male,2024-06-30,995
Melaka,Melaka Tengah,primary,male,2025-06-30,1003
Melaka,Melaka Tengah,secondary,both,2017-01-01,3314
Melaka,Melaka Tengah,secondary,both,2018-01-01,3309
Melaka,Melaka Tengah,secondary,both,2019-01-01,3287
Melaka,Melaka Tengah,secondary,both,2020-01-01,3245
Melaka,Melaka Tengah,secondary,both,2021-01-01,3157
Melaka,Melaka Tengah,secondary,both,2022-01-01,3223
Melaka,Melaka Tengah,secondary,both,2023-06-30,3144
Melaka,Melaka Tengah,secondary,both,2024-06-30,3157
Melaka,Melaka Tengah,secondary,both,2025-06-30,3224
Melaka,Melaka Tengah,secondary,female,2017-01-01,2438
Melaka,Melaka Tengah,secondary,female,2018-01-01,2453
Melaka,Melaka Tengah,secondary,female,2019-01-01,2434
Melaka,Melaka Tengah,secondary,female,2020-01-01,2409
Melaka,Melaka Tengah,secondary,female,2021-01-01,2355
Melaka,Melaka Tengah,secondary,female,2022-01-01,2422
Melaka,Melaka Tengah,secondary,female,2023-06-30,2378
Melaka,Melaka Tengah,secondary,female,2024-06-30,2405
Melaka,Melaka Tengah,secondary,female,2025-06-30,2459
Melaka,Melaka Tengah,secondary,male,2017-01-01,876
Melaka,Melaka Tengah,secondary,male,2018-01-01,856
Melaka,Melaka Tengah,secondary,male,2019-01-01,853
Melaka,Melaka Tengah,secondary,male,2020-01-01,836
Melaka,Melaka Tengah,secondary,male,2021-01-01,802
Melaka,Melaka Tengah,secondary,male,2022-01-01,801
Melaka,Melaka Tengah,secondary,male,2023-06-30,766
Melaka,Melaka Tengah,secondary,male,2024-06-30,752
Melaka,Melaka Tengah,secondary,male,2025-06-30,765
Negeri Sembilan,All Districts,primary,both,2017-01-01,9495
Negeri Sembilan,All Districts,primary,both,2018-01-01,9633
Negeri Sembilan,All Districts,primary,both,2019-01-01,9521
Negeri Sembilan,All Districts,primary,both,2020-01-01,9582
Negeri Sembilan,All Districts,primary,both,2021-01-01,9583
Negeri Sembilan,All Districts,primary,both,2022-01-01,9620
Negeri Sembilan,All Districts,primary,both,2023-06-30,9507
Negeri Sembilan,All Districts,primary,both,2024-06-30,9649
Negeri Sembilan,All Districts,primary,both,2025-06-30,9697
Negeri Sembilan,All Districts,primary,female,2017-01-01,7144
Negeri Sembilan,All Districts,primary,female,2018-01-01,7334
Negeri Sembilan,All Districts,primary,female,2019-01-01,7249
Negeri Sembilan,All Districts,primary,female,2020-01-01,7261
Negeri Sembilan,All Districts,primary,female,2021-01-01,7279
Negeri Sembilan,All Districts,primary,female,2022-01-01,7313
Negeri Sembilan,All Districts,primary,female,2023-06-30,7241
Negeri Sembilan,All Districts,primary,female,2024-06-30,7308
Negeri Sembilan,All Districts,primary,female,2025-06-30,7349
Negeri Sembilan,All Districts,primary,male,2017-01-01,2351
Negeri Sembilan,All Districts,primary,male,2018-01-01,2299
Negeri Sembilan,All Districts,primary,male,2019-01-01,2272
Negeri Sembilan,All Districts,primary,male,2020-01-01,2321
Negeri Sembilan,All Districts,primary,male,2021-01-01,2304
Negeri Sembilan,All Districts,primary,male,2022-01-01,2307
Negeri Sembilan,All Districts,primary,male,2023-06-30,2266
Negeri Sembilan,All Districts,primary,male,2024-06-30,2341
Negeri Sembilan,All Districts,primary,male,2025-06-30,2348
Negeri Sembilan,All Districts,secondary,both,2017-01-01,8024
Negeri Sembilan,All Districts,secondary,both,2018-01-01,8104
Negeri Sembilan,All Districts,secondary,both,2019-01-01,8073
Negeri Sembilan,All Districts,secondary,both,2020-01-01,7967
Negeri Sembilan,All Districts,secondary,both,2021-01-01,7785
Negeri Sembilan,All Districts,secondary,both,2022-01-01,7987
Negeri Sembilan,All Districts,secondary,both,2023-06-30,7912
Negeri Sembilan,All Districts,secondary,both,2024-06-30,8006
Negeri Sembilan,All Districts,secondary,both,2025-06-30,7950
Negeri Sembilan,All Districts,secondary,female,2017-01-01,5856
Negeri Sembilan,All Districts,secondary,female,2018-01-01,5927
Negeri Sembilan,All Districts,secondary,female,2019-01-01,5901
Negeri Sembilan,All Districts,secondary,female,2020-01-01,5851
Negeri Sembilan,All Districts,secondary,female,2021-01-01,5726
Negeri Sembilan,All Districts,secondary,female,2022-01-01,5928
Negeri Sembilan,All Districts,secondary,female,2023-06-30,5901
Negeri Sembilan,All Districts,secondary,female,2024-06-30,5990
Negeri Sembilan,All Districts,secondary,female,2025-06-30,5952
Negeri Sembilan,All Districts,secondary,male,2017-01-01,2168
Negeri Sembilan,All Districts,secondary,male,2018-01-01,2177
Negeri Sembilan,All Districts,secondary,male,2019-01-01,2172
Negeri Sembilan,All Districts,secondary,male,2020-01-01,2116
Negeri Sembilan,All Districts,secondary,male,2021-01-01,2059
Negeri Sembilan,All Districts,secondary,male,2022-01-01,2059
Negeri Sembilan,All Districts,secondary,male,2023-06-30,2011
Negeri Sembilan,All Districts,secondary,male,2024-06-30,2016
Negeri Sembilan,All Districts,secondary,male,2025-06-30,1998
Negeri Sembilan,Jelebu,primary,both,2017-01-01,1649
Negeri Sembilan,Jelebu,primary,both,2018-01-01,482
Negeri Sembilan,Jelebu,primary,both,2019-01-01,464
Negeri Sembilan,Jelebu,primary,both,2020-01-01,469
Negeri Sembilan,Jelebu,primary,both,2021-01-01,465
Negeri Sembilan,Jelebu,primary,both,2022-01-01,458
Negeri Sembilan,Jelebu,primary,female,2017-01-01,1104
Negeri Sembilan,Jelebu,primary,female,2018-01-01,344
Negeri Sembilan,Jelebu,primary,female,2019-01-01,331
Negeri Sembilan,Jelebu,primary,female,2020-01-01,329
Negeri Sembilan,Jelebu,primary,female,2021-01-01,327
Negeri Sembilan,Jelebu,primary,female,2022-01-01,321
Negeri Sembilan,Jelebu,primary,male,2017-01-01,545
Negeri Sembilan,Jelebu,primary,male,2018-01-01,138
Negeri Sembilan,Jelebu,primary,male,2019-01-01,133
Negeri Sembilan,Jelebu,primary,male,2020-01-01,140
Negeri Sembilan,Jelebu,primary,male,2021-01-01,138
Negeri Sembilan,Jelebu,primary,male,2022-01-01,137
Negeri Sembilan,Jelebu,secondary,both,2017-01-01,1344
Negeri Sembilan,Jelebu,secondary,both,2018-01-01,378
Negeri Sembilan,Jelebu,secondary,both,2019-01-01,369
Negeri Sembilan,Jelebu,secondary,both,2020-01-01,376
Negeri Sembilan,Jelebu,secondary,both,2021-01-01,373
Negeri Sembilan,Jelebu,secondary,both,2022-01-01,375
Negeri Sembilan,Jelebu,secondary,female,2017-01-01,912
Negeri Sembilan,Jelebu,secondary,female,2018-01-01,239
Negeri Sembilan,Jelebu,secondary,female,2019-01-01,236
Negeri Sembilan,Jelebu,secondary,female,2020-01-01,241
Negeri Sembilan,Jelebu,secondary,female,2021-01-01,238
Negeri Sembilan,Jelebu,secondary,female,2022-01-01,236
Negeri Sembilan,Jelebu,secondary,male,2017-01-01,432
Negeri Sembilan,Jelebu,secondary,male,2018-01-01,139
Negeri Sembilan,Jelebu,secondary,male,2019-01-01,133
Negeri Sembilan,Jelebu,secondary,male,2020-01-01,135
Negeri Sembilan,Jelebu,secondary,male,2021-01-01,135
Negeri Sembilan,Jelebu,secondary,male,2022-01-01,139
Negeri Sembilan,Jempol,primary,both,2018-01-01,1231
Negeri Sembilan,Jempol,primary,both,2019-01-01,1199
Negeri Sembilan,Jempol,primary,both,2020-01-01,1210
Negeri Sembilan,Jempol,primary,both,2021-01-01,1192
Negeri Sembilan,Jempol,primary,both,2022-01-01,1189
Negeri Sembilan,Jempol,primary,female,2018-01-01,839
Negeri Sembilan,Jempol,primary,female,2019-01-01,814
Negeri Sembilan,Jempol,primary,female,2020-01-01,812
Negeri Sembilan,Jempol,primary,female,2021-01-01,800
Negeri Sembilan,Jempol,primary,female,2022-01-01,801
Negeri Sembilan,Jempol,primary,male,2018-01-01,392
Negeri Sembilan,Jempol,primary,male,2019-01-01,385
Negeri Sembilan,Jempol,primary,male,2020-01-01,398
Negeri Sembilan,Jempol,primary,male,2021-01-01,392
Negeri Sembilan,Jempol,primary,male,2022-01-01,388
Negeri Sembilan,Jempol,secondary,both,2018-01-01,944
Negeri Sembilan,Jempol,secondary,both,2019-01-01,939
Negeri Sembilan,Jempol,secondary,both,2020-01-01,914
Negeri Sembilan,Jempol,secondary,both,2021-01-01,887
Negeri Sembilan,Jempol,secondary,both,2022-01-01,899
Negeri Sembilan,Jempol,secondary,female,2018-01-01,652
Negeri Sembilan,Jempol,secondary,female,2019-01-01,649
Negeri Sembilan,Jempol,secondary,female,2020-01-01,636
Negeri Sembilan,Jempol,secondary,female,2021-01-01,617
Negeri Sembilan,Jempol,secondary,female,2022-01-01,623
Negeri Sembilan,Jempol,secondary,male,2018-01-01,292
Negeri Sembilan,Jempol,secondary,male,2019-01-01,290
Negeri Sembilan,Jempol,secondary,male,2020-01-01,278
Negeri Sembilan,Jempol,secondary,male,2021-01-01,270
Negeri Sembilan,Jempol,secondary,male,2022-01-01,276
Negeri Sembilan,Kuala Pilah,primary,both,2017-01-01,823
Negeri Sembilan,Kuala Pilah,primary,both,2018-01-01,826
Negeri Sembilan,Kuala Pilah,primary,both,2019-01-01,813
Negeri Sembilan,Kuala Pilah,primary,both,2020-01-01,800
Negeri Sembilan,Kuala Pilah,primary,both,2021-01-01,784
Negeri Sembilan,Kuala Pilah,primary,both,2022-01-01,793
Negeri Sembilan,Kuala Pilah,primary,both,2023-06-30,774
Negeri Sembilan,Kuala Pilah,primary,both,2024-06-30,789
Negeri Sembilan,Kuala Pilah,primary,both,2025-06-30,805
Negeri Sembilan,Kuala Pilah,primary,female,2017-01-01,573
Negeri Sembilan,Kuala Pilah,primary,female,2018-01-01,581
Negeri Sembilan,Kuala Pilah,primary,female,2019-01-01,567
Negeri Sembilan,Kuala Pilah,primary,female,2020-01-01,554
Negeri Sembilan,Kuala Pilah,primary,female,2021-01-01,549
Negeri Sembilan,Kuala Pilah,primary,female,2022-01-01,555
Negeri Sembilan,Kuala Pilah,primary,female,2023-06-30,549
Negeri Sembilan,Kuala Pilah,primary,female,2024-06-30,550
Negeri Sembilan,Kuala Pilah,primary,female,2025-06-30,561
Negeri Sembilan,Kuala Pilah,primary,male,2017-01-01,250
Negeri Sembilan,Kuala Pilah,primary,male,2018-01-01,245
Negeri Sembilan,Kuala Pilah,primary,male,2019-01-01,246
Negeri Sembilan,Kuala Pilah,primary,male,2020-01-01,246
Negeri Sembilan,Kuala Pilah,primary,male,2021-01-01,235
Negeri Sembilan,Kuala Pilah,primary,male,2022-01-01,238
Negeri Sembilan,Kuala Pilah,primary,male,2023-06-30,225
Negeri Sembilan,Kuala Pilah,primary,male,2024-06-30,239
Negeri Sembilan,Kuala Pilah,primary,male,2025-06-30,244
Negeri Sembilan,Kuala Pilah,secondary,both,2017-01-01,740
Negeri Sembilan,Kuala Pilah,secondary,both,2018-01-01,778
Negeri Sembilan,Kuala Pilah,secondary,both,2019-01-01,770
Negeri Sembilan,Kuala Pilah,secondary,both,2020-01-01,750
Negeri Sembilan,Kuala Pilah,secondary,both,2021-01-01,725
Negeri Sembilan,Kuala Pilah,secondary,both,2022-01-01,755
Negeri Sembilan,Kuala Pilah,secondary,both,2023-06-30,750
Negeri Sembilan,Kuala Pilah,secondary,both,2024-06-30,750
Negeri Sembilan,Kuala Pilah,secondary,both,2025-06-30,748
Negeri Sembilan,Kuala Pilah,secondary,female,2017-01-01,457
Negeri Sembilan,Kuala Pilah,secondary,female,2018-01-01,490
Negeri Sembilan,Kuala Pilah,secondary,female,2019-01-01,482
Negeri Sembilan,Kuala Pilah,secondary,female,2020-01-01,472
Negeri Sembilan,Kuala Pilah,secondary,female,2021-01-01,460
Negeri Sembilan,Kuala Pilah,secondary,female,2022-01-01,490
Negeri Sembilan,Kuala Pilah,secondary,female,2023-06-30,489
Negeri Sembilan,Kuala Pilah,secondary,female,2024-06-30,502
Negeri Sembilan,Kuala Pilah,secondary,female,2025-06-30,500
Negeri Sembilan,Kuala Pilah,secondary,male,2017-01-01,283
Negeri Sembilan,Kuala Pilah,secondary,male,2018-01-01,288
Negeri Sembilan,Kuala Pilah,secondary,male,2019-01-01,288
Negeri Sembilan,Kuala Pilah,secondary,male,2020-01-01,278
Negeri Sembilan,Kuala Pilah,secondary,male,2021-01-01,265
Negeri Sembilan,Kuala Pilah,secondary,male,2022-01-01,265
Negeri Sembilan,Kuala Pilah,secondary,male,2023-06-30,261
Negeri Sembilan,Kuala Pilah,secondary,male,2024-06-30,248
Negeri Sembilan,Kuala Pilah,secondary,male,2025-06-30,248
Negeri Sembilan,Port Dickson,primary,both,2017-01-01,1242
Negeri Sembilan,Port Dickson,primary,both,2018-01-01,1236
Negeri Sembilan,Port Dickson,primary,both,2019-01-01,1207
Negeri Sembilan,Port Dickson,primary,both,2020-01-01,1247
Negeri Sembilan,Port Dickson,primary,both,2021-01-01,1253
Negeri Sembilan,Port Dickson,primary,both,2022-01-01,1242
Negeri Sembilan,Port Dickson,primary,both,2023-06-30,1215
Negeri Sembilan,Port Dickson,primary,both,2024-06-30,1225
Negeri Sembilan,Port Dickson,primary,both,2025-06-30,1246
Negeri Sembilan,Port Dickson,primary,female,2017-01-01,1001
Negeri Sembilan,Port Dickson,primary,female,2018-01-01,999
Negeri Sembilan,Port Dickson,primary,female,2019-01-01,979
Negeri Sembilan,Port Dickson,primary,female,2020-01-01,1003
Negeri Sembilan,Port Dickson,primary,female,2021-01-01,1000
Negeri Sembilan,Port Dickson,primary,female,2022-01-01,995
Negeri Sembilan,Port Dickson,primary,female,2023-06-30,973
Negeri Sembilan,Port Dickson,primary,female,2024-06-30,957
Negeri Sembilan,Port Dickson,primary,female,2025-06-30,969
Negeri Sembilan,Port Dickson,primary,male,2017-01-01,241
Negeri Sembilan,Port Dickson,primary,male,2018-01-01,237
Negeri Sembilan,Port Dickson,primary,male,2019-01-01,228
Negeri Sembilan,Port Dickson,primary,male,2020-01-01,244
Negeri Sembilan,Port Dickson,primary,male,2021-01-01,253
Negeri Sembilan,Port Dickson,primary,male,2022-01-01,247
Negeri Sembilan,Port Dickson,primary,male,2023-06-30,242
Negeri Sembilan,Port Dickson,primary,male,2024-06-30,268
Negeri Sembilan,Port Dickson,primary,male,2025-06-30,277
Negeri Sembilan,Port Dickson,secondary,both,2017-01-01,868
Negeri Sembilan,Port Dickson,secondary,both,2018-01-01,888
Negeri Sembilan,Port Dickson,secondary,both,2019-01-01,886
Negeri Sembilan,Port Dickson,secondary,both,2020-01-01,886
Negeri Sembilan,Port Dickson,secondary,both,2021-01-01,870
Negeri Sembilan,Port Dickson,secondary,both,2022-01-01,889
Negeri Sembilan,Port Dickson,secondary,both,2023-06-30,892
Negeri Sembilan,Port Dickson,secondary,both,2024-06-30,885
Negeri Sembilan,Port Dickson,secondary,both,2025-06-30,882
Negeri Sembilan,Port Dickson,secondary,female,2017-01-01,657
Negeri Sembilan,Port Dickson,secondary,female,2018-01-01,672
Negeri Sembilan,Port Dickson,secondary,female,2019-01-01,674
Negeri Sembilan,Port Dickson,secondary,female,2020-01-01,674
Negeri Sembilan,Port Dickson,secondary,female,2021-01-01,658
Negeri Sembilan,Port Dickson,secondary,female,2022-01-01,675
Negeri Sembilan,Port Dickson,secondary,female,2023-06-30,682
Negeri Sembilan,Port Dickson,secondary,female,2024-06-30,678
Negeri Sembilan,Port Dickson,secondary,female,2025-06-30,676
Negeri Sembilan,Port Dickson,secondary,male,2017-01-01,211
Negeri Sembilan,Port Dickson,secondary,male,2018-01-01,216
Negeri Sembilan,Port Dickson,secondary,male,2019-01-01,212
Negeri Sembilan,Port Dickson,secondary,male,2020-01-01,212
Negeri Sembilan,Port Dickson,secondary,male,2021-01-01,212
Negeri Sembilan,Port Dickson,secondary,male,2022-01-01,214
Negeri Sembilan,Port Dickson,secondary,male,2023-06-30,210
Negeri Sembilan,Port Dickson,secondary,male,2024-06-30,207
Negeri Sembilan,Port Dickson,secondary,male,2025-06-30,206
Negeri Sembilan,Rembau,primary,both,2017-01-01,580
Negeri Sembilan,Rembau,primary,both,2018-01-01,575
Negeri Sembilan,Rembau,primary,both,2019-01-01,572
Negeri Sembilan,Rembau,primary,both,2020-01-01,572
Negeri Sembilan,Rembau,primary,both,2021-01-01,560
Negeri Sembilan,Rembau,primary,both,2022-01-01,557
Negeri Sembilan,Rembau,primary,both,2023-06-30,531
Negeri Sembilan,Rembau,primary,both,2024-06-30,540
Negeri Sembilan,Rembau,primary,both,2025-06-30,554
Negeri Sembilan,Rembau,primary,female,2017-01-01,403
Negeri Sembilan,Rembau,primary,female,2018-01-01,418
Negeri Sembilan,Rembau,primary,female,2019-01-01,422
Negeri Sembilan,Rembau,primary,female,2020-01-01,417
Negeri Sembilan,Rembau,primary,female,2021-01-01,412
Negeri Sembilan,Rembau,primary,female,2022-01-01,408
Negeri Sembilan,Rembau,primary,female,2023-06-30,390
Negeri Sembilan,Rembau,primary,female,2024-06-30,392
Negeri Sembilan,Rembau,primary,female,2025-06-30,400
Negeri Sembilan,Rembau,primary,male,2017-01-01,177
Negeri Sembilan,Rembau,primary,male,2018-01-01,157
Negeri Sembilan,Rembau,primary,male,2019-01-01,150
Negeri Sembilan,Rembau,primary,male,2020-01-01,155
Negeri Sembilan,Rembau,primary,male,2021-01-01,148
Negeri Sembilan,Rembau,primary,male,2022-01-01,149
Negeri Sembilan,Rembau,primary,male,2023-06-30,141
Negeri Sembilan,Rembau,primary,male,2024-06-30,148
Negeri Sembilan,Rembau,primary,male,2025-06-30,154
Negeri Sembilan,Rembau,secondary,both,2017-01-01,679
Negeri Sembilan,Rembau,secondary,both,2018-01-01,742
Negeri Sembilan,Rembau,secondary,both,2019-01-01,759
Negeri Sembilan,Rembau,secondary,both,2020-01-01,760
Negeri Sembilan,Rembau,secondary,both,2021-01-01,739
Negeri Sembilan,Rembau,secondary,both,2022-01-01,772
Negeri Sembilan,Rembau,secondary,both,2023-06-30,773
Negeri Sembilan,Rembau,secondary,both,2024-06-30,777
Negeri Sembilan,Rembau,secondary,both,2025-06-30,780
Negeri Sembilan,Rembau,secondary,female,2017-01-01,479
Negeri Sembilan,Rembau,secondary,female,2018-01-01,508
Negeri Sembilan,Rembau,secondary,female,2019-01-01,511
Negeri Sembilan,Rembau,secondary,female,2020-01-01,512
Negeri Sembilan,Rembau,secondary,female,2021-01-01,507
Negeri Sembilan,Rembau,secondary,female,2022-01-01,535
Negeri Sembilan,Rembau,secondary,female,2023-06-30,530
Negeri Sembilan,Rembau,secondary,female,2024-06-30,526
Negeri Sembilan,Rembau,secondary,female,2025-06-30,534
Negeri Sembilan,Rembau,secondary,male,2017-01-01,200
Negeri Sembilan,Rembau,secondary,male,2018-01-01,234
Negeri Sembilan,Rembau,secondary,male,2019-01-01,248
Negeri Sembilan,Rembau,secondary,male,2020-01-01,248
Negeri Sembilan,Rembau,secondary,male,2021-01-01,232
Negeri Sembilan,Rembau,secondary,male,2022-01-01,237
Negeri Sembilan,Rembau,secondary,male,2023-06-30,243
Negeri Sembilan,Rembau,secondary,male,2024-06-30,251
Negeri Sembilan,Rembau,secondary,male,2025-06-30,246
Negeri Sembilan,Seremban,primary,both,2017-01-01,4288
Negeri Sembilan,Seremban,primary,both,2018-01-01,4337
Negeri Sembilan,Seremban,primary,both,2019-01-01,4350
Negeri Sembilan,Seremban,primary,both,2020-01-01,4374
Negeri Sembilan,Seremban,primary,both,2021-01-01,4425
Negeri Sembilan,Seremban,primary,both,2022-01-01,4481
Negeri Sembilan,Seremban,primary,both,2023-06-30,4460
Negeri Sembilan,Seremban,primary,both,2024-06-30,4545
Negeri Sembilan,Seremban,primary,both,2025-06-30,4567
Negeri Sembilan,Seremban,primary,female,2017-01-01,3407
Negeri Sembilan,Seremban,primary,female,2018-01-01,3473
Negeri Sembilan,Seremban,primary,female,2019-01-01,3485
Negeri Sembilan,Seremban,primary,female,2020-01-01,3492
Negeri Sembilan,Seremban,primary,female,2021-01-01,3544
Negeri Sembilan,Seremban,primary,female,2022-01-01,3578
Negeri Sembilan,Seremban,primary,female,2023-06-30,3557
Negeri Sembilan,Seremban,primary,female,2024-06-30,3633
Negeri Sembilan,Seremban,primary,female,2025-06-30,3657
Negeri Sembilan,Seremban,primary,male,2017-01-01,881
Negeri Sembilan,Seremban,primary,male,2018-01-01,864
Negeri Sembilan,Seremban,primary,male,2019-01-01,865
Negeri Sembilan,Seremban,primary,male,2020-01-01,882
Negeri Sembilan,Seremban,primary,male,2021-01-01,881
Negeri Sembilan,Seremban,primary,male,2022-01-01,903
Negeri Sembilan,Seremban,primary,male,2023-06-30,903
Negeri Sembilan,Seremban,primary,male,2024-06-30,912
Negeri Sembilan,Seremban,primary,male,2025-06-30,910
Negeri Sembilan,Seremban,secondary,both,2017-01-01,3727
Negeri Sembilan,Seremban,secondary,both,2018-01-01,3726
Negeri Sembilan,Seremban,secondary,both,2019-01-01,3716
Negeri Sembilan,Seremban,secondary,both,2020-01-01,3661
Negeri Sembilan,Seremban,secondary,both,2021-01-01,3581
Negeri Sembilan,Seremban,secondary,both,2022-01-01,3686
Negeri Sembilan,Seremban,secondary,both,2023-06-30,3597
Negeri Sembilan,Seremban,secondary,both,2024-06-30,3675
Negeri Sembilan,Seremban,secondary,both,2025-06-30,3667
Negeri Sembilan,Seremban,secondary,female,2017-01-01,2895
Negeri Sembilan,Seremban,secondary,female,2018-01-01,2913
Negeri Sembilan,Seremban,secondary,female,2019-01-01,2909
Negeri Sembilan,Seremban,secondary,female,2020-01-01,2885
Negeri Sembilan,Seremban,secondary,female,2021-01-01,2827
Negeri Sembilan,Seremban,secondary,female,2022-01-01,2943
Negeri Sembilan,Seremban,secondary,female,2023-06-30,2889
Negeri Sembilan,Seremban,secondary,female,2024-06-30,2957
Negeri Sembilan,Seremban,secondary,female,2025-06-30,2940
Negeri Sembilan,Seremban,secondary,male,2017-01-01,832
Negeri Sembilan,Seremban,secondary,male,2018-01-01,813
Negeri Sembilan,Seremban,secondary,male,2019-01-01,807
Negeri Sembilan,Seremban,secondary,male,2020-01-01,776
Negeri Sembilan,Seremban,secondary,male,2021-01-01,754
Negeri Sembilan,Seremban,secondary,male,2022-01-01,743
Negeri Sembilan,Seremban,secondary,male,2023-06-30,708
Negeri Sembilan,Seremban,secondary,male,2024-06-30,718
Negeri Sembilan,Seremban,secondary,male,2025-06-30,727
Negeri Sembilan,Tampin,primary,both,2017-01-01,913
Negeri Sembilan,Tampin,primary,both,2018-01-01,946
Negeri Sembilan,Tampin,primary,both,2019-01-01,916
Negeri Sembilan,Tampin,primary,both,2020-01-01,910
Negeri Sembilan,Tampin,primary,both,2021-01-01,904
Negeri Sembilan,Tampin,primary,both,2022-01-01,900
Negeri Sembilan,Tampin,primary,both,2023-06-30,896
Negeri Sembilan,Tampin,primary,both,2024-06-30,897
Negeri Sembilan,Tampin,primary,both,2025-06-30,891
Negeri Sembilan,Tampin,primary,female,2017-01-01,656
Negeri Sembilan,Tampin,primary,female,2018-01-01,680
Negeri Sembilan,Tampin,primary,female,2019-01-01,651
Negeri Sembilan,Tampin,primary,female,2020-01-01,654
Negeri Sembilan,Tampin,primary,female,2021-01-01,647
Negeri Sembilan,Tampin,primary,female,2022-01-01,655
Negeri Sembilan,Tampin,primary,female,2023-06-30,653
Negeri Sembilan,Tampin,primary,female,2024-06-30,646
Negeri Sembilan,Tampin,primary,female,2025-06-30,635
Negeri Sembilan,Tampin,primary,male,2017-01-01,257
Negeri Sembilan,Tampin,primary,male,2018-01-01,266
Negeri Sembilan,Tampin,primary,male,2019-01-01,265
Negeri Sembilan,Tampin,primary,male,2020-01-01,256
Negeri Sembilan,Tampin,primary,male,2021-01-01,257
Negeri Sembilan,Tampin,primary,male,2022-01-01,245
Negeri Sembilan,Tampin,primary,male,2023-06-30,243
Negeri Sembilan,Tampin,primary,male,2024-06-30,251
Negeri Sembilan,Tampin,primary,male,2025-06-30,256
Negeri Sembilan,Tampin,secondary,both,2017-01-01,666
Negeri Sembilan,Tampin,secondary,both,2018-01-01,648
Negeri Sembilan,Tampin,secondary,both,2019-01-01,634
Negeri Sembilan,Tampin,secondary,both,2020-01-01,620
Negeri Sembilan,Tampin,secondary,both,2021-01-01,610
Negeri Sembilan,Tampin,secondary,both,2022-01-01,611
Negeri Sembilan,Tampin,secondary,both,2023-06-30,621
Negeri Sembilan,Tampin,secondary,both,2024-06-30,641
Negeri Sembilan,Tampin,secondary,both,2025-06-30,613
Negeri Sembilan,Tampin,secondary,female,2017-01-01,456
Negeri Sembilan,Tampin,secondary,female,2018-01-01,453
Negeri Sembilan,Tampin,secondary,female,2019-01-01,440
Negeri Sembilan,Tampin,secondary,female,2020-01-01,431
Negeri Sembilan,Tampin,secondary,female,2021-01-01,419
Negeri Sembilan,Tampin,secondary,female,2022-01-01,426
Negeri Sembilan,Tampin,secondary,female,2023-06-30,437
Negeri Sembilan,Tampin,secondary,female,2024-06-30,455
Negeri Sembilan,Tampin,secondary,female,2025-06-30,436
Negeri Sembilan,Tampin,secondary,male,2017-01-01,210
Negeri Sembilan,Tampin,secondary,male,2018-01-01,195
Negeri Sembilan,Tampin,secondary,male,2019-01-01,194
Negeri Sembilan,Tampin,secondary,male,2020-01-01,189
Negeri Sembilan,Tampin,secondary,male,2021-01-01,191
Negeri Sembilan,Tampin,secondary,male,2022-01-01,185
Negeri Sembilan,Tampin,secondary,male,2023-06-30,184
Negeri Sembilan,Tampin,secondary,male,2024-06-30,186
Negeri Sembilan,Tampin,secondary,male,2025-06-30,177
Negeri Sembilan,Jempol/Jelebu,primary,both,2023-06-30,1631
Negeri Sembilan,Jempol/Jelebu,primary,both,2024-06-30,1653
Negeri Sembilan,Jempol/Jelebu,primary,both,2025-06-30,1634
Negeri Sembilan,Jempol/Jelebu,primary,female,2023-06-30,1119
Negeri Sembilan,Jempol/Jelebu,primary,female,2024-06-30,1130
Negeri Sembilan,Jempol/Jelebu,primary,female,2025-06-30,1127
Negeri Sembilan,Jempol/Jelebu,primary,male,2023-06-30,512
Negeri Sembilan,Jempol/Jelebu,primary,male,2024-06-30,523
Negeri Sembilan,Jempol/Jelebu,primary,male,2025-06-30,507
Negeri Sembilan,Jempol/Jelebu,secondary,both,2023-06-30,1279
Negeri Sembilan,Jempol/Jelebu,secondary,both,2024-06-30,1278
Negeri Sembilan,Jempol/Jelebu,secondary,both,2025-06-30,1260
Negeri Sembilan,Jempol/Jelebu,secondary,female,2023-06-30,874
Negeri Sembilan,Jempol/Jelebu,secondary,female,2024-06-30,872
Negeri Sembilan,Jempol/Jelebu,secondary,female,2025-06-30,866
Negeri Sembilan,Jempol/Jelebu,secondary,male,2023-06-30,405
Negeri Sembilan,Jempol/Jelebu,secondary,male,2024-06-30,406
Negeri Sembilan,Jempol/Jelebu,secondary,male,2025-06-30,394
Pahang,All Districts,primary,both,2017-01-01,13853
Pahang,All Districts,primary,both,2018-01-01,14724
Pahang,All Districts,primary,both,2019-01-01,14490
Pahang,All Districts,primary,both,2020-01-01,14456
Pahang,All Districts,primary,both,2021-01-01,14340
Pahang,All Districts,primary,both,2022-01-01,14479
Pahang,All Districts,primary,both,2023-06-30,14224
Pahang,All Districts,primary,both,2024-06-30,14192
Pahang,All Districts,primary,both,2025-06-30,14196
Pahang,All Districts,primary,female,2017-01-01,9336
Pahang,All Districts,primary,female,2018-01-01,10161
Pahang,All Districts,primary,female,2019-01-01,10010
Pahang,All Districts,primary,female,2020-01-01,9967
Pahang,All Districts,primary,female,2021-01-01,9910
Pahang,All Districts,primary,female,2022-01-01,10047
Pahang,All Districts,primary,female,2023-06-30,9903
Pahang,All Districts,primary,female,2024-06-30,9919
Pahang,All Districts,primary,female,2025-06-30,9957
Pahang,All Districts,primary,male,2017-01-01,4517
Pahang,All Districts,primary,male,2018-01-01,4563
Pahang,All Districts,primary,male,2019-01-01,4480
Pahang,All Districts,primary,male,2020-01-01,4489
Pahang,All Districts,primary,male,2021-01-01,4430
Pahang,All Districts,primary,male,2022-01-01,4432
Pahang,All Districts,primary,male,2023-06-30,4321
Pahang,All Districts,primary,male,2024-06-30,4273
Pahang,All Districts,primary,male,2025-06-30,4239
Pahang,All Districts,secondary,both,2017-01-01,11317
Pahang,All Districts,secondary,both,2018-01-01,11512
Pahang,All Districts,secondary,both,2019-01-01,11448
Pahang,All Districts,secondary,both,2020-01-01,11369
Pahang,All Districts,secondary,both,2021-01-01,11178
Pahang,All Districts,secondary,both,2022-01-01,11562
Pahang,All Districts,secondary,both,2023-06-30,11338
Pahang,All Districts,secondary,both,2024-06-30,11384
Pahang,All Districts,secondary,both,2025-06-30,11345
Pahang,All Districts,secondary,female,2017-01-01,7558
Pahang,All Districts,secondary,female,2018-01-01,7727
Pahang,All Districts,secondary,female,2019-01-01,7711
Pahang,All Districts,secondary,female,2020-01-01,7747
Pahang,All Districts,secondary,female,2021-01-01,7659
Pahang,All Districts,secondary,female,2022-01-01,8035
Pahang,All Districts,secondary,female,2023-06-30,7962
Pahang,All Districts,secondary,female,2024-06-30,8080
Pahang,All Districts,secondary,female,2025-06-30,8117
Pahang,All Districts,secondary,male,2017-01-01,3759
Pahang,All Districts,secondary,male,2018-01-01,3785
Pahang,All Districts,secondary,male,2019-01-01,3737
Pahang,All Districts,secondary,male,2020-01-01,3622
Pahang,All Districts,secondary,male,2021-01-01,3519
Pahang,All Districts,secondary,male,2022-01-01,3527
Pahang,All Districts,secondary,male,2023-06-30,3376
Pahang,All Districts,secondary,male,2024-06-30,3304
Pahang,All Districts,secondary,male,2025-06-30,3228
Pahang,Bentong,primary,both,2017-01-01,881
Pahang,Bentong,primary,both,2018-01-01,938
Pahang,Bentong,primary,both,2019-01-01,912
Pahang,Bentong,primary,both,2020-01-01,925
Pahang,Bentong,primary,both,2021-01-01,906
Pahang,Bentong,primary,both,2022-01-01,923
Pahang,Bentong,primary,both,2023-06-30,905
Pahang,Bentong,primary,both,2024-06-30,913
Pahang,Bentong,primary,both,2025-06-30,904
Pahang,Bentong,primary,female,2017-01-01,617
Pahang,Bentong,primary,female,2018-01-01,681
Pahang,Bentong,primary,female,2019-01-01,662
Pahang,Bentong,primary,female,2020-01-01,671
Pahang,Bentong,primary,female,2021-01-01,663
Pahang,Bentong,primary,female,2022-01-01,678
Pahang,Bentong,primary,female,2023-06-30,671
Pahang,Bentong,primary,female,2024-06-30,681
Pahang,Bentong,primary,female,2025-06-30,674
Pahang,Bentong,primary,male,2017-01-01,264
Pahang,Bentong,primary,male,2018-01-01,257
Pahang,Bentong,primary,male,2019-01-01,250
Pahang,Bentong,primary,male,2020-01-01,254
Pahang,Bentong,primary,male,2021-01-01,243
Pahang,Bentong,primary,male,2022-01-01,245
Pahang,Bentong,primary,male,2023-06-30,234
Pahang,Bentong,primary,male,2024-06-30,232
Pahang,Bentong,primary,male,2025-06-30,230
Pahang,Bentong,secondary,both,2017-01-01,965
Pahang,Bentong,secondary,both,2018-01-01,998
Pahang,Bentong,secondary,both,2019-01-01,972
Pahang,Bentong,secondary,both,2020-01-01,984
Pahang,Bentong,secondary,both,2021-01-01,938
Pahang,Bentong,secondary,both,2022-01-01,959
Pahang,Bentong,secondary,both,2023-06-30,943
Pahang,Bentong,secondary,both,2024-06-30,958
Pahang,Bentong,secondary,both,2025-06-30,949
Pahang,Bentong,secondary,female,2017-01-01,632
Pahang,Bentong,secondary,female,2018-01-01,644
Pahang,Bentong,secondary,female,2019-01-01,633
Pahang,Bentong,secondary,female,2020-01-01,649
Pahang,Bentong,secondary,female,2021-01-01,624
Pahang,Bentong,secondary,female,2022-01-01,646
Pahang,Bentong,secondary,female,2023-06-30,632
Pahang,Bentong,secondary,female,2024-06-30,647
Pahang,Bentong,secondary,female,2025-06-30,645
Pahang,Bentong,secondary,male,2017-01-01,333
Pahang,Bentong,secondary,male,2018-01-01,354
Pahang,Bentong,secondary,male,2019-01-01,339
Pahang,Bentong,secondary,male,2020-01-01,335
Pahang,Bentong,secondary,male,2021-01-01,314
Pahang,Bentong,secondary,male,2022-01-01,313
Pahang,Bentong,secondary,male,2023-06-30,311
Pahang,Bentong,secondary,male,2024-06-30,311
Pahang,Bentong,secondary,male,2025-06-30,304
Pahang,Bera,primary,both,2017-01-01,860
Pahang,Bera,primary,both,2018-01-01,971
Pahang,Bera,primary,both,2019-01-01,956
Pahang,Bera,primary,both,2020-01-01,942
Pahang,Bera,primary,both,2021-01-01,931
Pahang,Bera,primary,both,2022-01-01,939
Pahang,Bera,primary,both,2023-06-30,919
Pahang,Bera,primary,both,2024-06-30,906
Pahang,Bera,primary,both,2025-06-30,917
Pahang,Bera,primary,female,2017-01-01,561
Pahang,Bera,primary,female,2018-01-01,642
Pahang,Bera,primary,female,2019-01-01,640
Pahang,Bera,primary,female,2020-01-01,627
Pahang,Bera,primary,female,2021-01-01,626
Pahang,Bera,primary,female,2022-01-01,638
Pahang,Bera,primary,female,2023-06-30,617
Pahang,Bera,primary,female,2024-06-30,612
Pahang,Bera,primary,female,2025-06-30,628
Pahang,Bera,primary,male,2017-01-01,299
Pahang,Bera,primary,male,2018-01-01,329
Pahang,Bera,primary,male,2019-01-01,316
Pahang,Bera,primary,male,2020-01-01,315
Pahang,Bera,primary,male,2021-01-01,305
Pahang,Bera,primary,male,2022-01-01,301
Pahang,Bera,primary,male,2023-06-30,302
Pahang,Bera,primary,male,2024-06-30,294
Pahang,Bera,primary,male,2025-06-30,289
Pahang,Bera,secondary,both,2017-01-01,575
Pahang,Bera,secondary,both,2018-01-01,567
Pahang,Bera,secondary,both,2019-01-01,572
Pahang,Bera,secondary,both,2020-01-01,561
Pahang,Bera,secondary,both,2021-01-01,555
Pahang,Bera,secondary,both,2022-01-01,576
Pahang,Bera,secondary,both,2023-06-30,564
Pahang,Bera,secondary,both,2024-06-30,570
Pahang,Bera,secondary,both,2025-06-30,565
Pahang,Bera,secondary,female,2017-01-01,361
Pahang,Bera,secondary,female,2018-01-01,367
Pahang,Bera,secondary,female,2019-01-01,372
Pahang,Bera,secondary,female,2020-01-01,366
Pahang,Bera,secondary,female,2021-01-01,364
Pahang,Bera,secondary,female,2022-01-01,382
Pahang,Bera,secondary,female,2023-06-30,380
Pahang,Bera,secondary,female,2024-06-30,389
Pahang,Bera,secondary,female,2025-06-30,387
Pahang,Bera,secondary,male,2017-01-01,214
Pahang,Bera,secondary,male,2018-01-01,200
Pahang,Bera,secondary,male,2019-01-01,200
Pahang,Bera,secondary,male,2020-01-01,195
Pahang,Bera,secondary,male,2021-01-01,191
Pahang,Bera,secondary,male,2022-01-01,194
Pahang,Bera,secondary,male,2023-06-30,184
Pahang,Bera,secondary,male,2024-06-30,181
Pahang,Bera,secondary,male,2025-06-30,178
Pahang,Cameron Highlands,primary,both,2017-01-01,392
Pahang,Cameron Highlands,primary,both,2018-01-01,420
Pahang,Cameron Highlands,primary,both,2019-01-01,390
Pahang,Cameron Highlands,primary,both,2020-01-01,405
Pahang,Cameron Highlands,primary,both,2021-01-01,405
Pahang,Cameron Highlands,primary,both,2022-01-01,415
Pahang,Cameron Highlands,primary,both,2023-06-30,412
Pahang,Cameron Highlands,primary,both,2024-06-30,416
Pahang,Cameron Highlands,primary,both,2025-06-30,419
Pahang,Cameron Highlands,primary,female,2017-01-01,272
Pahang,Cameron Highlands,primary,female,2018-01-01,294
Pahang,Cameron Highlands,primary,female,2019-01-01,275
Pahang,Cameron Highlands,primary,female,2020-01-01,281
Pahang,Cameron Highlands,primary,female,2021-01-01,281
Pahang,Cameron Highlands,primary,female,2022-01-01,298
Pahang,Cameron Highlands,primary,female,2023-06-30,298
Pahang,Cameron Highlands,primary,female,2024-06-30,300
Pahang,Cameron Highlands,primary,female,2025-06-30,297
Pahang,Cameron Highlands,primary,male,2017-01-01,120
Pahang,Cameron Highlands,primary,male,2018-01-01,126
Pahang,Cameron Highlands,primary,male,2019-01-01,115
Pahang,Cameron Highlands,primary,male,2020-01-01,124
Pahang,Cameron Highlands,primary,male,2021-01-01,124
Pahang,Cameron Highlands,primary,male,2022-01-01,117
Pahang,Cameron Highlands,primary,male,2023-06-30,114
Pahang,Cameron Highlands,primary,male,2024-06-30,116
Pahang,Cameron Highlands,primary,male,2025-06-30,122
Pahang,Cameron Highlands,secondary,both,2017-01-01,200
Pahang,Cameron Highlands,secondary,both,2018-01-01,206
Pahang,Cameron Highlands,secondary,both,2019-01-01,204
Pahang,Cameron Highlands,secondary,both,2020-01-01,205
Pahang,Cameron Highlands,secondary,both,2021-01-01,206
Pahang,Cameron Highlands,secondary,both,2022-01-01,205
Pahang,Cameron Highlands,secondary,both,2023-06-30,206
Pahang,Cameron Highlands,secondary,both,2024-06-30,199
Pahang,Cameron Highlands,secondary,both,2025-06-30,191
Pahang,Cameron Highlands,secondary,female,2017-01-01,132
Pahang,Cameron Highlands,secondary,female,2018-01-01,139
Pahang,Cameron Highlands,secondary,female,2019-01-01,140
Pahang,Cameron Highlands,secondary,female,2020-01-01,147
Pahang,Cameron Highlands,secondary,female,2021-01-01,149
Pahang,Cameron Highlands,secondary,female,2022-01-01,149
Pahang,Cameron Highlands,secondary,female,2023-06-30,151
Pahang,Cameron Highlands,secondary,female,2024-06-30,144
Pahang,Cameron Highlands,secondary,female,2025-06-30,136
Pahang,Cameron Highlands,secondary,male,2017-01-01,68
Pahang,Cameron Highlands,secondary,male,2018-01-01,67
Pahang,Cameron Highlands,secondary,male,2019-01-01,64
Pahang,Cameron Highlands,secondary,male,2020-01-01,58
Pahang,Cameron Highlands,secondary,male,2021-01-01,57
Pahang,Cameron Highlands,secondary,male,2022-01-01,56
Pahang,Cameron Highlands,secondary,male,2023-06-30,55
Pahang,Cameron Highlands,secondary,male,2024-06-30,55
Pahang,Cameron Highlands,secondary,male,2025-06-30,55
Pahang,Jerantut,primary,both,2017-01-01,1070
Pahang,Jerantut,primary,both,2018-01-01,1086
Pahang,Jerantut,primary,both,2019-01-01,1077
Pahang,Jerantut,primary,both,2020-01-01,1068
Pahang,Jerantut,primary,both,2021-01-01,1059
Pahang,Jerantut,primary,both,2022-01-01,1063
Pahang,Jerantut,primary,both,2023-06-30,1087
Pahang,Jerantut,primary,both,2024-06-30,1083
Pahang,Jerantut,primary,both,2025-06-30,1079
Pahang,Jerantut,primary,female,2017-01-01,641
Pahang,Jerantut,primary,female,2018-01-01,672
Pahang,Jerantut,primary,female,2019-01-01,672
Pahang,Jerantut,primary,female,2020-01-01,663
Pahang,Jerantut,primary,female,2021-01-01,657
Pahang,Jerantut,primary,female,2022-01-01,664
Pahang,Jerantut,primary,female,2023-06-30,681
Pahang,Jerantut,primary,female,2024-06-30,686
Pahang,Jerantut,primary,female,2025-06-30,694
Pahang,Jerantut,primary,male,2017-01-01,429
Pahang,Jerantut,primary,male,2018-01-01,414
Pahang,Jerantut,primary,male,2019-01-01,405
Pahang,Jerantut,primary,male,2020-01-01,405
Pahang,Jerantut,primary,male,2021-01-01,402
Pahang,Jerantut,primary,male,2022-01-01,399
Pahang,Jerantut,primary,male,2023-06-30,406
Pahang,Jerantut,primary,male,2024-06-30,397
Pahang,Jerantut,primary,male,2025-06-30,385
Pahang,Jerantut,secondary,both,2017-01-01,826
Pahang,Jerantut,secondary,both,2018-01-01,775
Pahang,Jerantut,secondary,both,2019-01-01,759
Pahang,Jerantut,secondary,both,2020-01-01,759
Pahang,Jerantut,secondary,both,2021-01-01,743
Pahang,Jerantut,secondary,both,2022-01-01,795
Pahang,Jerantut,secondary,both,2023-06-30,786
Pahang,Jerantut,secondary,both,2024-06-30,773
Pahang,Jerantut,secondary,both,2025-06-30,775
Pahang,Jerantut,secondary,female,2017-01-01,480
Pahang,Jerantut,secondary,female,2018-01-01,456
Pahang,Jerantut,secondary,female,2019-01-01,447
Pahang,Jerantut,secondary,female,2020-01-01,460
Pahang,Jerantut,secondary,female,2021-01-01,456
Pahang,Jerantut,secondary,female,2022-01-01,492
Pahang,Jerantut,secondary,female,2023-06-30,505
Pahang,Jerantut,secondary,female,2024-06-30,511
Pahang,Jerantut,secondary,female,2025-06-30,521
Pahang,Jerantut,secondary,male,2017-01-01,346
Pahang,Jerantut,secondary,male,2018-01-01,319
Pahang,Jerantut,secondary,male,2019-01-01,312
Pahang,Jerantut,secondary,male,2020-01-01,299
Pahang,Jerantut,secondary,male,2021-01-01,287
Pahang,Jerantut,secondary,male,2022-01-01,303
Pahang,Jerantut,secondary,male,2023-06-30,281
Pahang,Jerantut,secondary,male,2024-06-30,262
Pahang,Jerantut,secondary,male,2025-06-30,254
Pahang,Kuala Lipis,primary,both,2018-01-01,1074
Pahang,Kuala Lipis,primary,both,2019-01-01,1056
Pahang,Kuala Lipis,primary,both,2020-01-01,1039
Pahang,Kuala Lipis,primary,both,2021-01-01,1033
Pahang,Kuala Lipis,primary,both,2022-01-01,1036
Pahang,Kuala Lipis,primary,female,2018-01-01,680
Pahang,Kuala Lipis,primary,female,2019-01-01,666
Pahang,Kuala Lipis,primary,female,2020-01-01,655
Pahang,Kuala Lipis,primary,female,2021-01-01,653
Pahang,Kuala Lipis,primary,female,2022-01-01,668
Pahang,Kuala Lipis,primary,male,2018-01-01,394
Pahang,Kuala Lipis,primary,male,2019-01-01,390
Pahang,Kuala Lipis,primary,male,2020-01-01,384
Pahang,Kuala Lipis,primary,male,2021-01-01,380
Pahang,Kuala Lipis,primary,male,2022-01-01,368
Pahang,Kuala Lipis,secondary,both,2018-01-01,777
Pahang,Kuala Lipis,secondary,both,2019-01-01,785
Pahang,Kuala Lipis,secondary,both,2020-01-01,797
Pahang,Kuala Lipis,secondary,both,2021-01-01,773
Pahang,Kuala Lipis,secondary,both,2022-01-01,769
Pahang,Kuala Lipis,secondary,female,2018-01-01,487
Pahang,Kuala Lipis,secondary,female,2019-01-01,492
Pahang,Kuala Lipis,secondary,female,2020-01-01,507
Pahang,Kuala Lipis,secondary,female,2021-01-01,496
Pahang,Kuala Lipis,secondary,female,2022-01-01,501
Pahang,Kuala Lipis,secondary,male,2018-01-01,290
Pahang,Kuala Lipis,secondary,male,2019-01-01,293
Pahang,Kuala Lipis,secondary,male,2020-01-01,290
Pahang,Kuala Lipis,secondary,male,2021-01-01,277
Pahang,Kuala Lipis,secondary,male,2022-01-01,268
Pahang,Kuantan,primary,both,2017-01-01,3623
Pahang,Kuantan,primary,both,2018-01-01,3867
Pahang,Kuantan,primary,both,2019-01-01,3855
Pahang,Kuantan,primary,both,2020-01-01,3867
Pahang,Kuantan,primary,both,2021-01-01,3907
Pahang,Kuantan,primary,both,2022-01-01,3975
Pahang,Kuantan,primary,both,2023-06-30,3900
Pahang,Kuantan,primary,both,2024-06-30,3896
Pahang,Kuantan,primary,both,2025-06-30,3896
Pahang,Kuantan,primary,female,2017-01-01,2762
Pahang,Kuantan,primary,female,2018-01-01,2964
Pahang,Kuantan,primary,female,2019-01-01,2948
Pahang,Kuantan,primary,female,2020-01-01,2939
Pahang,Kuantan,primary,female,2021-01-01,2959
Pahang,Kuantan,primary,female,2022-01-01,2992
Pahang,Kuantan,primary,female,2023-06-30,2944
Pahang,Kuantan,primary,female,2024-06-30,2944
Pahang,Kuantan,primary,female,2025-06-30,2934
Pahang,Kuantan,primary,male,2017-01-01,861
Pahang,Kuantan,primary,male,2018-01-01,903
Pahang,Kuantan,primary,male,2019-01-01,907
Pahang,Kuantan,primary,male,2020-01-01,928
Pahang,Kuantan,primary,male,2021-01-01,948
Pahang,Kuantan,primary,male,2022-01-01,983
Pahang,Kuantan,primary,male,2023-06-30,956
Pahang,Kuantan,primary,male,2024-06-30,952
Pahang,Kuantan,primary,male,2025-06-30,962
Pahang,Kuantan,secondary,both,2017-01-01,3145
Pahang,Kuantan,secondary,both,2018-01-01,3223
Pahang,Kuantan,secondary,both,2019-01-01,3227
Pahang,Kuantan,secondary,both,2020-01-01,3176
Pahang,Kuantan,secondary,both,2021-01-01,3185
Pahang,Kuantan,secondary,both,2022-01-01,3296
Pahang,Kuantan,secondary,both,2023-06-30,3219
Pahang,Kuantan,secondary,both,2024-06-30,3222
Pahang,Kuantan,secondary,both,2025-06-30,3238
Pahang,Kuantan,secondary,female,2017-01-01,2420
Pahang,Kuantan,secondary,female,2018-01-01,2462
Pahang,Kuantan,secondary,female,2019-01-01,2469
Pahang,Kuantan,secondary,female,2020-01-01,2438
Pahang,Kuantan,secondary,female,2021-01-01,2450
Pahang,Kuantan,secondary,female,2022-01-01,2539
Pahang,Kuantan,secondary,female,2023-06-30,2495
Pahang,Kuantan,secondary,female,2024-06-30,2516
Pahang,Kuantan,secondary,female,2025-06-30,2542
Pahang,Kuantan,secondary,male,2017-01-01,725
Pahang,Kuantan,secondary,male,2018-01-01,761
Pahang,Kuantan,secondary,male,2019-01-01,758
Pahang,Kuantan,secondary,male,2020-01-01,738
Pahang,Kuantan,secondary,male,2021-01-01,735
Pahang,Kuantan,secondary,male,2022-01-01,757
Pahang,Kuantan,secondary,male,2023-06-30,724
Pahang,Kuantan,secondary,male,2024-06-30,706
Pahang,Kuantan,secondary,male,2025-06-30,696
Pahang,Lipis,primary,both,2017-01-01,1003
Pahang,Lipis,primary,both,2023-06-30,974
Pahang,Lipis,primary,both,2024-06-30,972
Pahang,Lipis,primary,both,2025-06-30,968
Pahang,Lipis,primary,female,2017-01-01,616
Pahang,Lipis,primary,female,2023-06-30,639
Pahang,Lipis,primary,female,2024-06-30,641
Pahang,Lipis,primary,female,2025-06-30,640
Pahang,Lipis,primary,male,2017-01-01,387
Pahang,Lipis,primary,male,2023-06-30,335
Pahang,Lipis,primary,male,2024-06-30,331
Pahang,Lipis,primary,male,2025-06-30,328
Pahang,Lipis,secondary,both,2017-01-01,708
Pahang,Lipis,secondary,both,2023-06-30,786
Pahang,Lipis,secondary,both,2024-06-30,794
Pahang,Lipis,secondary,both,2025-06-30,795
Pahang,Lipis,secondary,female,2017-01-01,450
Pahang,Lipis,secondary,female,2023-06-30,518
Pahang,Lipis,secondary,female,2024-06-30,526
Pahang,Lipis,secondary,female,2025-06-30,530
Pahang,Lipis,secondary,male,2017-01-01,258
Pahang,Lipis,secondary,male,2023-06-30,268
Pahang,Lipis,secondary,male,2024-06-30,268
Pahang,Lipis,secondary,male,2025-06-30,265
Pahang,Maran,primary,both,2017-01-01,1158
Pahang,Maran,primary,both,2018-01-01,1230
Pahang,Maran,primary,both,2019-01-01,1218
Pahang,Maran,primary,both,2020-01-01,1191
Pahang,Maran,primary,both,2021-01-01,1182
Pahang,Maran,primary,both,2022-01-01,1195
Pahang,Maran,primary,both,2023-06-30,1164
Pahang,Maran,primary,both,2024-06-30,1168
Pahang,Maran,primary,both,2025-06-30,1150
Pahang,Maran,primary,female,2017-01-01,691
Pahang,Maran,primary,female,2018-01-01,775
Pahang,Maran,primary,female,2019-01-01,770
Pahang,Maran,primary,female,2020-01-01,759
Pahang,Maran,primary,female,2021-01-01,757
Pahang,Maran,primary,female,2022-01-01,771
Pahang,Maran,primary,female,2023-06-30,760
Pahang,Maran,primary,female,2024-06-30,768
Pahang,Maran,primary,female,2025-06-30,758
Pahang,Maran,primary,male,2017-01-01,467
Pahang,Maran,primary,male,2018-01-01,455
Pahang,Maran,primary,male,2019-01-01,448
Pahang,Maran,primary,male,2020-01-01,432
Pahang,Maran,primary,male,2021-01-01,425
Pahang,Maran,primary,male,2022-01-01,424
Pahang,Maran,primary,male,2023-06-30,404
Pahang,Maran,primary,male,2024-06-30,400
Pahang,Maran,primary,male,2025-06-30,392
Pahang,Maran,secondary,both,2017-01-01,936
Pahang,Maran,secondary,both,2018-01-01,979
Pahang,Maran,secondary,both,2019-01-01,967
Pahang,Maran,secondary,both,2020-01-01,959
Pahang,Maran,secondary,both,2021-01-01,940
Pahang,Maran,secondary,both,2022-01-01,982
Pahang,Maran,secondary,both,2023-06-30,961
Pahang,Maran,secondary,both,2024-06-30,964
Pahang,Maran,secondary,both,2025-06-30,947
Pahang,Maran,secondary,female,2017-01-01,579
Pahang,Maran,secondary,female,2018-01-01,619
Pahang,Maran,secondary,female,2019-01-01,612
Pahang,Maran,secondary,female,2020-01-01,625
Pahang,Maran,secondary,female,2021-01-01,615
Pahang,Maran,secondary,female,2022-01-01,665
Pahang,Maran,secondary,female,2023-06-30,650
Pahang,Maran,secondary,female,2024-06-30,671
Pahang,Maran,secondary,female,2025-06-30,662
Pahang,Maran,secondary,male,2017-01-01,357
Pahang,Maran,secondary,male,2018-01-01,360
Pahang,Maran,secondary,male,2019-01-01,355
Pahang,Maran,secondary,male,2020-01-01,334
Pahang,Maran,secondary,male,2021-01-01,325
Pahang,Maran,secondary,male,2022-01-01,317
Pahang,Maran,secondary,male,2023-06-30,311
Pahang,Maran,secondary,male,2024-06-30,293
Pahang,Maran,secondary,male,2025-06-30,285
Pahang,Pekan,primary,both,2017-01-01,1269
Pahang,Pekan,primary,both,2018-01-01,1344
Pahang,Pekan,primary,both,2019-01-01,1301
Pahang,Pekan,primary,both,2020-01-01,1322
Pahang,Pekan,primary,both,2021-01-01,1272
Pahang,Pekan,primary,both,2022-01-01,1267
Pahang,Pekan,primary,both,2023-06-30,1239
Pahang,Pekan,primary,both,2024-06-30,1250
Pahang,Pekan,primary,both,2025-06-30,1251
Pahang,Pekan,primary,female,2017-01-01,820
Pahang,Pekan,primary,female,2018-01-01,916
Pahang,Pekan,primary,female,2019-01-01,882
Pahang,Pekan,primary,female,2020-01-01,893
Pahang,Pekan,primary,female,2021-01-01,866
Pahang,Pekan,primary,female,2022-01-01,876
Pahang,Pekan,primary,female,2023-06-30,854
Pahang,Pekan,primary,female,2024-06-30,862
Pahang,Pekan,primary,female,2025-06-30,875
Pahang,Pekan,primary,male,2017-01-01,449
Pahang,Pekan,primary,male,2018-01-01,428
Pahang,Pekan,primary,male,2019-01-01,419
Pahang,Pekan,primary,male,2020-01-01,429
Pahang,Pekan,primary,male,2021-01-01,406
Pahang,Pekan,primary,male,2022-01-01,391
Pahang,Pekan,primary,male,2023-06-30,385
Pahang,Pekan,primary,male,2024-06-30,388
Pahang,Pekan,primary,male,2025-06-30,376
Pahang,Pekan,secondary,both,2017-01-01,942
Pahang,Pekan,secondary,both,2018-01-01,935
Pahang,Pekan,secondary,both,2019-01-01,922
Pahang,Pekan,secondary,both,2020-01-01,913
Pahang,Pekan,secondary,both,2021-01-01,879
Pahang,Pekan,secondary,both,2022-01-01,889
Pahang,Pekan,secondary,both,2023-06-30,878
Pahang,Pekan,secondary,both,2024-06-30,882
Pahang,Pekan,secondary,both,2025-06-30,878
Pahang,Pekan,secondary,female,2017-01-01,606
Pahang,Pekan,secondary,female,2018-01-01,606
Pahang,Pekan,secondary,female,2019-01-01,601
Pahang,Pekan,secondary,female,2020-01-01,601
Pahang,Pekan,secondary,female,2021-01-01,580
Pahang,Pekan,secondary,female,2022-01-01,600
Pahang,Pekan,secondary,female,2023-06-30,600
Pahang,Pekan,secondary,female,2024-06-30,623
Pahang,Pekan,secondary,female,2025-06-30,631
Pahang,Pekan,secondary,male,2017-01-01,336
Pahang,Pekan,secondary,male,2018-01-01,329
Pahang,Pekan,secondary,male,2019-01-01,321
Pahang,Pekan,secondary,male,2020-01-01,312
Pahang,Pekan,secondary,male,2021-01-01,299
Pahang,Pekan,secondary,male,2022-01-01,289
Pahang,Pekan,secondary,male,2023-06-30,278
Pahang,Pekan,secondary,male,2024-06-30,259
Pahang,Pekan,secondary,male,2025-06-30,247
Pahang,Raub,primary,both,2017-01-01,852
Pahang,Raub,primary,both,2018-01-01,880
Pahang,Raub,primary,both,2019-01-01,866
Pahang,Raub,primary,both,2020-01-01,860
Pahang,Raub,primary,both,2021-01-01,856
Pahang,Raub,primary,both,2022-01-01,839
Pahang,Raub,primary,both,2023-06-30,848
Pahang,Raub,primary,both,2024-06-30,850
Pahang,Raub,primary,both,2025-06-30,861
Pahang,Raub,primary,female,2017-01-01,571
Pahang,Raub,primary,female,2018-01-01,614
Pahang,Raub,primary,female,2019-01-01,608
Pahang,Raub,primary,female,2020-01-01,605
Pahang,Raub,primary,female,2021-01-01,601
Pahang,Raub,primary,female,2022-01-01,587
Pahang,Raub,primary,female,2023-06-30,593
Pahang,Raub,primary,female,2024-06-30,599
Pahang,Raub,primary,female,2025-06-30,608
Pahang,Raub,primary,male,2017-01-01,281
Pahang,Raub,primary,male,2018-01-01,266
Pahang,Raub,primary,male,2019-01-01,258
Pahang,Raub,primary,male,2020-01-01,255
Pahang,Raub,primary,male,2021-01-01,255
Pahang,Raub,primary,male,2022-01-01,252
Pahang,Raub,primary,male,2023-06-30,255
Pahang,Raub,primary,male,2024-06-30,251
Pahang,Raub,primary,male,2025-06-30,253
Pahang,Raub,secondary,both,2017-01-01,653
Pahang,Raub,secondary,both,2018-01-01,651
Pahang,Raub,secondary,both,2019-01-01,634
Pahang,Raub,secondary,both,2020-01-01,635
Pahang,Raub,secondary,both,2021-01-01,639
Pahang,Raub,secondary,both,2022-01-01,659
Pahang,Raub,secondary,both,2023-06-30,633
Pahang,Raub,secondary,both,2024-06-30,625
Pahang,Raub,secondary,both,2025-06-30,622
Pahang,Raub,secondary,female,2017-01-01,422
Pahang,Raub,secondary,female,2018-01-01,428
Pahang,Raub,secondary,female,2019-01-01,424
Pahang,Raub,secondary,female,2020-01-01,424
Pahang,Raub,secondary,female,2021-01-01,430
Pahang,Raub,secondary,female,2022-01-01,445
Pahang,Raub,secondary,female,2023-06-30,432
Pahang,Raub,secondary,female,2024-06-30,425
Pahang,Raub,secondary,female,2025-06-30,427
Pahang,Raub,secondary,male,2017-01-01,231
Pahang,Raub,secondary,male,2018-01-01,223
Pahang,Raub,secondary,male,2019-01-01,210
Pahang,Raub,secondary,male,2020-01-01,211
Pahang,Raub,secondary,male,2021-01-01,209
Pahang,Raub,secondary,male,2022-01-01,214
Pahang,Raub,secondary,male,2023-06-30,201
Pahang,Raub,secondary,male,2024-06-30,200
Pahang,Raub,secondary,male,2025-06-30,195
Pahang,Rompin,primary,both,2017-01-01,1087
Pahang,Rompin,primary,both,2018-01-01,1230
Pahang,Rompin,primary,both,2019-01-01,1190
Pahang,Rompin,primary,both,2020-01-01,1182
Pahang,Rompin,primary,both,2021-01-01,1166
Pahang,Rompin,primary,both,2022-01-01,1187
Pahang,Rompin,primary,both,2023-06-30,1162
Pahang,Rompin,primary,both,2024-06-30,1152
Pahang,Rompin,primary,both,2025-06-30,1159
Pahang,Rompin,primary,female,2017-01-01,628
Pahang,Rompin,primary,female,2018-01-01,725
Pahang,Rompin,primary,female,2019-01-01,704
Pahang,Rompin,primary,female,2020-01-01,704
Pahang,Rompin,primary,female,2021-01-01,698
Pahang,Rompin,primary,female,2022-01-01,721
Pahang,Rompin,primary,female,2023-06-30,713
Pahang,Rompin,primary,female,2024-06-30,715
Pahang,Rompin,primary,female,2025-06-30,731
Pahang,Rompin,primary,male,2017-01-01,459
Pahang,Rompin,primary,male,2018-01-01,505
Pahang,Rompin,primary,male,2019-01-01,486
Pahang,Rompin,primary,male,2020-01-01,478
Pahang,Rompin,primary,male,2021-01-01,468
Pahang,Rompin,primary,male,2022-01-01,466
Pahang,Rompin,primary,male,2023-06-30,449
Pahang,Rompin,primary,male,2024-06-30,437
Pahang,Rompin,primary,male,2025-06-30,428
Pahang,Rompin,secondary,both,2017-01-01,1033
Pahang,Rompin,secondary,both,2018-01-01,1052
Pahang,Rompin,secondary,both,2019-01-01,1061
Pahang,Rompin,secondary,both,2020-01-01,1057
Pahang,Rompin,secondary,both,2021-01-01,1031
Pahang,Rompin,secondary,both,2022-01-01,1079
Pahang,Rompin,secondary,both,2023-06-30,1047
Pahang,Rompin,secondary,both,2024-06-30,1070
Pahang,Rompin,secondary,both,2025-06-30,1069
Pahang,Rompin,secondary,female,2017-01-01,612
Pahang,Rompin,secondary,female,2018-01-01,633
Pahang,Rompin,secondary,female,2019-01-01,640
Pahang,Rompin,secondary,female,2020-01-01,651
Pahang,Rompin,secondary,female,2021-01-01,636
Pahang,Rompin,secondary,female,2022-01-01,681
Pahang,Rompin,secondary,female,2023-06-30,675
Pahang,Rompin,secondary,female,2024-06-30,700
Pahang,Rompin,secondary,female,2025-06-30,711
Pahang,Rompin,secondary,male,2017-01-01,421
Pahang,Rompin,secondary,male,2018-01-01,419
Pahang,Rompin,secondary,male,2019-01-01,421
Pahang,Rompin,secondary,male,2020-01-01,406
Pahang,Rompin,secondary,male,2021-01-01,395
Pahang,Rompin,secondary,male,2022-01-01,398
Pahang,Rompin,secondary,male,2023-06-30,372
Pahang,Rompin,secondary,male,2024-06-30,370
Pahang,Rompin,secondary,male,2025-06-30,358
Pahang,Temerloh,primary,both,2017-01-01,1658
Pahang,Temerloh,primary,both,2018-01-01,1684
Pahang,Temerloh,primary,both,2019-01-01,1669
Pahang,Temerloh,primary,both,2020-01-01,1655
Pahang,Temerloh,primary,both,2021-01-01,1623
Pahang,Temerloh,primary,both,2022-01-01,1640
Pahang,Temerloh,primary,both,2023-06-30,1614
Pahang,Temerloh,primary,both,2024-06-30,1586
Pahang,Temerloh,primary,both,2025-06-30,1592
Pahang,Temerloh,primary,female,2017-01-01,1157
Pahang,Temerloh,primary,female,2018-01-01,1198
Pahang,Temerloh,primary,female,2019-01-01,1183
Pahang,Temerloh,primary,female,2020-01-01,1170
Pahang,Temerloh,primary,female,2021-01-01,1149
Pahang,Temerloh,primary,female,2022-01-01,1154
Pahang,Temerloh,primary,female,2023-06-30,1133
Pahang,Temerloh,primary,female,2024-06-30,1111
Pahang,Temerloh,primary,female,2025-06-30,1118
Pahang,Temerloh,primary,male,2017-01-01,501
Pahang,Temerloh,primary,male,2018-01-01,486
Pahang,Temerloh,primary,male,2019-01-01,486
Pahang,Temerloh,primary,male,2020-01-01,485
Pahang,Temerloh,primary,male,2021-01-01,474
Pahang,Temerloh,primary,male,2022-01-01,486
Pahang,Temerloh,primary,male,2023-06-30,481
Pahang,Temerloh,primary,male,2024-06-30,475
Pahang,Temerloh,primary,male,2025-06-30,474
Pahang,Temerloh,secondary,both,2017-01-01,1334
Pahang,Temerloh,secondary,both,2018-01-01,1349
Pahang,Temerloh,secondary,both,2019-01-01,1345
Pahang,Temerloh,secondary,both,2020-01-01,1323
Pahang,Temerloh,secondary,both,2021-01-01,1289
Pahang,Temerloh,secondary,both,2022-01-01,1353
Pahang,Temerloh,secondary,both,2023-06-30,1315
Pahang,Temerloh,secondary,both,2024-06-30,1327
Pahang,Temerloh,secondary,both,2025-06-30,1316
Pahang,Temerloh,secondary,female,2017-01-01,864
Pahang,Temerloh,secondary,female,2018-01-01,886
Pahang,Temerloh,secondary,female,2019-01-01,881
Pahang,Temerloh,secondary,female,2020-01-01,879
Pahang,Temerloh,secondary,female,2021-01-01,859
Pahang,Temerloh,secondary,female,2022-01-01,935
Pahang,Temerloh,secondary,female,2023-06-30,924
Pahang,Temerloh,secondary,female,2024-06-30,928
Pahang,Temerloh,secondary,female,2025-06-30,925
Pahang,Temerloh,secondary,male,2017-01-01,470
Pahang,Temerloh,secondary,male,2018-01-01,463
Pahang,Temerloh,secondary,male,2019-01-01,464
Pahang,Temerloh,secondary,male,2020-01-01,444
Pahang,Temerloh,secondary,male,2021-01-01,430
Pahang,Temerloh,secondary,male,2022-01-01,418
Pahang,Temerloh,secondary,male,2023-06-30,391
Pahang,Temerloh,secondary,male,2024-06-30,399
Pahang,Temerloh,secondary,male,2025-06-30,391
Perak,All Districts,primary,both,2017-01-01,20943
Perak,All Districts,primary,both,2018-01-01,21402
Perak,All Districts,primary,both,2019-01-01,20883
Perak,All Districts,primary,both,2020-01-01,20832
Perak,All Districts,primary,both,2021-01-01,20511
Perak,All Districts,primary,both,2022-01-01,20830
Perak,All Districts,primary,both,2023-06-30,20390
Perak,All Districts,primary,both,2024-06-30,20672
Perak,All Districts,primary,both,2025-06-30,20721
Perak,All Districts,primary,female,2017-01-01,14979
Perak,All Districts,primary,female,2018-01-01,15480
Perak,All Districts,primary,female,2019-01-01,15043
Perak,All Districts,primary,female,2020-01-01,14994
Perak,All Districts,primary,female,2021-01-01,14767
Perak,All Districts,primary,female,2022-01-01,14964
Perak,All Districts,primary,female,2023-06-30,14664
Perak,All Districts,primary,female,2024-06-30,14861
Perak,All Districts,primary,female,2025-06-30,14893
Perak,All Districts,primary,male,2017-01-01,5964
Perak,All Districts,primary,male,2018-01-01,5922
Perak,All Districts,primary,male,2019-01-01,5840
Perak,All Districts,primary,male,2020-01-01,5838
Perak,All Districts,primary,male,2021-01-01,5744
Perak,All Districts,primary,male,2022-01-01,5866
Perak,All Districts,primary,male,2023-06-30,5726
Perak,All Districts,primary,male,2024-06-30,5811
Perak,All Districts,primary,male,2025-06-30,5828
Perak,All Districts,secondary,both,2017-01-01,17958
Perak,All Districts,secondary,both,2018-01-01,17889
Perak,All Districts,secondary,both,2019-01-01,17637
Perak,All Districts,secondary,both,2020-01-01,17387
Perak,All Districts,secondary,both,2021-01-01,16939
Perak,All Districts,secondary,both,2022-01-01,17333
Perak,All Districts,secondary,both,2023-06-30,16893
Perak,All Districts,secondary,both,2024-06-30,17013
Perak,All Districts,secondary,both,2025-06-30,16964
Perak,All Districts,secondary,female,2017-01-01,12141
Perak,All Districts,secondary,female,2018-01-01,12209
Perak,All Districts,secondary,female,2019-01-01,12125
Perak,All Districts,secondary,female,2020-01-01,12032
Perak,All Districts,secondary,female,2021-01-01,11815
Perak,All Districts,secondary,female,2022-01-01,12156
Perak,All Districts,secondary,female,2023-06-30,11905
Perak,All Districts,secondary,female,2024-06-30,12099
Perak,All Districts,secondary,female,2025-06-30,12164
Perak,All Districts,secondary,male,2017-01-01,5817
Perak,All Districts,secondary,male,2018-01-01,5680
Perak,All Districts,secondary,male,2019-01-01,5512
Perak,All Districts,secondary,male,2020-01-01,5355
Perak,All Districts,secondary,male,2021-01-01,5124
Perak,All Districts,secondary,male,2022-01-01,5177
Perak,All Districts,secondary,male,2023-06-30,4988
Perak,All Districts,secondary,male,2024-06-30,4914
Perak,All Districts,secondary,male,2025-06-30,4800
Perak,Bagan Datuk,primary,both,2018-01-01,896
Perak,Bagan Datuk,primary,both,2019-01-01,850
Perak,Bagan Datuk,primary,both,2020-01-01,860
Perak,Bagan Datuk,primary,both,2021-01-01,831
Perak,Bagan Datuk,primary,both,2022-01-01,843
Perak,Bagan Datuk,primary,both,2023-06-30,825
Perak,Bagan Datuk,primary,both,2024-06-30,828
Perak,Bagan Datuk,primary,both,2025-06-30,840
Perak,Bagan Datuk,primary,female,2018-01-01,597
Perak,Bagan Datuk,primary,female,2019-01-01,561
Perak,Bagan Datuk,primary,female,2020-01-01,572
Perak,Bagan Datuk,primary,female,2021-01-01,557
Perak,Bagan Datuk,primary,female,2022-01-01,565
Perak,Bagan Datuk,primary,female,2023-06-30,554
Perak,Bagan Datuk,primary,female,2024-06-30,563
Perak,Bagan Datuk,primary,female,2025-06-30,572
Perak,Bagan Datuk,primary,male,2018-01-01,299
Perak,Bagan Datuk,primary,male,2019-01-01,289
Perak,Bagan Datuk,primary,male,2020-01-01,288
Perak,Bagan Datuk,primary,male,2021-01-01,274
Perak,Bagan Datuk,primary,male,2022-01-01,278
Perak,Bagan Datuk,primary,male,2023-06-30,271
Perak,Bagan Datuk,primary,male,2024-06-30,265
Perak,Bagan Datuk,primary,male,2025-06-30,268
Perak,Bagan Datuk,secondary,both,2018-01-01,604
Perak,Bagan Datuk,secondary,both,2019-01-01,589
Perak,Bagan Datuk,secondary,both,2020-01-01,587
Perak,Bagan Datuk,secondary,both,2021-01-01,564
Perak,Bagan Datuk,secondary,both,2022-01-01,573
Perak,Bagan Datuk,secondary,both,2023-06-30,552
Perak,Bagan Datuk,secondary,both,2024-06-30,548
Perak,Bagan Datuk,secondary,both,2025-06-30,554
Perak,Bagan Datuk,secondary,female,2018-01-01,361
Perak,Bagan Datuk,secondary,female,2019-01-01,349
Perak,Bagan Datuk,secondary,female,2020-01-01,354
Perak,Bagan Datuk,secondary,female,2021-01-01,349
Perak,Bagan Datuk,secondary,female,2022-01-01,353
Perak,Bagan Datuk,secondary,female,2023-06-30,344
Perak,Bagan Datuk,secondary,female,2024-06-30,348
Perak,Bagan Datuk,secondary,female,2025-06-30,358
Perak,Bagan Datuk,secondary,male,2018-01-01,243
Perak,Bagan Datuk,secondary,male,2019-01-01,240
Perak,Bagan Datuk,secondary,male,2020-01-01,233
Perak,Bagan Datuk,secondary,male,2021-01-01,215
Perak,Bagan Datuk,secondary,male,2022-01-01,220
Perak,Bagan Datuk,secondary,male,2023-06-30,208
Perak,Bagan Datuk,secondary,male,2024-06-30,200
Perak,Bagan Datuk,secondary,male,2025-06-30,196
Perak,Batang Padang,primary,both,2017-01-01,1916
Perak,Batang Padang,primary,both,2018-01-01,1270
Perak,Batang Padang,primary,both,2019-01-01,1251
Perak,Batang Padang,primary,both,2020-01-01,1260
Perak,Batang Padang,primary,both,2021-01-01,1231
Perak,Batang Padang,primary,both,2022-01-01,1270
Perak,Batang Padang,primary,both,2023-06-30,1255
Perak,Batang Padang,primary,both,2024-06-30,1258
Perak,Batang Padang,primary,both,2025-06-30,1271
Perak,Batang Padang,primary,female,2017-01-01,1337
Perak,Batang Padang,primary,female,2018-01-01,882
Perak,Batang Padang,primary,female,2019-01-01,867
Perak,Batang Padang,primary,female,2020-01-01,887
Perak,Batang Padang,primary,female,2021-01-01,871
Perak,Batang Padang,primary,female,2022-01-01,902
Perak,Batang Padang,primary,female,2023-06-30,897
Perak,Batang Padang,primary,female,2024-06-30,899
Perak,Batang Padang,primary,female,2025-06-30,905
Perak,Batang Padang,primary,male,2017-01-01,579
Perak,Batang Padang,primary,male,2018-01-01,388
Perak,Batang Padang,primary,male,2019-01-01,384
Perak,Batang Padang,primary,male,2020-01-01,373
Perak,Batang Padang,primary,male,2021-01-01,360
Perak,Batang Padang,primary,male,2022-01-01,368
Perak,Batang Padang,primary,male,2023-06-30,358
Perak,Batang Padang,primary,male,2024-06-30,359
Perak,Batang Padang,primary,male,2025-06-30,366
Perak,Batang Padang,secondary,both,2017-01-01,1560
Perak,Batang Padang,secondary,both,2018-01-01,934
Perak,Batang Padang,secondary,both,2019-01-01,909
Perak,Batang Padang,secondary,both,2020-01-01,877
Perak,Batang Padang,secondary,both,2021-01-01,860
Perak,Batang Padang,secondary,both,2022-01-01,882
Perak,Batang Padang,secondary,both,2023-06-30,855
Perak,Batang Padang,secondary,both,2024-06-30,856
Perak,Batang Padang,secondary,both,2025-06-30,856
Perak,Batang Padang,secondary,female,2017-01-01,1041
Perak,Batang Padang,secondary,female,2018-01-01,623
Perak,Batang Padang,secondary,female,2019-01-01,611
Perak,Batang Padang,secondary,female,2020-01-01,597
Perak,Batang Padang,secondary,female,2021-01-01,586
Perak,Batang Padang,secondary,female,2022-01-01,605
Perak,Batang Padang,secondary,female,2023-06-30,592
Perak,Batang Padang,secondary,female,2024-06-30,593
Perak,Batang Padang,secondary,female,2025-06-30,591
Perak,Batang Padang,secondary,male,2017-01-01,519
Perak,Batang Padang,secondary,male,2018-01-01,311
Perak,Batang Padang,secondary,male,2019-01-01,298
Perak,Batang Padang,secondary,male,2020-01-01,280
Perak,Batang Padang,secondary,male,2021-01-01,274
Perak,Batang Padang,secondary,male,2022-01-01,277
Perak,Batang Padang,secondary,male,2023-06-30,263
Perak,Batang Padang,secondary,male,2024-06-30,263
Perak,Batang Padang,secondary,male,2025-06-30,265
Perak,Hilir Perak,primary,both,2017-01-01,2175
Perak,Hilir Perak,primary,both,2018-01-01,1238
Perak,Hilir Perak,primary,both,2019-01-01,1199
Perak,Hilir Perak,primary,both,2020-01-01,1192
Perak,Hilir Perak,primary,both,2021-01-01,1178
Perak,Hilir Perak,primary,both,2022-01-01,1198
Perak,Hilir Perak,primary,both,2023-06-30,1182
Perak,Hilir Perak,primary,both,2024-06-30,1199
Perak,Hilir Perak,primary,both,2025-06-30,1217
Perak,Hilir Perak,primary,female,2017-01-01,1489
Perak,Hilir Perak,primary,female,2018-01-01,891
Perak,Hilir Perak,primary,female,2019-01-01,859
Perak,Hilir Perak,primary,female,2020-01-01,847
Perak,Hilir Perak,primary,female,2021-01-01,833
Perak,Hilir Perak,primary,female,2022-01-01,856
Perak,Hilir Perak,primary,female,2023-06-30,844
Perak,Hilir Perak,primary,female,2024-06-30,853
Perak,Hilir Perak,primary,female,2025-06-30,857
Perak,Hilir Perak,primary,male,2017-01-01,686
Perak,Hilir Perak,primary,male,2018-01-01,347
Perak,Hilir Perak,primary,male,2019-01-01,340
Perak,Hilir Perak,primary,male,2020-01-01,345
Perak,Hilir Perak,primary,male,2021-01-01,345
Perak,Hilir Perak,primary,male,2022-01-01,342
Perak,Hilir Perak,primary,male,2023-06-30,338
Perak,Hilir Perak,primary,male,2024-06-30,346
Perak,Hilir Perak,primary,male,2025-06-30,360
Perak,Hilir Perak,secondary,both,2017-01-01,1747
Perak,Hilir Perak,secondary,both,2018-01-01,1145
Perak,Hilir Perak,secondary,both,2019-01-01,1152
Perak,Hilir Perak,secondary,both,2020-01-01,1147
Perak,Hilir Perak,secondary,both,2021-01-01,1106
Perak,Hilir Perak,secondary,both,2022-01-01,1093
Perak,Hilir Perak,secondary,both,2023-06-30,1079
Perak,Hilir Perak,secondary,both,2024-06-30,1096
Perak,Hilir Perak,secondary,both,2025-06-30,1086
Perak,Hilir Perak,secondary,female,2017-01-01,1091
Perak,Hilir Perak,secondary,female,2018-01-01,756
Perak,Hilir Perak,secondary,female,2019-01-01,768
Perak,Hilir Perak,secondary,female,2020-01-01,764
Perak,Hilir Perak,secondary,female,2021-01-01,747
Perak,Hilir Perak,secondary,female,2022-01-01,749
Perak,Hilir Perak,secondary,female,2023-06-30,743
Perak,Hilir Perak,secondary,female,2024-06-30,760
Perak,Hilir Perak,secondary,female,2025-06-30,766
Perak,Hilir Perak,secondary,male,2017-01-01,656
Perak,Hilir Perak,secondary,male,2018-01-01,389
Perak,Hilir Perak,secondary,male,2019-01-01,384
Perak,Hilir Perak,secondary,male,2020-01-01,383
Perak,Hilir Perak,secondary,male,2021-01-01,359
Perak,Hilir Perak,secondary,male,2022-01-01,344
Perak,Hilir Perak,secondary,male,2023-06-30,336
Perak,Hilir Perak,secondary,male,2024-06-30,336
Perak,Hilir Perak,secondary,male,2025-06-30,320
Perak,Hulu Perak,primary,both,2017-01-01,1207
Perak,Hulu Perak,primary,both,2018-01-01,1212
Perak,Hulu Perak,primary,both,2019-01-01,1168
Perak,Hulu Perak,primary,both,2020-01-01,1171
Perak,Hulu Perak,primary,both,2021-01-01,1144
Perak,Hulu Perak,primary,both,2022-01-01,1176
Perak,Hulu Perak,primary,both,2023-06-30,1139
Perak,Hulu Perak,primary,both,2024-06-30,1163
Perak,Hulu Perak,primary,both,2025-06-30,1186
Perak,Hulu Perak,primary,female,2017-01-01,736
Perak,Hulu Perak,primary,female,2018-01-01,750
Perak,Hulu Perak,primary,female,2019-01-01,722
Perak,Hulu Perak,primary,female,2020-01-01,714
Perak,Hulu Perak,primary,female,2021-01-01,697
Perak,Hulu Perak,primary,female,2022-01-01,725
Perak,Hulu Perak,primary,female,2023-06-30,703
Perak,Hulu Perak,primary,female,2024-06-30,695
Perak,Hulu Perak,primary,female,2025-06-30,708
Perak,Hulu Perak,primary,male,2017-01-01,471
Perak,Hulu Perak,primary,male,2018-01-01,462
Perak,Hulu Perak,primary,male,2019-01-01,446
Perak,Hulu Perak,primary,male,2020-01-01,457
Perak,Hulu Perak,primary,male,2021-01-01,447
Perak,Hulu Perak,primary,male,2022-01-01,451
Perak,Hulu Perak,primary,male,2023-06-30,436
Perak,Hulu Perak,primary,male,2024-06-30,468
Perak,Hulu Perak,primary,male,2025-06-30,478
Perak,Hulu Perak,secondary,both,2017-01-01,836
Perak,Hulu Perak,secondary,both,2018-01-01,832
Perak,Hulu Perak,secondary,both,2019-01-01,832
Perak,Hulu Perak,secondary,both,2020-01-01,815
Perak,Hulu Perak,secondary,both,2021-01-01,814
Perak,Hulu Perak,secondary,both,2022-01-01,814
Perak,Hulu Perak,secondary,both,2023-06-30,791
Perak,Hulu Perak,secondary,both,2024-06-30,769
Perak,Hulu Perak,secondary,both,2025-06-30,779
Perak,Hulu Perak,secondary,female,2017-01-01,540
Perak,Hulu Perak,secondary,female,2018-01-01,556
Perak,Hulu Perak,secondary,female,2019-01-01,557
Perak,Hulu Perak,secondary,female,2020-01-01,546
Perak,Hulu Perak,secondary,female,2021-01-01,547
Perak,Hulu Perak,secondary,female,2022-01-01,551
Perak,Hulu Perak,secondary,female,2023-06-30,535
Perak,Hulu Perak,secondary,female,2024-06-30,524
Perak,Hulu Perak,secondary,female,2025-06-30,539
Perak,Hulu Perak,secondary,male,2017-01-01,296
Perak,Hulu Perak,secondary,male,2018-01-01,276
Perak,Hulu Perak,secondary,male,2019-01-01,275
Perak,Hulu Perak,secondary,male,2020-01-01,269
Perak,Hulu Perak,secondary,male,2021-01-01,267
Perak,Hulu Perak,secondary,male,2022-01-01,263
Perak,Hulu Perak,secondary,male,2023-06-30,256
Perak,Hulu Perak,secondary,male,2024-06-30,245
Perak,Hulu Perak,secondary,male,2025-06-30,240
Perak,Kampar,primary,both,2018-01-01,832
Perak,Kampar,primary,both,2019-01-01,813
Perak,Kampar,primary,both,2020-01-01,813
Perak,Kampar,primary,both,2021-01-01,800
Perak,Kampar,primary,both,2022-01-01,805
Perak,Kampar,primary,female,2018-01-01,605
Perak,Kampar,primary,female,2019-01-01,597
Perak,Kampar,primary,female,2020-01-01,597
Perak,Kampar,primary,female,2021-01-01,580
Perak,Kampar,primary,female,2022-01-01,580
Perak,Kampar,primary,male,2018-01-01,227
Perak,Kampar,primary,male,2019-01-01,216
Perak,Kampar,primary,male,2020-01-01,216
Perak,Kampar,primary,male,2021-01-01,220
Perak,Kampar,primary,male,2022-01-01,225
Perak,Kampar,secondary,both,2018-01-01,605
Perak,Kampar,secondary,both,2019-01-01,586
Perak,Kampar,secondary,both,2020-01-01,581
Perak,Kampar,secondary,both,2021-01-01,570
Perak,Kampar,secondary,both,2022-01-01,581
Perak,Kampar,secondary,female,2018-01-01,395
Perak,Kampar,secondary,female,2019-01-01,387
Perak,Kampar,secondary,female,2020-01-01,390
Perak,Kampar,secondary,female,2021-01-01,387
Perak,Kampar,secondary,female,2022-01-01,406
Perak,Kampar,secondary,male,2018-01-01,210
Perak,Kampar,secondary,male,2019-01-01,199
Perak,Kampar,secondary,male,2020-01-01,191
Perak,Kampar,secondary,male,2021-01-01,183
Perak,Kampar,secondary,male,2022-01-01,175
Perak,Kerian,primary,both,2017-01-01,1844
Perak,Kerian,primary,both,2018-01-01,1867
Perak,Kerian,primary,both,2019-01-01,1814
Perak,Kerian,primary,both,2020-01-01,1781
Perak,Kerian,primary,both,2021-01-01,1719
Perak,Kerian,primary,both,2022-01-01,1723
Perak,Kerian,primary,both,2023-06-30,1692
Perak,Kerian,primary,both,2024-06-30,1707
Perak,Kerian,primary,both,2025-06-30,1683
Perak,Kerian,primary,female,2017-01-01,1262
Perak,Kerian,primary,female,2018-01-01,1296
Perak,Kerian,primary,female,2019-01-01,1245
Perak,Kerian,primary,female,2020-01-01,1230
Perak,Kerian,primary,female,2021-01-01,1192
Perak,Kerian,primary,female,2022-01-01,1194
Perak,Kerian,primary,female,2023-06-30,1177
Perak,Kerian,primary,female,2024-06-30,1191
Perak,Kerian,primary,female,2025-06-30,1175
Perak,Kerian,primary,male,2017-01-01,582
Perak,Kerian,primary,male,2018-01-01,571
Perak,Kerian,primary,male,2019-01-01,569
Perak,Kerian,primary,male,2020-01-01,551
Perak,Kerian,primary,male,2021-01-01,527
Perak,Kerian,primary,male,2022-01-01,529
Perak,Kerian,primary,male,2023-06-30,515
Perak,Kerian,primary,male,2024-06-30,516
Perak,Kerian,primary,male,2025-06-30,508
Perak,Kerian,secondary,both,2017-01-01,1661
Perak,Kerian,secondary,both,2018-01-01,1715
Perak,Kerian,secondary,both,2019-01-01,1696
Perak,Kerian,secondary,both,2020-01-01,1680
Perak,Kerian,secondary,both,2021-01-01,1631
Perak,Kerian,secondary,both,2022-01-01,1630
Perak,Kerian,secondary,both,2023-06-30,1603
Perak,Kerian,secondary,both,2024-06-30,1604
Perak,Kerian,secondary,both,2025-06-30,1584
Perak,Kerian,secondary,female,2017-01-01,1059
Perak,Kerian,secondary,female,2018-01-01,1092
Perak,Kerian,secondary,female,2019-01-01,1092
Perak,Kerian,secondary,female,2020-01-01,1087
Perak,Kerian,secondary,female,2021-01-01,1062
Perak,Kerian,secondary,female,2022-01-01,1074
Perak,Kerian,secondary,female,2023-06-30,1051
Perak,Kerian,secondary,female,2024-06-30,1060
Perak,Kerian,secondary,female,2025-06-30,1062
Perak,Kerian,secondary,male,2017-01-01,602
Perak,Kerian,secondary,male,2018-01-01,623
Perak,Kerian,secondary,male,2019-01-01,604
Perak,Kerian,secondary,male,2020-01-01,593
Perak,Kerian,secondary,male,2021-01-01,569
Perak,Kerian,secondary,male,2022-01-01,556
Perak,Kerian,secondary,male,2023-06-30,552
Perak,Kerian,secondary,male,2024-06-30,544
Perak,Kerian,secondary,male,2025-06-30,522
Perak,Kinta,primary,both,2017-01-01,5809
Perak,Kinta,primary,both,2018-01-01,5217
Perak,Kinta,primary,both,2019-01-01,5124
Perak,Kinta,primary,both,2020-01-01,5139
Perak,Kinta,primary,both,2021-01-01,5085
Perak,Kinta,primary,both,2022-01-01,5123
Perak,Kinta,primary,female,2017-01-01,4436
Perak,Kinta,primary,female,2018-01-01,4043
Perak,Kinta,primary,female,2019-01-01,3947
Perak,Kinta,primary,female,2020-01-01,3949
Perak,Kinta,primary,female,2021-01-01,3905
Perak,Kinta,primary,female,2022-01-01,3920
Perak,Kinta,primary,male,2017-01-01,1373
Perak,Kinta,primary,male,2018-01-01,1174
Perak,Kinta,primary,male,2019-01-01,1177
Perak,Kinta,primary,male,2020-01-01,1190
Perak,Kinta,primary,male,2021-01-01,1180
Perak,Kinta,primary,male,2022-01-01,1203
Perak,Kinta,secondary,both,2017-01-01,5334
Perak,Kinta,secondary,both,2018-01-01,4681
Perak,Kinta,secondary,both,2019-01-01,4613
Perak,Kinta,secondary,both,2020-01-01,4538
Perak,Kinta,secondary,both,2021-01-01,4394
Perak,Kinta,secondary,both,2022-01-01,4654
Perak,Kinta,secondary,female,2017-01-01,3826
Perak,Kinta,secondary,female,2018-01-01,3405
Perak,Kinta,secondary,female,2019-01-01,3363
Perak,Kinta,secondary,female,2020-01-01,3330
Perak,Kinta,secondary,female,2021-01-01,3239
Perak,Kinta,secondary,female,2022-01-01,3410
Perak,Kinta,secondary,male,2017-01-01,1508
Perak,Kinta,secondary,male,2018-01-01,1276
Perak,Kinta,secondary,male,2019-01-01,1250
Perak,Kinta,secondary,male,2020-01-01,1208
Perak,Kinta,secondary,male,2021-01-01,1155
Perak,Kinta,secondary,male,2022-01-01,1244
Perak,Kuala Kangsar,primary,both,2017-01-01,1834
Perak,Kuala Kangsar,primary,both,2018-01-01,1853
Perak,Kuala Kangsar,primary,both,2019-01-01,1823
Perak,Kuala Kangsar,primary,both,2020-01-01,1811
Perak,Kuala Kangsar,primary,both,2021-01-01,1782
Perak,Kuala Kangsar,primary,both,2022-01-01,1831
Perak,Kuala Kangsar,primary,both,2023-06-30,1807
Perak,Kuala Kangsar,primary,both,2024-06-30,1827
Perak,Kuala Kangsar,primary,both,2025-06-30,1851
Perak,Kuala Kangsar,primary,female,2017-01-01,1202
Perak,Kuala Kangsar,primary,female,2018-01-01,1227
Perak,Kuala Kangsar,primary,female,2019-01-01,1212
Perak,Kuala Kangsar,primary,female,2020-01-01,1196
Perak,Kuala Kangsar,primary,female,2021-01-01,1187
Perak,Kuala Kangsar,primary,female,2022-01-01,1209
Perak,Kuala Kangsar,primary,female,2023-06-30,1201
Perak,Kuala Kangsar,primary,female,2024-06-30,1234
Perak,Kuala Kangsar,primary,female,2025-06-30,1253
Perak,Kuala Kangsar,primary,male,2017-01-01,632
Perak,Kuala Kangsar,primary,male,2018-01-01,626
Perak,Kuala Kangsar,primary,male,2019-01-01,611
Perak,Kuala Kangsar,primary,male,2020-01-01,615
Perak,Kuala Kangsar,primary,male,2021-01-01,595
Perak,Kuala Kangsar,primary,male,2022-01-01,622
Perak,Kuala Kangsar,primary,male,2023-06-30,606
Perak,Kuala Kangsar,primary,male,2024-06-30,593
Perak,Kuala Kangsar,primary,male,2025-06-30,598
Perak,Kuala Kangsar,secondary,both,2017-01-01,1614
Perak,Kuala Kangsar,secondary,both,2018-01-01,1645
Perak,Kuala Kangsar,secondary,both,2019-01-01,1628
Perak,Kuala Kangsar,secondary,both,2020-01-01,1623
Perak,Kuala Kangsar,secondary,both,2021-01-01,1575
Perak,Kuala Kangsar,secondary,both,2022-01-01,1582
Perak,Kuala Kangsar,secondary,both,2023-06-30,1563
Perak,Kuala Kangsar,secondary,both,2024-06-30,1589
Perak,Kuala Kangsar,secondary,both,2025-06-30,1593
Perak,Kuala Kangsar,secondary,female,2017-01-01,1021
Perak,Kuala Kangsar,secondary,female,2018-01-01,1068
Perak,Kuala Kangsar,secondary,female,2019-01-01,1072
Perak,Kuala Kangsar,secondary,female,2020-01-01,1073
Perak,Kuala Kangsar,secondary,female,2021-01-01,1054
Perak,Kuala Kangsar,secondary,female,2022-01-01,1074
Perak,Kuala Kangsar,secondary,female,2023-06-30,1068
Perak,Kuala Kangsar,secondary,female,2024-06-30,1097
Perak,Kuala Kangsar,secondary,female,2025-06-30,1102
Perak,Kuala Kangsar,secondary,male,2017-01-01,593
Perak,Kuala Kangsar,secondary,male,2018-01-01,577
Perak,Kuala Kangsar,secondary,male,2019-01-01,556
Perak,Kuala Kangsar,secondary,male,2020-01-01,550
Perak,Kuala Kangsar,secondary,male,2021-01-01,521
Perak,Kuala Kangsar,secondary,male,2022-01-01,508
Perak,Kuala Kangsar,secondary,male,2023-06-30,495
Perak,Kuala Kangsar,secondary,male,2024-06-30,492
Perak,Kuala Kangsar,secondary,male,2025-06-30,491
Perak,Larut Matang & Selama,primary,both,2018-01-01,2869
Perak,Larut Matang & Selama,primary,both,2019-01-01,2790
Perak,Larut Matang & Selama,primary,both,2020-01-01,2749
Perak,Larut Matang & Selama,primary,both,2021-01-01,2719
Perak,Larut Matang & Selama,primary,both,2022-01-01,2761
Perak,Larut Matang & Selama,primary,female,2018-01-01,2043
Perak,Larut Matang & Selama,primary,female,2019-01-01,1974
Perak,Larut Matang & Selama,primary,female,2020-01-01,1951
Perak,Larut Matang & Selama,primary,female,2021-01-01,1918
Perak,Larut Matang & Selama,primary,female,2022-01-01,1949
Perak,Larut Matang & Selama,primary,male,2018-01-01,826
Perak,Larut Matang & Selama,primary,male,2019-01-01,816
Perak,Larut Matang & Selama,primary,male,2020-01-01,798
Perak,Larut Matang & Selama,primary,male,2021-01-01,801
Perak,Larut Matang & Selama,primary,male,2022-01-01,812
Perak,Larut Matang & Selama,secondary,both,2018-01-01,2517
Perak,Larut Matang & Selama,secondary,both,2019-01-01,2439
Perak,Larut Matang & Selama,secondary,both,2020-01-01,2385
Perak,Larut Matang & Selama,secondary,both,2021-01-01,2318
Perak,Larut Matang & Selama,secondary,both,2022-01-01,2333
Perak,Larut Matang & Selama,secondary,female,2018-01-01,1673
Perak,Larut Matang & Selama,secondary,female,2019-01-01,1640
Perak,Larut Matang & Selama,secondary,female,2020-01-01,1619
Perak,Larut Matang & Selama,secondary,female,2021-01-01,1587
Perak,Larut Matang & Selama,secondary,female,2022-01-01,1600
Perak,Larut Matang & Selama,secondary,male,2018-01-01,844
Perak,Larut Matang & Selama,secondary,male,2019-01-01,799
Perak,Larut Matang & Selama,secondary,male,2020-01-01,766
Perak,Larut Matang & Selama,secondary,male,2021-01-01,731
Perak,Larut Matang & Selama,secondary,male,2022-01-01,733
Perak,Larut dan Matang,primary,both,2017-01-01,2841
Perak,Larut dan Matang,primary,female,2017-01-01,1991
Perak,Larut dan Matang,primary,male,2017-01-01,850
Perak,Larut dan Matang,secondary,both,2017-01-01,2591
Perak,Larut dan Matang,secondary,female,2017-01-01,1698
Perak,Larut dan Matang,secondary,male,2017-01-01,893
Perak,Manjung (Dinding),primary,both,2017-01-01,2189
Perak,Manjung (Dinding),primary,both,2018-01-01,2269
Perak,Manjung (Dinding),primary,both,2019-01-01,2211
Perak,Manjung (Dinding),primary,both,2020-01-01,2210
Perak,Manjung (Dinding),primary,both,2021-01-01,2205
Perak,Manjung (Dinding),primary,both,2022-01-01,2232
Perak,Manjung (Dinding),primary,female,2017-01-01,1763
Perak,Manjung (Dinding),primary,female,2018-01-01,1833
Perak,Manjung (Dinding),primary,female,2019-01-01,1773
Perak,Manjung (Dinding),primary,female,2020-01-01,1772
Perak,Manjung (Dinding),primary,female,2021-01-01,1761
Perak,Manjung (Dinding),primary,female,2022-01-01,1772
Perak,Manjung (Dinding),primary,male,2017-01-01,426
Perak,Manjung (Dinding),primary,male,2018-01-01,436
Perak,Manjung (Dinding),primary,male,2019-01-01,438
Perak,Manjung (Dinding),primary,male,2020-01-01,438
Perak,Manjung (Dinding),primary,male,2021-01-01,444
Perak,Manjung (Dinding),primary,male,2022-01-01,460
Perak,Manjung (Dinding),secondary,both,2017-01-01,1683
Perak,Manjung (Dinding),secondary,both,2018-01-01,1625
Perak,Manjung (Dinding),secondary,both,2019-01-01,1603
Perak,Manjung (Dinding),secondary,both,2020-01-01,1584
Perak,Manjung (Dinding),secondary,both,2021-01-01,1566
Perak,Manjung (Dinding),secondary,both,2022-01-01,1588
Perak,Manjung (Dinding),secondary,female,2017-01-01,1284
Perak,Manjung (Dinding),secondary,female,2018-01-01,1248
Perak,Manjung (Dinding),secondary,female,2019-01-01,1240
Perak,Manjung (Dinding),secondary,female,2020-01-01,1230
Perak,Manjung (Dinding),secondary,female,2021-01-01,1224
Perak,Manjung (Dinding),secondary,female,2022-01-01,1243
Perak,Manjung (Dinding),secondary,male,2017-01-01,399
Perak,Manjung (Dinding),secondary,male,2018-01-01,377
Perak,Manjung (Dinding),secondary,male,2019-01-01,363
Perak,Manjung (Dinding),secondary,male,2020-01-01,354
Perak,Manjung (Dinding),secondary,male,2021-01-01,342
Perak,Manjung (Dinding),secondary,male,2022-01-01,345
Perak,Muallim,primary,both,2018-01-01,702
Perak,Muallim,primary,both,2019-01-01,694
Perak,Muallim,primary,both,2020-01-01,710
Perak,Muallim,primary,both,2021-01-01,709
Perak,Muallim,primary,both,2022-01-01,728
Perak,Muallim,primary,both,2023-06-30,728
Perak,Muallim,primary,both,2024-06-30,741
Perak,Muallim,primary,both,2025-06-30,750
Perak,Muallim,primary,female,2018-01-01,497
Perak,Muallim,primary,female,2019-01-01,492
Perak,Muallim,primary,female,2020-01-01,501
Perak,Muallim,primary,female,2021-01-01,505
Perak,Muallim,primary,female,2022-01-01,522
Perak,Muallim,primary,female,2023-06-30,525
Perak,Muallim,primary,female,2024-06-30,535
Perak,Muallim,primary,female,2025-06-30,539
Perak,Muallim,primary,male,2018-01-01,205
Perak,Muallim,primary,male,2019-01-01,202
Perak,Muallim,primary,male,2020-01-01,209
Perak,Muallim,primary,male,2021-01-01,204
Perak,Muallim,primary,male,2022-01-01,206
Perak,Muallim,primary,male,2023-06-30,203
Perak,Muallim,primary,male,2024-06-30,206
Perak,Muallim,primary,male,2025-06-30,211
Perak,Muallim,secondary,both,2018-01-01,629
Perak,Muallim,secondary,both,2019-01-01,652
Perak,Muallim,secondary,both,2020-01-01,643
Perak,Muallim,secondary,both,2021-01-01,635
Perak,Muallim,secondary,both,2022-01-01,645
Perak,Muallim,secondary,both,2023-06-30,625
Perak,Muallim,secondary,both,2024-06-30,649
Perak,Muallim,secondary,both,2025-06-30,656
Perak,Muallim,secondary,female,2018-01-01,437
Perak,Muallim,secondary,female,2019-01-01,457
Perak,Muallim,secondary,female,2020-01-01,451
Perak,Muallim,secondary,female,2021-01-01,451
Perak,Muallim,secondary,female,2022-01-01,461
Perak,Muallim,secondary,female,2023-06-30,452
Perak,Muallim,secondary,female,2024-06-30,479
Perak,Muallim,secondary,female,2025-06-30,494
Perak,Muallim,secondary,male,2018-01-01,192
Perak,Muallim,secondary,male,2019-01-01,195
Perak,Muallim,secondary,male,2020-01-01,192
Perak,Muallim,secondary,male,2021-01-01,184
Perak,Muallim,secondary,male,2022-01-01,184
Perak,Muallim,secondary,male,2023-06-30,173
Perak,Muallim,secondary,male,2024-06-30,170
Perak,Muallim,secondary,male,2025-06-30,162
Perak,Perak Tengah,primary,both,2017-01-01,1128
Perak,Perak Tengah,primary,both,2018-01-01,1177
Perak,Perak Tengah,primary,both,2019-01-01,1146
Perak,Perak Tengah,primary,both,2020-01-01,1136
Perak,Perak Tengah,primary,both,2021-01-01,1108
Perak,Perak Tengah,primary,both,2022-01-01,1140
Perak,Perak Tengah,primary,both,2023-06-30,1114
Perak,Perak Tengah,primary,both,2024-06-30,1143
Perak,Perak Tengah,primary,both,2025-06-30,1169
Perak,Perak Tengah,primary,female,2017-01-01,763
Perak,Perak Tengah,primary,female,2018-01-01,816
Perak,Perak Tengah,primary,female,2019-01-01,794
Perak,Perak Tengah,primary,female,2020-01-01,778
Perak,Perak Tengah,primary,female,2021-01-01,761
Perak,Perak Tengah,primary,female,2022-01-01,770
Perak,Perak Tengah,primary,female,2023-06-30,765
Perak,Perak Tengah,primary,female,2024-06-30,791
Perak,Perak Tengah,primary,female,2025-06-30,805
Perak,Perak Tengah,primary,male,2017-01-01,365
Perak,Perak Tengah,primary,male,2018-01-01,361
Perak,Perak Tengah,primary,male,2019-01-01,352
Perak,Perak Tengah,primary,male,2020-01-01,358
Perak,Perak Tengah,primary,male,2021-01-01,347
Perak,Perak Tengah,primary,male,2022-01-01,370
Perak,Perak Tengah,primary,male,2023-06-30,349
Perak,Perak Tengah,primary,male,2024-06-30,352
Perak,Perak Tengah,primary,male,2025-06-30,364
Perak,Perak Tengah,secondary,both,2017-01-01,932
Perak,Perak Tengah,secondary,both,2018-01-01,957
Perak,Perak Tengah,secondary,both,2019-01-01,938
Perak,Perak Tengah,secondary,both,2020-01-01,927
Perak,Perak Tengah,secondary,both,2021-01-01,906
Perak,Perak Tengah,secondary,both,2022-01-01,958
Perak,Perak Tengah,secondary,both,2023-06-30,942
Perak,Perak Tengah,secondary,both,2024-06-30,955
Perak,Perak Tengah,secondary,both,2025-06-30,960
Perak,Perak Tengah,secondary,female,2017-01-01,581
Perak,Perak Tengah,secondary,female,2018-01-01,595
Perak,Perak Tengah,secondary,female,2019-01-01,589
Perak,Perak Tengah,secondary,female,2020-01-01,591
Perak,Perak Tengah,secondary,female,2021-01-01,582
Perak,Perak Tengah,secondary,female,2022-01-01,630
Perak,Perak Tengah,secondary,female,2023-06-30,618
Perak,Perak Tengah,secondary,female,2024-06-30,638
Perak,Perak Tengah,secondary,female,2025-06-30,645
Perak,Perak Tengah,secondary,male,2017-01-01,351
Perak,Perak Tengah,secondary,male,2018-01-01,362
Perak,Perak Tengah,secondary,male,2019-01-01,349
Perak,Perak Tengah,secondary,male,2020-01-01,336
Perak,Perak Tengah,secondary,male,2021-01-01,324
Perak,Perak Tengah,secondary,male,2022-01-01,328
Perak,Perak Tengah,secondary,male,2023-06-30,324
Perak,Perak Tengah,secondary,male,2024-06-30,317
Perak,Perak Tengah,secondary,male,2025-06-30,315
Perak,Kinta Selatan,primary,both,2023-06-30,1489
Perak,Kinta Selatan,primary,both,2024-06-30,1526
Perak,Kinta Selatan,primary,both,2025-06-30,1518
Perak,Kinta Selatan,primary,female,2023-06-30,1090
Perak,Kinta Selatan,primary,female,2024-06-30,1110
Perak,Kinta Selatan,primary,female,2025-06-30,1117
Perak,Kinta Selatan,primary,male,2023-06-30,399
Perak,Kinta Selatan,primary,male,2024-06-30,416
Perak,Kinta Selatan,primary,male,2025-06-30,401
Perak,Kinta Selatan,secondary,both,2023-06-30,1050
Perak,Kinta Selatan,secondary,both,2024-06-30,1047
Perak,Kinta Selatan,secondary,both,2025-06-30,1046
Perak,Kinta Selatan,secondary,female,2023-06-30,749
Perak,Kinta Selatan,secondary,female,2024-06-30,756
Perak,Kinta Selatan,secondary,female,2025-06-30,758
Perak,Kinta Selatan,secondary,male,2023-06-30,301
Perak,Kinta Selatan,secondary,male,2024-06-30,291
Perak,Kinta Selatan,secondary,male,2025-06-30,288
Perak,Kinta Utara,primary,both,2023-06-30,4285
Perak,Kinta Utara,primary,both,2024-06-30,4309
Perak,Kinta Utara,primary,both,2025-06-30,4261
Perak,Kinta Utara,primary,female,2023-06-30,3277
Perak,Kinta Utara,primary,female,2024-06-30,3282
Perak,Kinta Utara,primary,female,2025-06-30,3253
Perak,Kinta Utara,primary,male,2023-06-30,1008
Perak,Kinta Utara,primary,male,2024-06-30,1027
Perak,Kinta Utara,primary,male,2025-06-30,1008
Perak,Kinta Utara,secondary,both,2023-06-30,4031
Perak,Kinta Utara,secondary,both,2024-06-30,4077
Perak,Kinta Utara,secondary,both,2025-06-30,4027
Perak,Kinta Utara,secondary,female,2023-06-30,2972
Perak,Kinta Utara,secondary,female,2024-06-30,3023
Perak,Kinta Utara,secondary,female,2025-06-30,3008
Perak,Kinta Utara,secondary,male,2023-06-30,1059
Perak,Kinta Utara,secondary,male,2024-06-30,1054
Perak,Kinta Utara,secondary,male,2025-06-30,1019
Perak,Larut/Matang/Selama,primary,both,2023-06-30,2696
Perak,Larut/Matang/Selama,primary,both,2024-06-30,2742
Perak,Larut/Matang/Selama,primary,both,2025-06-30,2766
Perak,Larut/Matang/Selama,primary,female,2023-06-30,1897
Perak,Larut/Matang/Selama,primary,female,2024-06-30,1954
Perak,Larut/Matang/Selama,primary,female,2025-06-30,1970
Perak,Larut/Matang/Selama,primary,male,2023-06-30,799
Perak,Larut/Matang/Selama,primary,male,2024-06-30,788
Perak,Larut/Matang/Selama,primary,male,2025-06-30,796
Perak,Larut/Matang/Selama,secondary,both,2023-06-30,2275
Perak,Larut/Matang/Selama,secondary,both,2024-06-30,2290
Perak,Larut/Matang/Selama,secondary,both,2025-06-30,2279
Perak,Larut/Matang/Selama,secondary,female,2023-06-30,1574
Perak,Larut/Matang/Selama,secondary,female,2024-06-30,1600
Perak,Larut/Matang/Selama,secondary,female,2025-06-30,1604
Perak,Larut/Matang/Selama,secondary,male,2023-06-30,701
Perak,Larut/Matang/Selama,secondary,male,2024-06-30,690
Perak,Larut/Matang/Selama,secondary,male,2025-06-30,675
Perak,Manjung,primary,both,2023-06-30,2178
Perak,Manjung,primary,both,2024-06-30,2229
Perak,Manjung,primary,both,2025-06-30,2209
Perak,Manjung,primary,female,2023-06-30,1734
Perak,Manjung,primary,female,2024-06-30,1754
Perak,Manjung,primary,female,2025-06-30,1739
Perak,Manjung,primary,male,2023-06-30,444
Perak,Manjung,primary,male,2024-06-30,475
Perak,Manjung,primary,male,2025-06-30,470
Perak,Manjung,secondary,both,2023-06-30,1527
Perak,Manjung,secondary,both,2024-06-30,1533
Perak,Manjung,secondary,both,2025-06-30,1544
Perak,Manjung,secondary,female,2023-06-30,1207
Perak,Manjung,secondary,female,2024-06-30,1221
Perak,Manjung,secondary,female,2025-06-30,1237
Perak,Manjung,secondary,male,2023-06-30,320
Perak,Manjung,secondary,male,2024-06-30,312
Perak,Manjung,secondary,male,2025-06-30,307
Perlis,All Districts,primary,both,2017-01-01,2327
Perlis,All Districts,primary,both,2018-01-01,2395
Perlis,All Districts,primary,both,2019-01-01,2377
Perlis,All Districts,primary,both,2020-01-01,2393
Perlis,All Districts,primary,both,2021-01-01,2394
Perlis,All Districts,primary,both,2022-01-01,2412
Perlis,All Districts,primary,both,2023-06-30,2364
Perlis,All Districts,primary,both,2024-06-30,2373
Perlis,All Districts,primary,both,2025-06-30,2410
Perlis,All Districts,primary,female,2017-01-01,1597
Perlis,All Districts,primary,female,2018-01-01,1688
Perlis,All Districts,primary,female,2019-01-01,1672
Perlis,All Districts,primary,female,2020-01-01,1684
Perlis,All Districts,primary,female,2021-01-01,1689
Perlis,All Districts,primary,female,2022-01-01,1699
Perlis,All Districts,primary,female,2023-06-30,1674
Perlis,All Districts,primary,female,2024-06-30,1693
Perlis,All Districts,primary,female,2025-06-30,1715
Perlis,All Districts,primary,male,2017-01-01,730
Perlis,All Districts,primary,male,2018-01-01,707
Perlis,All Districts,primary,male,2019-01-01,705
Perlis,All Districts,primary,male,2020-01-01,709
Perlis,All Districts,primary,male,2021-01-01,705
Perlis,All Districts,primary,male,2022-01-01,713
Perlis,All Districts,primary,male,2023-06-30,690
Perlis,All Districts,primary,male,2024-06-30,680
Perlis,All Districts,primary,male,2025-06-30,695
Perlis,All Districts,secondary,both,2017-01-01,2311
Perlis,All Districts,secondary,both,2018-01-01,2353
Perlis,All Districts,secondary,both,2019-01-01,2350
Perlis,All Districts,secondary,both,2020-01-01,2330
Perlis,All Districts,secondary,both,2021-01-01,2261
Perlis,All Districts,secondary,both,2022-01-01,2282
Perlis,All Districts,secondary,both,2023-06-30,2269
Perlis,All Districts,secondary,both,2024-06-30,2277
Perlis,All Districts,secondary,both,2025-06-30,2288
Perlis,All Districts,secondary,female,2017-01-01,1482
Perlis,All Districts,secondary,female,2018-01-01,1525
Perlis,All Districts,secondary,female,2019-01-01,1536
Perlis,All Districts,secondary,female,2020-01-01,1527
Perlis,All Districts,secondary,female,2021-01-01,1491
Perlis,All Districts,secondary,female,2022-01-01,1522
Perlis,All Districts,secondary,female,2023-06-30,1527
Perlis,All Districts,secondary,female,2024-06-30,1536
Perlis,All Districts,secondary,female,2025-06-30,1560
Perlis,All Districts,secondary,male,2017-01-01,829
Perlis,All Districts,secondary,male,2018-01-01,828
Perlis,All Districts,secondary,male,2019-01-01,814
Perlis,All Districts,secondary,male,2020-01-01,803
Perlis,All Districts,secondary,male,2021-01-01,770
Perlis,All Districts,secondary,male,2022-01-01,760
Perlis,All Districts,secondary,male,2023-06-30,742
Perlis,All Districts,secondary,male,2024-06-30,741
Perlis,All Districts,secondary,male,2025-06-30,728
Perlis,Perlis,primary,both,2017-01-01,2327
Perlis,Perlis,primary,both,2018-01-01,2395
Perlis,Perlis,primary,both,2019-01-01,2377
Perlis,Perlis,primary,both,2020-01-01,2393
Perlis,Perlis,primary,both,2021-01-01,2394
Perlis,Perlis,primary,both,2022-01-01,2412
Perlis,Perlis,primary,both,2023-06-30,2364
Perlis,Perlis,primary,both,2024-06-30,2373
Perlis,Perlis,primary,both,2025-06-30,2410
Perlis,Perlis,primary,female,2017-01-01,1597
Perlis,Perlis,primary,female,2018-01-01,1688
Perlis,Perlis,primary,female,2019-01-01,1672
Perlis,Perlis,primary,female,2020-01-01,1684
Perlis,Perlis,primary,female,2021-01-01,1689
Perlis,Perlis,primary,female,2022-01-01,1699
Perlis,Perlis,primary,female,2023-06-30,1674
Perlis,Perlis,primary,female,2024-06-30,1693
Perlis,Perlis,primary,female,2025-06-30,1715
Perlis,Perlis,primary,male,2017-01-01,730
Perlis,Perlis,primary,male,2018-01-01,707
Perlis,Perlis,primary,male,2019-01-01,705
Perlis,Perlis,primary,male,2020-01-01,709
Perlis,Perlis,primary,male,2021-01-01,705
Perlis,Perlis,primary,male,2022-01-01,713
Perlis,Perlis,primary,male,2023-06-30,690
Perlis,Perlis,primary,male,2024-06-30,680
Perlis,Perlis,primary,male,2025-06-30,695
Perlis,Perlis,secondary,both,2017-01-01,2311
Perlis,Perlis,secondary,both,2018-01-01,2353
Perlis,Perlis,secondary,both,2019-01-01,2350
Perlis,Perlis,secondary,both,2020-01-01,2330
Perlis,Perlis,secondary,both,2021-01-01,2261
Perlis,Perlis,secondary,both,2022-01-01,2282
Perlis,Perlis,secondary,both,2023-06-30,2269
Perlis,Perlis,secondary,both,2024-06-30,2277
Perlis,Perlis,secondary,both,2025-06-30,2288
Perlis,Perlis,secondary,female,2017-01-01,1482
Perlis,Perlis,secondary,female,2018-01-01,1525
Perlis,Perlis,secondary,female,2019-01-01,1536
Perlis,Perlis,secondary,female,2020-01-01,1527
Perlis,Perlis,secondary,female,2021-01-01,1491
Perlis,Perlis,secondary,female,2022-01-01,1522
Perlis,Perlis,secondary,female,2023-06-30,1527
Perlis,Perlis,secondary,female,2024-06-30,1536
Perlis,Perlis,secondary,female,2025-06-30,1560
Perlis,Perlis,secondary,male,2017-01-01,829
Perlis,Perlis,secondary,male,2018-01-01,828
Perlis,Perlis,secondary,male,2019-01-01,814
Perlis,Perlis,secondary,male,2020-01-01,803
Perlis,Perlis,secondary,male,2021-01-01,770
Perlis,Perlis,secondary,male,2022-01-01,760
Perlis,Perlis,secondary,male,2023-06-30,742
Perlis,Perlis,secondary,male,2024-06-30,741
Perlis,Perlis,secondary,male,2025-06-30,728
Pulau Pinang,All Districts,primary,both,2017-01-01,10604
Pulau Pinang,All Districts,primary,both,2018-01-01,10886
Pulau Pinang,All Districts,primary,both,2019-01-01,10643
Pulau Pinang,All Districts,primary,both,2020-01-01,10645
Pulau Pinang,All Districts,primary,both,2021-01-01,10505
Pulau Pinang,All Districts,primary,both,2022-01-01,10653
Pulau Pinang,All Districts,primary,both,2023-06-30,10407
Pulau Pinang,All Districts,primary,both,2024-06-30,10378
Pulau Pinang,All Districts,primary,both,2025-06-30,10355
Pulau Pinang,All Districts,primary,female,2017-01-01,8177
Pulau Pinang,All Districts,primary,female,2018-01-01,8492
Pulau Pinang,All Districts,primary,female,2019-01-01,8279
Pulau Pinang,All Districts,primary,female,2020-01-01,8253
Pulau Pinang,All Districts,primary,female,2021-01-01,8145
Pulau Pinang,All Districts,primary,female,2022-01-01,8229
Pulau Pinang,All Districts,primary,female,2023-06-30,8050
Pulau Pinang,All Districts,primary,female,2024-06-30,8035
Pulau Pinang,All Districts,primary,female,2025-06-30,8034
Pulau Pinang,All Districts,primary,male,2017-01-01,2427
Pulau Pinang,All Districts,primary,male,2018-01-01,2394
Pulau Pinang,All Districts,primary,male,2019-01-01,2364
Pulau Pinang,All Districts,primary,male,2020-01-01,2392
Pulau Pinang,All Districts,primary,male,2021-01-01,2360
Pulau Pinang,All Districts,primary,male,2022-01-01,2424
Pulau Pinang,All Districts,primary,male,2023-06-30,2357
Pulau Pinang,All Districts,primary,male,2024-06-30,2343
Pulau Pinang,All Districts,primary,male,2025-06-30,2321
Pulau Pinang,All Districts,secondary,both,2017-01-01,9547
Pulau Pinang,All Districts,secondary,both,2018-01-01,9496
Pulau Pinang,All Districts,secondary,both,2019-01-01,9431
Pulau Pinang,All Districts,secondary,both,2020-01-01,9218
Pulau Pinang,All Districts,secondary,both,2021-01-01,8982
Pulau Pinang,All Districts,secondary,both,2022-01-01,9026
Pulau Pinang,All Districts,secondary,both,2023-06-30,8773
Pulau Pinang,All Districts,secondary,both,2024-06-30,8743
Pulau Pinang,All Districts,secondary,both,2025-06-30,8857
Pulau Pinang,All Districts,secondary,female,2017-01-01,7098
Pulau Pinang,All Districts,secondary,female,2018-01-01,7101
Pulau Pinang,All Districts,secondary,female,2019-01-01,7061
Pulau Pinang,All Districts,secondary,female,2020-01-01,6956
Pulau Pinang,All Districts,secondary,female,2021-01-01,6794
Pulau Pinang,All Districts,secondary,female,2022-01-01,6874
Pulau Pinang,All Districts,secondary,female,2023-06-30,6720
Pulau Pinang,All Districts,secondary,female,2024-06-30,6711
Pulau Pinang,All Districts,secondary,female,2025-06-30,6798
Pulau Pinang,All Districts,secondary,male,2017-01-01,2449
Pulau Pinang,All Districts,secondary,male,2018-01-01,2395
Pulau Pinang,All Districts,secondary,male,2019-01-01,2370
Pulau Pinang,All Districts,secondary,male,2020-01-01,2262
Pulau Pinang,All Districts,secondary,male,2021-01-01,2188
Pulau Pinang,All Districts,secondary,male,2022-01-01,2152
Pulau Pinang,All Districts,secondary,male,2023-06-30,2053
Pulau Pinang,All Districts,secondary,male,2024-06-30,2032
Pulau Pinang,All Districts,secondary,male,2025-06-30,2059
Pulau Pinang,Barat Daya,primary,both,2017-01-01,1501
Pulau Pinang,Barat Daya,primary,both,2018-01-01,1534
Pulau Pinang,Barat Daya,primary,both,2019-01-01,1499
Pulau Pinang,Barat Daya,primary,both,2020-01-01,1512
Pulau Pinang,Barat Daya,primary,both,2021-01-01,1495
Pulau Pinang,Barat Daya,primary,both,2022-01-01,1501
Pulau Pinang,Barat Daya,primary,both,2023-06-30,1482
Pulau Pinang,Barat Daya,primary,both,2024-06-30,1513
Pulau Pinang,Barat Daya,primary,both,2025-06-30,1518
Pulau Pinang,Barat Daya,primary,female,2017-01-01,1110
Pulau Pinang,Barat Daya,primary,female,2018-01-01,1147
Pulau Pinang,Barat Daya,primary,female,2019-01-01,1114
Pulau Pinang,Barat Daya,primary,female,2020-01-01,1120
Pulau Pinang,Barat Daya,primary,female,2021-01-01,1115
Pulau Pinang,Barat Daya,primary,female,2022-01-01,1112
Pulau Pinang,Barat Daya,primary,female,2023-06-30,1096
Pulau Pinang,Barat Daya,primary,female,2024-06-30,1124
Pulau Pinang,Barat Daya,primary,female,2025-06-30,1124
Pulau Pinang,Barat Daya,primary,male,2017-01-01,391
Pulau Pinang,Barat Daya,primary,male,2018-01-01,387
Pulau Pinang,Barat Daya,primary,male,2019-01-01,385
Pulau Pinang,Barat Daya,primary,male,2020-01-01,392
Pulau Pinang,Barat Daya,primary,male,2021-01-01,380
Pulau Pinang,Barat Daya,primary,male,2022-01-01,389
Pulau Pinang,Barat Daya,primary,male,2023-06-30,386
Pulau Pinang,Barat Daya,primary,male,2024-06-30,389
Pulau Pinang,Barat Daya,primary,male,2025-06-30,394
Pulau Pinang,Barat Daya,secondary,both,2017-01-01,901
Pulau Pinang,Barat Daya,secondary,both,2018-01-01,947
Pulau Pinang,Barat Daya,secondary,both,2019-01-01,945
Pulau Pinang,Barat Daya,secondary,both,2020-01-01,930
Pulau Pinang,Barat Daya,secondary,both,2021-01-01,910
Pulau Pinang,Barat Daya,secondary,both,2022-01-01,869
Pulau Pinang,Barat Daya,secondary,both,2023-06-30,854
Pulau Pinang,Barat Daya,secondary,both,2024-06-30,880
Pulau Pinang,Barat Daya,secondary,both,2025-06-30,897
Pulau Pinang,Barat Daya,secondary,female,2017-01-01,686
Pulau Pinang,Barat Daya,secondary,female,2018-01-01,697
Pulau Pinang,Barat Daya,secondary,female,2019-01-01,696
Pulau Pinang,Barat Daya,secondary,female,2020-01-01,693
Pulau Pinang,Barat Daya,secondary,female,2021-01-01,684
Pulau Pinang,Barat Daya,secondary,female,2022-01-01,673
Pulau Pinang,Barat Daya,secondary,female,2023-06-30,659
Pulau Pinang,Barat Daya,secondary,female,2024-06-30,682
Pulau Pinang,Barat Daya,secondary,female,2025-06-30,694
Pulau Pinang,Barat Daya,secondary,male,2017-01-01,215
Pulau Pinang,Barat Daya,secondary,male,2018-01-01,250
Pulau Pinang,Barat Daya,secondary,male,2019-01-01,249
Pulau Pinang,Barat Daya,secondary,male,2020-01-01,237
Pulau Pinang,Barat Daya,secondary,male,2021-01-01,226
Pulau Pinang,Barat Daya,secondary,male,2022-01-01,196
Pulau Pinang,Barat Daya,secondary,male,2023-06-30,195
Pulau Pinang,Barat Daya,secondary,male,2024-06-30,198
Pulau Pinang,Barat Daya,secondary,male,2025-06-30,203
Pulau Pinang,Seberang Perai Selatan,primary,both,2017-01-01,1420
Pulau Pinang,Seberang Perai Selatan,primary,both,2018-01-01,1468
Pulau Pinang,Seberang Perai Selatan,primary,both,2019-01-01,1461
Pulau Pinang,Seberang Perai Selatan,primary,both,2020-01-01,1475
Pulau Pinang,Seberang Perai Selatan,primary,both,2021-01-01,1459
Pulau Pinang,Seberang Perai Selatan,primary,both,2022-01-01,1488
Pulau Pinang,Seberang Perai Selatan,primary,both,2023-06-30,1460
Pulau Pinang,Seberang Perai Selatan,primary,both,2024-06-30,1446
Pulau Pinang,Seberang Perai Selatan,primary,both,2025-06-30,1430
Pulau Pinang,Seberang Perai Selatan,primary,female,2017-01-01,1063
Pulau Pinang,Seberang Perai Selatan,primary,female,2018-01-01,1131
Pulau Pinang,Seberang Perai Selatan,primary,female,2019-01-01,1126
Pulau Pinang,Seberang Perai Selatan,primary,female,2020-01-01,1140
Pulau Pinang,Seberang Perai Selatan,primary,female,2021-01-01,1129
Pulau Pinang,Seberang Perai Selatan,primary,female,2022-01-01,1149
Pulau Pinang,Seberang Perai Selatan,primary,female,2023-06-30,1128
Pulau Pinang,Seberang Perai Selatan,primary,female,2024-06-30,1117
Pulau Pinang,Seberang Perai Selatan,primary,female,2025-06-30,1109
Pulau Pinang,Seberang Perai Selatan,primary,male,2017-01-01,357
Pulau Pinang,Seberang Perai Selatan,primary,male,2018-01-01,337
Pulau Pinang,Seberang Perai Selatan,primary,male,2019-01-01,335
Pulau Pinang,Seberang Perai Selatan,primary,male,2020-01-01,335
Pulau Pinang,Seberang Perai Selatan,primary,male,2021-01-01,330
Pulau Pinang,Seberang Perai Selatan,primary,male,2022-01-01,339
Pulau Pinang,Seberang Perai Selatan,primary,male,2023-06-30,332
Pulau Pinang,Seberang Perai Selatan,primary,male,2024-06-30,329
Pulau Pinang,Seberang Perai Selatan,primary,male,2025-06-30,321
Pulau Pinang,Seberang Perai Selatan,secondary,both,2017-01-01,1232
Pulau Pinang,Seberang Perai Selatan,secondary,both,2018-01-01,1273
Pulau Pinang,Seberang Perai Selatan,secondary,both,2019-01-01,1313
Pulau Pinang,Seberang Perai Selatan,secondary,both,2020-01-01,1309
Pulau Pinang,Seberang Perai Selatan,secondary,both,2021-01-01,1276
Pulau Pinang,Seberang Perai Selatan,secondary,both,2022-01-01,1277
Pulau Pinang,Seberang Perai Selatan,secondary,both,2023-06-30,1248
Pulau Pinang,Seberang Perai Selatan,secondary,both,2024-06-30,1245
Pulau Pinang,Seberang Perai Selatan,secondary,both,2025-06-30,1273
Pulau Pinang,Seberang Perai Selatan,secondary,female,2017-01-01,868
Pulau Pinang,Seberang Perai Selatan,secondary,female,2018-01-01,889
Pulau Pinang,Seberang Perai Selatan,secondary,female,2019-01-01,917
Pulau Pinang,Seberang Perai Selatan,secondary,female,2020-01-01,933
Pulau Pinang,Seberang Perai Selatan,secondary,female,2021-01-01,912
Pulau Pinang,Seberang Perai Selatan,secondary,female,2022-01-01,913
Pulau Pinang,Seberang Perai Selatan,secondary,female,2023-06-30,900
Pulau Pinang,Seberang Perai Selatan,secondary,female,2024-06-30,905
Pulau Pinang,Seberang Perai Selatan,secondary,female,2025-06-30,932
Pulau Pinang,Seberang Perai Selatan,secondary,male,2017-01-01,364
Pulau Pinang,Seberang Perai Selatan,secondary,male,2018-01-01,384
Pulau Pinang,Seberang Perai Selatan,secondary,male,2019-01-01,396
Pulau Pinang,Seberang Perai Selatan,secondary,male,2020-01-01,376
Pulau Pinang,Seberang Perai Selatan,secondary,male,2021-01-01,364
Pulau Pinang,Seberang Perai Selatan,secondary,male,2022-01-01,364
Pulau Pinang,Seberang Perai Selatan,secondary,male,2023-06-30,348
Pulau Pinang,Seberang Perai Selatan,secondary,male,2024-06-30,340
Pulau Pinang,Seberang Perai Selatan,secondary,male,2025-06-30,341
Pulau Pinang,Seberang Perai Tengah,primary,both,2017-01-01,2645
Pulau Pinang,Seberang Perai Tengah,primary,both,2018-01-01,2701
Pulau Pinang,Seberang Perai Tengah,primary,both,2019-01-01,2650
Pulau Pinang,Seberang Perai Tengah,primary,both,2020-01-01,2622
Pulau Pinang,Seberang Perai Tengah,primary,both,2021-01-01,2567
Pulau Pinang,Seberang Perai Tengah,primary,both,2022-01-01,2596
Pulau Pinang,Seberang Perai Tengah,primary,both,2023-06-30,2549
Pulau Pinang,Seberang Perai Tengah,primary,both,2024-06-30,2562
Pulau Pinang,Seberang Perai Tengah,primary,both,2025-06-30,2548
Pulau Pinang,Seberang Perai Tengah,primary,female,2017-01-01,2074
Pulau Pinang,Seberang Perai Tengah,primary,female,2018-01-01,2121
Pulau Pinang,Seberang Perai Tengah,primary,female,2019-01-01,2081
Pulau Pinang,Seberang Perai Tengah,primary,female,2020-01-01,2052
Pulau Pinang,Seberang Perai Tengah,primary,female,2021-01-01,2005
Pulau Pinang,Seberang Perai Tengah,primary,female,2022-01-01,2026
Pulau Pinang,Seberang Perai Tengah,primary,female,2023-06-30,1991
Pulau Pinang,Seberang Perai Tengah,primary,female,2024-06-30,2014
Pulau Pinang,Seberang Perai Tengah,primary,female,2025-06-30,2006
Pulau Pinang,Seberang Perai Tengah,primary,male,2017-01-01,571
Pulau Pinang,Seberang Perai Tengah,primary,male,2018-01-01,580
Pulau Pinang,Seberang Perai Tengah,primary,male,2019-01-01,569
Pulau Pinang,Seberang Perai Tengah,primary,male,2020-01-01,570
Pulau Pinang,Seberang Perai Tengah,primary,male,2021-01-01,562
Pulau Pinang,Seberang Perai Tengah,primary,male,2022-01-01,570
Pulau Pinang,Seberang Perai Tengah,primary,male,2023-06-30,558
Pulau Pinang,Seberang Perai Tengah,primary,male,2024-06-30,548
Pulau Pinang,Seberang Perai Tengah,primary,male,2025-06-30,542
Pulau Pinang,Seberang Perai Tengah,secondary,both,2017-01-01,2321
Pulau Pinang,Seberang Perai Tengah,secondary,both,2018-01-01,2294
Pulau Pinang,Seberang Perai Tengah,secondary,both,2019-01-01,2297
Pulau Pinang,Seberang Perai Tengah,secondary,both,2020-01-01,2250
Pulau Pinang,Seberang Perai Tengah,secondary,both,2021-01-01,2192
Pulau Pinang,Seberang Perai Tengah,secondary,both,2022-01-01,2264
Pulau Pinang,Seberang Perai Tengah,secondary,both,2023-06-30,2164
Pulau Pinang,Seberang Perai Tengah,secondary,both,2024-06-30,2138
Pulau Pinang,Seberang Perai Tengah,secondary,both,2025-06-30,2172
Pulau Pinang,Seberang Perai Tengah,secondary,female,2017-01-01,1741
Pulau Pinang,Seberang Perai Tengah,secondary,female,2018-01-01,1745
Pulau Pinang,Seberang Perai Tengah,secondary,female,2019-01-01,1750
Pulau Pinang,Seberang Perai Tengah,secondary,female,2020-01-01,1732
Pulau Pinang,Seberang Perai Tengah,secondary,female,2021-01-01,1695
Pulau Pinang,Seberang Perai Tengah,secondary,female,2022-01-01,1744
Pulau Pinang,Seberang Perai Tengah,secondary,female,2023-06-30,1685
Pulau Pinang,Seberang Perai Tengah,secondary,female,2024-06-30,1669
Pulau Pinang,Seberang Perai Tengah,secondary,female,2025-06-30,1700
Pulau Pinang,Seberang Perai Tengah,secondary,male,2017-01-01,580
Pulau Pinang,Seberang Perai Tengah,secondary,male,2018-01-01,549
Pulau Pinang,Seberang Perai Tengah,secondary,male,2019-01-01,547
Pulau Pinang,Seberang Perai Tengah,secondary,male,2020-01-01,518
Pulau Pinang,Seberang Perai Tengah,secondary,male,2021-01-01,497
Pulau Pinang,Seberang Perai Tengah,secondary,male,2022-01-01,520
Pulau Pinang,Seberang Perai Tengah,secondary,male,2023-06-30,479
Pulau Pinang,Seberang Perai Tengah,secondary,male,2024-06-30,469
Pulau Pinang,Seberang Perai Tengah,secondary,male,2025-06-30,472
Pulau Pinang,Seberang Perai Utara,primary,both,2017-01-01,2552
Pulau Pinang,Seberang Perai Utara,primary,both,2018-01-01,2669
Pulau Pinang,Seberang Perai Utara,primary,both,2019-01-01,2599
Pulau Pinang,Seberang Perai Utara,primary,both,2020-01-01,2597
Pulau Pinang,Seberang Perai Utara,primary,both,2021-01-01,2583
Pulau Pinang,Seberang Perai Utara,primary,both,2022-01-01,2635
Pulau Pinang,Seberang Perai Utara,primary,both,2023-06-30,2557
Pulau Pinang,Seberang Perai Utara,primary,both,2024-06-30,2523
Pulau Pinang,Seberang Perai Utara,primary,both,2025-06-30,2535
Pulau Pinang,Seberang Perai Utara,primary,female,2017-01-01,1943
Pulau Pinang,Seberang Perai Utara,primary,female,2018-01-01,2067
Pulau Pinang,Seberang Perai Utara,primary,female,2019-01-01,2007
Pulau Pinang,Seberang Perai Utara,primary,female,2020-01-01,1994
Pulau Pinang,Seberang Perai Utara,primary,female,2021-01-01,1984
Pulau Pinang,Seberang Perai Utara,primary,female,2022-01-01,2014
Pulau Pinang,Seberang Perai Utara,primary,female,2023-06-30,1965
Pulau Pinang,Seberang Perai Utara,primary,female,2024-06-30,1926
Pulau Pinang,Seberang Perai Utara,primary,female,2025-06-30,1947
Pulau Pinang,Seberang Perai Utara,primary,male,2017-01-01,609
Pulau Pinang,Seberang Perai Utara,primary,male,2018-01-01,602
Pulau Pinang,Seberang Perai Utara,primary,male,2019-01-01,592
Pulau Pinang,Seberang Perai Utara,primary,male,2020-01-01,603
Pulau Pinang,Seberang Perai Utara,primary,male,2021-01-01,599
Pulau Pinang,Seberang Perai Utara,primary,male,2022-01-01,621
Pulau Pinang,Seberang Perai Utara,primary,male,2023-06-30,592
Pulau Pinang,Seberang Perai Utara,primary,male,2024-06-30,597
Pulau Pinang,Seberang Perai Utara,primary,male,2025-06-30,588
Pulau Pinang,Seberang Perai Utara,secondary,both,2017-01-01,2245
Pulau Pinang,Seberang Perai Utara,secondary,both,2018-01-01,2223
Pulau Pinang,Seberang Perai Utara,secondary,both,2019-01-01,2202
Pulau Pinang,Seberang Perai Utara,secondary,both,2020-01-01,2148
Pulau Pinang,Seberang Perai Utara,secondary,both,2021-01-01,2112
Pulau Pinang,Seberang Perai Utara,secondary,both,2022-01-01,2175
Pulau Pinang,Seberang Perai Utara,secondary,both,2023-06-30,2114
Pulau Pinang,Seberang Perai Utara,secondary,both,2024-06-30,2124
Pulau Pinang,Seberang Perai Utara,secondary,both,2025-06-30,2164
Pulau Pinang,Seberang Perai Utara,secondary,female,2017-01-01,1628
Pulau Pinang,Seberang Perai Utara,secondary,female,2018-01-01,1645
Pulau Pinang,Seberang Perai Utara,secondary,female,2019-01-01,1632
Pulau Pinang,Seberang Perai Utara,secondary,female,2020-01-01,1605
Pulau Pinang,Seberang Perai Utara,secondary,female,2021-01-01,1573
Pulau Pinang,Seberang Perai Utara,secondary,female,2022-01-01,1643
Pulau Pinang,Seberang Perai Utara,secondary,female,2023-06-30,1596
Pulau Pinang,Seberang Perai Utara,secondary,female,2024-06-30,1608
Pulau Pinang,Seberang Perai Utara,secondary,female,2025-06-30,1627
Pulau Pinang,Seberang Perai Utara,secondary,male,2017-01-01,617
Pulau Pinang,Seberang Perai Utara,secondary,male,2018-01-01,578
Pulau Pinang,Seberang Perai Utara,secondary,male,2019-01-01,570
Pulau Pinang,Seberang Perai Utara,secondary,male,2020-01-01,543
Pulau Pinang,Seberang Perai Utara,secondary,male,2021-01-01,539
Pulau Pinang,Seberang Perai Utara,secondary,male,2022-01-01,532
Pulau Pinang,Seberang Perai Utara,secondary,male,2023-06-30,518
Pulau Pinang,Seberang Perai Utara,secondary,male,2024-06-30,516
Pulau Pinang,Seberang Perai Utara,secondary,male,2025-06-30,537
Pulau Pinang,Timur Laut,primary,both,2017-01-01,2486
Pulau Pinang,Timur Laut,primary,both,2018-01-01,2514
Pulau Pinang,Timur Laut,primary,both,2019-01-01,2434
Pulau Pinang,Timur Laut,primary,both,2020-01-01,2439
Pulau Pinang,Timur Laut,primary,both,2021-01-01,2401
Pulau Pinang,Timur Laut,primary,both,2022-01-01,2433
Pulau Pinang,Timur Laut,primary,both,2023-06-30,2359
Pulau Pinang,Timur Laut,primary,both,2024-06-30,2334
Pulau Pinang,Timur Laut,primary,both,2025-06-30,2324
Pulau Pinang,Timur Laut,primary,female,2017-01-01,1987
Pulau Pinang,Timur Laut,primary,female,2018-01-01,2026
Pulau Pinang,Timur Laut,primary,female,2019-01-01,1951
Pulau Pinang,Timur Laut,primary,female,2020-01-01,1947
Pulau Pinang,Timur Laut,primary,female,2021-01-01,1912
Pulau Pinang,Timur Laut,primary,female,2022-01-01,1928
Pulau Pinang,Timur Laut,primary,female,2023-06-30,1870
Pulau Pinang,Timur Laut,primary,female,2024-06-30,1854
Pulau Pinang,Timur Laut,primary,female,2025-06-30,1848
Pulau Pinang,Timur Laut,primary,male,2017-01-01,499
Pulau Pinang,Timur Laut,primary,male,2018-01-01,488
Pulau Pinang,Timur Laut,primary,male,2019-01-01,483
Pulau Pinang,Timur Laut,primary,male,2020-01-01,492
Pulau Pinang,Timur Laut,primary,male,2021-01-01,489
Pulau Pinang,Timur Laut,primary,male,2022-01-01,505
Pulau Pinang,Timur Laut,primary,male,2023-06-30,489
Pulau Pinang,Timur Laut,primary,male,2024-06-30,480
Pulau Pinang,Timur Laut,primary,male,2025-06-30,476
Pulau Pinang,Timur Laut,secondary,both,2017-01-01,2848
Pulau Pinang,Timur Laut,secondary,both,2018-01-01,2759
Pulau Pinang,Timur Laut,secondary,both,2019-01-01,2674
Pulau Pinang,Timur Laut,secondary,both,2020-01-01,2581
Pulau Pinang,Timur Laut,secondary,both,2021-01-01,2492
Pulau Pinang,Timur Laut,secondary,both,2022-01-01,2441
Pulau Pinang,Timur Laut,secondary,both,2023-06-30,2393
Pulau Pinang,Timur Laut,secondary,both,2024-06-30,2356
Pulau Pinang,Timur Laut,secondary,both,2025-06-30,2351
Pulau Pinang,Timur Laut,secondary,female,2017-01-01,2175
Pulau Pinang,Timur Laut,secondary,female,2018-01-01,2125
Pulau Pinang,Timur Laut,secondary,female,2019-01-01,2066
Pulau Pinang,Timur Laut,secondary,female,2020-01-01,1993
Pulau Pinang,Timur Laut,secondary,female,2021-01-01,1930
Pulau Pinang,Timur Laut,secondary,female,2022-01-01,1901
Pulau Pinang,Timur Laut,secondary,female,2023-06-30,1880
Pulau Pinang,Timur Laut,secondary,female,2024-06-30,1847
Pulau Pinang,Timur Laut,secondary,female,2025-06-30,1845
Pulau Pinang,Timur Laut,secondary,male,2017-01-01,673
Pulau Pinang,Timur Laut,secondary,male,2018-01-01,634
Pulau Pinang,Timur Laut,secondary,male,2019-01-01,608
Pulau Pinang,Timur Laut,secondary,male,2020-01-01,588
Pulau Pinang,Timur Laut,secondary,male,2021-01-01,562
Pulau Pinang,Timur Laut,secondary,male,2022-01-01,540
Pulau Pinang,Timur Laut,secondary,male,2023-06-30,513
Pulau Pinang,Timur Laut,secondary,male,2024-06-30,509
Pulau Pinang,Timur Laut,secondary,male,2025-06-30,506
Sabah,All Districts,primary,both,2017-01-01,24823
Sabah,All Districts,primary,both,2018-01-01,26123
Sabah,All Districts,primary,both,2019-01-01,25847
Sabah,All Districts,primary,both,2020-01-01,26612
Sabah,All Districts,primary,both,2021-01-01,26547
Sabah,All Districts,primary,both,2022-01-01,26478
Sabah,All Districts,primary,both,2023-06-30,26288
Sabah,All Districts,primary,both,2024-06-30,26648
Sabah,All Districts,primary,both,2025-06-30,26655
Sabah,All Districts,primary,female,2017-01-01,14869
Sabah,All Districts,primary,female,2018-01-01,16037
Sabah,All Districts,primary,female,2019-01-01,15892
Sabah,All Districts,primary,female,2020-01-01,16499
Sabah,All Districts,primary,female,2021-01-01,16573
Sabah,All Districts,primary,female,2022-01-01,16635
Sabah,All Districts,primary,female,2023-06-30,16617
Sabah,All Districts,primary,female,2024-06-30,17038
Sabah,All Districts,primary,female,2025-06-30,17169
Sabah,All Districts,primary,male,2017-01-01,9954
Sabah,All Districts,primary,male,2018-01-01,10086
Sabah,All Districts,primary,male,2019-01-01,9955
Sabah,All Districts,primary,male,2020-01-01,10113
Sabah,All Districts,primary,male,2021-01-01,9974
Sabah,All Districts,primary,male,2022-01-01,9843
Sabah,All Districts,primary,male,2023-06-30,9671
Sabah,All Districts,primary,male,2024-06-30,9610
Sabah,All Districts,primary,male,2025-06-30,9486
Sabah,All Districts,secondary,both,2017-01-01,15662
Sabah,All Districts,secondary,both,2018-01-01,16269
Sabah,All Districts,secondary,both,2019-01-01,16314
Sabah,All Districts,secondary,both,2020-01-01,16424
Sabah,All Districts,secondary,both,2021-01-01,16078
Sabah,All Districts,secondary,both,2022-01-01,16699
Sabah,All Districts,secondary,both,2023-06-30,16919
Sabah,All Districts,secondary,both,2024-06-30,17172
Sabah,All Districts,secondary,both,2025-06-30,17273
Sabah,All Districts,secondary,female,2017-01-01,9487
Sabah,All Districts,secondary,female,2018-01-01,9946
Sabah,All Districts,secondary,female,2019-01-01,10004
Sabah,All Districts,secondary,female,2020-01-01,10204
Sabah,All Districts,secondary,female,2021-01-01,10036
Sabah,All Districts,secondary,female,2022-01-01,10616
Sabah,All Districts,secondary,female,2023-06-30,10835
Sabah,All Districts,secondary,female,2024-06-30,11120
Sabah,All Districts,secondary,female,2025-06-30,11315
Sabah,All Districts,secondary,male,2017-01-01,6175
Sabah,All Districts,secondary,male,2018-01-01,6323
Sabah,All Districts,secondary,male,2019-01-01,6310
Sabah,All Districts,secondary,male,2020-01-01,6220
Sabah,All Districts,secondary,male,2021-01-01,6042
Sabah,All Districts,secondary,male,2022-01-01,6083
Sabah,All Districts,secondary,male,2023-06-30,6084
Sabah,All Districts,secondary,male,2024-06-30,6052
Sabah,All Districts,secondary,male,2025-06-30,5958
Sabah,Beaufort,primary,both,2017-01-01,1013
Sabah,Beaufort,primary,both,2018-01-01,1074
Sabah,Beaufort,primary,both,2019-01-01,1046
Sabah,Beaufort,primary,both,2020-01-01,1046
Sabah,Beaufort,primary,both,2021-01-01,1039
Sabah,Beaufort,primary,both,2022-01-01,1039
Sabah,Beaufort,primary,both,2023-06-30,986
Sabah,Beaufort,primary,both,2024-06-30,992
Sabah,Beaufort,primary,both,2025-06-30,1013
Sabah,Beaufort,primary,female,2017-01-01,617
Sabah,Beaufort,primary,female,2018-01-01,671
Sabah,Beaufort,primary,female,2019-01-01,655
Sabah,Beaufort,primary,female,2020-01-01,654
Sabah,Beaufort,primary,female,2021-01-01,650
Sabah,Beaufort,primary,female,2022-01-01,651
Sabah,Beaufort,primary,female,2023-06-30,623
Sabah,Beaufort,primary,female,2024-06-30,631
Sabah,Beaufort,primary,female,2025-06-30,654
Sabah,Beaufort,primary,male,2017-01-01,396
Sabah,Beaufort,primary,male,2018-01-01,403
Sabah,Beaufort,primary,male,2019-01-01,391
Sabah,Beaufort,primary,male,2020-01-01,392
Sabah,Beaufort,primary,male,2021-01-01,389
Sabah,Beaufort,primary,male,2022-01-01,388
Sabah,Beaufort,primary,male,2023-06-30,363
Sabah,Beaufort,primary,male,2024-06-30,361
Sabah,Beaufort,primary,male,2025-06-30,359
Sabah,Beaufort,secondary,both,2017-01-01,655
Sabah,Beaufort,secondary,both,2018-01-01,667
Sabah,Beaufort,secondary,both,2019-01-01,682
Sabah,Beaufort,secondary,both,2020-01-01,683
Sabah,Beaufort,secondary,both,2021-01-01,674
Sabah,Beaufort,secondary,both,2022-01-01,661
Sabah,Beaufort,secondary,both,2023-06-30,659
Sabah,Beaufort,secondary,both,2024-06-30,667
Sabah,Beaufort,secondary,both,2025-06-30,675
Sabah,Beaufort,secondary,female,2017-01-01,346
Sabah,Beaufort,secondary,female,2018-01-01,363
Sabah,Beaufort,secondary,female,2019-01-01,375
Sabah,Beaufort,secondary,female,2020-01-01,391
Sabah,Beaufort,secondary,female,2021-01-01,388
Sabah,Beaufort,secondary,female,2022-01-01,384
Sabah,Beaufort,secondary,female,2023-06-30,385
Sabah,Beaufort,secondary,female,2024-06-30,394
Sabah,Beaufort,secondary,female,2025-06-30,403
Sabah,Beaufort,secondary,male,2017-01-01,309
Sabah,Beaufort,secondary,male,2018-01-01,304
Sabah,Beaufort,secondary,male,2019-01-01,307
Sabah,Beaufort,secondary,male,2020-01-01,292
Sabah,Beaufort,secondary,male,2021-01-01,286
Sabah,Beaufort,secondary,male,2022-01-01,277
Sabah,Beaufort,secondary,male,2023-06-30,274
Sabah,Beaufort,secondary,male,2024-06-30,273
Sabah,Beaufort,secondary,male,2025-06-30,272
Sabah,Beluran,primary,both,2017-01-01,627
Sabah,Beluran,primary,both,2018-01-01,733
Sabah,Beluran,primary,both,2019-01-01,709
Sabah,Beluran,primary,both,2020-01-01,756
Sabah,Beluran,primary,both,2021-01-01,774
Sabah,Beluran,primary,both,2022-01-01,747
Sabah,Beluran,primary,both,2023-06-30,737
Sabah,Beluran,primary,both,2024-06-30,776
Sabah,Beluran,primary,both,2025-06-30,764
Sabah,Beluran,primary,female,2017-01-01,244
Sabah,Beluran,primary,female,2018-01-01,320
Sabah,Beluran,primary,female,2019-01-01,309
Sabah,Beluran,primary,female,2020-01-01,345
Sabah,Beluran,primary,female,2021-01-01,362
Sabah,Beluran,primary,female,2022-01-01,360
Sabah,Beluran,primary,female,2023-06-30,369
Sabah,Beluran,primary,female,2024-06-30,406
Sabah,Beluran,primary,female,2025-06-30,417
Sabah,Beluran,primary,male,2017-01-01,383
Sabah,Beluran,primary,male,2018-01-01,413
Sabah,Beluran,primary,male,2019-01-01,400
Sabah,Beluran,primary,male,2020-01-01,411
Sabah,Beluran,primary,male,2021-01-01,412
Sabah,Beluran,primary,male,2022-01-01,387
Sabah,Beluran,primary,male,2023-06-30,368
Sabah,Beluran,primary,male,2024-06-30,370
Sabah,Beluran,primary,male,2025-06-30,347
Sabah,Beluran,secondary,both,2017-01-01,269
Sabah,Beluran,secondary,both,2018-01-01,283
Sabah,Beluran,secondary,both,2019-01-01,273
Sabah,Beluran,secondary,both,2020-01-01,269
Sabah,Beluran,secondary,both,2021-01-01,255
Sabah,Beluran,secondary,both,2022-01-01,294
Sabah,Beluran,secondary,both,2023-06-30,311
Sabah,Beluran,secondary,both,2024-06-30,318
Sabah,Beluran,secondary,both,2025-06-30,312
Sabah,Beluran,secondary,female,2017-01-01,127
Sabah,Beluran,secondary,female,2018-01-01,132
Sabah,Beluran,secondary,female,2019-01-01,133
Sabah,Beluran,secondary,female,2020-01-01,134
Sabah,Beluran,secondary,female,2021-01-01,128
Sabah,Beluran,secondary,female,2022-01-01,161
Sabah,Beluran,secondary,female,2023-06-30,172
Sabah,Beluran,secondary,female,2024-06-30,181
Sabah,Beluran,secondary,female,2025-06-30,185
Sabah,Beluran,secondary,male,2017-01-01,142
Sabah,Beluran,secondary,male,2018-01-01,151
Sabah,Beluran,secondary,male,2019-01-01,140
Sabah,Beluran,secondary,male,2020-01-01,135
Sabah,Beluran,secondary,male,2021-01-01,127
Sabah,Beluran,secondary,male,2022-01-01,133
Sabah,Beluran,secondary,male,2023-06-30,139
Sabah,Beluran,secondary,male,2024-06-30,137
Sabah,Beluran,secondary,male,2025-06-30,127
Sabah,Keningau,primary,both,2017-01-01,1615
Sabah,Keningau,primary,both,2018-01-01,1667
Sabah,Keningau,primary,both,2019-01-01,1667
Sabah,Keningau,primary,both,2020-01-01,1693
Sabah,Keningau,primary,both,2021-01-01,1695
Sabah,Keningau,primary,both,2022-01-01,1692
Sabah,Keningau,primary,both,2023-06-30,1670
Sabah,Keningau,primary,both,2024-06-30,1673
Sabah,Keningau,primary,both,2025-06-30,1676
Sabah,Keningau,primary,female,2017-01-01,908
Sabah,Keningau,primary,female,2018-01-01,971
Sabah,Keningau,primary,female,2019-01-01,969
Sabah,Keningau,primary,female,2020-01-01,989
Sabah,Keningau,primary,female,2021-01-01,1003
Sabah,Keningau,primary,female,2022-01-01,1010
Sabah,Keningau,primary,female,2023-06-30,991
Sabah,Keningau,primary,female,2024-06-30,981
Sabah,Keningau,primary,female,2025-06-30,986
Sabah,Keningau,primary,male,2017-01-01,707
Sabah,Keningau,primary,male,2018-01-01,696
Sabah,Keningau,primary,male,2019-01-01,698
Sabah,Keningau,primary,male,2020-01-01,704
Sabah,Keningau,primary,male,2021-01-01,692
Sabah,Keningau,primary,male,2022-01-01,682
Sabah,Keningau,primary,male,2023-06-30,679
Sabah,Keningau,primary,male,2024-06-30,692
Sabah,Keningau,primary,male,2025-06-30,690
Sabah,Keningau,secondary,both,2017-01-01,1055
Sabah,Keningau,secondary,both,2018-01-01,1132
Sabah,Keningau,secondary,both,2019-01-01,1153
Sabah,Keningau,secondary,both,2020-01-01,1181
Sabah,Keningau,secondary,both,2021-01-01,1164
Sabah,Keningau,secondary,both,2022-01-01,1194
Sabah,Keningau,secondary,both,2023-06-30,1209
Sabah,Keningau,secondary,both,2024-06-30,1223
Sabah,Keningau,secondary,both,2025-06-30,1225
Sabah,Keningau,secondary,female,2017-01-01,582
Sabah,Keningau,secondary,female,2018-01-01,640
Sabah,Keningau,secondary,female,2019-01-01,658
Sabah,Keningau,secondary,female,2020-01-01,676
Sabah,Keningau,secondary,female,2021-01-01,671
Sabah,Keningau,secondary,female,2022-01-01,696
Sabah,Keningau,secondary,female,2023-06-30,712
Sabah,Keningau,secondary,female,2024-06-30,716
Sabah,Keningau,secondary,female,2025-06-30,723
Sabah,Keningau,secondary,male,2017-01-01,473
Sabah,Keningau,secondary,male,2018-01-01,492
Sabah,Keningau,secondary,male,2019-01-01,495
Sabah,Keningau,secondary,male,2020-01-01,505
Sabah,Keningau,secondary,male,2021-01-01,493
Sabah,Keningau,secondary,male,2022-01-01,498
Sabah,Keningau,secondary,male,2023-06-30,497
Sabah,Keningau,secondary,male,2024-06-30,507
Sabah,Keningau,secondary,male,2025-06-30,502
Sabah,Kinabatangan,primary,both,2017-01-01,566
Sabah,Kinabatangan,primary,both,2018-01-01,597
Sabah,Kinabatangan,primary,both,2019-01-01,588
Sabah,Kinabatangan,primary,both,2020-01-01,654
Sabah,Kinabatangan,primary,both,2021-01-01,634
Sabah,Kinabatangan,primary,both,2022-01-01,607
Sabah,Kinabatangan,primary,both,2023-06-30,613
Sabah,Kinabatangan,primary,both,2024-06-30,645
Sabah,Kinabatangan,primary,both,2025-06-30,640
Sabah,Kinabatangan,primary,female,2017-01-01,244
Sabah,Kinabatangan,primary,female,2018-01-01,292
Sabah,Kinabatangan,primary,female,2019-01-01,287
Sabah,Kinabatangan,primary,female,2020-01-01,323
Sabah,Kinabatangan,primary,female,2021-01-01,312
Sabah,Kinabatangan,primary,female,2022-01-01,302
Sabah,Kinabatangan,primary,female,2023-06-30,310
Sabah,Kinabatangan,primary,female,2024-06-30,342
Sabah,Kinabatangan,primary,female,2025-06-30,338
Sabah,Kinabatangan,primary,male,2017-01-01,322
Sabah,Kinabatangan,primary,male,2018-01-01,305
Sabah,Kinabatangan,primary,male,2019-01-01,301
Sabah,Kinabatangan,primary,male,2020-01-01,331
Sabah,Kinabatangan,primary,male,2021-01-01,322
Sabah,Kinabatangan,primary,male,2022-01-01,305
Sabah,Kinabatangan,primary,male,2023-06-30,303
Sabah,Kinabatangan,primary,male,2024-06-30,303
Sabah,Kinabatangan,primary,male,2025-06-30,302
Sabah,Kinabatangan,secondary,both,2017-01-01,197
Sabah,Kinabatangan,secondary,both,2018-01-01,219
Sabah,Kinabatangan,secondary,both,2019-01-01,218
Sabah,Kinabatangan,secondary,both,2020-01-01,220
Sabah,Kinabatangan,secondary,both,2021-01-01,207
Sabah,Kinabatangan,secondary,both,2022-01-01,218
Sabah,Kinabatangan,secondary,both,2023-06-30,224
Sabah,Kinabatangan,secondary,both,2024-06-30,233
Sabah,Kinabatangan,secondary,both,2025-06-30,238
Sabah,Kinabatangan,secondary,female,2017-01-01,115
Sabah,Kinabatangan,secondary,female,2018-01-01,126
Sabah,Kinabatangan,secondary,female,2019-01-01,117
Sabah,Kinabatangan,secondary,female,2020-01-01,116
Sabah,Kinabatangan,secondary,female,2021-01-01,111
Sabah,Kinabatangan,secondary,female,2022-01-01,125
Sabah,Kinabatangan,secondary,female,2023-06-30,140
Sabah,Kinabatangan,secondary,female,2024-06-30,149
Sabah,Kinabatangan,secondary,female,2025-06-30,160
Sabah,Kinabatangan,secondary,male,2017-01-01,82
Sabah,Kinabatangan,secondary,male,2018-01-01,93
Sabah,Kinabatangan,secondary,male,2019-01-01,101
Sabah,Kinabatangan,secondary,male,2020-01-01,104
Sabah,Kinabatangan,secondary,male,2021-01-01,96
Sabah,Kinabatangan,secondary,male,2022-01-01,93
Sabah,Kinabatangan,secondary,male,2023-06-30,84
Sabah,Kinabatangan,secondary,male,2024-06-30,84
Sabah,Kinabatangan,secondary,male,2025-06-30,78
Sabah,Kota Belud,primary,both,2017-01-01,1174
Sabah,Kota Belud,primary,both,2018-01-01,1209
Sabah,Kota Belud,primary,both,2019-01-01,1205
Sabah,Kota Belud,primary,both,2020-01-01,1243
Sabah,Kota Belud,primary,both,2021-01-01,1225
Sabah,Kota Belud,primary,both,2022-01-01,1240
Sabah,Kota Belud,primary,both,2023-06-30,1211
Sabah,Kota Belud,primary,both,2024-06-30,1213
Sabah,Kota Belud,primary,both,2025-06-30,1218
Sabah,Kota Belud,primary,female,2017-01-01,710
Sabah,Kota Belud,primary,female,2018-01-01,754
Sabah,Kota Belud,primary,female,2019-01-01,756
Sabah,Kota Belud,primary,female,2020-01-01,787
Sabah,Kota Belud,primary,female,2021-01-01,780
Sabah,Kota Belud,primary,female,2022-01-01,797
Sabah,Kota Belud,primary,female,2023-06-30,780
Sabah,Kota Belud,primary,female,2024-06-30,787
Sabah,Kota Belud,primary,female,2025-06-30,787
Sabah,Kota Belud,primary,male,2017-01-01,464
Sabah,Kota Belud,primary,male,2018-01-01,455
Sabah,Kota Belud,primary,male,2019-01-01,449
Sabah,Kota Belud,primary,male,2020-01-01,456
Sabah,Kota Belud,primary,male,2021-01-01,445
Sabah,Kota Belud,primary,male,2022-01-01,443
Sabah,Kota Belud,primary,male,2023-06-30,431
Sabah,Kota Belud,primary,male,2024-06-30,426
Sabah,Kota Belud,primary,male,2025-06-30,431
Sabah,Kota Belud,secondary,both,2017-01-01,746
Sabah,Kota Belud,secondary,both,2018-01-01,737
Sabah,Kota Belud,secondary,both,2019-01-01,716
Sabah,Kota Belud,secondary,both,2020-01-01,716
Sabah,Kota Belud,secondary,both,2021-01-01,700
Sabah,Kota Belud,secondary,both,2022-01-01,721
Sabah,Kota Belud,secondary,both,2023-06-30,733
Sabah,Kota Belud,secondary,both,2024-06-30,742
Sabah,Kota Belud,secondary,both,2025-06-30,748
Sabah,Kota Belud,secondary,female,2017-01-01,444
Sabah,Kota Belud,secondary,female,2018-01-01,444
Sabah,Kota Belud,secondary,female,2019-01-01,435
Sabah,Kota Belud,secondary,female,2020-01-01,436
Sabah,Kota Belud,secondary,female,2021-01-01,430
Sabah,Kota Belud,secondary,female,2022-01-01,457
Sabah,Kota Belud,secondary,female,2023-06-30,474
Sabah,Kota Belud,secondary,female,2024-06-30,486
Sabah,Kota Belud,secondary,female,2025-06-30,493
Sabah,Kota Belud,secondary,male,2017-01-01,302
Sabah,Kota Belud,secondary,male,2018-01-01,293
Sabah,Kota Belud,secondary,male,2019-01-01,281
Sabah,Kota Belud,secondary,male,2020-01-01,280
Sabah,Kota Belud,secondary,male,2021-01-01,270
Sabah,Kota Belud,secondary,male,2022-01-01,264
Sabah,Kota Belud,secondary,male,2023-06-30,259
Sabah,Kota Belud,secondary,male,2024-06-30,256
Sabah,Kota Belud,secondary,male,2025-06-30,255
Sabah,Kota Kinabalu,primary,both,2017-01-01,2394
Sabah,Kota Kinabalu,primary,both,2018-01-01,2494
Sabah,Kota Kinabalu,primary,both,2019-01-01,2520
Sabah,Kota Kinabalu,primary,both,2020-01-01,2606
Sabah,Kota Kinabalu,primary,both,2021-01-01,2599
Sabah,Kota Kinabalu,primary,both,2022-01-01,2658
Sabah,Kota Kinabalu,primary,both,2023-06-30,2616
Sabah,Kota Kinabalu,primary,both,2024-06-30,2634
Sabah,Kota Kinabalu,primary,both,2025-06-30,2595
Sabah,Kota Kinabalu,primary,female,2017-01-01,1818
Sabah,Kota Kinabalu,primary,female,2018-01-01,1902
Sabah,Kota Kinabalu,primary,female,2019-01-01,1912
Sabah,Kota Kinabalu,primary,female,2020-01-01,1965
Sabah,Kota Kinabalu,primary,female,2021-01-01,1963
Sabah,Kota Kinabalu,primary,female,2022-01-01,1996
Sabah,Kota Kinabalu,primary,female,2023-06-30,1976
Sabah,Kota Kinabalu,primary,female,2024-06-30,1995
Sabah,Kota Kinabalu,primary,female,2025-06-30,1968
Sabah,Kota Kinabalu,primary,male,2017-01-01,576
Sabah,Kota Kinabalu,primary,male,2018-01-01,592
Sabah,Kota Kinabalu,primary,male,2019-01-01,608
Sabah,Kota Kinabalu,primary,male,2020-01-01,641
Sabah,Kota Kinabalu,primary,male,2021-01-01,636
Sabah,Kota Kinabalu,primary,male,2022-01-01,662
Sabah,Kota Kinabalu,primary,male,2023-06-30,640
Sabah,Kota Kinabalu,primary,male,2024-06-30,639
Sabah,Kota Kinabalu,primary,male,2025-06-30,627
Sabah,Kota Kinabalu,secondary,both,2017-01-01,1878
Sabah,Kota Kinabalu,secondary,both,2018-01-01,1978
Sabah,Kota Kinabalu,secondary,both,2019-01-01,1951
Sabah,Kota Kinabalu,secondary,both,2020-01-01,1974
Sabah,Kota Kinabalu,secondary,both,2021-01-01,1920
Sabah,Kota Kinabalu,secondary,both,2022-01-01,1980
Sabah,Kota Kinabalu,secondary,both,2023-06-30,1972
Sabah,Kota Kinabalu,secondary,both,2024-06-30,1999
Sabah,Kota Kinabalu,secondary,both,2025-06-30,2029
Sabah,Kota Kinabalu,secondary,female,2017-01-01,1283
Sabah,Kota Kinabalu,secondary,female,2018-01-01,1352
Sabah,Kota Kinabalu,secondary,female,2019-01-01,1322
Sabah,Kota Kinabalu,secondary,female,2020-01-01,1336
Sabah,Kota Kinabalu,secondary,female,2021-01-01,1305
Sabah,Kota Kinabalu,secondary,female,2022-01-01,1353
Sabah,Kota Kinabalu,secondary,female,2023-06-30,1355
Sabah,Kota Kinabalu,secondary,female,2024-06-30,1371
Sabah,Kota Kinabalu,secondary,female,2025-06-30,1400
Sabah,Kota Kinabalu,secondary,male,2017-01-01,595
Sabah,Kota Kinabalu,secondary,male,2018-01-01,626
Sabah,Kota Kinabalu,secondary,male,2019-01-01,629
Sabah,Kota Kinabalu,secondary,male,2020-01-01,638
Sabah,Kota Kinabalu,secondary,male,2021-01-01,615
Sabah,Kota Kinabalu,secondary,male,2022-01-01,627
Sabah,Kota Kinabalu,secondary,male,2023-06-30,617
Sabah,Kota Kinabalu,secondary,male,2024-06-30,628
Sabah,Kota Kinabalu,secondary,male,2025-06-30,629
Sabah,Kota Marudu,primary,both,2017-01-01,836
Sabah,Kota Marudu,primary,both,2018-01-01,864
Sabah,Kota Marudu,primary,both,2019-01-01,856
Sabah,Kota Marudu,primary,both,2020-01-01,887
Sabah,Kota Marudu,primary,both,2021-01-01,877
Sabah,Kota Marudu,primary,both,2022-01-01,884
Sabah,Kota Marudu,primary,both,2023-06-30,884
Sabah,Kota Marudu,primary,both,2024-06-30,884
Sabah,Kota Marudu,primary,both,2025-06-30,871
Sabah,Kota Marudu,primary,female,2017-01-01,455
Sabah,Kota Marudu,primary,female,2018-01-01,492
Sabah,Kota Marudu,primary,female,2019-01-01,487
Sabah,Kota Marudu,primary,female,2020-01-01,514
Sabah,Kota Marudu,primary,female,2021-01-01,510
Sabah,Kota Marudu,primary,female,2022-01-01,518
Sabah,Kota Marudu,primary,female,2023-06-30,516
Sabah,Kota Marudu,primary,female,2024-06-30,517
Sabah,Kota Marudu,primary,female,2025-06-30,518
Sabah,Kota Marudu,primary,male,2017-01-01,381
Sabah,Kota Marudu,primary,male,2018-01-01,372
Sabah,Kota Marudu,primary,male,2019-01-01,369
Sabah,Kota Marudu,primary,male,2020-01-01,373
Sabah,Kota Marudu,primary,male,2021-01-01,367
Sabah,Kota Marudu,primary,male,2022-01-01,366
Sabah,Kota Marudu,primary,male,2023-06-30,368
Sabah,Kota Marudu,primary,male,2024-06-30,367
Sabah,Kota Marudu,primary,male,2025-06-30,353
Sabah,Kota Marudu,secondary,both,2017-01-01,500
Sabah,Kota Marudu,secondary,both,2018-01-01,520
Sabah,Kota Marudu,secondary,both,2019-01-01,540
Sabah,Kota Marudu,secondary,both,2020-01-01,542
Sabah,Kota Marudu,secondary,both,2021-01-01,534
Sabah,Kota Marudu,secondary,both,2022-01-01,583
Sabah,Kota Marudu,secondary,both,2023-06-30,590
Sabah,Kota Marudu,secondary,both,2024-06-30,595
Sabah,Kota Marudu,secondary,both,2025-06-30,603
Sabah,Kota Marudu,secondary,female,2017-01-01,278
Sabah,Kota Marudu,secondary,female,2018-01-01,294
Sabah,Kota Marudu,secondary,female,2019-01-01,306
Sabah,Kota Marudu,secondary,female,2020-01-01,309
Sabah,Kota Marudu,secondary,female,2021-01-01,309
Sabah,Kota Marudu,secondary,female,2022-01-01,352
Sabah,Kota Marudu,secondary,female,2023-06-30,356
Sabah,Kota Marudu,secondary,female,2024-06-30,367
Sabah,Kota Marudu,secondary,female,2025-06-30,377
Sabah,Kota Marudu,secondary,male,2017-01-01,222
Sabah,Kota Marudu,secondary,male,2018-01-01,226
Sabah,Kota Marudu,secondary,male,2019-01-01,234
Sabah,Kota Marudu,secondary,male,2020-01-01,233
Sabah,Kota Marudu,secondary,male,2021-01-01,225
Sabah,Kota Marudu,secondary,male,2022-01-01,231
Sabah,Kota Marudu,secondary,male,2023-06-30,234
Sabah,Kota Marudu,secondary,male,2024-06-30,228
Sabah,Kota Marudu,secondary,male,2025-06-30,226
Sabah,Kuala Penyu,primary,both,2017-01-01,402
Sabah,Kuala Penyu,primary,both,2018-01-01,432
Sabah,Kuala Penyu,primary,both,2019-01-01,412
Sabah,Kuala Penyu,primary,both,2020-01-01,418
Sabah,Kuala Penyu,primary,both,2021-01-01,409
Sabah,Kuala Penyu,primary,both,2022-01-01,423
Sabah,Kuala Penyu,primary,both,2023-06-30,409
Sabah,Kuala Penyu,primary,both,2024-06-30,406
Sabah,Kuala Penyu,primary,both,2025-06-30,418
Sabah,Kuala Penyu,primary,female,2017-01-01,235
Sabah,Kuala Penyu,primary,female,2018-01-01,258
Sabah,Kuala Penyu,primary,female,2019-01-01,249
Sabah,Kuala Penyu,primary,female,2020-01-01,256
Sabah,Kuala Penyu,primary,female,2021-01-01,247
Sabah,Kuala Penyu,primary,female,2022-01-01,256
Sabah,Kuala Penyu,primary,female,2023-06-30,246
Sabah,Kuala Penyu,primary,female,2024-06-30,249
Sabah,Kuala Penyu,primary,female,2025-06-30,257
Sabah,Kuala Penyu,primary,male,2017-01-01,167
Sabah,Kuala Penyu,primary,male,2018-01-01,174
Sabah,Kuala Penyu,primary,male,2019-01-01,163
Sabah,Kuala Penyu,primary,male,2020-01-01,162
Sabah,Kuala Penyu,primary,male,2021-01-01,162
Sabah,Kuala Penyu,primary,male,2022-01-01,167
Sabah,Kuala Penyu,primary,male,2023-06-30,163
Sabah,Kuala Penyu,primary,male,2024-06-30,157
Sabah,Kuala Penyu,primary,male,2025-06-30,161
Sabah,Kuala Penyu,secondary,both,2017-01-01,194
Sabah,Kuala Penyu,secondary,both,2018-01-01,190
Sabah,Kuala Penyu,secondary,both,2019-01-01,184
Sabah,Kuala Penyu,secondary,both,2020-01-01,186
Sabah,Kuala Penyu,secondary,both,2021-01-01,180
Sabah,Kuala Penyu,secondary,both,2022-01-01,187
Sabah,Kuala Penyu,secondary,both,2023-06-30,190
Sabah,Kuala Penyu,secondary,both,2024-06-30,190
Sabah,Kuala Penyu,secondary,both,2025-06-30,186
Sabah,Kuala Penyu,secondary,female,2017-01-01,98
Sabah,Kuala Penyu,secondary,female,2018-01-01,99
Sabah,Kuala Penyu,secondary,female,2019-01-01,101
Sabah,Kuala Penyu,secondary,female,2020-01-01,105
Sabah,Kuala Penyu,secondary,female,2021-01-01,99
Sabah,Kuala Penyu,secondary,female,2022-01-01,112
Sabah,Kuala Penyu,secondary,female,2023-06-30,117
Sabah,Kuala Penyu,secondary,female,2024-06-30,119
Sabah,Kuala Penyu,secondary,female,2025-06-30,117
Sabah,Kuala Penyu,secondary,male,2017-01-01,96
Sabah,Kuala Penyu,secondary,male,2018-01-01,91
Sabah,Kuala Penyu,secondary,male,2019-01-01,83
Sabah,Kuala Penyu,secondary,male,2020-01-01,81
Sabah,Kuala Penyu,secondary,male,2021-01-01,81
Sabah,Kuala Penyu,secondary,male,2022-01-01,75
Sabah,Kuala Penyu,secondary,male,2023-06-30,73
Sabah,Kuala Penyu,secondary,male,2024-06-30,71
Sabah,Kuala Penyu,secondary,male,2025-06-30,69
Sabah,Kudat,primary,both,2017-01-01,1063
Sabah,Kudat,primary,both,2018-01-01,1104
Sabah,Kudat,primary,both,2019-01-01,1092
Sabah,Kudat,primary,both,2020-01-01,1124
Sabah,Kudat,primary,both,2021-01-01,1125
Sabah,Kudat,primary,both,2022-01-01,1123
Sabah,Kudat,primary,both,2023-06-30,1109
Sabah,Kudat,primary,both,2024-06-30,1128
Sabah,Kudat,primary,both,2025-06-30,1120
Sabah,Kudat,primary,female,2017-01-01,558
Sabah,Kudat,primary,female,2018-01-01,588
Sabah,Kudat,primary,female,2019-01-01,588
Sabah,Kudat,primary,female,2020-01-01,631
Sabah,Kudat,primary,female,2021-01-01,643
Sabah,Kudat,primary,female,2022-01-01,657
Sabah,Kudat,primary,female,2023-06-30,659
Sabah,Kudat,primary,female,2024-06-30,685
Sabah,Kudat,primary,female,2025-06-30,684
Sabah,Kudat,primary,male,2017-01-01,505
Sabah,Kudat,primary,male,2018-01-01,516
Sabah,Kudat,primary,male,2019-01-01,504
Sabah,Kudat,primary,male,2020-01-01,493
Sabah,Kudat,primary,male,2021-01-01,482
Sabah,Kudat,primary,male,2022-01-01,466
Sabah,Kudat,primary,male,2023-06-30,450
Sabah,Kudat,primary,male,2024-06-30,443
Sabah,Kudat,primary,male,2025-06-30,436
Sabah,Kudat,secondary,both,2017-01-01,685
Sabah,Kudat,secondary,both,2018-01-01,782
Sabah,Kudat,secondary,both,2019-01-01,779
Sabah,Kudat,secondary,both,2020-01-01,787
Sabah,Kudat,secondary,both,2021-01-01,771
Sabah,Kudat,secondary,both,2022-01-01,792
Sabah,Kudat,secondary,both,2023-06-30,804
Sabah,Kudat,secondary,both,2024-06-30,818
Sabah,Kudat,secondary,both,2025-06-30,825
Sabah,Kudat,secondary,female,2017-01-01,347
Sabah,Kudat,secondary,female,2018-01-01,409
Sabah,Kudat,secondary,female,2019-01-01,412
Sabah,Kudat,secondary,female,2020-01-01,426
Sabah,Kudat,secondary,female,2021-01-01,419
Sabah,Kudat,secondary,female,2022-01-01,445
Sabah,Kudat,secondary,female,2023-06-30,457
Sabah,Kudat,secondary,female,2024-06-30,467
Sabah,Kudat,secondary,female,2025-06-30,480
Sabah,Kudat,secondary,male,2017-01-01,338
Sabah,Kudat,secondary,male,2018-01-01,373
Sabah,Kudat,secondary,male,2019-01-01,367
Sabah,Kudat,secondary,male,2020-01-01,361
Sabah,Kudat,secondary,male,2021-01-01,352
Sabah,Kudat,secondary,male,2022-01-01,347
Sabah,Kudat,secondary,male,2023-06-30,347
Sabah,Kudat,secondary,male,2024-06-30,351
Sabah,Kudat,secondary,male,2025-06-30,345
Sabah,Kunak,primary,both,2017-01-01,411
Sabah,Kunak,primary,both,2018-01-01,451
Sabah,Kunak,primary,both,2019-01-01,447
Sabah,Kunak,primary,both,2020-01-01,465
Sabah,Kunak,primary,both,2021-01-01,469
Sabah,Kunak,primary,both,2022-01-01,466
Sabah,Kunak,primary,both,2023-06-30,471
Sabah,Kunak,primary,both,2024-06-30,484
Sabah,Kunak,primary,both,2025-06-30,489
Sabah,Kunak,primary,female,2017-01-01,231
Sabah,Kunak,primary,female,2018-01-01,268
Sabah,Kunak,primary,female,2019-01-01,263
Sabah,Kunak,primary,female,2020-01-01,282
Sabah,Kunak,primary,female,2021-01-01,288
Sabah,Kunak,primary,female,2022-01-01,289
Sabah,Kunak,primary,female,2023-06-30,300
Sabah,Kunak,primary,female,2024-06-30,314
Sabah,Kunak,primary,female,2025-06-30,316
Sabah,Kunak,primary,male,2017-01-01,180
Sabah,Kunak,primary,male,2018-01-01,183
Sabah,Kunak,primary,male,2019-01-01,184
Sabah,Kunak,primary,male,2020-01-01,183
Sabah,Kunak,primary,male,2021-01-01,181
Sabah,Kunak,primary,male,2022-01-01,177
Sabah,Kunak,primary,male,2023-06-30,171
Sabah,Kunak,primary,male,2024-06-30,170
Sabah,Kunak,primary,male,2025-06-30,173
Sabah,Kunak,secondary,both,2017-01-01,258
Sabah,Kunak,secondary,both,2018-01-01,267
Sabah,Kunak,secondary,both,2019-01-01,270
Sabah,Kunak,secondary,both,2020-01-01,257
Sabah,Kunak,secondary,both,2021-01-01,252
Sabah,Kunak,secondary,both,2022-01-01,265
Sabah,Kunak,secondary,both,2023-06-30,280
Sabah,Kunak,secondary,both,2024-06-30,280
Sabah,Kunak,secondary,both,2025-06-30,292
Sabah,Kunak,secondary,female,2017-01-01,175
Sabah,Kunak,secondary,female,2018-01-01,184
Sabah,Kunak,secondary,female,2019-01-01,186
Sabah,Kunak,secondary,female,2020-01-01,179
Sabah,Kunak,secondary,female,2021-01-01,174
Sabah,Kunak,secondary,female,2022-01-01,182
Sabah,Kunak,secondary,female,2023-06-30,196
Sabah,Kunak,secondary,female,2024-06-30,199
Sabah,Kunak,secondary,female,2025-06-30,212
Sabah,Kunak,secondary,male,2017-01-01,83
Sabah,Kunak,secondary,male,2018-01-01,83
Sabah,Kunak,secondary,male,2019-01-01,84
Sabah,Kunak,secondary,male,2020-01-01,78
Sabah,Kunak,secondary,male,2021-01-01,78
Sabah,Kunak,secondary,male,2022-01-01,83
Sabah,Kunak,secondary,male,2023-06-30,84
Sabah,Kunak,secondary,male,2024-06-30,81
Sabah,Kunak,secondary,male,2025-06-30,80
Sabah,Lahad Datu,primary,both,2017-01-01,1203
Sabah,Lahad Datu,primary,both,2018-01-01,1290
Sabah,Lahad Datu,primary,both,2019-01-01,1256
Sabah,Lahad Datu,primary,both,2020-01-01,1355
Sabah,Lahad Datu,primary,both,2021-01-01,1362
Sabah,Lahad Datu,primary,both,2022-01-01,1316
Sabah,Lahad Datu,primary,both,2023-06-30,1330
Sabah,Lahad Datu,primary,both,2024-06-30,1392
Sabah,Lahad Datu,primary,both,2025-06-30,1382
Sabah,Lahad Datu,primary,female,2017-01-01,757
Sabah,Lahad Datu,primary,female,2018-01-01,803
Sabah,Lahad Datu,primary,female,2019-01-01,777
Sabah,Lahad Datu,primary,female,2020-01-01,850
Sabah,Lahad Datu,primary,female,2021-01-01,856
Sabah,Lahad Datu,primary,female,2022-01-01,828
Sabah,Lahad Datu,primary,female,2023-06-30,846
Sabah,Lahad Datu,primary,female,2024-06-30,915
Sabah,Lahad Datu,primary,female,2025-06-30,913
Sabah,Lahad Datu,primary,male,2017-01-01,446
Sabah,Lahad Datu,primary,male,2018-01-01,487
Sabah,Lahad Datu,primary,male,2019-01-01,479
Sabah,Lahad Datu,primary,male,2020-01-01,505
Sabah,Lahad Datu,primary,male,2021-01-01,506
Sabah,Lahad Datu,primary,male,2022-01-01,488
Sabah,Lahad Datu,primary,male,2023-06-30,484
Sabah,Lahad Datu,primary,male,2024-06-30,477
Sabah,Lahad Datu,primary,male,2025-06-30,469
Sabah,Lahad Datu,secondary,both,2017-01-01,872
Sabah,Lahad Datu,secondary,both,2018-01-01,967
Sabah,Lahad Datu,secondary,both,2019-01-01,987
Sabah,Lahad Datu,secondary,both,2020-01-01,987
Sabah,Lahad Datu,secondary,both,2021-01-01,950
Sabah,Lahad Datu,secondary,both,2022-01-01,1002
Sabah,Lahad Datu,secondary,both,2023-06-30,1021
Sabah,Lahad Datu,secondary,both,2024-06-30,1047
Sabah,Lahad Datu,secondary,both,2025-06-30,1032
Sabah,Lahad Datu,secondary,female,2017-01-01,531
Sabah,Lahad Datu,secondary,female,2018-01-01,593
Sabah,Lahad Datu,secondary,female,2019-01-01,625
Sabah,Lahad Datu,secondary,female,2020-01-01,639
Sabah,Lahad Datu,secondary,female,2021-01-01,618
Sabah,Lahad Datu,secondary,female,2022-01-01,686
Sabah,Lahad Datu,secondary,female,2023-06-30,703
Sabah,Lahad Datu,secondary,female,2024-06-30,734
Sabah,Lahad Datu,secondary,female,2025-06-30,730
Sabah,Lahad Datu,secondary,male,2017-01-01,341
Sabah,Lahad Datu,secondary,male,2018-01-01,374
Sabah,Lahad Datu,secondary,male,2019-01-01,362
Sabah,Lahad Datu,secondary,male,2020-01-01,348
Sabah,Lahad Datu,secondary,male,2021-01-01,332
Sabah,Lahad Datu,secondary,male,2022-01-01,316
Sabah,Lahad Datu,secondary,male,2023-06-30,318
Sabah,Lahad Datu,secondary,male,2024-06-30,313
Sabah,Lahad Datu,secondary,male,2025-06-30,302
Sabah,Nabawan,primary,both,2017-01-01,393
Sabah,Nabawan,primary,both,2018-01-01,480
Sabah,Nabawan,primary,both,2019-01-01,458
Sabah,Nabawan,primary,both,2020-01-01,475
Sabah,Nabawan,primary,both,2021-01-01,461
Sabah,Nabawan,primary,both,2022-01-01,481
Sabah,Nabawan,primary,female,2017-01-01,134
Sabah,Nabawan,primary,female,2018-01-01,202
Sabah,Nabawan,primary,female,2019-01-01,192
Sabah,Nabawan,primary,female,2020-01-01,206
Sabah,Nabawan,primary,female,2021-01-01,205
Sabah,Nabawan,primary,female,2022-01-01,225
Sabah,Nabawan,primary,male,2017-01-01,259
Sabah,Nabawan,primary,male,2018-01-01,278
Sabah,Nabawan,primary,male,2019-01-01,266
Sabah,Nabawan,primary,male,2020-01-01,269
Sabah,Nabawan,primary,male,2021-01-01,256
Sabah,Nabawan,primary,male,2022-01-01,256
Sabah,Nabawan,secondary,both,2017-01-01,185
Sabah,Nabawan,secondary,both,2018-01-01,178
Sabah,Nabawan,secondary,both,2019-01-01,190
Sabah,Nabawan,secondary,both,2020-01-01,183
Sabah,Nabawan,secondary,both,2021-01-01,176
Sabah,Nabawan,secondary,both,2022-01-01,188
Sabah,Nabawan,secondary,female,2017-01-01,87
Sabah,Nabawan,secondary,female,2018-01-01,90
Sabah,Nabawan,secondary,female,2019-01-01,98
Sabah,Nabawan,secondary,female,2020-01-01,93
Sabah,Nabawan,secondary,female,2021-01-01,89
Sabah,Nabawan,secondary,female,2022-01-01,91
Sabah,Nabawan,secondary,male,2017-01-01,98
Sabah,Nabawan,secondary,male,2018-01-01,88
Sabah,Nabawan,secondary,male,2019-01-01,92
Sabah,Nabawan,secondary,male,2020-01-01,90
Sabah,Nabawan,secondary,male,2021-01-01,87
Sabah,Nabawan,secondary,male,2022-01-01,97
Sabah,Papar,primary,both,2017-01-01,1248
Sabah,Papar,primary,both,2018-01-01,1237
Sabah,Papar,primary,both,2019-01-01,1240
Sabah,Papar,primary,both,2020-01-01,1237
Sabah,Papar,primary,both,2021-01-01,1253
Sabah,Papar,primary,both,2022-01-01,1249
Sabah,Papar,primary,both,2023-06-30,1265
Sabah,Papar,primary,both,2024-06-30,1269
Sabah,Papar,primary,both,2025-06-30,1286
Sabah,Papar,primary,female,2017-01-01,855
Sabah,Papar,primary,female,2018-01-01,860
Sabah,Papar,primary,female,2019-01-01,869
Sabah,Papar,primary,female,2020-01-01,871
Sabah,Papar,primary,female,2021-01-01,884
Sabah,Papar,primary,female,2022-01-01,884
Sabah,Papar,primary,female,2023-06-30,888
Sabah,Papar,primary,female,2024-06-30,897
Sabah,Papar,primary,female,2025-06-30,905
Sabah,Papar,primary,male,2017-01-01,393
Sabah,Papar,primary,male,2018-01-01,377
Sabah,Papar,primary,male,2019-01-01,371
Sabah,Papar,primary,male,2020-01-01,366
Sabah,Papar,primary,male,2021-01-01,369
Sabah,Papar,primary,male,2022-01-01,365
Sabah,Papar,primary,male,2023-06-30,377
Sabah,Papar,primary,male,2024-06-30,372
Sabah,Papar,primary,male,2025-06-30,381
Sabah,Papar,secondary,both,2017-01-01,805
Sabah,Papar,secondary,both,2018-01-01,815
Sabah,Papar,secondary,both,2019-01-01,822
Sabah,Papar,secondary,both,2020-01-01,831
Sabah,Papar,secondary,both,2021-01-01,842
Sabah,Papar,secondary,both,2022-01-01,848
Sabah,Papar,secondary,both,2023-06-30,849
Sabah,Papar,secondary,both,2024-06-30,859
Sabah,Papar,secondary,both,2025-06-30,859
Sabah,Papar,secondary,female,2017-01-01,539
Sabah,Papar,secondary,female,2018-01-01,550
Sabah,Papar,secondary,female,2019-01-01,556
Sabah,Papar,secondary,female,2020-01-01,570
Sabah,Papar,secondary,female,2021-01-01,583
Sabah,Papar,secondary,female,2022-01-01,596
Sabah,Papar,secondary,female,2023-06-30,598
Sabah,Papar,secondary,female,2024-06-30,615
Sabah,Papar,secondary,female,2025-06-30,623
Sabah,Papar,secondary,male,2017-01-01,266
Sabah,Papar,secondary,male,2018-01-01,265
Sabah,Papar,secondary,male,2019-01-01,266
Sabah,Papar,secondary,male,2020-01-01,261
Sabah,Papar,secondary,male,2021-01-01,259
Sabah,Papar,secondary,male,2022-01-01,252
Sabah,Papar,secondary,male,2023-06-30,251
Sabah,Papar,secondary,male,2024-06-30,244
Sabah,Papar,secondary,male,2025-06-30,236
Sabah,Penampang,primary,both,2017-01-01,995
Sabah,Penampang,primary,both,2018-01-01,965
Sabah,Penampang,primary,both,2019-01-01,978
Sabah,Penampang,primary,both,2020-01-01,1010
Sabah,Penampang,primary,both,2021-01-01,1012
Sabah,Penampang,primary,both,2022-01-01,1001
Sabah,Penampang,primary,both,2023-06-30,1074
Sabah,Penampang,primary,both,2024-06-30,1077
Sabah,Penampang,primary,both,2025-06-30,1076
Sabah,Penampang,primary,female,2017-01-01,745
Sabah,Penampang,primary,female,2018-01-01,731
Sabah,Penampang,primary,female,2019-01-01,735
Sabah,Penampang,primary,female,2020-01-01,763
Sabah,Penampang,primary,female,2021-01-01,766
Sabah,Penampang,primary,female,2022-01-01,763
Sabah,Penampang,primary,female,2023-06-30,814
Sabah,Penampang,primary,female,2024-06-30,816
Sabah,Penampang,primary,female,2025-06-30,808
Sabah,Penampang,primary,male,2017-01-01,250
Sabah,Penampang,primary,male,2018-01-01,234
Sabah,Penampang,primary,male,2019-01-01,243
Sabah,Penampang,primary,male,2020-01-01,247
Sabah,Penampang,primary,male,2021-01-01,246
Sabah,Penampang,primary,male,2022-01-01,238
Sabah,Penampang,primary,male,2023-06-30,260
Sabah,Penampang,primary,male,2024-06-30,261
Sabah,Penampang,primary,male,2025-06-30,268
Sabah,Penampang,secondary,both,2017-01-01,648
Sabah,Penampang,secondary,both,2018-01-01,661
Sabah,Penampang,secondary,both,2019-01-01,645
Sabah,Penampang,secondary,both,2020-01-01,670
Sabah,Penampang,secondary,both,2021-01-01,661
Sabah,Penampang,secondary,both,2022-01-01,701
Sabah,Penampang,secondary,both,2023-06-30,729
Sabah,Penampang,secondary,both,2024-06-30,756
Sabah,Penampang,secondary,both,2025-06-30,760
Sabah,Penampang,secondary,female,2017-01-01,499
Sabah,Penampang,secondary,female,2018-01-01,506
Sabah,Penampang,secondary,female,2019-01-01,491
Sabah,Penampang,secondary,female,2020-01-01,518
Sabah,Penampang,secondary,female,2021-01-01,511
Sabah,Penampang,secondary,female,2022-01-01,540
Sabah,Penampang,secondary,female,2023-06-30,561
Sabah,Penampang,secondary,female,2024-06-30,590
Sabah,Penampang,secondary,female,2025-06-30,586
Sabah,Penampang,secondary,male,2017-01-01,149
Sabah,Penampang,secondary,male,2018-01-01,155
Sabah,Penampang,secondary,male,2019-01-01,154
Sabah,Penampang,secondary,male,2020-01-01,152
Sabah,Penampang,secondary,male,2021-01-01,150
Sabah,Penampang,secondary,male,2022-01-01,161
Sabah,Penampang,secondary,male,2023-06-30,168
Sabah,Penampang,secondary,male,2024-06-30,166
Sabah,Penampang,secondary,male,2025-06-30,174
Sabah,Pitas,primary,both,2017-01-01,551
Sabah,Pitas,primary,both,2018-01-01,621
Sabah,Pitas,primary,both,2019-01-01,610
Sabah,Pitas,primary,both,2020-01-01,630
Sabah,Pitas,primary,both,2021-01-01,622
Sabah,Pitas,primary,both,2022-01-01,622
Sabah,Pitas,primary,both,2023-06-30,614
Sabah,Pitas,primary,both,2024-06-30,632
Sabah,Pitas,primary,both,2025-06-30,638
Sabah,Pitas,primary,female,2017-01-01,220
Sabah,Pitas,primary,female,2018-01-01,275
Sabah,Pitas,primary,female,2019-01-01,269
Sabah,Pitas,primary,female,2020-01-01,280
Sabah,Pitas,primary,female,2021-01-01,283
Sabah,Pitas,primary,female,2022-01-01,295
Sabah,Pitas,primary,female,2023-06-30,298
Sabah,Pitas,primary,female,2024-06-30,320
Sabah,Pitas,primary,female,2025-06-30,334
Sabah,Pitas,primary,male,2017-01-01,331
Sabah,Pitas,primary,male,2018-01-01,346
Sabah,Pitas,primary,male,2019-01-01,341
Sabah,Pitas,primary,male,2020-01-01,350
Sabah,Pitas,primary,male,2021-01-01,339
Sabah,Pitas,primary,male,2022-01-01,327
Sabah,Pitas,primary,male,2023-06-30,316
Sabah,Pitas,primary,male,2024-06-30,312
Sabah,Pitas,primary,male,2025-06-30,304
Sabah,Pitas,secondary,both,2017-01-01,312
Sabah,Pitas,secondary,both,2018-01-01,334
Sabah,Pitas,secondary,both,2019-01-01,335
Sabah,Pitas,secondary,both,2020-01-01,331
Sabah,Pitas,secondary,both,2021-01-01,315
Sabah,Pitas,secondary,both,2022-01-01,360
Sabah,Pitas,secondary,both,2023-06-30,355
Sabah,Pitas,secondary,both,2024-06-30,361
Sabah,Pitas,secondary,both,2025-06-30,363
Sabah,Pitas,secondary,female,2017-01-01,145
Sabah,Pitas,secondary,female,2018-01-01,160
Sabah,Pitas,secondary,female,2019-01-01,165
Sabah,Pitas,secondary,female,2020-01-01,166
Sabah,Pitas,secondary,female,2021-01-01,158
Sabah,Pitas,secondary,female,2022-01-01,195
Sabah,Pitas,secondary,female,2023-06-30,198
Sabah,Pitas,secondary,female,2024-06-30,209
Sabah,Pitas,secondary,female,2025-06-30,208
Sabah,Pitas,secondary,male,2017-01-01,167
Sabah,Pitas,secondary,male,2018-01-01,174
Sabah,Pitas,secondary,male,2019-01-01,170
Sabah,Pitas,secondary,male,2020-01-01,165
Sabah,Pitas,secondary,male,2021-01-01,157
Sabah,Pitas,secondary,male,2022-01-01,165
Sabah,Pitas,secondary,male,2023-06-30,157
Sabah,Pitas,secondary,male,2024-06-30,152
Sabah,Pitas,secondary,male,2025-06-30,155
Sabah,Putatan,primary,both,2018-01-01,65
Sabah,Putatan,primary,both,2019-01-01,64
Sabah,Putatan,primary,both,2020-01-01,64
Sabah,Putatan,primary,both,2021-01-01,60
Sabah,Putatan,primary,both,2022-01-01,62
Sabah,Putatan,primary,female,2018-01-01,44
Sabah,Putatan,primary,female,2019-01-01,43
Sabah,Putatan,primary,female,2020-01-01,43
Sabah,Putatan,primary,female,2021-01-01,40
Sabah,Putatan,primary,female,2022-01-01,39
Sabah,Putatan,primary,male,2018-01-01,21
Sabah,Putatan,primary,male,2019-01-01,21
Sabah,Putatan,primary,male,2020-01-01,21
Sabah,Putatan,primary,male,2021-01-01,20
Sabah,Putatan,primary,male,2022-01-01,23
Sabah,Ranau,primary,both,2017-01-01,1224
Sabah,Ranau,primary,both,2018-01-01,1256
Sabah,Ranau,primary,both,2019-01-01,1265
Sabah,Ranau,primary,both,2020-01-01,1276
Sabah,Ranau,primary,both,2021-01-01,1271
Sabah,Ranau,primary,both,2022-01-01,1260
Sabah,Ranau,primary,both,2023-06-30,1256
Sabah,Ranau,primary,both,2024-06-30,1257
Sabah,Ranau,primary,both,2025-06-30,1261
Sabah,Ranau,primary,female,2017-01-01,677
Sabah,Ranau,primary,female,2018-01-01,701
Sabah,Ranau,primary,female,2019-01-01,708
Sabah,Ranau,primary,female,2020-01-01,715
Sabah,Ranau,primary,female,2021-01-01,723
Sabah,Ranau,primary,female,2022-01-01,722
Sabah,Ranau,primary,female,2023-06-30,722
Sabah,Ranau,primary,female,2024-06-30,727
Sabah,Ranau,primary,female,2025-06-30,738
Sabah,Ranau,primary,male,2017-01-01,547
Sabah,Ranau,primary,male,2018-01-01,555
Sabah,Ranau,primary,male,2019-01-01,557
Sabah,Ranau,primary,male,2020-01-01,561
Sabah,Ranau,primary,male,2021-01-01,548
Sabah,Ranau,primary,male,2022-01-01,538
Sabah,Ranau,primary,male,2023-06-30,534
Sabah,Ranau,primary,male,2024-06-30,530
Sabah,Ranau,primary,male,2025-06-30,523
Sabah,Ranau,secondary,both,2017-01-01,734
Sabah,Ranau,secondary,both,2018-01-01,740
Sabah,Ranau,secondary,both,2019-01-01,728
Sabah,Ranau,secondary,both,2020-01-01,730
Sabah,Ranau,secondary,both,2021-01-01,706
Sabah,Ranau,secondary,both,2022-01-01,719
Sabah,Ranau,secondary,both,2023-06-30,716
Sabah,Ranau,secondary,both,2024-06-30,721
Sabah,Ranau,secondary,both,2025-06-30,739
Sabah,Ranau,secondary,female,2017-01-01,409
Sabah,Ranau,secondary,female,2018-01-01,413
Sabah,Ranau,secondary,female,2019-01-01,407
Sabah,Ranau,secondary,female,2020-01-01,410
Sabah,Ranau,secondary,female,2021-01-01,398
Sabah,Ranau,secondary,female,2022-01-01,409
Sabah,Ranau,secondary,female,2023-06-30,410
Sabah,Ranau,secondary,female,2024-06-30,415
Sabah,Ranau,secondary,female,2025-06-30,431
Sabah,Ranau,secondary,male,2017-01-01,325
Sabah,Ranau,secondary,male,2018-01-01,327
Sabah,Ranau,secondary,male,2019-01-01,321
Sabah,Ranau,secondary,male,2020-01-01,320
Sabah,Ranau,secondary,male,2021-01-01,308
Sabah,Ranau,secondary,male,2022-01-01,310
Sabah,Ranau,secondary,male,2023-06-30,306
Sabah,Ranau,secondary,male,2024-06-30,306
Sabah,Ranau,secondary,male,2025-06-30,308
Sabah,Sandakan,primary,both,2017-01-01,2013
Sabah,Sandakan,primary,both,2018-01-01,2097
Sabah,Sandakan,primary,both,2019-01-01,2060
Sabah,Sandakan,primary,both,2020-01-01,2153
Sabah,Sandakan,primary,both,2021-01-01,2134
Sabah,Sandakan,primary,both,2022-01-01,2085
Sabah,Sandakan,primary,both,2023-06-30,2099
Sabah,Sandakan,primary,both,2024-06-30,2155
Sabah,Sandakan,primary,both,2025-06-30,2136
Sabah,Sandakan,primary,female,2017-01-01,1354
Sabah,Sandakan,primary,female,2018-01-01,1415
Sabah,Sandakan,primary,female,2019-01-01,1379
Sabah,Sandakan,primary,female,2020-01-01,1439
Sabah,Sandakan,primary,female,2021-01-01,1435
Sabah,Sandakan,primary,female,2022-01-01,1385
Sabah,Sandakan,primary,female,2023-06-30,1395
Sabah,Sandakan,primary,female,2024-06-30,1457
Sabah,Sandakan,primary,female,2025-06-30,1460
Sabah,Sandakan,primary,male,2017-01-01,659
Sabah,Sandakan,primary,male,2018-01-01,682
Sabah,Sandakan,primary,male,2019-01-01,681
Sabah,Sandakan,primary,male,2020-01-01,714
Sabah,Sandakan,primary,male,2021-01-01,699
Sabah,Sandakan,primary,male,2022-01-01,700
Sabah,Sandakan,primary,male,2023-06-30,704
Sabah,Sandakan,primary,male,2024-06-30,698
Sabah,Sandakan,primary,male,2025-06-30,676
Sabah,Sandakan,secondary,both,2017-01-01,1433
Sabah,Sandakan,secondary,both,2018-01-01,1481
Sabah,Sandakan,secondary,both,2019-01-01,1491
Sabah,Sandakan,secondary,both,2020-01-01,1488
Sabah,Sandakan,secondary,both,2021-01-01,1450
Sabah,Sandakan,secondary,both,2022-01-01,1476
Sabah,Sandakan,secondary,both,2023-06-30,1499
Sabah,Sandakan,secondary,both,2024-06-30,1555
Sabah,Sandakan,secondary,both,2025-06-30,1564
Sabah,Sandakan,secondary,female,2017-01-01,941
Sabah,Sandakan,secondary,female,2018-01-01,987
Sabah,Sandakan,secondary,female,2019-01-01,986
Sabah,Sandakan,secondary,female,2020-01-01,995
Sabah,Sandakan,secondary,female,2021-01-01,970
Sabah,Sandakan,secondary,female,2022-01-01,999
Sabah,Sandakan,secondary,female,2023-06-30,1008
Sabah,Sandakan,secondary,female,2024-06-30,1053
Sabah,Sandakan,secondary,female,2025-06-30,1075
Sabah,Sandakan,secondary,male,2017-01-01,492
Sabah,Sandakan,secondary,male,2018-01-01,494
Sabah,Sandakan,secondary,male,2019-01-01,505
Sabah,Sandakan,secondary,male,2020-01-01,493
Sabah,Sandakan,secondary,male,2021-01-01,480
Sabah,Sandakan,secondary,male,2022-01-01,477
Sabah,Sandakan,secondary,male,2023-06-30,491
Sabah,Sandakan,secondary,male,2024-06-30,502
Sabah,Sandakan,secondary,male,2025-06-30,489
Sabah,Semporna,primary,both,2017-01-01,1157
Sabah,Semporna,primary,both,2018-01-01,1254
Sabah,Semporna,primary,both,2019-01-01,1237
Sabah,Semporna,primary,both,2020-01-01,1276
Sabah,Semporna,primary,both,2021-01-01,1252
Sabah,Semporna,primary,both,2022-01-01,1247
Sabah,Semporna,primary,both,2023-06-30,1267
Sabah,Semporna,primary,both,2024-06-30,1298
Sabah,Semporna,primary,both,2025-06-30,1290
Sabah,Semporna,primary,female,2017-01-01,558
Sabah,Semporna,primary,female,2018-01-01,652
Sabah,Semporna,primary,female,2019-01-01,649
Sabah,Semporna,primary,female,2020-01-01,685
Sabah,Semporna,primary,female,2021-01-01,680
Sabah,Semporna,primary,female,2022-01-01,691
Sabah,Semporna,primary,female,2023-06-30,715
Sabah,Semporna,primary,female,2024-06-30,754
Sabah,Semporna,primary,female,2025-06-30,762
Sabah,Semporna,primary,male,2017-01-01,599
Sabah,Semporna,primary,male,2018-01-01,602
Sabah,Semporna,primary,male,2019-01-01,588
Sabah,Semporna,primary,male,2020-01-01,591
Sabah,Semporna,primary,male,2021-01-01,572
Sabah,Semporna,primary,male,2022-01-01,556
Sabah,Semporna,primary,male,2023-06-30,552
Sabah,Semporna,primary,male,2024-06-30,544
Sabah,Semporna,primary,male,2025-06-30,528
Sabah,Semporna,secondary,both,2017-01-01,749
Sabah,Semporna,secondary,both,2018-01-01,777
Sabah,Semporna,secondary,both,2019-01-01,772
Sabah,Semporna,secondary,both,2020-01-01,761
Sabah,Semporna,secondary,both,2021-01-01,736
Sabah,Semporna,secondary,both,2022-01-01,779
Sabah,Semporna,secondary,both,2023-06-30,793
Sabah,Semporna,secondary,both,2024-06-30,802
Sabah,Semporna,secondary,both,2025-06-30,791
Sabah,Semporna,secondary,female,2017-01-01,417
Sabah,Semporna,secondary,female,2018-01-01,446
Sabah,Semporna,secondary,female,2019-01-01,449
Sabah,Semporna,secondary,female,2020-01-01,445
Sabah,Semporna,secondary,female,2021-01-01,423
Sabah,Semporna,secondary,female,2022-01-01,456
Sabah,Semporna,secondary,female,2023-06-30,466
Sabah,Semporna,secondary,female,2024-06-30,480
Sabah,Semporna,secondary,female,2025-06-30,480
Sabah,Semporna,secondary,male,2017-01-01,332
Sabah,Semporna,secondary,male,2018-01-01,331
Sabah,Semporna,secondary,male,2019-01-01,323
Sabah,Semporna,secondary,male,2020-01-01,316
Sabah,Semporna,secondary,male,2021-01-01,313
Sabah,Semporna,secondary,male,2022-01-01,323
Sabah,Semporna,secondary,male,2023-06-30,327
Sabah,Semporna,secondary,male,2024-06-30,322
Sabah,Semporna,secondary,male,2025-06-30,311
Sabah,Sipitang,primary,both,2017-01-01,465
Sabah,Sipitang,primary,both,2018-01-01,492
Sabah,Sipitang,primary,both,2019-01-01,479
Sabah,Sipitang,primary,both,2020-01-01,486
Sabah,Sipitang,primary,both,2021-01-01,491
Sabah,Sipitang,primary,both,2022-01-01,479
Sabah,Sipitang,primary,both,2023-06-30,467
Sabah,Sipitang,primary,both,2024-06-30,484
Sabah,Sipitang,primary,both,2025-06-30,475
Sabah,Sipitang,primary,female,2017-01-01,277
Sabah,Sipitang,primary,female,2018-01-01,314
Sabah,Sipitang,primary,female,2019-01-01,309
Sabah,Sipitang,primary,female,2020-01-01,316
Sabah,Sipitang,primary,female,2021-01-01,320
Sabah,Sipitang,primary,female,2022-01-01,318
Sabah,Sipitang,primary,female,2023-06-30,311
Sabah,Sipitang,primary,female,2024-06-30,327
Sabah,Sipitang,primary,female,2025-06-30,322
Sabah,Sipitang,primary,male,2017-01-01,188
Sabah,Sipitang,primary,male,2018-01-01,178
Sabah,Sipitang,primary,male,2019-01-01,170
Sabah,Sipitang,primary,male,2020-01-01,170
Sabah,Sipitang,primary,male,2021-01-01,171
Sabah,Sipitang,primary,male,2022-01-01,161
Sabah,Sipitang,primary,male,2023-06-30,156
Sabah,Sipitang,primary,male,2024-06-30,157
Sabah,Sipitang,primary,male,2025-06-30,153
Sabah,Sipitang,secondary,both,2017-01-01,257
Sabah,Sipitang,secondary,both,2018-01-01,251
Sabah,Sipitang,secondary,both,2019-01-01,246
Sabah,Sipitang,secondary,both,2020-01-01,247
Sabah,Sipitang,secondary,both,2021-01-01,238
Sabah,Sipitang,secondary,both,2022-01-01,248
Sabah,Sipitang,secondary,both,2023-06-30,247
Sabah,Sipitang,secondary,both,2024-06-30,244
Sabah,Sipitang,secondary,both,2025-06-30,247
Sabah,Sipitang,secondary,female,2017-01-01,168
Sabah,Sipitang,secondary,female,2018-01-01,160
Sabah,Sipitang,secondary,female,2019-01-01,154
Sabah,Sipitang,secondary,female,2020-01-01,159
Sabah,Sipitang,secondary,female,2021-01-01,154
Sabah,Sipitang,secondary,female,2022-01-01,161
Sabah,Sipitang,secondary,female,2023-06-30,160
Sabah,Sipitang,secondary,female,2024-06-30,156
Sabah,Sipitang,secondary,female,2025-06-30,157
Sabah,Sipitang,secondary,male,2017-01-01,89
Sabah,Sipitang,secondary,male,2018-01-01,91
Sabah,Sipitang,secondary,male,2019-01-01,92
Sabah,Sipitang,secondary,male,2020-01-01,88
Sabah,Sipitang,secondary,male,2021-01-01,84
Sabah,Sipitang,secondary,male,2022-01-01,87
Sabah,Sipitang,secondary,male,2023-06-30,87
Sabah,Sipitang,secondary,male,2024-06-30,88
Sabah,Sipitang,secondary,male,2025-06-30,90
Sabah,Tambunan,primary,both,2017-01-01,556
Sabah,Tambunan,primary,both,2018-01-01,562
Sabah,Tambunan,primary,both,2019-01-01,558
Sabah,Tambunan,primary,both,2020-01-01,549
Sabah,Tambunan,primary,both,2021-01-01,544
Sabah,Tambunan,primary,both,2022-01-01,535
Sabah,Tambunan,primary,both,2023-06-30,518
Sabah,Tambunan,primary,both,2024-06-30,517
Sabah,Tambunan,primary,both,2025-06-30,518
Sabah,Tambunan,primary,female,2017-01-01,263
Sabah,Tambunan,primary,female,2018-01-01,289
Sabah,Tambunan,primary,female,2019-01-01,292
Sabah,Tambunan,primary,female,2020-01-01,289
Sabah,Tambunan,primary,female,2021-01-01,285
Sabah,Tambunan,primary,female,2022-01-01,286
Sabah,Tambunan,primary,female,2023-06-30,278
Sabah,Tambunan,primary,female,2024-06-30,282
Sabah,Tambunan,primary,female,2025-06-30,286
Sabah,Tambunan,primary,male,2017-01-01,293
Sabah,Tambunan,primary,male,2018-01-01,273
Sabah,Tambunan,primary,male,2019-01-01,266
Sabah,Tambunan,primary,male,2020-01-01,260
Sabah,Tambunan,primary,male,2021-01-01,259
Sabah,Tambunan,primary,male,2022-01-01,249
Sabah,Tambunan,primary,male,2023-06-30,240
Sabah,Tambunan,primary,male,2024-06-30,235
Sabah,Tambunan,primary,male,2025-06-30,232
Sabah,Tambunan,secondary,both,2017-01-01,289
Sabah,Tambunan,secondary,both,2018-01-01,282
Sabah,Tambunan,secondary,both,2019-01-01,279
Sabah,Tambunan,secondary,both,2020-01-01,278
Sabah,Tambunan,secondary,both,2021-01-01,273
Sabah,Tambunan,secondary,both,2022-01-01,282
Sabah,Tambunan,secondary,both,2023-06-30,283
Sabah,Tambunan,secondary,both,2024-06-30,278
Sabah,Tambunan,secondary,both,2025-06-30,279
Sabah,Tambunan,secondary,female,2017-01-01,154
Sabah,Tambunan,secondary,female,2018-01-01,153
Sabah,Tambunan,secondary,female,2019-01-01,148
Sabah,Tambunan,secondary,female,2020-01-01,149
Sabah,Tambunan,secondary,female,2021-01-01,148
Sabah,Tambunan,secondary,female,2022-01-01,158
Sabah,Tambunan,secondary,female,2023-06-30,161
Sabah,Tambunan,secondary,female,2024-06-30,160
Sabah,Tambunan,secondary,female,2025-06-30,164
Sabah,Tambunan,secondary,male,2017-01-01,135
Sabah,Tambunan,secondary,male,2018-01-01,129
Sabah,Tambunan,secondary,male,2019-01-01,131
Sabah,Tambunan,secondary,male,2020-01-01,129
Sabah,Tambunan,secondary,male,2021-01-01,125
Sabah,Tambunan,secondary,male,2022-01-01,124
Sabah,Tambunan,secondary,male,2023-06-30,122
Sabah,Tambunan,secondary,male,2024-06-30,118
Sabah,Tambunan,secondary,male,2025-06-30,115
Sabah,Tawau,primary,both,2017-01-01,2258
Sabah,Tawau,primary,both,2018-01-01,2316
Sabah,Tawau,primary,both,2019-01-01,2275
Sabah,Tawau,primary,both,2020-01-01,2322
Sabah,Tawau,primary,both,2021-01-01,2329
Sabah,Tawau,primary,both,2022-01-01,2327
Sabah,Tawau,primary,both,2023-06-30,2325
Sabah,Tawau,primary,both,2024-06-30,2301
Sabah,Tawau,primary,both,2025-06-30,2305
Sabah,Tawau,primary,female,2017-01-01,1543
Sabah,Tawau,primary,female,2018-01-01,1598
Sabah,Tawau,primary,female,2019-01-01,1568
Sabah,Tawau,primary,female,2020-01-01,1599
Sabah,Tawau,primary,female,2021-01-01,1609
Sabah,Tawau,primary,female,2022-01-01,1607
Sabah,Tawau,primary,female,2023-06-30,1609
Sabah,Tawau,primary,female,2024-06-30,1592
Sabah,Tawau,primary,female,2025-06-30,1604
Sabah,Tawau,primary,male,2017-01-01,715
Sabah,Tawau,primary,male,2018-01-01,718
Sabah,Tawau,primary,male,2019-01-01,707
Sabah,Tawau,primary,male,2020-01-01,723
Sabah,Tawau,primary,male,2021-01-01,720
Sabah,Tawau,primary,male,2022-01-01,720
Sabah,Tawau,primary,male,2023-06-30,716
Sabah,Tawau,primary,male,2024-06-30,709
Sabah,Tawau,primary,male,2025-06-30,701
Sabah,Tawau,secondary,both,2017-01-01,1567
Sabah,Tawau,secondary,both,2018-01-01,1637
Sabah,Tawau,secondary,both,2019-01-01,1655
Sabah,Tawau,secondary,both,2020-01-01,1691
Sabah,Tawau,secondary,both,2021-01-01,1677
Sabah,Tawau,secondary,both,2022-01-01,1740
Sabah,Tawau,secondary,both,2023-06-30,1731
Sabah,Tawau,secondary,both,2024-06-30,1736
Sabah,Tawau,secondary,both,2025-06-30,1745
Sabah,Tawau,secondary,female,2017-01-01,962
Sabah,Tawau,secondary,female,2018-01-01,1007
Sabah,Tawau,secondary,female,2019-01-01,1026
Sabah,Tawau,secondary,female,2020-01-01,1067
Sabah,Tawau,secondary,female,2021-01-01,1065
Sabah,Tawau,secondary,female,2022-01-01,1127
Sabah,Tawau,secondary,female,2023-06-30,1133
Sabah,Tawau,secondary,female,2024-06-30,1148
Sabah,Tawau,secondary,female,2025-06-30,1170
Sabah,Tawau,secondary,male,2017-01-01,605
Sabah,Tawau,secondary,male,2018-01-01,630
Sabah,Tawau,secondary,male,2019-01-01,629
Sabah,Tawau,secondary,male,2020-01-01,624
Sabah,Tawau,secondary,male,2021-01-01,612
Sabah,Tawau,secondary,male,2022-01-01,613
Sabah,Tawau,secondary,male,2023-06-30,598
Sabah,Tawau,secondary,male,2024-06-30,588
Sabah,Tawau,secondary,male,2025-06-30,575
Sabah,Telupid,primary,both,2018-01-01,187
Sabah,Telupid,primary,both,2019-01-01,172
Sabah,Telupid,primary,both,2020-01-01,176
Sabah,Telupid,primary,both,2021-01-01,173
Sabah,Telupid,primary,both,2022-01-01,174
Sabah,Telupid,primary,female,2018-01-01,102
Sabah,Telupid,primary,female,2019-01-01,94
Sabah,Telupid,primary,female,2020-01-01,101
Sabah,Telupid,primary,female,2021-01-01,101
Sabah,Telupid,primary,female,2022-01-01,107
Sabah,Telupid,primary,male,2018-01-01,85
Sabah,Telupid,primary,male,2019-01-01,78
Sabah,Telupid,primary,male,2020-01-01,75
Sabah,Telupid,primary,male,2021-01-01,72
Sabah,Telupid,primary,male,2022-01-01,67
Sabah,Telupid,secondary,both,2018-01-01,127
Sabah,Telupid,secondary,both,2019-01-01,128
Sabah,Telupid,secondary,both,2020-01-01,127
Sabah,Telupid,secondary,both,2021-01-01,122
Sabah,Telupid,secondary,both,2022-01-01,133
Sabah,Telupid,secondary,female,2018-01-01,70
Sabah,Telupid,secondary,female,2019-01-01,69
Sabah,Telupid,secondary,female,2020-01-01,69
Sabah,Telupid,secondary,female,2021-01-01,68
Sabah,Telupid,secondary,female,2022-01-01,71
Sabah,Telupid,secondary,male,2018-01-01,57
Sabah,Telupid,secondary,male,2019-01-01,59
Sabah,Telupid,secondary,male,2020-01-01,58
Sabah,Telupid,secondary,male,2021-01-01,54
Sabah,Telupid,secondary,male,2022-01-01,62
Sabah,Tenom,primary,both,2017-01-01,734
Sabah,Tenom,primary,both,2018-01-01,819
Sabah,Tenom,primary,both,2019-01-01,789
Sabah,Tenom,primary,both,2020-01-01,798
Sabah,Tenom,primary,both,2021-01-01,809
Sabah,Tenom,primary,both,2022-01-01,815
Sabah,Tenom,primary,both,2023-06-30,807
Sabah,Tenom,primary,both,2024-06-30,816
Sabah,Tenom,primary,both,2025-06-30,805
Sabah,Tenom,primary,female,2017-01-01,420
Sabah,Tenom,primary,female,2018-01-01,485
Sabah,Tenom,primary,female,2019-01-01,467
Sabah,Tenom,primary,female,2020-01-01,477
Sabah,Tenom,primary,female,2021-01-01,485
Sabah,Tenom,primary,female,2022-01-01,487
Sabah,Tenom,primary,female,2023-06-30,479
Sabah,Tenom,primary,female,2024-06-30,494
Sabah,Tenom,primary,female,2025-06-30,489
Sabah,Tenom,primary,male,2017-01-01,314
Sabah,Tenom,primary,male,2018-01-01,334
Sabah,Tenom,primary,male,2019-01-01,322
Sabah,Tenom,primary,male,2020-01-01,321
Sabah,Tenom,primary,male,2021-01-01,324
Sabah,Tenom,primary,male,2022-01-01,328
Sabah,Tenom,primary,male,2023-06-30,328
Sabah,Tenom,primary,male,2024-06-30,322
Sabah,Tenom,primary,male,2025-06-30,316
Sabah,Tenom,secondary,both,2017-01-01,341
Sabah,Tenom,secondary,both,2018-01-01,339
Sabah,Tenom,secondary,both,2019-01-01,335
Sabah,Tenom,secondary,both,2020-01-01,341
Sabah,Tenom,secondary,both,2021-01-01,325
Sabah,Tenom,secondary,both,2022-01-01,341
Sabah,Tenom,secondary,both,2023-06-30,360
Sabah,Tenom,secondary,both,2024-06-30,365
Sabah,Tenom,secondary,both,2025-06-30,367
Sabah,Tenom,secondary,female,2017-01-01,223
Sabah,Tenom,secondary,female,2018-01-01,214
Sabah,Tenom,secondary,female,2019-01-01,210
Sabah,Tenom,secondary,female,2020-01-01,220
Sabah,Tenom,secondary,female,2021-01-01,209
Sabah,Tenom,secondary,female,2022-01-01,221
Sabah,Tenom,secondary,female,2023-06-30,232
Sabah,Tenom,secondary,female,2024-06-30,244
Sabah,Tenom,secondary,female,2025-06-30,244
Sabah,Tenom,secondary,male,2017-01-01,118
Sabah,Tenom,secondary,male,2018-01-01,125
Sabah,Tenom,secondary,male,2019-01-01,125
Sabah,Tenom,secondary,male,2020-01-01,121
Sabah,Tenom,secondary,male,2021-01-01,116
Sabah,Tenom,secondary,male,2022-01-01,120
Sabah,Tenom,secondary,male,2023-06-30,128
Sabah,Tenom,secondary,male,2024-06-30,121
Sabah,Tenom,secondary,male,2025-06-30,123
Sabah,Tongod,primary,both,2017-01-01,488
Sabah,Tongod,primary,both,2018-01-01,360
Sabah,Tongod,primary,both,2019-01-01,354
Sabah,Tongod,primary,both,2020-01-01,366
Sabah,Tongod,primary,both,2021-01-01,366
Sabah,Tongod,primary,both,2022-01-01,363
Sabah,Tongod,primary,female,2017-01-01,174
Sabah,Tongod,primary,female,2018-01-01,122
Sabah,Tongod,primary,female,2019-01-01,122
Sabah,Tongod,primary,female,2020-01-01,136
Sabah,Tongod,primary,female,2021-01-01,145
Sabah,Tongod,primary,female,2022-01-01,153
Sabah,Tongod,primary,male,2017-01-01,314
Sabah,Tongod,primary,male,2018-01-01,238
Sabah,Tongod,primary,male,2019-01-01,232
Sabah,Tongod,primary,male,2020-01-01,230
Sabah,Tongod,primary,male,2021-01-01,221
Sabah,Tongod,primary,male,2022-01-01,210
Sabah,Tongod,secondary,both,2017-01-01,264
Sabah,Tongod,secondary,both,2018-01-01,147
Sabah,Tongod,secondary,both,2019-01-01,163
Sabah,Tongod,secondary,both,2020-01-01,159
Sabah,Tongod,secondary,both,2021-01-01,155
Sabah,Tongod,secondary,both,2022-01-01,176
Sabah,Tongod,secondary,female,2017-01-01,122
Sabah,Tongod,secondary,female,2018-01-01,63
Sabah,Tongod,secondary,female,2019-01-01,74
Sabah,Tongod,secondary,female,2020-01-01,73
Sabah,Tongod,secondary,female,2021-01-01,71
Sabah,Tongod,secondary,female,2022-01-01,87
Sabah,Tongod,secondary,male,2017-01-01,142
Sabah,Tongod,secondary,male,2018-01-01,84
Sabah,Tongod,secondary,male,2019-01-01,89
Sabah,Tongod,secondary,male,2020-01-01,86
Sabah,Tongod,secondary,male,2021-01-01,84
Sabah,Tongod,secondary,male,2022-01-01,89
Sabah,Tuaran,primary,both,2017-01-01,1437
Sabah,Tuaran,primary,both,2018-01-01,1497
Sabah,Tuaran,primary,both,2019-01-01,1510
Sabah,Tuaran,primary,both,2020-01-01,1547
Sabah,Tuaran,primary,both,2021-01-01,1562
Sabah,Tuaran,primary,both,2022-01-01,1583
Sabah,Tuaran,primary,both,2023-06-30,1557
Sabah,Tuaran,primary,both,2024-06-30,1582
Sabah,Tuaran,primary,both,2025-06-30,1625
Sabah,Tuaran,primary,female,2017-01-01,872
Sabah,Tuaran,primary,female,2018-01-01,928
Sabah,Tuaran,primary,female,2019-01-01,944
Sabah,Tuaran,primary,female,2020-01-01,983
Sabah,Tuaran,primary,female,2021-01-01,998
Sabah,Tuaran,primary,female,2022-01-01,1009
Sabah,Tuaran,primary,female,2023-06-30,1000
Sabah,Tuaran,primary,female,2024-06-30,1021
Sabah,Tuaran,primary,female,2025-06-30,1064
Sabah,Tuaran,primary,male,2017-01-01,565
Sabah,Tuaran,primary,male,2018-01-01,569
Sabah,Tuaran,primary,male,2019-01-01,566
Sabah,Tuaran,primary,male,2020-01-01,564
Sabah,Tuaran,primary,male,2021-01-01,564
Sabah,Tuaran,primary,male,2022-01-01,574
Sabah,Tuaran,primary,male,2023-06-30,557
Sabah,Tuaran,primary,male,2024-06-30,561
Sabah,Tuaran,primary,male,2025-06-30,561
Sabah,Tuaran,secondary,both,2017-01-01,769
Sabah,Tuaran,secondary,both,2018-01-01,758
Sabah,Tuaran,secondary,both,2019-01-01,772
Sabah,Tuaran,secondary,both,2020-01-01,785
Sabah,Tuaran,secondary,both,2021-01-01,795
Sabah,Tuaran,secondary,both,2022-01-01,811
Sabah,Tuaran,secondary,both,2023-06-30,850
Sabah,Tuaran,secondary,both,2024-06-30,861
Sabah,Tuaran,secondary,both,2025-06-30,874
Sabah,Tuaran,secondary,female,2017-01-01,495
Sabah,Tuaran,secondary,female,2018-01-01,491
Sabah,Tuaran,secondary,female,2019-01-01,501
Sabah,Tuaran,secondary,female,2020-01-01,523
Sabah,Tuaran,secondary,female,2021-01-01,537
Sabah,Tuaran,secondary,female,2022-01-01,552
Sabah,Tuaran,secondary,female,2023-06-30,577
Sabah,Tuaran,secondary,female,2024-06-30,581
Sabah,Tuaran,secondary,female,2025-06-30,594
Sabah,Tuaran,secondary,male,2017-01-01,274
Sabah,Tuaran,secondary,male,2018-01-01,267
Sabah,Tuaran,secondary,male,2019-01-01,271
Sabah,Tuaran,secondary,male,2020-01-01,262
Sabah,Tuaran,secondary,male,2021-01-01,258
Sabah,Tuaran,secondary,male,2022-01-01,259
Sabah,Tuaran,secondary,male,2023-06-30,273
Sabah,Tuaran,secondary,male,2024-06-30,280
Sabah,Tuaran,secondary,male,2025-06-30,280
Sabah,Pensiangan,primary,both,2023-06-30,456
Sabah,Pensiangan,primary,both,2024-06-30,468
Sabah,Pensiangan,primary,both,2025-06-30,480
Sabah,Pensiangan,primary,female,2023-06-30,219
Sabah,Pensiangan,primary,female,2024-06-30,234
Sabah,Pensiangan,primary,female,2025-06-30,247
Sabah,Pensiangan,primary,male,2023-06-30,237
Sabah,Pensiangan,primary,male,2024-06-30,234
Sabah,Pensiangan,primary,male,2025-06-30,233
Sabah,Pensiangan,secondary,both,2023-06-30,204
Sabah,Pensiangan,secondary,both,2024-06-30,208
Sabah,Pensiangan,secondary,both,2025-06-30,207
Sabah,Pensiangan,secondary,female,2023-06-30,102
Sabah,Pensiangan,secondary,female,2024-06-30,112
Sabah,Pensiangan,secondary,female,2025-06-30,120
Sabah,Pensiangan,secondary,male,2023-06-30,102
Sabah,Pensiangan,secondary,male,2024-06-30,96
Sabah,Pensiangan,secondary,male,2025-06-30,87
Sabah,Telupid/Tongod,primary,both,2023-06-30,547
Sabah,Telupid/Tongod,primary,both,2024-06-30,565
Sabah,Telupid/Tongod,primary,both,2025-06-30,574
Sabah,Telupid/Tongod,primary,female,2023-06-30,273
Sabah,Telupid/Tongod,primary,female,2024-06-30,295
Sabah,Telupid/Tongod,primary,female,2025-06-30,312
Sabah,Telupid/Tongod,primary,male,2023-06-30,274
Sabah,Telupid/Tongod,primary,male,2024-06-30,270
Sabah,Telupid/Tongod,primary,male,2025-06-30,262
Sabah,Telupid/Tongod,secondary,both,2023-06-30,310
Sabah,Telupid/Tongod,secondary,both,2024-06-30,314
Sabah,Telupid/Tongod,secondary,both,2025-06-30,313
Sabah,Telupid/Tongod,secondary,female,2023-06-30,162
Sabah,Telupid/Tongod,secondary,female,2024-06-30,174
Sabah,Telupid/Tongod,secondary,female,2025-06-30,183
Sabah,Telupid/Tongod,secondary,male,2023-06-30,148
Sabah,Telupid/Tongod,secondary,male,2024-06-30,140
Sabah,Telupid/Tongod,secondary,male,2025-06-30,130
Sarawak,All Districts,primary,both,2017-01-01,24958
Sarawak,All Districts,primary,both,2018-01-01,25734
Sarawak,All Districts,primary,both,2019-01-01,25392
Sarawak,All Districts,primary,both,2020-01-01,25252
Sarawak,All Districts,primary,both,2021-01-01,24831
Sarawak,All Districts,primary,both,2022-01-01,24484
Sarawak,All Districts,primary,both,2023-06-30,24363
Sarawak,All Districts,primary,both,2024-06-30,24795
Sarawak,All Districts,primary,both,2025-06-30,25646
Sarawak,All Districts,primary,female,2017-01-01,15215
Sarawak,All Districts,primary,female,2018-01-01,16270
Sarawak,All Districts,primary,female,2019-01-01,16124
Sarawak,All Districts,primary,female,2020-01-01,16185
Sarawak,All Districts,primary,female,2021-01-01,16030
Sarawak,All Districts,primary,female,2022-01-01,15990
Sarawak,All Districts,primary,female,2023-06-30,16034
Sarawak,All Districts,primary,female,2024-06-30,16462
Sarawak,All Districts,primary,female,2025-06-30,17316
Sarawak,All Districts,primary,male,2017-01-01,9743
Sarawak,All Districts,primary,male,2018-01-01,9464
Sarawak,All Districts,primary,male,2019-01-01,9268
Sarawak,All Districts,primary,male,2020-01-01,9067
Sarawak,All Districts,primary,male,2021-01-01,8801
Sarawak,All Districts,primary,male,2022-01-01,8494
Sarawak,All Districts,primary,male,2023-06-30,8329
Sarawak,All Districts,primary,male,2024-06-30,8333
Sarawak,All Districts,primary,male,2025-06-30,8330
Sarawak,All Districts,secondary,both,2017-01-01,15385
Sarawak,All Districts,secondary,both,2018-01-01,15722
Sarawak,All Districts,secondary,both,2019-01-01,15520
Sarawak,All Districts,secondary,both,2020-01-01,15133
Sarawak,All Districts,secondary,both,2021-01-01,14606
Sarawak,All Districts,secondary,both,2022-01-01,15336
Sarawak,All Districts,secondary,both,2023-06-30,15500
Sarawak,All Districts,secondary,both,2024-06-30,15926
Sarawak,All Districts,secondary,both,2025-06-30,15926
Sarawak,All Districts,secondary,female,2017-01-01,9739
Sarawak,All Districts,secondary,female,2018-01-01,10127
Sarawak,All Districts,secondary,female,2019-01-01,10053
Sarawak,All Districts,secondary,female,2020-01-01,9878
Sarawak,All Districts,secondary,female,2021-01-01,9556
Sarawak,All Districts,secondary,female,2022-01-01,10189
Sarawak,All Districts,secondary,female,2023-06-30,10327
Sarawak,All Districts,secondary,female,2024-06-30,10699
Sarawak,All Districts,secondary,female,2025-06-30,10774
Sarawak,All Districts,secondary,male,2017-01-01,5646
Sarawak,All Districts,secondary,male,2018-01-01,5595
Sarawak,All Districts,secondary,male,2019-01-01,5467
Sarawak,All Districts,secondary,male,2020-01-01,5255
Sarawak,All Districts,secondary,male,2021-01-01,5050
Sarawak,All Districts,secondary,male,2022-01-01,5147
Sarawak,All Districts,secondary,male,2023-06-30,5173
Sarawak,All Districts,secondary,male,2024-06-30,5227
Sarawak,All Districts,secondary,male,2025-06-30,5152
Sarawak,Asajaya,primary,both,2018-01-01,523
Sarawak,Asajaya,primary,both,2019-01-01,528
Sarawak,Asajaya,primary,both,2020-01-01,531
Sarawak,Asajaya,primary,both,2021-01-01,520
Sarawak,Asajaya,primary,both,2022-01-01,508
Sarawak,Asajaya,primary,female,2018-01-01,316
Sarawak,Asajaya,primary,female,2019-01-01,319
Sarawak,Asajaya,primary,female,2020-01-01,317
Sarawak,Asajaya,primary,female,2021-01-01,316
Sarawak,Asajaya,primary,female,2022-01-01,306
Sarawak,Asajaya,primary,male,2018-01-01,207
Sarawak,Asajaya,primary,male,2019-01-01,209
Sarawak,Asajaya,primary,male,2020-01-01,214
Sarawak,Asajaya,primary,male,2021-01-01,204
Sarawak,Asajaya,primary,male,2022-01-01,202
Sarawak,Asajaya,secondary,both,2018-01-01,342
Sarawak,Asajaya,secondary,both,2019-01-01,326
Sarawak,Asajaya,secondary,both,2020-01-01,333
Sarawak,Asajaya,secondary,both,2021-01-01,329
Sarawak,Asajaya,secondary,both,2022-01-01,342
Sarawak,Asajaya,secondary,female,2018-01-01,188
Sarawak,Asajaya,secondary,female,2019-01-01,175
Sarawak,Asajaya,secondary,female,2020-01-01,183
Sarawak,Asajaya,secondary,female,2021-01-01,183
Sarawak,Asajaya,secondary,female,2022-01-01,198
Sarawak,Asajaya,secondary,male,2018-01-01,154
Sarawak,Asajaya,secondary,male,2019-01-01,151
Sarawak,Asajaya,secondary,male,2020-01-01,150
Sarawak,Asajaya,secondary,male,2021-01-01,146
Sarawak,Asajaya,secondary,male,2022-01-01,144
Sarawak,Bau,primary,both,2017-01-01,621
Sarawak,Bau,primary,both,2018-01-01,651
Sarawak,Bau,primary,both,2019-01-01,660
Sarawak,Bau,primary,both,2020-01-01,658
Sarawak,Bau,primary,both,2021-01-01,655
Sarawak,Bau,primary,both,2022-01-01,657
Sarawak,Bau,primary,both,2023-06-30,653
Sarawak,Bau,primary,both,2024-06-30,644
Sarawak,Bau,primary,both,2025-06-30,660
Sarawak,Bau,primary,female,2017-01-01,379
Sarawak,Bau,primary,female,2018-01-01,424
Sarawak,Bau,primary,female,2019-01-01,427
Sarawak,Bau,primary,female,2020-01-01,428
Sarawak,Bau,primary,female,2021-01-01,423
Sarawak,Bau,primary,female,2022-01-01,440
Sarawak,Bau,primary,female,2023-06-30,437
Sarawak,Bau,primary,female,2024-06-30,437
Sarawak,Bau,primary,female,2025-06-30,448
Sarawak,Bau,primary,male,2017-01-01,242
Sarawak,Bau,primary,male,2018-01-01,227
Sarawak,Bau,primary,male,2019-01-01,233
Sarawak,Bau,primary,male,2020-01-01,230
Sarawak,Bau,primary,male,2021-01-01,232
Sarawak,Bau,primary,male,2022-01-01,217
Sarawak,Bau,primary,male,2023-06-30,216
Sarawak,Bau,primary,male,2024-06-30,207
Sarawak,Bau,primary,male,2025-06-30,212
Sarawak,Bau,secondary,both,2017-01-01,378
Sarawak,Bau,secondary,both,2018-01-01,373
Sarawak,Bau,secondary,both,2019-01-01,377
Sarawak,Bau,secondary,both,2020-01-01,371
Sarawak,Bau,secondary,both,2021-01-01,364
Sarawak,Bau,secondary,both,2022-01-01,377
Sarawak,Bau,secondary,both,2023-06-30,379
Sarawak,Bau,secondary,both,2024-06-30,373
Sarawak,Bau,secondary,both,2025-06-30,372
Sarawak,Bau,secondary,female,2017-01-01,237
Sarawak,Bau,secondary,female,2018-01-01,240
Sarawak,Bau,secondary,female,2019-01-01,238
Sarawak,Bau,secondary,female,2020-01-01,238
Sarawak,Bau,secondary,female,2021-01-01,233
Sarawak,Bau,secondary,female,2022-01-01,244
Sarawak,Bau,secondary,female,2023-06-30,246
Sarawak,Bau,secondary,female,2024-06-30,244
Sarawak,Bau,secondary,female,2025-06-30,244
Sarawak,Bau,secondary,male,2017-01-01,141
Sarawak,Bau,secondary,male,2018-01-01,133
Sarawak,Bau,secondary,male,2019-01-01,139
Sarawak,Bau,secondary,male,2020-01-01,133
Sarawak,Bau,secondary,male,2021-01-01,131
Sarawak,Bau,secondary,male,2022-01-01,133
Sarawak,Bau,secondary,male,2023-06-30,133
Sarawak,Bau,secondary,male,2024-06-30,129
Sarawak,Bau,secondary,male,2025-06-30,128
Sarawak,Belaga,primary,both,2017-01-01,271
Sarawak,Belaga,primary,both,2018-01-01,205
Sarawak,Belaga,primary,both,2019-01-01,195
Sarawak,Belaga,primary,both,2020-01-01,203
Sarawak,Belaga,primary,both,2021-01-01,197
Sarawak,Belaga,primary,both,2022-01-01,199
Sarawak,Belaga,primary,both,2023-06-30,259
Sarawak,Belaga,primary,both,2024-06-30,261
Sarawak,Belaga,primary,both,2025-06-30,269
Sarawak,Belaga,primary,female,2017-01-01,113
Sarawak,Belaga,primary,female,2018-01-01,83
Sarawak,Belaga,primary,female,2019-01-01,78
Sarawak,Belaga,primary,female,2020-01-01,80
Sarawak,Belaga,primary,female,2021-01-01,86
Sarawak,Belaga,primary,female,2022-01-01,91
Sarawak,Belaga,primary,female,2023-06-30,123
Sarawak,Belaga,primary,female,2024-06-30,129
Sarawak,Belaga,primary,female,2025-06-30,133
Sarawak,Belaga,primary,male,2017-01-01,158
Sarawak,Belaga,primary,male,2018-01-01,122
Sarawak,Belaga,primary,male,2019-01-01,117
Sarawak,Belaga,primary,male,2020-01-01,123
Sarawak,Belaga,primary,male,2021-01-01,111
Sarawak,Belaga,primary,male,2022-01-01,108
Sarawak,Belaga,primary,male,2023-06-30,136
Sarawak,Belaga,primary,male,2024-06-30,132
Sarawak,Belaga,primary,male,2025-06-30,136
Sarawak,Belaga,secondary,both,2017-01-01,148
Sarawak,Belaga,secondary,both,2018-01-01,151
Sarawak,Belaga,secondary,both,2019-01-01,149
Sarawak,Belaga,secondary,both,2020-01-01,150
Sarawak,Belaga,secondary,both,2021-01-01,139
Sarawak,Belaga,secondary,both,2022-01-01,143
Sarawak,Belaga,secondary,both,2023-06-30,144
Sarawak,Belaga,secondary,both,2024-06-30,147
Sarawak,Belaga,secondary,both,2025-06-30,145
Sarawak,Belaga,secondary,female,2017-01-01,59
Sarawak,Belaga,secondary,female,2018-01-01,66
Sarawak,Belaga,secondary,female,2019-01-01,66
Sarawak,Belaga,secondary,female,2020-01-01,66
Sarawak,Belaga,secondary,female,2021-01-01,62
Sarawak,Belaga,secondary,female,2022-01-01,64
Sarawak,Belaga,secondary,female,2023-06-30,67
Sarawak,Belaga,secondary,female,2024-06-30,68
Sarawak,Belaga,secondary,female,2025-06-30,70
Sarawak,Belaga,secondary,male,2017-01-01,89
Sarawak,Belaga,secondary,male,2018-01-01,85
Sarawak,Belaga,secondary,male,2019-01-01,83
Sarawak,Belaga,secondary,male,2020-01-01,84
Sarawak,Belaga,secondary,male,2021-01-01,77
Sarawak,Belaga,secondary,male,2022-01-01,79
Sarawak,Belaga,secondary,male,2023-06-30,77
Sarawak,Belaga,secondary,male,2024-06-30,79
Sarawak,Belaga,secondary,male,2025-06-30,75
Sarawak,Betong,primary,both,2017-01-01,888
Sarawak,Betong,primary,both,2018-01-01,903
Sarawak,Betong,primary,both,2019-01-01,910
Sarawak,Betong,primary,both,2020-01-01,903
Sarawak,Betong,primary,both,2021-01-01,883
Sarawak,Betong,primary,both,2022-01-01,840
Sarawak,Betong,primary,both,2023-06-30,832
Sarawak,Betong,primary,both,2024-06-30,848
Sarawak,Betong,primary,both,2025-06-30,874
Sarawak,Betong,primary,female,2017-01-01,438
Sarawak,Betong,primary,female,2018-01-01,497
Sarawak,Betong,primary,female,2019-01-01,511
Sarawak,Betong,primary,female,2020-01-01,510
Sarawak,Betong,primary,female,2021-01-01,502
Sarawak,Betong,primary,female,2022-01-01,487
Sarawak,Betong,primary,female,2023-06-30,486
Sarawak,Betong,primary,female,2024-06-30,503
Sarawak,Betong,primary,female,2025-06-30,540
Sarawak,Betong,primary,male,2017-01-01,450
Sarawak,Betong,primary,male,2018-01-01,406
Sarawak,Betong,primary,male,2019-01-01,399
Sarawak,Betong,primary,male,2020-01-01,393
Sarawak,Betong,primary,male,2021-01-01,381
Sarawak,Betong,primary,male,2022-01-01,353
Sarawak,Betong,primary,male,2023-06-30,346
Sarawak,Betong,primary,male,2024-06-30,345
Sarawak,Betong,primary,male,2025-06-30,334
Sarawak,Betong,secondary,both,2017-01-01,559
Sarawak,Betong,secondary,both,2018-01-01,633
Sarawak,Betong,secondary,both,2019-01-01,604
Sarawak,Betong,secondary,both,2020-01-01,582
Sarawak,Betong,secondary,both,2021-01-01,557
Sarawak,Betong,secondary,both,2022-01-01,589
Sarawak,Betong,secondary,both,2023-06-30,586
Sarawak,Betong,secondary,both,2024-06-30,598
Sarawak,Betong,secondary,both,2025-06-30,588
Sarawak,Betong,secondary,female,2017-01-01,297
Sarawak,Betong,secondary,female,2018-01-01,346
Sarawak,Betong,secondary,female,2019-01-01,336
Sarawak,Betong,secondary,female,2020-01-01,324
Sarawak,Betong,secondary,female,2021-01-01,312
Sarawak,Betong,secondary,female,2022-01-01,331
Sarawak,Betong,secondary,female,2023-06-30,318
Sarawak,Betong,secondary,female,2024-06-30,328
Sarawak,Betong,secondary,female,2025-06-30,331
Sarawak,Betong,secondary,male,2017-01-01,262
Sarawak,Betong,secondary,male,2018-01-01,287
Sarawak,Betong,secondary,male,2019-01-01,268
Sarawak,Betong,secondary,male,2020-01-01,258
Sarawak,Betong,secondary,male,2021-01-01,245
Sarawak,Betong,secondary,male,2022-01-01,258
Sarawak,Betong,secondary,male,2023-06-30,268
Sarawak,Betong,secondary,male,2024-06-30,270
Sarawak,Betong,secondary,male,2025-06-30,257
Sarawak,Bintulu,primary,both,2017-01-01,1103
Sarawak,Bintulu,primary,both,2018-01-01,1173
Sarawak,Bintulu,primary,both,2019-01-01,1171
Sarawak,Bintulu,primary,both,2020-01-01,1166
Sarawak,Bintulu,primary,both,2021-01-01,1154
Sarawak,Bintulu,primary,both,2022-01-01,1129
Sarawak,Bintulu,primary,both,2023-06-30,1089
Sarawak,Bintulu,primary,both,2024-06-30,1101
Sarawak,Bintulu,primary,both,2025-06-30,1171
Sarawak,Bintulu,primary,female,2017-01-01,821
Sarawak,Bintulu,primary,female,2018-01-01,866
Sarawak,Bintulu,primary,female,2019-01-01,864
Sarawak,Bintulu,primary,female,2020-01-01,868
Sarawak,Bintulu,primary,female,2021-01-01,860
Sarawak,Bintulu,primary,female,2022-01-01,846
Sarawak,Bintulu,primary,female,2023-06-30,843
Sarawak,Bintulu,primary,female,2024-06-30,855
Sarawak,Bintulu,primary,female,2025-06-30,921
Sarawak,Bintulu,primary,male,2017-01-01,282
Sarawak,Bintulu,primary,male,2018-01-01,307
Sarawak,Bintulu,primary,male,2019-01-01,307
Sarawak,Bintulu,primary,male,2020-01-01,298
Sarawak,Bintulu,primary,male,2021-01-01,294
Sarawak,Bintulu,primary,male,2022-01-01,283
Sarawak,Bintulu,primary,male,2023-06-30,246
Sarawak,Bintulu,primary,male,2024-06-30,246
Sarawak,Bintulu,primary,male,2025-06-30,250
Sarawak,Bintulu,secondary,both,2017-01-01,913
Sarawak,Bintulu,secondary,both,2018-01-01,972
Sarawak,Bintulu,secondary,both,2019-01-01,980
Sarawak,Bintulu,secondary,both,2020-01-01,940
Sarawak,Bintulu,secondary,both,2021-01-01,900
Sarawak,Bintulu,secondary,both,2022-01-01,975
Sarawak,Bintulu,secondary,both,2023-06-30,999
Sarawak,Bintulu,secondary,both,2024-06-30,1054
Sarawak,Bintulu,secondary,both,2025-06-30,1054
Sarawak,Bintulu,secondary,female,2017-01-01,669
Sarawak,Bintulu,secondary,female,2018-01-01,711
Sarawak,Bintulu,secondary,female,2019-01-01,715
Sarawak,Bintulu,secondary,female,2020-01-01,694
Sarawak,Bintulu,secondary,female,2021-01-01,668
Sarawak,Bintulu,secondary,female,2022-01-01,721
Sarawak,Bintulu,secondary,female,2023-06-30,735
Sarawak,Bintulu,secondary,female,2024-06-30,777
Sarawak,Bintulu,secondary,female,2025-06-30,777
Sarawak,Bintulu,secondary,male,2017-01-01,244
Sarawak,Bintulu,secondary,male,2018-01-01,261
Sarawak,Bintulu,secondary,male,2019-01-01,265
Sarawak,Bintulu,secondary,male,2020-01-01,246
Sarawak,Bintulu,secondary,male,2021-01-01,232
Sarawak,Bintulu,secondary,male,2022-01-01,254
Sarawak,Bintulu,secondary,male,2023-06-30,264
Sarawak,Bintulu,secondary,male,2024-06-30,277
Sarawak,Bintulu,secondary,male,2025-06-30,277
Sarawak,Dalat,primary,both,2017-01-01,399
Sarawak,Dalat,primary,both,2018-01-01,414
Sarawak,Dalat,primary,both,2019-01-01,395
Sarawak,Dalat,primary,both,2020-01-01,389
Sarawak,Dalat,primary,both,2021-01-01,379
Sarawak,Dalat,primary,both,2022-01-01,365
Sarawak,Dalat,primary,both,2023-06-30,369
Sarawak,Dalat,primary,both,2024-06-30,387
Sarawak,Dalat,primary,both,2025-06-30,409
Sarawak,Dalat,primary,female,2017-01-01,228
Sarawak,Dalat,primary,female,2018-01-01,256
Sarawak,Dalat,primary,female,2019-01-01,242
Sarawak,Dalat,primary,female,2020-01-01,245
Sarawak,Dalat,primary,female,2021-01-01,237
Sarawak,Dalat,primary,female,2022-01-01,231
Sarawak,Dalat,primary,female,2023-06-30,232
Sarawak,Dalat,primary,female,2024-06-30,243
Sarawak,Dalat,primary,female,2025-06-30,268
Sarawak,Dalat,primary,male,2017-01-01,171
Sarawak,Dalat,primary,male,2018-01-01,158
Sarawak,Dalat,primary,male,2019-01-01,153
Sarawak,Dalat,primary,male,2020-01-01,144
Sarawak,Dalat,primary,male,2021-01-01,142
Sarawak,Dalat,primary,male,2022-01-01,134
Sarawak,Dalat,primary,male,2023-06-30,137
Sarawak,Dalat,primary,male,2024-06-30,144
Sarawak,Dalat,primary,male,2025-06-30,141
Sarawak,Dalat,secondary,both,2017-01-01,231
Sarawak,Dalat,secondary,both,2018-01-01,239
Sarawak,Dalat,secondary,both,2019-01-01,230
Sarawak,Dalat,secondary,both,2020-01-01,215
Sarawak,Dalat,secondary,both,2021-01-01,200
Sarawak,Dalat,secondary,both,2022-01-01,216
Sarawak,Dalat,secondary,both,2023-06-30,218
Sarawak,Dalat,secondary,both,2024-06-30,233
Sarawak,Dalat,secondary,both,2025-06-30,237
Sarawak,Dalat,secondary,female,2017-01-01,120
Sarawak,Dalat,secondary,female,2018-01-01,134
Sarawak,Dalat,secondary,female,2019-01-01,127
Sarawak,Dalat,secondary,female,2020-01-01,118
Sarawak,Dalat,secondary,female,2021-01-01,106
Sarawak,Dalat,secondary,female,2022-01-01,115
Sarawak,Dalat,secondary,female,2023-06-30,121
Sarawak,Dalat,secondary,female,2024-06-30,132
Sarawak,Dalat,secondary,female,2025-06-30,135
Sarawak,Dalat,secondary,male,2017-01-01,111
Sarawak,Dalat,secondary,male,2018-01-01,105
Sarawak,Dalat,secondary,male,2019-01-01,103
Sarawak,Dalat,secondary,male,2020-01-01,97
Sarawak,Dalat,secondary,male,2021-01-01,94
Sarawak,Dalat,secondary,male,2022-01-01,101
Sarawak,Dalat,secondary,male,2023-06-30,97
Sarawak,Dalat,secondary,male,2024-06-30,101
Sarawak,Dalat,secondary,male,2025-06-30,102
Sarawak,Daro,primary,both,2017-01-01,668
Sarawak,Daro,primary,both,2018-01-01,678
Sarawak,Daro,primary,both,2019-01-01,685
Sarawak,Daro,primary,both,2020-01-01,670
Sarawak,Daro,primary,both,2021-01-01,641
Sarawak,Daro,primary,both,2022-01-01,612
Sarawak,Daro,primary,both,2023-06-30,615
Sarawak,Daro,primary,both,2024-06-30,640
Sarawak,Daro,primary,both,2025-06-30,669
Sarawak,Daro,primary,female,2017-01-01,367
Sarawak,Daro,primary,female,2018-01-01,375
Sarawak,Daro,primary,female,2019-01-01,378
Sarawak,Daro,primary,female,2020-01-01,373
Sarawak,Daro,primary,female,2021-01-01,358
Sarawak,Daro,primary,female,2022-01-01,349
Sarawak,Daro,primary,female,2023-06-30,352
Sarawak,Daro,primary,female,2024-06-30,378
Sarawak,Daro,primary,female,2025-06-30,411
Sarawak,Daro,primary,male,2017-01-01,301
Sarawak,Daro,primary,male,2018-01-01,303
Sarawak,Daro,primary,male,2019-01-01,307
Sarawak,Daro,primary,male,2020-01-01,297
Sarawak,Daro,primary,male,2021-01-01,283
Sarawak,Daro,primary,male,2022-01-01,263
Sarawak,Daro,primary,male,2023-06-30,263
Sarawak,Daro,primary,male,2024-06-30,262
Sarawak,Daro,primary,male,2025-06-30,258
Sarawak,Daro,secondary,both,2017-01-01,195
Sarawak,Daro,secondary,both,2018-01-01,178
Sarawak,Daro,secondary,both,2019-01-01,178
Sarawak,Daro,secondary,both,2020-01-01,176
Sarawak,Daro,secondary,both,2021-01-01,167
Sarawak,Daro,secondary,both,2022-01-01,182
Sarawak,Daro,secondary,both,2023-06-30,231
Sarawak,Daro,secondary,both,2024-06-30,236
Sarawak,Daro,secondary,both,2025-06-30,241
Sarawak,Daro,secondary,female,2017-01-01,105
Sarawak,Daro,secondary,female,2018-01-01,96
Sarawak,Daro,secondary,female,2019-01-01,95
Sarawak,Daro,secondary,female,2020-01-01,94
Sarawak,Daro,secondary,female,2021-01-01,90
Sarawak,Daro,secondary,female,2022-01-01,98
Sarawak,Daro,secondary,female,2023-06-30,135
Sarawak,Daro,secondary,female,2024-06-30,137
Sarawak,Daro,secondary,female,2025-06-30,141
Sarawak,Daro,secondary,male,2017-01-01,90
Sarawak,Daro,secondary,male,2018-01-01,82
Sarawak,Daro,secondary,male,2019-01-01,83
Sarawak,Daro,secondary,male,2020-01-01,82
Sarawak,Daro,secondary,male,2021-01-01,77
Sarawak,Daro,secondary,male,2022-01-01,84
Sarawak,Daro,secondary,male,2023-06-30,96
Sarawak,Daro,secondary,male,2024-06-30,99
Sarawak,Daro,secondary,male,2025-06-30,100
Sarawak,Julau,primary,both,2017-01-01,466
Sarawak,Julau,primary,both,2018-01-01,497
Sarawak,Julau,primary,both,2019-01-01,475
Sarawak,Julau,primary,both,2020-01-01,499
Sarawak,Julau,primary,both,2021-01-01,486
Sarawak,Julau,primary,both,2022-01-01,500
Sarawak,Julau,primary,both,2023-06-30,483
Sarawak,Julau,primary,both,2024-06-30,476
Sarawak,Julau,primary,both,2025-06-30,494
Sarawak,Julau,primary,female,2017-01-01,185
Sarawak,Julau,primary,female,2018-01-01,217
Sarawak,Julau,primary,female,2019-01-01,205
Sarawak,Julau,primary,female,2020-01-01,214
Sarawak,Julau,primary,female,2021-01-01,215
Sarawak,Julau,primary,female,2022-01-01,225
Sarawak,Julau,primary,female,2023-06-30,216
Sarawak,Julau,primary,female,2024-06-30,220
Sarawak,Julau,primary,female,2025-06-30,248
Sarawak,Julau,primary,male,2017-01-01,281
Sarawak,Julau,primary,male,2018-01-01,280
Sarawak,Julau,primary,male,2019-01-01,270
Sarawak,Julau,primary,male,2020-01-01,285
Sarawak,Julau,primary,male,2021-01-01,271
Sarawak,Julau,primary,male,2022-01-01,275
Sarawak,Julau,primary,male,2023-06-30,267
Sarawak,Julau,primary,male,2024-06-30,256
Sarawak,Julau,primary,male,2025-06-30,246
Sarawak,Julau,secondary,both,2017-01-01,169
Sarawak,Julau,secondary,both,2018-01-01,170
Sarawak,Julau,secondary,both,2019-01-01,168
Sarawak,Julau,secondary,both,2020-01-01,168
Sarawak,Julau,secondary,both,2021-01-01,161
Sarawak,Julau,secondary,both,2022-01-01,175
Sarawak,Julau,secondary,both,2023-06-30,170
Sarawak,Julau,secondary,both,2024-06-30,171
Sarawak,Julau,secondary,both,2025-06-30,170
Sarawak,Julau,secondary,female,2017-01-01,86
Sarawak,Julau,secondary,female,2018-01-01,82
Sarawak,Julau,secondary,female,2019-01-01,84
Sarawak,Julau,secondary,female,2020-01-01,85
Sarawak,Julau,secondary,female,2021-01-01,84
Sarawak,Julau,secondary,female,2022-01-01,95
Sarawak,Julau,secondary,female,2023-06-30,93
Sarawak,Julau,secondary,female,2024-06-30,95
Sarawak,Julau,secondary,female,2025-06-30,97
Sarawak,Julau,secondary,male,2017-01-01,83
Sarawak,Julau,secondary,male,2018-01-01,88
Sarawak,Julau,secondary,male,2019-01-01,84
Sarawak,Julau,secondary,male,2020-01-01,83
Sarawak,Julau,secondary,male,2021-01-01,77
Sarawak,Julau,secondary,male,2022-01-01,80
Sarawak,Julau,secondary,male,2023-06-30,77
Sarawak,Julau,secondary,male,2024-06-30,76
Sarawak,Julau,secondary,male,2025-06-30,73
Sarawak,Kabong,primary,both,2018-01-01,59
Sarawak,Kabong,primary,both,2019-01-01,60
Sarawak,Kabong,primary,both,2020-01-01,57
Sarawak,Kabong,primary,both,2021-01-01,55
Sarawak,Kabong,primary,both,2022-01-01,56
Sarawak,Kabong,primary,female,2018-01-01,27
Sarawak,Kabong,primary,female,2019-01-01,28
Sarawak,Kabong,primary,female,2020-01-01,28
Sarawak,Kabong,primary,female,2021-01-01,27
Sarawak,Kabong,primary,female,2022-01-01,29
Sarawak,Kabong,primary,male,2018-01-01,32
Sarawak,Kabong,primary,male,2019-01-01,32
Sarawak,Kabong,primary,male,2020-01-01,29
Sarawak,Kabong,primary,male,2021-01-01,28
Sarawak,Kabong,primary,male,2022-01-01,27
Sarawak,Kabong,secondary,both,2018-01-01,84
Sarawak,Kabong,secondary,both,2019-01-01,83
Sarawak,Kabong,secondary,both,2020-01-01,74
Sarawak,Kabong,secondary,both,2021-01-01,73
Sarawak,Kabong,secondary,both,2022-01-01,76
Sarawak,Kabong,secondary,female,2018-01-01,45
Sarawak,Kabong,secondary,female,2019-01-01,47
Sarawak,Kabong,secondary,female,2020-01-01,43
Sarawak,Kabong,secondary,female,2021-01-01,42
Sarawak,Kabong,secondary,female,2022-01-01,47
Sarawak,Kabong,secondary,male,2018-01-01,39
Sarawak,Kabong,secondary,male,2019-01-01,36
Sarawak,Kabong,secondary,male,2020-01-01,31
Sarawak,Kabong,secondary,male,2021-01-01,31
Sarawak,Kabong,secondary,male,2022-01-01,29
Sarawak,Kanowit,primary,both,2017-01-01,506
Sarawak,Kanowit,primary,both,2018-01-01,532
Sarawak,Kanowit,primary,both,2019-01-01,507
Sarawak,Kanowit,primary,both,2020-01-01,510
Sarawak,Kanowit,primary,both,2021-01-01,507
Sarawak,Kanowit,primary,both,2022-01-01,512
Sarawak,Kanowit,primary,both,2023-06-30,506
Sarawak,Kanowit,primary,both,2024-06-30,501
Sarawak,Kanowit,primary,both,2025-06-30,509
Sarawak,Kanowit,primary,female,2017-01-01,273
Sarawak,Kanowit,primary,female,2018-01-01,300
Sarawak,Kanowit,primary,female,2019-01-01,286
Sarawak,Kanowit,primary,female,2020-01-01,285
Sarawak,Kanowit,primary,female,2021-01-01,285
Sarawak,Kanowit,primary,female,2022-01-01,295
Sarawak,Kanowit,primary,female,2023-06-30,296
Sarawak,Kanowit,primary,female,2024-06-30,293
Sarawak,Kanowit,primary,female,2025-06-30,306
Sarawak,Kanowit,primary,male,2017-01-01,233
Sarawak,Kanowit,primary,male,2018-01-01,232
Sarawak,Kanowit,primary,male,2019-01-01,221
Sarawak,Kanowit,primary,male,2020-01-01,225
Sarawak,Kanowit,primary,male,2021-01-01,222
Sarawak,Kanowit,primary,male,2022-01-01,217
Sarawak,Kanowit,primary,male,2023-06-30,210
Sarawak,Kanowit,primary,male,2024-06-30,208
Sarawak,Kanowit,primary,male,2025-06-30,203
Sarawak,Kanowit,secondary,both,2017-01-01,176
Sarawak,Kanowit,secondary,both,2018-01-01,183
Sarawak,Kanowit,secondary,both,2019-01-01,191
Sarawak,Kanowit,secondary,both,2020-01-01,185
Sarawak,Kanowit,secondary,both,2021-01-01,177
Sarawak,Kanowit,secondary,both,2022-01-01,189
Sarawak,Kanowit,secondary,both,2023-06-30,184
Sarawak,Kanowit,secondary,both,2024-06-30,194
Sarawak,Kanowit,secondary,both,2025-06-30,187
Sarawak,Kanowit,secondary,female,2017-01-01,97
Sarawak,Kanowit,secondary,female,2018-01-01,104
Sarawak,Kanowit,secondary,female,2019-01-01,109
Sarawak,Kanowit,secondary,female,2020-01-01,106
Sarawak,Kanowit,secondary,female,2021-01-01,103
Sarawak,Kanowit,secondary,female,2022-01-01,119
Sarawak,Kanowit,secondary,female,2023-06-30,116
Sarawak,Kanowit,secondary,female,2024-06-30,127
Sarawak,Kanowit,secondary,female,2025-06-30,122
Sarawak,Kanowit,secondary,male,2017-01-01,79
Sarawak,Kanowit,secondary,male,2018-01-01,79
Sarawak,Kanowit,secondary,male,2019-01-01,82
Sarawak,Kanowit,secondary,male,2020-01-01,79
Sarawak,Kanowit,secondary,male,2021-01-01,74
Sarawak,Kanowit,secondary,male,2022-01-01,70
Sarawak,Kanowit,secondary,male,2023-06-30,68
Sarawak,Kanowit,secondary,male,2024-06-30,67
Sarawak,Kanowit,secondary,male,2025-06-30,65
Sarawak,Kapit,primary,both,2017-01-01,785
Sarawak,Kapit,primary,both,2018-01-01,844
Sarawak,Kapit,primary,both,2019-01-01,807
Sarawak,Kapit,primary,both,2020-01-01,795
Sarawak,Kapit,primary,both,2021-01-01,759
Sarawak,Kapit,primary,both,2022-01-01,699
Sarawak,Kapit,primary,both,2023-06-30,664
Sarawak,Kapit,primary,both,2024-06-30,703
Sarawak,Kapit,primary,both,2025-06-30,744
Sarawak,Kapit,primary,female,2017-01-01,333
Sarawak,Kapit,primary,female,2018-01-01,399
Sarawak,Kapit,primary,female,2019-01-01,388
Sarawak,Kapit,primary,female,2020-01-01,398
Sarawak,Kapit,primary,female,2021-01-01,382
Sarawak,Kapit,primary,female,2022-01-01,356
Sarawak,Kapit,primary,female,2023-06-30,344
Sarawak,Kapit,primary,female,2024-06-30,387
Sarawak,Kapit,primary,female,2025-06-30,432
Sarawak,Kapit,primary,male,2017-01-01,452
Sarawak,Kapit,primary,male,2018-01-01,445
Sarawak,Kapit,primary,male,2019-01-01,419
Sarawak,Kapit,primary,male,2020-01-01,397
Sarawak,Kapit,primary,male,2021-01-01,377
Sarawak,Kapit,primary,male,2022-01-01,343
Sarawak,Kapit,primary,male,2023-06-30,320
Sarawak,Kapit,primary,male,2024-06-30,316
Sarawak,Kapit,primary,male,2025-06-30,312
Sarawak,Kapit,secondary,both,2017-01-01,380
Sarawak,Kapit,secondary,both,2018-01-01,378
Sarawak,Kapit,secondary,both,2019-01-01,372
Sarawak,Kapit,secondary,both,2020-01-01,362
Sarawak,Kapit,secondary,both,2021-01-01,341
Sarawak,Kapit,secondary,both,2022-01-01,369
Sarawak,Kapit,secondary,both,2023-06-30,378
Sarawak,Kapit,secondary,both,2024-06-30,397
Sarawak,Kapit,secondary,both,2025-06-30,395
Sarawak,Kapit,secondary,female,2017-01-01,210
Sarawak,Kapit,secondary,female,2018-01-01,222
Sarawak,Kapit,secondary,female,2019-01-01,223
Sarawak,Kapit,secondary,female,2020-01-01,224
Sarawak,Kapit,secondary,female,2021-01-01,208
Sarawak,Kapit,secondary,female,2022-01-01,222
Sarawak,Kapit,secondary,female,2023-06-30,227
Sarawak,Kapit,secondary,female,2024-06-30,245
Sarawak,Kapit,secondary,female,2025-06-30,248
Sarawak,Kapit,secondary,male,2017-01-01,170
Sarawak,Kapit,secondary,male,2018-01-01,156
Sarawak,Kapit,secondary,male,2019-01-01,149
Sarawak,Kapit,secondary,male,2020-01-01,138
Sarawak,Kapit,secondary,male,2021-01-01,133
Sarawak,Kapit,secondary,male,2022-01-01,147
Sarawak,Kapit,secondary,male,2023-06-30,151
Sarawak,Kapit,secondary,male,2024-06-30,152
Sarawak,Kapit,secondary,male,2025-06-30,147
Sarawak,Kuching,primary,both,2017-01-01,4450
Sarawak,Kuching,primary,both,2018-01-01,4558
Sarawak,Kuching,primary,both,2019-01-01,4584
Sarawak,Kuching,primary,both,2020-01-01,4569
Sarawak,Kuching,primary,both,2021-01-01,4483
Sarawak,Kuching,primary,both,2022-01-01,4477
Sarawak,Kuching,primary,both,2023-06-30,2404
Sarawak,Kuching,primary,both,2024-06-30,2440
Sarawak,Kuching,primary,both,2025-06-30,2432
Sarawak,Kuching,primary,female,2017-01-01,3217
Sarawak,Kuching,primary,female,2018-01-01,3332
Sarawak,Kuching,primary,female,2019-01-01,3359
Sarawak,Kuching,primary,female,2020-01-01,3351
Sarawak,Kuching,primary,female,2021-01-01,3291
Sarawak,Kuching,primary,female,2022-01-01,3294
Sarawak,Kuching,primary,female,2023-06-30,1786
Sarawak,Kuching,primary,female,2024-06-30,1832
Sarawak,Kuching,primary,female,2025-06-30,1831
Sarawak,Kuching,primary,male,2017-01-01,1233
Sarawak,Kuching,primary,male,2018-01-01,1226
Sarawak,Kuching,primary,male,2019-01-01,1225
Sarawak,Kuching,primary,male,2020-01-01,1218
Sarawak,Kuching,primary,male,2021-01-01,1192
Sarawak,Kuching,primary,male,2022-01-01,1183
Sarawak,Kuching,primary,male,2023-06-30,618
Sarawak,Kuching,primary,male,2024-06-30,608
Sarawak,Kuching,primary,male,2025-06-30,601
Sarawak,Kuching,secondary,both,2017-01-01,3707
Sarawak,Kuching,secondary,both,2018-01-01,3735
Sarawak,Kuching,secondary,both,2019-01-01,3673
Sarawak,Kuching,secondary,both,2020-01-01,3620
Sarawak,Kuching,secondary,both,2021-01-01,3509
Sarawak,Kuching,secondary,both,2022-01-01,3602
Sarawak,Kuching,secondary,both,2023-06-30,2115
Sarawak,Kuching,secondary,both,2024-06-30,2180
Sarawak,Kuching,secondary,both,2025-06-30,2172
Sarawak,Kuching,secondary,female,2017-01-01,2506
Sarawak,Kuching,secondary,female,2018-01-01,2540
Sarawak,Kuching,secondary,female,2019-01-01,2509
Sarawak,Kuching,secondary,female,2020-01-01,2496
Sarawak,Kuching,secondary,female,2021-01-01,2426
Sarawak,Kuching,secondary,female,2022-01-01,2507
Sarawak,Kuching,secondary,female,2023-06-30,1528
Sarawak,Kuching,secondary,female,2024-06-30,1579
Sarawak,Kuching,secondary,female,2025-06-30,1573
Sarawak,Kuching,secondary,male,2017-01-01,1201
Sarawak,Kuching,secondary,male,2018-01-01,1195
Sarawak,Kuching,secondary,male,2019-01-01,1164
Sarawak,Kuching,secondary,male,2020-01-01,1124
Sarawak,Kuching,secondary,male,2021-01-01,1083
Sarawak,Kuching,secondary,male,2022-01-01,1095
Sarawak,Kuching,secondary,male,2023-06-30,587
Sarawak,Kuching,secondary,male,2024-06-30,601
Sarawak,Kuching,secondary,male,2025-06-30,599
Sarawak,Lawas,primary,both,2017-01-01,511
Sarawak,Lawas,primary,both,2018-01-01,532
Sarawak,Lawas,primary,both,2019-01-01,518
Sarawak,Lawas,primary,both,2020-01-01,519
Sarawak,Lawas,primary,both,2021-01-01,503
Sarawak,Lawas,primary,both,2022-01-01,459
Sarawak,Lawas,primary,both,2023-06-30,476
Sarawak,Lawas,primary,both,2024-06-30,507
Sarawak,Lawas,primary,both,2025-06-30,535
Sarawak,Lawas,primary,female,2017-01-01,272
Sarawak,Lawas,primary,female,2018-01-01,304
Sarawak,Lawas,primary,female,2019-01-01,291
Sarawak,Lawas,primary,female,2020-01-01,298
Sarawak,Lawas,primary,female,2021-01-01,293
Sarawak,Lawas,primary,female,2022-01-01,277
Sarawak,Lawas,primary,female,2023-06-30,292
Sarawak,Lawas,primary,female,2024-06-30,318
Sarawak,Lawas,primary,female,2025-06-30,347
Sarawak,Lawas,primary,male,2017-01-01,239
Sarawak,Lawas,primary,male,2018-01-01,228
Sarawak,Lawas,primary,male,2019-01-01,227
Sarawak,Lawas,primary,male,2020-01-01,221
Sarawak,Lawas,primary,male,2021-01-01,210
Sarawak,Lawas,primary,male,2022-01-01,182
Sarawak,Lawas,primary,male,2023-06-30,184
Sarawak,Lawas,primary,male,2024-06-30,189
Sarawak,Lawas,primary,male,2025-06-30,188
Sarawak,Lawas,secondary,both,2017-01-01,228
Sarawak,Lawas,secondary,both,2018-01-01,242
Sarawak,Lawas,secondary,both,2019-01-01,237
Sarawak,Lawas,secondary,both,2020-01-01,222
Sarawak,Lawas,secondary,both,2021-01-01,206
Sarawak,Lawas,secondary,both,2022-01-01,235
Sarawak,Lawas,secondary,both,2023-06-30,237
Sarawak,Lawas,secondary,both,2024-06-30,251
Sarawak,Lawas,secondary,both,2025-06-30,243
Sarawak,Lawas,secondary,female,2017-01-01,136
Sarawak,Lawas,secondary,female,2018-01-01,150
Sarawak,Lawas,secondary,female,2019-01-01,148
Sarawak,Lawas,secondary,female,2020-01-01,142
Sarawak,Lawas,secondary,female,2021-01-01,132
Sarawak,Lawas,secondary,female,2022-01-01,154
Sarawak,Lawas,secondary,female,2023-06-30,152
Sarawak,Lawas,secondary,female,2024-06-30,161
Sarawak,Lawas,secondary,female,2025-06-30,157
Sarawak,Lawas,secondary,male,2017-01-01,92
Sarawak,Lawas,secondary,male,2018-01-01,92
Sarawak,Lawas,secondary,male,2019-01-01,89
Sarawak,Lawas,secondary,male,2020-01-01,80
Sarawak,Lawas,secondary,male,2021-01-01,74
Sarawak,Lawas,secondary,male,2022-01-01,81
Sarawak,Lawas,secondary,male,2023-06-30,85
Sarawak,Lawas,secondary,male,2024-06-30,90
Sarawak,Lawas,secondary,male,2025-06-30,86
Sarawak,Limbang,primary,both,2017-01-01,594
Sarawak,Limbang,primary,both,2018-01-01,622
Sarawak,Limbang,primary,both,2019-01-01,593
Sarawak,Limbang,primary,both,2020-01-01,579
Sarawak,Limbang,primary,both,2021-01-01,568
Sarawak,Limbang,primary,both,2022-01-01,533
Sarawak,Limbang,primary,both,2023-06-30,543
Sarawak,Limbang,primary,both,2024-06-30,567
Sarawak,Limbang,primary,both,2025-06-30,594
Sarawak,Limbang,primary,female,2017-01-01,338
Sarawak,Limbang,primary,female,2018-01-01,360
Sarawak,Limbang,primary,female,2019-01-01,348
Sarawak,Limbang,primary,female,2020-01-01,345
Sarawak,Limbang,primary,female,2021-01-01,347
Sarawak,Limbang,primary,female,2022-01-01,327
Sarawak,Limbang,primary,female,2023-06-30,341
Sarawak,Limbang,primary,female,2024-06-30,363
Sarawak,Limbang,primary,female,2025-06-30,392
Sarawak,Limbang,primary,male,2017-01-01,256
Sarawak,Limbang,primary,male,2018-01-01,262
Sarawak,Limbang,primary,male,2019-01-01,245
Sarawak,Limbang,primary,male,2020-01-01,234
Sarawak,Limbang,primary,male,2021-01-01,221
Sarawak,Limbang,primary,male,2022-01-01,206
Sarawak,Limbang,primary,male,2023-06-30,202
Sarawak,Limbang,primary,male,2024-06-30,204
Sarawak,Limbang,primary,male,2025-06-30,202
Sarawak,Limbang,secondary,both,2017-01-01,339
Sarawak,Limbang,secondary,both,2018-01-01,353
Sarawak,Limbang,secondary,both,2019-01-01,337
Sarawak,Limbang,secondary,both,2020-01-01,338
Sarawak,Limbang,secondary,both,2021-01-01,322
Sarawak,Limbang,secondary,both,2022-01-01,341
Sarawak,Limbang,secondary,both,2023-06-30,340
Sarawak,Limbang,secondary,both,2024-06-30,351
Sarawak,Limbang,secondary,both,2025-06-30,356
Sarawak,Limbang,secondary,female,2017-01-01,210
Sarawak,Limbang,secondary,female,2018-01-01,234
Sarawak,Limbang,secondary,female,2019-01-01,224
Sarawak,Limbang,secondary,female,2020-01-01,225
Sarawak,Limbang,secondary,female,2021-01-01,217
Sarawak,Limbang,secondary,female,2022-01-01,240
Sarawak,Limbang,secondary,female,2023-06-30,237
Sarawak,Limbang,secondary,female,2024-06-30,245
Sarawak,Limbang,secondary,female,2025-06-30,255
Sarawak,Limbang,secondary,male,2017-01-01,129
Sarawak,Limbang,secondary,male,2018-01-01,119
Sarawak,Limbang,secondary,male,2019-01-01,113
Sarawak,Limbang,secondary,male,2020-01-01,113
Sarawak,Limbang,secondary,male,2021-01-01,105
Sarawak,Limbang,secondary,male,2022-01-01,101
Sarawak,Limbang,secondary,male,2023-06-30,103
Sarawak,Limbang,secondary,male,2024-06-30,106
Sarawak,Limbang,secondary,male,2025-06-30,101
Sarawak,Lubok Antu,primary,both,2017-01-01,407
Sarawak,Lubok Antu,primary,both,2018-01-01,410
Sarawak,Lubok Antu,primary,both,2019-01-01,385
Sarawak,Lubok Antu,primary,both,2020-01-01,385
Sarawak,Lubok Antu,primary,both,2021-01-01,383
Sarawak,Lubok Antu,primary,both,2022-01-01,392
Sarawak,Lubok Antu,primary,both,2023-06-30,388
Sarawak,Lubok Antu,primary,both,2024-06-30,387
Sarawak,Lubok Antu,primary,both,2025-06-30,407
Sarawak,Lubok Antu,primary,female,2017-01-01,176
Sarawak,Lubok Antu,primary,female,2018-01-01,193
Sarawak,Lubok Antu,primary,female,2019-01-01,182
Sarawak,Lubok Antu,primary,female,2020-01-01,199
Sarawak,Lubok Antu,primary,female,2021-01-01,201
Sarawak,Lubok Antu,primary,female,2022-01-01,209
Sarawak,Lubok Antu,primary,female,2023-06-30,211
Sarawak,Lubok Antu,primary,female,2024-06-30,213
Sarawak,Lubok Antu,primary,female,2025-06-30,229
Sarawak,Lubok Antu,primary,male,2017-01-01,231
Sarawak,Lubok Antu,primary,male,2018-01-01,217
Sarawak,Lubok Antu,primary,male,2019-01-01,203
Sarawak,Lubok Antu,primary,male,2020-01-01,186
Sarawak,Lubok Antu,primary,male,2021-01-01,182
Sarawak,Lubok Antu,primary,male,2022-01-01,183
Sarawak,Lubok Antu,primary,male,2023-06-30,177
Sarawak,Lubok Antu,primary,male,2024-06-30,174
Sarawak,Lubok Antu,primary,male,2025-06-30,178
Sarawak,Lubok Antu,secondary,both,2017-01-01,169
Sarawak,Lubok Antu,secondary,both,2018-01-01,162
Sarawak,Lubok Antu,secondary,both,2019-01-01,162
Sarawak,Lubok Antu,secondary,both,2020-01-01,153
Sarawak,Lubok Antu,secondary,both,2021-01-01,143
Sarawak,Lubok Antu,secondary,both,2022-01-01,153
Sarawak,Lubok Antu,secondary,both,2023-06-30,156
Sarawak,Lubok Antu,secondary,both,2024-06-30,160
Sarawak,Lubok Antu,secondary,both,2025-06-30,161
Sarawak,Lubok Antu,secondary,female,2017-01-01,74
Sarawak,Lubok Antu,secondary,female,2018-01-01,78
Sarawak,Lubok Antu,secondary,female,2019-01-01,85
Sarawak,Lubok Antu,secondary,female,2020-01-01,82
Sarawak,Lubok Antu,secondary,female,2021-01-01,74
Sarawak,Lubok Antu,secondary,female,2022-01-01,86
Sarawak,Lubok Antu,secondary,female,2023-06-30,88
Sarawak,Lubok Antu,secondary,female,2024-06-30,97
Sarawak,Lubok Antu,secondary,female,2025-06-30,94
Sarawak,Lubok Antu,secondary,male,2017-01-01,95
Sarawak,Lubok Antu,secondary,male,2018-01-01,84
Sarawak,Lubok Antu,secondary,male,2019-01-01,77
Sarawak,Lubok Antu,secondary,male,2020-01-01,71
Sarawak,Lubok Antu,secondary,male,2021-01-01,69
Sarawak,Lubok Antu,secondary,male,2022-01-01,67
Sarawak,Lubok Antu,secondary,male,2023-06-30,68
Sarawak,Lubok Antu,secondary,male,2024-06-30,63
Sarawak,Lubok Antu,secondary,male,2025-06-30,67
Sarawak,Lundu,primary,both,2017-01-01,495
Sarawak,Lundu,primary,both,2018-01-01,524
Sarawak,Lundu,primary,both,2019-01-01,525
Sarawak,Lundu,primary,both,2020-01-01,527
Sarawak,Lundu,primary,both,2021-01-01,508
Sarawak,Lundu,primary,both,2022-01-01,514
Sarawak,Lundu,primary,both,2023-06-30,497
Sarawak,Lundu,primary,both,2024-06-30,495
Sarawak,Lundu,primary,both,2025-06-30,507
Sarawak,Lundu,primary,female,2017-01-01,270
Sarawak,Lundu,primary,female,2018-01-01,301
Sarawak,Lundu,primary,female,2019-01-01,306
Sarawak,Lundu,primary,female,2020-01-01,314
Sarawak,Lundu,primary,female,2021-01-01,305
Sarawak,Lundu,primary,female,2022-01-01,311
Sarawak,Lundu,primary,female,2023-06-30,307
Sarawak,Lundu,primary,female,2024-06-30,311
Sarawak,Lundu,primary,female,2025-06-30,330
Sarawak,Lundu,primary,male,2017-01-01,225
Sarawak,Lundu,primary,male,2018-01-01,223
Sarawak,Lundu,primary,male,2019-01-01,219
Sarawak,Lundu,primary,male,2020-01-01,213
Sarawak,Lundu,primary,male,2021-01-01,203
Sarawak,Lundu,primary,male,2022-01-01,203
Sarawak,Lundu,primary,male,2023-06-30,190
Sarawak,Lundu,primary,male,2024-06-30,184
Sarawak,Lundu,primary,male,2025-06-30,177
Sarawak,Lundu,secondary,both,2017-01-01,229
Sarawak,Lundu,secondary,both,2018-01-01,227
Sarawak,Lundu,secondary,both,2019-01-01,229
Sarawak,Lundu,secondary,both,2020-01-01,220
Sarawak,Lundu,secondary,both,2021-01-01,218
Sarawak,Lundu,secondary,both,2022-01-01,233
Sarawak,Lundu,secondary,both,2023-06-30,230
Sarawak,Lundu,secondary,both,2024-06-30,231
Sarawak,Lundu,secondary,both,2025-06-30,231
Sarawak,Lundu,secondary,female,2017-01-01,134
Sarawak,Lundu,secondary,female,2018-01-01,137
Sarawak,Lundu,secondary,female,2019-01-01,139
Sarawak,Lundu,secondary,female,2020-01-01,134
Sarawak,Lundu,secondary,female,2021-01-01,131
Sarawak,Lundu,secondary,female,2022-01-01,147
Sarawak,Lundu,secondary,female,2023-06-30,150
Sarawak,Lundu,secondary,female,2024-06-30,151
Sarawak,Lundu,secondary,female,2025-06-30,153
Sarawak,Lundu,secondary,male,2017-01-01,95
Sarawak,Lundu,secondary,male,2018-01-01,90
Sarawak,Lundu,secondary,male,2019-01-01,90
Sarawak,Lundu,secondary,male,2020-01-01,86
Sarawak,Lundu,secondary,male,2021-01-01,87
Sarawak,Lundu,secondary,male,2022-01-01,86
Sarawak,Lundu,secondary,male,2023-06-30,80
Sarawak,Lundu,secondary,male,2024-06-30,80
Sarawak,Lundu,secondary,male,2025-06-30,78
Sarawak,Maradong,primary,both,2017-01-01,472
Sarawak,Maradong,primary,both,2018-01-01,499
Sarawak,Maradong,primary,both,2019-01-01,484
Sarawak,Maradong,primary,both,2020-01-01,481
Sarawak,Maradong,primary,both,2021-01-01,475
Sarawak,Maradong,primary,both,2022-01-01,472
Sarawak,Maradong,primary,female,2017-01-01,310
Sarawak,Maradong,primary,female,2018-01-01,338
Sarawak,Maradong,primary,female,2019-01-01,326
Sarawak,Maradong,primary,female,2020-01-01,325
Sarawak,Maradong,primary,female,2021-01-01,323
Sarawak,Maradong,primary,female,2022-01-01,323
Sarawak,Maradong,primary,male,2017-01-01,162
Sarawak,Maradong,primary,male,2018-01-01,161
Sarawak,Maradong,primary,male,2019-01-01,158
Sarawak,Maradong,primary,male,2020-01-01,156
Sarawak,Maradong,primary,male,2021-01-01,152
Sarawak,Maradong,primary,male,2022-01-01,149
Sarawak,Maradong,secondary,both,2017-01-01,292
Sarawak,Maradong,secondary,both,2018-01-01,290
Sarawak,Maradong,secondary,both,2019-01-01,297
Sarawak,Maradong,secondary,both,2020-01-01,286
Sarawak,Maradong,secondary,both,2021-01-01,279
Sarawak,Maradong,secondary,both,2022-01-01,286
Sarawak,Maradong,secondary,female,2017-01-01,187
Sarawak,Maradong,secondary,female,2018-01-01,185
Sarawak,Maradong,secondary,female,2019-01-01,191
Sarawak,Maradong,secondary,female,2020-01-01,185
Sarawak,Maradong,secondary,female,2021-01-01,182
Sarawak,Maradong,secondary,female,2022-01-01,190
Sarawak,Maradong,secondary,male,2017-01-01,105
Sarawak,Maradong,secondary,male,2018-01-01,105
Sarawak,Maradong,secondary,male,2019-01-01,106
Sarawak,Maradong,secondary,male,2020-01-01,101
Sarawak,Maradong,secondary,male,2021-01-01,97
Sarawak,Maradong,secondary,male,2022-01-01,96
Sarawak,Marudi,primary,both,2017-01-01,894
Sarawak,Marudi,primary,both,2018-01-01,1053
Sarawak,Marudi,primary,both,2019-01-01,1003
Sarawak,Marudi,primary,both,2020-01-01,977
Sarawak,Marudi,primary,both,2021-01-01,940
Sarawak,Marudi,primary,both,2022-01-01,864
Sarawak,Marudi,primary,female,2017-01-01,365
Sarawak,Marudi,primary,female,2018-01-01,491
Sarawak,Marudi,primary,female,2019-01-01,473
Sarawak,Marudi,primary,female,2020-01-01,480
Sarawak,Marudi,primary,female,2021-01-01,464
Sarawak,Marudi,primary,female,2022-01-01,435
Sarawak,Marudi,primary,male,2017-01-01,529
Sarawak,Marudi,primary,male,2018-01-01,562
Sarawak,Marudi,primary,male,2019-01-01,530
Sarawak,Marudi,primary,male,2020-01-01,497
Sarawak,Marudi,primary,male,2021-01-01,476
Sarawak,Marudi,primary,male,2022-01-01,429
Sarawak,Marudi,secondary,both,2017-01-01,321
Sarawak,Marudi,secondary,both,2018-01-01,362
Sarawak,Marudi,secondary,both,2019-01-01,352
Sarawak,Marudi,secondary,both,2020-01-01,334
Sarawak,Marudi,secondary,both,2021-01-01,305
Sarawak,Marudi,secondary,both,2022-01-01,339
Sarawak,Marudi,secondary,female,2017-01-01,156
Sarawak,Marudi,secondary,female,2018-01-01,182
Sarawak,Marudi,secondary,female,2019-01-01,175
Sarawak,Marudi,secondary,female,2020-01-01,167
Sarawak,Marudi,secondary,female,2021-01-01,150
Sarawak,Marudi,secondary,female,2022-01-01,181
Sarawak,Marudi,secondary,male,2017-01-01,165
Sarawak,Marudi,secondary,male,2018-01-01,180
Sarawak,Marudi,secondary,male,2019-01-01,177
Sarawak,Marudi,secondary,male,2020-01-01,167
Sarawak,Marudi,secondary,male,2021-01-01,155
Sarawak,Marudi,secondary,male,2022-01-01,158
Sarawak,Miri,primary,both,2017-01-01,1641
Sarawak,Miri,primary,both,2018-01-01,1866
Sarawak,Miri,primary,both,2019-01-01,1851
Sarawak,Miri,primary,both,2020-01-01,1833
Sarawak,Miri,primary,both,2021-01-01,1799
Sarawak,Miri,primary,both,2022-01-01,1745
Sarawak,Miri,primary,both,2023-06-30,1617
Sarawak,Miri,primary,both,2024-06-30,1679
Sarawak,Miri,primary,both,2025-06-30,1745
Sarawak,Miri,primary,female,2017-01-01,1239
Sarawak,Miri,primary,female,2018-01-01,1390
Sarawak,Miri,primary,female,2019-01-01,1375
Sarawak,Miri,primary,female,2020-01-01,1369
Sarawak,Miri,primary,female,2021-01-01,1353
Sarawak,Miri,primary,female,2022-01-01,1317
Sarawak,Miri,primary,female,2023-06-30,1227
Sarawak,Miri,primary,female,2024-06-30,1260
Sarawak,Miri,primary,female,2025-06-30,1307
Sarawak,Miri,primary,male,2017-01-01,402
Sarawak,Miri,primary,male,2018-01-01,476
Sarawak,Miri,primary,male,2019-01-01,476
Sarawak,Miri,primary,male,2020-01-01,464
Sarawak,Miri,primary,male,2021-01-01,446
Sarawak,Miri,primary,male,2022-01-01,428
Sarawak,Miri,primary,male,2023-06-30,390
Sarawak,Miri,primary,male,2024-06-30,419
Sarawak,Miri,primary,male,2025-06-30,438
Sarawak,Miri,secondary,both,2017-01-01,1363
Sarawak,Miri,secondary,both,2018-01-01,1592
Sarawak,Miri,secondary,both,2019-01-01,1539
Sarawak,Miri,secondary,both,2020-01-01,1502
Sarawak,Miri,secondary,both,2021-01-01,1443
Sarawak,Miri,secondary,both,2022-01-01,1513
Sarawak,Miri,secondary,both,2023-06-30,1420
Sarawak,Miri,secondary,both,2024-06-30,1467
Sarawak,Miri,secondary,both,2025-06-30,1483
Sarawak,Miri,secondary,female,2017-01-01,953
Sarawak,Miri,secondary,female,2018-01-01,1121
Sarawak,Miri,secondary,female,2019-01-01,1093
Sarawak,Miri,secondary,female,2020-01-01,1067
Sarawak,Miri,secondary,female,2021-01-01,1026
Sarawak,Miri,secondary,female,2022-01-01,1093
Sarawak,Miri,secondary,female,2023-06-30,1039
Sarawak,Miri,secondary,female,2024-06-30,1088
Sarawak,Miri,secondary,female,2025-06-30,1102
Sarawak,Miri,secondary,male,2017-01-01,410
Sarawak,Miri,secondary,male,2018-01-01,471
Sarawak,Miri,secondary,male,2019-01-01,446
Sarawak,Miri,secondary,male,2020-01-01,435
Sarawak,Miri,secondary,male,2021-01-01,417
Sarawak,Miri,secondary,male,2022-01-01,420
Sarawak,Miri,secondary,male,2023-06-30,381
Sarawak,Miri,secondary,male,2024-06-30,379
Sarawak,Miri,secondary,male,2025-06-30,381
Sarawak,Mukah,primary,both,2017-01-01,516
Sarawak,Mukah,primary,both,2018-01-01,549
Sarawak,Mukah,primary,both,2019-01-01,550
Sarawak,Mukah,primary,both,2020-01-01,548
Sarawak,Mukah,primary,both,2021-01-01,552
Sarawak,Mukah,primary,both,2022-01-01,561
Sarawak,Mukah,primary,both,2023-06-30,553
Sarawak,Mukah,primary,both,2024-06-30,549
Sarawak,Mukah,primary,both,2025-06-30,562
Sarawak,Mukah,primary,female,2017-01-01,299
Sarawak,Mukah,primary,female,2018-01-01,336
Sarawak,Mukah,primary,female,2019-01-01,336
Sarawak,Mukah,primary,female,2020-01-01,331
Sarawak,Mukah,primary,female,2021-01-01,333
Sarawak,Mukah,primary,female,2022-01-01,336
Sarawak,Mukah,primary,female,2023-06-30,332
Sarawak,Mukah,primary,female,2024-06-30,332
Sarawak,Mukah,primary,female,2025-06-30,353
Sarawak,Mukah,primary,male,2017-01-01,217
Sarawak,Mukah,primary,male,2018-01-01,213
Sarawak,Mukah,primary,male,2019-01-01,214
Sarawak,Mukah,primary,male,2020-01-01,217
Sarawak,Mukah,primary,male,2021-01-01,219
Sarawak,Mukah,primary,male,2022-01-01,225
Sarawak,Mukah,primary,male,2023-06-30,221
Sarawak,Mukah,primary,male,2024-06-30,217
Sarawak,Mukah,primary,male,2025-06-30,209
Sarawak,Mukah,secondary,both,2017-01-01,237
Sarawak,Mukah,secondary,both,2018-01-01,236
Sarawak,Mukah,secondary,both,2019-01-01,241
Sarawak,Mukah,secondary,both,2020-01-01,242
Sarawak,Mukah,secondary,both,2021-01-01,236
Sarawak,Mukah,secondary,both,2022-01-01,247
Sarawak,Mukah,secondary,both,2023-06-30,246
Sarawak,Mukah,secondary,both,2024-06-30,259
Sarawak,Mukah,secondary,both,2025-06-30,260
Sarawak,Mukah,secondary,female,2017-01-01,163
Sarawak,Mukah,secondary,female,2018-01-01,161
Sarawak,Mukah,secondary,female,2019-01-01,163
Sarawak,Mukah,secondary,female,2020-01-01,164
Sarawak,Mukah,secondary,female,2021-01-01,159
Sarawak,Mukah,secondary,female,2022-01-01,167
Sarawak,Mukah,secondary,female,2023-06-30,170
Sarawak,Mukah,secondary,female,2024-06-30,177
Sarawak,Mukah,secondary,female,2025-06-30,177
Sarawak,Mukah,secondary,male,2017-01-01,74
Sarawak,Mukah,secondary,male,2018-01-01,75
Sarawak,Mukah,secondary,male,2019-01-01,78
Sarawak,Mukah,secondary,male,2020-01-01,78
Sarawak,Mukah,secondary,male,2021-01-01,77
Sarawak,Mukah,secondary,male,2022-01-01,80
Sarawak,Mukah,secondary,male,2023-06-30,76
Sarawak,Mukah,secondary,male,2024-06-30,82
Sarawak,Mukah,secondary,male,2025-06-30,83
Sarawak,Pusa,primary,both,2018-01-01,14
Sarawak,Pusa,primary,both,2019-01-01,13
Sarawak,Pusa,primary,both,2020-01-01,14
Sarawak,Pusa,primary,both,2021-01-01,14
Sarawak,Pusa,primary,both,2022-01-01,13
Sarawak,Pusa,primary,female,2018-01-01,8
Sarawak,Pusa,primary,female,2019-01-01,6
Sarawak,Pusa,primary,female,2020-01-01,6
Sarawak,Pusa,primary,female,2021-01-01,6
Sarawak,Pusa,primary,female,2022-01-01,7
Sarawak,Pusa,primary,male,2018-01-01,6
Sarawak,Pusa,primary,male,2019-01-01,7
Sarawak,Pusa,primary,male,2020-01-01,8
Sarawak,Pusa,primary,male,2021-01-01,8
Sarawak,Pusa,primary,male,2022-01-01,6
Sarawak,Samarahan,primary,both,2017-01-01,1153
Sarawak,Samarahan,primary,both,2018-01-01,712
Sarawak,Samarahan,primary,both,2019-01-01,720
Sarawak,Samarahan,primary,both,2020-01-01,732
Sarawak,Samarahan,primary,both,2021-01-01,757
Sarawak,Samarahan,primary,both,2022-01-01,805
Sarawak,Samarahan,primary,both,2023-06-30,1337
Sarawak,Samarahan,primary,both,2024-06-30,1356
Sarawak,Samarahan,primary,both,2025-06-30,1368
Sarawak,Samarahan,primary,female,2017-01-01,721
Sarawak,Samarahan,primary,female,2018-01-01,491
Sarawak,Samarahan,primary,female,2019-01-01,501
Sarawak,Samarahan,primary,female,2020-01-01,510
Sarawak,Samarahan,primary,female,2021-01-01,527
Sarawak,Samarahan,primary,female,2022-01-01,575
Sarawak,Samarahan,primary,female,2023-06-30,898
Sarawak,Samarahan,primary,female,2024-06-30,920
Sarawak,Samarahan,primary,female,2025-06-30,932
Sarawak,Samarahan,primary,male,2017-01-01,432
Sarawak,Samarahan,primary,male,2018-01-01,221
Sarawak,Samarahan,primary,male,2019-01-01,219
Sarawak,Samarahan,primary,male,2020-01-01,222
Sarawak,Samarahan,primary,male,2021-01-01,230
Sarawak,Samarahan,primary,male,2022-01-01,230
Sarawak,Samarahan,primary,male,2023-06-30,439
Sarawak,Samarahan,primary,male,2024-06-30,436
Sarawak,Samarahan,primary,male,2025-06-30,436
Sarawak,Samarahan,secondary,both,2017-01-01,865
Sarawak,Samarahan,secondary,both,2018-01-01,559
Sarawak,Samarahan,secondary,both,2019-01-01,562
Sarawak,Samarahan,secondary,both,2020-01-01,554
Sarawak,Samarahan,secondary,both,2021-01-01,545
Sarawak,Samarahan,secondary,both,2022-01-01,579
Sarawak,Samarahan,secondary,both,2023-06-30,927
Sarawak,Samarahan,secondary,both,2024-06-30,946
Sarawak,Samarahan,secondary,both,2025-06-30,960
Sarawak,Samarahan,secondary,female,2017-01-01,530
Sarawak,Samarahan,secondary,female,2018-01-01,372
Sarawak,Samarahan,secondary,female,2019-01-01,379
Sarawak,Samarahan,secondary,female,2020-01-01,379
Sarawak,Samarahan,secondary,female,2021-01-01,371
Sarawak,Samarahan,secondary,female,2022-01-01,390
Sarawak,Samarahan,secondary,female,2023-06-30,596
Sarawak,Samarahan,secondary,female,2024-06-30,618
Sarawak,Samarahan,secondary,female,2025-06-30,640
Sarawak,Samarahan,secondary,male,2017-01-01,335
Sarawak,Samarahan,secondary,male,2018-01-01,187
Sarawak,Samarahan,secondary,male,2019-01-01,183
Sarawak,Samarahan,secondary,male,2020-01-01,175
Sarawak,Samarahan,secondary,male,2021-01-01,174
Sarawak,Samarahan,secondary,male,2022-01-01,189
Sarawak,Samarahan,secondary,male,2023-06-30,331
Sarawak,Samarahan,secondary,male,2024-06-30,328
Sarawak,Samarahan,secondary,male,2025-06-30,320
Sarawak,Saratok,primary,both,2017-01-01,811
Sarawak,Saratok,primary,both,2018-01-01,756
Sarawak,Saratok,primary,both,2019-01-01,736
Sarawak,Saratok,primary,both,2020-01-01,735
Sarawak,Saratok,primary,both,2021-01-01,730
Sarawak,Saratok,primary,both,2022-01-01,722
Sarawak,Saratok,primary,both,2023-06-30,743
Sarawak,Saratok,primary,both,2024-06-30,766
Sarawak,Saratok,primary,both,2025-06-30,814
Sarawak,Saratok,primary,female,2017-01-01,425
Sarawak,Saratok,primary,female,2018-01-01,422
Sarawak,Saratok,primary,female,2019-01-01,413
Sarawak,Saratok,primary,female,2020-01-01,425
Sarawak,Saratok,primary,female,2021-01-01,431
Sarawak,Saratok,primary,female,2022-01-01,432
Sarawak,Saratok,primary,female,2023-06-30,449
Sarawak,Saratok,primary,female,2024-06-30,469
Sarawak,Saratok,primary,female,2025-06-30,523
Sarawak,Saratok,primary,male,2017-01-01,386
Sarawak,Saratok,primary,male,2018-01-01,334
Sarawak,Saratok,primary,male,2019-01-01,323
Sarawak,Saratok,primary,male,2020-01-01,310
Sarawak,Saratok,primary,male,2021-01-01,299
Sarawak,Saratok,primary,male,2022-01-01,290
Sarawak,Saratok,primary,male,2023-06-30,294
Sarawak,Saratok,primary,male,2024-06-30,297
Sarawak,Saratok,primary,male,2025-06-30,291
Sarawak,Saratok,secondary,both,2017-01-01,411
Sarawak,Saratok,secondary,both,2018-01-01,314
Sarawak,Saratok,secondary,both,2019-01-01,308
Sarawak,Saratok,secondary,both,2020-01-01,288
Sarawak,Saratok,secondary,both,2021-01-01,276
Sarawak,Saratok,secondary,both,2022-01-01,288
Sarawak,Saratok,secondary,both,2023-06-30,359
Sarawak,Saratok,secondary,both,2024-06-30,369
Sarawak,Saratok,secondary,both,2025-06-30,367
Sarawak,Saratok,secondary,female,2017-01-01,231
Sarawak,Saratok,secondary,female,2018-01-01,178
Sarawak,Saratok,secondary,female,2019-01-01,177
Sarawak,Saratok,secondary,female,2020-01-01,165
Sarawak,Saratok,secondary,female,2021-01-01,158
Sarawak,Saratok,secondary,female,2022-01-01,171
Sarawak,Saratok,secondary,female,2023-06-30,221
Sarawak,Saratok,secondary,female,2024-06-30,230
Sarawak,Saratok,secondary,female,2025-06-30,234
Sarawak,Saratok,secondary,male,2017-01-01,180
Sarawak,Saratok,secondary,male,2018-01-01,136
Sarawak,Saratok,secondary,male,2019-01-01,131
Sarawak,Saratok,secondary,male,2020-01-01,123
Sarawak,Saratok,secondary,male,2021-01-01,118
Sarawak,Saratok,secondary,male,2022-01-01,117
Sarawak,Saratok,secondary,male,2023-06-30,138
Sarawak,Saratok,secondary,male,2024-06-30,139
Sarawak,Saratok,secondary,male,2025-06-30,133
Sarawak,Sarikei,primary,both,2017-01-01,723
Sarawak,Sarikei,primary,both,2018-01-01,765
Sarawak,Sarikei,primary,both,2019-01-01,759
Sarawak,Sarikei,primary,both,2020-01-01,747
Sarawak,Sarikei,primary,both,2021-01-01,752
Sarawak,Sarikei,primary,both,2022-01-01,751
Sarawak,Sarikei,primary,both,2023-06-30,750
Sarawak,Sarikei,primary,both,2024-06-30,753
Sarawak,Sarikei,primary,both,2025-06-30,782
Sarawak,Sarikei,primary,female,2017-01-01,503
Sarawak,Sarikei,primary,female,2018-01-01,550
Sarawak,Sarikei,primary,female,2019-01-01,551
Sarawak,Sarikei,primary,female,2020-01-01,543
Sarawak,Sarikei,primary,female,2021-01-01,548
Sarawak,Sarikei,primary,female,2022-01-01,552
Sarawak,Sarikei,primary,female,2023-06-30,551
Sarawak,Sarikei,primary,female,2024-06-30,546
Sarawak,Sarikei,primary,female,2025-06-30,569
Sarawak,Sarikei,primary,male,2017-01-01,220
Sarawak,Sarikei,primary,male,2018-01-01,215
Sarawak,Sarikei,primary,male,2019-01-01,208
Sarawak,Sarikei,primary,male,2020-01-01,204
Sarawak,Sarikei,primary,male,2021-01-01,204
Sarawak,Sarikei,primary,male,2022-01-01,199
Sarawak,Sarikei,primary,male,2023-06-30,199
Sarawak,Sarikei,primary,male,2024-06-30,207
Sarawak,Sarikei,primary,male,2025-06-30,213
Sarawak,Sarikei,secondary,both,2017-01-01,391
Sarawak,Sarikei,secondary,both,2018-01-01,431
Sarawak,Sarikei,secondary,both,2019-01-01,428
Sarawak,Sarikei,secondary,both,2020-01-01,416
Sarawak,Sarikei,secondary,both,2021-01-01,412
Sarawak,Sarikei,secondary,both,2022-01-01,434
Sarawak,Sarikei,secondary,both,2023-06-30,392
Sarawak,Sarikei,secondary,both,2024-06-30,396
Sarawak,Sarikei,secondary,both,2025-06-30,401
Sarawak,Sarikei,secondary,female,2017-01-01,255
Sarawak,Sarikei,secondary,female,2018-01-01,286
Sarawak,Sarikei,secondary,female,2019-01-01,280
Sarawak,Sarikei,secondary,female,2020-01-01,273
Sarawak,Sarikei,secondary,female,2021-01-01,266
Sarawak,Sarikei,secondary,female,2022-01-01,285
Sarawak,Sarikei,secondary,female,2023-06-30,258
Sarawak,Sarikei,secondary,female,2024-06-30,265
Sarawak,Sarikei,secondary,female,2025-06-30,277
Sarawak,Sarikei,secondary,male,2017-01-01,136
Sarawak,Sarikei,secondary,male,2018-01-01,145
Sarawak,Sarikei,secondary,male,2019-01-01,148
Sarawak,Sarikei,secondary,male,2020-01-01,143
Sarawak,Sarikei,secondary,male,2021-01-01,146
Sarawak,Sarikei,secondary,male,2022-01-01,149
Sarawak,Sarikei,secondary,male,2023-06-30,134
Sarawak,Sarikei,secondary,male,2024-06-30,131
Sarawak,Sarikei,secondary,male,2025-06-30,124
Sarawak,Sebauh,primary,both,2018-01-01,160
Sarawak,Sebauh,primary,both,2019-01-01,152
Sarawak,Sebauh,primary,both,2020-01-01,150
Sarawak,Sebauh,primary,both,2021-01-01,143
Sarawak,Sebauh,primary,both,2022-01-01,135
Sarawak,Sebauh,primary,female,2018-01-01,75
Sarawak,Sebauh,primary,female,2019-01-01,68
Sarawak,Sebauh,primary,female,2020-01-01,66
Sarawak,Sebauh,primary,female,2021-01-01,62
Sarawak,Sebauh,primary,female,2022-01-01,66
Sarawak,Sebauh,primary,male,2018-01-01,85
Sarawak,Sebauh,primary,male,2019-01-01,84
Sarawak,Sebauh,primary,male,2020-01-01,84
Sarawak,Sebauh,primary,male,2021-01-01,81
Sarawak,Sebauh,primary,male,2022-01-01,69
Sarawak,Sebauh,secondary,both,2018-01-01,75
Sarawak,Sebauh,secondary,both,2019-01-01,75
Sarawak,Sebauh,secondary,both,2020-01-01,68
Sarawak,Sebauh,secondary,both,2021-01-01,64
Sarawak,Sebauh,secondary,both,2022-01-01,67
Sarawak,Sebauh,secondary,female,2018-01-01,39
Sarawak,Sebauh,secondary,female,2019-01-01,38
Sarawak,Sebauh,secondary,female,2020-01-01,33
Sarawak,Sebauh,secondary,female,2021-01-01,31
Sarawak,Sebauh,secondary,female,2022-01-01,35
Sarawak,Sebauh,secondary,male,2018-01-01,36
Sarawak,Sebauh,secondary,male,2019-01-01,37
Sarawak,Sebauh,secondary,male,2020-01-01,35
Sarawak,Sebauh,secondary,male,2021-01-01,33
Sarawak,Sebauh,secondary,male,2022-01-01,32
Sarawak,Selangau,primary,both,2017-01-01,333
Sarawak,Selangau,primary,both,2023-06-30,320
Sarawak,Selangau,primary,both,2024-06-30,324
Sarawak,Selangau,primary,both,2025-06-30,343
Sarawak,Selangau,primary,female,2017-01-01,145
Sarawak,Selangau,primary,female,2023-06-30,175
Sarawak,Selangau,primary,female,2024-06-30,173
Sarawak,Selangau,primary,female,2025-06-30,192
Sarawak,Selangau,primary,male,2017-01-01,188
Sarawak,Selangau,primary,male,2023-06-30,145
Sarawak,Selangau,primary,male,2024-06-30,151
Sarawak,Selangau,primary,male,2025-06-30,151
Sarawak,Selangau,secondary,both,2017-01-01,48
Sarawak,Selangau,secondary,both,2023-06-30,46
Sarawak,Selangau,secondary,both,2024-06-30,49
Sarawak,Selangau,secondary,both,2025-06-30,50
Sarawak,Selangau,secondary,female,2017-01-01,30
Sarawak,Selangau,secondary,female,2023-06-30,22
Sarawak,Selangau,secondary,female,2024-06-30,26
Sarawak,Selangau,secondary,female,2025-06-30,26
Sarawak,Selangau,secondary,male,2017-01-01,18
Sarawak,Selangau,secondary,male,2023-06-30,24
Sarawak,Selangau,secondary,male,2024-06-30,23
Sarawak,Selangau,secondary,male,2025-06-30,24
Sarawak,Serian,primary,both,2017-01-01,1173
Sarawak,Serian,primary,both,2018-01-01,1253
Sarawak,Serian,primary,both,2019-01-01,1245
Sarawak,Serian,primary,both,2020-01-01,1255
Sarawak,Serian,primary,both,2021-01-01,1224
Sarawak,Serian,primary,both,2022-01-01,1220
Sarawak,Serian,primary,both,2023-06-30,1548
Sarawak,Serian,primary,both,2024-06-30,1534
Sarawak,Serian,primary,both,2025-06-30,1588
Sarawak,Serian,primary,female,2017-01-01,609
Sarawak,Serian,primary,female,2018-01-01,693
Sarawak,Serian,primary,female,2019-01-01,690
Sarawak,Serian,primary,female,2020-01-01,706
Sarawak,Serian,primary,female,2021-01-01,691
Sarawak,Serian,primary,female,2022-01-01,703
Sarawak,Serian,primary,female,2023-06-30,936
Sarawak,Serian,primary,female,2024-06-30,946
Sarawak,Serian,primary,female,2025-06-30,1002
Sarawak,Serian,primary,male,2017-01-01,564
Sarawak,Serian,primary,male,2018-01-01,560
Sarawak,Serian,primary,male,2019-01-01,555
Sarawak,Serian,primary,male,2020-01-01,549
Sarawak,Serian,primary,male,2021-01-01,533
Sarawak,Serian,primary,male,2022-01-01,517
Sarawak,Serian,primary,male,2023-06-30,612
Sarawak,Serian,primary,male,2024-06-30,588
Sarawak,Serian,primary,male,2025-06-30,586
Sarawak,Serian,secondary,both,2017-01-01,569
Sarawak,Serian,secondary,both,2018-01-01,561
Sarawak,Serian,secondary,both,2019-01-01,558
Sarawak,Serian,secondary,both,2020-01-01,548
Sarawak,Serian,secondary,both,2021-01-01,529
Sarawak,Serian,secondary,both,2022-01-01,569
Sarawak,Serian,secondary,both,2023-06-30,865
Sarawak,Serian,secondary,both,2024-06-30,891
Sarawak,Serian,secondary,both,2025-06-30,895
Sarawak,Serian,secondary,female,2017-01-01,312
Sarawak,Serian,secondary,female,2018-01-01,320
Sarawak,Serian,secondary,female,2019-01-01,326
Sarawak,Serian,secondary,female,2020-01-01,321
Sarawak,Serian,secondary,female,2021-01-01,311
Sarawak,Serian,secondary,female,2022-01-01,352
Sarawak,Serian,secondary,female,2023-06-30,548
Sarawak,Serian,secondary,female,2024-06-30,568
Sarawak,Serian,secondary,female,2025-06-30,576
Sarawak,Serian,secondary,male,2017-01-01,257
Sarawak,Serian,secondary,male,2018-01-01,241
Sarawak,Serian,secondary,male,2019-01-01,232
Sarawak,Serian,secondary,male,2020-01-01,227
Sarawak,Serian,secondary,male,2021-01-01,218
Sarawak,Serian,secondary,male,2022-01-01,217
Sarawak,Serian,secondary,male,2023-06-30,317
Sarawak,Serian,secondary,male,2024-06-30,323
Sarawak,Serian,secondary,male,2025-06-30,319
Sarawak,Sibu,primary,both,2017-01-01,2259
Sarawak,Sibu,primary,both,2018-01-01,2663
Sarawak,Sibu,primary,both,2019-01-01,2634
Sarawak,Sibu,primary,both,2020-01-01,2592
Sarawak,Sibu,primary,both,2021-01-01,2578
Sarawak,Sibu,primary,both,2022-01-01,2583
Sarawak,Sibu,primary,both,2023-06-30,2269
Sarawak,Sibu,primary,both,2024-06-30,2285
Sarawak,Sibu,primary,both,2025-06-30,2341
Sarawak,Sibu,primary,female,2017-01-01,1716
Sarawak,Sibu,primary,female,2018-01-01,1942
Sarawak,Sibu,primary,female,2019-01-01,1919
Sarawak,Sibu,primary,female,2020-01-01,1906
Sarawak,Sibu,primary,female,2021-01-01,1903
Sarawak,Sibu,primary,female,2022-01-01,1912
Sarawak,Sibu,primary,female,2023-06-30,1755
Sarawak,Sibu,primary,female,2024-06-30,1777
Sarawak,Sibu,primary,female,2025-06-30,1816
Sarawak,Sibu,primary,male,2017-01-01,543
Sarawak,Sibu,primary,male,2018-01-01,721
Sarawak,Sibu,primary,male,2019-01-01,715
Sarawak,Sibu,primary,male,2020-01-01,686
Sarawak,Sibu,primary,male,2021-01-01,675
Sarawak,Sibu,primary,male,2022-01-01,671
Sarawak,Sibu,primary,male,2023-06-30,514
Sarawak,Sibu,primary,male,2024-06-30,508
Sarawak,Sibu,primary,male,2025-06-30,525
Sarawak,Sibu,secondary,both,2017-01-01,1851
Sarawak,Sibu,secondary,both,2018-01-01,1922
Sarawak,Sibu,secondary,both,2019-01-01,1895
Sarawak,Sibu,secondary,both,2020-01-01,1853
Sarawak,Sibu,secondary,both,2021-01-01,1813
Sarawak,Sibu,secondary,both,2022-01-01,1861
Sarawak,Sibu,secondary,both,2023-06-30,1809
Sarawak,Sibu,secondary,both,2024-06-30,1827
Sarawak,Sibu,secondary,both,2025-06-30,1810
Sarawak,Sibu,secondary,female,2017-01-01,1289
Sarawak,Sibu,secondary,female,2018-01-01,1342
Sarawak,Sibu,secondary,female,2019-01-01,1330
Sarawak,Sibu,secondary,female,2020-01-01,1303
Sarawak,Sibu,secondary,female,2021-01-01,1289
Sarawak,Sibu,secondary,female,2022-01-01,1328
Sarawak,Sibu,secondary,female,2023-06-30,1301
Sarawak,Sibu,secondary,female,2024-06-30,1318
Sarawak,Sibu,secondary,female,2025-06-30,1310
Sarawak,Sibu,secondary,male,2017-01-01,562
Sarawak,Sibu,secondary,male,2018-01-01,580
Sarawak,Sibu,secondary,male,2019-01-01,565
Sarawak,Sibu,secondary,male,2020-01-01,550
Sarawak,Sibu,secondary,male,2021-01-01,524
Sarawak,Sibu,secondary,male,2022-01-01,533
Sarawak,Sibu,secondary,male,2023-06-30,508
Sarawak,Sibu,secondary,male,2024-06-30,509
Sarawak,Sibu,secondary,male,2025-06-30,500
Sarawak,Simunjan,primary,both,2017-01-01,756
Sarawak,Simunjan,primary,both,2018-01-01,766
Sarawak,Simunjan,primary,both,2019-01-01,752
Sarawak,Simunjan,primary,both,2020-01-01,722
Sarawak,Simunjan,primary,both,2021-01-01,708
Sarawak,Simunjan,primary,both,2022-01-01,713
Sarawak,Simunjan,primary,both,2023-06-30,688
Sarawak,Simunjan,primary,both,2024-06-30,689
Sarawak,Simunjan,primary,both,2025-06-30,706
Sarawak,Simunjan,primary,female,2017-01-01,341
Sarawak,Simunjan,primary,female,2018-01-01,363
Sarawak,Simunjan,primary,female,2019-01-01,360
Sarawak,Simunjan,primary,female,2020-01-01,349
Sarawak,Simunjan,primary,female,2021-01-01,353
Sarawak,Simunjan,primary,female,2022-01-01,361
Sarawak,Simunjan,primary,female,2023-06-30,362
Sarawak,Simunjan,primary,female,2024-06-30,371
Sarawak,Simunjan,primary,female,2025-06-30,403
Sarawak,Simunjan,primary,male,2017-01-01,415
Sarawak,Simunjan,primary,male,2018-01-01,403
Sarawak,Simunjan,primary,male,2019-01-01,392
Sarawak,Simunjan,primary,male,2020-01-01,373
Sarawak,Simunjan,primary,male,2021-01-01,355
Sarawak,Simunjan,primary,male,2022-01-01,352
Sarawak,Simunjan,primary,male,2023-06-30,326
Sarawak,Simunjan,primary,male,2024-06-30,318
Sarawak,Simunjan,primary,male,2025-06-30,303
Sarawak,Simunjan,secondary,both,2017-01-01,255
Sarawak,Simunjan,secondary,both,2018-01-01,241
Sarawak,Simunjan,secondary,both,2019-01-01,241
Sarawak,Simunjan,secondary,both,2020-01-01,229
Sarawak,Simunjan,secondary,both,2021-01-01,220
Sarawak,Simunjan,secondary,both,2022-01-01,232
Sarawak,Simunjan,secondary,both,2023-06-30,230
Sarawak,Simunjan,secondary,both,2024-06-30,234
Sarawak,Simunjan,secondary,both,2025-06-30,235
Sarawak,Simunjan,secondary,female,2017-01-01,139
Sarawak,Simunjan,secondary,female,2018-01-01,133
Sarawak,Simunjan,secondary,female,2019-01-01,141
Sarawak,Simunjan,secondary,female,2020-01-01,136
Sarawak,Simunjan,secondary,female,2021-01-01,136
Sarawak,Simunjan,secondary,female,2022-01-01,154
Sarawak,Simunjan,secondary,female,2023-06-30,155
Sarawak,Simunjan,secondary,female,2024-06-30,163
Sarawak,Simunjan,secondary,female,2025-06-30,161
Sarawak,Simunjan,secondary,male,2017-01-01,116
Sarawak,Simunjan,secondary,male,2018-01-01,108
Sarawak,Simunjan,secondary,male,2019-01-01,100
Sarawak,Simunjan,secondary,male,2020-01-01,93
Sarawak,Simunjan,secondary,male,2021-01-01,84
Sarawak,Simunjan,secondary,male,2022-01-01,78
Sarawak,Simunjan,secondary,male,2023-06-30,75
Sarawak,Simunjan,secondary,male,2024-06-30,71
Sarawak,Simunjan,secondary,male,2025-06-30,74
Sarawak,Song,primary,both,2017-01-01,267
Sarawak,Song,primary,both,2018-01-01,264
Sarawak,Song,primary,both,2019-01-01,254
Sarawak,Song,primary,both,2020-01-01,252
Sarawak,Song,primary,both,2021-01-01,251
Sarawak,Song,primary,both,2022-01-01,253
Sarawak,Song,primary,both,2023-06-30,253
Sarawak,Song,primary,both,2024-06-30,239
Sarawak,Song,primary,both,2025-06-30,252
Sarawak,Song,primary,female,2017-01-01,122
Sarawak,Song,primary,female,2018-01-01,127
Sarawak,Song,primary,female,2019-01-01,126
Sarawak,Song,primary,female,2020-01-01,132
Sarawak,Song,primary,female,2021-01-01,137
Sarawak,Song,primary,female,2022-01-01,144
Sarawak,Song,primary,female,2023-06-30,146
Sarawak,Song,primary,female,2024-06-30,140
Sarawak,Song,primary,female,2025-06-30,152
Sarawak,Song,primary,male,2017-01-01,145
Sarawak,Song,primary,male,2018-01-01,137
Sarawak,Song,primary,male,2019-01-01,128
Sarawak,Song,primary,male,2020-01-01,120
Sarawak,Song,primary,male,2021-01-01,114
Sarawak,Song,primary,male,2022-01-01,109
Sarawak,Song,primary,male,2023-06-30,107
Sarawak,Song,primary,male,2024-06-30,99
Sarawak,Song,primary,male,2025-06-30,100
Sarawak,Song,secondary,both,2017-01-01,127
Sarawak,Song,secondary,both,2018-01-01,124
Sarawak,Song,secondary,both,2019-01-01,126
Sarawak,Song,secondary,both,2020-01-01,126
Sarawak,Song,secondary,both,2021-01-01,118
Sarawak,Song,secondary,both,2022-01-01,126
Sarawak,Song,secondary,both,2023-06-30,126
Sarawak,Song,secondary,both,2024-06-30,133
Sarawak,Song,secondary,both,2025-06-30,131
Sarawak,Song,secondary,female,2017-01-01,61
Sarawak,Song,secondary,female,2018-01-01,68
Sarawak,Song,secondary,female,2019-01-01,68
Sarawak,Song,secondary,female,2020-01-01,68
Sarawak,Song,secondary,female,2021-01-01,61
Sarawak,Song,secondary,female,2022-01-01,71
Sarawak,Song,secondary,female,2023-06-30,70
Sarawak,Song,secondary,female,2024-06-30,79
Sarawak,Song,secondary,female,2025-06-30,78
Sarawak,Song,secondary,male,2017-01-01,66
Sarawak,Song,secondary,male,2018-01-01,56
Sarawak,Song,secondary,male,2019-01-01,58
Sarawak,Song,secondary,male,2020-01-01,58
Sarawak,Song,secondary,male,2021-01-01,57
Sarawak,Song,secondary,male,2022-01-01,55
Sarawak,Song,secondary,male,2023-06-30,56
Sarawak,Song,secondary,male,2024-06-30,54
Sarawak,Song,secondary,male,2025-06-30,53
Sarawak,Sri Aman,primary,both,2017-01-01,655
Sarawak,Sri Aman,primary,both,2018-01-01,696
Sarawak,Sri Aman,primary,both,2019-01-01,675
Sarawak,Sri Aman,primary,both,2020-01-01,686
Sarawak,Sri Aman,primary,both,2021-01-01,668
Sarawak,Sri Aman,primary,both,2022-01-01,658
Sarawak,Sri Aman,primary,both,2023-06-30,638
Sarawak,Sri Aman,primary,both,2024-06-30,631
Sarawak,Sri Aman,primary,both,2025-06-30,648
Sarawak,Sri Aman,primary,female,2017-01-01,403
Sarawak,Sri Aman,primary,female,2018-01-01,442
Sarawak,Sri Aman,primary,female,2019-01-01,421
Sarawak,Sri Aman,primary,female,2020-01-01,430
Sarawak,Sri Aman,primary,female,2021-01-01,420
Sarawak,Sri Aman,primary,female,2022-01-01,416
Sarawak,Sri Aman,primary,female,2023-06-30,407
Sarawak,Sri Aman,primary,female,2024-06-30,400
Sarawak,Sri Aman,primary,female,2025-06-30,427
Sarawak,Sri Aman,primary,male,2017-01-01,252
Sarawak,Sri Aman,primary,male,2018-01-01,254
Sarawak,Sri Aman,primary,male,2019-01-01,254
Sarawak,Sri Aman,primary,male,2020-01-01,256
Sarawak,Sri Aman,primary,male,2021-01-01,248
Sarawak,Sri Aman,primary,male,2022-01-01,242
Sarawak,Sri Aman,primary,male,2023-06-30,231
Sarawak,Sri Aman,primary,male,2024-06-30,231
Sarawak,Sri Aman,primary,male,2025-06-30,221
Sarawak,Sri Aman,secondary,both,2017-01-01,355
Sarawak,Sri Aman,secondary,both,2018-01-01,348
Sarawak,Sri Aman,secondary,both,2019-01-01,369
Sarawak,Sri Aman,secondary,both,2020-01-01,357
Sarawak,Sri Aman,secondary,both,2021-01-01,352
Sarawak,Sri Aman,secondary,both,2022-01-01,373
Sarawak,Sri Aman,secondary,both,2023-06-30,375
Sarawak,Sri Aman,secondary,both,2024-06-30,373
Sarawak,Sri Aman,secondary,both,2025-06-30,378
Sarawak,Sri Aman,secondary,female,2017-01-01,226
Sarawak,Sri Aman,secondary,female,2018-01-01,219
Sarawak,Sri Aman,secondary,female,2019-01-01,235
Sarawak,Sri Aman,secondary,female,2020-01-01,229
Sarawak,Sri Aman,secondary,female,2021-01-01,224
Sarawak,Sri Aman,secondary,female,2022-01-01,247
Sarawak,Sri Aman,secondary,female,2023-06-30,251
Sarawak,Sri Aman,secondary,female,2024-06-30,252
Sarawak,Sri Aman,secondary,female,2025-06-30,258
Sarawak,Sri Aman,secondary,male,2017-01-01,129
Sarawak,Sri Aman,secondary,male,2018-01-01,129
Sarawak,Sri Aman,secondary,male,2019-01-01,134
Sarawak,Sri Aman,secondary,male,2020-01-01,128
Sarawak,Sri Aman,secondary,male,2021-01-01,128
Sarawak,Sri Aman,secondary,male,2022-01-01,126
Sarawak,Sri Aman,secondary,male,2023-06-30,124
Sarawak,Sri Aman,secondary,male,2024-06-30,121
Sarawak,Sri Aman,secondary,male,2025-06-30,120
Sarawak,Subis,primary,both,2017-01-01,662
Sarawak,Subis,primary,both,2018-01-01,338
Sarawak,Subis,primary,both,2019-01-01,324
Sarawak,Subis,primary,both,2020-01-01,315
Sarawak,Subis,primary,both,2021-01-01,311
Sarawak,Subis,primary,both,2022-01-01,288
Sarawak,Subis,primary,both,2023-06-30,597
Sarawak,Subis,primary,both,2024-06-30,623
Sarawak,Subis,primary,both,2025-06-30,681
Sarawak,Subis,primary,female,2017-01-01,372
Sarawak,Subis,primary,female,2018-01-01,216
Sarawak,Subis,primary,female,2019-01-01,212
Sarawak,Subis,primary,female,2020-01-01,209
Sarawak,Subis,primary,female,2021-01-01,208
Sarawak,Subis,primary,female,2022-01-01,190
Sarawak,Subis,primary,female,2023-06-30,389
Sarawak,Subis,primary,female,2024-06-30,395
Sarawak,Subis,primary,female,2025-06-30,459
Sarawak,Subis,primary,male,2017-01-01,290
Sarawak,Subis,primary,male,2018-01-01,122
Sarawak,Subis,primary,male,2019-01-01,112
Sarawak,Subis,primary,male,2020-01-01,106
Sarawak,Subis,primary,male,2021-01-01,103
Sarawak,Subis,primary,male,2022-01-01,98
Sarawak,Subis,primary,male,2023-06-30,208
Sarawak,Subis,primary,male,2024-06-30,228
Sarawak,Subis,primary,male,2025-06-30,222
Sarawak,Subis,secondary,both,2017-01-01,288
Sarawak,Subis,secondary,both,2018-01-01,123
Sarawak,Subis,secondary,both,2019-01-01,117
Sarawak,Subis,secondary,both,2020-01-01,110
Sarawak,Subis,secondary,both,2021-01-01,106
Sarawak,Subis,secondary,both,2022-01-01,115
Sarawak,Subis,secondary,both,2023-06-30,298
Sarawak,Subis,secondary,both,2024-06-30,309
Sarawak,Subis,secondary,both,2025-06-30,311
Sarawak,Subis,secondary,female,2017-01-01,167
Sarawak,Subis,secondary,female,2018-01-01,76
Sarawak,Subis,secondary,female,2019-01-01,74
Sarawak,Subis,secondary,female,2020-01-01,72
Sarawak,Subis,secondary,female,2021-01-01,67
Sarawak,Subis,secondary,female,2022-01-01,76
Sarawak,Subis,secondary,female,2023-06-30,197
Sarawak,Subis,secondary,female,2024-06-30,202
Sarawak,Subis,secondary,female,2025-06-30,207
Sarawak,Subis,secondary,male,2017-01-01,121
Sarawak,Subis,secondary,male,2018-01-01,47
Sarawak,Subis,secondary,male,2019-01-01,43
Sarawak,Subis,secondary,male,2020-01-01,38
Sarawak,Subis,secondary,male,2021-01-01,39
Sarawak,Subis,secondary,male,2022-01-01,39
Sarawak,Subis,secondary,male,2023-06-30,101
Sarawak,Subis,secondary,male,2024-06-30,107
Sarawak,Subis,secondary,male,2025-06-30,104
Sarawak,Tatau,primary,both,2017-01-01,479
Sarawak,Tatau,primary,both,2018-01-01,255
Sarawak,Tatau,primary,both,2019-01-01,242
Sarawak,Tatau,primary,both,2020-01-01,253
Sarawak,Tatau,primary,both,2021-01-01,248
Sarawak,Tatau,primary,both,2022-01-01,249
Sarawak,Tatau,primary,female,2017-01-01,235
Sarawak,Tatau,primary,female,2018-01-01,136
Sarawak,Tatau,primary,female,2019-01-01,135
Sarawak,Tatau,primary,female,2020-01-01,145
Sarawak,Tatau,primary,female,2021-01-01,143
Sarawak,Tatau,primary,female,2022-01-01,148
Sarawak,Tatau,primary,male,2017-01-01,244
Sarawak,Tatau,primary,male,2018-01-01,119
Sarawak,Tatau,primary,male,2019-01-01,107
Sarawak,Tatau,primary,male,2020-01-01,108
Sarawak,Tatau,primary,male,2021-01-01,105
Sarawak,Tatau,primary,male,2022-01-01,101
Sarawak,Tatau,secondary,both,2017-01-01,191
Sarawak,Tatau,secondary,both,2018-01-01,122
Sarawak,Tatau,secondary,both,2019-01-01,116
Sarawak,Tatau,secondary,both,2020-01-01,111
Sarawak,Tatau,secondary,both,2021-01-01,102
Sarawak,Tatau,secondary,both,2022-01-01,110
Sarawak,Tatau,secondary,female,2017-01-01,100
Sarawak,Tatau,secondary,female,2018-01-01,72
Sarawak,Tatau,secondary,female,2019-01-01,63
Sarawak,Tatau,secondary,female,2020-01-01,62
Sarawak,Tatau,secondary,female,2021-01-01,54
Sarawak,Tatau,secondary,female,2022-01-01,61
Sarawak,Tatau,secondary,male,2017-01-01,91
Sarawak,Tatau,secondary,male,2018-01-01,50
Sarawak,Tatau,secondary,male,2019-01-01,53
Sarawak,Tatau,secondary,male,2020-01-01,49
Sarawak,Tatau,secondary,male,2021-01-01,48
Sarawak,Tatau,secondary,male,2022-01-01,49
Sarawak,Baram,primary,both,2023-06-30,691
Sarawak,Baram,primary,both,2024-06-30,764
Sarawak,Baram,primary,both,2025-06-30,828
Sarawak,Baram,primary,female,2023-06-30,335
Sarawak,Baram,primary,female,2024-06-30,400
Sarawak,Baram,primary,female,2025-06-30,436
Sarawak,Baram,primary,male,2023-06-30,356
Sarawak,Baram,primary,male,2024-06-30,364
Sarawak,Baram,primary,male,2025-06-30,392
Sarawak,Baram,secondary,both,2023-06-30,340
Sarawak,Baram,secondary,both,2024-06-30,363
Sarawak,Baram,secondary,both,2025-06-30,357
Sarawak,Baram,secondary,female,2023-06-30,177
Sarawak,Baram,secondary,female,2024-06-30,189
Sarawak,Baram,secondary,female,2025-06-30,188
Sarawak,Baram,secondary,male,2023-06-30,163
Sarawak,Baram,secondary,male,2024-06-30,174
Sarawak,Baram,secondary,male,2025-06-30,169
Sarawak,Meradong,primary,both,2023-06-30,456
Sarawak,Meradong,primary,both,2024-06-30,463
Sarawak,Meradong,primary,both,2025-06-30,483
Sarawak,Meradong,primary,female,2023-06-30,311
Sarawak,Meradong,primary,female,2024-06-30,311
Sarawak,Meradong,primary,female,2025-06-30,326
Sarawak,Meradong,primary,male,2023-06-30,145
Sarawak,Meradong,primary,male,2024-06-30,152
Sarawak,Meradong,primary,male,2025-06-30,157
Sarawak,Meradong,secondary,both,2023-06-30,289
Sarawak,Meradong,secondary,both,2024-06-30,284
Sarawak,Meradong,secondary,both,2025-06-30,292
Sarawak,Meradong,secondary,female,2023-06-30,190
Sarawak,Meradong,secondary,female,2024-06-30,191
Sarawak,Meradong,secondary,female,2025-06-30,197
Sarawak,Meradong,secondary,male,2023-06-30,99
Sarawak,Meradong,secondary,male,2024-06-30,93
Sarawak,Meradong,secondary,male,2025-06-30,95
Sarawak,Padawan,primary,both,2023-06-30,1683
Sarawak,Padawan,primary,both,2024-06-30,1722
Sarawak,Padawan,primary,both,2025-06-30,1744
Sarawak,Padawan,primary,female,2023-06-30,1251
Sarawak,Padawan,primary,female,2024-06-30,1279
Sarawak,Padawan,primary,female,2025-06-30,1293
Sarawak,Padawan,primary,male,2023-06-30,432
Sarawak,Padawan,primary,male,2024-06-30,443
Sarawak,Padawan,primary,male,2025-06-30,451
Sarawak,Padawan,secondary,both,2023-06-30,1234
Sarawak,Padawan,secondary,both,2024-06-30,1255
Sarawak,Padawan,secondary,both,2025-06-30,1254
Sarawak,Padawan,secondary,female,2023-06-30,814
Sarawak,Padawan,secondary,female,2024-06-30,826
Sarawak,Padawan,secondary,female,2025-06-30,826
Sarawak,Padawan,secondary,male,2023-06-30,420
Sarawak,Padawan,secondary,male,2024-06-30,429
Sarawak,Padawan,secondary,male,2025-06-30,428
Sarawak,Tatau/Sebauh,primary,both,2023-06-30,442
Sarawak,Tatau/Sebauh,primary,both,2024-06-30,461
Sarawak,Tatau/Sebauh,primary,both,2025-06-30,487
Sarawak,Tatau/Sebauh,primary,female,2023-06-30,244
Sarawak,Tatau/Sebauh,primary,female,2024-06-30,261
Sarawak,Tatau/Sebauh,primary,female,2025-06-30,290
Sarawak,Tatau/Sebauh,primary,male,2023-06-30,198
Sarawak,Tatau/Sebauh,primary,male,2024-06-30,200
Sarawak,Tatau/Sebauh,primary,male,2025-06-30,197
Sarawak,Tatau/Sebauh,secondary,both,2023-06-30,177
Sarawak,Tatau/Sebauh,secondary,both,2024-06-30,195
Sarawak,Tatau/Sebauh,secondary,both,2025-06-30,190
Sarawak,Tatau/Sebauh,secondary,female,2023-06-30,105
Sarawak,Tatau/Sebauh,secondary,female,2024-06-30,121
Sarawak,Tatau/Sebauh,secondary,female,2025-06-30,120
Sarawak,Tatau/Sebauh,secondary,male,2023-06-30,72
Sarawak,Tatau/Sebauh,secondary,male,2024-06-30,74
Sarawak,Tatau/Sebauh,secondary,male,2025-06-30,70
Selangor,All Districts,primary,both,2017-01-01,33989
Selangor,All Districts,primary,both,2018-01-01,35136
Selangor,All Districts,primary,both,2019-01-01,34600
Selangor,All Districts,primary,both,2020-01-01,35284
Selangor,All Districts,primary,both,2021-01-01,35268
Selangor,All Districts,primary,both,2022-01-01,35018
Selangor,All Districts,primary,both,2023-06-30,34958
Selangor,All Districts,primary,both,2024-06-30,35741
Selangor,All Districts,primary,both,2025-06-30,35894
Selangor,All Districts,primary,female,2017-01-01,26308
Selangor,All Districts,primary,female,2018-01-01,27330
Selangor,All Districts,primary,female,2019-01-01,26925
Selangor,All Districts,primary,female,2020-01-01,27248
Selangor,All Districts,primary,female,2021-01-01,27253
Selangor,All Districts,primary,female,2022-01-01,27084
Selangor,All Districts,primary,female,2023-06-30,27048
Selangor,All Districts,primary,female,2024-06-30,27581
Selangor,All Districts,primary,female,2025-06-30,27698
Selangor,All Districts,primary,male,2017-01-01,7681
Selangor,All Districts,primary,male,2018-01-01,7806
Selangor,All Districts,primary,male,2019-01-01,7675
Selangor,All Districts,primary,male,2020-01-01,8036
Selangor,All Districts,primary,male,2021-01-01,8015
Selangor,All Districts,primary,male,2022-01-01,7934
Selangor,All Districts,primary,male,2023-06-30,7910
Selangor,All Districts,primary,male,2024-06-30,8160
Selangor,All Districts,primary,male,2025-06-30,8196
Selangor,All Districts,secondary,both,2017-01-01,26933
Selangor,All Districts,secondary,both,2018-01-01,27075
Selangor,All Districts,secondary,both,2019-01-01,26889
Selangor,All Districts,secondary,both,2020-01-01,26532
Selangor,All Districts,secondary,both,2021-01-01,26022
Selangor,All Districts,secondary,both,2022-01-01,27214
Selangor,All Districts,secondary,both,2023-06-30,26629
Selangor,All Districts,secondary,both,2024-06-30,26629
Selangor,All Districts,secondary,both,2025-06-30,26514
Selangor,All Districts,secondary,female,2017-01-01,22098
Selangor,All Districts,secondary,female,2018-01-01,22194
Selangor,All Districts,secondary,female,2019-01-01,22026
Selangor,All Districts,secondary,female,2020-01-01,21760
Selangor,All Districts,secondary,female,2021-01-01,21375
Selangor,All Districts,secondary,female,2022-01-01,22262
Selangor,All Districts,secondary,female,2023-06-30,21768
Selangor,All Districts,secondary,female,2024-06-30,21753
Selangor,All Districts,secondary,female,2025-06-30,21653
Selangor,All Districts,secondary,male,2017-01-01,4835
Selangor,All Districts,secondary,male,2018-01-01,4881
Selangor,All Districts,secondary,male,2019-01-01,4863
Selangor,All Districts,secondary,male,2020-01-01,4772
Selangor,All Districts,secondary,male,2021-01-01,4647
Selangor,All Districts,secondary,male,2022-01-01,4952
Selangor,All Districts,secondary,male,2023-06-30,4861
Selangor,All Districts,secondary,male,2024-06-30,4876
Selangor,All Districts,secondary,male,2025-06-30,4861
Selangor,Gombak,primary,both,2017-01-01,4526
Selangor,Gombak,primary,both,2018-01-01,4635
Selangor,Gombak,primary,both,2019-01-01,4520
Selangor,Gombak,primary,both,2020-01-01,4612
Selangor,Gombak,primary,both,2021-01-01,4615
Selangor,Gombak,primary,both,2022-01-01,4557
Selangor,Gombak,primary,both,2023-06-30,4514
Selangor,Gombak,primary,both,2024-06-30,4587
Selangor,Gombak,primary,both,2025-06-30,4566
Selangor,Gombak,primary,female,2017-01-01,3444
Selangor,Gombak,primary,female,2018-01-01,3537
Selangor,Gombak,primary,female,2019-01-01,3453
Selangor,Gombak,primary,female,2020-01-01,3493
Selangor,Gombak,primary,female,2021-01-01,3494
Selangor,Gombak,primary,female,2022-01-01,3455
Selangor,Gombak,primary,female,2023-06-30,3440
Selangor,Gombak,primary,female,2024-06-30,3481
Selangor,Gombak,primary,female,2025-06-30,3457
Selangor,Gombak,primary,male,2017-01-01,1082
Selangor,Gombak,primary,male,2018-01-01,1098
Selangor,Gombak,primary,male,2019-01-01,1067
Selangor,Gombak,primary,male,2020-01-01,1119
Selangor,Gombak,primary,male,2021-01-01,1121
Selangor,Gombak,primary,male,2022-01-01,1102
Selangor,Gombak,primary,male,2023-06-30,1074
Selangor,Gombak,primary,male,2024-06-30,1106
Selangor,Gombak,primary,male,2025-06-30,1109
Selangor,Gombak,secondary,both,2017-01-01,3826
Selangor,Gombak,secondary,both,2018-01-01,3819
Selangor,Gombak,secondary,both,2019-01-01,3772
Selangor,Gombak,secondary,both,2020-01-01,3751
Selangor,Gombak,secondary,both,2021-01-01,3680
Selangor,Gombak,secondary,both,2022-01-01,3832
Selangor,Gombak,secondary,both,2023-06-30,3740
Selangor,Gombak,secondary,both,2024-06-30,3724
Selangor,Gombak,secondary,both,2025-06-30,3688
Selangor,Gombak,secondary,female,2017-01-01,3206
Selangor,Gombak,secondary,female,2018-01-01,3189
Selangor,Gombak,secondary,female,2019-01-01,3136
Selangor,Gombak,secondary,female,2020-01-01,3107
Selangor,Gombak,secondary,female,2021-01-01,3047
Selangor,Gombak,secondary,female,2022-01-01,3165
Selangor,Gombak,secondary,female,2023-06-30,3089
Selangor,Gombak,secondary,female,2024-06-30,3074
Selangor,Gombak,secondary,female,2025-06-30,3046
Selangor,Gombak,secondary,male,2017-01-01,620
Selangor,Gombak,secondary,male,2018-01-01,630
Selangor,Gombak,secondary,male,2019-01-01,636
Selangor,Gombak,secondary,male,2020-01-01,644
Selangor,Gombak,secondary,male,2021-01-01,633
Selangor,Gombak,secondary,male,2022-01-01,667
Selangor,Gombak,secondary,male,2023-06-30,651
Selangor,Gombak,secondary,male,2024-06-30,650
Selangor,Gombak,secondary,male,2025-06-30,642
Selangor,Ulu Langat,primary,both,2017-01-01,5930
Selangor,Ulu Langat,primary,both,2018-01-01,6160
Selangor,Ulu Langat,primary,both,2019-01-01,6088
Selangor,Ulu Langat,primary,both,2020-01-01,6225
Selangor,Ulu Langat,primary,both,2021-01-01,6192
Selangor,Ulu Langat,primary,both,2022-01-01,6149
Selangor,Ulu Langat,primary,both,2023-06-30,6129
Selangor,Ulu Langat,primary,both,2024-06-30,6324
Selangor,Ulu Langat,primary,both,2025-06-30,6382
Selangor,Ulu Langat,primary,female,2017-01-01,4681
Selangor,Ulu Langat,primary,female,2018-01-01,4877
Selangor,Ulu Langat,primary,female,2019-01-01,4822
Selangor,Ulu Langat,primary,female,2020-01-01,4886
Selangor,Ulu Langat,primary,female,2021-01-01,4875
Selangor,Ulu Langat,primary,female,2022-01-01,4838
Selangor,Ulu Langat,primary,female,2023-06-30,4813
Selangor,Ulu Langat,primary,female,2024-06-30,4943
Selangor,Ulu Langat,primary,female,2025-06-30,4988
Selangor,Ulu Langat,primary,male,2017-01-01,1249
Selangor,Ulu Langat,primary,male,2018-01-01,1283
Selangor,Ulu Langat,primary,male,2019-01-01,1266
Selangor,Ulu Langat,primary,male,2020-01-01,1339
Selangor,Ulu Langat,primary,male,2021-01-01,1317
Selangor,Ulu Langat,primary,male,2022-01-01,1311
Selangor,Ulu Langat,primary,male,2023-06-30,1316
Selangor,Ulu Langat,primary,male,2024-06-30,1381
Selangor,Ulu Langat,primary,male,2025-06-30,1394
Selangor,Ulu Langat,secondary,both,2017-01-01,4660
Selangor,Ulu Langat,secondary,both,2018-01-01,4660
Selangor,Ulu Langat,secondary,both,2019-01-01,4600
Selangor,Ulu Langat,secondary,both,2020-01-01,4539
Selangor,Ulu Langat,secondary,both,2021-01-01,4425
Selangor,Ulu Langat,secondary,both,2022-01-01,4600
Selangor,Ulu Langat,secondary,both,2023-06-30,4494
Selangor,Ulu Langat,secondary,both,2024-06-30,4485
Selangor,Ulu Langat,secondary,both,2025-06-30,4463
Selangor,Ulu Langat,secondary,female,2017-01-01,3993
Selangor,Ulu Langat,secondary,female,2018-01-01,3986
Selangor,Ulu Langat,secondary,female,2019-01-01,3934
Selangor,Ulu Langat,secondary,female,2020-01-01,3874
Selangor,Ulu Langat,secondary,female,2021-01-01,3791
Selangor,Ulu Langat,secondary,female,2022-01-01,3931
Selangor,Ulu Langat,secondary,female,2023-06-30,3830
Selangor,Ulu Langat,secondary,female,2024-06-30,3809
Selangor,Ulu Langat,secondary,female,2025-06-30,3774
Selangor,Ulu Langat,secondary,male,2017-01-01,667
Selangor,Ulu Langat,secondary,male,2018-01-01,674
Selangor,Ulu Langat,secondary,male,2019-01-01,666
Selangor,Ulu Langat,secondary,male,2020-01-01,665
Selangor,Ulu Langat,secondary,male,2021-01-01,634
Selangor,Ulu Langat,secondary,male,2022-01-01,669
Selangor,Ulu Langat,secondary,male,2023-06-30,664
Selangor,Ulu Langat,secondary,male,2024-06-30,676
Selangor,Ulu Langat,secondary,male,2025-06-30,689
Selangor,Ulu Selangor,primary,both,2017-01-01,1887
Selangor,Ulu Selangor,primary,both,2018-01-01,1941
Selangor,Ulu Selangor,primary,both,2019-01-01,1916
Selangor,Ulu Selangor,primary,both,2020-01-01,1934
Selangor,Ulu Selangor,primary,both,2021-01-01,1930
Selangor,Ulu Selangor,primary,both,2022-01-01,1913
Selangor,Ulu Selangor,primary,both,2023-06-30,1895
Selangor,Ulu Selangor,primary,both,2024-06-30,1940
Selangor,Ulu Selangor,primary,both,2025-06-30,1927
Selangor,Ulu Selangor,primary,female,2017-01-01,1418
Selangor,Ulu Selangor,primary,female,2018-01-01,1488
Selangor,Ulu Selangor,primary,female,2019-01-01,1476
Selangor,Ulu Selangor,primary,female,2020-01-01,1473
Selangor,Ulu Selangor,primary,female,2021-01-01,1472
Selangor,Ulu Selangor,primary,female,2022-01-01,1473
Selangor,Ulu Selangor,primary,female,2023-06-30,1455
Selangor,Ulu Selangor,primary,female,2024-06-30,1491
Selangor,Ulu Selangor,primary,female,2025-06-30,1486
Selangor,Ulu Selangor,primary,male,2017-01-01,469
Selangor,Ulu Selangor,primary,male,2018-01-01,453
Selangor,Ulu Selangor,primary,male,2019-01-01,440
Selangor,Ulu Selangor,primary,male,2020-01-01,461
Selangor,Ulu Selangor,primary,male,2021-01-01,458
Selangor,Ulu Selangor,primary,male,2022-01-01,440
Selangor,Ulu Selangor,primary,male,2023-06-30,440
Selangor,Ulu Selangor,primary,male,2024-06-30,449
Selangor,Ulu Selangor,primary,male,2025-06-30,441
Selangor,Ulu Selangor,secondary,both,2017-01-01,1381
Selangor,Ulu Selangor,secondary,both,2018-01-01,1371
Selangor,Ulu Selangor,secondary,both,2019-01-01,1362
Selangor,Ulu Selangor,secondary,both,2020-01-01,1349
Selangor,Ulu Selangor,secondary,both,2021-01-01,1324
Selangor,Ulu Selangor,secondary,both,2022-01-01,1361
Selangor,Ulu Selangor,secondary,both,2023-06-30,1342
Selangor,Ulu Selangor,secondary,both,2024-06-30,1340
Selangor,Ulu Selangor,secondary,both,2025-06-30,1340
Selangor,Ulu Selangor,secondary,female,2017-01-01,1095
Selangor,Ulu Selangor,secondary,female,2018-01-01,1081
Selangor,Ulu Selangor,secondary,female,2019-01-01,1083
Selangor,Ulu Selangor,secondary,female,2020-01-01,1078
Selangor,Ulu Selangor,secondary,female,2021-01-01,1067
Selangor,Ulu Selangor,secondary,female,2022-01-01,1092
Selangor,Ulu Selangor,secondary,female,2023-06-30,1076
Selangor,Ulu Selangor,secondary,female,2024-06-30,1073
Selangor,Ulu Selangor,secondary,female,2025-06-30,1070
Selangor,Ulu Selangor,secondary,male,2017-01-01,286
Selangor,Ulu Selangor,secondary,male,2018-01-01,290
Selangor,Ulu Selangor,secondary,male,2019-01-01,279
Selangor,Ulu Selangor,secondary,male,2020-01-01,271
Selangor,Ulu Selangor,secondary,male,2021-01-01,257
Selangor,Ulu Selangor,secondary,male,2022-01-01,269
Selangor,Ulu Selangor,secondary,male,2023-06-30,266
Selangor,Ulu Selangor,secondary,male,2024-06-30,267
Selangor,Ulu Selangor,secondary,male,2025-06-30,270
Selangor,Klang,primary,both,2017-01-01,5651
Selangor,Klang,primary,both,2018-01-01,5778
Selangor,Klang,primary,both,2019-01-01,5680
Selangor,Klang,primary,both,2020-01-01,5747
Selangor,Klang,primary,both,2021-01-01,5727
Selangor,Klang,primary,both,2022-01-01,5632
Selangor,Klang,primary,both,2023-06-30,5608
Selangor,Klang,primary,both,2024-06-30,5725
Selangor,Klang,primary,both,2025-06-30,5750
Selangor,Klang,primary,female,2017-01-01,4423
Selangor,Klang,primary,female,2018-01-01,4528
Selangor,Klang,primary,female,2019-01-01,4468
Selangor,Klang,primary,female,2020-01-01,4501
Selangor,Klang,primary,female,2021-01-01,4495
Selangor,Klang,primary,female,2022-01-01,4440
Selangor,Klang,primary,female,2023-06-30,4419
Selangor,Klang,primary,female,2024-06-30,4517
Selangor,Klang,primary,female,2025-06-30,4520
Selangor,Klang,primary,male,2017-01-01,1228
Selangor,Klang,primary,male,2018-01-01,1250
Selangor,Klang,primary,male,2019-01-01,1212
Selangor,Klang,primary,male,2020-01-01,1246
Selangor,Klang,primary,male,2021-01-01,1232
Selangor,Klang,primary,male,2022-01-01,1192
Selangor,Klang,primary,male,2023-06-30,1189
Selangor,Klang,primary,male,2024-06-30,1208
Selangor,Klang,primary,male,2025-06-30,1230
Selangor,Klang,secondary,both,2017-01-01,4291
Selangor,Klang,secondary,both,2018-01-01,4293
Selangor,Klang,secondary,both,2019-01-01,4274
Selangor,Klang,secondary,both,2020-01-01,4203
Selangor,Klang,secondary,both,2021-01-01,4104
Selangor,Klang,secondary,both,2022-01-01,4289
Selangor,Klang,secondary,both,2023-06-30,4187
Selangor,Klang,secondary,both,2024-06-30,4158
Selangor,Klang,secondary,both,2025-06-30,4120
Selangor,Klang,secondary,female,2017-01-01,3590
Selangor,Klang,secondary,female,2018-01-01,3578
Selangor,Klang,secondary,female,2019-01-01,3562
Selangor,Klang,secondary,female,2020-01-01,3510
Selangor,Klang,secondary,female,2021-01-01,3427
Selangor,Klang,secondary,female,2022-01-01,3559
Selangor,Klang,secondary,female,2023-06-30,3471
Selangor,Klang,secondary,female,2024-06-30,3445
Selangor,Klang,secondary,female,2025-06-30,3408
Selangor,Klang,secondary,male,2017-01-01,701
Selangor,Klang,secondary,male,2018-01-01,715
Selangor,Klang,secondary,male,2019-01-01,712
Selangor,Klang,secondary,male,2020-01-01,693
Selangor,Klang,secondary,male,2021-01-01,677
Selangor,Klang,secondary,male,2022-01-01,730
Selangor,Klang,secondary,male,2023-06-30,716
Selangor,Klang,secondary,male,2024-06-30,713
Selangor,Klang,secondary,male,2025-06-30,712
Selangor,Kuala Langat,primary,both,2017-01-01,2019
Selangor,Kuala Langat,primary,both,2018-01-01,2069
Selangor,Kuala Langat,primary,both,2019-01-01,2077
Selangor,Kuala Langat,primary,both,2020-01-01,2148
Selangor,Kuala Langat,primary,both,2021-01-01,2151
Selangor,Kuala Langat,primary,both,2022-01-01,2160
Selangor,Kuala Langat,primary,both,2023-06-30,2158
Selangor,Kuala Langat,primary,both,2024-06-30,2301
Selangor,Kuala Langat,primary,both,2025-06-30,2328
Selangor,Kuala Langat,primary,female,2017-01-01,1518
Selangor,Kuala Langat,primary,female,2018-01-01,1583
Selangor,Kuala Langat,primary,female,2019-01-01,1596
Selangor,Kuala Langat,primary,female,2020-01-01,1628
Selangor,Kuala Langat,primary,female,2021-01-01,1623
Selangor,Kuala Langat,primary,female,2022-01-01,1638
Selangor,Kuala Langat,primary,female,2023-06-30,1651
Selangor,Kuala Langat,primary,female,2024-06-30,1754
Selangor,Kuala Langat,primary,female,2025-06-30,1776
Selangor,Kuala Langat,primary,male,2017-01-01,501
Selangor,Kuala Langat,primary,male,2018-01-01,486
Selangor,Kuala Langat,primary,male,2019-01-01,481
Selangor,Kuala Langat,primary,male,2020-01-01,520
Selangor,Kuala Langat,primary,male,2021-01-01,528
Selangor,Kuala Langat,primary,male,2022-01-01,522
Selangor,Kuala Langat,primary,male,2023-06-30,507
Selangor,Kuala Langat,primary,male,2024-06-30,547
Selangor,Kuala Langat,primary,male,2025-06-30,552
Selangor,Kuala Langat,secondary,both,2017-01-01,1576
Selangor,Kuala Langat,secondary,both,2018-01-01,1594
Selangor,Kuala Langat,secondary,both,2019-01-01,1606
Selangor,Kuala Langat,secondary,both,2020-01-01,1609
Selangor,Kuala Langat,secondary,both,2021-01-01,1591
Selangor,Kuala Langat,secondary,both,2022-01-01,1690
Selangor,Kuala Langat,secondary,both,2023-06-30,1667
Selangor,Kuala Langat,secondary,both,2024-06-30,1711
Selangor,Kuala Langat,secondary,both,2025-06-30,1742
Selangor,Kuala Langat,secondary,female,2017-01-01,1172
Selangor,Kuala Langat,secondary,female,2018-01-01,1197
Selangor,Kuala Langat,secondary,female,2019-01-01,1211
Selangor,Kuala Langat,secondary,female,2020-01-01,1231
Selangor,Kuala Langat,secondary,female,2021-01-01,1221
Selangor,Kuala Langat,secondary,female,2022-01-01,1303
Selangor,Kuala Langat,secondary,female,2023-06-30,1297
Selangor,Kuala Langat,secondary,female,2024-06-30,1337
Selangor,Kuala Langat,secondary,female,2025-06-30,1371
Selangor,Kuala Langat,secondary,male,2017-01-01,404
Selangor,Kuala Langat,secondary,male,2018-01-01,397
Selangor,Kuala Langat,secondary,male,2019-01-01,395
Selangor,Kuala Langat,secondary,male,2020-01-01,378
Selangor,Kuala Langat,secondary,male,2021-01-01,370
Selangor,Kuala Langat,secondary,male,2022-01-01,387
Selangor,Kuala Langat,secondary,male,2023-06-30,370
Selangor,Kuala Langat,secondary,male,2024-06-30,374
Selangor,Kuala Langat,secondary,male,2025-06-30,371
Selangor,Kuala Selangor,primary,both,2017-01-01,2288
Selangor,Kuala Selangor,primary,both,2018-01-01,2351
Selangor,Kuala Selangor,primary,both,2019-01-01,2347
Selangor,Kuala Selangor,primary,both,2020-01-01,2356
Selangor,Kuala Selangor,primary,both,2021-01-01,2317
Selangor,Kuala Selangor,primary,both,2022-01-01,2323
Selangor,Kuala Selangor,primary,both,2023-06-30,2345
Selangor,Kuala Selangor,primary,both,2024-06-30,2378
Selangor,Kuala Selangor,primary,both,2025-06-30,2394
Selangor,Kuala Selangor,primary,female,2017-01-01,1708
Selangor,Kuala Selangor,primary,female,2018-01-01,1798
Selangor,Kuala Selangor,primary,female,2019-01-01,1797
Selangor,Kuala Selangor,primary,female,2020-01-01,1802
Selangor,Kuala Selangor,primary,female,2021-01-01,1772
Selangor,Kuala Selangor,primary,female,2022-01-01,1772
Selangor,Kuala Selangor,primary,female,2023-06-30,1794
Selangor,Kuala Selangor,primary,female,2024-06-30,1822
Selangor,Kuala Selangor,primary,female,2025-06-30,1826
Selangor,Kuala Selangor,primary,male,2017-01-01,580
Selangor,Kuala Selangor,primary,male,2018-01-01,553
Selangor,Kuala Selangor,primary,male,2019-01-01,550
Selangor,Kuala Selangor,primary,male,2020-01-01,554
Selangor,Kuala Selangor,primary,male,2021-01-01,545
Selangor,Kuala Selangor,primary,male,2022-01-01,551
Selangor,Kuala Selangor,primary,male,2023-06-30,551
Selangor,Kuala Selangor,primary,male,2024-06-30,556
Selangor,Kuala Selangor,primary,male,2025-06-30,568
Selangor,Kuala Selangor,secondary,both,2017-01-01,1728
Selangor,Kuala Selangor,secondary,both,2018-01-01,1749
Selangor,Kuala Selangor,secondary,both,2019-01-01,1754
Selangor,Kuala Selangor,secondary,both,2020-01-01,1706
Selangor,Kuala Selangor,secondary,both,2021-01-01,1676
Selangor,Kuala Selangor,secondary,both,2022-01-01,1784
Selangor,Kuala Selangor,secondary,both,2023-06-30,1758
Selangor,Kuala Selangor,secondary,both,2024-06-30,1774
Selangor,Kuala Selangor,secondary,both,2025-06-30,1793
Selangor,Kuala Selangor,secondary,female,2017-01-01,1241
Selangor,Kuala Selangor,secondary,female,2018-01-01,1282
Selangor,Kuala Selangor,secondary,female,2019-01-01,1301
Selangor,Kuala Selangor,secondary,female,2020-01-01,1277
Selangor,Kuala Selangor,secondary,female,2021-01-01,1265
Selangor,Kuala Selangor,secondary,female,2022-01-01,1364
Selangor,Kuala Selangor,secondary,female,2023-06-30,1356
Selangor,Kuala Selangor,secondary,female,2024-06-30,1372
Selangor,Kuala Selangor,secondary,female,2025-06-30,1390
Selangor,Kuala Selangor,secondary,male,2017-01-01,487
Selangor,Kuala Selangor,secondary,male,2018-01-01,467
Selangor,Kuala Selangor,secondary,male,2019-01-01,453
Selangor,Kuala Selangor,secondary,male,2020-01-01,429
Selangor,Kuala Selangor,secondary,male,2021-01-01,411
Selangor,Kuala Selangor,secondary,male,2022-01-01,420
Selangor,Kuala Selangor,secondary,male,2023-06-30,402
Selangor,Kuala Selangor,secondary,male,2024-06-30,402
Selangor,Kuala Selangor,secondary,male,2025-06-30,403
Selangor,Petaling,primary,both,2017-01-01,8795
Selangor,Petaling,primary,both,2018-01-01,9251
Selangor,Petaling,primary,both,2019-01-01,9025
Selangor,Petaling,primary,both,2020-01-01,9295
Selangor,Petaling,primary,both,2021-01-01,9344
Selangor,Petaling,primary,both,2022-01-01,9235
Selangor,Petaling,primary,female,2017-01-01,6983
Selangor,Petaling,primary,female,2018-01-01,7301
Selangor,Petaling,primary,female,2019-01-01,7107
Selangor,Petaling,primary,female,2020-01-01,7238
Selangor,Petaling,primary,female,2021-01-01,7259
Selangor,Petaling,primary,female,2022-01-01,7166
Selangor,Petaling,primary,male,2017-01-01,1812
Selangor,Petaling,primary,male,2018-01-01,1950
Selangor,Petaling,primary,male,2019-01-01,1918
Selangor,Petaling,primary,male,2020-01-01,2057
Selangor,Petaling,primary,male,2021-01-01,2085
Selangor,Petaling,primary,male,2022-01-01,2069
Selangor,Petaling,secondary,both,2017-01-01,7000
Selangor,Petaling,secondary,both,2018-01-01,7080
Selangor,Petaling,secondary,both,2019-01-01,7014
Selangor,Petaling,secondary,both,2020-01-01,6923
Selangor,Petaling,secondary,both,2021-01-01,6806
Selangor,Petaling,secondary,both,2022-01-01,7144
Selangor,Petaling,secondary,female,2017-01-01,6042
Selangor,Petaling,secondary,female,2018-01-01,6074
Selangor,Petaling,secondary,female,2019-01-01,5993
Selangor,Petaling,secondary,female,2020-01-01,5900
Selangor,Petaling,secondary,female,2021-01-01,5791
Selangor,Petaling,secondary,female,2022-01-01,6004
Selangor,Petaling,secondary,male,2017-01-01,958
Selangor,Petaling,secondary,male,2018-01-01,1006
Selangor,Petaling,secondary,male,2019-01-01,1021
Selangor,Petaling,secondary,male,2020-01-01,1023
Selangor,Petaling,secondary,male,2021-01-01,1015
Selangor,Petaling,secondary,male,2022-01-01,1140
Selangor,Sabak Bernam,primary,both,2017-01-01,1267
Selangor,Sabak Bernam,primary,both,2018-01-01,1231
Selangor,Sabak Bernam,primary,both,2019-01-01,1201
Selangor,Sabak Bernam,primary,both,2020-01-01,1175
Selangor,Sabak Bernam,primary,both,2021-01-01,1142
Selangor,Sabak Bernam,primary,both,2022-01-01,1138
Selangor,Sabak Bernam,primary,both,2023-06-30,1117
Selangor,Sabak Bernam,primary,both,2024-06-30,1100
Selangor,Sabak Bernam,primary,both,2025-06-30,1110
Selangor,Sabak Bernam,primary,female,2017-01-01,812
Selangor,Sabak Bernam,primary,female,2018-01-01,813
Selangor,Sabak Bernam,primary,female,2019-01-01,792
Selangor,Sabak Bernam,primary,female,2020-01-01,784
Selangor,Sabak Bernam,primary,female,2021-01-01,771
Selangor,Sabak Bernam,primary,female,2022-01-01,768
Selangor,Sabak Bernam,primary,female,2023-06-30,759
Selangor,Sabak Bernam,primary,female,2024-06-30,746
Selangor,Sabak Bernam,primary,female,2025-06-30,757
Selangor,Sabak Bernam,primary,male,2017-01-01,455
Selangor,Sabak Bernam,primary,male,2018-01-01,418
Selangor,Sabak Bernam,primary,male,2019-01-01,409
Selangor,Sabak Bernam,primary,male,2020-01-01,391
Selangor,Sabak Bernam,primary,male,2021-01-01,371
Selangor,Sabak Bernam,primary,male,2022-01-01,370
Selangor,Sabak Bernam,primary,male,2023-06-30,358
Selangor,Sabak Bernam,primary,male,2024-06-30,354
Selangor,Sabak Bernam,primary,male,2025-06-30,353
Selangor,Sabak Bernam,secondary,both,2017-01-01,1284
Selangor,Sabak Bernam,secondary,both,2018-01-01,1273
Selangor,Sabak Bernam,secondary,both,2019-01-01,1242
Selangor,Sabak Bernam,secondary,both,2020-01-01,1189
Selangor,Sabak Bernam,secondary,both,2021-01-01,1158
Selangor,Sabak Bernam,secondary,both,2022-01-01,1195
Selangor,Sabak Bernam,secondary,both,2023-06-30,1191
Selangor,Sabak Bernam,secondary,both,2024-06-30,1184
Selangor,Sabak Bernam,secondary,both,2025-06-30,1154
Selangor,Sabak Bernam,secondary,female,2017-01-01,761
Selangor,Sabak Bernam,secondary,female,2018-01-01,771
Selangor,Sabak Bernam,secondary,female,2019-01-01,750
Selangor,Sabak Bernam,secondary,female,2020-01-01,728
Selangor,Sabak Bernam,secondary,female,2021-01-01,717
Selangor,Sabak Bernam,secondary,female,2022-01-01,748
Selangor,Sabak Bernam,secondary,female,2023-06-30,754
Selangor,Sabak Bernam,secondary,female,2024-06-30,763
Selangor,Sabak Bernam,secondary,female,2025-06-30,753
Selangor,Sabak Bernam,secondary,male,2017-01-01,523
Selangor,Sabak Bernam,secondary,male,2018-01-01,502
Selangor,Sabak Bernam,secondary,male,2019-01-01,492
Selangor,Sabak Bernam,secondary,male,2020-01-01,461
Selangor,Sabak Bernam,secondary,male,2021-01-01,441
Selangor,Sabak Bernam,secondary,male,2022-01-01,447
Selangor,Sabak Bernam,secondary,male,2023-06-30,437
Selangor,Sabak Bernam,secondary,male,2024-06-30,421
Selangor,Sabak Bernam,secondary,male,2025-06-30,401
Selangor,Sepang,primary,both,2017-01-01,1626
Selangor,Sepang,primary,both,2018-01-01,1720
Selangor,Sepang,primary,both,2019-01-01,1746
Selangor,Sepang,primary,both,2020-01-01,1792
Selangor,Sepang,primary,both,2021-01-01,1850
Selangor,Sepang,primary,both,2022-01-01,1911
Selangor,Sepang,primary,both,2023-06-30,1932
Selangor,Sepang,primary,both,2024-06-30,1996
Selangor,Sepang,primary,both,2025-06-30,2029
Selangor,Sepang,primary,female,2017-01-01,1321
Selangor,Sepang,primary,female,2018-01-01,1405
Selangor,Sepang,primary,female,2019-01-01,1414
Selangor,Sepang,primary,female,2020-01-01,1443
Selangor,Sepang,primary,female,2021-01-01,1492
Selangor,Sepang,primary,female,2022-01-01,1534
Selangor,Sepang,primary,female,2023-06-30,1544
Selangor,Sepang,primary,female,2024-06-30,1586
Selangor,Sepang,primary,female,2025-06-30,1621
Selangor,Sepang,primary,male,2017-01-01,305
Selangor,Sepang,primary,male,2018-01-01,315
Selangor,Sepang,primary,male,2019-01-01,332
Selangor,Sepang,primary,male,2020-01-01,349
Selangor,Sepang,primary,male,2021-01-01,358
Selangor,Sepang,primary,male,2022-01-01,377
Selangor,Sepang,primary,male,2023-06-30,388
Selangor,Sepang,primary,male,2024-06-30,410
Selangor,Sepang,primary,male,2025-06-30,408
Selangor,Sepang,secondary,both,2017-01-01,1187
Selangor,Sepang,secondary,both,2018-01-01,1236
Selangor,Sepang,secondary,both,2019-01-01,1265
Selangor,Sepang,secondary,both,2020-01-01,1263
Selangor,Sepang,secondary,both,2021-01-01,1258
Selangor,Sepang,secondary,both,2022-01-01,1319
Selangor,Sepang,secondary,both,2023-06-30,1319
Selangor,Sepang,secondary,both,2024-06-30,1352
Selangor,Sepang,secondary,both,2025-06-30,1371
Selangor,Sepang,secondary,female,2017-01-01,998
Selangor,Sepang,secondary,female,2018-01-01,1036
Selangor,Sepang,secondary,female,2019-01-01,1056
Selangor,Sepang,secondary,female,2020-01-01,1055
Selangor,Sepang,secondary,female,2021-01-01,1049
Selangor,Sepang,secondary,female,2022-01-01,1096
Selangor,Sepang,secondary,female,2023-06-30,1099
Selangor,Sepang,secondary,female,2024-06-30,1130
Selangor,Sepang,secondary,female,2025-06-30,1153
Selangor,Sepang,secondary,male,2017-01-01,189
Selangor,Sepang,secondary,male,2018-01-01,200
Selangor,Sepang,secondary,male,2019-01-01,209
Selangor,Sepang,secondary,male,2020-01-01,208
Selangor,Sepang,secondary,male,2021-01-01,209
Selangor,Sepang,secondary,male,2022-01-01,223
Selangor,Sepang,secondary,male,2023-06-30,220
Selangor,Sepang,secondary,male,2024-06-30,222
Selangor,Sepang,secondary,male,2025-06-30,218
Selangor,Petaling Perdana,primary,both,2023-06-30,6490
Selangor,Petaling Perdana,primary,both,2024-06-30,6573
Selangor,Petaling Perdana,primary,both,2025-06-30,6593
Selangor,Petaling Perdana,primary,female,2023-06-30,5139
Selangor,Petaling Perdana,primary,female,2024-06-30,5179
Selangor,Petaling Perdana,primary,female,2025-06-30,5201
Selangor,Petaling Perdana,primary,male,2023-06-30,1351
Selangor,Petaling Perdana,primary,male,2024-06-30,1394
Selangor,Petaling Perdana,primary,male,2025-06-30,1392
Selangor,Petaling Perdana,secondary,both,2023-06-30,4779
Selangor,Petaling Perdana,secondary,both,2024-06-30,4756
Selangor,Petaling Perdana,secondary,both,2025-06-30,4727
Selangor,Petaling Perdana,secondary,female,2023-06-30,4045
Selangor,Petaling Perdana,secondary,female,2024-06-30,4020
Selangor,Petaling Perdana,secondary,female,2025-06-30,3986
Selangor,Petaling Perdana,secondary,male,2023-06-30,734
Selangor,Petaling Perdana,secondary,male,2024-06-30,736
Selangor,Petaling Perdana,secondary,male,2025-06-30,741
Selangor,Petaling Utama,primary,both,2023-06-30,2770
Selangor,Petaling Utama,primary,both,2024-06-30,2817
Selangor,Petaling Utama,primary,both,2025-06-30,2815
Selangor,Petaling Utama,primary,female,2023-06-30,2034
Selangor,Petaling Utama,primary,female,2024-06-30,2062
Selangor,Petaling Utama,primary,female,2025-06-30,2066
Selangor,Petaling Utama,primary,male,2023-06-30,736
Selangor,Petaling Utama,primary,male,2024-06-30,755
Selangor,Petaling Utama,primary,male,2025-06-30,749
Selangor,Petaling Utama,secondary,both,2023-06-30,2152
Selangor,Petaling Utama,secondary,both,2024-06-30,2145
Selangor,Petaling Utama,secondary,both,2025-06-30,2116
Selangor,Petaling Utama,secondary,female,2023-06-30,1751
Selangor,Petaling Utama,secondary,female,2024-06-30,1730
Selangor,Petaling Utama,secondary,female,2025-06-30,1702
Selangor,Petaling Utama,secondary,male,2023-06-30,401
Selangor,Petaling Utama,secondary,male,2024-06-30,415
Selangor,Petaling Utama,secondary,male,2025-06-30,414
Terengganu,All Districts,primary,both,2017-01-01,11569
Terengganu,All Districts,primary,both,2018-01-01,12002
Terengganu,All Districts,primary,both,2019-01-01,11964
Terengganu,All Districts,primary,both,2020-01-01,11961
Terengganu,All Districts,primary,both,2021-01-01,11732
Terengganu,All Districts,primary,both,2022-01-01,11968
Terengganu,All Districts,primary,both,2023-06-30,11733
Terengganu,All Districts,primary,both,2024-06-30,11693
Terengganu,All Districts,primary,both,2025-06-30,11767
Terengganu,All Districts,primary,female,2017-01-01,7821
Terengganu,All Districts,primary,female,2018-01-01,8297
Terengganu,All Districts,primary,female,2019-01-01,8278
Terengganu,All Districts,primary,female,2020-01-01,8266
Terengganu,All Districts,primary,female,2021-01-01,8119
Terengganu,All Districts,primary,female,2022-01-01,8244
Terengganu,All Districts,primary,female,2023-06-30,8096
Terengganu,All Districts,primary,female,2024-06-30,8064
Terengganu,All Districts,primary,female,2025-06-30,8104
Terengganu,All Districts,primary,male,2017-01-01,3748
Terengganu,All Districts,primary,male,2018-01-01,3705
Terengganu,All Districts,primary,male,2019-01-01,3686
Terengganu,All Districts,primary,male,2020-01-01,3695
Terengganu,All Districts,primary,male,2021-01-01,3613
Terengganu,All Districts,primary,male,2022-01-01,3724
Terengganu,All Districts,primary,male,2023-06-30,3637
Terengganu,All Districts,primary,male,2024-06-30,3629
Terengganu,All Districts,primary,male,2025-06-30,3663
Terengganu,All Districts,secondary,both,2017-01-01,10245
Terengganu,All Districts,secondary,both,2018-01-01,10438
Terengganu,All Districts,secondary,both,2019-01-01,10420
Terengganu,All Districts,secondary,both,2020-01-01,10385
Terengganu,All Districts,secondary,both,2021-01-01,10161
Terengganu,All Districts,secondary,both,2022-01-01,10468
Terengganu,All Districts,secondary,both,2023-06-30,10366
Terengganu,All Districts,secondary,both,2024-06-30,10488
Terengganu,All Districts,secondary,both,2025-06-30,10570
Terengganu,All Districts,secondary,female,2017-01-01,7006
Terengganu,All Districts,secondary,female,2018-01-01,7218
Terengganu,All Districts,secondary,female,2019-01-01,7253
Terengganu,All Districts,secondary,female,2020-01-01,7290
Terengganu,All Districts,secondary,female,2021-01-01,7177
Terengganu,All Districts,secondary,female,2022-01-01,7494
Terengganu,All Districts,secondary,female,2023-06-30,7467
Terengganu,All Districts,secondary,female,2024-06-30,7606
Terengganu,All Districts,secondary,female,2025-06-30,7727
Terengganu,All Districts,secondary,male,2017-01-01,3239
Terengganu,All Districts,secondary,male,2018-01-01,3220
Terengganu,All Districts,secondary,male,2019-01-01,3167
Terengganu,All Districts,secondary,male,2020-01-01,3095
Terengganu,All Districts,secondary,male,2021-01-01,2984
Terengganu,All Districts,secondary,male,2022-01-01,2974
Terengganu,All Districts,secondary,male,2023-06-30,2899
Terengganu,All Districts,secondary,male,2024-06-30,2882
Terengganu,All Districts,secondary,male,2025-06-30,2843
Terengganu,Besut,primary,both,2017-01-01,1815
Terengganu,Besut,primary,both,2018-01-01,1878
Terengganu,Besut,primary,both,2019-01-01,1855
Terengganu,Besut,primary,both,2020-01-01,1867
Terengganu,Besut,primary,both,2021-01-01,1815
Terengganu,Besut,primary,both,2022-01-01,1829
Terengganu,Besut,primary,both,2023-06-30,1789
Terengganu,Besut,primary,both,2024-06-30,1743
Terengganu,Besut,primary,both,2025-06-30,1754
Terengganu,Besut,primary,female,2017-01-01,1207
Terengganu,Besut,primary,female,2018-01-01,1271
Terengganu,Besut,primary,female,2019-01-01,1260
Terengganu,Besut,primary,female,2020-01-01,1261
Terengganu,Besut,primary,female,2021-01-01,1231
Terengganu,Besut,primary,female,2022-01-01,1235
Terengganu,Besut,primary,female,2023-06-30,1217
Terengganu,Besut,primary,female,2024-06-30,1188
Terengganu,Besut,primary,female,2025-06-30,1186
Terengganu,Besut,primary,male,2017-01-01,608
Terengganu,Besut,primary,male,2018-01-01,607
Terengganu,Besut,primary,male,2019-01-01,595
Terengganu,Besut,primary,male,2020-01-01,606
Terengganu,Besut,primary,male,2021-01-01,584
Terengganu,Besut,primary,male,2022-01-01,594
Terengganu,Besut,primary,male,2023-06-30,572
Terengganu,Besut,primary,male,2024-06-30,555
Terengganu,Besut,primary,male,2025-06-30,568
Terengganu,Besut,secondary,both,2017-01-01,1585
Terengganu,Besut,secondary,both,2018-01-01,1650
Terengganu,Besut,secondary,both,2019-01-01,1643
Terengganu,Besut,secondary,both,2020-01-01,1640
Terengganu,Besut,secondary,both,2021-01-01,1615
Terengganu,Besut,secondary,both,2022-01-01,1674
Terengganu,Besut,secondary,both,2023-06-30,1668
Terengganu,Besut,secondary,both,2024-06-30,1664
Terengganu,Besut,secondary,both,2025-06-30,1666
Terengganu,Besut,secondary,female,2017-01-01,987
Terengganu,Besut,secondary,female,2018-01-01,1041
Terengganu,Besut,secondary,female,2019-01-01,1043
Terengganu,Besut,secondary,female,2020-01-01,1050
Terengganu,Besut,secondary,female,2021-01-01,1041
Terengganu,Besut,secondary,female,2022-01-01,1108
Terengganu,Besut,secondary,female,2023-06-30,1113
Terengganu,Besut,secondary,female,2024-06-30,1120
Terengganu,Besut,secondary,female,2025-06-30,1140
Terengganu,Besut,secondary,male,2017-01-01,598
Terengganu,Besut,secondary,male,2018-01-01,609
Terengganu,Besut,secondary,male,2019-01-01,600
Terengganu,Besut,secondary,male,2020-01-01,590
Terengganu,Besut,secondary,male,2021-01-01,574
Terengganu,Besut,secondary,male,2022-01-01,566
Terengganu,Besut,secondary,male,2023-06-30,555
Terengganu,Besut,secondary,male,2024-06-30,544
Terengganu,Besut,secondary,male,2025-06-30,526
Terengganu,Dungun,primary,both,2017-01-01,1551
Terengganu,Dungun,primary,both,2018-01-01,1612
Terengganu,Dungun,primary,both,2019-01-01,1615
Terengganu,Dungun,primary,both,2020-01-01,1608
Terengganu,Dungun,primary,both,2021-01-01,1592
Terengganu,Dungun,primary,both,2022-01-01,1617
Terengganu,Dungun,primary,both,2023-06-30,1594
Terengganu,Dungun,primary,both,2024-06-30,1588
Terengganu,Dungun,primary,both,2025-06-30,1599
Terengganu,Dungun,primary,female,2017-01-01,1078
Terengganu,Dungun,primary,female,2018-01-01,1140
Terengganu,Dungun,primary,female,2019-01-01,1137
Terengganu,Dungun,primary,female,2020-01-01,1146
Terengganu,Dungun,primary,female,2021-01-01,1136
Terengganu,Dungun,primary,female,2022-01-01,1146
Terengganu,Dungun,primary,female,2023-06-30,1131
Terengganu,Dungun,primary,female,2024-06-30,1135
Terengganu,Dungun,primary,female,2025-06-30,1133
Terengganu,Dungun,primary,male,2017-01-01,473
Terengganu,Dungun,primary,male,2018-01-01,472
Terengganu,Dungun,primary,male,2019-01-01,478
Terengganu,Dungun,primary,male,2020-01-01,462
Terengganu,Dungun,primary,male,2021-01-01,456
Terengganu,Dungun,primary,male,2022-01-01,471
Terengganu,Dungun,primary,male,2023-06-30,463
Terengganu,Dungun,primary,male,2024-06-30,453
Terengganu,Dungun,primary,male,2025-06-30,466
Terengganu,Dungun,secondary,both,2017-01-01,1317
Terengganu,Dungun,secondary,both,2018-01-01,1329
Terengganu,Dungun,secondary,both,2019-01-01,1343
Terengganu,Dungun,secondary,both,2020-01-01,1326
Terengganu,Dungun,secondary,both,2021-01-01,1289
Terengganu,Dungun,secondary,both,2022-01-01,1348
Terengganu,Dungun,secondary,both,2023-06-30,1316
Terengganu,Dungun,secondary,both,2024-06-30,1342
Terengganu,Dungun,secondary,both,2025-06-30,1337
Terengganu,Dungun,secondary,female,2017-01-01,972
Terengganu,Dungun,secondary,female,2018-01-01,984
Terengganu,Dungun,secondary,female,2019-01-01,997
Terengganu,Dungun,secondary,female,2020-01-01,993
Terengganu,Dungun,secondary,female,2021-01-01,978
Terengganu,Dungun,secondary,female,2022-01-01,1025
Terengganu,Dungun,secondary,female,2023-06-30,997
Terengganu,Dungun,secondary,female,2024-06-30,1023
Terengganu,Dungun,secondary,female,2025-06-30,1017
Terengganu,Dungun,secondary,male,2017-01-01,345
Terengganu,Dungun,secondary,male,2018-01-01,345
Terengganu,Dungun,secondary,male,2019-01-01,346
Terengganu,Dungun,secondary,male,2020-01-01,333
Terengganu,Dungun,secondary,male,2021-01-01,311
Terengganu,Dungun,secondary,male,2022-01-01,323
Terengganu,Dungun,secondary,male,2023-06-30,319
Terengganu,Dungun,secondary,male,2024-06-30,319
Terengganu,Dungun,secondary,male,2025-06-30,320
Terengganu,Hulu Terengganu,primary,both,2017-01-01,994
Terengganu,Hulu Terengganu,primary,both,2018-01-01,1030
Terengganu,Hulu Terengganu,primary,both,2019-01-01,1039
Terengganu,Hulu Terengganu,primary,both,2020-01-01,1037
Terengganu,Hulu Terengganu,primary,both,2021-01-01,1018
Terengganu,Hulu Terengganu,primary,both,2022-01-01,1050
Terengganu,Hulu Terengganu,primary,both,2023-06-30,1033
Terengganu,Hulu Terengganu,primary,both,2024-06-30,1023
Terengganu,Hulu Terengganu,primary,both,2025-06-30,1029
Terengganu,Hulu Terengganu,primary,female,2017-01-01,614
Terengganu,Hulu Terengganu,primary,female,2018-01-01,660
Terengganu,Hulu Terengganu,primary,female,2019-01-01,669
Terengganu,Hulu Terengganu,primary,female,2020-01-01,665
Terengganu,Hulu Terengganu,primary,female,2021-01-01,656
Terengganu,Hulu Terengganu,primary,female,2022-01-01,677
Terengganu,Hulu Terengganu,primary,female,2023-06-30,676
Terengganu,Hulu Terengganu,primary,female,2024-06-30,673
Terengganu,Hulu Terengganu,primary,female,2025-06-30,682
Terengganu,Hulu Terengganu,primary,male,2017-01-01,380
Terengganu,Hulu Terengganu,primary,male,2018-01-01,370
Terengganu,Hulu Terengganu,primary,male,2019-01-01,370
Terengganu,Hulu Terengganu,primary,male,2020-01-01,372
Terengganu,Hulu Terengganu,primary,male,2021-01-01,362
Terengganu,Hulu Terengganu,primary,male,2022-01-01,373
Terengganu,Hulu Terengganu,primary,male,2023-06-30,357
Terengganu,Hulu Terengganu,primary,male,2024-06-30,350
Terengganu,Hulu Terengganu,primary,male,2025-06-30,347
Terengganu,Hulu Terengganu,secondary,both,2017-01-01,826
Terengganu,Hulu Terengganu,secondary,both,2018-01-01,833
Terengganu,Hulu Terengganu,secondary,both,2019-01-01,821
Terengganu,Hulu Terengganu,secondary,both,2020-01-01,826
Terengganu,Hulu Terengganu,secondary,both,2021-01-01,815
Terengganu,Hulu Terengganu,secondary,both,2022-01-01,872
Terengganu,Hulu Terengganu,secondary,both,2023-06-30,857
Terengganu,Hulu Terengganu,secondary,both,2024-06-30,876
Terengganu,Hulu Terengganu,secondary,both,2025-06-30,893
Terengganu,Hulu Terengganu,secondary,female,2017-01-01,534
Terengganu,Hulu Terengganu,secondary,female,2018-01-01,554
Terengganu,Hulu Terengganu,secondary,female,2019-01-01,550
Terengganu,Hulu Terengganu,secondary,female,2020-01-01,557
Terengganu,Hulu Terengganu,secondary,female,2021-01-01,555
Terengganu,Hulu Terengganu,secondary,female,2022-01-01,600
Terengganu,Hulu Terengganu,secondary,female,2023-06-30,591
Terengganu,Hulu Terengganu,secondary,female,2024-06-30,611
Terengganu,Hulu Terengganu,secondary,female,2025-06-30,634
Terengganu,Hulu Terengganu,secondary,male,2017-01-01,292
Terengganu,Hulu Terengganu,secondary,male,2018-01-01,279
Terengganu,Hulu Terengganu,secondary,male,2019-01-01,271
Terengganu,Hulu Terengganu,secondary,male,2020-01-01,269
Terengganu,Hulu Terengganu,secondary,male,2021-01-01,260
Terengganu,Hulu Terengganu,secondary,male,2022-01-01,272
Terengganu,Hulu Terengganu,secondary,male,2023-06-30,266
Terengganu,Hulu Terengganu,secondary,male,2024-06-30,265
Terengganu,Hulu Terengganu,secondary,male,2025-06-30,259
Terengganu,Kemaman,primary,both,2017-01-01,1818
Terengganu,Kemaman,primary,both,2018-01-01,1910
Terengganu,Kemaman,primary,both,2019-01-01,1914
Terengganu,Kemaman,primary,both,2020-01-01,1932
Terengganu,Kemaman,primary,both,2021-01-01,1920
Terengganu,Kemaman,primary,both,2022-01-01,1959
Terengganu,Kemaman,primary,both,2023-06-30,1928
Terengganu,Kemaman,primary,both,2024-06-30,1940
Terengganu,Kemaman,primary,both,2025-06-30,1958
Terengganu,Kemaman,primary,female,2017-01-01,1313
Terengganu,Kemaman,primary,female,2018-01-01,1403
Terengganu,Kemaman,primary,female,2019-01-01,1409
Terengganu,Kemaman,primary,female,2020-01-01,1421
Terengganu,Kemaman,primary,female,2021-01-01,1410
Terengganu,Kemaman,primary,female,2022-01-01,1424
Terengganu,Kemaman,primary,female,2023-06-30,1386
Terengganu,Kemaman,primary,female,2024-06-30,1391
Terengganu,Kemaman,primary,female,2025-06-30,1404
Terengganu,Kemaman,primary,male,2017-01-01,505
Terengganu,Kemaman,primary,male,2018-01-01,507
Terengganu,Kemaman,primary,male,2019-01-01,505
Terengganu,Kemaman,primary,male,2020-01-01,511
Terengganu,Kemaman,primary,male,2021-01-01,510
Terengganu,Kemaman,primary,male,2022-01-01,535
Terengganu,Kemaman,primary,male,2023-06-30,542
Terengganu,Kemaman,primary,male,2024-06-30,549
Terengganu,Kemaman,primary,male,2025-06-30,554
Terengganu,Kemaman,secondary,both,2017-01-01,1500
Terengganu,Kemaman,secondary,both,2018-01-01,1567
Terengganu,Kemaman,secondary,both,2019-01-01,1592
Terengganu,Kemaman,secondary,both,2020-01-01,1584
Terengganu,Kemaman,secondary,both,2021-01-01,1532
Terengganu,Kemaman,secondary,both,2022-01-01,1575
Terengganu,Kemaman,secondary,both,2023-06-30,1574
Terengganu,Kemaman,secondary,both,2024-06-30,1607
Terengganu,Kemaman,secondary,both,2025-06-30,1630
Terengganu,Kemaman,secondary,female,2017-01-01,1133
Terengganu,Kemaman,secondary,female,2018-01-01,1182
Terengganu,Kemaman,secondary,female,2019-01-01,1196
Terengganu,Kemaman,secondary,female,2020-01-01,1202
Terengganu,Kemaman,secondary,female,2021-01-01,1174
Terengganu,Kemaman,secondary,female,2022-01-01,1228
Terengganu,Kemaman,secondary,female,2023-06-30,1230
Terengganu,Kemaman,secondary,female,2024-06-30,1253
Terengganu,Kemaman,secondary,female,2025-06-30,1278
Terengganu,Kemaman,secondary,male,2017-01-01,367
Terengganu,Kemaman,secondary,male,2018-01-01,385
Terengganu,Kemaman,secondary,male,2019-01-01,396
Terengganu,Kemaman,secondary,male,2020-01-01,382
Terengganu,Kemaman,secondary,male,2021-01-01,358
Terengganu,Kemaman,secondary,male,2022-01-01,347
Terengganu,Kemaman,secondary,male,2023-06-30,344
Terengganu,Kemaman,secondary,male,2024-06-30,354
Terengganu,Kemaman,secondary,male,2025-06-30,352
Terengganu,Kuala Nerus,primary,both,2017-01-01,1165
Terengganu,Kuala Nerus,primary,both,2018-01-01,1209
Terengganu,Kuala Nerus,primary,both,2019-01-01,1210
Terengganu,Kuala Nerus,primary,both,2020-01-01,1205
Terengganu,Kuala Nerus,primary,both,2021-01-01,1166
Terengganu,Kuala Nerus,primary,both,2022-01-01,1207
Terengganu,Kuala Nerus,primary,both,2023-06-30,1178
Terengganu,Kuala Nerus,primary,both,2024-06-30,1188
Terengganu,Kuala Nerus,primary,both,2025-06-30,1204
Terengganu,Kuala Nerus,primary,female,2017-01-01,812
Terengganu,Kuala Nerus,primary,female,2018-01-01,871
Terengganu,Kuala Nerus,primary,female,2019-01-01,865
Terengganu,Kuala Nerus,primary,female,2020-01-01,857
Terengganu,Kuala Nerus,primary,female,2021-01-01,823
Terengganu,Kuala Nerus,primary,female,2022-01-01,845
Terengganu,Kuala Nerus,primary,female,2023-06-30,823
Terengganu,Kuala Nerus,primary,female,2024-06-30,827
Terengganu,Kuala Nerus,primary,female,2025-06-30,844
Terengganu,Kuala Nerus,primary,male,2017-01-01,353
Terengganu,Kuala Nerus,primary,male,2018-01-01,338
Terengganu,Kuala Nerus,primary,male,2019-01-01,345
Terengganu,Kuala Nerus,primary,male,2020-01-01,348
Terengganu,Kuala Nerus,primary,male,2021-01-01,343
Terengganu,Kuala Nerus,primary,male,2022-01-01,362
Terengganu,Kuala Nerus,primary,male,2023-06-30,355
Terengganu,Kuala Nerus,primary,male,2024-06-30,361
Terengganu,Kuala Nerus,primary,male,2025-06-30,360
Terengganu,Kuala Nerus,secondary,both,2017-01-01,1277
Terengganu,Kuala Nerus,secondary,both,2018-01-01,1315
Terengganu,Kuala Nerus,secondary,both,2019-01-01,1328
Terengganu,Kuala Nerus,secondary,both,2020-01-01,1323
Terengganu,Kuala Nerus,secondary,both,2021-01-01,1286
Terengganu,Kuala Nerus,secondary,both,2022-01-01,1302
Terengganu,Kuala Nerus,secondary,both,2023-06-30,1298
Terengganu,Kuala Nerus,secondary,both,2024-06-30,1316
Terengganu,Kuala Nerus,secondary,both,2025-06-30,1314
Terengganu,Kuala Nerus,secondary,female,2017-01-01,858
Terengganu,Kuala Nerus,secondary,female,2018-01-01,882
Terengganu,Kuala Nerus,secondary,female,2019-01-01,895
Terengganu,Kuala Nerus,secondary,female,2020-01-01,891
Terengganu,Kuala Nerus,secondary,female,2021-01-01,863
Terengganu,Kuala Nerus,secondary,female,2022-01-01,891
Terengganu,Kuala Nerus,secondary,female,2023-06-30,899
Terengganu,Kuala Nerus,secondary,female,2024-06-30,919
Terengganu,Kuala Nerus,secondary,female,2025-06-30,930
Terengganu,Kuala Nerus,secondary,male,2017-01-01,419
Terengganu,Kuala Nerus,secondary,male,2018-01-01,433
Terengganu,Kuala Nerus,secondary,male,2019-01-01,433
Terengganu,Kuala Nerus,secondary,male,2020-01-01,432
Terengganu,Kuala Nerus,secondary,male,2021-01-01,423
Terengganu,Kuala Nerus,secondary,male,2022-01-01,411
Terengganu,Kuala Nerus,secondary,male,2023-06-30,399
Terengganu,Kuala Nerus,secondary,male,2024-06-30,397
Terengganu,Kuala Nerus,secondary,male,2025-06-30,384
Terengganu,Kuala Terengganu,primary,both,2017-01-01,2249
Terengganu,Kuala Terengganu,primary,both,2018-01-01,2311
Terengganu,Kuala Terengganu,primary,both,2019-01-01,2284
Terengganu,Kuala Terengganu,primary,both,2020-01-01,2264
Terengganu,Kuala Terengganu,primary,both,2021-01-01,2237
Terengganu,Kuala Terengganu,primary,both,2022-01-01,2280
Terengganu,Kuala Terengganu,primary,both,2023-06-30,2224
Terengganu,Kuala Terengganu,primary,both,2024-06-30,2217
Terengganu,Kuala Terengganu,primary,both,2025-06-30,2227
Terengganu,Kuala Terengganu,primary,female,2017-01-01,1594
Terengganu,Kuala Terengganu,primary,female,2018-01-01,1656
Terengganu,Kuala Terengganu,primary,female,2019-01-01,1633
Terengganu,Kuala Terengganu,primary,female,2020-01-01,1603
Terengganu,Kuala Terengganu,primary,female,2021-01-01,1575
Terengganu,Kuala Terengganu,primary,female,2022-01-01,1605
Terengganu,Kuala Terengganu,primary,female,2023-06-30,1580
Terengganu,Kuala Terengganu,primary,female,2024-06-30,1564
Terengganu,Kuala Terengganu,primary,female,2025-06-30,1569
Terengganu,Kuala Terengganu,primary,male,2017-01-01,655
Terengganu,Kuala Terengganu,primary,male,2018-01-01,655
Terengganu,Kuala Terengganu,primary,male,2019-01-01,651
Terengganu,Kuala Terengganu,primary,male,2020-01-01,661
Terengganu,Kuala Terengganu,primary,male,2021-01-01,662
Terengganu,Kuala Terengganu,primary,male,2022-01-01,675
Terengganu,Kuala Terengganu,primary,male,2023-06-30,644
Terengganu,Kuala Terengganu,primary,male,2024-06-30,653
Terengganu,Kuala Terengganu,primary,male,2025-06-30,658
Terengganu,Kuala Terengganu,secondary,both,2017-01-01,2020
Terengganu,Kuala Terengganu,secondary,both,2018-01-01,2031
Terengganu,Kuala Terengganu,secondary,both,2019-01-01,2011
Terengganu,Kuala Terengganu,secondary,both,2020-01-01,1997
Terengganu,Kuala Terengganu,secondary,both,2021-01-01,1962
Terengganu,Kuala Terengganu,secondary,both,2022-01-01,2000
Terengganu,Kuala Terengganu,secondary,both,2023-06-30,1952
Terengganu,Kuala Terengganu,secondary,both,2024-06-30,1984
Terengganu,Kuala Terengganu,secondary,both,2025-06-30,2006
Terengganu,Kuala Terengganu,secondary,female,2017-01-01,1424
Terengganu,Kuala Terengganu,secondary,female,2018-01-01,1458
Terengganu,Kuala Terengganu,secondary,female,2019-01-01,1455
Terengganu,Kuala Terengganu,secondary,female,2020-01-01,1455
Terengganu,Kuala Terengganu,secondary,female,2021-01-01,1444
Terengganu,Kuala Terengganu,secondary,female,2022-01-01,1469
Terengganu,Kuala Terengganu,secondary,female,2023-06-30,1454
Terengganu,Kuala Terengganu,secondary,female,2024-06-30,1491
Terengganu,Kuala Terengganu,secondary,female,2025-06-30,1513
Terengganu,Kuala Terengganu,secondary,male,2017-01-01,596
Terengganu,Kuala Terengganu,secondary,male,2018-01-01,573
Terengganu,Kuala Terengganu,secondary,male,2019-01-01,556
Terengganu,Kuala Terengganu,secondary,male,2020-01-01,542
Terengganu,Kuala Terengganu,secondary,male,2021-01-01,518
Terengganu,Kuala Terengganu,secondary,male,2022-01-01,531
Terengganu,Kuala Terengganu,secondary,male,2023-06-30,498
Terengganu,Kuala Terengganu,secondary,male,2024-06-30,493
Terengganu,Kuala Terengganu,secondary,male,2025-06-30,493
Terengganu,Marang,primary,both,2017-01-01,1035
Terengganu,Marang,primary,both,2018-01-01,1080
Terengganu,Marang,primary,both,2019-01-01,1076
Terengganu,Marang,primary,both,2020-01-01,1072
Terengganu,Marang,primary,both,2021-01-01,1053
Terengganu,Marang,primary,both,2022-01-01,1086
Terengganu,Marang,primary,both,2023-06-30,1065
Terengganu,Marang,primary,both,2024-06-30,1081
Terengganu,Marang,primary,both,2025-06-30,1090
Terengganu,Marang,primary,female,2017-01-01,676
Terengganu,Marang,primary,female,2018-01-01,735
Terengganu,Marang,primary,female,2019-01-01,741
Terengganu,Marang,primary,female,2020-01-01,742
Terengganu,Marang,primary,female,2021-01-01,731
Terengganu,Marang,primary,female,2022-01-01,744
Terengganu,Marang,primary,female,2023-06-30,722
Terengganu,Marang,primary,female,2024-06-30,727
Terengganu,Marang,primary,female,2025-06-30,727
Terengganu,Marang,primary,male,2017-01-01,359
Terengganu,Marang,primary,male,2018-01-01,345
Terengganu,Marang,primary,male,2019-01-01,335
Terengganu,Marang,primary,male,2020-01-01,330
Terengganu,Marang,primary,male,2021-01-01,322
Terengganu,Marang,primary,male,2022-01-01,342
Terengganu,Marang,primary,male,2023-06-30,343
Terengganu,Marang,primary,male,2024-06-30,354
Terengganu,Marang,primary,male,2025-06-30,363
Terengganu,Marang,secondary,both,2017-01-01,947
Terengganu,Marang,secondary,both,2018-01-01,944
Terengganu,Marang,secondary,both,2019-01-01,928
Terengganu,Marang,secondary,both,2020-01-01,927
Terengganu,Marang,secondary,both,2021-01-01,902
Terengganu,Marang,secondary,both,2022-01-01,930
Terengganu,Marang,secondary,both,2023-06-30,922
Terengganu,Marang,secondary,both,2024-06-30,919
Terengganu,Marang,secondary,both,2025-06-30,927
Terengganu,Marang,secondary,female,2017-01-01,631
Terengganu,Marang,secondary,female,2018-01-01,645
Terengganu,Marang,secondary,female,2019-01-01,643
Terengganu,Marang,secondary,female,2020-01-01,661
Terengganu,Marang,secondary,female,2021-01-01,639
Terengganu,Marang,secondary,female,2022-01-01,670
Terengganu,Marang,secondary,female,2023-06-30,674
Terengganu,Marang,secondary,female,2024-06-30,674
Terengganu,Marang,secondary,female,2025-06-30,690
Terengganu,Marang,secondary,male,2017-01-01,316
Terengganu,Marang,secondary,male,2018-01-01,299
Terengganu,Marang,secondary,male,2019-01-01,285
Terengganu,Marang,secondary,male,2020-01-01,266
Terengganu,Marang,secondary,male,2021-01-01,263
Terengganu,Marang,secondary,male,2022-01-01,260
Terengganu,Marang,secondary,male,2023-06-30,248
Terengganu,Marang,secondary,male,2024-06-30,245
Terengganu,Marang,secondary,male,2025-06-30,237
Terengganu,Setiu,primary,both,2017-01-01,942
Terengganu,Setiu,primary,both,2018-01-01,972
Terengganu,Setiu,primary,both,2019-01-01,971
Terengganu,Setiu,primary,both,2020-01-01,976
Terengganu,Setiu,primary,both,2021-01-01,931
Terengganu,Setiu,primary,both,2022-01-01,940
Terengganu,Setiu,primary,both,2023-06-30,922
Terengganu,Setiu,primary,both,2024-06-30,913
Terengganu,Setiu,primary,both,2025-06-30,906
Terengganu,Setiu,primary,female,2017-01-01,527
Terengganu,Setiu,primary,female,2018-01-01,561
Terengganu,Setiu,primary,female,2019-01-01,564
Terengganu,Setiu,primary,female,2020-01-01,571
Terengganu,Setiu,primary,female,2021-01-01,557
Terengganu,Setiu,primary,female,2022-01-01,568
Terengganu,Setiu,primary,female,2023-06-30,561
Terengganu,Setiu,primary,female,2024-06-30,559
Terengganu,Setiu,primary,female,2025-06-30,559
Terengganu,Setiu,primary,male,2017-01-01,415
Terengganu,Setiu,primary,male,2018-01-01,411
Terengganu,Setiu,primary,male,2019-01-01,407
Terengganu,Setiu,primary,male,2020-01-01,405
Terengganu,Setiu,primary,male,2021-01-01,374
Terengganu,Setiu,primary,male,2022-01-01,372
Terengganu,Setiu,primary,male,2023-06-30,361
Terengganu,Setiu,primary,male,2024-06-30,354
Terengganu,Setiu,primary,male,2025-06-30,347
Terengganu,Setiu,secondary,both,2017-01-01,773
Terengganu,Setiu,secondary,both,2018-01-01,769
Terengganu,Setiu,secondary,both,2019-01-01,754
Terengganu,Setiu,secondary,both,2020-01-01,762
Terengganu,Setiu,secondary,both,2021-01-01,760
Terengganu,Setiu,secondary,both,2022-01-01,767
Terengganu,Setiu,secondary,both,2023-06-30,779
Terengganu,Setiu,secondary,both,2024-06-30,780
Terengganu,Setiu,secondary,both,2025-06-30,797
Terengganu,Setiu,secondary,female,2017-01-01,467
Terengganu,Setiu,secondary,female,2018-01-01,472
Terengganu,Setiu,secondary,female,2019-01-01,474
Terengganu,Setiu,secondary,female,2020-01-01,481
Terengganu,Setiu,secondary,female,2021-01-01,483
Terengganu,Setiu,secondary,female,2022-01-01,503
Terengganu,Setiu,secondary,female,2023-06-30,509
Terengganu,Setiu,secondary,female,2024-06-30,515
Terengganu,Setiu,secondary,female,2025-06-30,525
Terengganu,Setiu,secondary,male,2017-01-01,306
Terengganu,Setiu,secondary,male,2018-01-01,297
Terengganu,Setiu,secondary,male,2019-01-01,280
Terengganu,Setiu,secondary,male,2020-01-01,281
Terengganu,Setiu,secondary,male,2021-01-01,277
Terengganu,Setiu,secondary,male,2022-01-01,264
Terengganu,Setiu,secondary,male,2023-06-30,270
Terengganu,Setiu,secondary,male,2024-06-30,265
Terengganu,Setiu,secondary,male,2025-06-30,272
W.P. Kuala Lumpur,All Districts,primary,both,2017-01-01,9109
W.P. Kuala Lumpur,All Districts,primary,both,2018-01-01,9270
W.P. Kuala Lumpur,All Districts,primary,both,2019-01-01,8979
W.P. Kuala Lumpur,All Districts,primary,both,2020-01-01,9105
W.P. Kuala Lumpur,All Districts,primary,both,2021-01-01,9006
W.P. Kuala Lumpur,All Districts,primary,both,2022-01-01,8644
W.P. Kuala Lumpur,All Districts,primary,both,2023-06-30,8660
W.P. Kuala Lumpur,All Districts,primary,both,2024-06-30,9025
W.P. Kuala Lumpur,All Districts,primary,both,2025-06-30,9016
W.P. Kuala Lumpur,All Districts,primary,female,2017-01-01,6901
W.P. Kuala Lumpur,All Districts,primary,female,2018-01-01,6971
W.P. Kuala Lumpur,All Districts,primary,female,2019-01-01,6729
W.P. Kuala Lumpur,All Districts,primary,female,2020-01-01,6786
W.P. Kuala Lumpur,All Districts,primary,female,2021-01-01,6735
W.P. Kuala Lumpur,All Districts,primary,female,2022-01-01,6507
W.P. Kuala Lumpur,All Districts,primary,female,2023-06-30,6534
W.P. Kuala Lumpur,All Districts,primary,female,2024-06-30,6800
W.P. Kuala Lumpur,All Districts,primary,female,2025-06-30,6776
W.P. Kuala Lumpur,All Districts,primary,male,2017-01-01,2208
W.P. Kuala Lumpur,All Districts,primary,male,2018-01-01,2299
W.P. Kuala Lumpur,All Districts,primary,male,2019-01-01,2250
W.P. Kuala Lumpur,All Districts,primary,male,2020-01-01,2319
W.P. Kuala Lumpur,All Districts,primary,male,2021-01-01,2271
W.P. Kuala Lumpur,All Districts,primary,male,2022-01-01,2137
W.P. Kuala Lumpur,All Districts,primary,male,2023-06-30,2126
W.P. Kuala Lumpur,All Districts,primary,male,2024-06-30,2225
W.P. Kuala Lumpur,All Districts,primary,male,2025-06-30,2240
W.P. Kuala Lumpur,All Districts,secondary,both,2017-01-01,8286
W.P. Kuala Lumpur,All Districts,secondary,both,2018-01-01,8346
W.P. Kuala Lumpur,All Districts,secondary,both,2019-01-01,8326
W.P. Kuala Lumpur,All Districts,secondary,both,2020-01-01,8202
W.P. Kuala Lumpur,All Districts,secondary,both,2021-01-01,7941
W.P. Kuala Lumpur,All Districts,secondary,both,2022-01-01,7994
W.P. Kuala Lumpur,All Districts,secondary,both,2023-06-30,7842
W.P. Kuala Lumpur,All Districts,secondary,both,2024-06-30,8057
W.P. Kuala Lumpur,All Districts,secondary,both,2025-06-30,8078
W.P. Kuala Lumpur,All Districts,secondary,female,2017-01-01,6724
W.P. Kuala Lumpur,All Districts,secondary,female,2018-01-01,6658
W.P. Kuala Lumpur,All Districts,secondary,female,2019-01-01,6637
W.P. Kuala Lumpur,All Districts,secondary,female,2020-01-01,6501
W.P. Kuala Lumpur,All Districts,secondary,female,2021-01-01,6303
W.P. Kuala Lumpur,All Districts,secondary,female,2022-01-01,6341
W.P. Kuala Lumpur,All Districts,secondary,female,2023-06-30,6207
W.P. Kuala Lumpur,All Districts,secondary,female,2024-06-30,6379
W.P. Kuala Lumpur,All Districts,secondary,female,2025-06-30,6366
W.P. Kuala Lumpur,All Districts,secondary,male,2017-01-01,1562
W.P. Kuala Lumpur,All Districts,secondary,male,2018-01-01,1688
W.P. Kuala Lumpur,All Districts,secondary,male,2019-01-01,1689
W.P. Kuala Lumpur,All Districts,secondary,male,2020-01-01,1701
W.P. Kuala Lumpur,All Districts,secondary,male,2021-01-01,1638
W.P. Kuala Lumpur,All Districts,secondary,male,2022-01-01,1653
W.P. Kuala Lumpur,All Districts,secondary,male,2023-06-30,1635
W.P. Kuala Lumpur,All Districts,secondary,male,2024-06-30,1678
W.P. Kuala Lumpur,All Districts,secondary,male,2025-06-30,1712
W.P. Kuala Lumpur,W.P. Kuala Lumpur,primary,both,2017-01-01,9109
W.P. Kuala Lumpur,W.P. Kuala Lumpur,primary,both,2018-01-01,9270
W.P. Kuala Lumpur,W.P. Kuala Lumpur,primary,both,2019-01-01,8979
W.P. Kuala Lumpur,W.P. Kuala Lumpur,primary,both,2020-01-01,9105
W.P. Kuala Lumpur,W.P. Kuala Lumpur,primary,both,2021-01-01,9006
W.P. Kuala Lumpur,W.P. Kuala Lumpur,primary,both,2022-01-01,8644
W.P. Kuala Lumpur,W.P. Kuala Lumpur,primary,female,2017-01-01,6901
W.P. Kuala Lumpur,W.P. Kuala Lumpur,primary,female,2018-01-01,6971
W.P. Kuala Lumpur,W.P. Kuala Lumpur,primary,female,2019-01-01,6729
W.P. Kuala Lumpur,W.P. Kuala Lumpur,primary,female,2020-01-01,6786
W.P. Kuala Lumpur,W.P. Kuala Lumpur,primary,female,2021-01-01,6735
W.P. Kuala Lumpur,W.P. Kuala Lumpur,primary,female,2022-01-01,6507
W.P. Kuala Lumpur,W.P. Kuala Lumpur,primary,male,2017-01-01,2208
W.P. Kuala Lumpur,W.P. Kuala Lumpur,primary,male,2018-01-01,2299
W.P. Kuala Lumpur,W.P. Kuala Lumpur,primary,male,2019-01-01,2250
W.P. Kuala Lumpur,W.P. Kuala Lumpur,primary,male,2020-01-01,2319
W.P. Kuala Lumpur,W.P. Kuala Lumpur,primary,male,2021-01-01,2271
W.P. Kuala Lumpur,W.P. Kuala Lumpur,primary,male,2022-01-01,2137
W.P. Kuala Lumpur,W.P. Kuala Lumpur,secondary,both,2017-01-01,8286
W.P. Kuala Lumpur,W.P. Kuala Lumpur,secondary,both,2018-01-01,8346
W.P. Kuala Lumpur,W.P. Kuala Lumpur,secondary,both,2019-01-01,8326
W.P. Kuala Lumpur,W.P. Kuala Lumpur,secondary,both,2020-01-01,8202
W.P. Kuala Lumpur,W.P. Kuala Lumpur,secondary,both,2021-01-01,7941
W.P. Kuala Lumpur,W.P. Kuala Lumpur,secondary,both,2022-01-01,7994
W.P. Kuala Lumpur,W.P. Kuala Lumpur,secondary,female,2017-01-01,6724
W.P. Kuala Lumpur,W.P. Kuala Lumpur,secondary,female,2018-01-01,6658
W.P. Kuala Lumpur,W.P. Kuala Lumpur,secondary,female,2019-01-01,6637
W.P. Kuala Lumpur,W.P. Kuala Lumpur,secondary,female,2020-01-01,6501
W.P. Kuala Lumpur,W.P. Kuala Lumpur,secondary,female,2021-01-01,6303
W.P. Kuala Lumpur,W.P. Kuala Lumpur,secondary,female,2022-01-01,6341
W.P. Kuala Lumpur,W.P. Kuala Lumpur,secondary,male,2017-01-01,1562
W.P. Kuala Lumpur,W.P. Kuala Lumpur,secondary,male,2018-01-01,1688
W.P. Kuala Lumpur,W.P. Kuala Lumpur,secondary,male,2019-01-01,1689
W.P. Kuala Lumpur,W.P. Kuala Lumpur,secondary,male,2020-01-01,1701
W.P. Kuala Lumpur,W.P. Kuala Lumpur,secondary,male,2021-01-01,1638
W.P. Kuala Lumpur,W.P. Kuala Lumpur,secondary,male,2022-01-01,1653
W.P. Kuala Lumpur,Bangsar Pudu,primary,both,2023-06-30,4384
W.P. Kuala Lumpur,Bangsar Pudu,primary,both,2024-06-30,4570
W.P. Kuala Lumpur,Bangsar Pudu,primary,both,2025-06-30,4524
W.P. Kuala Lumpur,Bangsar Pudu,primary,female,2023-06-30,3261
W.P. Kuala Lumpur,Bangsar Pudu,primary,female,2024-06-30,3400
W.P. Kuala Lumpur,Bangsar Pudu,primary,female,2025-06-30,3362
W.P. Kuala Lumpur,Bangsar Pudu,primary,male,2023-06-30,1123
W.P. Kuala Lumpur,Bangsar Pudu,primary,male,2024-06-30,1170
W.P. Kuala Lumpur,Bangsar Pudu,primary,male,2025-06-30,1162
W.P. Kuala Lumpur,Bangsar Pudu,secondary,both,2023-06-30,3897
W.P. Kuala Lumpur,Bangsar Pudu,secondary,both,2024-06-30,4004
W.P. Kuala Lumpur,Bangsar Pudu,secondary,both,2025-06-30,4031
W.P. Kuala Lumpur,Bangsar Pudu,secondary,female,2023-06-30,3077
W.P. Kuala Lumpur,Bangsar Pudu,secondary,female,2024-06-30,3164
W.P. Kuala Lumpur,Bangsar Pudu,secondary,female,2025-06-30,3164
W.P. Kuala Lumpur,Bangsar Pudu,secondary,male,2023-06-30,820
W.P. Kuala Lumpur,Bangsar Pudu,secondary,male,2024-06-30,840
W.P. Kuala Lumpur,Bangsar Pudu,secondary,male,2025-06-30,867
W.P. Kuala Lumpur,Keramat,primary,both,2023-06-30,2059
W.P. Kuala Lumpur,Keramat,primary,both,2024-06-30,2152
W.P. Kuala Lumpur,Keramat,primary,both,2025-06-30,2187
W.P. Kuala Lumpur,Keramat,primary,female,2023-06-30,1566
W.P. Kuala Lumpur,Keramat,primary,female,2024-06-30,1632
W.P. Kuala Lumpur,Keramat,primary,female,2025-06-30,1650
W.P. Kuala Lumpur,Keramat,primary,male,2023-06-30,493
W.P. Kuala Lumpur,Keramat,primary,male,2024-06-30,520
W.P. Kuala Lumpur,Keramat,primary,male,2025-06-30,537
W.P. Kuala Lumpur,Keramat,secondary,both,2023-06-30,1879
W.P. Kuala Lumpur,Keramat,secondary,both,2024-06-30,1930
W.P. Kuala Lumpur,Keramat,secondary,both,2025-06-30,1959
W.P. Kuala Lumpur,Keramat,secondary,female,2023-06-30,1512
W.P. Kuala Lumpur,Keramat,secondary,female,2024-06-30,1555
W.P. Kuala Lumpur,Keramat,secondary,female,2025-06-30,1576
W.P. Kuala Lumpur,Keramat,secondary,male,2023-06-30,367
W.P. Kuala Lumpur,Keramat,secondary,male,2024-06-30,375
W.P. Kuala Lumpur,Keramat,secondary,male,2025-06-30,383
W.P. Kuala Lumpur,Sentul,primary,both,2023-06-30,2217
W.P. Kuala Lumpur,Sentul,primary,both,2024-06-30,2303
W.P. Kuala Lumpur,Sentul,primary,both,2025-06-30,2305
W.P. Kuala Lumpur,Sentul,primary,female,2023-06-30,1707
W.P. Kuala Lumpur,Sentul,primary,female,2024-06-30,1768
W.P. Kuala Lumpur,Sentul,primary,female,2025-06-30,1764
W.P. Kuala Lumpur,Sentul,primary,male,2023-06-30,510
W.P. Kuala Lumpur,Sentul,primary,male,2024-06-30,535
W.P. Kuala Lumpur,Sentul,primary,male,2025-06-30,541
W.P. Kuala Lumpur,Sentul,secondary,both,2023-06-30,2066
W.P. Kuala Lumpur,Sentul,secondary,both,2024-06-30,2123
W.P. Kuala Lumpur,Sentul,secondary,both,2025-06-30,2088
W.P. Kuala Lumpur,Sentul,secondary,female,2023-06-30,1618
W.P. Kuala Lumpur,Sentul,secondary,female,2024-06-30,1660
W.P. Kuala Lumpur,Sentul,secondary,female,2025-06-30,1626
W.P. Kuala Lumpur,Sentul,secondary,male,2023-06-30,448
W.P. Kuala Lumpur,Sentul,secondary,male,2024-06-30,463
W.P. Kuala Lumpur,Sentul,secondary,male,2025-06-30,462
W.P. Labuan,All Districts,primary,both,2017-01-01,708
W.P. Labuan,All Districts,primary,both,2018-01-01,737
W.P. Labuan,All Districts,primary,both,2019-01-01,741
W.P. Labuan,All Districts,primary,both,2020-01-01,743
W.P. Labuan,All Districts,primary,both,2021-01-01,742
W.P. Labuan,All Districts,primary,both,2022-01-01,705
W.P. Labuan,All Districts,primary,both,2023-06-30,741
W.P. Labuan,All Districts,primary,both,2024-06-30,743
W.P. Labuan,All Districts,primary,both,2025-06-30,737
W.P. Labuan,All Districts,primary,female,2017-01-01,538
W.P. Labuan,All Districts,primary,female,2018-01-01,550
W.P. Labuan,All Districts,primary,female,2019-01-01,560
W.P. Labuan,All Districts,primary,female,2020-01-01,553
W.P. Labuan,All Districts,primary,female,2021-01-01,539
W.P. Labuan,All Districts,primary,female,2022-01-01,510
W.P. Labuan,All Districts,primary,female,2023-06-30,515
W.P. Labuan,All Districts,primary,female,2024-06-30,515
W.P. Labuan,All Districts,primary,female,2025-06-30,510
W.P. Labuan,All Districts,primary,male,2017-01-01,170
W.P. Labuan,All Districts,primary,male,2018-01-01,187
W.P. Labuan,All Districts,primary,male,2019-01-01,181
W.P. Labuan,All Districts,primary,male,2020-01-01,190
W.P. Labuan,All Districts,primary,male,2021-01-01,203
W.P. Labuan,All Districts,primary,male,2022-01-01,195
W.P. Labuan,All Districts,primary,male,2023-06-30,226
W.P. Labuan,All Districts,primary,male,2024-06-30,228
W.P. Labuan,All Districts,primary,male,2025-06-30,227
W.P. Labuan,All Districts,secondary,both,2017-01-01,673
W.P. Labuan,All Districts,secondary,both,2018-01-01,670
W.P. Labuan,All Districts,secondary,both,2019-01-01,646
W.P. Labuan,All Districts,secondary,both,2020-01-01,636
W.P. Labuan,All Districts,secondary,both,2021-01-01,613
W.P. Labuan,All Districts,secondary,both,2022-01-01,645
W.P. Labuan,All Districts,secondary,both,2023-06-30,672
W.P. Labuan,All Districts,secondary,both,2024-06-30,686
W.P. Labuan,All Districts,secondary,both,2025-06-30,713
W.P. Labuan,All Districts,secondary,female,2017-01-01,436
W.P. Labuan,All Districts,secondary,female,2018-01-01,451
W.P. Labuan,All Districts,secondary,female,2019-01-01,436
W.P. Labuan,All Districts,secondary,female,2020-01-01,438
W.P. Labuan,All Districts,secondary,female,2021-01-01,420
W.P. Labuan,All Districts,secondary,female,2022-01-01,439
W.P. Labuan,All Districts,secondary,female,2023-06-30,456
W.P. Labuan,All Districts,secondary,female,2024-06-30,474
W.P. Labuan,All Districts,secondary,female,2025-06-30,491
W.P. Labuan,All Districts,secondary,male,2017-01-01,237
W.P. Labuan,All Districts,secondary,male,2018-01-01,219
W.P. Labuan,All Districts,secondary,male,2019-01-01,210
W.P. Labuan,All Districts,secondary,male,2020-01-01,198
W.P. Labuan,All Districts,secondary,male,2021-01-01,193
W.P. Labuan,All Districts,secondary,male,2022-01-01,206
W.P. Labuan,All Districts,secondary,male,2023-06-30,216
W.P. Labuan,All Districts,secondary,male,2024-06-30,212
W.P. Labuan,All Districts,secondary,male,2025-06-30,222
W.P. Labuan,W.P. Labuan,primary,both,2017-01-01,708
W.P. Labuan,W.P. Labuan,primary,both,2018-01-01,737
W.P. Labuan,W.P. Labuan,primary,both,2019-01-01,741
W.P. Labuan,W.P. Labuan,primary,both,2020-01-01,743
W.P. Labuan,W.P. Labuan,primary,both,2021-01-01,742
W.P. Labuan,W.P. Labuan,primary,both,2022-01-01,705
W.P. Labuan,W.P. Labuan,primary,female,2017-01-01,538
W.P. Labuan,W.P. Labuan,primary,female,2018-01-01,550
W.P. Labuan,W.P. Labuan,primary,female,2019-01-01,560
W.P. Labuan,W.P. Labuan,primary,female,2020-01-01,553
W.P. Labuan,W.P. Labuan,primary,female,2021-01-01,539
W.P. Labuan,W.P. Labuan,primary,female,2022-01-01,510
W.P. Labuan,W.P. Labuan,primary,male,2017-01-01,170
W.P. Labuan,W.P. Labuan,primary,male,2018-01-01,187
W.P. Labuan,W.P. Labuan,primary,male,2019-01-01,181
W.P. Labuan,W.P. Labuan,primary,male,2020-01-01,190
W.P. Labuan,W.P. Labuan,primary,male,2021-01-01,203
W.P. Labuan,W.P. Labuan,primary,male,2022-01-01,195
W.P. Labuan,W.P. Labuan,secondary,both,2017-01-01,673
W.P. Labuan,W.P. Labuan,secondary,both,2018-01-01,670
W.P. Labuan,W.P. Labuan,secondary,both,2019-01-01,646
W.P. Labuan,W.P. Labuan,secondary,both,2020-01-01,636
W.P. Labuan,W.P. Labuan,secondary,both,2021-01-01,613
W.P. Labuan,W.P. Labuan,secondary,both,2022-01-01,645
W.P. Labuan,W.P. Labuan,secondary,female,2017-01-01,436
W.P. Labuan,W.P. Labuan,secondary,female,2018-01-01,451
W.P. Labuan,W.P. Labuan,secondary,female,2019-01-01,436
W.P. Labuan,W.P. Labuan,secondary,female,2020-01-01,438
W.P. Labuan,W.P. Labuan,secondary,female,2021-01-01,420
W.P. Labuan,W.P. Labuan,secondary,female,2022-01-01,439
W.P. Labuan,W.P. Labuan,secondary,male,2017-01-01,237
W.P. Labuan,W.P. Labuan,secondary,male,2018-01-01,219
W.P. Labuan,W.P. Labuan,secondary,male,2019-01-01,210
W.P. Labuan,W.P. Labuan,secondary,male,2020-01-01,198
W.P. Labuan,W.P. Labuan,secondary,male,2021-01-01,193
W.P. Labuan,W.P. Labuan,secondary,male,2022-01-01,206
W.P. Labuan,Jpwp Labuan,primary,both,2023-06-30,741
W.P. Labuan,Jpwp Labuan,primary,both,2024-06-30,743
W.P. Labuan,Jpwp Labuan,primary,both,2025-06-30,737
W.P. Labuan,Jpwp Labuan,primary,female,2023-06-30,515
W.P. Labuan,Jpwp Labuan,primary,female,2024-06-30,515
W.P. Labuan,Jpwp Labuan,primary,female,2025-06-30,510
W.P. Labuan,Jpwp Labuan,primary,male,2023-06-30,226
W.P. Labuan,Jpwp Labuan,primary,male,2024-06-30,228
W.P. Labuan,Jpwp Labuan,primary,male,2025-06-30,227
W.P. Labuan,Jpwp Labuan,secondary,both,2023-06-30,672
W.P. Labuan,Jpwp Labuan,secondary,both,2024-06-30,686
W.P. Labuan,Jpwp Labuan,secondary,both,2025-06-30,713
W.P. Labuan,Jpwp Labuan,secondary,female,2023-06-30,456
W.P. Labuan,Jpwp Labuan,secondary,female,2024-06-30,474
W.P. Labuan,Jpwp Labuan,secondary,female,2025-06-30,491
W.P. Labuan,Jpwp Labuan,secondary,male,2023-06-30,216
W.P. Labuan,Jpwp Labuan,secondary,male,2024-06-30,212
W.P. Labuan,Jpwp Labuan,secondary,male,2025-06-30,222
W.P. Putrajaya,All Districts,primary,both,2017-01-01,923
W.P. Putrajaya,All Districts,primary,both,2018-01-01,1175
W.P. Putrajaya,All Districts,primary,both,2019-01-01,1249
W.P. Putrajaya,All Districts,primary,both,2020-01-01,1327
W.P. Putrajaya,All Districts,primary,both,2021-01-01,1406
W.P. Putrajaya,All Districts,primary,both,2022-01-01,1515
W.P. Putrajaya,All Districts,primary,both,2023-06-30,1475
W.P. Putrajaya,All Districts,primary,both,2024-06-30,1493
W.P. Putrajaya,All Districts,primary,both,2025-06-30,1494
W.P. Putrajaya,All Districts,primary,female,2017-01-01,738
W.P. Putrajaya,All Districts,primary,female,2018-01-01,930
W.P. Putrajaya,All Districts,primary,female,2019-01-01,974
W.P. Putrajaya,All Districts,primary,female,2020-01-01,1026
W.P. Putrajaya,All Districts,primary,female,2021-01-01,1083
W.P. Putrajaya,All Districts,primary,female,2022-01-01,1166
W.P. Putrajaya,All Districts,primary,female,2023-06-30,1139
W.P. Putrajaya,All Districts,primary,female,2024-06-30,1151
W.P. Putrajaya,All Districts,primary,female,2025-06-30,1151
W.P. Putrajaya,All Districts,primary,male,2017-01-01,185
W.P. Putrajaya,All Districts,primary,male,2018-01-01,245
W.P. Putrajaya,All Districts,primary,male,2019-01-01,275
W.P. Putrajaya,All Districts,primary,male,2020-01-01,301
W.P. Putrajaya,All Districts,primary,male,2021-01-01,323
W.P. Putrajaya,All Districts,primary,male,2022-01-01,349
W.P. Putrajaya,All Districts,primary,male,2023-06-30,336
W.P. Putrajaya,All Districts,primary,male,2024-06-30,342
W.P. Putrajaya,All Districts,primary,male,2025-06-30,343
W.P. Putrajaya,All Districts,secondary,both,2017-01-01,739
W.P. Putrajaya,All Districts,secondary,both,2018-01-01,826
W.P. Putrajaya,All Districts,secondary,both,2019-01-01,824
W.P. Putrajaya,All Districts,secondary,both,2020-01-01,832
W.P. Putrajaya,All Districts,secondary,both,2021-01-01,851
W.P. Putrajaya,All Districts,secondary,both,2022-01-01,927
W.P. Putrajaya,All Districts,secondary,both,2023-06-30,966
W.P. Putrajaya,All Districts,secondary,both,2024-06-30,1003
W.P. Putrajaya,All Districts,secondary,both,2025-06-30,1033
W.P. Putrajaya,All Districts,secondary,female,2017-01-01,625
W.P. Putrajaya,All Districts,secondary,female,2018-01-01,677
W.P. Putrajaya,All Districts,secondary,female,2019-01-01,669
W.P. Putrajaya,All Districts,secondary,female,2020-01-01,677
W.P. Putrajaya,All Districts,secondary,female,2021-01-01,688
W.P. Putrajaya,All Districts,secondary,female,2022-01-01,762
W.P. Putrajaya,All Districts,secondary,female,2023-06-30,785
W.P. Putrajaya,All Districts,secondary,female,2024-06-30,816
W.P. Putrajaya,All Districts,secondary,female,2025-06-30,840
W.P. Putrajaya,All Districts,secondary,male,2017-01-01,114
W.P. Putrajaya,All Districts,secondary,male,2018-01-01,149
W.P. Putrajaya,All Districts,secondary,male,2019-01-01,155
W.P. Putrajaya,All Districts,secondary,male,2020-01-01,155
W.P. Putrajaya,All Districts,secondary,male,2021-01-01,163
W.P. Putrajaya,All Districts,secondary,male,2022-01-01,165
W.P. Putrajaya,All Districts,secondary,male,2023-06-30,181
W.P. Putrajaya,All Districts,secondary,male,2024-06-30,187
W.P. Putrajaya,All Districts,secondary,male,2025-06-30,193
W.P. Putrajaya,W.P. Putrajaya,primary,both,2017-01-01,923
W.P. Putrajaya,W.P. Putrajaya,primary,both,2018-01-01,1175
W.P. Putrajaya,W.P. Putrajaya,primary,both,2019-01-01,1249
W.P. Putrajaya,W.P. Putrajaya,primary,both,2020-01-01,1327
W.P. Putrajaya,W.P. Putrajaya,primary,both,2021-01-01,1406
W.P. Putrajaya,W.P. Putrajaya,primary,both,2022-01-01,1515
W.P. Putrajaya,W.P. Putrajaya,primary,female,2017-01-01,738
W.P. Putrajaya,W.P. Putrajaya,primary,female,2018-01-01,930
W.P. Putrajaya,W.P. Putrajaya,primary,female,2019-01-01,974
W.P. Putrajaya,W.P. Putrajaya,primary,female,2020-01-01,1026
W.P. Putrajaya,W.P. Putrajaya,primary,female,2021-01-01,1083
W.P. Putrajaya,W.P. Putrajaya,primary,female,2022-01-01,1166
W.P. Putrajaya,W.P. Putrajaya,primary,male,2017-01-01,185
W.P. Putrajaya,W.P. Putrajaya,primary,male,2018-01-01,245
W.P. Putrajaya,W.P. Putrajaya,primary,male,2019-01-01,275
W.P. Putrajaya,W.P. Putrajaya,primary,male,2020-01-01,301
W.P. Putrajaya,W.P. Putrajaya,primary,male,2021-01-01,323
W.P. Putrajaya,W.P. Putrajaya,primary,male,2022-01-01,349
W.P. Putrajaya,W.P. Putrajaya,secondary,both,2017-01-01,739
W.P. Putrajaya,W.P. Putrajaya,secondary,both,2018-01-01,826
W.P. Putrajaya,W.P. Putrajaya,secondary,both,2019-01-01,824
W.P. Putrajaya,W.P. Putrajaya,secondary,both,2020-01-01,832
W.P. Putrajaya,W.P. Putrajaya,secondary,both,2021-01-01,851
W.P. Putrajaya,W.P. Putrajaya,secondary,both,2022-01-01,927
W.P. Putrajaya,W.P. Putrajaya,secondary,female,2017-01-01,625
W.P. Putrajaya,W.P. Putrajaya,secondary,female,2018-01-01,677
W.P. Putrajaya,W.P. Putrajaya,secondary,female,2019-01-01,669
W.P. Putrajaya,W.P. Putrajaya,secondary,female,2020-01-01,677
W.P. Putrajaya,W.P. Putrajaya,secondary,female,2021-01-01,688
W.P. Putrajaya,W.P. Putrajaya,secondary,female,2022-01-01,762
W.P. Putrajaya,W.P. Putrajaya,secondary,male,2017-01-01,114
W.P. Putrajaya,W.P. Putrajaya,secondary,male,2018-01-01,149
W.P. Putrajaya,W.P. Putrajaya,secondary,male,2019-01-01,155
W.P. Putrajaya,W.P. Putrajaya,secondary,male,2020-01-01,155
W.P. Putrajaya,W.P. Putrajaya,secondary,male,2021-01-01,163
W.P. Putrajaya,W.P. Putrajaya,secondary,male,2022-01-01,165
W.P. Putrajaya,Jpwp Putrajaya,primary,both,2023-06-30,1475
W.P. Putrajaya,Jpwp Putrajaya,primary,both,2024-06-30,1493
W.P. Putrajaya,Jpwp Putrajaya,primary,both,2025-06-30,1494
W.P. Putrajaya,Jpwp Putrajaya,primary,female,2023-06-30,1139
W.P. Putrajaya,Jpwp Putrajaya,primary,female,2024-06-30,1151
W.P. Putrajaya,Jpwp Putrajaya,primary,female,2025-06-30,1151
W.P. Putrajaya,Jpwp Putrajaya,primary,male,2023-06-30,336
W.P. Putrajaya,Jpwp Putrajaya,primary,male,2024-06-30,342
W.P. Putrajaya,Jpwp Putrajaya,primary,male,2025-06-30,343
W.P. Putrajaya,Jpwp Putrajaya,secondary,both,2023-06-30,966
W.P. Putrajaya,Jpwp Putrajaya,secondary,both,2024-06-30,1003
W.P. Putrajaya,Jpwp Putrajaya,secondary,both,2025-06-30,1033
W.P. Putrajaya,Jpwp Putrajaya,secondary,female,2023-06-30,785
W.P. Putrajaya,Jpwp Putrajaya,secondary,female,2024-06-30,816
W.P. Putrajaya,Jpwp Putrajaya,secondary,female,2025-06-30,840
W.P. Putrajaya,Jpwp Putrajaya,secondary,male,2023-06-30,181
W.P. Putrajaya,Jpwp Putrajaya,secondary,male,2024-06-30,187
W.P. Putrajaya,Jpwp Putrajaya,secondary,male,2025-06-30,193
