series,date,division,index
abs,2015-01-01,overall,100.99
abs,2015-02-01,overall,92.34
abs,2015-03-01,overall,99.977
abs,2015-04-01,overall,100.709
abs,2015-05-01,overall,98.94
abs,2015-06-01,overall,101.666
abs,2015-07-01,overall,98.537
abs,2015-08-01,overall,98.836
abs,2015-09-01,overall,101.739
abs,2015-10-01,overall,102.364
abs,2015-11-01,overall,100.171
abs,2015-12-01,overall,103.731
abs,2016-01-01,overall,105.683
abs,2016-02-01,overall,95.436
abs,2016-03-01,overall,102.679
abs,2016-04-01,overall,101.167
abs,2016-05-01,overall,100.832
abs,2016-06-01,overall,105.518
abs,2016-07-01,overall,101.38
abs,2016-08-01,overall,102.973
abs,2016-09-01,overall,104.266
abs,2016-10-01,overall,104.1
abs,2016-11-01,overall,104.227
abs,2016-12-01,overall,105.644
abs,2017-01-01,overall,110.271
abs,2017-02-01,overall,102.067
abs,2017-03-01,overall,109.13
abs,2017-04-01,overall,106.337
abs,2017-05-01,overall,107.745
abs,2017-06-01,overall,108.12
abs,2017-07-01,overall,109.166
abs,2017-08-01,overall,110.46
abs,2017-09-01,overall,109.314
abs,2017-10-01,overall,108.07
abs,2017-11-01,overall,109.154
abs,2017-12-01,overall,109.565
abs,2018-01-01,overall,115.797
abs,2018-02-01,overall,104.621
abs,2018-03-01,overall,113.844
abs,2018-04-01,overall,112.457
abs,2018-05-01,overall,113.108
abs,2018-06-01,overall,113.954
abs,2018-07-01,overall,119.218
abs,2018-08-01,overall,117.186
abs,2018-09-01,overall,113.965
abs,2018-10-01,overall,114.651
abs,2018-11-01,overall,114.202
abs,2018-12-01,overall,115.473
abs,2019-01-01,overall,119.463
abs,2019-02-01,overall,108.903
abs,2019-03-01,overall,119.732
abs,2019-04-01,overall,118.652
abs,2019-05-01,overall,119.174
abs,2019-06-01,overall,119.804
abs,2019-07-01,overall,124.5
abs,2019-08-01,overall,124.881
abs,2019-09-01,overall,121.353
abs,2019-10-01,overall,118.693
abs,2019-11-01,overall,119.888
abs,2019-12-01,overall,121.966
abs,2020-01-01,overall,125.073
abs,2020-02-01,overall,116.121
abs,2020-03-01,overall,110.223
abs,2020-04-01,overall,58.074
abs,2020-05-01,overall,79.983
abs,2020-06-01,overall,116.472
abs,2020-07-01,overall,122.441
abs,2020-08-01,overall,123.843
abs,2020-09-01,overall,123.095
abs,2020-10-01,overall,120.232
abs,2020-11-01,overall,120.97
abs,2020-12-01,overall,125.601
abs,2021-01-01,overall,126.904
abs,2021-02-01,overall,118.181
abs,2021-03-01,overall,124.98
abs,2021-04-01,overall,122.507
abs,2021-05-01,overall,112.823
abs,2021-06-01,overall,92.195
abs,2021-07-01,overall,92.159
abs,2021-08-01,overall,106.734
abs,2021-09-01,overall,120.755
abs,2021-10-01,overall,128.144
abs,2021-11-01,overall,131.666
abs,2021-12-01,overall,132.822
abs,2022-01-01,overall,135.732
abs,2022-02-01,overall,125.372
abs,2022-03-01,overall,131.374
abs,2022-04-01,overall,130.971
abs,2022-05-01,overall,122.753
abs,2022-06-01,overall,124.928
abs,2022-07-01,overall,120.65
abs,2022-08-01,overall,130.707
abs,2022-09-01,overall,134.252
abs,2022-10-01,overall,131.292
abs,2022-11-01,overall,137.297
abs,2022-12-01,overall,137.844
abs,2023-01-01,overall,139.446
abs,2023-02-01,overall,134.184
abs,2023-03-01,overall,138.003
abs,2023-04-01,overall,128.267
abs,2023-05-01,overall,135.113
abs,2023-06-01,overall,130.101
abs,2023-07-01,overall,127.83
abs,2023-08-01,overall,136.19
abs,2023-09-01,overall,142.091
abs,2023-10-01,overall,140.075
abs,2023-11-01,overall,145.204
abs,2023-12-01,overall,143.641
abs,2024-01-01,overall,150.622
abs,2024-02-01,overall,139.709
abs,2024-03-01,overall,142.319
abs,2024-04-01,overall,140.499
abs,2024-05-01,overall,143.8
abs,2024-06-01,overall,136.044
abs,2024-07-01,overall,137.45
abs,2024-08-01,overall,145.897
abs,2024-09-01,overall,145.984
abs,2024-10-01,overall,144.694
abs,2024-11-01,overall,148.421
abs,2024-12-01,overall,149.005
abs,2025-01-01,overall,150.984
abs,2025-02-01,overall,143.721
abs,2025-03-01,overall,145.611
abs,2025-04-01,overall,146.013
abs,2025-05-01,overall,147.468
abs,2025-06-01,overall,142.95
abs,2025-07-01,overall,144.346
abs,2025-08-01,overall,151.385
abs,2025-09-01,overall,153.667
abs,2025-10-01,overall,151.83
abs,2025-11-01,overall,155.302
abs,2025-12-01,overall,156.822
abs,2026-01-01,overall,160.662
abs,2026-02-01,overall,147.571
abs,2026-03-01,overall,149.676
abs,2026-04-01,overall,157.681
abs,2026-05-01,overall,150.369
abs,2026-06-01,overall,152.105
growth_yoy,2016-01-01,overall,4.647
growth_yoy,2016-02-01,overall,3.353
growth_yoy,2016-03-01,overall,2.703
growth_yoy,2016-04-01,overall,0.455
growth_yoy,2016-05-01,overall,1.912
growth_yoy,2016-06-01,overall,3.788
growth_yoy,2016-07-01,overall,2.885
growth_yoy,2016-08-01,overall,4.186
growth_yoy,2016-09-01,overall,2.484
growth_yoy,2016-10-01,overall,1.695
growth_yoy,2016-11-01,overall,4.049
growth_yoy,2016-12-01,overall,1.844
growth_yoy,2017-01-01,overall,4.342
growth_yoy,2017-02-01,overall,6.948
growth_yoy,2017-03-01,overall,6.283
growth_yoy,2017-04-01,overall,5.11
growth_yoy,2017-05-01,overall,6.855
growth_yoy,2017-06-01,overall,2.467
growth_yoy,2017-07-01,overall,7.68
growth_yoy,2017-08-01,overall,7.271
growth_yoy,2017-09-01,overall,4.841
growth_yoy,2017-10-01,overall,3.815
growth_yoy,2017-11-01,overall,4.727
growth_yoy,2017-12-01,overall,3.712
growth_yoy,2018-01-01,overall,5.011
growth_yoy,2018-02-01,overall,2.502
growth_yoy,2018-03-01,overall,4.319
growth_yoy,2018-04-01,overall,5.756
growth_yoy,2018-05-01,overall,4.978
growth_yoy,2018-06-01,overall,5.395
growth_yoy,2018-07-01,overall,9.208
growth_yoy,2018-08-01,overall,6.089
growth_yoy,2018-09-01,overall,4.255
growth_yoy,2018-10-01,overall,6.09
growth_yoy,2018-11-01,overall,4.624
growth_yoy,2018-12-01,overall,5.392
growth_yoy,2019-01-01,overall,3.166
growth_yoy,2019-02-01,overall,4.093
growth_yoy,2019-03-01,overall,5.173
growth_yoy,2019-04-01,overall,5.509
growth_yoy,2019-05-01,overall,5.363
growth_yoy,2019-06-01,overall,5.134
growth_yoy,2019-07-01,overall,4.43
growth_yoy,2019-08-01,overall,6.566
growth_yoy,2019-09-01,overall,6.483
growth_yoy,2019-10-01,overall,3.525
growth_yoy,2019-11-01,overall,4.979
growth_yoy,2019-12-01,overall,5.623
growth_yoy,2020-01-01,overall,4.696
growth_yoy,2020-02-01,overall,6.628
growth_yoy,2020-03-01,overall,-7.942
growth_yoy,2020-04-01,overall,-51.055
growth_yoy,2020-05-01,overall,-32.886
growth_yoy,2020-06-01,overall,-2.781
growth_yoy,2020-07-01,overall,-1.654
growth_yoy,2020-08-01,overall,-0.831
growth_yoy,2020-09-01,overall,1.435
growth_yoy,2020-10-01,overall,1.297
growth_yoy,2020-11-01,overall,0.903
growth_yoy,2020-12-01,overall,2.98
growth_yoy,2021-01-01,overall,1.464
growth_yoy,2021-02-01,overall,1.774
growth_yoy,2021-03-01,overall,13.388
growth_yoy,2021-04-01,overall,110.948
growth_yoy,2021-05-01,overall,41.06
growth_yoy,2021-06-01,overall,-20.844
growth_yoy,2021-07-01,overall,-24.732
growth_yoy,2021-08-01,overall,-13.815
growth_yoy,2021-09-01,overall,-1.9
growth_yoy,2021-10-01,overall,6.58
growth_yoy,2021-11-01,overall,8.842
growth_yoy,2021-12-01,overall,5.749
growth_yoy,2022-01-01,overall,6.957
growth_yoy,2022-02-01,overall,6.085
growth_yoy,2022-03-01,overall,5.116
growth_yoy,2022-04-01,overall,6.909
growth_yoy,2022-05-01,overall,8.801
growth_yoy,2022-06-01,overall,35.503
growth_yoy,2022-07-01,overall,30.915
growth_yoy,2022-08-01,overall,22.461
growth_yoy,2022-09-01,overall,11.177
growth_yoy,2022-10-01,overall,2.457
growth_yoy,2022-11-01,overall,4.276
growth_yoy,2022-12-01,overall,3.781
growth_yoy,2023-01-01,overall,2.736
growth_yoy,2023-02-01,overall,7.029
growth_yoy,2023-03-01,overall,5.046
growth_yoy,2023-04-01,overall,-2.065
growth_yoy,2023-05-01,overall,10.069
growth_yoy,2023-06-01,overall,4.141
growth_yoy,2023-07-01,overall,5.951
growth_yoy,2023-08-01,overall,4.195
growth_yoy,2023-09-01,overall,5.839
growth_yoy,2023-10-01,overall,6.69
growth_yoy,2023-11-01,overall,5.759
growth_yoy,2023-12-01,overall,4.206
growth_yoy,2024-01-01,overall,8.015
growth_yoy,2024-02-01,overall,4.118
growth_yoy,2024-03-01,overall,3.128
growth_yoy,2024-04-01,overall,9.536
growth_yoy,2024-05-01,overall,6.429
growth_yoy,2024-06-01,overall,4.568
growth_yoy,2024-07-01,overall,7.526
growth_yoy,2024-08-01,overall,7.128
growth_yoy,2024-09-01,overall,2.74
growth_yoy,2024-10-01,overall,3.298
growth_yoy,2024-11-01,overall,2.216
growth_yoy,2024-12-01,overall,3.734
growth_yoy,2025-01-01,overall,0.24
growth_yoy,2025-02-01,overall,2.871
growth_yoy,2025-03-01,overall,2.313
growth_yoy,2025-04-01,overall,3.925
growth_yoy,2025-05-01,overall,2.551
growth_yoy,2025-06-01,overall,5.076
growth_yoy,2025-07-01,overall,5.017
growth_yoy,2025-08-01,overall,3.762
growth_yoy,2025-09-01,overall,5.263
growth_yoy,2025-10-01,overall,4.932
growth_yoy,2025-11-01,overall,4.636
growth_yoy,2025-12-01,overall,5.246
growth_yoy,2026-01-01,overall,6.41
growth_yoy,2026-02-01,overall,2.679
growth_yoy,2026-03-01,overall,2.792
growth_yoy,2026-04-01,overall,7.991
growth_yoy,2026-05-01,overall,1.967
growth_yoy,2026-06-01,overall,6.404
growth_mom,2015-02-01,overall,-8.565
growth_mom,2015-03-01,overall,8.271
growth_mom,2015-04-01,overall,0.732
growth_mom,2015-05-01,overall,-1.757
growth_mom,2015-06-01,overall,2.755
growth_mom,2015-07-01,overall,-3.078
growth_mom,2015-08-01,overall,0.304
growth_mom,2015-09-01,overall,2.937
growth_mom,2015-10-01,overall,0.614
growth_mom,2015-11-01,overall,-2.142
growth_mom,2015-12-01,overall,3.553
growth_mom,2016-01-01,overall,1.882
growth_mom,2016-02-01,overall,-9.696
growth_mom,2016-03-01,overall,7.59
growth_mom,2016-04-01,overall,-1.473
growth_mom,2016-05-01,overall,-0.331
growth_mom,2016-06-01,overall,4.647
growth_mom,2016-07-01,overall,-3.922
growth_mom,2016-08-01,overall,1.572
growth_mom,2016-09-01,overall,1.256
growth_mom,2016-10-01,overall,-0.16
growth_mom,2016-11-01,overall,0.123
growth_mom,2016-12-01,overall,1.359
growth_mom,2017-01-01,overall,4.38
growth_mom,2017-02-01,overall,-7.44
growth_mom,2017-03-01,overall,6.92
growth_mom,2017-04-01,overall,-2.56
growth_mom,2017-05-01,overall,1.324
growth_mom,2017-06-01,overall,0.349
growth_mom,2017-07-01,overall,0.967
growth_mom,2017-08-01,overall,1.186
growth_mom,2017-09-01,overall,-1.038
growth_mom,2017-10-01,overall,-1.137
growth_mom,2017-11-01,overall,1.003
growth_mom,2017-12-01,overall,0.377
growth_mom,2018-01-01,overall,5.688
growth_mom,2018-02-01,overall,-9.652
growth_mom,2018-03-01,overall,8.816
growth_mom,2018-04-01,overall,-1.218
growth_mom,2018-05-01,overall,0.579
growth_mom,2018-06-01,overall,0.748
growth_mom,2018-07-01,overall,4.62
growth_mom,2018-08-01,overall,-1.704
growth_mom,2018-09-01,overall,-2.749
growth_mom,2018-10-01,overall,0.602
growth_mom,2018-11-01,overall,-0.392
growth_mom,2018-12-01,overall,1.113
growth_mom,2019-01-01,overall,3.455
growth_mom,2019-02-01,overall,-8.839
growth_mom,2019-03-01,overall,9.944
growth_mom,2019-04-01,overall,-0.902
growth_mom,2019-05-01,overall,0.439
growth_mom,2019-06-01,overall,0.529
growth_mom,2019-07-01,overall,3.919
growth_mom,2019-08-01,overall,0.306
growth_mom,2019-09-01,overall,-2.825
growth_mom,2019-10-01,overall,-2.192
growth_mom,2019-11-01,overall,1.007
growth_mom,2019-12-01,overall,1.733
growth_mom,2020-01-01,overall,2.547
growth_mom,2020-02-01,overall,-7.158
growth_mom,2020-03-01,overall,-5.079
growth_mom,2020-04-01,overall,-47.312
growth_mom,2020-05-01,overall,37.724
growth_mom,2020-06-01,overall,45.622
growth_mom,2020-07-01,overall,5.125
growth_mom,2020-08-01,overall,1.145
growth_mom,2020-09-01,overall,-0.604
growth_mom,2020-10-01,overall,-2.326
growth_mom,2020-11-01,overall,0.614
growth_mom,2020-12-01,overall,3.828
growth_mom,2021-01-01,overall,1.037
growth_mom,2021-02-01,overall,-6.874
growth_mom,2021-03-01,overall,5.753
growth_mom,2021-04-01,overall,-1.979
growth_mom,2021-05-01,overall,-7.904
growth_mom,2021-06-01,overall,-18.284
growth_mom,2021-07-01,overall,-0.039
growth_mom,2021-08-01,overall,15.815
growth_mom,2021-09-01,overall,13.137
growth_mom,2021-10-01,overall,6.118
growth_mom,2021-11-01,overall,2.749
growth_mom,2021-12-01,overall,0.878
growth_mom,2022-01-01,overall,2.191
growth_mom,2022-02-01,overall,-7.633
growth_mom,2022-03-01,overall,4.787
growth_mom,2022-04-01,overall,-0.307
growth_mom,2022-05-01,overall,-6.275
growth_mom,2022-06-01,overall,1.772
growth_mom,2022-07-01,overall,-3.424
growth_mom,2022-08-01,overall,8.336
growth_mom,2022-09-01,overall,2.712
growth_mom,2022-10-01,overall,-2.205
growth_mom,2022-11-01,overall,4.574
growth_mom,2022-12-01,overall,0.398
growth_mom,2023-01-01,overall,1.162
growth_mom,2023-02-01,overall,-3.773
growth_mom,2023-03-01,overall,2.846
growth_mom,2023-04-01,overall,-7.055
growth_mom,2023-05-01,overall,5.337
growth_mom,2023-06-01,overall,-3.709
growth_mom,2023-07-01,overall,-1.746
growth_mom,2023-08-01,overall,6.54
growth_mom,2023-09-01,overall,4.333
growth_mom,2023-10-01,overall,-1.419
growth_mom,2023-11-01,overall,3.662
growth_mom,2023-12-01,overall,-1.076
growth_mom,2024-01-01,overall,4.86
growth_mom,2024-02-01,overall,-7.245
growth_mom,2024-03-01,overall,1.868
growth_mom,2024-04-01,overall,-1.279
growth_mom,2024-05-01,overall,2.349
growth_mom,2024-06-01,overall,-5.393
growth_mom,2024-07-01,overall,1.033
growth_mom,2024-08-01,overall,6.145
growth_mom,2024-09-01,overall,0.06
growth_mom,2024-10-01,overall,-0.883
growth_mom,2024-11-01,overall,2.576
growth_mom,2024-12-01,overall,0.394
growth_mom,2025-01-01,overall,1.328
growth_mom,2025-02-01,overall,-4.81
growth_mom,2025-03-01,overall,1.315
growth_mom,2025-04-01,overall,0.276
growth_mom,2025-05-01,overall,0.996
growth_mom,2025-06-01,overall,-3.064
growth_mom,2025-07-01,overall,0.976
growth_mom,2025-08-01,overall,4.877
growth_mom,2025-09-01,overall,1.508
growth_mom,2025-10-01,overall,-1.195
growth_mom,2025-11-01,overall,2.287
growth_mom,2025-12-01,overall,0.978
growth_mom,2026-01-01,overall,2.449
growth_mom,2026-02-01,overall,-8.148
growth_mom,2026-03-01,overall,1.427
growth_mom,2026-04-01,overall,5.348
growth_mom,2026-05-01,overall,-4.637
growth_mom,2026-06-01,overall,1.154
abs,2015-01-01,10,104.486
abs,2015-02-01,10,93.863
abs,2015-03-01,10,95.295
abs,2015-04-01,10,99.641
abs,2015-05-01,10,97.649
abs,2015-06-01,10,96.47
abs,2015-07-01,10,96.734
abs,2015-08-01,10,98.269
abs,2015-09-01,10,102.889
abs,2015-10-01,10,102.567
abs,2015-11-01,10,103.407
abs,2015-12-01,10,108.73
abs,2016-01-01,10,108.415
abs,2016-02-01,10,99.952
abs,2016-03-01,10,103.288
abs,2016-04-01,10,106.148
abs,2016-05-01,10,105.079
abs,2016-06-01,10,104.468
abs,2016-07-01,10,103.289
abs,2016-08-01,10,106.366
abs,2016-09-01,10,105.234
abs,2016-10-01,10,105.604
abs,2016-11-01,10,108.905
abs,2016-12-01,10,112.054
abs,2017-01-01,10,112.6
abs,2017-02-01,10,110.424
abs,2017-03-01,10,110.6
abs,2017-04-01,10,112.371
abs,2017-05-01,10,113.607
abs,2017-06-01,10,109.116
abs,2017-07-01,10,115.315
abs,2017-08-01,10,114.31
abs,2017-09-01,10,109.28
abs,2017-10-01,10,109.388
abs,2017-11-01,10,111.235
abs,2017-12-01,10,114.056
abs,2018-01-01,10,120.424
abs,2018-02-01,10,114.019
abs,2018-03-01,10,113.321
abs,2018-04-01,10,119.408
abs,2018-05-01,10,120.495
abs,2018-06-01,10,117.082
abs,2018-07-01,10,133.914
abs,2018-08-01,10,123.706
abs,2018-09-01,10,117.419
abs,2018-10-01,10,116.57
abs,2018-11-01,10,115.139
abs,2018-12-01,10,123.494
abs,2019-01-01,10,114.496
abs,2019-02-01,10,112.013
abs,2019-03-01,10,122.165
abs,2019-04-01,10,128.341
abs,2019-05-01,10,129.657
abs,2019-06-01,10,124.444
abs,2019-07-01,10,137.431
abs,2019-08-01,10,141.942
abs,2019-09-01,10,136.436
abs,2019-10-01,10,122.063
abs,2019-11-01,10,126.031
abs,2019-12-01,10,137.697
abs,2020-01-01,10,132.148
abs,2020-02-01,10,125.038
abs,2020-03-01,10,120.914
abs,2020-04-01,10,130.056
abs,2020-05-01,10,132.798
abs,2020-06-01,10,134.954
abs,2020-07-01,10,143.28
abs,2020-08-01,10,146.74
abs,2020-09-01,10,145.038
abs,2020-10-01,10,127.938
abs,2020-11-01,10,126.186
abs,2020-12-01,10,142.96
abs,2021-01-01,10,140.428
abs,2021-02-01,10,133.268
abs,2021-03-01,10,136.953
abs,2021-04-01,10,149.691
abs,2021-05-01,10,143.428
abs,2021-06-01,10,145.043
abs,2021-07-01,10,150.312
abs,2021-08-01,10,161.795
abs,2021-09-01,10,163.157
abs,2021-10-01,10,144.011
abs,2021-11-01,10,145.942
abs,2021-12-01,10,156.121
abs,2022-01-01,10,156.006
abs,2022-02-01,10,140.524
abs,2022-03-01,10,150.773
abs,2022-04-01,10,165.088
abs,2022-05-01,10,159.735
abs,2022-06-01,10,159.306
abs,2022-07-01,10,165.632
abs,2022-08-01,10,176.652
abs,2022-09-01,10,176.794
abs,2022-10-01,10,155.268
abs,2022-11-01,10,157.813
abs,2022-12-01,10,161.424
abs,2023-01-01,10,158.381
abs,2023-02-01,10,153.056
abs,2023-03-01,10,154.536
abs,2023-04-01,10,157.042
abs,2023-05-01,10,173.698
abs,2023-06-01,10,168.498
abs,2023-07-01,10,177.276
abs,2023-08-01,10,186.702
abs,2023-09-01,10,191.359
abs,2023-10-01,10,169.797
abs,2023-11-01,10,174.946
abs,2023-12-01,10,171.453
abs,2024-01-01,10,171.901
abs,2024-02-01,10,156.294
abs,2024-03-01,10,161.021
abs,2024-04-01,10,165.633
abs,2024-05-01,10,181.243
abs,2024-06-01,10,175.01
abs,2024-07-01,10,184.787
abs,2024-08-01,10,194.843
abs,2024-09-01,10,198.104
abs,2024-10-01,10,177.428
abs,2024-11-01,10,184.736
abs,2024-12-01,10,185.962
abs,2025-01-01,10,183.912
abs,2025-02-01,10,169.757
abs,2025-03-01,10,173.504
abs,2025-04-01,10,179.241
abs,2025-05-01,10,199.937
abs,2025-06-01,10,194.793
abs,2025-07-01,10,204.484
abs,2025-08-01,10,213.684
abs,2025-09-01,10,215.976
abs,2025-10-01,10,192.903
abs,2025-11-01,10,202.375
abs,2025-12-01,10,201.732
abs,2026-01-01,10,200.235
abs,2026-02-01,10,183.94
abs,2026-03-01,10,186.053
abs,2026-04-01,10,194.596
abs,2026-05-01,10,207.344
abs,2026-06-01,10,207.109
growth_yoy,2016-01-01,10,3.76
growth_yoy,2016-02-01,10,6.487
growth_yoy,2016-03-01,10,8.388
growth_yoy,2016-04-01,10,6.53
growth_yoy,2016-05-01,10,7.61
growth_yoy,2016-06-01,10,8.29
growth_yoy,2016-07-01,10,6.776
growth_yoy,2016-08-01,10,8.24
growth_yoy,2016-09-01,10,2.279
growth_yoy,2016-10-01,10,2.961
growth_yoy,2016-11-01,10,5.316
growth_yoy,2016-12-01,10,3.057
growth_yoy,2017-01-01,10,3.86
growth_yoy,2017-02-01,10,10.477
growth_yoy,2017-03-01,10,7.079
growth_yoy,2017-04-01,10,5.863
growth_yoy,2017-05-01,10,8.116
growth_yoy,2017-06-01,10,4.449
growth_yoy,2017-07-01,10,11.643
growth_yoy,2017-08-01,10,7.469
growth_yoy,2017-09-01,10,3.844
growth_yoy,2017-10-01,10,3.584
growth_yoy,2017-11-01,10,2.14
growth_yoy,2017-12-01,10,1.787
growth_yoy,2018-01-01,10,6.949
growth_yoy,2018-02-01,10,3.255
growth_yoy,2018-03-01,10,2.46
growth_yoy,2018-04-01,10,6.262
growth_yoy,2018-05-01,10,6.062
growth_yoy,2018-06-01,10,7.3
growth_yoy,2018-07-01,10,16.129
growth_yoy,2018-08-01,10,8.219
growth_yoy,2018-09-01,10,7.448
growth_yoy,2018-10-01,10,6.566
growth_yoy,2018-11-01,10,3.51
growth_yoy,2018-12-01,10,8.275
growth_yoy,2019-01-01,10,-4.923
growth_yoy,2019-02-01,10,-1.759
growth_yoy,2019-03-01,10,7.805
growth_yoy,2019-04-01,10,7.481
growth_yoy,2019-05-01,10,7.604
growth_yoy,2019-06-01,10,6.289
growth_yoy,2019-07-01,10,2.626
growth_yoy,2019-08-01,10,14.741
growth_yoy,2019-09-01,10,16.196
growth_yoy,2019-10-01,10,4.712
growth_yoy,2019-11-01,10,9.459
growth_yoy,2019-12-01,10,11.502
growth_yoy,2020-01-01,10,15.417
growth_yoy,2020-02-01,10,11.628
growth_yoy,2020-03-01,10,-1.025
growth_yoy,2020-04-01,10,1.336
growth_yoy,2020-05-01,10,2.423
growth_yoy,2020-06-01,10,8.445
growth_yoy,2020-07-01,10,4.256
growth_yoy,2020-08-01,10,3.38
growth_yoy,2020-09-01,10,6.305
growth_yoy,2020-10-01,10,4.813
growth_yoy,2020-11-01,10,0.123
growth_yoy,2020-12-01,10,3.822
growth_yoy,2021-01-01,10,6.266
growth_yoy,2021-02-01,10,6.582
growth_yoy,2021-03-01,10,13.265
growth_yoy,2021-04-01,10,15.098
growth_yoy,2021-05-01,10,8.004
growth_yoy,2021-06-01,10,7.476
growth_yoy,2021-07-01,10,4.908
growth_yoy,2021-08-01,10,10.26
growth_yoy,2021-09-01,10,12.492
growth_yoy,2021-10-01,10,12.563
growth_yoy,2021-11-01,10,15.656
growth_yoy,2021-12-01,10,9.206
growth_yoy,2022-01-01,10,11.093
growth_yoy,2022-02-01,10,5.445
growth_yoy,2022-03-01,10,10.091
growth_yoy,2022-04-01,10,10.286
growth_yoy,2022-05-01,10,11.369
growth_yoy,2022-06-01,10,9.833
growth_yoy,2022-07-01,10,10.192
growth_yoy,2022-08-01,10,9.183
growth_yoy,2022-09-01,10,8.359
growth_yoy,2022-10-01,10,7.817
growth_yoy,2022-11-01,10,8.134
growth_yoy,2022-12-01,10,3.397
growth_yoy,2023-01-01,10,1.522
growth_yoy,2023-02-01,10,8.918
growth_yoy,2023-03-01,10,2.496
growth_yoy,2023-04-01,10,-4.874
growth_yoy,2023-05-01,10,8.742
growth_yoy,2023-06-01,10,5.77
growth_yoy,2023-07-01,10,7.03
growth_yoy,2023-08-01,10,5.689
growth_yoy,2023-09-01,10,8.238
growth_yoy,2023-10-01,10,9.357
growth_yoy,2023-11-01,10,10.857
growth_yoy,2023-12-01,10,6.213
growth_yoy,2024-01-01,10,8.536
growth_yoy,2024-02-01,10,2.116
growth_yoy,2024-03-01,10,4.196
growth_yoy,2024-04-01,10,5.471
growth_yoy,2024-05-01,10,4.344
growth_yoy,2024-06-01,10,3.865
growth_yoy,2024-07-01,10,4.237
growth_yoy,2024-08-01,10,4.36
growth_yoy,2024-09-01,10,3.524
growth_yoy,2024-10-01,10,4.494
growth_yoy,2024-11-01,10,5.596
growth_yoy,2024-12-01,10,8.462
growth_yoy,2025-01-01,10,6.988
growth_yoy,2025-02-01,10,8.614
growth_yoy,2025-03-01,10,7.753
growth_yoy,2025-04-01,10,8.216
growth_yoy,2025-05-01,10,10.314
growth_yoy,2025-06-01,10,11.304
growth_yoy,2025-07-01,10,10.659
growth_yoy,2025-08-01,10,9.67
growth_yoy,2025-09-01,10,9.022
growth_yoy,2025-10-01,10,8.722
growth_yoy,2025-11-01,10,9.548
growth_yoy,2025-12-01,10,8.48
growth_yoy,2026-01-01,10,8.875
growth_yoy,2026-02-01,10,8.355
growth_yoy,2026-03-01,10,7.233
growth_yoy,2026-04-01,10,8.566
growth_yoy,2026-05-01,10,3.705
growth_yoy,2026-06-01,10,6.323
growth_mom,2015-02-01,10,-10.166
growth_mom,2015-03-01,10,1.526
growth_mom,2015-04-01,10,4.56
growth_mom,2015-05-01,10,-1.999
growth_mom,2015-06-01,10,-1.207
growth_mom,2015-07-01,10,0.274
growth_mom,2015-08-01,10,1.587
growth_mom,2015-09-01,10,4.701
growth_mom,2015-10-01,10,-0.314
growth_mom,2015-11-01,10,0.82
growth_mom,2015-12-01,10,5.147
growth_mom,2016-01-01,10,-0.29
growth_mom,2016-02-01,10,-7.806
growth_mom,2016-03-01,10,3.338
growth_mom,2016-04-01,10,2.768
growth_mom,2016-05-01,10,-1.006
growth_mom,2016-06-01,10,-0.582
growth_mom,2016-07-01,10,-1.128
growth_mom,2016-08-01,10,2.979
growth_mom,2016-09-01,10,-1.064
growth_mom,2016-10-01,10,0.351
growth_mom,2016-11-01,10,3.126
growth_mom,2016-12-01,10,2.891
growth_mom,2017-01-01,10,0.487
growth_mom,2017-02-01,10,-1.932
growth_mom,2017-03-01,10,0.16
growth_mom,2017-04-01,10,1.601
growth_mom,2017-05-01,10,1.1
growth_mom,2017-06-01,10,-3.953
growth_mom,2017-07-01,10,5.681
growth_mom,2017-08-01,10,-0.871
growth_mom,2017-09-01,10,-4.401
growth_mom,2017-10-01,10,0.099
growth_mom,2017-11-01,10,1.689
growth_mom,2017-12-01,10,2.536
growth_mom,2018-01-01,10,5.584
growth_mom,2018-02-01,10,-5.319
growth_mom,2018-03-01,10,-0.612
growth_mom,2018-04-01,10,5.371
growth_mom,2018-05-01,10,0.91
growth_mom,2018-06-01,10,-2.832
growth_mom,2018-07-01,10,14.377
growth_mom,2018-08-01,10,-7.623
growth_mom,2018-09-01,10,-5.082
growth_mom,2018-10-01,10,-0.722
growth_mom,2018-11-01,10,-1.227
growth_mom,2018-12-01,10,7.256
growth_mom,2019-01-01,10,-7.286
growth_mom,2019-02-01,10,-2.168
growth_mom,2019-03-01,10,9.063
growth_mom,2019-04-01,10,5.055
growth_mom,2019-05-01,10,1.026
growth_mom,2019-06-01,10,-4.02
growth_mom,2019-07-01,10,10.436
growth_mom,2019-08-01,10,3.282
growth_mom,2019-09-01,10,-3.879
growth_mom,2019-10-01,10,-10.534
growth_mom,2019-11-01,10,3.25
growth_mom,2019-12-01,10,9.257
growth_mom,2020-01-01,10,-4.03
growth_mom,2020-02-01,10,-5.38
growth_mom,2020-03-01,10,-3.298
growth_mom,2020-04-01,10,7.561
growth_mom,2020-05-01,10,2.109
growth_mom,2020-06-01,10,1.623
growth_mom,2020-07-01,10,6.169
growth_mom,2020-08-01,10,2.415
growth_mom,2020-09-01,10,-1.159
growth_mom,2020-10-01,10,-11.79
growth_mom,2020-11-01,10,-1.37
growth_mom,2020-12-01,10,13.293
growth_mom,2021-01-01,10,-1.771
growth_mom,2021-02-01,10,-5.099
growth_mom,2021-03-01,10,2.765
growth_mom,2021-04-01,10,9.301
growth_mom,2021-05-01,10,-4.184
growth_mom,2021-06-01,10,1.126
growth_mom,2021-07-01,10,3.633
growth_mom,2021-08-01,10,7.639
growth_mom,2021-09-01,10,0.842
growth_mom,2021-10-01,10,-11.735
growth_mom,2021-11-01,10,1.341
growth_mom,2021-12-01,10,6.975
growth_mom,2022-01-01,10,-0.073
growth_mom,2022-02-01,10,-9.924
growth_mom,2022-03-01,10,7.294
growth_mom,2022-04-01,10,9.494
growth_mom,2022-05-01,10,-3.243
growth_mom,2022-06-01,10,-0.268
growth_mom,2022-07-01,10,3.971
growth_mom,2022-08-01,10,6.653
growth_mom,2022-09-01,10,0.081
growth_mom,2022-10-01,10,-12.176
growth_mom,2022-11-01,10,1.639
growth_mom,2022-12-01,10,2.288
growth_mom,2023-01-01,10,-1.885
growth_mom,2023-02-01,10,-3.362
growth_mom,2023-03-01,10,0.967
growth_mom,2023-04-01,10,1.621
growth_mom,2023-05-01,10,10.606
growth_mom,2023-06-01,10,-2.994
growth_mom,2023-07-01,10,5.209
growth_mom,2023-08-01,10,5.317
growth_mom,2023-09-01,10,2.495
growth_mom,2023-10-01,10,-11.268
growth_mom,2023-11-01,10,3.033
growth_mom,2023-12-01,10,-1.997
growth_mom,2024-01-01,10,0.261
growth_mom,2024-02-01,10,-9.079
growth_mom,2024-03-01,10,3.024
growth_mom,2024-04-01,10,2.864
growth_mom,2024-05-01,10,9.425
growth_mom,2024-06-01,10,-3.439
growth_mom,2024-07-01,10,5.586
growth_mom,2024-08-01,10,5.442
growth_mom,2024-09-01,10,1.674
growth_mom,2024-10-01,10,-10.437
growth_mom,2024-11-01,10,4.119
growth_mom,2024-12-01,10,0.663
growth_mom,2025-01-01,10,-1.102
growth_mom,2025-02-01,10,-7.697
growth_mom,2025-03-01,10,2.207
growth_mom,2025-04-01,10,3.307
growth_mom,2025-05-01,10,11.546
growth_mom,2025-06-01,10,-2.573
growth_mom,2025-07-01,10,4.975
growth_mom,2025-08-01,10,4.499
growth_mom,2025-09-01,10,1.073
growth_mom,2025-10-01,10,-10.683
growth_mom,2025-11-01,10,4.91
growth_mom,2025-12-01,10,-0.318
growth_mom,2026-01-01,10,-0.742
growth_mom,2026-02-01,10,-8.138
growth_mom,2026-03-01,10,1.148
growth_mom,2026-04-01,10,4.592
growth_mom,2026-05-01,10,6.551
growth_mom,2026-06-01,10,-0.113
abs,2015-01-01,11,96.593
abs,2015-02-01,11,79.891
abs,2015-03-01,11,92.564
abs,2015-04-01,11,98.172
abs,2015-05-01,11,100.548
abs,2015-06-01,11,104.822
abs,2015-07-01,11,102.203
abs,2015-08-01,11,97.629
abs,2015-09-01,11,100.758
abs,2015-10-01,11,106.207
abs,2015-11-01,11,107.998
abs,2015-12-01,11,112.614
abs,2016-01-01,11,109.776
abs,2016-02-01,11,87.404
abs,2016-03-01,11,94.655
abs,2016-04-01,11,102.085
abs,2016-05-01,11,110.062
abs,2016-06-01,11,118.283
abs,2016-07-01,11,111.125
abs,2016-08-01,11,110.0
abs,2016-09-01,11,114.451
abs,2016-10-01,11,119.5
abs,2016-11-01,11,118.692
abs,2016-12-01,11,123.314
abs,2017-01-01,11,115.58
abs,2017-02-01,11,102.355
abs,2017-03-01,11,112.349
abs,2017-04-01,11,111.834
abs,2017-05-01,11,123.028
abs,2017-06-01,11,127.426
abs,2017-07-01,11,120.653
abs,2017-08-01,11,122.276
abs,2017-09-01,11,120.999
abs,2017-10-01,11,127.449
abs,2017-11-01,11,126.359
abs,2017-12-01,11,129.082
abs,2018-01-01,11,119.058
abs,2018-02-01,11,104.277
abs,2018-03-01,11,114.985
abs,2018-04-01,11,120.485
abs,2018-05-01,11,127.967
abs,2018-06-01,11,132.612
abs,2018-07-01,11,125.199
abs,2018-08-01,11,126.472
abs,2018-09-01,11,126.166
abs,2018-10-01,11,128.795
abs,2018-11-01,11,127.568
abs,2018-12-01,11,130.768
abs,2019-01-01,11,121.821
abs,2019-02-01,11,107.152
abs,2019-03-01,11,116.113
abs,2019-04-01,11,124.074
abs,2019-05-01,11,132.424
abs,2019-06-01,11,136.656
abs,2019-07-01,11,128.615
abs,2019-08-01,11,134.067
abs,2019-09-01,11,126.624
abs,2019-10-01,11,128.922
abs,2019-11-01,11,133.965
abs,2019-12-01,11,135.608
abs,2020-01-01,11,123.08
abs,2020-02-01,11,112.595
abs,2020-03-01,11,106.774
abs,2020-04-01,11,66.712
abs,2020-05-01,11,78.854
abs,2020-06-01,11,97.508
abs,2020-07-01,11,110.947
abs,2020-08-01,11,120.126
abs,2020-09-01,11,119.532
abs,2020-10-01,11,119.582
abs,2020-11-01,11,118.237
abs,2020-12-01,11,130.619
abs,2021-01-01,11,120.128
abs,2021-02-01,11,111.908
abs,2021-03-01,11,116.736
abs,2021-04-01,11,136.063
abs,2021-05-01,11,117.92
abs,2021-06-01,11,82.992
abs,2021-07-01,11,87.995
abs,2021-08-01,11,119.987
abs,2021-09-01,11,127.112
abs,2021-10-01,11,137.123
abs,2021-11-01,11,132.938
abs,2021-12-01,11,142.393
abs,2022-01-01,11,129.359
abs,2022-02-01,11,120.975
abs,2022-03-01,11,124.995
abs,2022-04-01,11,150.621
abs,2022-05-01,11,129.584
abs,2022-06-01,11,132.749
abs,2022-07-01,11,132.765
abs,2022-08-01,11,137.849
abs,2022-09-01,11,142.121
abs,2022-10-01,11,138.657
abs,2022-11-01,11,140.116
abs,2022-12-01,11,143.442
abs,2023-01-01,11,127.233
abs,2023-02-01,11,118.172
abs,2023-03-01,11,124.157
abs,2023-04-01,11,142.38
abs,2023-05-01,11,143.938
abs,2023-06-01,11,134.9
abs,2023-07-01,11,135.297
abs,2023-08-01,11,138.19
abs,2023-09-01,11,142.969
abs,2023-10-01,11,145.619
abs,2023-11-01,11,146.222
abs,2023-12-01,11,152.996
abs,2024-01-01,11,136.389
abs,2024-02-01,11,122.639
abs,2024-03-01,11,131.898
abs,2024-04-01,11,150.314
abs,2024-05-01,11,150.685
abs,2024-06-01,11,145.551
abs,2024-07-01,11,144.411
abs,2024-08-01,11,148.412
abs,2024-09-01,11,153.07
abs,2024-10-01,11,152.598
abs,2024-11-01,11,160.523
abs,2024-12-01,11,171.025
abs,2025-01-01,11,143.182
abs,2025-02-01,11,130.202
abs,2025-03-01,11,140.153
abs,2025-04-01,11,159.41
abs,2025-05-01,11,161.471
abs,2025-06-01,11,160.682
abs,2025-07-01,11,160.86
abs,2025-08-01,11,167.839
abs,2025-09-01,11,175.056
abs,2025-10-01,11,176.811
abs,2025-11-01,11,177.026
abs,2025-12-01,11,184.863
abs,2026-01-01,11,159.569
abs,2026-02-01,11,144.678
abs,2026-03-01,11,152.93
abs,2026-04-01,11,179.12
abs,2026-05-01,11,170.164
abs,2026-06-01,11,170.401
growth_yoy,2016-01-01,11,13.647
growth_yoy,2016-02-01,11,9.405
growth_yoy,2016-03-01,11,2.26
growth_yoy,2016-04-01,11,3.985
growth_yoy,2016-05-01,11,9.463
growth_yoy,2016-06-01,11,12.841
growth_yoy,2016-07-01,11,8.73
growth_yoy,2016-08-01,11,12.671
growth_yoy,2016-09-01,11,13.59
growth_yoy,2016-10-01,11,12.516
growth_yoy,2016-11-01,11,9.902
growth_yoy,2016-12-01,11,9.501
growth_yoy,2017-01-01,11,5.287
growth_yoy,2017-02-01,11,17.105
growth_yoy,2017-03-01,11,18.692
growth_yoy,2017-04-01,11,9.55
growth_yoy,2017-05-01,11,11.78
growth_yoy,2017-06-01,11,7.73
growth_yoy,2017-07-01,11,8.574
growth_yoy,2017-08-01,11,11.16
growth_yoy,2017-09-01,11,5.722
growth_yoy,2017-10-01,11,6.652
growth_yoy,2017-11-01,11,6.46
growth_yoy,2017-12-01,11,4.678
growth_yoy,2018-01-01,11,3.009
growth_yoy,2018-02-01,11,1.878
growth_yoy,2018-03-01,11,2.347
growth_yoy,2018-04-01,11,7.735
growth_yoy,2018-05-01,11,4.014
growth_yoy,2018-06-01,11,4.07
growth_yoy,2018-07-01,11,3.768
growth_yoy,2018-08-01,11,3.431
growth_yoy,2018-09-01,11,4.27
growth_yoy,2018-10-01,11,1.056
growth_yoy,2018-11-01,11,0.956
growth_yoy,2018-12-01,11,1.306
growth_yoy,2019-01-01,11,2.321
growth_yoy,2019-02-01,11,2.757
growth_yoy,2019-03-01,11,0.981
growth_yoy,2019-04-01,11,2.979
growth_yoy,2019-05-01,11,3.483
growth_yoy,2019-06-01,11,3.05
growth_yoy,2019-07-01,11,2.729
growth_yoy,2019-08-01,11,6.005
growth_yoy,2019-09-01,11,0.363
growth_yoy,2019-10-01,11,0.099
growth_yoy,2019-11-01,11,5.015
growth_yoy,2019-12-01,11,3.701
growth_yoy,2020-01-01,11,1.033
growth_yoy,2020-02-01,11,5.08
growth_yoy,2020-03-01,11,-8.043
growth_yoy,2020-04-01,11,-46.232
growth_yoy,2020-05-01,11,-40.453
growth_yoy,2020-06-01,11,-28.648
growth_yoy,2020-07-01,11,-13.738
growth_yoy,2020-08-01,11,-10.398
growth_yoy,2020-09-01,11,-5.601
growth_yoy,2020-10-01,11,-7.245
growth_yoy,2020-11-01,11,-11.74
growth_yoy,2020-12-01,11,-3.679
growth_yoy,2021-01-01,11,-2.399
growth_yoy,2021-02-01,11,-0.61
growth_yoy,2021-03-01,11,9.33
growth_yoy,2021-04-01,11,103.956
growth_yoy,2021-05-01,11,49.542
growth_yoy,2021-06-01,11,-14.887
growth_yoy,2021-07-01,11,-20.687
growth_yoy,2021-08-01,11,-0.116
growth_yoy,2021-09-01,11,6.342
growth_yoy,2021-10-01,11,14.669
growth_yoy,2021-11-01,11,12.434
growth_yoy,2021-12-01,11,9.013
growth_yoy,2022-01-01,11,7.685
growth_yoy,2022-02-01,11,8.103
growth_yoy,2022-03-01,11,7.075
growth_yoy,2022-04-01,11,10.7
growth_yoy,2022-05-01,11,9.891
growth_yoy,2022-06-01,11,59.954
growth_yoy,2022-07-01,11,50.879
growth_yoy,2022-08-01,11,14.886
growth_yoy,2022-09-01,11,11.808
growth_yoy,2022-10-01,11,1.119
growth_yoy,2022-11-01,11,5.399
growth_yoy,2022-12-01,11,0.737
growth_yoy,2023-01-01,11,-1.643
growth_yoy,2023-02-01,11,-2.317
growth_yoy,2023-03-01,11,-0.671
growth_yoy,2023-04-01,11,-5.472
growth_yoy,2023-05-01,11,11.077
growth_yoy,2023-06-01,11,1.62
growth_yoy,2023-07-01,11,1.907
growth_yoy,2023-08-01,11,0.248
growth_yoy,2023-09-01,11,0.596
growth_yoy,2023-10-01,11,5.021
growth_yoy,2023-11-01,11,4.358
growth_yoy,2023-12-01,11,6.661
growth_yoy,2024-01-01,11,7.196
growth_yoy,2024-02-01,11,3.78
growth_yoy,2024-03-01,11,6.235
growth_yoy,2024-04-01,11,5.572
growth_yoy,2024-05-01,11,4.688
growth_yoy,2024-06-01,11,7.895
growth_yoy,2024-07-01,11,6.736
growth_yoy,2024-08-01,11,7.397
growth_yoy,2024-09-01,11,7.066
growth_yoy,2024-10-01,11,4.793
growth_yoy,2024-11-01,11,9.78
growth_yoy,2024-12-01,11,11.784
growth_yoy,2025-01-01,11,4.98
growth_yoy,2025-02-01,11,6.167
growth_yoy,2025-03-01,11,6.259
growth_yoy,2025-04-01,11,6.052
growth_yoy,2025-05-01,11,7.158
growth_yoy,2025-06-01,11,10.396
growth_yoy,2025-07-01,11,11.39
growth_yoy,2025-08-01,11,13.09
growth_yoy,2025-09-01,11,14.363
growth_yoy,2025-10-01,11,15.867
growth_yoy,2025-11-01,11,10.281
growth_yoy,2025-12-01,11,8.091
growth_yoy,2026-01-01,11,11.445
growth_yoy,2026-02-01,11,11.118
growth_yoy,2026-03-01,11,9.116
growth_yoy,2026-04-01,11,12.364
growth_yoy,2026-05-01,11,5.384
growth_yoy,2026-06-01,11,6.049
growth_mom,2015-02-01,11,-17.292
growth_mom,2015-03-01,11,15.863
growth_mom,2015-04-01,11,6.059
growth_mom,2015-05-01,11,2.42
growth_mom,2015-06-01,11,4.251
growth_mom,2015-07-01,11,-2.499
growth_mom,2015-08-01,11,-4.475
growth_mom,2015-09-01,11,3.205
growth_mom,2015-10-01,11,5.408
growth_mom,2015-11-01,11,1.686
growth_mom,2015-12-01,11,4.274
growth_mom,2016-01-01,11,-2.52
growth_mom,2016-02-01,11,-20.38
growth_mom,2016-03-01,11,8.297
growth_mom,2016-04-01,11,7.849
growth_mom,2016-05-01,11,7.815
growth_mom,2016-06-01,11,7.469
growth_mom,2016-07-01,11,-6.051
growth_mom,2016-08-01,11,-1.012
growth_mom,2016-09-01,11,4.046
growth_mom,2016-10-01,11,4.412
growth_mom,2016-11-01,11,-0.676
growth_mom,2016-12-01,11,3.894
growth_mom,2017-01-01,11,-6.272
growth_mom,2017-02-01,11,-11.442
growth_mom,2017-03-01,11,9.764
growth_mom,2017-04-01,11,-0.458
growth_mom,2017-05-01,11,10.009
growth_mom,2017-06-01,11,3.575
growth_mom,2017-07-01,11,-5.316
growth_mom,2017-08-01,11,1.346
growth_mom,2017-09-01,11,-1.045
growth_mom,2017-10-01,11,5.33
growth_mom,2017-11-01,11,-0.855
growth_mom,2017-12-01,11,2.155
growth_mom,2018-01-01,11,-7.766
growth_mom,2018-02-01,11,-12.415
growth_mom,2018-03-01,11,10.269
growth_mom,2018-04-01,11,4.783
growth_mom,2018-05-01,11,6.21
growth_mom,2018-06-01,11,3.63
growth_mom,2018-07-01,11,-5.59
growth_mom,2018-08-01,11,1.017
growth_mom,2018-09-01,11,-0.242
growth_mom,2018-10-01,11,2.084
growth_mom,2018-11-01,11,-0.953
growth_mom,2018-12-01,11,2.509
growth_mom,2019-01-01,11,-6.842
growth_mom,2019-02-01,11,-12.042
growth_mom,2019-03-01,11,8.363
growth_mom,2019-04-01,11,6.856
growth_mom,2019-05-01,11,6.73
growth_mom,2019-06-01,11,3.196
growth_mom,2019-07-01,11,-5.884
growth_mom,2019-08-01,11,4.238
growth_mom,2019-09-01,11,-5.552
growth_mom,2019-10-01,11,1.815
growth_mom,2019-11-01,11,3.912
growth_mom,2019-12-01,11,1.226
growth_mom,2020-01-01,11,-9.238
growth_mom,2020-02-01,11,-8.519
growth_mom,2020-03-01,11,-5.17
growth_mom,2020-04-01,11,-37.521
growth_mom,2020-05-01,11,18.201
growth_mom,2020-06-01,11,23.656
growth_mom,2020-07-01,11,13.782
growth_mom,2020-08-01,11,8.274
growth_mom,2020-09-01,11,-0.495
growth_mom,2020-10-01,11,0.042
growth_mom,2020-11-01,11,-1.124
growth_mom,2020-12-01,11,10.473
growth_mom,2021-01-01,11,-8.032
growth_mom,2021-02-01,11,-6.843
growth_mom,2021-03-01,11,4.314
growth_mom,2021-04-01,11,16.556
growth_mom,2021-05-01,11,-13.334
growth_mom,2021-06-01,11,-29.62
growth_mom,2021-07-01,11,6.028
growth_mom,2021-08-01,11,36.358
growth_mom,2021-09-01,11,5.938
growth_mom,2021-10-01,11,7.875
growth_mom,2021-11-01,11,-3.052
growth_mom,2021-12-01,11,7.112
growth_mom,2022-01-01,11,-9.153
growth_mom,2022-02-01,11,-6.481
growth_mom,2022-03-01,11,3.323
growth_mom,2022-04-01,11,20.502
growth_mom,2022-05-01,11,-13.967
growth_mom,2022-06-01,11,2.443
growth_mom,2022-07-01,11,0.012
growth_mom,2022-08-01,11,3.829
growth_mom,2022-09-01,11,3.099
growth_mom,2022-10-01,11,-2.437
growth_mom,2022-11-01,11,1.052
growth_mom,2022-12-01,11,2.374
growth_mom,2023-01-01,11,-11.3
growth_mom,2023-02-01,11,-7.122
growth_mom,2023-03-01,11,5.065
growth_mom,2023-04-01,11,14.677
growth_mom,2023-05-01,11,1.094
growth_mom,2023-06-01,11,-6.279
growth_mom,2023-07-01,11,0.294
growth_mom,2023-08-01,11,2.138
growth_mom,2023-09-01,11,3.458
growth_mom,2023-10-01,11,1.854
growth_mom,2023-11-01,11,0.414
growth_mom,2023-12-01,11,4.633
growth_mom,2024-01-01,11,-10.854
growth_mom,2024-02-01,11,-10.082
growth_mom,2024-03-01,11,7.55
growth_mom,2024-04-01,11,13.962
growth_mom,2024-05-01,11,0.247
growth_mom,2024-06-01,11,-3.408
growth_mom,2024-07-01,11,-0.783
growth_mom,2024-08-01,11,2.771
growth_mom,2024-09-01,11,3.138
growth_mom,2024-10-01,11,-0.308
growth_mom,2024-11-01,11,5.193
growth_mom,2024-12-01,11,6.543
growth_mom,2025-01-01,11,-16.28
growth_mom,2025-02-01,11,-9.066
growth_mom,2025-03-01,11,7.643
growth_mom,2025-04-01,11,13.74
growth_mom,2025-05-01,11,1.293
growth_mom,2025-06-01,11,-0.488
growth_mom,2025-07-01,11,0.11
growth_mom,2025-08-01,11,4.339
growth_mom,2025-09-01,11,4.3
growth_mom,2025-10-01,11,1.003
growth_mom,2025-11-01,11,0.121
growth_mom,2025-12-01,11,4.427
growth_mom,2026-01-01,11,-13.682
growth_mom,2026-02-01,11,-9.332
growth_mom,2026-03-01,11,5.704
growth_mom,2026-04-01,11,17.125
growth_mom,2026-05-01,11,-5.0
growth_mom,2026-06-01,11,0.139
abs,2015-01-01,12,98.093
abs,2015-02-01,12,99.136
abs,2015-03-01,12,101.326
abs,2015-04-01,12,97.64
abs,2015-05-01,12,101.393
abs,2015-06-01,12,103.541
abs,2015-07-01,12,99.858
abs,2015-08-01,12,108.174
abs,2015-09-01,12,101.269
abs,2015-10-01,12,103.317
abs,2015-11-01,12,90.032
abs,2015-12-01,12,96.221
abs,2016-01-01,12,106.866
abs,2016-02-01,12,106.774
abs,2016-03-01,12,108.075
abs,2016-04-01,12,103.088
abs,2016-05-01,12,105.062
abs,2016-06-01,12,107.98
abs,2016-07-01,12,101.961
abs,2016-08-01,12,109.947
abs,2016-09-01,12,103.809
abs,2016-10-01,12,95.165
abs,2016-11-01,12,93.117
abs,2016-12-01,12,96.947
abs,2017-01-01,12,109.702
abs,2017-02-01,12,109.32
abs,2017-03-01,12,111.644
abs,2017-04-01,12,105.249
abs,2017-05-01,12,107.728
abs,2017-06-01,12,110.183
abs,2017-07-01,12,104.583
abs,2017-08-01,12,107.456
abs,2017-09-01,12,99.84
abs,2017-10-01,12,95.616
abs,2017-11-01,12,103.674
abs,2017-12-01,12,99.253
abs,2018-01-01,12,110.074
abs,2018-02-01,12,109.528
abs,2018-03-01,12,110.306
abs,2018-04-01,12,106.851
abs,2018-05-01,12,109.588
abs,2018-06-01,12,112.269
abs,2018-07-01,12,107.345
abs,2018-08-01,12,109.902
abs,2018-09-01,12,103.183
abs,2018-10-01,12,100.92
abs,2018-11-01,12,102.068
abs,2018-12-01,12,105.493
abs,2019-01-01,12,117.289
abs,2019-02-01,12,116.937
abs,2019-03-01,12,122.327
abs,2019-04-01,12,115.601
abs,2019-05-01,12,114.735
abs,2019-06-01,12,117.127
abs,2019-07-01,12,111.446
abs,2019-08-01,12,114.648
abs,2019-09-01,12,108.843
abs,2019-10-01,12,104.496
abs,2019-11-01,12,106.185
abs,2019-12-01,12,113.192
abs,2020-01-01,12,115.301
abs,2020-02-01,12,122.236
abs,2020-03-01,12,107.222
abs,2020-04-01,12,2.612
abs,2020-05-01,12,19.831
abs,2020-06-01,12,84.852
abs,2020-07-01,12,117.806
abs,2020-08-01,12,117.092
abs,2020-09-01,12,117.152
abs,2020-10-01,12,109.767
abs,2020-11-01,12,112.169
abs,2020-12-01,12,119.298
abs,2021-01-01,12,122.074
abs,2021-02-01,12,125.48
abs,2021-03-01,12,120.162
abs,2021-04-01,12,106.057
abs,2021-05-01,12,99.394
abs,2021-06-01,12,3.143
abs,2021-07-01,12,2.421
abs,2021-08-01,12,2.384
abs,2021-09-01,12,59.243
abs,2021-10-01,12,118.393
abs,2021-11-01,12,117.947
abs,2021-12-01,12,126.893
abs,2022-01-01,12,123.71
abs,2022-02-01,12,137.073
abs,2022-03-01,12,122.158
abs,2022-04-01,12,118.556
abs,2022-05-01,12,103.97
abs,2022-06-01,12,90.047
abs,2022-07-01,12,67.768
abs,2022-08-01,12,69.459
abs,2022-09-01,12,77.012
abs,2022-10-01,12,85.098
abs,2022-11-01,12,119.86
abs,2022-12-01,12,111.125
abs,2023-01-01,12,147.861
abs,2023-02-01,12,142.368
abs,2023-03-01,12,151.915
abs,2023-04-01,12,126.151
abs,2023-05-01,12,141.624
abs,2023-06-01,12,107.928
abs,2023-07-01,12,79.435
abs,2023-08-01,12,77.881
abs,2023-09-01,12,86.609
abs,2023-10-01,12,93.559
abs,2023-11-01,12,124.353
abs,2023-12-01,12,116.517
abs,2024-01-01,12,154.037
abs,2024-02-01,12,157.526
abs,2024-03-01,12,164.818
abs,2024-04-01,12,137.763
abs,2024-05-01,12,151.918
abs,2024-06-01,12,128.204
abs,2024-07-01,12,98.021
abs,2024-08-01,12,89.767
abs,2024-09-01,12,95.611
abs,2024-10-01,12,101.458
abs,2024-11-01,12,130.891
abs,2024-12-01,12,125.284
abs,2025-01-01,12,156.517
abs,2025-02-01,12,159.77
abs,2025-03-01,12,161.566
abs,2025-04-01,12,136.144
abs,2025-05-01,12,149.986
abs,2025-06-01,12,130.23
abs,2025-07-01,12,99.237
abs,2025-08-01,12,91.01
abs,2025-09-01,12,98.525
abs,2025-10-01,12,102.637
abs,2025-11-01,12,136.583
abs,2025-12-01,12,127.972
abs,2026-01-01,12,161.376
abs,2026-02-01,12,162.778
abs,2026-03-01,12,167.377
abs,2026-04-01,12,142.697
abs,2026-05-01,12,157.861
abs,2026-06-01,12,134.414
growth_yoy,2016-01-01,12,8.944
growth_yoy,2016-02-01,12,7.704
growth_yoy,2016-03-01,12,6.661
growth_yoy,2016-04-01,12,5.58
growth_yoy,2016-05-01,12,3.619
growth_yoy,2016-06-01,12,4.287
growth_yoy,2016-07-01,12,2.106
growth_yoy,2016-08-01,12,1.639
growth_yoy,2016-09-01,12,2.508
growth_yoy,2016-10-01,12,-7.89
growth_yoy,2016-11-01,12,3.426
growth_yoy,2016-12-01,12,0.754
growth_yoy,2017-01-01,12,2.654
growth_yoy,2017-02-01,12,2.384
growth_yoy,2017-03-01,12,3.302
growth_yoy,2017-04-01,12,2.096
growth_yoy,2017-05-01,12,2.538
growth_yoy,2017-06-01,12,2.04
growth_yoy,2017-07-01,12,2.572
growth_yoy,2017-08-01,12,-2.266
growth_yoy,2017-09-01,12,-3.823
growth_yoy,2017-10-01,12,0.474
growth_yoy,2017-11-01,12,11.337
growth_yoy,2017-12-01,12,2.379
growth_yoy,2018-01-01,12,0.34
growth_yoy,2018-02-01,12,0.19
growth_yoy,2018-03-01,12,-1.199
growth_yoy,2018-04-01,12,1.522
growth_yoy,2018-05-01,12,1.727
growth_yoy,2018-06-01,12,1.893
growth_yoy,2018-07-01,12,2.641
growth_yoy,2018-08-01,12,2.276
growth_yoy,2018-09-01,12,3.348
growth_yoy,2018-10-01,12,5.547
growth_yoy,2018-11-01,12,-1.549
growth_yoy,2018-12-01,12,6.287
growth_yoy,2019-01-01,12,6.554
growth_yoy,2019-02-01,12,6.765
growth_yoy,2019-03-01,12,10.898
growth_yoy,2019-04-01,12,8.189
growth_yoy,2019-05-01,12,4.696
growth_yoy,2019-06-01,12,4.327
growth_yoy,2019-07-01,12,3.821
growth_yoy,2019-08-01,12,4.319
growth_yoy,2019-09-01,12,5.485
growth_yoy,2019-10-01,12,3.543
growth_yoy,2019-11-01,12,4.033
growth_yoy,2019-12-01,12,7.298
growth_yoy,2020-01-01,12,-1.695
growth_yoy,2020-02-01,12,4.532
growth_yoy,2020-03-01,12,-12.348
growth_yoy,2020-04-01,12,-97.74
growth_yoy,2020-05-01,12,-82.716
growth_yoy,2020-06-01,12,-27.555
growth_yoy,2020-07-01,12,5.706
growth_yoy,2020-08-01,12,2.132
growth_yoy,2020-09-01,12,7.634
growth_yoy,2020-10-01,12,5.045
growth_yoy,2020-11-01,12,5.636
growth_yoy,2020-12-01,12,5.395
growth_yoy,2021-01-01,12,5.874
growth_yoy,2021-02-01,12,2.654
growth_yoy,2021-03-01,12,12.069
growth_yoy,2021-04-01,12,3960.1
growth_yoy,2021-05-01,12,401.2
growth_yoy,2021-06-01,12,-96.296
growth_yoy,2021-07-01,12,-97.945
growth_yoy,2021-08-01,12,-97.964
growth_yoy,2021-09-01,12,-49.43
growth_yoy,2021-10-01,12,7.858
growth_yoy,2021-11-01,12,5.151
growth_yoy,2021-12-01,12,6.367
growth_yoy,2022-01-01,12,1.34
growth_yoy,2022-02-01,12,9.239
growth_yoy,2022-03-01,12,1.661
growth_yoy,2022-04-01,12,11.785
growth_yoy,2022-05-01,12,4.603
growth_yoy,2022-06-01,12,2765.027
growth_yoy,2022-07-01,12,2699.182
growth_yoy,2022-08-01,12,2813.577
growth_yoy,2022-09-01,12,29.993
growth_yoy,2022-10-01,12,-28.122
growth_yoy,2022-11-01,12,1.622
growth_yoy,2022-12-01,12,-12.427
growth_yoy,2023-01-01,12,19.522
growth_yoy,2023-02-01,12,3.863
growth_yoy,2023-03-01,12,24.359
growth_yoy,2023-04-01,12,6.406
growth_yoy,2023-05-01,12,36.217
growth_yoy,2023-06-01,12,19.857
growth_yoy,2023-07-01,12,17.216
growth_yoy,2023-08-01,12,12.126
growth_yoy,2023-09-01,12,12.462
growth_yoy,2023-10-01,12,9.942
growth_yoy,2023-11-01,12,3.749
growth_yoy,2023-12-01,12,4.853
growth_yoy,2024-01-01,12,4.176
growth_yoy,2024-02-01,12,10.647
growth_yoy,2024-03-01,12,8.494
growth_yoy,2024-04-01,12,9.205
growth_yoy,2024-05-01,12,7.268
growth_yoy,2024-06-01,12,18.786
growth_yoy,2024-07-01,12,23.397
growth_yoy,2024-08-01,12,15.262
growth_yoy,2024-09-01,12,10.394
growth_yoy,2024-10-01,12,8.442
growth_yoy,2024-11-01,12,5.258
growth_yoy,2024-12-01,12,7.523
growth_yoy,2025-01-01,12,1.61
growth_yoy,2025-02-01,12,1.425
growth_yoy,2025-03-01,12,-1.973
growth_yoy,2025-04-01,12,-1.175
growth_yoy,2025-05-01,12,-1.272
growth_yoy,2025-06-01,12,1.581
growth_yoy,2025-07-01,12,1.241
growth_yoy,2025-08-01,12,1.384
growth_yoy,2025-09-01,12,3.048
growth_yoy,2025-10-01,12,1.162
growth_yoy,2025-11-01,12,4.349
growth_yoy,2025-12-01,12,2.146
growth_yoy,2026-01-01,12,3.105
growth_yoy,2026-02-01,12,1.883
growth_yoy,2026-03-01,12,3.596
growth_yoy,2026-04-01,12,4.813
growth_yoy,2026-05-01,12,5.25
growth_yoy,2026-06-01,12,3.213
growth_mom,2015-02-01,12,1.064
growth_mom,2015-03-01,12,2.208
growth_mom,2015-04-01,12,-3.638
growth_mom,2015-05-01,12,3.844
growth_mom,2015-06-01,12,2.119
growth_mom,2015-07-01,12,-3.557
growth_mom,2015-08-01,12,8.327
growth_mom,2015-09-01,12,-6.383
growth_mom,2015-10-01,12,2.022
growth_mom,2015-11-01,12,-12.858
growth_mom,2015-12-01,12,6.874
growth_mom,2016-01-01,12,11.063
growth_mom,2016-02-01,12,-0.086
growth_mom,2016-03-01,12,1.218
growth_mom,2016-04-01,12,-4.614
growth_mom,2016-05-01,12,1.915
growth_mom,2016-06-01,12,2.777
growth_mom,2016-07-01,12,-5.574
growth_mom,2016-08-01,12,7.832
growth_mom,2016-09-01,12,-5.583
growth_mom,2016-10-01,12,-8.327
growth_mom,2016-11-01,12,-2.152
growth_mom,2016-12-01,12,4.113
growth_mom,2017-01-01,12,13.157
growth_mom,2017-02-01,12,-0.348
growth_mom,2017-03-01,12,2.126
growth_mom,2017-04-01,12,-5.728
growth_mom,2017-05-01,12,2.355
growth_mom,2017-06-01,12,2.279
growth_mom,2017-07-01,12,-5.082
growth_mom,2017-08-01,12,2.747
growth_mom,2017-09-01,12,-7.088
growth_mom,2017-10-01,12,-4.23
growth_mom,2017-11-01,12,8.427
growth_mom,2017-12-01,12,-4.264
growth_mom,2018-01-01,12,10.903
growth_mom,2018-02-01,12,-0.497
growth_mom,2018-03-01,12,0.71
growth_mom,2018-04-01,12,-3.132
growth_mom,2018-05-01,12,2.562
growth_mom,2018-06-01,12,2.446
growth_mom,2018-07-01,12,-4.386
growth_mom,2018-08-01,12,2.382
growth_mom,2018-09-01,12,-6.113
growth_mom,2018-10-01,12,-2.193
growth_mom,2018-11-01,12,1.137
growth_mom,2018-12-01,12,3.356
growth_mom,2019-01-01,12,11.182
growth_mom,2019-02-01,12,-0.3
growth_mom,2019-03-01,12,4.61
growth_mom,2019-04-01,12,-5.499
growth_mom,2019-05-01,12,-0.749
growth_mom,2019-06-01,12,2.085
growth_mom,2019-07-01,12,-4.85
growth_mom,2019-08-01,12,2.873
growth_mom,2019-09-01,12,-5.063
growth_mom,2019-10-01,12,-3.994
growth_mom,2019-11-01,12,1.616
growth_mom,2019-12-01,12,6.599
growth_mom,2020-01-01,12,1.864
growth_mom,2020-02-01,12,6.015
growth_mom,2020-03-01,12,-12.283
growth_mom,2020-04-01,12,-97.564
growth_mom,2020-05-01,12,659.183
growth_mom,2020-06-01,12,327.872
growth_mom,2020-07-01,12,38.836
growth_mom,2020-08-01,12,-0.606
growth_mom,2020-09-01,12,0.051
growth_mom,2020-10-01,12,-6.304
growth_mom,2020-11-01,12,2.188
growth_mom,2020-12-01,12,6.355
growth_mom,2021-01-01,12,2.327
growth_mom,2021-02-01,12,2.791
growth_mom,2021-03-01,12,-4.238
growth_mom,2021-04-01,12,-11.738
growth_mom,2021-05-01,12,-6.282
growth_mom,2021-06-01,12,-96.838
growth_mom,2021-07-01,12,-22.971
growth_mom,2021-08-01,12,-1.529
growth_mom,2021-09-01,12,2385.057
growth_mom,2021-10-01,12,99.842
growth_mom,2021-11-01,12,-0.377
growth_mom,2021-12-01,12,7.585
growth_mom,2022-01-01,12,-2.508
growth_mom,2022-02-01,12,10.802
growth_mom,2022-03-01,12,-10.881
growth_mom,2022-04-01,12,-2.949
growth_mom,2022-05-01,12,-12.304
growth_mom,2022-06-01,12,-13.391
growth_mom,2022-07-01,12,-24.741
growth_mom,2022-08-01,12,2.495
growth_mom,2022-09-01,12,10.874
growth_mom,2022-10-01,12,10.5
growth_mom,2022-11-01,12,40.849
growth_mom,2022-12-01,12,-7.288
growth_mom,2023-01-01,12,33.059
growth_mom,2023-02-01,12,-3.715
growth_mom,2023-03-01,12,6.706
growth_mom,2023-04-01,12,-16.96
growth_mom,2023-05-01,12,12.265
growth_mom,2023-06-01,12,-23.793
growth_mom,2023-07-01,12,-26.4
growth_mom,2023-08-01,12,-1.956
growth_mom,2023-09-01,12,11.206
growth_mom,2023-10-01,12,8.025
growth_mom,2023-11-01,12,32.914
growth_mom,2023-12-01,12,-6.301
growth_mom,2024-01-01,12,32.2
growth_mom,2024-02-01,12,2.265
growth_mom,2024-03-01,12,4.63
growth_mom,2024-04-01,12,-16.415
growth_mom,2024-05-01,12,10.275
growth_mom,2024-06-01,12,-15.61
growth_mom,2024-07-01,12,-23.543
growth_mom,2024-08-01,12,-8.42
growth_mom,2024-09-01,12,6.51
growth_mom,2024-10-01,12,6.115
growth_mom,2024-11-01,12,29.01
growth_mom,2024-12-01,12,-4.284
growth_mom,2025-01-01,12,24.93
growth_mom,2025-02-01,12,2.078
growth_mom,2025-03-01,12,1.124
growth_mom,2025-04-01,12,-15.735
growth_mom,2025-05-01,12,10.167
growth_mom,2025-06-01,12,-13.172
growth_mom,2025-07-01,12,-23.798
growth_mom,2025-08-01,12,-8.291
growth_mom,2025-09-01,12,8.258
growth_mom,2025-10-01,12,4.173
growth_mom,2025-11-01,12,33.074
growth_mom,2025-12-01,12,-6.305
growth_mom,2026-01-01,12,26.103
growth_mom,2026-02-01,12,0.869
growth_mom,2026-03-01,12,2.825
growth_mom,2026-04-01,12,-14.745
growth_mom,2026-05-01,12,10.627
growth_mom,2026-06-01,12,-14.853
abs,2015-01-01,15,97.33
abs,2015-02-01,15,89.574
abs,2015-03-01,15,95.227
abs,2015-04-01,15,98.13
abs,2015-05-01,15,106.663
abs,2015-06-01,15,104.001
abs,2015-07-01,15,98.708
abs,2015-08-01,15,95.752
abs,2015-09-01,15,96.263
abs,2015-10-01,15,93.691
abs,2015-11-01,15,108.917
abs,2015-12-01,15,115.745
abs,2016-01-01,15,111.303
abs,2016-02-01,15,105.578
abs,2016-03-01,15,113.418
abs,2016-04-01,15,109.927
abs,2016-05-01,15,114.939
abs,2016-06-01,15,108.646
abs,2016-07-01,15,105.48
abs,2016-08-01,15,105.276
abs,2016-09-01,15,99.838
abs,2016-10-01,15,98.016
abs,2016-11-01,15,113.539
abs,2016-12-01,15,115.798
abs,2017-01-01,15,124.618
abs,2017-02-01,15,114.532
abs,2017-03-01,15,120.085
abs,2017-04-01,15,120.133
abs,2017-05-01,15,125.437
abs,2017-06-01,15,111.306
abs,2017-07-01,15,111.079
abs,2017-08-01,15,110.004
abs,2017-09-01,15,106.419
abs,2017-10-01,15,103.67
abs,2017-11-01,15,117.822
abs,2017-12-01,15,120.471
abs,2018-01-01,15,129.534
abs,2018-02-01,15,118.651
abs,2018-03-01,15,127.003
abs,2018-04-01,15,127.488
abs,2018-05-01,15,130.229
abs,2018-06-01,15,117.837
abs,2018-07-01,15,115.228
abs,2018-08-01,15,112.489
abs,2018-09-01,15,111.337
abs,2018-10-01,15,107.192
abs,2018-11-01,15,118.735
abs,2018-12-01,15,122.244
abs,2019-01-01,15,132.082
abs,2019-02-01,15,120.548
abs,2019-03-01,15,135.058
abs,2019-04-01,15,133.506
abs,2019-05-01,15,138.15
abs,2019-06-01,15,125.941
abs,2019-07-01,15,121.202
abs,2019-08-01,15,119.997
abs,2019-09-01,15,118.511
abs,2019-10-01,15,111.724
abs,2019-11-01,15,127.217
abs,2019-12-01,15,127.077
abs,2020-01-01,15,134.068
abs,2020-02-01,15,127.82
abs,2020-03-01,15,136.493
abs,2020-04-01,15,26.724
abs,2020-05-01,15,84.695
abs,2020-06-01,15,105.146
abs,2020-07-01,15,90.346
abs,2020-08-01,15,88.322
abs,2020-09-01,15,98.653
abs,2020-10-01,15,101.282
abs,2020-11-01,15,116.013
abs,2020-12-01,15,131.145
abs,2021-01-01,15,139.211
abs,2021-02-01,15,131.634
abs,2021-03-01,15,148.242
abs,2021-04-01,15,148.931
abs,2021-05-01,15,146.154
abs,2021-06-01,15,78.967
abs,2021-07-01,15,66.983
abs,2021-08-01,15,76.218
abs,2021-09-01,15,86.82
abs,2021-10-01,15,104.588
abs,2021-11-01,15,121.078
abs,2021-12-01,15,134.31
abs,2022-01-01,15,141.756
abs,2022-02-01,15,137.053
abs,2022-03-01,15,150.479
abs,2022-04-01,15,149.47
abs,2022-05-01,15,158.232
abs,2022-06-01,15,146.994
abs,2022-07-01,15,137.109
abs,2022-08-01,15,145.354
abs,2022-09-01,15,144.427
abs,2022-10-01,15,126.898
abs,2022-11-01,15,148.161
abs,2022-12-01,15,151.028
abs,2023-01-01,15,152.072
abs,2023-02-01,15,145.776
abs,2023-03-01,15,163.894
abs,2023-04-01,15,163.119
abs,2023-05-01,15,181.043
abs,2023-06-01,15,153.625
abs,2023-07-01,15,147.995
abs,2023-08-01,15,149.947
abs,2023-09-01,15,150.936
abs,2023-10-01,15,137.557
abs,2023-11-01,15,160.339
abs,2023-12-01,15,164.548
abs,2024-01-01,15,165.647
abs,2024-02-01,15,155.557
abs,2024-03-01,15,170.243
abs,2024-04-01,15,167.064
abs,2024-05-01,15,183.413
abs,2024-06-01,15,159.927
abs,2024-07-01,15,156.301
abs,2024-08-01,15,162.62
abs,2024-09-01,15,165.006
abs,2024-10-01,15,146.569
abs,2024-11-01,15,171.941
abs,2024-12-01,15,180.827
abs,2025-01-01,15,174.923
abs,2025-02-01,15,167.269
abs,2025-03-01,15,182.003
abs,2025-04-01,15,181.748
abs,2025-05-01,15,199.151
abs,2025-06-01,15,170.827
abs,2025-07-01,15,168.904
abs,2025-08-01,15,173.018
abs,2025-09-01,15,177.261
abs,2025-10-01,15,156.586
abs,2025-11-01,15,185.512
abs,2025-12-01,15,199.669
abs,2026-01-01,15,185.938
abs,2026-02-01,15,173.744
abs,2026-03-01,15,191.176
abs,2026-04-01,15,191.146
abs,2026-05-01,15,208.26
abs,2026-06-01,15,175.131
growth_yoy,2016-01-01,15,14.357
growth_yoy,2016-02-01,15,17.868
growth_yoy,2016-03-01,15,19.103
growth_yoy,2016-04-01,15,12.022
growth_yoy,2016-05-01,15,7.758
growth_yoy,2016-06-01,15,4.466
growth_yoy,2016-07-01,15,6.861
growth_yoy,2016-08-01,15,9.946
growth_yoy,2016-09-01,15,3.715
growth_yoy,2016-10-01,15,4.617
growth_yoy,2016-11-01,15,4.244
growth_yoy,2016-12-01,15,0.046
growth_yoy,2017-01-01,15,11.962
growth_yoy,2017-02-01,15,8.481
growth_yoy,2017-03-01,15,5.879
growth_yoy,2017-04-01,15,9.285
growth_yoy,2017-05-01,15,9.134
growth_yoy,2017-06-01,15,2.448
growth_yoy,2017-07-01,15,5.308
growth_yoy,2017-08-01,15,4.491
growth_yoy,2017-09-01,15,6.591
growth_yoy,2017-10-01,15,5.768
growth_yoy,2017-11-01,15,3.772
growth_yoy,2017-12-01,15,4.035
growth_yoy,2018-01-01,15,3.945
growth_yoy,2018-02-01,15,3.596
growth_yoy,2018-03-01,15,5.761
growth_yoy,2018-04-01,15,6.122
growth_yoy,2018-05-01,15,3.82
growth_yoy,2018-06-01,15,5.868
growth_yoy,2018-07-01,15,3.735
growth_yoy,2018-08-01,15,2.259
growth_yoy,2018-09-01,15,4.622
growth_yoy,2018-10-01,15,3.397
growth_yoy,2018-11-01,15,0.775
growth_yoy,2018-12-01,15,1.472
growth_yoy,2019-01-01,15,1.967
growth_yoy,2019-02-01,15,1.599
growth_yoy,2019-03-01,15,6.342
growth_yoy,2019-04-01,15,4.72
growth_yoy,2019-05-01,15,6.083
growth_yoy,2019-06-01,15,6.877
growth_yoy,2019-07-01,15,5.185
growth_yoy,2019-08-01,15,6.674
growth_yoy,2019-09-01,15,6.444
growth_yoy,2019-10-01,15,4.228
growth_yoy,2019-11-01,15,7.144
growth_yoy,2019-12-01,15,3.953
growth_yoy,2020-01-01,15,1.504
growth_yoy,2020-02-01,15,6.032
growth_yoy,2020-03-01,15,1.063
growth_yoy,2020-04-01,15,-79.983
growth_yoy,2020-05-01,15,-38.694
growth_yoy,2020-06-01,15,-16.512
growth_yoy,2020-07-01,15,-25.459
growth_yoy,2020-08-01,15,-26.396
growth_yoy,2020-09-01,15,-16.757
growth_yoy,2020-10-01,15,-9.346
growth_yoy,2020-11-01,15,-8.807
growth_yoy,2020-12-01,15,3.201
growth_yoy,2021-01-01,15,3.836
growth_yoy,2021-02-01,15,2.984
growth_yoy,2021-03-01,15,8.607
growth_yoy,2021-04-01,15,457.303
growth_yoy,2021-05-01,15,72.566
growth_yoy,2021-06-01,15,-24.898
growth_yoy,2021-07-01,15,-25.86
growth_yoy,2021-08-01,15,-13.705
growth_yoy,2021-09-01,15,-11.994
growth_yoy,2021-10-01,15,3.263
growth_yoy,2021-11-01,15,4.366
growth_yoy,2021-12-01,15,2.414
growth_yoy,2022-01-01,15,1.828
growth_yoy,2022-02-01,15,4.117
growth_yoy,2022-03-01,15,1.51
growth_yoy,2022-04-01,15,0.362
growth_yoy,2022-05-01,15,8.264
growth_yoy,2022-06-01,15,86.147
growth_yoy,2022-07-01,15,104.693
growth_yoy,2022-08-01,15,90.708
growth_yoy,2022-09-01,15,66.352
growth_yoy,2022-10-01,15,21.332
growth_yoy,2022-11-01,15,22.368
growth_yoy,2022-12-01,15,12.447
growth_yoy,2023-01-01,15,7.278
growth_yoy,2023-02-01,15,6.364
growth_yoy,2023-03-01,15,8.915
growth_yoy,2023-04-01,15,9.132
growth_yoy,2023-05-01,15,14.416
growth_yoy,2023-06-01,15,4.511
growth_yoy,2023-07-01,15,7.94
growth_yoy,2023-08-01,15,3.16
growth_yoy,2023-09-01,15,4.506
growth_yoy,2023-10-01,15,8.399
growth_yoy,2023-11-01,15,8.219
growth_yoy,2023-12-01,15,8.952
growth_yoy,2024-01-01,15,8.926
growth_yoy,2024-02-01,15,6.709
growth_yoy,2024-03-01,15,3.874
growth_yoy,2024-04-01,15,2.419
growth_yoy,2024-05-01,15,1.309
growth_yoy,2024-06-01,15,4.103
growth_yoy,2024-07-01,15,5.612
growth_yoy,2024-08-01,15,8.452
growth_yoy,2024-09-01,15,9.322
growth_yoy,2024-10-01,15,6.552
growth_yoy,2024-11-01,15,7.236
growth_yoy,2024-12-01,15,9.893
growth_yoy,2025-01-01,15,5.6
growth_yoy,2025-02-01,15,7.529
growth_yoy,2025-03-01,15,6.908
growth_yoy,2025-04-01,15,8.789
growth_yoy,2025-05-01,15,8.58
growth_yoy,2025-06-01,15,6.816
growth_yoy,2025-07-01,15,8.063
growth_yoy,2025-08-01,15,6.394
growth_yoy,2025-09-01,15,7.427
growth_yoy,2025-10-01,15,6.834
growth_yoy,2025-11-01,15,7.893
growth_yoy,2025-12-01,15,10.42
growth_yoy,2026-01-01,15,6.297
growth_yoy,2026-02-01,15,3.871
growth_yoy,2026-03-01,15,5.04
growth_yoy,2026-04-01,15,5.171
growth_yoy,2026-05-01,15,4.574
growth_yoy,2026-06-01,15,2.519
growth_mom,2015-02-01,15,-7.969
growth_mom,2015-03-01,15,6.311
growth_mom,2015-04-01,15,3.048
growth_mom,2015-05-01,15,8.697
growth_mom,2015-06-01,15,-2.496
growth_mom,2015-07-01,15,-5.09
growth_mom,2015-08-01,15,-2.994
growth_mom,2015-09-01,15,0.533
growth_mom,2015-10-01,15,-2.672
growth_mom,2015-11-01,15,16.252
growth_mom,2015-12-01,15,6.269
growth_mom,2016-01-01,15,-3.837
growth_mom,2016-02-01,15,-5.144
growth_mom,2016-03-01,15,7.425
growth_mom,2016-04-01,15,-3.078
growth_mom,2016-05-01,15,4.559
growth_mom,2016-06-01,15,-5.475
growth_mom,2016-07-01,15,-2.914
growth_mom,2016-08-01,15,-0.193
growth_mom,2016-09-01,15,-5.165
growth_mom,2016-10-01,15,-1.825
growth_mom,2016-11-01,15,15.837
growth_mom,2016-12-01,15,1.989
growth_mom,2017-01-01,15,7.616
growth_mom,2017-02-01,15,-8.093
growth_mom,2017-03-01,15,4.849
growth_mom,2017-04-01,15,0.04
growth_mom,2017-05-01,15,4.415
growth_mom,2017-06-01,15,-11.266
growth_mom,2017-07-01,15,-0.204
growth_mom,2017-08-01,15,-0.968
growth_mom,2017-09-01,15,-3.259
growth_mom,2017-10-01,15,-2.583
growth_mom,2017-11-01,15,13.651
growth_mom,2017-12-01,15,2.248
growth_mom,2018-01-01,15,7.523
growth_mom,2018-02-01,15,-8.402
growth_mom,2018-03-01,15,7.04
growth_mom,2018-04-01,15,0.381
growth_mom,2018-05-01,15,2.15
growth_mom,2018-06-01,15,-9.516
growth_mom,2018-07-01,15,-2.214
growth_mom,2018-08-01,15,-2.377
growth_mom,2018-09-01,15,-1.024
growth_mom,2018-10-01,15,-3.723
growth_mom,2018-11-01,15,10.769
growth_mom,2018-12-01,15,2.955
growth_mom,2019-01-01,15,8.047
growth_mom,2019-02-01,15,-8.732
growth_mom,2019-03-01,15,12.036
growth_mom,2019-04-01,15,-1.149
growth_mom,2019-05-01,15,3.479
growth_mom,2019-06-01,15,-8.838
growth_mom,2019-07-01,15,-3.763
growth_mom,2019-08-01,15,-0.994
growth_mom,2019-09-01,15,-1.238
growth_mom,2019-10-01,15,-5.727
growth_mom,2019-11-01,15,13.868
growth_mom,2019-12-01,15,-0.11
growth_mom,2020-01-01,15,5.501
growth_mom,2020-02-01,15,-4.66
growth_mom,2020-03-01,15,6.785
growth_mom,2020-04-01,15,-80.421
growth_mom,2020-05-01,15,216.929
growth_mom,2020-06-01,15,24.147
growth_mom,2020-07-01,15,-14.076
growth_mom,2020-08-01,15,-2.24
growth_mom,2020-09-01,15,11.696
growth_mom,2020-10-01,15,2.666
growth_mom,2020-11-01,15,14.544
growth_mom,2020-12-01,15,13.043
growth_mom,2021-01-01,15,6.151
growth_mom,2021-02-01,15,-5.443
growth_mom,2021-03-01,15,12.616
growth_mom,2021-04-01,15,0.465
growth_mom,2021-05-01,15,-1.864
growth_mom,2021-06-01,15,-45.97
growth_mom,2021-07-01,15,-15.176
growth_mom,2021-08-01,15,13.788
growth_mom,2021-09-01,15,13.911
growth_mom,2021-10-01,15,20.464
growth_mom,2021-11-01,15,15.767
growth_mom,2021-12-01,15,10.929
growth_mom,2022-01-01,15,5.543
growth_mom,2022-02-01,15,-3.317
growth_mom,2022-03-01,15,9.796
growth_mom,2022-04-01,15,-0.671
growth_mom,2022-05-01,15,5.862
growth_mom,2022-06-01,15,-7.102
growth_mom,2022-07-01,15,-6.725
growth_mom,2022-08-01,15,6.013
growth_mom,2022-09-01,15,-0.638
growth_mom,2022-10-01,15,-12.137
growth_mom,2022-11-01,15,16.756
growth_mom,2022-12-01,15,1.935
growth_mom,2023-01-01,15,0.692
growth_mom,2023-02-01,15,-4.14
growth_mom,2023-03-01,15,12.429
growth_mom,2023-04-01,15,-0.473
growth_mom,2023-05-01,15,10.988
growth_mom,2023-06-01,15,-15.145
growth_mom,2023-07-01,15,-3.665
growth_mom,2023-08-01,15,1.319
growth_mom,2023-09-01,15,0.66
growth_mom,2023-10-01,15,-8.864
growth_mom,2023-11-01,15,16.562
growth_mom,2023-12-01,15,2.625
growth_mom,2024-01-01,15,0.668
growth_mom,2024-02-01,15,-6.091
growth_mom,2024-03-01,15,9.441
growth_mom,2024-04-01,15,-1.867
growth_mom,2024-05-01,15,9.786
growth_mom,2024-06-01,15,-12.805
growth_mom,2024-07-01,15,-2.267
growth_mom,2024-08-01,15,4.043
growth_mom,2024-09-01,15,1.467
growth_mom,2024-10-01,15,-11.173
growth_mom,2024-11-01,15,17.311
growth_mom,2024-12-01,15,5.168
growth_mom,2025-01-01,15,-3.265
growth_mom,2025-02-01,15,-4.375
growth_mom,2025-03-01,15,8.809
growth_mom,2025-04-01,15,-0.14
growth_mom,2025-05-01,15,9.575
growth_mom,2025-06-01,15,-14.222
growth_mom,2025-07-01,15,-1.126
growth_mom,2025-08-01,15,2.435
growth_mom,2025-09-01,15,2.452
growth_mom,2025-10-01,15,-11.663
growth_mom,2025-11-01,15,18.473
growth_mom,2025-12-01,15,7.631
growth_mom,2026-01-01,15,-6.877
growth_mom,2026-02-01,15,-6.559
growth_mom,2026-03-01,15,10.034
growth_mom,2026-04-01,15,-0.016
growth_mom,2026-05-01,15,8.953
growth_mom,2026-06-01,15,-15.907
abs,2015-01-01,17,94.96
abs,2015-02-01,17,88.233
abs,2015-03-01,17,104.521
abs,2015-04-01,17,99.624
abs,2015-05-01,17,93.327
abs,2015-06-01,17,95.927
abs,2015-07-01,17,96.63
abs,2015-08-01,17,96.025
abs,2015-09-01,17,115.922
abs,2015-10-01,17,100.887
abs,2015-11-01,17,105.863
abs,2015-12-01,17,108.082
abs,2016-01-01,17,108.605
abs,2016-02-01,17,96.854
abs,2016-03-01,17,107.379
abs,2016-04-01,17,105.137
abs,2016-05-01,17,98.448
abs,2016-06-01,17,101.096
abs,2016-07-01,17,98.233
abs,2016-08-01,17,98.98
abs,2016-09-01,17,117.576
abs,2016-10-01,17,101.571
abs,2016-11-01,17,110.2
abs,2016-12-01,17,110.246
abs,2017-01-01,17,112.887
abs,2017-02-01,17,109.086
abs,2017-03-01,17,111.789
abs,2017-04-01,17,113.739
abs,2017-05-01,17,109.239
abs,2017-06-01,17,103.417
abs,2017-07-01,17,103.244
abs,2017-08-01,17,100.055
abs,2017-09-01,17,117.785
abs,2017-10-01,17,106.343
abs,2017-11-01,17,115.339
abs,2017-12-01,17,121.029
abs,2018-01-01,17,117.82
abs,2018-02-01,17,111.778
abs,2018-03-01,17,116.686
abs,2018-04-01,17,118.039
abs,2018-05-01,17,115.484
abs,2018-06-01,17,111.547
abs,2018-07-01,17,112.49
abs,2018-08-01,17,106.492
abs,2018-09-01,17,118.428
abs,2018-10-01,17,109.687
abs,2018-11-01,17,115.738
abs,2018-12-01,17,125.864
abs,2019-01-01,17,119.487
abs,2019-02-01,17,116.968
abs,2019-03-01,17,122.124
abs,2019-04-01,17,123.774
abs,2019-05-01,17,121.51
abs,2019-06-01,17,116.311
abs,2019-07-01,17,117.972
abs,2019-08-01,17,111.455
abs,2019-09-01,17,123.315
abs,2019-10-01,17,113.052
abs,2019-11-01,17,124.942
abs,2019-12-01,17,128.682
abs,2020-01-01,17,119.682
abs,2020-02-01,17,122.931
abs,2020-03-01,17,111.879
abs,2020-04-01,17,64.916
abs,2020-05-01,17,95.691
abs,2020-06-01,17,128.752
abs,2020-07-01,17,125.794
abs,2020-08-01,17,114.152
abs,2020-09-01,17,129.589
abs,2020-10-01,17,119.543
abs,2020-11-01,17,129.378
abs,2020-12-01,17,135.547
abs,2021-01-01,17,130.112
abs,2021-02-01,17,130.678
abs,2021-03-01,17,131.681
abs,2021-04-01,17,122.485
abs,2021-05-01,17,114.161
abs,2021-06-01,17,129.043
abs,2021-07-01,17,122.757
abs,2021-08-01,17,129.758
abs,2021-09-01,17,147.944
abs,2021-10-01,17,139.919
abs,2021-11-01,17,154.646
abs,2021-12-01,17,152.367
abs,2022-01-01,17,149.173
abs,2022-02-01,17,138.835
abs,2022-03-01,17,138.086
abs,2022-04-01,17,132.289
abs,2022-05-01,17,122.627
abs,2022-06-01,17,142.556
abs,2022-07-01,17,139.934
abs,2022-08-01,17,145.62
abs,2022-09-01,17,162.57
abs,2022-10-01,17,143.43
abs,2022-11-01,17,155.156
abs,2022-12-01,17,155.965
abs,2023-01-01,17,152.509
abs,2023-02-01,17,146.574
abs,2023-03-01,17,142.819
abs,2023-04-01,17,134.109
abs,2023-05-01,17,131.144
abs,2023-06-01,17,145.51
abs,2023-07-01,17,142.282
abs,2023-08-01,17,150.367
abs,2023-09-01,17,168.155
abs,2023-10-01,17,150.06
abs,2023-11-01,17,167.738
abs,2023-12-01,17,165.057
abs,2024-01-01,17,163.022
abs,2024-02-01,17,151.897
abs,2024-03-01,17,143.853
abs,2024-04-01,17,138.682
abs,2024-05-01,17,132.707
abs,2024-06-01,17,150.675
abs,2024-07-01,17,153.544
abs,2024-08-01,17,158.098
abs,2024-09-01,17,167.318
abs,2024-10-01,17,148.67
abs,2024-11-01,17,172.636
abs,2024-12-01,17,168.614
abs,2025-01-01,17,160.171
abs,2025-02-01,17,153.662
abs,2025-03-01,17,143.471
abs,2025-04-01,17,139.106
abs,2025-05-01,17,129.513
abs,2025-06-01,17,145.782
abs,2025-07-01,17,150.288
abs,2025-08-01,17,152.976
abs,2025-09-01,17,166.006
abs,2025-10-01,17,147.724
abs,2025-11-01,17,165.906
abs,2025-12-01,17,163.276
abs,2026-01-01,17,162.305
abs,2026-02-01,17,149.365
abs,2026-03-01,17,140.743
abs,2026-04-01,17,142.205
abs,2026-05-01,17,134.833
abs,2026-06-01,17,154.9
growth_yoy,2016-01-01,17,14.369
growth_yoy,2016-02-01,17,9.771
growth_yoy,2016-03-01,17,2.735
growth_yoy,2016-04-01,17,5.534
growth_yoy,2016-05-01,17,5.487
growth_yoy,2016-06-01,17,5.388
growth_yoy,2016-07-01,17,1.659
growth_yoy,2016-08-01,17,3.077
growth_yoy,2016-09-01,17,1.427
growth_yoy,2016-10-01,17,0.678
growth_yoy,2016-11-01,17,4.097
growth_yoy,2016-12-01,17,2.002
growth_yoy,2017-01-01,17,3.943
growth_yoy,2017-02-01,17,12.629
growth_yoy,2017-03-01,17,4.107
growth_yoy,2017-04-01,17,8.182
growth_yoy,2017-05-01,17,10.961
growth_yoy,2017-06-01,17,2.295
growth_yoy,2017-07-01,17,5.101
growth_yoy,2017-08-01,17,1.086
growth_yoy,2017-09-01,17,0.178
growth_yoy,2017-10-01,17,4.698
growth_yoy,2017-11-01,17,4.663
growth_yoy,2017-12-01,17,9.781
growth_yoy,2018-01-01,17,4.37
growth_yoy,2018-02-01,17,2.468
growth_yoy,2018-03-01,17,4.38
growth_yoy,2018-04-01,17,3.781
growth_yoy,2018-05-01,17,5.717
growth_yoy,2018-06-01,17,7.862
growth_yoy,2018-07-01,17,8.956
growth_yoy,2018-08-01,17,6.434
growth_yoy,2018-09-01,17,0.546
growth_yoy,2018-10-01,17,3.144
growth_yoy,2018-11-01,17,0.346
growth_yoy,2018-12-01,17,3.995
growth_yoy,2019-01-01,17,1.415
growth_yoy,2019-02-01,17,4.643
growth_yoy,2019-03-01,17,4.66
growth_yoy,2019-04-01,17,4.859
growth_yoy,2019-05-01,17,5.219
growth_yoy,2019-06-01,17,4.27
growth_yoy,2019-07-01,17,4.873
growth_yoy,2019-08-01,17,4.661
growth_yoy,2019-09-01,17,4.126
growth_yoy,2019-10-01,17,3.068
growth_yoy,2019-11-01,17,7.953
growth_yoy,2019-12-01,17,2.239
growth_yoy,2020-01-01,17,0.163
growth_yoy,2020-02-01,17,5.098
growth_yoy,2020-03-01,17,-8.388
growth_yoy,2020-04-01,17,-47.553
growth_yoy,2020-05-01,17,-21.248
growth_yoy,2020-06-01,17,10.696
growth_yoy,2020-07-01,17,6.63
growth_yoy,2020-08-01,17,2.419
growth_yoy,2020-09-01,17,5.088
growth_yoy,2020-10-01,17,5.742
growth_yoy,2020-11-01,17,3.55
growth_yoy,2020-12-01,17,5.335
growth_yoy,2021-01-01,17,8.714
growth_yoy,2021-02-01,17,6.303
growth_yoy,2021-03-01,17,17.699
growth_yoy,2021-04-01,17,88.683
growth_yoy,2021-05-01,17,19.302
growth_yoy,2021-06-01,17,0.226
growth_yoy,2021-07-01,17,-2.414
growth_yoy,2021-08-01,17,13.672
growth_yoy,2021-09-01,17,14.163
growth_yoy,2021-10-01,17,17.044
growth_yoy,2021-11-01,17,19.531
growth_yoy,2021-12-01,17,12.409
growth_yoy,2022-01-01,17,14.65
growth_yoy,2022-02-01,17,6.242
growth_yoy,2022-03-01,17,4.864
growth_yoy,2022-04-01,17,8.004
growth_yoy,2022-05-01,17,7.415
growth_yoy,2022-06-01,17,10.472
growth_yoy,2022-07-01,17,13.992
growth_yoy,2022-08-01,17,12.224
growth_yoy,2022-09-01,17,9.886
growth_yoy,2022-10-01,17,2.509
growth_yoy,2022-11-01,17,0.33
growth_yoy,2022-12-01,17,2.362
growth_yoy,2023-01-01,17,2.237
growth_yoy,2023-02-01,17,5.575
growth_yoy,2023-03-01,17,3.427
growth_yoy,2023-04-01,17,1.375
growth_yoy,2023-05-01,17,6.946
growth_yoy,2023-06-01,17,2.072
growth_yoy,2023-07-01,17,1.678
growth_yoy,2023-08-01,17,3.26
growth_yoy,2023-09-01,17,3.435
growth_yoy,2023-10-01,17,4.622
growth_yoy,2023-11-01,17,8.109
growth_yoy,2023-12-01,17,5.829
growth_yoy,2024-01-01,17,6.893
growth_yoy,2024-02-01,17,3.631
growth_yoy,2024-03-01,17,0.724
growth_yoy,2024-04-01,17,3.41
growth_yoy,2024-05-01,17,1.192
growth_yoy,2024-06-01,17,3.55
growth_yoy,2024-07-01,17,7.915
growth_yoy,2024-08-01,17,5.141
growth_yoy,2024-09-01,17,-0.498
growth_yoy,2024-10-01,17,-0.926
growth_yoy,2024-11-01,17,2.92
growth_yoy,2024-12-01,17,2.155
growth_yoy,2025-01-01,17,-1.749
growth_yoy,2025-02-01,17,1.162
growth_yoy,2025-03-01,17,-0.265
growth_yoy,2025-04-01,17,0.306
growth_yoy,2025-05-01,17,-2.406
growth_yoy,2025-06-01,17,-3.247
growth_yoy,2025-07-01,17,-2.121
growth_yoy,2025-08-01,17,-3.239
growth_yoy,2025-09-01,17,-0.784
growth_yoy,2025-10-01,17,-0.636
growth_yoy,2025-11-01,17,-3.898
growth_yoy,2025-12-01,17,-3.166
growth_yoy,2026-01-01,17,1.333
growth_yoy,2026-02-01,17,-2.796
growth_yoy,2026-03-01,17,-1.902
growth_yoy,2026-04-01,17,2.228
growth_yoy,2026-05-01,17,4.108
growth_yoy,2026-06-01,17,6.254
growth_mom,2015-02-01,17,-7.084
growth_mom,2015-03-01,17,18.46
growth_mom,2015-04-01,17,-4.685
growth_mom,2015-05-01,17,-6.321
growth_mom,2015-06-01,17,2.787
growth_mom,2015-07-01,17,0.732
growth_mom,2015-08-01,17,-0.626
growth_mom,2015-09-01,17,20.72
growth_mom,2015-10-01,17,-12.97
growth_mom,2015-11-01,17,4.932
growth_mom,2015-12-01,17,2.096
growth_mom,2016-01-01,17,0.484
growth_mom,2016-02-01,17,-10.82
growth_mom,2016-03-01,17,10.867
growth_mom,2016-04-01,17,-2.088
growth_mom,2016-05-01,17,-6.362
growth_mom,2016-06-01,17,2.69
growth_mom,2016-07-01,17,-2.832
growth_mom,2016-08-01,17,0.76
growth_mom,2016-09-01,17,18.788
growth_mom,2016-10-01,17,-13.612
growth_mom,2016-11-01,17,8.495
growth_mom,2016-12-01,17,0.042
growth_mom,2017-01-01,17,2.396
growth_mom,2017-02-01,17,-3.367
growth_mom,2017-03-01,17,2.478
growth_mom,2017-04-01,17,1.744
growth_mom,2017-05-01,17,-3.956
growth_mom,2017-06-01,17,-5.33
growth_mom,2017-07-01,17,-0.167
growth_mom,2017-08-01,17,-3.089
growth_mom,2017-09-01,17,17.721
growth_mom,2017-10-01,17,-9.714
growth_mom,2017-11-01,17,8.459
growth_mom,2017-12-01,17,4.934
growth_mom,2018-01-01,17,-2.651
growth_mom,2018-02-01,17,-5.128
growth_mom,2018-03-01,17,4.39
growth_mom,2018-04-01,17,1.16
growth_mom,2018-05-01,17,-2.165
growth_mom,2018-06-01,17,-3.408
growth_mom,2018-07-01,17,0.845
growth_mom,2018-08-01,17,-5.332
growth_mom,2018-09-01,17,11.209
growth_mom,2018-10-01,17,-7.381
growth_mom,2018-11-01,17,5.516
growth_mom,2018-12-01,17,8.75
growth_mom,2019-01-01,17,-5.066
growth_mom,2019-02-01,17,-2.109
growth_mom,2019-03-01,17,4.408
growth_mom,2019-04-01,17,1.352
growth_mom,2019-05-01,17,-1.829
growth_mom,2019-06-01,17,-4.279
growth_mom,2019-07-01,17,1.429
growth_mom,2019-08-01,17,-5.524
growth_mom,2019-09-01,17,10.64
growth_mom,2019-10-01,17,-8.322
growth_mom,2019-11-01,17,10.518
growth_mom,2019-12-01,17,2.993
growth_mom,2020-01-01,17,-6.994
growth_mom,2020-02-01,17,2.714
growth_mom,2020-03-01,17,-8.99
growth_mom,2020-04-01,17,-41.977
growth_mom,2020-05-01,17,47.408
growth_mom,2020-06-01,17,34.549
growth_mom,2020-07-01,17,-2.297
growth_mom,2020-08-01,17,-9.255
growth_mom,2020-09-01,17,13.524
growth_mom,2020-10-01,17,-7.752
growth_mom,2020-11-01,17,8.227
growth_mom,2020-12-01,17,4.768
growth_mom,2021-01-01,17,-4.01
growth_mom,2021-02-01,17,0.436
growth_mom,2021-03-01,17,0.767
growth_mom,2021-04-01,17,-6.983
growth_mom,2021-05-01,17,-6.796
growth_mom,2021-06-01,17,13.036
growth_mom,2021-07-01,17,-4.871
growth_mom,2021-08-01,17,5.703
growth_mom,2021-09-01,17,14.015
growth_mom,2021-10-01,17,-5.424
growth_mom,2021-11-01,17,10.526
growth_mom,2021-12-01,17,-1.474
growth_mom,2022-01-01,17,-2.096
growth_mom,2022-02-01,17,-6.93
growth_mom,2022-03-01,17,-0.54
growth_mom,2022-04-01,17,-4.198
growth_mom,2022-05-01,17,-7.304
growth_mom,2022-06-01,17,16.252
growth_mom,2022-07-01,17,-1.839
growth_mom,2022-08-01,17,4.064
growth_mom,2022-09-01,17,11.64
growth_mom,2022-10-01,17,-11.773
growth_mom,2022-11-01,17,8.176
growth_mom,2022-12-01,17,0.521
growth_mom,2023-01-01,17,-2.216
growth_mom,2023-02-01,17,-3.891
growth_mom,2023-03-01,17,-2.562
growth_mom,2023-04-01,17,-6.099
growth_mom,2023-05-01,17,-2.211
growth_mom,2023-06-01,17,10.954
growth_mom,2023-07-01,17,-2.218
growth_mom,2023-08-01,17,5.682
growth_mom,2023-09-01,17,11.829
growth_mom,2023-10-01,17,-10.761
growth_mom,2023-11-01,17,11.781
growth_mom,2023-12-01,17,-1.598
growth_mom,2024-01-01,17,-1.233
growth_mom,2024-02-01,17,-6.824
growth_mom,2024-03-01,17,-5.296
growth_mom,2024-04-01,17,-3.595
growth_mom,2024-05-01,17,-4.308
growth_mom,2024-06-01,17,13.54
growth_mom,2024-07-01,17,1.904
growth_mom,2024-08-01,17,2.966
growth_mom,2024-09-01,17,5.832
growth_mom,2024-10-01,17,-11.145
growth_mom,2024-11-01,17,16.12
growth_mom,2024-12-01,17,-2.329
growth_mom,2025-01-01,17,-5.008
growth_mom,2025-02-01,17,-4.064
growth_mom,2025-03-01,17,-6.632
growth_mom,2025-04-01,17,-3.042
growth_mom,2025-05-01,17,-6.896
growth_mom,2025-06-01,17,12.562
growth_mom,2025-07-01,17,3.091
growth_mom,2025-08-01,17,1.789
growth_mom,2025-09-01,17,8.517
growth_mom,2025-10-01,17,-11.013
growth_mom,2025-11-01,17,12.308
growth_mom,2025-12-01,17,-1.585
growth_mom,2026-01-01,17,-0.594
growth_mom,2026-02-01,17,-7.973
growth_mom,2026-03-01,17,-5.773
growth_mom,2026-04-01,17,1.039
growth_mom,2026-05-01,17,-5.184
growth_mom,2026-06-01,17,14.882
abs,2015-01-01,18,90.058
abs,2015-02-01,18,79.221
abs,2015-03-01,18,84.117
abs,2015-04-01,18,101.683
abs,2015-05-01,18,101.61
abs,2015-06-01,18,108.177
abs,2015-07-01,18,105.646
abs,2015-08-01,18,101.019
abs,2015-09-01,18,103.594
abs,2015-10-01,18,110.791
abs,2015-11-01,18,102.391
abs,2015-12-01,18,111.692
abs,2016-01-01,18,98.4
abs,2016-02-01,18,86.401
abs,2016-03-01,18,85.409
abs,2016-04-01,18,103.19
abs,2016-05-01,18,102.11
abs,2016-06-01,18,115.801
abs,2016-07-01,18,112.158
abs,2016-08-01,18,107.947
abs,2016-09-01,18,106.726
abs,2016-10-01,18,112.803
abs,2016-11-01,18,110.586
abs,2016-12-01,18,122.469
abs,2017-01-01,18,110.262
abs,2017-02-01,18,102.358
abs,2017-03-01,18,96.909
abs,2017-04-01,18,107.31
abs,2017-05-01,18,105.287
abs,2017-06-01,18,116.432
abs,2017-07-01,18,115.009
abs,2017-08-01,18,109.467
abs,2017-09-01,18,107.902
abs,2017-10-01,18,108.991
abs,2017-11-01,18,113.83
abs,2017-12-01,18,128.208
abs,2018-01-01,18,110.46
abs,2018-02-01,18,105.909
abs,2018-03-01,18,104.819
abs,2018-04-01,18,107.964
abs,2018-05-01,18,108.685
abs,2018-06-01,18,121.236
abs,2018-07-01,18,119.791
abs,2018-08-01,18,115.331
abs,2018-09-01,18,112.937
abs,2018-10-01,18,114.572
abs,2018-11-01,18,120.179
abs,2018-12-01,18,131.249
abs,2019-01-01,18,117.622
abs,2019-02-01,18,110.866
abs,2019-03-01,18,109.046
abs,2019-04-01,18,112.454
abs,2019-05-01,18,114.494
abs,2019-06-01,18,126.135
abs,2019-07-01,18,125.812
abs,2019-08-01,18,121.447
abs,2019-09-01,18,119.039
abs,2019-10-01,18,117.267
abs,2019-11-01,18,120.259
abs,2019-12-01,18,135.757
abs,2020-01-01,18,124.663
abs,2020-02-01,18,117.702
abs,2020-03-01,18,101.715
abs,2020-04-01,18,51.606
abs,2020-05-01,18,80.264
abs,2020-06-01,18,118.129
abs,2020-07-01,18,131.749
abs,2020-08-01,18,123.824
abs,2020-09-01,18,122.306
abs,2020-10-01,18,120.178
abs,2020-11-01,18,123.67
abs,2020-12-01,18,141.691
abs,2021-01-01,18,125.906
abs,2021-02-01,18,119.811
abs,2021-03-01,18,112.785
abs,2021-04-01,18,116.515
abs,2021-05-01,18,110.79
abs,2021-06-01,18,94.236
abs,2021-07-01,18,98.799
abs,2021-08-01,18,110.577
abs,2021-09-01,18,118.717
abs,2021-10-01,18,119.926
abs,2021-11-01,18,125.791
abs,2021-12-01,18,145.889
abs,2022-01-01,18,127.624
abs,2022-02-01,18,120.78
abs,2022-03-01,18,116.634
abs,2022-04-01,18,126.382
abs,2022-05-01,18,120.292
abs,2022-06-01,18,112.531
abs,2022-07-01,18,108.876
abs,2022-08-01,18,119.833
abs,2022-09-01,18,127.282
abs,2022-10-01,18,126.402
abs,2022-11-01,18,136.799
abs,2022-12-01,18,151.377
abs,2023-01-01,18,130.93
abs,2023-02-01,18,126.683
abs,2023-03-01,18,120.857
abs,2023-04-01,18,130.348
abs,2023-05-01,18,131.069
abs,2023-06-01,18,121.329
abs,2023-07-01,18,117.847
abs,2023-08-01,18,131.689
abs,2023-09-01,18,138.561
abs,2023-10-01,18,138.115
abs,2023-11-01,18,140.874
abs,2023-12-01,18,158.194
abs,2024-01-01,18,139.783
abs,2024-02-01,18,131.233
abs,2024-03-01,18,127.187
abs,2024-04-01,18,141.43
abs,2024-05-01,18,141.366
abs,2024-06-01,18,133.162
abs,2024-07-01,18,134.475
abs,2024-08-01,18,145.907
abs,2024-09-01,18,150.88
abs,2024-10-01,18,149.266
abs,2024-11-01,18,154.273
abs,2024-12-01,18,169.727
abs,2025-01-01,18,149.287
abs,2025-02-01,18,142.593
abs,2025-03-01,18,136.684
abs,2025-04-01,18,152.345
abs,2025-05-01,18,156.718
abs,2025-06-01,18,144.368
abs,2025-07-01,18,142.35
abs,2025-08-01,18,157.872
abs,2025-09-01,18,165.406
abs,2025-10-01,18,165.571
abs,2025-11-01,18,164.775
abs,2025-12-01,18,178.566
abs,2026-01-01,18,165.019
abs,2026-02-01,18,153.731
abs,2026-03-01,18,148.067
abs,2026-04-01,18,166.79
abs,2026-05-01,18,163.98
abs,2026-06-01,18,149.739
growth_yoy,2016-01-01,18,9.263
growth_yoy,2016-02-01,18,9.062
growth_yoy,2016-03-01,18,1.536
growth_yoy,2016-04-01,18,1.482
growth_yoy,2016-05-01,18,0.492
growth_yoy,2016-06-01,18,7.048
growth_yoy,2016-07-01,18,6.163
growth_yoy,2016-08-01,18,6.858
growth_yoy,2016-09-01,18,3.023
growth_yoy,2016-10-01,18,1.817
growth_yoy,2016-11-01,18,8.004
growth_yoy,2016-12-01,18,9.649
growth_yoy,2017-01-01,18,12.056
growth_yoy,2017-02-01,18,18.469
growth_yoy,2017-03-01,18,13.465
growth_yoy,2017-04-01,18,3.993
growth_yoy,2017-05-01,18,3.111
growth_yoy,2017-06-01,18,0.545
growth_yoy,2017-07-01,18,2.542
growth_yoy,2017-08-01,18,1.408
growth_yoy,2017-09-01,18,1.102
growth_yoy,2017-10-01,18,-3.38
growth_yoy,2017-11-01,18,2.934
growth_yoy,2017-12-01,18,4.686
growth_yoy,2018-01-01,18,0.179
growth_yoy,2018-02-01,18,3.469
growth_yoy,2018-03-01,18,8.162
growth_yoy,2018-04-01,18,0.61
growth_yoy,2018-05-01,18,3.228
growth_yoy,2018-06-01,18,4.126
growth_yoy,2018-07-01,18,4.159
growth_yoy,2018-08-01,18,5.357
growth_yoy,2018-09-01,18,4.666
growth_yoy,2018-10-01,18,5.12
growth_yoy,2018-11-01,18,5.577
growth_yoy,2018-12-01,18,2.372
growth_yoy,2019-01-01,18,6.484
growth_yoy,2019-02-01,18,4.68
growth_yoy,2019-03-01,18,4.033
growth_yoy,2019-04-01,18,4.158
growth_yoy,2019-05-01,18,5.345
growth_yoy,2019-06-01,18,4.041
growth_yoy,2019-07-01,18,5.026
growth_yoy,2019-08-01,18,5.303
growth_yoy,2019-09-01,18,5.403
growth_yoy,2019-10-01,18,2.353
growth_yoy,2019-11-01,18,0.067
growth_yoy,2019-12-01,18,3.435
growth_yoy,2020-01-01,18,5.986
growth_yoy,2020-02-01,18,6.166
growth_yoy,2020-03-01,18,-6.723
growth_yoy,2020-04-01,18,-54.109
growth_yoy,2020-05-01,18,-29.897
growth_yoy,2020-06-01,18,-6.347
growth_yoy,2020-07-01,18,4.719
growth_yoy,2020-08-01,18,1.957
growth_yoy,2020-09-01,18,2.745
growth_yoy,2020-10-01,18,2.482
growth_yoy,2020-11-01,18,2.837
growth_yoy,2020-12-01,18,4.37
growth_yoy,2021-01-01,18,0.997
growth_yoy,2021-02-01,18,1.791
growth_yoy,2021-03-01,18,10.883
growth_yoy,2021-04-01,18,125.776
growth_yoy,2021-05-01,18,38.032
growth_yoy,2021-06-01,18,-20.226
growth_yoy,2021-07-01,18,-25.01
growth_yoy,2021-08-01,18,-10.698
growth_yoy,2021-09-01,18,-2.935
growth_yoy,2021-10-01,18,-0.21
growth_yoy,2021-11-01,18,1.715
growth_yoy,2021-12-01,18,2.963
growth_yoy,2022-01-01,18,1.365
growth_yoy,2022-02-01,18,0.809
growth_yoy,2022-03-01,18,3.413
growth_yoy,2022-04-01,18,8.469
growth_yoy,2022-05-01,18,8.577
growth_yoy,2022-06-01,18,19.414
growth_yoy,2022-07-01,18,10.2
growth_yoy,2022-08-01,18,8.37
growth_yoy,2022-09-01,18,7.215
growth_yoy,2022-10-01,18,5.4
growth_yoy,2022-11-01,18,8.751
growth_yoy,2022-12-01,18,3.761
growth_yoy,2023-01-01,18,2.591
growth_yoy,2023-02-01,18,4.887
growth_yoy,2023-03-01,18,3.621
growth_yoy,2023-04-01,18,3.138
growth_yoy,2023-05-01,18,8.96
growth_yoy,2023-06-01,18,7.819
growth_yoy,2023-07-01,18,8.24
growth_yoy,2023-08-01,18,9.894
growth_yoy,2023-09-01,18,8.861
growth_yoy,2023-10-01,18,9.266
growth_yoy,2023-11-01,18,2.979
growth_yoy,2023-12-01,18,4.504
growth_yoy,2024-01-01,18,6.762
growth_yoy,2024-02-01,18,3.592
growth_yoy,2024-03-01,18,5.238
growth_yoy,2024-04-01,18,8.502
growth_yoy,2024-05-01,18,7.856
growth_yoy,2024-06-01,18,9.753
growth_yoy,2024-07-01,18,14.109
growth_yoy,2024-08-01,18,10.797
growth_yoy,2024-09-01,18,8.891
growth_yoy,2024-10-01,18,8.074
growth_yoy,2024-11-01,18,9.511
growth_yoy,2024-12-01,18,7.291
growth_yoy,2025-01-01,18,6.799
growth_yoy,2025-02-01,18,8.657
growth_yoy,2025-03-01,18,7.467
growth_yoy,2025-04-01,18,7.718
growth_yoy,2025-05-01,18,10.86
growth_yoy,2025-06-01,18,8.415
growth_yoy,2025-07-01,18,5.857
growth_yoy,2025-08-01,18,8.201
growth_yoy,2025-09-01,18,9.628
growth_yoy,2025-10-01,18,10.923
growth_yoy,2025-11-01,18,6.807
growth_yoy,2025-12-01,18,5.208
growth_yoy,2026-01-01,18,10.538
growth_yoy,2026-02-01,18,7.811
growth_yoy,2026-03-01,18,8.328
growth_yoy,2026-04-01,18,9.482
growth_yoy,2026-05-01,18,4.634
growth_yoy,2026-06-01,18,3.721
growth_mom,2015-02-01,18,-12.033
growth_mom,2015-03-01,18,6.179
growth_mom,2015-04-01,18,20.884
growth_mom,2015-05-01,18,-0.072
growth_mom,2015-06-01,18,6.462
growth_mom,2015-07-01,18,-2.339
growth_mom,2015-08-01,18,-4.38
growth_mom,2015-09-01,18,2.549
growth_mom,2015-10-01,18,6.947
growth_mom,2015-11-01,18,-7.582
growth_mom,2015-12-01,18,9.083
growth_mom,2016-01-01,18,-11.901
growth_mom,2016-02-01,18,-12.194
growth_mom,2016-03-01,18,-1.148
growth_mom,2016-04-01,18,20.819
growth_mom,2016-05-01,18,-1.046
growth_mom,2016-06-01,18,13.407
growth_mom,2016-07-01,18,-3.146
growth_mom,2016-08-01,18,-3.754
growth_mom,2016-09-01,18,-1.131
growth_mom,2016-10-01,18,5.694
growth_mom,2016-11-01,18,-1.966
growth_mom,2016-12-01,18,10.746
growth_mom,2017-01-01,18,-9.967
growth_mom,2017-02-01,18,-7.168
growth_mom,2017-03-01,18,-5.324
growth_mom,2017-04-01,18,10.733
growth_mom,2017-05-01,18,-1.885
growth_mom,2017-06-01,18,10.585
growth_mom,2017-07-01,18,-1.222
growth_mom,2017-08-01,18,-4.819
growth_mom,2017-09-01,18,-1.429
growth_mom,2017-10-01,18,1.009
growth_mom,2017-11-01,18,4.44
growth_mom,2017-12-01,18,12.631
growth_mom,2018-01-01,18,-13.843
growth_mom,2018-02-01,18,-4.12
growth_mom,2018-03-01,18,-1.03
growth_mom,2018-04-01,18,3.001
growth_mom,2018-05-01,18,0.668
growth_mom,2018-06-01,18,11.547
growth_mom,2018-07-01,18,-1.191
growth_mom,2018-08-01,18,-3.723
growth_mom,2018-09-01,18,-2.076
growth_mom,2018-10-01,18,1.448
growth_mom,2018-11-01,18,4.894
growth_mom,2018-12-01,18,9.212
growth_mom,2019-01-01,18,-10.383
growth_mom,2019-02-01,18,-5.744
growth_mom,2019-03-01,18,-1.641
growth_mom,2019-04-01,18,3.125
growth_mom,2019-05-01,18,1.815
growth_mom,2019-06-01,18,10.167
growth_mom,2019-07-01,18,-0.256
growth_mom,2019-08-01,18,-3.469
growth_mom,2019-09-01,18,-1.983
growth_mom,2019-10-01,18,-1.488
growth_mom,2019-11-01,18,2.551
growth_mom,2019-12-01,18,12.887
growth_mom,2020-01-01,18,-8.172
growth_mom,2020-02-01,18,-5.584
growth_mom,2020-03-01,18,-13.583
growth_mom,2020-04-01,18,-49.264
growth_mom,2020-05-01,18,55.53
growth_mom,2020-06-01,18,47.177
growth_mom,2020-07-01,18,11.529
growth_mom,2020-08-01,18,-6.015
growth_mom,2020-09-01,18,-1.226
growth_mom,2020-10-01,18,-1.74
growth_mom,2020-11-01,18,2.906
growth_mom,2020-12-01,18,14.571
growth_mom,2021-01-01,18,-11.14
growth_mom,2021-02-01,18,-4.841
growth_mom,2021-03-01,18,-5.865
growth_mom,2021-04-01,18,3.308
growth_mom,2021-05-01,18,-4.914
growth_mom,2021-06-01,18,-14.941
growth_mom,2021-07-01,18,4.841
growth_mom,2021-08-01,18,11.922
growth_mom,2021-09-01,18,7.361
growth_mom,2021-10-01,18,1.018
growth_mom,2021-11-01,18,4.89
growth_mom,2021-12-01,18,15.978
growth_mom,2022-01-01,18,-12.52
growth_mom,2022-02-01,18,-5.363
growth_mom,2022-03-01,18,-3.433
growth_mom,2022-04-01,18,8.358
growth_mom,2022-05-01,18,-4.819
growth_mom,2022-06-01,18,-6.452
growth_mom,2022-07-01,18,-3.248
growth_mom,2022-08-01,18,10.064
growth_mom,2022-09-01,18,6.216
growth_mom,2022-10-01,18,-0.691
growth_mom,2022-11-01,18,8.225
growth_mom,2022-12-01,18,10.656
growth_mom,2023-01-01,18,-13.507
growth_mom,2023-02-01,18,-3.244
growth_mom,2023-03-01,18,-4.599
growth_mom,2023-04-01,18,7.853
growth_mom,2023-05-01,18,0.554
growth_mom,2023-06-01,18,-7.431
growth_mom,2023-07-01,18,-2.87
growth_mom,2023-08-01,18,11.745
growth_mom,2023-09-01,18,5.218
growth_mom,2023-10-01,18,-0.322
growth_mom,2023-11-01,18,1.997
growth_mom,2023-12-01,18,12.295
growth_mom,2024-01-01,18,-11.638
growth_mom,2024-02-01,18,-6.117
growth_mom,2024-03-01,18,-3.083
growth_mom,2024-04-01,18,11.198
growth_mom,2024-05-01,18,-0.045
growth_mom,2024-06-01,18,-5.803
growth_mom,2024-07-01,18,0.986
growth_mom,2024-08-01,18,8.502
growth_mom,2024-09-01,18,3.408
growth_mom,2024-10-01,18,-1.07
growth_mom,2024-11-01,18,3.354
growth_mom,2024-12-01,18,10.018
growth_mom,2025-01-01,18,-12.043
growth_mom,2025-02-01,18,-4.483
growth_mom,2025-03-01,18,-4.144
growth_mom,2025-04-01,18,11.458
growth_mom,2025-05-01,18,2.87
growth_mom,2025-06-01,18,-7.881
growth_mom,2025-07-01,18,-1.398
growth_mom,2025-08-01,18,10.904
growth_mom,2025-09-01,18,4.772
growth_mom,2025-10-01,18,0.1
growth_mom,2025-11-01,18,-0.481
growth_mom,2025-12-01,18,8.37
growth_mom,2026-01-01,18,-7.587
growth_mom,2026-02-01,18,-6.84
growth_mom,2026-03-01,18,-3.684
growth_mom,2026-04-01,18,12.645
growth_mom,2026-05-01,18,-1.685
growth_mom,2026-06-01,18,-8.684
abs,2015-01-01,21,83.828
abs,2015-02-01,21,91.99
abs,2015-03-01,21,93.494
abs,2015-04-01,21,101.085
abs,2015-05-01,21,116.79
abs,2015-06-01,21,94.455
abs,2015-07-01,21,105.647
abs,2015-08-01,21,100.66
abs,2015-09-01,21,114.127
abs,2015-10-01,21,103.817
abs,2015-11-01,21,90.993
abs,2015-12-01,21,103.113
abs,2016-01-01,21,87.114
abs,2016-02-01,21,95.971
abs,2016-03-01,21,97.064
abs,2016-04-01,21,106.426
abs,2016-05-01,21,120.34
abs,2016-06-01,21,97.569
abs,2016-07-01,21,107.913
abs,2016-08-01,21,107.058
abs,2016-09-01,21,117.87
abs,2016-10-01,21,109.135
abs,2016-11-01,21,99.666
abs,2016-12-01,21,107.149
abs,2017-01-01,21,89.393
abs,2017-02-01,21,99.684
abs,2017-03-01,21,104.405
abs,2017-04-01,21,113.322
abs,2017-05-01,21,127.455
abs,2017-06-01,21,99.086
abs,2017-07-01,21,112.012
abs,2017-08-01,21,110.931
abs,2017-09-01,21,121.241
abs,2017-10-01,21,119.237
abs,2017-11-01,21,111.138
abs,2017-12-01,21,105.456
abs,2018-01-01,21,97.231
abs,2018-02-01,21,108.324
abs,2018-03-01,21,110.844
abs,2018-04-01,21,121.863
abs,2018-05-01,21,130.573
abs,2018-06-01,21,104.518
abs,2018-07-01,21,117.251
abs,2018-08-01,21,118.079
abs,2018-09-01,21,128.28
abs,2018-10-01,21,125.223
abs,2018-11-01,21,114.377
abs,2018-12-01,21,114.108
abs,2019-01-01,21,101.628
abs,2019-02-01,21,115.012
abs,2019-03-01,21,119.714
abs,2019-04-01,21,125.702
abs,2019-05-01,21,135.152
abs,2019-06-01,21,109.9
abs,2019-07-01,21,125.112
abs,2019-08-01,21,122.497
abs,2019-09-01,21,129.296
abs,2019-10-01,21,127.176
abs,2019-11-01,21,119.449
abs,2019-12-01,21,117.789
abs,2020-01-01,21,105.702
abs,2020-02-01,21,121.339
abs,2020-03-01,21,123.939
abs,2020-04-01,21,131.304
abs,2020-05-01,21,139.265
abs,2020-06-01,21,149.576
abs,2020-07-01,21,151.619
abs,2020-08-01,21,150.718
abs,2020-09-01,21,161.061
abs,2020-10-01,21,150.001
abs,2020-11-01,21,135.946
abs,2020-12-01,21,138.446
abs,2021-01-01,21,125.702
abs,2021-02-01,21,147.269
abs,2021-03-01,21,153.466
abs,2021-04-01,21,149.852
abs,2021-05-01,21,149.412
abs,2021-06-01,21,166.058
abs,2021-07-01,21,165.13
abs,2021-08-01,21,170.265
abs,2021-09-01,21,184.76
abs,2021-10-01,21,177.667
abs,2021-11-01,21,162.004
abs,2021-12-01,21,167.67
abs,2022-01-01,21,150.826
abs,2022-02-01,21,155.212
abs,2022-03-01,21,162.675
abs,2022-04-01,21,159.878
abs,2022-05-01,21,154.899
abs,2022-06-01,21,173.359
abs,2022-07-01,21,180.847
abs,2022-08-01,21,184.895
abs,2022-09-01,21,191.054
abs,2022-10-01,21,181.867
abs,2022-11-01,21,164.991
abs,2022-12-01,21,175.91
abs,2023-01-01,21,155.928
abs,2023-02-01,21,169.251
abs,2023-03-01,21,170.79
abs,2023-04-01,21,163.855
abs,2023-05-01,21,160.059
abs,2023-06-01,21,165.311
abs,2023-07-01,21,173.965
abs,2023-08-01,21,176.182
abs,2023-09-01,21,178.291
abs,2023-10-01,21,177.867
abs,2023-11-01,21,154.337
abs,2023-12-01,21,175.491
abs,2024-01-01,21,161.684
abs,2024-02-01,21,180.084
abs,2024-03-01,21,180.943
abs,2024-04-01,21,176.254
abs,2024-05-01,21,167.133
abs,2024-06-01,21,179.838
abs,2024-07-01,21,186.765
abs,2024-08-01,21,186.065
abs,2024-09-01,21,188.003
abs,2024-10-01,21,182.311
abs,2024-11-01,21,162.752
abs,2024-12-01,21,185.451
abs,2025-01-01,21,164.764
abs,2025-02-01,21,192.556
abs,2025-03-01,21,192.458
abs,2025-04-01,21,188.098
abs,2025-05-01,21,182.507
abs,2025-06-01,21,192.879
abs,2025-07-01,21,202.145
abs,2025-08-01,21,202.838
abs,2025-09-01,21,207.006
abs,2025-10-01,21,207.331
abs,2025-11-01,21,177.801
abs,2025-12-01,21,195.08
abs,2026-01-01,21,170.397
abs,2026-02-01,21,197.414
abs,2026-03-01,21,191.176
abs,2026-04-01,21,198.05
abs,2026-05-01,21,187.058
abs,2026-06-01,21,205.196
growth_yoy,2016-01-01,21,3.92
growth_yoy,2016-02-01,21,4.327
growth_yoy,2016-03-01,21,3.819
growth_yoy,2016-04-01,21,5.284
growth_yoy,2016-05-01,21,3.039
growth_yoy,2016-06-01,21,3.297
growth_yoy,2016-07-01,21,2.145
growth_yoy,2016-08-01,21,6.356
growth_yoy,2016-09-01,21,3.28
growth_yoy,2016-10-01,21,5.122
growth_yoy,2016-11-01,21,9.531
growth_yoy,2016-12-01,21,3.914
growth_yoy,2017-01-01,21,2.616
growth_yoy,2017-02-01,21,3.869
growth_yoy,2017-03-01,21,7.563
growth_yoy,2017-04-01,21,6.479
growth_yoy,2017-05-01,21,5.913
growth_yoy,2017-06-01,21,1.554
growth_yoy,2017-07-01,21,3.799
growth_yoy,2017-08-01,21,3.618
growth_yoy,2017-09-01,21,2.86
growth_yoy,2017-10-01,21,9.257
growth_yoy,2017-11-01,21,11.51
growth_yoy,2017-12-01,21,-1.581
growth_yoy,2018-01-01,21,8.769
growth_yoy,2018-02-01,21,8.667
growth_yoy,2018-03-01,21,6.168
growth_yoy,2018-04-01,21,7.537
growth_yoy,2018-05-01,21,2.447
growth_yoy,2018-06-01,21,5.483
growth_yoy,2018-07-01,21,4.677
growth_yoy,2018-08-01,21,6.443
growth_yoy,2018-09-01,21,5.806
growth_yoy,2018-10-01,21,5.02
growth_yoy,2018-11-01,21,2.915
growth_yoy,2018-12-01,21,8.205
growth_yoy,2019-01-01,21,4.522
growth_yoy,2019-02-01,21,6.174
growth_yoy,2019-03-01,21,8.002
growth_yoy,2019-04-01,21,3.15
growth_yoy,2019-05-01,21,3.506
growth_yoy,2019-06-01,21,5.149
growth_yoy,2019-07-01,21,6.705
growth_yoy,2019-08-01,21,3.742
growth_yoy,2019-09-01,21,0.792
growth_yoy,2019-10-01,21,1.56
growth_yoy,2019-11-01,21,4.435
growth_yoy,2019-12-01,21,3.225
growth_yoy,2020-01-01,21,4.009
growth_yoy,2020-02-01,21,5.501
growth_yoy,2020-03-01,21,3.529
growth_yoy,2020-04-01,21,4.457
growth_yoy,2020-05-01,21,3.043
growth_yoy,2020-06-01,21,36.103
growth_yoy,2020-07-01,21,21.187
growth_yoy,2020-08-01,21,23.038
growth_yoy,2020-09-01,21,24.568
growth_yoy,2020-10-01,21,17.947
growth_yoy,2020-11-01,21,13.811
growth_yoy,2020-12-01,21,17.538
growth_yoy,2021-01-01,21,18.921
growth_yoy,2021-02-01,21,21.369
growth_yoy,2021-03-01,21,23.824
growth_yoy,2021-04-01,21,14.126
growth_yoy,2021-05-01,21,7.287
growth_yoy,2021-06-01,21,11.019
growth_yoy,2021-07-01,21,8.911
growth_yoy,2021-08-01,21,12.969
growth_yoy,2021-09-01,21,14.714
growth_yoy,2021-10-01,21,18.444
growth_yoy,2021-11-01,21,19.168
growth_yoy,2021-12-01,21,21.108
growth_yoy,2022-01-01,21,19.987
growth_yoy,2022-02-01,21,5.394
growth_yoy,2022-03-01,21,6.001
growth_yoy,2022-04-01,21,6.691
growth_yoy,2022-05-01,21,3.672
growth_yoy,2022-06-01,21,4.397
growth_yoy,2022-07-01,21,9.518
growth_yoy,2022-08-01,21,8.593
growth_yoy,2022-09-01,21,3.406
growth_yoy,2022-10-01,21,2.364
growth_yoy,2022-11-01,21,1.844
growth_yoy,2022-12-01,21,4.914
growth_yoy,2023-01-01,21,3.383
growth_yoy,2023-02-01,21,9.045
growth_yoy,2023-03-01,21,4.988
growth_yoy,2023-04-01,21,2.488
growth_yoy,2023-05-01,21,3.331
growth_yoy,2023-06-01,21,-4.642
growth_yoy,2023-07-01,21,-3.806
growth_yoy,2023-08-01,21,-4.712
growth_yoy,2023-09-01,21,-6.68
growth_yoy,2023-10-01,21,-2.199
growth_yoy,2023-11-01,21,-6.457
growth_yoy,2023-12-01,21,-0.238
growth_yoy,2024-01-01,21,3.691
growth_yoy,2024-02-01,21,6.401
growth_yoy,2024-03-01,21,5.945
growth_yoy,2024-04-01,21,7.567
growth_yoy,2024-05-01,21,4.42
growth_yoy,2024-06-01,21,8.788
growth_yoy,2024-07-01,21,7.358
growth_yoy,2024-08-01,21,5.609
growth_yoy,2024-09-01,21,5.448
growth_yoy,2024-10-01,21,2.498
growth_yoy,2024-11-01,21,5.452
growth_yoy,2024-12-01,21,5.676
growth_yoy,2025-01-01,21,1.905
growth_yoy,2025-02-01,21,6.925
growth_yoy,2025-03-01,21,6.364
growth_yoy,2025-04-01,21,6.72
growth_yoy,2025-05-01,21,9.199
growth_yoy,2025-06-01,21,7.251
growth_yoy,2025-07-01,21,8.235
growth_yoy,2025-08-01,21,9.014
growth_yoy,2025-09-01,21,10.107
growth_yoy,2025-10-01,21,13.724
growth_yoy,2025-11-01,21,9.247
growth_yoy,2025-12-01,21,5.192
growth_yoy,2026-01-01,21,3.419
growth_yoy,2026-02-01,21,2.523
growth_yoy,2026-03-01,21,-0.666
growth_yoy,2026-04-01,21,5.291
growth_yoy,2026-05-01,21,2.494
growth_yoy,2026-06-01,21,6.386
growth_mom,2015-02-01,21,9.737
growth_mom,2015-03-01,21,1.634
growth_mom,2015-04-01,21,8.119
growth_mom,2015-05-01,21,15.537
growth_mom,2015-06-01,21,-19.124
growth_mom,2015-07-01,21,11.848
growth_mom,2015-08-01,21,-4.72
growth_mom,2015-09-01,21,13.379
growth_mom,2015-10-01,21,-9.034
growth_mom,2015-11-01,21,-12.352
growth_mom,2015-12-01,21,13.32
growth_mom,2016-01-01,21,-15.517
growth_mom,2016-02-01,21,10.167
growth_mom,2016-03-01,21,1.139
growth_mom,2016-04-01,21,9.645
growth_mom,2016-05-01,21,13.073
growth_mom,2016-06-01,21,-18.922
growth_mom,2016-07-01,21,10.601
growth_mom,2016-08-01,21,-0.791
growth_mom,2016-09-01,21,10.099
growth_mom,2016-10-01,21,-7.411
growth_mom,2016-11-01,21,-8.676
growth_mom,2016-12-01,21,7.509
growth_mom,2017-01-01,21,-16.572
growth_mom,2017-02-01,21,11.512
growth_mom,2017-03-01,21,4.736
growth_mom,2017-04-01,21,8.541
growth_mom,2017-05-01,21,12.471
growth_mom,2017-06-01,21,-22.258
growth_mom,2017-07-01,21,13.045
growth_mom,2017-08-01,21,-0.965
growth_mom,2017-09-01,21,9.293
growth_mom,2017-10-01,21,-1.653
growth_mom,2017-11-01,21,-6.793
growth_mom,2017-12-01,21,-5.113
growth_mom,2018-01-01,21,-7.799
growth_mom,2018-02-01,21,11.408
growth_mom,2018-03-01,21,2.327
growth_mom,2018-04-01,21,9.941
growth_mom,2018-05-01,21,7.148
growth_mom,2018-06-01,21,-19.955
growth_mom,2018-07-01,21,12.182
growth_mom,2018-08-01,21,0.706
growth_mom,2018-09-01,21,8.639
growth_mom,2018-10-01,21,-2.383
growth_mom,2018-11-01,21,-8.661
growth_mom,2018-12-01,21,-0.235
growth_mom,2019-01-01,21,-10.937
growth_mom,2019-02-01,21,13.17
growth_mom,2019-03-01,21,4.088
growth_mom,2019-04-01,21,5.002
growth_mom,2019-05-01,21,7.518
growth_mom,2019-06-01,21,-18.684
growth_mom,2019-07-01,21,13.842
growth_mom,2019-08-01,21,-2.09
growth_mom,2019-09-01,21,5.55
growth_mom,2019-10-01,21,-1.639
growth_mom,2019-11-01,21,-6.076
growth_mom,2019-12-01,21,-1.39
growth_mom,2020-01-01,21,-10.261
growth_mom,2020-02-01,21,14.794
growth_mom,2020-03-01,21,2.142
growth_mom,2020-04-01,21,5.943
growth_mom,2020-05-01,21,6.063
growth_mom,2020-06-01,21,7.404
growth_mom,2020-07-01,21,1.366
growth_mom,2020-08-01,21,-0.595
growth_mom,2020-09-01,21,6.863
growth_mom,2020-10-01,21,-6.867
growth_mom,2020-11-01,21,-9.37
growth_mom,2020-12-01,21,1.839
growth_mom,2021-01-01,21,-9.205
growth_mom,2021-02-01,21,17.157
growth_mom,2021-03-01,21,4.208
growth_mom,2021-04-01,21,-2.355
growth_mom,2021-05-01,21,-0.293
growth_mom,2021-06-01,21,11.141
growth_mom,2021-07-01,21,-0.559
growth_mom,2021-08-01,21,3.11
growth_mom,2021-09-01,21,8.514
growth_mom,2021-10-01,21,-3.839
growth_mom,2021-11-01,21,-8.816
growth_mom,2021-12-01,21,3.497
growth_mom,2022-01-01,21,-10.046
growth_mom,2022-02-01,21,2.908
growth_mom,2022-03-01,21,4.808
growth_mom,2022-04-01,21,-1.719
growth_mom,2022-05-01,21,-3.114
growth_mom,2022-06-01,21,11.918
growth_mom,2022-07-01,21,4.32
growth_mom,2022-08-01,21,2.238
growth_mom,2022-09-01,21,3.331
growth_mom,2022-10-01,21,-4.808
growth_mom,2022-11-01,21,-9.28
growth_mom,2022-12-01,21,6.618
growth_mom,2023-01-01,21,-11.359
growth_mom,2023-02-01,21,8.544
growth_mom,2023-03-01,21,0.909
growth_mom,2023-04-01,21,-4.06
growth_mom,2023-05-01,21,-2.317
growth_mom,2023-06-01,21,3.282
growth_mom,2023-07-01,21,5.234
growth_mom,2023-08-01,21,1.275
growth_mom,2023-09-01,21,1.197
growth_mom,2023-10-01,21,-0.238
growth_mom,2023-11-01,21,-13.229
growth_mom,2023-12-01,21,13.707
growth_mom,2024-01-01,21,-7.868
growth_mom,2024-02-01,21,11.381
growth_mom,2024-03-01,21,0.477
growth_mom,2024-04-01,21,-2.591
growth_mom,2024-05-01,21,-5.175
growth_mom,2024-06-01,21,7.602
growth_mom,2024-07-01,21,3.852
growth_mom,2024-08-01,21,-0.375
growth_mom,2024-09-01,21,1.042
growth_mom,2024-10-01,21,-3.028
growth_mom,2024-11-01,21,-10.729
growth_mom,2024-12-01,21,13.948
growth_mom,2025-01-01,21,-11.155
growth_mom,2025-02-01,21,16.868
growth_mom,2025-03-01,21,-0.051
growth_mom,2025-04-01,21,-2.266
growth_mom,2025-05-01,21,-2.972
growth_mom,2025-06-01,21,5.683
growth_mom,2025-07-01,21,4.804
growth_mom,2025-08-01,21,0.343
growth_mom,2025-09-01,21,2.055
growth_mom,2025-10-01,21,0.157
growth_mom,2025-11-01,21,-14.243
growth_mom,2025-12-01,21,9.719
growth_mom,2026-01-01,21,-12.653
growth_mom,2026-02-01,21,15.855
growth_mom,2026-03-01,21,-3.16
growth_mom,2026-04-01,21,3.596
growth_mom,2026-05-01,21,-5.55
growth_mom,2026-06-01,21,9.696
abs,2015-01-01,23,94.773
abs,2015-02-01,23,88.426
abs,2015-03-01,23,100.375
abs,2015-04-01,23,96.923
abs,2015-05-01,23,98.403
abs,2015-06-01,23,102.124
abs,2015-07-01,23,99.509
abs,2015-08-01,23,99.859
abs,2015-09-01,23,100.857
abs,2015-10-01,23,106.269
abs,2015-11-01,23,104.107
abs,2015-12-01,23,108.374
abs,2016-01-01,23,101.503
abs,2016-02-01,23,91.542
abs,2016-03-01,23,104.205
abs,2016-04-01,23,101.172
abs,2016-05-01,23,102.305
abs,2016-06-01,23,106.578
abs,2016-07-01,23,103.318
abs,2016-08-01,23,106.177
abs,2016-09-01,23,105.116
abs,2016-10-01,23,111.064
abs,2016-11-01,23,109.182
abs,2016-12-01,23,110.705
abs,2017-01-01,23,103.752
abs,2017-02-01,23,97.116
abs,2017-03-01,23,109.112
abs,2017-04-01,23,105.876
abs,2017-05-01,23,107.425
abs,2017-06-01,23,110.79
abs,2017-07-01,23,109.789
abs,2017-08-01,23,112.057
abs,2017-09-01,23,109.103
abs,2017-10-01,23,115.358
abs,2017-11-01,23,113.708
abs,2017-12-01,23,115.31
abs,2018-01-01,23,111.46
abs,2018-02-01,23,102.563
abs,2018-03-01,23,114.738
abs,2018-04-01,23,111.626
abs,2018-05-01,23,113.816
abs,2018-06-01,23,117.264
abs,2018-07-01,23,117.989
abs,2018-08-01,23,118.004
abs,2018-09-01,23,115.018
abs,2018-10-01,23,120.135
abs,2018-11-01,23,118.446
abs,2018-12-01,23,120.318
abs,2019-01-01,23,117.906
abs,2019-02-01,23,107.641
abs,2019-03-01,23,119.555
abs,2019-04-01,23,116.624
abs,2019-05-01,23,118.421
abs,2019-06-01,23,123.276
abs,2019-07-01,23,122.906
abs,2019-08-01,23,124.003
abs,2019-09-01,23,119.761
abs,2019-10-01,23,124.02
abs,2019-11-01,23,123.404
abs,2019-12-01,23,126.281
abs,2020-01-01,23,122.945
abs,2020-02-01,23,114.023
abs,2020-03-01,23,106.29
abs,2020-04-01,23,32.745
abs,2020-05-01,23,58.331
abs,2020-06-01,23,98.563
abs,2020-07-01,23,111.012
abs,2020-08-01,23,113.743
abs,2020-09-01,23,111.787
abs,2020-10-01,23,120.945
abs,2020-11-01,23,120.825
abs,2020-12-01,23,125.9
abs,2021-01-01,23,123.288
abs,2021-02-01,23,113.069
abs,2021-03-01,23,115.582
abs,2021-04-01,23,102.946
abs,2021-05-01,23,86.343
abs,2021-06-01,23,70.798
abs,2021-07-01,23,69.78
abs,2021-08-01,23,93.681
abs,2021-09-01,23,100.536
abs,2021-10-01,23,119.346
abs,2021-11-01,23,125.217
abs,2021-12-01,23,129.455
abs,2022-01-01,23,130.041
abs,2022-02-01,23,119.915
abs,2022-03-01,23,123.178
abs,2022-04-01,23,110.735
abs,2022-05-01,23,91.637
abs,2022-06-01,23,93.602
abs,2022-07-01,23,94.006
abs,2022-08-01,23,109.285
abs,2022-09-01,23,110.651
abs,2022-10-01,23,123.504
abs,2022-11-01,23,125.401
abs,2022-12-01,23,132.312
abs,2023-01-01,23,131.47
abs,2023-02-01,23,126.106
abs,2023-03-01,23,128.711
abs,2023-04-01,23,112.698
abs,2023-05-01,23,94.994
abs,2023-06-01,23,96.918
abs,2023-07-01,23,96.786
abs,2023-08-01,23,112.98
abs,2023-09-01,23,119.547
abs,2023-10-01,23,131.586
abs,2023-11-01,23,134.059
abs,2023-12-01,23,139.265
abs,2024-01-01,23,140.186
abs,2024-02-01,23,132.476
abs,2024-03-01,23,138.454
abs,2024-04-01,23,125.369
abs,2024-05-01,23,104.341
abs,2024-06-01,23,105.548
abs,2024-07-01,23,108.601
abs,2024-08-01,23,123.514
abs,2024-09-01,23,127.458
abs,2024-10-01,23,138.483
abs,2024-11-01,23,138.002
abs,2024-12-01,23,144.117
abs,2025-01-01,23,141.697
abs,2025-02-01,23,135.555
abs,2025-03-01,23,143.628
abs,2025-04-01,23,131.082
abs,2025-05-01,23,106.778
abs,2025-06-01,23,107.096
abs,2025-07-01,23,109.218
abs,2025-08-01,23,123.932
abs,2025-09-01,23,124.901
abs,2025-10-01,23,136.982
abs,2025-11-01,23,138.388
abs,2025-12-01,23,147.631
abs,2026-01-01,23,148.821
abs,2026-02-01,23,139.86
abs,2026-03-01,23,147.419
abs,2026-04-01,23,139.897
abs,2026-05-01,23,109.929
abs,2026-06-01,23,113.665
growth_yoy,2016-01-01,23,7.102
growth_yoy,2016-02-01,23,3.524
growth_yoy,2016-03-01,23,3.816
growth_yoy,2016-04-01,23,4.384
growth_yoy,2016-05-01,23,3.965
growth_yoy,2016-06-01,23,4.361
growth_yoy,2016-07-01,23,3.828
growth_yoy,2016-08-01,23,6.327
growth_yoy,2016-09-01,23,4.223
growth_yoy,2016-10-01,23,4.512
growth_yoy,2016-11-01,23,4.874
growth_yoy,2016-12-01,23,2.151
growth_yoy,2017-01-01,23,2.216
growth_yoy,2017-02-01,23,6.089
growth_yoy,2017-03-01,23,4.709
growth_yoy,2017-04-01,23,4.649
growth_yoy,2017-05-01,23,5.004
growth_yoy,2017-06-01,23,3.952
growth_yoy,2017-07-01,23,6.263
growth_yoy,2017-08-01,23,5.538
growth_yoy,2017-09-01,23,3.792
growth_yoy,2017-10-01,23,3.867
growth_yoy,2017-11-01,23,4.145
growth_yoy,2017-12-01,23,4.16
growth_yoy,2018-01-01,23,7.429
growth_yoy,2018-02-01,23,5.609
growth_yoy,2018-03-01,23,5.156
growth_yoy,2018-04-01,23,5.431
growth_yoy,2018-05-01,23,5.949
growth_yoy,2018-06-01,23,5.843
growth_yoy,2018-07-01,23,7.469
growth_yoy,2018-08-01,23,5.307
growth_yoy,2018-09-01,23,5.421
growth_yoy,2018-10-01,23,4.14
growth_yoy,2018-11-01,23,4.167
growth_yoy,2018-12-01,23,4.343
growth_yoy,2019-01-01,23,5.783
growth_yoy,2019-02-01,23,4.951
growth_yoy,2019-03-01,23,4.199
growth_yoy,2019-04-01,23,4.477
growth_yoy,2019-05-01,23,4.046
growth_yoy,2019-06-01,23,5.127
growth_yoy,2019-07-01,23,4.167
growth_yoy,2019-08-01,23,5.083
growth_yoy,2019-09-01,23,4.124
growth_yoy,2019-10-01,23,3.234
growth_yoy,2019-11-01,23,4.186
growth_yoy,2019-12-01,23,4.956
growth_yoy,2020-01-01,23,4.274
growth_yoy,2020-02-01,23,5.929
growth_yoy,2020-03-01,23,-11.095
growth_yoy,2020-04-01,23,-71.923
growth_yoy,2020-05-01,23,-50.743
growth_yoy,2020-06-01,23,-20.047
growth_yoy,2020-07-01,23,-9.677
growth_yoy,2020-08-01,23,-8.274
growth_yoy,2020-09-01,23,-6.658
growth_yoy,2020-10-01,23,-2.479
growth_yoy,2020-11-01,23,-2.09
growth_yoy,2020-12-01,23,-0.302
growth_yoy,2021-01-01,23,0.28
growth_yoy,2021-02-01,23,-0.836
growth_yoy,2021-03-01,23,8.742
growth_yoy,2021-04-01,23,214.388
growth_yoy,2021-05-01,23,48.024
growth_yoy,2021-06-01,23,-28.169
growth_yoy,2021-07-01,23,-37.142
growth_yoy,2021-08-01,23,-17.638
growth_yoy,2021-09-01,23,-10.065
growth_yoy,2021-10-01,23,-1.322
growth_yoy,2021-11-01,23,3.635
growth_yoy,2021-12-01,23,2.824
growth_yoy,2022-01-01,23,5.477
growth_yoy,2022-02-01,23,6.054
growth_yoy,2022-03-01,23,6.572
growth_yoy,2022-04-01,23,7.566
growth_yoy,2022-05-01,23,6.131
growth_yoy,2022-06-01,23,32.209
growth_yoy,2022-07-01,23,34.717
growth_yoy,2022-08-01,23,16.656
growth_yoy,2022-09-01,23,10.062
growth_yoy,2022-10-01,23,3.484
growth_yoy,2022-11-01,23,0.147
growth_yoy,2022-12-01,23,2.207
growth_yoy,2023-01-01,23,1.098
growth_yoy,2023-02-01,23,5.163
growth_yoy,2023-03-01,23,4.491
growth_yoy,2023-04-01,23,1.773
growth_yoy,2023-05-01,23,3.664
growth_yoy,2023-06-01,23,3.542
growth_yoy,2023-07-01,23,2.958
growth_yoy,2023-08-01,23,3.381
growth_yoy,2023-09-01,23,8.039
growth_yoy,2023-10-01,23,6.544
growth_yoy,2023-11-01,23,6.904
growth_yoy,2023-12-01,23,5.255
growth_yoy,2024-01-01,23,6.63
growth_yoy,2024-02-01,23,5.051
growth_yoy,2024-03-01,23,7.57
growth_yoy,2024-04-01,23,11.243
growth_yoy,2024-05-01,23,9.839
growth_yoy,2024-06-01,23,8.905
growth_yoy,2024-07-01,23,12.207
growth_yoy,2024-08-01,23,9.324
growth_yoy,2024-09-01,23,6.618
growth_yoy,2024-10-01,23,5.242
growth_yoy,2024-11-01,23,2.941
growth_yoy,2024-12-01,23,3.484
growth_yoy,2025-01-01,23,1.078
growth_yoy,2025-02-01,23,2.324
growth_yoy,2025-03-01,23,3.737
growth_yoy,2025-04-01,23,4.557
growth_yoy,2025-05-01,23,2.335
growth_yoy,2025-06-01,23,1.466
growth_yoy,2025-07-01,23,0.568
growth_yoy,2025-08-01,23,0.338
growth_yoy,2025-09-01,23,-2.006
growth_yoy,2025-10-01,23,-1.084
growth_yoy,2025-11-01,23,0.28
growth_yoy,2025-12-01,23,2.439
growth_yoy,2026-01-01,23,5.028
growth_yoy,2026-02-01,23,3.176
growth_yoy,2026-03-01,23,2.639
growth_yoy,2026-04-01,23,6.724
growth_yoy,2026-05-01,23,2.951
growth_yoy,2026-06-01,23,6.134
growth_mom,2015-02-01,23,-6.697
growth_mom,2015-03-01,23,13.513
growth_mom,2015-04-01,23,-3.439
growth_mom,2015-05-01,23,1.527
growth_mom,2015-06-01,23,3.781
growth_mom,2015-07-01,23,-2.561
growth_mom,2015-08-01,23,0.351
growth_mom,2015-09-01,23,1.0
growth_mom,2015-10-01,23,5.365
growth_mom,2015-11-01,23,-2.034
growth_mom,2015-12-01,23,4.098
growth_mom,2016-01-01,23,-6.34
growth_mom,2016-02-01,23,-9.814
growth_mom,2016-03-01,23,13.833
growth_mom,2016-04-01,23,-2.911
growth_mom,2016-05-01,23,1.12
growth_mom,2016-06-01,23,4.177
growth_mom,2016-07-01,23,-3.059
growth_mom,2016-08-01,23,2.767
growth_mom,2016-09-01,23,-0.999
growth_mom,2016-10-01,23,5.658
growth_mom,2016-11-01,23,-1.695
growth_mom,2016-12-01,23,1.395
growth_mom,2017-01-01,23,-6.28
growth_mom,2017-02-01,23,-6.396
growth_mom,2017-03-01,23,12.352
growth_mom,2017-04-01,23,-2.966
growth_mom,2017-05-01,23,1.463
growth_mom,2017-06-01,23,3.133
growth_mom,2017-07-01,23,-0.904
growth_mom,2017-08-01,23,2.066
growth_mom,2017-09-01,23,-2.637
growth_mom,2017-10-01,23,5.734
growth_mom,2017-11-01,23,-1.431
growth_mom,2017-12-01,23,1.409
growth_mom,2018-01-01,23,-3.338
growth_mom,2018-02-01,23,-7.982
growth_mom,2018-03-01,23,11.87
growth_mom,2018-04-01,23,-2.712
growth_mom,2018-05-01,23,1.962
growth_mom,2018-06-01,23,3.029
growth_mom,2018-07-01,23,0.619
growth_mom,2018-08-01,23,0.013
growth_mom,2018-09-01,23,-2.531
growth_mom,2018-10-01,23,4.449
growth_mom,2018-11-01,23,-1.406
growth_mom,2018-12-01,23,1.58
growth_mom,2019-01-01,23,-2.005
growth_mom,2019-02-01,23,-8.706
growth_mom,2019-03-01,23,11.068
growth_mom,2019-04-01,23,-2.452
growth_mom,2019-05-01,23,1.541
growth_mom,2019-06-01,23,4.1
growth_mom,2019-07-01,23,-0.3
growth_mom,2019-08-01,23,0.893
growth_mom,2019-09-01,23,-3.421
growth_mom,2019-10-01,23,3.557
growth_mom,2019-11-01,23,-0.497
growth_mom,2019-12-01,23,2.331
growth_mom,2020-01-01,23,-2.642
growth_mom,2020-02-01,23,-7.257
growth_mom,2020-03-01,23,-6.782
growth_mom,2020-04-01,23,-69.193
growth_mom,2020-05-01,23,78.136
growth_mom,2020-06-01,23,68.973
growth_mom,2020-07-01,23,12.631
growth_mom,2020-08-01,23,2.46
growth_mom,2020-09-01,23,-1.72
growth_mom,2020-10-01,23,8.192
growth_mom,2020-11-01,23,-0.099
growth_mom,2020-12-01,23,4.2
growth_mom,2021-01-01,23,-2.074
growth_mom,2021-02-01,23,-8.289
growth_mom,2021-03-01,23,2.222
growth_mom,2021-04-01,23,-10.932
growth_mom,2021-05-01,23,-16.127
growth_mom,2021-06-01,23,-18.004
growth_mom,2021-07-01,23,-1.438
growth_mom,2021-08-01,23,34.252
growth_mom,2021-09-01,23,7.317
growth_mom,2021-10-01,23,18.71
growth_mom,2021-11-01,23,4.919
growth_mom,2021-12-01,23,3.385
growth_mom,2022-01-01,23,0.453
growth_mom,2022-02-01,23,-7.787
growth_mom,2022-03-01,23,2.721
growth_mom,2022-04-01,23,-10.102
growth_mom,2022-05-01,23,-17.247
growth_mom,2022-06-01,23,2.144
growth_mom,2022-07-01,23,0.431
growth_mom,2022-08-01,23,16.253
growth_mom,2022-09-01,23,1.25
growth_mom,2022-10-01,23,11.615
growth_mom,2022-11-01,23,1.536
growth_mom,2022-12-01,23,5.511
growth_mom,2023-01-01,23,-0.637
growth_mom,2023-02-01,23,-4.08
growth_mom,2023-03-01,23,2.065
growth_mom,2023-04-01,23,-12.441
growth_mom,2023-05-01,23,-15.709
growth_mom,2023-06-01,23,2.024
growth_mom,2023-07-01,23,-0.135
growth_mom,2023-08-01,23,16.731
growth_mom,2023-09-01,23,5.813
growth_mom,2023-10-01,23,10.07
growth_mom,2023-11-01,23,1.88
growth_mom,2023-12-01,23,3.883
growth_mom,2024-01-01,23,0.662
growth_mom,2024-02-01,23,-5.5
growth_mom,2024-03-01,23,4.513
growth_mom,2024-04-01,23,-9.451
growth_mom,2024-05-01,23,-16.773
growth_mom,2024-06-01,23,1.157
growth_mom,2024-07-01,23,2.893
growth_mom,2024-08-01,23,13.732
growth_mom,2024-09-01,23,3.193
growth_mom,2024-10-01,23,8.65
growth_mom,2024-11-01,23,-0.348
growth_mom,2024-12-01,23,4.431
growth_mom,2025-01-01,23,-1.679
growth_mom,2025-02-01,23,-4.334
growth_mom,2025-03-01,23,5.955
growth_mom,2025-04-01,23,-8.735
growth_mom,2025-05-01,23,-18.541
growth_mom,2025-06-01,23,0.298
growth_mom,2025-07-01,23,1.981
growth_mom,2025-08-01,23,13.472
growth_mom,2025-09-01,23,0.782
growth_mom,2025-10-01,23,9.672
growth_mom,2025-11-01,23,1.027
growth_mom,2025-12-01,23,6.679
growth_mom,2026-01-01,23,0.806
growth_mom,2026-02-01,23,-6.021
growth_mom,2026-03-01,23,5.405
growth_mom,2026-04-01,23,-5.103
growth_mom,2026-05-01,23,-21.421
growth_mom,2026-06-01,23,3.399
abs,2015-01-01,24,92.777
abs,2015-02-01,24,96.418
abs,2015-03-01,24,102.016
abs,2015-04-01,24,102.759
abs,2015-05-01,24,98.233
abs,2015-06-01,24,104.593
abs,2015-07-01,24,107.568
abs,2015-08-01,24,101.335
abs,2015-09-01,24,104.282
abs,2015-10-01,24,100.523
abs,2015-11-01,24,94.234
abs,2015-12-01,24,95.262
abs,2016-01-01,24,93.982
abs,2016-02-01,24,94.123
abs,2016-03-01,24,102.411
abs,2016-04-01,24,102.665
abs,2016-05-01,24,101.994
abs,2016-06-01,24,108.735
abs,2016-07-01,24,108.896
abs,2016-08-01,24,102.909
abs,2016-09-01,24,105.076
abs,2016-10-01,24,101.686
abs,2016-11-01,24,102.152
abs,2016-12-01,24,100.305
abs,2017-01-01,24,98.333
abs,2017-02-01,24,97.581
abs,2017-03-01,24,107.866
abs,2017-04-01,24,107.718
abs,2017-05-01,24,107.375
abs,2017-06-01,24,113.071
abs,2017-07-01,24,118.061
abs,2017-08-01,24,110.857
abs,2017-09-01,24,110.388
abs,2017-10-01,24,107.323
abs,2017-11-01,24,107.262
abs,2017-12-01,24,105.754
abs,2018-01-01,24,105.328
abs,2018-02-01,24,103.433
abs,2018-03-01,24,112.324
abs,2018-04-01,24,111.473
abs,2018-05-01,24,110.733
abs,2018-06-01,24,116.848
abs,2018-07-01,24,122.182
abs,2018-08-01,24,115.306
abs,2018-09-01,24,114.511
abs,2018-10-01,24,112.394
abs,2018-11-01,24,111.555
abs,2018-12-01,24,109.366
abs,2019-01-01,24,108.687
abs,2019-02-01,24,107.168
abs,2019-03-01,24,115.721
abs,2019-04-01,24,115.891
abs,2019-05-01,24,114.557
abs,2019-06-01,24,121.871
abs,2019-07-01,24,127.981
abs,2019-08-01,24,119.568
abs,2019-09-01,24,118.273
abs,2019-10-01,24,117.358
abs,2019-11-01,24,117.089
abs,2019-12-01,24,115.065
abs,2020-01-01,24,112.672
abs,2020-02-01,24,116.225
abs,2020-03-01,24,105.751
abs,2020-04-01,24,56.832
abs,2020-05-01,24,72.073
abs,2020-06-01,24,128.344
abs,2020-07-01,24,131.955
abs,2020-08-01,24,123.408
abs,2020-09-01,24,123.158
abs,2020-10-01,24,122.424
abs,2020-11-01,24,120.456
abs,2020-12-01,24,119.262
abs,2021-01-01,24,118.097
abs,2021-02-01,24,114.612
abs,2021-03-01,24,114.215
abs,2021-04-01,24,113.687
abs,2021-05-01,24,104.849
abs,2021-06-01,24,93.642
abs,2021-07-01,24,91.477
abs,2021-08-01,24,111.787
abs,2021-09-01,24,124.443
abs,2021-10-01,24,126.769
abs,2021-11-01,24,127.997
abs,2021-12-01,24,128.252
abs,2022-01-01,24,125.694
abs,2022-02-01,24,120.611
abs,2022-03-01,24,125.441
abs,2022-04-01,24,121.425
abs,2022-05-01,24,113.114
abs,2022-06-01,24,111.302
abs,2022-07-01,24,111.609
abs,2022-08-01,24,124.482
abs,2022-09-01,24,126.07
abs,2022-10-01,24,129.074
abs,2022-11-01,24,129.771
abs,2022-12-01,24,124.438
abs,2023-01-01,24,119.811
abs,2023-02-01,24,126.775
abs,2023-03-01,24,131.558
abs,2023-04-01,24,125.066
abs,2023-05-01,24,121.225
abs,2023-06-01,24,116.396
abs,2023-07-01,24,114.2
abs,2023-08-01,24,124.974
abs,2023-09-01,24,133.18
abs,2023-10-01,24,132.278
abs,2023-11-01,24,135.289
abs,2023-12-01,24,125.775
abs,2024-01-01,24,122.924
abs,2024-02-01,24,128.546
abs,2024-03-01,24,134.437
abs,2024-04-01,24,133.784
abs,2024-05-01,24,127.733
abs,2024-06-01,24,125.679
abs,2024-07-01,24,126.204
abs,2024-08-01,24,133.677
abs,2024-09-01,24,140.701
abs,2024-10-01,24,135.976
abs,2024-11-01,24,138.514
abs,2024-12-01,24,127.328
abs,2025-01-01,24,123.875
abs,2025-02-01,24,132.826
abs,2025-03-01,24,139.518
abs,2025-04-01,24,141.862
abs,2025-05-01,24,133.531
abs,2025-06-01,24,134.051
abs,2025-07-01,24,135.514
abs,2025-08-01,24,140.931
abs,2025-09-01,24,149.281
abs,2025-10-01,24,147.644
abs,2025-11-01,24,146.692
abs,2025-12-01,24,136.215
abs,2026-01-01,24,132.159
abs,2026-02-01,24,137.632
abs,2026-03-01,24,145.829
abs,2026-04-01,24,152.056
abs,2026-05-01,24,143.337
abs,2026-06-01,24,145.098
growth_yoy,2016-01-01,24,1.299
growth_yoy,2016-02-01,24,-2.381
growth_yoy,2016-03-01,24,0.387
growth_yoy,2016-04-01,24,-0.092
growth_yoy,2016-05-01,24,3.828
growth_yoy,2016-06-01,24,3.96
growth_yoy,2016-07-01,24,1.234
growth_yoy,2016-08-01,24,1.553
growth_yoy,2016-09-01,24,0.761
growth_yoy,2016-10-01,24,1.157
growth_yoy,2016-11-01,24,8.403
growth_yoy,2016-12-01,24,5.295
growth_yoy,2017-01-01,24,4.629
growth_yoy,2017-02-01,24,3.675
growth_yoy,2017-03-01,24,5.327
growth_yoy,2017-04-01,24,4.923
growth_yoy,2017-05-01,24,5.276
growth_yoy,2017-06-01,24,3.987
growth_yoy,2017-07-01,24,8.416
growth_yoy,2017-08-01,24,7.724
growth_yoy,2017-09-01,24,5.056
growth_yoy,2017-10-01,24,5.544
growth_yoy,2017-11-01,24,5.003
growth_yoy,2017-12-01,24,5.432
growth_yoy,2018-01-01,24,7.114
growth_yoy,2018-02-01,24,5.997
growth_yoy,2018-03-01,24,4.133
growth_yoy,2018-04-01,24,3.486
growth_yoy,2018-05-01,24,3.128
growth_yoy,2018-06-01,24,3.341
growth_yoy,2018-07-01,24,3.491
growth_yoy,2018-08-01,24,4.013
growth_yoy,2018-09-01,24,3.735
growth_yoy,2018-10-01,24,4.724
growth_yoy,2018-11-01,24,4.002
growth_yoy,2018-12-01,24,3.415
growth_yoy,2019-01-01,24,3.188
growth_yoy,2019-02-01,24,3.611
growth_yoy,2019-03-01,24,3.025
growth_yoy,2019-04-01,24,3.963
growth_yoy,2019-05-01,24,3.453
growth_yoy,2019-06-01,24,4.299
growth_yoy,2019-07-01,24,4.746
growth_yoy,2019-08-01,24,3.696
growth_yoy,2019-09-01,24,3.285
growth_yoy,2019-10-01,24,4.417
growth_yoy,2019-11-01,24,4.96
growth_yoy,2019-12-01,24,5.211
growth_yoy,2020-01-01,24,3.667
growth_yoy,2020-02-01,24,8.451
growth_yoy,2020-03-01,24,-8.616
growth_yoy,2020-04-01,24,-50.961
growth_yoy,2020-05-01,24,-37.086
growth_yoy,2020-06-01,24,5.312
growth_yoy,2020-07-01,24,3.106
growth_yoy,2020-08-01,24,3.212
growth_yoy,2020-09-01,24,4.13
growth_yoy,2020-10-01,24,4.317
growth_yoy,2020-11-01,24,2.876
growth_yoy,2020-12-01,24,3.648
growth_yoy,2021-01-01,24,4.815
growth_yoy,2021-02-01,24,-1.387
growth_yoy,2021-03-01,24,8.004
growth_yoy,2021-04-01,24,100.04
growth_yoy,2021-05-01,24,45.477
growth_yoy,2021-06-01,24,-27.038
growth_yoy,2021-07-01,24,-30.676
growth_yoy,2021-08-01,24,-9.417
growth_yoy,2021-09-01,24,1.043
growth_yoy,2021-10-01,24,3.549
growth_yoy,2021-11-01,24,6.261
growth_yoy,2021-12-01,24,7.538
growth_yoy,2022-01-01,24,6.433
growth_yoy,2022-02-01,24,5.234
growth_yoy,2022-03-01,24,9.829
growth_yoy,2022-04-01,24,6.807
growth_yoy,2022-05-01,24,7.883
growth_yoy,2022-06-01,24,18.86
growth_yoy,2022-07-01,24,22.008
growth_yoy,2022-08-01,24,11.357
growth_yoy,2022-09-01,24,1.308
growth_yoy,2022-10-01,24,1.818
growth_yoy,2022-11-01,24,1.386
growth_yoy,2022-12-01,24,-2.974
growth_yoy,2023-01-01,24,-4.68
growth_yoy,2023-02-01,24,5.11
growth_yoy,2023-03-01,24,4.876
growth_yoy,2023-04-01,24,2.999
growth_yoy,2023-05-01,24,7.17
growth_yoy,2023-06-01,24,4.577
growth_yoy,2023-07-01,24,2.321
growth_yoy,2023-08-01,24,0.396
growth_yoy,2023-09-01,24,5.64
growth_yoy,2023-10-01,24,2.483
growth_yoy,2023-11-01,24,4.252
growth_yoy,2023-12-01,24,1.075
growth_yoy,2024-01-01,24,2.598
growth_yoy,2024-02-01,24,1.397
growth_yoy,2024-03-01,24,2.188
growth_yoy,2024-04-01,24,6.971
growth_yoy,2024-05-01,24,5.369
growth_yoy,2024-06-01,24,7.975
growth_yoy,2024-07-01,24,10.511
growth_yoy,2024-08-01,24,6.964
growth_yoy,2024-09-01,24,5.647
growth_yoy,2024-10-01,24,2.795
growth_yoy,2024-11-01,24,2.383
growth_yoy,2024-12-01,24,1.235
growth_yoy,2025-01-01,24,0.774
growth_yoy,2025-02-01,24,3.329
growth_yoy,2025-03-01,24,3.78
growth_yoy,2025-04-01,24,6.038
growth_yoy,2025-05-01,24,4.539
growth_yoy,2025-06-01,24,6.661
growth_yoy,2025-07-01,24,7.378
growth_yoy,2025-08-01,24,5.426
growth_yoy,2025-09-01,24,6.099
growth_yoy,2025-10-01,24,8.581
growth_yoy,2025-11-01,24,5.904
growth_yoy,2025-12-01,24,6.979
growth_yoy,2026-01-01,24,6.687
growth_yoy,2026-02-01,24,3.618
growth_yoy,2026-03-01,24,4.523
growth_yoy,2026-04-01,24,7.186
growth_yoy,2026-05-01,24,7.344
growth_yoy,2026-06-01,24,8.241
growth_mom,2015-02-01,24,3.925
growth_mom,2015-03-01,24,5.805
growth_mom,2015-04-01,24,0.729
growth_mom,2015-05-01,24,-4.404
growth_mom,2015-06-01,24,6.474
growth_mom,2015-07-01,24,2.845
growth_mom,2015-08-01,24,-5.794
growth_mom,2015-09-01,24,2.908
growth_mom,2015-10-01,24,-3.605
growth_mom,2015-11-01,24,-6.256
growth_mom,2015-12-01,24,1.091
growth_mom,2016-01-01,24,-1.343
growth_mom,2016-02-01,24,0.15
growth_mom,2016-03-01,24,8.806
growth_mom,2016-04-01,24,0.248
growth_mom,2016-05-01,24,-0.653
growth_mom,2016-06-01,24,6.609
growth_mom,2016-07-01,24,0.148
growth_mom,2016-08-01,24,-5.498
growth_mom,2016-09-01,24,2.106
growth_mom,2016-10-01,24,-3.226
growth_mom,2016-11-01,24,0.458
growth_mom,2016-12-01,24,-1.808
growth_mom,2017-01-01,24,-1.967
growth_mom,2017-02-01,24,-0.764
growth_mom,2017-03-01,24,10.54
growth_mom,2017-04-01,24,-0.137
growth_mom,2017-05-01,24,-0.319
growth_mom,2017-06-01,24,5.304
growth_mom,2017-07-01,24,4.414
growth_mom,2017-08-01,24,-6.102
growth_mom,2017-09-01,24,-0.423
growth_mom,2017-10-01,24,-2.776
growth_mom,2017-11-01,24,-0.057
growth_mom,2017-12-01,24,-1.406
growth_mom,2018-01-01,24,-0.403
growth_mom,2018-02-01,24,-1.799
growth_mom,2018-03-01,24,8.596
growth_mom,2018-04-01,24,-0.757
growth_mom,2018-05-01,24,-0.664
growth_mom,2018-06-01,24,5.522
growth_mom,2018-07-01,24,4.565
growth_mom,2018-08-01,24,-5.628
growth_mom,2018-09-01,24,-0.69
growth_mom,2018-10-01,24,-1.849
growth_mom,2018-11-01,24,-0.746
growth_mom,2018-12-01,24,-1.963
growth_mom,2019-01-01,24,-0.621
growth_mom,2019-02-01,24,-1.397
growth_mom,2019-03-01,24,7.981
growth_mom,2019-04-01,24,0.146
growth_mom,2019-05-01,24,-1.151
growth_mom,2019-06-01,24,6.385
growth_mom,2019-07-01,24,5.013
growth_mom,2019-08-01,24,-6.574
growth_mom,2019-09-01,24,-1.083
growth_mom,2019-10-01,24,-0.774
growth_mom,2019-11-01,24,-0.229
growth_mom,2019-12-01,24,-1.728
growth_mom,2020-01-01,24,-2.08
growth_mom,2020-02-01,24,3.153
growth_mom,2020-03-01,24,-9.011
growth_mom,2020-04-01,24,-46.259
growth_mom,2020-05-01,24,26.817
growth_mom,2020-06-01,24,78.076
growth_mom,2020-07-01,24,2.814
growth_mom,2020-08-01,24,-6.477
growth_mom,2020-09-01,24,-0.203
growth_mom,2020-10-01,24,-0.596
growth_mom,2020-11-01,24,-1.608
growth_mom,2020-12-01,24,-0.991
growth_mom,2021-01-01,24,-0.977
growth_mom,2021-02-01,24,-2.951
growth_mom,2021-03-01,24,-0.346
growth_mom,2021-04-01,24,-0.463
growth_mom,2021-05-01,24,-7.774
growth_mom,2021-06-01,24,-10.689
growth_mom,2021-07-01,24,-2.312
growth_mom,2021-08-01,24,22.202
growth_mom,2021-09-01,24,11.322
growth_mom,2021-10-01,24,1.87
growth_mom,2021-11-01,24,0.969
growth_mom,2021-12-01,24,0.199
growth_mom,2022-01-01,24,-1.994
growth_mom,2022-02-01,24,-4.044
growth_mom,2022-03-01,24,4.005
growth_mom,2022-04-01,24,-3.202
growth_mom,2022-05-01,24,-6.844
growth_mom,2022-06-01,24,-1.602
growth_mom,2022-07-01,24,0.276
growth_mom,2022-08-01,24,11.534
growth_mom,2022-09-01,24,1.276
growth_mom,2022-10-01,24,2.383
growth_mom,2022-11-01,24,0.54
growth_mom,2022-12-01,24,-4.11
growth_mom,2023-01-01,24,-3.718
growth_mom,2023-02-01,24,5.812
growth_mom,2023-03-01,24,3.773
growth_mom,2023-04-01,24,-4.935
growth_mom,2023-05-01,24,-3.072
growth_mom,2023-06-01,24,-3.983
growth_mom,2023-07-01,24,-1.887
growth_mom,2023-08-01,24,9.435
growth_mom,2023-09-01,24,6.566
growth_mom,2023-10-01,24,-0.677
growth_mom,2023-11-01,24,2.276
growth_mom,2023-12-01,24,-7.032
growth_mom,2024-01-01,24,-2.267
growth_mom,2024-02-01,24,4.573
growth_mom,2024-03-01,24,4.583
growth_mom,2024-04-01,24,-0.485
growth_mom,2024-05-01,24,-4.523
growth_mom,2024-06-01,24,-1.608
growth_mom,2024-07-01,24,0.417
growth_mom,2024-08-01,24,5.922
growth_mom,2024-09-01,24,5.254
growth_mom,2024-10-01,24,-3.358
growth_mom,2024-11-01,24,1.867
growth_mom,2024-12-01,24,-8.075
growth_mom,2025-01-01,24,-2.712
growth_mom,2025-02-01,24,7.225
growth_mom,2025-03-01,24,5.038
growth_mom,2025-04-01,24,1.68
growth_mom,2025-05-01,24,-5.873
growth_mom,2025-06-01,24,0.39
growth_mom,2025-07-01,24,1.092
growth_mom,2025-08-01,24,3.997
growth_mom,2025-09-01,24,5.925
growth_mom,2025-10-01,24,-1.097
growth_mom,2025-11-01,24,-0.645
growth_mom,2025-12-01,24,-7.142
growth_mom,2026-01-01,24,-2.978
growth_mom,2026-02-01,24,4.141
growth_mom,2026-03-01,24,5.956
growth_mom,2026-04-01,24,4.27
growth_mom,2026-05-01,24,-5.735
growth_mom,2026-06-01,24,1.229
abs,2015-01-01,25,107.636
abs,2015-02-01,25,88.031
abs,2015-03-01,25,100.734
abs,2015-04-01,25,101.554
abs,2015-05-01,25,100.926
abs,2015-06-01,25,102.316
abs,2015-07-01,25,100.273
abs,2015-08-01,25,95.751
abs,2015-09-01,25,100.964
abs,2015-10-01,25,100.416
abs,2015-11-01,25,98.42
abs,2015-12-01,25,102.98
abs,2016-01-01,25,114.453
abs,2016-02-01,25,93.64
abs,2016-03-01,25,105.341
abs,2016-04-01,25,104.985
abs,2016-05-01,25,107.993
abs,2016-06-01,25,108.199
abs,2016-07-01,25,105.062
abs,2016-08-01,25,100.875
abs,2016-09-01,25,104.911
abs,2016-10-01,25,105.929
abs,2016-11-01,25,104.8
abs,2016-12-01,25,103.738
abs,2017-01-01,25,118.235
abs,2017-02-01,25,96.675
abs,2017-03-01,25,108.12
abs,2017-04-01,25,108.835
abs,2017-05-01,25,111.779
abs,2017-06-01,25,111.612
abs,2017-07-01,25,115.083
abs,2017-08-01,25,110.154
abs,2017-09-01,25,110.598
abs,2017-10-01,25,111.879
abs,2017-11-01,25,110.02
abs,2017-12-01,25,108.553
abs,2018-01-01,25,123.786
abs,2018-02-01,25,100.536
abs,2018-03-01,25,112.764
abs,2018-04-01,25,115.31
abs,2018-05-01,25,117.831
abs,2018-06-01,25,118.083
abs,2018-07-01,25,121.436
abs,2018-08-01,25,115.758
abs,2018-09-01,25,115.647
abs,2018-10-01,25,117.32
abs,2018-11-01,25,114.544
abs,2018-12-01,25,113.118
abs,2019-01-01,25,128.542
abs,2019-02-01,25,105.46
abs,2019-03-01,25,116.52
abs,2019-04-01,25,119.566
abs,2019-05-01,25,122.33
abs,2019-06-01,25,123.774
abs,2019-07-01,25,126.709
abs,2019-08-01,25,120.008
abs,2019-09-01,25,120.153
abs,2019-10-01,25,119.839
abs,2019-11-01,25,117.38
abs,2019-12-01,25,117.454
abs,2020-01-01,25,133.324
abs,2020-02-01,25,110.799
abs,2020-03-01,25,105.403
abs,2020-04-01,25,44.64
abs,2020-05-01,25,66.572
abs,2020-06-01,25,97.018
abs,2020-07-01,25,103.879
abs,2020-08-01,25,107.208
abs,2020-09-01,25,112.301
abs,2020-10-01,25,112.674
abs,2020-11-01,25,110.488
abs,2020-12-01,25,111.266
abs,2021-01-01,25,126.733
abs,2021-02-01,25,105.176
abs,2021-03-01,25,113.179
abs,2021-04-01,25,103.143
abs,2021-05-01,25,101.812
abs,2021-06-01,25,86.345
abs,2021-07-01,25,85.971
abs,2021-08-01,25,94.695
abs,2021-09-01,25,112.44
abs,2021-10-01,25,121.228
abs,2021-11-01,25,123.546
abs,2021-12-01,25,118.087
abs,2022-01-01,25,135.203
abs,2022-02-01,25,110.21
abs,2022-03-01,25,115.597
abs,2022-04-01,25,105.11
abs,2022-05-01,25,104.822
abs,2022-06-01,25,107.723
abs,2022-07-01,25,101.6
abs,2022-08-01,25,106.975
abs,2022-09-01,25,120.658
abs,2022-10-01,25,125.413
abs,2022-11-01,25,125.482
abs,2022-12-01,25,124.695
abs,2023-01-01,25,135.765
abs,2023-02-01,25,119.629
abs,2023-03-01,25,121.939
abs,2023-04-01,25,110.198
abs,2023-05-01,25,117.274
abs,2023-06-01,25,114.9
abs,2023-07-01,25,108.623
abs,2023-08-01,25,114.651
abs,2023-09-01,25,131.482
abs,2023-10-01,25,133.92
abs,2023-11-01,25,136.697
abs,2023-12-01,25,136.814
abs,2024-01-01,25,151.876
abs,2024-02-01,25,129.653
abs,2024-03-01,25,135.427
abs,2024-04-01,25,124.287
abs,2024-05-01,25,124.922
abs,2024-06-01,25,129.386
abs,2024-07-01,25,118.534
abs,2024-08-01,25,126.508
abs,2024-09-01,25,144.464
abs,2024-10-01,25,142.592
abs,2024-11-01,25,143.381
abs,2024-12-01,25,145.019
abs,2025-01-01,25,159.217
abs,2025-02-01,25,137.939
abs,2025-03-01,25,141.165
abs,2025-04-01,25,130.517
abs,2025-05-01,25,129.536
abs,2025-06-01,25,132.503
abs,2025-07-01,25,123.35
abs,2025-08-01,25,132.717
abs,2025-09-01,25,151.019
abs,2025-10-01,25,152.727
abs,2025-11-01,25,150.648
abs,2025-12-01,25,155.676
abs,2026-01-01,25,172.788
abs,2026-02-01,25,142.942
abs,2026-03-01,25,146.837
abs,2026-04-01,25,138.09
abs,2026-05-01,25,135.38
abs,2026-06-01,25,135.634
growth_yoy,2016-01-01,25,6.334
growth_yoy,2016-02-01,25,6.371
growth_yoy,2016-03-01,25,4.573
growth_yoy,2016-04-01,25,3.379
growth_yoy,2016-05-01,25,7.003
growth_yoy,2016-06-01,25,5.75
growth_yoy,2016-07-01,25,4.776
growth_yoy,2016-08-01,25,5.352
growth_yoy,2016-09-01,25,3.91
growth_yoy,2016-10-01,25,5.49
growth_yoy,2016-11-01,25,6.482
growth_yoy,2016-12-01,25,0.736
growth_yoy,2017-01-01,25,3.304
growth_yoy,2017-02-01,25,3.242
growth_yoy,2017-03-01,25,2.638
growth_yoy,2017-04-01,25,3.667
growth_yoy,2017-05-01,25,3.506
growth_yoy,2017-06-01,25,3.154
growth_yoy,2017-07-01,25,9.538
growth_yoy,2017-08-01,25,9.199
growth_yoy,2017-09-01,25,5.421
growth_yoy,2017-10-01,25,5.617
growth_yoy,2017-11-01,25,4.981
growth_yoy,2017-12-01,25,4.642
growth_yoy,2018-01-01,25,4.695
growth_yoy,2018-02-01,25,3.993
growth_yoy,2018-03-01,25,4.295
growth_yoy,2018-04-01,25,5.949
growth_yoy,2018-05-01,25,5.414
growth_yoy,2018-06-01,25,5.798
growth_yoy,2018-07-01,25,5.52
growth_yoy,2018-08-01,25,5.087
growth_yoy,2018-09-01,25,4.565
growth_yoy,2018-10-01,25,4.863
growth_yoy,2018-11-01,25,4.112
growth_yoy,2018-12-01,25,4.206
growth_yoy,2019-01-01,25,3.842
growth_yoy,2019-02-01,25,4.898
growth_yoy,2019-03-01,25,3.331
growth_yoy,2019-04-01,25,3.691
growth_yoy,2019-05-01,25,3.818
growth_yoy,2019-06-01,25,4.819
growth_yoy,2019-07-01,25,4.343
growth_yoy,2019-08-01,25,3.671
growth_yoy,2019-09-01,25,3.897
growth_yoy,2019-10-01,25,2.147
growth_yoy,2019-11-01,25,2.476
growth_yoy,2019-12-01,25,3.833
growth_yoy,2020-01-01,25,3.721
growth_yoy,2020-02-01,25,5.063
growth_yoy,2020-03-01,25,-9.541
growth_yoy,2020-04-01,25,-62.665
growth_yoy,2020-05-01,25,-45.58
growth_yoy,2020-06-01,25,-21.616
growth_yoy,2020-07-01,25,-18.018
growth_yoy,2020-08-01,25,-10.666
growth_yoy,2020-09-01,25,-6.535
growth_yoy,2020-10-01,25,-5.979
growth_yoy,2020-11-01,25,-5.871
growth_yoy,2020-12-01,25,-5.268
growth_yoy,2021-01-01,25,-4.944
growth_yoy,2021-02-01,25,-5.075
growth_yoy,2021-03-01,25,7.378
growth_yoy,2021-04-01,25,131.056
growth_yoy,2021-05-01,25,52.936
growth_yoy,2021-06-01,25,-11.001
growth_yoy,2021-07-01,25,-17.239
growth_yoy,2021-08-01,25,-11.671
growth_yoy,2021-09-01,25,0.124
growth_yoy,2021-10-01,25,7.592
growth_yoy,2021-11-01,25,11.819
growth_yoy,2021-12-01,25,6.13
growth_yoy,2022-01-01,25,6.684
growth_yoy,2022-02-01,25,4.786
growth_yoy,2022-03-01,25,2.136
growth_yoy,2022-04-01,25,1.907
growth_yoy,2022-05-01,25,2.956
growth_yoy,2022-06-01,25,24.759
growth_yoy,2022-07-01,25,18.179
growth_yoy,2022-08-01,25,12.968
growth_yoy,2022-09-01,25,7.308
growth_yoy,2022-10-01,25,3.452
growth_yoy,2022-11-01,25,1.567
growth_yoy,2022-12-01,25,5.596
growth_yoy,2023-01-01,25,0.416
growth_yoy,2023-02-01,25,8.547
growth_yoy,2023-03-01,25,5.486
growth_yoy,2023-04-01,25,4.841
growth_yoy,2023-05-01,25,11.879
growth_yoy,2023-06-01,25,6.662
growth_yoy,2023-07-01,25,6.913
growth_yoy,2023-08-01,25,7.175
growth_yoy,2023-09-01,25,8.971
growth_yoy,2023-10-01,25,6.783
growth_yoy,2023-11-01,25,8.937
growth_yoy,2023-12-01,25,9.718
growth_yoy,2024-01-01,25,11.866
growth_yoy,2024-02-01,25,8.379
growth_yoy,2024-03-01,25,11.062
growth_yoy,2024-04-01,25,12.785
growth_yoy,2024-05-01,25,6.521
growth_yoy,2024-06-01,25,12.608
growth_yoy,2024-07-01,25,9.124
growth_yoy,2024-08-01,25,10.342
growth_yoy,2024-09-01,25,9.874
growth_yoy,2024-10-01,25,6.476
growth_yoy,2024-11-01,25,4.89
growth_yoy,2024-12-01,25,5.998
growth_yoy,2025-01-01,25,4.834
growth_yoy,2025-02-01,25,6.391
growth_yoy,2025-03-01,25,4.237
growth_yoy,2025-04-01,25,5.012
growth_yoy,2025-05-01,25,3.694
growth_yoy,2025-06-01,25,2.409
growth_yoy,2025-07-01,25,4.062
growth_yoy,2025-08-01,25,4.908
growth_yoy,2025-09-01,25,4.537
growth_yoy,2025-10-01,25,7.108
growth_yoy,2025-11-01,25,5.068
growth_yoy,2025-12-01,25,7.349
growth_yoy,2026-01-01,25,8.523
growth_yoy,2026-02-01,25,3.627
growth_yoy,2026-03-01,25,4.018
growth_yoy,2026-04-01,25,5.803
growth_yoy,2026-05-01,25,4.511
growth_yoy,2026-06-01,25,2.363
growth_mom,2015-02-01,25,-18.214
growth_mom,2015-03-01,25,14.43
growth_mom,2015-04-01,25,0.814
growth_mom,2015-05-01,25,-0.618
growth_mom,2015-06-01,25,1.378
growth_mom,2015-07-01,25,-1.997
growth_mom,2015-08-01,25,-4.51
growth_mom,2015-09-01,25,5.444
growth_mom,2015-10-01,25,-0.543
growth_mom,2015-11-01,25,-1.988
growth_mom,2015-12-01,25,4.633
growth_mom,2016-01-01,25,11.142
growth_mom,2016-02-01,25,-18.185
growth_mom,2016-03-01,25,12.496
growth_mom,2016-04-01,25,-0.338
growth_mom,2016-05-01,25,2.865
growth_mom,2016-06-01,25,0.191
growth_mom,2016-07-01,25,-2.9
growth_mom,2016-08-01,25,-3.985
growth_mom,2016-09-01,25,4.001
growth_mom,2016-10-01,25,0.97
growth_mom,2016-11-01,25,-1.066
growth_mom,2016-12-01,25,-1.014
growth_mom,2017-01-01,25,13.975
growth_mom,2017-02-01,25,-18.234
growth_mom,2017-03-01,25,11.838
growth_mom,2017-04-01,25,0.661
growth_mom,2017-05-01,25,2.705
growth_mom,2017-06-01,25,-0.149
growth_mom,2017-07-01,25,3.11
growth_mom,2017-08-01,25,-4.283
growth_mom,2017-09-01,25,0.403
growth_mom,2017-10-01,25,1.158
growth_mom,2017-11-01,25,-1.661
growth_mom,2017-12-01,25,-1.334
growth_mom,2018-01-01,25,14.033
growth_mom,2018-02-01,25,-18.783
growth_mom,2018-03-01,25,12.162
growth_mom,2018-04-01,25,2.258
growth_mom,2018-05-01,25,2.186
growth_mom,2018-06-01,25,0.214
growth_mom,2018-07-01,25,2.839
growth_mom,2018-08-01,25,-4.675
growth_mom,2018-09-01,25,-0.096
growth_mom,2018-10-01,25,1.447
growth_mom,2018-11-01,25,-2.366
growth_mom,2018-12-01,25,-1.245
growth_mom,2019-01-01,25,13.635
growth_mom,2019-02-01,25,-17.957
growth_mom,2019-03-01,25,10.488
growth_mom,2019-04-01,25,2.614
growth_mom,2019-05-01,25,2.312
growth_mom,2019-06-01,25,1.18
growth_mom,2019-07-01,25,2.371
growth_mom,2019-08-01,25,-5.289
growth_mom,2019-09-01,25,0.121
growth_mom,2019-10-01,25,-0.262
growth_mom,2019-11-01,25,-2.052
growth_mom,2019-12-01,25,0.063
growth_mom,2020-01-01,25,13.512
growth_mom,2020-02-01,25,-16.895
growth_mom,2020-03-01,25,-4.87
growth_mom,2020-04-01,25,-57.648
growth_mom,2020-05-01,25,49.131
growth_mom,2020-06-01,25,45.734
growth_mom,2020-07-01,25,7.072
growth_mom,2020-08-01,25,3.204
growth_mom,2020-09-01,25,4.751
growth_mom,2020-10-01,25,0.332
growth_mom,2020-11-01,25,-1.94
growth_mom,2020-12-01,25,0.704
growth_mom,2021-01-01,25,13.9
growth_mom,2021-02-01,25,-17.009
growth_mom,2021-03-01,25,7.609
growth_mom,2021-04-01,25,-8.867
growth_mom,2021-05-01,25,-1.291
growth_mom,2021-06-01,25,-15.192
growth_mom,2021-07-01,25,-0.433
growth_mom,2021-08-01,25,10.148
growth_mom,2021-09-01,25,18.739
growth_mom,2021-10-01,25,7.816
growth_mom,2021-11-01,25,1.912
growth_mom,2021-12-01,25,-4.419
growth_mom,2022-01-01,25,14.494
growth_mom,2022-02-01,25,-18.486
growth_mom,2022-03-01,25,4.888
growth_mom,2022-04-01,25,-9.072
growth_mom,2022-05-01,25,-0.275
growth_mom,2022-06-01,25,2.768
growth_mom,2022-07-01,25,-5.684
growth_mom,2022-08-01,25,5.291
growth_mom,2022-09-01,25,12.79
growth_mom,2022-10-01,25,3.942
growth_mom,2022-11-01,25,0.055
growth_mom,2022-12-01,25,-0.627
growth_mom,2023-01-01,25,8.877
growth_mom,2023-02-01,25,-11.885
growth_mom,2023-03-01,25,1.93
growth_mom,2023-04-01,25,-9.628
growth_mom,2023-05-01,25,6.42
growth_mom,2023-06-01,25,-2.024
growth_mom,2023-07-01,25,-5.463
growth_mom,2023-08-01,25,5.549
growth_mom,2023-09-01,25,14.68
growth_mom,2023-10-01,25,1.854
growth_mom,2023-11-01,25,2.074
growth_mom,2023-12-01,25,0.085
growth_mom,2024-01-01,25,11.009
growth_mom,2024-02-01,25,-14.632
growth_mom,2024-03-01,25,4.454
growth_mom,2024-04-01,25,-8.226
growth_mom,2024-05-01,25,0.511
growth_mom,2024-06-01,25,3.574
growth_mom,2024-07-01,25,-8.387
growth_mom,2024-08-01,25,6.727
growth_mom,2024-09-01,25,14.194
growth_mom,2024-10-01,25,-1.296
growth_mom,2024-11-01,25,0.553
growth_mom,2024-12-01,25,1.142
growth_mom,2025-01-01,25,9.79
growth_mom,2025-02-01,25,-13.365
growth_mom,2025-03-01,25,2.339
growth_mom,2025-04-01,25,-7.543
growth_mom,2025-05-01,25,-0.751
growth_mom,2025-06-01,25,2.29
growth_mom,2025-07-01,25,-6.908
growth_mom,2025-08-01,25,7.594
growth_mom,2025-09-01,25,13.791
growth_mom,2025-10-01,25,1.131
growth_mom,2025-11-01,25,-1.361
growth_mom,2025-12-01,25,3.338
growth_mom,2026-01-01,25,10.992
growth_mom,2026-02-01,25,-17.273
growth_mom,2026-03-01,25,2.725
growth_mom,2026-04-01,25,-5.956
growth_mom,2026-05-01,25,-1.963
growth_mom,2026-06-01,25,0.188
abs,2015-01-01,29,106.8
abs,2015-02-01,29,98.181
abs,2015-03-01,29,105.338
abs,2015-04-01,29,110.253
abs,2015-05-01,29,98.342
abs,2015-06-01,29,103.786
abs,2015-07-01,29,91.642
abs,2015-08-01,29,99.511
abs,2015-09-01,29,92.324
abs,2015-10-01,29,102.385
abs,2015-11-01,29,94.163
abs,2015-12-01,29,97.274
abs,2016-01-01,29,104.618
abs,2016-02-01,29,95.849
abs,2016-03-01,29,98.508
abs,2016-04-01,29,94.971
abs,2016-05-01,29,88.105
abs,2016-06-01,29,101.055
abs,2016-07-01,29,85.408
abs,2016-08-01,29,93.89
abs,2016-09-01,29,89.395
abs,2016-10-01,29,99.549
abs,2016-11-01,29,93.614
abs,2016-12-01,29,98.88
abs,2017-01-01,29,119.481
abs,2017-02-01,29,111.013
abs,2017-03-01,29,108.185
abs,2017-04-01,29,97.584
abs,2017-05-01,29,93.92
abs,2017-06-01,29,93.296
abs,2017-07-01,29,89.551
abs,2017-08-01,29,98.272
abs,2017-09-01,29,92.421
abs,2017-10-01,29,99.391
abs,2017-11-01,29,97.48
abs,2017-12-01,29,98.333
abs,2018-01-01,29,121.653
abs,2018-02-01,29,103.078
abs,2018-03-01,29,115.666
abs,2018-04-01,29,107.194
abs,2018-05-01,29,99.004
abs,2018-06-01,29,99.274
abs,2018-07-01,29,107.631
abs,2018-08-01,29,106.982
abs,2018-09-01,29,94.017
abs,2018-10-01,29,110.021
abs,2018-11-01,29,106.318
abs,2018-12-01,29,107.167
abs,2019-01-01,29,129.621
abs,2019-02-01,29,110.613
abs,2019-03-01,29,123.435
abs,2019-04-01,29,117.4
abs,2019-05-01,29,108.18
abs,2019-06-01,29,107.171
abs,2019-07-01,29,115.663
abs,2019-08-01,29,115.507
abs,2019-09-01,29,101.867
abs,2019-10-01,29,115.198
abs,2019-11-01,29,110.325
abs,2019-12-01,29,112.159
abs,2020-01-01,29,129.141
abs,2020-02-01,29,116.315
abs,2020-03-01,29,112.181
abs,2020-04-01,29,35.176
abs,2020-05-01,29,65.515
abs,2020-06-01,29,128.723
abs,2020-07-01,29,129.287
abs,2020-08-01,29,128.958
abs,2020-09-01,29,115.646
abs,2020-10-01,29,124.431
abs,2020-11-01,29,126.057
abs,2020-12-01,29,132.136
abs,2021-01-01,29,130.986
abs,2021-02-01,29,124.791
abs,2021-03-01,29,149.765
abs,2021-04-01,29,151.97
abs,2021-05-01,29,128.558
abs,2021-06-01,29,55.197
abs,2021-07-01,29,57.019
abs,2021-08-01,29,69.562
abs,2021-09-01,29,95.511
abs,2021-10-01,29,130.737
abs,2021-11-01,29,130.532
abs,2021-12-01,29,129.927
abs,2022-01-01,29,137.552
abs,2022-02-01,29,137.147
abs,2022-03-01,29,148.974
abs,2022-04-01,29,159.734
abs,2022-05-01,29,147.122
abs,2022-06-01,29,154.139
abs,2022-07-01,29,131.067
abs,2022-08-01,29,144.081
abs,2022-09-01,29,129.546
abs,2022-10-01,29,123.336
abs,2022-11-01,29,142.81
abs,2022-12-01,29,145.196
abs,2023-01-01,29,154.287
abs,2023-02-01,29,150.157
abs,2023-03-01,29,163.573
abs,2023-04-01,29,134.93
abs,2023-05-01,29,170.81
abs,2023-06-01,29,153.846
abs,2023-07-01,29,146.606
abs,2023-08-01,29,149.567
abs,2023-09-01,29,132.932
abs,2023-10-01,29,136.413
abs,2023-11-01,29,143.381
abs,2023-12-01,29,141.546
abs,2024-01-01,29,172.98
abs,2024-02-01,29,154.5
abs,2024-03-01,29,147.182
abs,2024-04-01,29,162.163
abs,2024-05-01,29,188.399
abs,2024-06-01,29,137.32
abs,2024-07-01,29,152.362
abs,2024-08-01,29,161.057
abs,2024-09-01,29,113.164
abs,2024-10-01,29,131.796
abs,2024-11-01,29,127.77
abs,2024-12-01,29,131.769
abs,2025-01-01,29,143.13
abs,2025-02-01,29,140.62
abs,2025-03-01,29,131.237
abs,2025-04-01,29,155.831
abs,2025-05-01,29,169.389
abs,2025-06-01,29,141.975
abs,2025-07-01,29,153.88
abs,2025-08-01,29,152.881
abs,2025-09-01,29,118.312
abs,2025-10-01,29,127.464
abs,2025-11-01,29,129.351
abs,2025-12-01,29,134.151
abs,2026-01-01,29,147.291
abs,2026-02-01,29,125.918
abs,2026-03-01,29,118.353
abs,2026-04-01,29,176.911
abs,2026-05-01,29,151.871
abs,2026-06-01,29,159.796
growth_yoy,2016-01-01,29,-2.043
growth_yoy,2016-02-01,29,-2.376
growth_yoy,2016-03-01,29,-6.484
growth_yoy,2016-04-01,29,-13.861
growth_yoy,2016-05-01,29,-10.409
growth_yoy,2016-06-01,29,-2.632
growth_yoy,2016-07-01,29,-6.802
growth_yoy,2016-08-01,29,-5.648
growth_yoy,2016-09-01,29,-3.173
growth_yoy,2016-10-01,29,-2.77
growth_yoy,2016-11-01,29,-0.583
growth_yoy,2016-12-01,29,1.65
growth_yoy,2017-01-01,29,14.206
growth_yoy,2017-02-01,29,15.821
growth_yoy,2017-03-01,29,9.824
growth_yoy,2017-04-01,29,2.751
growth_yoy,2017-05-01,29,6.6
growth_yoy,2017-06-01,29,-7.678
growth_yoy,2017-07-01,29,4.85
growth_yoy,2017-08-01,29,4.667
growth_yoy,2017-09-01,29,3.385
growth_yoy,2017-10-01,29,-0.158
growth_yoy,2017-11-01,29,4.129
growth_yoy,2017-12-01,29,-0.553
growth_yoy,2018-01-01,29,1.818
growth_yoy,2018-02-01,29,-7.147
growth_yoy,2018-03-01,29,6.915
growth_yoy,2018-04-01,29,9.849
growth_yoy,2018-05-01,29,5.412
growth_yoy,2018-06-01,29,6.408
growth_yoy,2018-07-01,29,20.19
growth_yoy,2018-08-01,29,8.863
growth_yoy,2018-09-01,29,1.727
growth_yoy,2018-10-01,29,10.695
growth_yoy,2018-11-01,29,9.066
growth_yoy,2018-12-01,29,8.983
growth_yoy,2019-01-01,29,6.55
growth_yoy,2019-02-01,29,7.31
growth_yoy,2019-03-01,29,6.717
growth_yoy,2019-04-01,29,9.521
growth_yoy,2019-05-01,29,9.269
growth_yoy,2019-06-01,29,7.954
growth_yoy,2019-07-01,29,7.462
growth_yoy,2019-08-01,29,7.968
growth_yoy,2019-09-01,29,8.349
growth_yoy,2019-10-01,29,4.705
growth_yoy,2019-11-01,29,3.769
growth_yoy,2019-12-01,29,4.658
growth_yoy,2020-01-01,29,-0.37
growth_yoy,2020-02-01,29,5.155
growth_yoy,2020-03-01,29,-9.117
growth_yoy,2020-04-01,29,-70.037
growth_yoy,2020-05-01,29,-39.439
growth_yoy,2020-06-01,29,20.11
growth_yoy,2020-07-01,29,11.779
growth_yoy,2020-08-01,29,11.646
growth_yoy,2020-09-01,29,13.526
growth_yoy,2020-10-01,29,8.015
growth_yoy,2020-11-01,29,14.26
growth_yoy,2020-12-01,29,17.811
growth_yoy,2021-01-01,29,1.429
growth_yoy,2021-02-01,29,7.287
growth_yoy,2021-03-01,29,33.503
growth_yoy,2021-04-01,29,332.022
growth_yoy,2021-05-01,29,96.227
growth_yoy,2021-06-01,29,-57.12
growth_yoy,2021-07-01,29,-55.897
growth_yoy,2021-08-01,29,-46.059
growth_yoy,2021-09-01,29,-17.411
growth_yoy,2021-10-01,29,5.068
growth_yoy,2021-11-01,29,3.549
growth_yoy,2021-12-01,29,-1.671
growth_yoy,2022-01-01,29,5.013
growth_yoy,2022-02-01,29,9.901
growth_yoy,2022-03-01,29,-0.528
growth_yoy,2022-04-01,29,5.109
growth_yoy,2022-05-01,29,14.44
growth_yoy,2022-06-01,29,179.252
growth_yoy,2022-07-01,29,129.864
growth_yoy,2022-08-01,29,107.128
growth_yoy,2022-09-01,29,35.635
growth_yoy,2022-10-01,29,-5.661
growth_yoy,2022-11-01,29,9.407
growth_yoy,2022-12-01,29,11.752
growth_yoy,2023-01-01,29,12.166
growth_yoy,2023-02-01,29,9.486
growth_yoy,2023-03-01,29,9.799
growth_yoy,2023-04-01,29,-15.528
growth_yoy,2023-05-01,29,16.101
growth_yoy,2023-06-01,29,-0.19
growth_yoy,2023-07-01,29,11.856
growth_yoy,2023-08-01,29,3.807
growth_yoy,2023-09-01,29,2.614
growth_yoy,2023-10-01,29,10.603
growth_yoy,2023-11-01,29,0.4
growth_yoy,2023-12-01,29,-2.514
growth_yoy,2024-01-01,29,12.115
growth_yoy,2024-02-01,29,2.892
growth_yoy,2024-03-01,29,-10.02
growth_yoy,2024-04-01,29,20.183
growth_yoy,2024-05-01,29,10.297
growth_yoy,2024-06-01,29,-10.742
growth_yoy,2024-07-01,29,3.926
growth_yoy,2024-08-01,29,7.682
growth_yoy,2024-09-01,29,-14.871
growth_yoy,2024-10-01,29,-3.385
growth_yoy,2024-11-01,29,-10.888
growth_yoy,2024-12-01,29,-6.907
growth_yoy,2025-01-01,29,-17.256
growth_yoy,2025-02-01,29,-8.983
growth_yoy,2025-03-01,29,-10.833
growth_yoy,2025-04-01,29,-3.904
growth_yoy,2025-05-01,29,-10.09
growth_yoy,2025-06-01,29,3.39
growth_yoy,2025-07-01,29,0.996
growth_yoy,2025-08-01,29,-5.076
growth_yoy,2025-09-01,29,4.549
growth_yoy,2025-10-01,29,-3.287
growth_yoy,2025-11-01,29,1.237
growth_yoy,2025-12-01,29,1.807
growth_yoy,2026-01-01,29,2.907
growth_yoy,2026-02-01,29,-10.455
growth_yoy,2026-03-01,29,-9.817
growth_yoy,2026-04-01,29,13.527
growth_yoy,2026-05-01,29,-10.342
growth_yoy,2026-06-01,29,12.552
growth_mom,2015-02-01,29,-8.07
growth_mom,2015-03-01,29,7.289
growth_mom,2015-04-01,29,4.666
growth_mom,2015-05-01,29,-10.803
growth_mom,2015-06-01,29,5.536
growth_mom,2015-07-01,29,-11.702
growth_mom,2015-08-01,29,8.587
growth_mom,2015-09-01,29,-7.222
growth_mom,2015-10-01,29,10.897
growth_mom,2015-11-01,29,-8.03
growth_mom,2015-12-01,29,3.304
growth_mom,2016-01-01,29,7.55
growth_mom,2016-02-01,29,-8.383
growth_mom,2016-03-01,29,2.774
growth_mom,2016-04-01,29,-3.59
growth_mom,2016-05-01,29,-7.229
growth_mom,2016-06-01,29,14.697
growth_mom,2016-07-01,29,-15.483
growth_mom,2016-08-01,29,9.932
growth_mom,2016-09-01,29,-4.788
growth_mom,2016-10-01,29,11.358
growth_mom,2016-11-01,29,-5.961
growth_mom,2016-12-01,29,5.625
growth_mom,2017-01-01,29,20.834
growth_mom,2017-02-01,29,-7.087
growth_mom,2017-03-01,29,-2.547
growth_mom,2017-04-01,29,-9.799
growth_mom,2017-05-01,29,-3.754
growth_mom,2017-06-01,29,-0.665
growth_mom,2017-07-01,29,-4.014
growth_mom,2017-08-01,29,9.739
growth_mom,2017-09-01,29,-5.954
growth_mom,2017-10-01,29,7.542
growth_mom,2017-11-01,29,-1.923
growth_mom,2017-12-01,29,0.876
growth_mom,2018-01-01,29,23.715
growth_mom,2018-02-01,29,-15.268
growth_mom,2018-03-01,29,12.211
growth_mom,2018-04-01,29,-7.324
growth_mom,2018-05-01,29,-7.641
growth_mom,2018-06-01,29,0.273
growth_mom,2018-07-01,29,8.418
growth_mom,2018-08-01,29,-0.603
growth_mom,2018-09-01,29,-12.118
growth_mom,2018-10-01,29,17.022
growth_mom,2018-11-01,29,-3.366
growth_mom,2018-12-01,29,0.798
growth_mom,2019-01-01,29,20.953
growth_mom,2019-02-01,29,-14.664
growth_mom,2019-03-01,29,11.592
growth_mom,2019-04-01,29,-4.889
growth_mom,2019-05-01,29,-7.854
growth_mom,2019-06-01,29,-0.933
growth_mom,2019-07-01,29,7.924
growth_mom,2019-08-01,29,-0.135
growth_mom,2019-09-01,29,-11.808
growth_mom,2019-10-01,29,13.086
growth_mom,2019-11-01,29,-4.23
growth_mom,2019-12-01,29,1.662
growth_mom,2020-01-01,29,15.142
growth_mom,2020-02-01,29,-9.932
growth_mom,2020-03-01,29,-3.554
growth_mom,2020-04-01,29,-68.643
growth_mom,2020-05-01,29,86.246
growth_mom,2020-06-01,29,96.48
growth_mom,2020-07-01,29,0.438
growth_mom,2020-08-01,29,-0.254
growth_mom,2020-09-01,29,-10.323
growth_mom,2020-10-01,29,7.597
growth_mom,2020-11-01,29,1.307
growth_mom,2020-12-01,29,4.822
growth_mom,2021-01-01,29,-0.87
growth_mom,2021-02-01,29,-4.73
growth_mom,2021-03-01,29,20.013
growth_mom,2021-04-01,29,1.472
growth_mom,2021-05-01,29,-15.406
growth_mom,2021-06-01,29,-57.064
growth_mom,2021-07-01,29,3.301
growth_mom,2021-08-01,29,21.997
growth_mom,2021-09-01,29,37.304
growth_mom,2021-10-01,29,36.883
growth_mom,2021-11-01,29,-0.157
growth_mom,2021-12-01,29,-0.463
growth_mom,2022-01-01,29,5.869
growth_mom,2022-02-01,29,-0.295
growth_mom,2022-03-01,29,8.624
growth_mom,2022-04-01,29,7.222
growth_mom,2022-05-01,29,-7.896
growth_mom,2022-06-01,29,4.77
growth_mom,2022-07-01,29,-14.969
growth_mom,2022-08-01,29,9.93
growth_mom,2022-09-01,29,-10.088
growth_mom,2022-10-01,29,-4.793
growth_mom,2022-11-01,29,15.789
growth_mom,2022-12-01,29,1.671
growth_mom,2023-01-01,29,6.261
growth_mom,2023-02-01,29,-2.677
growth_mom,2023-03-01,29,8.934
growth_mom,2023-04-01,29,-17.511
growth_mom,2023-05-01,29,26.592
growth_mom,2023-06-01,29,-9.931
growth_mom,2023-07-01,29,-4.706
growth_mom,2023-08-01,29,2.02
growth_mom,2023-09-01,29,-11.122
growth_mom,2023-10-01,29,2.619
growth_mom,2023-11-01,29,5.108
growth_mom,2023-12-01,29,-1.28
growth_mom,2024-01-01,29,22.208
growth_mom,2024-02-01,29,-10.684
growth_mom,2024-03-01,29,-4.736
growth_mom,2024-04-01,29,10.178
growth_mom,2024-05-01,29,16.179
growth_mom,2024-06-01,29,-27.112
growth_mom,2024-07-01,29,10.954
growth_mom,2024-08-01,29,5.707
growth_mom,2024-09-01,29,-29.737
growth_mom,2024-10-01,29,16.464
growth_mom,2024-11-01,29,-3.054
growth_mom,2024-12-01,29,3.13
growth_mom,2025-01-01,29,8.622
growth_mom,2025-02-01,29,-1.753
growth_mom,2025-03-01,29,-6.673
growth_mom,2025-04-01,29,18.74
growth_mom,2025-05-01,29,8.7
growth_mom,2025-06-01,29,-16.184
growth_mom,2025-07-01,29,8.386
growth_mom,2025-08-01,29,-0.649
growth_mom,2025-09-01,29,-22.612
growth_mom,2025-10-01,29,7.735
growth_mom,2025-11-01,29,1.481
growth_mom,2025-12-01,29,3.711
growth_mom,2026-01-01,29,9.795
growth_mom,2026-02-01,29,-14.511
growth_mom,2026-03-01,29,-6.008
growth_mom,2026-04-01,29,49.478
growth_mom,2026-05-01,29,-14.154
growth_mom,2026-06-01,29,5.218
abs,2015-01-01,30,100.755
abs,2015-02-01,30,94.746
abs,2015-03-01,30,107.862
abs,2015-04-01,30,88.062
abs,2015-05-01,30,106.075
abs,2015-06-01,30,103.151
abs,2015-07-01,30,84.307
abs,2015-08-01,30,108.029
abs,2015-09-01,30,106.336
abs,2015-10-01,30,94.257
abs,2015-11-01,30,101.896
abs,2015-12-01,30,104.526
abs,2016-01-01,30,105.284
abs,2016-02-01,30,96.21
abs,2016-03-01,30,111.967
abs,2016-04-01,30,87.757
abs,2016-05-01,30,92.948
abs,2016-06-01,30,97.77
abs,2016-07-01,30,76.975
abs,2016-08-01,30,111.03
abs,2016-09-01,30,106.927
abs,2016-10-01,30,86.057
abs,2016-11-01,30,93.629
abs,2016-12-01,30,99.447
abs,2017-01-01,30,99.275
abs,2017-02-01,30,86.372
abs,2017-03-01,30,112.971
abs,2017-04-01,30,92.62
abs,2017-05-01,30,97.436
abs,2017-06-01,30,97.91
abs,2017-07-01,30,82.137
abs,2017-08-01,30,126.338
abs,2017-09-01,30,118.334
abs,2017-10-01,30,90.506
abs,2017-11-01,30,101.56
abs,2017-12-01,30,103.366
abs,2018-01-01,30,102.822
abs,2018-02-01,30,88.591
abs,2018-03-01,30,116.383
abs,2018-04-01,30,94.778
abs,2018-05-01,30,100.345
abs,2018-06-01,30,100.362
abs,2018-07-01,30,90.267
abs,2018-08-01,30,132.208
abs,2018-09-01,30,116.613
abs,2018-10-01,30,97.477
abs,2018-11-01,30,109.913
abs,2018-12-01,30,106.707
abs,2019-01-01,30,108.541
abs,2019-02-01,30,96.264
abs,2019-03-01,30,120.993
abs,2019-04-01,30,98.481
abs,2019-05-01,30,104.976
abs,2019-06-01,30,106.264
abs,2019-07-01,30,94.064
abs,2019-08-01,30,135.646
abs,2019-09-01,30,126.233
abs,2019-10-01,30,100.925
abs,2019-11-01,30,114.189
abs,2019-12-01,30,109.869
abs,2020-01-01,30,112.063
abs,2020-02-01,30,100.054
abs,2020-03-01,30,103.398
abs,2020-04-01,30,29.083
abs,2020-05-01,30,63.619
abs,2020-06-01,30,103.186
abs,2020-07-01,30,89.646
abs,2020-08-01,30,117.36
abs,2020-09-01,30,112.473
abs,2020-10-01,30,93.297
abs,2020-11-01,30,111.96
abs,2020-12-01,30,106.475
abs,2021-01-01,30,108.784
abs,2021-02-01,30,99.266
abs,2021-03-01,30,105.779
abs,2021-04-01,30,90.196
abs,2021-05-01,30,82.001
abs,2021-06-01,30,80.235
abs,2021-07-01,30,68.67
abs,2021-08-01,30,105.739
abs,2021-09-01,30,114.102
abs,2021-10-01,30,95.514
abs,2021-11-01,30,115.598
abs,2021-12-01,30,109.173
abs,2022-01-01,30,110.656
abs,2022-02-01,30,102.978
abs,2022-03-01,30,108.411
abs,2022-04-01,30,96.215
abs,2022-05-01,30,89.858
abs,2022-06-01,30,92.341
abs,2022-07-01,30,83.828
abs,2022-08-01,30,112.595
abs,2022-09-01,30,122.813
abs,2022-10-01,30,107.086
abs,2022-11-01,30,118.97
abs,2022-12-01,30,112.062
abs,2023-01-01,30,111.134
abs,2023-02-01,30,108.629
abs,2023-03-01,30,110.437
abs,2023-04-01,30,96.858
abs,2023-05-01,30,96.341
abs,2023-06-01,30,98.616
abs,2023-07-01,30,87.101
abs,2023-08-01,30,115.106
abs,2023-09-01,30,125.191
abs,2023-10-01,30,108.893
abs,2023-11-01,30,121.312
abs,2023-12-01,30,111.624
abs,2024-01-01,30,116.92
abs,2024-02-01,30,113.234
abs,2024-03-01,30,113.484
abs,2024-04-01,30,100.347
abs,2024-05-01,30,102.699
abs,2024-06-01,30,102.62
abs,2024-07-01,30,91.15
abs,2024-08-01,30,117.581
abs,2024-09-01,30,127.266
abs,2024-10-01,30,109.843
abs,2024-11-01,30,122.298
abs,2024-12-01,30,112.298
abs,2025-01-01,30,113.026
abs,2025-02-01,30,110.954
abs,2025-03-01,30,112.248
abs,2025-04-01,30,99.158
abs,2025-05-01,30,102.376
abs,2025-06-01,30,102.235
abs,2025-07-01,30,91.777
abs,2025-08-01,30,119.221
abs,2025-09-01,30,131.45
abs,2025-10-01,30,114.987
abs,2025-11-01,30,126.5
abs,2025-12-01,30,117.635
abs,2026-01-01,30,118.945
abs,2026-02-01,30,115.359
abs,2026-03-01,30,115.799
abs,2026-04-01,30,103.621
abs,2026-05-01,30,104.432
abs,2026-06-01,30,105.448
growth_yoy,2016-01-01,30,4.495
growth_yoy,2016-02-01,30,1.545
growth_yoy,2016-03-01,30,3.806
growth_yoy,2016-04-01,30,-0.346
growth_yoy,2016-05-01,30,-12.375
growth_yoy,2016-06-01,30,-5.216
growth_yoy,2016-07-01,30,-8.696
growth_yoy,2016-08-01,30,2.778
growth_yoy,2016-09-01,30,0.556
growth_yoy,2016-10-01,30,-8.699
growth_yoy,2016-11-01,30,-8.113
growth_yoy,2016-12-01,30,-4.859
growth_yoy,2017-01-01,30,-5.707
growth_yoy,2017-02-01,30,-10.225
growth_yoy,2017-03-01,30,0.897
growth_yoy,2017-04-01,30,5.542
growth_yoy,2017-05-01,30,4.829
growth_yoy,2017-06-01,30,0.142
growth_yoy,2017-07-01,30,6.706
growth_yoy,2017-08-01,30,13.787
growth_yoy,2017-09-01,30,10.668
growth_yoy,2017-10-01,30,5.17
growth_yoy,2017-11-01,30,8.471
growth_yoy,2017-12-01,30,3.941
growth_yoy,2018-01-01,30,3.572
growth_yoy,2018-02-01,30,2.569
growth_yoy,2018-03-01,30,3.02
growth_yoy,2018-04-01,30,2.33
growth_yoy,2018-05-01,30,2.985
growth_yoy,2018-06-01,30,2.505
growth_yoy,2018-07-01,30,9.898
growth_yoy,2018-08-01,30,4.646
growth_yoy,2018-09-01,30,-1.455
growth_yoy,2018-10-01,30,7.702
growth_yoy,2018-11-01,30,8.225
growth_yoy,2018-12-01,30,3.233
growth_yoy,2019-01-01,30,5.563
growth_yoy,2019-02-01,30,8.661
growth_yoy,2019-03-01,30,3.961
growth_yoy,2019-04-01,30,3.906
growth_yoy,2019-05-01,30,4.615
growth_yoy,2019-06-01,30,5.88
growth_yoy,2019-07-01,30,4.206
growth_yoy,2019-08-01,30,2.6
growth_yoy,2019-09-01,30,8.25
growth_yoy,2019-10-01,30,3.538
growth_yoy,2019-11-01,30,3.89
growth_yoy,2019-12-01,30,2.963
growth_yoy,2020-01-01,30,3.244
growth_yoy,2020-02-01,30,3.937
growth_yoy,2020-03-01,30,-14.542
growth_yoy,2020-04-01,30,-70.468
growth_yoy,2020-05-01,30,-39.396
growth_yoy,2020-06-01,30,-2.896
growth_yoy,2020-07-01,30,-4.697
growth_yoy,2020-08-01,30,-13.48
growth_yoy,2020-09-01,30,-10.9
growth_yoy,2020-10-01,30,-7.558
growth_yoy,2020-11-01,30,-1.952
growth_yoy,2020-12-01,30,-3.089
growth_yoy,2021-01-01,30,-2.925
growth_yoy,2021-02-01,30,-0.788
growth_yoy,2021-03-01,30,2.303
growth_yoy,2021-04-01,30,210.13
growth_yoy,2021-05-01,30,28.892
growth_yoy,2021-06-01,30,-22.242
growth_yoy,2021-07-01,30,-23.398
growth_yoy,2021-08-01,30,-9.902
growth_yoy,2021-09-01,30,1.448
growth_yoy,2021-10-01,30,2.376
growth_yoy,2021-11-01,30,3.249
growth_yoy,2021-12-01,30,2.534
growth_yoy,2022-01-01,30,1.72
growth_yoy,2022-02-01,30,3.74
growth_yoy,2022-03-01,30,2.488
growth_yoy,2022-04-01,30,6.673
growth_yoy,2022-05-01,30,9.582
growth_yoy,2022-06-01,30,15.088
growth_yoy,2022-07-01,30,22.073
growth_yoy,2022-08-01,30,6.484
growth_yoy,2022-09-01,30,7.634
growth_yoy,2022-10-01,30,12.115
growth_yoy,2022-11-01,30,2.917
growth_yoy,2022-12-01,30,2.647
growth_yoy,2023-01-01,30,0.432
growth_yoy,2023-02-01,30,5.488
growth_yoy,2023-03-01,30,1.868
growth_yoy,2023-04-01,30,0.669
growth_yoy,2023-05-01,30,7.214
growth_yoy,2023-06-01,30,6.795
growth_yoy,2023-07-01,30,3.904
growth_yoy,2023-08-01,30,2.231
growth_yoy,2023-09-01,30,1.936
growth_yoy,2023-10-01,30,1.687
growth_yoy,2023-11-01,30,1.969
growth_yoy,2023-12-01,30,-0.391
growth_yoy,2024-01-01,30,5.206
growth_yoy,2024-02-01,30,4.24
growth_yoy,2024-03-01,30,2.76
growth_yoy,2024-04-01,30,3.602
growth_yoy,2024-05-01,30,6.599
growth_yoy,2024-06-01,30,4.061
growth_yoy,2024-07-01,30,4.649
growth_yoy,2024-08-01,30,2.15
growth_yoy,2024-09-01,30,1.658
growth_yoy,2024-10-01,30,0.872
growth_yoy,2024-11-01,30,0.813
growth_yoy,2024-12-01,30,0.604
growth_yoy,2025-01-01,30,-3.331
growth_yoy,2025-02-01,30,-2.014
growth_yoy,2025-03-01,30,-1.089
growth_yoy,2025-04-01,30,-1.185
growth_yoy,2025-05-01,30,-0.314
growth_yoy,2025-06-01,30,-0.376
growth_yoy,2025-07-01,30,0.687
growth_yoy,2025-08-01,30,1.395
growth_yoy,2025-09-01,30,3.287
growth_yoy,2025-10-01,30,4.683
growth_yoy,2025-11-01,30,3.436
growth_yoy,2025-12-01,30,4.753
growth_yoy,2026-01-01,30,5.237
growth_yoy,2026-02-01,30,3.97
growth_yoy,2026-03-01,30,3.163
growth_yoy,2026-04-01,30,4.501
growth_yoy,2026-05-01,30,2.008
growth_yoy,2026-06-01,30,3.143
growth_mom,2015-02-01,30,-5.964
growth_mom,2015-03-01,30,13.843
growth_mom,2015-04-01,30,-18.357
growth_mom,2015-05-01,30,20.455
growth_mom,2015-06-01,30,-2.757
growth_mom,2015-07-01,30,-18.268
growth_mom,2015-08-01,30,28.138
growth_mom,2015-09-01,30,-1.567
growth_mom,2015-10-01,30,-11.359
growth_mom,2015-11-01,30,8.105
growth_mom,2015-12-01,30,2.581
growth_mom,2016-01-01,30,0.725
growth_mom,2016-02-01,30,-8.619
growth_mom,2016-03-01,30,16.378
growth_mom,2016-04-01,30,-21.622
growth_mom,2016-05-01,30,5.915
growth_mom,2016-06-01,30,5.188
growth_mom,2016-07-01,30,-21.269
growth_mom,2016-08-01,30,44.241
growth_mom,2016-09-01,30,-3.695
growth_mom,2016-10-01,30,-19.518
growth_mom,2016-11-01,30,8.799
growth_mom,2016-12-01,30,6.214
growth_mom,2017-01-01,30,-0.172
growth_mom,2017-02-01,30,-12.998
growth_mom,2017-03-01,30,30.796
growth_mom,2017-04-01,30,-18.014
growth_mom,2017-05-01,30,5.2
growth_mom,2017-06-01,30,0.486
growth_mom,2017-07-01,30,-16.109
growth_mom,2017-08-01,30,53.813
growth_mom,2017-09-01,30,-6.335
growth_mom,2017-10-01,30,-23.517
growth_mom,2017-11-01,30,12.214
growth_mom,2017-12-01,30,1.778
growth_mom,2018-01-01,30,-0.526
growth_mom,2018-02-01,30,-13.84
growth_mom,2018-03-01,30,31.371
growth_mom,2018-04-01,30,-18.563
growth_mom,2018-05-01,30,5.873
growth_mom,2018-06-01,30,0.017
growth_mom,2018-07-01,30,-10.059
growth_mom,2018-08-01,30,46.463
growth_mom,2018-09-01,30,-11.796
growth_mom,2018-10-01,30,-16.41
growth_mom,2018-11-01,30,12.759
growth_mom,2018-12-01,30,-2.917
growth_mom,2019-01-01,30,1.719
growth_mom,2019-02-01,30,-11.311
growth_mom,2019-03-01,30,25.688
growth_mom,2019-04-01,30,-18.606
growth_mom,2019-05-01,30,6.595
growth_mom,2019-06-01,30,1.227
growth_mom,2019-07-01,30,-11.481
growth_mom,2019-08-01,30,44.206
growth_mom,2019-09-01,30,-6.939
growth_mom,2019-10-01,30,-20.048
growth_mom,2019-11-01,30,13.142
growth_mom,2019-12-01,30,-3.784
growth_mom,2020-01-01,30,1.997
growth_mom,2020-02-01,30,-10.716
growth_mom,2020-03-01,30,3.343
growth_mom,2020-04-01,30,-71.873
growth_mom,2020-05-01,30,118.75
growth_mom,2020-06-01,30,62.193
growth_mom,2020-07-01,30,-13.122
growth_mom,2020-08-01,30,30.916
growth_mom,2020-09-01,30,-4.164
growth_mom,2020-10-01,30,-17.049
growth_mom,2020-11-01,30,20.004
growth_mom,2020-12-01,30,-4.899
growth_mom,2021-01-01,30,2.168
growth_mom,2021-02-01,30,-8.75
growth_mom,2021-03-01,30,6.562
growth_mom,2021-04-01,30,-14.732
growth_mom,2021-05-01,30,-9.086
growth_mom,2021-06-01,30,-2.153
growth_mom,2021-07-01,30,-14.414
growth_mom,2021-08-01,30,53.981
growth_mom,2021-09-01,30,7.91
growth_mom,2021-10-01,30,-16.291
growth_mom,2021-11-01,30,21.027
growth_mom,2021-12-01,30,-5.558
growth_mom,2022-01-01,30,1.358
growth_mom,2022-02-01,30,-6.939
growth_mom,2022-03-01,30,5.276
growth_mom,2022-04-01,30,-11.25
growth_mom,2022-05-01,30,-6.607
growth_mom,2022-06-01,30,2.763
growth_mom,2022-07-01,30,-9.219
growth_mom,2022-08-01,30,34.316
growth_mom,2022-09-01,30,9.076
growth_mom,2022-10-01,30,-12.806
growth_mom,2022-11-01,30,11.098
growth_mom,2022-12-01,30,-5.806
growth_mom,2023-01-01,30,-0.828
growth_mom,2023-02-01,30,-2.255
growth_mom,2023-03-01,30,1.664
growth_mom,2023-04-01,30,-12.295
growth_mom,2023-05-01,30,-0.534
growth_mom,2023-06-01,30,2.361
growth_mom,2023-07-01,30,-11.676
growth_mom,2023-08-01,30,32.153
growth_mom,2023-09-01,30,8.761
growth_mom,2023-10-01,30,-13.019
growth_mom,2023-11-01,30,11.405
growth_mom,2023-12-01,30,-7.986
growth_mom,2024-01-01,30,4.745
growth_mom,2024-02-01,30,-3.152
growth_mom,2024-03-01,30,0.221
growth_mom,2024-04-01,30,-11.577
growth_mom,2024-05-01,30,2.344
growth_mom,2024-06-01,30,-0.076
growth_mom,2024-07-01,30,-11.177
growth_mom,2024-08-01,30,28.997
growth_mom,2024-09-01,30,8.237
growth_mom,2024-10-01,30,-13.69
growth_mom,2024-11-01,30,11.339
growth_mom,2024-12-01,30,-8.177
growth_mom,2025-01-01,30,0.648
growth_mom,2025-02-01,30,-1.833
growth_mom,2025-03-01,30,1.166
growth_mom,2025-04-01,30,-11.662
growth_mom,2025-05-01,30,3.245
growth_mom,2025-06-01,30,-0.138
growth_mom,2025-07-01,30,-10.23
growth_mom,2025-08-01,30,29.903
growth_mom,2025-09-01,30,10.257
growth_mom,2025-10-01,30,-12.524
growth_mom,2025-11-01,30,10.013
growth_mom,2025-12-01,30,-7.008
growth_mom,2026-01-01,30,1.113
growth_mom,2026-02-01,30,-3.014
growth_mom,2026-03-01,30,0.381
growth_mom,2026-04-01,30,-10.516
growth_mom,2026-05-01,30,0.782
growth_mom,2026-06-01,30,0.974
abs,2015-01-01,32,106.084
abs,2015-02-01,32,97.818
abs,2015-03-01,32,93.654
abs,2015-04-01,32,98.741
abs,2015-05-01,32,99.376
abs,2015-06-01,32,105.431
abs,2015-07-01,32,101.36
abs,2015-08-01,32,95.439
abs,2015-09-01,32,105.159
abs,2015-10-01,32,100.466
abs,2015-11-01,32,99.292
abs,2015-12-01,32,97.18
abs,2016-01-01,32,107.169
abs,2016-02-01,32,99.056
abs,2016-03-01,32,96.983
abs,2016-04-01,32,91.376
abs,2016-05-01,32,87.745
abs,2016-06-01,32,102.405
abs,2016-07-01,32,96.054
abs,2016-08-01,32,94.976
abs,2016-09-01,32,105.471
abs,2016-10-01,32,95.061
abs,2016-11-01,32,93.245
abs,2016-12-01,32,96.313
abs,2017-01-01,32,110.639
abs,2017-02-01,32,100.742
abs,2017-03-01,32,102.966
abs,2017-04-01,32,95.99
abs,2017-05-01,32,93.758
abs,2017-06-01,32,101.34
abs,2017-07-01,32,102.555
abs,2017-08-01,32,104.353
abs,2017-09-01,32,114.092
abs,2017-10-01,32,99.644
abs,2017-11-01,32,99.686
abs,2017-12-01,32,101.48
abs,2018-01-01,32,113.999
abs,2018-02-01,32,103.622
abs,2018-03-01,32,106.024
abs,2018-04-01,32,102.307
abs,2018-05-01,32,98.708
abs,2018-06-01,32,104.989
abs,2018-07-01,32,109.753
abs,2018-08-01,32,110.841
abs,2018-09-01,32,121.783
abs,2018-10-01,32,109.011
abs,2018-11-01,32,103.776
abs,2018-12-01,32,106.301
abs,2019-01-01,32,119.764
abs,2019-02-01,32,108.271
abs,2019-03-01,32,111.648
abs,2019-04-01,32,107.452
abs,2019-05-01,32,104.253
abs,2019-06-01,32,107.889
abs,2019-07-01,32,115.828
abs,2019-08-01,32,117.294
abs,2019-09-01,32,122.207
abs,2019-10-01,32,116.222
abs,2019-11-01,32,114.932
abs,2019-12-01,32,114.273
abs,2020-01-01,32,123.757
abs,2020-02-01,32,114.343
abs,2020-03-01,32,102.993
abs,2020-04-01,32,20.716
abs,2020-05-01,32,55.991
abs,2020-06-01,32,113.01
abs,2020-07-01,32,120.786
abs,2020-08-01,32,124.865
abs,2020-09-01,32,130.818
abs,2020-10-01,32,121.982
abs,2020-11-01,32,115.724
abs,2020-12-01,32,111.591
abs,2021-01-01,32,121.497
abs,2021-02-01,32,109.516
abs,2021-03-01,32,114.29
abs,2021-04-01,32,110.409
abs,2021-05-01,32,109.47
abs,2021-06-01,32,78.934
abs,2021-07-01,32,76.332
abs,2021-08-01,32,82.591
abs,2021-09-01,32,119.237
abs,2021-10-01,32,127.971
abs,2021-11-01,32,123.162
abs,2021-12-01,32,116.432
abs,2022-01-01,32,123.501
abs,2022-02-01,32,117.072
abs,2022-03-01,32,119.052
abs,2022-04-01,32,112.934
abs,2022-05-01,32,121.247
abs,2022-06-01,32,111.3
abs,2022-07-01,32,111.95
abs,2022-08-01,32,100.167
abs,2022-09-01,32,122.878
abs,2022-10-01,32,128.506
abs,2022-11-01,32,129.811
abs,2022-12-01,32,119.634
abs,2023-01-01,32,124.718
abs,2023-02-01,32,122.895
abs,2023-03-01,32,120.08
abs,2023-04-01,32,113.482
abs,2023-05-01,32,131.596
abs,2023-06-01,32,112.337
abs,2023-07-01,32,113.178
abs,2023-08-01,32,100.685
abs,2023-09-01,32,123.769
abs,2023-10-01,32,133.17
abs,2023-11-01,32,133.41
abs,2023-12-01,32,126.877
abs,2024-01-01,32,127.072
abs,2024-02-01,32,124.626
abs,2024-03-01,32,124.691
abs,2024-04-01,32,119.392
abs,2024-05-01,32,134.871
abs,2024-06-01,32,118.935
abs,2024-07-01,32,121.093
abs,2024-08-01,32,104.113
abs,2024-09-01,32,126.162
abs,2024-10-01,32,134.17
abs,2024-11-01,32,135.757
abs,2024-12-01,32,131.477
abs,2025-01-01,32,135.394
abs,2025-02-01,32,128.809
abs,2025-03-01,32,128.503
abs,2025-04-01,32,122.795
abs,2025-05-01,32,135.97
abs,2025-06-01,32,120.255
abs,2025-07-01,32,125.442
abs,2025-08-01,32,108.414
abs,2025-09-01,32,132.404
abs,2025-10-01,32,137.879
abs,2025-11-01,32,139.973
abs,2025-12-01,32,137.337
abs,2026-01-01,32,137.824
abs,2026-02-01,32,131.964
abs,2026-03-01,32,130.408
abs,2026-04-01,32,125.993
abs,2026-05-01,32,137.722
abs,2026-06-01,32,125.342
growth_yoy,2016-01-01,32,1.023
growth_yoy,2016-02-01,32,1.266
growth_yoy,2016-03-01,32,3.554
growth_yoy,2016-04-01,32,-7.46
growth_yoy,2016-05-01,32,-11.704
growth_yoy,2016-06-01,32,-2.869
growth_yoy,2016-07-01,32,-5.235
growth_yoy,2016-08-01,32,-0.485
growth_yoy,2016-09-01,32,0.297
growth_yoy,2016-10-01,32,-5.38
growth_yoy,2016-11-01,32,-6.09
growth_yoy,2016-12-01,32,-0.892
growth_yoy,2017-01-01,32,3.238
growth_yoy,2017-02-01,32,1.703
growth_yoy,2017-03-01,32,6.17
growth_yoy,2017-04-01,32,5.049
growth_yoy,2017-05-01,32,6.853
growth_yoy,2017-06-01,32,-1.04
growth_yoy,2017-07-01,32,6.768
growth_yoy,2017-08-01,32,9.873
growth_yoy,2017-09-01,32,8.174
growth_yoy,2017-10-01,32,4.821
growth_yoy,2017-11-01,32,6.908
growth_yoy,2017-12-01,32,5.364
growth_yoy,2018-01-01,32,3.037
growth_yoy,2018-02-01,32,2.859
growth_yoy,2018-03-01,32,2.97
growth_yoy,2018-04-01,32,6.581
growth_yoy,2018-05-01,32,5.28
growth_yoy,2018-06-01,32,3.601
growth_yoy,2018-07-01,32,7.019
growth_yoy,2018-08-01,32,6.217
growth_yoy,2018-09-01,32,6.741
growth_yoy,2018-10-01,32,9.401
growth_yoy,2018-11-01,32,4.103
growth_yoy,2018-12-01,32,4.751
growth_yoy,2019-01-01,32,5.057
growth_yoy,2019-02-01,32,4.486
growth_yoy,2019-03-01,32,5.304
growth_yoy,2019-04-01,32,5.029
growth_yoy,2019-05-01,32,5.618
growth_yoy,2019-06-01,32,2.762
growth_yoy,2019-07-01,32,5.536
growth_yoy,2019-08-01,32,5.821
growth_yoy,2019-09-01,32,0.348
growth_yoy,2019-10-01,32,6.614
growth_yoy,2019-11-01,32,10.751
growth_yoy,2019-12-01,32,7.499
growth_yoy,2020-01-01,32,3.334
growth_yoy,2020-02-01,32,5.608
growth_yoy,2020-03-01,32,-7.752
growth_yoy,2020-04-01,32,-80.72
growth_yoy,2020-05-01,32,-46.294
growth_yoy,2020-06-01,32,4.746
growth_yoy,2020-07-01,32,4.28
growth_yoy,2020-08-01,32,6.455
growth_yoy,2020-09-01,32,7.046
growth_yoy,2020-10-01,32,4.956
growth_yoy,2020-11-01,32,0.688
growth_yoy,2020-12-01,32,-2.347
growth_yoy,2021-01-01,32,-1.826
growth_yoy,2021-02-01,32,-4.222
growth_yoy,2021-03-01,32,10.969
growth_yoy,2021-04-01,32,432.95
growth_yoy,2021-05-01,32,95.514
growth_yoy,2021-06-01,32,-30.153
growth_yoy,2021-07-01,32,-36.804
growth_yoy,2021-08-01,32,-33.855
growth_yoy,2021-09-01,32,-8.853
growth_yoy,2021-10-01,32,4.91
growth_yoy,2021-11-01,32,6.427
growth_yoy,2021-12-01,32,4.338
growth_yoy,2022-01-01,32,1.65
growth_yoy,2022-02-01,32,6.899
growth_yoy,2022-03-01,32,4.166
growth_yoy,2022-04-01,32,2.287
growth_yoy,2022-05-01,32,10.758
growth_yoy,2022-06-01,32,41.004
growth_yoy,2022-07-01,32,46.662
growth_yoy,2022-08-01,32,21.28
growth_yoy,2022-09-01,32,3.053
growth_yoy,2022-10-01,32,0.418
growth_yoy,2022-11-01,32,5.399
growth_yoy,2022-12-01,32,2.75
growth_yoy,2023-01-01,32,0.985
growth_yoy,2023-02-01,32,4.974
growth_yoy,2023-03-01,32,0.863
growth_yoy,2023-04-01,32,0.486
growth_yoy,2023-05-01,32,8.535
growth_yoy,2023-06-01,32,0.932
growth_yoy,2023-07-01,32,1.097
growth_yoy,2023-08-01,32,0.517
growth_yoy,2023-09-01,32,0.726
growth_yoy,2023-10-01,32,3.63
growth_yoy,2023-11-01,32,2.773
growth_yoy,2023-12-01,32,6.054
growth_yoy,2024-01-01,32,1.888
growth_yoy,2024-02-01,32,1.408
growth_yoy,2024-03-01,32,3.84
growth_yoy,2024-04-01,32,5.208
growth_yoy,2024-05-01,32,2.489
growth_yoy,2024-06-01,32,5.874
growth_yoy,2024-07-01,32,6.993
growth_yoy,2024-08-01,32,3.405
growth_yoy,2024-09-01,32,1.933
growth_yoy,2024-10-01,32,0.751
growth_yoy,2024-11-01,32,1.759
growth_yoy,2024-12-01,32,3.626
growth_yoy,2025-01-01,32,6.549
growth_yoy,2025-02-01,32,3.357
growth_yoy,2025-03-01,32,3.057
growth_yoy,2025-04-01,32,2.85
growth_yoy,2025-05-01,32,0.815
growth_yoy,2025-06-01,32,1.109
growth_yoy,2025-07-01,32,3.591
growth_yoy,2025-08-01,32,4.131
growth_yoy,2025-09-01,32,4.948
growth_yoy,2025-10-01,32,2.764
growth_yoy,2025-11-01,32,3.106
growth_yoy,2025-12-01,32,4.457
growth_yoy,2026-01-01,32,1.795
growth_yoy,2026-02-01,32,2.449
growth_yoy,2026-03-01,32,1.483
growth_yoy,2026-04-01,32,2.604
growth_yoy,2026-05-01,32,1.288
growth_yoy,2026-06-01,32,4.23
growth_mom,2015-02-01,32,-7.792
growth_mom,2015-03-01,32,-4.257
growth_mom,2015-04-01,32,5.432
growth_mom,2015-05-01,32,0.643
growth_mom,2015-06-01,32,6.093
growth_mom,2015-07-01,32,-3.861
growth_mom,2015-08-01,32,-5.841
growth_mom,2015-09-01,32,10.184
growth_mom,2015-10-01,32,-4.462
growth_mom,2015-11-01,32,-1.168
growth_mom,2015-12-01,32,-2.127
growth_mom,2016-01-01,32,10.279
growth_mom,2016-02-01,32,-7.571
growth_mom,2016-03-01,32,-2.093
growth_mom,2016-04-01,32,-5.781
growth_mom,2016-05-01,32,-3.973
growth_mom,2016-06-01,32,16.708
growth_mom,2016-07-01,32,-6.203
growth_mom,2016-08-01,32,-1.122
growth_mom,2016-09-01,32,11.05
growth_mom,2016-10-01,32,-9.87
growth_mom,2016-11-01,32,-1.911
growth_mom,2016-12-01,32,3.291
growth_mom,2017-01-01,32,14.874
growth_mom,2017-02-01,32,-8.945
growth_mom,2017-03-01,32,2.207
growth_mom,2017-04-01,32,-6.776
growth_mom,2017-05-01,32,-2.325
growth_mom,2017-06-01,32,8.087
growth_mom,2017-07-01,32,1.198
growth_mom,2017-08-01,32,1.754
growth_mom,2017-09-01,32,9.332
growth_mom,2017-10-01,32,-12.663
growth_mom,2017-11-01,32,0.042
growth_mom,2017-12-01,32,1.799
growth_mom,2018-01-01,32,12.336
growth_mom,2018-02-01,32,-9.102
growth_mom,2018-03-01,32,2.318
growth_mom,2018-04-01,32,-3.506
growth_mom,2018-05-01,32,-3.518
growth_mom,2018-06-01,32,6.364
growth_mom,2018-07-01,32,4.537
growth_mom,2018-08-01,32,0.992
growth_mom,2018-09-01,32,9.871
growth_mom,2018-10-01,32,-10.487
growth_mom,2018-11-01,32,-4.803
growth_mom,2018-12-01,32,2.433
growth_mom,2019-01-01,32,12.665
growth_mom,2019-02-01,32,-9.596
growth_mom,2019-03-01,32,3.119
growth_mom,2019-04-01,32,-3.758
growth_mom,2019-05-01,32,-2.977
growth_mom,2019-06-01,32,3.488
growth_mom,2019-07-01,32,7.359
growth_mom,2019-08-01,32,1.265
growth_mom,2019-09-01,32,4.189
growth_mom,2019-10-01,32,-4.898
growth_mom,2019-11-01,32,-1.109
growth_mom,2019-12-01,32,-0.574
growth_mom,2020-01-01,32,8.3
growth_mom,2020-02-01,32,-7.607
growth_mom,2020-03-01,32,-9.926
growth_mom,2020-04-01,32,-79.886
growth_mom,2020-05-01,32,170.271
growth_mom,2020-06-01,32,101.837
growth_mom,2020-07-01,32,6.881
growth_mom,2020-08-01,32,3.377
growth_mom,2020-09-01,32,4.767
growth_mom,2020-10-01,32,-6.754
growth_mom,2020-11-01,32,-5.131
growth_mom,2020-12-01,32,-3.571
growth_mom,2021-01-01,32,8.877
growth_mom,2021-02-01,32,-9.861
growth_mom,2021-03-01,32,4.36
growth_mom,2021-04-01,32,-3.396
growth_mom,2021-05-01,32,-0.85
growth_mom,2021-06-01,32,-27.895
growth_mom,2021-07-01,32,-3.296
growth_mom,2021-08-01,32,8.2
growth_mom,2021-09-01,32,44.37
growth_mom,2021-10-01,32,7.325
growth_mom,2021-11-01,32,-3.758
growth_mom,2021-12-01,32,-5.464
growth_mom,2022-01-01,32,6.071
growth_mom,2022-02-01,32,-5.206
growth_mom,2022-03-01,32,1.692
growth_mom,2022-04-01,32,-5.139
growth_mom,2022-05-01,32,7.361
growth_mom,2022-06-01,32,-8.204
growth_mom,2022-07-01,32,0.585
growth_mom,2022-08-01,32,-10.526
growth_mom,2022-09-01,32,22.673
growth_mom,2022-10-01,32,4.581
growth_mom,2022-11-01,32,1.015
growth_mom,2022-12-01,32,-7.84
growth_mom,2023-01-01,32,4.249
growth_mom,2023-02-01,32,-1.461
growth_mom,2023-03-01,32,-2.291
growth_mom,2023-04-01,32,-5.494
growth_mom,2023-05-01,32,15.962
growth_mom,2023-06-01,32,-14.635
growth_mom,2023-07-01,32,0.749
growth_mom,2023-08-01,32,-11.039
growth_mom,2023-09-01,32,22.928
growth_mom,2023-10-01,32,7.596
growth_mom,2023-11-01,32,0.18
growth_mom,2023-12-01,32,-4.897
growth_mom,2024-01-01,32,0.154
growth_mom,2024-02-01,32,-1.925
growth_mom,2024-03-01,32,0.052
growth_mom,2024-04-01,32,-4.249
growth_mom,2024-05-01,32,12.964
growth_mom,2024-06-01,32,-11.815
growth_mom,2024-07-01,32,1.814
growth_mom,2024-08-01,32,-14.023
growth_mom,2024-09-01,32,21.178
growth_mom,2024-10-01,32,6.348
growth_mom,2024-11-01,32,1.182
growth_mom,2024-12-01,32,-3.153
growth_mom,2025-01-01,32,2.979
growth_mom,2025-02-01,32,-4.864
growth_mom,2025-03-01,32,-0.238
growth_mom,2025-04-01,32,-4.441
growth_mom,2025-05-01,32,10.729
growth_mom,2025-06-01,32,-11.558
growth_mom,2025-07-01,32,4.313
growth_mom,2025-08-01,32,-13.574
growth_mom,2025-09-01,32,22.128
growth_mom,2025-10-01,32,4.135
growth_mom,2025-11-01,32,1.519
growth_mom,2025-12-01,32,-1.884
growth_mom,2026-01-01,32,0.355
growth_mom,2026-02-01,32,-4.252
growth_mom,2026-03-01,32,-1.179
growth_mom,2026-04-01,32,-3.386
growth_mom,2026-05-01,32,9.309
growth_mom,2026-06-01,32,-8.989
abs,2015-01-01,33,109.275
abs,2015-02-01,33,104.541
abs,2015-03-01,33,104.474
abs,2015-04-01,33,97.08
abs,2015-05-01,33,82.277
abs,2015-06-01,33,97.862
abs,2015-07-01,33,101.733
abs,2015-08-01,33,87.392
abs,2015-09-01,33,96.595
abs,2015-10-01,33,104.984
abs,2015-11-01,33,111.173
abs,2015-12-01,33,102.613
abs,2016-01-01,33,113.211
abs,2016-02-01,33,101.105
abs,2016-03-01,33,107.557
abs,2016-04-01,33,94.914
abs,2016-05-01,33,92.262
abs,2016-06-01,33,101.952
abs,2016-07-01,33,131.719
abs,2016-08-01,33,104.566
abs,2016-09-01,33,109.666
abs,2016-10-01,33,108.804
abs,2016-11-01,33,116.238
abs,2016-12-01,33,88.618
abs,2017-01-01,33,99.785
abs,2017-02-01,33,92.964
abs,2017-03-01,33,121.598
abs,2017-04-01,33,107.767
abs,2017-05-01,33,123.435
abs,2017-06-01,33,127.599
abs,2017-07-01,33,143.81
abs,2017-08-01,33,126.611
abs,2017-09-01,33,132.049
abs,2017-10-01,33,117.106
abs,2017-11-01,33,123.878
abs,2017-12-01,33,96.938
abs,2018-01-01,33,111.757
abs,2018-02-01,33,103.704
abs,2018-03-01,33,126.039
abs,2018-04-01,33,116.76
abs,2018-05-01,33,130.621
abs,2018-06-01,33,131.553
abs,2018-07-01,33,149.758
abs,2018-08-01,33,136.556
abs,2018-09-01,33,139.093
abs,2018-10-01,33,130.29
abs,2018-11-01,33,135.507
abs,2018-12-01,33,103.881
abs,2019-01-01,33,120.202
abs,2019-02-01,33,110.651
abs,2019-03-01,33,135.241
abs,2019-04-01,33,122.26
abs,2019-05-01,33,134.715
abs,2019-06-01,33,131.929
abs,2019-07-01,33,153.282
abs,2019-08-01,33,141.969
abs,2019-09-01,33,143.266
abs,2019-10-01,33,133.039
abs,2019-11-01,33,139.161
abs,2019-12-01,33,108.742
abs,2020-01-01,33,126.044
abs,2020-02-01,33,115.195
abs,2020-03-01,33,122.122
abs,2020-04-01,33,54.461
abs,2020-05-01,33,96.842
abs,2020-06-01,33,133.002
abs,2020-07-01,33,141.929
abs,2020-08-01,33,140.55
abs,2020-09-01,33,138.749
abs,2020-10-01,33,131.477
abs,2020-11-01,33,133.831
abs,2020-12-01,33,105.818
abs,2021-01-01,33,123.961
abs,2021-02-01,33,113.818
abs,2021-03-01,33,129.196
abs,2021-04-01,33,118.985
abs,2021-05-01,33,114.174
abs,2021-06-01,33,106.321
abs,2021-07-01,33,108.37
abs,2021-08-01,33,110.125
abs,2021-09-01,33,114.112
abs,2021-10-01,33,135.753
abs,2021-11-01,33,145.165
abs,2021-12-01,33,118.608
abs,2022-01-01,33,131.587
abs,2022-02-01,33,121.546
abs,2022-03-01,33,141.191
abs,2022-04-01,33,132.838
abs,2022-05-01,33,123.188
abs,2022-06-01,33,128.316
abs,2022-07-01,33,130.155
abs,2022-08-01,33,128.408
abs,2022-09-01,33,129.749
abs,2022-10-01,33,143.78
abs,2022-11-01,33,146.664
abs,2022-12-01,33,127.671
abs,2023-01-01,33,139.428
abs,2023-02-01,33,132.963
abs,2023-03-01,33,142.842
abs,2023-04-01,33,139.133
abs,2023-05-01,33,130.087
abs,2023-06-01,33,135.946
abs,2023-07-01,33,137.394
abs,2023-08-01,33,135.809
abs,2023-09-01,33,136.824
abs,2023-10-01,33,150.716
abs,2023-11-01,33,151.395
abs,2023-12-01,33,130.967
abs,2024-01-01,33,146.153
abs,2024-02-01,33,137.856
abs,2024-03-01,33,152.633
abs,2024-04-01,33,144.821
abs,2024-05-01,33,136.898
abs,2024-06-01,33,147.655
abs,2024-07-01,33,148.274
abs,2024-08-01,33,147.164
abs,2024-09-01,33,140.913
abs,2024-10-01,33,158.453
abs,2024-11-01,33,154.645
abs,2024-12-01,33,140.635
abs,2025-01-01,33,157.617
abs,2025-02-01,33,148.809
abs,2025-03-01,33,165.607
abs,2025-04-01,33,158.826
abs,2025-05-01,33,150.413
abs,2025-06-01,33,158.983
abs,2025-07-01,33,160.001
abs,2025-08-01,33,155.61
abs,2025-09-01,33,149.474
abs,2025-10-01,33,165.425
abs,2025-11-01,33,161.332
abs,2025-12-01,33,151.81
abs,2026-01-01,33,169.426
abs,2026-02-01,33,163.328
abs,2026-03-01,33,182.808
abs,2026-04-01,33,176.623
abs,2026-05-01,33,162.769
abs,2026-06-01,33,171.189
growth_yoy,2016-01-01,33,3.601
growth_yoy,2016-02-01,33,-3.287
growth_yoy,2016-03-01,33,2.951
growth_yoy,2016-04-01,33,-2.231
growth_yoy,2016-05-01,33,12.135
growth_yoy,2016-06-01,33,4.179
growth_yoy,2016-07-01,33,29.475
growth_yoy,2016-08-01,33,19.651
growth_yoy,2016-09-01,33,13.532
growth_yoy,2016-10-01,33,3.639
growth_yoy,2016-11-01,33,4.556
growth_yoy,2016-12-01,33,-13.638
growth_yoy,2017-01-01,33,-11.859
growth_yoy,2017-02-01,33,-8.051
growth_yoy,2017-03-01,33,13.054
growth_yoy,2017-04-01,33,13.541
growth_yoy,2017-05-01,33,33.787
growth_yoy,2017-06-01,33,25.157
growth_yoy,2017-07-01,33,9.18
growth_yoy,2017-08-01,33,21.083
growth_yoy,2017-09-01,33,20.41
growth_yoy,2017-10-01,33,7.63
growth_yoy,2017-11-01,33,6.573
growth_yoy,2017-12-01,33,9.388
growth_yoy,2018-01-01,33,11.998
growth_yoy,2018-02-01,33,11.552
growth_yoy,2018-03-01,33,3.652
growth_yoy,2018-04-01,33,8.345
growth_yoy,2018-05-01,33,5.822
growth_yoy,2018-06-01,33,3.099
growth_yoy,2018-07-01,33,4.136
growth_yoy,2018-08-01,33,7.854
growth_yoy,2018-09-01,33,5.334
growth_yoy,2018-10-01,33,11.258
growth_yoy,2018-11-01,33,9.387
growth_yoy,2018-12-01,33,7.163
growth_yoy,2019-01-01,33,7.556
growth_yoy,2019-02-01,33,6.699
growth_yoy,2019-03-01,33,7.301
growth_yoy,2019-04-01,33,4.71
growth_yoy,2019-05-01,33,3.134
growth_yoy,2019-06-01,33,0.285
growth_yoy,2019-07-01,33,2.353
growth_yoy,2019-08-01,33,3.965
growth_yoy,2019-09-01,33,3.0
growth_yoy,2019-10-01,33,2.111
growth_yoy,2019-11-01,33,2.697
growth_yoy,2019-12-01,33,4.68
growth_yoy,2020-01-01,33,4.86
growth_yoy,2020-02-01,33,4.107
growth_yoy,2020-03-01,33,-9.7
growth_yoy,2020-04-01,33,-55.455
growth_yoy,2020-05-01,33,-28.113
growth_yoy,2020-06-01,33,0.813
growth_yoy,2020-07-01,33,-7.407
growth_yoy,2020-08-01,33,-1.0
growth_yoy,2020-09-01,33,-3.153
growth_yoy,2020-10-01,33,-1.174
growth_yoy,2020-11-01,33,-3.83
growth_yoy,2020-12-01,33,-2.689
growth_yoy,2021-01-01,33,-1.653
growth_yoy,2021-02-01,33,-1.195
growth_yoy,2021-03-01,33,5.793
growth_yoy,2021-04-01,33,118.478
growth_yoy,2021-05-01,33,17.897
growth_yoy,2021-06-01,33,-20.061
growth_yoy,2021-07-01,33,-23.645
growth_yoy,2021-08-01,33,-21.647
growth_yoy,2021-09-01,33,-17.757
growth_yoy,2021-10-01,33,3.252
growth_yoy,2021-11-01,33,8.469
growth_yoy,2021-12-01,33,12.087
growth_yoy,2022-01-01,33,6.152
growth_yoy,2022-02-01,33,6.79
growth_yoy,2022-03-01,33,9.284
growth_yoy,2022-04-01,33,11.642
growth_yoy,2022-05-01,33,7.896
growth_yoy,2022-06-01,33,20.687
growth_yoy,2022-07-01,33,20.103
growth_yoy,2022-08-01,33,16.602
growth_yoy,2022-09-01,33,13.704
growth_yoy,2022-10-01,33,5.913
growth_yoy,2022-11-01,33,1.033
growth_yoy,2022-12-01,33,7.641
growth_yoy,2023-01-01,33,5.959
growth_yoy,2023-02-01,33,9.393
growth_yoy,2023-03-01,33,1.17
growth_yoy,2023-04-01,33,4.739
growth_yoy,2023-05-01,33,5.6
growth_yoy,2023-06-01,33,5.946
growth_yoy,2023-07-01,33,5.561
growth_yoy,2023-08-01,33,5.764
growth_yoy,2023-09-01,33,5.452
growth_yoy,2023-10-01,33,4.824
growth_yoy,2023-11-01,33,3.225
growth_yoy,2023-12-01,33,2.582
growth_yoy,2024-01-01,33,4.823
growth_yoy,2024-02-01,33,3.68
growth_yoy,2024-03-01,33,6.854
growth_yoy,2024-04-01,33,4.089
growth_yoy,2024-05-01,33,5.236
growth_yoy,2024-06-01,33,8.614
growth_yoy,2024-07-01,33,7.919
growth_yoy,2024-08-01,33,8.361
growth_yoy,2024-09-01,33,2.989
growth_yoy,2024-10-01,33,5.134
growth_yoy,2024-11-01,33,2.147
growth_yoy,2024-12-01,33,7.382
growth_yoy,2025-01-01,33,7.844
growth_yoy,2025-02-01,33,7.945
growth_yoy,2025-03-01,33,8.5
growth_yoy,2025-04-01,33,9.67
growth_yoy,2025-05-01,33,9.872
growth_yoy,2025-06-01,33,7.672
growth_yoy,2025-07-01,33,7.909
growth_yoy,2025-08-01,33,5.739
growth_yoy,2025-09-01,33,6.076
growth_yoy,2025-10-01,33,4.4
growth_yoy,2025-11-01,33,4.324
growth_yoy,2025-12-01,33,7.946
growth_yoy,2026-01-01,33,7.492
growth_yoy,2026-02-01,33,9.757
growth_yoy,2026-03-01,33,10.387
growth_yoy,2026-04-01,33,11.205
growth_yoy,2026-05-01,33,8.215
growth_yoy,2026-06-01,33,7.678
growth_mom,2015-02-01,33,-4.332
growth_mom,2015-03-01,33,-0.065
growth_mom,2015-04-01,33,-7.077
growth_mom,2015-05-01,33,-15.248
growth_mom,2015-06-01,33,18.942
growth_mom,2015-07-01,33,3.955
growth_mom,2015-08-01,33,-14.096
growth_mom,2015-09-01,33,10.53
growth_mom,2015-10-01,33,8.684
growth_mom,2015-11-01,33,5.896
growth_mom,2015-12-01,33,-7.7
growth_mom,2016-01-01,33,10.328
growth_mom,2016-02-01,33,-10.693
growth_mom,2016-03-01,33,6.382
growth_mom,2016-04-01,33,-11.755
growth_mom,2016-05-01,33,-2.794
growth_mom,2016-06-01,33,10.502
growth_mom,2016-07-01,33,29.197
growth_mom,2016-08-01,33,-20.614
growth_mom,2016-09-01,33,4.878
growth_mom,2016-10-01,33,-0.786
growth_mom,2016-11-01,33,6.832
growth_mom,2016-12-01,33,-23.761
growth_mom,2017-01-01,33,12.601
growth_mom,2017-02-01,33,-6.836
growth_mom,2017-03-01,33,30.8
growth_mom,2017-04-01,33,-11.374
growth_mom,2017-05-01,33,14.539
growth_mom,2017-06-01,33,3.374
growth_mom,2017-07-01,33,12.705
growth_mom,2017-08-01,33,-11.96
growth_mom,2017-09-01,33,4.295
growth_mom,2017-10-01,33,-11.316
growth_mom,2017-11-01,33,5.783
growth_mom,2017-12-01,33,-21.748
growth_mom,2018-01-01,33,15.288
growth_mom,2018-02-01,33,-7.206
growth_mom,2018-03-01,33,21.537
growth_mom,2018-04-01,33,-7.362
growth_mom,2018-05-01,33,11.871
growth_mom,2018-06-01,33,0.714
growth_mom,2018-07-01,33,13.838
growth_mom,2018-08-01,33,-8.816
growth_mom,2018-09-01,33,1.858
growth_mom,2018-10-01,33,-6.329
growth_mom,2018-11-01,33,4.004
growth_mom,2018-12-01,33,-23.339
growth_mom,2019-01-01,33,15.712
growth_mom,2019-02-01,33,-7.946
growth_mom,2019-03-01,33,22.223
growth_mom,2019-04-01,33,-9.598
growth_mom,2019-05-01,33,10.187
growth_mom,2019-06-01,33,-2.068
growth_mom,2019-07-01,33,16.186
growth_mom,2019-08-01,33,-7.38
growth_mom,2019-09-01,33,0.913
growth_mom,2019-10-01,33,-7.138
growth_mom,2019-11-01,33,4.602
growth_mom,2019-12-01,33,-21.859
growth_mom,2020-01-01,33,15.911
growth_mom,2020-02-01,33,-8.607
growth_mom,2020-03-01,33,6.013
growth_mom,2020-04-01,33,-55.404
growth_mom,2020-05-01,33,77.819
growth_mom,2020-06-01,33,37.339
growth_mom,2020-07-01,33,6.712
growth_mom,2020-08-01,33,-0.971
growth_mom,2020-09-01,33,-1.282
growth_mom,2020-10-01,33,-5.241
growth_mom,2020-11-01,33,1.79
growth_mom,2020-12-01,33,-20.932
growth_mom,2021-01-01,33,17.146
growth_mom,2021-02-01,33,-8.182
growth_mom,2021-03-01,33,13.511
growth_mom,2021-04-01,33,-7.903
growth_mom,2021-05-01,33,-4.044
growth_mom,2021-06-01,33,-6.878
growth_mom,2021-07-01,33,1.927
growth_mom,2021-08-01,33,1.62
growth_mom,2021-09-01,33,3.62
growth_mom,2021-10-01,33,18.965
growth_mom,2021-11-01,33,6.933
growth_mom,2021-12-01,33,-18.294
growth_mom,2022-01-01,33,10.943
growth_mom,2022-02-01,33,-7.631
growth_mom,2022-03-01,33,16.162
growth_mom,2022-04-01,33,-5.916
growth_mom,2022-05-01,33,-7.264
growth_mom,2022-06-01,33,4.162
growth_mom,2022-07-01,33,1.434
growth_mom,2022-08-01,33,-1.343
growth_mom,2022-09-01,33,1.045
growth_mom,2022-10-01,33,10.814
growth_mom,2022-11-01,33,2.006
growth_mom,2022-12-01,33,-12.95
growth_mom,2023-01-01,33,9.209
growth_mom,2023-02-01,33,-4.637
growth_mom,2023-03-01,33,7.43
growth_mom,2023-04-01,33,-2.597
growth_mom,2023-05-01,33,-6.502
growth_mom,2023-06-01,33,4.504
growth_mom,2023-07-01,33,1.065
growth_mom,2023-08-01,33,-1.153
growth_mom,2023-09-01,33,0.747
growth_mom,2023-10-01,33,10.153
growth_mom,2023-11-01,33,0.45
growth_mom,2023-12-01,33,-13.493
growth_mom,2024-01-01,33,11.595
growth_mom,2024-02-01,33,-5.677
growth_mom,2024-03-01,33,10.719
growth_mom,2024-04-01,33,-5.118
growth_mom,2024-05-01,33,-5.471
growth_mom,2024-06-01,33,7.858
growth_mom,2024-07-01,33,0.419
growth_mom,2024-08-01,33,-0.749
growth_mom,2024-09-01,33,-4.248
growth_mom,2024-10-01,33,12.447
growth_mom,2024-11-01,33,-2.403
growth_mom,2024-12-01,33,-9.059
growth_mom,2025-01-01,33,12.075
growth_mom,2025-02-01,33,-5.588
growth_mom,2025-03-01,33,11.288
growth_mom,2025-04-01,33,-4.094
growth_mom,2025-05-01,33,-5.297
growth_mom,2025-06-01,33,5.698
growth_mom,2025-07-01,33,0.64
growth_mom,2025-08-01,33,-2.744
growth_mom,2025-09-01,33,-3.943
growth_mom,2025-10-01,33,10.671
growth_mom,2025-11-01,33,-2.475
growth_mom,2025-12-01,33,-5.902
growth_mom,2026-01-01,33,11.604
growth_mom,2026-02-01,33,-3.599
growth_mom,2026-03-01,33,11.927
growth_mom,2026-04-01,33,-3.384
growth_mom,2026-05-01,33,-7.844
growth_mom,2026-06-01,33,5.173
