series,date,division,index
abs,2015-01-01,01,89.9
abs,2015-02-01,01,89.7
abs,2015-03-01,01,89.2
abs,2015-04-01,01,85.6
abs,2015-05-01,01,85.6
abs,2015-06-01,01,88.1
abs,2015-07-01,01,85.9
abs,2015-08-01,01,79.7
abs,2015-09-01,01,80.8
abs,2015-10-01,01,86.2
abs,2015-11-01,01,84.1
abs,2015-12-01,01,85.9
abs,2016-01-01,01,89.3
abs,2016-02-01,01,94.0
abs,2016-03-01,01,97.6
abs,2016-04-01,01,101.2
abs,2016-05-01,01,101.0
abs,2016-06-01,01,100.2
abs,2016-07-01,01,96.4
abs,2016-08-01,01,104.1
abs,2016-09-01,01,110.7
abs,2016-10-01,01,105.3
abs,2016-11-01,01,113.2
abs,2016-12-01,01,124.7
abs,2017-01-01,01,128.4
abs,2017-02-01,01,127.8
abs,2017-03-01,01,114.2
abs,2017-04-01,01,105.7
abs,2017-05-01,01,108.8
abs,2017-06-01,01,105.3
abs,2017-07-01,01,105.1
abs,2017-08-01,01,106.9
abs,2017-09-01,01,112.3
abs,2017-10-01,01,110.2
abs,2017-11-01,01,109.5
abs,2017-12-01,01,102.1
abs,2018-01-01,01,104.2
abs,2018-02-01,01,101.4
abs,2018-03-01,01,97.9
abs,2018-04-01,01,95.8
abs,2018-05-01,01,95.3
abs,2018-06-01,01,92.5
abs,2018-07-01,01,90.1
abs,2018-08-01,01,89.3
abs,2018-09-01,01,88.5
abs,2018-10-01,01,85.6
abs,2018-11-01,01,78.9
abs,2018-12-01,01,79.6
abs,2019-01-01,01,86.4
abs,2019-02-01,01,86.5
abs,2019-03-01,01,80.6
abs,2019-04-01,01,82.1
abs,2019-05-01,01,80.6
abs,2019-06-01,01,81.3
abs,2019-07-01,01,82.5
abs,2019-08-01,01,87.9
abs,2019-09-01,01,87.0
abs,2019-10-01,01,86.9
abs,2019-11-01,01,97.8
abs,2019-12-01,01,100.7
abs,2020-01-01,01,105.0
abs,2020-02-01,01,96.7
abs,2020-03-01,01,94.5
abs,2020-04-01,01,91.1
abs,2020-05-01,01,86.6
abs,2020-06-01,01,97.4
abs,2020-07-01,01,98.4
abs,2020-08-01,01,105.3
abs,2020-09-01,01,108.3
abs,2020-10-01,01,110.0
abs,2020-11-01,01,123.8
abs,2020-12-01,01,129.9
abs,2021-01-01,01,134.1
abs,2021-02-01,01,136.8
abs,2021-03-01,01,140.2
abs,2021-04-01,01,144.6
abs,2021-05-01,01,148.3
abs,2021-06-01,01,130.7
abs,2021-07-01,01,133.6
abs,2021-08-01,01,137.4
abs,2021-09-01,01,137.7
abs,2021-10-01,01,139.5
abs,2021-11-01,01,149.1
abs,2021-12-01,01,144.1
abs,2022-01-01,01,151.2
abs,2022-02-01,01,163.0
abs,2022-03-01,01,178.7
abs,2022-04-01,01,172.7
abs,2022-05-01,01,174.6
abs,2022-06-01,01,155.8
abs,2022-07-01,01,116.4
abs,2022-08-01,01,119.6
abs,2022-09-01,01,111.7
abs,2022-10-01,01,109.4
abs,2022-11-01,01,115.9
abs,2022-12-01,01,114.1
abs,2023-01-01,01,114.0
abs,2023-02-01,01,114.1
abs,2023-03-01,01,119.7
abs,2023-04-01,01,120.8
abs,2023-05-01,01,118.7
abs,2023-06-01,01,117.3
abs,2023-07-01,01,118.8
abs,2023-08-01,01,117.2
abs,2023-09-01,01,115.4
abs,2023-10-01,01,113.2
abs,2023-11-01,01,115.2
abs,2023-12-01,01,115.1
abs,2024-01-01,01,117.9
abs,2024-02-01,01,121.1
abs,2024-03-01,01,127.8
abs,2024-04-01,01,129.0
abs,2024-05-01,01,122.1
abs,2024-06-01,01,123.9
abs,2024-07-01,01,125.1
abs,2024-08-01,01,121.8
abs,2024-09-01,01,124.0
abs,2024-10-01,01,132.7
abs,2024-11-01,01,146.2
abs,2024-12-01,01,148.6
abs,2025-01-01,01,142.2
abs,2025-02-01,01,144.0
abs,2025-03-01,01,143.3
abs,2025-04-01,01,134.1
abs,2025-05-01,01,125.3
abs,2025-06-01,01,124.0
abs,2025-07-01,01,127.7
abs,2025-08-01,01,132.6
abs,2025-09-01,01,135.4
abs,2025-10-01,01,136.8
abs,2025-11-01,01,129.5
abs,2025-12-01,01,127.7
abs,2026-01-01,01,127.9
abs,2026-02-01,01,128.8
abs,2026-03-01,01,132.6
abs,2026-04-01,01,136.4
abs,2026-05-01,01,136.7
abs,2026-06-01,01,135.9
abs,2026-07-01,01,136.9
growth_yoy,2016-01-01,01,-0.667
growth_yoy,2016-02-01,01,4.794
growth_yoy,2016-03-01,01,9.417
growth_yoy,2016-04-01,01,18.224
growth_yoy,2016-05-01,01,17.991
growth_yoy,2016-06-01,01,13.734
growth_yoy,2016-07-01,01,12.224
growth_yoy,2016-08-01,01,30.615
growth_yoy,2016-09-01,01,37.005
growth_yoy,2016-10-01,01,22.158
growth_yoy,2016-11-01,01,34.602
growth_yoy,2016-12-01,01,45.169
growth_yoy,2017-01-01,01,43.785
growth_yoy,2017-02-01,01,35.957
growth_yoy,2017-03-01,01,17.008
growth_yoy,2017-04-01,01,4.447
growth_yoy,2017-05-01,01,7.723
growth_yoy,2017-06-01,01,5.09
growth_yoy,2017-07-01,01,9.025
growth_yoy,2017-08-01,01,2.69
growth_yoy,2017-09-01,01,1.445
growth_yoy,2017-10-01,01,4.653
growth_yoy,2017-11-01,01,-3.269
growth_yoy,2017-12-01,01,-18.123
growth_yoy,2018-01-01,01,-18.847
growth_yoy,2018-02-01,01,-20.657
growth_yoy,2018-03-01,01,-14.273
growth_yoy,2018-04-01,01,-9.366
growth_yoy,2018-05-01,01,-12.408
growth_yoy,2018-06-01,01,-12.156
growth_yoy,2018-07-01,01,-14.272
growth_yoy,2018-08-01,01,-16.464
growth_yoy,2018-09-01,01,-21.193
growth_yoy,2018-10-01,01,-22.323
growth_yoy,2018-11-01,01,-27.945
growth_yoy,2018-12-01,01,-22.037
growth_yoy,2019-01-01,01,-17.083
growth_yoy,2019-02-01,01,-14.694
growth_yoy,2019-03-01,01,-17.671
growth_yoy,2019-04-01,01,-14.301
growth_yoy,2019-05-01,01,-15.425
growth_yoy,2019-06-01,01,-12.108
growth_yoy,2019-07-01,01,-8.435
growth_yoy,2019-08-01,01,-1.568
growth_yoy,2019-09-01,01,-1.695
growth_yoy,2019-10-01,01,1.519
growth_yoy,2019-11-01,01,23.954
growth_yoy,2019-12-01,01,26.508
growth_yoy,2020-01-01,01,21.528
growth_yoy,2020-02-01,01,11.792
growth_yoy,2020-03-01,01,17.246
growth_yoy,2020-04-01,01,10.962
growth_yoy,2020-05-01,01,7.444
growth_yoy,2020-06-01,01,19.803
growth_yoy,2020-07-01,01,19.273
growth_yoy,2020-08-01,01,19.795
growth_yoy,2020-09-01,01,24.483
growth_yoy,2020-10-01,01,26.582
growth_yoy,2020-11-01,01,26.585
growth_yoy,2020-12-01,01,28.997
growth_yoy,2021-01-01,01,27.714
growth_yoy,2021-02-01,01,41.468
growth_yoy,2021-03-01,01,48.36
growth_yoy,2021-04-01,01,58.727
growth_yoy,2021-05-01,01,71.247
growth_yoy,2021-06-01,01,34.189
growth_yoy,2021-07-01,01,35.772
growth_yoy,2021-08-01,01,30.484
growth_yoy,2021-09-01,01,27.147
growth_yoy,2021-10-01,01,26.818
growth_yoy,2021-11-01,01,20.436
growth_yoy,2021-12-01,01,10.931
growth_yoy,2022-01-01,01,12.752
growth_yoy,2022-02-01,01,19.152
growth_yoy,2022-03-01,01,27.461
growth_yoy,2022-04-01,01,19.433
growth_yoy,2022-05-01,01,17.734
growth_yoy,2022-06-01,01,19.204
growth_yoy,2022-07-01,01,-12.874
growth_yoy,2022-08-01,01,-12.955
growth_yoy,2022-09-01,01,-18.882
growth_yoy,2022-10-01,01,-21.577
growth_yoy,2022-11-01,01,-22.267
growth_yoy,2022-12-01,01,-20.819
growth_yoy,2023-01-01,01,-24.603
growth_yoy,2023-02-01,01,-30.0
growth_yoy,2023-03-01,01,-33.016
growth_yoy,2023-04-01,01,-30.052
growth_yoy,2023-05-01,01,-32.016
growth_yoy,2023-06-01,01,-24.711
growth_yoy,2023-07-01,01,2.062
growth_yoy,2023-08-01,01,-2.007
growth_yoy,2023-09-01,01,3.312
growth_yoy,2023-10-01,01,3.473
growth_yoy,2023-11-01,01,-0.604
growth_yoy,2023-12-01,01,0.876
growth_yoy,2024-01-01,01,3.421
growth_yoy,2024-02-01,01,6.135
growth_yoy,2024-03-01,01,6.767
growth_yoy,2024-04-01,01,6.788
growth_yoy,2024-05-01,01,2.864
growth_yoy,2024-06-01,01,5.627
growth_yoy,2024-07-01,01,5.303
growth_yoy,2024-08-01,01,3.925
growth_yoy,2024-09-01,01,7.452
growth_yoy,2024-10-01,01,17.226
growth_yoy,2024-11-01,01,26.91
growth_yoy,2024-12-01,01,29.105
growth_yoy,2025-01-01,01,20.611
growth_yoy,2025-02-01,01,18.91
growth_yoy,2025-03-01,01,12.128
growth_yoy,2025-04-01,01,3.953
growth_yoy,2025-05-01,01,2.621
growth_yoy,2025-06-01,01,0.081
growth_yoy,2025-07-01,01,2.078
growth_yoy,2025-08-01,01,8.867
growth_yoy,2025-09-01,01,9.194
growth_yoy,2025-10-01,01,3.09
growth_yoy,2025-11-01,01,-11.423
growth_yoy,2025-12-01,01,-14.065
growth_yoy,2026-01-01,01,-10.056
growth_yoy,2026-02-01,01,-10.556
growth_yoy,2026-03-01,01,-7.467
growth_yoy,2026-04-01,01,1.715
growth_yoy,2026-05-01,01,9.098
growth_yoy,2026-06-01,01,9.597
growth_yoy,2026-07-01,01,7.204
growth_mom,2015-02-01,01,-0.222
growth_mom,2015-03-01,01,-0.557
growth_mom,2015-04-01,01,-4.036
growth_mom,2015-05-01,01,0.0
growth_mom,2015-06-01,01,2.921
growth_mom,2015-07-01,01,-2.497
growth_mom,2015-08-01,01,-7.218
growth_mom,2015-09-01,01,1.38
growth_mom,2015-10-01,01,6.683
growth_mom,2015-11-01,01,-2.436
growth_mom,2015-12-01,01,2.14
growth_mom,2016-01-01,01,3.958
growth_mom,2016-02-01,01,5.263
growth_mom,2016-03-01,01,3.83
growth_mom,2016-04-01,01,3.689
growth_mom,2016-05-01,01,-0.198
growth_mom,2016-06-01,01,-0.792
growth_mom,2016-07-01,01,-3.792
growth_mom,2016-08-01,01,7.988
growth_mom,2016-09-01,01,6.34
growth_mom,2016-10-01,01,-4.878
growth_mom,2016-11-01,01,7.502
growth_mom,2016-12-01,01,10.159
growth_mom,2017-01-01,01,2.967
growth_mom,2017-02-01,01,-0.467
growth_mom,2017-03-01,01,-10.642
growth_mom,2017-04-01,01,-7.443
growth_mom,2017-05-01,01,2.933
growth_mom,2017-06-01,01,-3.217
growth_mom,2017-07-01,01,-0.19
growth_mom,2017-08-01,01,1.713
growth_mom,2017-09-01,01,5.051
growth_mom,2017-10-01,01,-1.87
growth_mom,2017-11-01,01,-0.635
growth_mom,2017-12-01,01,-6.758
growth_mom,2018-01-01,01,2.057
growth_mom,2018-02-01,01,-2.687
growth_mom,2018-03-01,01,-3.452
growth_mom,2018-04-01,01,-2.145
growth_mom,2018-05-01,01,-0.522
growth_mom,2018-06-01,01,-2.938
growth_mom,2018-07-01,01,-2.595
growth_mom,2018-08-01,01,-0.888
growth_mom,2018-09-01,01,-0.896
growth_mom,2018-10-01,01,-3.277
growth_mom,2018-11-01,01,-7.827
growth_mom,2018-12-01,01,0.887
growth_mom,2019-01-01,01,8.543
growth_mom,2019-02-01,01,0.116
growth_mom,2019-03-01,01,-6.821
growth_mom,2019-04-01,01,1.861
growth_mom,2019-05-01,01,-1.827
growth_mom,2019-06-01,01,0.868
growth_mom,2019-07-01,01,1.476
growth_mom,2019-08-01,01,6.545
growth_mom,2019-09-01,01,-1.024
growth_mom,2019-10-01,01,-0.115
growth_mom,2019-11-01,01,12.543
growth_mom,2019-12-01,01,2.965
growth_mom,2020-01-01,01,4.27
growth_mom,2020-02-01,01,-7.905
growth_mom,2020-03-01,01,-2.275
growth_mom,2020-04-01,01,-3.598
growth_mom,2020-05-01,01,-4.94
growth_mom,2020-06-01,01,12.471
growth_mom,2020-07-01,01,1.027
growth_mom,2020-08-01,01,7.012
growth_mom,2020-09-01,01,2.849
growth_mom,2020-10-01,01,1.57
growth_mom,2020-11-01,01,12.545
growth_mom,2020-12-01,01,4.927
growth_mom,2021-01-01,01,3.233
growth_mom,2021-02-01,01,2.013
growth_mom,2021-03-01,01,2.485
growth_mom,2021-04-01,01,3.138
growth_mom,2021-05-01,01,2.559
growth_mom,2021-06-01,01,-11.868
growth_mom,2021-07-01,01,2.219
growth_mom,2021-08-01,01,2.844
growth_mom,2021-09-01,01,0.218
growth_mom,2021-10-01,01,1.307
growth_mom,2021-11-01,01,6.882
growth_mom,2021-12-01,01,-3.353
growth_mom,2022-01-01,01,4.927
growth_mom,2022-02-01,01,7.804
growth_mom,2022-03-01,01,9.632
growth_mom,2022-04-01,01,-3.358
growth_mom,2022-05-01,01,1.1
growth_mom,2022-06-01,01,-10.767
growth_mom,2022-07-01,01,-25.289
growth_mom,2022-08-01,01,2.749
growth_mom,2022-09-01,01,-6.605
growth_mom,2022-10-01,01,-2.059
growth_mom,2022-11-01,01,5.941
growth_mom,2022-12-01,01,-1.553
growth_mom,2023-01-01,01,-0.088
growth_mom,2023-02-01,01,0.088
growth_mom,2023-03-01,01,4.908
growth_mom,2023-04-01,01,0.919
growth_mom,2023-05-01,01,-1.738
growth_mom,2023-06-01,01,-1.179
growth_mom,2023-07-01,01,1.279
growth_mom,2023-08-01,01,-1.347
growth_mom,2023-09-01,01,-1.536
growth_mom,2023-10-01,01,-1.906
growth_mom,2023-11-01,01,1.767
growth_mom,2023-12-01,01,-0.087
growth_mom,2024-01-01,01,2.433
growth_mom,2024-02-01,01,2.714
growth_mom,2024-03-01,01,5.533
growth_mom,2024-04-01,01,0.939
growth_mom,2024-05-01,01,-5.349
growth_mom,2024-06-01,01,1.474
growth_mom,2024-07-01,01,0.969
growth_mom,2024-08-01,01,-2.638
growth_mom,2024-09-01,01,1.806
growth_mom,2024-10-01,01,7.016
growth_mom,2024-11-01,01,10.173
growth_mom,2024-12-01,01,1.642
growth_mom,2025-01-01,01,-4.307
growth_mom,2025-02-01,01,1.266
growth_mom,2025-03-01,01,-0.486
growth_mom,2025-04-01,01,-6.42
growth_mom,2025-05-01,01,-6.562
growth_mom,2025-06-01,01,-1.038
growth_mom,2025-07-01,01,2.984
growth_mom,2025-08-01,01,3.837
growth_mom,2025-09-01,01,2.112
growth_mom,2025-10-01,01,1.034
growth_mom,2025-11-01,01,-5.336
growth_mom,2025-12-01,01,-1.39
growth_mom,2026-01-01,01,0.157
growth_mom,2026-02-01,01,0.704
growth_mom,2026-03-01,01,2.95
growth_mom,2026-04-01,01,2.866
growth_mom,2026-05-01,01,0.22
growth_mom,2026-06-01,01,-0.585
growth_mom,2026-07-01,01,0.736
abs,2015-01-01,02,116.4
abs,2015-02-01,02,114.7
abs,2015-03-01,02,116.2
abs,2015-04-01,02,116.1
abs,2015-05-01,02,112.8
abs,2015-06-01,02,117.9
abs,2015-07-01,02,120.9
abs,2015-08-01,02,123.8
abs,2015-09-01,02,124.3
abs,2015-10-01,02,125.0
abs,2015-11-01,02,125.9
abs,2015-12-01,02,125.9
abs,2016-01-01,02,125.9
abs,2016-02-01,02,126.7
abs,2016-03-01,02,131.4
abs,2016-04-01,02,131.0
abs,2016-05-01,02,132.8
abs,2016-06-01,02,130.0
abs,2016-07-01,02,127.1
abs,2016-08-01,02,126.2
abs,2016-09-01,02,127.9
abs,2016-10-01,02,127.9
abs,2016-11-01,02,126.6
abs,2016-12-01,02,126.6
abs,2017-01-01,02,126.6
abs,2017-02-01,02,126.7
abs,2017-03-01,02,125.0
abs,2017-04-01,02,126.1
abs,2017-05-01,02,128.6
abs,2017-06-01,02,129.7
abs,2017-07-01,02,129.0
abs,2017-08-01,02,129.7
abs,2017-09-01,02,129.0
abs,2017-10-01,02,129.7
abs,2017-11-01,02,134.4
abs,2017-12-01,02,134.4
abs,2018-01-01,02,134.4
abs,2018-02-01,02,134.4
abs,2018-03-01,02,134.4
abs,2018-04-01,02,134.4
abs,2018-05-01,02,134.4
abs,2018-06-01,02,135.3
abs,2018-07-01,02,135.3
abs,2018-08-01,02,135.7
abs,2018-09-01,02,137.9
abs,2018-10-01,02,139.5
abs,2018-11-01,02,139.6
abs,2018-12-01,02,139.2
abs,2019-01-01,02,141.2
abs,2019-02-01,02,142.1
abs,2019-03-01,02,142.1
abs,2019-04-01,02,141.2
abs,2019-05-01,02,141.2
abs,2019-06-01,02,141.2
abs,2019-07-01,02,141.2
abs,2019-08-01,02,141.2
abs,2019-09-01,02,142.2
abs,2019-10-01,02,142.3
abs,2019-11-01,02,145.7
abs,2019-12-01,02,146.5
abs,2020-01-01,02,146.6
abs,2020-02-01,02,146.3
abs,2020-03-01,02,146.3
abs,2020-04-01,02,145.9
abs,2020-05-01,02,145.9
abs,2020-06-01,02,145.9
abs,2020-07-01,02,145.9
abs,2020-08-01,02,145.9
abs,2020-09-01,02,145.9
abs,2020-10-01,02,141.9
abs,2020-11-01,02,145.9
abs,2020-12-01,02,145.9
abs,2021-01-01,02,145.9
abs,2021-02-01,02,145.9
abs,2021-03-01,02,145.9
abs,2021-04-01,02,146.8
abs,2021-05-01,02,146.4
abs,2021-06-01,02,148.0
abs,2021-07-01,02,149.4
abs,2021-08-01,02,153.5
abs,2021-09-01,02,158.1
abs,2021-10-01,02,158.2
abs,2021-11-01,02,159.0
abs,2021-12-01,02,161.9
abs,2022-01-01,02,158.3
abs,2022-02-01,02,152.4
abs,2022-03-01,02,152.6
abs,2022-04-01,02,156.5
abs,2022-05-01,02,155.9
abs,2022-06-01,02,162.9
abs,2022-07-01,02,168.3
abs,2022-08-01,02,170.3
abs,2022-09-01,02,179.1
abs,2022-10-01,02,174.7
abs,2022-11-01,02,177.0
abs,2022-12-01,02,176.9
abs,2023-01-01,02,175.7
abs,2023-02-01,02,177.4
abs,2023-03-01,02,180.3
abs,2023-04-01,02,181.9
abs,2023-05-01,02,185.6
abs,2023-06-01,02,183.2
abs,2023-07-01,02,179.8
abs,2023-08-01,02,183.7
abs,2023-09-01,02,182.3
abs,2023-10-01,02,183.9
abs,2023-11-01,02,185.1
abs,2023-12-01,02,183.8
abs,2024-01-01,02,184.1
abs,2024-02-01,02,184.0
abs,2024-03-01,02,184.0
abs,2024-04-01,02,184.0
abs,2024-05-01,02,179.7
abs,2024-06-01,02,179.6
abs,2024-07-01,02,179.0
abs,2024-08-01,02,173.3
abs,2024-09-01,02,173.0
abs,2024-10-01,02,172.3
abs,2024-11-01,02,167.0
abs,2024-12-01,02,166.9
abs,2025-01-01,02,166.9
abs,2025-02-01,02,165.4
abs,2025-03-01,02,166.0
abs,2025-04-01,02,162.9
abs,2025-05-01,02,166.0
abs,2025-06-01,02,164.1
abs,2025-07-01,02,164.7
abs,2025-08-01,02,165.2
abs,2025-09-01,02,164.9
abs,2025-10-01,02,164.0
abs,2025-11-01,02,164.6
abs,2025-12-01,02,164.6
abs,2026-01-01,02,164.6
abs,2026-02-01,02,164.6
abs,2026-03-01,02,164.8
abs,2026-04-01,02,165.3
abs,2026-05-01,02,165.6
abs,2026-06-01,02,165.7
abs,2026-07-01,02,165.7
growth_yoy,2016-01-01,02,8.162
growth_yoy,2016-02-01,02,10.462
growth_yoy,2016-03-01,02,13.081
growth_yoy,2016-04-01,02,12.834
growth_yoy,2016-05-01,02,17.73
growth_yoy,2016-06-01,02,10.263
growth_yoy,2016-07-01,02,5.128
growth_yoy,2016-08-01,02,1.939
growth_yoy,2016-09-01,02,2.896
growth_yoy,2016-10-01,02,2.32
growth_yoy,2016-11-01,02,0.556
growth_yoy,2016-12-01,02,0.556
growth_yoy,2017-01-01,02,0.556
growth_yoy,2017-02-01,02,0.0
growth_yoy,2017-03-01,02,-4.871
growth_yoy,2017-04-01,02,-3.74
growth_yoy,2017-05-01,02,-3.163
growth_yoy,2017-06-01,02,-0.231
growth_yoy,2017-07-01,02,1.495
growth_yoy,2017-08-01,02,2.773
growth_yoy,2017-09-01,02,0.86
growth_yoy,2017-10-01,02,1.407
growth_yoy,2017-11-01,02,6.161
growth_yoy,2017-12-01,02,6.161
growth_yoy,2018-01-01,02,6.161
growth_yoy,2018-02-01,02,6.077
growth_yoy,2018-03-01,02,7.52
growth_yoy,2018-04-01,02,6.582
growth_yoy,2018-05-01,02,4.51
growth_yoy,2018-06-01,02,4.318
growth_yoy,2018-07-01,02,4.884
growth_yoy,2018-08-01,02,4.626
growth_yoy,2018-09-01,02,6.899
growth_yoy,2018-10-01,02,7.556
growth_yoy,2018-11-01,02,3.869
growth_yoy,2018-12-01,02,3.571
growth_yoy,2019-01-01,02,5.06
growth_yoy,2019-02-01,02,5.729
growth_yoy,2019-03-01,02,5.729
growth_yoy,2019-04-01,02,5.06
growth_yoy,2019-05-01,02,5.06
growth_yoy,2019-06-01,02,4.361
growth_yoy,2019-07-01,02,4.361
growth_yoy,2019-08-01,02,4.053
growth_yoy,2019-09-01,02,3.118
growth_yoy,2019-10-01,02,2.007
growth_yoy,2019-11-01,02,4.37
growth_yoy,2019-12-01,02,5.244
growth_yoy,2020-01-01,02,3.824
growth_yoy,2020-02-01,02,2.956
growth_yoy,2020-03-01,02,2.956
growth_yoy,2020-04-01,02,3.329
growth_yoy,2020-05-01,02,3.329
growth_yoy,2020-06-01,02,3.329
growth_yoy,2020-07-01,02,3.329
growth_yoy,2020-08-01,02,3.329
growth_yoy,2020-09-01,02,2.602
growth_yoy,2020-10-01,02,-0.281
growth_yoy,2020-11-01,02,0.137
growth_yoy,2020-12-01,02,-0.41
growth_yoy,2021-01-01,02,-0.477
growth_yoy,2021-02-01,02,-0.273
growth_yoy,2021-03-01,02,-0.273
growth_yoy,2021-04-01,02,0.617
growth_yoy,2021-05-01,02,0.343
growth_yoy,2021-06-01,02,1.439
growth_yoy,2021-07-01,02,2.399
growth_yoy,2021-08-01,02,5.209
growth_yoy,2021-09-01,02,8.362
growth_yoy,2021-10-01,02,11.487
growth_yoy,2021-11-01,02,8.979
growth_yoy,2021-12-01,02,10.966
growth_yoy,2022-01-01,02,8.499
growth_yoy,2022-02-01,02,4.455
growth_yoy,2022-03-01,02,4.592
growth_yoy,2022-04-01,02,6.608
growth_yoy,2022-05-01,02,6.489
growth_yoy,2022-06-01,02,10.068
growth_yoy,2022-07-01,02,12.651
growth_yoy,2022-08-01,02,10.945
growth_yoy,2022-09-01,02,13.283
growth_yoy,2022-10-01,02,10.43
growth_yoy,2022-11-01,02,11.321
growth_yoy,2022-12-01,02,9.265
growth_yoy,2023-01-01,02,10.992
growth_yoy,2023-02-01,02,16.404
growth_yoy,2023-03-01,02,18.152
growth_yoy,2023-04-01,02,16.23
growth_yoy,2023-05-01,02,19.051
growth_yoy,2023-06-01,02,12.462
growth_yoy,2023-07-01,02,6.833
growth_yoy,2023-08-01,02,7.868
growth_yoy,2023-09-01,02,1.787
growth_yoy,2023-10-01,02,5.266
growth_yoy,2023-11-01,02,4.576
growth_yoy,2023-12-01,02,3.901
growth_yoy,2024-01-01,02,4.781
growth_yoy,2024-02-01,02,3.72
growth_yoy,2024-03-01,02,2.052
growth_yoy,2024-04-01,02,1.154
growth_yoy,2024-05-01,02,-3.179
growth_yoy,2024-06-01,02,-1.965
growth_yoy,2024-07-01,02,-0.445
growth_yoy,2024-08-01,02,-5.661
growth_yoy,2024-09-01,02,-5.101
growth_yoy,2024-10-01,02,-6.308
growth_yoy,2024-11-01,02,-9.778
growth_yoy,2024-12-01,02,-9.195
growth_yoy,2025-01-01,02,-9.343
growth_yoy,2025-02-01,02,-10.109
growth_yoy,2025-03-01,02,-9.783
growth_yoy,2025-04-01,02,-11.467
growth_yoy,2025-05-01,02,-7.624
growth_yoy,2025-06-01,02,-8.63
growth_yoy,2025-07-01,02,-7.989
growth_yoy,2025-08-01,02,-4.674
growth_yoy,2025-09-01,02,-4.682
growth_yoy,2025-10-01,02,-4.817
growth_yoy,2025-11-01,02,-1.437
growth_yoy,2025-12-01,02,-1.378
growth_yoy,2026-01-01,02,-1.378
growth_yoy,2026-02-01,02,-0.484
growth_yoy,2026-03-01,02,-0.723
growth_yoy,2026-04-01,02,1.473
growth_yoy,2026-05-01,02,-0.241
growth_yoy,2026-06-01,02,0.975
growth_yoy,2026-07-01,02,0.607
growth_mom,2015-02-01,02,-1.46
growth_mom,2015-03-01,02,1.308
growth_mom,2015-04-01,02,-0.086
growth_mom,2015-05-01,02,-2.842
growth_mom,2015-06-01,02,4.521
growth_mom,2015-07-01,02,2.545
growth_mom,2015-08-01,02,2.399
growth_mom,2015-09-01,02,0.404
growth_mom,2015-10-01,02,0.563
growth_mom,2015-11-01,02,0.72
growth_mom,2015-12-01,02,0.0
growth_mom,2016-01-01,02,0.0
growth_mom,2016-02-01,02,0.635
growth_mom,2016-03-01,02,3.71
growth_mom,2016-04-01,02,-0.304
growth_mom,2016-05-01,02,1.374
growth_mom,2016-06-01,02,-2.108
growth_mom,2016-07-01,02,-2.231
growth_mom,2016-08-01,02,-0.708
growth_mom,2016-09-01,02,1.347
growth_mom,2016-10-01,02,0.0
growth_mom,2016-11-01,02,-1.016
growth_mom,2016-12-01,02,0.0
growth_mom,2017-01-01,02,0.0
growth_mom,2017-02-01,02,0.079
growth_mom,2017-03-01,02,-1.342
growth_mom,2017-04-01,02,0.88
growth_mom,2017-05-01,02,1.983
growth_mom,2017-06-01,02,0.855
growth_mom,2017-07-01,02,-0.54
growth_mom,2017-08-01,02,0.543
growth_mom,2017-09-01,02,-0.54
growth_mom,2017-10-01,02,0.543
growth_mom,2017-11-01,02,3.624
growth_mom,2017-12-01,02,0.0
growth_mom,2018-01-01,02,0.0
growth_mom,2018-02-01,02,0.0
growth_mom,2018-03-01,02,0.0
growth_mom,2018-04-01,02,0.0
growth_mom,2018-05-01,02,0.0
growth_mom,2018-06-01,02,0.67
growth_mom,2018-07-01,02,0.0
growth_mom,2018-08-01,02,0.296
growth_mom,2018-09-01,02,1.621
growth_mom,2018-10-01,02,1.16
growth_mom,2018-11-01,02,0.072
growth_mom,2018-12-01,02,-0.287
growth_mom,2019-01-01,02,1.437
growth_mom,2019-02-01,02,0.637
growth_mom,2019-03-01,02,0.0
growth_mom,2019-04-01,02,-0.633
growth_mom,2019-05-01,02,0.0
growth_mom,2019-06-01,02,0.0
growth_mom,2019-07-01,02,0.0
growth_mom,2019-08-01,02,0.0
growth_mom,2019-09-01,02,0.708
growth_mom,2019-10-01,02,0.07
growth_mom,2019-11-01,02,2.389
growth_mom,2019-12-01,02,0.549
growth_mom,2020-01-01,02,0.068
growth_mom,2020-02-01,02,-0.205
growth_mom,2020-03-01,02,0.0
growth_mom,2020-04-01,02,-0.273
growth_mom,2020-05-01,02,0.0
growth_mom,2020-06-01,02,0.0
growth_mom,2020-07-01,02,0.0
growth_mom,2020-08-01,02,0.0
growth_mom,2020-09-01,02,0.0
growth_mom,2020-10-01,02,-2.742
growth_mom,2020-11-01,02,2.819
growth_mom,2020-12-01,02,0.0
growth_mom,2021-01-01,02,0.0
growth_mom,2021-02-01,02,0.0
growth_mom,2021-03-01,02,0.0
growth_mom,2021-04-01,02,0.617
growth_mom,2021-05-01,02,-0.272
growth_mom,2021-06-01,02,1.093
growth_mom,2021-07-01,02,0.946
growth_mom,2021-08-01,02,2.744
growth_mom,2021-09-01,02,2.997
growth_mom,2021-10-01,02,0.063
growth_mom,2021-11-01,02,0.506
growth_mom,2021-12-01,02,1.824
growth_mom,2022-01-01,02,-2.224
growth_mom,2022-02-01,02,-3.727
growth_mom,2022-03-01,02,0.131
growth_mom,2022-04-01,02,2.556
growth_mom,2022-05-01,02,-0.383
growth_mom,2022-06-01,02,4.49
growth_mom,2022-07-01,02,3.315
growth_mom,2022-08-01,02,1.188
growth_mom,2022-09-01,02,5.167
growth_mom,2022-10-01,02,-2.457
growth_mom,2022-11-01,02,1.317
growth_mom,2022-12-01,02,-0.056
growth_mom,2023-01-01,02,-0.678
growth_mom,2023-02-01,02,0.968
growth_mom,2023-03-01,02,1.635
growth_mom,2023-04-01,02,0.887
growth_mom,2023-05-01,02,2.034
growth_mom,2023-06-01,02,-1.293
growth_mom,2023-07-01,02,-1.856
growth_mom,2023-08-01,02,2.169
growth_mom,2023-09-01,02,-0.762
growth_mom,2023-10-01,02,0.878
growth_mom,2023-11-01,02,0.653
growth_mom,2023-12-01,02,-0.702
growth_mom,2024-01-01,02,0.163
growth_mom,2024-02-01,02,-0.054
growth_mom,2024-03-01,02,0.0
growth_mom,2024-04-01,02,0.0
growth_mom,2024-05-01,02,-2.337
growth_mom,2024-06-01,02,-0.056
growth_mom,2024-07-01,02,-0.334
growth_mom,2024-08-01,02,-3.184
growth_mom,2024-09-01,02,-0.173
growth_mom,2024-10-01,02,-0.405
growth_mom,2024-11-01,02,-3.076
growth_mom,2024-12-01,02,-0.06
growth_mom,2025-01-01,02,0.0
growth_mom,2025-02-01,02,-0.899
growth_mom,2025-03-01,02,0.363
growth_mom,2025-04-01,02,-1.867
growth_mom,2025-05-01,02,1.903
growth_mom,2025-06-01,02,-1.145
growth_mom,2025-07-01,02,0.366
growth_mom,2025-08-01,02,0.304
growth_mom,2025-09-01,02,-0.182
growth_mom,2025-10-01,02,-0.546
growth_mom,2025-11-01,02,0.366
growth_mom,2025-12-01,02,0.0
growth_mom,2026-01-01,02,0.0
growth_mom,2026-02-01,02,0.0
growth_mom,2026-03-01,02,0.122
growth_mom,2026-04-01,02,0.303
growth_mom,2026-05-01,02,0.181
growth_mom,2026-06-01,02,0.06
growth_mom,2026-07-01,02,0.0
abs,2015-01-01,03,119.6
abs,2015-02-01,03,120.4
abs,2015-03-01,03,122.6
abs,2015-04-01,03,121.7
abs,2015-05-01,03,118.8
abs,2015-06-01,03,118.5
abs,2015-07-01,03,118.6
abs,2015-08-01,03,120.2
abs,2015-09-01,03,120.2
abs,2015-10-01,03,121.8
abs,2015-11-01,03,118.4
abs,2015-12-01,03,118.4
abs,2016-01-01,03,122.6
abs,2016-02-01,03,117.7
abs,2016-03-01,03,122.8
abs,2016-04-01,03,122.4
abs,2016-05-01,03,124.3
abs,2016-06-01,03,122.5
abs,2016-07-01,03,126.1
abs,2016-08-01,03,123.1
abs,2016-09-01,03,123.5
abs,2016-10-01,03,121.3
abs,2016-11-01,03,123.4
abs,2016-12-01,03,120.7
abs,2017-01-01,03,123.9
abs,2017-02-01,03,129.7
abs,2017-03-01,03,132.2
abs,2017-04-01,03,130.3
abs,2017-05-01,03,130.5
abs,2017-06-01,03,131.5
abs,2017-07-01,03,133.1
abs,2017-08-01,03,131.8
abs,2017-09-01,03,126.6
abs,2017-10-01,03,126.9
abs,2017-11-01,03,126.8
abs,2017-12-01,03,126.9
abs,2018-01-01,03,140.4
abs,2018-02-01,03,136.8
abs,2018-03-01,03,137.1
abs,2018-04-01,03,140.4
abs,2018-05-01,03,139.2
abs,2018-06-01,03,131.5
abs,2018-07-01,03,140.8
abs,2018-08-01,03,140.4
abs,2018-09-01,03,141.0
abs,2018-10-01,03,140.2
abs,2018-11-01,03,139.4
abs,2018-12-01,03,142.6
abs,2019-01-01,03,144.9
abs,2019-02-01,03,146.8
abs,2019-03-01,03,144.1
abs,2019-04-01,03,138.1
abs,2019-05-01,03,136.1
abs,2019-06-01,03,141.2
abs,2019-07-01,03,144.5
abs,2019-08-01,03,142.3
abs,2019-09-01,03,142.9
abs,2019-10-01,03,140.0
abs,2019-11-01,03,140.6
abs,2019-12-01,03,141.5
abs,2020-01-01,03,144.1
abs,2020-02-01,03,135.9
abs,2020-03-01,03,133.4
abs,2020-04-01,03,131.1
abs,2020-05-01,03,126.9
abs,2020-06-01,03,126.8
abs,2020-07-01,03,126.7
abs,2020-08-01,03,126.8
abs,2020-09-01,03,128.8
abs,2020-10-01,03,128.0
abs,2020-11-01,03,129.6
abs,2020-12-01,03,128.7
abs,2021-01-01,03,131.4
abs,2021-02-01,03,138.9
abs,2021-03-01,03,141.3
abs,2021-04-01,03,142.2
abs,2021-05-01,03,136.7
abs,2021-06-01,03,136.5
abs,2021-07-01,03,141.3
abs,2021-08-01,03,143.8
abs,2021-09-01,03,143.1
abs,2021-10-01,03,144.2
abs,2021-11-01,03,142.5
abs,2021-12-01,03,141.7
abs,2022-01-01,03,146.3
abs,2022-02-01,03,150.1
abs,2022-03-01,03,149.6
abs,2022-04-01,03,151.2
abs,2022-05-01,03,150.3
abs,2022-06-01,03,150.0
abs,2022-07-01,03,147.7
abs,2022-08-01,03,149.7
abs,2022-09-01,03,149.3
abs,2022-10-01,03,148.0
abs,2022-11-01,03,155.2
abs,2022-12-01,03,148.0
abs,2023-01-01,03,154.0
abs,2023-02-01,03,149.2
abs,2023-03-01,03,158.1
abs,2023-04-01,03,158.1
abs,2023-05-01,03,169.5
abs,2023-06-01,03,170.4
abs,2023-07-01,03,172.0
abs,2023-08-01,03,155.2
abs,2023-09-01,03,153.9
abs,2023-10-01,03,155.7
abs,2023-11-01,03,152.1
abs,2023-12-01,03,153.2
abs,2024-01-01,03,153.8
abs,2024-02-01,03,158.6
abs,2024-03-01,03,152.7
abs,2024-04-01,03,150.6
abs,2024-05-01,03,153.4
abs,2024-06-01,03,148.7
abs,2024-07-01,03,153.8
abs,2024-08-01,03,151.6
abs,2024-09-01,03,152.2
abs,2024-10-01,03,151.7
abs,2024-11-01,03,149.9
abs,2024-12-01,03,153.2
abs,2025-01-01,03,149.7
abs,2025-02-01,03,157.2
abs,2025-03-01,03,154.5
abs,2025-04-01,03,150.6
abs,2025-05-01,03,153.3
abs,2025-06-01,03,153.1
abs,2025-07-01,03,151.6
abs,2025-08-01,03,151.1
abs,2025-09-01,03,157.0
abs,2025-10-01,03,159.4
abs,2025-11-01,03,157.2
abs,2025-12-01,03,160.1
abs,2026-01-01,03,162.8
abs,2026-02-01,03,170.6
abs,2026-03-01,03,175.8
abs,2026-04-01,03,172.7
abs,2026-05-01,03,173.3
abs,2026-06-01,03,169.6
abs,2026-07-01,03,170.6
growth_yoy,2016-01-01,03,2.508
growth_yoy,2016-02-01,03,-2.243
growth_yoy,2016-03-01,03,0.163
growth_yoy,2016-04-01,03,0.575
growth_yoy,2016-05-01,03,4.63
growth_yoy,2016-06-01,03,3.376
growth_yoy,2016-07-01,03,6.324
growth_yoy,2016-08-01,03,2.413
growth_yoy,2016-09-01,03,2.745
growth_yoy,2016-10-01,03,-0.411
growth_yoy,2016-11-01,03,4.223
growth_yoy,2016-12-01,03,1.943
growth_yoy,2017-01-01,03,1.06
growth_yoy,2017-02-01,03,10.195
growth_yoy,2017-03-01,03,7.655
growth_yoy,2017-04-01,03,6.454
growth_yoy,2017-05-01,03,4.988
growth_yoy,2017-06-01,03,7.347
growth_yoy,2017-07-01,03,5.551
growth_yoy,2017-08-01,03,7.067
growth_yoy,2017-09-01,03,2.51
growth_yoy,2017-10-01,03,4.617
growth_yoy,2017-11-01,03,2.755
growth_yoy,2017-12-01,03,5.137
growth_yoy,2018-01-01,03,13.317
growth_yoy,2018-02-01,03,5.474
growth_yoy,2018-03-01,03,3.707
growth_yoy,2018-04-01,03,7.751
growth_yoy,2018-05-01,03,6.667
growth_yoy,2018-06-01,03,0.0
growth_yoy,2018-07-01,03,5.785
growth_yoy,2018-08-01,03,6.525
growth_yoy,2018-09-01,03,11.374
growth_yoy,2018-10-01,03,10.481
growth_yoy,2018-11-01,03,9.937
growth_yoy,2018-12-01,03,12.372
growth_yoy,2019-01-01,03,3.205
growth_yoy,2019-02-01,03,7.31
growth_yoy,2019-03-01,03,5.106
growth_yoy,2019-04-01,03,-1.638
growth_yoy,2019-05-01,03,-2.227
growth_yoy,2019-06-01,03,7.376
growth_yoy,2019-07-01,03,2.628
growth_yoy,2019-08-01,03,1.353
growth_yoy,2019-09-01,03,1.348
growth_yoy,2019-10-01,03,-0.143
growth_yoy,2019-11-01,03,0.861
growth_yoy,2019-12-01,03,-0.771
growth_yoy,2020-01-01,03,-0.552
growth_yoy,2020-02-01,03,-7.425
growth_yoy,2020-03-01,03,-7.425
growth_yoy,2020-04-01,03,-5.069
growth_yoy,2020-05-01,03,-6.76
growth_yoy,2020-06-01,03,-10.198
growth_yoy,2020-07-01,03,-12.318
growth_yoy,2020-08-01,03,-10.892
growth_yoy,2020-09-01,03,-9.867
growth_yoy,2020-10-01,03,-8.571
growth_yoy,2020-11-01,03,-7.824
growth_yoy,2020-12-01,03,-9.046
growth_yoy,2021-01-01,03,-8.813
growth_yoy,2021-02-01,03,2.208
growth_yoy,2021-03-01,03,5.922
growth_yoy,2021-04-01,03,8.467
growth_yoy,2021-05-01,03,7.723
growth_yoy,2021-06-01,03,7.65
growth_yoy,2021-07-01,03,11.523
growth_yoy,2021-08-01,03,13.407
growth_yoy,2021-09-01,03,11.102
growth_yoy,2021-10-01,03,12.656
growth_yoy,2021-11-01,03,9.954
growth_yoy,2021-12-01,03,10.101
growth_yoy,2022-01-01,03,11.339
growth_yoy,2022-02-01,03,8.063
growth_yoy,2022-03-01,03,5.874
growth_yoy,2022-04-01,03,6.329
growth_yoy,2022-05-01,03,9.949
growth_yoy,2022-06-01,03,9.89
growth_yoy,2022-07-01,03,4.529
growth_yoy,2022-08-01,03,4.103
growth_yoy,2022-09-01,03,4.333
growth_yoy,2022-10-01,03,2.635
growth_yoy,2022-11-01,03,8.912
growth_yoy,2022-12-01,03,4.446
growth_yoy,2023-01-01,03,5.263
growth_yoy,2023-02-01,03,-0.6
growth_yoy,2023-03-01,03,5.682
growth_yoy,2023-04-01,03,4.563
growth_yoy,2023-05-01,03,12.774
growth_yoy,2023-06-01,03,13.6
growth_yoy,2023-07-01,03,16.452
growth_yoy,2023-08-01,03,3.674
growth_yoy,2023-09-01,03,3.081
growth_yoy,2023-10-01,03,5.203
growth_yoy,2023-11-01,03,-1.997
growth_yoy,2023-12-01,03,3.514
growth_yoy,2024-01-01,03,-0.13
growth_yoy,2024-02-01,03,6.3
growth_yoy,2024-03-01,03,-3.416
growth_yoy,2024-04-01,03,-4.744
growth_yoy,2024-05-01,03,-9.499
growth_yoy,2024-06-01,03,-12.735
growth_yoy,2024-07-01,03,-10.581
growth_yoy,2024-08-01,03,-2.32
growth_yoy,2024-09-01,03,-1.105
growth_yoy,2024-10-01,03,-2.569
growth_yoy,2024-11-01,03,-1.446
growth_yoy,2024-12-01,03,0.0
growth_yoy,2025-01-01,03,-2.666
growth_yoy,2025-02-01,03,-0.883
growth_yoy,2025-03-01,03,1.179
growth_yoy,2025-04-01,03,0.0
growth_yoy,2025-05-01,03,-0.065
growth_yoy,2025-06-01,03,2.959
growth_yoy,2025-07-01,03,-1.43
growth_yoy,2025-08-01,03,-0.33
growth_yoy,2025-09-01,03,3.154
growth_yoy,2025-10-01,03,5.076
growth_yoy,2025-11-01,03,4.87
growth_yoy,2025-12-01,03,4.504
growth_yoy,2026-01-01,03,8.751
growth_yoy,2026-02-01,03,8.524
growth_yoy,2026-03-01,03,13.786
growth_yoy,2026-04-01,03,14.675
growth_yoy,2026-05-01,03,13.046
growth_yoy,2026-06-01,03,10.777
growth_yoy,2026-07-01,03,12.533
growth_mom,2015-02-01,03,0.669
growth_mom,2015-03-01,03,1.827
growth_mom,2015-04-01,03,-0.734
growth_mom,2015-05-01,03,-2.383
growth_mom,2015-06-01,03,-0.253
growth_mom,2015-07-01,03,0.084
growth_mom,2015-08-01,03,1.349
growth_mom,2015-09-01,03,0.0
growth_mom,2015-10-01,03,1.331
growth_mom,2015-11-01,03,-2.791
growth_mom,2015-12-01,03,0.0
growth_mom,2016-01-01,03,3.547
growth_mom,2016-02-01,03,-3.997
growth_mom,2016-03-01,03,4.333
growth_mom,2016-04-01,03,-0.326
growth_mom,2016-05-01,03,1.552
growth_mom,2016-06-01,03,-1.448
growth_mom,2016-07-01,03,2.939
growth_mom,2016-08-01,03,-2.379
growth_mom,2016-09-01,03,0.325
growth_mom,2016-10-01,03,-1.781
growth_mom,2016-11-01,03,1.731
growth_mom,2016-12-01,03,-2.188
growth_mom,2017-01-01,03,2.651
growth_mom,2017-02-01,03,4.681
growth_mom,2017-03-01,03,1.928
growth_mom,2017-04-01,03,-1.437
growth_mom,2017-05-01,03,0.153
growth_mom,2017-06-01,03,0.766
growth_mom,2017-07-01,03,1.217
growth_mom,2017-08-01,03,-0.977
growth_mom,2017-09-01,03,-3.945
growth_mom,2017-10-01,03,0.237
growth_mom,2017-11-01,03,-0.079
growth_mom,2017-12-01,03,0.079
growth_mom,2018-01-01,03,10.638
growth_mom,2018-02-01,03,-2.564
growth_mom,2018-03-01,03,0.219
growth_mom,2018-04-01,03,2.407
growth_mom,2018-05-01,03,-0.855
growth_mom,2018-06-01,03,-5.532
growth_mom,2018-07-01,03,7.072
growth_mom,2018-08-01,03,-0.284
growth_mom,2018-09-01,03,0.427
growth_mom,2018-10-01,03,-0.567
growth_mom,2018-11-01,03,-0.571
growth_mom,2018-12-01,03,2.296
growth_mom,2019-01-01,03,1.613
growth_mom,2019-02-01,03,1.311
growth_mom,2019-03-01,03,-1.839
growth_mom,2019-04-01,03,-4.164
growth_mom,2019-05-01,03,-1.448
growth_mom,2019-06-01,03,3.747
growth_mom,2019-07-01,03,2.337
growth_mom,2019-08-01,03,-1.522
growth_mom,2019-09-01,03,0.422
growth_mom,2019-10-01,03,-2.029
growth_mom,2019-11-01,03,0.429
growth_mom,2019-12-01,03,0.64
growth_mom,2020-01-01,03,1.837
growth_mom,2020-02-01,03,-5.69
growth_mom,2020-03-01,03,-1.84
growth_mom,2020-04-01,03,-1.724
growth_mom,2020-05-01,03,-3.204
growth_mom,2020-06-01,03,-0.079
growth_mom,2020-07-01,03,-0.079
growth_mom,2020-08-01,03,0.079
growth_mom,2020-09-01,03,1.577
growth_mom,2020-10-01,03,-0.621
growth_mom,2020-11-01,03,1.25
growth_mom,2020-12-01,03,-0.694
growth_mom,2021-01-01,03,2.098
growth_mom,2021-02-01,03,5.708
growth_mom,2021-03-01,03,1.728
growth_mom,2021-04-01,03,0.637
growth_mom,2021-05-01,03,-3.868
growth_mom,2021-06-01,03,-0.146
growth_mom,2021-07-01,03,3.516
growth_mom,2021-08-01,03,1.769
growth_mom,2021-09-01,03,-0.487
growth_mom,2021-10-01,03,0.769
growth_mom,2021-11-01,03,-1.179
growth_mom,2021-12-01,03,-0.561
growth_mom,2022-01-01,03,3.246
growth_mom,2022-02-01,03,2.597
growth_mom,2022-03-01,03,-0.333
growth_mom,2022-04-01,03,1.07
growth_mom,2022-05-01,03,-0.595
growth_mom,2022-06-01,03,-0.2
growth_mom,2022-07-01,03,-1.533
growth_mom,2022-08-01,03,1.354
growth_mom,2022-09-01,03,-0.267
growth_mom,2022-10-01,03,-0.871
growth_mom,2022-11-01,03,4.865
growth_mom,2022-12-01,03,-4.639
growth_mom,2023-01-01,03,4.054
growth_mom,2023-02-01,03,-3.117
growth_mom,2023-03-01,03,5.965
growth_mom,2023-04-01,03,0.0
growth_mom,2023-05-01,03,7.211
growth_mom,2023-06-01,03,0.531
growth_mom,2023-07-01,03,0.939
growth_mom,2023-08-01,03,-9.767
growth_mom,2023-09-01,03,-0.838
growth_mom,2023-10-01,03,1.17
growth_mom,2023-11-01,03,-2.312
growth_mom,2023-12-01,03,0.723
growth_mom,2024-01-01,03,0.392
growth_mom,2024-02-01,03,3.121
growth_mom,2024-03-01,03,-3.72
growth_mom,2024-04-01,03,-1.375
growth_mom,2024-05-01,03,1.859
growth_mom,2024-06-01,03,-3.064
growth_mom,2024-07-01,03,3.43
growth_mom,2024-08-01,03,-1.43
growth_mom,2024-09-01,03,0.396
growth_mom,2024-10-01,03,-0.329
growth_mom,2024-11-01,03,-1.187
growth_mom,2024-12-01,03,2.201
growth_mom,2025-01-01,03,-2.285
growth_mom,2025-02-01,03,5.01
growth_mom,2025-03-01,03,-1.718
growth_mom,2025-04-01,03,-2.524
growth_mom,2025-05-01,03,1.793
growth_mom,2025-06-01,03,-0.13
growth_mom,2025-07-01,03,-0.98
growth_mom,2025-08-01,03,-0.33
growth_mom,2025-09-01,03,3.905
growth_mom,2025-10-01,03,1.529
growth_mom,2025-11-01,03,-1.38
growth_mom,2025-12-01,03,1.845
growth_mom,2026-01-01,03,1.686
growth_mom,2026-02-01,03,4.791
growth_mom,2026-03-01,03,3.048
growth_mom,2026-04-01,03,-1.763
growth_mom,2026-05-01,03,0.347
growth_mom,2026-06-01,03,-2.135
growth_mom,2026-07-01,03,0.59
abs,2015-01-01,06,88.8
abs,2015-02-01,06,96.5
abs,2015-03-01,06,92.0
abs,2015-04-01,06,98.2
abs,2015-05-01,06,94.7
abs,2015-06-01,06,81.0
abs,2015-07-01,06,81.2
abs,2015-08-01,06,77.4
abs,2015-09-01,06,80.5
abs,2015-10-01,06,83.8
abs,2015-11-01,06,79.1
abs,2015-12-01,06,80.5
abs,2016-01-01,06,66.9
abs,2016-02-01,06,69.7
abs,2016-03-01,06,69.1
abs,2016-04-01,06,69.1
abs,2016-05-01,06,72.8
abs,2016-06-01,06,73.2
abs,2016-07-01,06,67.0
abs,2016-08-01,06,72.2
abs,2016-09-01,06,71.4
abs,2016-10-01,06,78.7
abs,2016-11-01,06,75.3
abs,2016-12-01,06,89.8
abs,2017-01-01,06,95.5
abs,2017-02-01,06,94.6
abs,2017-03-01,06,92.1
abs,2017-04-01,06,91.2
abs,2017-05-01,06,85.1
abs,2017-06-01,06,80.7
abs,2017-07-01,06,83.1
abs,2017-08-01,06,84.9
abs,2017-09-01,06,93.4
abs,2017-10-01,06,94.1
abs,2017-11-01,06,98.4
abs,2017-12-01,06,97.8
abs,2018-01-01,06,104.0
abs,2018-02-01,06,97.5
abs,2018-03-01,06,97.4
abs,2018-04-01,06,105.7
abs,2018-05-01,06,110.5
abs,2018-06-01,06,107.4
abs,2018-07-01,06,110.2
abs,2018-08-01,06,109.2
abs,2018-09-01,06,120.4
abs,2018-10-01,06,122.9
abs,2018-11-01,06,102.8
abs,2018-12-01,06,93.6
abs,2019-01-01,06,95.3
abs,2019-02-01,06,99.8
abs,2019-03-01,06,100.3
abs,2019-04-01,06,107.2
abs,2019-05-01,06,110.1
abs,2019-06-01,06,100.5
abs,2019-07-01,06,99.3
abs,2019-08-01,06,97.3
abs,2019-09-01,06,103.1
abs,2019-10-01,06,100.5
abs,2019-11-01,06,109.4
abs,2019-12-01,06,111.7
abs,2020-01-01,06,104.1
abs,2020-02-01,06,94.6
abs,2020-03-01,06,64.4
abs,2020-04-01,06,44.7
abs,2020-05-01,06,52.1
abs,2020-06-01,06,57.8
abs,2020-07-01,06,62.6
abs,2020-08-01,06,64.5
abs,2020-09-01,06,58.6
abs,2020-10-01,06,56.8
abs,2020-11-01,06,59.3
abs,2020-12-01,06,67.0
abs,2021-01-01,06,74.6
abs,2021-02-01,06,84.2
abs,2021-03-01,06,85.0
abs,2021-04-01,06,86.0
abs,2021-05-01,06,87.8
abs,2021-06-01,06,95.0
abs,2021-07-01,06,98.7
abs,2021-08-01,06,97.9
abs,2021-09-01,06,98.5
abs,2021-10-01,06,103.9
abs,2021-11-01,06,101.5
abs,2021-12-01,06,97.2
abs,2022-01-01,06,100.2
abs,2022-02-01,06,103.8
abs,2022-03-01,06,109.0
abs,2022-04-01,06,101.8
abs,2022-05-01,06,105.9
abs,2022-06-01,06,111.6
abs,2022-07-01,06,107.6
abs,2022-08-01,06,103.6
abs,2022-09-01,06,98.5
abs,2022-10-01,06,103.4
abs,2022-11-01,06,103.9
abs,2022-12-01,06,100.8
abs,2023-01-01,06,98.0
abs,2023-02-01,06,97.1
abs,2023-03-01,06,96.5
abs,2023-04-01,06,97.0
abs,2023-05-01,06,94.6
abs,2023-06-01,06,93.1
abs,2023-07-01,06,96.0
abs,2023-08-01,06,99.7
abs,2023-09-01,06,105.3
abs,2023-10-01,06,103.9
abs,2023-11-01,06,99.0
abs,2023-12-01,06,97.4
abs,2024-01-01,06,96.7
abs,2024-02-01,06,102.2
abs,2024-03-01,06,104.5
abs,2024-04-01,06,106.7
abs,2024-05-01,06,100.8
abs,2024-06-01,06,97.4
abs,2024-07-01,06,98.1
abs,2024-08-01,06,91.4
abs,2024-09-01,06,88.3
abs,2024-10-01,06,85.9
abs,2024-11-01,06,90.8
abs,2024-12-01,06,90.6
abs,2025-01-01,06,95.4
abs,2025-02-01,06,92.3
abs,2025-03-01,06,88.8
abs,2025-04-01,06,87.7
abs,2025-05-01,06,85.7
abs,2025-06-01,06,89.6
abs,2025-07-01,06,89.6
abs,2025-08-01,06,88.3
abs,2025-09-01,06,89.3
abs,2025-10-01,06,85.0
abs,2025-11-01,06,84.3
abs,2025-12-01,06,82.6
abs,2026-01-01,06,84.2
abs,2026-02-01,06,84.5
abs,2026-03-01,06,112.3
abs,2026-04-01,06,134.5
abs,2026-05-01,06,130.8
abs,2026-06-01,06,115.6
abs,2026-07-01,06,116.9
growth_yoy,2016-01-01,06,-24.662
growth_yoy,2016-02-01,06,-27.772
growth_yoy,2016-03-01,06,-24.891
growth_yoy,2016-04-01,06,-29.633
growth_yoy,2016-05-01,06,-23.126
growth_yoy,2016-06-01,06,-9.63
growth_yoy,2016-07-01,06,-17.488
growth_yoy,2016-08-01,06,-6.718
growth_yoy,2016-09-01,06,-11.304
growth_yoy,2016-10-01,06,-6.086
growth_yoy,2016-11-01,06,-4.804
growth_yoy,2016-12-01,06,11.553
growth_yoy,2017-01-01,06,42.75
growth_yoy,2017-02-01,06,35.725
growth_yoy,2017-03-01,06,33.285
growth_yoy,2017-04-01,06,31.983
growth_yoy,2017-05-01,06,16.896
growth_yoy,2017-06-01,06,10.246
growth_yoy,2017-07-01,06,24.03
growth_yoy,2017-08-01,06,17.59
growth_yoy,2017-09-01,06,30.812
growth_yoy,2017-10-01,06,19.568
growth_yoy,2017-11-01,06,30.677
growth_yoy,2017-12-01,06,8.909
growth_yoy,2018-01-01,06,8.901
growth_yoy,2018-02-01,06,3.066
growth_yoy,2018-03-01,06,5.755
growth_yoy,2018-04-01,06,15.899
growth_yoy,2018-05-01,06,29.847
growth_yoy,2018-06-01,06,33.086
growth_yoy,2018-07-01,06,32.611
growth_yoy,2018-08-01,06,28.622
growth_yoy,2018-09-01,06,28.908
growth_yoy,2018-10-01,06,30.606
growth_yoy,2018-11-01,06,4.472
growth_yoy,2018-12-01,06,-4.294
growth_yoy,2019-01-01,06,-8.365
growth_yoy,2019-02-01,06,2.359
growth_yoy,2019-03-01,06,2.977
growth_yoy,2019-04-01,06,1.419
growth_yoy,2019-05-01,06,-0.362
growth_yoy,2019-06-01,06,-6.425
growth_yoy,2019-07-01,06,-9.891
growth_yoy,2019-08-01,06,-10.897
growth_yoy,2019-09-01,06,-14.369
growth_yoy,2019-10-01,06,-18.226
growth_yoy,2019-11-01,06,6.42
growth_yoy,2019-12-01,06,19.338
growth_yoy,2020-01-01,06,9.234
growth_yoy,2020-02-01,06,-5.21
growth_yoy,2020-03-01,06,-35.793
growth_yoy,2020-04-01,06,-58.302
growth_yoy,2020-05-01,06,-52.679
growth_yoy,2020-06-01,06,-42.488
growth_yoy,2020-07-01,06,-36.959
growth_yoy,2020-08-01,06,-33.71
growth_yoy,2020-09-01,06,-43.162
growth_yoy,2020-10-01,06,-43.483
growth_yoy,2020-11-01,06,-45.795
growth_yoy,2020-12-01,06,-40.018
growth_yoy,2021-01-01,06,-28.338
growth_yoy,2021-02-01,06,-10.994
growth_yoy,2021-03-01,06,31.988
growth_yoy,2021-04-01,06,92.394
growth_yoy,2021-05-01,06,68.522
growth_yoy,2021-06-01,06,64.36
growth_yoy,2021-07-01,06,57.668
growth_yoy,2021-08-01,06,51.783
growth_yoy,2021-09-01,06,68.089
growth_yoy,2021-10-01,06,82.923
growth_yoy,2021-11-01,06,71.164
growth_yoy,2021-12-01,06,45.075
growth_yoy,2022-01-01,06,34.316
growth_yoy,2022-02-01,06,23.278
growth_yoy,2022-03-01,06,28.235
growth_yoy,2022-04-01,06,18.372
growth_yoy,2022-05-01,06,20.615
growth_yoy,2022-06-01,06,17.474
growth_yoy,2022-07-01,06,9.017
growth_yoy,2022-08-01,06,5.822
growth_yoy,2022-09-01,06,0.0
growth_yoy,2022-10-01,06,-0.481
growth_yoy,2022-11-01,06,2.365
growth_yoy,2022-12-01,06,3.704
growth_yoy,2023-01-01,06,-2.196
growth_yoy,2023-02-01,06,-6.455
growth_yoy,2023-03-01,06,-11.468
growth_yoy,2023-04-01,06,-4.715
growth_yoy,2023-05-01,06,-10.67
growth_yoy,2023-06-01,06,-16.577
growth_yoy,2023-07-01,06,-10.781
growth_yoy,2023-08-01,06,-3.764
growth_yoy,2023-09-01,06,6.904
growth_yoy,2023-10-01,06,0.484
growth_yoy,2023-11-01,06,-4.716
growth_yoy,2023-12-01,06,-3.373
growth_yoy,2024-01-01,06,-1.327
growth_yoy,2024-02-01,06,5.252
growth_yoy,2024-03-01,06,8.29
growth_yoy,2024-04-01,06,10.0
growth_yoy,2024-05-01,06,6.554
growth_yoy,2024-06-01,06,4.619
growth_yoy,2024-07-01,06,2.187
growth_yoy,2024-08-01,06,-8.325
growth_yoy,2024-09-01,06,-16.144
growth_yoy,2024-10-01,06,-17.324
growth_yoy,2024-11-01,06,-8.283
growth_yoy,2024-12-01,06,-6.982
growth_yoy,2025-01-01,06,-1.344
growth_yoy,2025-02-01,06,-9.687
growth_yoy,2025-03-01,06,-15.024
growth_yoy,2025-04-01,06,-17.807
growth_yoy,2025-05-01,06,-14.98
growth_yoy,2025-06-01,06,-8.008
growth_yoy,2025-07-01,06,-8.665
growth_yoy,2025-08-01,06,-3.392
growth_yoy,2025-09-01,06,1.133
growth_yoy,2025-10-01,06,-1.048
growth_yoy,2025-11-01,06,-7.159
growth_yoy,2025-12-01,06,-8.83
growth_yoy,2026-01-01,06,-11.74
growth_yoy,2026-02-01,06,-8.451
growth_yoy,2026-03-01,06,26.464
growth_yoy,2026-04-01,06,53.364
growth_yoy,2026-05-01,06,52.625
growth_yoy,2026-06-01,06,29.018
growth_yoy,2026-07-01,06,30.469
growth_mom,2015-02-01,06,8.671
growth_mom,2015-03-01,06,-4.663
growth_mom,2015-04-01,06,6.739
growth_mom,2015-05-01,06,-3.564
growth_mom,2015-06-01,06,-14.467
growth_mom,2015-07-01,06,0.247
growth_mom,2015-08-01,06,-4.68
growth_mom,2015-09-01,06,4.005
growth_mom,2015-10-01,06,4.099
growth_mom,2015-11-01,06,-5.609
growth_mom,2015-12-01,06,1.77
growth_mom,2016-01-01,06,-16.894
growth_mom,2016-02-01,06,4.185
growth_mom,2016-03-01,06,-0.861
growth_mom,2016-04-01,06,0.0
growth_mom,2016-05-01,06,5.355
growth_mom,2016-06-01,06,0.549
growth_mom,2016-07-01,06,-8.47
growth_mom,2016-08-01,06,7.761
growth_mom,2016-09-01,06,-1.108
growth_mom,2016-10-01,06,10.224
growth_mom,2016-11-01,06,-4.32
growth_mom,2016-12-01,06,19.256
growth_mom,2017-01-01,06,6.347
growth_mom,2017-02-01,06,-0.942
growth_mom,2017-03-01,06,-2.643
growth_mom,2017-04-01,06,-0.977
growth_mom,2017-05-01,06,-6.689
growth_mom,2017-06-01,06,-5.17
growth_mom,2017-07-01,06,2.974
growth_mom,2017-08-01,06,2.166
growth_mom,2017-09-01,06,10.012
growth_mom,2017-10-01,06,0.749
growth_mom,2017-11-01,06,4.57
growth_mom,2017-12-01,06,-0.61
growth_mom,2018-01-01,06,6.339
growth_mom,2018-02-01,06,-6.25
growth_mom,2018-03-01,06,-0.103
growth_mom,2018-04-01,06,8.522
growth_mom,2018-05-01,06,4.541
growth_mom,2018-06-01,06,-2.805
growth_mom,2018-07-01,06,2.607
growth_mom,2018-08-01,06,-0.907
growth_mom,2018-09-01,06,10.256
growth_mom,2018-10-01,06,2.076
growth_mom,2018-11-01,06,-16.355
growth_mom,2018-12-01,06,-8.949
growth_mom,2019-01-01,06,1.816
growth_mom,2019-02-01,06,4.722
growth_mom,2019-03-01,06,0.501
growth_mom,2019-04-01,06,6.879
growth_mom,2019-05-01,06,2.705
growth_mom,2019-06-01,06,-8.719
growth_mom,2019-07-01,06,-1.194
growth_mom,2019-08-01,06,-2.014
growth_mom,2019-09-01,06,5.961
growth_mom,2019-10-01,06,-2.522
growth_mom,2019-11-01,06,8.856
growth_mom,2019-12-01,06,2.102
growth_mom,2020-01-01,06,-6.804
growth_mom,2020-02-01,06,-9.126
growth_mom,2020-03-01,06,-31.924
growth_mom,2020-04-01,06,-30.59
growth_mom,2020-05-01,06,16.555
growth_mom,2020-06-01,06,10.94
growth_mom,2020-07-01,06,8.304
growth_mom,2020-08-01,06,3.035
growth_mom,2020-09-01,06,-9.147
growth_mom,2020-10-01,06,-3.072
growth_mom,2020-11-01,06,4.401
growth_mom,2020-12-01,06,12.985
growth_mom,2021-01-01,06,11.343
growth_mom,2021-02-01,06,12.869
growth_mom,2021-03-01,06,0.95
growth_mom,2021-04-01,06,1.176
growth_mom,2021-05-01,06,2.093
growth_mom,2021-06-01,06,8.2
growth_mom,2021-07-01,06,3.895
growth_mom,2021-08-01,06,-0.811
growth_mom,2021-09-01,06,0.613
growth_mom,2021-10-01,06,5.482
growth_mom,2021-11-01,06,-2.31
growth_mom,2021-12-01,06,-4.236
growth_mom,2022-01-01,06,3.086
growth_mom,2022-02-01,06,3.593
growth_mom,2022-03-01,06,5.01
growth_mom,2022-04-01,06,-6.606
growth_mom,2022-05-01,06,4.028
growth_mom,2022-06-01,06,5.382
growth_mom,2022-07-01,06,-3.584
growth_mom,2022-08-01,06,-3.717
growth_mom,2022-09-01,06,-4.923
growth_mom,2022-10-01,06,4.975
growth_mom,2022-11-01,06,0.484
growth_mom,2022-12-01,06,-2.984
growth_mom,2023-01-01,06,-2.778
growth_mom,2023-02-01,06,-0.918
growth_mom,2023-03-01,06,-0.618
growth_mom,2023-04-01,06,0.518
growth_mom,2023-05-01,06,-2.474
growth_mom,2023-06-01,06,-1.586
growth_mom,2023-07-01,06,3.115
growth_mom,2023-08-01,06,3.854
growth_mom,2023-09-01,06,5.617
growth_mom,2023-10-01,06,-1.33
growth_mom,2023-11-01,06,-4.716
growth_mom,2023-12-01,06,-1.616
growth_mom,2024-01-01,06,-0.719
growth_mom,2024-02-01,06,5.688
growth_mom,2024-03-01,06,2.25
growth_mom,2024-04-01,06,2.105
growth_mom,2024-05-01,06,-5.53
growth_mom,2024-06-01,06,-3.373
growth_mom,2024-07-01,06,0.719
growth_mom,2024-08-01,06,-6.83
growth_mom,2024-09-01,06,-3.392
growth_mom,2024-10-01,06,-2.718
growth_mom,2024-11-01,06,5.704
growth_mom,2024-12-01,06,-0.22
growth_mom,2025-01-01,06,5.298
growth_mom,2025-02-01,06,-3.249
growth_mom,2025-03-01,06,-3.792
growth_mom,2025-04-01,06,-1.239
growth_mom,2025-05-01,06,-2.281
growth_mom,2025-06-01,06,4.551
growth_mom,2025-07-01,06,0.0
growth_mom,2025-08-01,06,-1.451
growth_mom,2025-09-01,06,1.133
growth_mom,2025-10-01,06,-4.815
growth_mom,2025-11-01,06,-0.824
growth_mom,2025-12-01,06,-2.017
growth_mom,2026-01-01,06,1.937
growth_mom,2026-02-01,06,0.356
growth_mom,2026-03-01,06,32.899
growth_mom,2026-04-01,06,19.768
growth_mom,2026-05-01,06,-2.751
growth_mom,2026-06-01,06,-11.621
growth_mom,2026-07-01,06,1.125
abs,2015-01-01,10,100.7
abs,2015-02-01,10,101.3
abs,2015-03-01,10,100.7
abs,2015-04-01,10,98.8
abs,2015-05-01,10,98.3
abs,2015-06-01,10,98.8
abs,2015-07-01,10,98.6
abs,2015-08-01,10,97.3
abs,2015-09-01,10,96.5
abs,2015-10-01,10,97.5
abs,2015-11-01,10,97.7
abs,2015-12-01,10,97.8
abs,2016-01-01,10,98.9
abs,2016-02-01,10,100.8
abs,2016-03-01,10,102.1
abs,2016-04-01,10,102.3
abs,2016-05-01,10,102.6
abs,2016-06-01,10,102.7
abs,2016-07-01,10,101.6
abs,2016-08-01,10,103.1
abs,2016-09-01,10,104.3
abs,2016-10-01,10,106.0
abs,2016-11-01,10,108.7
abs,2016-12-01,10,112.1
abs,2017-01-01,10,115.2
abs,2017-02-01,10,115.9
abs,2017-03-01,10,114.0
abs,2017-04-01,10,111.9
abs,2017-05-01,10,111.2
abs,2017-06-01,10,109.5
abs,2017-07-01,10,107.7
abs,2017-08-01,10,107.7
abs,2017-09-01,10,108.0
abs,2017-10-01,10,108.2
abs,2017-11-01,10,109.1
abs,2017-12-01,10,106.8
abs,2018-01-01,10,104.9
abs,2018-02-01,10,104.3
abs,2018-03-01,10,103.4
abs,2018-04-01,10,102.6
abs,2018-05-01,10,101.2
abs,2018-06-01,10,100.5
abs,2018-07-01,10,99.5
abs,2018-08-01,10,98.2
abs,2018-09-01,10,97.7
abs,2018-10-01,10,97.1
abs,2018-11-01,10,95.0
abs,2018-12-01,10,93.5
abs,2019-01-01,10,92.9
abs,2019-02-01,10,93.8
abs,2019-03-01,10,93.7
abs,2019-04-01,10,93.3
abs,2019-05-01,10,93.1
abs,2019-06-01,10,92.6
abs,2019-07-01,10,92.3
abs,2019-08-01,10,92.3
abs,2019-09-01,10,93.3
abs,2019-10-01,10,93.7
abs,2019-11-01,10,94.5
abs,2019-12-01,10,96.1
abs,2020-01-01,10,98.6
abs,2020-02-01,10,100.4
abs,2020-03-01,10,99.4
abs,2020-04-01,10,97.4
abs,2020-05-01,10,95.8
abs,2020-06-01,10,94.4
abs,2020-07-01,10,95.3
abs,2020-08-01,10,97.4
abs,2020-09-01,10,98.8
abs,2020-10-01,10,101.5
abs,2020-11-01,10,103.2
abs,2020-12-01,10,105.9
abs,2021-01-01,10,108.5
abs,2021-02-01,10,109.9
abs,2021-03-01,10,111.3
abs,2021-04-01,10,112.6
abs,2021-05-01,10,114.0
abs,2021-06-01,10,114.8
abs,2021-07-01,10,115.0
abs,2021-08-01,10,115.5
abs,2021-09-01,10,116.1
abs,2021-10-01,10,117.4
abs,2021-11-01,10,120.2
abs,2021-12-01,10,120.5
abs,2022-01-01,10,122.7
abs,2022-02-01,10,125.8
abs,2022-03-01,10,129.4
abs,2022-04-01,10,133.0
abs,2022-05-01,10,136.0
abs,2022-06-01,10,136.1
abs,2022-07-01,10,132.7
abs,2022-08-01,10,129.6
abs,2022-09-01,10,125.9
abs,2022-10-01,10,123.7
abs,2022-11-01,10,123.6
abs,2022-12-01,10,122.6
abs,2023-01-01,10,122.2
abs,2023-02-01,10,122.3
abs,2023-03-01,10,122.2
abs,2023-04-01,10,123.3
abs,2023-05-01,10,123.0
abs,2023-06-01,10,122.6
abs,2023-07-01,10,120.9
abs,2023-08-01,10,119.7
abs,2023-09-01,10,119.2
abs,2023-10-01,10,118.5
abs,2023-11-01,10,118.0
abs,2023-12-01,10,117.5
abs,2024-01-01,10,117.8
abs,2024-02-01,10,118.3
abs,2024-03-01,10,119.6
abs,2024-04-01,10,121.5
abs,2024-05-01,10,122.6
abs,2024-06-01,10,122.6
abs,2024-07-01,10,122.3
abs,2024-08-01,10,122.5
abs,2024-09-01,10,122.6
abs,2024-10-01,10,123.5
abs,2024-11-01,10,125.9
abs,2024-12-01,10,129.9
abs,2025-01-01,10,132.4
abs,2025-02-01,10,133.3
abs,2025-03-01,10,133.5
abs,2025-04-01,10,132.1
abs,2025-05-01,10,130.6
abs,2025-06-01,10,126.7
abs,2025-07-01,10,126.2
abs,2025-08-01,10,126.7
abs,2025-09-01,10,127.8
abs,2025-10-01,10,128.5
abs,2025-11-01,10,127.9
abs,2025-12-01,10,127.7
abs,2026-01-01,10,126.8
abs,2026-02-01,10,126.4
abs,2026-03-01,10,129.8
abs,2026-04-01,10,131.7
abs,2026-05-01,10,133.5
abs,2026-06-01,10,134.2
abs,2026-07-01,10,134.3
growth_yoy,2016-01-01,10,-1.787
growth_yoy,2016-02-01,10,-0.494
growth_yoy,2016-03-01,10,1.39
growth_yoy,2016-04-01,10,3.543
growth_yoy,2016-05-01,10,4.374
growth_yoy,2016-06-01,10,3.947
growth_yoy,2016-07-01,10,3.043
growth_yoy,2016-08-01,10,5.961
growth_yoy,2016-09-01,10,8.083
growth_yoy,2016-10-01,10,8.718
growth_yoy,2016-11-01,10,11.259
growth_yoy,2016-12-01,10,14.622
growth_yoy,2017-01-01,10,16.481
growth_yoy,2017-02-01,10,14.98
growth_yoy,2017-03-01,10,11.655
growth_yoy,2017-04-01,10,9.384
growth_yoy,2017-05-01,10,8.382
growth_yoy,2017-06-01,10,6.621
growth_yoy,2017-07-01,10,6.004
growth_yoy,2017-08-01,10,4.462
growth_yoy,2017-09-01,10,3.547
growth_yoy,2017-10-01,10,2.075
growth_yoy,2017-11-01,10,0.368
growth_yoy,2017-12-01,10,-4.728
growth_yoy,2018-01-01,10,-8.941
growth_yoy,2018-02-01,10,-10.009
growth_yoy,2018-03-01,10,-9.298
growth_yoy,2018-04-01,10,-8.311
growth_yoy,2018-05-01,10,-8.993
growth_yoy,2018-06-01,10,-8.219
growth_yoy,2018-07-01,10,-7.614
growth_yoy,2018-08-01,10,-8.821
growth_yoy,2018-09-01,10,-9.537
growth_yoy,2018-10-01,10,-10.259
growth_yoy,2018-11-01,10,-12.924
growth_yoy,2018-12-01,10,-12.453
growth_yoy,2019-01-01,10,-11.439
growth_yoy,2019-02-01,10,-10.067
growth_yoy,2019-03-01,10,-9.381
growth_yoy,2019-04-01,10,-9.064
growth_yoy,2019-05-01,10,-8.004
growth_yoy,2019-06-01,10,-7.861
growth_yoy,2019-07-01,10,-7.236
growth_yoy,2019-08-01,10,-6.008
growth_yoy,2019-09-01,10,-4.504
growth_yoy,2019-10-01,10,-3.502
growth_yoy,2019-11-01,10,-0.526
growth_yoy,2019-12-01,10,2.781
growth_yoy,2020-01-01,10,6.136
growth_yoy,2020-02-01,10,7.036
growth_yoy,2020-03-01,10,6.083
growth_yoy,2020-04-01,10,4.394
growth_yoy,2020-05-01,10,2.9
growth_yoy,2020-06-01,10,1.944
growth_yoy,2020-07-01,10,3.25
growth_yoy,2020-08-01,10,5.525
growth_yoy,2020-09-01,10,5.895
growth_yoy,2020-10-01,10,8.324
growth_yoy,2020-11-01,10,9.206
growth_yoy,2020-12-01,10,10.198
growth_yoy,2021-01-01,10,10.041
growth_yoy,2021-02-01,10,9.462
growth_yoy,2021-03-01,10,11.972
growth_yoy,2021-04-01,10,15.606
growth_yoy,2021-05-01,10,18.998
growth_yoy,2021-06-01,10,21.61
growth_yoy,2021-07-01,10,20.672
growth_yoy,2021-08-01,10,18.583
growth_yoy,2021-09-01,10,17.51
growth_yoy,2021-10-01,10,15.665
growth_yoy,2021-11-01,10,16.473
growth_yoy,2021-12-01,10,13.787
growth_yoy,2022-01-01,10,13.088
growth_yoy,2022-02-01,10,14.468
growth_yoy,2022-03-01,10,16.262
growth_yoy,2022-04-01,10,18.117
growth_yoy,2022-05-01,10,19.298
growth_yoy,2022-06-01,10,18.554
growth_yoy,2022-07-01,10,15.391
growth_yoy,2022-08-01,10,12.208
growth_yoy,2022-09-01,10,8.441
growth_yoy,2022-10-01,10,5.366
growth_yoy,2022-11-01,10,2.829
growth_yoy,2022-12-01,10,1.743
growth_yoy,2023-01-01,10,-0.407
growth_yoy,2023-02-01,10,-2.782
growth_yoy,2023-03-01,10,-5.564
growth_yoy,2023-04-01,10,-7.293
growth_yoy,2023-05-01,10,-9.559
growth_yoy,2023-06-01,10,-9.919
growth_yoy,2023-07-01,10,-8.892
growth_yoy,2023-08-01,10,-7.639
growth_yoy,2023-09-01,10,-5.322
growth_yoy,2023-10-01,10,-4.204
growth_yoy,2023-11-01,10,-4.531
growth_yoy,2023-12-01,10,-4.16
growth_yoy,2024-01-01,10,-3.601
growth_yoy,2024-02-01,10,-3.271
growth_yoy,2024-03-01,10,-2.128
growth_yoy,2024-04-01,10,-1.46
growth_yoy,2024-05-01,10,-0.325
growth_yoy,2024-06-01,10,0.0
growth_yoy,2024-07-01,10,1.158
growth_yoy,2024-08-01,10,2.339
growth_yoy,2024-09-01,10,2.852
growth_yoy,2024-10-01,10,4.219
growth_yoy,2024-11-01,10,6.695
growth_yoy,2024-12-01,10,10.553
growth_yoy,2025-01-01,10,12.394
growth_yoy,2025-02-01,10,12.68
growth_yoy,2025-03-01,10,11.622
growth_yoy,2025-04-01,10,8.724
growth_yoy,2025-05-01,10,6.525
growth_yoy,2025-06-01,10,3.344
growth_yoy,2025-07-01,10,3.189
growth_yoy,2025-08-01,10,3.429
growth_yoy,2025-09-01,10,4.241
growth_yoy,2025-10-01,10,4.049
growth_yoy,2025-11-01,10,1.589
growth_yoy,2025-12-01,10,-1.694
growth_yoy,2026-01-01,10,-4.23
growth_yoy,2026-02-01,10,-5.176
growth_yoy,2026-03-01,10,-2.772
growth_yoy,2026-04-01,10,-0.303
growth_yoy,2026-05-01,10,2.221
growth_yoy,2026-06-01,10,5.919
growth_yoy,2026-07-01,10,6.418
growth_mom,2015-02-01,10,0.596
growth_mom,2015-03-01,10,-0.592
growth_mom,2015-04-01,10,-1.887
growth_mom,2015-05-01,10,-0.506
growth_mom,2015-06-01,10,0.509
growth_mom,2015-07-01,10,-0.202
growth_mom,2015-08-01,10,-1.318
growth_mom,2015-09-01,10,-0.822
growth_mom,2015-10-01,10,1.036
growth_mom,2015-11-01,10,0.205
growth_mom,2015-12-01,10,0.102
growth_mom,2016-01-01,10,1.125
growth_mom,2016-02-01,10,1.921
growth_mom,2016-03-01,10,1.29
growth_mom,2016-04-01,10,0.196
growth_mom,2016-05-01,10,0.293
growth_mom,2016-06-01,10,0.097
growth_mom,2016-07-01,10,-1.071
growth_mom,2016-08-01,10,1.476
growth_mom,2016-09-01,10,1.164
growth_mom,2016-10-01,10,1.63
growth_mom,2016-11-01,10,2.547
growth_mom,2016-12-01,10,3.128
growth_mom,2017-01-01,10,2.765
growth_mom,2017-02-01,10,0.608
growth_mom,2017-03-01,10,-1.639
growth_mom,2017-04-01,10,-1.842
growth_mom,2017-05-01,10,-0.626
growth_mom,2017-06-01,10,-1.529
growth_mom,2017-07-01,10,-1.644
growth_mom,2017-08-01,10,0.0
growth_mom,2017-09-01,10,0.279
growth_mom,2017-10-01,10,0.185
growth_mom,2017-11-01,10,0.832
growth_mom,2017-12-01,10,-2.108
growth_mom,2018-01-01,10,-1.779
growth_mom,2018-02-01,10,-0.572
growth_mom,2018-03-01,10,-0.863
growth_mom,2018-04-01,10,-0.774
growth_mom,2018-05-01,10,-1.365
growth_mom,2018-06-01,10,-0.692
growth_mom,2018-07-01,10,-0.995
growth_mom,2018-08-01,10,-1.307
growth_mom,2018-09-01,10,-0.509
growth_mom,2018-10-01,10,-0.614
growth_mom,2018-11-01,10,-2.163
growth_mom,2018-12-01,10,-1.579
growth_mom,2019-01-01,10,-0.642
growth_mom,2019-02-01,10,0.969
growth_mom,2019-03-01,10,-0.107
growth_mom,2019-04-01,10,-0.427
growth_mom,2019-05-01,10,-0.214
growth_mom,2019-06-01,10,-0.537
growth_mom,2019-07-01,10,-0.324
growth_mom,2019-08-01,10,0.0
growth_mom,2019-09-01,10,1.083
growth_mom,2019-10-01,10,0.429
growth_mom,2019-11-01,10,0.854
growth_mom,2019-12-01,10,1.693
growth_mom,2020-01-01,10,2.601
growth_mom,2020-02-01,10,1.826
growth_mom,2020-03-01,10,-0.996
growth_mom,2020-04-01,10,-2.012
growth_mom,2020-05-01,10,-1.643
growth_mom,2020-06-01,10,-1.461
growth_mom,2020-07-01,10,0.953
growth_mom,2020-08-01,10,2.204
growth_mom,2020-09-01,10,1.437
growth_mom,2020-10-01,10,2.733
growth_mom,2020-11-01,10,1.675
growth_mom,2020-12-01,10,2.616
growth_mom,2021-01-01,10,2.455
growth_mom,2021-02-01,10,1.29
growth_mom,2021-03-01,10,1.274
growth_mom,2021-04-01,10,1.168
growth_mom,2021-05-01,10,1.243
growth_mom,2021-06-01,10,0.702
growth_mom,2021-07-01,10,0.174
growth_mom,2021-08-01,10,0.435
growth_mom,2021-09-01,10,0.519
growth_mom,2021-10-01,10,1.12
growth_mom,2021-11-01,10,2.385
growth_mom,2021-12-01,10,0.25
growth_mom,2022-01-01,10,1.826
growth_mom,2022-02-01,10,2.526
growth_mom,2022-03-01,10,2.862
growth_mom,2022-04-01,10,2.782
growth_mom,2022-05-01,10,2.256
growth_mom,2022-06-01,10,0.074
growth_mom,2022-07-01,10,-2.498
growth_mom,2022-08-01,10,-2.336
growth_mom,2022-09-01,10,-2.855
growth_mom,2022-10-01,10,-1.747
growth_mom,2022-11-01,10,-0.081
growth_mom,2022-12-01,10,-0.809
growth_mom,2023-01-01,10,-0.326
growth_mom,2023-02-01,10,0.082
growth_mom,2023-03-01,10,-0.082
growth_mom,2023-04-01,10,0.9
growth_mom,2023-05-01,10,-0.243
growth_mom,2023-06-01,10,-0.325
growth_mom,2023-07-01,10,-1.387
growth_mom,2023-08-01,10,-0.993
growth_mom,2023-09-01,10,-0.418
growth_mom,2023-10-01,10,-0.587
growth_mom,2023-11-01,10,-0.422
growth_mom,2023-12-01,10,-0.424
growth_mom,2024-01-01,10,0.255
growth_mom,2024-02-01,10,0.424
growth_mom,2024-03-01,10,1.099
growth_mom,2024-04-01,10,1.589
growth_mom,2024-05-01,10,0.905
growth_mom,2024-06-01,10,0.0
growth_mom,2024-07-01,10,-0.245
growth_mom,2024-08-01,10,0.164
growth_mom,2024-09-01,10,0.082
growth_mom,2024-10-01,10,0.734
growth_mom,2024-11-01,10,1.943
growth_mom,2024-12-01,10,3.177
growth_mom,2025-01-01,10,1.925
growth_mom,2025-02-01,10,0.68
growth_mom,2025-03-01,10,0.15
growth_mom,2025-04-01,10,-1.049
growth_mom,2025-05-01,10,-1.136
growth_mom,2025-06-01,10,-2.986
growth_mom,2025-07-01,10,-0.395
growth_mom,2025-08-01,10,0.396
growth_mom,2025-09-01,10,0.868
growth_mom,2025-10-01,10,0.548
growth_mom,2025-11-01,10,-0.467
growth_mom,2025-12-01,10,-0.156
growth_mom,2026-01-01,10,-0.705
growth_mom,2026-02-01,10,-0.315
growth_mom,2026-03-01,10,2.69
growth_mom,2026-04-01,10,1.464
growth_mom,2026-05-01,10,1.367
growth_mom,2026-06-01,10,0.524
growth_mom,2026-07-01,10,0.075
abs,2015-01-01,11,105.7
abs,2015-02-01,11,106.2
abs,2015-03-01,11,106.2
abs,2015-04-01,11,106.6
abs,2015-05-01,11,106.2
abs,2015-06-01,11,106.1
abs,2015-07-01,11,106.7
abs,2015-08-01,11,106.7
abs,2015-09-01,11,106.7
abs,2015-10-01,11,106.6
abs,2015-11-01,11,106.5
abs,2015-12-01,11,107.0
abs,2016-01-01,11,107.0
abs,2016-02-01,11,106.8
abs,2016-03-01,11,106.8
abs,2016-04-01,11,106.2
abs,2016-05-01,11,107.4
abs,2016-06-01,11,107.6
abs,2016-07-01,11,107.7
abs,2016-08-01,11,107.7
abs,2016-09-01,11,107.7
abs,2016-10-01,11,107.7
abs,2016-11-01,11,107.7
abs,2016-12-01,11,105.8
abs,2017-01-01,11,105.9
abs,2017-02-01,11,106.0
abs,2017-03-01,11,106.2
abs,2017-04-01,11,106.1
abs,2017-05-01,11,106.1
abs,2017-06-01,11,106.4
abs,2017-07-01,11,107.2
abs,2017-08-01,11,107.2
abs,2017-09-01,11,107.0
abs,2017-10-01,11,106.8
abs,2017-11-01,11,107.7
abs,2017-12-01,11,106.7
abs,2018-01-01,11,107.1
abs,2018-02-01,11,106.9
abs,2018-03-01,11,106.6
abs,2018-04-01,11,105.8
abs,2018-05-01,11,104.4
abs,2018-06-01,11,105.2
abs,2018-07-01,11,105.2
abs,2018-08-01,11,105.2
abs,2018-09-01,11,106.0
abs,2018-10-01,11,106.4
abs,2018-11-01,11,105.9
abs,2018-12-01,11,105.5
abs,2019-01-01,11,105.6
abs,2019-02-01,11,106.0
abs,2019-03-01,11,106.1
abs,2019-04-01,11,106.3
abs,2019-05-01,11,106.4
abs,2019-06-01,11,106.7
abs,2019-07-01,11,106.2
abs,2019-08-01,11,105.9
abs,2019-09-01,11,105.8
abs,2019-10-01,11,105.5
abs,2019-11-01,11,105.9
abs,2019-12-01,11,106.3
abs,2020-01-01,11,106.1
abs,2020-02-01,11,106.5
abs,2020-03-01,11,105.7
abs,2020-04-01,11,105.7
abs,2020-05-01,11,104.7
abs,2020-06-01,11,104.1
abs,2020-07-01,11,104.6
abs,2020-08-01,11,104.3
abs,2020-09-01,11,104.8
abs,2020-10-01,11,104.3
abs,2020-11-01,11,104.3
abs,2020-12-01,11,104.9
abs,2021-01-01,11,105.2
abs,2021-02-01,11,105.3
abs,2021-03-01,11,104.9
abs,2021-04-01,11,104.7
abs,2021-05-01,11,104.5
abs,2021-06-01,11,104.5
abs,2021-07-01,11,103.9
abs,2021-08-01,11,103.2
abs,2021-09-01,11,103.0
abs,2021-10-01,11,104.2
abs,2021-11-01,11,105.0
abs,2021-12-01,11,103.7
abs,2022-01-01,11,103.5
abs,2022-02-01,11,104.1
abs,2022-03-01,11,104.1
abs,2022-04-01,11,104.2
abs,2022-05-01,11,105.1
abs,2022-06-01,11,104.9
abs,2022-07-01,11,104.8
abs,2022-08-01,11,104.7
abs,2022-09-01,11,105.1
abs,2022-10-01,11,105.9
abs,2022-11-01,11,106.9
abs,2022-12-01,11,105.7
abs,2023-01-01,11,106.2
abs,2023-02-01,11,108.4
abs,2023-03-01,11,105.9
abs,2023-04-01,11,105.2
abs,2023-05-01,11,105.2
abs,2023-06-01,11,105.3
abs,2023-07-01,11,104.9
abs,2023-08-01,11,106.2
abs,2023-09-01,11,107.2
abs,2023-10-01,11,106.0
abs,2023-11-01,11,105.0
abs,2023-12-01,11,105.2
abs,2024-01-01,11,105.4
abs,2024-02-01,11,108.1
abs,2024-03-01,11,108.3
abs,2024-04-01,11,108.4
abs,2024-05-01,11,108.8
abs,2024-06-01,11,109.2
abs,2024-07-01,11,108.5
abs,2024-08-01,11,108.4
abs,2024-09-01,11,108.2
abs,2024-10-01,11,108.0
abs,2024-11-01,11,107.5
abs,2024-12-01,11,107.3
abs,2025-01-01,11,107.8
abs,2025-02-01,11,109.6
abs,2025-03-01,11,107.6
abs,2025-04-01,11,108.3
abs,2025-05-01,11,107.7
abs,2025-06-01,11,107.1
abs,2025-07-01,11,109.1
abs,2025-08-01,11,108.3
abs,2025-09-01,11,110.4
abs,2025-10-01,11,110.7
abs,2025-11-01,11,110.2
abs,2025-12-01,11,109.7
abs,2026-01-01,11,110.6
abs,2026-02-01,11,113.3
abs,2026-03-01,11,113.7
abs,2026-04-01,11,113.0
abs,2026-05-01,11,113.2
abs,2026-06-01,11,112.0
abs,2026-07-01,11,111.7
growth_yoy,2016-01-01,11,1.23
growth_yoy,2016-02-01,11,0.565
growth_yoy,2016-03-01,11,0.565
growth_yoy,2016-04-01,11,-0.375
growth_yoy,2016-05-01,11,1.13
growth_yoy,2016-06-01,11,1.414
growth_yoy,2016-07-01,11,0.937
growth_yoy,2016-08-01,11,0.937
growth_yoy,2016-09-01,11,0.937
growth_yoy,2016-10-01,11,1.032
growth_yoy,2016-11-01,11,1.127
growth_yoy,2016-12-01,11,-1.121
growth_yoy,2017-01-01,11,-1.028
growth_yoy,2017-02-01,11,-0.749
growth_yoy,2017-03-01,11,-0.562
growth_yoy,2017-04-01,11,-0.094
growth_yoy,2017-05-01,11,-1.21
growth_yoy,2017-06-01,11,-1.115
growth_yoy,2017-07-01,11,-0.464
growth_yoy,2017-08-01,11,-0.464
growth_yoy,2017-09-01,11,-0.65
growth_yoy,2017-10-01,11,-0.836
growth_yoy,2017-11-01,11,0.0
growth_yoy,2017-12-01,11,0.851
growth_yoy,2018-01-01,11,1.133
growth_yoy,2018-02-01,11,0.849
growth_yoy,2018-03-01,11,0.377
growth_yoy,2018-04-01,11,-0.283
growth_yoy,2018-05-01,11,-1.602
growth_yoy,2018-06-01,11,-1.128
growth_yoy,2018-07-01,11,-1.866
growth_yoy,2018-08-01,11,-1.866
growth_yoy,2018-09-01,11,-0.935
growth_yoy,2018-10-01,11,-0.375
growth_yoy,2018-11-01,11,-1.671
growth_yoy,2018-12-01,11,-1.125
growth_yoy,2019-01-01,11,-1.401
growth_yoy,2019-02-01,11,-0.842
growth_yoy,2019-03-01,11,-0.469
growth_yoy,2019-04-01,11,0.473
growth_yoy,2019-05-01,11,1.916
growth_yoy,2019-06-01,11,1.426
growth_yoy,2019-07-01,11,0.951
growth_yoy,2019-08-01,11,0.665
growth_yoy,2019-09-01,11,-0.189
growth_yoy,2019-10-01,11,-0.846
growth_yoy,2019-11-01,11,0.0
growth_yoy,2019-12-01,11,0.758
growth_yoy,2020-01-01,11,0.473
growth_yoy,2020-02-01,11,0.472
growth_yoy,2020-03-01,11,-0.377
growth_yoy,2020-04-01,11,-0.564
growth_yoy,2020-05-01,11,-1.598
growth_yoy,2020-06-01,11,-2.437
growth_yoy,2020-07-01,11,-1.507
growth_yoy,2020-08-01,11,-1.511
growth_yoy,2020-09-01,11,-0.945
growth_yoy,2020-10-01,11,-1.137
growth_yoy,2020-11-01,11,-1.511
growth_yoy,2020-12-01,11,-1.317
growth_yoy,2021-01-01,11,-0.848
growth_yoy,2021-02-01,11,-1.127
growth_yoy,2021-03-01,11,-0.757
growth_yoy,2021-04-01,11,-0.946
growth_yoy,2021-05-01,11,-0.191
growth_yoy,2021-06-01,11,0.384
growth_yoy,2021-07-01,11,-0.669
growth_yoy,2021-08-01,11,-1.055
growth_yoy,2021-09-01,11,-1.718
growth_yoy,2021-10-01,11,-0.096
growth_yoy,2021-11-01,11,0.671
growth_yoy,2021-12-01,11,-1.144
growth_yoy,2022-01-01,11,-1.616
growth_yoy,2022-02-01,11,-1.14
growth_yoy,2022-03-01,11,-0.763
growth_yoy,2022-04-01,11,-0.478
growth_yoy,2022-05-01,11,0.574
growth_yoy,2022-06-01,11,0.383
growth_yoy,2022-07-01,11,0.866
growth_yoy,2022-08-01,11,1.453
growth_yoy,2022-09-01,11,2.039
growth_yoy,2022-10-01,11,1.631
growth_yoy,2022-11-01,11,1.81
growth_yoy,2022-12-01,11,1.929
growth_yoy,2023-01-01,11,2.609
growth_yoy,2023-02-01,11,4.131
growth_yoy,2023-03-01,11,1.729
growth_yoy,2023-04-01,11,0.96
growth_yoy,2023-05-01,11,0.095
growth_yoy,2023-06-01,11,0.381
growth_yoy,2023-07-01,11,0.095
growth_yoy,2023-08-01,11,1.433
growth_yoy,2023-09-01,11,1.998
growth_yoy,2023-10-01,11,0.094
growth_yoy,2023-11-01,11,-1.777
growth_yoy,2023-12-01,11,-0.473
growth_yoy,2024-01-01,11,-0.753
growth_yoy,2024-02-01,11,-0.277
growth_yoy,2024-03-01,11,2.266
growth_yoy,2024-04-01,11,3.042
growth_yoy,2024-05-01,11,3.422
growth_yoy,2024-06-01,11,3.704
growth_yoy,2024-07-01,11,3.432
growth_yoy,2024-08-01,11,2.072
growth_yoy,2024-09-01,11,0.933
growth_yoy,2024-10-01,11,1.887
growth_yoy,2024-11-01,11,2.381
growth_yoy,2024-12-01,11,1.996
growth_yoy,2025-01-01,11,2.277
growth_yoy,2025-02-01,11,1.388
growth_yoy,2025-03-01,11,-0.646
growth_yoy,2025-04-01,11,-0.092
growth_yoy,2025-05-01,11,-1.011
growth_yoy,2025-06-01,11,-1.923
growth_yoy,2025-07-01,11,0.553
growth_yoy,2025-08-01,11,-0.092
growth_yoy,2025-09-01,11,2.033
growth_yoy,2025-10-01,11,2.5
growth_yoy,2025-11-01,11,2.512
growth_yoy,2025-12-01,11,2.237
growth_yoy,2026-01-01,11,2.597
growth_yoy,2026-02-01,11,3.376
growth_yoy,2026-03-01,11,5.669
growth_yoy,2026-04-01,11,4.34
growth_yoy,2026-05-01,11,5.107
growth_yoy,2026-06-01,11,4.575
growth_yoy,2026-07-01,11,2.383
growth_mom,2015-02-01,11,0.473
growth_mom,2015-03-01,11,0.0
growth_mom,2015-04-01,11,0.377
growth_mom,2015-05-01,11,-0.375
growth_mom,2015-06-01,11,-0.094
growth_mom,2015-07-01,11,0.566
growth_mom,2015-08-01,11,0.0
growth_mom,2015-09-01,11,0.0
growth_mom,2015-10-01,11,-0.094
growth_mom,2015-11-01,11,-0.094
growth_mom,2015-12-01,11,0.469
growth_mom,2016-01-01,11,0.0
growth_mom,2016-02-01,11,-0.187
growth_mom,2016-03-01,11,0.0
growth_mom,2016-04-01,11,-0.562
growth_mom,2016-05-01,11,1.13
growth_mom,2016-06-01,11,0.186
growth_mom,2016-07-01,11,0.093
growth_mom,2016-08-01,11,0.0
growth_mom,2016-09-01,11,0.0
growth_mom,2016-10-01,11,0.0
growth_mom,2016-11-01,11,0.0
growth_mom,2016-12-01,11,-1.764
growth_mom,2017-01-01,11,0.095
growth_mom,2017-02-01,11,0.094
growth_mom,2017-03-01,11,0.189
growth_mom,2017-04-01,11,-0.094
growth_mom,2017-05-01,11,0.0
growth_mom,2017-06-01,11,0.283
growth_mom,2017-07-01,11,0.752
growth_mom,2017-08-01,11,0.0
growth_mom,2017-09-01,11,-0.187
growth_mom,2017-10-01,11,-0.187
growth_mom,2017-11-01,11,0.843
growth_mom,2017-12-01,11,-0.929
growth_mom,2018-01-01,11,0.375
growth_mom,2018-02-01,11,-0.187
growth_mom,2018-03-01,11,-0.281
growth_mom,2018-04-01,11,-0.75
growth_mom,2018-05-01,11,-1.323
growth_mom,2018-06-01,11,0.766
growth_mom,2018-07-01,11,0.0
growth_mom,2018-08-01,11,0.0
growth_mom,2018-09-01,11,0.76
growth_mom,2018-10-01,11,0.377
growth_mom,2018-11-01,11,-0.47
growth_mom,2018-12-01,11,-0.378
growth_mom,2019-01-01,11,0.095
growth_mom,2019-02-01,11,0.379
growth_mom,2019-03-01,11,0.094
growth_mom,2019-04-01,11,0.189
growth_mom,2019-05-01,11,0.094
growth_mom,2019-06-01,11,0.282
growth_mom,2019-07-01,11,-0.469
growth_mom,2019-08-01,11,-0.282
growth_mom,2019-09-01,11,-0.094
growth_mom,2019-10-01,11,-0.284
growth_mom,2019-11-01,11,0.379
growth_mom,2019-12-01,11,0.378
growth_mom,2020-01-01,11,-0.188
growth_mom,2020-02-01,11,0.377
growth_mom,2020-03-01,11,-0.751
growth_mom,2020-04-01,11,0.0
growth_mom,2020-05-01,11,-0.946
growth_mom,2020-06-01,11,-0.573
growth_mom,2020-07-01,11,0.48
growth_mom,2020-08-01,11,-0.287
growth_mom,2020-09-01,11,0.479
growth_mom,2020-10-01,11,-0.477
growth_mom,2020-11-01,11,0.0
growth_mom,2020-12-01,11,0.575
growth_mom,2021-01-01,11,0.286
growth_mom,2021-02-01,11,0.095
growth_mom,2021-03-01,11,-0.38
growth_mom,2021-04-01,11,-0.191
growth_mom,2021-05-01,11,-0.191
growth_mom,2021-06-01,11,0.0
growth_mom,2021-07-01,11,-0.574
growth_mom,2021-08-01,11,-0.674
growth_mom,2021-09-01,11,-0.194
growth_mom,2021-10-01,11,1.165
growth_mom,2021-11-01,11,0.768
growth_mom,2021-12-01,11,-1.238
growth_mom,2022-01-01,11,-0.193
growth_mom,2022-02-01,11,0.58
growth_mom,2022-03-01,11,0.0
growth_mom,2022-04-01,11,0.096
growth_mom,2022-05-01,11,0.864
growth_mom,2022-06-01,11,-0.19
growth_mom,2022-07-01,11,-0.095
growth_mom,2022-08-01,11,-0.095
growth_mom,2022-09-01,11,0.382
growth_mom,2022-10-01,11,0.761
growth_mom,2022-11-01,11,0.944
growth_mom,2022-12-01,11,-1.123
growth_mom,2023-01-01,11,0.473
growth_mom,2023-02-01,11,2.072
growth_mom,2023-03-01,11,-2.306
growth_mom,2023-04-01,11,-0.661
growth_mom,2023-05-01,11,0.0
growth_mom,2023-06-01,11,0.095
growth_mom,2023-07-01,11,-0.38
growth_mom,2023-08-01,11,1.239
growth_mom,2023-09-01,11,0.942
growth_mom,2023-10-01,11,-1.119
growth_mom,2023-11-01,11,-0.943
growth_mom,2023-12-01,11,0.19
growth_mom,2024-01-01,11,0.19
growth_mom,2024-02-01,11,2.562
growth_mom,2024-03-01,11,0.185
growth_mom,2024-04-01,11,0.092
growth_mom,2024-05-01,11,0.369
growth_mom,2024-06-01,11,0.368
growth_mom,2024-07-01,11,-0.641
growth_mom,2024-08-01,11,-0.092
growth_mom,2024-09-01,11,-0.185
growth_mom,2024-10-01,11,-0.185
growth_mom,2024-11-01,11,-0.463
growth_mom,2024-12-01,11,-0.186
growth_mom,2025-01-01,11,0.466
growth_mom,2025-02-01,11,1.67
growth_mom,2025-03-01,11,-1.825
growth_mom,2025-04-01,11,0.651
growth_mom,2025-05-01,11,-0.554
growth_mom,2025-06-01,11,-0.557
growth_mom,2025-07-01,11,1.867
growth_mom,2025-08-01,11,-0.733
growth_mom,2025-09-01,11,1.939
growth_mom,2025-10-01,11,0.272
growth_mom,2025-11-01,11,-0.452
growth_mom,2025-12-01,11,-0.454
growth_mom,2026-01-01,11,0.82
growth_mom,2026-02-01,11,2.441
growth_mom,2026-03-01,11,0.353
growth_mom,2026-04-01,11,-0.616
growth_mom,2026-05-01,11,0.177
growth_mom,2026-06-01,11,-1.06
growth_mom,2026-07-01,11,-0.268
abs,2015-01-01,12,115.9
abs,2015-02-01,12,115.9
abs,2015-03-01,12,115.9
abs,2015-04-01,12,115.9
abs,2015-05-01,12,115.9
abs,2015-06-01,12,115.9
abs,2015-07-01,12,115.9
abs,2015-08-01,12,115.9
abs,2015-09-01,12,115.9
abs,2015-10-01,12,115.9
abs,2015-11-01,12,115.9
abs,2015-12-01,12,115.9
abs,2016-01-01,12,115.9
abs,2016-02-01,12,115.9
abs,2016-03-01,12,115.9
abs,2016-04-01,12,115.9
abs,2016-05-01,12,115.9
abs,2016-06-01,12,115.9
abs,2016-07-01,12,115.9
abs,2016-08-01,12,115.9
abs,2016-09-01,12,115.9
abs,2016-10-01,12,115.9
abs,2016-11-01,12,115.9
abs,2016-12-01,12,115.9
abs,2017-01-01,12,116.5
abs,2017-02-01,12,116.1
abs,2017-03-01,12,116.4
abs,2017-04-01,12,116.5
abs,2017-05-01,12,115.8
abs,2017-06-01,12,116.2
abs,2017-07-01,12,115.8
abs,2017-08-01,12,115.8
abs,2017-09-01,12,118.4
abs,2017-10-01,12,115.7
abs,2017-11-01,12,117.2
abs,2017-12-01,12,114.9
abs,2018-01-01,12,115.5
abs,2018-02-01,12,117.8
abs,2018-03-01,12,116.2
abs,2018-04-01,12,117.0
abs,2018-05-01,12,115.0
abs,2018-06-01,12,116.9
abs,2018-07-01,12,116.9
abs,2018-08-01,12,117.5
abs,2018-09-01,12,117.5
abs,2018-10-01,12,117.8
abs,2018-11-01,12,117.8
abs,2018-12-01,12,118.5
abs,2019-01-01,12,118.5
abs,2019-02-01,12,115.5
abs,2019-03-01,12,115.5
abs,2019-04-01,12,115.5
abs,2019-05-01,12,115.5
abs,2019-06-01,12,115.5
abs,2019-07-01,12,115.5
abs,2019-08-01,12,115.5
abs,2019-09-01,12,115.5
abs,2019-10-01,12,115.5
abs,2019-11-01,12,115.5
abs,2019-12-01,12,115.5
abs,2020-01-01,12,116.0
abs,2020-02-01,12,116.0
abs,2020-03-01,12,116.1
abs,2020-04-01,12,116.1
abs,2020-05-01,12,116.1
abs,2020-06-01,12,116.1
abs,2020-07-01,12,116.1
abs,2020-08-01,12,116.1
abs,2020-09-01,12,116.1
abs,2020-10-01,12,116.1
abs,2020-11-01,12,116.1
abs,2020-12-01,12,116.1
abs,2021-01-01,12,116.4
abs,2021-02-01,12,116.4
abs,2021-03-01,12,116.4
abs,2021-04-01,12,116.4
abs,2021-05-01,12,116.4
abs,2021-06-01,12,116.4
abs,2021-07-01,12,116.4
abs,2021-08-01,12,116.4
abs,2021-09-01,12,116.4
abs,2021-10-01,12,116.4
abs,2021-11-01,12,116.4
abs,2021-12-01,12,116.4
abs,2022-01-01,12,116.4
abs,2022-02-01,12,116.4
abs,2022-03-01,12,116.4
abs,2022-04-01,12,116.4
abs,2022-05-01,12,116.4
abs,2022-06-01,12,116.4
abs,2022-07-01,12,116.4
abs,2022-08-01,12,116.4
abs,2022-09-01,12,116.4
abs,2022-10-01,12,116.4
abs,2022-11-01,12,116.4
abs,2022-12-01,12,116.4
abs,2023-01-01,12,116.5
abs,2023-02-01,12,117.3
abs,2023-03-01,12,117.3
abs,2023-04-01,12,121.8
abs,2023-05-01,12,117.3
abs,2023-06-01,12,117.2
abs,2023-07-01,12,117.2
abs,2023-08-01,12,117.4
abs,2023-09-01,12,117.2
abs,2023-10-01,12,117.2
abs,2023-11-01,12,117.2
abs,2023-12-01,12,120.9
abs,2024-01-01,12,105.4
abs,2024-02-01,12,102.0
abs,2024-03-01,12,102.1
abs,2024-04-01,12,112.8
abs,2024-05-01,12,112.3
abs,2024-06-01,12,98.7
abs,2024-07-01,12,94.2
abs,2024-08-01,12,100.6
abs,2024-09-01,12,107.2
abs,2024-10-01,12,106.6
abs,2024-11-01,12,115.3
abs,2024-12-01,12,115.0
abs,2025-01-01,12,110.5
abs,2025-02-01,12,108.3
abs,2025-03-01,12,108.3
abs,2025-04-01,12,108.3
abs,2025-05-01,12,108.5
abs,2025-06-01,12,113.1
abs,2025-07-01,12,120.1
abs,2025-08-01,12,113.1
abs,2025-09-01,12,114.1
abs,2025-10-01,12,115.5
abs,2025-11-01,12,119.6
abs,2025-12-01,12,125.6
abs,2026-01-01,12,124.3
abs,2026-02-01,12,122.2
abs,2026-03-01,12,119.3
abs,2026-04-01,12,118.8
abs,2026-05-01,12,114.9
abs,2026-06-01,12,114.7
abs,2026-07-01,12,118.5
growth_yoy,2016-01-01,12,0.0
growth_yoy,2016-02-01,12,0.0
growth_yoy,2016-03-01,12,0.0
growth_yoy,2016-04-01,12,0.0
growth_yoy,2016-05-01,12,0.0
growth_yoy,2016-06-01,12,0.0
growth_yoy,2016-07-01,12,0.0
growth_yoy,2016-08-01,12,0.0
growth_yoy,2016-09-01,12,0.0
growth_yoy,2016-10-01,12,0.0
growth_yoy,2016-11-01,12,0.0
growth_yoy,2016-12-01,12,0.0
growth_yoy,2017-01-01,12,0.518
growth_yoy,2017-02-01,12,0.173
growth_yoy,2017-03-01,12,0.431
growth_yoy,2017-04-01,12,0.518
growth_yoy,2017-05-01,12,-0.086
growth_yoy,2017-06-01,12,0.259
growth_yoy,2017-07-01,12,-0.086
growth_yoy,2017-08-01,12,-0.086
growth_yoy,2017-09-01,12,2.157
growth_yoy,2017-10-01,12,-0.173
growth_yoy,2017-11-01,12,1.122
growth_yoy,2017-12-01,12,-0.863
growth_yoy,2018-01-01,12,-0.858
growth_yoy,2018-02-01,12,1.464
growth_yoy,2018-03-01,12,-0.172
growth_yoy,2018-04-01,12,0.429
growth_yoy,2018-05-01,12,-0.691
growth_yoy,2018-06-01,12,0.602
growth_yoy,2018-07-01,12,0.95
growth_yoy,2018-08-01,12,1.468
growth_yoy,2018-09-01,12,-0.76
growth_yoy,2018-10-01,12,1.815
growth_yoy,2018-11-01,12,0.512
growth_yoy,2018-12-01,12,3.133
growth_yoy,2019-01-01,12,2.597
growth_yoy,2019-02-01,12,-1.952
growth_yoy,2019-03-01,12,-0.602
growth_yoy,2019-04-01,12,-1.282
growth_yoy,2019-05-01,12,0.435
growth_yoy,2019-06-01,12,-1.198
growth_yoy,2019-07-01,12,-1.198
growth_yoy,2019-08-01,12,-1.702
growth_yoy,2019-09-01,12,-1.702
growth_yoy,2019-10-01,12,-1.952
growth_yoy,2019-11-01,12,-1.952
growth_yoy,2019-12-01,12,-2.532
growth_yoy,2020-01-01,12,-2.11
growth_yoy,2020-02-01,12,0.433
growth_yoy,2020-03-01,12,0.519
growth_yoy,2020-04-01,12,0.519
growth_yoy,2020-05-01,12,0.519
growth_yoy,2020-06-01,12,0.519
growth_yoy,2020-07-01,12,0.519
growth_yoy,2020-08-01,12,0.519
growth_yoy,2020-09-01,12,0.519
growth_yoy,2020-10-01,12,0.519
growth_yoy,2020-11-01,12,0.519
growth_yoy,2020-12-01,12,0.519
growth_yoy,2021-01-01,12,0.345
growth_yoy,2021-02-01,12,0.345
growth_yoy,2021-03-01,12,0.258
growth_yoy,2021-04-01,12,0.258
growth_yoy,2021-05-01,12,0.258
growth_yoy,2021-06-01,12,0.258
growth_yoy,2021-07-01,12,0.258
growth_yoy,2021-08-01,12,0.258
growth_yoy,2021-09-01,12,0.258
growth_yoy,2021-10-01,12,0.258
growth_yoy,2021-11-01,12,0.258
growth_yoy,2021-12-01,12,0.258
growth_yoy,2022-01-01,12,0.0
growth_yoy,2022-02-01,12,0.0
growth_yoy,2022-03-01,12,0.0
growth_yoy,2022-04-01,12,0.0
growth_yoy,2022-05-01,12,0.0
growth_yoy,2022-06-01,12,0.0
growth_yoy,2022-07-01,12,0.0
growth_yoy,2022-08-01,12,0.0
growth_yoy,2022-09-01,12,0.0
growth_yoy,2022-10-01,12,0.0
growth_yoy,2022-11-01,12,0.0
growth_yoy,2022-12-01,12,0.0
growth_yoy,2023-01-01,12,0.086
growth_yoy,2023-02-01,12,0.773
growth_yoy,2023-03-01,12,0.773
growth_yoy,2023-04-01,12,4.639
growth_yoy,2023-05-01,12,0.773
growth_yoy,2023-06-01,12,0.687
growth_yoy,2023-07-01,12,0.687
growth_yoy,2023-08-01,12,0.859
growth_yoy,2023-09-01,12,0.687
growth_yoy,2023-10-01,12,0.687
growth_yoy,2023-11-01,12,0.687
growth_yoy,2023-12-01,12,3.866
growth_yoy,2024-01-01,12,-9.528
growth_yoy,2024-02-01,12,-13.043
growth_yoy,2024-03-01,12,-12.958
growth_yoy,2024-04-01,12,-7.389
growth_yoy,2024-05-01,12,-4.263
growth_yoy,2024-06-01,12,-15.785
growth_yoy,2024-07-01,12,-19.625
growth_yoy,2024-08-01,12,-14.31
growth_yoy,2024-09-01,12,-8.532
growth_yoy,2024-10-01,12,-9.044
growth_yoy,2024-11-01,12,-1.621
growth_yoy,2024-12-01,12,-4.88
growth_yoy,2025-01-01,12,4.839
growth_yoy,2025-02-01,12,6.176
growth_yoy,2025-03-01,12,6.072
growth_yoy,2025-04-01,12,-3.989
growth_yoy,2025-05-01,12,-3.384
growth_yoy,2025-06-01,12,14.59
growth_yoy,2025-07-01,12,27.495
growth_yoy,2025-08-01,12,12.425
growth_yoy,2025-09-01,12,6.437
growth_yoy,2025-10-01,12,8.349
growth_yoy,2025-11-01,12,3.729
growth_yoy,2025-12-01,12,9.217
growth_yoy,2026-01-01,12,12.489
growth_yoy,2026-02-01,12,12.835
growth_yoy,2026-03-01,12,10.157
growth_yoy,2026-04-01,12,9.695
growth_yoy,2026-05-01,12,5.899
growth_yoy,2026-06-01,12,1.415
growth_yoy,2026-07-01,12,-1.332
growth_mom,2015-02-01,12,0.0
growth_mom,2015-03-01,12,0.0
growth_mom,2015-04-01,12,0.0
growth_mom,2015-05-01,12,0.0
growth_mom,2015-06-01,12,0.0
growth_mom,2015-07-01,12,0.0
growth_mom,2015-08-01,12,0.0
growth_mom,2015-09-01,12,0.0
growth_mom,2015-10-01,12,0.0
growth_mom,2015-11-01,12,0.0
growth_mom,2015-12-01,12,0.0
growth_mom,2016-01-01,12,0.0
growth_mom,2016-02-01,12,0.0
growth_mom,2016-03-01,12,0.0
growth_mom,2016-04-01,12,0.0
growth_mom,2016-05-01,12,0.0
growth_mom,2016-06-01,12,0.0
growth_mom,2016-07-01,12,0.0
growth_mom,2016-08-01,12,0.0
growth_mom,2016-09-01,12,0.0
growth_mom,2016-10-01,12,0.0
growth_mom,2016-11-01,12,0.0
growth_mom,2016-12-01,12,0.0
growth_mom,2017-01-01,12,0.518
growth_mom,2017-02-01,12,-0.343
growth_mom,2017-03-01,12,0.258
growth_mom,2017-04-01,12,0.086
growth_mom,2017-05-01,12,-0.601
growth_mom,2017-06-01,12,0.345
growth_mom,2017-07-01,12,-0.344
growth_mom,2017-08-01,12,0.0
growth_mom,2017-09-01,12,2.245
growth_mom,2017-10-01,12,-2.28
growth_mom,2017-11-01,12,1.296
growth_mom,2017-12-01,12,-1.962
growth_mom,2018-01-01,12,0.522
growth_mom,2018-02-01,12,1.991
growth_mom,2018-03-01,12,-1.358
growth_mom,2018-04-01,12,0.688
growth_mom,2018-05-01,12,-1.709
growth_mom,2018-06-01,12,1.652
growth_mom,2018-07-01,12,0.0
growth_mom,2018-08-01,12,0.513
growth_mom,2018-09-01,12,0.0
growth_mom,2018-10-01,12,0.255
growth_mom,2018-11-01,12,0.0
growth_mom,2018-12-01,12,0.594
growth_mom,2019-01-01,12,0.0
growth_mom,2019-02-01,12,-2.532
growth_mom,2019-03-01,12,0.0
growth_mom,2019-04-01,12,0.0
growth_mom,2019-05-01,12,0.0
growth_mom,2019-06-01,12,0.0
growth_mom,2019-07-01,12,0.0
growth_mom,2019-08-01,12,0.0
growth_mom,2019-09-01,12,0.0
growth_mom,2019-10-01,12,0.0
growth_mom,2019-11-01,12,0.0
growth_mom,2019-12-01,12,0.0
growth_mom,2020-01-01,12,0.433
growth_mom,2020-02-01,12,0.0
growth_mom,2020-03-01,12,0.086
growth_mom,2020-04-01,12,0.0
growth_mom,2020-05-01,12,0.0
growth_mom,2020-06-01,12,0.0
growth_mom,2020-07-01,12,0.0
growth_mom,2020-08-01,12,0.0
growth_mom,2020-09-01,12,0.0
growth_mom,2020-10-01,12,0.0
growth_mom,2020-11-01,12,0.0
growth_mom,2020-12-01,12,0.0
growth_mom,2021-01-01,12,0.258
growth_mom,2021-02-01,12,0.0
growth_mom,2021-03-01,12,0.0
growth_mom,2021-04-01,12,0.0
growth_mom,2021-05-01,12,0.0
growth_mom,2021-06-01,12,0.0
growth_mom,2021-07-01,12,0.0
growth_mom,2021-08-01,12,0.0
growth_mom,2021-09-01,12,0.0
growth_mom,2021-10-01,12,0.0
growth_mom,2021-11-01,12,0.0
growth_mom,2021-12-01,12,0.0
growth_mom,2022-01-01,12,0.0
growth_mom,2022-02-01,12,0.0
growth_mom,2022-03-01,12,0.0
growth_mom,2022-04-01,12,0.0
growth_mom,2022-05-01,12,0.0
growth_mom,2022-06-01,12,0.0
growth_mom,2022-07-01,12,0.0
growth_mom,2022-08-01,12,0.0
growth_mom,2022-09-01,12,0.0
growth_mom,2022-10-01,12,0.0
growth_mom,2022-11-01,12,0.0
growth_mom,2022-12-01,12,0.0
growth_mom,2023-01-01,12,0.086
growth_mom,2023-02-01,12,0.687
growth_mom,2023-03-01,12,0.0
growth_mom,2023-04-01,12,3.836
growth_mom,2023-05-01,12,-3.695
growth_mom,2023-06-01,12,-0.085
growth_mom,2023-07-01,12,0.0
growth_mom,2023-08-01,12,0.171
growth_mom,2023-09-01,12,-0.17
growth_mom,2023-10-01,12,0.0
growth_mom,2023-11-01,12,0.0
growth_mom,2023-12-01,12,3.157
growth_mom,2024-01-01,12,-12.821
growth_mom,2024-02-01,12,-3.226
growth_mom,2024-03-01,12,0.098
growth_mom,2024-04-01,12,10.48
growth_mom,2024-05-01,12,-0.443
growth_mom,2024-06-01,12,-12.11
growth_mom,2024-07-01,12,-4.559
growth_mom,2024-08-01,12,6.794
growth_mom,2024-09-01,12,6.561
growth_mom,2024-10-01,12,-0.56
growth_mom,2024-11-01,12,8.161
growth_mom,2024-12-01,12,-0.26
growth_mom,2025-01-01,12,-3.913
growth_mom,2025-02-01,12,-1.991
growth_mom,2025-03-01,12,0.0
growth_mom,2025-04-01,12,0.0
growth_mom,2025-05-01,12,0.185
growth_mom,2025-06-01,12,4.24
growth_mom,2025-07-01,12,6.189
growth_mom,2025-08-01,12,-5.828
growth_mom,2025-09-01,12,0.884
growth_mom,2025-10-01,12,1.227
growth_mom,2025-11-01,12,3.55
growth_mom,2025-12-01,12,5.017
growth_mom,2026-01-01,12,-1.035
growth_mom,2026-02-01,12,-1.689
growth_mom,2026-03-01,12,-2.373
growth_mom,2026-04-01,12,-0.419
growth_mom,2026-05-01,12,-3.283
growth_mom,2026-06-01,12,-0.174
growth_mom,2026-07-01,12,3.313
abs,2015-01-01,13,100.2
abs,2015-02-01,13,100.8
abs,2015-03-01,13,100.6
abs,2015-04-01,13,100.1
abs,2015-05-01,13,100.2
abs,2015-06-01,13,100.2
abs,2015-07-01,13,101.2
abs,2015-08-01,13,97.6
abs,2015-09-01,13,98.3
abs,2015-10-01,13,106.2
abs,2015-11-01,13,102.6
abs,2015-12-01,13,101.3
abs,2016-01-01,13,101.2
abs,2016-02-01,13,99.6
abs,2016-03-01,13,105.4
abs,2016-04-01,13,99.8
abs,2016-05-01,13,99.4
abs,2016-06-01,13,100.6
abs,2016-07-01,13,100.2
abs,2016-08-01,13,100.7
abs,2016-09-01,13,100.1
abs,2016-10-01,13,98.9
abs,2016-11-01,13,98.7
abs,2016-12-01,13,101.5
abs,2017-01-01,13,99.4
abs,2017-02-01,13,103.3
abs,2017-03-01,13,100.4
abs,2017-04-01,13,100.8
abs,2017-05-01,13,99.2
abs,2017-06-01,13,97.2
abs,2017-07-01,13,97.1
abs,2017-08-01,13,97.4
abs,2017-09-01,13,97.7
abs,2017-10-01,13,93.9
abs,2017-11-01,13,96.4
abs,2017-12-01,13,95.4
abs,2018-01-01,13,97.0
abs,2018-02-01,13,96.7
abs,2018-03-01,13,98.2
abs,2018-04-01,13,95.6
abs,2018-05-01,13,93.0
abs,2018-06-01,13,93.9
abs,2018-07-01,13,93.8
abs,2018-08-01,13,93.7
abs,2018-09-01,13,93.9
abs,2018-10-01,13,93.7
abs,2018-11-01,13,94.0
abs,2018-12-01,13,92.7
abs,2019-01-01,13,92.6
abs,2019-02-01,13,92.7
abs,2019-03-01,13,92.6
abs,2019-04-01,13,92.4
abs,2019-05-01,13,92.4
abs,2019-06-01,13,91.7
abs,2019-07-01,13,91.8
abs,2019-08-01,13,92.6
abs,2019-09-01,13,92.7
abs,2019-10-01,13,92.4
abs,2019-11-01,13,92.2
abs,2019-12-01,13,92.0
abs,2020-01-01,13,92.7
abs,2020-02-01,13,92.8
abs,2020-03-01,13,94.8
abs,2020-04-01,13,95.1
abs,2020-05-01,13,95.4
abs,2020-06-01,13,95.0
abs,2020-07-01,13,94.2
abs,2020-08-01,13,94.0
abs,2020-09-01,13,94.1
abs,2020-10-01,13,94.3
abs,2020-11-01,13,94.7
abs,2020-12-01,13,94.3
abs,2021-01-01,13,93.7
abs,2021-02-01,13,93.7
abs,2021-03-01,13,94.5
abs,2021-04-01,13,94.4
abs,2021-05-01,13,95.2
abs,2021-06-01,13,94.4
abs,2021-07-01,13,94.8
abs,2021-08-01,13,95.1
abs,2021-09-01,13,95.3
abs,2021-10-01,13,95.9
abs,2021-11-01,13,96.6
abs,2021-12-01,13,96.7
abs,2022-01-01,13,97.2
abs,2022-02-01,13,98.5
abs,2022-03-01,13,98.8
abs,2022-04-01,13,99.1
abs,2022-05-01,13,100.7
abs,2022-06-01,13,100.5
abs,2022-07-01,13,101.1
abs,2022-08-01,13,101.6
abs,2022-09-01,13,101.6
abs,2022-10-01,13,101.1
abs,2022-11-01,13,101.8
abs,2022-12-01,13,101.4
abs,2023-01-01,13,98.8
abs,2023-02-01,13,100.3
abs,2023-03-01,13,102.5
abs,2023-04-01,13,103.0
abs,2023-05-01,13,102.7
abs,2023-06-01,13,103.1
abs,2023-07-01,13,103.3
abs,2023-08-01,13,102.9
abs,2023-09-01,13,103.3
abs,2023-10-01,13,103.9
abs,2023-11-01,13,103.6
abs,2023-12-01,13,103.0
abs,2024-01-01,13,103.3
abs,2024-02-01,13,104.1
abs,2024-03-01,13,105.0
abs,2024-04-01,13,105.0
abs,2024-05-01,13,104.8
abs,2024-06-01,13,104.2
abs,2024-07-01,13,104.9
abs,2024-08-01,13,105.7
abs,2024-09-01,13,106.1
abs,2024-10-01,13,106.4
abs,2024-11-01,13,106.2
abs,2024-12-01,13,106.1
abs,2025-01-01,13,105.1
abs,2025-02-01,13,104.7
abs,2025-03-01,13,104.7
abs,2025-04-01,13,105.5
abs,2025-05-01,13,106.3
abs,2025-06-01,13,106.8
abs,2025-07-01,13,106.2
abs,2025-08-01,13,105.3
abs,2025-09-01,13,105.6
abs,2025-10-01,13,105.0
abs,2025-11-01,13,104.8
abs,2025-12-01,13,104.2
abs,2026-01-01,13,104.2
abs,2026-02-01,13,104.7
abs,2026-03-01,13,105.7
abs,2026-04-01,13,104.8
abs,2026-05-01,13,104.8
abs,2026-06-01,13,105.1
abs,2026-07-01,13,105.5
growth_yoy,2016-01-01,13,0.998
growth_yoy,2016-02-01,13,-1.19
growth_yoy,2016-03-01,13,4.771
growth_yoy,2016-04-01,13,-0.3
growth_yoy,2016-05-01,13,-0.798
growth_yoy,2016-06-01,13,0.399
growth_yoy,2016-07-01,13,-0.988
growth_yoy,2016-08-01,13,3.176
growth_yoy,2016-09-01,13,1.831
growth_yoy,2016-10-01,13,-6.874
growth_yoy,2016-11-01,13,-3.801
growth_yoy,2016-12-01,13,0.197
growth_yoy,2017-01-01,13,-1.779
growth_yoy,2017-02-01,13,3.715
growth_yoy,2017-03-01,13,-4.744
growth_yoy,2017-04-01,13,1.002
growth_yoy,2017-05-01,13,-0.201
growth_yoy,2017-06-01,13,-3.38
growth_yoy,2017-07-01,13,-3.094
growth_yoy,2017-08-01,13,-3.277
growth_yoy,2017-09-01,13,-2.398
growth_yoy,2017-10-01,13,-5.056
growth_yoy,2017-11-01,13,-2.33
growth_yoy,2017-12-01,13,-6.01
growth_yoy,2018-01-01,13,-2.414
growth_yoy,2018-02-01,13,-6.389
growth_yoy,2018-03-01,13,-2.191
growth_yoy,2018-04-01,13,-5.159
growth_yoy,2018-05-01,13,-6.25
growth_yoy,2018-06-01,13,-3.395
growth_yoy,2018-07-01,13,-3.399
growth_yoy,2018-08-01,13,-3.799
growth_yoy,2018-09-01,13,-3.889
growth_yoy,2018-10-01,13,-0.213
growth_yoy,2018-11-01,13,-2.49
growth_yoy,2018-12-01,13,-2.83
growth_yoy,2019-01-01,13,-4.536
growth_yoy,2019-02-01,13,-4.137
growth_yoy,2019-03-01,13,-5.703
growth_yoy,2019-04-01,13,-3.347
growth_yoy,2019-05-01,13,-0.645
growth_yoy,2019-06-01,13,-2.343
growth_yoy,2019-07-01,13,-2.132
growth_yoy,2019-08-01,13,-1.174
growth_yoy,2019-09-01,13,-1.278
growth_yoy,2019-10-01,13,-1.387
growth_yoy,2019-11-01,13,-1.915
growth_yoy,2019-12-01,13,-0.755
growth_yoy,2020-01-01,13,0.108
growth_yoy,2020-02-01,13,0.108
growth_yoy,2020-03-01,13,2.376
growth_yoy,2020-04-01,13,2.922
growth_yoy,2020-05-01,13,3.247
growth_yoy,2020-06-01,13,3.599
growth_yoy,2020-07-01,13,2.614
growth_yoy,2020-08-01,13,1.512
growth_yoy,2020-09-01,13,1.51
growth_yoy,2020-10-01,13,2.056
growth_yoy,2020-11-01,13,2.711
growth_yoy,2020-12-01,13,2.5
growth_yoy,2021-01-01,13,1.079
growth_yoy,2021-02-01,13,0.97
growth_yoy,2021-03-01,13,-0.316
growth_yoy,2021-04-01,13,-0.736
growth_yoy,2021-05-01,13,-0.21
growth_yoy,2021-06-01,13,-0.632
growth_yoy,2021-07-01,13,0.637
growth_yoy,2021-08-01,13,1.17
growth_yoy,2021-09-01,13,1.275
growth_yoy,2021-10-01,13,1.697
growth_yoy,2021-11-01,13,2.006
growth_yoy,2021-12-01,13,2.545
growth_yoy,2022-01-01,13,3.735
growth_yoy,2022-02-01,13,5.123
growth_yoy,2022-03-01,13,4.55
growth_yoy,2022-04-01,13,4.979
growth_yoy,2022-05-01,13,5.777
growth_yoy,2022-06-01,13,6.462
growth_yoy,2022-07-01,13,6.646
growth_yoy,2022-08-01,13,6.835
growth_yoy,2022-09-01,13,6.611
growth_yoy,2022-10-01,13,5.422
growth_yoy,2022-11-01,13,5.383
growth_yoy,2022-12-01,13,4.86
growth_yoy,2023-01-01,13,1.646
growth_yoy,2023-02-01,13,1.827
growth_yoy,2023-03-01,13,3.745
growth_yoy,2023-04-01,13,3.935
growth_yoy,2023-05-01,13,1.986
growth_yoy,2023-06-01,13,2.587
growth_yoy,2023-07-01,13,2.176
growth_yoy,2023-08-01,13,1.28
growth_yoy,2023-09-01,13,1.673
growth_yoy,2023-10-01,13,2.77
growth_yoy,2023-11-01,13,1.768
growth_yoy,2023-12-01,13,1.578
growth_yoy,2024-01-01,13,4.555
growth_yoy,2024-02-01,13,3.789
growth_yoy,2024-03-01,13,2.439
growth_yoy,2024-04-01,13,1.942
growth_yoy,2024-05-01,13,2.045
growth_yoy,2024-06-01,13,1.067
growth_yoy,2024-07-01,13,1.549
growth_yoy,2024-08-01,13,2.721
growth_yoy,2024-09-01,13,2.711
growth_yoy,2024-10-01,13,2.406
growth_yoy,2024-11-01,13,2.51
growth_yoy,2024-12-01,13,3.01
growth_yoy,2025-01-01,13,1.742
growth_yoy,2025-02-01,13,0.576
growth_yoy,2025-03-01,13,-0.286
growth_yoy,2025-04-01,13,0.476
growth_yoy,2025-05-01,13,1.431
growth_yoy,2025-06-01,13,2.495
growth_yoy,2025-07-01,13,1.239
growth_yoy,2025-08-01,13,-0.378
growth_yoy,2025-09-01,13,-0.471
growth_yoy,2025-10-01,13,-1.316
growth_yoy,2025-11-01,13,-1.318
growth_yoy,2025-12-01,13,-1.791
growth_yoy,2026-01-01,13,-0.856
growth_yoy,2026-02-01,13,0.0
growth_yoy,2026-03-01,13,0.955
growth_yoy,2026-04-01,13,-0.664
growth_yoy,2026-05-01,13,-1.411
growth_yoy,2026-06-01,13,-1.592
growth_yoy,2026-07-01,13,-0.659
growth_mom,2015-02-01,13,0.599
growth_mom,2015-03-01,13,-0.198
growth_mom,2015-04-01,13,-0.497
growth_mom,2015-05-01,13,0.1
growth_mom,2015-06-01,13,0.0
growth_mom,2015-07-01,13,0.998
growth_mom,2015-08-01,13,-3.557
growth_mom,2015-09-01,13,0.717
growth_mom,2015-10-01,13,8.037
growth_mom,2015-11-01,13,-3.39
growth_mom,2015-12-01,13,-1.267
growth_mom,2016-01-01,13,-0.099
growth_mom,2016-02-01,13,-1.581
growth_mom,2016-03-01,13,5.823
growth_mom,2016-04-01,13,-5.313
growth_mom,2016-05-01,13,-0.401
growth_mom,2016-06-01,13,1.207
growth_mom,2016-07-01,13,-0.398
growth_mom,2016-08-01,13,0.499
growth_mom,2016-09-01,13,-0.596
growth_mom,2016-10-01,13,-1.199
growth_mom,2016-11-01,13,-0.202
growth_mom,2016-12-01,13,2.837
growth_mom,2017-01-01,13,-2.069
growth_mom,2017-02-01,13,3.924
growth_mom,2017-03-01,13,-2.807
growth_mom,2017-04-01,13,0.398
growth_mom,2017-05-01,13,-1.587
growth_mom,2017-06-01,13,-2.016
growth_mom,2017-07-01,13,-0.103
growth_mom,2017-08-01,13,0.309
growth_mom,2017-09-01,13,0.308
growth_mom,2017-10-01,13,-3.889
growth_mom,2017-11-01,13,2.662
growth_mom,2017-12-01,13,-1.037
growth_mom,2018-01-01,13,1.677
growth_mom,2018-02-01,13,-0.309
growth_mom,2018-03-01,13,1.551
growth_mom,2018-04-01,13,-2.648
growth_mom,2018-05-01,13,-2.72
growth_mom,2018-06-01,13,0.968
growth_mom,2018-07-01,13,-0.106
growth_mom,2018-08-01,13,-0.107
growth_mom,2018-09-01,13,0.213
growth_mom,2018-10-01,13,-0.213
growth_mom,2018-11-01,13,0.32
growth_mom,2018-12-01,13,-1.383
growth_mom,2019-01-01,13,-0.108
growth_mom,2019-02-01,13,0.108
growth_mom,2019-03-01,13,-0.108
growth_mom,2019-04-01,13,-0.216
growth_mom,2019-05-01,13,0.0
growth_mom,2019-06-01,13,-0.758
growth_mom,2019-07-01,13,0.109
growth_mom,2019-08-01,13,0.871
growth_mom,2019-09-01,13,0.108
growth_mom,2019-10-01,13,-0.324
growth_mom,2019-11-01,13,-0.216
growth_mom,2019-12-01,13,-0.217
growth_mom,2020-01-01,13,0.761
growth_mom,2020-02-01,13,0.108
growth_mom,2020-03-01,13,2.155
growth_mom,2020-04-01,13,0.316
growth_mom,2020-05-01,13,0.315
growth_mom,2020-06-01,13,-0.419
growth_mom,2020-07-01,13,-0.842
growth_mom,2020-08-01,13,-0.212
growth_mom,2020-09-01,13,0.106
growth_mom,2020-10-01,13,0.213
growth_mom,2020-11-01,13,0.424
growth_mom,2020-12-01,13,-0.422
growth_mom,2021-01-01,13,-0.636
growth_mom,2021-02-01,13,0.0
growth_mom,2021-03-01,13,0.854
growth_mom,2021-04-01,13,-0.106
growth_mom,2021-05-01,13,0.847
growth_mom,2021-06-01,13,-0.84
growth_mom,2021-07-01,13,0.424
growth_mom,2021-08-01,13,0.316
growth_mom,2021-09-01,13,0.21
growth_mom,2021-10-01,13,0.63
growth_mom,2021-11-01,13,0.73
growth_mom,2021-12-01,13,0.104
growth_mom,2022-01-01,13,0.517
growth_mom,2022-02-01,13,1.337
growth_mom,2022-03-01,13,0.305
growth_mom,2022-04-01,13,0.304
growth_mom,2022-05-01,13,1.615
growth_mom,2022-06-01,13,-0.199
growth_mom,2022-07-01,13,0.597
growth_mom,2022-08-01,13,0.495
growth_mom,2022-09-01,13,0.0
growth_mom,2022-10-01,13,-0.492
growth_mom,2022-11-01,13,0.692
growth_mom,2022-12-01,13,-0.393
growth_mom,2023-01-01,13,-2.564
growth_mom,2023-02-01,13,1.518
growth_mom,2023-03-01,13,2.193
growth_mom,2023-04-01,13,0.488
growth_mom,2023-05-01,13,-0.291
growth_mom,2023-06-01,13,0.389
growth_mom,2023-07-01,13,0.194
growth_mom,2023-08-01,13,-0.387
growth_mom,2023-09-01,13,0.389
growth_mom,2023-10-01,13,0.581
growth_mom,2023-11-01,13,-0.289
growth_mom,2023-12-01,13,-0.579
growth_mom,2024-01-01,13,0.291
growth_mom,2024-02-01,13,0.774
growth_mom,2024-03-01,13,0.865
growth_mom,2024-04-01,13,0.0
growth_mom,2024-05-01,13,-0.19
growth_mom,2024-06-01,13,-0.573
growth_mom,2024-07-01,13,0.672
growth_mom,2024-08-01,13,0.763
growth_mom,2024-09-01,13,0.378
growth_mom,2024-10-01,13,0.283
growth_mom,2024-11-01,13,-0.188
growth_mom,2024-12-01,13,-0.094
growth_mom,2025-01-01,13,-0.943
growth_mom,2025-02-01,13,-0.381
growth_mom,2025-03-01,13,0.0
growth_mom,2025-04-01,13,0.764
growth_mom,2025-05-01,13,0.758
growth_mom,2025-06-01,13,0.47
growth_mom,2025-07-01,13,-0.562
growth_mom,2025-08-01,13,-0.847
growth_mom,2025-09-01,13,0.285
growth_mom,2025-10-01,13,-0.568
growth_mom,2025-11-01,13,-0.19
growth_mom,2025-12-01,13,-0.573
growth_mom,2026-01-01,13,0.0
growth_mom,2026-02-01,13,0.48
growth_mom,2026-03-01,13,0.955
growth_mom,2026-04-01,13,-0.851
growth_mom,2026-05-01,13,0.0
growth_mom,2026-06-01,13,0.286
growth_mom,2026-07-01,13,0.381
abs,2015-01-01,14,102.9
abs,2015-02-01,14,102.9
abs,2015-03-01,14,102.5
abs,2015-04-01,14,102.7
abs,2015-05-01,14,103.1
abs,2015-06-01,14,103.3
abs,2015-07-01,14,103.5
abs,2015-08-01,14,103.7
abs,2015-09-01,14,103.9
abs,2015-10-01,14,104.4
abs,2015-11-01,14,104.4
abs,2015-12-01,14,104.9
abs,2016-01-01,14,104.8
abs,2016-02-01,14,104.8
abs,2016-03-01,14,105.0
abs,2016-04-01,14,105.2
abs,2016-05-01,14,104.9
abs,2016-06-01,14,104.9
abs,2016-07-01,14,105.3
abs,2016-08-01,14,105.5
abs,2016-09-01,14,104.8
abs,2016-10-01,14,105.0
abs,2016-11-01,14,105.8
abs,2016-12-01,14,105.6
abs,2017-01-01,14,105.6
abs,2017-02-01,14,105.3
abs,2017-03-01,14,105.5
abs,2017-04-01,14,106.2
abs,2017-05-01,14,106.3
abs,2017-06-01,14,106.4
abs,2017-07-01,14,106.0
abs,2017-08-01,14,105.6
abs,2017-09-01,14,104.5
abs,2017-10-01,14,105.5
abs,2017-11-01,14,105.0
abs,2017-12-01,14,105.3
abs,2018-01-01,14,104.0
abs,2018-02-01,14,102.7
abs,2018-03-01,14,101.4
abs,2018-04-01,14,100.7
abs,2018-05-01,14,101.7
abs,2018-06-01,14,101.9
abs,2018-07-01,14,102.1
abs,2018-08-01,14,102.0
abs,2018-09-01,14,103.4
abs,2018-10-01,14,103.2
abs,2018-11-01,14,102.2
abs,2018-12-01,14,103.0
abs,2019-01-01,14,102.7
abs,2019-02-01,14,102.6
abs,2019-03-01,14,103.1
abs,2019-04-01,14,102.8
abs,2019-05-01,14,103.2
abs,2019-06-01,14,102.7
abs,2019-07-01,14,102.4
abs,2019-08-01,14,103.1
abs,2019-09-01,14,103.2
abs,2019-10-01,14,102.8
abs,2019-11-01,14,102.7
abs,2019-12-01,14,102.7
abs,2020-01-01,14,102.6
abs,2020-02-01,14,103.3
abs,2020-03-01,14,103.8
abs,2020-04-01,14,103.6
abs,2020-05-01,14,104.0
abs,2020-06-01,14,102.8
abs,2020-07-01,14,103.0
abs,2020-08-01,14,101.1
abs,2020-09-01,14,100.8
abs,2020-10-01,14,101.2
abs,2020-11-01,14,101.2
abs,2020-12-01,14,102.0
abs,2021-01-01,14,102.8
abs,2021-02-01,14,101.7
abs,2021-03-01,14,100.4
abs,2021-04-01,14,98.4
abs,2021-05-01,14,98.7
abs,2021-06-01,14,99.6
abs,2021-07-01,14,99.1
abs,2021-08-01,14,99.9
abs,2021-09-01,14,101.6
abs,2021-10-01,14,100.0
abs,2021-11-01,14,101.1
abs,2021-12-01,14,100.0
abs,2022-01-01,14,101.2
abs,2022-02-01,14,101.4
abs,2022-03-01,14,101.0
abs,2022-04-01,14,101.2
abs,2022-05-01,14,101.5
abs,2022-06-01,14,100.3
abs,2022-07-01,14,100.8
abs,2022-08-01,14,100.9
abs,2022-09-01,14,101.6
abs,2022-10-01,14,101.5
abs,2022-11-01,14,101.4
abs,2022-12-01,14,102.4
abs,2023-01-01,14,102.0
abs,2023-02-01,14,100.4
abs,2023-03-01,14,99.0
abs,2023-04-01,14,97.9
abs,2023-05-01,14,98.8
abs,2023-06-01,14,101.6
abs,2023-07-01,14,104.9
abs,2023-08-01,14,107.1
abs,2023-09-01,14,109.0
abs,2023-10-01,14,109.7
abs,2023-11-01,14,109.7
abs,2023-12-01,14,108.7
abs,2024-01-01,14,108.8
abs,2024-02-01,14,108.6
abs,2024-03-01,14,109.4
abs,2024-04-01,14,107.8
abs,2024-05-01,14,109.2
abs,2024-06-01,14,107.5
abs,2024-07-01,14,105.9
abs,2024-08-01,14,107.7
abs,2024-09-01,14,109.1
abs,2024-10-01,14,109.3
abs,2024-11-01,14,109.6
abs,2024-12-01,14,110.1
abs,2025-01-01,14,109.3
abs,2025-02-01,14,106.0
abs,2025-03-01,14,107.1
abs,2025-04-01,14,106.7
abs,2025-05-01,14,106.5
abs,2025-06-01,14,105.0
abs,2025-07-01,14,106.9
abs,2025-08-01,14,106.1
abs,2025-09-01,14,107.2
abs,2025-10-01,14,106.7
abs,2025-11-01,14,106.6
abs,2025-12-01,14,106.8
abs,2026-01-01,14,106.3
abs,2026-02-01,14,106.7
abs,2026-03-01,14,107.0
abs,2026-04-01,14,106.4
abs,2026-05-01,14,105.9
abs,2026-06-01,14,106.2
abs,2026-07-01,14,106.2
growth_yoy,2016-01-01,14,1.846
growth_yoy,2016-02-01,14,1.846
growth_yoy,2016-03-01,14,2.439
growth_yoy,2016-04-01,14,2.434
growth_yoy,2016-05-01,14,1.746
growth_yoy,2016-06-01,14,1.549
growth_yoy,2016-07-01,14,1.739
growth_yoy,2016-08-01,14,1.736
growth_yoy,2016-09-01,14,0.866
growth_yoy,2016-10-01,14,0.575
growth_yoy,2016-11-01,14,1.341
growth_yoy,2016-12-01,14,0.667
growth_yoy,2017-01-01,14,0.763
growth_yoy,2017-02-01,14,0.477
growth_yoy,2017-03-01,14,0.476
growth_yoy,2017-04-01,14,0.951
growth_yoy,2017-05-01,14,1.335
growth_yoy,2017-06-01,14,1.43
growth_yoy,2017-07-01,14,0.665
growth_yoy,2017-08-01,14,0.095
growth_yoy,2017-09-01,14,-0.286
growth_yoy,2017-10-01,14,0.476
growth_yoy,2017-11-01,14,-0.756
growth_yoy,2017-12-01,14,-0.284
growth_yoy,2018-01-01,14,-1.515
growth_yoy,2018-02-01,14,-2.469
growth_yoy,2018-03-01,14,-3.886
growth_yoy,2018-04-01,14,-5.179
growth_yoy,2018-05-01,14,-4.327
growth_yoy,2018-06-01,14,-4.229
growth_yoy,2018-07-01,14,-3.679
growth_yoy,2018-08-01,14,-3.409
growth_yoy,2018-09-01,14,-1.053
growth_yoy,2018-10-01,14,-2.18
growth_yoy,2018-11-01,14,-2.667
growth_yoy,2018-12-01,14,-2.184
growth_yoy,2019-01-01,14,-1.25
growth_yoy,2019-02-01,14,-0.097
growth_yoy,2019-03-01,14,1.677
growth_yoy,2019-04-01,14,2.085
growth_yoy,2019-05-01,14,1.475
growth_yoy,2019-06-01,14,0.785
growth_yoy,2019-07-01,14,0.294
growth_yoy,2019-08-01,14,1.078
growth_yoy,2019-09-01,14,-0.193
growth_yoy,2019-10-01,14,-0.388
growth_yoy,2019-11-01,14,0.489
growth_yoy,2019-12-01,14,-0.291
growth_yoy,2020-01-01,14,-0.097
growth_yoy,2020-02-01,14,0.682
growth_yoy,2020-03-01,14,0.679
growth_yoy,2020-04-01,14,0.778
growth_yoy,2020-05-01,14,0.775
growth_yoy,2020-06-01,14,0.097
growth_yoy,2020-07-01,14,0.586
growth_yoy,2020-08-01,14,-1.94
growth_yoy,2020-09-01,14,-2.326
growth_yoy,2020-10-01,14,-1.556
growth_yoy,2020-11-01,14,-1.461
growth_yoy,2020-12-01,14,-0.682
growth_yoy,2021-01-01,14,0.195
growth_yoy,2021-02-01,14,-1.549
growth_yoy,2021-03-01,14,-3.276
growth_yoy,2021-04-01,14,-5.019
growth_yoy,2021-05-01,14,-5.096
growth_yoy,2021-06-01,14,-3.113
growth_yoy,2021-07-01,14,-3.786
growth_yoy,2021-08-01,14,-1.187
growth_yoy,2021-09-01,14,0.794
growth_yoy,2021-10-01,14,-1.186
growth_yoy,2021-11-01,14,-0.099
growth_yoy,2021-12-01,14,-1.961
growth_yoy,2022-01-01,14,-1.556
growth_yoy,2022-02-01,14,-0.295
growth_yoy,2022-03-01,14,0.598
growth_yoy,2022-04-01,14,2.846
growth_yoy,2022-05-01,14,2.837
growth_yoy,2022-06-01,14,0.703
growth_yoy,2022-07-01,14,1.715
growth_yoy,2022-08-01,14,1.001
growth_yoy,2022-09-01,14,0.0
growth_yoy,2022-10-01,14,1.5
growth_yoy,2022-11-01,14,0.297
growth_yoy,2022-12-01,14,2.4
growth_yoy,2023-01-01,14,0.791
growth_yoy,2023-02-01,14,-0.986
growth_yoy,2023-03-01,14,-1.98
growth_yoy,2023-04-01,14,-3.261
growth_yoy,2023-05-01,14,-2.66
growth_yoy,2023-06-01,14,1.296
growth_yoy,2023-07-01,14,4.067
growth_yoy,2023-08-01,14,6.145
growth_yoy,2023-09-01,14,7.283
growth_yoy,2023-10-01,14,8.079
growth_yoy,2023-11-01,14,8.185
growth_yoy,2023-12-01,14,6.152
growth_yoy,2024-01-01,14,6.667
growth_yoy,2024-02-01,14,8.167
growth_yoy,2024-03-01,14,10.505
growth_yoy,2024-04-01,14,10.112
growth_yoy,2024-05-01,14,10.526
growth_yoy,2024-06-01,14,5.807
growth_yoy,2024-07-01,14,0.953
growth_yoy,2024-08-01,14,0.56
growth_yoy,2024-09-01,14,0.092
growth_yoy,2024-10-01,14,-0.365
growth_yoy,2024-11-01,14,-0.091
growth_yoy,2024-12-01,14,1.288
growth_yoy,2025-01-01,14,0.46
growth_yoy,2025-02-01,14,-2.394
growth_yoy,2025-03-01,14,-2.102
growth_yoy,2025-04-01,14,-1.02
growth_yoy,2025-05-01,14,-2.473
growth_yoy,2025-06-01,14,-2.326
growth_yoy,2025-07-01,14,0.944
growth_yoy,2025-08-01,14,-1.486
growth_yoy,2025-09-01,14,-1.742
growth_yoy,2025-10-01,14,-2.379
growth_yoy,2025-11-01,14,-2.737
growth_yoy,2025-12-01,14,-2.997
growth_yoy,2026-01-01,14,-2.745
growth_yoy,2026-02-01,14,0.66
growth_yoy,2026-03-01,14,-0.093
growth_yoy,2026-04-01,14,-0.281
growth_yoy,2026-05-01,14,-0.563
growth_yoy,2026-06-01,14,1.143
growth_yoy,2026-07-01,14,-0.655
growth_mom,2015-02-01,14,0.0
growth_mom,2015-03-01,14,-0.389
growth_mom,2015-04-01,14,0.195
growth_mom,2015-05-01,14,0.389
growth_mom,2015-06-01,14,0.194
growth_mom,2015-07-01,14,0.194
growth_mom,2015-08-01,14,0.193
growth_mom,2015-09-01,14,0.193
growth_mom,2015-10-01,14,0.481
growth_mom,2015-11-01,14,0.0
growth_mom,2015-12-01,14,0.479
growth_mom,2016-01-01,14,-0.095
growth_mom,2016-02-01,14,0.0
growth_mom,2016-03-01,14,0.191
growth_mom,2016-04-01,14,0.19
growth_mom,2016-05-01,14,-0.285
growth_mom,2016-06-01,14,0.0
growth_mom,2016-07-01,14,0.381
growth_mom,2016-08-01,14,0.19
growth_mom,2016-09-01,14,-0.664
growth_mom,2016-10-01,14,0.191
growth_mom,2016-11-01,14,0.762
growth_mom,2016-12-01,14,-0.189
growth_mom,2017-01-01,14,0.0
growth_mom,2017-02-01,14,-0.284
growth_mom,2017-03-01,14,0.19
growth_mom,2017-04-01,14,0.664
growth_mom,2017-05-01,14,0.094
growth_mom,2017-06-01,14,0.094
growth_mom,2017-07-01,14,-0.376
growth_mom,2017-08-01,14,-0.377
growth_mom,2017-09-01,14,-1.042
growth_mom,2017-10-01,14,0.957
growth_mom,2017-11-01,14,-0.474
growth_mom,2017-12-01,14,0.286
growth_mom,2018-01-01,14,-1.235
growth_mom,2018-02-01,14,-1.25
growth_mom,2018-03-01,14,-1.266
growth_mom,2018-04-01,14,-0.69
growth_mom,2018-05-01,14,0.993
growth_mom,2018-06-01,14,0.197
growth_mom,2018-07-01,14,0.196
growth_mom,2018-08-01,14,-0.098
growth_mom,2018-09-01,14,1.373
growth_mom,2018-10-01,14,-0.193
growth_mom,2018-11-01,14,-0.969
growth_mom,2018-12-01,14,0.783
growth_mom,2019-01-01,14,-0.291
growth_mom,2019-02-01,14,-0.097
growth_mom,2019-03-01,14,0.487
growth_mom,2019-04-01,14,-0.291
growth_mom,2019-05-01,14,0.389
growth_mom,2019-06-01,14,-0.484
growth_mom,2019-07-01,14,-0.292
growth_mom,2019-08-01,14,0.684
growth_mom,2019-09-01,14,0.097
growth_mom,2019-10-01,14,-0.388
growth_mom,2019-11-01,14,-0.097
growth_mom,2019-12-01,14,0.0
growth_mom,2020-01-01,14,-0.097
growth_mom,2020-02-01,14,0.682
growth_mom,2020-03-01,14,0.484
growth_mom,2020-04-01,14,-0.193
growth_mom,2020-05-01,14,0.386
growth_mom,2020-06-01,14,-1.154
growth_mom,2020-07-01,14,0.195
growth_mom,2020-08-01,14,-1.845
growth_mom,2020-09-01,14,-0.297
growth_mom,2020-10-01,14,0.397
growth_mom,2020-11-01,14,0.0
growth_mom,2020-12-01,14,0.791
growth_mom,2021-01-01,14,0.784
growth_mom,2021-02-01,14,-1.07
growth_mom,2021-03-01,14,-1.278
growth_mom,2021-04-01,14,-1.992
growth_mom,2021-05-01,14,0.305
growth_mom,2021-06-01,14,0.912
growth_mom,2021-07-01,14,-0.502
growth_mom,2021-08-01,14,0.807
growth_mom,2021-09-01,14,1.702
growth_mom,2021-10-01,14,-1.575
growth_mom,2021-11-01,14,1.1
growth_mom,2021-12-01,14,-1.088
growth_mom,2022-01-01,14,1.2
growth_mom,2022-02-01,14,0.198
growth_mom,2022-03-01,14,-0.394
growth_mom,2022-04-01,14,0.198
growth_mom,2022-05-01,14,0.296
growth_mom,2022-06-01,14,-1.182
growth_mom,2022-07-01,14,0.499
growth_mom,2022-08-01,14,0.099
growth_mom,2022-09-01,14,0.694
growth_mom,2022-10-01,14,-0.098
growth_mom,2022-11-01,14,-0.099
growth_mom,2022-12-01,14,0.986
growth_mom,2023-01-01,14,-0.391
growth_mom,2023-02-01,14,-1.569
growth_mom,2023-03-01,14,-1.394
growth_mom,2023-04-01,14,-1.111
growth_mom,2023-05-01,14,0.919
growth_mom,2023-06-01,14,2.834
growth_mom,2023-07-01,14,3.248
growth_mom,2023-08-01,14,2.097
growth_mom,2023-09-01,14,1.774
growth_mom,2023-10-01,14,0.642
growth_mom,2023-11-01,14,0.0
growth_mom,2023-12-01,14,-0.912
growth_mom,2024-01-01,14,0.092
growth_mom,2024-02-01,14,-0.184
growth_mom,2024-03-01,14,0.737
growth_mom,2024-04-01,14,-1.463
growth_mom,2024-05-01,14,1.299
growth_mom,2024-06-01,14,-1.557
growth_mom,2024-07-01,14,-1.488
growth_mom,2024-08-01,14,1.7
growth_mom,2024-09-01,14,1.3
growth_mom,2024-10-01,14,0.183
growth_mom,2024-11-01,14,0.274
growth_mom,2024-12-01,14,0.456
growth_mom,2025-01-01,14,-0.727
growth_mom,2025-02-01,14,-3.019
growth_mom,2025-03-01,14,1.038
growth_mom,2025-04-01,14,-0.373
growth_mom,2025-05-01,14,-0.187
growth_mom,2025-06-01,14,-1.408
growth_mom,2025-07-01,14,1.81
growth_mom,2025-08-01,14,-0.748
growth_mom,2025-09-01,14,1.037
growth_mom,2025-10-01,14,-0.466
growth_mom,2025-11-01,14,-0.094
growth_mom,2025-12-01,14,0.188
growth_mom,2026-01-01,14,-0.468
growth_mom,2026-02-01,14,0.376
growth_mom,2026-03-01,14,0.281
growth_mom,2026-04-01,14,-0.561
growth_mom,2026-05-01,14,-0.47
growth_mom,2026-06-01,14,0.283
growth_mom,2026-07-01,14,0.0
abs,2015-01-01,15,99.1
abs,2015-02-01,15,99.1
abs,2015-03-01,15,99.1
abs,2015-04-01,15,101.5
abs,2015-05-01,15,103.3
abs,2015-06-01,15,103.3
abs,2015-07-01,15,103.3
abs,2015-08-01,15,103.9
abs,2015-09-01,15,103.9
abs,2015-10-01,15,103.9
abs,2015-11-01,15,103.9
abs,2015-12-01,15,103.9
abs,2016-01-01,15,110.6
abs,2016-02-01,15,110.6
abs,2016-03-01,15,110.6
abs,2016-04-01,15,110.6
abs,2016-05-01,15,110.6
abs,2016-06-01,15,110.6
abs,2016-07-01,15,110.6
abs,2016-08-01,15,110.6
abs,2016-09-01,15,110.6
abs,2016-10-01,15,110.2
abs,2016-11-01,15,110.2
abs,2016-12-01,15,110.6
abs,2017-01-01,15,105.7
abs,2017-02-01,15,104.9
abs,2017-03-01,15,104.9
abs,2017-04-01,15,104.8
abs,2017-05-01,15,104.6
abs,2017-06-01,15,104.6
abs,2017-07-01,15,104.4
abs,2017-08-01,15,104.2
abs,2017-09-01,15,104.4
abs,2017-10-01,15,104.3
abs,2017-11-01,15,104.2
abs,2017-12-01,15,104.2
abs,2018-01-01,15,104.6
abs,2018-02-01,15,104.5
abs,2018-03-01,15,107.1
abs,2018-04-01,15,102.3
abs,2018-05-01,15,103.2
abs,2018-06-01,15,100.9
abs,2018-07-01,15,102.8
abs,2018-08-01,15,102.9
abs,2018-09-01,15,102.9
abs,2018-10-01,15,102.7
abs,2018-11-01,15,102.7
abs,2018-12-01,15,102.7
abs,2019-01-01,15,102.7
abs,2019-02-01,15,102.7
abs,2019-03-01,15,102.9
abs,2019-04-01,15,102.5
abs,2019-05-01,15,102.5
abs,2019-06-01,15,103.5
abs,2019-07-01,15,103.6
abs,2019-08-01,15,103.5
abs,2019-09-01,15,103.5
abs,2019-10-01,15,103.6
abs,2019-11-01,15,103.6
abs,2019-12-01,15,103.6
abs,2020-01-01,15,102.9
abs,2020-02-01,15,103.6
abs,2020-03-01,15,103.7
abs,2020-04-01,15,104.0
abs,2020-05-01,15,105.1
abs,2020-06-01,15,107.2
abs,2020-07-01,15,103.3
abs,2020-08-01,15,103.6
abs,2020-09-01,15,103.2
abs,2020-10-01,15,102.5
abs,2020-11-01,15,103.6
abs,2020-12-01,15,103.7
abs,2021-01-01,15,104.3
abs,2021-02-01,15,103.7
abs,2021-03-01,15,103.9
abs,2021-04-01,15,103.8
abs,2021-05-01,15,103.3
abs,2021-06-01,15,103.3
abs,2021-07-01,15,103.2
abs,2021-08-01,15,103.0
abs,2021-09-01,15,103.1
abs,2021-10-01,15,103.0
abs,2021-11-01,15,103.5
abs,2021-12-01,15,103.7
abs,2022-01-01,15,103.5
abs,2022-02-01,15,103.4
abs,2022-03-01,15,102.1
abs,2022-04-01,15,101.0
abs,2022-05-01,15,100.3
abs,2022-06-01,15,100.8
abs,2022-07-01,15,101.1
abs,2022-08-01,15,101.1
abs,2022-09-01,15,101.8
abs,2022-10-01,15,102.5
abs,2022-11-01,15,102.2
abs,2022-12-01,15,102.4
abs,2023-01-01,15,102.2
abs,2023-02-01,15,101.7
abs,2023-03-01,15,101.5
abs,2023-04-01,15,102.6
abs,2023-05-01,15,104.0
abs,2023-06-01,15,104.8
abs,2023-07-01,15,106.3
abs,2023-08-01,15,104.6
abs,2023-09-01,15,104.3
abs,2023-10-01,15,102.2
abs,2023-11-01,15,102.1
abs,2023-12-01,15,101.3
abs,2024-01-01,15,102.1
abs,2024-02-01,15,102.9
abs,2024-03-01,15,101.7
abs,2024-04-01,15,100.9
abs,2024-05-01,15,100.9
abs,2024-06-01,15,100.9
abs,2024-07-01,15,101.1
abs,2024-08-01,15,101.1
abs,2024-09-01,15,101.2
abs,2024-10-01,15,101.4
abs,2024-11-01,15,101.4
abs,2024-12-01,15,101.6
abs,2025-01-01,15,101.8
abs,2025-02-01,15,102.3
abs,2025-03-01,15,101.7
abs,2025-04-01,15,102.6
abs,2025-05-01,15,101.6
abs,2025-06-01,15,101.1
abs,2025-07-01,15,99.8
abs,2025-08-01,15,98.4
abs,2025-09-01,15,99.5
abs,2025-10-01,15,100.1
abs,2025-11-01,15,100.1
abs,2025-12-01,15,99.6
abs,2026-01-01,15,99.5
abs,2026-02-01,15,101.3
abs,2026-03-01,15,102.3
abs,2026-04-01,15,104.0
abs,2026-05-01,15,105.7
abs,2026-06-01,15,103.8
abs,2026-07-01,15,102.6
growth_yoy,2016-01-01,15,11.604
growth_yoy,2016-02-01,15,11.604
growth_yoy,2016-03-01,15,11.604
growth_yoy,2016-04-01,15,8.966
growth_yoy,2016-05-01,15,7.067
growth_yoy,2016-06-01,15,7.067
growth_yoy,2016-07-01,15,7.067
growth_yoy,2016-08-01,15,6.449
growth_yoy,2016-09-01,15,6.449
growth_yoy,2016-10-01,15,6.064
growth_yoy,2016-11-01,15,6.064
growth_yoy,2016-12-01,15,6.449
growth_yoy,2017-01-01,15,-4.43
growth_yoy,2017-02-01,15,-5.154
growth_yoy,2017-03-01,15,-5.154
growth_yoy,2017-04-01,15,-5.244
growth_yoy,2017-05-01,15,-5.425
growth_yoy,2017-06-01,15,-5.425
growth_yoy,2017-07-01,15,-5.606
growth_yoy,2017-08-01,15,-5.787
growth_yoy,2017-09-01,15,-5.606
growth_yoy,2017-10-01,15,-5.354
growth_yoy,2017-11-01,15,-5.445
growth_yoy,2017-12-01,15,-5.787
growth_yoy,2018-01-01,15,-1.041
growth_yoy,2018-02-01,15,-0.381
growth_yoy,2018-03-01,15,2.097
growth_yoy,2018-04-01,15,-2.385
growth_yoy,2018-05-01,15,-1.338
growth_yoy,2018-06-01,15,-3.537
growth_yoy,2018-07-01,15,-1.533
growth_yoy,2018-08-01,15,-1.248
growth_yoy,2018-09-01,15,-1.437
growth_yoy,2018-10-01,15,-1.534
growth_yoy,2018-11-01,15,-1.44
growth_yoy,2018-12-01,15,-1.44
growth_yoy,2019-01-01,15,-1.816
growth_yoy,2019-02-01,15,-1.722
growth_yoy,2019-03-01,15,-3.922
growth_yoy,2019-04-01,15,0.196
growth_yoy,2019-05-01,15,-0.678
growth_yoy,2019-06-01,15,2.577
growth_yoy,2019-07-01,15,0.778
growth_yoy,2019-08-01,15,0.583
growth_yoy,2019-09-01,15,0.583
growth_yoy,2019-10-01,15,0.876
growth_yoy,2019-11-01,15,0.876
growth_yoy,2019-12-01,15,0.876
growth_yoy,2020-01-01,15,0.195
growth_yoy,2020-02-01,15,0.876
growth_yoy,2020-03-01,15,0.777
growth_yoy,2020-04-01,15,1.463
growth_yoy,2020-05-01,15,2.537
growth_yoy,2020-06-01,15,3.575
growth_yoy,2020-07-01,15,-0.29
growth_yoy,2020-08-01,15,0.097
growth_yoy,2020-09-01,15,-0.29
growth_yoy,2020-10-01,15,-1.062
growth_yoy,2020-11-01,15,0.0
growth_yoy,2020-12-01,15,0.097
growth_yoy,2021-01-01,15,1.361
growth_yoy,2021-02-01,15,0.097
growth_yoy,2021-03-01,15,0.193
growth_yoy,2021-04-01,15,-0.192
growth_yoy,2021-05-01,15,-1.713
growth_yoy,2021-06-01,15,-3.638
growth_yoy,2021-07-01,15,-0.097
growth_yoy,2021-08-01,15,-0.579
growth_yoy,2021-09-01,15,-0.097
growth_yoy,2021-10-01,15,0.488
growth_yoy,2021-11-01,15,-0.097
growth_yoy,2021-12-01,15,0.0
growth_yoy,2022-01-01,15,-0.767
growth_yoy,2022-02-01,15,-0.289
growth_yoy,2022-03-01,15,-1.732
growth_yoy,2022-04-01,15,-2.697
growth_yoy,2022-05-01,15,-2.904
growth_yoy,2022-06-01,15,-2.42
growth_yoy,2022-07-01,15,-2.035
growth_yoy,2022-08-01,15,-1.845
growth_yoy,2022-09-01,15,-1.261
growth_yoy,2022-10-01,15,-0.485
growth_yoy,2022-11-01,15,-1.256
growth_yoy,2022-12-01,15,-1.254
growth_yoy,2023-01-01,15,-1.256
growth_yoy,2023-02-01,15,-1.644
growth_yoy,2023-03-01,15,-0.588
growth_yoy,2023-04-01,15,1.584
growth_yoy,2023-05-01,15,3.689
growth_yoy,2023-06-01,15,3.968
growth_yoy,2023-07-01,15,5.143
growth_yoy,2023-08-01,15,3.462
growth_yoy,2023-09-01,15,2.456
growth_yoy,2023-10-01,15,-0.293
growth_yoy,2023-11-01,15,-0.098
growth_yoy,2023-12-01,15,-1.074
growth_yoy,2024-01-01,15,-0.098
growth_yoy,2024-02-01,15,1.18
growth_yoy,2024-03-01,15,0.197
growth_yoy,2024-04-01,15,-1.657
growth_yoy,2024-05-01,15,-2.981
growth_yoy,2024-06-01,15,-3.721
growth_yoy,2024-07-01,15,-4.892
growth_yoy,2024-08-01,15,-3.346
growth_yoy,2024-09-01,15,-2.972
growth_yoy,2024-10-01,15,-0.783
growth_yoy,2024-11-01,15,-0.686
growth_yoy,2024-12-01,15,0.296
growth_yoy,2025-01-01,15,-0.294
growth_yoy,2025-02-01,15,-0.583
growth_yoy,2025-03-01,15,0.0
growth_yoy,2025-04-01,15,1.685
growth_yoy,2025-05-01,15,0.694
growth_yoy,2025-06-01,15,0.198
growth_yoy,2025-07-01,15,-1.286
growth_yoy,2025-08-01,15,-2.671
growth_yoy,2025-09-01,15,-1.68
growth_yoy,2025-10-01,15,-1.282
growth_yoy,2025-11-01,15,-1.282
growth_yoy,2025-12-01,15,-1.969
growth_yoy,2026-01-01,15,-2.259
growth_yoy,2026-02-01,15,-0.978
growth_yoy,2026-03-01,15,0.59
growth_yoy,2026-04-01,15,1.365
growth_yoy,2026-05-01,15,4.035
growth_yoy,2026-06-01,15,2.671
growth_yoy,2026-07-01,15,2.806
growth_mom,2015-02-01,15,0.0
growth_mom,2015-03-01,15,0.0
growth_mom,2015-04-01,15,2.422
growth_mom,2015-05-01,15,1.773
growth_mom,2015-06-01,15,0.0
growth_mom,2015-07-01,15,0.0
growth_mom,2015-08-01,15,0.581
growth_mom,2015-09-01,15,0.0
growth_mom,2015-10-01,15,0.0
growth_mom,2015-11-01,15,0.0
growth_mom,2015-12-01,15,0.0
growth_mom,2016-01-01,15,6.449
growth_mom,2016-02-01,15,0.0
growth_mom,2016-03-01,15,0.0
growth_mom,2016-04-01,15,0.0
growth_mom,2016-05-01,15,0.0
growth_mom,2016-06-01,15,0.0
growth_mom,2016-07-01,15,0.0
growth_mom,2016-08-01,15,0.0
growth_mom,2016-09-01,15,0.0
growth_mom,2016-10-01,15,-0.362
growth_mom,2016-11-01,15,0.0
growth_mom,2016-12-01,15,0.363
growth_mom,2017-01-01,15,-4.43
growth_mom,2017-02-01,15,-0.757
growth_mom,2017-03-01,15,0.0
growth_mom,2017-04-01,15,-0.095
growth_mom,2017-05-01,15,-0.191
growth_mom,2017-06-01,15,0.0
growth_mom,2017-07-01,15,-0.191
growth_mom,2017-08-01,15,-0.192
growth_mom,2017-09-01,15,0.192
growth_mom,2017-10-01,15,-0.096
growth_mom,2017-11-01,15,-0.096
growth_mom,2017-12-01,15,0.0
growth_mom,2018-01-01,15,0.384
growth_mom,2018-02-01,15,-0.096
growth_mom,2018-03-01,15,2.488
growth_mom,2018-04-01,15,-4.482
growth_mom,2018-05-01,15,0.88
growth_mom,2018-06-01,15,-2.229
growth_mom,2018-07-01,15,1.883
growth_mom,2018-08-01,15,0.097
growth_mom,2018-09-01,15,0.0
growth_mom,2018-10-01,15,-0.194
growth_mom,2018-11-01,15,0.0
growth_mom,2018-12-01,15,0.0
growth_mom,2019-01-01,15,0.0
growth_mom,2019-02-01,15,0.0
growth_mom,2019-03-01,15,0.195
growth_mom,2019-04-01,15,-0.389
growth_mom,2019-05-01,15,0.0
growth_mom,2019-06-01,15,0.976
growth_mom,2019-07-01,15,0.097
growth_mom,2019-08-01,15,-0.097
growth_mom,2019-09-01,15,0.0
growth_mom,2019-10-01,15,0.097
growth_mom,2019-11-01,15,0.0
growth_mom,2019-12-01,15,0.0
growth_mom,2020-01-01,15,-0.676
growth_mom,2020-02-01,15,0.68
growth_mom,2020-03-01,15,0.097
growth_mom,2020-04-01,15,0.289
growth_mom,2020-05-01,15,1.058
growth_mom,2020-06-01,15,1.998
growth_mom,2020-07-01,15,-3.638
growth_mom,2020-08-01,15,0.29
growth_mom,2020-09-01,15,-0.386
growth_mom,2020-10-01,15,-0.678
growth_mom,2020-11-01,15,1.073
growth_mom,2020-12-01,15,0.097
growth_mom,2021-01-01,15,0.579
growth_mom,2021-02-01,15,-0.575
growth_mom,2021-03-01,15,0.193
growth_mom,2021-04-01,15,-0.096
growth_mom,2021-05-01,15,-0.482
growth_mom,2021-06-01,15,0.0
growth_mom,2021-07-01,15,-0.097
growth_mom,2021-08-01,15,-0.194
growth_mom,2021-09-01,15,0.097
growth_mom,2021-10-01,15,-0.097
growth_mom,2021-11-01,15,0.485
growth_mom,2021-12-01,15,0.193
growth_mom,2022-01-01,15,-0.193
growth_mom,2022-02-01,15,-0.097
growth_mom,2022-03-01,15,-1.257
growth_mom,2022-04-01,15,-1.077
growth_mom,2022-05-01,15,-0.693
growth_mom,2022-06-01,15,0.499
growth_mom,2022-07-01,15,0.298
growth_mom,2022-08-01,15,0.0
growth_mom,2022-09-01,15,0.692
growth_mom,2022-10-01,15,0.688
growth_mom,2022-11-01,15,-0.293
growth_mom,2022-12-01,15,0.196
growth_mom,2023-01-01,15,-0.195
growth_mom,2023-02-01,15,-0.489
growth_mom,2023-03-01,15,-0.197
growth_mom,2023-04-01,15,1.084
growth_mom,2023-05-01,15,1.365
growth_mom,2023-06-01,15,0.769
growth_mom,2023-07-01,15,1.431
growth_mom,2023-08-01,15,-1.599
growth_mom,2023-09-01,15,-0.287
growth_mom,2023-10-01,15,-2.013
growth_mom,2023-11-01,15,-0.098
growth_mom,2023-12-01,15,-0.784
growth_mom,2024-01-01,15,0.79
growth_mom,2024-02-01,15,0.784
growth_mom,2024-03-01,15,-1.166
growth_mom,2024-04-01,15,-0.787
growth_mom,2024-05-01,15,0.0
growth_mom,2024-06-01,15,0.0
growth_mom,2024-07-01,15,0.198
growth_mom,2024-08-01,15,0.0
growth_mom,2024-09-01,15,0.099
growth_mom,2024-10-01,15,0.198
growth_mom,2024-11-01,15,0.0
growth_mom,2024-12-01,15,0.197
growth_mom,2025-01-01,15,0.197
growth_mom,2025-02-01,15,0.491
growth_mom,2025-03-01,15,-0.587
growth_mom,2025-04-01,15,0.885
growth_mom,2025-05-01,15,-0.975
growth_mom,2025-06-01,15,-0.492
growth_mom,2025-07-01,15,-1.286
growth_mom,2025-08-01,15,-1.403
growth_mom,2025-09-01,15,1.118
growth_mom,2025-10-01,15,0.603
growth_mom,2025-11-01,15,0.0
growth_mom,2025-12-01,15,-0.5
growth_mom,2026-01-01,15,-0.1
growth_mom,2026-02-01,15,1.809
growth_mom,2026-03-01,15,0.987
growth_mom,2026-04-01,15,1.662
growth_mom,2026-05-01,15,1.635
growth_mom,2026-06-01,15,-1.798
growth_mom,2026-07-01,15,-1.156
abs,2015-01-01,16,120.1
abs,2015-02-01,16,121.9
abs,2015-03-01,16,122.7
abs,2015-04-01,16,123.0
abs,2015-05-01,16,123.0
abs,2015-06-01,16,123.2
abs,2015-07-01,16,124.0
abs,2015-08-01,16,127.0
abs,2015-09-01,16,126.8
abs,2015-10-01,16,127.9
abs,2015-11-01,16,129.0
abs,2015-12-01,16,128.8
abs,2016-01-01,16,130.0
abs,2016-02-01,16,130.7
abs,2016-03-01,16,128.6
abs,2016-04-01,16,129.2
abs,2016-05-01,16,128.3
abs,2016-06-01,16,129.2
abs,2016-07-01,16,128.3
abs,2016-08-01,16,128.1
abs,2016-09-01,16,127.3
abs,2016-10-01,16,127.3
abs,2016-11-01,16,128.8
abs,2016-12-01,16,129.0
abs,2017-01-01,16,128.6
abs,2017-02-01,16,128.9
abs,2017-03-01,16,130.4
abs,2017-04-01,16,130.9
abs,2017-05-01,16,130.6
abs,2017-06-01,16,130.2
abs,2017-07-01,16,130.8
abs,2017-08-01,16,129.8
abs,2017-09-01,16,129.8
abs,2017-10-01,16,131.3
abs,2017-11-01,16,131.1
abs,2017-12-01,16,131.8
abs,2018-01-01,16,130.8
abs,2018-02-01,16,130.3
abs,2018-03-01,16,130.1
abs,2018-04-01,16,130.7
abs,2018-05-01,16,131.5
abs,2018-06-01,16,132.2
abs,2018-07-01,16,132.3
abs,2018-08-01,16,132.5
abs,2018-09-01,16,132.8
abs,2018-10-01,16,133.1
abs,2018-11-01,16,133.4
abs,2018-12-01,16,133.6
abs,2019-01-01,16,133.9
abs,2019-02-01,16,133.6
abs,2019-03-01,16,133.6
abs,2019-04-01,16,133.8
abs,2019-05-01,16,133.7
abs,2019-06-01,16,132.9
abs,2019-07-01,16,133.0
abs,2019-08-01,16,133.2
abs,2019-09-01,16,133.6
abs,2019-10-01,16,132.2
abs,2019-11-01,16,132.6
abs,2019-12-01,16,133.0
abs,2020-01-01,16,131.9
abs,2020-02-01,16,131.3
abs,2020-03-01,16,131.1
abs,2020-04-01,16,131.2
abs,2020-05-01,16,131.7
abs,2020-06-01,16,130.5
abs,2020-07-01,16,130.0
abs,2020-08-01,16,130.4
abs,2020-09-01,16,130.1
abs,2020-10-01,16,128.5
abs,2020-11-01,16,128.8
abs,2020-12-01,16,128.4
abs,2021-01-01,16,129.0
abs,2021-02-01,16,128.6
abs,2021-03-01,16,128.7
abs,2021-04-01,16,128.6
abs,2021-05-01,16,129.7
abs,2021-06-01,16,131.1
abs,2021-07-01,16,131.7
abs,2021-08-01,16,132.0
abs,2021-09-01,16,133.4
abs,2021-10-01,16,133.9
abs,2021-11-01,16,134.6
abs,2021-12-01,16,135.7
abs,2022-01-01,16,136.9
abs,2022-02-01,16,138.5
abs,2022-03-01,16,140.3
abs,2022-04-01,16,141.6
abs,2022-05-01,16,142.5
abs,2022-06-01,16,143.5
abs,2022-07-01,16,145.0
abs,2022-08-01,16,145.4
abs,2022-09-01,16,145.9
abs,2022-10-01,16,147.1
abs,2022-11-01,16,147.7
abs,2022-12-01,16,148.2
abs,2023-01-01,16,147.2
abs,2023-02-01,16,145.7
abs,2023-03-01,16,144.9
abs,2023-04-01,16,144.8
abs,2023-05-01,16,144.4
abs,2023-06-01,16,144.4
abs,2023-07-01,16,143.6
abs,2023-08-01,16,143.2
abs,2023-09-01,16,144.3
abs,2023-10-01,16,144.8
abs,2023-11-01,16,144.4
abs,2023-12-01,16,142.7
abs,2024-01-01,16,141.3
abs,2024-02-01,16,140.7
abs,2024-03-01,16,139.7
abs,2024-04-01,16,139.3
abs,2024-05-01,16,139.1
abs,2024-06-01,16,138.9
abs,2024-07-01,16,139.5
abs,2024-08-01,16,139.5
abs,2024-09-01,16,138.3
abs,2024-10-01,16,137.8
abs,2024-11-01,16,135.3
abs,2024-12-01,16,133.7
abs,2025-01-01,16,133.8
abs,2025-02-01,16,134.4
abs,2025-03-01,16,133.8
abs,2025-04-01,16,133.2
abs,2025-05-01,16,133.7
abs,2025-06-01,16,133.7
abs,2025-07-01,16,133.3
abs,2025-08-01,16,133.8
abs,2025-09-01,16,133.5
abs,2025-10-01,16,132.7
abs,2025-11-01,16,132.2
abs,2025-12-01,16,131.0
abs,2026-01-01,16,129.8
abs,2026-02-01,16,129.6
abs,2026-03-01,16,128.9
abs,2026-04-01,16,128.7
abs,2026-05-01,16,128.7
abs,2026-06-01,16,129.3
abs,2026-07-01,16,130.0
growth_yoy,2016-01-01,16,8.243
growth_yoy,2016-02-01,16,7.219
growth_yoy,2016-03-01,16,4.808
growth_yoy,2016-04-01,16,5.041
growth_yoy,2016-05-01,16,4.309
growth_yoy,2016-06-01,16,4.87
growth_yoy,2016-07-01,16,3.468
growth_yoy,2016-08-01,16,0.866
growth_yoy,2016-09-01,16,0.394
growth_yoy,2016-10-01,16,-0.469
growth_yoy,2016-11-01,16,-0.155
growth_yoy,2016-12-01,16,0.155
growth_yoy,2017-01-01,16,-1.077
growth_yoy,2017-02-01,16,-1.377
growth_yoy,2017-03-01,16,1.4
growth_yoy,2017-04-01,16,1.316
growth_yoy,2017-05-01,16,1.793
growth_yoy,2017-06-01,16,0.774
growth_yoy,2017-07-01,16,1.949
growth_yoy,2017-08-01,16,1.327
growth_yoy,2017-09-01,16,1.964
growth_yoy,2017-10-01,16,3.142
growth_yoy,2017-11-01,16,1.786
growth_yoy,2017-12-01,16,2.171
growth_yoy,2018-01-01,16,1.711
growth_yoy,2018-02-01,16,1.086
growth_yoy,2018-03-01,16,-0.23
growth_yoy,2018-04-01,16,-0.153
growth_yoy,2018-05-01,16,0.689
growth_yoy,2018-06-01,16,1.536
growth_yoy,2018-07-01,16,1.147
growth_yoy,2018-08-01,16,2.08
growth_yoy,2018-09-01,16,2.311
growth_yoy,2018-10-01,16,1.371
growth_yoy,2018-11-01,16,1.754
growth_yoy,2018-12-01,16,1.366
growth_yoy,2019-01-01,16,2.37
growth_yoy,2019-02-01,16,2.533
growth_yoy,2019-03-01,16,2.69
growth_yoy,2019-04-01,16,2.372
growth_yoy,2019-05-01,16,1.673
growth_yoy,2019-06-01,16,0.53
growth_yoy,2019-07-01,16,0.529
growth_yoy,2019-08-01,16,0.528
growth_yoy,2019-09-01,16,0.602
growth_yoy,2019-10-01,16,-0.676
growth_yoy,2019-11-01,16,-0.6
growth_yoy,2019-12-01,16,-0.449
growth_yoy,2020-01-01,16,-1.494
growth_yoy,2020-02-01,16,-1.722
growth_yoy,2020-03-01,16,-1.871
growth_yoy,2020-04-01,16,-1.943
growth_yoy,2020-05-01,16,-1.496
growth_yoy,2020-06-01,16,-1.806
growth_yoy,2020-07-01,16,-2.256
growth_yoy,2020-08-01,16,-2.102
growth_yoy,2020-09-01,16,-2.62
growth_yoy,2020-10-01,16,-2.799
growth_yoy,2020-11-01,16,-2.866
growth_yoy,2020-12-01,16,-3.459
growth_yoy,2021-01-01,16,-2.199
growth_yoy,2021-02-01,16,-2.056
growth_yoy,2021-03-01,16,-1.831
growth_yoy,2021-04-01,16,-1.982
growth_yoy,2021-05-01,16,-1.519
growth_yoy,2021-06-01,16,0.46
growth_yoy,2021-07-01,16,1.308
growth_yoy,2021-08-01,16,1.227
growth_yoy,2021-09-01,16,2.537
growth_yoy,2021-10-01,16,4.202
growth_yoy,2021-11-01,16,4.503
growth_yoy,2021-12-01,16,5.685
growth_yoy,2022-01-01,16,6.124
growth_yoy,2022-02-01,16,7.698
growth_yoy,2022-03-01,16,9.013
growth_yoy,2022-04-01,16,10.109
growth_yoy,2022-05-01,16,9.869
growth_yoy,2022-06-01,16,9.458
growth_yoy,2022-07-01,16,10.099
growth_yoy,2022-08-01,16,10.152
growth_yoy,2022-09-01,16,9.37
growth_yoy,2022-10-01,16,9.858
growth_yoy,2022-11-01,16,9.733
growth_yoy,2022-12-01,16,9.211
growth_yoy,2023-01-01,16,7.524
growth_yoy,2023-02-01,16,5.199
growth_yoy,2023-03-01,16,3.279
growth_yoy,2023-04-01,16,2.26
growth_yoy,2023-05-01,16,1.333
growth_yoy,2023-06-01,16,0.627
growth_yoy,2023-07-01,16,-0.966
growth_yoy,2023-08-01,16,-1.513
growth_yoy,2023-09-01,16,-1.097
growth_yoy,2023-10-01,16,-1.564
growth_yoy,2023-11-01,16,-2.234
growth_yoy,2023-12-01,16,-3.711
growth_yoy,2024-01-01,16,-4.008
growth_yoy,2024-02-01,16,-3.432
growth_yoy,2024-03-01,16,-3.589
growth_yoy,2024-04-01,16,-3.798
growth_yoy,2024-05-01,16,-3.67
growth_yoy,2024-06-01,16,-3.809
growth_yoy,2024-07-01,16,-2.855
growth_yoy,2024-08-01,16,-2.584
growth_yoy,2024-09-01,16,-4.158
growth_yoy,2024-10-01,16,-4.834
growth_yoy,2024-11-01,16,-6.302
growth_yoy,2024-12-01,16,-6.307
growth_yoy,2025-01-01,16,-5.308
growth_yoy,2025-02-01,16,-4.478
growth_yoy,2025-03-01,16,-4.223
growth_yoy,2025-04-01,16,-4.379
growth_yoy,2025-05-01,16,-3.882
growth_yoy,2025-06-01,16,-3.744
growth_yoy,2025-07-01,16,-4.444
growth_yoy,2025-08-01,16,-4.086
growth_yoy,2025-09-01,16,-3.471
growth_yoy,2025-10-01,16,-3.701
growth_yoy,2025-11-01,16,-2.291
growth_yoy,2025-12-01,16,-2.019
growth_yoy,2026-01-01,16,-2.99
growth_yoy,2026-02-01,16,-3.571
growth_yoy,2026-03-01,16,-3.662
growth_yoy,2026-04-01,16,-3.378
growth_yoy,2026-05-01,16,-3.74
growth_yoy,2026-06-01,16,-3.291
growth_yoy,2026-07-01,16,-2.476
growth_mom,2015-02-01,16,1.499
growth_mom,2015-03-01,16,0.656
growth_mom,2015-04-01,16,0.244
growth_mom,2015-05-01,16,0.0
growth_mom,2015-06-01,16,0.163
growth_mom,2015-07-01,16,0.649
growth_mom,2015-08-01,16,2.419
growth_mom,2015-09-01,16,-0.157
growth_mom,2015-10-01,16,0.868
growth_mom,2015-11-01,16,0.86
growth_mom,2015-12-01,16,-0.155
growth_mom,2016-01-01,16,0.932
growth_mom,2016-02-01,16,0.538
growth_mom,2016-03-01,16,-1.607
growth_mom,2016-04-01,16,0.467
growth_mom,2016-05-01,16,-0.697
growth_mom,2016-06-01,16,0.701
growth_mom,2016-07-01,16,-0.697
growth_mom,2016-08-01,16,-0.156
growth_mom,2016-09-01,16,-0.625
growth_mom,2016-10-01,16,0.0
growth_mom,2016-11-01,16,1.178
growth_mom,2016-12-01,16,0.155
growth_mom,2017-01-01,16,-0.31
growth_mom,2017-02-01,16,0.233
growth_mom,2017-03-01,16,1.164
growth_mom,2017-04-01,16,0.383
growth_mom,2017-05-01,16,-0.229
growth_mom,2017-06-01,16,-0.306
growth_mom,2017-07-01,16,0.461
growth_mom,2017-08-01,16,-0.765
growth_mom,2017-09-01,16,0.0
growth_mom,2017-10-01,16,1.156
growth_mom,2017-11-01,16,-0.152
growth_mom,2017-12-01,16,0.534
growth_mom,2018-01-01,16,-0.759
growth_mom,2018-02-01,16,-0.382
growth_mom,2018-03-01,16,-0.153
growth_mom,2018-04-01,16,0.461
growth_mom,2018-05-01,16,0.612
growth_mom,2018-06-01,16,0.532
growth_mom,2018-07-01,16,0.076
growth_mom,2018-08-01,16,0.151
growth_mom,2018-09-01,16,0.226
growth_mom,2018-10-01,16,0.226
growth_mom,2018-11-01,16,0.225
growth_mom,2018-12-01,16,0.15
growth_mom,2019-01-01,16,0.225
growth_mom,2019-02-01,16,-0.224
growth_mom,2019-03-01,16,0.0
growth_mom,2019-04-01,16,0.15
growth_mom,2019-05-01,16,-0.075
growth_mom,2019-06-01,16,-0.598
growth_mom,2019-07-01,16,0.075
growth_mom,2019-08-01,16,0.15
growth_mom,2019-09-01,16,0.3
growth_mom,2019-10-01,16,-1.048
growth_mom,2019-11-01,16,0.303
growth_mom,2019-12-01,16,0.302
growth_mom,2020-01-01,16,-0.827
growth_mom,2020-02-01,16,-0.455
growth_mom,2020-03-01,16,-0.152
growth_mom,2020-04-01,16,0.076
growth_mom,2020-05-01,16,0.381
growth_mom,2020-06-01,16,-0.911
growth_mom,2020-07-01,16,-0.383
growth_mom,2020-08-01,16,0.308
growth_mom,2020-09-01,16,-0.23
growth_mom,2020-10-01,16,-1.23
growth_mom,2020-11-01,16,0.233
growth_mom,2020-12-01,16,-0.311
growth_mom,2021-01-01,16,0.467
growth_mom,2021-02-01,16,-0.31
growth_mom,2021-03-01,16,0.078
growth_mom,2021-04-01,16,-0.078
growth_mom,2021-05-01,16,0.855
growth_mom,2021-06-01,16,1.079
growth_mom,2021-07-01,16,0.458
growth_mom,2021-08-01,16,0.228
growth_mom,2021-09-01,16,1.061
growth_mom,2021-10-01,16,0.375
growth_mom,2021-11-01,16,0.523
growth_mom,2021-12-01,16,0.817
growth_mom,2022-01-01,16,0.884
growth_mom,2022-02-01,16,1.169
growth_mom,2022-03-01,16,1.3
growth_mom,2022-04-01,16,0.927
growth_mom,2022-05-01,16,0.636
growth_mom,2022-06-01,16,0.702
growth_mom,2022-07-01,16,1.045
growth_mom,2022-08-01,16,0.276
growth_mom,2022-09-01,16,0.344
growth_mom,2022-10-01,16,0.822
growth_mom,2022-11-01,16,0.408
growth_mom,2022-12-01,16,0.339
growth_mom,2023-01-01,16,-0.675
growth_mom,2023-02-01,16,-1.019
growth_mom,2023-03-01,16,-0.549
growth_mom,2023-04-01,16,-0.069
growth_mom,2023-05-01,16,-0.276
growth_mom,2023-06-01,16,0.0
growth_mom,2023-07-01,16,-0.554
growth_mom,2023-08-01,16,-0.279
growth_mom,2023-09-01,16,0.768
growth_mom,2023-10-01,16,0.347
growth_mom,2023-11-01,16,-0.276
growth_mom,2023-12-01,16,-1.177
growth_mom,2024-01-01,16,-0.981
growth_mom,2024-02-01,16,-0.425
growth_mom,2024-03-01,16,-0.711
growth_mom,2024-04-01,16,-0.286
growth_mom,2024-05-01,16,-0.144
growth_mom,2024-06-01,16,-0.144
growth_mom,2024-07-01,16,0.432
growth_mom,2024-08-01,16,0.0
growth_mom,2024-09-01,16,-0.86
growth_mom,2024-10-01,16,-0.362
growth_mom,2024-11-01,16,-1.814
growth_mom,2024-12-01,16,-1.183
growth_mom,2025-01-01,16,0.075
growth_mom,2025-02-01,16,0.448
growth_mom,2025-03-01,16,-0.446
growth_mom,2025-04-01,16,-0.448
growth_mom,2025-05-01,16,0.375
growth_mom,2025-06-01,16,0.0
growth_mom,2025-07-01,16,-0.299
growth_mom,2025-08-01,16,0.375
growth_mom,2025-09-01,16,-0.224
growth_mom,2025-10-01,16,-0.599
growth_mom,2025-11-01,16,-0.377
growth_mom,2025-12-01,16,-0.908
growth_mom,2026-01-01,16,-0.916
growth_mom,2026-02-01,16,-0.154
growth_mom,2026-03-01,16,-0.54
growth_mom,2026-04-01,16,-0.155
growth_mom,2026-05-01,16,0.0
growth_mom,2026-06-01,16,0.466
growth_mom,2026-07-01,16,0.541
abs,2015-01-01,17,102.6
abs,2015-02-01,17,102.1
abs,2015-03-01,17,103.1
abs,2015-04-01,17,102.7
abs,2015-05-01,17,102.9
abs,2015-06-01,17,103.2
abs,2015-07-01,17,103.0
abs,2015-08-01,17,103.3
abs,2015-09-01,17,103.5
abs,2015-10-01,17,103.9
abs,2015-11-01,17,104.5
abs,2015-12-01,17,104.8
abs,2016-01-01,17,105.3
abs,2016-02-01,17,106.2
abs,2016-03-01,17,107.0
abs,2016-04-01,17,107.2
abs,2016-05-01,17,107.2
abs,2016-06-01,17,107.4
abs,2016-07-01,17,106.7
abs,2016-08-01,17,106.7
abs,2016-09-01,17,106.8
abs,2016-10-01,17,106.8
abs,2016-11-01,17,107.1
abs,2016-12-01,17,107.0
abs,2017-01-01,17,108.4
abs,2017-02-01,17,109.9
abs,2017-03-01,17,111.0
abs,2017-04-01,17,111.5
abs,2017-05-01,17,112.1
abs,2017-06-01,17,113.0
abs,2017-07-01,17,114.6
abs,2017-08-01,17,114.7
abs,2017-09-01,17,115.0
abs,2017-10-01,17,114.9
abs,2017-11-01,17,115.3
abs,2017-12-01,17,115.3
abs,2018-01-01,17,114.0
abs,2018-02-01,17,114.6
abs,2018-03-01,17,114.1
abs,2018-04-01,17,114.6
abs,2018-05-01,17,114.3
abs,2018-06-01,17,114.5
abs,2018-07-01,17,114.3
abs,2018-08-01,17,113.9
abs,2018-09-01,17,113.7
abs,2018-10-01,17,113.8
abs,2018-11-01,17,113.5
abs,2018-12-01,17,113.9
abs,2019-01-01,17,115.1
abs,2019-02-01,17,114.0
abs,2019-03-01,17,114.1
abs,2019-04-01,17,114.0
abs,2019-05-01,17,114.0
abs,2019-06-01,17,113.8
abs,2019-07-01,17,113.6
abs,2019-08-01,17,113.4
abs,2019-09-01,17,113.3
abs,2019-10-01,17,113.3
abs,2019-11-01,17,113.0
abs,2019-12-01,17,112.4
abs,2020-01-01,17,112.6
abs,2020-02-01,17,112.4
abs,2020-03-01,17,112.2
abs,2020-04-01,17,112.1
abs,2020-05-01,17,111.9
abs,2020-06-01,17,111.9
abs,2020-07-01,17,112.0
abs,2020-08-01,17,111.2
abs,2020-09-01,17,111.4
abs,2020-10-01,17,111.2
abs,2020-11-01,17,111.4
abs,2020-12-01,17,111.4
abs,2021-01-01,17,111.7
abs,2021-02-01,17,113.2
abs,2021-03-01,17,113.7
abs,2021-04-01,17,115.0
abs,2021-05-01,17,115.4
abs,2021-06-01,17,116.1
abs,2021-07-01,17,116.2
abs,2021-08-01,17,116.3
abs,2021-09-01,17,117.0
abs,2021-10-01,17,117.6
abs,2021-11-01,17,116.9
abs,2021-12-01,17,117.0
abs,2022-01-01,17,116.8
abs,2022-02-01,17,118.2
abs,2022-03-01,17,119.5
abs,2022-04-01,17,120.8
abs,2022-05-01,17,122.0
abs,2022-06-01,17,122.5
abs,2022-07-01,17,124.0
abs,2022-08-01,17,126.0
abs,2022-09-01,17,126.1
abs,2022-10-01,17,125.8
abs,2022-11-01,17,125.5
abs,2022-12-01,17,124.6
abs,2023-01-01,17,124.4
abs,2023-02-01,17,124.0
abs,2023-03-01,17,123.4
abs,2023-04-01,17,124.4
abs,2023-05-01,17,123.0
abs,2023-06-01,17,122.3
abs,2023-07-01,17,121.7
abs,2023-08-01,17,120.3
abs,2023-09-01,17,119.6
abs,2023-10-01,17,118.6
abs,2023-11-01,17,118.4
abs,2023-12-01,17,117.9
abs,2024-01-01,17,117.0
abs,2024-02-01,17,116.4
abs,2024-03-01,17,115.3
abs,2024-04-01,17,115.8
abs,2024-05-01,17,115.8
abs,2024-06-01,17,116.0
abs,2024-07-01,17,114.9
abs,2024-08-01,17,115.3
abs,2024-09-01,17,114.6
abs,2024-10-01,17,114.0
abs,2024-11-01,17,113.1
abs,2024-12-01,17,113.0
abs,2025-01-01,17,112.7
abs,2025-02-01,17,113.2
abs,2025-03-01,17,112.2
abs,2025-04-01,17,112.0
abs,2025-05-01,17,111.8
abs,2025-06-01,17,112.4
abs,2025-07-01,17,112.7
abs,2025-08-01,17,112.7
abs,2025-09-01,17,112.6
abs,2025-10-01,17,113.1
abs,2025-11-01,17,114.2
abs,2025-12-01,17,114.7
abs,2026-01-01,17,114.6
abs,2026-02-01,17,114.4
abs,2026-03-01,17,115.4
abs,2026-04-01,17,115.0
abs,2026-05-01,17,115.5
abs,2026-06-01,17,115.3
abs,2026-07-01,17,115.2
growth_yoy,2016-01-01,17,2.632
growth_yoy,2016-02-01,17,4.016
growth_yoy,2016-03-01,17,3.783
growth_yoy,2016-04-01,17,4.382
growth_yoy,2016-05-01,17,4.179
growth_yoy,2016-06-01,17,4.07
growth_yoy,2016-07-01,17,3.592
growth_yoy,2016-08-01,17,3.291
growth_yoy,2016-09-01,17,3.188
growth_yoy,2016-10-01,17,2.791
growth_yoy,2016-11-01,17,2.488
growth_yoy,2016-12-01,17,2.099
growth_yoy,2017-01-01,17,2.944
growth_yoy,2017-02-01,17,3.484
growth_yoy,2017-03-01,17,3.738
growth_yoy,2017-04-01,17,4.011
growth_yoy,2017-05-01,17,4.571
growth_yoy,2017-06-01,17,5.214
growth_yoy,2017-07-01,17,7.404
growth_yoy,2017-08-01,17,7.498
growth_yoy,2017-09-01,17,7.678
growth_yoy,2017-10-01,17,7.584
growth_yoy,2017-11-01,17,7.656
growth_yoy,2017-12-01,17,7.757
growth_yoy,2018-01-01,17,5.166
growth_yoy,2018-02-01,17,4.277
growth_yoy,2018-03-01,17,2.793
growth_yoy,2018-04-01,17,2.78
growth_yoy,2018-05-01,17,1.963
growth_yoy,2018-06-01,17,1.327
growth_yoy,2018-07-01,17,-0.262
growth_yoy,2018-08-01,17,-0.697
growth_yoy,2018-09-01,17,-1.13
growth_yoy,2018-10-01,17,-0.957
growth_yoy,2018-11-01,17,-1.561
growth_yoy,2018-12-01,17,-1.214
growth_yoy,2019-01-01,17,0.965
growth_yoy,2019-02-01,17,-0.524
growth_yoy,2019-03-01,17,0.0
growth_yoy,2019-04-01,17,-0.524
growth_yoy,2019-05-01,17,-0.262
growth_yoy,2019-06-01,17,-0.611
growth_yoy,2019-07-01,17,-0.612
growth_yoy,2019-08-01,17,-0.439
growth_yoy,2019-09-01,17,-0.352
growth_yoy,2019-10-01,17,-0.439
growth_yoy,2019-11-01,17,-0.441
growth_yoy,2019-12-01,17,-1.317
growth_yoy,2020-01-01,17,-2.172
growth_yoy,2020-02-01,17,-1.404
growth_yoy,2020-03-01,17,-1.665
growth_yoy,2020-04-01,17,-1.667
growth_yoy,2020-05-01,17,-1.842
growth_yoy,2020-06-01,17,-1.67
growth_yoy,2020-07-01,17,-1.408
growth_yoy,2020-08-01,17,-1.94
growth_yoy,2020-09-01,17,-1.677
growth_yoy,2020-10-01,17,-1.853
growth_yoy,2020-11-01,17,-1.416
growth_yoy,2020-12-01,17,-0.89
growth_yoy,2021-01-01,17,-0.799
growth_yoy,2021-02-01,17,0.712
growth_yoy,2021-03-01,17,1.337
growth_yoy,2021-04-01,17,2.587
growth_yoy,2021-05-01,17,3.128
growth_yoy,2021-06-01,17,3.753
growth_yoy,2021-07-01,17,3.75
growth_yoy,2021-08-01,17,4.586
growth_yoy,2021-09-01,17,5.027
growth_yoy,2021-10-01,17,5.755
growth_yoy,2021-11-01,17,4.937
growth_yoy,2021-12-01,17,5.027
growth_yoy,2022-01-01,17,4.566
growth_yoy,2022-02-01,17,4.417
growth_yoy,2022-03-01,17,5.101
growth_yoy,2022-04-01,17,5.043
growth_yoy,2022-05-01,17,5.719
growth_yoy,2022-06-01,17,5.512
growth_yoy,2022-07-01,17,6.713
growth_yoy,2022-08-01,17,8.34
growth_yoy,2022-09-01,17,7.778
growth_yoy,2022-10-01,17,6.973
growth_yoy,2022-11-01,17,7.357
growth_yoy,2022-12-01,17,6.496
growth_yoy,2023-01-01,17,6.507
growth_yoy,2023-02-01,17,4.907
growth_yoy,2023-03-01,17,3.264
growth_yoy,2023-04-01,17,2.98
growth_yoy,2023-05-01,17,0.82
growth_yoy,2023-06-01,17,-0.163
growth_yoy,2023-07-01,17,-1.855
growth_yoy,2023-08-01,17,-4.524
growth_yoy,2023-09-01,17,-5.155
growth_yoy,2023-10-01,17,-5.723
growth_yoy,2023-11-01,17,-5.657
growth_yoy,2023-12-01,17,-5.377
growth_yoy,2024-01-01,17,-5.949
growth_yoy,2024-02-01,17,-6.129
growth_yoy,2024-03-01,17,-6.564
growth_yoy,2024-04-01,17,-6.913
growth_yoy,2024-05-01,17,-5.854
growth_yoy,2024-06-01,17,-5.151
growth_yoy,2024-07-01,17,-5.588
growth_yoy,2024-08-01,17,-4.156
growth_yoy,2024-09-01,17,-4.181
growth_yoy,2024-10-01,17,-3.879
growth_yoy,2024-11-01,17,-4.476
growth_yoy,2024-12-01,17,-4.156
growth_yoy,2025-01-01,17,-3.675
growth_yoy,2025-02-01,17,-2.749
growth_yoy,2025-03-01,17,-2.689
growth_yoy,2025-04-01,17,-3.282
growth_yoy,2025-05-01,17,-3.454
growth_yoy,2025-06-01,17,-3.103
growth_yoy,2025-07-01,17,-1.915
growth_yoy,2025-08-01,17,-2.255
growth_yoy,2025-09-01,17,-1.745
growth_yoy,2025-10-01,17,-0.789
growth_yoy,2025-11-01,17,0.973
growth_yoy,2025-12-01,17,1.504
growth_yoy,2026-01-01,17,1.686
growth_yoy,2026-02-01,17,1.06
growth_yoy,2026-03-01,17,2.852
growth_yoy,2026-04-01,17,2.679
growth_yoy,2026-05-01,17,3.309
growth_yoy,2026-06-01,17,2.58
growth_yoy,2026-07-01,17,2.218
growth_mom,2015-02-01,17,-0.487
growth_mom,2015-03-01,17,0.979
growth_mom,2015-04-01,17,-0.388
growth_mom,2015-05-01,17,0.195
growth_mom,2015-06-01,17,0.292
growth_mom,2015-07-01,17,-0.194
growth_mom,2015-08-01,17,0.291
growth_mom,2015-09-01,17,0.194
growth_mom,2015-10-01,17,0.386
growth_mom,2015-11-01,17,0.577
growth_mom,2015-12-01,17,0.287
growth_mom,2016-01-01,17,0.477
growth_mom,2016-02-01,17,0.855
growth_mom,2016-03-01,17,0.753
growth_mom,2016-04-01,17,0.187
growth_mom,2016-05-01,17,0.0
growth_mom,2016-06-01,17,0.187
growth_mom,2016-07-01,17,-0.652
growth_mom,2016-08-01,17,0.0
growth_mom,2016-09-01,17,0.094
growth_mom,2016-10-01,17,0.0
growth_mom,2016-11-01,17,0.281
growth_mom,2016-12-01,17,-0.093
growth_mom,2017-01-01,17,1.308
growth_mom,2017-02-01,17,1.384
growth_mom,2017-03-01,17,1.001
growth_mom,2017-04-01,17,0.45
growth_mom,2017-05-01,17,0.538
growth_mom,2017-06-01,17,0.803
growth_mom,2017-07-01,17,1.416
growth_mom,2017-08-01,17,0.087
growth_mom,2017-09-01,17,0.262
growth_mom,2017-10-01,17,-0.087
growth_mom,2017-11-01,17,0.348
growth_mom,2017-12-01,17,0.0
growth_mom,2018-01-01,17,-1.127
growth_mom,2018-02-01,17,0.526
growth_mom,2018-03-01,17,-0.436
growth_mom,2018-04-01,17,0.438
growth_mom,2018-05-01,17,-0.262
growth_mom,2018-06-01,17,0.175
growth_mom,2018-07-01,17,-0.175
growth_mom,2018-08-01,17,-0.35
growth_mom,2018-09-01,17,-0.176
growth_mom,2018-10-01,17,0.088
growth_mom,2018-11-01,17,-0.264
growth_mom,2018-12-01,17,0.352
growth_mom,2019-01-01,17,1.054
growth_mom,2019-02-01,17,-0.956
growth_mom,2019-03-01,17,0.088
growth_mom,2019-04-01,17,-0.088
growth_mom,2019-05-01,17,0.0
growth_mom,2019-06-01,17,-0.175
growth_mom,2019-07-01,17,-0.176
growth_mom,2019-08-01,17,-0.176
growth_mom,2019-09-01,17,-0.088
growth_mom,2019-10-01,17,0.0
growth_mom,2019-11-01,17,-0.265
growth_mom,2019-12-01,17,-0.531
growth_mom,2020-01-01,17,0.178
growth_mom,2020-02-01,17,-0.178
growth_mom,2020-03-01,17,-0.178
growth_mom,2020-04-01,17,-0.089
growth_mom,2020-05-01,17,-0.178
growth_mom,2020-06-01,17,0.0
growth_mom,2020-07-01,17,0.089
growth_mom,2020-08-01,17,-0.714
growth_mom,2020-09-01,17,0.18
growth_mom,2020-10-01,17,-0.18
growth_mom,2020-11-01,17,0.18
growth_mom,2020-12-01,17,0.0
growth_mom,2021-01-01,17,0.269
growth_mom,2021-02-01,17,1.343
growth_mom,2021-03-01,17,0.442
growth_mom,2021-04-01,17,1.143
growth_mom,2021-05-01,17,0.348
growth_mom,2021-06-01,17,0.607
growth_mom,2021-07-01,17,0.086
growth_mom,2021-08-01,17,0.086
growth_mom,2021-09-01,17,0.602
growth_mom,2021-10-01,17,0.513
growth_mom,2021-11-01,17,-0.595
growth_mom,2021-12-01,17,0.086
growth_mom,2022-01-01,17,-0.171
growth_mom,2022-02-01,17,1.199
growth_mom,2022-03-01,17,1.1
growth_mom,2022-04-01,17,1.088
growth_mom,2022-05-01,17,0.993
growth_mom,2022-06-01,17,0.41
growth_mom,2022-07-01,17,1.224
growth_mom,2022-08-01,17,1.613
growth_mom,2022-09-01,17,0.079
growth_mom,2022-10-01,17,-0.238
growth_mom,2022-11-01,17,-0.238
growth_mom,2022-12-01,17,-0.717
growth_mom,2023-01-01,17,-0.161
growth_mom,2023-02-01,17,-0.322
growth_mom,2023-03-01,17,-0.484
growth_mom,2023-04-01,17,0.81
growth_mom,2023-05-01,17,-1.125
growth_mom,2023-06-01,17,-0.569
growth_mom,2023-07-01,17,-0.491
growth_mom,2023-08-01,17,-1.15
growth_mom,2023-09-01,17,-0.582
growth_mom,2023-10-01,17,-0.836
growth_mom,2023-11-01,17,-0.169
growth_mom,2023-12-01,17,-0.422
growth_mom,2024-01-01,17,-0.763
growth_mom,2024-02-01,17,-0.513
growth_mom,2024-03-01,17,-0.945
growth_mom,2024-04-01,17,0.434
growth_mom,2024-05-01,17,0.0
growth_mom,2024-06-01,17,0.173
growth_mom,2024-07-01,17,-0.948
growth_mom,2024-08-01,17,0.348
growth_mom,2024-09-01,17,-0.607
growth_mom,2024-10-01,17,-0.524
growth_mom,2024-11-01,17,-0.789
growth_mom,2024-12-01,17,-0.088
growth_mom,2025-01-01,17,-0.265
growth_mom,2025-02-01,17,0.444
growth_mom,2025-03-01,17,-0.883
growth_mom,2025-04-01,17,-0.178
growth_mom,2025-05-01,17,-0.179
growth_mom,2025-06-01,17,0.537
growth_mom,2025-07-01,17,0.267
growth_mom,2025-08-01,17,0.0
growth_mom,2025-09-01,17,-0.089
growth_mom,2025-10-01,17,0.444
growth_mom,2025-11-01,17,0.973
growth_mom,2025-12-01,17,0.438
growth_mom,2026-01-01,17,-0.087
growth_mom,2026-02-01,17,-0.175
growth_mom,2026-03-01,17,0.874
growth_mom,2026-04-01,17,-0.347
growth_mom,2026-05-01,17,0.435
growth_mom,2026-06-01,17,-0.173
growth_mom,2026-07-01,17,-0.087
abs,2015-01-01,18,102.1
abs,2015-02-01,18,102.1
abs,2015-03-01,18,102.1
abs,2015-04-01,18,102.1
abs,2015-05-01,18,102.1
abs,2015-06-01,18,102.1
abs,2015-07-01,18,102.1
abs,2015-08-01,18,102.1
abs,2015-09-01,18,102.1
abs,2015-10-01,18,102.1
abs,2015-11-01,18,102.1
abs,2015-12-01,18,102.1
abs,2016-01-01,18,102.1
abs,2016-02-01,18,102.1
abs,2016-03-01,18,102.1
abs,2016-04-01,18,102.1
abs,2016-05-01,18,102.1
abs,2016-06-01,18,102.1
abs,2016-07-01,18,102.1
abs,2016-08-01,18,102.1
abs,2016-09-01,18,102.1
abs,2016-10-01,18,102.1
abs,2016-11-01,18,102.1
abs,2016-12-01,18,102.1
abs,2017-01-01,18,102.5
abs,2017-02-01,18,102.5
abs,2017-03-01,18,102.5
abs,2017-04-01,18,102.5
abs,2017-05-01,18,102.5
abs,2017-06-01,18,102.5
abs,2017-07-01,18,102.5
abs,2017-08-01,18,102.5
abs,2017-09-01,18,102.5
abs,2017-10-01,18,102.5
abs,2017-11-01,18,102.5
abs,2017-12-01,18,102.5
abs,2018-01-01,18,99.7
abs,2018-02-01,18,99.0
abs,2018-03-01,18,97.5
abs,2018-04-01,18,99.1
abs,2018-05-01,18,97.5
abs,2018-06-01,18,98.0
abs,2018-07-01,18,98.7
abs,2018-08-01,18,98.6
abs,2018-09-01,18,98.9
abs,2018-10-01,18,98.2
abs,2018-11-01,18,98.6
abs,2018-12-01,18,98.9
abs,2019-01-01,18,99.1
abs,2019-02-01,18,99.4
abs,2019-03-01,18,99.0
abs,2019-04-01,18,99.2
abs,2019-05-01,18,99.3
abs,2019-06-01,18,99.2
abs,2019-07-01,18,99.0
abs,2019-08-01,18,99.4
abs,2019-09-01,18,99.4
abs,2019-10-01,18,99.3
abs,2019-11-01,18,99.4
abs,2019-12-01,18,99.3
abs,2020-01-01,18,101.4
abs,2020-02-01,18,98.8
abs,2020-03-01,18,99.9
abs,2020-04-01,18,99.9
abs,2020-05-01,18,98.7
abs,2020-06-01,18,99.7
abs,2020-07-01,18,99.2
abs,2020-08-01,18,96.6
abs,2020-09-01,18,95.8
abs,2020-10-01,18,96.5
abs,2020-11-01,18,95.6
abs,2020-12-01,18,95.1
abs,2021-01-01,18,95.6
abs,2021-02-01,18,96.4
abs,2021-03-01,18,96.2
abs,2021-04-01,18,95.9
abs,2021-05-01,18,96.6
abs,2021-06-01,18,96.0
abs,2021-07-01,18,97.2
abs,2021-08-01,18,97.0
abs,2021-09-01,18,97.4
abs,2021-10-01,18,96.0
abs,2021-11-01,18,96.8
abs,2021-12-01,18,95.4
abs,2022-01-01,18,94.2
abs,2022-02-01,18,94.9
abs,2022-03-01,18,95.4
abs,2022-04-01,18,95.9
abs,2022-05-01,18,95.9
abs,2022-06-01,18,95.8
abs,2022-07-01,18,96.3
abs,2022-08-01,18,97.2
abs,2022-09-01,18,96.2
abs,2022-10-01,18,97.5
abs,2022-11-01,18,97.7
abs,2022-12-01,18,98.2
abs,2023-01-01,18,98.2
abs,2023-02-01,18,97.8
abs,2023-03-01,18,96.4
abs,2023-04-01,18,95.5
abs,2023-05-01,18,95.2
abs,2023-06-01,18,93.9
abs,2023-07-01,18,93.3
abs,2023-08-01,18,93.7
abs,2023-09-01,18,94.3
abs,2023-10-01,18,94.8
abs,2023-11-01,18,95.3
abs,2023-12-01,18,94.1
abs,2024-01-01,18,94.6
abs,2024-02-01,18,93.8
abs,2024-03-01,18,93.5
abs,2024-04-01,18,93.2
abs,2024-05-01,18,93.3
abs,2024-06-01,18,92.4
abs,2024-07-01,18,92.4
abs,2024-08-01,18,90.8
abs,2024-09-01,18,89.8
abs,2024-10-01,18,89.5
abs,2024-11-01,18,88.6
abs,2024-12-01,18,88.2
abs,2025-01-01,18,87.9
abs,2025-02-01,18,87.7
abs,2025-03-01,18,87.1
abs,2025-04-01,18,87.8
abs,2025-05-01,18,88.1
abs,2025-06-01,18,87.7
abs,2025-07-01,18,87.5
abs,2025-08-01,18,87.9
abs,2025-09-01,18,88.8
abs,2025-10-01,18,89.0
abs,2025-11-01,18,88.2
abs,2025-12-01,18,87.8
abs,2026-01-01,18,87.4
abs,2026-02-01,18,87.6
abs,2026-03-01,18,86.9
abs,2026-04-01,18,87.1
abs,2026-05-01,18,87.5
abs,2026-06-01,18,87.1
abs,2026-07-01,18,86.6
growth_yoy,2016-01-01,18,0.0
growth_yoy,2016-02-01,18,0.0
growth_yoy,2016-03-01,18,0.0
growth_yoy,2016-04-01,18,0.0
growth_yoy,2016-05-01,18,0.0
growth_yoy,2016-06-01,18,0.0
growth_yoy,2016-07-01,18,0.0
growth_yoy,2016-08-01,18,0.0
growth_yoy,2016-09-01,18,0.0
growth_yoy,2016-10-01,18,0.0
growth_yoy,2016-11-01,18,0.0
growth_yoy,2016-12-01,18,0.0
growth_yoy,2017-01-01,18,0.392
growth_yoy,2017-02-01,18,0.392
growth_yoy,2017-03-01,18,0.392
growth_yoy,2017-04-01,18,0.392
growth_yoy,2017-05-01,18,0.392
growth_yoy,2017-06-01,18,0.392
growth_yoy,2017-07-01,18,0.392
growth_yoy,2017-08-01,18,0.392
growth_yoy,2017-09-01,18,0.392
growth_yoy,2017-10-01,18,0.392
growth_yoy,2017-11-01,18,0.392
growth_yoy,2017-12-01,18,0.392
growth_yoy,2018-01-01,18,-2.732
growth_yoy,2018-02-01,18,-3.415
growth_yoy,2018-03-01,18,-4.878
growth_yoy,2018-04-01,18,-3.317
growth_yoy,2018-05-01,18,-4.878
growth_yoy,2018-06-01,18,-4.39
growth_yoy,2018-07-01,18,-3.707
growth_yoy,2018-08-01,18,-3.805
growth_yoy,2018-09-01,18,-3.512
growth_yoy,2018-10-01,18,-4.195
growth_yoy,2018-11-01,18,-3.805
growth_yoy,2018-12-01,18,-3.512
growth_yoy,2019-01-01,18,-0.602
growth_yoy,2019-02-01,18,0.404
growth_yoy,2019-03-01,18,1.538
growth_yoy,2019-04-01,18,0.101
growth_yoy,2019-05-01,18,1.846
growth_yoy,2019-06-01,18,1.224
growth_yoy,2019-07-01,18,0.304
growth_yoy,2019-08-01,18,0.811
growth_yoy,2019-09-01,18,0.506
growth_yoy,2019-10-01,18,1.12
growth_yoy,2019-11-01,18,0.811
growth_yoy,2019-12-01,18,0.404
growth_yoy,2020-01-01,18,2.321
growth_yoy,2020-02-01,18,-0.604
growth_yoy,2020-03-01,18,0.909
growth_yoy,2020-04-01,18,0.706
growth_yoy,2020-05-01,18,-0.604
growth_yoy,2020-06-01,18,0.504
growth_yoy,2020-07-01,18,0.202
growth_yoy,2020-08-01,18,-2.817
growth_yoy,2020-09-01,18,-3.622
growth_yoy,2020-10-01,18,-2.82
growth_yoy,2020-11-01,18,-3.823
growth_yoy,2020-12-01,18,-4.23
growth_yoy,2021-01-01,18,-5.72
growth_yoy,2021-02-01,18,-2.429
growth_yoy,2021-03-01,18,-3.704
growth_yoy,2021-04-01,18,-4.004
growth_yoy,2021-05-01,18,-2.128
growth_yoy,2021-06-01,18,-3.711
growth_yoy,2021-07-01,18,-2.016
growth_yoy,2021-08-01,18,0.414
growth_yoy,2021-09-01,18,1.67
growth_yoy,2021-10-01,18,-0.518
growth_yoy,2021-11-01,18,1.255
growth_yoy,2021-12-01,18,0.315
growth_yoy,2022-01-01,18,-1.464
growth_yoy,2022-02-01,18,-1.556
growth_yoy,2022-03-01,18,-0.832
growth_yoy,2022-04-01,18,0.0
growth_yoy,2022-05-01,18,-0.725
growth_yoy,2022-06-01,18,-0.208
growth_yoy,2022-07-01,18,-0.926
growth_yoy,2022-08-01,18,0.206
growth_yoy,2022-09-01,18,-1.232
growth_yoy,2022-10-01,18,1.562
growth_yoy,2022-11-01,18,0.93
growth_yoy,2022-12-01,18,2.935
growth_yoy,2023-01-01,18,4.246
growth_yoy,2023-02-01,18,3.056
growth_yoy,2023-03-01,18,1.048
growth_yoy,2023-04-01,18,-0.417
growth_yoy,2023-05-01,18,-0.73
growth_yoy,2023-06-01,18,-1.983
growth_yoy,2023-07-01,18,-3.115
growth_yoy,2023-08-01,18,-3.601
growth_yoy,2023-09-01,18,-1.975
growth_yoy,2023-10-01,18,-2.769
growth_yoy,2023-11-01,18,-2.456
growth_yoy,2023-12-01,18,-4.175
growth_yoy,2024-01-01,18,-3.666
growth_yoy,2024-02-01,18,-4.09
growth_yoy,2024-03-01,18,-3.008
growth_yoy,2024-04-01,18,-2.408
growth_yoy,2024-05-01,18,-1.996
growth_yoy,2024-06-01,18,-1.597
growth_yoy,2024-07-01,18,-0.965
growth_yoy,2024-08-01,18,-3.095
growth_yoy,2024-09-01,18,-4.772
growth_yoy,2024-10-01,18,-5.591
growth_yoy,2024-11-01,18,-7.03
growth_yoy,2024-12-01,18,-6.27
growth_yoy,2025-01-01,18,-7.082
growth_yoy,2025-02-01,18,-6.503
growth_yoy,2025-03-01,18,-6.845
growth_yoy,2025-04-01,18,-5.794
growth_yoy,2025-05-01,18,-5.573
growth_yoy,2025-06-01,18,-5.087
growth_yoy,2025-07-01,18,-5.303
growth_yoy,2025-08-01,18,-3.194
growth_yoy,2025-09-01,18,-1.114
growth_yoy,2025-10-01,18,-0.559
growth_yoy,2025-11-01,18,-0.451
growth_yoy,2025-12-01,18,-0.454
growth_yoy,2026-01-01,18,-0.569
growth_yoy,2026-02-01,18,-0.114
growth_yoy,2026-03-01,18,-0.23
growth_yoy,2026-04-01,18,-0.797
growth_yoy,2026-05-01,18,-0.681
growth_yoy,2026-06-01,18,-0.684
growth_yoy,2026-07-01,18,-1.029
growth_mom,2015-02-01,18,0.0
growth_mom,2015-03-01,18,0.0
growth_mom,2015-04-01,18,0.0
growth_mom,2015-05-01,18,0.0
growth_mom,2015-06-01,18,0.0
growth_mom,2015-07-01,18,0.0
growth_mom,2015-08-01,18,0.0
growth_mom,2015-09-01,18,0.0
growth_mom,2015-10-01,18,0.0
growth_mom,2015-11-01,18,0.0
growth_mom,2015-12-01,18,0.0
growth_mom,2016-01-01,18,0.0
growth_mom,2016-02-01,18,0.0
growth_mom,2016-03-01,18,0.0
growth_mom,2016-04-01,18,0.0
growth_mom,2016-05-01,18,0.0
growth_mom,2016-06-01,18,0.0
growth_mom,2016-07-01,18,0.0
growth_mom,2016-08-01,18,0.0
growth_mom,2016-09-01,18,0.0
growth_mom,2016-10-01,18,0.0
growth_mom,2016-11-01,18,0.0
growth_mom,2016-12-01,18,0.0
growth_mom,2017-01-01,18,0.392
growth_mom,2017-02-01,18,0.0
growth_mom,2017-03-01,18,0.0
growth_mom,2017-04-01,18,0.0
growth_mom,2017-05-01,18,0.0
growth_mom,2017-06-01,18,0.0
growth_mom,2017-07-01,18,0.0
growth_mom,2017-08-01,18,0.0
growth_mom,2017-09-01,18,0.0
growth_mom,2017-10-01,18,0.0
growth_mom,2017-11-01,18,0.0
growth_mom,2017-12-01,18,0.0
growth_mom,2018-01-01,18,-2.732
growth_mom,2018-02-01,18,-0.702
growth_mom,2018-03-01,18,-1.515
growth_mom,2018-04-01,18,1.641
growth_mom,2018-05-01,18,-1.615
growth_mom,2018-06-01,18,0.513
growth_mom,2018-07-01,18,0.714
growth_mom,2018-08-01,18,-0.101
growth_mom,2018-09-01,18,0.304
growth_mom,2018-10-01,18,-0.708
growth_mom,2018-11-01,18,0.407
growth_mom,2018-12-01,18,0.304
growth_mom,2019-01-01,18,0.202
growth_mom,2019-02-01,18,0.303
growth_mom,2019-03-01,18,-0.402
growth_mom,2019-04-01,18,0.202
growth_mom,2019-05-01,18,0.101
growth_mom,2019-06-01,18,-0.101
growth_mom,2019-07-01,18,-0.202
growth_mom,2019-08-01,18,0.404
growth_mom,2019-09-01,18,0.0
growth_mom,2019-10-01,18,-0.101
growth_mom,2019-11-01,18,0.101
growth_mom,2019-12-01,18,-0.101
growth_mom,2020-01-01,18,2.115
growth_mom,2020-02-01,18,-2.564
growth_mom,2020-03-01,18,1.113
growth_mom,2020-04-01,18,0.0
growth_mom,2020-05-01,18,-1.201
growth_mom,2020-06-01,18,1.013
growth_mom,2020-07-01,18,-0.502
growth_mom,2020-08-01,18,-2.621
growth_mom,2020-09-01,18,-0.828
growth_mom,2020-10-01,18,0.731
growth_mom,2020-11-01,18,-0.933
growth_mom,2020-12-01,18,-0.523
growth_mom,2021-01-01,18,0.526
growth_mom,2021-02-01,18,0.837
growth_mom,2021-03-01,18,-0.207
growth_mom,2021-04-01,18,-0.312
growth_mom,2021-05-01,18,0.73
growth_mom,2021-06-01,18,-0.621
growth_mom,2021-07-01,18,1.25
growth_mom,2021-08-01,18,-0.206
growth_mom,2021-09-01,18,0.412
growth_mom,2021-10-01,18,-1.437
growth_mom,2021-11-01,18,0.833
growth_mom,2021-12-01,18,-1.446
growth_mom,2022-01-01,18,-1.258
growth_mom,2022-02-01,18,0.743
growth_mom,2022-03-01,18,0.527
growth_mom,2022-04-01,18,0.524
growth_mom,2022-05-01,18,0.0
growth_mom,2022-06-01,18,-0.104
growth_mom,2022-07-01,18,0.522
growth_mom,2022-08-01,18,0.935
growth_mom,2022-09-01,18,-1.029
growth_mom,2022-10-01,18,1.351
growth_mom,2022-11-01,18,0.205
growth_mom,2022-12-01,18,0.512
growth_mom,2023-01-01,18,0.0
growth_mom,2023-02-01,18,-0.407
growth_mom,2023-03-01,18,-1.431
growth_mom,2023-04-01,18,-0.934
growth_mom,2023-05-01,18,-0.314
growth_mom,2023-06-01,18,-1.366
growth_mom,2023-07-01,18,-0.639
growth_mom,2023-08-01,18,0.429
growth_mom,2023-09-01,18,0.64
growth_mom,2023-10-01,18,0.53
growth_mom,2023-11-01,18,0.527
growth_mom,2023-12-01,18,-1.259
growth_mom,2024-01-01,18,0.531
growth_mom,2024-02-01,18,-0.846
growth_mom,2024-03-01,18,-0.32
growth_mom,2024-04-01,18,-0.321
growth_mom,2024-05-01,18,0.107
growth_mom,2024-06-01,18,-0.965
growth_mom,2024-07-01,18,0.0
growth_mom,2024-08-01,18,-1.732
growth_mom,2024-09-01,18,-1.101
growth_mom,2024-10-01,18,-0.334
growth_mom,2024-11-01,18,-1.006
growth_mom,2024-12-01,18,-0.451
growth_mom,2025-01-01,18,-0.34
growth_mom,2025-02-01,18,-0.228
growth_mom,2025-03-01,18,-0.684
growth_mom,2025-04-01,18,0.804
growth_mom,2025-05-01,18,0.342
growth_mom,2025-06-01,18,-0.454
growth_mom,2025-07-01,18,-0.228
growth_mom,2025-08-01,18,0.457
growth_mom,2025-09-01,18,1.024
growth_mom,2025-10-01,18,0.225
growth_mom,2025-11-01,18,-0.899
growth_mom,2025-12-01,18,-0.454
growth_mom,2026-01-01,18,-0.456
growth_mom,2026-02-01,18,0.229
growth_mom,2026-03-01,18,-0.799
growth_mom,2026-04-01,18,0.23
growth_mom,2026-05-01,18,0.459
growth_mom,2026-06-01,18,-0.457
growth_mom,2026-07-01,18,-0.574
abs,2015-01-01,19,119.7
abs,2015-02-01,19,117.0
abs,2015-03-01,19,111.9
abs,2015-04-01,19,104.9
abs,2015-05-01,19,96.1
abs,2015-06-01,19,101.7
abs,2015-07-01,19,102.4
abs,2015-08-01,19,103.7
abs,2015-09-01,19,110.8
abs,2015-10-01,19,112.5
abs,2015-11-01,19,108.6
abs,2015-12-01,19,101.1
abs,2016-01-01,19,98.6
abs,2016-02-01,19,94.2
abs,2016-03-01,19,93.3
abs,2016-04-01,19,92.9
abs,2016-05-01,19,81.8
abs,2016-06-01,19,84.1
abs,2016-07-01,19,87.1
abs,2016-08-01,19,86.8
abs,2016-09-01,19,94.8
abs,2016-10-01,19,96.2
abs,2016-11-01,19,98.1
abs,2016-12-01,19,104.5
abs,2017-01-01,19,109.5
abs,2017-02-01,19,114.6
abs,2017-03-01,19,109.8
abs,2017-04-01,19,109.7
abs,2017-05-01,19,112.6
abs,2017-06-01,19,112.8
abs,2017-07-01,19,111.6
abs,2017-08-01,19,115.7
abs,2017-09-01,19,114.3
abs,2017-10-01,19,111.9
abs,2017-11-01,19,113.3
abs,2017-12-01,19,115.9
abs,2018-01-01,19,117.4
abs,2018-02-01,19,118.4
abs,2018-03-01,19,117.7
abs,2018-04-01,19,119.5
abs,2018-05-01,19,120.8
abs,2018-06-01,19,122.5
abs,2018-07-01,19,125.5
abs,2018-08-01,19,128.5
abs,2018-09-01,19,129.0
abs,2018-10-01,19,132.7
abs,2018-11-01,19,133.1
abs,2018-12-01,19,130.4
abs,2019-01-01,19,130.2
abs,2019-02-01,19,128.7
abs,2019-03-01,19,128.6
abs,2019-04-01,19,128.1
abs,2019-05-01,19,127.5
abs,2019-06-01,19,124.6
abs,2019-07-01,19,124.8
abs,2019-08-01,19,125.1
abs,2019-09-01,19,124.7
abs,2019-10-01,19,125.5
abs,2019-11-01,19,123.8
abs,2019-12-01,19,124.7
abs,2020-01-01,19,125.7
abs,2020-02-01,19,126.1
abs,2020-03-01,19,124.7
abs,2020-04-01,19,121.2
abs,2020-05-01,19,117.8
abs,2020-06-01,19,115.9
abs,2020-07-01,19,113.6
abs,2020-08-01,19,113.1
abs,2020-09-01,19,112.3
abs,2020-10-01,19,110.6
abs,2020-11-01,19,113.3
abs,2020-12-01,19,117.7
abs,2021-01-01,19,122.9
abs,2021-02-01,19,124.4
abs,2021-03-01,19,125.5
abs,2021-04-01,19,127.8
abs,2021-05-01,19,129.9
abs,2021-06-01,19,132.9
abs,2021-07-01,19,134.7
abs,2021-08-01,19,137.4
abs,2021-09-01,19,138.7
abs,2021-10-01,19,139.6
abs,2021-11-01,19,143.0
abs,2021-12-01,19,144.0
abs,2022-01-01,19,146.5
abs,2022-02-01,19,149.6
abs,2022-03-01,19,154.0
abs,2022-04-01,19,157.7
abs,2022-05-01,19,159.7
abs,2022-06-01,19,162.6
abs,2022-07-01,19,166.1
abs,2022-08-01,19,167.3
abs,2022-09-01,19,165.4
abs,2022-10-01,19,167.5
abs,2022-11-01,19,166.3
abs,2022-12-01,19,164.5
abs,2023-01-01,19,160.4
abs,2023-02-01,19,158.9
abs,2023-03-01,19,156.3
abs,2023-04-01,19,155.0
abs,2023-05-01,19,153.2
abs,2023-06-01,19,149.9
abs,2023-07-01,19,146.6
abs,2023-08-01,19,144.8
abs,2023-09-01,19,153.7
abs,2023-10-01,19,152.8
abs,2023-11-01,19,146.9
abs,2023-12-01,19,144.2
abs,2024-01-01,19,142.3
abs,2024-02-01,19,138.9
abs,2024-03-01,19,144.1
abs,2024-04-01,19,140.3
abs,2024-05-01,19,136.8
abs,2024-06-01,19,134.7
abs,2024-07-01,19,133.6
abs,2024-08-01,19,131.4
abs,2024-09-01,19,124.9
abs,2024-10-01,19,119.8
abs,2024-11-01,19,122.2
abs,2024-12-01,19,121.9
abs,2025-01-01,19,120.2
abs,2025-02-01,19,121.3
abs,2025-03-01,19,120.7
abs,2025-04-01,19,118.3
abs,2025-05-01,19,115.8
abs,2025-06-01,19,110.9
abs,2025-07-01,19,112.6
abs,2025-08-01,19,111.8
abs,2025-09-01,19,113.8
abs,2025-10-01,19,113.7
abs,2025-11-01,19,114.1
abs,2025-12-01,19,114.3
abs,2026-01-01,19,113.2
abs,2026-02-01,19,108.4
abs,2026-03-01,19,116.1
abs,2026-04-01,19,121.8
abs,2026-05-01,19,130.1
abs,2026-06-01,19,144.3
abs,2026-07-01,19,146.8
growth_yoy,2016-01-01,19,-17.627
growth_yoy,2016-02-01,19,-19.487
growth_yoy,2016-03-01,19,-16.622
growth_yoy,2016-04-01,19,-11.439
growth_yoy,2016-05-01,19,-14.88
growth_yoy,2016-06-01,19,-17.306
growth_yoy,2016-07-01,19,-14.941
growth_yoy,2016-08-01,19,-16.297
growth_yoy,2016-09-01,19,-14.44
growth_yoy,2016-10-01,19,-14.489
growth_yoy,2016-11-01,19,-9.669
growth_yoy,2016-12-01,19,3.363
growth_yoy,2017-01-01,19,11.055
growth_yoy,2017-02-01,19,21.656
growth_yoy,2017-03-01,19,17.685
growth_yoy,2017-04-01,19,18.084
growth_yoy,2017-05-01,19,37.653
growth_yoy,2017-06-01,19,34.126
growth_yoy,2017-07-01,19,28.129
growth_yoy,2017-08-01,19,33.295
growth_yoy,2017-09-01,19,20.57
growth_yoy,2017-10-01,19,16.32
growth_yoy,2017-11-01,19,15.494
growth_yoy,2017-12-01,19,10.909
growth_yoy,2018-01-01,19,7.215
growth_yoy,2018-02-01,19,3.316
growth_yoy,2018-03-01,19,7.195
growth_yoy,2018-04-01,19,8.933
growth_yoy,2018-05-01,19,7.282
growth_yoy,2018-06-01,19,8.599
growth_yoy,2018-07-01,19,12.455
growth_yoy,2018-08-01,19,11.063
growth_yoy,2018-09-01,19,12.861
growth_yoy,2018-10-01,19,18.588
growth_yoy,2018-11-01,19,17.476
growth_yoy,2018-12-01,19,12.511
growth_yoy,2019-01-01,19,10.903
growth_yoy,2019-02-01,19,8.699
growth_yoy,2019-03-01,19,9.261
growth_yoy,2019-04-01,19,7.197
growth_yoy,2019-05-01,19,5.546
growth_yoy,2019-06-01,19,1.714
growth_yoy,2019-07-01,19,-0.558
growth_yoy,2019-08-01,19,-2.646
growth_yoy,2019-09-01,19,-3.333
growth_yoy,2019-10-01,19,-5.426
growth_yoy,2019-11-01,19,-6.987
growth_yoy,2019-12-01,19,-4.371
growth_yoy,2020-01-01,19,-3.456
growth_yoy,2020-02-01,19,-2.02
growth_yoy,2020-03-01,19,-3.033
growth_yoy,2020-04-01,19,-5.386
growth_yoy,2020-05-01,19,-7.608
growth_yoy,2020-06-01,19,-6.982
growth_yoy,2020-07-01,19,-8.974
growth_yoy,2020-08-01,19,-9.592
growth_yoy,2020-09-01,19,-9.944
growth_yoy,2020-10-01,19,-11.873
growth_yoy,2020-11-01,19,-8.481
growth_yoy,2020-12-01,19,-5.613
growth_yoy,2021-01-01,19,-2.228
growth_yoy,2021-02-01,19,-1.348
growth_yoy,2021-03-01,19,0.642
growth_yoy,2021-04-01,19,5.446
growth_yoy,2021-05-01,19,10.272
growth_yoy,2021-06-01,19,14.668
growth_yoy,2021-07-01,19,18.574
growth_yoy,2021-08-01,19,21.485
growth_yoy,2021-09-01,19,23.508
growth_yoy,2021-10-01,19,26.221
growth_yoy,2021-11-01,19,26.214
growth_yoy,2021-12-01,19,22.345
growth_yoy,2022-01-01,19,19.203
growth_yoy,2022-02-01,19,20.257
growth_yoy,2022-03-01,19,22.709
growth_yoy,2022-04-01,19,23.396
growth_yoy,2022-05-01,19,22.941
growth_yoy,2022-06-01,19,22.348
growth_yoy,2022-07-01,19,23.311
growth_yoy,2022-08-01,19,21.761
growth_yoy,2022-09-01,19,19.25
growth_yoy,2022-10-01,19,19.986
growth_yoy,2022-11-01,19,16.294
growth_yoy,2022-12-01,19,14.236
growth_yoy,2023-01-01,19,9.488
growth_yoy,2023-02-01,19,6.217
growth_yoy,2023-03-01,19,1.494
growth_yoy,2023-04-01,19,-1.712
growth_yoy,2023-05-01,19,-4.07
growth_yoy,2023-06-01,19,-7.811
growth_yoy,2023-07-01,19,-11.74
growth_yoy,2023-08-01,19,-13.449
growth_yoy,2023-09-01,19,-7.074
growth_yoy,2023-10-01,19,-8.776
growth_yoy,2023-11-01,19,-11.666
growth_yoy,2023-12-01,19,-12.34
growth_yoy,2024-01-01,19,-11.284
growth_yoy,2024-02-01,19,-12.587
growth_yoy,2024-03-01,19,-7.806
growth_yoy,2024-04-01,19,-9.484
growth_yoy,2024-05-01,19,-10.705
growth_yoy,2024-06-01,19,-10.14
growth_yoy,2024-07-01,19,-8.868
growth_yoy,2024-08-01,19,-9.254
growth_yoy,2024-09-01,19,-18.738
growth_yoy,2024-10-01,19,-21.597
growth_yoy,2024-11-01,19,-16.814
growth_yoy,2024-12-01,19,-15.465
growth_yoy,2025-01-01,19,-15.531
growth_yoy,2025-02-01,19,-12.671
growth_yoy,2025-03-01,19,-16.239
growth_yoy,2025-04-01,19,-15.681
growth_yoy,2025-05-01,19,-15.351
growth_yoy,2025-06-01,19,-17.669
growth_yoy,2025-07-01,19,-15.719
growth_yoy,2025-08-01,19,-14.916
growth_yoy,2025-09-01,19,-8.887
growth_yoy,2025-10-01,19,-5.092
growth_yoy,2025-11-01,19,-6.628
growth_yoy,2025-12-01,19,-6.235
growth_yoy,2026-01-01,19,-5.824
growth_yoy,2026-02-01,19,-10.635
growth_yoy,2026-03-01,19,-3.811
growth_yoy,2026-04-01,19,2.959
growth_yoy,2026-05-01,19,12.349
growth_yoy,2026-06-01,19,30.117
growth_yoy,2026-07-01,19,30.373
growth_mom,2015-02-01,19,-2.256
growth_mom,2015-03-01,19,-4.359
growth_mom,2015-04-01,19,-6.256
growth_mom,2015-05-01,19,-8.389
growth_mom,2015-06-01,19,5.827
growth_mom,2015-07-01,19,0.688
growth_mom,2015-08-01,19,1.27
growth_mom,2015-09-01,19,6.847
growth_mom,2015-10-01,19,1.534
growth_mom,2015-11-01,19,-3.467
growth_mom,2015-12-01,19,-6.906
growth_mom,2016-01-01,19,-2.473
growth_mom,2016-02-01,19,-4.462
growth_mom,2016-03-01,19,-0.955
growth_mom,2016-04-01,19,-0.429
growth_mom,2016-05-01,19,-11.948
growth_mom,2016-06-01,19,2.812
growth_mom,2016-07-01,19,3.567
growth_mom,2016-08-01,19,-0.344
growth_mom,2016-09-01,19,9.217
growth_mom,2016-10-01,19,1.477
growth_mom,2016-11-01,19,1.975
growth_mom,2016-12-01,19,6.524
growth_mom,2017-01-01,19,4.785
growth_mom,2017-02-01,19,4.658
growth_mom,2017-03-01,19,-4.188
growth_mom,2017-04-01,19,-0.091
growth_mom,2017-05-01,19,2.644
growth_mom,2017-06-01,19,0.178
growth_mom,2017-07-01,19,-1.064
growth_mom,2017-08-01,19,3.674
growth_mom,2017-09-01,19,-1.21
growth_mom,2017-10-01,19,-2.1
growth_mom,2017-11-01,19,1.251
growth_mom,2017-12-01,19,2.295
growth_mom,2018-01-01,19,1.294
growth_mom,2018-02-01,19,0.852
growth_mom,2018-03-01,19,-0.591
growth_mom,2018-04-01,19,1.529
growth_mom,2018-05-01,19,1.088
growth_mom,2018-06-01,19,1.407
growth_mom,2018-07-01,19,2.449
growth_mom,2018-08-01,19,2.39
growth_mom,2018-09-01,19,0.389
growth_mom,2018-10-01,19,2.868
growth_mom,2018-11-01,19,0.301
growth_mom,2018-12-01,19,-2.029
growth_mom,2019-01-01,19,-0.153
growth_mom,2019-02-01,19,-1.152
growth_mom,2019-03-01,19,-0.078
growth_mom,2019-04-01,19,-0.389
growth_mom,2019-05-01,19,-0.468
growth_mom,2019-06-01,19,-2.275
growth_mom,2019-07-01,19,0.161
growth_mom,2019-08-01,19,0.24
growth_mom,2019-09-01,19,-0.32
growth_mom,2019-10-01,19,0.642
growth_mom,2019-11-01,19,-1.355
growth_mom,2019-12-01,19,0.727
growth_mom,2020-01-01,19,0.802
growth_mom,2020-02-01,19,0.318
growth_mom,2020-03-01,19,-1.11
growth_mom,2020-04-01,19,-2.807
growth_mom,2020-05-01,19,-2.805
growth_mom,2020-06-01,19,-1.613
growth_mom,2020-07-01,19,-1.984
growth_mom,2020-08-01,19,-0.44
growth_mom,2020-09-01,19,-0.707
growth_mom,2020-10-01,19,-1.514
growth_mom,2020-11-01,19,2.441
growth_mom,2020-12-01,19,3.883
growth_mom,2021-01-01,19,4.418
growth_mom,2021-02-01,19,1.221
growth_mom,2021-03-01,19,0.884
growth_mom,2021-04-01,19,1.833
growth_mom,2021-05-01,19,1.643
growth_mom,2021-06-01,19,2.309
growth_mom,2021-07-01,19,1.354
growth_mom,2021-08-01,19,2.004
growth_mom,2021-09-01,19,0.946
growth_mom,2021-10-01,19,0.649
growth_mom,2021-11-01,19,2.436
growth_mom,2021-12-01,19,0.699
growth_mom,2022-01-01,19,1.736
growth_mom,2022-02-01,19,2.116
growth_mom,2022-03-01,19,2.941
growth_mom,2022-04-01,19,2.403
growth_mom,2022-05-01,19,1.268
growth_mom,2022-06-01,19,1.816
growth_mom,2022-07-01,19,2.153
growth_mom,2022-08-01,19,0.722
growth_mom,2022-09-01,19,-1.136
growth_mom,2022-10-01,19,1.27
growth_mom,2022-11-01,19,-0.716
growth_mom,2022-12-01,19,-1.082
growth_mom,2023-01-01,19,-2.492
growth_mom,2023-02-01,19,-0.935
growth_mom,2023-03-01,19,-1.636
growth_mom,2023-04-01,19,-0.832
growth_mom,2023-05-01,19,-1.161
growth_mom,2023-06-01,19,-2.154
growth_mom,2023-07-01,19,-2.201
growth_mom,2023-08-01,19,-1.228
growth_mom,2023-09-01,19,6.146
growth_mom,2023-10-01,19,-0.586
growth_mom,2023-11-01,19,-3.861
growth_mom,2023-12-01,19,-1.838
growth_mom,2024-01-01,19,-1.318
growth_mom,2024-02-01,19,-2.389
growth_mom,2024-03-01,19,3.744
growth_mom,2024-04-01,19,-2.637
growth_mom,2024-05-01,19,-2.495
growth_mom,2024-06-01,19,-1.535
growth_mom,2024-07-01,19,-0.817
growth_mom,2024-08-01,19,-1.647
growth_mom,2024-09-01,19,-4.947
growth_mom,2024-10-01,19,-4.083
growth_mom,2024-11-01,19,2.003
growth_mom,2024-12-01,19,-0.245
growth_mom,2025-01-01,19,-1.395
growth_mom,2025-02-01,19,0.915
growth_mom,2025-03-01,19,-0.495
growth_mom,2025-04-01,19,-1.988
growth_mom,2025-05-01,19,-2.113
growth_mom,2025-06-01,19,-4.231
growth_mom,2025-07-01,19,1.533
growth_mom,2025-08-01,19,-0.71
growth_mom,2025-09-01,19,1.789
growth_mom,2025-10-01,19,-0.088
growth_mom,2025-11-01,19,0.352
growth_mom,2025-12-01,19,0.175
growth_mom,2026-01-01,19,-0.962
growth_mom,2026-02-01,19,-4.24
growth_mom,2026-03-01,19,7.103
growth_mom,2026-04-01,19,4.91
growth_mom,2026-05-01,19,6.814
growth_mom,2026-06-01,19,10.915
growth_mom,2026-07-01,19,1.733
abs,2015-01-01,20,115.1
abs,2015-02-01,20,114.6
abs,2015-03-01,20,117.0
abs,2015-04-01,20,117.2
abs,2015-05-01,20,116.9
abs,2015-06-01,20,117.5
abs,2015-07-01,20,118.4
abs,2015-08-01,20,115.8
abs,2015-09-01,20,116.0
abs,2015-10-01,20,114.1
abs,2015-11-01,20,115.3
abs,2015-12-01,20,113.7
abs,2016-01-01,20,113.0
abs,2016-02-01,20,110.0
abs,2016-03-01,20,109.3
abs,2016-04-01,20,111.1
abs,2016-05-01,20,112.6
abs,2016-06-01,20,113.3
abs,2016-07-01,20,111.4
abs,2016-08-01,20,111.2
abs,2016-09-01,20,112.3
abs,2016-10-01,20,112.6
abs,2016-11-01,20,115.2
abs,2016-12-01,20,115.3
abs,2017-01-01,20,115.6
abs,2017-02-01,20,116.2
abs,2017-03-01,20,117.0
abs,2017-04-01,20,117.3
abs,2017-05-01,20,117.9
abs,2017-06-01,20,115.8
abs,2017-07-01,20,113.7
abs,2017-08-01,20,113.8
abs,2017-09-01,20,114.6
abs,2017-10-01,20,115.4
abs,2017-11-01,20,116.7
abs,2017-12-01,20,116.6
abs,2018-01-01,20,116.6
abs,2018-02-01,20,116.3
abs,2018-03-01,20,116.7
abs,2018-04-01,20,117.2
abs,2018-05-01,20,116.4
abs,2018-06-01,20,115.0
abs,2018-07-01,20,114.1
abs,2018-08-01,20,115.4
abs,2018-09-01,20,116.5
abs,2018-10-01,20,116.7
abs,2018-11-01,20,115.8
abs,2018-12-01,20,113.6
abs,2019-01-01,20,112.3
abs,2019-02-01,20,112.2
abs,2019-03-01,20,113.7
abs,2019-04-01,20,113.4
abs,2019-05-01,20,112.6
abs,2019-06-01,20,112.1
abs,2019-07-01,20,111.7
abs,2019-08-01,20,111.5
abs,2019-09-01,20,111.5
abs,2019-10-01,20,110.8
abs,2019-11-01,20,110.6
abs,2019-12-01,20,109.6
abs,2020-01-01,20,109.2
abs,2020-02-01,20,109.7
abs,2020-03-01,20,109.6
abs,2020-04-01,20,108.6
abs,2020-05-01,20,108.8
abs,2020-06-01,20,107.5
abs,2020-07-01,20,107.1
abs,2020-08-01,20,106.3
abs,2020-09-01,20,106.3
abs,2020-10-01,20,106.5
abs,2020-11-01,20,107.0
abs,2020-12-01,20,106.9
abs,2021-01-01,20,108.2
abs,2021-02-01,20,110.6
abs,2021-03-01,20,111.8
abs,2021-04-01,20,113.0
abs,2021-05-01,20,114.6
abs,2021-06-01,20,116.7
abs,2021-07-01,20,118.0
abs,2021-08-01,20,118.8
abs,2021-09-01,20,119.5
abs,2021-10-01,20,119.4
abs,2021-11-01,20,120.8
abs,2021-12-01,20,121.3
abs,2022-01-01,20,122.2
abs,2022-02-01,20,123.1
abs,2022-03-01,20,124.6
abs,2022-04-01,20,126.6
abs,2022-05-01,20,127.7
abs,2022-06-01,20,129.0
abs,2022-07-01,20,129.9
abs,2022-08-01,20,128.7
abs,2022-09-01,20,126.9
abs,2022-10-01,20,124.4
abs,2022-11-01,20,124.6
abs,2022-12-01,20,125.0
abs,2023-01-01,20,123.2
abs,2023-02-01,20,122.2
abs,2023-03-01,20,121.9
abs,2023-04-01,20,122.8
abs,2023-05-01,20,123.3
abs,2023-06-01,20,121.7
abs,2023-07-01,20,121.0
abs,2023-08-01,20,120.2
abs,2023-09-01,20,120.3
abs,2023-10-01,20,121.9
abs,2023-11-01,20,122.2
abs,2023-12-01,20,121.8
abs,2024-01-01,20,121.6
abs,2024-02-01,20,122.4
abs,2024-03-01,20,123.6
abs,2024-04-01,20,123.5
abs,2024-05-01,20,123.9
abs,2024-06-01,20,123.3
abs,2024-07-01,20,122.7
abs,2024-08-01,20,122.4
abs,2024-09-01,20,119.3
abs,2024-10-01,20,116.4
abs,2024-11-01,20,116.0
abs,2024-12-01,20,116.0
abs,2025-01-01,20,116.8
abs,2025-02-01,20,117.6
abs,2025-03-01,20,116.5
abs,2025-04-01,20,115.8
abs,2025-05-01,20,116.2
abs,2025-06-01,20,115.4
abs,2025-07-01,20,113.6
abs,2025-08-01,20,113.7
abs,2025-09-01,20,113.0
abs,2025-10-01,20,112.9
abs,2025-11-01,20,112.9
abs,2025-12-01,20,112.6
abs,2026-01-01,20,112.0
abs,2026-02-01,20,110.9
abs,2026-03-01,20,111.4
abs,2026-04-01,20,113.5
abs,2026-05-01,20,116.7
abs,2026-06-01,20,119.6
abs,2026-07-01,20,120.7
growth_yoy,2016-01-01,20,-1.825
growth_yoy,2016-02-01,20,-4.014
growth_yoy,2016-03-01,20,-6.581
growth_yoy,2016-04-01,20,-5.205
growth_yoy,2016-05-01,20,-3.678
growth_yoy,2016-06-01,20,-3.574
growth_yoy,2016-07-01,20,-5.912
growth_yoy,2016-08-01,20,-3.972
growth_yoy,2016-09-01,20,-3.19
growth_yoy,2016-10-01,20,-1.315
growth_yoy,2016-11-01,20,-0.087
growth_yoy,2016-12-01,20,1.407
growth_yoy,2017-01-01,20,2.301
growth_yoy,2017-02-01,20,5.636
growth_yoy,2017-03-01,20,7.045
growth_yoy,2017-04-01,20,5.581
growth_yoy,2017-05-01,20,4.707
growth_yoy,2017-06-01,20,2.207
growth_yoy,2017-07-01,20,2.065
growth_yoy,2017-08-01,20,2.338
growth_yoy,2017-09-01,20,2.048
growth_yoy,2017-10-01,20,2.487
growth_yoy,2017-11-01,20,1.302
growth_yoy,2017-12-01,20,1.127
growth_yoy,2018-01-01,20,0.865
growth_yoy,2018-02-01,20,0.086
growth_yoy,2018-03-01,20,-0.256
growth_yoy,2018-04-01,20,-0.085
growth_yoy,2018-05-01,20,-1.272
growth_yoy,2018-06-01,20,-0.691
growth_yoy,2018-07-01,20,0.352
growth_yoy,2018-08-01,20,1.406
growth_yoy,2018-09-01,20,1.658
growth_yoy,2018-10-01,20,1.127
growth_yoy,2018-11-01,20,-0.771
growth_yoy,2018-12-01,20,-2.573
growth_yoy,2019-01-01,20,-3.688
growth_yoy,2019-02-01,20,-3.525
growth_yoy,2019-03-01,20,-2.571
growth_yoy,2019-04-01,20,-3.242
growth_yoy,2019-05-01,20,-3.265
growth_yoy,2019-06-01,20,-2.522
growth_yoy,2019-07-01,20,-2.103
growth_yoy,2019-08-01,20,-3.38
growth_yoy,2019-09-01,20,-4.292
growth_yoy,2019-10-01,20,-5.056
growth_yoy,2019-11-01,20,-4.491
growth_yoy,2019-12-01,20,-3.521
growth_yoy,2020-01-01,20,-2.76
growth_yoy,2020-02-01,20,-2.228
growth_yoy,2020-03-01,20,-3.606
growth_yoy,2020-04-01,20,-4.233
growth_yoy,2020-05-01,20,-3.375
growth_yoy,2020-06-01,20,-4.103
growth_yoy,2020-07-01,20,-4.118
growth_yoy,2020-08-01,20,-4.664
growth_yoy,2020-09-01,20,-4.664
growth_yoy,2020-10-01,20,-3.881
growth_yoy,2020-11-01,20,-3.255
growth_yoy,2020-12-01,20,-2.464
growth_yoy,2021-01-01,20,-0.916
growth_yoy,2021-02-01,20,0.82
growth_yoy,2021-03-01,20,2.007
growth_yoy,2021-04-01,20,4.052
growth_yoy,2021-05-01,20,5.331
growth_yoy,2021-06-01,20,8.558
growth_yoy,2021-07-01,20,10.177
growth_yoy,2021-08-01,20,11.759
growth_yoy,2021-09-01,20,12.418
growth_yoy,2021-10-01,20,12.113
growth_yoy,2021-11-01,20,12.897
growth_yoy,2021-12-01,20,13.471
growth_yoy,2022-01-01,20,12.939
growth_yoy,2022-02-01,20,11.302
growth_yoy,2022-03-01,20,11.449
growth_yoy,2022-04-01,20,12.035
growth_yoy,2022-05-01,20,11.431
growth_yoy,2022-06-01,20,10.54
growth_yoy,2022-07-01,20,10.085
growth_yoy,2022-08-01,20,8.333
growth_yoy,2022-09-01,20,6.192
growth_yoy,2022-10-01,20,4.188
growth_yoy,2022-11-01,20,3.146
growth_yoy,2022-12-01,20,3.05
growth_yoy,2023-01-01,20,0.818
growth_yoy,2023-02-01,20,-0.731
growth_yoy,2023-03-01,20,-2.167
growth_yoy,2023-04-01,20,-3.002
growth_yoy,2023-05-01,20,-3.446
growth_yoy,2023-06-01,20,-5.659
growth_yoy,2023-07-01,20,-6.851
growth_yoy,2023-08-01,20,-6.605
growth_yoy,2023-09-01,20,-5.201
growth_yoy,2023-10-01,20,-2.01
growth_yoy,2023-11-01,20,-1.926
growth_yoy,2023-12-01,20,-2.56
growth_yoy,2024-01-01,20,-1.299
growth_yoy,2024-02-01,20,0.164
growth_yoy,2024-03-01,20,1.395
growth_yoy,2024-04-01,20,0.57
growth_yoy,2024-05-01,20,0.487
growth_yoy,2024-06-01,20,1.315
growth_yoy,2024-07-01,20,1.405
growth_yoy,2024-08-01,20,1.83
growth_yoy,2024-09-01,20,-0.831
growth_yoy,2024-10-01,20,-4.512
growth_yoy,2024-11-01,20,-5.074
growth_yoy,2024-12-01,20,-4.762
growth_yoy,2025-01-01,20,-3.947
growth_yoy,2025-02-01,20,-3.922
growth_yoy,2025-03-01,20,-5.744
growth_yoy,2025-04-01,20,-6.235
growth_yoy,2025-05-01,20,-6.215
growth_yoy,2025-06-01,20,-6.407
growth_yoy,2025-07-01,20,-7.416
growth_yoy,2025-08-01,20,-7.108
growth_yoy,2025-09-01,20,-5.281
growth_yoy,2025-10-01,20,-3.007
growth_yoy,2025-11-01,20,-2.672
growth_yoy,2025-12-01,20,-2.931
growth_yoy,2026-01-01,20,-4.11
growth_yoy,2026-02-01,20,-5.697
growth_yoy,2026-03-01,20,-4.378
growth_yoy,2026-04-01,20,-1.986
growth_yoy,2026-05-01,20,0.43
growth_yoy,2026-06-01,20,3.64
growth_yoy,2026-07-01,20,6.25
growth_mom,2015-02-01,20,-0.434
growth_mom,2015-03-01,20,2.094
growth_mom,2015-04-01,20,0.171
growth_mom,2015-05-01,20,-0.256
growth_mom,2015-06-01,20,0.513
growth_mom,2015-07-01,20,0.766
growth_mom,2015-08-01,20,-2.196
growth_mom,2015-09-01,20,0.173
growth_mom,2015-10-01,20,-1.638
growth_mom,2015-11-01,20,1.052
growth_mom,2015-12-01,20,-1.388
growth_mom,2016-01-01,20,-0.616
growth_mom,2016-02-01,20,-2.655
growth_mom,2016-03-01,20,-0.636
growth_mom,2016-04-01,20,1.647
growth_mom,2016-05-01,20,1.35
growth_mom,2016-06-01,20,0.622
growth_mom,2016-07-01,20,-1.677
growth_mom,2016-08-01,20,-0.18
growth_mom,2016-09-01,20,0.989
growth_mom,2016-10-01,20,0.267
growth_mom,2016-11-01,20,2.309
growth_mom,2016-12-01,20,0.087
growth_mom,2017-01-01,20,0.26
growth_mom,2017-02-01,20,0.519
growth_mom,2017-03-01,20,0.688
growth_mom,2017-04-01,20,0.256
growth_mom,2017-05-01,20,0.512
growth_mom,2017-06-01,20,-1.781
growth_mom,2017-07-01,20,-1.813
growth_mom,2017-08-01,20,0.088
growth_mom,2017-09-01,20,0.703
growth_mom,2017-10-01,20,0.698
growth_mom,2017-11-01,20,1.127
growth_mom,2017-12-01,20,-0.086
growth_mom,2018-01-01,20,0.0
growth_mom,2018-02-01,20,-0.257
growth_mom,2018-03-01,20,0.344
growth_mom,2018-04-01,20,0.428
growth_mom,2018-05-01,20,-0.683
growth_mom,2018-06-01,20,-1.203
growth_mom,2018-07-01,20,-0.783
growth_mom,2018-08-01,20,1.139
growth_mom,2018-09-01,20,0.953
growth_mom,2018-10-01,20,0.172
growth_mom,2018-11-01,20,-0.771
growth_mom,2018-12-01,20,-1.9
growth_mom,2019-01-01,20,-1.144
growth_mom,2019-02-01,20,-0.089
growth_mom,2019-03-01,20,1.337
growth_mom,2019-04-01,20,-0.264
growth_mom,2019-05-01,20,-0.705
growth_mom,2019-06-01,20,-0.444
growth_mom,2019-07-01,20,-0.357
growth_mom,2019-08-01,20,-0.179
growth_mom,2019-09-01,20,0.0
growth_mom,2019-10-01,20,-0.628
growth_mom,2019-11-01,20,-0.181
growth_mom,2019-12-01,20,-0.904
growth_mom,2020-01-01,20,-0.365
growth_mom,2020-02-01,20,0.458
growth_mom,2020-03-01,20,-0.091
growth_mom,2020-04-01,20,-0.912
growth_mom,2020-05-01,20,0.184
growth_mom,2020-06-01,20,-1.195
growth_mom,2020-07-01,20,-0.372
growth_mom,2020-08-01,20,-0.747
growth_mom,2020-09-01,20,0.0
growth_mom,2020-10-01,20,0.188
growth_mom,2020-11-01,20,0.469
growth_mom,2020-12-01,20,-0.093
growth_mom,2021-01-01,20,1.216
growth_mom,2021-02-01,20,2.218
growth_mom,2021-03-01,20,1.085
growth_mom,2021-04-01,20,1.073
growth_mom,2021-05-01,20,1.416
growth_mom,2021-06-01,20,1.832
growth_mom,2021-07-01,20,1.114
growth_mom,2021-08-01,20,0.678
growth_mom,2021-09-01,20,0.589
growth_mom,2021-10-01,20,-0.084
growth_mom,2021-11-01,20,1.173
growth_mom,2021-12-01,20,0.414
growth_mom,2022-01-01,20,0.742
growth_mom,2022-02-01,20,0.736
growth_mom,2022-03-01,20,1.219
growth_mom,2022-04-01,20,1.605
growth_mom,2022-05-01,20,0.869
growth_mom,2022-06-01,20,1.018
growth_mom,2022-07-01,20,0.698
growth_mom,2022-08-01,20,-0.924
growth_mom,2022-09-01,20,-1.399
growth_mom,2022-10-01,20,-1.97
growth_mom,2022-11-01,20,0.161
growth_mom,2022-12-01,20,0.321
growth_mom,2023-01-01,20,-1.44
growth_mom,2023-02-01,20,-0.812
growth_mom,2023-03-01,20,-0.245
growth_mom,2023-04-01,20,0.738
growth_mom,2023-05-01,20,0.407
growth_mom,2023-06-01,20,-1.298
growth_mom,2023-07-01,20,-0.575
growth_mom,2023-08-01,20,-0.661
growth_mom,2023-09-01,20,0.083
growth_mom,2023-10-01,20,1.33
growth_mom,2023-11-01,20,0.246
growth_mom,2023-12-01,20,-0.327
growth_mom,2024-01-01,20,-0.164
growth_mom,2024-02-01,20,0.658
growth_mom,2024-03-01,20,0.98
growth_mom,2024-04-01,20,-0.081
growth_mom,2024-05-01,20,0.324
growth_mom,2024-06-01,20,-0.484
growth_mom,2024-07-01,20,-0.487
growth_mom,2024-08-01,20,-0.244
growth_mom,2024-09-01,20,-2.533
growth_mom,2024-10-01,20,-2.431
growth_mom,2024-11-01,20,-0.344
growth_mom,2024-12-01,20,0.0
growth_mom,2025-01-01,20,0.69
growth_mom,2025-02-01,20,0.685
growth_mom,2025-03-01,20,-0.935
growth_mom,2025-04-01,20,-0.601
growth_mom,2025-05-01,20,0.345
growth_mom,2025-06-01,20,-0.688
growth_mom,2025-07-01,20,-1.56
growth_mom,2025-08-01,20,0.088
growth_mom,2025-09-01,20,-0.616
growth_mom,2025-10-01,20,-0.088
growth_mom,2025-11-01,20,0.0
growth_mom,2025-12-01,20,-0.266
growth_mom,2026-01-01,20,-0.533
growth_mom,2026-02-01,20,-0.982
growth_mom,2026-03-01,20,0.451
growth_mom,2026-04-01,20,1.885
growth_mom,2026-05-01,20,2.819
growth_mom,2026-06-01,20,2.485
growth_mom,2026-07-01,20,0.92
abs,2015-01-01,21,106.9
abs,2015-02-01,21,106.7
abs,2015-03-01,21,106.8
abs,2015-04-01,21,107.4
abs,2015-05-01,21,107.4
abs,2015-06-01,21,107.3
abs,2015-07-01,21,107.4
abs,2015-08-01,21,107.2
abs,2015-09-01,21,107.4
abs,2015-10-01,21,109.3
abs,2015-11-01,21,109.3
abs,2015-12-01,21,109.2
abs,2016-01-01,21,109.5
abs,2016-02-01,21,109.5
abs,2016-03-01,21,109.3
abs,2016-04-01,21,109.7
abs,2016-05-01,21,110.7
abs,2016-06-01,21,110.9
abs,2016-07-01,21,111.2
abs,2016-08-01,21,111.6
abs,2016-09-01,21,110.9
abs,2016-10-01,21,111.7
abs,2016-11-01,21,111.2
abs,2016-12-01,21,112.2
abs,2017-01-01,21,112.2
abs,2017-02-01,21,113.7
abs,2017-03-01,21,113.9
abs,2017-04-01,21,113.3
abs,2017-05-01,21,112.5
abs,2017-06-01,21,111.4
abs,2017-07-01,21,111.8
abs,2017-08-01,21,112.8
abs,2017-09-01,21,114.2
abs,2017-10-01,21,113.9
abs,2017-11-01,21,113.8
abs,2017-12-01,21,93.5
abs,2018-01-01,21,119.1
abs,2018-02-01,21,114.5
abs,2018-03-01,21,114.8
abs,2018-04-01,21,114.3
abs,2018-05-01,21,116.7
abs,2018-06-01,21,117.8
abs,2018-07-01,21,119.1
abs,2018-08-01,21,119.6
abs,2018-09-01,21,119.2
abs,2018-10-01,21,117.5
abs,2018-11-01,21,119.0
abs,2018-12-01,21,118.3
abs,2019-01-01,21,119.5
abs,2019-02-01,21,120.1
abs,2019-03-01,21,120.9
abs,2019-04-01,21,119.9
abs,2019-05-01,21,119.5
abs,2019-06-01,21,119.5
abs,2019-07-01,21,118.6
abs,2019-08-01,21,119.4
abs,2019-09-01,21,118.3
abs,2019-10-01,21,117.4
abs,2019-11-01,21,118.5
abs,2019-12-01,21,119.1
abs,2020-01-01,21,120.6
abs,2020-02-01,21,118.0
abs,2020-03-01,21,115.8
abs,2020-04-01,21,115.2
abs,2020-05-01,21,117.2
abs,2020-06-01,21,116.2
abs,2020-07-01,21,114.4
abs,2020-08-01,21,114.7
abs,2020-09-01,21,113.8
abs,2020-10-01,21,113.7
abs,2020-11-01,21,111.3
abs,2020-12-01,21,110.2
abs,2021-01-01,21,111.7
abs,2021-02-01,21,112.0
abs,2021-03-01,21,112.5
abs,2021-04-01,21,112.3
abs,2021-05-01,21,112.6
abs,2021-06-01,21,111.9
abs,2021-07-01,21,112.3
abs,2021-08-01,21,112.0
abs,2021-09-01,21,112.3
abs,2021-10-01,21,112.7
abs,2021-11-01,21,112.6
abs,2021-12-01,21,112.5
abs,2022-01-01,21,112.2
abs,2022-02-01,21,112.0
abs,2022-03-01,21,112.8
abs,2022-04-01,21,114.0
abs,2022-05-01,21,114.9
abs,2022-06-01,21,115.1
abs,2022-07-01,21,114.5
abs,2022-08-01,21,115.2
abs,2022-09-01,21,116.7
abs,2022-10-01,21,117.3
abs,2022-11-01,21,117.4
abs,2022-12-01,21,117.5
abs,2023-01-01,21,120.9
abs,2023-02-01,21,120.0
abs,2023-03-01,21,120.4
abs,2023-04-01,21,121.8
abs,2023-05-01,21,120.8
abs,2023-06-01,21,119.1
abs,2023-07-01,21,119.9
abs,2023-08-01,21,121.8
abs,2023-09-01,21,123.5
abs,2023-10-01,21,123.8
abs,2023-11-01,21,123.0
abs,2023-12-01,21,121.3
abs,2024-01-01,21,120.8
abs,2024-02-01,21,122.9
abs,2024-03-01,21,122.8
abs,2024-04-01,21,120.2
abs,2024-05-01,21,119.1
abs,2024-06-01,21,119.5
abs,2024-07-01,21,121.2
abs,2024-08-01,21,119.3
abs,2024-09-01,21,120.6
abs,2024-10-01,21,120.9
abs,2024-11-01,21,121.9
abs,2024-12-01,21,123.4
abs,2025-01-01,21,122.9
abs,2025-02-01,21,125.0
abs,2025-03-01,21,124.8
abs,2025-04-01,21,124.6
abs,2025-05-01,21,125.8
abs,2025-06-01,21,126.8
abs,2025-07-01,21,125.5
abs,2025-08-01,21,126.6
abs,2025-09-01,21,129.1
abs,2025-10-01,21,128.9
abs,2025-11-01,21,126.6
abs,2025-12-01,21,124.8
abs,2026-01-01,21,121.5
abs,2026-02-01,21,120.9
abs,2026-03-01,21,119.6
abs,2026-04-01,21,119.4
abs,2026-05-01,21,120.5
abs,2026-06-01,21,122.1
abs,2026-07-01,21,118.8
growth_yoy,2016-01-01,21,2.432
growth_yoy,2016-02-01,21,2.624
growth_yoy,2016-03-01,21,2.341
growth_yoy,2016-04-01,21,2.142
growth_yoy,2016-05-01,21,3.073
growth_yoy,2016-06-01,21,3.355
growth_yoy,2016-07-01,21,3.538
growth_yoy,2016-08-01,21,4.104
growth_yoy,2016-09-01,21,3.259
growth_yoy,2016-10-01,21,2.196
growth_yoy,2016-11-01,21,1.738
growth_yoy,2016-12-01,21,2.747
growth_yoy,2017-01-01,21,2.466
growth_yoy,2017-02-01,21,3.836
growth_yoy,2017-03-01,21,4.209
growth_yoy,2017-04-01,21,3.282
growth_yoy,2017-05-01,21,1.626
growth_yoy,2017-06-01,21,0.451
growth_yoy,2017-07-01,21,0.54
growth_yoy,2017-08-01,21,1.075
growth_yoy,2017-09-01,21,2.976
growth_yoy,2017-10-01,21,1.97
growth_yoy,2017-11-01,21,2.338
growth_yoy,2017-12-01,21,-16.667
growth_yoy,2018-01-01,21,6.15
growth_yoy,2018-02-01,21,0.704
growth_yoy,2018-03-01,21,0.79
growth_yoy,2018-04-01,21,0.883
growth_yoy,2018-05-01,21,3.733
growth_yoy,2018-06-01,21,5.745
growth_yoy,2018-07-01,21,6.53
growth_yoy,2018-08-01,21,6.028
growth_yoy,2018-09-01,21,4.378
growth_yoy,2018-10-01,21,3.161
growth_yoy,2018-11-01,21,4.569
growth_yoy,2018-12-01,21,26.524
growth_yoy,2019-01-01,21,0.336
growth_yoy,2019-02-01,21,4.891
growth_yoy,2019-03-01,21,5.314
growth_yoy,2019-04-01,21,4.899
growth_yoy,2019-05-01,21,2.399
growth_yoy,2019-06-01,21,1.443
growth_yoy,2019-07-01,21,-0.42
growth_yoy,2019-08-01,21,-0.167
growth_yoy,2019-09-01,21,-0.755
growth_yoy,2019-10-01,21,-0.085
growth_yoy,2019-11-01,21,-0.42
growth_yoy,2019-12-01,21,0.676
growth_yoy,2020-01-01,21,0.921
growth_yoy,2020-02-01,21,-1.749
growth_yoy,2020-03-01,21,-4.218
growth_yoy,2020-04-01,21,-3.92
growth_yoy,2020-05-01,21,-1.925
growth_yoy,2020-06-01,21,-2.762
growth_yoy,2020-07-01,21,-3.541
growth_yoy,2020-08-01,21,-3.936
growth_yoy,2020-09-01,21,-3.804
growth_yoy,2020-10-01,21,-3.152
growth_yoy,2020-11-01,21,-6.076
growth_yoy,2020-12-01,21,-7.473
growth_yoy,2021-01-01,21,-7.38
growth_yoy,2021-02-01,21,-5.085
growth_yoy,2021-03-01,21,-2.85
growth_yoy,2021-04-01,21,-2.517
growth_yoy,2021-05-01,21,-3.925
growth_yoy,2021-06-01,21,-3.701
growth_yoy,2021-07-01,21,-1.836
growth_yoy,2021-08-01,21,-2.354
growth_yoy,2021-09-01,21,-1.318
growth_yoy,2021-10-01,21,-0.88
growth_yoy,2021-11-01,21,1.168
growth_yoy,2021-12-01,21,2.087
growth_yoy,2022-01-01,21,0.448
growth_yoy,2022-02-01,21,0.0
growth_yoy,2022-03-01,21,0.267
growth_yoy,2022-04-01,21,1.514
growth_yoy,2022-05-01,21,2.043
growth_yoy,2022-06-01,21,2.86
growth_yoy,2022-07-01,21,1.959
growth_yoy,2022-08-01,21,2.857
growth_yoy,2022-09-01,21,3.918
growth_yoy,2022-10-01,21,4.082
growth_yoy,2022-11-01,21,4.263
growth_yoy,2022-12-01,21,4.444
growth_yoy,2023-01-01,21,7.754
growth_yoy,2023-02-01,21,7.143
growth_yoy,2023-03-01,21,6.738
growth_yoy,2023-04-01,21,6.842
growth_yoy,2023-05-01,21,5.135
growth_yoy,2023-06-01,21,3.475
growth_yoy,2023-07-01,21,4.716
growth_yoy,2023-08-01,21,5.729
growth_yoy,2023-09-01,21,5.827
growth_yoy,2023-10-01,21,5.541
growth_yoy,2023-11-01,21,4.77
growth_yoy,2023-12-01,21,3.234
growth_yoy,2024-01-01,21,-0.083
growth_yoy,2024-02-01,21,2.417
growth_yoy,2024-03-01,21,1.993
growth_yoy,2024-04-01,21,-1.314
growth_yoy,2024-05-01,21,-1.407
growth_yoy,2024-06-01,21,0.336
growth_yoy,2024-07-01,21,1.084
growth_yoy,2024-08-01,21,-2.053
growth_yoy,2024-09-01,21,-2.348
growth_yoy,2024-10-01,21,-2.342
growth_yoy,2024-11-01,21,-0.894
growth_yoy,2024-12-01,21,1.731
growth_yoy,2025-01-01,21,1.738
growth_yoy,2025-02-01,21,1.709
growth_yoy,2025-03-01,21,1.629
growth_yoy,2025-04-01,21,3.661
growth_yoy,2025-05-01,21,5.626
growth_yoy,2025-06-01,21,6.109
growth_yoy,2025-07-01,21,3.548
growth_yoy,2025-08-01,21,6.119
growth_yoy,2025-09-01,21,7.048
growth_yoy,2025-10-01,21,6.617
growth_yoy,2025-11-01,21,3.856
growth_yoy,2025-12-01,21,1.135
growth_yoy,2026-01-01,21,-1.139
growth_yoy,2026-02-01,21,-3.28
growth_yoy,2026-03-01,21,-4.167
growth_yoy,2026-04-01,21,-4.173
growth_yoy,2026-05-01,21,-4.213
growth_yoy,2026-06-01,21,-3.707
growth_yoy,2026-07-01,21,-5.339
growth_mom,2015-02-01,21,-0.187
growth_mom,2015-03-01,21,0.094
growth_mom,2015-04-01,21,0.562
growth_mom,2015-05-01,21,0.0
growth_mom,2015-06-01,21,-0.093
growth_mom,2015-07-01,21,0.093
growth_mom,2015-08-01,21,-0.186
growth_mom,2015-09-01,21,0.187
growth_mom,2015-10-01,21,1.769
growth_mom,2015-11-01,21,0.0
growth_mom,2015-12-01,21,-0.091
growth_mom,2016-01-01,21,0.275
growth_mom,2016-02-01,21,0.0
growth_mom,2016-03-01,21,-0.183
growth_mom,2016-04-01,21,0.366
growth_mom,2016-05-01,21,0.912
growth_mom,2016-06-01,21,0.181
growth_mom,2016-07-01,21,0.271
growth_mom,2016-08-01,21,0.36
growth_mom,2016-09-01,21,-0.627
growth_mom,2016-10-01,21,0.721
growth_mom,2016-11-01,21,-0.448
growth_mom,2016-12-01,21,0.899
growth_mom,2017-01-01,21,0.0
growth_mom,2017-02-01,21,1.337
growth_mom,2017-03-01,21,0.176
growth_mom,2017-04-01,21,-0.527
growth_mom,2017-05-01,21,-0.706
growth_mom,2017-06-01,21,-0.978
growth_mom,2017-07-01,21,0.359
growth_mom,2017-08-01,21,0.894
growth_mom,2017-09-01,21,1.241
growth_mom,2017-10-01,21,-0.263
growth_mom,2017-11-01,21,-0.088
growth_mom,2017-12-01,21,-17.838
growth_mom,2018-01-01,21,27.38
growth_mom,2018-02-01,21,-3.862
growth_mom,2018-03-01,21,0.262
growth_mom,2018-04-01,21,-0.436
growth_mom,2018-05-01,21,2.1
growth_mom,2018-06-01,21,0.943
growth_mom,2018-07-01,21,1.104
growth_mom,2018-08-01,21,0.42
growth_mom,2018-09-01,21,-0.334
growth_mom,2018-10-01,21,-1.426
growth_mom,2018-11-01,21,1.277
growth_mom,2018-12-01,21,-0.588
growth_mom,2019-01-01,21,1.014
growth_mom,2019-02-01,21,0.502
growth_mom,2019-03-01,21,0.666
growth_mom,2019-04-01,21,-0.827
growth_mom,2019-05-01,21,-0.334
growth_mom,2019-06-01,21,0.0
growth_mom,2019-07-01,21,-0.753
growth_mom,2019-08-01,21,0.675
growth_mom,2019-09-01,21,-0.921
growth_mom,2019-10-01,21,-0.761
growth_mom,2019-11-01,21,0.937
growth_mom,2019-12-01,21,0.506
growth_mom,2020-01-01,21,1.259
growth_mom,2020-02-01,21,-2.156
growth_mom,2020-03-01,21,-1.864
growth_mom,2020-04-01,21,-0.518
growth_mom,2020-05-01,21,1.736
growth_mom,2020-06-01,21,-0.853
growth_mom,2020-07-01,21,-1.549
growth_mom,2020-08-01,21,0.262
growth_mom,2020-09-01,21,-0.785
growth_mom,2020-10-01,21,-0.088
growth_mom,2020-11-01,21,-2.111
growth_mom,2020-12-01,21,-0.988
growth_mom,2021-01-01,21,1.361
growth_mom,2021-02-01,21,0.269
growth_mom,2021-03-01,21,0.446
growth_mom,2021-04-01,21,-0.178
growth_mom,2021-05-01,21,0.267
growth_mom,2021-06-01,21,-0.622
growth_mom,2021-07-01,21,0.357
growth_mom,2021-08-01,21,-0.267
growth_mom,2021-09-01,21,0.268
growth_mom,2021-10-01,21,0.356
growth_mom,2021-11-01,21,-0.089
growth_mom,2021-12-01,21,-0.089
growth_mom,2022-01-01,21,-0.267
growth_mom,2022-02-01,21,-0.178
growth_mom,2022-03-01,21,0.714
growth_mom,2022-04-01,21,1.064
growth_mom,2022-05-01,21,0.789
growth_mom,2022-06-01,21,0.174
growth_mom,2022-07-01,21,-0.521
growth_mom,2022-08-01,21,0.611
growth_mom,2022-09-01,21,1.302
growth_mom,2022-10-01,21,0.514
growth_mom,2022-11-01,21,0.085
growth_mom,2022-12-01,21,0.085
growth_mom,2023-01-01,21,2.894
growth_mom,2023-02-01,21,-0.744
growth_mom,2023-03-01,21,0.333
growth_mom,2023-04-01,21,1.163
growth_mom,2023-05-01,21,-0.821
growth_mom,2023-06-01,21,-1.407
growth_mom,2023-07-01,21,0.672
growth_mom,2023-08-01,21,1.585
growth_mom,2023-09-01,21,1.396
growth_mom,2023-10-01,21,0.243
growth_mom,2023-11-01,21,-0.646
growth_mom,2023-12-01,21,-1.382
growth_mom,2024-01-01,21,-0.412
growth_mom,2024-02-01,21,1.738
growth_mom,2024-03-01,21,-0.081
growth_mom,2024-04-01,21,-2.117
growth_mom,2024-05-01,21,-0.915
growth_mom,2024-06-01,21,0.336
growth_mom,2024-07-01,21,1.423
growth_mom,2024-08-01,21,-1.568
growth_mom,2024-09-01,21,1.09
growth_mom,2024-10-01,21,0.249
growth_mom,2024-11-01,21,0.827
growth_mom,2024-12-01,21,1.231
growth_mom,2025-01-01,21,-0.405
growth_mom,2025-02-01,21,1.709
growth_mom,2025-03-01,21,-0.16
growth_mom,2025-04-01,21,-0.16
growth_mom,2025-05-01,21,0.963
growth_mom,2025-06-01,21,0.795
growth_mom,2025-07-01,21,-1.025
growth_mom,2025-08-01,21,0.876
growth_mom,2025-09-01,21,1.975
growth_mom,2025-10-01,21,-0.155
growth_mom,2025-11-01,21,-1.784
growth_mom,2025-12-01,21,-1.422
growth_mom,2026-01-01,21,-2.644
growth_mom,2026-02-01,21,-0.494
growth_mom,2026-03-01,21,-1.075
growth_mom,2026-04-01,21,-0.167
growth_mom,2026-05-01,21,0.921
growth_mom,2026-06-01,21,1.328
growth_mom,2026-07-01,21,-2.703
abs,2015-01-01,22,95.5
abs,2015-02-01,22,95.5
abs,2015-03-01,22,95.5
abs,2015-04-01,22,95.8
abs,2015-05-01,22,96.1
abs,2015-06-01,22,96.9
abs,2015-07-01,22,97.2
abs,2015-08-01,22,96.8
abs,2015-09-01,22,97.3
abs,2015-10-01,22,96.9
abs,2015-11-01,22,96.5
abs,2015-12-01,22,95.9
abs,2016-01-01,22,95.9
abs,2016-02-01,22,95.7
abs,2016-03-01,22,95.3
abs,2016-04-01,22,96.5
abs,2016-05-01,22,96.9
abs,2016-06-01,22,97.0
abs,2016-07-01,22,96.8
abs,2016-08-01,22,97.0
abs,2016-09-01,22,97.5
abs,2016-10-01,22,97.9
abs,2016-11-01,22,98.6
abs,2016-12-01,22,100.6
abs,2017-01-01,22,103.0
abs,2017-02-01,22,104.0
abs,2017-03-01,22,103.9
abs,2017-04-01,22,103.4
abs,2017-05-01,22,102.6
abs,2017-06-01,22,101.9
abs,2017-07-01,22,101.0
abs,2017-08-01,22,101.0
abs,2017-09-01,22,101.0
abs,2017-10-01,22,100.5
abs,2017-11-01,22,99.7
abs,2017-12-01,22,99.6
abs,2018-01-01,22,98.4
abs,2018-02-01,22,98.3
abs,2018-03-01,22,97.6
abs,2018-04-01,22,97.3
abs,2018-05-01,22,97.1
abs,2018-06-01,22,96.8
abs,2018-07-01,22,97.3
abs,2018-08-01,22,97.0
abs,2018-09-01,22,96.9
abs,2018-10-01,22,97.1
abs,2018-11-01,22,97.0
abs,2018-12-01,22,95.9
abs,2019-01-01,22,95.8
abs,2019-02-01,22,95.4
abs,2019-03-01,22,95.3
abs,2019-04-01,22,95.7
abs,2019-05-01,22,96.2
abs,2019-06-01,22,96.2
abs,2019-07-01,22,96.4
abs,2019-08-01,22,95.9
abs,2019-09-01,22,95.9
abs,2019-10-01,22,95.5
abs,2019-11-01,22,95.2
abs,2019-12-01,22,95.3
abs,2020-01-01,22,100.7
abs,2020-02-01,22,94.4
abs,2020-03-01,22,94.1
abs,2020-04-01,22,94.1
abs,2020-05-01,22,94.0
abs,2020-06-01,22,94.2
abs,2020-07-01,22,94.2
abs,2020-08-01,22,94.6
abs,2020-09-01,22,94.8
abs,2020-10-01,22,95.3
abs,2020-11-01,22,96.4
abs,2020-12-01,22,97.8
abs,2021-01-01,22,98.3
abs,2021-02-01,22,98.8
abs,2021-03-01,22,99.8
abs,2021-04-01,22,100.8
abs,2021-05-01,22,101.0
abs,2021-06-01,22,101.5
abs,2021-07-01,22,101.6
abs,2021-08-01,22,101.6
abs,2021-09-01,22,102.0
abs,2021-10-01,22,102.3
abs,2021-11-01,22,102.1
abs,2021-12-01,22,101.9
abs,2022-01-01,22,102.0
abs,2022-02-01,22,101.7
abs,2022-03-01,22,102.0
abs,2022-04-01,22,101.7
abs,2022-05-01,22,100.9
abs,2022-06-01,22,101.5
abs,2022-07-01,22,102.0
abs,2022-08-01,22,102.2
abs,2022-09-01,22,102.9
abs,2022-10-01,22,101.6
abs,2022-11-01,22,101.7
abs,2022-12-01,22,101.4
abs,2023-01-01,22,100.7
abs,2023-02-01,22,100.1
abs,2023-03-01,22,100.3
abs,2023-04-01,22,100.6
abs,2023-05-01,22,100.6
abs,2023-06-01,22,100.9
abs,2023-07-01,22,101.3
abs,2023-08-01,22,101.2
abs,2023-09-01,22,100.7
abs,2023-10-01,22,101.4
abs,2023-11-01,22,101.4
abs,2023-12-01,22,101.3
abs,2024-01-01,22,100.9
abs,2024-02-01,22,100.3
abs,2024-03-01,22,100.8
abs,2024-04-01,22,101.5
abs,2024-05-01,22,101.7
abs,2024-06-01,22,101.5
abs,2024-07-01,22,101.4
abs,2024-08-01,22,101.7
abs,2024-09-01,22,102.1
abs,2024-10-01,22,101.9
abs,2024-11-01,22,101.5
abs,2024-12-01,22,102.2
abs,2025-01-01,22,102.2
abs,2025-02-01,22,101.8
abs,2025-03-01,22,101.9
abs,2025-04-01,22,101.4
abs,2025-05-01,22,101.3
abs,2025-06-01,22,100.9
abs,2025-07-01,22,100.4
abs,2025-08-01,22,99.7
abs,2025-09-01,22,99.7
abs,2025-10-01,22,99.6
abs,2025-11-01,22,99.4
abs,2025-12-01,22,99.2
abs,2026-01-01,22,99.3
abs,2026-02-01,22,99.3
abs,2026-03-01,22,100.7
abs,2026-04-01,22,103.0
abs,2026-05-01,22,103.7
abs,2026-06-01,22,105.5
abs,2026-07-01,22,106.4
growth_yoy,2016-01-01,22,0.419
growth_yoy,2016-02-01,22,0.209
growth_yoy,2016-03-01,22,-0.209
growth_yoy,2016-04-01,22,0.731
growth_yoy,2016-05-01,22,0.832
growth_yoy,2016-06-01,22,0.103
growth_yoy,2016-07-01,22,-0.412
growth_yoy,2016-08-01,22,0.207
growth_yoy,2016-09-01,22,0.206
growth_yoy,2016-10-01,22,1.032
growth_yoy,2016-11-01,22,2.176
growth_yoy,2016-12-01,22,4.901
growth_yoy,2017-01-01,22,7.404
growth_yoy,2017-02-01,22,8.673
growth_yoy,2017-03-01,22,9.024
growth_yoy,2017-04-01,22,7.15
growth_yoy,2017-05-01,22,5.882
growth_yoy,2017-06-01,22,5.052
growth_yoy,2017-07-01,22,4.339
growth_yoy,2017-08-01,22,4.124
growth_yoy,2017-09-01,22,3.59
growth_yoy,2017-10-01,22,2.656
growth_yoy,2017-11-01,22,1.116
growth_yoy,2017-12-01,22,-0.994
growth_yoy,2018-01-01,22,-4.466
growth_yoy,2018-02-01,22,-5.481
growth_yoy,2018-03-01,22,-6.064
growth_yoy,2018-04-01,22,-5.899
growth_yoy,2018-05-01,22,-5.361
growth_yoy,2018-06-01,22,-5.005
growth_yoy,2018-07-01,22,-3.663
growth_yoy,2018-08-01,22,-3.96
growth_yoy,2018-09-01,22,-4.059
growth_yoy,2018-10-01,22,-3.383
growth_yoy,2018-11-01,22,-2.708
growth_yoy,2018-12-01,22,-3.715
growth_yoy,2019-01-01,22,-2.642
growth_yoy,2019-02-01,22,-2.95
growth_yoy,2019-03-01,22,-2.357
growth_yoy,2019-04-01,22,-1.644
growth_yoy,2019-05-01,22,-0.927
growth_yoy,2019-06-01,22,-0.62
growth_yoy,2019-07-01,22,-0.925
growth_yoy,2019-08-01,22,-1.134
growth_yoy,2019-09-01,22,-1.032
growth_yoy,2019-10-01,22,-1.648
growth_yoy,2019-11-01,22,-1.856
growth_yoy,2019-12-01,22,-0.626
growth_yoy,2020-01-01,22,5.115
growth_yoy,2020-02-01,22,-1.048
growth_yoy,2020-03-01,22,-1.259
growth_yoy,2020-04-01,22,-1.672
growth_yoy,2020-05-01,22,-2.287
growth_yoy,2020-06-01,22,-2.079
growth_yoy,2020-07-01,22,-2.282
growth_yoy,2020-08-01,22,-1.356
growth_yoy,2020-09-01,22,-1.147
growth_yoy,2020-10-01,22,-0.209
growth_yoy,2020-11-01,22,1.261
growth_yoy,2020-12-01,22,2.623
growth_yoy,2021-01-01,22,-2.383
growth_yoy,2021-02-01,22,4.661
growth_yoy,2021-03-01,22,6.057
growth_yoy,2021-04-01,22,7.12
growth_yoy,2021-05-01,22,7.447
growth_yoy,2021-06-01,22,7.749
growth_yoy,2021-07-01,22,7.856
growth_yoy,2021-08-01,22,7.4
growth_yoy,2021-09-01,22,7.595
growth_yoy,2021-10-01,22,7.345
growth_yoy,2021-11-01,22,5.913
growth_yoy,2021-12-01,22,4.192
growth_yoy,2022-01-01,22,3.764
growth_yoy,2022-02-01,22,2.935
growth_yoy,2022-03-01,22,2.204
growth_yoy,2022-04-01,22,0.893
growth_yoy,2022-05-01,22,-0.099
growth_yoy,2022-06-01,22,0.0
growth_yoy,2022-07-01,22,0.394
growth_yoy,2022-08-01,22,0.591
growth_yoy,2022-09-01,22,0.882
growth_yoy,2022-10-01,22,-0.684
growth_yoy,2022-11-01,22,-0.392
growth_yoy,2022-12-01,22,-0.491
growth_yoy,2023-01-01,22,-1.275
growth_yoy,2023-02-01,22,-1.573
growth_yoy,2023-03-01,22,-1.667
growth_yoy,2023-04-01,22,-1.082
growth_yoy,2023-05-01,22,-0.297
growth_yoy,2023-06-01,22,-0.591
growth_yoy,2023-07-01,22,-0.686
growth_yoy,2023-08-01,22,-0.978
growth_yoy,2023-09-01,22,-2.138
growth_yoy,2023-10-01,22,-0.197
growth_yoy,2023-11-01,22,-0.295
growth_yoy,2023-12-01,22,-0.099
growth_yoy,2024-01-01,22,0.199
growth_yoy,2024-02-01,22,0.2
growth_yoy,2024-03-01,22,0.499
growth_yoy,2024-04-01,22,0.895
growth_yoy,2024-05-01,22,1.093
growth_yoy,2024-06-01,22,0.595
growth_yoy,2024-07-01,22,0.099
growth_yoy,2024-08-01,22,0.494
growth_yoy,2024-09-01,22,1.39
growth_yoy,2024-10-01,22,0.493
growth_yoy,2024-11-01,22,0.099
growth_yoy,2024-12-01,22,0.888
growth_yoy,2025-01-01,22,1.288
growth_yoy,2025-02-01,22,1.496
growth_yoy,2025-03-01,22,1.091
growth_yoy,2025-04-01,22,-0.099
growth_yoy,2025-05-01,22,-0.393
growth_yoy,2025-06-01,22,-0.591
growth_yoy,2025-07-01,22,-0.986
growth_yoy,2025-08-01,22,-1.967
growth_yoy,2025-09-01,22,-2.351
growth_yoy,2025-10-01,22,-2.257
growth_yoy,2025-11-01,22,-2.069
growth_yoy,2025-12-01,22,-2.935
growth_yoy,2026-01-01,22,-2.838
growth_yoy,2026-02-01,22,-2.456
growth_yoy,2026-03-01,22,-1.178
growth_yoy,2026-04-01,22,1.578
growth_yoy,2026-05-01,22,2.369
growth_yoy,2026-06-01,22,4.559
growth_yoy,2026-07-01,22,5.976
growth_mom,2015-02-01,22,0.0
growth_mom,2015-03-01,22,0.0
growth_mom,2015-04-01,22,0.314
growth_mom,2015-05-01,22,0.313
growth_mom,2015-06-01,22,0.832
growth_mom,2015-07-01,22,0.31
growth_mom,2015-08-01,22,-0.412
growth_mom,2015-09-01,22,0.517
growth_mom,2015-10-01,22,-0.411
growth_mom,2015-11-01,22,-0.413
growth_mom,2015-12-01,22,-0.622
growth_mom,2016-01-01,22,0.0
growth_mom,2016-02-01,22,-0.209
growth_mom,2016-03-01,22,-0.418
growth_mom,2016-04-01,22,1.259
growth_mom,2016-05-01,22,0.415
growth_mom,2016-06-01,22,0.103
growth_mom,2016-07-01,22,-0.206
growth_mom,2016-08-01,22,0.207
growth_mom,2016-09-01,22,0.515
growth_mom,2016-10-01,22,0.41
growth_mom,2016-11-01,22,0.715
growth_mom,2016-12-01,22,2.028
growth_mom,2017-01-01,22,2.386
growth_mom,2017-02-01,22,0.971
growth_mom,2017-03-01,22,-0.096
growth_mom,2017-04-01,22,-0.481
growth_mom,2017-05-01,22,-0.774
growth_mom,2017-06-01,22,-0.682
growth_mom,2017-07-01,22,-0.883
growth_mom,2017-08-01,22,0.0
growth_mom,2017-09-01,22,0.0
growth_mom,2017-10-01,22,-0.495
growth_mom,2017-11-01,22,-0.796
growth_mom,2017-12-01,22,-0.1
growth_mom,2018-01-01,22,-1.205
growth_mom,2018-02-01,22,-0.102
growth_mom,2018-03-01,22,-0.712
growth_mom,2018-04-01,22,-0.307
growth_mom,2018-05-01,22,-0.206
growth_mom,2018-06-01,22,-0.309
growth_mom,2018-07-01,22,0.517
growth_mom,2018-08-01,22,-0.308
growth_mom,2018-09-01,22,-0.103
growth_mom,2018-10-01,22,0.206
growth_mom,2018-11-01,22,-0.103
growth_mom,2018-12-01,22,-1.134
growth_mom,2019-01-01,22,-0.104
growth_mom,2019-02-01,22,-0.418
growth_mom,2019-03-01,22,-0.105
growth_mom,2019-04-01,22,0.42
growth_mom,2019-05-01,22,0.522
growth_mom,2019-06-01,22,0.0
growth_mom,2019-07-01,22,0.208
growth_mom,2019-08-01,22,-0.519
growth_mom,2019-09-01,22,0.0
growth_mom,2019-10-01,22,-0.417
growth_mom,2019-11-01,22,-0.314
growth_mom,2019-12-01,22,0.105
growth_mom,2020-01-01,22,5.666
growth_mom,2020-02-01,22,-6.256
growth_mom,2020-03-01,22,-0.318
growth_mom,2020-04-01,22,0.0
growth_mom,2020-05-01,22,-0.106
growth_mom,2020-06-01,22,0.213
growth_mom,2020-07-01,22,0.0
growth_mom,2020-08-01,22,0.425
growth_mom,2020-09-01,22,0.211
growth_mom,2020-10-01,22,0.527
growth_mom,2020-11-01,22,1.154
growth_mom,2020-12-01,22,1.452
growth_mom,2021-01-01,22,0.511
growth_mom,2021-02-01,22,0.509
growth_mom,2021-03-01,22,1.012
growth_mom,2021-04-01,22,1.002
growth_mom,2021-05-01,22,0.198
growth_mom,2021-06-01,22,0.495
growth_mom,2021-07-01,22,0.099
growth_mom,2021-08-01,22,0.0
growth_mom,2021-09-01,22,0.394
growth_mom,2021-10-01,22,0.294
growth_mom,2021-11-01,22,-0.196
growth_mom,2021-12-01,22,-0.196
growth_mom,2022-01-01,22,0.098
growth_mom,2022-02-01,22,-0.294
growth_mom,2022-03-01,22,0.295
growth_mom,2022-04-01,22,-0.294
growth_mom,2022-05-01,22,-0.787
growth_mom,2022-06-01,22,0.595
growth_mom,2022-07-01,22,0.493
growth_mom,2022-08-01,22,0.196
growth_mom,2022-09-01,22,0.685
growth_mom,2022-10-01,22,-1.263
growth_mom,2022-11-01,22,0.098
growth_mom,2022-12-01,22,-0.295
growth_mom,2023-01-01,22,-0.69
growth_mom,2023-02-01,22,-0.596
growth_mom,2023-03-01,22,0.2
growth_mom,2023-04-01,22,0.299
growth_mom,2023-05-01,22,0.0
growth_mom,2023-06-01,22,0.298
growth_mom,2023-07-01,22,0.396
growth_mom,2023-08-01,22,-0.099
growth_mom,2023-09-01,22,-0.494
growth_mom,2023-10-01,22,0.695
growth_mom,2023-11-01,22,0.0
growth_mom,2023-12-01,22,-0.099
growth_mom,2024-01-01,22,-0.395
growth_mom,2024-02-01,22,-0.595
growth_mom,2024-03-01,22,0.499
growth_mom,2024-04-01,22,0.694
growth_mom,2024-05-01,22,0.197
growth_mom,2024-06-01,22,-0.197
growth_mom,2024-07-01,22,-0.099
growth_mom,2024-08-01,22,0.296
growth_mom,2024-09-01,22,0.393
growth_mom,2024-10-01,22,-0.196
growth_mom,2024-11-01,22,-0.393
growth_mom,2024-12-01,22,0.69
growth_mom,2025-01-01,22,0.0
growth_mom,2025-02-01,22,-0.391
growth_mom,2025-03-01,22,0.098
growth_mom,2025-04-01,22,-0.491
growth_mom,2025-05-01,22,-0.099
growth_mom,2025-06-01,22,-0.395
growth_mom,2025-07-01,22,-0.496
growth_mom,2025-08-01,22,-0.697
growth_mom,2025-09-01,22,0.0
growth_mom,2025-10-01,22,-0.1
growth_mom,2025-11-01,22,-0.201
growth_mom,2025-12-01,22,-0.201
growth_mom,2026-01-01,22,0.101
growth_mom,2026-02-01,22,0.0
growth_mom,2026-03-01,22,1.41
growth_mom,2026-04-01,22,2.284
growth_mom,2026-05-01,22,0.68
growth_mom,2026-06-01,22,1.736
growth_mom,2026-07-01,22,0.853
abs,2015-01-01,23,109.1
abs,2015-02-01,23,108.6
abs,2015-03-01,23,109.3
abs,2015-04-01,23,109.9
abs,2015-05-01,23,110.3
abs,2015-06-01,23,110.2
abs,2015-07-01,23,110.7
abs,2015-08-01,23,110.6
abs,2015-09-01,23,110.3
abs,2015-10-01,23,110.1
abs,2015-11-01,23,109.7
abs,2015-12-01,23,109.7
abs,2016-01-01,23,109.6
abs,2016-02-01,23,111.0
abs,2016-03-01,23,111.0
abs,2016-04-01,23,111.3
abs,2016-05-01,23,111.3
abs,2016-06-01,23,111.4
abs,2016-07-01,23,111.2
abs,2016-08-01,23,112.1
abs,2016-09-01,23,112.0
abs,2016-10-01,23,111.4
abs,2016-11-01,23,110.9
abs,2016-12-01,23,110.1
abs,2017-01-01,23,109.9
abs,2017-02-01,23,109.6
abs,2017-03-01,23,109.8
abs,2017-04-01,23,109.9
abs,2017-05-01,23,109.6
abs,2017-06-01,23,110.1
abs,2017-07-01,23,110.5
abs,2017-08-01,23,110.8
abs,2017-09-01,23,110.8
abs,2017-10-01,23,110.6
abs,2017-11-01,23,110.3
abs,2017-12-01,23,110.7
abs,2018-01-01,23,110.4
abs,2018-02-01,23,108.1
abs,2018-03-01,23,107.6
abs,2018-04-01,23,107.1
abs,2018-05-01,23,107.3
abs,2018-06-01,23,107.4
abs,2018-07-01,23,109.4
abs,2018-08-01,23,107.8
abs,2018-09-01,23,108.1
abs,2018-10-01,23,108.2
abs,2018-11-01,23,108.0
abs,2018-12-01,23,108.0
abs,2019-01-01,23,108.0
abs,2019-02-01,23,107.9
abs,2019-03-01,23,107.7
abs,2019-04-01,23,108.0
abs,2019-05-01,23,108.2
abs,2019-06-01,23,108.2
abs,2019-07-01,23,108.2
abs,2019-08-01,23,108.0
abs,2019-09-01,23,107.9
abs,2019-10-01,23,108.0
abs,2019-11-01,23,107.4
abs,2019-12-01,23,107.8
abs,2020-01-01,23,114.0
abs,2020-02-01,23,107.9
abs,2020-03-01,23,107.3
abs,2020-04-01,23,106.8
abs,2020-05-01,23,106.6
abs,2020-06-01,23,106.4
abs,2020-07-01,23,106.0
abs,2020-08-01,23,105.3
abs,2020-09-01,23,106.0
abs,2020-10-01,23,105.7
abs,2020-11-01,23,105.5
abs,2020-12-01,23,104.3
abs,2021-01-01,23,104.0
abs,2021-02-01,23,103.6
abs,2021-03-01,23,103.6
abs,2021-04-01,23,103.9
abs,2021-05-01,23,104.7
abs,2021-06-01,23,104.1
abs,2021-07-01,23,104.2
abs,2021-08-01,23,104.1
abs,2021-09-01,23,104.5
abs,2021-10-01,23,104.4
abs,2021-11-01,23,105.1
abs,2021-12-01,23,106.2
abs,2022-01-01,23,105.9
abs,2022-02-01,23,105.9
abs,2022-03-01,23,106.2
abs,2022-04-01,23,107.8
abs,2022-05-01,23,108.6
abs,2022-06-01,23,110.3
abs,2022-07-01,23,110.2
abs,2022-08-01,23,110.8
abs,2022-09-01,23,111.4
abs,2022-10-01,23,111.5
abs,2022-11-01,23,112.1
abs,2022-12-01,23,112.5
abs,2023-01-01,23,112.5
abs,2023-02-01,23,112.9
abs,2023-03-01,23,113.5
abs,2023-04-01,23,113.7
abs,2023-05-01,23,114.8
abs,2023-06-01,23,114.9
abs,2023-07-01,23,115.0
abs,2023-08-01,23,114.9
abs,2023-09-01,23,115.1
abs,2023-10-01,23,114.5
abs,2023-11-01,23,114.8
abs,2023-12-01,23,113.6
abs,2024-01-01,23,113.3
abs,2024-02-01,23,112.4
abs,2024-03-01,23,112.9
abs,2024-04-01,23,112.9
abs,2024-05-01,23,112.7
abs,2024-06-01,23,114.1
abs,2024-07-01,23,113.5
abs,2024-08-01,23,112.9
abs,2024-09-01,23,111.9
abs,2024-10-01,23,112.3
abs,2024-11-01,23,112.3
abs,2024-12-01,23,112.6
abs,2025-01-01,23,112.6
abs,2025-02-01,23,111.7
abs,2025-03-01,23,112.1
abs,2025-04-01,23,112.8
abs,2025-05-01,23,113.6
abs,2025-06-01,23,113.5
abs,2025-07-01,23,114.0
abs,2025-08-01,23,114.5
abs,2025-09-01,23,114.6
abs,2025-10-01,23,114.5
abs,2025-11-01,23,115.1
abs,2025-12-01,23,114.8
abs,2026-01-01,23,115.2
abs,2026-02-01,23,115.7
abs,2026-03-01,23,115.9
abs,2026-04-01,23,116.7
abs,2026-05-01,23,117.4
abs,2026-06-01,23,117.6
abs,2026-07-01,23,118.3
growth_yoy,2016-01-01,23,0.458
growth_yoy,2016-02-01,23,2.21
growth_yoy,2016-03-01,23,1.555
growth_yoy,2016-04-01,23,1.274
growth_yoy,2016-05-01,23,0.907
growth_yoy,2016-06-01,23,1.089
growth_yoy,2016-07-01,23,0.452
growth_yoy,2016-08-01,23,1.356
growth_yoy,2016-09-01,23,1.541
growth_yoy,2016-10-01,23,1.181
growth_yoy,2016-11-01,23,1.094
growth_yoy,2016-12-01,23,0.365
growth_yoy,2017-01-01,23,0.274
growth_yoy,2017-02-01,23,-1.261
growth_yoy,2017-03-01,23,-1.081
growth_yoy,2017-04-01,23,-1.258
growth_yoy,2017-05-01,23,-1.527
growth_yoy,2017-06-01,23,-1.167
growth_yoy,2017-07-01,23,-0.629
growth_yoy,2017-08-01,23,-1.16
growth_yoy,2017-09-01,23,-1.071
growth_yoy,2017-10-01,23,-0.718
growth_yoy,2017-11-01,23,-0.541
growth_yoy,2017-12-01,23,0.545
growth_yoy,2018-01-01,23,0.455
growth_yoy,2018-02-01,23,-1.369
growth_yoy,2018-03-01,23,-2.004
growth_yoy,2018-04-01,23,-2.548
growth_yoy,2018-05-01,23,-2.099
growth_yoy,2018-06-01,23,-2.452
growth_yoy,2018-07-01,23,-0.995
growth_yoy,2018-08-01,23,-2.708
growth_yoy,2018-09-01,23,-2.437
growth_yoy,2018-10-01,23,-2.17
growth_yoy,2018-11-01,23,-2.085
growth_yoy,2018-12-01,23,-2.439
growth_yoy,2019-01-01,23,-2.174
growth_yoy,2019-02-01,23,-0.185
growth_yoy,2019-03-01,23,0.093
growth_yoy,2019-04-01,23,0.84
growth_yoy,2019-05-01,23,0.839
growth_yoy,2019-06-01,23,0.745
growth_yoy,2019-07-01,23,-1.097
growth_yoy,2019-08-01,23,0.186
growth_yoy,2019-09-01,23,-0.185
growth_yoy,2019-10-01,23,-0.185
growth_yoy,2019-11-01,23,-0.556
growth_yoy,2019-12-01,23,-0.185
growth_yoy,2020-01-01,23,5.556
growth_yoy,2020-02-01,23,0.0
growth_yoy,2020-03-01,23,-0.371
growth_yoy,2020-04-01,23,-1.111
growth_yoy,2020-05-01,23,-1.479
growth_yoy,2020-06-01,23,-1.664
growth_yoy,2020-07-01,23,-2.033
growth_yoy,2020-08-01,23,-2.5
growth_yoy,2020-09-01,23,-1.761
growth_yoy,2020-10-01,23,-2.13
growth_yoy,2020-11-01,23,-1.769
growth_yoy,2020-12-01,23,-3.247
growth_yoy,2021-01-01,23,-8.772
growth_yoy,2021-02-01,23,-3.985
growth_yoy,2021-03-01,23,-3.448
growth_yoy,2021-04-01,23,-2.715
growth_yoy,2021-05-01,23,-1.782
growth_yoy,2021-06-01,23,-2.162
growth_yoy,2021-07-01,23,-1.698
growth_yoy,2021-08-01,23,-1.14
growth_yoy,2021-09-01,23,-1.415
growth_yoy,2021-10-01,23,-1.23
growth_yoy,2021-11-01,23,-0.379
growth_yoy,2021-12-01,23,1.822
growth_yoy,2022-01-01,23,1.827
growth_yoy,2022-02-01,23,2.22
growth_yoy,2022-03-01,23,2.51
growth_yoy,2022-04-01,23,3.754
growth_yoy,2022-05-01,23,3.725
growth_yoy,2022-06-01,23,5.956
growth_yoy,2022-07-01,23,5.758
growth_yoy,2022-08-01,23,6.436
growth_yoy,2022-09-01,23,6.603
growth_yoy,2022-10-01,23,6.801
growth_yoy,2022-11-01,23,6.66
growth_yoy,2022-12-01,23,5.932
growth_yoy,2023-01-01,23,6.232
growth_yoy,2023-02-01,23,6.61
growth_yoy,2023-03-01,23,6.874
growth_yoy,2023-04-01,23,5.473
growth_yoy,2023-05-01,23,5.709
growth_yoy,2023-06-01,23,4.17
growth_yoy,2023-07-01,23,4.356
growth_yoy,2023-08-01,23,3.7
growth_yoy,2023-09-01,23,3.321
growth_yoy,2023-10-01,23,2.691
growth_yoy,2023-11-01,23,2.409
growth_yoy,2023-12-01,23,0.978
growth_yoy,2024-01-01,23,0.711
growth_yoy,2024-02-01,23,-0.443
growth_yoy,2024-03-01,23,-0.529
growth_yoy,2024-04-01,23,-0.704
growth_yoy,2024-05-01,23,-1.829
growth_yoy,2024-06-01,23,-0.696
growth_yoy,2024-07-01,23,-1.304
growth_yoy,2024-08-01,23,-1.741
growth_yoy,2024-09-01,23,-2.78
growth_yoy,2024-10-01,23,-1.921
growth_yoy,2024-11-01,23,-2.178
growth_yoy,2024-12-01,23,-0.88
growth_yoy,2025-01-01,23,-0.618
growth_yoy,2025-02-01,23,-0.623
growth_yoy,2025-03-01,23,-0.709
growth_yoy,2025-04-01,23,-0.089
growth_yoy,2025-05-01,23,0.799
growth_yoy,2025-06-01,23,-0.526
growth_yoy,2025-07-01,23,0.441
growth_yoy,2025-08-01,23,1.417
growth_yoy,2025-09-01,23,2.413
growth_yoy,2025-10-01,23,1.959
growth_yoy,2025-11-01,23,2.493
growth_yoy,2025-12-01,23,1.954
growth_yoy,2026-01-01,23,2.309
growth_yoy,2026-02-01,23,3.581
growth_yoy,2026-03-01,23,3.39
growth_yoy,2026-04-01,23,3.457
growth_yoy,2026-05-01,23,3.345
growth_yoy,2026-06-01,23,3.612
growth_yoy,2026-07-01,23,3.772
growth_mom,2015-02-01,23,-0.458
growth_mom,2015-03-01,23,0.645
growth_mom,2015-04-01,23,0.549
growth_mom,2015-05-01,23,0.364
growth_mom,2015-06-01,23,-0.091
growth_mom,2015-07-01,23,0.454
growth_mom,2015-08-01,23,-0.09
growth_mom,2015-09-01,23,-0.271
growth_mom,2015-10-01,23,-0.181
growth_mom,2015-11-01,23,-0.363
growth_mom,2015-12-01,23,0.0
growth_mom,2016-01-01,23,-0.091
growth_mom,2016-02-01,23,1.277
growth_mom,2016-03-01,23,0.0
growth_mom,2016-04-01,23,0.27
growth_mom,2016-05-01,23,0.0
growth_mom,2016-06-01,23,0.09
growth_mom,2016-07-01,23,-0.18
growth_mom,2016-08-01,23,0.809
growth_mom,2016-09-01,23,-0.089
growth_mom,2016-10-01,23,-0.536
growth_mom,2016-11-01,23,-0.449
growth_mom,2016-12-01,23,-0.721
growth_mom,2017-01-01,23,-0.182
growth_mom,2017-02-01,23,-0.273
growth_mom,2017-03-01,23,0.182
growth_mom,2017-04-01,23,0.091
growth_mom,2017-05-01,23,-0.273
growth_mom,2017-06-01,23,0.456
growth_mom,2017-07-01,23,0.363
growth_mom,2017-08-01,23,0.271
growth_mom,2017-09-01,23,0.0
growth_mom,2017-10-01,23,-0.181
growth_mom,2017-11-01,23,-0.271
growth_mom,2017-12-01,23,0.363
growth_mom,2018-01-01,23,-0.271
growth_mom,2018-02-01,23,-2.083
growth_mom,2018-03-01,23,-0.463
growth_mom,2018-04-01,23,-0.465
growth_mom,2018-05-01,23,0.187
growth_mom,2018-06-01,23,0.093
growth_mom,2018-07-01,23,1.862
growth_mom,2018-08-01,23,-1.463
growth_mom,2018-09-01,23,0.278
growth_mom,2018-10-01,23,0.093
growth_mom,2018-11-01,23,-0.185
growth_mom,2018-12-01,23,0.0
growth_mom,2019-01-01,23,0.0
growth_mom,2019-02-01,23,-0.093
growth_mom,2019-03-01,23,-0.185
growth_mom,2019-04-01,23,0.279
growth_mom,2019-05-01,23,0.185
growth_mom,2019-06-01,23,0.0
growth_mom,2019-07-01,23,0.0
growth_mom,2019-08-01,23,-0.185
growth_mom,2019-09-01,23,-0.093
growth_mom,2019-10-01,23,0.093
growth_mom,2019-11-01,23,-0.556
growth_mom,2019-12-01,23,0.372
growth_mom,2020-01-01,23,5.751
growth_mom,2020-02-01,23,-5.351
growth_mom,2020-03-01,23,-0.556
growth_mom,2020-04-01,23,-0.466
growth_mom,2020-05-01,23,-0.187
growth_mom,2020-06-01,23,-0.188
growth_mom,2020-07-01,23,-0.376
growth_mom,2020-08-01,23,-0.66
growth_mom,2020-09-01,23,0.665
growth_mom,2020-10-01,23,-0.283
growth_mom,2020-11-01,23,-0.189
growth_mom,2020-12-01,23,-1.137
growth_mom,2021-01-01,23,-0.288
growth_mom,2021-02-01,23,-0.385
growth_mom,2021-03-01,23,0.0
growth_mom,2021-04-01,23,0.29
growth_mom,2021-05-01,23,0.77
growth_mom,2021-06-01,23,-0.573
growth_mom,2021-07-01,23,0.096
growth_mom,2021-08-01,23,-0.096
growth_mom,2021-09-01,23,0.384
growth_mom,2021-10-01,23,-0.096
growth_mom,2021-11-01,23,0.67
growth_mom,2021-12-01,23,1.047
growth_mom,2022-01-01,23,-0.282
growth_mom,2022-02-01,23,0.0
growth_mom,2022-03-01,23,0.283
growth_mom,2022-04-01,23,1.507
growth_mom,2022-05-01,23,0.742
growth_mom,2022-06-01,23,1.565
growth_mom,2022-07-01,23,-0.091
growth_mom,2022-08-01,23,0.544
growth_mom,2022-09-01,23,0.542
growth_mom,2022-10-01,23,0.09
growth_mom,2022-11-01,23,0.538
growth_mom,2022-12-01,23,0.357
growth_mom,2023-01-01,23,0.0
growth_mom,2023-02-01,23,0.356
growth_mom,2023-03-01,23,0.531
growth_mom,2023-04-01,23,0.176
growth_mom,2023-05-01,23,0.967
growth_mom,2023-06-01,23,0.087
growth_mom,2023-07-01,23,0.087
growth_mom,2023-08-01,23,-0.087
growth_mom,2023-09-01,23,0.174
growth_mom,2023-10-01,23,-0.521
growth_mom,2023-11-01,23,0.262
growth_mom,2023-12-01,23,-1.045
growth_mom,2024-01-01,23,-0.264
growth_mom,2024-02-01,23,-0.794
growth_mom,2024-03-01,23,0.445
growth_mom,2024-04-01,23,0.0
growth_mom,2024-05-01,23,-0.177
growth_mom,2024-06-01,23,1.242
growth_mom,2024-07-01,23,-0.526
growth_mom,2024-08-01,23,-0.529
growth_mom,2024-09-01,23,-0.886
growth_mom,2024-10-01,23,0.357
growth_mom,2024-11-01,23,0.0
growth_mom,2024-12-01,23,0.267
growth_mom,2025-01-01,23,0.0
growth_mom,2025-02-01,23,-0.799
growth_mom,2025-03-01,23,0.358
growth_mom,2025-04-01,23,0.624
growth_mom,2025-05-01,23,0.709
growth_mom,2025-06-01,23,-0.088
growth_mom,2025-07-01,23,0.441
growth_mom,2025-08-01,23,0.439
growth_mom,2025-09-01,23,0.087
growth_mom,2025-10-01,23,-0.087
growth_mom,2025-11-01,23,0.524
growth_mom,2025-12-01,23,-0.261
growth_mom,2026-01-01,23,0.348
growth_mom,2026-02-01,23,0.434
growth_mom,2026-03-01,23,0.173
growth_mom,2026-04-01,23,0.69
growth_mom,2026-05-01,23,0.6
growth_mom,2026-06-01,23,0.17
growth_mom,2026-07-01,23,0.595
abs,2015-01-01,24,100.5
abs,2015-02-01,24,100.7
abs,2015-03-01,24,100.0
abs,2015-04-01,24,99.7
abs,2015-05-01,24,99.5
abs,2015-06-01,24,98.7
abs,2015-07-01,24,97.7
abs,2015-08-01,24,97.9
abs,2015-09-01,24,97.6
abs,2015-10-01,24,96.4
abs,2015-11-01,24,96.2
abs,2015-12-01,24,95.8
abs,2016-01-01,24,94.9
abs,2016-02-01,24,94.9
abs,2016-03-01,24,96.4
abs,2016-04-01,24,100.0
abs,2016-05-01,24,99.3
abs,2016-06-01,24,98.5
abs,2016-07-01,24,98.1
abs,2016-08-01,24,97.5
abs,2016-09-01,24,97.9
abs,2016-10-01,24,98.2
abs,2016-11-01,24,100.5
abs,2016-12-01,24,101.3
abs,2017-01-01,24,103.3
abs,2017-02-01,24,104.5
abs,2017-03-01,24,104.6
abs,2017-04-01,24,105.4
abs,2017-05-01,24,104.6
abs,2017-06-01,24,103.4
abs,2017-07-01,24,104.2
abs,2017-08-01,24,105.9
abs,2017-09-01,24,108.2
abs,2017-10-01,24,108.2
abs,2017-11-01,24,107.8
abs,2017-12-01,24,108.6
abs,2018-01-01,24,109.4
abs,2018-02-01,24,109.3
abs,2018-03-01,24,109.6
abs,2018-04-01,24,108.9
abs,2018-05-01,24,110.1
abs,2018-06-01,24,110.3
abs,2018-07-01,24,110.1
abs,2018-08-01,24,109.2
abs,2018-09-01,24,108.6
abs,2018-10-01,24,108.2
abs,2018-11-01,24,108.1
abs,2018-12-01,24,107.8
abs,2019-01-01,24,107.7
abs,2019-02-01,24,106.8
abs,2019-03-01,24,107.4
abs,2019-04-01,24,107.3
abs,2019-05-01,24,107.7
abs,2019-06-01,24,107.4
abs,2019-07-01,24,107.4
abs,2019-08-01,24,107.2
abs,2019-09-01,24,106.6
abs,2019-10-01,24,107.1
abs,2019-11-01,24,105.5
abs,2019-12-01,24,105.6
abs,2020-01-01,24,118.2
abs,2020-02-01,24,105.4
abs,2020-03-01,24,105.4
abs,2020-04-01,24,105.5
abs,2020-05-01,24,105.4
abs,2020-06-01,24,105.4
abs,2020-07-01,24,104.7
abs,2020-08-01,24,104.6
abs,2020-09-01,24,105.0
abs,2020-10-01,24,104.9
abs,2020-11-01,24,105.8
abs,2020-12-01,24,105.6
abs,2021-01-01,24,105.9
abs,2021-02-01,24,106.5
abs,2021-03-01,24,108.0
abs,2021-04-01,24,108.6
abs,2021-05-01,24,109.5
abs,2021-06-01,24,109.8
abs,2021-07-01,24,110.8
abs,2021-08-01,24,111.8
abs,2021-09-01,24,112.3
abs,2021-10-01,24,113.2
abs,2021-11-01,24,114.4
abs,2021-12-01,24,115.5
abs,2022-01-01,24,115.6
abs,2022-02-01,24,116.5
abs,2022-03-01,24,117.3
abs,2022-04-01,24,117.7
abs,2022-05-01,24,119.2
abs,2022-06-01,24,120.7
abs,2022-07-01,24,120.6
abs,2022-08-01,24,120.0
abs,2022-09-01,24,119.0
abs,2022-10-01,24,118.5
abs,2022-11-01,24,118.1
abs,2022-12-01,24,117.8
abs,2023-01-01,24,116.7
abs,2023-02-01,24,117.5
abs,2023-03-01,24,117.5
abs,2023-04-01,24,117.9
abs,2023-05-01,24,118.4
abs,2023-06-01,24,118.8
abs,2023-07-01,24,119.1
abs,2023-08-01,24,119.4
abs,2023-09-01,24,120.1
abs,2023-10-01,24,120.1
abs,2023-11-01,24,120.7
abs,2023-12-01,24,120.9
abs,2024-01-01,24,121.6
abs,2024-02-01,24,120.8
abs,2024-03-01,24,122.0
abs,2024-04-01,24,123.4
abs,2024-05-01,24,124.1
abs,2024-06-01,24,125.9
abs,2024-07-01,24,127.5
abs,2024-08-01,24,128.2
abs,2024-09-01,24,127.3
abs,2024-10-01,24,125.0
abs,2024-11-01,24,124.6
abs,2024-12-01,24,124.2
abs,2025-01-01,24,123.4
abs,2025-02-01,24,122.9
abs,2025-03-01,24,122.3
abs,2025-04-01,24,122.5
abs,2025-05-01,24,122.3
abs,2025-06-01,24,121.7
abs,2025-07-01,24,121.3
abs,2025-08-01,24,121.0
abs,2025-09-01,24,121.8
abs,2025-10-01,24,123.7
abs,2025-11-01,24,123.4
abs,2025-12-01,24,122.2
abs,2026-01-01,24,121.7
abs,2026-02-01,24,121.1
abs,2026-03-01,24,121.3
abs,2026-04-01,24,121.5
abs,2026-05-01,24,122.4
abs,2026-06-01,24,123.3
abs,2026-07-01,24,123.9
growth_yoy,2016-01-01,24,-5.572
growth_yoy,2016-02-01,24,-5.76
growth_yoy,2016-03-01,24,-3.6
growth_yoy,2016-04-01,24,0.301
growth_yoy,2016-05-01,24,-0.201
growth_yoy,2016-06-01,24,-0.203
growth_yoy,2016-07-01,24,0.409
growth_yoy,2016-08-01,24,-0.409
growth_yoy,2016-09-01,24,0.307
growth_yoy,2016-10-01,24,1.867
growth_yoy,2016-11-01,24,4.47
growth_yoy,2016-12-01,24,5.741
growth_yoy,2017-01-01,24,8.851
growth_yoy,2017-02-01,24,10.116
growth_yoy,2017-03-01,24,8.506
growth_yoy,2017-04-01,24,5.4
growth_yoy,2017-05-01,24,5.337
growth_yoy,2017-06-01,24,4.975
growth_yoy,2017-07-01,24,6.218
growth_yoy,2017-08-01,24,8.615
growth_yoy,2017-09-01,24,10.521
growth_yoy,2017-10-01,24,10.183
growth_yoy,2017-11-01,24,7.264
growth_yoy,2017-12-01,24,7.206
growth_yoy,2018-01-01,24,5.905
growth_yoy,2018-02-01,24,4.593
growth_yoy,2018-03-01,24,4.78
growth_yoy,2018-04-01,24,3.321
growth_yoy,2018-05-01,24,5.258
growth_yoy,2018-06-01,24,6.673
growth_yoy,2018-07-01,24,5.662
growth_yoy,2018-08-01,24,3.116
growth_yoy,2018-09-01,24,0.37
growth_yoy,2018-10-01,24,0.0
growth_yoy,2018-11-01,24,0.278
growth_yoy,2018-12-01,24,-0.737
growth_yoy,2019-01-01,24,-1.554
growth_yoy,2019-02-01,24,-2.287
growth_yoy,2019-03-01,24,-2.007
growth_yoy,2019-04-01,24,-1.469
growth_yoy,2019-05-01,24,-2.18
growth_yoy,2019-06-01,24,-2.629
growth_yoy,2019-07-01,24,-2.452
growth_yoy,2019-08-01,24,-1.832
growth_yoy,2019-09-01,24,-1.842
growth_yoy,2019-10-01,24,-1.017
growth_yoy,2019-11-01,24,-2.405
growth_yoy,2019-12-01,24,-2.041
growth_yoy,2020-01-01,24,9.749
growth_yoy,2020-02-01,24,-1.311
growth_yoy,2020-03-01,24,-1.862
growth_yoy,2020-04-01,24,-1.678
growth_yoy,2020-05-01,24,-2.136
growth_yoy,2020-06-01,24,-1.862
growth_yoy,2020-07-01,24,-2.514
growth_yoy,2020-08-01,24,-2.425
growth_yoy,2020-09-01,24,-1.501
growth_yoy,2020-10-01,24,-2.054
growth_yoy,2020-11-01,24,0.284
growth_yoy,2020-12-01,24,0.0
growth_yoy,2021-01-01,24,-10.406
growth_yoy,2021-02-01,24,1.044
growth_yoy,2021-03-01,24,2.467
growth_yoy,2021-04-01,24,2.938
growth_yoy,2021-05-01,24,3.89
growth_yoy,2021-06-01,24,4.175
growth_yoy,2021-07-01,24,5.826
growth_yoy,2021-08-01,24,6.883
growth_yoy,2021-09-01,24,6.952
growth_yoy,2021-10-01,24,7.912
growth_yoy,2021-11-01,24,8.129
growth_yoy,2021-12-01,24,9.375
growth_yoy,2022-01-01,24,9.16
growth_yoy,2022-02-01,24,9.39
growth_yoy,2022-03-01,24,8.611
growth_yoy,2022-04-01,24,8.379
growth_yoy,2022-05-01,24,8.858
growth_yoy,2022-06-01,24,9.927
growth_yoy,2022-07-01,24,8.845
growth_yoy,2022-08-01,24,7.335
growth_yoy,2022-09-01,24,5.966
growth_yoy,2022-10-01,24,4.682
growth_yoy,2022-11-01,24,3.234
growth_yoy,2022-12-01,24,1.991
growth_yoy,2023-01-01,24,0.952
growth_yoy,2023-02-01,24,0.858
growth_yoy,2023-03-01,24,0.171
growth_yoy,2023-04-01,24,0.17
growth_yoy,2023-05-01,24,-0.671
growth_yoy,2023-06-01,24,-1.574
growth_yoy,2023-07-01,24,-1.244
growth_yoy,2023-08-01,24,-0.5
growth_yoy,2023-09-01,24,0.924
growth_yoy,2023-10-01,24,1.35
growth_yoy,2023-11-01,24,2.202
growth_yoy,2023-12-01,24,2.632
growth_yoy,2024-01-01,24,4.199
growth_yoy,2024-02-01,24,2.809
growth_yoy,2024-03-01,24,3.83
growth_yoy,2024-04-01,24,4.665
growth_yoy,2024-05-01,24,4.814
growth_yoy,2024-06-01,24,5.976
growth_yoy,2024-07-01,24,7.053
growth_yoy,2024-08-01,24,7.37
growth_yoy,2024-09-01,24,5.995
growth_yoy,2024-10-01,24,4.08
growth_yoy,2024-11-01,24,3.231
growth_yoy,2024-12-01,24,2.73
growth_yoy,2025-01-01,24,1.48
growth_yoy,2025-02-01,24,1.738
growth_yoy,2025-03-01,24,0.246
growth_yoy,2025-04-01,24,-0.729
growth_yoy,2025-05-01,24,-1.45
growth_yoy,2025-06-01,24,-3.336
growth_yoy,2025-07-01,24,-4.863
growth_yoy,2025-08-01,24,-5.616
growth_yoy,2025-09-01,24,-4.321
growth_yoy,2025-10-01,24,-1.04
growth_yoy,2025-11-01,24,-0.963
growth_yoy,2025-12-01,24,-1.61
growth_yoy,2026-01-01,24,-1.378
growth_yoy,2026-02-01,24,-1.465
growth_yoy,2026-03-01,24,-0.818
growth_yoy,2026-04-01,24,-0.816
growth_yoy,2026-05-01,24,0.082
growth_yoy,2026-06-01,24,1.315
growth_yoy,2026-07-01,24,2.143
growth_mom,2015-02-01,24,0.199
growth_mom,2015-03-01,24,-0.695
growth_mom,2015-04-01,24,-0.3
growth_mom,2015-05-01,24,-0.201
growth_mom,2015-06-01,24,-0.804
growth_mom,2015-07-01,24,-1.013
growth_mom,2015-08-01,24,0.205
growth_mom,2015-09-01,24,-0.306
growth_mom,2015-10-01,24,-1.23
growth_mom,2015-11-01,24,-0.207
growth_mom,2015-12-01,24,-0.416
growth_mom,2016-01-01,24,-0.939
growth_mom,2016-02-01,24,0.0
growth_mom,2016-03-01,24,1.581
growth_mom,2016-04-01,24,3.734
growth_mom,2016-05-01,24,-0.7
growth_mom,2016-06-01,24,-0.806
growth_mom,2016-07-01,24,-0.406
growth_mom,2016-08-01,24,-0.612
growth_mom,2016-09-01,24,0.41
growth_mom,2016-10-01,24,0.306
growth_mom,2016-11-01,24,2.342
growth_mom,2016-12-01,24,0.796
growth_mom,2017-01-01,24,1.974
growth_mom,2017-02-01,24,1.162
growth_mom,2017-03-01,24,0.096
growth_mom,2017-04-01,24,0.765
growth_mom,2017-05-01,24,-0.759
growth_mom,2017-06-01,24,-1.147
growth_mom,2017-07-01,24,0.774
growth_mom,2017-08-01,24,1.631
growth_mom,2017-09-01,24,2.172
growth_mom,2017-10-01,24,0.0
growth_mom,2017-11-01,24,-0.37
growth_mom,2017-12-01,24,0.742
growth_mom,2018-01-01,24,0.737
growth_mom,2018-02-01,24,-0.091
growth_mom,2018-03-01,24,0.274
growth_mom,2018-04-01,24,-0.639
growth_mom,2018-05-01,24,1.102
growth_mom,2018-06-01,24,0.182
growth_mom,2018-07-01,24,-0.181
growth_mom,2018-08-01,24,-0.817
growth_mom,2018-09-01,24,-0.549
growth_mom,2018-10-01,24,-0.368
growth_mom,2018-11-01,24,-0.092
growth_mom,2018-12-01,24,-0.278
growth_mom,2019-01-01,24,-0.093
growth_mom,2019-02-01,24,-0.836
growth_mom,2019-03-01,24,0.562
growth_mom,2019-04-01,24,-0.093
growth_mom,2019-05-01,24,0.373
growth_mom,2019-06-01,24,-0.279
growth_mom,2019-07-01,24,0.0
growth_mom,2019-08-01,24,-0.186
growth_mom,2019-09-01,24,-0.56
growth_mom,2019-10-01,24,0.469
growth_mom,2019-11-01,24,-1.494
growth_mom,2019-12-01,24,0.095
growth_mom,2020-01-01,24,11.932
growth_mom,2020-02-01,24,-10.829
growth_mom,2020-03-01,24,0.0
growth_mom,2020-04-01,24,0.095
growth_mom,2020-05-01,24,-0.095
growth_mom,2020-06-01,24,0.0
growth_mom,2020-07-01,24,-0.664
growth_mom,2020-08-01,24,-0.096
growth_mom,2020-09-01,24,0.382
growth_mom,2020-10-01,24,-0.095
growth_mom,2020-11-01,24,0.858
growth_mom,2020-12-01,24,-0.189
growth_mom,2021-01-01,24,0.284
growth_mom,2021-02-01,24,0.567
growth_mom,2021-03-01,24,1.408
growth_mom,2021-04-01,24,0.556
growth_mom,2021-05-01,24,0.829
growth_mom,2021-06-01,24,0.274
growth_mom,2021-07-01,24,0.911
growth_mom,2021-08-01,24,0.903
growth_mom,2021-09-01,24,0.447
growth_mom,2021-10-01,24,0.801
growth_mom,2021-11-01,24,1.06
growth_mom,2021-12-01,24,0.962
growth_mom,2022-01-01,24,0.087
growth_mom,2022-02-01,24,0.779
growth_mom,2022-03-01,24,0.687
growth_mom,2022-04-01,24,0.341
growth_mom,2022-05-01,24,1.274
growth_mom,2022-06-01,24,1.258
growth_mom,2022-07-01,24,-0.083
growth_mom,2022-08-01,24,-0.498
growth_mom,2022-09-01,24,-0.833
growth_mom,2022-10-01,24,-0.42
growth_mom,2022-11-01,24,-0.338
growth_mom,2022-12-01,24,-0.254
growth_mom,2023-01-01,24,-0.934
growth_mom,2023-02-01,24,0.686
growth_mom,2023-03-01,24,0.0
growth_mom,2023-04-01,24,0.34
growth_mom,2023-05-01,24,0.424
growth_mom,2023-06-01,24,0.338
growth_mom,2023-07-01,24,0.253
growth_mom,2023-08-01,24,0.252
growth_mom,2023-09-01,24,0.586
growth_mom,2023-10-01,24,0.0
growth_mom,2023-11-01,24,0.5
growth_mom,2023-12-01,24,0.166
growth_mom,2024-01-01,24,0.579
growth_mom,2024-02-01,24,-0.658
growth_mom,2024-03-01,24,0.993
growth_mom,2024-04-01,24,1.148
growth_mom,2024-05-01,24,0.567
growth_mom,2024-06-01,24,1.45
growth_mom,2024-07-01,24,1.271
growth_mom,2024-08-01,24,0.549
growth_mom,2024-09-01,24,-0.702
growth_mom,2024-10-01,24,-1.807
growth_mom,2024-11-01,24,-0.32
growth_mom,2024-12-01,24,-0.321
growth_mom,2025-01-01,24,-0.644
growth_mom,2025-02-01,24,-0.405
growth_mom,2025-03-01,24,-0.488
growth_mom,2025-04-01,24,0.164
growth_mom,2025-05-01,24,-0.163
growth_mom,2025-06-01,24,-0.491
growth_mom,2025-07-01,24,-0.329
growth_mom,2025-08-01,24,-0.247
growth_mom,2025-09-01,24,0.661
growth_mom,2025-10-01,24,1.56
growth_mom,2025-11-01,24,-0.243
growth_mom,2025-12-01,24,-0.972
growth_mom,2026-01-01,24,-0.409
growth_mom,2026-02-01,24,-0.493
growth_mom,2026-03-01,24,0.165
growth_mom,2026-04-01,24,0.165
growth_mom,2026-05-01,24,0.741
growth_mom,2026-06-01,24,0.735
growth_mom,2026-07-01,24,0.487
abs,2015-01-01,25,99.9
abs,2015-02-01,25,100.1
abs,2015-03-01,25,99.9
abs,2015-04-01,25,99.7
abs,2015-05-01,25,99.6
abs,2015-06-01,25,99.7
abs,2015-07-01,25,99.6
abs,2015-08-01,25,99.3
abs,2015-09-01,25,99.7
abs,2015-10-01,25,99.7
abs,2015-11-01,25,99.6
abs,2015-12-01,25,99.4
abs,2016-01-01,25,99.8
abs,2016-02-01,25,99.6
abs,2016-03-01,25,99.5
abs,2016-04-01,25,99.8
abs,2016-05-01,25,99.8
abs,2016-06-01,25,100.1
abs,2016-07-01,25,100.0
abs,2016-08-01,25,100.0
abs,2016-09-01,25,100.0
abs,2016-10-01,25,100.0
abs,2016-11-01,25,100.7
abs,2016-12-01,25,101.1
abs,2017-01-01,25,101.6
abs,2017-02-01,25,102.2
abs,2017-03-01,25,102.3
abs,2017-04-01,25,102.4
abs,2017-05-01,25,102.4
abs,2017-06-01,25,102.0
abs,2017-07-01,25,102.2
abs,2017-08-01,25,102.3
abs,2017-09-01,25,102.7
abs,2017-10-01,25,103.5
abs,2017-11-01,25,103.5
abs,2017-12-01,25,103.6
abs,2018-01-01,25,103.2
abs,2018-02-01,25,102.8
abs,2018-03-01,25,102.2
abs,2018-04-01,25,102.1
abs,2018-05-01,25,101.4
abs,2018-06-01,25,101.3
abs,2018-07-01,25,101.0
abs,2018-08-01,25,101.5
abs,2018-09-01,25,101.6
abs,2018-10-01,25,102.0
abs,2018-11-01,25,102.0
abs,2018-12-01,25,101.6
abs,2019-01-01,25,101.7
abs,2019-02-01,25,101.2
abs,2019-03-01,25,100.9
abs,2019-04-01,25,101.2
abs,2019-05-01,25,101.2
abs,2019-06-01,25,100.7
abs,2019-07-01,25,100.7
abs,2019-08-01,25,100.1
abs,2019-09-01,25,100.4
abs,2019-10-01,25,100.3
abs,2019-11-01,25,100.0
abs,2019-12-01,25,100.1
abs,2020-01-01,25,111.0
abs,2020-02-01,25,99.3
abs,2020-03-01,25,99.5
abs,2020-04-01,25,99.5
abs,2020-05-01,25,99.5
abs,2020-06-01,25,99.3
abs,2020-07-01,25,98.9
abs,2020-08-01,25,98.2
abs,2020-09-01,25,97.9
abs,2020-10-01,25,97.8
abs,2020-11-01,25,97.6
abs,2020-12-01,25,97.7
abs,2021-01-01,25,97.7
abs,2021-02-01,25,98.3
abs,2021-03-01,25,98.0
abs,2021-04-01,25,98.9
abs,2021-05-01,25,99.7
abs,2021-06-01,25,100.1
abs,2021-07-01,25,102.1
abs,2021-08-01,25,102.7
abs,2021-09-01,25,103.4
abs,2021-10-01,25,104.4
abs,2021-11-01,25,105.5
abs,2021-12-01,25,106.3
abs,2022-01-01,25,106.6
abs,2022-02-01,25,107.1
abs,2022-03-01,25,107.9
abs,2022-04-01,25,108.8
abs,2022-05-01,25,109.6
abs,2022-06-01,25,110.6
abs,2022-07-01,25,110.8
abs,2022-08-01,25,110.2
abs,2022-09-01,25,110.8
abs,2022-10-01,25,110.1
abs,2022-11-01,25,109.9
abs,2022-12-01,25,109.7
abs,2023-01-01,25,110.5
abs,2023-02-01,25,110.4
abs,2023-03-01,25,109.9
abs,2023-04-01,25,110.3
abs,2023-05-01,25,110.5
abs,2023-06-01,25,111.2
abs,2023-07-01,25,112.2
abs,2023-08-01,25,112.9
abs,2023-09-01,25,113.5
abs,2023-10-01,25,113.1
abs,2023-11-01,25,112.9
abs,2023-12-01,25,112.6
abs,2024-01-01,25,112.1
abs,2024-02-01,25,112.1
abs,2024-03-01,25,112.4
abs,2024-04-01,25,112.0
abs,2024-05-01,25,111.5
abs,2024-06-01,25,111.6
abs,2024-07-01,25,111.6
abs,2024-08-01,25,112.0
abs,2024-09-01,25,111.8
abs,2024-10-01,25,111.9
abs,2024-11-01,25,112.1
abs,2024-12-01,25,111.5
abs,2025-01-01,25,111.8
abs,2025-02-01,25,111.8
abs,2025-03-01,25,111.6
abs,2025-04-01,25,111.5
abs,2025-05-01,25,111.7
abs,2025-06-01,25,110.9
abs,2025-07-01,25,111.4
abs,2025-08-01,25,111.3
abs,2025-09-01,25,110.9
abs,2025-10-01,25,111.3
abs,2025-11-01,25,111.4
abs,2025-12-01,25,111.5
abs,2026-01-01,25,111.4
abs,2026-02-01,25,112.0
abs,2026-03-01,25,112.2
abs,2026-04-01,25,113.0
abs,2026-05-01,25,113.1
abs,2026-06-01,25,112.5
abs,2026-07-01,25,113.1
growth_yoy,2016-01-01,25,-0.1
growth_yoy,2016-02-01,25,-0.5
growth_yoy,2016-03-01,25,-0.4
growth_yoy,2016-04-01,25,0.1
growth_yoy,2016-05-01,25,0.201
growth_yoy,2016-06-01,25,0.401
growth_yoy,2016-07-01,25,0.402
growth_yoy,2016-08-01,25,0.705
growth_yoy,2016-09-01,25,0.301
growth_yoy,2016-10-01,25,0.301
growth_yoy,2016-11-01,25,1.104
growth_yoy,2016-12-01,25,1.71
growth_yoy,2017-01-01,25,1.804
growth_yoy,2017-02-01,25,2.61
growth_yoy,2017-03-01,25,2.814
growth_yoy,2017-04-01,25,2.605
growth_yoy,2017-05-01,25,2.605
growth_yoy,2017-06-01,25,1.898
growth_yoy,2017-07-01,25,2.2
growth_yoy,2017-08-01,25,2.3
growth_yoy,2017-09-01,25,2.7
growth_yoy,2017-10-01,25,3.5
growth_yoy,2017-11-01,25,2.781
growth_yoy,2017-12-01,25,2.473
growth_yoy,2018-01-01,25,1.575
growth_yoy,2018-02-01,25,0.587
growth_yoy,2018-03-01,25,-0.098
growth_yoy,2018-04-01,25,-0.293
growth_yoy,2018-05-01,25,-0.977
growth_yoy,2018-06-01,25,-0.686
growth_yoy,2018-07-01,25,-1.174
growth_yoy,2018-08-01,25,-0.782
growth_yoy,2018-09-01,25,-1.071
growth_yoy,2018-10-01,25,-1.449
growth_yoy,2018-11-01,25,-1.449
growth_yoy,2018-12-01,25,-1.931
growth_yoy,2019-01-01,25,-1.453
growth_yoy,2019-02-01,25,-1.556
growth_yoy,2019-03-01,25,-1.272
growth_yoy,2019-04-01,25,-0.881
growth_yoy,2019-05-01,25,-0.197
growth_yoy,2019-06-01,25,-0.592
growth_yoy,2019-07-01,25,-0.297
growth_yoy,2019-08-01,25,-1.379
growth_yoy,2019-09-01,25,-1.181
growth_yoy,2019-10-01,25,-1.667
growth_yoy,2019-11-01,25,-1.961
growth_yoy,2019-12-01,25,-1.476
growth_yoy,2020-01-01,25,9.145
growth_yoy,2020-02-01,25,-1.877
growth_yoy,2020-03-01,25,-1.388
growth_yoy,2020-04-01,25,-1.68
growth_yoy,2020-05-01,25,-1.68
growth_yoy,2020-06-01,25,-1.39
growth_yoy,2020-07-01,25,-1.787
growth_yoy,2020-08-01,25,-1.898
growth_yoy,2020-09-01,25,-2.49
growth_yoy,2020-10-01,25,-2.493
growth_yoy,2020-11-01,25,-2.4
growth_yoy,2020-12-01,25,-2.398
growth_yoy,2021-01-01,25,-11.982
growth_yoy,2021-02-01,25,-1.007
growth_yoy,2021-03-01,25,-1.508
growth_yoy,2021-04-01,25,-0.603
growth_yoy,2021-05-01,25,0.201
growth_yoy,2021-06-01,25,0.806
growth_yoy,2021-07-01,25,3.236
growth_yoy,2021-08-01,25,4.582
growth_yoy,2021-09-01,25,5.618
growth_yoy,2021-10-01,25,6.748
growth_yoy,2021-11-01,25,8.094
growth_yoy,2021-12-01,25,8.802
growth_yoy,2022-01-01,25,9.11
growth_yoy,2022-02-01,25,8.952
growth_yoy,2022-03-01,25,10.102
growth_yoy,2022-04-01,25,10.01
growth_yoy,2022-05-01,25,9.93
growth_yoy,2022-06-01,25,10.49
growth_yoy,2022-07-01,25,8.521
growth_yoy,2022-08-01,25,7.303
growth_yoy,2022-09-01,25,7.157
growth_yoy,2022-10-01,25,5.46
growth_yoy,2022-11-01,25,4.171
growth_yoy,2022-12-01,25,3.198
growth_yoy,2023-01-01,25,3.659
growth_yoy,2023-02-01,25,3.081
growth_yoy,2023-03-01,25,1.854
growth_yoy,2023-04-01,25,1.379
growth_yoy,2023-05-01,25,0.821
growth_yoy,2023-06-01,25,0.542
growth_yoy,2023-07-01,25,1.264
growth_yoy,2023-08-01,25,2.45
growth_yoy,2023-09-01,25,2.437
growth_yoy,2023-10-01,25,2.725
growth_yoy,2023-11-01,25,2.73
growth_yoy,2023-12-01,25,2.644
growth_yoy,2024-01-01,25,1.448
growth_yoy,2024-02-01,25,1.54
growth_yoy,2024-03-01,25,2.275
growth_yoy,2024-04-01,25,1.541
growth_yoy,2024-05-01,25,0.905
growth_yoy,2024-06-01,25,0.36
growth_yoy,2024-07-01,25,-0.535
growth_yoy,2024-08-01,25,-0.797
growth_yoy,2024-09-01,25,-1.498
growth_yoy,2024-10-01,25,-1.061
growth_yoy,2024-11-01,25,-0.709
growth_yoy,2024-12-01,25,-0.977
growth_yoy,2025-01-01,25,-0.268
growth_yoy,2025-02-01,25,-0.268
growth_yoy,2025-03-01,25,-0.712
growth_yoy,2025-04-01,25,-0.446
growth_yoy,2025-05-01,25,0.179
growth_yoy,2025-06-01,25,-0.627
growth_yoy,2025-07-01,25,-0.179
growth_yoy,2025-08-01,25,-0.625
growth_yoy,2025-09-01,25,-0.805
growth_yoy,2025-10-01,25,-0.536
growth_yoy,2025-11-01,25,-0.624
growth_yoy,2025-12-01,25,0.0
growth_yoy,2026-01-01,25,-0.358
growth_yoy,2026-02-01,25,0.179
growth_yoy,2026-03-01,25,0.538
growth_yoy,2026-04-01,25,1.345
growth_yoy,2026-05-01,25,1.253
growth_yoy,2026-06-01,25,1.443
growth_yoy,2026-07-01,25,1.526
growth_mom,2015-02-01,25,0.2
growth_mom,2015-03-01,25,-0.2
growth_mom,2015-04-01,25,-0.2
growth_mom,2015-05-01,25,-0.1
growth_mom,2015-06-01,25,0.1
growth_mom,2015-07-01,25,-0.1
growth_mom,2015-08-01,25,-0.301
growth_mom,2015-09-01,25,0.403
growth_mom,2015-10-01,25,0.0
growth_mom,2015-11-01,25,-0.1
growth_mom,2015-12-01,25,-0.201
growth_mom,2016-01-01,25,0.402
growth_mom,2016-02-01,25,-0.2
growth_mom,2016-03-01,25,-0.1
growth_mom,2016-04-01,25,0.302
growth_mom,2016-05-01,25,0.0
growth_mom,2016-06-01,25,0.301
growth_mom,2016-07-01,25,-0.1
growth_mom,2016-08-01,25,0.0
growth_mom,2016-09-01,25,0.0
growth_mom,2016-10-01,25,0.0
growth_mom,2016-11-01,25,0.7
growth_mom,2016-12-01,25,0.397
growth_mom,2017-01-01,25,0.495
growth_mom,2017-02-01,25,0.591
growth_mom,2017-03-01,25,0.098
growth_mom,2017-04-01,25,0.098
growth_mom,2017-05-01,25,0.0
growth_mom,2017-06-01,25,-0.391
growth_mom,2017-07-01,25,0.196
growth_mom,2017-08-01,25,0.098
growth_mom,2017-09-01,25,0.391
growth_mom,2017-10-01,25,0.779
growth_mom,2017-11-01,25,0.0
growth_mom,2017-12-01,25,0.097
growth_mom,2018-01-01,25,-0.386
growth_mom,2018-02-01,25,-0.388
growth_mom,2018-03-01,25,-0.584
growth_mom,2018-04-01,25,-0.098
growth_mom,2018-05-01,25,-0.686
growth_mom,2018-06-01,25,-0.099
growth_mom,2018-07-01,25,-0.296
growth_mom,2018-08-01,25,0.495
growth_mom,2018-09-01,25,0.099
growth_mom,2018-10-01,25,0.394
growth_mom,2018-11-01,25,0.0
growth_mom,2018-12-01,25,-0.392
growth_mom,2019-01-01,25,0.098
growth_mom,2019-02-01,25,-0.492
growth_mom,2019-03-01,25,-0.296
growth_mom,2019-04-01,25,0.297
growth_mom,2019-05-01,25,0.0
growth_mom,2019-06-01,25,-0.494
growth_mom,2019-07-01,25,0.0
growth_mom,2019-08-01,25,-0.596
growth_mom,2019-09-01,25,0.3
growth_mom,2019-10-01,25,-0.1
growth_mom,2019-11-01,25,-0.299
growth_mom,2019-12-01,25,0.1
growth_mom,2020-01-01,25,10.889
growth_mom,2020-02-01,25,-10.541
growth_mom,2020-03-01,25,0.201
growth_mom,2020-04-01,25,0.0
growth_mom,2020-05-01,25,0.0
growth_mom,2020-06-01,25,-0.201
growth_mom,2020-07-01,25,-0.403
growth_mom,2020-08-01,25,-0.708
growth_mom,2020-09-01,25,-0.305
growth_mom,2020-10-01,25,-0.102
growth_mom,2020-11-01,25,-0.204
growth_mom,2020-12-01,25,0.102
growth_mom,2021-01-01,25,0.0
growth_mom,2021-02-01,25,0.614
growth_mom,2021-03-01,25,-0.305
growth_mom,2021-04-01,25,0.918
growth_mom,2021-05-01,25,0.809
growth_mom,2021-06-01,25,0.401
growth_mom,2021-07-01,25,1.998
growth_mom,2021-08-01,25,0.588
growth_mom,2021-09-01,25,0.682
growth_mom,2021-10-01,25,0.967
growth_mom,2021-11-01,25,1.054
growth_mom,2021-12-01,25,0.758
growth_mom,2022-01-01,25,0.282
growth_mom,2022-02-01,25,0.469
growth_mom,2022-03-01,25,0.747
growth_mom,2022-04-01,25,0.834
growth_mom,2022-05-01,25,0.735
growth_mom,2022-06-01,25,0.912
growth_mom,2022-07-01,25,0.181
growth_mom,2022-08-01,25,-0.542
growth_mom,2022-09-01,25,0.544
growth_mom,2022-10-01,25,-0.632
growth_mom,2022-11-01,25,-0.182
growth_mom,2022-12-01,25,-0.182
growth_mom,2023-01-01,25,0.729
growth_mom,2023-02-01,25,-0.09
growth_mom,2023-03-01,25,-0.453
growth_mom,2023-04-01,25,0.364
growth_mom,2023-05-01,25,0.181
growth_mom,2023-06-01,25,0.633
growth_mom,2023-07-01,25,0.899
growth_mom,2023-08-01,25,0.624
growth_mom,2023-09-01,25,0.531
growth_mom,2023-10-01,25,-0.352
growth_mom,2023-11-01,25,-0.177
growth_mom,2023-12-01,25,-0.266
growth_mom,2024-01-01,25,-0.444
growth_mom,2024-02-01,25,0.0
growth_mom,2024-03-01,25,0.268
growth_mom,2024-04-01,25,-0.356
growth_mom,2024-05-01,25,-0.446
growth_mom,2024-06-01,25,0.09
growth_mom,2024-07-01,25,0.0
growth_mom,2024-08-01,25,0.358
growth_mom,2024-09-01,25,-0.179
growth_mom,2024-10-01,25,0.089
growth_mom,2024-11-01,25,0.179
growth_mom,2024-12-01,25,-0.535
growth_mom,2025-01-01,25,0.269
growth_mom,2025-02-01,25,0.0
growth_mom,2025-03-01,25,-0.179
growth_mom,2025-04-01,25,-0.09
growth_mom,2025-05-01,25,0.179
growth_mom,2025-06-01,25,-0.716
growth_mom,2025-07-01,25,0.451
growth_mom,2025-08-01,25,-0.09
growth_mom,2025-09-01,25,-0.359
growth_mom,2025-10-01,25,0.361
growth_mom,2025-11-01,25,0.09
growth_mom,2025-12-01,25,0.09
growth_mom,2026-01-01,25,-0.09
growth_mom,2026-02-01,25,0.539
growth_mom,2026-03-01,25,0.179
growth_mom,2026-04-01,25,0.713
growth_mom,2026-05-01,25,0.088
growth_mom,2026-06-01,25,-0.531
growth_mom,2026-07-01,25,0.533
abs,2015-01-01,26,105.1
abs,2015-02-01,26,105.7
abs,2015-03-01,26,106.1
abs,2015-04-01,26,106.2
abs,2015-05-01,26,106.1
abs,2015-06-01,26,105.6
abs,2015-07-01,26,105.7
abs,2015-08-01,26,106.4
abs,2015-09-01,26,107.4
abs,2015-10-01,26,107.5
abs,2015-11-01,26,107.9
abs,2015-12-01,26,107.8
abs,2016-01-01,26,107.4
abs,2016-02-01,26,107.2
abs,2016-03-01,26,106.2
abs,2016-04-01,26,106.0
abs,2016-05-01,26,106.4
abs,2016-06-01,26,106.2
abs,2016-07-01,26,105.8
abs,2016-08-01,26,106.3
abs,2016-09-01,26,107.1
abs,2016-10-01,26,107.1
abs,2016-11-01,26,106.9
abs,2016-12-01,26,107.4
abs,2017-01-01,26,106.9
abs,2017-02-01,26,107.1
abs,2017-03-01,26,107.2
abs,2017-04-01,26,106.6
abs,2017-05-01,26,106.7
abs,2017-06-01,26,106.4
abs,2017-07-01,26,106.0
abs,2017-08-01,26,106.1
abs,2017-09-01,26,106.2
abs,2017-10-01,26,104.6
abs,2017-11-01,26,104.9
abs,2017-12-01,26,105.1
abs,2018-01-01,26,105.0
abs,2018-02-01,26,102.4
abs,2018-03-01,26,102.7
abs,2018-04-01,26,102.2
abs,2018-05-01,26,102.5
abs,2018-06-01,26,101.5
abs,2018-07-01,26,101.2
abs,2018-08-01,26,101.0
abs,2018-09-01,26,101.6
abs,2018-10-01,26,101.5
abs,2018-11-01,26,100.4
abs,2018-12-01,26,100.8
abs,2019-01-01,26,101.1
abs,2019-02-01,26,102.1
abs,2019-03-01,26,102.1
abs,2019-04-01,26,102.1
abs,2019-05-01,26,102.4
abs,2019-06-01,26,103.4
abs,2019-07-01,26,103.8
abs,2019-08-01,26,104.0
abs,2019-09-01,26,104.6
abs,2019-10-01,26,104.8
abs,2019-11-01,26,104.4
abs,2019-12-01,26,105.7
abs,2020-01-01,26,112.9
abs,2020-02-01,26,105.5
abs,2020-03-01,26,104.5
abs,2020-04-01,26,105.2
abs,2020-05-01,26,105.8
abs,2020-06-01,26,105.2
abs,2020-07-01,26,105.5
abs,2020-08-01,26,105.9
abs,2020-09-01,26,106.8
abs,2020-10-01,26,105.0
abs,2020-11-01,26,105.0
abs,2020-12-01,26,105.2
abs,2021-01-01,26,104.4
abs,2021-02-01,26,104.6
abs,2021-03-01,26,103.8
abs,2021-04-01,26,103.4
abs,2021-05-01,26,103.0
abs,2021-06-01,26,103.2
abs,2021-07-01,26,103.2
abs,2021-08-01,26,102.1
abs,2021-09-01,26,102.0
abs,2021-10-01,26,102.0
abs,2021-11-01,26,102.2
abs,2021-12-01,26,103.3
abs,2022-01-01,26,102.6
abs,2022-02-01,26,102.1
abs,2022-03-01,26,102.9
abs,2022-04-01,26,103.5
abs,2022-05-01,26,104.6
abs,2022-06-01,26,104.5
abs,2022-07-01,26,105.4
abs,2022-08-01,26,106.3
abs,2022-09-01,26,107.7
abs,2022-10-01,26,108.7
abs,2022-11-01,26,109.0
abs,2022-12-01,26,110.4
abs,2023-01-01,26,111.2
abs,2023-02-01,26,111.6
abs,2023-03-01,26,112.7
abs,2023-04-01,26,112.1
abs,2023-05-01,26,111.4
abs,2023-06-01,26,113.3
abs,2023-07-01,26,114.9
abs,2023-08-01,26,115.7
abs,2023-09-01,26,114.6
abs,2023-10-01,26,114.6
abs,2023-11-01,26,114.9
abs,2023-12-01,26,116.8
abs,2024-01-01,26,116.7
abs,2024-02-01,26,118.5
abs,2024-03-01,26,120.4
abs,2024-04-01,26,122.1
abs,2024-05-01,26,122.1
abs,2024-06-01,26,123.7
abs,2024-07-01,26,122.9
abs,2024-08-01,26,122.4
abs,2024-09-01,26,118.2
abs,2024-10-01,26,115.5
abs,2024-11-01,26,114.2
abs,2024-12-01,26,115.0
abs,2025-01-01,26,114.5
abs,2025-02-01,26,114.7
abs,2025-03-01,26,114.2
abs,2025-04-01,26,114.3
abs,2025-05-01,26,113.7
abs,2025-06-01,26,114.1
abs,2025-07-01,26,113.5
abs,2025-08-01,26,113.0
abs,2025-09-01,26,112.8
abs,2025-10-01,26,113.6
abs,2025-11-01,26,115.1
abs,2025-12-01,26,115.9
abs,2026-01-01,26,117.2
abs,2026-02-01,26,116.4
abs,2026-03-01,26,117.8
abs,2026-04-01,26,118.6
abs,2026-05-01,26,120.2
abs,2026-06-01,26,123.6
abs,2026-07-01,26,125.4
growth_yoy,2016-01-01,26,2.188
growth_yoy,2016-02-01,26,1.419
growth_yoy,2016-03-01,26,0.094
growth_yoy,2016-04-01,26,-0.188
growth_yoy,2016-05-01,26,0.283
growth_yoy,2016-06-01,26,0.568
growth_yoy,2016-07-01,26,0.095
growth_yoy,2016-08-01,26,-0.094
growth_yoy,2016-09-01,26,-0.279
growth_yoy,2016-10-01,26,-0.372
growth_yoy,2016-11-01,26,-0.927
growth_yoy,2016-12-01,26,-0.371
growth_yoy,2017-01-01,26,-0.466
growth_yoy,2017-02-01,26,-0.093
growth_yoy,2017-03-01,26,0.942
growth_yoy,2017-04-01,26,0.566
growth_yoy,2017-05-01,26,0.282
growth_yoy,2017-06-01,26,0.188
growth_yoy,2017-07-01,26,0.189
growth_yoy,2017-08-01,26,-0.188
growth_yoy,2017-09-01,26,-0.84
growth_yoy,2017-10-01,26,-2.334
growth_yoy,2017-11-01,26,-1.871
growth_yoy,2017-12-01,26,-2.142
growth_yoy,2018-01-01,26,-1.777
growth_yoy,2018-02-01,26,-4.388
growth_yoy,2018-03-01,26,-4.198
growth_yoy,2018-04-01,26,-4.128
growth_yoy,2018-05-01,26,-3.936
growth_yoy,2018-06-01,26,-4.605
growth_yoy,2018-07-01,26,-4.528
growth_yoy,2018-08-01,26,-4.807
growth_yoy,2018-09-01,26,-4.331
growth_yoy,2018-10-01,26,-2.964
growth_yoy,2018-11-01,26,-4.29
growth_yoy,2018-12-01,26,-4.091
growth_yoy,2019-01-01,26,-3.714
growth_yoy,2019-02-01,26,-0.293
growth_yoy,2019-03-01,26,-0.584
growth_yoy,2019-04-01,26,-0.098
growth_yoy,2019-05-01,26,-0.098
growth_yoy,2019-06-01,26,1.872
growth_yoy,2019-07-01,26,2.569
growth_yoy,2019-08-01,26,2.97
growth_yoy,2019-09-01,26,2.953
growth_yoy,2019-10-01,26,3.251
growth_yoy,2019-11-01,26,3.984
growth_yoy,2019-12-01,26,4.861
growth_yoy,2020-01-01,26,11.672
growth_yoy,2020-02-01,26,3.33
growth_yoy,2020-03-01,26,2.351
growth_yoy,2020-04-01,26,3.036
growth_yoy,2020-05-01,26,3.32
growth_yoy,2020-06-01,26,1.741
growth_yoy,2020-07-01,26,1.638
growth_yoy,2020-08-01,26,1.827
growth_yoy,2020-09-01,26,2.103
growth_yoy,2020-10-01,26,0.191
growth_yoy,2020-11-01,26,0.575
growth_yoy,2020-12-01,26,-0.473
growth_yoy,2021-01-01,26,-7.529
growth_yoy,2021-02-01,26,-0.853
growth_yoy,2021-03-01,26,-0.67
growth_yoy,2021-04-01,26,-1.711
growth_yoy,2021-05-01,26,-2.647
growth_yoy,2021-06-01,26,-1.901
growth_yoy,2021-07-01,26,-2.18
growth_yoy,2021-08-01,26,-3.588
growth_yoy,2021-09-01,26,-4.494
growth_yoy,2021-10-01,26,-2.857
growth_yoy,2021-11-01,26,-2.667
growth_yoy,2021-12-01,26,-1.806
growth_yoy,2022-01-01,26,-1.724
growth_yoy,2022-02-01,26,-2.39
growth_yoy,2022-03-01,26,-0.867
growth_yoy,2022-04-01,26,0.097
growth_yoy,2022-05-01,26,1.553
growth_yoy,2022-06-01,26,1.26
growth_yoy,2022-07-01,26,2.132
growth_yoy,2022-08-01,26,4.114
growth_yoy,2022-09-01,26,5.588
growth_yoy,2022-10-01,26,6.569
growth_yoy,2022-11-01,26,6.654
growth_yoy,2022-12-01,26,6.873
growth_yoy,2023-01-01,26,8.382
growth_yoy,2023-02-01,26,9.305
growth_yoy,2023-03-01,26,9.524
growth_yoy,2023-04-01,26,8.309
growth_yoy,2023-05-01,26,6.501
growth_yoy,2023-06-01,26,8.421
growth_yoy,2023-07-01,26,9.013
growth_yoy,2023-08-01,26,8.843
growth_yoy,2023-09-01,26,6.407
growth_yoy,2023-10-01,26,5.428
growth_yoy,2023-11-01,26,5.413
growth_yoy,2023-12-01,26,5.797
growth_yoy,2024-01-01,26,4.946
growth_yoy,2024-02-01,26,6.183
growth_yoy,2024-03-01,26,6.832
growth_yoy,2024-04-01,26,8.921
growth_yoy,2024-05-01,26,9.605
growth_yoy,2024-06-01,26,9.179
growth_yoy,2024-07-01,26,6.963
growth_yoy,2024-08-01,26,5.791
growth_yoy,2024-09-01,26,3.141
growth_yoy,2024-10-01,26,0.785
growth_yoy,2024-11-01,26,-0.609
growth_yoy,2024-12-01,26,-1.541
growth_yoy,2025-01-01,26,-1.885
growth_yoy,2025-02-01,26,-3.207
growth_yoy,2025-03-01,26,-5.15
growth_yoy,2025-04-01,26,-6.388
growth_yoy,2025-05-01,26,-6.88
growth_yoy,2025-06-01,26,-7.761
growth_yoy,2025-07-01,26,-7.648
growth_yoy,2025-08-01,26,-7.68
growth_yoy,2025-09-01,26,-4.569
growth_yoy,2025-10-01,26,-1.645
growth_yoy,2025-11-01,26,0.788
growth_yoy,2025-12-01,26,0.783
growth_yoy,2026-01-01,26,2.358
growth_yoy,2026-02-01,26,1.482
growth_yoy,2026-03-01,26,3.152
growth_yoy,2026-04-01,26,3.762
growth_yoy,2026-05-01,26,5.717
growth_yoy,2026-06-01,26,8.326
growth_yoy,2026-07-01,26,10.485
growth_mom,2015-02-01,26,0.571
growth_mom,2015-03-01,26,0.378
growth_mom,2015-04-01,26,0.094
growth_mom,2015-05-01,26,-0.094
growth_mom,2015-06-01,26,-0.471
growth_mom,2015-07-01,26,0.095
growth_mom,2015-08-01,26,0.662
growth_mom,2015-09-01,26,0.94
growth_mom,2015-10-01,26,0.093
growth_mom,2015-11-01,26,0.372
growth_mom,2015-12-01,26,-0.093
growth_mom,2016-01-01,26,-0.371
growth_mom,2016-02-01,26,-0.186
growth_mom,2016-03-01,26,-0.933
growth_mom,2016-04-01,26,-0.188
growth_mom,2016-05-01,26,0.377
growth_mom,2016-06-01,26,-0.188
growth_mom,2016-07-01,26,-0.377
growth_mom,2016-08-01,26,0.473
growth_mom,2016-09-01,26,0.753
growth_mom,2016-10-01,26,0.0
growth_mom,2016-11-01,26,-0.187
growth_mom,2016-12-01,26,0.468
growth_mom,2017-01-01,26,-0.466
growth_mom,2017-02-01,26,0.187
growth_mom,2017-03-01,26,0.093
growth_mom,2017-04-01,26,-0.56
growth_mom,2017-05-01,26,0.094
growth_mom,2017-06-01,26,-0.281
growth_mom,2017-07-01,26,-0.376
growth_mom,2017-08-01,26,0.094
growth_mom,2017-09-01,26,0.094
growth_mom,2017-10-01,26,-1.507
growth_mom,2017-11-01,26,0.287
growth_mom,2017-12-01,26,0.191
growth_mom,2018-01-01,26,-0.095
growth_mom,2018-02-01,26,-2.476
growth_mom,2018-03-01,26,0.293
growth_mom,2018-04-01,26,-0.487
growth_mom,2018-05-01,26,0.294
growth_mom,2018-06-01,26,-0.976
growth_mom,2018-07-01,26,-0.296
growth_mom,2018-08-01,26,-0.198
growth_mom,2018-09-01,26,0.594
growth_mom,2018-10-01,26,-0.098
growth_mom,2018-11-01,26,-1.084
growth_mom,2018-12-01,26,0.398
growth_mom,2019-01-01,26,0.298
growth_mom,2019-02-01,26,0.989
growth_mom,2019-03-01,26,0.0
growth_mom,2019-04-01,26,0.0
growth_mom,2019-05-01,26,0.294
growth_mom,2019-06-01,26,0.977
growth_mom,2019-07-01,26,0.387
growth_mom,2019-08-01,26,0.193
growth_mom,2019-09-01,26,0.577
growth_mom,2019-10-01,26,0.191
growth_mom,2019-11-01,26,-0.382
growth_mom,2019-12-01,26,1.245
growth_mom,2020-01-01,26,6.812
growth_mom,2020-02-01,26,-6.554
growth_mom,2020-03-01,26,-0.948
growth_mom,2020-04-01,26,0.67
growth_mom,2020-05-01,26,0.57
growth_mom,2020-06-01,26,-0.567
growth_mom,2020-07-01,26,0.285
growth_mom,2020-08-01,26,0.379
growth_mom,2020-09-01,26,0.85
growth_mom,2020-10-01,26,-1.685
growth_mom,2020-11-01,26,0.0
growth_mom,2020-12-01,26,0.19
growth_mom,2021-01-01,26,-0.76
growth_mom,2021-02-01,26,0.192
growth_mom,2021-03-01,26,-0.765
growth_mom,2021-04-01,26,-0.385
growth_mom,2021-05-01,26,-0.387
growth_mom,2021-06-01,26,0.194
growth_mom,2021-07-01,26,0.0
growth_mom,2021-08-01,26,-1.066
growth_mom,2021-09-01,26,-0.098
growth_mom,2021-10-01,26,0.0
growth_mom,2021-11-01,26,0.196
growth_mom,2021-12-01,26,1.076
growth_mom,2022-01-01,26,-0.678
growth_mom,2022-02-01,26,-0.487
growth_mom,2022-03-01,26,0.784
growth_mom,2022-04-01,26,0.583
growth_mom,2022-05-01,26,1.063
growth_mom,2022-06-01,26,-0.096
growth_mom,2022-07-01,26,0.861
growth_mom,2022-08-01,26,0.854
growth_mom,2022-09-01,26,1.317
growth_mom,2022-10-01,26,0.929
growth_mom,2022-11-01,26,0.276
growth_mom,2022-12-01,26,1.284
growth_mom,2023-01-01,26,0.725
growth_mom,2023-02-01,26,0.36
growth_mom,2023-03-01,26,0.986
growth_mom,2023-04-01,26,-0.532
growth_mom,2023-05-01,26,-0.624
growth_mom,2023-06-01,26,1.706
growth_mom,2023-07-01,26,1.412
growth_mom,2023-08-01,26,0.696
growth_mom,2023-09-01,26,-0.951
growth_mom,2023-10-01,26,0.0
growth_mom,2023-11-01,26,0.262
growth_mom,2023-12-01,26,1.654
growth_mom,2024-01-01,26,-0.086
growth_mom,2024-02-01,26,1.542
growth_mom,2024-03-01,26,1.603
growth_mom,2024-04-01,26,1.412
growth_mom,2024-05-01,26,0.0
growth_mom,2024-06-01,26,1.31
growth_mom,2024-07-01,26,-0.647
growth_mom,2024-08-01,26,-0.407
growth_mom,2024-09-01,26,-3.431
growth_mom,2024-10-01,26,-2.284
growth_mom,2024-11-01,26,-1.126
growth_mom,2024-12-01,26,0.701
growth_mom,2025-01-01,26,-0.435
growth_mom,2025-02-01,26,0.175
growth_mom,2025-03-01,26,-0.436
growth_mom,2025-04-01,26,0.088
growth_mom,2025-05-01,26,-0.525
growth_mom,2025-06-01,26,0.352
growth_mom,2025-07-01,26,-0.526
growth_mom,2025-08-01,26,-0.441
growth_mom,2025-09-01,26,-0.177
growth_mom,2025-10-01,26,0.709
growth_mom,2025-11-01,26,1.32
growth_mom,2025-12-01,26,0.695
growth_mom,2026-01-01,26,1.122
growth_mom,2026-02-01,26,-0.683
growth_mom,2026-03-01,26,1.203
growth_mom,2026-04-01,26,0.679
growth_mom,2026-05-01,26,1.349
growth_mom,2026-06-01,26,2.829
growth_mom,2026-07-01,26,1.456
abs,2015-01-01,27,100.4
abs,2015-02-01,27,99.2
abs,2015-03-01,27,98.8
abs,2015-04-01,27,98.9
abs,2015-05-01,27,98.7
abs,2015-06-01,27,99.4
abs,2015-07-01,27,99.9
abs,2015-08-01,27,99.8
abs,2015-09-01,27,100.0
abs,2015-10-01,27,100.3
abs,2015-11-01,27,99.6
abs,2015-12-01,27,100.0
abs,2016-01-01,27,100.4
abs,2016-02-01,27,99.2
abs,2016-03-01,27,97.6
abs,2016-04-01,27,97.2
abs,2016-05-01,27,97.2
abs,2016-06-01,27,98.2
abs,2016-07-01,27,97.8
abs,2016-08-01,27,98.1
abs,2016-09-01,27,98.7
abs,2016-10-01,27,97.1
abs,2016-11-01,27,97.3
abs,2016-12-01,27,100.6
abs,2017-01-01,27,102.5
abs,2017-02-01,27,103.6
abs,2017-03-01,27,103.7
abs,2017-04-01,27,105.0
abs,2017-05-01,27,104.9
abs,2017-06-01,27,105.1
abs,2017-07-01,27,104.8
abs,2017-08-01,27,104.8
abs,2017-09-01,27,106.3
abs,2017-10-01,27,107.0
abs,2017-11-01,27,106.8
abs,2017-12-01,27,105.5
abs,2018-01-01,27,105.7
abs,2018-02-01,27,104.4
abs,2018-03-01,27,104.8
abs,2018-04-01,27,104.1
abs,2018-05-01,27,103.4
abs,2018-06-01,27,104.1
abs,2018-07-01,27,105.1
abs,2018-08-01,27,105.0
abs,2018-09-01,27,104.6
abs,2018-10-01,27,105.0
abs,2018-11-01,27,104.5
abs,2018-12-01,27,104.3
abs,2019-01-01,27,104.5
abs,2019-02-01,27,104.6
abs,2019-03-01,27,104.7
abs,2019-04-01,27,104.8
abs,2019-05-01,27,105.0
abs,2019-06-01,27,104.3
abs,2019-07-01,27,104.3
abs,2019-08-01,27,104.4
abs,2019-09-01,27,103.8
abs,2019-10-01,27,104.4
abs,2019-11-01,27,104.1
abs,2019-12-01,27,104.8
abs,2020-01-01,27,118.9
abs,2020-02-01,27,105.1
abs,2020-03-01,27,104.2
abs,2020-04-01,27,104.4
abs,2020-05-01,27,104.9
abs,2020-06-01,27,105.1
abs,2020-07-01,27,105.4
abs,2020-08-01,27,104.6
abs,2020-09-01,27,103.8
abs,2020-10-01,27,103.5
abs,2020-11-01,27,103.6
abs,2020-12-01,27,103.8
abs,2021-01-01,27,103.6
abs,2021-02-01,27,103.1
abs,2021-03-01,27,103.3
abs,2021-04-01,27,104.0
abs,2021-05-01,27,104.5
abs,2021-06-01,27,104.5
abs,2021-07-01,27,105.3
abs,2021-08-01,27,105.0
abs,2021-09-01,27,106.9
abs,2021-10-01,27,106.6
abs,2021-11-01,27,107.7
abs,2021-12-01,27,107.8
abs,2022-01-01,27,108.1
abs,2022-02-01,27,110.2
abs,2022-03-01,27,111.5
abs,2022-04-01,27,112.3
abs,2022-05-01,27,112.8
abs,2022-06-01,27,113.8
abs,2022-07-01,27,114.8
abs,2022-08-01,27,116.2
abs,2022-09-01,27,117.2
abs,2022-10-01,27,117.6
abs,2022-11-01,27,116.7
abs,2022-12-01,27,118.1
abs,2023-01-01,27,117.9
abs,2023-02-01,27,117.1
abs,2023-03-01,27,118.2
abs,2023-04-01,27,118.1
abs,2023-05-01,27,119.2
abs,2023-06-01,27,119.8
abs,2023-07-01,27,120.1
abs,2023-08-01,27,120.6
abs,2023-09-01,27,120.3
abs,2023-10-01,27,121.6
abs,2023-11-01,27,123.4
abs,2023-12-01,27,124.9
abs,2024-01-01,27,124.2
abs,2024-02-01,27,124.1
abs,2024-03-01,27,124.6
abs,2024-04-01,27,125.2
abs,2024-05-01,27,125.1
abs,2024-06-01,27,126.0
abs,2024-07-01,27,126.2
abs,2024-08-01,27,126.6
abs,2024-09-01,27,126.6
abs,2024-10-01,27,125.9
abs,2024-11-01,27,125.7
abs,2024-12-01,27,126.9
abs,2025-01-01,27,127.6
abs,2025-02-01,27,126.8
abs,2025-03-01,27,127.0
abs,2025-04-01,27,126.8
abs,2025-05-01,27,125.9
abs,2025-06-01,27,125.5
abs,2025-07-01,27,126.0
abs,2025-08-01,27,125.5
abs,2025-09-01,27,123.2
abs,2025-10-01,27,123.2
abs,2025-11-01,27,122.7
abs,2025-12-01,27,123.9
abs,2026-01-01,27,124.1
abs,2026-02-01,27,123.5
abs,2026-03-01,27,124.3
abs,2026-04-01,27,124.4
abs,2026-05-01,27,124.8
abs,2026-06-01,27,126.1
abs,2026-07-01,27,127.0
growth_yoy,2016-01-01,27,0.0
growth_yoy,2016-02-01,27,0.0
growth_yoy,2016-03-01,27,-1.215
growth_yoy,2016-04-01,27,-1.719
growth_yoy,2016-05-01,27,-1.52
growth_yoy,2016-06-01,27,-1.207
growth_yoy,2016-07-01,27,-2.102
growth_yoy,2016-08-01,27,-1.703
growth_yoy,2016-09-01,27,-1.3
growth_yoy,2016-10-01,27,-3.19
growth_yoy,2016-11-01,27,-2.309
growth_yoy,2016-12-01,27,0.6
growth_yoy,2017-01-01,27,2.092
growth_yoy,2017-02-01,27,4.435
growth_yoy,2017-03-01,27,6.25
growth_yoy,2017-04-01,27,8.025
growth_yoy,2017-05-01,27,7.922
growth_yoy,2017-06-01,27,7.026
growth_yoy,2017-07-01,27,7.157
growth_yoy,2017-08-01,27,6.83
growth_yoy,2017-09-01,27,7.7
growth_yoy,2017-10-01,27,10.196
growth_yoy,2017-11-01,27,9.764
growth_yoy,2017-12-01,27,4.871
growth_yoy,2018-01-01,27,3.122
growth_yoy,2018-02-01,27,0.772
growth_yoy,2018-03-01,27,1.061
growth_yoy,2018-04-01,27,-0.857
growth_yoy,2018-05-01,27,-1.43
growth_yoy,2018-06-01,27,-0.951
growth_yoy,2018-07-01,27,0.286
growth_yoy,2018-08-01,27,0.191
growth_yoy,2018-09-01,27,-1.599
growth_yoy,2018-10-01,27,-1.869
growth_yoy,2018-11-01,27,-2.154
growth_yoy,2018-12-01,27,-1.137
growth_yoy,2019-01-01,27,-1.135
growth_yoy,2019-02-01,27,0.192
growth_yoy,2019-03-01,27,-0.095
growth_yoy,2019-04-01,27,0.672
growth_yoy,2019-05-01,27,1.547
growth_yoy,2019-06-01,27,0.192
growth_yoy,2019-07-01,27,-0.761
growth_yoy,2019-08-01,27,-0.571
growth_yoy,2019-09-01,27,-0.765
growth_yoy,2019-10-01,27,-0.571
growth_yoy,2019-11-01,27,-0.383
growth_yoy,2019-12-01,27,0.479
growth_yoy,2020-01-01,27,13.78
growth_yoy,2020-02-01,27,0.478
growth_yoy,2020-03-01,27,-0.478
growth_yoy,2020-04-01,27,-0.382
growth_yoy,2020-05-01,27,-0.095
growth_yoy,2020-06-01,27,0.767
growth_yoy,2020-07-01,27,1.055
growth_yoy,2020-08-01,27,0.192
growth_yoy,2020-09-01,27,0.0
growth_yoy,2020-10-01,27,-0.862
growth_yoy,2020-11-01,27,-0.48
growth_yoy,2020-12-01,27,-0.954
growth_yoy,2021-01-01,27,-12.868
growth_yoy,2021-02-01,27,-1.903
growth_yoy,2021-03-01,27,-0.864
growth_yoy,2021-04-01,27,-0.383
growth_yoy,2021-05-01,27,-0.381
growth_yoy,2021-06-01,27,-0.571
growth_yoy,2021-07-01,27,-0.095
growth_yoy,2021-08-01,27,0.382
growth_yoy,2021-09-01,27,2.987
growth_yoy,2021-10-01,27,2.995
growth_yoy,2021-11-01,27,3.958
growth_yoy,2021-12-01,27,3.854
growth_yoy,2022-01-01,27,4.344
growth_yoy,2022-02-01,27,6.887
growth_yoy,2022-03-01,27,7.938
growth_yoy,2022-04-01,27,7.981
growth_yoy,2022-05-01,27,7.943
growth_yoy,2022-06-01,27,8.9
growth_yoy,2022-07-01,27,9.022
growth_yoy,2022-08-01,27,10.667
growth_yoy,2022-09-01,27,9.635
growth_yoy,2022-10-01,27,10.319
growth_yoy,2022-11-01,27,8.357
growth_yoy,2022-12-01,27,9.555
growth_yoy,2023-01-01,27,9.066
growth_yoy,2023-02-01,27,6.261
growth_yoy,2023-03-01,27,6.009
growth_yoy,2023-04-01,27,5.165
growth_yoy,2023-05-01,27,5.674
growth_yoy,2023-06-01,27,5.272
growth_yoy,2023-07-01,27,4.617
growth_yoy,2023-08-01,27,3.787
growth_yoy,2023-09-01,27,2.645
growth_yoy,2023-10-01,27,3.401
growth_yoy,2023-11-01,27,5.741
growth_yoy,2023-12-01,27,5.758
growth_yoy,2024-01-01,27,5.344
growth_yoy,2024-02-01,27,5.978
growth_yoy,2024-03-01,27,5.415
growth_yoy,2024-04-01,27,6.012
growth_yoy,2024-05-01,27,4.95
growth_yoy,2024-06-01,27,5.175
growth_yoy,2024-07-01,27,5.079
growth_yoy,2024-08-01,27,4.975
growth_yoy,2024-09-01,27,5.237
growth_yoy,2024-10-01,27,3.536
growth_yoy,2024-11-01,27,1.864
growth_yoy,2024-12-01,27,1.601
growth_yoy,2025-01-01,27,2.738
growth_yoy,2025-02-01,27,2.176
growth_yoy,2025-03-01,27,1.926
growth_yoy,2025-04-01,27,1.278
growth_yoy,2025-05-01,27,0.639
growth_yoy,2025-06-01,27,-0.397
growth_yoy,2025-07-01,27,-0.158
growth_yoy,2025-08-01,27,-0.869
growth_yoy,2025-09-01,27,-2.686
growth_yoy,2025-10-01,27,-2.145
growth_yoy,2025-11-01,27,-2.387
growth_yoy,2025-12-01,27,-2.364
growth_yoy,2026-01-01,27,-2.743
growth_yoy,2026-02-01,27,-2.603
growth_yoy,2026-03-01,27,-2.126
growth_yoy,2026-04-01,27,-1.893
growth_yoy,2026-05-01,27,-0.874
growth_yoy,2026-06-01,27,0.478
growth_yoy,2026-07-01,27,0.794
growth_mom,2015-02-01,27,-1.195
growth_mom,2015-03-01,27,-0.403
growth_mom,2015-04-01,27,0.101
growth_mom,2015-05-01,27,-0.202
growth_mom,2015-06-01,27,0.709
growth_mom,2015-07-01,27,0.503
growth_mom,2015-08-01,27,-0.1
growth_mom,2015-09-01,27,0.2
growth_mom,2015-10-01,27,0.3
growth_mom,2015-11-01,27,-0.698
growth_mom,2015-12-01,27,0.402
growth_mom,2016-01-01,27,0.4
growth_mom,2016-02-01,27,-1.195
growth_mom,2016-03-01,27,-1.613
growth_mom,2016-04-01,27,-0.41
growth_mom,2016-05-01,27,0.0
growth_mom,2016-06-01,27,1.029
growth_mom,2016-07-01,27,-0.407
growth_mom,2016-08-01,27,0.307
growth_mom,2016-09-01,27,0.612
growth_mom,2016-10-01,27,-1.621
growth_mom,2016-11-01,27,0.206
growth_mom,2016-12-01,27,3.392
growth_mom,2017-01-01,27,1.889
growth_mom,2017-02-01,27,1.073
growth_mom,2017-03-01,27,0.097
growth_mom,2017-04-01,27,1.254
growth_mom,2017-05-01,27,-0.095
growth_mom,2017-06-01,27,0.191
growth_mom,2017-07-01,27,-0.285
growth_mom,2017-08-01,27,0.0
growth_mom,2017-09-01,27,1.431
growth_mom,2017-10-01,27,0.659
growth_mom,2017-11-01,27,-0.187
growth_mom,2017-12-01,27,-1.217
growth_mom,2018-01-01,27,0.19
growth_mom,2018-02-01,27,-1.23
growth_mom,2018-03-01,27,0.383
growth_mom,2018-04-01,27,-0.668
growth_mom,2018-05-01,27,-0.672
growth_mom,2018-06-01,27,0.677
growth_mom,2018-07-01,27,0.961
growth_mom,2018-08-01,27,-0.095
growth_mom,2018-09-01,27,-0.381
growth_mom,2018-10-01,27,0.382
growth_mom,2018-11-01,27,-0.476
growth_mom,2018-12-01,27,-0.191
growth_mom,2019-01-01,27,0.192
growth_mom,2019-02-01,27,0.096
growth_mom,2019-03-01,27,0.096
growth_mom,2019-04-01,27,0.096
growth_mom,2019-05-01,27,0.191
growth_mom,2019-06-01,27,-0.667
growth_mom,2019-07-01,27,0.0
growth_mom,2019-08-01,27,0.096
growth_mom,2019-09-01,27,-0.575
growth_mom,2019-10-01,27,0.578
growth_mom,2019-11-01,27,-0.287
growth_mom,2019-12-01,27,0.672
growth_mom,2020-01-01,27,13.454
growth_mom,2020-02-01,27,-11.606
growth_mom,2020-03-01,27,-0.856
growth_mom,2020-04-01,27,0.192
growth_mom,2020-05-01,27,0.479
growth_mom,2020-06-01,27,0.191
growth_mom,2020-07-01,27,0.285
growth_mom,2020-08-01,27,-0.759
growth_mom,2020-09-01,27,-0.765
growth_mom,2020-10-01,27,-0.289
growth_mom,2020-11-01,27,0.097
growth_mom,2020-12-01,27,0.193
growth_mom,2021-01-01,27,-0.193
growth_mom,2021-02-01,27,-0.483
growth_mom,2021-03-01,27,0.194
growth_mom,2021-04-01,27,0.678
growth_mom,2021-05-01,27,0.481
growth_mom,2021-06-01,27,0.0
growth_mom,2021-07-01,27,0.766
growth_mom,2021-08-01,27,-0.285
growth_mom,2021-09-01,27,1.81
growth_mom,2021-10-01,27,-0.281
growth_mom,2021-11-01,27,1.032
growth_mom,2021-12-01,27,0.093
growth_mom,2022-01-01,27,0.278
growth_mom,2022-02-01,27,1.943
growth_mom,2022-03-01,27,1.18
growth_mom,2022-04-01,27,0.717
growth_mom,2022-05-01,27,0.445
growth_mom,2022-06-01,27,0.887
growth_mom,2022-07-01,27,0.879
growth_mom,2022-08-01,27,1.22
growth_mom,2022-09-01,27,0.861
growth_mom,2022-10-01,27,0.341
growth_mom,2022-11-01,27,-0.765
growth_mom,2022-12-01,27,1.2
growth_mom,2023-01-01,27,-0.169
growth_mom,2023-02-01,27,-0.679
growth_mom,2023-03-01,27,0.939
growth_mom,2023-04-01,27,-0.085
growth_mom,2023-05-01,27,0.931
growth_mom,2023-06-01,27,0.503
growth_mom,2023-07-01,27,0.25
growth_mom,2023-08-01,27,0.416
growth_mom,2023-09-01,27,-0.249
growth_mom,2023-10-01,27,1.081
growth_mom,2023-11-01,27,1.48
growth_mom,2023-12-01,27,1.216
growth_mom,2024-01-01,27,-0.56
growth_mom,2024-02-01,27,-0.081
growth_mom,2024-03-01,27,0.403
growth_mom,2024-04-01,27,0.482
growth_mom,2024-05-01,27,-0.08
growth_mom,2024-06-01,27,0.719
growth_mom,2024-07-01,27,0.159
growth_mom,2024-08-01,27,0.317
growth_mom,2024-09-01,27,0.0
growth_mom,2024-10-01,27,-0.553
growth_mom,2024-11-01,27,-0.159
growth_mom,2024-12-01,27,0.955
growth_mom,2025-01-01,27,0.552
growth_mom,2025-02-01,27,-0.627
growth_mom,2025-03-01,27,0.158
growth_mom,2025-04-01,27,-0.157
growth_mom,2025-05-01,27,-0.71
growth_mom,2025-06-01,27,-0.318
growth_mom,2025-07-01,27,0.398
growth_mom,2025-08-01,27,-0.397
growth_mom,2025-09-01,27,-1.833
growth_mom,2025-10-01,27,0.0
growth_mom,2025-11-01,27,-0.406
growth_mom,2025-12-01,27,0.978
growth_mom,2026-01-01,27,0.161
growth_mom,2026-02-01,27,-0.483
growth_mom,2026-03-01,27,0.648
growth_mom,2026-04-01,27,0.08
growth_mom,2026-05-01,27,0.322
growth_mom,2026-06-01,27,1.042
growth_mom,2026-07-01,27,0.714
abs,2015-01-01,28,101.3
abs,2015-02-01,28,101.7
abs,2015-03-01,28,101.5
abs,2015-04-01,28,102.2
abs,2015-05-01,28,101.3
abs,2015-06-01,28,101.6
abs,2015-07-01,28,101.2
abs,2015-08-01,28,101.2
abs,2015-09-01,28,102.0
abs,2015-10-01,28,102.1
abs,2015-11-01,28,102.1
abs,2015-12-01,28,102.9
abs,2016-01-01,28,103.0
abs,2016-02-01,28,103.0
abs,2016-03-01,28,103.0
abs,2016-04-01,28,102.3
abs,2016-05-01,28,102.0
abs,2016-06-01,28,102.0
abs,2016-07-01,28,102.0
abs,2016-08-01,28,102.0
abs,2016-09-01,28,102.1
abs,2016-10-01,28,102.1
abs,2016-11-01,28,102.7
abs,2016-12-01,28,101.9
abs,2017-01-01,28,102.1
abs,2017-02-01,28,101.1
abs,2017-03-01,28,100.8
abs,2017-04-01,28,100.8
abs,2017-05-01,28,100.6
abs,2017-06-01,28,100.9
abs,2017-07-01,28,101.5
abs,2017-08-01,28,101.0
abs,2017-09-01,28,101.7
abs,2017-10-01,28,101.8
abs,2017-11-01,28,101.1
abs,2017-12-01,28,101.1
abs,2018-01-01,28,100.7
abs,2018-02-01,28,98.7
abs,2018-03-01,28,97.5
abs,2018-04-01,28,99.3
abs,2018-05-01,28,99.5
abs,2018-06-01,28,98.8
abs,2018-07-01,28,99.4
abs,2018-08-01,28,100.1
abs,2018-09-01,28,99.8
abs,2018-10-01,28,100.0
abs,2018-11-01,28,100.7
abs,2018-12-01,28,101.0
abs,2019-01-01,28,101.1
abs,2019-02-01,28,100.3
abs,2019-03-01,28,100.2
abs,2019-04-01,28,99.5
abs,2019-05-01,28,100.3
abs,2019-06-01,28,100.5
abs,2019-07-01,28,99.4
abs,2019-08-01,28,100.0
abs,2019-09-01,28,100.5
abs,2019-10-01,28,100.8
abs,2019-11-01,28,100.4
abs,2019-12-01,28,99.7
abs,2020-01-01,28,100.4
abs,2020-02-01,28,99.4
abs,2020-03-01,28,99.2
abs,2020-04-01,28,98.5
abs,2020-05-01,28,98.9
abs,2020-06-01,28,98.4
abs,2020-07-01,28,97.7
abs,2020-08-01,28,96.5
abs,2020-09-01,28,97.0
abs,2020-10-01,28,97.6
abs,2020-11-01,28,97.8
abs,2020-12-01,28,98.7
abs,2021-01-01,28,99.3
abs,2021-02-01,28,98.8
abs,2021-03-01,28,99.9
abs,2021-04-01,28,98.7
abs,2021-05-01,28,99.9
abs,2021-06-01,28,100.2
abs,2021-07-01,28,100.5
abs,2021-08-01,28,100.8
abs,2021-09-01,28,100.6
abs,2021-10-01,28,100.8
abs,2021-11-01,28,101.0
abs,2021-12-01,28,101.6
abs,2022-01-01,28,101.8
abs,2022-02-01,28,102.6
abs,2022-03-01,28,102.1
abs,2022-04-01,28,101.6
abs,2022-05-01,28,101.5
abs,2022-06-01,28,101.9
abs,2022-07-01,28,102.6
abs,2022-08-01,28,102.4
abs,2022-09-01,28,102.6
abs,2022-10-01,28,103.2
abs,2022-11-01,28,104.0
abs,2022-12-01,28,103.1
abs,2023-01-01,28,104.0
abs,2023-02-01,28,102.9
abs,2023-03-01,28,100.6
abs,2023-04-01,28,100.5
abs,2023-05-01,28,98.9
abs,2023-06-01,28,99.5
abs,2023-07-01,28,98.4
abs,2023-08-01,28,98.1
abs,2023-09-01,28,97.4
abs,2023-10-01,28,97.3
abs,2023-11-01,28,97.9
abs,2023-12-01,28,97.9
abs,2024-01-01,28,97.7
abs,2024-02-01,28,97.3
abs,2024-03-01,28,97.2
abs,2024-04-01,28,97.3
abs,2024-05-01,28,97.8
abs,2024-06-01,28,97.7
abs,2024-07-01,28,97.6
abs,2024-08-01,28,98.1
abs,2024-09-01,28,98.6
abs,2024-10-01,28,98.6
abs,2024-11-01,28,98.4
abs,2024-12-01,28,98.4
abs,2025-01-01,28,98.6
abs,2025-02-01,28,98.6
abs,2025-03-01,28,97.2
abs,2025-04-01,28,97.4
abs,2025-05-01,28,97.8
abs,2025-06-01,28,98.5
abs,2025-07-01,28,98.5
abs,2025-08-01,28,97.9
abs,2025-09-01,28,98.7
abs,2025-10-01,28,99.4
abs,2025-11-01,28,98.4
abs,2025-12-01,28,97.7
abs,2026-01-01,28,96.9
abs,2026-02-01,28,97.3
abs,2026-03-01,28,95.6
abs,2026-04-01,28,95.8
abs,2026-05-01,28,96.6
abs,2026-06-01,28,97.6
abs,2026-07-01,28,98.7
growth_yoy,2016-01-01,28,1.678
growth_yoy,2016-02-01,28,1.278
growth_yoy,2016-03-01,28,1.478
growth_yoy,2016-04-01,28,0.098
growth_yoy,2016-05-01,28,0.691
growth_yoy,2016-06-01,28,0.394
growth_yoy,2016-07-01,28,0.791
growth_yoy,2016-08-01,28,0.791
growth_yoy,2016-09-01,28,0.098
growth_yoy,2016-10-01,28,0.0
growth_yoy,2016-11-01,28,0.588
growth_yoy,2016-12-01,28,-0.972
growth_yoy,2017-01-01,28,-0.874
growth_yoy,2017-02-01,28,-1.845
growth_yoy,2017-03-01,28,-2.136
growth_yoy,2017-04-01,28,-1.466
growth_yoy,2017-05-01,28,-1.373
growth_yoy,2017-06-01,28,-1.078
growth_yoy,2017-07-01,28,-0.49
growth_yoy,2017-08-01,28,-0.98
growth_yoy,2017-09-01,28,-0.392
growth_yoy,2017-10-01,28,-0.294
growth_yoy,2017-11-01,28,-1.558
growth_yoy,2017-12-01,28,-0.785
growth_yoy,2018-01-01,28,-1.371
growth_yoy,2018-02-01,28,-2.374
growth_yoy,2018-03-01,28,-3.274
growth_yoy,2018-04-01,28,-1.488
growth_yoy,2018-05-01,28,-1.093
growth_yoy,2018-06-01,28,-2.081
growth_yoy,2018-07-01,28,-2.069
growth_yoy,2018-08-01,28,-0.891
growth_yoy,2018-09-01,28,-1.868
growth_yoy,2018-10-01,28,-1.768
growth_yoy,2018-11-01,28,-0.396
growth_yoy,2018-12-01,28,-0.099
growth_yoy,2019-01-01,28,0.397
growth_yoy,2019-02-01,28,1.621
growth_yoy,2019-03-01,28,2.769
growth_yoy,2019-04-01,28,0.201
growth_yoy,2019-05-01,28,0.804
growth_yoy,2019-06-01,28,1.721
growth_yoy,2019-07-01,28,0.0
growth_yoy,2019-08-01,28,-0.1
growth_yoy,2019-09-01,28,0.701
growth_yoy,2019-10-01,28,0.8
growth_yoy,2019-11-01,28,-0.298
growth_yoy,2019-12-01,28,-1.287
growth_yoy,2020-01-01,28,-0.692
growth_yoy,2020-02-01,28,-0.897
growth_yoy,2020-03-01,28,-0.998
growth_yoy,2020-04-01,28,-1.005
growth_yoy,2020-05-01,28,-1.396
growth_yoy,2020-06-01,28,-2.09
growth_yoy,2020-07-01,28,-1.71
growth_yoy,2020-08-01,28,-3.5
growth_yoy,2020-09-01,28,-3.483
growth_yoy,2020-10-01,28,-3.175
growth_yoy,2020-11-01,28,-2.59
growth_yoy,2020-12-01,28,-1.003
growth_yoy,2021-01-01,28,-1.096
growth_yoy,2021-02-01,28,-0.604
growth_yoy,2021-03-01,28,0.706
growth_yoy,2021-04-01,28,0.203
growth_yoy,2021-05-01,28,1.011
growth_yoy,2021-06-01,28,1.829
growth_yoy,2021-07-01,28,2.866
growth_yoy,2021-08-01,28,4.456
growth_yoy,2021-09-01,28,3.711
growth_yoy,2021-10-01,28,3.279
growth_yoy,2021-11-01,28,3.272
growth_yoy,2021-12-01,28,2.938
growth_yoy,2022-01-01,28,2.518
growth_yoy,2022-02-01,28,3.846
growth_yoy,2022-03-01,28,2.202
growth_yoy,2022-04-01,28,2.938
growth_yoy,2022-05-01,28,1.602
growth_yoy,2022-06-01,28,1.697
growth_yoy,2022-07-01,28,2.09
growth_yoy,2022-08-01,28,1.587
growth_yoy,2022-09-01,28,1.988
growth_yoy,2022-10-01,28,2.381
growth_yoy,2022-11-01,28,2.97
growth_yoy,2022-12-01,28,1.476
growth_yoy,2023-01-01,28,2.161
growth_yoy,2023-02-01,28,0.292
growth_yoy,2023-03-01,28,-1.469
growth_yoy,2023-04-01,28,-1.083
growth_yoy,2023-05-01,28,-2.562
growth_yoy,2023-06-01,28,-2.355
growth_yoy,2023-07-01,28,-4.094
growth_yoy,2023-08-01,28,-4.199
growth_yoy,2023-09-01,28,-5.068
growth_yoy,2023-10-01,28,-5.717
growth_yoy,2023-11-01,28,-5.865
growth_yoy,2023-12-01,28,-5.044
growth_yoy,2024-01-01,28,-6.058
growth_yoy,2024-02-01,28,-5.442
growth_yoy,2024-03-01,28,-3.38
growth_yoy,2024-04-01,28,-3.184
growth_yoy,2024-05-01,28,-1.112
growth_yoy,2024-06-01,28,-1.809
growth_yoy,2024-07-01,28,-0.813
growth_yoy,2024-08-01,28,0.0
growth_yoy,2024-09-01,28,1.232
growth_yoy,2024-10-01,28,1.336
growth_yoy,2024-11-01,28,0.511
growth_yoy,2024-12-01,28,0.511
growth_yoy,2025-01-01,28,0.921
growth_yoy,2025-02-01,28,1.336
growth_yoy,2025-03-01,28,0.0
growth_yoy,2025-04-01,28,0.103
growth_yoy,2025-05-01,28,0.0
growth_yoy,2025-06-01,28,0.819
growth_yoy,2025-07-01,28,0.922
growth_yoy,2025-08-01,28,-0.204
growth_yoy,2025-09-01,28,0.101
growth_yoy,2025-10-01,28,0.811
growth_yoy,2025-11-01,28,0.0
growth_yoy,2025-12-01,28,-0.711
growth_yoy,2026-01-01,28,-1.724
growth_yoy,2026-02-01,28,-1.318
growth_yoy,2026-03-01,28,-1.646
growth_yoy,2026-04-01,28,-1.643
growth_yoy,2026-05-01,28,-1.227
growth_yoy,2026-06-01,28,-0.914
growth_yoy,2026-07-01,28,0.203
growth_mom,2015-02-01,28,0.395
growth_mom,2015-03-01,28,-0.197
growth_mom,2015-04-01,28,0.69
growth_mom,2015-05-01,28,-0.881
growth_mom,2015-06-01,28,0.296
growth_mom,2015-07-01,28,-0.394
growth_mom,2015-08-01,28,0.0
growth_mom,2015-09-01,28,0.791
growth_mom,2015-10-01,28,0.098
growth_mom,2015-11-01,28,0.0
growth_mom,2015-12-01,28,0.784
growth_mom,2016-01-01,28,0.097
growth_mom,2016-02-01,28,0.0
growth_mom,2016-03-01,28,0.0
growth_mom,2016-04-01,28,-0.68
growth_mom,2016-05-01,28,-0.293
growth_mom,2016-06-01,28,0.0
growth_mom,2016-07-01,28,0.0
growth_mom,2016-08-01,28,0.0
growth_mom,2016-09-01,28,0.098
growth_mom,2016-10-01,28,0.0
growth_mom,2016-11-01,28,0.588
growth_mom,2016-12-01,28,-0.779
growth_mom,2017-01-01,28,0.196
growth_mom,2017-02-01,28,-0.979
growth_mom,2017-03-01,28,-0.297
growth_mom,2017-04-01,28,0.0
growth_mom,2017-05-01,28,-0.198
growth_mom,2017-06-01,28,0.298
growth_mom,2017-07-01,28,0.595
growth_mom,2017-08-01,28,-0.493
growth_mom,2017-09-01,28,0.693
growth_mom,2017-10-01,28,0.098
growth_mom,2017-11-01,28,-0.688
growth_mom,2017-12-01,28,0.0
growth_mom,2018-01-01,28,-0.396
growth_mom,2018-02-01,28,-1.986
growth_mom,2018-03-01,28,-1.216
growth_mom,2018-04-01,28,1.846
growth_mom,2018-05-01,28,0.201
growth_mom,2018-06-01,28,-0.704
growth_mom,2018-07-01,28,0.607
growth_mom,2018-08-01,28,0.704
growth_mom,2018-09-01,28,-0.3
growth_mom,2018-10-01,28,0.2
growth_mom,2018-11-01,28,0.7
growth_mom,2018-12-01,28,0.298
growth_mom,2019-01-01,28,0.099
growth_mom,2019-02-01,28,-0.791
growth_mom,2019-03-01,28,-0.1
growth_mom,2019-04-01,28,-0.699
growth_mom,2019-05-01,28,0.804
growth_mom,2019-06-01,28,0.199
growth_mom,2019-07-01,28,-1.095
growth_mom,2019-08-01,28,0.604
growth_mom,2019-09-01,28,0.5
growth_mom,2019-10-01,28,0.299
growth_mom,2019-11-01,28,-0.397
growth_mom,2019-12-01,28,-0.697
growth_mom,2020-01-01,28,0.702
growth_mom,2020-02-01,28,-0.996
growth_mom,2020-03-01,28,-0.201
growth_mom,2020-04-01,28,-0.706
growth_mom,2020-05-01,28,0.406
growth_mom,2020-06-01,28,-0.506
growth_mom,2020-07-01,28,-0.711
growth_mom,2020-08-01,28,-1.228
growth_mom,2020-09-01,28,0.518
growth_mom,2020-10-01,28,0.619
growth_mom,2020-11-01,28,0.205
growth_mom,2020-12-01,28,0.92
growth_mom,2021-01-01,28,0.608
growth_mom,2021-02-01,28,-0.504
growth_mom,2021-03-01,28,1.113
growth_mom,2021-04-01,28,-1.201
growth_mom,2021-05-01,28,1.216
growth_mom,2021-06-01,28,0.3
growth_mom,2021-07-01,28,0.299
growth_mom,2021-08-01,28,0.299
growth_mom,2021-09-01,28,-0.198
growth_mom,2021-10-01,28,0.199
growth_mom,2021-11-01,28,0.198
growth_mom,2021-12-01,28,0.594
growth_mom,2022-01-01,28,0.197
growth_mom,2022-02-01,28,0.786
growth_mom,2022-03-01,28,-0.487
growth_mom,2022-04-01,28,-0.49
growth_mom,2022-05-01,28,-0.098
growth_mom,2022-06-01,28,0.394
growth_mom,2022-07-01,28,0.687
growth_mom,2022-08-01,28,-0.195
growth_mom,2022-09-01,28,0.195
growth_mom,2022-10-01,28,0.585
growth_mom,2022-11-01,28,0.775
growth_mom,2022-12-01,28,-0.865
growth_mom,2023-01-01,28,0.873
growth_mom,2023-02-01,28,-1.058
growth_mom,2023-03-01,28,-2.235
growth_mom,2023-04-01,28,-0.099
growth_mom,2023-05-01,28,-1.592
growth_mom,2023-06-01,28,0.607
growth_mom,2023-07-01,28,-1.106
growth_mom,2023-08-01,28,-0.305
growth_mom,2023-09-01,28,-0.714
growth_mom,2023-10-01,28,-0.103
growth_mom,2023-11-01,28,0.617
growth_mom,2023-12-01,28,0.0
growth_mom,2024-01-01,28,-0.204
growth_mom,2024-02-01,28,-0.409
growth_mom,2024-03-01,28,-0.103
growth_mom,2024-04-01,28,0.103
growth_mom,2024-05-01,28,0.514
growth_mom,2024-06-01,28,-0.102
growth_mom,2024-07-01,28,-0.102
growth_mom,2024-08-01,28,0.512
growth_mom,2024-09-01,28,0.51
growth_mom,2024-10-01,28,0.0
growth_mom,2024-11-01,28,-0.203
growth_mom,2024-12-01,28,0.0
growth_mom,2025-01-01,28,0.203
growth_mom,2025-02-01,28,0.0
growth_mom,2025-03-01,28,-1.42
growth_mom,2025-04-01,28,0.206
growth_mom,2025-05-01,28,0.411
growth_mom,2025-06-01,28,0.716
growth_mom,2025-07-01,28,0.0
growth_mom,2025-08-01,28,-0.609
growth_mom,2025-09-01,28,0.817
growth_mom,2025-10-01,28,0.709
growth_mom,2025-11-01,28,-1.006
growth_mom,2025-12-01,28,-0.711
growth_mom,2026-01-01,28,-0.819
growth_mom,2026-02-01,28,0.413
growth_mom,2026-03-01,28,-1.747
growth_mom,2026-04-01,28,0.209
growth_mom,2026-05-01,28,0.835
growth_mom,2026-06-01,28,1.035
growth_mom,2026-07-01,28,1.127
abs,2015-01-01,29,100.5
abs,2015-02-01,29,100.4
abs,2015-03-01,29,100.5
abs,2015-04-01,29,100.4
abs,2015-05-01,29,100.5
abs,2015-06-01,29,100.6
abs,2015-07-01,29,100.6
abs,2015-08-01,29,100.5
abs,2015-09-01,29,100.7
abs,2015-10-01,29,100.8
abs,2015-11-01,29,101.1
abs,2015-12-01,29,100.7
abs,2016-01-01,29,100.8
abs,2016-02-01,29,101.0
abs,2016-03-01,29,101.5
abs,2016-04-01,29,101.4
abs,2016-05-01,29,101.5
abs,2016-06-01,29,101.8
abs,2016-07-01,29,101.7
abs,2016-08-01,29,101.8
abs,2016-09-01,29,102.1
abs,2016-10-01,29,102.2
abs,2016-11-01,29,102.6
abs,2016-12-01,29,102.3
abs,2017-01-01,29,103.9
abs,2017-02-01,29,104.2
abs,2017-03-01,29,104.7
abs,2017-04-01,29,104.9
abs,2017-05-01,29,105.0
abs,2017-06-01,29,105.1
abs,2017-07-01,29,105.0
abs,2017-08-01,29,104.8
abs,2017-09-01,29,104.7
abs,2017-10-01,29,104.5
abs,2017-11-01,29,104.5
abs,2017-12-01,29,104.3
abs,2018-01-01,29,103.9
abs,2018-02-01,29,102.4
abs,2018-03-01,29,101.6
abs,2018-04-01,29,99.3
abs,2018-05-01,29,99.8
abs,2018-06-01,29,100.8
abs,2018-07-01,29,100.7
abs,2018-08-01,29,100.9
abs,2018-09-01,29,103.9
abs,2018-10-01,29,104.5
abs,2018-11-01,29,102.6
abs,2018-12-01,29,104.8
abs,2019-01-01,29,105.4
abs,2019-02-01,29,105.7
abs,2019-03-01,29,105.3
abs,2019-04-01,29,104.8
abs,2019-05-01,29,106.0
abs,2019-06-01,29,106.8
abs,2019-07-01,29,105.4
abs,2019-08-01,29,105.5
abs,2019-09-01,29,106.3
abs,2019-10-01,29,105.5
abs,2019-11-01,29,105.6
abs,2019-12-01,29,104.1
abs,2020-01-01,29,117.3
abs,2020-02-01,29,103.7
abs,2020-03-01,29,104.9
abs,2020-04-01,29,104.8
abs,2020-05-01,29,104.8
abs,2020-06-01,29,105.5
abs,2020-07-01,29,103.9
abs,2020-08-01,29,103.4
abs,2020-09-01,29,103.1
abs,2020-10-01,29,103.0
abs,2020-11-01,29,101.4
abs,2020-12-01,29,103.2
abs,2021-01-01,29,104.2
abs,2021-02-01,29,105.0
abs,2021-03-01,29,104.8
abs,2021-04-01,29,105.4
abs,2021-05-01,29,104.8
abs,2021-06-01,29,105.6
abs,2021-07-01,29,105.3
abs,2021-08-01,29,105.1
abs,2021-09-01,29,104.7
abs,2021-10-01,29,104.5
abs,2021-11-01,29,104.8
abs,2021-12-01,29,105.0
abs,2022-01-01,29,105.3
abs,2022-02-01,29,106.9
abs,2022-03-01,29,107.2
abs,2022-04-01,29,108.8
abs,2022-05-01,29,108.9
abs,2022-06-01,29,109.0
abs,2022-07-01,29,109.9
abs,2022-08-01,29,110.7
abs,2022-09-01,29,110.1
abs,2022-10-01,29,110.8
abs,2022-11-01,29,110.9
abs,2022-12-01,29,111.2
abs,2023-01-01,29,112.7
abs,2023-02-01,29,113.9
abs,2023-03-01,29,115.6
abs,2023-04-01,29,116.8
abs,2023-05-01,29,118.1
abs,2023-06-01,29,119.6
abs,2023-07-01,29,120.6
abs,2023-08-01,29,121.3
abs,2023-09-01,29,122.7
abs,2023-10-01,29,123.6
abs,2023-11-01,29,124.4
abs,2023-12-01,29,124.1
abs,2024-01-01,29,125.0
abs,2024-02-01,29,124.4
abs,2024-03-01,29,125.4
abs,2024-04-01,29,124.9
abs,2024-05-01,29,125.5
abs,2024-06-01,29,126.2
abs,2024-07-01,29,126.0
abs,2024-08-01,29,126.0
abs,2024-09-01,29,123.5
abs,2024-10-01,29,122.2
abs,2024-11-01,29,121.1
abs,2024-12-01,29,120.1
abs,2025-01-01,29,122.4
abs,2025-02-01,29,122.9
abs,2025-03-01,29,123.2
abs,2025-04-01,29,121.8
abs,2025-05-01,29,122.7
abs,2025-06-01,29,123.4
abs,2025-07-01,29,123.2
abs,2025-08-01,29,122.9
abs,2025-09-01,29,123.8
abs,2025-10-01,29,123.6
abs,2025-11-01,29,124.6
abs,2025-12-01,29,124.1
abs,2026-01-01,29,124.5
abs,2026-02-01,29,124.3
abs,2026-03-01,29,123.4
abs,2026-04-01,29,124.5
abs,2026-05-01,29,125.8
abs,2026-06-01,29,125.4
abs,2026-07-01,29,125.1
growth_yoy,2016-01-01,29,0.299
growth_yoy,2016-02-01,29,0.598
growth_yoy,2016-03-01,29,0.995
growth_yoy,2016-04-01,29,0.996
growth_yoy,2016-05-01,29,0.995
growth_yoy,2016-06-01,29,1.193
growth_yoy,2016-07-01,29,1.093
growth_yoy,2016-08-01,29,1.294
growth_yoy,2016-09-01,29,1.39
growth_yoy,2016-10-01,29,1.389
growth_yoy,2016-11-01,29,1.484
growth_yoy,2016-12-01,29,1.589
growth_yoy,2017-01-01,29,3.075
growth_yoy,2017-02-01,29,3.168
growth_yoy,2017-03-01,29,3.153
growth_yoy,2017-04-01,29,3.452
growth_yoy,2017-05-01,29,3.448
growth_yoy,2017-06-01,29,3.242
growth_yoy,2017-07-01,29,3.245
growth_yoy,2017-08-01,29,2.947
growth_yoy,2017-09-01,29,2.547
growth_yoy,2017-10-01,29,2.25
growth_yoy,2017-11-01,29,1.852
growth_yoy,2017-12-01,29,1.955
growth_yoy,2018-01-01,29,0.0
growth_yoy,2018-02-01,29,-1.727
growth_yoy,2018-03-01,29,-2.961
growth_yoy,2018-04-01,29,-5.338
growth_yoy,2018-05-01,29,-4.952
growth_yoy,2018-06-01,29,-4.091
growth_yoy,2018-07-01,29,-4.095
growth_yoy,2018-08-01,29,-3.721
growth_yoy,2018-09-01,29,-0.764
growth_yoy,2018-10-01,29,0.0
growth_yoy,2018-11-01,29,-1.818
growth_yoy,2018-12-01,29,0.479
growth_yoy,2019-01-01,29,1.444
growth_yoy,2019-02-01,29,3.223
growth_yoy,2019-03-01,29,3.642
growth_yoy,2019-04-01,29,5.539
growth_yoy,2019-05-01,29,6.212
growth_yoy,2019-06-01,29,5.952
growth_yoy,2019-07-01,29,4.667
growth_yoy,2019-08-01,29,4.559
growth_yoy,2019-09-01,29,2.31
growth_yoy,2019-10-01,29,0.957
growth_yoy,2019-11-01,29,2.924
growth_yoy,2019-12-01,29,-0.668
growth_yoy,2020-01-01,29,11.29
growth_yoy,2020-02-01,29,-1.892
growth_yoy,2020-03-01,29,-0.38
growth_yoy,2020-04-01,29,0.0
growth_yoy,2020-05-01,29,-1.132
growth_yoy,2020-06-01,29,-1.217
growth_yoy,2020-07-01,29,-1.423
growth_yoy,2020-08-01,29,-1.991
growth_yoy,2020-09-01,29,-3.01
growth_yoy,2020-10-01,29,-2.37
growth_yoy,2020-11-01,29,-3.977
growth_yoy,2020-12-01,29,-0.865
growth_yoy,2021-01-01,29,-11.168
growth_yoy,2021-02-01,29,1.254
growth_yoy,2021-03-01,29,-0.095
growth_yoy,2021-04-01,29,0.573
growth_yoy,2021-05-01,29,0.0
growth_yoy,2021-06-01,29,0.095
growth_yoy,2021-07-01,29,1.347
growth_yoy,2021-08-01,29,1.644
growth_yoy,2021-09-01,29,1.552
growth_yoy,2021-10-01,29,1.456
growth_yoy,2021-11-01,29,3.353
growth_yoy,2021-12-01,29,1.744
growth_yoy,2022-01-01,29,1.056
growth_yoy,2022-02-01,29,1.81
growth_yoy,2022-03-01,29,2.29
growth_yoy,2022-04-01,29,3.226
growth_yoy,2022-05-01,29,3.912
growth_yoy,2022-06-01,29,3.22
growth_yoy,2022-07-01,29,4.368
growth_yoy,2022-08-01,29,5.328
growth_yoy,2022-09-01,29,5.158
growth_yoy,2022-10-01,29,6.029
growth_yoy,2022-11-01,29,5.821
growth_yoy,2022-12-01,29,5.905
growth_yoy,2023-01-01,29,7.028
growth_yoy,2023-02-01,29,6.548
growth_yoy,2023-03-01,29,7.836
growth_yoy,2023-04-01,29,7.353
growth_yoy,2023-05-01,29,8.448
growth_yoy,2023-06-01,29,9.725
growth_yoy,2023-07-01,29,9.736
growth_yoy,2023-08-01,29,9.575
growth_yoy,2023-09-01,29,11.444
growth_yoy,2023-10-01,29,11.552
growth_yoy,2023-11-01,29,12.173
growth_yoy,2023-12-01,29,11.601
growth_yoy,2024-01-01,29,10.914
growth_yoy,2024-02-01,29,9.219
growth_yoy,2024-03-01,29,8.478
growth_yoy,2024-04-01,29,6.935
growth_yoy,2024-05-01,29,6.266
growth_yoy,2024-06-01,29,5.518
growth_yoy,2024-07-01,29,4.478
growth_yoy,2024-08-01,29,3.875
growth_yoy,2024-09-01,29,0.652
growth_yoy,2024-10-01,29,-1.133
growth_yoy,2024-11-01,29,-2.653
growth_yoy,2024-12-01,29,-3.223
growth_yoy,2025-01-01,29,-2.08
growth_yoy,2025-02-01,29,-1.206
growth_yoy,2025-03-01,29,-1.754
growth_yoy,2025-04-01,29,-2.482
growth_yoy,2025-05-01,29,-2.231
growth_yoy,2025-06-01,29,-2.219
growth_yoy,2025-07-01,29,-2.222
growth_yoy,2025-08-01,29,-2.46
growth_yoy,2025-09-01,29,0.243
growth_yoy,2025-10-01,29,1.146
growth_yoy,2025-11-01,29,2.89
growth_yoy,2025-12-01,29,3.331
growth_yoy,2026-01-01,29,1.716
growth_yoy,2026-02-01,29,1.139
growth_yoy,2026-03-01,29,0.162
growth_yoy,2026-04-01,29,2.217
growth_yoy,2026-05-01,29,2.526
growth_yoy,2026-06-01,29,1.621
growth_yoy,2026-07-01,29,1.542
growth_mom,2015-02-01,29,-0.1
growth_mom,2015-03-01,29,0.1
growth_mom,2015-04-01,29,-0.1
growth_mom,2015-05-01,29,0.1
growth_mom,2015-06-01,29,0.1
growth_mom,2015-07-01,29,0.0
growth_mom,2015-08-01,29,-0.099
growth_mom,2015-09-01,29,0.199
growth_mom,2015-10-01,29,0.099
growth_mom,2015-11-01,29,0.298
growth_mom,2015-12-01,29,-0.396
growth_mom,2016-01-01,29,0.099
growth_mom,2016-02-01,29,0.198
growth_mom,2016-03-01,29,0.495
growth_mom,2016-04-01,29,-0.099
growth_mom,2016-05-01,29,0.099
growth_mom,2016-06-01,29,0.296
growth_mom,2016-07-01,29,-0.098
growth_mom,2016-08-01,29,0.098
growth_mom,2016-09-01,29,0.295
growth_mom,2016-10-01,29,0.098
growth_mom,2016-11-01,29,0.391
growth_mom,2016-12-01,29,-0.292
growth_mom,2017-01-01,29,1.564
growth_mom,2017-02-01,29,0.289
growth_mom,2017-03-01,29,0.48
growth_mom,2017-04-01,29,0.191
growth_mom,2017-05-01,29,0.095
growth_mom,2017-06-01,29,0.095
growth_mom,2017-07-01,29,-0.095
growth_mom,2017-08-01,29,-0.19
growth_mom,2017-09-01,29,-0.095
growth_mom,2017-10-01,29,-0.191
growth_mom,2017-11-01,29,0.0
growth_mom,2017-12-01,29,-0.191
growth_mom,2018-01-01,29,-0.384
growth_mom,2018-02-01,29,-1.444
growth_mom,2018-03-01,29,-0.781
growth_mom,2018-04-01,29,-2.264
growth_mom,2018-05-01,29,0.504
growth_mom,2018-06-01,29,1.002
growth_mom,2018-07-01,29,-0.099
growth_mom,2018-08-01,29,0.199
growth_mom,2018-09-01,29,2.973
growth_mom,2018-10-01,29,0.577
growth_mom,2018-11-01,29,-1.818
growth_mom,2018-12-01,29,2.144
growth_mom,2019-01-01,29,0.573
growth_mom,2019-02-01,29,0.285
growth_mom,2019-03-01,29,-0.378
growth_mom,2019-04-01,29,-0.475
growth_mom,2019-05-01,29,1.145
growth_mom,2019-06-01,29,0.755
growth_mom,2019-07-01,29,-1.311
growth_mom,2019-08-01,29,0.095
growth_mom,2019-09-01,29,0.758
growth_mom,2019-10-01,29,-0.753
growth_mom,2019-11-01,29,0.095
growth_mom,2019-12-01,29,-1.42
growth_mom,2020-01-01,29,12.68
growth_mom,2020-02-01,29,-11.594
growth_mom,2020-03-01,29,1.157
growth_mom,2020-04-01,29,-0.095
growth_mom,2020-05-01,29,0.0
growth_mom,2020-06-01,29,0.668
growth_mom,2020-07-01,29,-1.517
growth_mom,2020-08-01,29,-0.481
growth_mom,2020-09-01,29,-0.29
growth_mom,2020-10-01,29,-0.097
growth_mom,2020-11-01,29,-1.553
growth_mom,2020-12-01,29,1.775
growth_mom,2021-01-01,29,0.969
growth_mom,2021-02-01,29,0.768
growth_mom,2021-03-01,29,-0.19
growth_mom,2021-04-01,29,0.573
growth_mom,2021-05-01,29,-0.569
growth_mom,2021-06-01,29,0.763
growth_mom,2021-07-01,29,-0.284
growth_mom,2021-08-01,29,-0.19
growth_mom,2021-09-01,29,-0.381
growth_mom,2021-10-01,29,-0.191
growth_mom,2021-11-01,29,0.287
growth_mom,2021-12-01,29,0.191
growth_mom,2022-01-01,29,0.286
growth_mom,2022-02-01,29,1.519
growth_mom,2022-03-01,29,0.281
growth_mom,2022-04-01,29,1.493
growth_mom,2022-05-01,29,0.092
growth_mom,2022-06-01,29,0.092
growth_mom,2022-07-01,29,0.826
growth_mom,2022-08-01,29,0.728
growth_mom,2022-09-01,29,-0.542
growth_mom,2022-10-01,29,0.636
growth_mom,2022-11-01,29,0.09
growth_mom,2022-12-01,29,0.271
growth_mom,2023-01-01,29,1.349
growth_mom,2023-02-01,29,1.065
growth_mom,2023-03-01,29,1.493
growth_mom,2023-04-01,29,1.038
growth_mom,2023-05-01,29,1.113
growth_mom,2023-06-01,29,1.27
growth_mom,2023-07-01,29,0.836
growth_mom,2023-08-01,29,0.58
growth_mom,2023-09-01,29,1.154
growth_mom,2023-10-01,29,0.733
growth_mom,2023-11-01,29,0.647
growth_mom,2023-12-01,29,-0.241
growth_mom,2024-01-01,29,0.725
growth_mom,2024-02-01,29,-0.48
growth_mom,2024-03-01,29,0.804
growth_mom,2024-04-01,29,-0.399
growth_mom,2024-05-01,29,0.48
growth_mom,2024-06-01,29,0.558
growth_mom,2024-07-01,29,-0.158
growth_mom,2024-08-01,29,0.0
growth_mom,2024-09-01,29,-1.984
growth_mom,2024-10-01,29,-1.053
growth_mom,2024-11-01,29,-0.9
growth_mom,2024-12-01,29,-0.826
growth_mom,2025-01-01,29,1.915
growth_mom,2025-02-01,29,0.408
growth_mom,2025-03-01,29,0.244
growth_mom,2025-04-01,29,-1.136
growth_mom,2025-05-01,29,0.739
growth_mom,2025-06-01,29,0.57
growth_mom,2025-07-01,29,-0.162
growth_mom,2025-08-01,29,-0.244
growth_mom,2025-09-01,29,0.732
growth_mom,2025-10-01,29,-0.162
growth_mom,2025-11-01,29,0.809
growth_mom,2025-12-01,29,-0.401
growth_mom,2026-01-01,29,0.322
growth_mom,2026-02-01,29,-0.161
growth_mom,2026-03-01,29,-0.724
growth_mom,2026-04-01,29,0.891
growth_mom,2026-05-01,29,1.044
growth_mom,2026-06-01,29,-0.318
growth_mom,2026-07-01,29,-0.239
abs,2015-01-01,30,114.7
abs,2015-02-01,30,114.8
abs,2015-03-01,30,114.8
abs,2015-04-01,30,112.6
abs,2015-05-01,30,112.6
abs,2015-06-01,30,111.9
abs,2015-07-01,30,113.7
abs,2015-08-01,30,113.7
abs,2015-09-01,30,112.1
abs,2015-10-01,30,113.8
abs,2015-11-01,30,113.8
abs,2015-12-01,30,113.8
abs,2016-01-01,30,113.8
abs,2016-02-01,30,113.8
abs,2016-03-01,30,114.2
abs,2016-04-01,30,114.4
abs,2016-05-01,30,112.6
abs,2016-06-01,30,112.6
abs,2016-07-01,30,112.6
abs,2016-08-01,30,114.6
abs,2016-09-01,30,114.6
abs,2016-10-01,30,112.4
abs,2016-11-01,30,112.4
abs,2016-12-01,30,125.2
abs,2017-01-01,30,130.5
abs,2017-02-01,30,130.5
abs,2017-03-01,30,130.5
abs,2017-04-01,30,130.5
abs,2017-05-01,30,130.5
abs,2017-06-01,30,130.0
abs,2017-07-01,30,130.0
abs,2017-08-01,30,130.0
abs,2017-09-01,30,130.0
abs,2017-10-01,30,130.0
abs,2017-11-01,30,130.0
abs,2017-12-01,30,130.0
abs,2018-01-01,30,134.6
abs,2018-02-01,30,130.9
abs,2018-03-01,30,134.4
abs,2018-04-01,30,131.5
abs,2018-05-01,30,127.8
abs,2018-06-01,30,128.4
abs,2018-07-01,30,125.5
abs,2018-08-01,30,127.6
abs,2018-09-01,30,125.8
abs,2018-10-01,30,128.2
abs,2018-11-01,30,128.2
abs,2018-12-01,30,128.1
abs,2019-01-01,30,128.1
abs,2019-02-01,30,128.9
abs,2019-03-01,30,130.9
abs,2019-04-01,30,130.7
abs,2019-05-01,30,132.9
abs,2019-06-01,30,134.8
abs,2019-07-01,30,135.5
abs,2019-08-01,30,133.0
abs,2019-09-01,30,133.3
abs,2019-10-01,30,131.0
abs,2019-11-01,30,132.2
abs,2019-12-01,30,131.5
abs,2020-01-01,30,131.1
abs,2020-02-01,30,130.5
abs,2020-03-01,30,131.0
abs,2020-04-01,30,131.1
abs,2020-05-01,30,130.7
abs,2020-06-01,30,129.1
abs,2020-07-01,30,127.2
abs,2020-08-01,30,126.6
abs,2020-09-01,30,125.9
abs,2020-10-01,30,125.4
abs,2020-11-01,30,126.3
abs,2020-12-01,30,127.3
abs,2021-01-01,30,125.1
abs,2021-02-01,30,122.4
abs,2021-03-01,30,122.7
abs,2021-04-01,30,124.0
abs,2021-05-01,30,123.4
abs,2021-06-01,30,124.5
abs,2021-07-01,30,123.6
abs,2021-08-01,30,123.5
abs,2021-09-01,30,121.6
abs,2021-10-01,30,122.1
abs,2021-11-01,30,122.0
abs,2021-12-01,30,121.4
abs,2022-01-01,30,122.0
abs,2022-02-01,30,123.3
abs,2022-03-01,30,123.6
abs,2022-04-01,30,127.3
abs,2022-05-01,30,128.6
abs,2022-06-01,30,130.2
abs,2022-07-01,30,130.8
abs,2022-08-01,30,131.7
abs,2022-09-01,30,133.4
abs,2022-10-01,30,135.2
abs,2022-11-01,30,136.1
abs,2022-12-01,30,134.4
abs,2023-01-01,30,134.1
abs,2023-02-01,30,132.8
abs,2023-03-01,30,130.4
abs,2023-04-01,30,130.6
abs,2023-05-01,30,128.1
abs,2023-06-01,30,128.5
abs,2023-07-01,30,128.5
abs,2023-08-01,30,128.2
abs,2023-09-01,30,129.2
abs,2023-10-01,30,128.7
abs,2023-11-01,30,128.5
abs,2023-12-01,30,128.9
abs,2024-01-01,30,131.5
abs,2024-02-01,30,130.5
abs,2024-03-01,30,129.1
abs,2024-04-01,30,129.1
abs,2024-05-01,30,127.5
abs,2024-06-01,30,126.4
abs,2024-07-01,30,125.4
abs,2024-08-01,30,126.6
abs,2024-09-01,30,126.4
abs,2024-10-01,30,128.7
abs,2024-11-01,30,130.4
abs,2024-12-01,30,131.3
abs,2025-01-01,30,133.1
abs,2025-02-01,30,133.1
abs,2025-03-01,30,131.5
abs,2025-04-01,30,128.5
abs,2025-05-01,30,129.3
abs,2025-06-01,30,128.4
abs,2025-07-01,30,129.3
abs,2025-08-01,30,129.1
abs,2025-09-01,30,127.2
abs,2025-10-01,30,127.3
abs,2025-11-01,30,127.0
abs,2025-12-01,30,125.6
abs,2026-01-01,30,124.9
abs,2026-02-01,30,124.3
abs,2026-03-01,30,125.2
abs,2026-04-01,30,125.9
abs,2026-05-01,30,125.9
abs,2026-06-01,30,127.1
abs,2026-07-01,30,127.6
growth_yoy,2016-01-01,30,-0.785
growth_yoy,2016-02-01,30,-0.871
growth_yoy,2016-03-01,30,-0.523
growth_yoy,2016-04-01,30,1.599
growth_yoy,2016-05-01,30,0.0
growth_yoy,2016-06-01,30,0.626
growth_yoy,2016-07-01,30,-0.967
growth_yoy,2016-08-01,30,0.792
growth_yoy,2016-09-01,30,2.23
growth_yoy,2016-10-01,30,-1.23
growth_yoy,2016-11-01,30,-1.23
growth_yoy,2016-12-01,30,10.018
growth_yoy,2017-01-01,30,14.675
growth_yoy,2017-02-01,30,14.675
growth_yoy,2017-03-01,30,14.273
growth_yoy,2017-04-01,30,14.073
growth_yoy,2017-05-01,30,15.897
growth_yoy,2017-06-01,30,15.453
growth_yoy,2017-07-01,30,15.453
growth_yoy,2017-08-01,30,13.438
growth_yoy,2017-09-01,30,13.438
growth_yoy,2017-10-01,30,15.658
growth_yoy,2017-11-01,30,15.658
growth_yoy,2017-12-01,30,3.834
growth_yoy,2018-01-01,30,3.142
growth_yoy,2018-02-01,30,0.307
growth_yoy,2018-03-01,30,2.989
growth_yoy,2018-04-01,30,0.766
growth_yoy,2018-05-01,30,-2.069
growth_yoy,2018-06-01,30,-1.231
growth_yoy,2018-07-01,30,-3.462
growth_yoy,2018-08-01,30,-1.846
growth_yoy,2018-09-01,30,-3.231
growth_yoy,2018-10-01,30,-1.385
growth_yoy,2018-11-01,30,-1.385
growth_yoy,2018-12-01,30,-1.462
growth_yoy,2019-01-01,30,-4.829
growth_yoy,2019-02-01,30,-1.528
growth_yoy,2019-03-01,30,-2.604
growth_yoy,2019-04-01,30,-0.608
growth_yoy,2019-05-01,30,3.991
growth_yoy,2019-06-01,30,4.984
growth_yoy,2019-07-01,30,7.968
growth_yoy,2019-08-01,30,4.232
growth_yoy,2019-09-01,30,5.962
growth_yoy,2019-10-01,30,2.184
growth_yoy,2019-11-01,30,3.12
growth_yoy,2019-12-01,30,2.654
growth_yoy,2020-01-01,30,2.342
growth_yoy,2020-02-01,30,1.241
growth_yoy,2020-03-01,30,0.076
growth_yoy,2020-04-01,30,0.306
growth_yoy,2020-05-01,30,-1.655
growth_yoy,2020-06-01,30,-4.228
growth_yoy,2020-07-01,30,-6.125
growth_yoy,2020-08-01,30,-4.812
growth_yoy,2020-09-01,30,-5.551
growth_yoy,2020-10-01,30,-4.275
growth_yoy,2020-11-01,30,-4.463
growth_yoy,2020-12-01,30,-3.194
growth_yoy,2021-01-01,30,-4.577
growth_yoy,2021-02-01,30,-6.207
growth_yoy,2021-03-01,30,-6.336
growth_yoy,2021-04-01,30,-5.416
growth_yoy,2021-05-01,30,-5.585
growth_yoy,2021-06-01,30,-3.563
growth_yoy,2021-07-01,30,-2.83
growth_yoy,2021-08-01,30,-2.449
growth_yoy,2021-09-01,30,-3.415
growth_yoy,2021-10-01,30,-2.632
growth_yoy,2021-11-01,30,-3.405
growth_yoy,2021-12-01,30,-4.635
growth_yoy,2022-01-01,30,-2.478
growth_yoy,2022-02-01,30,0.735
growth_yoy,2022-03-01,30,0.733
growth_yoy,2022-04-01,30,2.661
growth_yoy,2022-05-01,30,4.214
growth_yoy,2022-06-01,30,4.578
growth_yoy,2022-07-01,30,5.825
growth_yoy,2022-08-01,30,6.64
growth_yoy,2022-09-01,30,9.704
growth_yoy,2022-10-01,30,10.729
growth_yoy,2022-11-01,30,11.557
growth_yoy,2022-12-01,30,10.708
growth_yoy,2023-01-01,30,9.918
growth_yoy,2023-02-01,30,7.705
growth_yoy,2023-03-01,30,5.502
growth_yoy,2023-04-01,30,2.592
growth_yoy,2023-05-01,30,-0.389
growth_yoy,2023-06-01,30,-1.306
growth_yoy,2023-07-01,30,-1.758
growth_yoy,2023-08-01,30,-2.658
growth_yoy,2023-09-01,30,-3.148
growth_yoy,2023-10-01,30,-4.808
growth_yoy,2023-11-01,30,-5.584
growth_yoy,2023-12-01,30,-4.092
growth_yoy,2024-01-01,30,-1.939
growth_yoy,2024-02-01,30,-1.732
growth_yoy,2024-03-01,30,-0.997
growth_yoy,2024-04-01,30,-1.149
growth_yoy,2024-05-01,30,-0.468
growth_yoy,2024-06-01,30,-1.634
growth_yoy,2024-07-01,30,-2.412
growth_yoy,2024-08-01,30,-1.248
growth_yoy,2024-09-01,30,-2.167
growth_yoy,2024-10-01,30,0.0
growth_yoy,2024-11-01,30,1.479
growth_yoy,2024-12-01,30,1.862
growth_yoy,2025-01-01,30,1.217
growth_yoy,2025-02-01,30,1.992
growth_yoy,2025-03-01,30,1.859
growth_yoy,2025-04-01,30,-0.465
growth_yoy,2025-05-01,30,1.412
growth_yoy,2025-06-01,30,1.582
growth_yoy,2025-07-01,30,3.11
growth_yoy,2025-08-01,30,1.975
growth_yoy,2025-09-01,30,0.633
growth_yoy,2025-10-01,30,-1.088
growth_yoy,2025-11-01,30,-2.607
growth_yoy,2025-12-01,30,-4.341
growth_yoy,2026-01-01,30,-6.161
growth_yoy,2026-02-01,30,-6.612
growth_yoy,2026-03-01,30,-4.791
growth_yoy,2026-04-01,30,-2.023
growth_yoy,2026-05-01,30,-2.63
growth_yoy,2026-06-01,30,-1.012
growth_yoy,2026-07-01,30,-1.315
growth_mom,2015-02-01,30,0.087
growth_mom,2015-03-01,30,0.0
growth_mom,2015-04-01,30,-1.916
growth_mom,2015-05-01,30,0.0
growth_mom,2015-06-01,30,-0.622
growth_mom,2015-07-01,30,1.609
growth_mom,2015-08-01,30,0.0
growth_mom,2015-09-01,30,-1.407
growth_mom,2015-10-01,30,1.517
growth_mom,2015-11-01,30,0.0
growth_mom,2015-12-01,30,0.0
growth_mom,2016-01-01,30,0.0
growth_mom,2016-02-01,30,0.0
growth_mom,2016-03-01,30,0.351
growth_mom,2016-04-01,30,0.175
growth_mom,2016-05-01,30,-1.573
growth_mom,2016-06-01,30,0.0
growth_mom,2016-07-01,30,0.0
growth_mom,2016-08-01,30,1.776
growth_mom,2016-09-01,30,0.0
growth_mom,2016-10-01,30,-1.92
growth_mom,2016-11-01,30,0.0
growth_mom,2016-12-01,30,11.388
growth_mom,2017-01-01,30,4.233
growth_mom,2017-02-01,30,0.0
growth_mom,2017-03-01,30,0.0
growth_mom,2017-04-01,30,0.0
growth_mom,2017-05-01,30,0.0
growth_mom,2017-06-01,30,-0.383
growth_mom,2017-07-01,30,0.0
growth_mom,2017-08-01,30,0.0
growth_mom,2017-09-01,30,0.0
growth_mom,2017-10-01,30,0.0
growth_mom,2017-11-01,30,0.0
growth_mom,2017-12-01,30,0.0
growth_mom,2018-01-01,30,3.538
growth_mom,2018-02-01,30,-2.749
growth_mom,2018-03-01,30,2.674
growth_mom,2018-04-01,30,-2.158
growth_mom,2018-05-01,30,-2.814
growth_mom,2018-06-01,30,0.469
growth_mom,2018-07-01,30,-2.259
growth_mom,2018-08-01,30,1.673
growth_mom,2018-09-01,30,-1.411
growth_mom,2018-10-01,30,1.908
growth_mom,2018-11-01,30,0.0
growth_mom,2018-12-01,30,-0.078
growth_mom,2019-01-01,30,0.0
growth_mom,2019-02-01,30,0.625
growth_mom,2019-03-01,30,1.552
growth_mom,2019-04-01,30,-0.153
growth_mom,2019-05-01,30,1.683
growth_mom,2019-06-01,30,1.43
growth_mom,2019-07-01,30,0.519
growth_mom,2019-08-01,30,-1.845
growth_mom,2019-09-01,30,0.226
growth_mom,2019-10-01,30,-1.725
growth_mom,2019-11-01,30,0.916
growth_mom,2019-12-01,30,-0.53
growth_mom,2020-01-01,30,-0.304
growth_mom,2020-02-01,30,-0.458
growth_mom,2020-03-01,30,0.383
growth_mom,2020-04-01,30,0.076
growth_mom,2020-05-01,30,-0.305
growth_mom,2020-06-01,30,-1.224
growth_mom,2020-07-01,30,-1.472
growth_mom,2020-08-01,30,-0.472
growth_mom,2020-09-01,30,-0.553
growth_mom,2020-10-01,30,-0.397
growth_mom,2020-11-01,30,0.718
growth_mom,2020-12-01,30,0.792
growth_mom,2021-01-01,30,-1.728
growth_mom,2021-02-01,30,-2.158
growth_mom,2021-03-01,30,0.245
growth_mom,2021-04-01,30,1.059
growth_mom,2021-05-01,30,-0.484
growth_mom,2021-06-01,30,0.891
growth_mom,2021-07-01,30,-0.723
growth_mom,2021-08-01,30,-0.081
growth_mom,2021-09-01,30,-1.538
growth_mom,2021-10-01,30,0.411
growth_mom,2021-11-01,30,-0.082
growth_mom,2021-12-01,30,-0.492
growth_mom,2022-01-01,30,0.494
growth_mom,2022-02-01,30,1.066
growth_mom,2022-03-01,30,0.243
growth_mom,2022-04-01,30,2.994
growth_mom,2022-05-01,30,1.021
growth_mom,2022-06-01,30,1.244
growth_mom,2022-07-01,30,0.461
growth_mom,2022-08-01,30,0.688
growth_mom,2022-09-01,30,1.291
growth_mom,2022-10-01,30,1.349
growth_mom,2022-11-01,30,0.666
growth_mom,2022-12-01,30,-1.249
growth_mom,2023-01-01,30,-0.223
growth_mom,2023-02-01,30,-0.969
growth_mom,2023-03-01,30,-1.807
growth_mom,2023-04-01,30,0.153
growth_mom,2023-05-01,30,-1.914
growth_mom,2023-06-01,30,0.312
growth_mom,2023-07-01,30,0.0
growth_mom,2023-08-01,30,-0.233
growth_mom,2023-09-01,30,0.78
growth_mom,2023-10-01,30,-0.387
growth_mom,2023-11-01,30,-0.155
growth_mom,2023-12-01,30,0.311
growth_mom,2024-01-01,30,2.017
growth_mom,2024-02-01,30,-0.76
growth_mom,2024-03-01,30,-1.073
growth_mom,2024-04-01,30,0.0
growth_mom,2024-05-01,30,-1.239
growth_mom,2024-06-01,30,-0.863
growth_mom,2024-07-01,30,-0.791
growth_mom,2024-08-01,30,0.957
growth_mom,2024-09-01,30,-0.158
growth_mom,2024-10-01,30,1.82
growth_mom,2024-11-01,30,1.321
growth_mom,2024-12-01,30,0.69
growth_mom,2025-01-01,30,1.371
growth_mom,2025-02-01,30,0.0
growth_mom,2025-03-01,30,-1.202
growth_mom,2025-04-01,30,-2.281
growth_mom,2025-05-01,30,0.623
growth_mom,2025-06-01,30,-0.696
growth_mom,2025-07-01,30,0.701
growth_mom,2025-08-01,30,-0.155
growth_mom,2025-09-01,30,-1.472
growth_mom,2025-10-01,30,0.079
growth_mom,2025-11-01,30,-0.236
growth_mom,2025-12-01,30,-1.102
growth_mom,2026-01-01,30,-0.557
growth_mom,2026-02-01,30,-0.48
growth_mom,2026-03-01,30,0.724
growth_mom,2026-04-01,30,0.559
growth_mom,2026-05-01,30,0.0
growth_mom,2026-06-01,30,0.953
growth_mom,2026-07-01,30,0.393
abs,2015-01-01,31,106.3
abs,2015-02-01,31,106.8
abs,2015-03-01,31,107.1
abs,2015-04-01,31,107.4
abs,2015-05-01,31,107.5
abs,2015-06-01,31,108.8
abs,2015-07-01,31,108.8
abs,2015-08-01,31,109.0
abs,2015-09-01,31,109.1
abs,2015-10-01,31,109.4
abs,2015-11-01,31,109.5
abs,2015-12-01,31,109.5
abs,2016-01-01,31,107.1
abs,2016-02-01,31,107.5
abs,2016-03-01,31,107.5
abs,2016-04-01,31,107.6
abs,2016-05-01,31,107.6
abs,2016-06-01,31,107.5
abs,2016-07-01,31,107.6
abs,2016-08-01,31,107.6
abs,2016-09-01,31,107.6
abs,2016-10-01,31,107.5
abs,2016-11-01,31,107.5
abs,2016-12-01,31,107.2
abs,2017-01-01,31,108.5
abs,2017-02-01,31,108.9
abs,2017-03-01,31,109.5
abs,2017-04-01,31,109.4
abs,2017-05-01,31,109.2
abs,2017-06-01,31,109.1
abs,2017-07-01,31,108.9
abs,2017-08-01,31,108.7
abs,2017-09-01,31,108.6
abs,2017-10-01,31,108.8
abs,2017-11-01,31,108.9
abs,2017-12-01,31,108.7
abs,2018-01-01,31,104.9
abs,2018-02-01,31,104.2
abs,2018-03-01,31,102.0
abs,2018-04-01,31,100.7
abs,2018-05-01,31,100.4
abs,2018-06-01,31,99.8
abs,2018-07-01,31,100.0
abs,2018-08-01,31,99.6
abs,2018-09-01,31,100.2
abs,2018-10-01,31,100.0
abs,2018-11-01,31,99.9
abs,2018-12-01,31,99.9
abs,2019-01-01,31,99.8
abs,2019-02-01,31,99.9
abs,2019-03-01,31,99.9
abs,2019-04-01,31,100.2
abs,2019-05-01,31,100.3
abs,2019-06-01,31,100.3
abs,2019-07-01,31,100.7
abs,2019-08-01,31,100.7
abs,2019-09-01,31,100.3
abs,2019-10-01,31,100.0
abs,2019-11-01,31,100.1
abs,2019-12-01,31,100.4
abs,2020-01-01,31,101.1
abs,2020-02-01,31,101.3
abs,2020-03-01,31,101.1
abs,2020-04-01,31,101.5
abs,2020-05-01,31,101.1
abs,2020-06-01,31,98.3
abs,2020-07-01,31,100.0
abs,2020-08-01,31,101.5
abs,2020-09-01,31,103.1
abs,2020-10-01,31,102.1
abs,2020-11-01,31,100.8
abs,2020-12-01,31,101.3
abs,2021-01-01,31,101.2
abs,2021-02-01,31,100.0
abs,2021-03-01,31,99.3
abs,2021-04-01,31,98.5
abs,2021-05-01,31,98.4
abs,2021-06-01,31,98.7
abs,2021-07-01,31,98.6
abs,2021-08-01,31,98.8
abs,2021-09-01,31,99.3
abs,2021-10-01,31,99.3
abs,2021-11-01,31,99.3
abs,2021-12-01,31,99.2
abs,2022-01-01,31,99.3
abs,2022-02-01,31,99.5
abs,2022-03-01,31,100.0
abs,2022-04-01,31,100.6
abs,2022-05-01,31,100.9
abs,2022-06-01,31,100.9
abs,2022-07-01,31,101.2
abs,2022-08-01,31,101.6
abs,2022-09-01,31,101.9
abs,2022-10-01,31,102.1
abs,2022-11-01,31,102.3
abs,2022-12-01,31,102.8
abs,2023-01-01,31,103.5
abs,2023-02-01,31,103.8
abs,2023-03-01,31,104.4
abs,2023-04-01,31,104.2
abs,2023-05-01,31,104.3
abs,2023-06-01,31,105.1
abs,2023-07-01,31,105.1
abs,2023-08-01,31,106.1
abs,2023-09-01,31,106.1
abs,2023-10-01,31,106.0
abs,2023-11-01,31,106.2
abs,2023-12-01,31,105.7
abs,2024-01-01,31,105.5
abs,2024-02-01,31,106.2
abs,2024-03-01,31,107.0
abs,2024-04-01,31,107.6
abs,2024-05-01,31,107.7
abs,2024-06-01,31,108.4
abs,2024-07-01,31,108.6
abs,2024-08-01,31,108.9
abs,2024-09-01,31,108.9
abs,2024-10-01,31,108.7
abs,2024-11-01,31,108.7
abs,2024-12-01,31,108.7
abs,2025-01-01,31,108.3
abs,2025-02-01,31,108.5
abs,2025-03-01,31,109.0
abs,2025-04-01,31,109.3
abs,2025-05-01,31,110.2
abs,2025-06-01,31,108.7
abs,2025-07-01,31,107.9
abs,2025-08-01,31,109.7
abs,2025-09-01,31,108.2
abs,2025-10-01,31,108.6
abs,2025-11-01,31,108.9
abs,2025-12-01,31,108.4
abs,2026-01-01,31,109.0
abs,2026-02-01,31,108.4
abs,2026-03-01,31,107.0
abs,2026-04-01,31,107.2
abs,2026-05-01,31,107.3
abs,2026-06-01,31,107.0
abs,2026-07-01,31,107.0
growth_yoy,2016-01-01,31,0.753
growth_yoy,2016-02-01,31,0.655
growth_yoy,2016-03-01,31,0.373
growth_yoy,2016-04-01,31,0.186
growth_yoy,2016-05-01,31,0.093
growth_yoy,2016-06-01,31,-1.195
growth_yoy,2016-07-01,31,-1.103
growth_yoy,2016-08-01,31,-1.284
growth_yoy,2016-09-01,31,-1.375
growth_yoy,2016-10-01,31,-1.737
growth_yoy,2016-11-01,31,-1.826
growth_yoy,2016-12-01,31,-2.1
growth_yoy,2017-01-01,31,1.307
growth_yoy,2017-02-01,31,1.302
growth_yoy,2017-03-01,31,1.86
growth_yoy,2017-04-01,31,1.673
growth_yoy,2017-05-01,31,1.487
growth_yoy,2017-06-01,31,1.488
growth_yoy,2017-07-01,31,1.208
growth_yoy,2017-08-01,31,1.022
growth_yoy,2017-09-01,31,0.929
growth_yoy,2017-10-01,31,1.209
growth_yoy,2017-11-01,31,1.302
growth_yoy,2017-12-01,31,1.399
growth_yoy,2018-01-01,31,-3.318
growth_yoy,2018-02-01,31,-4.316
growth_yoy,2018-03-01,31,-6.849
growth_yoy,2018-04-01,31,-7.952
growth_yoy,2018-05-01,31,-8.059
growth_yoy,2018-06-01,31,-8.524
growth_yoy,2018-07-01,31,-8.173
growth_yoy,2018-08-01,31,-8.372
growth_yoy,2018-09-01,31,-7.735
growth_yoy,2018-10-01,31,-8.088
growth_yoy,2018-11-01,31,-8.264
growth_yoy,2018-12-01,31,-8.096
growth_yoy,2019-01-01,31,-4.862
growth_yoy,2019-02-01,31,-4.127
growth_yoy,2019-03-01,31,-2.059
growth_yoy,2019-04-01,31,-0.497
growth_yoy,2019-05-01,31,-0.1
growth_yoy,2019-06-01,31,0.501
growth_yoy,2019-07-01,31,0.7
growth_yoy,2019-08-01,31,1.104
growth_yoy,2019-09-01,31,0.1
growth_yoy,2019-10-01,31,0.0
growth_yoy,2019-11-01,31,0.2
growth_yoy,2019-12-01,31,0.501
growth_yoy,2020-01-01,31,1.303
growth_yoy,2020-02-01,31,1.401
growth_yoy,2020-03-01,31,1.201
growth_yoy,2020-04-01,31,1.297
growth_yoy,2020-05-01,31,0.798
growth_yoy,2020-06-01,31,-1.994
growth_yoy,2020-07-01,31,-0.695
growth_yoy,2020-08-01,31,0.794
growth_yoy,2020-09-01,31,2.792
growth_yoy,2020-10-01,31,2.1
growth_yoy,2020-11-01,31,0.699
growth_yoy,2020-12-01,31,0.896
growth_yoy,2021-01-01,31,0.099
growth_yoy,2021-02-01,31,-1.283
growth_yoy,2021-03-01,31,-1.78
growth_yoy,2021-04-01,31,-2.956
growth_yoy,2021-05-01,31,-2.671
growth_yoy,2021-06-01,31,0.407
growth_yoy,2021-07-01,31,-1.4
growth_yoy,2021-08-01,31,-2.66
growth_yoy,2021-09-01,31,-3.686
growth_yoy,2021-10-01,31,-2.742
growth_yoy,2021-11-01,31,-1.488
growth_yoy,2021-12-01,31,-2.073
growth_yoy,2022-01-01,31,-1.877
growth_yoy,2022-02-01,31,-0.5
growth_yoy,2022-03-01,31,0.705
growth_yoy,2022-04-01,31,2.132
growth_yoy,2022-05-01,31,2.541
growth_yoy,2022-06-01,31,2.229
growth_yoy,2022-07-01,31,2.637
growth_yoy,2022-08-01,31,2.834
growth_yoy,2022-09-01,31,2.618
growth_yoy,2022-10-01,31,2.82
growth_yoy,2022-11-01,31,3.021
growth_yoy,2022-12-01,31,3.629
growth_yoy,2023-01-01,31,4.23
growth_yoy,2023-02-01,31,4.322
growth_yoy,2023-03-01,31,4.4
growth_yoy,2023-04-01,31,3.579
growth_yoy,2023-05-01,31,3.37
growth_yoy,2023-06-01,31,4.163
growth_yoy,2023-07-01,31,3.854
growth_yoy,2023-08-01,31,4.429
growth_yoy,2023-09-01,31,4.122
growth_yoy,2023-10-01,31,3.82
growth_yoy,2023-11-01,31,3.812
growth_yoy,2023-12-01,31,2.821
growth_yoy,2024-01-01,31,1.932
growth_yoy,2024-02-01,31,2.312
growth_yoy,2024-03-01,31,2.49
growth_yoy,2024-04-01,31,3.263
growth_yoy,2024-05-01,31,3.26
growth_yoy,2024-06-01,31,3.14
growth_yoy,2024-07-01,31,3.33
growth_yoy,2024-08-01,31,2.639
growth_yoy,2024-09-01,31,2.639
growth_yoy,2024-10-01,31,2.547
growth_yoy,2024-11-01,31,2.354
growth_yoy,2024-12-01,31,2.838
growth_yoy,2025-01-01,31,2.654
growth_yoy,2025-02-01,31,2.166
growth_yoy,2025-03-01,31,1.869
growth_yoy,2025-04-01,31,1.58
growth_yoy,2025-05-01,31,2.321
growth_yoy,2025-06-01,31,0.277
growth_yoy,2025-07-01,31,-0.645
growth_yoy,2025-08-01,31,0.735
growth_yoy,2025-09-01,31,-0.643
growth_yoy,2025-10-01,31,-0.092
growth_yoy,2025-11-01,31,0.184
growth_yoy,2025-12-01,31,-0.276
growth_yoy,2026-01-01,31,0.646
growth_yoy,2026-02-01,31,-0.092
growth_yoy,2026-03-01,31,-1.835
growth_yoy,2026-04-01,31,-1.921
growth_yoy,2026-05-01,31,-2.632
growth_yoy,2026-06-01,31,-1.564
growth_yoy,2026-07-01,31,-0.834
growth_mom,2015-02-01,31,0.47
growth_mom,2015-03-01,31,0.281
growth_mom,2015-04-01,31,0.28
growth_mom,2015-05-01,31,0.093
growth_mom,2015-06-01,31,1.209
growth_mom,2015-07-01,31,0.0
growth_mom,2015-08-01,31,0.184
growth_mom,2015-09-01,31,0.092
growth_mom,2015-10-01,31,0.275
growth_mom,2015-11-01,31,0.091
growth_mom,2015-12-01,31,0.0
growth_mom,2016-01-01,31,-2.192
growth_mom,2016-02-01,31,0.373
growth_mom,2016-03-01,31,0.0
growth_mom,2016-04-01,31,0.093
growth_mom,2016-05-01,31,0.0
growth_mom,2016-06-01,31,-0.093
growth_mom,2016-07-01,31,0.093
growth_mom,2016-08-01,31,0.0
growth_mom,2016-09-01,31,0.0
growth_mom,2016-10-01,31,-0.093
growth_mom,2016-11-01,31,0.0
growth_mom,2016-12-01,31,-0.279
growth_mom,2017-01-01,31,1.213
growth_mom,2017-02-01,31,0.369
growth_mom,2017-03-01,31,0.551
growth_mom,2017-04-01,31,-0.091
growth_mom,2017-05-01,31,-0.183
growth_mom,2017-06-01,31,-0.092
growth_mom,2017-07-01,31,-0.183
growth_mom,2017-08-01,31,-0.184
growth_mom,2017-09-01,31,-0.092
growth_mom,2017-10-01,31,0.184
growth_mom,2017-11-01,31,0.092
growth_mom,2017-12-01,31,-0.184
growth_mom,2018-01-01,31,-3.496
growth_mom,2018-02-01,31,-0.667
growth_mom,2018-03-01,31,-2.111
growth_mom,2018-04-01,31,-1.275
growth_mom,2018-05-01,31,-0.298
growth_mom,2018-06-01,31,-0.598
growth_mom,2018-07-01,31,0.2
growth_mom,2018-08-01,31,-0.4
growth_mom,2018-09-01,31,0.602
growth_mom,2018-10-01,31,-0.2
growth_mom,2018-11-01,31,-0.1
growth_mom,2018-12-01,31,0.0
growth_mom,2019-01-01,31,-0.1
growth_mom,2019-02-01,31,0.1
growth_mom,2019-03-01,31,0.0
growth_mom,2019-04-01,31,0.3
growth_mom,2019-05-01,31,0.1
growth_mom,2019-06-01,31,0.0
growth_mom,2019-07-01,31,0.399
growth_mom,2019-08-01,31,0.0
growth_mom,2019-09-01,31,-0.397
growth_mom,2019-10-01,31,-0.299
growth_mom,2019-11-01,31,0.1
growth_mom,2019-12-01,31,0.3
growth_mom,2020-01-01,31,0.697
growth_mom,2020-02-01,31,0.198
growth_mom,2020-03-01,31,-0.197
growth_mom,2020-04-01,31,0.396
growth_mom,2020-05-01,31,-0.394
growth_mom,2020-06-01,31,-2.77
growth_mom,2020-07-01,31,1.729
growth_mom,2020-08-01,31,1.5
growth_mom,2020-09-01,31,1.576
growth_mom,2020-10-01,31,-0.97
growth_mom,2020-11-01,31,-1.273
growth_mom,2020-12-01,31,0.496
growth_mom,2021-01-01,31,-0.099
growth_mom,2021-02-01,31,-1.186
growth_mom,2021-03-01,31,-0.7
growth_mom,2021-04-01,31,-0.806
growth_mom,2021-05-01,31,-0.102
growth_mom,2021-06-01,31,0.305
growth_mom,2021-07-01,31,-0.101
growth_mom,2021-08-01,31,0.203
growth_mom,2021-09-01,31,0.506
growth_mom,2021-10-01,31,0.0
growth_mom,2021-11-01,31,0.0
growth_mom,2021-12-01,31,-0.101
growth_mom,2022-01-01,31,0.101
growth_mom,2022-02-01,31,0.201
growth_mom,2022-03-01,31,0.503
growth_mom,2022-04-01,31,0.6
growth_mom,2022-05-01,31,0.298
growth_mom,2022-06-01,31,0.0
growth_mom,2022-07-01,31,0.297
growth_mom,2022-08-01,31,0.395
growth_mom,2022-09-01,31,0.295
growth_mom,2022-10-01,31,0.196
growth_mom,2022-11-01,31,0.196
growth_mom,2022-12-01,31,0.489
growth_mom,2023-01-01,31,0.681
growth_mom,2023-02-01,31,0.29
growth_mom,2023-03-01,31,0.578
growth_mom,2023-04-01,31,-0.192
growth_mom,2023-05-01,31,0.096
growth_mom,2023-06-01,31,0.767
growth_mom,2023-07-01,31,0.0
growth_mom,2023-08-01,31,0.951
growth_mom,2023-09-01,31,0.0
growth_mom,2023-10-01,31,-0.094
growth_mom,2023-11-01,31,0.189
growth_mom,2023-12-01,31,-0.471
growth_mom,2024-01-01,31,-0.189
growth_mom,2024-02-01,31,0.664
growth_mom,2024-03-01,31,0.753
growth_mom,2024-04-01,31,0.561
growth_mom,2024-05-01,31,0.093
growth_mom,2024-06-01,31,0.65
growth_mom,2024-07-01,31,0.185
growth_mom,2024-08-01,31,0.276
growth_mom,2024-09-01,31,0.0
growth_mom,2024-10-01,31,-0.184
growth_mom,2024-11-01,31,0.0
growth_mom,2024-12-01,31,0.0
growth_mom,2025-01-01,31,-0.368
growth_mom,2025-02-01,31,0.185
growth_mom,2025-03-01,31,0.461
growth_mom,2025-04-01,31,0.275
growth_mom,2025-05-01,31,0.823
growth_mom,2025-06-01,31,-1.361
growth_mom,2025-07-01,31,-0.736
growth_mom,2025-08-01,31,1.668
growth_mom,2025-09-01,31,-1.367
growth_mom,2025-10-01,31,0.37
growth_mom,2025-11-01,31,0.276
growth_mom,2025-12-01,31,-0.459
growth_mom,2026-01-01,31,0.554
growth_mom,2026-02-01,31,-0.55
growth_mom,2026-03-01,31,-1.292
growth_mom,2026-04-01,31,0.187
growth_mom,2026-05-01,31,0.093
growth_mom,2026-06-01,31,-0.28
growth_mom,2026-07-01,31,0.0
abs,2015-01-01,35,115.8
abs,2015-02-01,35,116.1
abs,2015-03-01,35,116.9
abs,2015-04-01,35,114.3
abs,2015-05-01,35,115.0
abs,2015-06-01,35,114.6
abs,2015-07-01,35,112.3
abs,2015-08-01,35,111.9
abs,2015-09-01,35,111.8
abs,2015-10-01,35,111.9
abs,2015-11-01,35,110.9
abs,2015-12-01,35,110.8
abs,2016-01-01,35,111.0
abs,2016-02-01,35,111.2
abs,2016-03-01,35,111.1
abs,2016-04-01,35,109.9
abs,2016-05-01,35,110.9
abs,2016-06-01,35,113.3
abs,2016-07-01,35,113.0
abs,2016-08-01,35,113.4
abs,2016-09-01,35,113.4
abs,2016-10-01,35,114.3
abs,2016-11-01,35,114.2
abs,2016-12-01,35,114.7
abs,2017-01-01,35,114.6
abs,2017-02-01,35,114.5
abs,2017-03-01,35,114.8
abs,2017-04-01,35,114.5
abs,2017-05-01,35,114.2
abs,2017-06-01,35,114.2
abs,2017-07-01,35,114.9
abs,2017-08-01,35,115.3
abs,2017-09-01,35,114.8
abs,2017-10-01,35,114.6
abs,2017-11-01,35,114.8
abs,2017-12-01,35,114.5
abs,2018-01-01,35,114.1
abs,2018-02-01,35,115.4
abs,2018-03-01,35,116.3
abs,2018-04-01,35,116.2
abs,2018-05-01,35,116.6
abs,2018-06-01,35,115.7
abs,2018-07-01,35,116.2
abs,2018-08-01,35,116.0
abs,2018-09-01,35,115.9
abs,2018-10-01,35,115.8
abs,2018-11-01,35,116.2
abs,2018-12-01,35,116.3
abs,2019-01-01,35,116.6
abs,2019-02-01,35,116.3
abs,2019-03-01,35,118.8
abs,2019-04-01,35,117.9
abs,2019-05-01,35,118.0
abs,2019-06-01,35,117.8
abs,2019-07-01,35,118.0
abs,2019-08-01,35,118.5
abs,2019-09-01,35,117.4
abs,2019-10-01,35,117.3
abs,2019-11-01,35,116.9
abs,2019-12-01,35,117.7
abs,2020-01-01,35,117.8
abs,2020-02-01,35,118.2
abs,2020-03-01,35,118.4
abs,2020-04-01,35,118.1
abs,2020-05-01,35,117.8
abs,2020-06-01,35,117.1
abs,2020-07-01,35,116.5
abs,2020-08-01,35,116.3
abs,2020-09-01,35,116.4
abs,2020-10-01,35,115.9
abs,2020-11-01,35,116.7
abs,2020-12-01,35,115.7
abs,2021-01-01,35,115.6
abs,2021-02-01,35,115.9
abs,2021-03-01,35,116.8
abs,2021-04-01,35,117.1
abs,2021-05-01,35,117.9
abs,2021-06-01,35,116.9
abs,2021-07-01,35,116.7
abs,2021-08-01,35,116.8
abs,2021-09-01,35,116.2
abs,2021-10-01,35,116.7
abs,2021-11-01,35,116.4
abs,2021-12-01,35,116.5
abs,2022-01-01,35,116.6
abs,2022-02-01,35,116.8
abs,2022-03-01,35,117.0
abs,2022-04-01,35,117.8
abs,2022-05-01,35,117.2
abs,2022-06-01,35,116.7
abs,2022-07-01,35,117.7
abs,2022-08-01,35,117.8
abs,2022-09-01,35,117.6
abs,2022-10-01,35,118.1
abs,2022-11-01,35,118.0
abs,2022-12-01,35,117.7
abs,2023-01-01,35,118.0
abs,2023-02-01,35,118.0
abs,2023-03-01,35,118.6
abs,2023-04-01,35,117.9
abs,2023-05-01,35,118.6
abs,2023-06-01,35,117.9
abs,2023-07-01,35,117.8
abs,2023-08-01,35,117.7
abs,2023-09-01,35,118.2
abs,2023-10-01,35,117.5
abs,2023-11-01,35,117.3
abs,2023-12-01,35,117.0
abs,2024-01-01,35,117.1
abs,2024-02-01,35,118.1
abs,2024-03-01,35,118.7
abs,2024-04-01,35,119.1
abs,2024-05-01,35,120.4
abs,2024-06-01,35,119.1
abs,2024-07-01,35,118.2
abs,2024-08-01,35,118.9
abs,2024-09-01,35,118.5
abs,2024-10-01,35,118.4
abs,2024-11-01,35,118.3
abs,2024-12-01,35,118.1
abs,2025-01-01,35,117.6
abs,2025-02-01,35,117.8
abs,2025-03-01,35,118.1
abs,2025-04-01,35,118.4
abs,2025-05-01,35,119.1
abs,2025-06-01,35,118.9
abs,2025-07-01,35,122.9
abs,2025-08-01,35,123.8
abs,2025-09-01,35,123.9
abs,2025-10-01,35,123.5
abs,2025-11-01,35,123.2
abs,2025-12-01,35,122.9
abs,2026-01-01,35,123.4
abs,2026-02-01,35,123.3
abs,2026-03-01,35,129.4
abs,2026-04-01,35,130.9
abs,2026-05-01,35,131.0
abs,2026-06-01,35,131.0
abs,2026-07-01,35,131.1
growth_yoy,2016-01-01,35,-4.145
growth_yoy,2016-02-01,35,-4.22
growth_yoy,2016-03-01,35,-4.962
growth_yoy,2016-04-01,35,-3.85
growth_yoy,2016-05-01,35,-3.565
growth_yoy,2016-06-01,35,-1.134
growth_yoy,2016-07-01,35,0.623
growth_yoy,2016-08-01,35,1.34
growth_yoy,2016-09-01,35,1.431
growth_yoy,2016-10-01,35,2.145
growth_yoy,2016-11-01,35,2.976
growth_yoy,2016-12-01,35,3.52
growth_yoy,2017-01-01,35,3.243
growth_yoy,2017-02-01,35,2.968
growth_yoy,2017-03-01,35,3.33
growth_yoy,2017-04-01,35,4.186
growth_yoy,2017-05-01,35,2.976
growth_yoy,2017-06-01,35,0.794
growth_yoy,2017-07-01,35,1.681
growth_yoy,2017-08-01,35,1.675
growth_yoy,2017-09-01,35,1.235
growth_yoy,2017-10-01,35,0.262
growth_yoy,2017-11-01,35,0.525
growth_yoy,2017-12-01,35,-0.174
growth_yoy,2018-01-01,35,-0.436
growth_yoy,2018-02-01,35,0.786
growth_yoy,2018-03-01,35,1.307
growth_yoy,2018-04-01,35,1.485
growth_yoy,2018-05-01,35,2.102
growth_yoy,2018-06-01,35,1.313
growth_yoy,2018-07-01,35,1.131
growth_yoy,2018-08-01,35,0.607
growth_yoy,2018-09-01,35,0.958
growth_yoy,2018-10-01,35,1.047
growth_yoy,2018-11-01,35,1.22
growth_yoy,2018-12-01,35,1.572
growth_yoy,2019-01-01,35,2.191
growth_yoy,2019-02-01,35,0.78
growth_yoy,2019-03-01,35,2.15
growth_yoy,2019-04-01,35,1.463
growth_yoy,2019-05-01,35,1.201
growth_yoy,2019-06-01,35,1.815
growth_yoy,2019-07-01,35,1.549
growth_yoy,2019-08-01,35,2.155
growth_yoy,2019-09-01,35,1.294
growth_yoy,2019-10-01,35,1.295
growth_yoy,2019-11-01,35,0.602
growth_yoy,2019-12-01,35,1.204
growth_yoy,2020-01-01,35,1.029
growth_yoy,2020-02-01,35,1.634
growth_yoy,2020-03-01,35,-0.337
growth_yoy,2020-04-01,35,0.17
growth_yoy,2020-05-01,35,-0.169
growth_yoy,2020-06-01,35,-0.594
growth_yoy,2020-07-01,35,-1.271
growth_yoy,2020-08-01,35,-1.857
growth_yoy,2020-09-01,35,-0.852
growth_yoy,2020-10-01,35,-1.194
growth_yoy,2020-11-01,35,-0.171
growth_yoy,2020-12-01,35,-1.699
growth_yoy,2021-01-01,35,-1.868
growth_yoy,2021-02-01,35,-1.946
growth_yoy,2021-03-01,35,-1.351
growth_yoy,2021-04-01,35,-0.847
growth_yoy,2021-05-01,35,0.085
growth_yoy,2021-06-01,35,-0.171
growth_yoy,2021-07-01,35,0.172
growth_yoy,2021-08-01,35,0.43
growth_yoy,2021-09-01,35,-0.172
growth_yoy,2021-10-01,35,0.69
growth_yoy,2021-11-01,35,-0.257
growth_yoy,2021-12-01,35,0.691
growth_yoy,2022-01-01,35,0.865
growth_yoy,2022-02-01,35,0.777
growth_yoy,2022-03-01,35,0.171
growth_yoy,2022-04-01,35,0.598
growth_yoy,2022-05-01,35,-0.594
growth_yoy,2022-06-01,35,-0.171
growth_yoy,2022-07-01,35,0.857
growth_yoy,2022-08-01,35,0.856
growth_yoy,2022-09-01,35,1.205
growth_yoy,2022-10-01,35,1.2
growth_yoy,2022-11-01,35,1.375
growth_yoy,2022-12-01,35,1.03
growth_yoy,2023-01-01,35,1.201
growth_yoy,2023-02-01,35,1.027
growth_yoy,2023-03-01,35,1.368
growth_yoy,2023-04-01,35,0.085
growth_yoy,2023-05-01,35,1.195
growth_yoy,2023-06-01,35,1.028
growth_yoy,2023-07-01,35,0.085
growth_yoy,2023-08-01,35,-0.085
growth_yoy,2023-09-01,35,0.51
growth_yoy,2023-10-01,35,-0.508
growth_yoy,2023-11-01,35,-0.593
growth_yoy,2023-12-01,35,-0.595
growth_yoy,2024-01-01,35,-0.763
growth_yoy,2024-02-01,35,0.085
growth_yoy,2024-03-01,35,0.084
growth_yoy,2024-04-01,35,1.018
growth_yoy,2024-05-01,35,1.518
growth_yoy,2024-06-01,35,1.018
growth_yoy,2024-07-01,35,0.34
growth_yoy,2024-08-01,35,1.02
growth_yoy,2024-09-01,35,0.254
growth_yoy,2024-10-01,35,0.766
growth_yoy,2024-11-01,35,0.853
growth_yoy,2024-12-01,35,0.94
growth_yoy,2025-01-01,35,0.427
growth_yoy,2025-02-01,35,-0.254
growth_yoy,2025-03-01,35,-0.505
growth_yoy,2025-04-01,35,-0.588
growth_yoy,2025-05-01,35,-1.08
growth_yoy,2025-06-01,35,-0.168
growth_yoy,2025-07-01,35,3.976
growth_yoy,2025-08-01,35,4.121
growth_yoy,2025-09-01,35,4.557
growth_yoy,2025-10-01,35,4.307
growth_yoy,2025-11-01,35,4.142
growth_yoy,2025-12-01,35,4.064
growth_yoy,2026-01-01,35,4.932
growth_yoy,2026-02-01,35,4.669
growth_yoy,2026-03-01,35,9.568
growth_yoy,2026-04-01,35,10.557
growth_yoy,2026-05-01,35,9.992
growth_yoy,2026-06-01,35,10.177
growth_yoy,2026-07-01,35,6.672
growth_mom,2015-02-01,35,0.259
growth_mom,2015-03-01,35,0.689
growth_mom,2015-04-01,35,-2.224
growth_mom,2015-05-01,35,0.612
growth_mom,2015-06-01,35,-0.348
growth_mom,2015-07-01,35,-2.007
growth_mom,2015-08-01,35,-0.356
growth_mom,2015-09-01,35,-0.089
growth_mom,2015-10-01,35,0.089
growth_mom,2015-11-01,35,-0.894
growth_mom,2015-12-01,35,-0.09
growth_mom,2016-01-01,35,0.181
growth_mom,2016-02-01,35,0.18
growth_mom,2016-03-01,35,-0.09
growth_mom,2016-04-01,35,-1.08
growth_mom,2016-05-01,35,0.91
growth_mom,2016-06-01,35,2.164
growth_mom,2016-07-01,35,-0.265
growth_mom,2016-08-01,35,0.354
growth_mom,2016-09-01,35,0.0
growth_mom,2016-10-01,35,0.794
growth_mom,2016-11-01,35,-0.087
growth_mom,2016-12-01,35,0.438
growth_mom,2017-01-01,35,-0.087
growth_mom,2017-02-01,35,-0.087
growth_mom,2017-03-01,35,0.262
growth_mom,2017-04-01,35,-0.261
growth_mom,2017-05-01,35,-0.262
growth_mom,2017-06-01,35,0.0
growth_mom,2017-07-01,35,0.613
growth_mom,2017-08-01,35,0.348
growth_mom,2017-09-01,35,-0.434
growth_mom,2017-10-01,35,-0.174
growth_mom,2017-11-01,35,0.175
growth_mom,2017-12-01,35,-0.261
growth_mom,2018-01-01,35,-0.349
growth_mom,2018-02-01,35,1.139
growth_mom,2018-03-01,35,0.78
growth_mom,2018-04-01,35,-0.086
growth_mom,2018-05-01,35,0.344
growth_mom,2018-06-01,35,-0.772
growth_mom,2018-07-01,35,0.432
growth_mom,2018-08-01,35,-0.172
growth_mom,2018-09-01,35,-0.086
growth_mom,2018-10-01,35,-0.086
growth_mom,2018-11-01,35,0.345
growth_mom,2018-12-01,35,0.086
growth_mom,2019-01-01,35,0.258
growth_mom,2019-02-01,35,-0.257
growth_mom,2019-03-01,35,2.15
growth_mom,2019-04-01,35,-0.758
growth_mom,2019-05-01,35,0.085
growth_mom,2019-06-01,35,-0.169
growth_mom,2019-07-01,35,0.17
growth_mom,2019-08-01,35,0.424
growth_mom,2019-09-01,35,-0.928
growth_mom,2019-10-01,35,-0.085
growth_mom,2019-11-01,35,-0.341
growth_mom,2019-12-01,35,0.684
growth_mom,2020-01-01,35,0.085
growth_mom,2020-02-01,35,0.34
growth_mom,2020-03-01,35,0.169
growth_mom,2020-04-01,35,-0.253
growth_mom,2020-05-01,35,-0.254
growth_mom,2020-06-01,35,-0.594
growth_mom,2020-07-01,35,-0.512
growth_mom,2020-08-01,35,-0.172
growth_mom,2020-09-01,35,0.086
growth_mom,2020-10-01,35,-0.43
growth_mom,2020-11-01,35,0.69
growth_mom,2020-12-01,35,-0.857
growth_mom,2021-01-01,35,-0.086
growth_mom,2021-02-01,35,0.26
growth_mom,2021-03-01,35,0.777
growth_mom,2021-04-01,35,0.257
growth_mom,2021-05-01,35,0.683
growth_mom,2021-06-01,35,-0.848
growth_mom,2021-07-01,35,-0.171
growth_mom,2021-08-01,35,0.086
growth_mom,2021-09-01,35,-0.514
growth_mom,2021-10-01,35,0.43
growth_mom,2021-11-01,35,-0.257
growth_mom,2021-12-01,35,0.086
growth_mom,2022-01-01,35,0.086
growth_mom,2022-02-01,35,0.172
growth_mom,2022-03-01,35,0.171
growth_mom,2022-04-01,35,0.684
growth_mom,2022-05-01,35,-0.509
growth_mom,2022-06-01,35,-0.427
growth_mom,2022-07-01,35,0.857
growth_mom,2022-08-01,35,0.085
growth_mom,2022-09-01,35,-0.17
growth_mom,2022-10-01,35,0.425
growth_mom,2022-11-01,35,-0.085
growth_mom,2022-12-01,35,-0.254
growth_mom,2023-01-01,35,0.255
growth_mom,2023-02-01,35,0.0
growth_mom,2023-03-01,35,0.508
growth_mom,2023-04-01,35,-0.59
growth_mom,2023-05-01,35,0.594
growth_mom,2023-06-01,35,-0.59
growth_mom,2023-07-01,35,-0.085
growth_mom,2023-08-01,35,-0.085
growth_mom,2023-09-01,35,0.425
growth_mom,2023-10-01,35,-0.592
growth_mom,2023-11-01,35,-0.17
growth_mom,2023-12-01,35,-0.256
growth_mom,2024-01-01,35,0.085
growth_mom,2024-02-01,35,0.854
growth_mom,2024-03-01,35,0.508
growth_mom,2024-04-01,35,0.337
growth_mom,2024-05-01,35,1.092
growth_mom,2024-06-01,35,-1.08
growth_mom,2024-07-01,35,-0.756
growth_mom,2024-08-01,35,0.592
growth_mom,2024-09-01,35,-0.336
growth_mom,2024-10-01,35,-0.084
growth_mom,2024-11-01,35,-0.084
growth_mom,2024-12-01,35,-0.169
growth_mom,2025-01-01,35,-0.423
growth_mom,2025-02-01,35,0.17
growth_mom,2025-03-01,35,0.255
growth_mom,2025-04-01,35,0.254
growth_mom,2025-05-01,35,0.591
growth_mom,2025-06-01,35,-0.168
growth_mom,2025-07-01,35,3.364
growth_mom,2025-08-01,35,0.732
growth_mom,2025-09-01,35,0.081
growth_mom,2025-10-01,35,-0.323
growth_mom,2025-11-01,35,-0.243
growth_mom,2025-12-01,35,-0.244
growth_mom,2026-01-01,35,0.407
growth_mom,2026-02-01,35,-0.081
growth_mom,2026-03-01,35,4.947
growth_mom,2026-04-01,35,1.159
growth_mom,2026-05-01,35,0.076
growth_mom,2026-06-01,35,0.0
growth_mom,2026-07-01,35,0.076
abs,2015-01-01,36,107.4
abs,2015-02-01,36,103.8
abs,2015-03-01,36,107.8
abs,2015-04-01,36,108.0
abs,2015-05-01,36,109.1
abs,2015-06-01,36,111.1
abs,2015-07-01,36,110.6
abs,2015-08-01,36,112.2
abs,2015-09-01,36,112.1
abs,2015-10-01,36,113.5
abs,2015-11-01,36,113.8
abs,2015-12-01,36,114.1
abs,2016-01-01,36,113.0
abs,2016-02-01,36,112.9
abs,2016-03-01,36,112.8
abs,2016-04-01,36,115.2
abs,2016-05-01,36,114.2
abs,2016-06-01,36,114.9
abs,2016-07-01,36,113.8
abs,2016-08-01,36,114.3
abs,2016-09-01,36,114.8
abs,2016-10-01,36,115.2
abs,2016-11-01,36,114.2
abs,2016-12-01,36,114.6
abs,2017-01-01,36,113.0
abs,2017-02-01,36,112.8
abs,2017-03-01,36,113.9
abs,2017-04-01,36,114.0
abs,2017-05-01,36,114.5
abs,2017-06-01,36,114.1
abs,2017-07-01,36,114.3
abs,2017-08-01,36,115.2
abs,2017-09-01,36,114.3
abs,2017-10-01,36,114.8
abs,2017-11-01,36,114.4
abs,2017-12-01,36,114.1
abs,2018-01-01,36,114.1
abs,2018-02-01,36,114.2
abs,2018-03-01,36,114.0
abs,2018-04-01,36,115.2
abs,2018-05-01,36,114.6
abs,2018-06-01,36,113.9
abs,2018-07-01,36,114.6
abs,2018-08-01,36,114.6
abs,2018-09-01,36,114.8
abs,2018-10-01,36,113.7
abs,2018-11-01,36,114.3
abs,2018-12-01,36,115.0
abs,2019-01-01,36,113.0
abs,2019-02-01,36,111.9
abs,2019-03-01,36,112.1
abs,2019-04-01,36,112.2
abs,2019-05-01,36,112.0
abs,2019-06-01,36,111.8
abs,2019-07-01,36,111.4
abs,2019-08-01,36,111.6
abs,2019-09-01,36,111.6
abs,2019-10-01,36,111.6
abs,2019-11-01,36,111.7
abs,2019-12-01,36,111.7
abs,2020-01-01,36,111.7
abs,2020-02-01,36,111.0
abs,2020-03-01,36,111.8
abs,2020-04-01,36,111.1
abs,2020-05-01,36,110.8
abs,2020-06-01,36,110.5
abs,2020-07-01,36,110.7
abs,2020-08-01,36,112.4
abs,2020-09-01,36,112.7
abs,2020-10-01,36,112.7
abs,2020-11-01,36,112.7
abs,2020-12-01,36,112.5
abs,2021-01-01,36,112.3
abs,2021-02-01,36,111.9
abs,2021-03-01,36,111.7
abs,2021-04-01,36,112.4
abs,2021-05-01,36,112.5
abs,2021-06-01,36,112.3
abs,2021-07-01,36,112.1
abs,2021-08-01,36,111.9
abs,2021-09-01,36,111.8
abs,2021-10-01,36,111.9
abs,2021-11-01,36,112.9
abs,2021-12-01,36,113.5
abs,2022-01-01,36,113.7
abs,2022-02-01,36,113.5
abs,2022-03-01,36,113.6
abs,2022-04-01,36,113.8
abs,2022-05-01,36,113.9
abs,2022-06-01,36,114.7
abs,2022-07-01,36,114.4
abs,2022-08-01,36,115.3
abs,2022-09-01,36,116.6
abs,2022-10-01,36,117.4
abs,2022-11-01,36,117.6
abs,2022-12-01,36,117.8
abs,2023-01-01,36,118.0
abs,2023-02-01,36,117.7
abs,2023-03-01,36,117.4
abs,2023-04-01,36,117.4
abs,2023-05-01,36,117.3
abs,2023-06-01,36,118.4
abs,2023-07-01,36,118.0
abs,2023-08-01,36,118.2
abs,2023-09-01,36,117.7
abs,2023-10-01,36,118.6
abs,2023-11-01,36,118.8
abs,2023-12-01,36,118.3
abs,2024-01-01,36,118.7
abs,2024-02-01,36,121.9
abs,2024-03-01,36,124.4
abs,2024-04-01,36,125.8
abs,2024-05-01,36,127.5
abs,2024-06-01,36,127.6
abs,2024-07-01,36,128.6
abs,2024-08-01,36,127.6
abs,2024-09-01,36,126.9
abs,2024-10-01,36,126.8
abs,2024-11-01,36,126.6
abs,2024-12-01,36,126.2
abs,2025-01-01,36,127.7
abs,2025-02-01,36,125.4
abs,2025-03-01,36,125.3
abs,2025-04-01,36,126.9
abs,2025-05-01,36,127.2
abs,2025-06-01,36,127.4
abs,2025-07-01,36,128.5
abs,2025-08-01,36,132.0
abs,2025-09-01,36,138.4
abs,2025-10-01,36,140.5
abs,2025-11-01,36,139.4
abs,2025-12-01,36,139.9
abs,2026-01-01,36,140.7
abs,2026-02-01,36,140.3
abs,2026-03-01,36,139.4
abs,2026-04-01,36,140.6
abs,2026-05-01,36,141.5
abs,2026-06-01,36,143.6
abs,2026-07-01,36,141.6
growth_yoy,2016-01-01,36,5.214
growth_yoy,2016-02-01,36,8.767
growth_yoy,2016-03-01,36,4.638
growth_yoy,2016-04-01,36,6.667
growth_yoy,2016-05-01,36,4.675
growth_yoy,2016-06-01,36,3.42
growth_yoy,2016-07-01,36,2.893
growth_yoy,2016-08-01,36,1.872
growth_yoy,2016-09-01,36,2.409
growth_yoy,2016-10-01,36,1.498
growth_yoy,2016-11-01,36,0.351
growth_yoy,2016-12-01,36,0.438
growth_yoy,2017-01-01,36,0.0
growth_yoy,2017-02-01,36,-0.089
growth_yoy,2017-03-01,36,0.975
growth_yoy,2017-04-01,36,-1.042
growth_yoy,2017-05-01,36,0.263
growth_yoy,2017-06-01,36,-0.696
growth_yoy,2017-07-01,36,0.439
growth_yoy,2017-08-01,36,0.787
growth_yoy,2017-09-01,36,-0.436
growth_yoy,2017-10-01,36,-0.347
growth_yoy,2017-11-01,36,0.175
growth_yoy,2017-12-01,36,-0.436
growth_yoy,2018-01-01,36,0.973
growth_yoy,2018-02-01,36,1.241
growth_yoy,2018-03-01,36,0.088
growth_yoy,2018-04-01,36,1.053
growth_yoy,2018-05-01,36,0.087
growth_yoy,2018-06-01,36,-0.175
growth_yoy,2018-07-01,36,0.262
growth_yoy,2018-08-01,36,-0.521
growth_yoy,2018-09-01,36,0.437
growth_yoy,2018-10-01,36,-0.958
growth_yoy,2018-11-01,36,-0.087
growth_yoy,2018-12-01,36,0.789
growth_yoy,2019-01-01,36,-0.964
growth_yoy,2019-02-01,36,-2.014
growth_yoy,2019-03-01,36,-1.667
growth_yoy,2019-04-01,36,-2.604
growth_yoy,2019-05-01,36,-2.269
growth_yoy,2019-06-01,36,-1.844
growth_yoy,2019-07-01,36,-2.792
growth_yoy,2019-08-01,36,-2.618
growth_yoy,2019-09-01,36,-2.787
growth_yoy,2019-10-01,36,-1.847
growth_yoy,2019-11-01,36,-2.275
growth_yoy,2019-12-01,36,-2.87
growth_yoy,2020-01-01,36,-1.15
growth_yoy,2020-02-01,36,-0.804
growth_yoy,2020-03-01,36,-0.268
growth_yoy,2020-04-01,36,-0.98
growth_yoy,2020-05-01,36,-1.071
growth_yoy,2020-06-01,36,-1.163
growth_yoy,2020-07-01,36,-0.628
growth_yoy,2020-08-01,36,0.717
growth_yoy,2020-09-01,36,0.986
growth_yoy,2020-10-01,36,0.986
growth_yoy,2020-11-01,36,0.895
growth_yoy,2020-12-01,36,0.716
growth_yoy,2021-01-01,36,0.537
growth_yoy,2021-02-01,36,0.811
growth_yoy,2021-03-01,36,-0.089
growth_yoy,2021-04-01,36,1.17
growth_yoy,2021-05-01,36,1.534
growth_yoy,2021-06-01,36,1.629
growth_yoy,2021-07-01,36,1.265
growth_yoy,2021-08-01,36,-0.445
growth_yoy,2021-09-01,36,-0.799
growth_yoy,2021-10-01,36,-0.71
growth_yoy,2021-11-01,36,0.177
growth_yoy,2021-12-01,36,0.889
growth_yoy,2022-01-01,36,1.247
growth_yoy,2022-02-01,36,1.43
growth_yoy,2022-03-01,36,1.701
growth_yoy,2022-04-01,36,1.246
growth_yoy,2022-05-01,36,1.244
growth_yoy,2022-06-01,36,2.137
growth_yoy,2022-07-01,36,2.052
growth_yoy,2022-08-01,36,3.038
growth_yoy,2022-09-01,36,4.293
growth_yoy,2022-10-01,36,4.915
growth_yoy,2022-11-01,36,4.163
growth_yoy,2022-12-01,36,3.789
growth_yoy,2023-01-01,36,3.782
growth_yoy,2023-02-01,36,3.7
growth_yoy,2023-03-01,36,3.345
growth_yoy,2023-04-01,36,3.163
growth_yoy,2023-05-01,36,2.985
growth_yoy,2023-06-01,36,3.226
growth_yoy,2023-07-01,36,3.147
growth_yoy,2023-08-01,36,2.515
growth_yoy,2023-09-01,36,0.943
growth_yoy,2023-10-01,36,1.022
growth_yoy,2023-11-01,36,1.02
growth_yoy,2023-12-01,36,0.424
growth_yoy,2024-01-01,36,0.593
growth_yoy,2024-02-01,36,3.568
growth_yoy,2024-03-01,36,5.963
growth_yoy,2024-04-01,36,7.155
growth_yoy,2024-05-01,36,8.696
growth_yoy,2024-06-01,36,7.77
growth_yoy,2024-07-01,36,8.983
growth_yoy,2024-08-01,36,7.953
growth_yoy,2024-09-01,36,7.816
growth_yoy,2024-10-01,36,6.914
growth_yoy,2024-11-01,36,6.566
growth_yoy,2024-12-01,36,6.678
growth_yoy,2025-01-01,36,7.582
growth_yoy,2025-02-01,36,2.871
growth_yoy,2025-03-01,36,0.723
growth_yoy,2025-04-01,36,0.874
growth_yoy,2025-05-01,36,-0.235
growth_yoy,2025-06-01,36,-0.157
growth_yoy,2025-07-01,36,-0.078
growth_yoy,2025-08-01,36,3.448
growth_yoy,2025-09-01,36,9.062
growth_yoy,2025-10-01,36,10.804
growth_yoy,2025-11-01,36,10.111
growth_yoy,2025-12-01,36,10.856
growth_yoy,2026-01-01,36,10.18
growth_yoy,2026-02-01,36,11.882
growth_yoy,2026-03-01,36,11.253
growth_yoy,2026-04-01,36,10.796
growth_yoy,2026-05-01,36,11.242
growth_yoy,2026-06-01,36,12.716
growth_yoy,2026-07-01,36,10.195
growth_mom,2015-02-01,36,-3.352
growth_mom,2015-03-01,36,3.854
growth_mom,2015-04-01,36,0.186
growth_mom,2015-05-01,36,1.019
growth_mom,2015-06-01,36,1.833
growth_mom,2015-07-01,36,-0.45
growth_mom,2015-08-01,36,1.447
growth_mom,2015-09-01,36,-0.089
growth_mom,2015-10-01,36,1.249
growth_mom,2015-11-01,36,0.264
growth_mom,2015-12-01,36,0.264
growth_mom,2016-01-01,36,-0.964
growth_mom,2016-02-01,36,-0.088
growth_mom,2016-03-01,36,-0.089
growth_mom,2016-04-01,36,2.128
growth_mom,2016-05-01,36,-0.868
growth_mom,2016-06-01,36,0.613
growth_mom,2016-07-01,36,-0.957
growth_mom,2016-08-01,36,0.439
growth_mom,2016-09-01,36,0.437
growth_mom,2016-10-01,36,0.348
growth_mom,2016-11-01,36,-0.868
growth_mom,2016-12-01,36,0.35
growth_mom,2017-01-01,36,-1.396
growth_mom,2017-02-01,36,-0.177
growth_mom,2017-03-01,36,0.975
growth_mom,2017-04-01,36,0.088
growth_mom,2017-05-01,36,0.439
growth_mom,2017-06-01,36,-0.349
growth_mom,2017-07-01,36,0.175
growth_mom,2017-08-01,36,0.787
growth_mom,2017-09-01,36,-0.781
growth_mom,2017-10-01,36,0.437
growth_mom,2017-11-01,36,-0.348
growth_mom,2017-12-01,36,-0.262
growth_mom,2018-01-01,36,0.0
growth_mom,2018-02-01,36,0.088
growth_mom,2018-03-01,36,-0.175
growth_mom,2018-04-01,36,1.053
growth_mom,2018-05-01,36,-0.521
growth_mom,2018-06-01,36,-0.611
growth_mom,2018-07-01,36,0.615
growth_mom,2018-08-01,36,0.0
growth_mom,2018-09-01,36,0.175
growth_mom,2018-10-01,36,-0.958
growth_mom,2018-11-01,36,0.528
growth_mom,2018-12-01,36,0.612
growth_mom,2019-01-01,36,-1.739
growth_mom,2019-02-01,36,-0.973
growth_mom,2019-03-01,36,0.179
growth_mom,2019-04-01,36,0.089
growth_mom,2019-05-01,36,-0.178
growth_mom,2019-06-01,36,-0.179
growth_mom,2019-07-01,36,-0.358
growth_mom,2019-08-01,36,0.18
growth_mom,2019-09-01,36,0.0
growth_mom,2019-10-01,36,0.0
growth_mom,2019-11-01,36,0.09
growth_mom,2019-12-01,36,0.0
growth_mom,2020-01-01,36,0.0
growth_mom,2020-02-01,36,-0.627
growth_mom,2020-03-01,36,0.721
growth_mom,2020-04-01,36,-0.626
growth_mom,2020-05-01,36,-0.27
growth_mom,2020-06-01,36,-0.271
growth_mom,2020-07-01,36,0.181
growth_mom,2020-08-01,36,1.536
growth_mom,2020-09-01,36,0.267
growth_mom,2020-10-01,36,0.0
growth_mom,2020-11-01,36,0.0
growth_mom,2020-12-01,36,-0.177
growth_mom,2021-01-01,36,-0.178
growth_mom,2021-02-01,36,-0.356
growth_mom,2021-03-01,36,-0.179
growth_mom,2021-04-01,36,0.627
growth_mom,2021-05-01,36,0.089
growth_mom,2021-06-01,36,-0.178
growth_mom,2021-07-01,36,-0.178
growth_mom,2021-08-01,36,-0.178
growth_mom,2021-09-01,36,-0.089
growth_mom,2021-10-01,36,0.089
growth_mom,2021-11-01,36,0.894
growth_mom,2021-12-01,36,0.531
growth_mom,2022-01-01,36,0.176
growth_mom,2022-02-01,36,-0.176
growth_mom,2022-03-01,36,0.088
growth_mom,2022-04-01,36,0.176
growth_mom,2022-05-01,36,0.088
growth_mom,2022-06-01,36,0.702
growth_mom,2022-07-01,36,-0.262
growth_mom,2022-08-01,36,0.787
growth_mom,2022-09-01,36,1.127
growth_mom,2022-10-01,36,0.686
growth_mom,2022-11-01,36,0.17
growth_mom,2022-12-01,36,0.17
growth_mom,2023-01-01,36,0.17
growth_mom,2023-02-01,36,-0.254
growth_mom,2023-03-01,36,-0.255
growth_mom,2023-04-01,36,0.0
growth_mom,2023-05-01,36,-0.085
growth_mom,2023-06-01,36,0.938
growth_mom,2023-07-01,36,-0.338
growth_mom,2023-08-01,36,0.169
growth_mom,2023-09-01,36,-0.423
growth_mom,2023-10-01,36,0.765
growth_mom,2023-11-01,36,0.169
growth_mom,2023-12-01,36,-0.421
growth_mom,2024-01-01,36,0.338
growth_mom,2024-02-01,36,2.696
growth_mom,2024-03-01,36,2.051
growth_mom,2024-04-01,36,1.125
growth_mom,2024-05-01,36,1.351
growth_mom,2024-06-01,36,0.078
growth_mom,2024-07-01,36,0.784
growth_mom,2024-08-01,36,-0.778
growth_mom,2024-09-01,36,-0.549
growth_mom,2024-10-01,36,-0.079
growth_mom,2024-11-01,36,-0.158
growth_mom,2024-12-01,36,-0.316
growth_mom,2025-01-01,36,1.189
growth_mom,2025-02-01,36,-1.801
growth_mom,2025-03-01,36,-0.08
growth_mom,2025-04-01,36,1.277
growth_mom,2025-05-01,36,0.236
growth_mom,2025-06-01,36,0.157
growth_mom,2025-07-01,36,0.863
growth_mom,2025-08-01,36,2.724
growth_mom,2025-09-01,36,4.848
growth_mom,2025-10-01,36,1.517
growth_mom,2025-11-01,36,-0.783
growth_mom,2025-12-01,36,0.359
growth_mom,2026-01-01,36,0.572
growth_mom,2026-02-01,36,-0.284
growth_mom,2026-03-01,36,-0.641
growth_mom,2026-04-01,36,0.861
growth_mom,2026-05-01,36,0.64
growth_mom,2026-06-01,36,1.484
growth_mom,2026-07-01,36,-1.393
