date,time,origin,destination,ridership
2022-06-19,05:00,JB Sentral,Woodlands CIQ,80
2022-06-19,06:00,JB Sentral,Woodlands CIQ,37
2022-06-19,07:00,JB Sentral,Woodlands CIQ,58
2022-06-19,08:00,JB Sentral,Woodlands CIQ,152
2022-06-19,08:00,Woodlands CIQ,JB Sentral,240
2022-06-19,09:00,Woodlands CIQ,JB Sentral,241
2022-06-19,10:00,JB Sentral,Woodlands CIQ,243
2022-06-19,11:00,JB Sentral,Woodlands CIQ,248
2022-06-19,11:00,Woodlands CIQ,JB Sentral,241
2022-06-19,12:00,JB Sentral,Woodlands CIQ,240
2022-06-19,12:00,Woodlands CIQ,JB Sentral,195
2022-06-19,13:00,Woodlands CIQ,JB Sentral,101
2022-06-19,14:00,JB Sentral,Woodlands CIQ,241
2022-06-19,15:00,JB Sentral,Woodlands CIQ,242
2022-06-19,15:00,Woodlands CIQ,JB Sentral,66
2022-06-19,16:00,JB Sentral,Woodlands CIQ,241
2022-06-19,16:00,Woodlands CIQ,JB Sentral,52
2022-06-19,17:00,JB Sentral,Woodlands CIQ,243
2022-06-19,17:00,Woodlands CIQ,JB Sentral,40
2022-06-19,18:00,Woodlands CIQ,JB Sentral,54
2022-06-19,19:00,JB Sentral,Woodlands CIQ,242
2022-06-19,20:00,JB Sentral,Woodlands CIQ,242
2022-06-19,20:00,Woodlands CIQ,JB Sentral,56
2022-06-19,21:00,JB Sentral,Woodlands CIQ,240
2022-06-19,21:00,Woodlands CIQ,JB Sentral,37
2022-06-19,22:00,JB Sentral,Woodlands CIQ,242
2022-06-19,22:00,Woodlands CIQ,JB Sentral,19
2022-06-19,23:00,Woodlands CIQ,JB Sentral,15
2022-06-20,05:00,JB Sentral,Woodlands CIQ,380
2022-06-20,06:00,JB Sentral,Woodlands CIQ,480
2022-06-20,07:00,JB Sentral,Woodlands CIQ,480
2022-06-20,08:00,JB Sentral,Woodlands CIQ,241
2022-06-20,08:00,Woodlands CIQ,JB Sentral,223
2022-06-20,09:00,Woodlands CIQ,JB Sentral,241
2022-06-20,10:00,JB Sentral,Woodlands CIQ,161
2022-06-20,11:00,JB Sentral,Woodlands CIQ,116
2022-06-20,11:00,Woodlands CIQ,JB Sentral,242
2022-06-20,12:00,JB Sentral,Woodlands CIQ,133
2022-06-20,12:00,Woodlands CIQ,JB Sentral,244
2022-06-20,13:00,Woodlands CIQ,JB Sentral,108
2022-06-20,14:00,JB Sentral,Woodlands CIQ,239
2022-06-20,15:00,JB Sentral,Woodlands CIQ,243
2022-06-20,15:00,Woodlands CIQ,JB Sentral,67
2022-06-20,16:00,JB Sentral,Woodlands CIQ,244
2022-06-20,16:00,Woodlands CIQ,JB Sentral,55
2022-06-20,17:00,JB Sentral,Woodlands CIQ,241
2022-06-20,17:00,Woodlands CIQ,JB Sentral,49
2022-06-20,18:00,Woodlands CIQ,JB Sentral,162
2022-06-20,19:00,JB Sentral,Woodlands CIQ,240
2022-06-20,20:00,JB Sentral,Woodlands CIQ,242
2022-06-20,20:00,Woodlands CIQ,JB Sentral,119
2022-06-20,21:00,JB Sentral,Woodlands CIQ,244
2022-06-20,21:00,Woodlands CIQ,JB Sentral,68
2022-06-20,22:00,JB Sentral,Woodlands CIQ,240
2022-06-20,22:00,Woodlands CIQ,JB Sentral,39
2022-06-20,23:00,Woodlands CIQ,JB Sentral,12
2022-06-21,05:00,JB Sentral,Woodlands CIQ,189
2022-06-21,06:00,JB Sentral,Woodlands CIQ,443
2022-06-21,07:00,JB Sentral,Woodlands CIQ,458
2022-06-21,08:00,JB Sentral,Woodlands CIQ,151
2022-06-21,08:00,Woodlands CIQ,JB Sentral,204
2022-06-21,09:00,Woodlands CIQ,JB Sentral,240
2022-06-21,10:00,JB Sentral,Woodlands CIQ,83
2022-06-21,11:00,JB Sentral,Woodlands CIQ,80
2022-06-21,11:00,Woodlands CIQ,JB Sentral,243
2022-06-21,12:00,JB Sentral,Woodlands CIQ,104
2022-06-21,12:00,Woodlands CIQ,JB Sentral,225
2022-06-21,13:00,Woodlands CIQ,JB Sentral,67
2022-06-21,14:00,JB Sentral,Woodlands CIQ,168
2022-06-21,15:00,JB Sentral,Woodlands CIQ,244
2022-06-21,15:00,Woodlands CIQ,JB Sentral,56
2022-06-21,16:00,JB Sentral,Woodlands CIQ,241
2022-06-21,16:00,Woodlands CIQ,JB Sentral,56
2022-06-21,17:00,JB Sentral,Woodlands CIQ,241
2022-06-21,17:00,Woodlands CIQ,JB Sentral,79
2022-06-21,18:00,Woodlands CIQ,JB Sentral,147
2022-06-21,19:00,JB Sentral,Woodlands CIQ,242
2022-06-21,20:00,JB Sentral,Woodlands CIQ,244
2022-06-21,20:00,Woodlands CIQ,JB Sentral,161
2022-06-21,21:00,JB Sentral,Woodlands CIQ,240
2022-06-21,21:00,Woodlands CIQ,JB Sentral,78
2022-06-21,22:00,JB Sentral,Woodlands CIQ,238
2022-06-21,22:00,Woodlands CIQ,JB Sentral,53
2022-06-21,23:00,Woodlands CIQ,JB Sentral,11
2022-06-22,05:00,JB Sentral,Woodlands CIQ,177
2022-06-22,06:00,JB Sentral,Woodlands CIQ,400
2022-06-22,07:00,JB Sentral,Woodlands CIQ,476
2022-06-22,08:00,JB Sentral,Woodlands CIQ,135
2022-06-22,08:00,Woodlands CIQ,JB Sentral,241
2022-06-22,09:00,Woodlands CIQ,JB Sentral,243
2022-06-22,10:00,JB Sentral,Woodlands CIQ,119
2022-06-22,11:00,JB Sentral,Woodlands CIQ,89
2022-06-22,11:00,Woodlands CIQ,JB Sentral,246
2022-06-22,12:00,JB Sentral,Woodlands CIQ,103
2022-06-22,12:00,Woodlands CIQ,JB Sentral,240
2022-06-22,13:00,Woodlands CIQ,JB Sentral,98
2022-06-22,14:00,JB Sentral,Woodlands CIQ,118
2022-06-22,15:00,JB Sentral,Woodlands CIQ,201
2022-06-22,15:00,Woodlands CIQ,JB Sentral,71
2022-06-22,16:00,JB Sentral,Woodlands CIQ,242
2022-06-22,16:00,Woodlands CIQ,JB Sentral,51
2022-06-22,17:00,JB Sentral,Woodlands CIQ,240
2022-06-22,17:00,Woodlands CIQ,JB Sentral,79
2022-06-22,18:00,Woodlands CIQ,JB Sentral,194
2022-06-22,19:00,JB Sentral,Woodlands CIQ,242
2022-06-22,20:00,JB Sentral,Woodlands CIQ,240
2022-06-22,20:00,Woodlands CIQ,JB Sentral,155
2022-06-22,21:00,JB Sentral,Woodlands CIQ,241
2022-06-22,21:00,Woodlands CIQ,JB Sentral,117
2022-06-22,22:00,JB Sentral,Woodlands CIQ,218
2022-06-22,22:00,Woodlands CIQ,JB Sentral,55
2022-06-22,23:00,Woodlands CIQ,JB Sentral,15
2022-06-23,05:00,JB Sentral,Woodlands CIQ,215
2022-06-23,06:00,JB Sentral,Woodlands CIQ,419
2022-06-23,07:00,JB Sentral,Woodlands CIQ,447
2022-06-23,08:00,JB Sentral,Woodlands CIQ,146
2022-06-23,08:00,Woodlands CIQ,JB Sentral,241
2022-06-23,09:00,Woodlands CIQ,JB Sentral,240
2022-06-23,10:00,JB Sentral,Woodlands CIQ,78
2022-06-23,11:00,JB Sentral,Woodlands CIQ,89
2022-06-23,11:00,Woodlands CIQ,JB Sentral,242
2022-06-23,12:00,JB Sentral,Woodlands CIQ,89
2022-06-23,12:00,Woodlands CIQ,JB Sentral,246
2022-06-23,13:00,Woodlands CIQ,JB Sentral,188
2022-06-23,14:00,JB Sentral,Woodlands CIQ,89
2022-06-23,15:00,JB Sentral,Woodlands CIQ,172
2022-06-23,15:00,Woodlands CIQ,JB Sentral,80
2022-06-23,16:00,JB Sentral,Woodlands CIQ,243
2022-06-23,16:00,Woodlands CIQ,JB Sentral,84
2022-06-23,17:00,JB Sentral,Woodlands CIQ,241
2022-06-23,17:00,Woodlands CIQ,JB Sentral,94
2022-06-23,18:00,Woodlands CIQ,JB Sentral,228
2022-06-23,19:00,JB Sentral,Woodlands CIQ,241
2022-06-23,20:00,JB Sentral,Woodlands CIQ,241
2022-06-23,20:00,Woodlands CIQ,JB Sentral,242
2022-06-23,21:00,JB Sentral,Woodlands CIQ,240
2022-06-23,21:00,Woodlands CIQ,JB Sentral,175
2022-06-23,22:00,JB Sentral,Woodlands CIQ,243
2022-06-23,22:00,Woodlands CIQ,JB Sentral,74
2022-06-23,23:00,Woodlands CIQ,JB Sentral,30
2022-06-24,05:00,JB Sentral,Woodlands CIQ,243
2022-06-24,06:00,JB Sentral,Woodlands CIQ,471
2022-06-24,07:00,JB Sentral,Woodlands CIQ,433
2022-06-24,08:00,JB Sentral,Woodlands CIQ,144
2022-06-24,08:00,Woodlands CIQ,JB Sentral,242
2022-06-24,09:00,Woodlands CIQ,JB Sentral,242
2022-06-24,10:00,JB Sentral,Woodlands CIQ,130
2022-06-24,11:00,JB Sentral,Woodlands CIQ,110
2022-06-24,11:00,Woodlands CIQ,JB Sentral,240
2022-06-24,12:00,JB Sentral,Woodlands CIQ,119
2022-06-24,12:00,Woodlands CIQ,JB Sentral,241
2022-06-24,13:00,Woodlands CIQ,JB Sentral,245
2022-06-24,14:00,JB Sentral,Woodlands CIQ,115
2022-06-24,15:00,JB Sentral,Woodlands CIQ,176
2022-06-24,15:00,Woodlands CIQ,JB Sentral,243
2022-06-24,16:00,JB Sentral,Woodlands CIQ,238
2022-06-24,16:00,Woodlands CIQ,JB Sentral,241
2022-06-24,17:00,JB Sentral,Woodlands CIQ,242
2022-06-24,17:00,Woodlands CIQ,JB Sentral,243
2022-06-24,18:00,Woodlands CIQ,JB Sentral,242
2022-06-24,19:00,JB Sentral,Woodlands CIQ,240
2022-06-24,20:00,JB Sentral,Woodlands CIQ,240
2022-06-24,20:00,Woodlands CIQ,JB Sentral,242
2022-06-24,21:00,JB Sentral,Woodlands CIQ,240
2022-06-24,21:00,Woodlands CIQ,JB Sentral,243
2022-06-24,22:00,JB Sentral,Woodlands CIQ,243
2022-06-24,22:00,Woodlands CIQ,JB Sentral,240
2022-06-24,23:00,Woodlands CIQ,JB Sentral,240
2022-06-25,05:00,JB Sentral,Woodlands CIQ,134
2022-06-25,06:00,JB Sentral,Woodlands CIQ,180
2022-06-25,07:00,JB Sentral,Woodlands CIQ,202
2022-06-25,08:00,JB Sentral,Woodlands CIQ,160
2022-06-25,08:00,Woodlands CIQ,JB Sentral,241
2022-06-25,09:00,Woodlands CIQ,JB Sentral,244
2022-06-25,10:00,JB Sentral,Woodlands CIQ,193
2022-06-25,11:00,JB Sentral,Woodlands CIQ,180
2022-06-25,11:00,Woodlands CIQ,JB Sentral,241
2022-06-25,12:00,JB Sentral,Woodlands CIQ,119
2022-06-25,12:00,Woodlands CIQ,JB Sentral,241
2022-06-25,13:00,Woodlands CIQ,JB Sentral,242
2022-06-25,14:00,JB Sentral,Woodlands CIQ,242
2022-06-25,15:00,JB Sentral,Woodlands CIQ,244
2022-06-25,15:00,Woodlands CIQ,JB Sentral,241
2022-06-25,16:00,JB Sentral,Woodlands CIQ,241
2022-06-25,16:00,Woodlands CIQ,JB Sentral,242
2022-06-25,17:00,JB Sentral,Woodlands CIQ,247
2022-06-25,17:00,Woodlands CIQ,JB Sentral,245
2022-06-25,18:00,Woodlands CIQ,JB Sentral,242
2022-06-25,19:00,JB Sentral,Woodlands CIQ,242
2022-06-25,20:00,JB Sentral,Woodlands CIQ,241
2022-06-25,20:00,Woodlands CIQ,JB Sentral,177
2022-06-25,21:00,JB Sentral,Woodlands CIQ,241
2022-06-25,21:00,Woodlands CIQ,JB Sentral,127
2022-06-25,22:00,JB Sentral,Woodlands CIQ,240
2022-06-25,22:00,Woodlands CIQ,JB Sentral,111
2022-06-25,23:00,Woodlands CIQ,JB Sentral,47
2022-06-26,05:00,JB Sentral,Woodlands CIQ,84
2022-06-26,06:00,JB Sentral,Woodlands CIQ,69
2022-06-26,07:00,JB Sentral,Woodlands CIQ,106
2022-06-26,08:00,JB Sentral,Woodlands CIQ,268
2022-06-26,08:00,Woodlands CIQ,JB Sentral,258
2022-06-26,09:00,Woodlands CIQ,JB Sentral,320
2022-06-26,10:00,JB Sentral,Woodlands CIQ,324
2022-06-26,11:00,JB Sentral,Woodlands CIQ,323
2022-06-26,11:00,Woodlands CIQ,JB Sentral,287
2022-06-26,12:00,JB Sentral,Woodlands CIQ,323
2022-06-26,12:00,Woodlands CIQ,JB Sentral,158
2022-06-26,13:00,Woodlands CIQ,JB Sentral,112
2022-06-26,14:00,JB Sentral,Woodlands CIQ,325
2022-06-26,15:00,JB Sentral,Woodlands CIQ,325
2022-06-26,15:00,Woodlands CIQ,JB Sentral,83
2022-06-26,16:00,JB Sentral,Woodlands CIQ,323
2022-06-26,16:00,Woodlands CIQ,JB Sentral,90
2022-06-26,17:00,JB Sentral,Woodlands CIQ,323
2022-06-26,17:00,Woodlands CIQ,JB Sentral,73
2022-06-26,18:00,Woodlands CIQ,JB Sentral,53
2022-06-26,19:00,JB Sentral,Woodlands CIQ,322
2022-06-26,20:00,JB Sentral,Woodlands CIQ,320
2022-06-26,20:00,Woodlands CIQ,JB Sentral,70
2022-06-26,21:00,JB Sentral,Woodlands CIQ,321
2022-06-26,21:00,Woodlands CIQ,JB Sentral,78
2022-06-26,22:00,JB Sentral,Woodlands CIQ,322
2022-06-26,22:00,Woodlands CIQ,JB Sentral,23
2022-06-26,23:00,Woodlands CIQ,JB Sentral,21
2022-06-27,05:00,JB Sentral,Woodlands CIQ,508
2022-06-27,06:00,JB Sentral,Woodlands CIQ,641
2022-06-27,07:00,JB Sentral,Woodlands CIQ,640
2022-06-27,08:00,JB Sentral,Woodlands CIQ,321
2022-06-27,08:00,Woodlands CIQ,JB Sentral,161
2022-06-27,09:00,Woodlands CIQ,JB Sentral,321
2022-06-27,10:00,JB Sentral,Woodlands CIQ,183
2022-06-27,11:00,JB Sentral,Woodlands CIQ,171
2022-06-27,11:00,Woodlands CIQ,JB Sentral,320
2022-06-27,12:00,JB Sentral,Woodlands CIQ,166
2022-06-27,12:00,Woodlands CIQ,JB Sentral,220
2022-06-27,13:00,Woodlands CIQ,JB Sentral,74
2022-06-27,14:00,JB Sentral,Woodlands CIQ,178
2022-06-27,15:00,JB Sentral,Woodlands CIQ,241
2022-06-27,15:00,Woodlands CIQ,JB Sentral,65
2022-06-27,16:00,JB Sentral,Woodlands CIQ,278
2022-06-27,16:00,Woodlands CIQ,JB Sentral,37
2022-06-27,17:00,JB Sentral,Woodlands CIQ,287
2022-06-27,17:00,Woodlands CIQ,JB Sentral,72
2022-06-27,18:00,Woodlands CIQ,JB Sentral,180
2022-06-27,19:00,JB Sentral,Woodlands CIQ,321
2022-06-27,20:00,JB Sentral,Woodlands CIQ,323
2022-06-27,20:00,Woodlands CIQ,JB Sentral,157
2022-06-27,21:00,JB Sentral,Woodlands CIQ,322
2022-06-27,21:00,Woodlands CIQ,JB Sentral,87
2022-06-27,22:00,JB Sentral,Woodlands CIQ,241
2022-06-27,22:00,Woodlands CIQ,JB Sentral,56
2022-06-27,23:00,Woodlands CIQ,JB Sentral,10
2022-06-28,05:00,JB Sentral,Woodlands CIQ,226
2022-06-28,06:00,JB Sentral,Woodlands CIQ,480
2022-06-28,07:00,JB Sentral,Woodlands CIQ,480
2022-06-28,08:00,JB Sentral,Woodlands CIQ,158
2022-06-28,08:00,Woodlands CIQ,JB Sentral,120
2022-06-28,09:00,Woodlands CIQ,JB Sentral,304
2022-06-28,10:00,JB Sentral,Woodlands CIQ,101
2022-06-28,11:00,JB Sentral,Woodlands CIQ,100
2022-06-28,11:00,Woodlands CIQ,JB Sentral,243
2022-06-28,12:00,JB Sentral,Woodlands CIQ,87
2022-06-28,12:00,Woodlands CIQ,JB Sentral,116
2022-06-28,13:00,Woodlands CIQ,JB Sentral,66
2022-06-28,14:00,JB Sentral,Woodlands CIQ,99
2022-06-28,15:00,JB Sentral,Woodlands CIQ,194
2022-06-28,15:00,Woodlands CIQ,JB Sentral,44
2022-06-28,16:00,JB Sentral,Woodlands CIQ,242
2022-06-28,16:00,Woodlands CIQ,JB Sentral,50
2022-06-28,17:00,JB Sentral,Woodlands CIQ,240
2022-06-28,17:00,Woodlands CIQ,JB Sentral,76
2022-06-28,18:00,Woodlands CIQ,JB Sentral,153
2022-06-28,19:00,JB Sentral,Woodlands CIQ,242
2022-06-28,20:00,JB Sentral,Woodlands CIQ,240
2022-06-28,20:00,Woodlands CIQ,JB Sentral,147
2022-06-28,21:00,JB Sentral,Woodlands CIQ,240
2022-06-28,21:00,Woodlands CIQ,JB Sentral,91
2022-06-28,22:00,JB Sentral,Woodlands CIQ,156
2022-06-28,22:00,Woodlands CIQ,JB Sentral,36
2022-06-28,23:00,Woodlands CIQ,JB Sentral,35
2022-06-29,05:00,JB Sentral,Woodlands CIQ,231
2022-06-29,06:00,JB Sentral,Woodlands CIQ,478
2022-06-29,07:00,JB Sentral,Woodlands CIQ,480
2022-06-29,08:00,JB Sentral,Woodlands CIQ,120
2022-06-29,08:00,Woodlands CIQ,JB Sentral,132
2022-06-29,09:00,Woodlands CIQ,JB Sentral,244
2022-06-29,10:00,JB Sentral,Woodlands CIQ,115
2022-06-29,11:00,JB Sentral,Woodlands CIQ,86
2022-06-29,11:00,Woodlands CIQ,JB Sentral,241
2022-06-29,12:00,JB Sentral,Woodlands CIQ,78
2022-06-29,12:00,Woodlands CIQ,JB Sentral,137
2022-06-29,13:00,Woodlands CIQ,JB Sentral,96
2022-06-29,14:00,JB Sentral,Woodlands CIQ,117
2022-06-29,15:00,JB Sentral,Woodlands CIQ,167
2022-06-29,15:00,Woodlands CIQ,JB Sentral,63
2022-06-29,16:00,JB Sentral,Woodlands CIQ,241
2022-06-29,16:00,Woodlands CIQ,JB Sentral,66
2022-06-29,17:00,JB Sentral,Woodlands CIQ,241
2022-06-29,17:00,Woodlands CIQ,JB Sentral,85
2022-06-29,18:00,Woodlands CIQ,JB Sentral,207
2022-06-29,19:00,JB Sentral,Woodlands CIQ,240
2022-06-29,20:00,JB Sentral,Woodlands CIQ,241
2022-06-29,20:00,Woodlands CIQ,JB Sentral,164
2022-06-29,21:00,JB Sentral,Woodlands CIQ,244
2022-06-29,21:00,Woodlands CIQ,JB Sentral,92
2022-06-29,22:00,JB Sentral,Woodlands CIQ,191
2022-06-29,22:00,Woodlands CIQ,JB Sentral,59
2022-06-29,23:00,Woodlands CIQ,JB Sentral,28
2022-06-30,05:00,JB Sentral,Woodlands CIQ,260
2022-06-30,06:00,JB Sentral,Woodlands CIQ,477
2022-06-30,07:00,JB Sentral,Woodlands CIQ,480
2022-06-30,08:00,JB Sentral,Woodlands CIQ,143
2022-06-30,08:00,Woodlands CIQ,JB Sentral,194
2022-06-30,09:00,Woodlands CIQ,JB Sentral,264
2022-06-30,10:00,JB Sentral,Woodlands CIQ,103
2022-06-30,11:00,JB Sentral,Woodlands CIQ,97
2022-06-30,11:00,Woodlands CIQ,JB Sentral,240
2022-06-30,12:00,JB Sentral,Woodlands CIQ,96
2022-06-30,12:00,Woodlands CIQ,JB Sentral,195
2022-06-30,13:00,Woodlands CIQ,JB Sentral,100
2022-06-30,14:00,JB Sentral,Woodlands CIQ,104
2022-06-30,15:00,JB Sentral,Woodlands CIQ,158
2022-06-30,15:00,Woodlands CIQ,JB Sentral,65
2022-06-30,16:00,JB Sentral,Woodlands CIQ,241
2022-06-30,16:00,Woodlands CIQ,JB Sentral,72
2022-06-30,17:00,JB Sentral,Woodlands CIQ,241
2022-06-30,17:00,Woodlands CIQ,JB Sentral,99
2022-06-30,18:00,Woodlands CIQ,JB Sentral,236
2022-06-30,19:00,JB Sentral,Woodlands CIQ,240
2022-06-30,20:00,JB Sentral,Woodlands CIQ,245
2022-06-30,20:00,Woodlands CIQ,JB Sentral,244
2022-06-30,21:00,JB Sentral,Woodlands CIQ,243
2022-06-30,21:00,Woodlands CIQ,JB Sentral,144
2022-06-30,22:00,JB Sentral,Woodlands CIQ,194
2022-06-30,22:00,Woodlands CIQ,JB Sentral,87
2022-06-30,23:00,Woodlands CIQ,JB Sentral,16
2022-07-01,05:00,JB Sentral,Woodlands CIQ,306
2022-07-01,06:00,JB Sentral,Woodlands CIQ,480
2022-07-01,07:00,JB Sentral,Woodlands CIQ,481
2022-07-01,08:00,JB Sentral,Woodlands CIQ,173
2022-07-01,08:00,Woodlands CIQ,JB Sentral,240
2022-07-01,09:00,Woodlands CIQ,JB Sentral,321
2022-07-01,10:00,JB Sentral,Woodlands CIQ,121
2022-07-01,11:00,JB Sentral,Woodlands CIQ,129
2022-07-01,11:00,Woodlands CIQ,JB Sentral,261
2022-07-01,12:00,JB Sentral,Woodlands CIQ,90
2022-07-01,12:00,Woodlands CIQ,JB Sentral,248
2022-07-01,13:00,Woodlands CIQ,JB Sentral,244
2022-07-01,14:00,JB Sentral,Woodlands CIQ,93
2022-07-01,15:00,JB Sentral,Woodlands CIQ,141
2022-07-01,15:00,Woodlands CIQ,JB Sentral,246
2022-07-01,16:00,JB Sentral,Woodlands CIQ,242
2022-07-01,16:00,Woodlands CIQ,JB Sentral,241
2022-07-01,17:00,JB Sentral,Woodlands CIQ,239
2022-07-01,17:00,Woodlands CIQ,JB Sentral,324
2022-07-01,18:00,Woodlands CIQ,JB Sentral,322
2022-07-01,19:00,JB Sentral,Woodlands CIQ,238
2022-07-01,20:00,JB Sentral,Woodlands CIQ,242
2022-07-01,20:00,Woodlands CIQ,JB Sentral,320
2022-07-01,21:00,JB Sentral,Woodlands CIQ,241
2022-07-01,21:00,Woodlands CIQ,JB Sentral,324
2022-07-01,22:00,JB Sentral,Woodlands CIQ,240
2022-07-01,22:00,Woodlands CIQ,JB Sentral,324
2022-07-01,23:00,Woodlands CIQ,JB Sentral,242
2022-07-02,05:00,JB Sentral,Woodlands CIQ,157
2022-07-02,06:00,JB Sentral,Woodlands CIQ,187
2022-07-02,07:00,JB Sentral,Woodlands CIQ,226
2022-07-02,08:00,JB Sentral,Woodlands CIQ,228
2022-07-02,08:00,Woodlands CIQ,JB Sentral,325
2022-07-02,09:00,Woodlands CIQ,JB Sentral,326
2022-07-02,10:00,JB Sentral,Woodlands CIQ,201
2022-07-02,11:00,JB Sentral,Woodlands CIQ,99
2022-07-02,11:00,Woodlands CIQ,JB Sentral,321
2022-07-02,12:00,JB Sentral,Woodlands CIQ,95
2022-07-02,12:00,Woodlands CIQ,JB Sentral,321
2022-07-02,13:00,Woodlands CIQ,JB Sentral,321
2022-07-02,14:00,JB Sentral,Woodlands CIQ,135
2022-07-02,15:00,JB Sentral,Woodlands CIQ,243
2022-07-02,15:00,Woodlands CIQ,JB Sentral,323
2022-07-02,16:00,JB Sentral,Woodlands CIQ,241
2022-07-02,16:00,Woodlands CIQ,JB Sentral,242
2022-07-02,17:00,JB Sentral,Woodlands CIQ,241
2022-07-02,17:00,Woodlands CIQ,JB Sentral,244
2022-07-02,18:00,Woodlands CIQ,JB Sentral,242
2022-07-02,19:00,JB Sentral,Woodlands CIQ,283
2022-07-02,20:00,JB Sentral,Woodlands CIQ,321
2022-07-02,20:00,Woodlands CIQ,JB Sentral,215
2022-07-02,21:00,JB Sentral,Woodlands CIQ,321
2022-07-02,21:00,Woodlands CIQ,JB Sentral,199
2022-07-02,22:00,JB Sentral,Woodlands CIQ,321
2022-07-02,22:00,Woodlands CIQ,JB Sentral,120
2022-07-02,23:00,Woodlands CIQ,JB Sentral,62
2022-07-03,05:00,JB Sentral,Woodlands CIQ,82
2022-07-03,06:00,JB Sentral,Woodlands CIQ,99
2022-07-03,07:00,JB Sentral,Woodlands CIQ,112
2022-07-03,08:00,JB Sentral,Woodlands CIQ,191
2022-07-03,08:00,Woodlands CIQ,JB Sentral,242
2022-07-03,09:00,Woodlands CIQ,JB Sentral,243
2022-07-03,10:00,JB Sentral,Woodlands CIQ,243
2022-07-03,11:00,JB Sentral,Woodlands CIQ,324
2022-07-03,11:00,Woodlands CIQ,JB Sentral,241
2022-07-03,12:00,JB Sentral,Woodlands CIQ,320
2022-07-03,12:00,Woodlands CIQ,JB Sentral,242
2022-07-03,13:00,Woodlands CIQ,JB Sentral,177
2022-07-03,14:00,JB Sentral,Woodlands CIQ,323
2022-07-03,15:00,JB Sentral,Woodlands CIQ,322
2022-07-03,15:00,Woodlands CIQ,JB Sentral,141
2022-07-03,16:00,JB Sentral,Woodlands CIQ,323
2022-07-03,16:00,Woodlands CIQ,JB Sentral,77
2022-07-03,17:00,JB Sentral,Woodlands CIQ,322
2022-07-03,17:00,Woodlands CIQ,JB Sentral,94
2022-07-03,18:00,Woodlands CIQ,JB Sentral,72
2022-07-03,19:00,JB Sentral,Woodlands CIQ,322
2022-07-03,20:00,JB Sentral,Woodlands CIQ,322
2022-07-03,20:00,Woodlands CIQ,JB Sentral,61
2022-07-03,21:00,JB Sentral,Woodlands CIQ,322
2022-07-03,21:00,Woodlands CIQ,JB Sentral,62
2022-07-03,22:00,JB Sentral,Woodlands CIQ,321
2022-07-03,22:00,Woodlands CIQ,JB Sentral,70
2022-07-03,23:00,Woodlands CIQ,JB Sentral,19
2022-07-04,05:00,JB Sentral,Woodlands CIQ,481
2022-07-04,06:00,JB Sentral,Woodlands CIQ,641
2022-07-04,07:00,JB Sentral,Woodlands CIQ,640
2022-07-04,08:00,JB Sentral,Woodlands CIQ,241
2022-07-04,08:00,Woodlands CIQ,JB Sentral,240
2022-07-04,09:00,Woodlands CIQ,JB Sentral,241
2022-07-04,10:00,JB Sentral,Woodlands CIQ,177
2022-07-04,11:00,JB Sentral,Woodlands CIQ,161
2022-07-04,11:00,Woodlands CIQ,JB Sentral,244
2022-07-04,12:00,JB Sentral,Woodlands CIQ,243
2022-07-04,12:00,Woodlands CIQ,JB Sentral,241
2022-07-04,13:00,Woodlands CIQ,JB Sentral,106
2022-07-04,14:00,JB Sentral,Woodlands CIQ,246
2022-07-04,15:00,JB Sentral,Woodlands CIQ,243
2022-07-04,15:00,Woodlands CIQ,JB Sentral,79
2022-07-04,16:00,JB Sentral,Woodlands CIQ,242
2022-07-04,16:00,Woodlands CIQ,JB Sentral,71
2022-07-04,17:00,JB Sentral,Woodlands CIQ,244
2022-07-04,17:00,Woodlands CIQ,JB Sentral,72
2022-07-04,18:00,Woodlands CIQ,JB Sentral,193
2022-07-04,19:00,JB Sentral,Woodlands CIQ,240
2022-07-04,20:00,JB Sentral,Woodlands CIQ,240
2022-07-04,20:00,Woodlands CIQ,JB Sentral,139
2022-07-04,21:00,JB Sentral,Woodlands CIQ,240
2022-07-04,21:00,Woodlands CIQ,JB Sentral,95
2022-07-04,22:00,JB Sentral,Woodlands CIQ,244
2022-07-04,22:00,Woodlands CIQ,JB Sentral,50
2022-07-04,23:00,Woodlands CIQ,JB Sentral,28
2022-07-05,05:00,JB Sentral,Woodlands CIQ,314
2022-07-05,06:00,JB Sentral,Woodlands CIQ,480
2022-07-05,07:00,JB Sentral,Woodlands CIQ,480
2022-07-05,08:00,JB Sentral,Woodlands CIQ,194
2022-07-05,08:00,Woodlands CIQ,JB Sentral,159
2022-07-05,09:00,Woodlands CIQ,JB Sentral,240
2022-07-05,10:00,JB Sentral,Woodlands CIQ,103
2022-07-05,11:00,JB Sentral,Woodlands CIQ,85
2022-07-05,11:00,Woodlands CIQ,JB Sentral,241
2022-07-05,12:00,JB Sentral,Woodlands CIQ,84
2022-07-05,12:00,Woodlands CIQ,JB Sentral,164
2022-07-05,13:00,Woodlands CIQ,JB Sentral,106
2022-07-05,14:00,JB Sentral,Woodlands CIQ,129
2022-07-05,15:00,JB Sentral,Woodlands CIQ,207
2022-07-05,15:00,Woodlands CIQ,JB Sentral,40
2022-07-05,16:00,JB Sentral,Woodlands CIQ,243
2022-07-05,16:00,Woodlands CIQ,JB Sentral,51
2022-07-05,17:00,JB Sentral,Woodlands CIQ,240
2022-07-05,17:00,Woodlands CIQ,JB Sentral,83
2022-07-05,18:00,Woodlands CIQ,JB Sentral,233
2022-07-05,19:00,JB Sentral,Woodlands CIQ,240
2022-07-05,20:00,JB Sentral,Woodlands CIQ,240
2022-07-05,20:00,Woodlands CIQ,JB Sentral,184
2022-07-05,21:00,JB Sentral,Woodlands CIQ,243
2022-07-05,21:00,Woodlands CIQ,JB Sentral,108
2022-07-05,22:00,JB Sentral,Woodlands CIQ,158
2022-07-05,22:00,Woodlands CIQ,JB Sentral,50
2022-07-05,23:00,Woodlands CIQ,JB Sentral,6
2022-07-06,05:00,JB Sentral,Woodlands CIQ,269
2022-07-06,06:00,JB Sentral,Woodlands CIQ,480
2022-07-06,07:00,JB Sentral,Woodlands CIQ,480
2022-07-06,08:00,JB Sentral,Woodlands CIQ,158
2022-07-06,08:00,Woodlands CIQ,JB Sentral,151
2022-07-06,09:00,Woodlands CIQ,JB Sentral,241
2022-07-06,10:00,JB Sentral,Woodlands CIQ,100
2022-07-06,11:00,JB Sentral,Woodlands CIQ,83
2022-07-06,11:00,Woodlands CIQ,JB Sentral,241
2022-07-06,12:00,JB Sentral,Woodlands CIQ,105
2022-07-06,12:00,Woodlands CIQ,JB Sentral,149
2022-07-06,13:00,Woodlands CIQ,JB Sentral,80
2022-07-06,14:00,JB Sentral,Woodlands CIQ,104
2022-07-06,15:00,JB Sentral,Woodlands CIQ,170
2022-07-06,15:00,Woodlands CIQ,JB Sentral,54
2022-07-06,16:00,JB Sentral,Woodlands CIQ,241
2022-07-06,16:00,Woodlands CIQ,JB Sentral,53
2022-07-06,17:00,JB Sentral,Woodlands CIQ,241
2022-07-06,17:00,Woodlands CIQ,JB Sentral,100
2022-07-06,18:00,Woodlands CIQ,JB Sentral,235
2022-07-06,19:00,JB Sentral,Woodlands CIQ,241
2022-07-06,20:00,JB Sentral,Woodlands CIQ,240
2022-07-06,20:00,Woodlands CIQ,JB Sentral,217
2022-07-06,21:00,JB Sentral,Woodlands CIQ,241
2022-07-06,21:00,Woodlands CIQ,JB Sentral,145
2022-07-06,22:00,JB Sentral,Woodlands CIQ,165
2022-07-06,22:00,Woodlands CIQ,JB Sentral,49
2022-07-06,23:00,Woodlands CIQ,JB Sentral,31
2022-07-07,05:00,JB Sentral,Woodlands CIQ,297
2022-07-07,06:00,JB Sentral,Woodlands CIQ,480
2022-07-07,07:00,JB Sentral,Woodlands CIQ,480
2022-07-07,08:00,JB Sentral,Woodlands CIQ,186
2022-07-07,08:00,Woodlands CIQ,JB Sentral,180
2022-07-07,09:00,Woodlands CIQ,JB Sentral,241
2022-07-07,10:00,JB Sentral,Woodlands CIQ,147
2022-07-07,11:00,JB Sentral,Woodlands CIQ,122
2022-07-07,11:00,Woodlands CIQ,JB Sentral,244
2022-07-07,12:00,JB Sentral,Woodlands CIQ,121
2022-07-07,12:00,Woodlands CIQ,JB Sentral,216
2022-07-07,13:00,Woodlands CIQ,JB Sentral,123
2022-07-07,14:00,JB Sentral,Woodlands CIQ,132
2022-07-07,15:00,JB Sentral,Woodlands CIQ,196
2022-07-07,15:00,Woodlands CIQ,JB Sentral,118
2022-07-07,16:00,JB Sentral,Woodlands CIQ,241
2022-07-07,16:00,Woodlands CIQ,JB Sentral,115
2022-07-07,17:00,JB Sentral,Woodlands CIQ,242
2022-07-07,17:00,Woodlands CIQ,JB Sentral,214
2022-07-07,18:00,Woodlands CIQ,JB Sentral,240
2022-07-07,19:00,JB Sentral,Woodlands CIQ,242
2022-07-07,20:00,JB Sentral,Woodlands CIQ,240
2022-07-07,20:00,Woodlands CIQ,JB Sentral,245
2022-07-07,21:00,JB Sentral,Woodlands CIQ,240
2022-07-07,21:00,Woodlands CIQ,JB Sentral,248
2022-07-07,22:00,JB Sentral,Woodlands CIQ,176
2022-07-07,22:00,Woodlands CIQ,JB Sentral,185
2022-07-07,23:00,Woodlands CIQ,JB Sentral,61
2022-07-08,05:00,JB Sentral,Woodlands CIQ,348
2022-07-08,06:00,JB Sentral,Woodlands CIQ,480
2022-07-08,07:00,JB Sentral,Woodlands CIQ,480
2022-07-08,08:00,JB Sentral,Woodlands CIQ,166
2022-07-08,08:00,Woodlands CIQ,JB Sentral,246
2022-07-08,09:00,Woodlands CIQ,JB Sentral,319
2022-07-08,10:00,JB Sentral,Woodlands CIQ,186
2022-07-08,11:00,JB Sentral,Woodlands CIQ,143
2022-07-08,11:00,Woodlands CIQ,JB Sentral,246
2022-07-08,12:00,JB Sentral,Woodlands CIQ,117
2022-07-08,12:00,Woodlands CIQ,JB Sentral,244
2022-07-08,13:00,Woodlands CIQ,JB Sentral,243
2022-07-08,14:00,JB Sentral,Woodlands CIQ,122
2022-07-08,15:00,JB Sentral,Woodlands CIQ,152
2022-07-08,15:00,Woodlands CIQ,JB Sentral,328
2022-07-08,16:00,JB Sentral,Woodlands CIQ,240
2022-07-08,16:00,Woodlands CIQ,JB Sentral,325
2022-07-08,17:00,JB Sentral,Woodlands CIQ,183
2022-07-08,17:00,Woodlands CIQ,JB Sentral,329
2022-07-08,18:00,Woodlands CIQ,JB Sentral,320
2022-07-08,19:00,JB Sentral,Woodlands CIQ,184
2022-07-08,20:00,JB Sentral,Woodlands CIQ,240
2022-07-08,20:00,Woodlands CIQ,JB Sentral,320
2022-07-08,21:00,JB Sentral,Woodlands CIQ,313
2022-07-08,21:00,Woodlands CIQ,JB Sentral,322
2022-07-08,22:00,JB Sentral,Woodlands CIQ,219
2022-07-08,22:00,Woodlands CIQ,JB Sentral,323
2022-07-08,23:00,Woodlands CIQ,JB Sentral,325
2022-07-09,05:00,JB Sentral,Woodlands CIQ,204
2022-07-09,06:00,JB Sentral,Woodlands CIQ,203
2022-07-09,07:00,JB Sentral,Woodlands CIQ,291
2022-07-09,08:00,JB Sentral,Woodlands CIQ,165
2022-07-09,08:00,Woodlands CIQ,JB Sentral,321
2022-07-09,09:00,Woodlands CIQ,JB Sentral,329
2022-07-09,10:00,JB Sentral,Woodlands CIQ,239
2022-07-09,11:00,JB Sentral,Woodlands CIQ,133
2022-07-09,11:00,Woodlands CIQ,JB Sentral,328
2022-07-09,12:00,JB Sentral,Woodlands CIQ,206
2022-07-09,12:00,Woodlands CIQ,JB Sentral,328
2022-07-09,13:00,Woodlands CIQ,JB Sentral,325
2022-07-09,14:00,JB Sentral,Woodlands CIQ,112
2022-07-09,15:00,JB Sentral,Woodlands CIQ,192
2022-07-09,15:00,Woodlands CIQ,JB Sentral,320
2022-07-09,16:00,JB Sentral,Woodlands CIQ,170
2022-07-09,16:00,Woodlands CIQ,JB Sentral,324
2022-07-09,17:00,JB Sentral,Woodlands CIQ,238
2022-07-09,17:00,Woodlands CIQ,JB Sentral,325
2022-07-09,18:00,Woodlands CIQ,JB Sentral,304
2022-07-09,19:00,JB Sentral,Woodlands CIQ,242
2022-07-09,20:00,JB Sentral,Woodlands CIQ,239
2022-07-09,20:00,Woodlands CIQ,JB Sentral,241
2022-07-09,21:00,JB Sentral,Woodlands CIQ,244
2022-07-09,21:00,Woodlands CIQ,JB Sentral,242
2022-07-09,22:00,JB Sentral,Woodlands CIQ,242
2022-07-09,22:00,Woodlands CIQ,JB Sentral,243
2022-07-09,23:00,Woodlands CIQ,JB Sentral,204
2022-07-10,05:00,JB Sentral,Woodlands CIQ,78
2022-07-10,06:00,JB Sentral,Woodlands CIQ,87
2022-07-10,07:00,JB Sentral,Woodlands CIQ,153
2022-07-10,08:00,JB Sentral,Woodlands CIQ,221
2022-07-10,08:00,Woodlands CIQ,JB Sentral,320
2022-07-10,09:00,Woodlands CIQ,JB Sentral,322
2022-07-10,10:00,JB Sentral,Woodlands CIQ,247
2022-07-10,11:00,JB Sentral,Woodlands CIQ,240
2022-07-10,11:00,Woodlands CIQ,JB Sentral,323
2022-07-10,12:00,JB Sentral,Woodlands CIQ,241
2022-07-10,12:00,Woodlands CIQ,JB Sentral,240
2022-07-10,13:00,Woodlands CIQ,JB Sentral,242
2022-07-10,14:00,JB Sentral,Woodlands CIQ,322
2022-07-10,15:00,JB Sentral,Woodlands CIQ,322
2022-07-10,15:00,Woodlands CIQ,JB Sentral,242
2022-07-10,16:00,JB Sentral,Woodlands CIQ,323
2022-07-10,16:00,Woodlands CIQ,JB Sentral,243
2022-07-10,17:00,JB Sentral,Woodlands CIQ,323
2022-07-10,17:00,Woodlands CIQ,JB Sentral,184
2022-07-10,18:00,Woodlands CIQ,JB Sentral,132
2022-07-10,19:00,JB Sentral,Woodlands CIQ,323
2022-07-10,20:00,JB Sentral,Woodlands CIQ,320
2022-07-10,20:00,Woodlands CIQ,JB Sentral,126
2022-07-10,21:00,JB Sentral,Woodlands CIQ,322
2022-07-10,21:00,Woodlands CIQ,JB Sentral,197
2022-07-10,22:00,JB Sentral,Woodlands CIQ,322
2022-07-10,22:00,Woodlands CIQ,JB Sentral,140
2022-07-10,23:00,Woodlands CIQ,JB Sentral,49
2022-07-11,05:00,JB Sentral,Woodlands CIQ,185
2022-07-11,06:00,JB Sentral,Woodlands CIQ,431
2022-07-11,07:00,JB Sentral,Woodlands CIQ,484
2022-07-11,08:00,JB Sentral,Woodlands CIQ,322
2022-07-11,08:00,Woodlands CIQ,JB Sentral,204
2022-07-11,09:00,Woodlands CIQ,JB Sentral,242
2022-07-11,10:00,JB Sentral,Woodlands CIQ,324
2022-07-11,11:00,JB Sentral,Woodlands CIQ,326
2022-07-11,11:00,Woodlands CIQ,JB Sentral,241
2022-07-11,12:00,JB Sentral,Woodlands CIQ,326
2022-07-11,12:00,Woodlands CIQ,JB Sentral,205
2022-07-11,13:00,Woodlands CIQ,JB Sentral,118
2022-07-11,14:00,JB Sentral,Woodlands CIQ,322
2022-07-11,15:00,JB Sentral,Woodlands CIQ,325
2022-07-11,15:00,Woodlands CIQ,JB Sentral,145
2022-07-11,16:00,JB Sentral,Woodlands CIQ,330
2022-07-11,16:00,Woodlands CIQ,JB Sentral,119
2022-07-11,17:00,JB Sentral,Woodlands CIQ,327
2022-07-11,17:00,Woodlands CIQ,JB Sentral,110
2022-07-11,18:00,Woodlands CIQ,JB Sentral,93
2022-07-11,19:00,JB Sentral,Woodlands CIQ,323
2022-07-11,20:00,JB Sentral,Woodlands CIQ,326
2022-07-11,20:00,Woodlands CIQ,JB Sentral,69
2022-07-11,21:00,JB Sentral,Woodlands CIQ,321
2022-07-11,21:00,Woodlands CIQ,JB Sentral,73
2022-07-11,22:00,JB Sentral,Woodlands CIQ,322
2022-07-11,22:00,Woodlands CIQ,JB Sentral,55
2022-07-11,23:00,Woodlands CIQ,JB Sentral,16
2022-07-12,05:00,JB Sentral,Woodlands CIQ,480
2022-07-12,06:00,JB Sentral,Woodlands CIQ,641
2022-07-12,07:00,JB Sentral,Woodlands CIQ,640
2022-07-12,08:00,JB Sentral,Woodlands CIQ,242
2022-07-12,08:00,Woodlands CIQ,JB Sentral,107
2022-07-12,09:00,Woodlands CIQ,JB Sentral,240
2022-07-12,10:00,JB Sentral,Woodlands CIQ,242
2022-07-12,11:00,JB Sentral,Woodlands CIQ,243
2022-07-12,11:00,Woodlands CIQ,JB Sentral,242
2022-07-12,12:00,JB Sentral,Woodlands CIQ,174
2022-07-12,12:00,Woodlands CIQ,JB Sentral,122
2022-07-12,13:00,Woodlands CIQ,JB Sentral,82
2022-07-12,14:00,JB Sentral,Woodlands CIQ,247
2022-07-12,15:00,JB Sentral,Woodlands CIQ,249
2022-07-12,15:00,Woodlands CIQ,JB Sentral,64
2022-07-12,16:00,JB Sentral,Woodlands CIQ,242
2022-07-12,16:00,Woodlands CIQ,JB Sentral,48
2022-07-12,17:00,JB Sentral,Woodlands CIQ,245
2022-07-12,17:00,Woodlands CIQ,JB Sentral,93
2022-07-12,18:00,Woodlands CIQ,JB Sentral,215
2022-07-12,19:00,JB Sentral,Woodlands CIQ,242
2022-07-12,20:00,JB Sentral,Woodlands CIQ,242
2022-07-12,20:00,Woodlands CIQ,JB Sentral,187
2022-07-12,21:00,JB Sentral,Woodlands CIQ,242
2022-07-12,21:00,Woodlands CIQ,JB Sentral,96
2022-07-12,22:00,JB Sentral,Woodlands CIQ,242
2022-07-12,22:00,Woodlands CIQ,JB Sentral,54
2022-07-12,23:00,Woodlands CIQ,JB Sentral,10
2022-07-13,05:00,JB Sentral,Woodlands CIQ,328
2022-07-13,06:00,JB Sentral,Woodlands CIQ,480
2022-07-13,07:00,JB Sentral,Woodlands CIQ,480
2022-07-13,08:00,JB Sentral,Woodlands CIQ,184
2022-07-13,08:00,Woodlands CIQ,JB Sentral,127
2022-07-13,09:00,Woodlands CIQ,JB Sentral,241
2022-07-13,10:00,JB Sentral,Woodlands CIQ,116
2022-07-13,11:00,JB Sentral,Woodlands CIQ,106
2022-07-13,11:00,Woodlands CIQ,JB Sentral,242
2022-07-13,12:00,JB Sentral,Woodlands CIQ,104
2022-07-13,12:00,Woodlands CIQ,JB Sentral,141
2022-07-13,13:00,Woodlands CIQ,JB Sentral,109
2022-07-13,14:00,JB Sentral,Woodlands CIQ,139
2022-07-13,15:00,JB Sentral,Woodlands CIQ,203
2022-07-13,15:00,Woodlands CIQ,JB Sentral,89
2022-07-13,16:00,JB Sentral,Woodlands CIQ,243
2022-07-13,16:00,Woodlands CIQ,JB Sentral,63
2022-07-13,17:00,JB Sentral,Woodlands CIQ,242
2022-07-13,17:00,Woodlands CIQ,JB Sentral,106
2022-07-13,18:00,Woodlands CIQ,JB Sentral,239
2022-07-13,19:00,JB Sentral,Woodlands CIQ,242
2022-07-13,20:00,JB Sentral,Woodlands CIQ,242
2022-07-13,20:00,Woodlands CIQ,JB Sentral,187
2022-07-13,21:00,JB Sentral,Woodlands CIQ,240
2022-07-13,21:00,Woodlands CIQ,JB Sentral,134
2022-07-13,22:00,JB Sentral,Woodlands CIQ,176
2022-07-13,22:00,Woodlands CIQ,JB Sentral,96
2022-07-13,23:00,Woodlands CIQ,JB Sentral,25
2022-07-14,05:00,JB Sentral,Woodlands CIQ,322
2022-07-14,06:00,JB Sentral,Woodlands CIQ,480
2022-07-14,07:00,JB Sentral,Woodlands CIQ,480
2022-07-14,08:00,JB Sentral,Woodlands CIQ,213
2022-07-14,08:00,Woodlands CIQ,JB Sentral,241
2022-07-14,09:00,Woodlands CIQ,JB Sentral,241
2022-07-14,10:00,JB Sentral,Woodlands CIQ,131
2022-07-14,11:00,JB Sentral,Woodlands CIQ,108
2022-07-14,11:00,Woodlands CIQ,JB Sentral,242
2022-07-14,12:00,JB Sentral,Woodlands CIQ,115
2022-07-14,12:00,Woodlands CIQ,JB Sentral,222
2022-07-14,13:00,Woodlands CIQ,JB Sentral,110
2022-07-14,14:00,JB Sentral,Woodlands CIQ,148
2022-07-14,15:00,JB Sentral,Woodlands CIQ,163
2022-07-14,15:00,Woodlands CIQ,JB Sentral,55
2022-07-14,16:00,JB Sentral,Woodlands CIQ,237
2022-07-14,16:00,Woodlands CIQ,JB Sentral,92
2022-07-14,17:00,JB Sentral,Woodlands CIQ,245
2022-07-14,17:00,Woodlands CIQ,JB Sentral,149
2022-07-14,18:00,Woodlands CIQ,JB Sentral,242
2022-07-14,19:00,JB Sentral,Woodlands CIQ,242
2022-07-14,20:00,JB Sentral,Woodlands CIQ,241
2022-07-14,20:00,Woodlands CIQ,JB Sentral,241
2022-07-14,21:00,JB Sentral,Woodlands CIQ,242
2022-07-14,21:00,Woodlands CIQ,JB Sentral,200
2022-07-14,22:00,JB Sentral,Woodlands CIQ,203
2022-07-14,22:00,Woodlands CIQ,JB Sentral,92
2022-07-14,23:00,Woodlands CIQ,JB Sentral,34
2022-07-15,05:00,JB Sentral,Woodlands CIQ,347
2022-07-15,06:00,JB Sentral,Woodlands CIQ,480
2022-07-15,07:00,JB Sentral,Woodlands CIQ,480
2022-07-15,08:00,JB Sentral,Woodlands CIQ,173
2022-07-15,08:00,Woodlands CIQ,JB Sentral,243
2022-07-15,09:00,Woodlands CIQ,JB Sentral,243
2022-07-15,10:00,JB Sentral,Woodlands CIQ,178
2022-07-15,11:00,JB Sentral,Woodlands CIQ,145
2022-07-15,11:00,Woodlands CIQ,JB Sentral,248
2022-07-15,12:00,JB Sentral,Woodlands CIQ,96
2022-07-15,12:00,Woodlands CIQ,JB Sentral,247
2022-07-15,13:00,Woodlands CIQ,JB Sentral,244
2022-07-15,14:00,JB Sentral,Woodlands CIQ,104
2022-07-15,15:00,JB Sentral,Woodlands CIQ,192
2022-07-15,15:00,Woodlands CIQ,JB Sentral,244
2022-07-15,16:00,JB Sentral,Woodlands CIQ,210
2022-07-15,16:00,Woodlands CIQ,JB Sentral,244
2022-07-15,17:00,JB Sentral,Woodlands CIQ,224
2022-07-15,17:00,Woodlands CIQ,JB Sentral,327
2022-07-15,18:00,Woodlands CIQ,JB Sentral,319
2022-07-15,19:00,JB Sentral,Woodlands CIQ,238
2022-07-15,20:00,JB Sentral,Woodlands CIQ,323
2022-07-15,20:00,Woodlands CIQ,JB Sentral,321
2022-07-15,21:00,JB Sentral,Woodlands CIQ,241
2022-07-15,21:00,Woodlands CIQ,JB Sentral,322
2022-07-15,22:00,JB Sentral,Woodlands CIQ,212
2022-07-15,22:00,Woodlands CIQ,JB Sentral,322
2022-07-15,23:00,Woodlands CIQ,JB Sentral,244
2022-07-16,05:00,JB Sentral,Woodlands CIQ,161
2022-07-16,06:00,JB Sentral,Woodlands CIQ,210
2022-07-16,07:00,JB Sentral,Woodlands CIQ,284
2022-07-16,08:00,JB Sentral,Woodlands CIQ,165
2022-07-16,08:00,Woodlands CIQ,JB Sentral,324
2022-07-16,09:00,Woodlands CIQ,JB Sentral,323
2022-07-16,10:00,JB Sentral,Woodlands CIQ,160
2022-07-16,11:00,JB Sentral,Woodlands CIQ,143
2022-07-16,11:00,Woodlands CIQ,JB Sentral,323
2022-07-16,12:00,JB Sentral,Woodlands CIQ,104
2022-07-16,12:00,Woodlands CIQ,JB Sentral,322
2022-07-16,13:00,Woodlands CIQ,JB Sentral,321
2022-07-16,14:00,JB Sentral,Woodlands CIQ,153
2022-07-16,15:00,JB Sentral,Woodlands CIQ,314
2022-07-16,15:00,Woodlands CIQ,JB Sentral,323
2022-07-16,16:00,JB Sentral,Woodlands CIQ,242
2022-07-16,16:00,Woodlands CIQ,JB Sentral,247
2022-07-16,17:00,JB Sentral,Woodlands CIQ,246
2022-07-16,17:00,Woodlands CIQ,JB Sentral,244
2022-07-16,18:00,Woodlands CIQ,JB Sentral,240
2022-07-16,19:00,JB Sentral,Woodlands CIQ,241
2022-07-16,20:00,JB Sentral,Woodlands CIQ,322
2022-07-16,20:00,Woodlands CIQ,JB Sentral,167
2022-07-16,21:00,JB Sentral,Woodlands CIQ,320
2022-07-16,21:00,Woodlands CIQ,JB Sentral,139
2022-07-16,22:00,JB Sentral,Woodlands CIQ,323
2022-07-16,22:00,Woodlands CIQ,JB Sentral,113
2022-07-16,23:00,Woodlands CIQ,JB Sentral,54
2022-07-17,05:00,JB Sentral,Woodlands CIQ,82
2022-07-17,06:00,JB Sentral,Woodlands CIQ,80
2022-07-17,07:00,JB Sentral,Woodlands CIQ,165
2022-07-17,08:00,JB Sentral,Woodlands CIQ,245
2022-07-17,08:00,Woodlands CIQ,JB Sentral,244
2022-07-17,09:00,Woodlands CIQ,JB Sentral,241
2022-07-17,10:00,JB Sentral,Woodlands CIQ,245
2022-07-17,11:00,JB Sentral,Woodlands CIQ,247
2022-07-17,11:00,Woodlands CIQ,JB Sentral,240
2022-07-17,12:00,JB Sentral,Woodlands CIQ,324
2022-07-17,12:00,Woodlands CIQ,JB Sentral,242
2022-07-17,13:00,Woodlands CIQ,JB Sentral,141
2022-07-17,14:00,JB Sentral,Woodlands CIQ,327
2022-07-17,15:00,JB Sentral,Woodlands CIQ,324
2022-07-17,15:00,Woodlands CIQ,JB Sentral,101
2022-07-17,16:00,JB Sentral,Woodlands CIQ,323
2022-07-17,16:00,Woodlands CIQ,JB Sentral,104
2022-07-17,17:00,JB Sentral,Woodlands CIQ,324
2022-07-17,17:00,Woodlands CIQ,JB Sentral,64
2022-07-17,18:00,Woodlands CIQ,JB Sentral,94
2022-07-17,19:00,JB Sentral,Woodlands CIQ,321
2022-07-17,20:00,JB Sentral,Woodlands CIQ,323
2022-07-17,20:00,Woodlands CIQ,JB Sentral,63
2022-07-17,21:00,JB Sentral,Woodlands CIQ,321
2022-07-17,21:00,Woodlands CIQ,JB Sentral,73
2022-07-17,22:00,JB Sentral,Woodlands CIQ,321
2022-07-17,22:00,Woodlands CIQ,JB Sentral,60
2022-07-17,23:00,Woodlands CIQ,JB Sentral,25
2022-07-18,05:00,JB Sentral,Woodlands CIQ,481
2022-07-18,06:00,JB Sentral,Woodlands CIQ,640
2022-07-18,07:00,JB Sentral,Woodlands CIQ,640
2022-07-18,08:00,JB Sentral,Woodlands CIQ,241
2022-07-18,08:00,Woodlands CIQ,JB Sentral,239
2022-07-18,09:00,Woodlands CIQ,JB Sentral,240
2022-07-18,10:00,JB Sentral,Woodlands CIQ,234
2022-07-18,11:00,JB Sentral,Woodlands CIQ,145
2022-07-18,11:00,Woodlands CIQ,JB Sentral,240
2022-07-18,12:00,JB Sentral,Woodlands CIQ,166
2022-07-18,12:00,Woodlands CIQ,JB Sentral,241
2022-07-18,13:00,Woodlands CIQ,JB Sentral,98
2022-07-18,14:00,JB Sentral,Woodlands CIQ,210
2022-07-18,15:00,JB Sentral,Woodlands CIQ,245
2022-07-18,15:00,Woodlands CIQ,JB Sentral,60
2022-07-18,16:00,JB Sentral,Woodlands CIQ,245
2022-07-18,16:00,Woodlands CIQ,JB Sentral,72
2022-07-18,17:00,JB Sentral,Woodlands CIQ,242
2022-07-18,17:00,Woodlands CIQ,JB Sentral,118
2022-07-18,18:00,Woodlands CIQ,JB Sentral,233
2022-07-18,19:00,JB Sentral,Woodlands CIQ,242
2022-07-18,20:00,JB Sentral,Woodlands CIQ,242
2022-07-18,20:00,Woodlands CIQ,JB Sentral,170
2022-07-18,21:00,JB Sentral,Woodlands CIQ,241
2022-07-18,21:00,Woodlands CIQ,JB Sentral,123
2022-07-18,22:00,JB Sentral,Woodlands CIQ,242
2022-07-18,22:00,Woodlands CIQ,JB Sentral,57
2022-07-18,23:00,Woodlands CIQ,JB Sentral,16
2022-07-19,05:00,JB Sentral,Woodlands CIQ,308
2022-07-19,06:00,JB Sentral,Woodlands CIQ,480
2022-07-19,07:00,JB Sentral,Woodlands CIQ,480
2022-07-19,08:00,JB Sentral,Woodlands CIQ,205
2022-07-19,08:00,Woodlands CIQ,JB Sentral,164
2022-07-19,09:00,Woodlands CIQ,JB Sentral,241
2022-07-19,10:00,JB Sentral,Woodlands CIQ,121
2022-07-19,11:00,JB Sentral,Woodlands CIQ,109
2022-07-19,11:00,Woodlands CIQ,JB Sentral,241
2022-07-19,12:00,JB Sentral,Woodlands CIQ,94
2022-07-19,12:00,Woodlands CIQ,JB Sentral,130
2022-07-19,13:00,Woodlands CIQ,JB Sentral,80
2022-07-19,14:00,JB Sentral,Woodlands CIQ,138
2022-07-19,15:00,JB Sentral,Woodlands CIQ,213
2022-07-19,15:00,Woodlands CIQ,JB Sentral,63
2022-07-19,16:00,JB Sentral,Woodlands CIQ,242
2022-07-19,16:00,Woodlands CIQ,JB Sentral,40
2022-07-19,17:00,JB Sentral,Woodlands CIQ,240
2022-07-19,17:00,Woodlands CIQ,JB Sentral,88
2022-07-19,18:00,Woodlands CIQ,JB Sentral,240
2022-07-19,19:00,JB Sentral,Woodlands CIQ,241
2022-07-19,20:00,JB Sentral,Woodlands CIQ,241
2022-07-19,20:00,Woodlands CIQ,JB Sentral,185
2022-07-19,21:00,JB Sentral,Woodlands CIQ,242
2022-07-19,21:00,Woodlands CIQ,JB Sentral,86
2022-07-19,22:00,JB Sentral,Woodlands CIQ,171
2022-07-19,22:00,Woodlands CIQ,JB Sentral,44
2022-07-19,23:00,Woodlands CIQ,JB Sentral,9
2022-07-20,05:00,JB Sentral,Woodlands CIQ,310
2022-07-20,06:00,JB Sentral,Woodlands CIQ,481
2022-07-20,07:00,JB Sentral,Woodlands CIQ,480
2022-07-20,08:00,JB Sentral,Woodlands CIQ,174
2022-07-20,08:00,Woodlands CIQ,JB Sentral,135
2022-07-20,09:00,Woodlands CIQ,JB Sentral,240
2022-07-20,10:00,JB Sentral,Woodlands CIQ,107
2022-07-20,11:00,JB Sentral,Woodlands CIQ,89
2022-07-20,11:00,Woodlands CIQ,JB Sentral,241
2022-07-20,12:00,JB Sentral,Woodlands CIQ,115
2022-07-20,12:00,Woodlands CIQ,JB Sentral,150
2022-07-20,13:00,Woodlands CIQ,JB Sentral,72
2022-07-20,14:00,JB Sentral,Woodlands CIQ,117
2022-07-20,15:00,JB Sentral,Woodlands CIQ,167
2022-07-20,15:00,Woodlands CIQ,JB Sentral,52
2022-07-20,16:00,JB Sentral,Woodlands CIQ,240
2022-07-20,16:00,Woodlands CIQ,JB Sentral,60
2022-07-20,17:00,JB Sentral,Woodlands CIQ,240
2022-07-20,17:00,Woodlands CIQ,JB Sentral,88
2022-07-20,18:00,Woodlands CIQ,JB Sentral,236
2022-07-20,19:00,JB Sentral,Woodlands CIQ,240
2022-07-20,20:00,JB Sentral,Woodlands CIQ,240
2022-07-20,20:00,Woodlands CIQ,JB Sentral,218
2022-07-20,21:00,JB Sentral,Woodlands CIQ,240
2022-07-20,21:00,Woodlands CIQ,JB Sentral,117
2022-07-20,22:00,JB Sentral,Woodlands CIQ,145
2022-07-20,22:00,Woodlands CIQ,JB Sentral,68
2022-07-20,23:00,Woodlands CIQ,JB Sentral,22
2022-07-21,05:00,JB Sentral,Woodlands CIQ,315
2022-07-21,06:00,JB Sentral,Woodlands CIQ,480
2022-07-21,07:00,JB Sentral,Woodlands CIQ,480
2022-07-21,08:00,JB Sentral,Woodlands CIQ,187
2022-07-21,08:00,Woodlands CIQ,JB Sentral,212
2022-07-21,09:00,Woodlands CIQ,JB Sentral,242
2022-07-21,10:00,JB Sentral,Woodlands CIQ,124
2022-07-21,11:00,JB Sentral,Woodlands CIQ,92
2022-07-21,11:00,Woodlands CIQ,JB Sentral,243
2022-07-21,12:00,JB Sentral,Woodlands CIQ,102
2022-07-21,12:00,Woodlands CIQ,JB Sentral,243
2022-07-21,13:00,Woodlands CIQ,JB Sentral,120
2022-07-21,14:00,JB Sentral,Woodlands CIQ,115
2022-07-21,15:00,JB Sentral,Woodlands CIQ,188
2022-07-21,15:00,Woodlands CIQ,JB Sentral,56
2022-07-21,16:00,JB Sentral,Woodlands CIQ,241
2022-07-21,16:00,Woodlands CIQ,JB Sentral,65
2022-07-21,17:00,JB Sentral,Woodlands CIQ,242
2022-07-21,17:00,Woodlands CIQ,JB Sentral,152
2022-07-21,18:00,Woodlands CIQ,JB Sentral,240
2022-07-21,19:00,JB Sentral,Woodlands CIQ,241
2022-07-21,20:00,JB Sentral,Woodlands CIQ,241
2022-07-21,20:00,Woodlands CIQ,JB Sentral,241
2022-07-21,21:00,JB Sentral,Woodlands CIQ,243
2022-07-21,21:00,Woodlands CIQ,JB Sentral,231
2022-07-21,22:00,JB Sentral,Woodlands CIQ,147
2022-07-21,22:00,Woodlands CIQ,JB Sentral,118
2022-07-21,23:00,Woodlands CIQ,JB Sentral,32
2022-07-22,05:00,JB Sentral,Woodlands CIQ,382
2022-07-22,06:00,JB Sentral,Woodlands CIQ,480
2022-07-22,07:00,JB Sentral,Woodlands CIQ,480
2022-07-22,08:00,JB Sentral,Woodlands CIQ,195
2022-07-22,08:00,Woodlands CIQ,JB Sentral,240
2022-07-22,09:00,Woodlands CIQ,JB Sentral,245
2022-07-22,10:00,JB Sentral,Woodlands CIQ,170
2022-07-22,11:00,JB Sentral,Woodlands CIQ,87
2022-07-22,11:00,Woodlands CIQ,JB Sentral,241
2022-07-22,12:00,JB Sentral,Woodlands CIQ,102
2022-07-22,12:00,Woodlands CIQ,JB Sentral,245
2022-07-22,13:00,Woodlands CIQ,JB Sentral,247
2022-07-22,14:00,JB Sentral,Woodlands CIQ,142
2022-07-22,15:00,JB Sentral,Woodlands CIQ,124
2022-07-22,15:00,Woodlands CIQ,JB Sentral,242
2022-07-22,16:00,JB Sentral,Woodlands CIQ,239
2022-07-22,16:00,Woodlands CIQ,JB Sentral,245
2022-07-22,17:00,JB Sentral,Woodlands CIQ,242
2022-07-22,17:00,Woodlands CIQ,JB Sentral,243
2022-07-22,18:00,Woodlands CIQ,JB Sentral,241
2022-07-22,19:00,JB Sentral,Woodlands CIQ,244
2022-07-22,20:00,JB Sentral,Woodlands CIQ,240
2022-07-22,20:00,Woodlands CIQ,JB Sentral,240
2022-07-22,21:00,JB Sentral,Woodlands CIQ,240
2022-07-22,21:00,Woodlands CIQ,JB Sentral,246
2022-07-22,22:00,JB Sentral,Woodlands CIQ,241
2022-07-22,22:00,Woodlands CIQ,JB Sentral,244
2022-07-22,23:00,Woodlands CIQ,JB Sentral,244
2022-07-23,05:00,JB Sentral,Woodlands CIQ,182
2022-07-23,06:00,JB Sentral,Woodlands CIQ,247
2022-07-23,07:00,JB Sentral,Woodlands CIQ,274
2022-07-23,08:00,JB Sentral,Woodlands CIQ,203
2022-07-23,08:00,Woodlands CIQ,JB Sentral,242
2022-07-23,09:00,Woodlands CIQ,JB Sentral,240
2022-07-23,10:00,JB Sentral,Woodlands CIQ,202
2022-07-23,11:00,JB Sentral,Woodlands CIQ,146
2022-07-23,11:00,Woodlands CIQ,JB Sentral,237
2022-07-23,12:00,JB Sentral,Woodlands CIQ,119
2022-07-23,12:00,Woodlands CIQ,JB Sentral,241
2022-07-23,13:00,Woodlands CIQ,JB Sentral,245
2022-07-23,14:00,JB Sentral,Woodlands CIQ,142
2022-07-23,15:00,JB Sentral,Woodlands CIQ,243
2022-07-23,15:00,Woodlands CIQ,JB Sentral,245
2022-07-23,16:00,JB Sentral,Woodlands CIQ,242
2022-07-23,16:00,Woodlands CIQ,JB Sentral,244
2022-07-23,17:00,JB Sentral,Woodlands CIQ,241
2022-07-23,17:00,Woodlands CIQ,JB Sentral,244
2022-07-23,18:00,Woodlands CIQ,JB Sentral,243
2022-07-23,19:00,JB Sentral,Woodlands CIQ,242
2022-07-23,20:00,JB Sentral,Woodlands CIQ,243
2022-07-23,20:00,Woodlands CIQ,JB Sentral,241
2022-07-23,21:00,JB Sentral,Woodlands CIQ,241
2022-07-23,21:00,Woodlands CIQ,JB Sentral,163
2022-07-23,22:00,JB Sentral,Woodlands CIQ,241
2022-07-23,22:00,Woodlands CIQ,JB Sentral,120
2022-07-23,23:00,Woodlands CIQ,JB Sentral,56
2022-07-24,05:00,JB Sentral,Woodlands CIQ,107
2022-07-24,06:00,JB Sentral,Woodlands CIQ,113
2022-07-24,07:00,JB Sentral,Woodlands CIQ,184
2022-07-24,08:00,JB Sentral,Woodlands CIQ,241
2022-07-24,08:00,Woodlands CIQ,JB Sentral,240
2022-07-24,09:00,Woodlands CIQ,JB Sentral,241
2022-07-24,10:00,JB Sentral,Woodlands CIQ,241
2022-07-24,11:00,JB Sentral,Woodlands CIQ,245
2022-07-24,11:00,Woodlands CIQ,JB Sentral,240
2022-07-24,12:00,JB Sentral,Woodlands CIQ,242
2022-07-24,12:00,Woodlands CIQ,JB Sentral,240
2022-07-24,13:00,Woodlands CIQ,JB Sentral,161
2022-07-24,14:00,JB Sentral,Woodlands CIQ,245
2022-07-24,15:00,JB Sentral,Woodlands CIQ,243
2022-07-24,15:00,Woodlands CIQ,JB Sentral,88
2022-07-24,16:00,JB Sentral,Woodlands CIQ,242
2022-07-24,16:00,Woodlands CIQ,JB Sentral,72
2022-07-24,17:00,JB Sentral,Woodlands CIQ,242
2022-07-24,17:00,Woodlands CIQ,JB Sentral,72
2022-07-24,18:00,Woodlands CIQ,JB Sentral,110
2022-07-24,19:00,JB Sentral,Woodlands CIQ,241
2022-07-24,20:00,JB Sentral,Woodlands CIQ,242
2022-07-24,20:00,Woodlands CIQ,JB Sentral,51
2022-07-24,21:00,JB Sentral,Woodlands CIQ,242
2022-07-24,21:00,Woodlands CIQ,JB Sentral,54
2022-07-24,22:00,JB Sentral,Woodlands CIQ,241
2022-07-24,22:00,Woodlands CIQ,JB Sentral,54
2022-07-24,23:00,Woodlands CIQ,JB Sentral,32
2022-07-25,05:00,JB Sentral,Woodlands CIQ,474
2022-07-25,06:00,JB Sentral,Woodlands CIQ,480
2022-07-25,07:00,JB Sentral,Woodlands CIQ,480
2022-07-25,08:00,JB Sentral,Woodlands CIQ,241
2022-07-25,08:00,Woodlands CIQ,JB Sentral,237
2022-07-25,09:00,Woodlands CIQ,JB Sentral,240
2022-07-25,10:00,JB Sentral,Woodlands CIQ,240
2022-07-25,11:00,JB Sentral,Woodlands CIQ,190
2022-07-25,11:00,Woodlands CIQ,JB Sentral,244
2022-07-25,12:00,JB Sentral,Woodlands CIQ,157
2022-07-25,12:00,Woodlands CIQ,JB Sentral,206
2022-07-25,13:00,Woodlands CIQ,JB Sentral,113
2022-07-25,14:00,JB Sentral,Woodlands CIQ,201
2022-07-25,15:00,JB Sentral,Woodlands CIQ,241
2022-07-25,15:00,Woodlands CIQ,JB Sentral,88
2022-07-25,16:00,JB Sentral,Woodlands CIQ,244
2022-07-25,16:00,Woodlands CIQ,JB Sentral,69
2022-07-25,17:00,JB Sentral,Woodlands CIQ,244
2022-07-25,17:00,Woodlands CIQ,JB Sentral,76
2022-07-25,18:00,Woodlands CIQ,JB Sentral,223
2022-07-25,19:00,JB Sentral,Woodlands CIQ,241
2022-07-25,20:00,JB Sentral,Woodlands CIQ,241
2022-07-25,20:00,Woodlands CIQ,JB Sentral,168
2022-07-25,21:00,JB Sentral,Woodlands CIQ,243
2022-07-25,21:00,Woodlands CIQ,JB Sentral,129
2022-07-25,22:00,JB Sentral,Woodlands CIQ,213
2022-07-25,22:00,Woodlands CIQ,JB Sentral,47
2022-07-25,23:00,Woodlands CIQ,JB Sentral,16
2022-07-26,05:00,JB Sentral,Woodlands CIQ,333
2022-07-26,06:00,JB Sentral,Woodlands CIQ,480
2022-07-26,07:00,JB Sentral,Woodlands CIQ,480
2022-07-26,08:00,JB Sentral,Woodlands CIQ,224
2022-07-26,08:00,Woodlands CIQ,JB Sentral,189
2022-07-26,09:00,Woodlands CIQ,JB Sentral,241
2022-07-26,10:00,JB Sentral,Woodlands CIQ,138
2022-07-26,11:00,JB Sentral,Woodlands CIQ,118
2022-07-26,11:00,Woodlands CIQ,JB Sentral,240
2022-07-26,12:00,JB Sentral,Woodlands CIQ,92
2022-07-26,12:00,Woodlands CIQ,JB Sentral,154
2022-07-26,13:00,Woodlands CIQ,JB Sentral,98
2022-07-26,14:00,JB Sentral,Woodlands CIQ,122
2022-07-26,15:00,JB Sentral,Woodlands CIQ,229
2022-07-26,15:00,Woodlands CIQ,JB Sentral,70
2022-07-26,16:00,JB Sentral,Woodlands CIQ,240
2022-07-26,16:00,Woodlands CIQ,JB Sentral,63
2022-07-26,17:00,JB Sentral,Woodlands CIQ,241
2022-07-26,17:00,Woodlands CIQ,JB Sentral,106
2022-07-26,18:00,Woodlands CIQ,JB Sentral,222
2022-07-26,19:00,JB Sentral,Woodlands CIQ,240
2022-07-26,20:00,JB Sentral,Woodlands CIQ,240
2022-07-26,20:00,Woodlands CIQ,JB Sentral,216
2022-07-26,21:00,JB Sentral,Woodlands CIQ,240
2022-07-26,21:00,Woodlands CIQ,JB Sentral,104
2022-07-26,22:00,JB Sentral,Woodlands CIQ,240
2022-07-26,22:00,Woodlands CIQ,JB Sentral,43
2022-07-26,23:00,Woodlands CIQ,JB Sentral,25
2022-07-27,05:00,JB Sentral,Woodlands CIQ,338
2022-07-27,06:00,JB Sentral,Woodlands CIQ,480
2022-07-27,07:00,JB Sentral,Woodlands CIQ,481
2022-07-27,08:00,JB Sentral,Woodlands CIQ,178
2022-07-27,08:00,Woodlands CIQ,JB Sentral,166
2022-07-27,09:00,Woodlands CIQ,JB Sentral,242
2022-07-27,10:00,JB Sentral,Woodlands CIQ,133
2022-07-27,11:00,JB Sentral,Woodlands CIQ,145
2022-07-27,11:00,Woodlands CIQ,JB Sentral,244
2022-07-27,12:00,JB Sentral,Woodlands CIQ,112
2022-07-27,12:00,Woodlands CIQ,JB Sentral,242
2022-07-27,13:00,Woodlands CIQ,JB Sentral,88
2022-07-27,14:00,JB Sentral,Woodlands CIQ,130
2022-07-27,15:00,JB Sentral,Woodlands CIQ,191
2022-07-27,15:00,Woodlands CIQ,JB Sentral,74
2022-07-27,16:00,JB Sentral,Woodlands CIQ,242
2022-07-27,16:00,Woodlands CIQ,JB Sentral,69
2022-07-27,17:00,JB Sentral,Woodlands CIQ,241
2022-07-27,17:00,Woodlands CIQ,JB Sentral,76
2022-07-27,18:00,Woodlands CIQ,JB Sentral,230
2022-07-27,19:00,JB Sentral,Woodlands CIQ,241
2022-07-27,20:00,JB Sentral,Woodlands CIQ,240
2022-07-27,20:00,Woodlands CIQ,JB Sentral,215
2022-07-27,21:00,JB Sentral,Woodlands CIQ,242
2022-07-27,21:00,Woodlands CIQ,JB Sentral,121
2022-07-27,22:00,JB Sentral,Woodlands CIQ,152
2022-07-27,22:00,Woodlands CIQ,JB Sentral,68
2022-07-27,23:00,Woodlands CIQ,JB Sentral,31
2022-07-28,05:00,JB Sentral,Woodlands CIQ,361
2022-07-28,06:00,JB Sentral,Woodlands CIQ,480
2022-07-28,07:00,JB Sentral,Woodlands CIQ,480
2022-07-28,08:00,JB Sentral,Woodlands CIQ,172
2022-07-28,08:00,Woodlands CIQ,JB Sentral,240
2022-07-28,09:00,Woodlands CIQ,JB Sentral,242
2022-07-28,10:00,JB Sentral,Woodlands CIQ,147
2022-07-28,11:00,JB Sentral,Woodlands CIQ,91
2022-07-28,11:00,Woodlands CIQ,JB Sentral,240
2022-07-28,12:00,JB Sentral,Woodlands CIQ,83
2022-07-28,12:00,Woodlands CIQ,JB Sentral,245
2022-07-28,13:00,Woodlands CIQ,JB Sentral,156
2022-07-28,14:00,JB Sentral,Woodlands CIQ,134
2022-07-28,15:00,JB Sentral,Woodlands CIQ,234
2022-07-28,15:00,Woodlands CIQ,JB Sentral,75
2022-07-28,16:00,JB Sentral,Woodlands CIQ,242
2022-07-28,16:00,Woodlands CIQ,JB Sentral,71
2022-07-28,17:00,JB Sentral,Woodlands CIQ,241
2022-07-28,17:00,Woodlands CIQ,JB Sentral,135
2022-07-28,18:00,Woodlands CIQ,JB Sentral,241
2022-07-28,19:00,JB Sentral,Woodlands CIQ,243
2022-07-28,20:00,JB Sentral,Woodlands CIQ,240
2022-07-28,20:00,Woodlands CIQ,JB Sentral,243
2022-07-28,21:00,JB Sentral,Woodlands CIQ,241
2022-07-28,21:00,Woodlands CIQ,JB Sentral,209
2022-07-28,22:00,JB Sentral,Woodlands CIQ,217
2022-07-28,22:00,Woodlands CIQ,JB Sentral,105
2022-07-28,23:00,Woodlands CIQ,JB Sentral,30
2022-07-29,05:00,JB Sentral,Woodlands CIQ,350
2022-07-29,06:00,JB Sentral,Woodlands CIQ,480
2022-07-29,07:00,JB Sentral,Woodlands CIQ,481
2022-07-29,08:00,JB Sentral,Woodlands CIQ,217
2022-07-29,08:00,Woodlands CIQ,JB Sentral,241
2022-07-29,09:00,Woodlands CIQ,JB Sentral,241
2022-07-29,10:00,JB Sentral,Woodlands CIQ,113
2022-07-29,11:00,JB Sentral,Woodlands CIQ,112
2022-07-29,11:00,Woodlands CIQ,JB Sentral,247
2022-07-29,12:00,JB Sentral,Woodlands CIQ,121
2022-07-29,12:00,Woodlands CIQ,JB Sentral,242
2022-07-29,13:00,Woodlands CIQ,JB Sentral,246
2022-07-29,14:00,JB Sentral,Woodlands CIQ,130
2022-07-29,15:00,JB Sentral,Woodlands CIQ,129
2022-07-29,15:00,Woodlands CIQ,JB Sentral,246
2022-07-29,16:00,JB Sentral,Woodlands CIQ,243
2022-07-29,16:00,Woodlands CIQ,JB Sentral,242
2022-07-29,17:00,JB Sentral,Woodlands CIQ,243
2022-07-29,17:00,Woodlands CIQ,JB Sentral,243
2022-07-29,18:00,Woodlands CIQ,JB Sentral,241
2022-07-29,19:00,JB Sentral,Woodlands CIQ,240
2022-07-29,20:00,JB Sentral,Woodlands CIQ,242
2022-07-29,20:00,Woodlands CIQ,JB Sentral,242
2022-07-29,21:00,JB Sentral,Woodlands CIQ,240
2022-07-29,21:00,Woodlands CIQ,JB Sentral,241
2022-07-29,22:00,JB Sentral,Woodlands CIQ,242
2022-07-29,22:00,Woodlands CIQ,JB Sentral,246
2022-07-29,23:00,Woodlands CIQ,JB Sentral,241
2022-07-30,05:00,JB Sentral,Woodlands CIQ,186
2022-07-30,06:00,JB Sentral,Woodlands CIQ,213
2022-07-30,07:00,JB Sentral,Woodlands CIQ,297
2022-07-30,08:00,JB Sentral,Woodlands CIQ,222
2022-07-30,08:00,Woodlands CIQ,JB Sentral,241
2022-07-30,09:00,Woodlands CIQ,JB Sentral,241
2022-07-30,10:00,JB Sentral,Woodlands CIQ,220
2022-07-30,11:00,JB Sentral,Woodlands CIQ,198
2022-07-30,11:00,Woodlands CIQ,JB Sentral,246
2022-07-30,12:00,JB Sentral,Woodlands CIQ,138
2022-07-30,12:00,Woodlands CIQ,JB Sentral,241
2022-07-30,13:00,Woodlands CIQ,JB Sentral,241
2022-07-30,14:00,JB Sentral,Woodlands CIQ,208
2022-07-30,15:00,JB Sentral,Woodlands CIQ,244
2022-07-30,15:00,Woodlands CIQ,JB Sentral,242
2022-07-30,16:00,JB Sentral,Woodlands CIQ,243
2022-07-30,16:00,Woodlands CIQ,JB Sentral,242
2022-07-30,17:00,JB Sentral,Woodlands CIQ,241
2022-07-30,17:00,Woodlands CIQ,JB Sentral,244
2022-07-30,18:00,Woodlands CIQ,JB Sentral,243
2022-07-30,19:00,JB Sentral,Woodlands CIQ,241
2022-07-30,20:00,JB Sentral,Woodlands CIQ,244
2022-07-30,20:00,Woodlands CIQ,JB Sentral,241
2022-07-30,21:00,JB Sentral,Woodlands CIQ,240
2022-07-30,21:00,Woodlands CIQ,JB Sentral,217
2022-07-30,22:00,JB Sentral,Woodlands CIQ,240
2022-07-30,22:00,Woodlands CIQ,JB Sentral,139
2022-07-30,23:00,Woodlands CIQ,JB Sentral,47
2022-07-31,05:00,JB Sentral,Woodlands CIQ,98
2022-07-31,06:00,JB Sentral,Woodlands CIQ,106
2022-07-31,07:00,JB Sentral,Woodlands CIQ,205
2022-07-31,08:00,JB Sentral,Woodlands CIQ,241
2022-07-31,08:00,Woodlands CIQ,JB Sentral,242
2022-07-31,09:00,Woodlands CIQ,JB Sentral,240
2022-07-31,10:00,JB Sentral,Woodlands CIQ,244
2022-07-31,11:00,JB Sentral,Woodlands CIQ,242
2022-07-31,11:00,Woodlands CIQ,JB Sentral,240
2022-07-31,12:00,JB Sentral,Woodlands CIQ,242
2022-07-31,12:00,Woodlands CIQ,JB Sentral,241
2022-07-31,13:00,Woodlands CIQ,JB Sentral,233
2022-07-31,14:00,JB Sentral,Woodlands CIQ,242
2022-07-31,15:00,JB Sentral,Woodlands CIQ,241
2022-07-31,15:00,Woodlands CIQ,JB Sentral,97
2022-07-31,16:00,JB Sentral,Woodlands CIQ,245
2022-07-31,16:00,Woodlands CIQ,JB Sentral,76
2022-07-31,17:00,JB Sentral,Woodlands CIQ,242
2022-07-31,17:00,Woodlands CIQ,JB Sentral,96
2022-07-31,18:00,Woodlands CIQ,JB Sentral,84
2022-07-31,19:00,JB Sentral,Woodlands CIQ,242
2022-07-31,20:00,JB Sentral,Woodlands CIQ,241
2022-07-31,20:00,Woodlands CIQ,JB Sentral,57
2022-07-31,21:00,JB Sentral,Woodlands CIQ,242
2022-07-31,21:00,Woodlands CIQ,JB Sentral,66
2022-07-31,22:00,JB Sentral,Woodlands CIQ,242
2022-07-31,22:00,Woodlands CIQ,JB Sentral,44
2022-07-31,23:00,Woodlands CIQ,JB Sentral,26
2022-08-01,05:00,JB Sentral,Woodlands CIQ,635
2022-08-01,06:00,JB Sentral,Woodlands CIQ,640
2022-08-01,07:00,JB Sentral,Woodlands CIQ,640
2022-08-01,08:00,JB Sentral,Woodlands CIQ,322
2022-08-01,08:00,Woodlands CIQ,JB Sentral,138
2022-08-01,09:00,Woodlands CIQ,JB Sentral,325
2022-08-01,10:00,JB Sentral,Woodlands CIQ,169
2022-08-01,11:00,JB Sentral,Woodlands CIQ,124
2022-08-01,11:00,Woodlands CIQ,JB Sentral,322
2022-08-01,12:00,JB Sentral,Woodlands CIQ,166
2022-08-01,12:00,Woodlands CIQ,JB Sentral,161
2022-08-01,13:00,Woodlands CIQ,JB Sentral,90
2022-08-01,14:00,JB Sentral,Woodlands CIQ,158
2022-08-01,15:00,JB Sentral,Woodlands CIQ,251
2022-08-01,15:00,Woodlands CIQ,JB Sentral,59
2022-08-01,16:00,JB Sentral,Woodlands CIQ,314
2022-08-01,16:00,Woodlands CIQ,JB Sentral,80
2022-08-01,17:00,JB Sentral,Woodlands CIQ,311
2022-08-01,17:00,Woodlands CIQ,JB Sentral,63
2022-08-01,18:00,Woodlands CIQ,JB Sentral,196
2022-08-01,19:00,JB Sentral,Woodlands CIQ,323
2022-08-01,20:00,JB Sentral,Woodlands CIQ,322
2022-08-01,20:00,Woodlands CIQ,JB Sentral,193
2022-08-01,21:00,JB Sentral,Woodlands CIQ,321
2022-08-01,21:00,Woodlands CIQ,JB Sentral,105
2022-08-01,22:00,JB Sentral,Woodlands CIQ,291
2022-08-01,22:00,Woodlands CIQ,JB Sentral,57
2022-08-01,23:00,Woodlands CIQ,JB Sentral,11
2022-08-02,05:00,JB Sentral,Woodlands CIQ,294
2022-08-02,06:00,JB Sentral,Woodlands CIQ,634
2022-08-02,07:00,JB Sentral,Woodlands CIQ,640
2022-08-02,08:00,JB Sentral,Woodlands CIQ,161
2022-08-02,08:00,Woodlands CIQ,JB Sentral,153
2022-08-02,09:00,Woodlands CIQ,JB Sentral,321
2022-08-02,10:00,JB Sentral,Woodlands CIQ,109
2022-08-02,11:00,JB Sentral,Woodlands CIQ,92
2022-08-02,11:00,Woodlands CIQ,JB Sentral,255
2022-08-02,12:00,JB Sentral,Woodlands CIQ,79
2022-08-02,12:00,Woodlands CIQ,JB Sentral,129
2022-08-02,13:00,Woodlands CIQ,JB Sentral,89
2022-08-02,14:00,JB Sentral,Woodlands CIQ,106
2022-08-02,15:00,JB Sentral,Woodlands CIQ,209
2022-08-02,15:00,Woodlands CIQ,JB Sentral,46
2022-08-02,16:00,JB Sentral,Woodlands CIQ,201
2022-08-02,16:00,Woodlands CIQ,JB Sentral,73
2022-08-02,17:00,JB Sentral,Woodlands CIQ,318
2022-08-02,17:00,Woodlands CIQ,JB Sentral,76
2022-08-02,18:00,Woodlands CIQ,JB Sentral,263
2022-08-02,19:00,JB Sentral,Woodlands CIQ,309
2022-08-02,20:00,JB Sentral,Woodlands CIQ,305
2022-08-02,20:00,Woodlands CIQ,JB Sentral,237
2022-08-02,21:00,JB Sentral,Woodlands CIQ,322
2022-08-02,21:00,Woodlands CIQ,JB Sentral,90
2022-08-02,22:00,JB Sentral,Woodlands CIQ,139
2022-08-02,22:00,Woodlands CIQ,JB Sentral,55
2022-08-02,23:00,Woodlands CIQ,JB Sentral,20
2022-08-03,05:00,JB Sentral,Woodlands CIQ,263
2022-08-03,06:00,JB Sentral,Woodlands CIQ,602
2022-08-03,07:00,JB Sentral,Woodlands CIQ,640
2022-08-03,08:00,JB Sentral,Woodlands CIQ,177
2022-08-03,08:00,Woodlands CIQ,JB Sentral,142
2022-08-03,09:00,Woodlands CIQ,JB Sentral,320
2022-08-03,10:00,JB Sentral,Woodlands CIQ,137
2022-08-03,11:00,JB Sentral,Woodlands CIQ,101
2022-08-03,11:00,Woodlands CIQ,JB Sentral,310
2022-08-03,12:00,JB Sentral,Woodlands CIQ,102
2022-08-03,12:00,Woodlands CIQ,JB Sentral,107
2022-08-03,13:00,Woodlands CIQ,JB Sentral,60
2022-08-03,14:00,JB Sentral,Woodlands CIQ,117
2022-08-03,15:00,JB Sentral,Woodlands CIQ,169
2022-08-03,15:00,Woodlands CIQ,JB Sentral,57
2022-08-03,16:00,JB Sentral,Woodlands CIQ,260
2022-08-03,16:00,Woodlands CIQ,JB Sentral,35
2022-08-03,17:00,JB Sentral,Woodlands CIQ,300
2022-08-03,17:00,Woodlands CIQ,JB Sentral,67
2022-08-03,18:00,Woodlands CIQ,JB Sentral,294
2022-08-03,19:00,JB Sentral,Woodlands CIQ,280
2022-08-03,20:00,JB Sentral,Woodlands CIQ,322
2022-08-03,20:00,Woodlands CIQ,JB Sentral,218
2022-08-03,21:00,JB Sentral,Woodlands CIQ,320
2022-08-03,21:00,Woodlands CIQ,JB Sentral,103
2022-08-03,22:00,JB Sentral,Woodlands CIQ,128
2022-08-03,22:00,Woodlands CIQ,JB Sentral,60
2022-08-03,23:00,Woodlands CIQ,JB Sentral,30
2022-08-04,05:00,JB Sentral,Woodlands CIQ,320
2022-08-04,06:00,JB Sentral,Woodlands CIQ,608
2022-08-04,07:00,JB Sentral,Woodlands CIQ,637
2022-08-04,08:00,JB Sentral,Woodlands CIQ,184
2022-08-04,08:00,Woodlands CIQ,JB Sentral,212
2022-08-04,09:00,Woodlands CIQ,JB Sentral,322
2022-08-04,10:00,JB Sentral,Woodlands CIQ,161
2022-08-04,11:00,JB Sentral,Woodlands CIQ,79
2022-08-04,11:00,Woodlands CIQ,JB Sentral,321
2022-08-04,12:00,JB Sentral,Woodlands CIQ,107
2022-08-04,12:00,Woodlands CIQ,JB Sentral,201
2022-08-04,13:00,Woodlands CIQ,JB Sentral,92
2022-08-04,14:00,JB Sentral,Woodlands CIQ,132
2022-08-04,15:00,JB Sentral,Woodlands CIQ,185
2022-08-04,15:00,Woodlands CIQ,JB Sentral,81
2022-08-04,16:00,JB Sentral,Woodlands CIQ,285
2022-08-04,16:00,Woodlands CIQ,JB Sentral,91
2022-08-04,17:00,JB Sentral,Woodlands CIQ,286
2022-08-04,17:00,Woodlands CIQ,JB Sentral,133
2022-08-04,18:00,Woodlands CIQ,JB Sentral,320
2022-08-04,19:00,JB Sentral,Woodlands CIQ,288
2022-08-04,20:00,JB Sentral,Woodlands CIQ,320
2022-08-04,20:00,Woodlands CIQ,JB Sentral,325
2022-08-04,21:00,JB Sentral,Woodlands CIQ,320
2022-08-04,21:00,Woodlands CIQ,JB Sentral,297
2022-08-04,22:00,JB Sentral,Woodlands CIQ,166
2022-08-04,22:00,Woodlands CIQ,JB Sentral,107
2022-08-04,23:00,Woodlands CIQ,JB Sentral,38
2022-08-05,05:00,JB Sentral,Woodlands CIQ,425
2022-08-05,06:00,JB Sentral,Woodlands CIQ,635
2022-08-05,07:00,JB Sentral,Woodlands CIQ,610
2022-08-05,08:00,JB Sentral,Woodlands CIQ,175
2022-08-05,08:00,Woodlands CIQ,JB Sentral,326
2022-08-05,09:00,Woodlands CIQ,JB Sentral,323
2022-08-05,10:00,JB Sentral,Woodlands CIQ,160
2022-08-05,11:00,JB Sentral,Woodlands CIQ,115
2022-08-05,11:00,Woodlands CIQ,JB Sentral,324
2022-08-05,12:00,JB Sentral,Woodlands CIQ,127
2022-08-05,12:00,Woodlands CIQ,JB Sentral,327
2022-08-05,13:00,Woodlands CIQ,JB Sentral,325
2022-08-05,14:00,JB Sentral,Woodlands CIQ,104
2022-08-05,15:00,JB Sentral,Woodlands CIQ,179
2022-08-05,15:00,Woodlands CIQ,JB Sentral,325
2022-08-05,16:00,JB Sentral,Woodlands CIQ,231
2022-08-05,16:00,Woodlands CIQ,JB Sentral,325
2022-08-05,17:00,JB Sentral,Woodlands CIQ,235
2022-08-05,17:00,Woodlands CIQ,JB Sentral,327
2022-08-05,18:00,Woodlands CIQ,JB Sentral,322
2022-08-05,19:00,JB Sentral,Woodlands CIQ,231
2022-08-05,20:00,JB Sentral,Woodlands CIQ,303
2022-08-05,20:00,Woodlands CIQ,JB Sentral,324
2022-08-05,21:00,JB Sentral,Woodlands CIQ,322
2022-08-05,21:00,Woodlands CIQ,JB Sentral,327
2022-08-05,22:00,JB Sentral,Woodlands CIQ,247
2022-08-05,22:00,Woodlands CIQ,JB Sentral,326
2022-08-05,23:00,Woodlands CIQ,JB Sentral,325
2022-08-06,05:00,JB Sentral,Woodlands CIQ,216
2022-08-06,06:00,JB Sentral,Woodlands CIQ,211
2022-08-06,07:00,JB Sentral,Woodlands CIQ,269
2022-08-06,08:00,JB Sentral,Woodlands CIQ,215
2022-08-06,08:00,Woodlands CIQ,JB Sentral,322
2022-08-06,09:00,Woodlands CIQ,JB Sentral,327
2022-08-06,10:00,JB Sentral,Woodlands CIQ,178
2022-08-06,11:00,JB Sentral,Woodlands CIQ,156
2022-08-06,11:00,Woodlands CIQ,JB Sentral,327
2022-08-06,12:00,JB Sentral,Woodlands CIQ,129
2022-08-06,12:00,Woodlands CIQ,JB Sentral,322
2022-08-06,13:00,Woodlands CIQ,JB Sentral,325
2022-08-06,14:00,JB Sentral,Woodlands CIQ,119
2022-08-06,15:00,JB Sentral,Woodlands CIQ,172
2022-08-06,15:00,Woodlands CIQ,JB Sentral,324
2022-08-06,16:00,JB Sentral,Woodlands CIQ,220
2022-08-06,16:00,Woodlands CIQ,JB Sentral,329
2022-08-06,17:00,JB Sentral,Woodlands CIQ,324
2022-08-06,17:00,Woodlands CIQ,JB Sentral,327
2022-08-06,18:00,Woodlands CIQ,JB Sentral,324
2022-08-06,19:00,JB Sentral,Woodlands CIQ,326
2022-08-06,20:00,JB Sentral,Woodlands CIQ,323
2022-08-06,20:00,Woodlands CIQ,JB Sentral,325
2022-08-06,21:00,JB Sentral,Woodlands CIQ,320
2022-08-06,21:00,Woodlands CIQ,JB Sentral,328
2022-08-06,22:00,JB Sentral,Woodlands CIQ,322
2022-08-06,22:00,Woodlands CIQ,JB Sentral,210
2022-08-06,23:00,Woodlands CIQ,JB Sentral,71
2022-08-07,05:00,JB Sentral,Woodlands CIQ,126
2022-08-07,06:00,JB Sentral,Woodlands CIQ,125
2022-08-07,07:00,JB Sentral,Woodlands CIQ,149
2022-08-07,08:00,JB Sentral,Woodlands CIQ,180
2022-08-07,08:00,Woodlands CIQ,JB Sentral,321
2022-08-07,09:00,Woodlands CIQ,JB Sentral,322
2022-08-07,10:00,JB Sentral,Woodlands CIQ,327
2022-08-07,11:00,JB Sentral,Woodlands CIQ,322
2022-08-07,11:00,Woodlands CIQ,JB Sentral,323
2022-08-07,12:00,JB Sentral,Woodlands CIQ,324
2022-08-07,12:00,Woodlands CIQ,JB Sentral,323
2022-08-07,13:00,Woodlands CIQ,JB Sentral,322
2022-08-07,14:00,JB Sentral,Woodlands CIQ,324
2022-08-07,15:00,JB Sentral,Woodlands CIQ,326
2022-08-07,15:00,Woodlands CIQ,JB Sentral,310
2022-08-07,16:00,JB Sentral,Woodlands CIQ,325
2022-08-07,16:00,Woodlands CIQ,JB Sentral,171
2022-08-07,17:00,JB Sentral,Woodlands CIQ,323
2022-08-07,17:00,Woodlands CIQ,JB Sentral,93
2022-08-07,18:00,Woodlands CIQ,JB Sentral,114
2022-08-07,19:00,JB Sentral,Woodlands CIQ,323
2022-08-07,20:00,JB Sentral,Woodlands CIQ,323
2022-08-07,20:00,Woodlands CIQ,JB Sentral,111
2022-08-07,21:00,JB Sentral,Woodlands CIQ,325
2022-08-07,21:00,Woodlands CIQ,JB Sentral,99
2022-08-07,22:00,JB Sentral,Woodlands CIQ,321
2022-08-07,22:00,Woodlands CIQ,JB Sentral,67
2022-08-07,23:00,Woodlands CIQ,JB Sentral,34
2022-08-08,05:00,JB Sentral,Woodlands CIQ,585
2022-08-08,06:00,JB Sentral,Woodlands CIQ,641
2022-08-08,07:00,JB Sentral,Woodlands CIQ,640
2022-08-08,08:00,JB Sentral,Woodlands CIQ,317
2022-08-08,08:00,Woodlands CIQ,JB Sentral,322
2022-08-08,09:00,Woodlands CIQ,JB Sentral,326
2022-08-08,10:00,JB Sentral,Woodlands CIQ,190
2022-08-08,11:00,JB Sentral,Woodlands CIQ,140
2022-08-08,11:00,Woodlands CIQ,JB Sentral,320
2022-08-08,12:00,JB Sentral,Woodlands CIQ,205
2022-08-08,12:00,Woodlands CIQ,JB Sentral,323
2022-08-08,13:00,Woodlands CIQ,JB Sentral,321
2022-08-08,14:00,JB Sentral,Woodlands CIQ,324
2022-08-08,15:00,JB Sentral,Woodlands CIQ,324
2022-08-08,15:00,Woodlands CIQ,JB Sentral,327
2022-08-08,16:00,JB Sentral,Woodlands CIQ,325
2022-08-08,16:00,Woodlands CIQ,JB Sentral,279
2022-08-08,17:00,JB Sentral,Woodlands CIQ,322
2022-08-08,17:00,Woodlands CIQ,JB Sentral,242
2022-08-08,18:00,Woodlands CIQ,JB Sentral,321
2022-08-08,19:00,JB Sentral,Woodlands CIQ,322
2022-08-08,20:00,JB Sentral,Woodlands CIQ,327
2022-08-08,20:00,Woodlands CIQ,JB Sentral,321
2022-08-08,21:00,JB Sentral,Woodlands CIQ,322
2022-08-08,21:00,Woodlands CIQ,JB Sentral,322
2022-08-08,22:00,JB Sentral,Woodlands CIQ,322
2022-08-08,22:00,Woodlands CIQ,JB Sentral,158
2022-08-08,23:00,Woodlands CIQ,JB Sentral,44
2022-08-09,05:00,JB Sentral,Woodlands CIQ,146
2022-08-09,06:00,JB Sentral,Woodlands CIQ,139
2022-08-09,07:00,JB Sentral,Woodlands CIQ,249
2022-08-09,08:00,JB Sentral,Woodlands CIQ,322
2022-08-09,08:00,Woodlands CIQ,JB Sentral,317
2022-08-09,09:00,Woodlands CIQ,JB Sentral,318
2022-08-09,10:00,JB Sentral,Woodlands CIQ,323
2022-08-09,11:00,JB Sentral,Woodlands CIQ,323
2022-08-09,11:00,Woodlands CIQ,JB Sentral,318
2022-08-09,12:00,JB Sentral,Woodlands CIQ,323
2022-08-09,12:00,Woodlands CIQ,JB Sentral,321
2022-08-09,13:00,Woodlands CIQ,JB Sentral,111
2022-08-09,14:00,JB Sentral,Woodlands CIQ,319
2022-08-09,15:00,JB Sentral,Woodlands CIQ,323
2022-08-09,15:00,Woodlands CIQ,JB Sentral,53
2022-08-09,16:00,JB Sentral,Woodlands CIQ,324
2022-08-09,16:00,Woodlands CIQ,JB Sentral,55
2022-08-09,17:00,JB Sentral,Woodlands CIQ,327
2022-08-09,17:00,Woodlands CIQ,JB Sentral,35
2022-08-09,18:00,Woodlands CIQ,JB Sentral,51
2022-08-09,19:00,JB Sentral,Woodlands CIQ,317
2022-08-09,20:00,JB Sentral,Woodlands CIQ,318
2022-08-09,20:00,Woodlands CIQ,JB Sentral,80
2022-08-09,21:00,JB Sentral,Woodlands CIQ,323
2022-08-09,21:00,Woodlands CIQ,JB Sentral,51
2022-08-09,22:00,JB Sentral,Woodlands CIQ,316
2022-08-09,22:00,Woodlands CIQ,JB Sentral,35
2022-08-09,23:00,Woodlands CIQ,JB Sentral,43
2022-08-10,05:00,JB Sentral,Woodlands CIQ,632
2022-08-10,06:00,JB Sentral,Woodlands CIQ,632
2022-08-10,07:00,JB Sentral,Woodlands CIQ,636
2022-08-10,08:00,JB Sentral,Woodlands CIQ,316
2022-08-10,08:00,Woodlands CIQ,JB Sentral,267
2022-08-10,09:00,Woodlands CIQ,JB Sentral,326
2022-08-10,10:00,JB Sentral,Woodlands CIQ,319
2022-08-10,11:00,JB Sentral,Woodlands CIQ,317
2022-08-10,11:00,Woodlands CIQ,JB Sentral,319
2022-08-10,12:00,JB Sentral,Woodlands CIQ,322
2022-08-10,12:00,Woodlands CIQ,JB Sentral,228
2022-08-10,13:00,Woodlands CIQ,JB Sentral,133
2022-08-10,14:00,JB Sentral,Woodlands CIQ,328
2022-08-10,15:00,JB Sentral,Woodlands CIQ,325
2022-08-10,15:00,Woodlands CIQ,JB Sentral,74
2022-08-10,16:00,JB Sentral,Woodlands CIQ,324
2022-08-10,16:00,Woodlands CIQ,JB Sentral,45
2022-08-10,17:00,JB Sentral,Woodlands CIQ,319
2022-08-10,17:00,Woodlands CIQ,JB Sentral,74
2022-08-10,18:00,Woodlands CIQ,JB Sentral,240
2022-08-10,19:00,JB Sentral,Woodlands CIQ,322
2022-08-10,20:00,JB Sentral,Woodlands CIQ,319
2022-08-10,20:00,Woodlands CIQ,JB Sentral,210
2022-08-10,21:00,JB Sentral,Woodlands CIQ,318
2022-08-10,21:00,Woodlands CIQ,JB Sentral,97
2022-08-10,22:00,JB Sentral,Woodlands CIQ,321
2022-08-10,22:00,Woodlands CIQ,JB Sentral,87
2022-08-10,23:00,Woodlands CIQ,JB Sentral,29
2022-08-11,05:00,JB Sentral,Woodlands CIQ,325
2022-08-11,06:00,JB Sentral,Woodlands CIQ,633
2022-08-11,07:00,JB Sentral,Woodlands CIQ,632
2022-08-11,08:00,JB Sentral,Woodlands CIQ,207
2022-08-11,08:00,Woodlands CIQ,JB Sentral,190
2022-08-11,09:00,Woodlands CIQ,JB Sentral,321
2022-08-11,10:00,JB Sentral,Woodlands CIQ,178
2022-08-11,11:00,JB Sentral,Woodlands CIQ,103
2022-08-11,11:00,Woodlands CIQ,JB Sentral,321
2022-08-11,12:00,JB Sentral,Woodlands CIQ,92
2022-08-11,12:00,Woodlands CIQ,JB Sentral,233
2022-08-11,13:00,Woodlands CIQ,JB Sentral,105
2022-08-11,14:00,JB Sentral,Woodlands CIQ,144
2022-08-11,15:00,JB Sentral,Woodlands CIQ,167
2022-08-11,15:00,Woodlands CIQ,JB Sentral,68
2022-08-11,16:00,JB Sentral,Woodlands CIQ,296
2022-08-11,16:00,Woodlands CIQ,JB Sentral,57
2022-08-11,17:00,JB Sentral,Woodlands CIQ,318
2022-08-11,17:00,Woodlands CIQ,JB Sentral,116
2022-08-11,18:00,Woodlands CIQ,JB Sentral,315
2022-08-11,19:00,JB Sentral,Woodlands CIQ,325
2022-08-11,20:00,JB Sentral,Woodlands CIQ,317
2022-08-11,20:00,Woodlands CIQ,JB Sentral,304
2022-08-11,21:00,JB Sentral,Woodlands CIQ,317
2022-08-11,21:00,Woodlands CIQ,JB Sentral,160
2022-08-11,22:00,JB Sentral,Woodlands CIQ,249
2022-08-11,22:00,Woodlands CIQ,JB Sentral,78
2022-08-11,23:00,Woodlands CIQ,JB Sentral,24
2022-08-12,05:00,JB Sentral,Woodlands CIQ,432
2022-08-12,06:00,JB Sentral,Woodlands CIQ,624
2022-08-12,07:00,JB Sentral,Woodlands CIQ,632
2022-08-12,08:00,JB Sentral,Woodlands CIQ,158
2022-08-12,08:00,Woodlands CIQ,JB Sentral,317
2022-08-12,09:00,Woodlands CIQ,JB Sentral,321
2022-08-12,10:00,JB Sentral,Woodlands CIQ,158
2022-08-12,11:00,JB Sentral,Woodlands CIQ,124
2022-08-12,11:00,Woodlands CIQ,JB Sentral,318
2022-08-12,12:00,JB Sentral,Woodlands CIQ,147
2022-08-12,12:00,Woodlands CIQ,JB Sentral,322
2022-08-12,13:00,Woodlands CIQ,JB Sentral,304
2022-08-12,14:00,JB Sentral,Woodlands CIQ,119
2022-08-12,15:00,JB Sentral,Woodlands CIQ,184
2022-08-12,15:00,Woodlands CIQ,JB Sentral,319
2022-08-12,16:00,JB Sentral,Woodlands CIQ,252
2022-08-12,16:00,Woodlands CIQ,JB Sentral,322
2022-08-12,17:00,JB Sentral,Woodlands CIQ,265
2022-08-12,17:00,Woodlands CIQ,JB Sentral,323
2022-08-12,18:00,Woodlands CIQ,JB Sentral,317
2022-08-12,19:00,JB Sentral,Woodlands CIQ,316
2022-08-12,20:00,JB Sentral,Woodlands CIQ,316
2022-08-12,20:00,Woodlands CIQ,JB Sentral,316
2022-08-12,21:00,JB Sentral,Woodlands CIQ,318
2022-08-12,21:00,Woodlands CIQ,JB Sentral,321
2022-08-12,22:00,JB Sentral,Woodlands CIQ,205
2022-08-12,22:00,Woodlands CIQ,JB Sentral,323
2022-08-12,23:00,Woodlands CIQ,JB Sentral,320
2022-08-13,05:00,JB Sentral,Woodlands CIQ,226
2022-08-13,06:00,JB Sentral,Woodlands CIQ,224
2022-08-13,07:00,JB Sentral,Woodlands CIQ,271
2022-08-13,08:00,JB Sentral,Woodlands CIQ,221
2022-08-13,08:00,Woodlands CIQ,JB Sentral,322
2022-08-13,09:00,Woodlands CIQ,JB Sentral,317
2022-08-13,10:00,JB Sentral,Woodlands CIQ,208
2022-08-13,11:00,JB Sentral,Woodlands CIQ,157
2022-08-13,11:00,Woodlands CIQ,JB Sentral,317
2022-08-13,12:00,JB Sentral,Woodlands CIQ,130
2022-08-13,12:00,Woodlands CIQ,JB Sentral,319
2022-08-13,13:00,Woodlands CIQ,JB Sentral,322
2022-08-13,14:00,JB Sentral,Woodlands CIQ,157
2022-08-13,15:00,JB Sentral,Woodlands CIQ,224
2022-08-13,15:00,Woodlands CIQ,JB Sentral,320
2022-08-13,16:00,JB Sentral,Woodlands CIQ,323
2022-08-13,16:00,Woodlands CIQ,JB Sentral,321
2022-08-13,17:00,JB Sentral,Woodlands CIQ,319
2022-08-13,17:00,Woodlands CIQ,JB Sentral,319
2022-08-13,18:00,Woodlands CIQ,JB Sentral,309
2022-08-13,19:00,JB Sentral,Woodlands CIQ,316
2022-08-13,20:00,JB Sentral,Woodlands CIQ,317
2022-08-13,20:00,Woodlands CIQ,JB Sentral,203
2022-08-13,21:00,JB Sentral,Woodlands CIQ,317
2022-08-13,21:00,Woodlands CIQ,JB Sentral,121
2022-08-13,22:00,JB Sentral,Woodlands CIQ,317
2022-08-13,22:00,Woodlands CIQ,JB Sentral,118
2022-08-13,23:00,Woodlands CIQ,JB Sentral,61
2022-08-14,05:00,JB Sentral,Woodlands CIQ,112
2022-08-14,06:00,JB Sentral,Woodlands CIQ,110
2022-08-14,07:00,JB Sentral,Woodlands CIQ,155
2022-08-14,08:00,JB Sentral,Woodlands CIQ,304
2022-08-14,08:00,Woodlands CIQ,JB Sentral,316
2022-08-14,09:00,Woodlands CIQ,JB Sentral,317
2022-08-14,10:00,JB Sentral,Woodlands CIQ,321
2022-08-14,11:00,JB Sentral,Woodlands CIQ,321
2022-08-14,11:00,Woodlands CIQ,JB Sentral,319
2022-08-14,12:00,JB Sentral,Woodlands CIQ,322
2022-08-14,12:00,Woodlands CIQ,JB Sentral,321
2022-08-14,13:00,Woodlands CIQ,JB Sentral,176
2022-08-14,14:00,JB Sentral,Woodlands CIQ,318
2022-08-14,15:00,JB Sentral,Woodlands CIQ,321
2022-08-14,15:00,Woodlands CIQ,JB Sentral,146
2022-08-14,16:00,JB Sentral,Woodlands CIQ,317
2022-08-14,16:00,Woodlands CIQ,JB Sentral,111
2022-08-14,17:00,JB Sentral,Woodlands CIQ,319
2022-08-14,17:00,Woodlands CIQ,JB Sentral,88
2022-08-14,18:00,Woodlands CIQ,JB Sentral,92
2022-08-14,19:00,JB Sentral,Woodlands CIQ,320
2022-08-14,20:00,JB Sentral,Woodlands CIQ,322
2022-08-14,20:00,Woodlands CIQ,JB Sentral,64
2022-08-14,21:00,JB Sentral,Woodlands CIQ,317
2022-08-14,21:00,Woodlands CIQ,JB Sentral,77
2022-08-14,22:00,JB Sentral,Woodlands CIQ,316
2022-08-14,22:00,Woodlands CIQ,JB Sentral,31
2022-08-14,23:00,Woodlands CIQ,JB Sentral,19
2022-08-15,05:00,JB Sentral,Woodlands CIQ,632
2022-08-15,06:00,JB Sentral,Woodlands CIQ,636
2022-08-15,07:00,JB Sentral,Woodlands CIQ,635
2022-08-15,08:00,JB Sentral,Woodlands CIQ,319
2022-08-15,08:00,Woodlands CIQ,JB Sentral,266
2022-08-15,09:00,Woodlands CIQ,JB Sentral,318
2022-08-15,10:00,JB Sentral,Woodlands CIQ,220
2022-08-15,11:00,JB Sentral,Woodlands CIQ,175
2022-08-15,11:00,Woodlands CIQ,JB Sentral,319
2022-08-15,12:00,JB Sentral,Woodlands CIQ,156
2022-08-15,12:00,Woodlands CIQ,JB Sentral,274
2022-08-15,13:00,Woodlands CIQ,JB Sentral,122
2022-08-15,14:00,JB Sentral,Woodlands CIQ,219
2022-08-15,15:00,JB Sentral,Woodlands CIQ,323
2022-08-15,15:00,Woodlands CIQ,JB Sentral,82
2022-08-15,16:00,JB Sentral,Woodlands CIQ,320
2022-08-15,16:00,Woodlands CIQ,JB Sentral,60
2022-08-15,17:00,JB Sentral,Woodlands CIQ,319
2022-08-15,17:00,Woodlands CIQ,JB Sentral,82
2022-08-15,18:00,Woodlands CIQ,JB Sentral,227
2022-08-15,19:00,JB Sentral,Woodlands CIQ,318
2022-08-15,20:00,JB Sentral,Woodlands CIQ,318
2022-08-15,20:00,Woodlands CIQ,JB Sentral,193
2022-08-15,21:00,JB Sentral,Woodlands CIQ,320
2022-08-15,21:00,Woodlands CIQ,JB Sentral,116
2022-08-15,22:00,JB Sentral,Woodlands CIQ,320
2022-08-15,22:00,Woodlands CIQ,JB Sentral,65
2022-08-15,23:00,Woodlands CIQ,JB Sentral,24
2022-08-16,05:00,JB Sentral,Woodlands CIQ,293
2022-08-16,06:00,JB Sentral,Woodlands CIQ,632
2022-08-16,07:00,JB Sentral,Woodlands CIQ,632
2022-08-16,08:00,JB Sentral,Woodlands CIQ,211
2022-08-16,08:00,Woodlands CIQ,JB Sentral,191
2022-08-16,09:00,Woodlands CIQ,JB Sentral,317
2022-08-16,10:00,JB Sentral,Woodlands CIQ,154
2022-08-16,11:00,JB Sentral,Woodlands CIQ,164
2022-08-16,11:00,Woodlands CIQ,JB Sentral,319
2022-08-16,12:00,JB Sentral,Woodlands CIQ,113
2022-08-16,12:00,Woodlands CIQ,JB Sentral,191
2022-08-16,13:00,Woodlands CIQ,JB Sentral,109
2022-08-16,14:00,JB Sentral,Woodlands CIQ,174
2022-08-16,15:00,JB Sentral,Woodlands CIQ,315
2022-08-16,15:00,Woodlands CIQ,JB Sentral,86
2022-08-16,16:00,JB Sentral,Woodlands CIQ,324
2022-08-16,16:00,Woodlands CIQ,JB Sentral,68
2022-08-16,17:00,JB Sentral,Woodlands CIQ,318
2022-08-16,17:00,Woodlands CIQ,JB Sentral,77
2022-08-16,18:00,Woodlands CIQ,JB Sentral,254
2022-08-16,19:00,JB Sentral,Woodlands CIQ,320
2022-08-16,20:00,JB Sentral,Woodlands CIQ,319
2022-08-16,20:00,Woodlands CIQ,JB Sentral,226
2022-08-16,21:00,JB Sentral,Woodlands CIQ,320
2022-08-16,21:00,Woodlands CIQ,JB Sentral,144
2022-08-16,22:00,JB Sentral,Woodlands CIQ,221
2022-08-16,22:00,Woodlands CIQ,JB Sentral,68
2022-08-16,23:00,Woodlands CIQ,JB Sentral,18
2022-08-17,05:00,JB Sentral,Woodlands CIQ,302
2022-08-17,06:00,JB Sentral,Woodlands CIQ,625
2022-08-17,07:00,JB Sentral,Woodlands CIQ,632
2022-08-17,08:00,JB Sentral,Woodlands CIQ,238
2022-08-17,08:00,Woodlands CIQ,JB Sentral,252
2022-08-17,09:00,Woodlands CIQ,JB Sentral,318
2022-08-17,10:00,JB Sentral,Woodlands CIQ,163
2022-08-17,11:00,JB Sentral,Woodlands CIQ,125
2022-08-17,11:00,Woodlands CIQ,JB Sentral,320
2022-08-17,12:00,JB Sentral,Woodlands CIQ,103
2022-08-17,12:00,Woodlands CIQ,JB Sentral,186
2022-08-17,13:00,Woodlands CIQ,JB Sentral,91
2022-08-17,14:00,JB Sentral,Woodlands CIQ,151
2022-08-17,15:00,JB Sentral,Woodlands CIQ,200
2022-08-17,15:00,Woodlands CIQ,JB Sentral,42
2022-08-17,16:00,JB Sentral,Woodlands CIQ,318
2022-08-17,16:00,Woodlands CIQ,JB Sentral,49
2022-08-17,17:00,JB Sentral,Woodlands CIQ,317
2022-08-17,17:00,Woodlands CIQ,JB Sentral,83
2022-08-17,18:00,Woodlands CIQ,JB Sentral,255
2022-08-17,19:00,JB Sentral,Woodlands CIQ,317
2022-08-17,20:00,JB Sentral,Woodlands CIQ,320
2022-08-17,20:00,Woodlands CIQ,JB Sentral,231
2022-08-17,21:00,JB Sentral,Woodlands CIQ,317
2022-08-17,21:00,Woodlands CIQ,JB Sentral,106
2022-08-17,22:00,JB Sentral,Woodlands CIQ,151
2022-08-17,22:00,Woodlands CIQ,JB Sentral,66
2022-08-17,23:00,Woodlands CIQ,JB Sentral,23
2022-08-18,05:00,JB Sentral,Woodlands CIQ,307
2022-08-18,06:00,JB Sentral,Woodlands CIQ,631
2022-08-18,07:00,JB Sentral,Woodlands CIQ,632
2022-08-18,08:00,JB Sentral,Woodlands CIQ,173
2022-08-18,08:00,Woodlands CIQ,JB Sentral,226
2022-08-18,09:00,Woodlands CIQ,JB Sentral,316
2022-08-18,10:00,JB Sentral,Woodlands CIQ,153
2022-08-18,11:00,JB Sentral,Woodlands CIQ,121
2022-08-18,11:00,Woodlands CIQ,JB Sentral,320
2022-08-18,12:00,JB Sentral,Woodlands CIQ,124
2022-08-18,12:00,Woodlands CIQ,JB Sentral,255
2022-08-18,13:00,Woodlands CIQ,JB Sentral,89
2022-08-18,14:00,JB Sentral,Woodlands CIQ,125
2022-08-18,15:00,JB Sentral,Woodlands CIQ,155
2022-08-18,15:00,Woodlands CIQ,JB Sentral,88
2022-08-18,16:00,JB Sentral,Woodlands CIQ,319
2022-08-18,16:00,Woodlands CIQ,JB Sentral,67
2022-08-18,17:00,JB Sentral,Woodlands CIQ,318
2022-08-18,17:00,Woodlands CIQ,JB Sentral,110
2022-08-18,18:00,Woodlands CIQ,JB Sentral,314
2022-08-18,19:00,JB Sentral,Woodlands CIQ,322
2022-08-18,20:00,JB Sentral,Woodlands CIQ,317
2022-08-18,20:00,Woodlands CIQ,JB Sentral,306
2022-08-18,21:00,JB Sentral,Woodlands CIQ,316
2022-08-18,21:00,Woodlands CIQ,JB Sentral,207
2022-08-18,22:00,JB Sentral,Woodlands CIQ,241
2022-08-18,22:00,Woodlands CIQ,JB Sentral,103
2022-08-18,23:00,Woodlands CIQ,JB Sentral,26
2022-08-19,05:00,JB Sentral,Woodlands CIQ,414
2022-08-19,06:00,JB Sentral,Woodlands CIQ,632
2022-08-19,07:00,JB Sentral,Woodlands CIQ,632
2022-08-19,08:00,JB Sentral,Woodlands CIQ,204
2022-08-19,08:00,Woodlands CIQ,JB Sentral,316
2022-08-19,09:00,Woodlands CIQ,JB Sentral,317
2022-08-19,10:00,JB Sentral,Woodlands CIQ,143
2022-08-19,11:00,JB Sentral,Woodlands CIQ,100
2022-08-19,11:00,Woodlands CIQ,JB Sentral,317
2022-08-19,12:00,JB Sentral,Woodlands CIQ,144
2022-08-19,12:00,Woodlands CIQ,JB Sentral,323
2022-08-19,13:00,Woodlands CIQ,JB Sentral,318
2022-08-19,14:00,JB Sentral,Woodlands CIQ,133
2022-08-19,15:00,JB Sentral,Woodlands CIQ,174
2022-08-19,15:00,Woodlands CIQ,JB Sentral,325
2022-08-19,16:00,JB Sentral,Woodlands CIQ,289
2022-08-19,16:00,Woodlands CIQ,JB Sentral,326
2022-08-19,17:00,JB Sentral,Woodlands CIQ,319
2022-08-19,17:00,Woodlands CIQ,JB Sentral,321
2022-08-19,18:00,Woodlands CIQ,JB Sentral,319
2022-08-19,19:00,JB Sentral,Woodlands CIQ,318
2022-08-19,20:00,JB Sentral,Woodlands CIQ,316
2022-08-19,20:00,Woodlands CIQ,JB Sentral,317
2022-08-19,21:00,JB Sentral,Woodlands CIQ,316
2022-08-19,21:00,Woodlands CIQ,JB Sentral,322
2022-08-19,22:00,JB Sentral,Woodlands CIQ,319
2022-08-19,22:00,Woodlands CIQ,JB Sentral,326
2022-08-19,23:00,Woodlands CIQ,JB Sentral,319
2022-08-20,05:00,JB Sentral,Woodlands CIQ,228
2022-08-20,06:00,JB Sentral,Woodlands CIQ,222
2022-08-20,07:00,JB Sentral,Woodlands CIQ,294
2022-08-20,08:00,JB Sentral,Woodlands CIQ,190
2022-08-20,08:00,Woodlands CIQ,JB Sentral,319
2022-08-20,09:00,Woodlands CIQ,JB Sentral,322
2022-08-20,10:00,JB Sentral,Woodlands CIQ,235
2022-08-20,11:00,JB Sentral,Woodlands CIQ,117
2022-08-20,11:00,Woodlands CIQ,JB Sentral,317
2022-08-20,12:00,JB Sentral,Woodlands CIQ,140
2022-08-20,12:00,Woodlands CIQ,JB Sentral,318
2022-08-20,13:00,Woodlands CIQ,JB Sentral,317
2022-08-20,14:00,JB Sentral,Woodlands CIQ,179
2022-08-20,15:00,JB Sentral,Woodlands CIQ,251
2022-08-20,15:00,Woodlands CIQ,JB Sentral,323
2022-08-20,16:00,JB Sentral,Woodlands CIQ,323
2022-08-20,16:00,Woodlands CIQ,JB Sentral,318
2022-08-20,17:00,JB Sentral,Woodlands CIQ,317
2022-08-20,17:00,Woodlands CIQ,JB Sentral,325
2022-08-20,18:00,Woodlands CIQ,JB Sentral,321
2022-08-20,19:00,JB Sentral,Woodlands CIQ,318
2022-08-20,20:00,JB Sentral,Woodlands CIQ,317
2022-08-20,20:00,Woodlands CIQ,JB Sentral,224
2022-08-20,21:00,JB Sentral,Woodlands CIQ,317
2022-08-20,21:00,Woodlands CIQ,JB Sentral,165
2022-08-20,22:00,JB Sentral,Woodlands CIQ,318
2022-08-20,22:00,Woodlands CIQ,JB Sentral,99
2022-08-20,23:00,Woodlands CIQ,JB Sentral,29
2022-08-21,05:00,JB Sentral,Woodlands CIQ,107
2022-08-21,06:00,JB Sentral,Woodlands CIQ,109
2022-08-21,07:00,JB Sentral,Woodlands CIQ,142
2022-08-21,08:00,JB Sentral,Woodlands CIQ,321
2022-08-21,08:00,Woodlands CIQ,JB Sentral,319
2022-08-21,09:00,Woodlands CIQ,JB Sentral,317
2022-08-21,10:00,JB Sentral,Woodlands CIQ,325
2022-08-21,11:00,JB Sentral,Woodlands CIQ,318
2022-08-21,11:00,Woodlands CIQ,JB Sentral,318
2022-08-21,12:00,JB Sentral,Woodlands CIQ,319
2022-08-21,12:00,Woodlands CIQ,JB Sentral,240
2022-08-21,13:00,Woodlands CIQ,JB Sentral,136
2022-08-21,14:00,JB Sentral,Woodlands CIQ,321
2022-08-21,15:00,JB Sentral,Woodlands CIQ,318
2022-08-21,15:00,Woodlands CIQ,JB Sentral,98
2022-08-21,16:00,JB Sentral,Woodlands CIQ,321
2022-08-21,16:00,Woodlands CIQ,JB Sentral,81
2022-08-21,17:00,JB Sentral,Woodlands CIQ,321
2022-08-21,17:00,Woodlands CIQ,JB Sentral,111
2022-08-21,18:00,Woodlands CIQ,JB Sentral,62
2022-08-21,19:00,JB Sentral,Woodlands CIQ,319
2022-08-21,20:00,JB Sentral,Woodlands CIQ,322
2022-08-21,20:00,Woodlands CIQ,JB Sentral,78
2022-08-21,21:00,JB Sentral,Woodlands CIQ,317
2022-08-21,21:00,Woodlands CIQ,JB Sentral,69
2022-08-21,22:00,JB Sentral,Woodlands CIQ,317
2022-08-21,22:00,Woodlands CIQ,JB Sentral,40
2022-08-21,23:00,Woodlands CIQ,JB Sentral,22
2022-08-22,05:00,JB Sentral,Woodlands CIQ,632
2022-08-22,06:00,JB Sentral,Woodlands CIQ,634
2022-08-22,07:00,JB Sentral,Woodlands CIQ,632
2022-08-22,08:00,JB Sentral,Woodlands CIQ,317
2022-08-22,08:00,Woodlands CIQ,JB Sentral,218
2022-08-22,09:00,Woodlands CIQ,JB Sentral,320
2022-08-22,10:00,JB Sentral,Woodlands CIQ,199
2022-08-22,11:00,JB Sentral,Woodlands CIQ,164
2022-08-22,11:00,Woodlands CIQ,JB Sentral,320
2022-08-22,12:00,JB Sentral,Woodlands CIQ,153
2022-08-22,12:00,Woodlands CIQ,JB Sentral,259
2022-08-22,13:00,Woodlands CIQ,JB Sentral,91
2022-08-22,14:00,JB Sentral,Woodlands CIQ,174
2022-08-22,15:00,JB Sentral,Woodlands CIQ,313
2022-08-22,15:00,Woodlands CIQ,JB Sentral,44
2022-08-22,16:00,JB Sentral,Woodlands CIQ,317
2022-08-22,16:00,Woodlands CIQ,JB Sentral,53
2022-08-22,17:00,JB Sentral,Woodlands CIQ,324
2022-08-22,17:00,Woodlands CIQ,JB Sentral,82
2022-08-22,18:00,Woodlands CIQ,JB Sentral,234
2022-08-22,19:00,JB Sentral,Woodlands CIQ,318
2022-08-22,20:00,JB Sentral,Woodlands CIQ,319
2022-08-22,20:00,Woodlands CIQ,JB Sentral,194
2022-08-22,21:00,JB Sentral,Woodlands CIQ,316
2022-08-22,21:00,Woodlands CIQ,JB Sentral,120
2022-08-22,22:00,JB Sentral,Woodlands CIQ,312
2022-08-22,22:00,Woodlands CIQ,JB Sentral,45
2022-08-22,23:00,Woodlands CIQ,JB Sentral,24
2022-08-23,05:00,JB Sentral,Woodlands CIQ,310
2022-08-23,06:00,JB Sentral,Woodlands CIQ,632
2022-08-23,07:00,JB Sentral,Woodlands CIQ,632
2022-08-23,08:00,JB Sentral,Woodlands CIQ,193
2022-08-23,08:00,Woodlands CIQ,JB Sentral,147
2022-08-23,09:00,Woodlands CIQ,JB Sentral,317
2022-08-23,10:00,JB Sentral,Woodlands CIQ,147
2022-08-23,11:00,JB Sentral,Woodlands CIQ,102
2022-08-23,11:00,Woodlands CIQ,JB Sentral,321
2022-08-23,12:00,JB Sentral,Woodlands CIQ,105
2022-08-23,12:00,Woodlands CIQ,JB Sentral,174
2022-08-23,13:00,Woodlands CIQ,JB Sentral,63
2022-08-23,14:00,JB Sentral,Woodlands CIQ,121
2022-08-23,15:00,JB Sentral,Woodlands CIQ,204
2022-08-23,15:00,Woodlands CIQ,JB Sentral,58
2022-08-23,16:00,JB Sentral,Woodlands CIQ,319
2022-08-23,16:00,Woodlands CIQ,JB Sentral,56
2022-08-23,17:00,JB Sentral,Woodlands CIQ,318
2022-08-23,17:00,Woodlands CIQ,JB Sentral,87
2022-08-23,18:00,Woodlands CIQ,JB Sentral,261
2022-08-23,19:00,JB Sentral,Woodlands CIQ,319
2022-08-23,20:00,JB Sentral,Woodlands CIQ,320
2022-08-23,20:00,Woodlands CIQ,JB Sentral,230
2022-08-23,21:00,JB Sentral,Woodlands CIQ,316
2022-08-23,21:00,Woodlands CIQ,JB Sentral,120
2022-08-23,22:00,JB Sentral,Woodlands CIQ,170
2022-08-23,22:00,Woodlands CIQ,JB Sentral,50
2022-08-23,23:00,Woodlands CIQ,JB Sentral,17
2022-08-24,05:00,JB Sentral,Woodlands CIQ,325
2022-08-24,06:00,JB Sentral,Woodlands CIQ,632
2022-08-24,07:00,JB Sentral,Woodlands CIQ,634
2022-08-24,08:00,JB Sentral,Woodlands CIQ,183
2022-08-24,08:00,Woodlands CIQ,JB Sentral,193
2022-08-24,09:00,Woodlands CIQ,JB Sentral,316
2022-08-24,10:00,JB Sentral,Woodlands CIQ,153
2022-08-24,11:00,JB Sentral,Woodlands CIQ,135
2022-08-24,11:00,Woodlands CIQ,JB Sentral,318
2022-08-24,12:00,JB Sentral,Woodlands CIQ,91
2022-08-24,12:00,Woodlands CIQ,JB Sentral,210
2022-08-24,13:00,Woodlands CIQ,JB Sentral,93
2022-08-24,14:00,JB Sentral,Woodlands CIQ,147
2022-08-24,15:00,JB Sentral,Woodlands CIQ,236
2022-08-24,15:00,Woodlands CIQ,JB Sentral,81
2022-08-24,16:00,JB Sentral,Woodlands CIQ,319
2022-08-24,16:00,Woodlands CIQ,JB Sentral,91
2022-08-24,17:00,JB Sentral,Woodlands CIQ,319
2022-08-24,17:00,Woodlands CIQ,JB Sentral,103
2022-08-24,18:00,Woodlands CIQ,JB Sentral,272
2022-08-24,19:00,JB Sentral,Woodlands CIQ,318
2022-08-24,20:00,JB Sentral,Woodlands CIQ,316
2022-08-24,20:00,Woodlands CIQ,JB Sentral,289
2022-08-24,21:00,JB Sentral,Woodlands CIQ,319
2022-08-24,21:00,Woodlands CIQ,JB Sentral,154
2022-08-24,22:00,JB Sentral,Woodlands CIQ,172
2022-08-24,22:00,Woodlands CIQ,JB Sentral,108
2022-08-24,23:00,Woodlands CIQ,JB Sentral,31
2022-08-25,05:00,JB Sentral,Woodlands CIQ,359
2022-08-25,06:00,JB Sentral,Woodlands CIQ,632
2022-08-25,07:00,JB Sentral,Woodlands CIQ,632
2022-08-25,08:00,JB Sentral,Woodlands CIQ,220
2022-08-25,08:00,Woodlands CIQ,JB Sentral,317
2022-08-25,09:00,Woodlands CIQ,JB Sentral,316
2022-08-25,10:00,JB Sentral,Woodlands CIQ,131
2022-08-25,11:00,JB Sentral,Woodlands CIQ,103
2022-08-25,11:00,Woodlands CIQ,JB Sentral,317
2022-08-25,12:00,JB Sentral,Woodlands CIQ,121
2022-08-25,12:00,Woodlands CIQ,JB Sentral,297
2022-08-25,13:00,Woodlands CIQ,JB Sentral,118
2022-08-25,14:00,JB Sentral,Woodlands CIQ,135
2022-08-25,15:00,JB Sentral,Woodlands CIQ,236
2022-08-25,15:00,Woodlands CIQ,JB Sentral,103
2022-08-25,16:00,JB Sentral,Woodlands CIQ,316
2022-08-25,16:00,Woodlands CIQ,JB Sentral,76
2022-08-25,17:00,JB Sentral,Woodlands CIQ,316
2022-08-25,17:00,Woodlands CIQ,JB Sentral,103
2022-08-25,18:00,Woodlands CIQ,JB Sentral,316
2022-08-25,19:00,JB Sentral,Woodlands CIQ,319
2022-08-25,20:00,JB Sentral,Woodlands CIQ,317
2022-08-25,20:00,Woodlands CIQ,JB Sentral,319
2022-08-25,21:00,JB Sentral,Woodlands CIQ,316
2022-08-25,21:00,Woodlands CIQ,JB Sentral,213
2022-08-25,22:00,JB Sentral,Woodlands CIQ,296
2022-08-25,22:00,Woodlands CIQ,JB Sentral,102
2022-08-25,23:00,Woodlands CIQ,JB Sentral,14
2022-08-26,05:00,JB Sentral,Woodlands CIQ,447
2022-08-26,06:00,JB Sentral,Woodlands CIQ,632
2022-08-26,07:00,JB Sentral,Woodlands CIQ,632
2022-08-26,08:00,JB Sentral,Woodlands CIQ,186
2022-08-26,08:00,Woodlands CIQ,JB Sentral,317
2022-08-26,09:00,Woodlands CIQ,JB Sentral,325
2022-08-26,10:00,JB Sentral,Woodlands CIQ,137
2022-08-26,11:00,JB Sentral,Woodlands CIQ,101
2022-08-26,11:00,Woodlands CIQ,JB Sentral,322
2022-08-26,12:00,JB Sentral,Woodlands CIQ,99
2022-08-26,12:00,Woodlands CIQ,JB Sentral,317
2022-08-26,13:00,Woodlands CIQ,JB Sentral,325
2022-08-26,14:00,JB Sentral,Woodlands CIQ,143
2022-08-26,15:00,JB Sentral,Woodlands CIQ,172
2022-08-26,15:00,Woodlands CIQ,JB Sentral,317
2022-08-26,16:00,JB Sentral,Woodlands CIQ,295
2022-08-26,16:00,Woodlands CIQ,JB Sentral,319
2022-08-26,17:00,JB Sentral,Woodlands CIQ,316
2022-08-26,17:00,Woodlands CIQ,JB Sentral,320
2022-08-26,18:00,Woodlands CIQ,JB Sentral,318
2022-08-26,19:00,JB Sentral,Woodlands CIQ,319
2022-08-26,20:00,JB Sentral,Woodlands CIQ,316
2022-08-26,20:00,Woodlands CIQ,JB Sentral,319
2022-08-26,21:00,JB Sentral,Woodlands CIQ,319
2022-08-26,21:00,Woodlands CIQ,JB Sentral,322
2022-08-26,22:00,JB Sentral,Woodlands CIQ,316
2022-08-26,22:00,Woodlands CIQ,JB Sentral,321
2022-08-26,23:00,Woodlands CIQ,JB Sentral,316
2022-08-27,05:00,JB Sentral,Woodlands CIQ,209
2022-08-27,06:00,JB Sentral,Woodlands CIQ,221
2022-08-27,07:00,JB Sentral,Woodlands CIQ,377
2022-08-27,08:00,JB Sentral,Woodlands CIQ,197
2022-08-27,08:00,Woodlands CIQ,JB Sentral,320
2022-08-27,09:00,Woodlands CIQ,JB Sentral,320
2022-08-27,10:00,JB Sentral,Woodlands CIQ,222
2022-08-27,11:00,JB Sentral,Woodlands CIQ,152
2022-08-27,11:00,Woodlands CIQ,JB Sentral,324
2022-08-27,12:00,JB Sentral,Woodlands CIQ,106
2022-08-27,12:00,Woodlands CIQ,JB Sentral,318
2022-08-27,13:00,Woodlands CIQ,JB Sentral,319
2022-08-27,14:00,JB Sentral,Woodlands CIQ,210
2022-08-27,15:00,JB Sentral,Woodlands CIQ,319
2022-08-27,15:00,Woodlands CIQ,JB Sentral,320
2022-08-27,16:00,JB Sentral,Woodlands CIQ,316
2022-08-27,16:00,Woodlands CIQ,JB Sentral,325
2022-08-27,17:00,JB Sentral,Woodlands CIQ,318
2022-08-27,17:00,Woodlands CIQ,JB Sentral,318
2022-08-27,18:00,Woodlands CIQ,JB Sentral,326
2022-08-27,19:00,JB Sentral,Woodlands CIQ,321
2022-08-27,20:00,JB Sentral,Woodlands CIQ,321
2022-08-27,20:00,Woodlands CIQ,JB Sentral,241
2022-08-27,21:00,JB Sentral,Woodlands CIQ,318
2022-08-27,21:00,Woodlands CIQ,JB Sentral,193
2022-08-27,22:00,JB Sentral,Woodlands CIQ,318
2022-08-27,22:00,Woodlands CIQ,JB Sentral,136
2022-08-27,23:00,Woodlands CIQ,JB Sentral,45
2022-08-28,05:00,JB Sentral,Woodlands CIQ,115
2022-08-28,06:00,JB Sentral,Woodlands CIQ,101
2022-08-28,07:00,JB Sentral,Woodlands CIQ,203
2022-08-28,08:00,JB Sentral,Woodlands CIQ,319
2022-08-28,08:00,Woodlands CIQ,JB Sentral,316
2022-08-28,09:00,Woodlands CIQ,JB Sentral,317
2022-08-28,10:00,JB Sentral,Woodlands CIQ,324
2022-08-28,11:00,JB Sentral,Woodlands CIQ,318
2022-08-28,11:00,Woodlands CIQ,JB Sentral,319
2022-08-28,12:00,JB Sentral,Woodlands CIQ,320
2022-08-28,12:00,Woodlands CIQ,JB Sentral,320
2022-08-28,13:00,Woodlands CIQ,JB Sentral,174
2022-08-28,14:00,JB Sentral,Woodlands CIQ,319
2022-08-28,15:00,JB Sentral,Woodlands CIQ,319
2022-08-28,15:00,Woodlands CIQ,JB Sentral,106
2022-08-28,16:00,JB Sentral,Woodlands CIQ,319
2022-08-28,16:00,Woodlands CIQ,JB Sentral,97
2022-08-28,17:00,JB Sentral,Woodlands CIQ,318
2022-08-28,17:00,Woodlands CIQ,JB Sentral,84
2022-08-28,18:00,Woodlands CIQ,JB Sentral,95
2022-08-28,19:00,JB Sentral,Woodlands CIQ,317
2022-08-28,20:00,JB Sentral,Woodlands CIQ,321
2022-08-28,20:00,Woodlands CIQ,JB Sentral,58
2022-08-28,21:00,JB Sentral,Woodlands CIQ,322
2022-08-28,21:00,Woodlands CIQ,JB Sentral,72
2022-08-28,22:00,JB Sentral,Woodlands CIQ,318
2022-08-28,22:00,Woodlands CIQ,JB Sentral,71
2022-08-28,23:00,Woodlands CIQ,JB Sentral,32
2022-08-29,05:00,JB Sentral,Woodlands CIQ,632
2022-08-29,06:00,JB Sentral,Woodlands CIQ,636
2022-08-29,07:00,JB Sentral,Woodlands CIQ,636
2022-08-29,08:00,JB Sentral,Woodlands CIQ,323
2022-08-29,08:00,Woodlands CIQ,JB Sentral,312
2022-08-29,09:00,Woodlands CIQ,JB Sentral,316
2022-08-29,10:00,JB Sentral,Woodlands CIQ,287
2022-08-29,11:00,JB Sentral,Woodlands CIQ,176
2022-08-29,11:00,Woodlands CIQ,JB Sentral,317
2022-08-29,12:00,JB Sentral,Woodlands CIQ,179
2022-08-29,12:00,Woodlands CIQ,JB Sentral,321
2022-08-29,13:00,Woodlands CIQ,JB Sentral,154
2022-08-29,14:00,JB Sentral,Woodlands CIQ,227
2022-08-29,15:00,JB Sentral,Woodlands CIQ,326
2022-08-29,15:00,Woodlands CIQ,JB Sentral,89
2022-08-29,16:00,JB Sentral,Woodlands CIQ,318
2022-08-29,16:00,Woodlands CIQ,JB Sentral,80
2022-08-29,17:00,JB Sentral,Woodlands CIQ,319
2022-08-29,17:00,Woodlands CIQ,JB Sentral,89
2022-08-29,18:00,Woodlands CIQ,JB Sentral,253
2022-08-29,19:00,JB Sentral,Woodlands CIQ,320
2022-08-29,20:00,JB Sentral,Woodlands CIQ,318
2022-08-29,20:00,Woodlands CIQ,JB Sentral,232
2022-08-29,21:00,JB Sentral,Woodlands CIQ,318
2022-08-29,21:00,Woodlands CIQ,JB Sentral,137
2022-08-29,22:00,JB Sentral,Woodlands CIQ,318
2022-08-29,22:00,Woodlands CIQ,JB Sentral,61
2022-08-29,23:00,Woodlands CIQ,JB Sentral,12
2022-08-30,05:00,JB Sentral,Woodlands CIQ,358
2022-08-30,06:00,JB Sentral,Woodlands CIQ,632
2022-08-30,07:00,JB Sentral,Woodlands CIQ,633
2022-08-30,08:00,JB Sentral,Woodlands CIQ,217
2022-08-30,08:00,Woodlands CIQ,JB Sentral,193
2022-08-30,09:00,Woodlands CIQ,JB Sentral,318
2022-08-30,10:00,JB Sentral,Woodlands CIQ,157
2022-08-30,11:00,JB Sentral,Woodlands CIQ,118
2022-08-30,11:00,Woodlands CIQ,JB Sentral,317
2022-08-30,12:00,JB Sentral,Woodlands CIQ,113
2022-08-30,12:00,Woodlands CIQ,JB Sentral,276
2022-08-30,13:00,Woodlands CIQ,JB Sentral,108
2022-08-30,14:00,JB Sentral,Woodlands CIQ,140
2022-08-30,15:00,JB Sentral,Woodlands CIQ,316
2022-08-30,15:00,Woodlands CIQ,JB Sentral,90
2022-08-30,16:00,JB Sentral,Woodlands CIQ,321
2022-08-30,16:00,Woodlands CIQ,JB Sentral,76
2022-08-30,17:00,JB Sentral,Woodlands CIQ,321
2022-08-30,17:00,Woodlands CIQ,JB Sentral,125
2022-08-30,18:00,Woodlands CIQ,JB Sentral,280
2022-08-30,19:00,JB Sentral,Woodlands CIQ,318
2022-08-30,20:00,JB Sentral,Woodlands CIQ,316
2022-08-30,20:00,Woodlands CIQ,JB Sentral,265
2022-08-30,21:00,JB Sentral,Woodlands CIQ,318
2022-08-30,21:00,Woodlands CIQ,JB Sentral,138
2022-08-30,22:00,JB Sentral,Woodlands CIQ,313
2022-08-30,22:00,Woodlands CIQ,JB Sentral,65
2022-08-30,23:00,Woodlands CIQ,JB Sentral,34
2022-08-31,05:00,JB Sentral,Woodlands CIQ,391
2022-08-31,06:00,JB Sentral,Woodlands CIQ,632
2022-08-31,07:00,JB Sentral,Woodlands CIQ,633
2022-08-31,08:00,JB Sentral,Woodlands CIQ,319
2022-08-31,08:00,Woodlands CIQ,JB Sentral,129
2022-08-31,09:00,Woodlands CIQ,JB Sentral,320
2022-08-31,10:00,JB Sentral,Woodlands CIQ,260
2022-08-31,11:00,JB Sentral,Woodlands CIQ,197
2022-08-31,11:00,Woodlands CIQ,JB Sentral,319
2022-08-31,12:00,JB Sentral,Woodlands CIQ,132
2022-08-31,12:00,Woodlands CIQ,JB Sentral,191
2022-08-31,13:00,Woodlands CIQ,JB Sentral,129
2022-08-31,14:00,JB Sentral,Woodlands CIQ,161
2022-08-31,15:00,JB Sentral,Woodlands CIQ,246
2022-08-31,15:00,Woodlands CIQ,JB Sentral,117
2022-08-31,16:00,JB Sentral,Woodlands CIQ,319
2022-08-31,16:00,Woodlands CIQ,JB Sentral,146
2022-08-31,17:00,JB Sentral,Woodlands CIQ,311
2022-08-31,17:00,Woodlands CIQ,JB Sentral,157
2022-08-31,18:00,Woodlands CIQ,JB Sentral,316
2022-08-31,19:00,JB Sentral,Woodlands CIQ,313
2022-08-31,20:00,JB Sentral,Woodlands CIQ,317
2022-08-31,20:00,Woodlands CIQ,JB Sentral,309
2022-08-31,21:00,JB Sentral,Woodlands CIQ,318
2022-08-31,21:00,Woodlands CIQ,JB Sentral,214
2022-08-31,22:00,JB Sentral,Woodlands CIQ,163
2022-08-31,22:00,Woodlands CIQ,JB Sentral,115
2022-08-31,23:00,Woodlands CIQ,JB Sentral,28
2022-09-01,05:00,JB Sentral,Woodlands CIQ,456
2022-09-01,06:00,JB Sentral,Woodlands CIQ,632
2022-09-01,07:00,JB Sentral,Woodlands CIQ,632
2022-09-01,08:00,JB Sentral,Woodlands CIQ,241
2022-09-01,08:00,Woodlands CIQ,JB Sentral,319
2022-09-01,09:00,Woodlands CIQ,JB Sentral,319
2022-09-01,10:00,JB Sentral,Woodlands CIQ,207
2022-09-01,11:00,JB Sentral,Woodlands CIQ,121
2022-09-01,11:00,Woodlands CIQ,JB Sentral,323
2022-09-01,12:00,JB Sentral,Woodlands CIQ,113
2022-09-01,12:00,Woodlands CIQ,JB Sentral,327
2022-09-01,13:00,Woodlands CIQ,JB Sentral,320
2022-09-01,14:00,JB Sentral,Woodlands CIQ,134
2022-09-01,15:00,JB Sentral,Woodlands CIQ,205
2022-09-01,15:00,Woodlands CIQ,JB Sentral,325
2022-09-01,16:00,JB Sentral,Woodlands CIQ,316
2022-09-01,16:00,Woodlands CIQ,JB Sentral,324
2022-09-01,17:00,JB Sentral,Woodlands CIQ,317
2022-09-01,17:00,Woodlands CIQ,JB Sentral,331
2022-09-01,18:00,Woodlands CIQ,JB Sentral,322
2022-09-01,19:00,JB Sentral,Woodlands CIQ,317
2022-09-01,20:00,JB Sentral,Woodlands CIQ,317
2022-09-01,20:00,Woodlands CIQ,JB Sentral,321
2022-09-01,21:00,JB Sentral,Woodlands CIQ,317
2022-09-01,21:00,Woodlands CIQ,JB Sentral,325
2022-09-01,22:00,JB Sentral,Woodlands CIQ,317
2022-09-01,22:00,Woodlands CIQ,JB Sentral,325
2022-09-01,23:00,Woodlands CIQ,JB Sentral,167
2022-09-02,05:00,JB Sentral,Woodlands CIQ,474
2022-09-02,06:00,JB Sentral,Woodlands CIQ,632
2022-09-02,07:00,JB Sentral,Woodlands CIQ,632
2022-09-02,08:00,JB Sentral,Woodlands CIQ,248
2022-09-02,08:00,Woodlands CIQ,JB Sentral,327
2022-09-02,09:00,Woodlands CIQ,JB Sentral,324
2022-09-02,10:00,JB Sentral,Woodlands CIQ,193
2022-09-02,11:00,JB Sentral,Woodlands CIQ,158
2022-09-02,11:00,Woodlands CIQ,JB Sentral,331
2022-09-02,12:00,JB Sentral,Woodlands CIQ,148
2022-09-02,12:00,Woodlands CIQ,JB Sentral,328
2022-09-02,13:00,Woodlands CIQ,JB Sentral,319
2022-09-02,14:00,JB Sentral,Woodlands CIQ,167
2022-09-02,15:00,JB Sentral,Woodlands CIQ,301
2022-09-02,15:00,Woodlands CIQ,JB Sentral,323
2022-09-02,16:00,JB Sentral,Woodlands CIQ,320
2022-09-02,16:00,Woodlands CIQ,JB Sentral,319
2022-09-02,17:00,JB Sentral,Woodlands CIQ,322
2022-09-02,17:00,Woodlands CIQ,JB Sentral,321
2022-09-02,18:00,Woodlands CIQ,JB Sentral,318
2022-09-02,19:00,JB Sentral,Woodlands CIQ,320
2022-09-02,20:00,JB Sentral,Woodlands CIQ,320
2022-09-02,20:00,Woodlands CIQ,JB Sentral,322
2022-09-02,21:00,JB Sentral,Woodlands CIQ,318
2022-09-02,21:00,Woodlands CIQ,JB Sentral,326
2022-09-02,22:00,JB Sentral,Woodlands CIQ,319
2022-09-02,22:00,Woodlands CIQ,JB Sentral,320
2022-09-02,23:00,Woodlands CIQ,JB Sentral,322
2022-09-03,05:00,JB Sentral,Woodlands CIQ,293
2022-09-03,06:00,JB Sentral,Woodlands CIQ,276
2022-09-03,07:00,JB Sentral,Woodlands CIQ,364
2022-09-03,08:00,JB Sentral,Woodlands CIQ,243
2022-09-03,08:00,Woodlands CIQ,JB Sentral,321
2022-09-03,09:00,Woodlands CIQ,JB Sentral,322
2022-09-03,10:00,JB Sentral,Woodlands CIQ,325
2022-09-03,11:00,JB Sentral,Woodlands CIQ,274
2022-09-03,11:00,Woodlands CIQ,JB Sentral,327
2022-09-03,12:00,JB Sentral,Woodlands CIQ,317
2022-09-03,12:00,Woodlands CIQ,JB Sentral,324
2022-09-03,13:00,Woodlands CIQ,JB Sentral,324
2022-09-03,14:00,JB Sentral,Woodlands CIQ,322
2022-09-03,15:00,JB Sentral,Woodlands CIQ,320
2022-09-03,15:00,Woodlands CIQ,JB Sentral,320
2022-09-03,16:00,JB Sentral,Woodlands CIQ,326
2022-09-03,16:00,Woodlands CIQ,JB Sentral,323
2022-09-03,17:00,JB Sentral,Woodlands CIQ,321
2022-09-03,17:00,Woodlands CIQ,JB Sentral,324
2022-09-03,18:00,Woodlands CIQ,JB Sentral,319
2022-09-03,19:00,JB Sentral,Woodlands CIQ,321
2022-09-03,20:00,JB Sentral,Woodlands CIQ,317
2022-09-03,20:00,Woodlands CIQ,JB Sentral,321
2022-09-03,21:00,JB Sentral,Woodlands CIQ,319
2022-09-03,21:00,Woodlands CIQ,JB Sentral,320
2022-09-03,22:00,JB Sentral,Woodlands CIQ,316
2022-09-03,22:00,Woodlands CIQ,JB Sentral,318
2022-09-03,23:00,Woodlands CIQ,JB Sentral,111
2022-09-04,05:00,JB Sentral,Woodlands CIQ,141
2022-09-04,06:00,JB Sentral,Woodlands CIQ,111
2022-09-04,07:00,JB Sentral,Woodlands CIQ,476
2022-09-04,08:00,JB Sentral,Woodlands CIQ,322
2022-09-04,08:00,Woodlands CIQ,JB Sentral,318
2022-09-04,09:00,Woodlands CIQ,JB Sentral,323
2022-09-04,10:00,JB Sentral,Woodlands CIQ,323
2022-09-04,11:00,JB Sentral,Woodlands CIQ,319
2022-09-04,11:00,Woodlands CIQ,JB Sentral,323
2022-09-04,12:00,JB Sentral,Woodlands CIQ,322
2022-09-04,12:00,Woodlands CIQ,JB Sentral,323
2022-09-04,13:00,Woodlands CIQ,JB Sentral,323
2022-09-04,14:00,JB Sentral,Woodlands CIQ,323
2022-09-04,15:00,JB Sentral,Woodlands CIQ,325
2022-09-04,15:00,Woodlands CIQ,JB Sentral,323
2022-09-04,16:00,JB Sentral,Woodlands CIQ,324
2022-09-04,16:00,Woodlands CIQ,JB Sentral,318
2022-09-04,17:00,JB Sentral,Woodlands CIQ,320
2022-09-04,17:00,Woodlands CIQ,JB Sentral,261
2022-09-04,18:00,Woodlands CIQ,JB Sentral,143
2022-09-04,19:00,JB Sentral,Woodlands CIQ,324
2022-09-04,20:00,JB Sentral,Woodlands CIQ,324
2022-09-04,20:00,Woodlands CIQ,JB Sentral,120
2022-09-04,21:00,JB Sentral,Woodlands CIQ,320
2022-09-04,21:00,Woodlands CIQ,JB Sentral,98
2022-09-04,22:00,JB Sentral,Woodlands CIQ,317
2022-09-04,22:00,Woodlands CIQ,JB Sentral,92
2022-09-04,23:00,Woodlands CIQ,JB Sentral,57
2022-09-05,05:00,JB Sentral,Woodlands CIQ,632
2022-09-05,06:00,JB Sentral,Woodlands CIQ,632
2022-09-05,07:00,JB Sentral,Woodlands CIQ,635
2022-09-05,08:00,JB Sentral,Woodlands CIQ,318
2022-09-05,08:00,Woodlands CIQ,JB Sentral,323
2022-09-05,09:00,Woodlands CIQ,JB Sentral,323
2022-09-05,10:00,JB Sentral,Woodlands CIQ,320
2022-09-05,11:00,JB Sentral,Woodlands CIQ,325
2022-09-05,11:00,Woodlands CIQ,JB Sentral,317
2022-09-05,12:00,JB Sentral,Woodlands CIQ,325
2022-09-05,12:00,Woodlands CIQ,JB Sentral,322
2022-09-05,13:00,Woodlands CIQ,JB Sentral,322
2022-09-05,14:00,JB Sentral,Woodlands CIQ,323
2022-09-05,15:00,JB Sentral,Woodlands CIQ,322
2022-09-05,15:00,Woodlands CIQ,JB Sentral,321
2022-09-05,16:00,JB Sentral,Woodlands CIQ,326
2022-09-05,16:00,Woodlands CIQ,JB Sentral,187
2022-09-05,17:00,JB Sentral,Woodlands CIQ,320
2022-09-05,17:00,Woodlands CIQ,JB Sentral,152
2022-09-05,18:00,Woodlands CIQ,JB Sentral,271
2022-09-05,19:00,JB Sentral,Woodlands CIQ,323
2022-09-05,20:00,JB Sentral,Woodlands CIQ,319
2022-09-05,20:00,Woodlands CIQ,JB Sentral,250
2022-09-05,21:00,JB Sentral,Woodlands CIQ,319
2022-09-05,21:00,Woodlands CIQ,JB Sentral,180
2022-09-05,22:00,JB Sentral,Woodlands CIQ,316
2022-09-05,22:00,Woodlands CIQ,JB Sentral,150
2022-09-05,23:00,Woodlands CIQ,JB Sentral,32
2022-09-06,05:00,JB Sentral,Woodlands CIQ,377
2022-09-06,06:00,JB Sentral,Woodlands CIQ,633
2022-09-06,07:00,JB Sentral,Woodlands CIQ,633
2022-09-06,08:00,JB Sentral,Woodlands CIQ,317
2022-09-06,08:00,Woodlands CIQ,JB Sentral,320
2022-09-06,09:00,Woodlands CIQ,JB Sentral,318
2022-09-06,10:00,JB Sentral,Woodlands CIQ,260
2022-09-06,11:00,JB Sentral,Woodlands CIQ,282
2022-09-06,11:00,Woodlands CIQ,JB Sentral,320
2022-09-06,12:00,JB Sentral,Woodlands CIQ,322
2022-09-06,12:00,Woodlands CIQ,JB Sentral,328
2022-09-06,13:00,Woodlands CIQ,JB Sentral,323
2022-09-06,14:00,JB Sentral,Woodlands CIQ,318
2022-09-06,15:00,JB Sentral,Woodlands CIQ,319
2022-09-06,15:00,Woodlands CIQ,JB Sentral,325
2022-09-06,16:00,JB Sentral,Woodlands CIQ,323
2022-09-06,16:00,Woodlands CIQ,JB Sentral,125
2022-09-06,17:00,JB Sentral,Woodlands CIQ,322
2022-09-06,17:00,Woodlands CIQ,JB Sentral,199
2022-09-06,18:00,Woodlands CIQ,JB Sentral,318
2022-09-06,19:00,JB Sentral,Woodlands CIQ,317
2022-09-06,20:00,JB Sentral,Woodlands CIQ,317
2022-09-06,20:00,Woodlands CIQ,JB Sentral,315
2022-09-06,21:00,JB Sentral,Woodlands CIQ,320
2022-09-06,21:00,Woodlands CIQ,JB Sentral,216
2022-09-06,22:00,JB Sentral,Woodlands CIQ,317
2022-09-06,22:00,Woodlands CIQ,JB Sentral,146
2022-09-06,23:00,Woodlands CIQ,JB Sentral,42
2022-09-07,05:00,JB Sentral,Woodlands CIQ,345
2022-09-07,06:00,JB Sentral,Woodlands CIQ,633
2022-09-07,07:00,JB Sentral,Woodlands CIQ,632
2022-09-07,08:00,JB Sentral,Woodlands CIQ,317
2022-09-07,08:00,Woodlands CIQ,JB Sentral,319
2022-09-07,09:00,Woodlands CIQ,JB Sentral,323
2022-09-07,10:00,JB Sentral,Woodlands CIQ,217
2022-09-07,11:00,JB Sentral,Woodlands CIQ,185
2022-09-07,11:00,Woodlands CIQ,JB Sentral,325
2022-09-07,12:00,JB Sentral,Woodlands CIQ,251
2022-09-07,12:00,Woodlands CIQ,JB Sentral,320
2022-09-07,13:00,Woodlands CIQ,JB Sentral,321
2022-09-07,14:00,JB Sentral,Woodlands CIQ,320
2022-09-07,15:00,JB Sentral,Woodlands CIQ,317
2022-09-07,15:00,Woodlands CIQ,JB Sentral,323
2022-09-07,16:00,JB Sentral,Woodlands CIQ,319
2022-09-07,16:00,Woodlands CIQ,JB Sentral,236
2022-09-07,17:00,JB Sentral,Woodlands CIQ,322
2022-09-07,17:00,Woodlands CIQ,JB Sentral,151
2022-09-07,18:00,Woodlands CIQ,JB Sentral,320
2022-09-07,19:00,JB Sentral,Woodlands CIQ,321
2022-09-07,20:00,JB Sentral,Woodlands CIQ,321
2022-09-07,20:00,Woodlands CIQ,JB Sentral,316
2022-09-07,21:00,JB Sentral,Woodlands CIQ,317
2022-09-07,21:00,Woodlands CIQ,JB Sentral,300
2022-09-07,22:00,JB Sentral,Woodlands CIQ,316
2022-09-07,22:00,Woodlands CIQ,JB Sentral,159
2022-09-07,23:00,Woodlands CIQ,JB Sentral,53
2022-09-08,05:00,JB Sentral,Woodlands CIQ,433
2022-09-08,06:00,JB Sentral,Woodlands CIQ,640
2022-09-08,07:00,JB Sentral,Woodlands CIQ,640
2022-09-08,08:00,JB Sentral,Woodlands CIQ,322
2022-09-08,08:00,Woodlands CIQ,JB Sentral,321
2022-09-08,09:00,Woodlands CIQ,JB Sentral,326
2022-09-08,10:00,JB Sentral,Woodlands CIQ,250
2022-09-08,11:00,JB Sentral,Woodlands CIQ,227
2022-09-08,11:00,Woodlands CIQ,JB Sentral,325
2022-09-08,12:00,JB Sentral,Woodlands CIQ,191
2022-09-08,12:00,Woodlands CIQ,JB Sentral,324
2022-09-08,13:00,Woodlands CIQ,JB Sentral,324
2022-09-08,14:00,JB Sentral,Woodlands CIQ,282
2022-09-08,15:00,JB Sentral,Woodlands CIQ,324
2022-09-08,15:00,Woodlands CIQ,JB Sentral,319
2022-09-08,16:00,JB Sentral,Woodlands CIQ,321
2022-09-08,16:00,Woodlands CIQ,JB Sentral,319
2022-09-08,17:00,JB Sentral,Woodlands CIQ,320
2022-09-08,17:00,Woodlands CIQ,JB Sentral,321
2022-09-08,18:00,Woodlands CIQ,JB Sentral,316
2022-09-08,19:00,JB Sentral,Woodlands CIQ,321
2022-09-08,20:00,JB Sentral,Woodlands CIQ,319
2022-09-08,20:00,Woodlands CIQ,JB Sentral,320
2022-09-08,21:00,JB Sentral,Woodlands CIQ,321
2022-09-08,21:00,Woodlands CIQ,JB Sentral,326
2022-09-08,22:00,JB Sentral,Woodlands CIQ,315
2022-09-08,22:00,Woodlands CIQ,JB Sentral,317
2022-09-08,23:00,Woodlands CIQ,JB Sentral,79
2022-09-09,05:00,JB Sentral,Woodlands CIQ,511
2022-09-09,06:00,JB Sentral,Woodlands CIQ,631
2022-09-09,07:00,JB Sentral,Woodlands CIQ,632
2022-09-09,08:00,JB Sentral,Woodlands CIQ,261
2022-09-09,08:00,Woodlands CIQ,JB Sentral,322
2022-09-09,09:00,Woodlands CIQ,JB Sentral,321
2022-09-09,10:00,JB Sentral,Woodlands CIQ,210
2022-09-09,11:00,JB Sentral,Woodlands CIQ,168
2022-09-09,11:00,Woodlands CIQ,JB Sentral,327
2022-09-09,12:00,JB Sentral,Woodlands CIQ,183
2022-09-09,12:00,Woodlands CIQ,JB Sentral,322
2022-09-09,13:00,Woodlands CIQ,JB Sentral,320
2022-09-09,14:00,JB Sentral,Woodlands CIQ,322
2022-09-09,15:00,JB Sentral,Woodlands CIQ,330
2022-09-09,15:00,Woodlands CIQ,JB Sentral,319
2022-09-09,16:00,JB Sentral,Woodlands CIQ,318
2022-09-09,16:00,Woodlands CIQ,JB Sentral,323
2022-09-09,17:00,JB Sentral,Woodlands CIQ,319
2022-09-09,17:00,Woodlands CIQ,JB Sentral,322
2022-09-09,18:00,Woodlands CIQ,JB Sentral,321
2022-09-09,19:00,JB Sentral,Woodlands CIQ,316
2022-09-09,20:00,JB Sentral,Woodlands CIQ,320
2022-09-09,20:00,Woodlands CIQ,JB Sentral,320
2022-09-09,21:00,JB Sentral,Woodlands CIQ,319
2022-09-09,21:00,Woodlands CIQ,JB Sentral,325
2022-09-09,22:00,JB Sentral,Woodlands CIQ,316
2022-09-09,22:00,Woodlands CIQ,JB Sentral,321
2022-09-09,23:00,Woodlands CIQ,JB Sentral,318
2022-09-10,05:00,JB Sentral,Woodlands CIQ,258
2022-09-10,06:00,JB Sentral,Woodlands CIQ,202
2022-09-10,07:00,JB Sentral,Woodlands CIQ,334
2022-09-10,08:00,JB Sentral,Woodlands CIQ,232
2022-09-10,08:00,Woodlands CIQ,JB Sentral,325
2022-09-10,09:00,Woodlands CIQ,JB Sentral,320
2022-09-10,10:00,JB Sentral,Woodlands CIQ,232
2022-09-10,11:00,JB Sentral,Woodlands CIQ,299
2022-09-10,11:00,Woodlands CIQ,JB Sentral,322
2022-09-10,12:00,JB Sentral,Woodlands CIQ,320
2022-09-10,12:00,Woodlands CIQ,JB Sentral,317
2022-09-10,13:00,Woodlands CIQ,JB Sentral,319
2022-09-10,14:00,JB Sentral,Woodlands CIQ,320
2022-09-10,15:00,JB Sentral,Woodlands CIQ,321
2022-09-10,15:00,Woodlands CIQ,JB Sentral,321
2022-09-10,16:00,JB Sentral,Woodlands CIQ,321
2022-09-10,16:00,Woodlands CIQ,JB Sentral,319
2022-09-10,17:00,JB Sentral,Woodlands CIQ,318
2022-09-10,17:00,Woodlands CIQ,JB Sentral,320
2022-09-10,18:00,Woodlands CIQ,JB Sentral,316
2022-09-10,19:00,JB Sentral,Woodlands CIQ,321
2022-09-10,20:00,JB Sentral,Woodlands CIQ,318
2022-09-10,20:00,Woodlands CIQ,JB Sentral,320
2022-09-10,21:00,JB Sentral,Woodlands CIQ,316
2022-09-10,21:00,Woodlands CIQ,JB Sentral,195
2022-09-10,22:00,JB Sentral,Woodlands CIQ,318
2022-09-10,22:00,Woodlands CIQ,JB Sentral,168
2022-09-10,23:00,Woodlands CIQ,JB Sentral,82
2022-09-11,05:00,JB Sentral,Woodlands CIQ,122
2022-09-11,06:00,JB Sentral,Woodlands CIQ,121
2022-09-11,07:00,JB Sentral,Woodlands CIQ,558
2022-09-11,08:00,JB Sentral,Woodlands CIQ,320
2022-09-11,08:00,Woodlands CIQ,JB Sentral,320
2022-09-11,09:00,Woodlands CIQ,JB Sentral,319
2022-09-11,10:00,JB Sentral,Woodlands CIQ,325
2022-09-11,11:00,JB Sentral,Woodlands CIQ,324
2022-09-11,11:00,Woodlands CIQ,JB Sentral,320
2022-09-11,12:00,JB Sentral,Woodlands CIQ,325
2022-09-11,12:00,Woodlands CIQ,JB Sentral,289
2022-09-11,13:00,Woodlands CIQ,JB Sentral,151
2022-09-11,14:00,JB Sentral,Woodlands CIQ,318
2022-09-11,15:00,JB Sentral,Woodlands CIQ,321
2022-09-11,15:00,Woodlands CIQ,JB Sentral,92
2022-09-11,16:00,JB Sentral,Woodlands CIQ,324
2022-09-11,16:00,Woodlands CIQ,JB Sentral,109
2022-09-11,17:00,JB Sentral,Woodlands CIQ,324
2022-09-11,17:00,Woodlands CIQ,JB Sentral,100
2022-09-11,18:00,Woodlands CIQ,JB Sentral,95
2022-09-11,19:00,JB Sentral,Woodlands CIQ,321
2022-09-11,20:00,JB Sentral,Woodlands CIQ,317
2022-09-11,20:00,Woodlands CIQ,JB Sentral,90
2022-09-11,21:00,JB Sentral,Woodlands CIQ,318
2022-09-11,21:00,Woodlands CIQ,JB Sentral,64
2022-09-11,22:00,JB Sentral,Woodlands CIQ,318
2022-09-11,22:00,Woodlands CIQ,JB Sentral,61
2022-09-11,23:00,Woodlands CIQ,JB Sentral,28
2022-09-12,05:00,JB Sentral,Woodlands CIQ,632
2022-09-12,06:00,JB Sentral,Woodlands CIQ,636
2022-09-12,07:00,JB Sentral,Woodlands CIQ,635
2022-09-12,08:00,JB Sentral,Woodlands CIQ,318
2022-09-12,08:00,Woodlands CIQ,JB Sentral,319
2022-09-12,09:00,Woodlands CIQ,JB Sentral,319
2022-09-12,10:00,JB Sentral,Woodlands CIQ,298
2022-09-12,11:00,JB Sentral,Woodlands CIQ,216
2022-09-12,11:00,Woodlands CIQ,JB Sentral,317
2022-09-12,12:00,JB Sentral,Woodlands CIQ,281
2022-09-12,12:00,Woodlands CIQ,JB Sentral,321
2022-09-12,13:00,Woodlands CIQ,JB Sentral,148
2022-09-12,14:00,JB Sentral,Woodlands CIQ,306
2022-09-12,15:00,JB Sentral,Woodlands CIQ,320
2022-09-12,15:00,Woodlands CIQ,JB Sentral,102
2022-09-12,16:00,JB Sentral,Woodlands CIQ,318
2022-09-12,16:00,Woodlands CIQ,JB Sentral,72
2022-09-12,17:00,JB Sentral,Woodlands CIQ,322
2022-09-12,17:00,Woodlands CIQ,JB Sentral,86
2022-09-12,18:00,Woodlands CIQ,JB Sentral,239
2022-09-12,19:00,JB Sentral,Woodlands CIQ,324
2022-09-12,20:00,JB Sentral,Woodlands CIQ,319
2022-09-12,20:00,Woodlands CIQ,JB Sentral,193
2022-09-12,21:00,JB Sentral,Woodlands CIQ,316
2022-09-12,21:00,Woodlands CIQ,JB Sentral,120
2022-09-12,22:00,JB Sentral,Woodlands CIQ,321
2022-09-12,22:00,Woodlands CIQ,JB Sentral,52
2022-09-12,23:00,Woodlands CIQ,JB Sentral,20
2022-09-13,05:00,JB Sentral,Woodlands CIQ,409
2022-09-13,06:00,JB Sentral,Woodlands CIQ,632
2022-09-13,07:00,JB Sentral,Woodlands CIQ,633
2022-09-13,08:00,JB Sentral,Woodlands CIQ,236
2022-09-13,08:00,Woodlands CIQ,JB Sentral,304
2022-09-13,09:00,Woodlands CIQ,JB Sentral,318
2022-09-13,10:00,JB Sentral,Woodlands CIQ,131
2022-09-13,11:00,JB Sentral,Woodlands CIQ,112
2022-09-13,11:00,Woodlands CIQ,JB Sentral,320
2022-09-13,12:00,JB Sentral,Woodlands CIQ,124
2022-09-13,12:00,Woodlands CIQ,JB Sentral,318
2022-09-13,13:00,Woodlands CIQ,JB Sentral,116
2022-09-13,14:00,JB Sentral,Woodlands CIQ,196
2022-09-13,15:00,JB Sentral,Woodlands CIQ,317
2022-09-13,15:00,Woodlands CIQ,JB Sentral,78
2022-09-13,16:00,JB Sentral,Woodlands CIQ,319
2022-09-13,16:00,Woodlands CIQ,JB Sentral,73
2022-09-13,17:00,JB Sentral,Woodlands CIQ,319
2022-09-13,17:00,Woodlands CIQ,JB Sentral,106
2022-09-13,18:00,Woodlands CIQ,JB Sentral,272
2022-09-13,19:00,JB Sentral,Woodlands CIQ,317
2022-09-13,20:00,JB Sentral,Woodlands CIQ,318
2022-09-13,20:00,Woodlands CIQ,JB Sentral,226
2022-09-13,21:00,JB Sentral,Woodlands CIQ,316
2022-09-13,21:00,Woodlands CIQ,JB Sentral,126
2022-09-13,22:00,JB Sentral,Woodlands CIQ,317
2022-09-13,22:00,Woodlands CIQ,JB Sentral,58
2022-09-13,23:00,Woodlands CIQ,JB Sentral,20
2022-09-14,05:00,JB Sentral,Woodlands CIQ,425
2022-09-14,06:00,JB Sentral,Woodlands CIQ,633
2022-09-14,07:00,JB Sentral,Woodlands CIQ,632
2022-09-14,08:00,JB Sentral,Woodlands CIQ,219
2022-09-14,08:00,Woodlands CIQ,JB Sentral,318
2022-09-14,09:00,Woodlands CIQ,JB Sentral,319
2022-09-14,10:00,JB Sentral,Woodlands CIQ,157
2022-09-14,11:00,JB Sentral,Woodlands CIQ,128
2022-09-14,11:00,Woodlands CIQ,JB Sentral,317
2022-09-14,12:00,JB Sentral,Woodlands CIQ,120
2022-09-14,12:00,Woodlands CIQ,JB Sentral,324
2022-09-14,13:00,Woodlands CIQ,JB Sentral,141
2022-09-14,14:00,JB Sentral,Woodlands CIQ,138
2022-09-14,15:00,JB Sentral,Woodlands CIQ,245
2022-09-14,15:00,Woodlands CIQ,JB Sentral,83
2022-09-14,16:00,JB Sentral,Woodlands CIQ,321
2022-09-14,16:00,Woodlands CIQ,JB Sentral,85
2022-09-14,17:00,JB Sentral,Woodlands CIQ,316
2022-09-14,17:00,Woodlands CIQ,JB Sentral,107
2022-09-14,18:00,Woodlands CIQ,JB Sentral,290
2022-09-14,19:00,JB Sentral,Woodlands CIQ,316
2022-09-14,20:00,JB Sentral,Woodlands CIQ,316
2022-09-14,20:00,Woodlands CIQ,JB Sentral,279
2022-09-14,21:00,JB Sentral,Woodlands CIQ,320
2022-09-14,21:00,Woodlands CIQ,JB Sentral,167
2022-09-14,22:00,JB Sentral,Woodlands CIQ,278
2022-09-14,22:00,Woodlands CIQ,JB Sentral,92
2022-09-14,23:00,Woodlands CIQ,JB Sentral,31
2022-09-15,05:00,JB Sentral,Woodlands CIQ,433
2022-09-15,06:00,JB Sentral,Woodlands CIQ,640
2022-09-15,07:00,JB Sentral,Woodlands CIQ,640
2022-09-15,08:00,JB Sentral,Woodlands CIQ,282
2022-09-15,08:00,Woodlands CIQ,JB Sentral,321
2022-09-15,09:00,Woodlands CIQ,JB Sentral,321
2022-09-15,10:00,JB Sentral,Woodlands CIQ,158
2022-09-15,11:00,JB Sentral,Woodlands CIQ,149
2022-09-15,11:00,Woodlands CIQ,JB Sentral,324
2022-09-15,12:00,JB Sentral,Woodlands CIQ,114
2022-09-15,12:00,Woodlands CIQ,JB Sentral,325
2022-09-15,13:00,Woodlands CIQ,JB Sentral,231
2022-09-15,14:00,JB Sentral,Woodlands CIQ,146
2022-09-15,15:00,JB Sentral,Woodlands CIQ,243
2022-09-15,15:00,Woodlands CIQ,JB Sentral,128
2022-09-15,16:00,JB Sentral,Woodlands CIQ,321
2022-09-15,16:00,Woodlands CIQ,JB Sentral,126
2022-09-15,17:00,JB Sentral,Woodlands CIQ,318
2022-09-15,17:00,Woodlands CIQ,JB Sentral,155
2022-09-15,18:00,Woodlands CIQ,JB Sentral,319
2022-09-15,19:00,JB Sentral,Woodlands CIQ,322
2022-09-15,20:00,JB Sentral,Woodlands CIQ,321
2022-09-15,20:00,Woodlands CIQ,JB Sentral,320
2022-09-15,21:00,JB Sentral,Woodlands CIQ,321
2022-09-15,21:00,Woodlands CIQ,JB Sentral,320
2022-09-15,22:00,JB Sentral,Woodlands CIQ,320
2022-09-15,22:00,Woodlands CIQ,JB Sentral,157
2022-09-15,23:00,Woodlands CIQ,JB Sentral,38
2022-09-16,05:00,JB Sentral,Woodlands CIQ,531
2022-09-16,06:00,JB Sentral,Woodlands CIQ,638
2022-09-16,07:00,JB Sentral,Woodlands CIQ,640
2022-09-16,08:00,JB Sentral,Woodlands CIQ,320
2022-09-16,08:00,Woodlands CIQ,JB Sentral,317
2022-09-16,09:00,Woodlands CIQ,JB Sentral,321
2022-09-16,10:00,JB Sentral,Woodlands CIQ,322
2022-09-16,11:00,JB Sentral,Woodlands CIQ,272
2022-09-16,11:00,Woodlands CIQ,JB Sentral,322
2022-09-16,12:00,JB Sentral,Woodlands CIQ,186
2022-09-16,12:00,Woodlands CIQ,JB Sentral,325
2022-09-16,13:00,Woodlands CIQ,JB Sentral,326
2022-09-16,14:00,JB Sentral,Woodlands CIQ,211
2022-09-16,15:00,JB Sentral,Woodlands CIQ,227
2022-09-16,15:00,Woodlands CIQ,JB Sentral,321
2022-09-16,16:00,JB Sentral,Woodlands CIQ,320
2022-09-16,16:00,Woodlands CIQ,JB Sentral,321
2022-09-16,17:00,JB Sentral,Woodlands CIQ,318
2022-09-16,17:00,Woodlands CIQ,JB Sentral,323
2022-09-16,18:00,Woodlands CIQ,JB Sentral,322
2022-09-16,19:00,JB Sentral,Woodlands CIQ,318
2022-09-16,20:00,JB Sentral,Woodlands CIQ,317
2022-09-16,20:00,Woodlands CIQ,JB Sentral,321
2022-09-16,21:00,JB Sentral,Woodlands CIQ,318
2022-09-16,21:00,Woodlands CIQ,JB Sentral,322
2022-09-16,22:00,JB Sentral,Woodlands CIQ,321
2022-09-16,22:00,Woodlands CIQ,JB Sentral,324
2022-09-16,23:00,Woodlands CIQ,JB Sentral,318
2022-09-17,05:00,JB Sentral,Woodlands CIQ,225
2022-09-17,06:00,JB Sentral,Woodlands CIQ,273
2022-09-17,07:00,JB Sentral,Woodlands CIQ,357
2022-09-17,08:00,JB Sentral,Woodlands CIQ,315
2022-09-17,08:00,Woodlands CIQ,JB Sentral,317
2022-09-17,09:00,Woodlands CIQ,JB Sentral,321
2022-09-17,10:00,JB Sentral,Woodlands CIQ,278
2022-09-17,11:00,JB Sentral,Woodlands CIQ,168
2022-09-17,11:00,Woodlands CIQ,JB Sentral,320
2022-09-17,12:00,JB Sentral,Woodlands CIQ,141
2022-09-17,12:00,Woodlands CIQ,JB Sentral,321
2022-09-17,13:00,Woodlands CIQ,JB Sentral,319
2022-09-17,14:00,JB Sentral,Woodlands CIQ,317
2022-09-17,15:00,JB Sentral,Woodlands CIQ,315
2022-09-17,15:00,Woodlands CIQ,JB Sentral,321
2022-09-17,16:00,JB Sentral,Woodlands CIQ,318
2022-09-17,16:00,Woodlands CIQ,JB Sentral,317
2022-09-17,17:00,JB Sentral,Woodlands CIQ,317
2022-09-17,17:00,Woodlands CIQ,JB Sentral,316
2022-09-17,18:00,Woodlands CIQ,JB Sentral,319
2022-09-17,19:00,JB Sentral,Woodlands CIQ,321
2022-09-17,20:00,JB Sentral,Woodlands CIQ,315
2022-09-17,20:00,Woodlands CIQ,JB Sentral,316
2022-09-17,21:00,JB Sentral,Woodlands CIQ,317
2022-09-17,21:00,Woodlands CIQ,JB Sentral,303
2022-09-17,22:00,JB Sentral,Woodlands CIQ,317
2022-09-17,22:00,Woodlands CIQ,JB Sentral,229
2022-09-17,23:00,Woodlands CIQ,JB Sentral,77
2022-09-18,05:00,JB Sentral,Woodlands CIQ,135
2022-09-18,06:00,JB Sentral,Woodlands CIQ,122
2022-09-18,07:00,JB Sentral,Woodlands CIQ,346
2022-09-18,08:00,JB Sentral,Woodlands CIQ,317
2022-09-18,08:00,Woodlands CIQ,JB Sentral,316
2022-09-18,09:00,Woodlands CIQ,JB Sentral,317
2022-09-18,10:00,JB Sentral,Woodlands CIQ,319
2022-09-18,11:00,JB Sentral,Woodlands CIQ,321
2022-09-18,11:00,Woodlands CIQ,JB Sentral,322
2022-09-18,12:00,JB Sentral,Woodlands CIQ,320
2022-09-18,12:00,Woodlands CIQ,JB Sentral,321
2022-09-18,13:00,Woodlands CIQ,JB Sentral,318
2022-09-18,14:00,JB Sentral,Woodlands CIQ,322
2022-09-18,15:00,JB Sentral,Woodlands CIQ,320
2022-09-18,15:00,Woodlands CIQ,JB Sentral,173
2022-09-18,16:00,JB Sentral,Woodlands CIQ,319
2022-09-18,16:00,Woodlands CIQ,JB Sentral,177
2022-09-18,17:00,JB Sentral,Woodlands CIQ,322
2022-09-18,17:00,Woodlands CIQ,JB Sentral,105
2022-09-18,18:00,Woodlands CIQ,JB Sentral,144
2022-09-18,19:00,JB Sentral,Woodlands CIQ,326
2022-09-18,20:00,JB Sentral,Woodlands CIQ,323
2022-09-18,20:00,Woodlands CIQ,JB Sentral,143
2022-09-18,21:00,JB Sentral,Woodlands CIQ,319
2022-09-18,21:00,Woodlands CIQ,JB Sentral,96
2022-09-18,22:00,JB Sentral,Woodlands CIQ,316
2022-09-18,22:00,Woodlands CIQ,JB Sentral,39
2022-09-18,23:00,Woodlands CIQ,JB Sentral,19
2022-09-19,05:00,JB Sentral,Woodlands CIQ,632
2022-09-19,06:00,JB Sentral,Woodlands CIQ,638
2022-09-19,07:00,JB Sentral,Woodlands CIQ,639
2022-09-19,08:00,JB Sentral,Woodlands CIQ,318
2022-09-19,08:00,Woodlands CIQ,JB Sentral,317
2022-09-19,09:00,Woodlands CIQ,JB Sentral,317
2022-09-19,10:00,JB Sentral,Woodlands CIQ,293
2022-09-19,11:00,JB Sentral,Woodlands CIQ,213
2022-09-19,11:00,Woodlands CIQ,JB Sentral,317
2022-09-19,12:00,JB Sentral,Woodlands CIQ,179
2022-09-19,12:00,Woodlands CIQ,JB Sentral,319
2022-09-19,13:00,Woodlands CIQ,JB Sentral,258
2022-09-19,14:00,JB Sentral,Woodlands CIQ,300
2022-09-19,15:00,JB Sentral,Woodlands CIQ,322
2022-09-19,15:00,Woodlands CIQ,JB Sentral,80
2022-09-19,16:00,JB Sentral,Woodlands CIQ,319
2022-09-19,16:00,Woodlands CIQ,JB Sentral,81
2022-09-19,17:00,JB Sentral,Woodlands CIQ,323
2022-09-19,17:00,Woodlands CIQ,JB Sentral,95
2022-09-19,18:00,Woodlands CIQ,JB Sentral,256
2022-09-19,19:00,JB Sentral,Woodlands CIQ,318
2022-09-19,20:00,JB Sentral,Woodlands CIQ,316
2022-09-19,20:00,Woodlands CIQ,JB Sentral,219
2022-09-19,21:00,JB Sentral,Woodlands CIQ,319
2022-09-19,21:00,Woodlands CIQ,JB Sentral,137
2022-09-19,22:00,JB Sentral,Woodlands CIQ,315
2022-09-19,22:00,Woodlands CIQ,JB Sentral,53
2022-09-19,23:00,Woodlands CIQ,JB Sentral,20
2022-09-20,05:00,JB Sentral,Woodlands CIQ,443
2022-09-20,06:00,JB Sentral,Woodlands CIQ,635
2022-09-20,07:00,JB Sentral,Woodlands CIQ,635
2022-09-20,08:00,JB Sentral,Woodlands CIQ,230
2022-09-20,08:00,Woodlands CIQ,JB Sentral,306
2022-09-20,09:00,Woodlands CIQ,JB Sentral,318
2022-09-20,10:00,JB Sentral,Woodlands CIQ,157
2022-09-20,11:00,JB Sentral,Woodlands CIQ,145
2022-09-20,11:00,Woodlands CIQ,JB Sentral,317
2022-09-20,12:00,JB Sentral,Woodlands CIQ,96
2022-09-20,12:00,Woodlands CIQ,JB Sentral,318
2022-09-20,13:00,Woodlands CIQ,JB Sentral,128
2022-09-20,14:00,JB Sentral,Woodlands CIQ,185
2022-09-20,15:00,JB Sentral,Woodlands CIQ,320
2022-09-20,15:00,Woodlands CIQ,JB Sentral,74
2022-09-20,16:00,JB Sentral,Woodlands CIQ,317
2022-09-20,16:00,Woodlands CIQ,JB Sentral,49
2022-09-20,17:00,JB Sentral,Woodlands CIQ,317
2022-09-20,17:00,Woodlands CIQ,JB Sentral,66
2022-09-20,18:00,Woodlands CIQ,JB Sentral,280
2022-09-20,19:00,JB Sentral,Woodlands CIQ,316
2022-09-20,20:00,JB Sentral,Woodlands CIQ,316
2022-09-20,20:00,Woodlands CIQ,JB Sentral,251
2022-09-20,21:00,JB Sentral,Woodlands CIQ,317
2022-09-20,21:00,Woodlands CIQ,JB Sentral,138
2022-09-20,22:00,JB Sentral,Woodlands CIQ,311
2022-09-20,22:00,Woodlands CIQ,JB Sentral,66
2022-09-20,23:00,Woodlands CIQ,JB Sentral,13
2022-09-21,05:00,JB Sentral,Woodlands CIQ,399
2022-09-21,06:00,JB Sentral,Woodlands CIQ,631
2022-09-21,07:00,JB Sentral,Woodlands CIQ,632
2022-09-21,08:00,JB Sentral,Woodlands CIQ,231
2022-09-21,08:00,Woodlands CIQ,JB Sentral,317
2022-09-21,09:00,Woodlands CIQ,JB Sentral,317
2022-09-21,10:00,JB Sentral,Woodlands CIQ,141
2022-09-21,11:00,JB Sentral,Woodlands CIQ,108
2022-09-21,11:00,Woodlands CIQ,JB Sentral,315
2022-09-21,12:00,JB Sentral,Woodlands CIQ,132
2022-09-21,12:00,Woodlands CIQ,JB Sentral,319
2022-09-21,13:00,Woodlands CIQ,JB Sentral,150
2022-09-21,14:00,JB Sentral,Woodlands CIQ,134
2022-09-21,15:00,JB Sentral,Woodlands CIQ,270
2022-09-21,15:00,Woodlands CIQ,JB Sentral,70
2022-09-21,16:00,JB Sentral,Woodlands CIQ,318
2022-09-21,16:00,Woodlands CIQ,JB Sentral,69
2022-09-21,17:00,JB Sentral,Woodlands CIQ,320
2022-09-21,17:00,Woodlands CIQ,JB Sentral,82
2022-09-21,18:00,Woodlands CIQ,JB Sentral,298
2022-09-21,19:00,JB Sentral,Woodlands CIQ,317
2022-09-21,20:00,JB Sentral,Woodlands CIQ,318
2022-09-21,20:00,Woodlands CIQ,JB Sentral,264
2022-09-21,21:00,JB Sentral,Woodlands CIQ,315
2022-09-21,21:00,Woodlands CIQ,JB Sentral,148
2022-09-21,22:00,JB Sentral,Woodlands CIQ,316
2022-09-21,22:00,Woodlands CIQ,JB Sentral,86
2022-09-21,23:00,Woodlands CIQ,JB Sentral,27
2022-09-22,05:00,JB Sentral,Woodlands CIQ,449
2022-09-22,06:00,JB Sentral,Woodlands CIQ,633
2022-09-22,07:00,JB Sentral,Woodlands CIQ,630
2022-09-22,08:00,JB Sentral,Woodlands CIQ,246
2022-09-22,08:00,Woodlands CIQ,JB Sentral,316
2022-09-22,09:00,Woodlands CIQ,JB Sentral,318
2022-09-22,10:00,JB Sentral,Woodlands CIQ,119
2022-09-22,11:00,JB Sentral,Woodlands CIQ,136
2022-09-22,11:00,Woodlands CIQ,JB Sentral,318
2022-09-22,12:00,JB Sentral,Woodlands CIQ,111
2022-09-22,12:00,Woodlands CIQ,JB Sentral,321
2022-09-22,13:00,Woodlands CIQ,JB Sentral,243
2022-09-22,14:00,JB Sentral,Woodlands CIQ,144
2022-09-22,15:00,JB Sentral,Woodlands CIQ,203
2022-09-22,15:00,Woodlands CIQ,JB Sentral,107
2022-09-22,16:00,JB Sentral,Woodlands CIQ,316
2022-09-22,16:00,Woodlands CIQ,JB Sentral,106
2022-09-22,17:00,JB Sentral,Woodlands CIQ,317
2022-09-22,17:00,Woodlands CIQ,JB Sentral,189
2022-09-22,18:00,Woodlands CIQ,JB Sentral,318
2022-09-22,19:00,JB Sentral,Woodlands CIQ,317
2022-09-22,20:00,JB Sentral,Woodlands CIQ,315
2022-09-22,20:00,Woodlands CIQ,JB Sentral,318
2022-09-22,21:00,JB Sentral,Woodlands CIQ,317
2022-09-22,21:00,Woodlands CIQ,JB Sentral,323
2022-09-22,22:00,JB Sentral,Woodlands CIQ,317
2022-09-22,22:00,Woodlands CIQ,JB Sentral,139
2022-09-22,23:00,Woodlands CIQ,JB Sentral,37
2022-09-23,05:00,JB Sentral,Woodlands CIQ,522
2022-09-23,06:00,JB Sentral,Woodlands CIQ,633
2022-09-23,07:00,JB Sentral,Woodlands CIQ,630
2022-09-23,08:00,JB Sentral,Woodlands CIQ,230
2022-09-23,08:00,Woodlands CIQ,JB Sentral,317
2022-09-23,09:00,Woodlands CIQ,JB Sentral,319
2022-09-23,10:00,JB Sentral,Woodlands CIQ,140
2022-09-23,11:00,JB Sentral,Woodlands CIQ,137
2022-09-23,11:00,Woodlands CIQ,JB Sentral,320
2022-09-23,12:00,JB Sentral,Woodlands CIQ,126
2022-09-23,12:00,Woodlands CIQ,JB Sentral,320
2022-09-23,13:00,Woodlands CIQ,JB Sentral,323
2022-09-23,14:00,JB Sentral,Woodlands CIQ,165
2022-09-23,15:00,JB Sentral,Woodlands CIQ,192
2022-09-23,15:00,Woodlands CIQ,JB Sentral,319
2022-09-23,16:00,JB Sentral,Woodlands CIQ,310
2022-09-23,16:00,Woodlands CIQ,JB Sentral,317
2022-09-23,17:00,JB Sentral,Woodlands CIQ,320
2022-09-23,17:00,Woodlands CIQ,JB Sentral,321
2022-09-23,18:00,Woodlands CIQ,JB Sentral,318
2022-09-23,19:00,JB Sentral,Woodlands CIQ,319
2022-09-23,20:00,JB Sentral,Woodlands CIQ,316
2022-09-23,20:00,Woodlands CIQ,JB Sentral,320
2022-09-23,21:00,JB Sentral,Woodlands CIQ,316
2022-09-23,21:00,Woodlands CIQ,JB Sentral,320
2022-09-23,22:00,JB Sentral,Woodlands CIQ,317
2022-09-23,22:00,Woodlands CIQ,JB Sentral,324
2022-09-23,23:00,Woodlands CIQ,JB Sentral,318
2022-09-24,05:00,JB Sentral,Woodlands CIQ,221
2022-09-24,06:00,JB Sentral,Woodlands CIQ,245
2022-09-24,07:00,JB Sentral,Woodlands CIQ,295
2022-09-24,08:00,JB Sentral,Woodlands CIQ,216
2022-09-24,08:00,Woodlands CIQ,JB Sentral,318
2022-09-24,09:00,Woodlands CIQ,JB Sentral,321
2022-09-24,10:00,JB Sentral,Woodlands CIQ,216
2022-09-24,11:00,JB Sentral,Woodlands CIQ,199
2022-09-24,11:00,Woodlands CIQ,JB Sentral,318
2022-09-24,12:00,JB Sentral,Woodlands CIQ,145
2022-09-24,12:00,Woodlands CIQ,JB Sentral,317
2022-09-24,13:00,Woodlands CIQ,JB Sentral,319
2022-09-24,14:00,JB Sentral,Woodlands CIQ,295
2022-09-24,15:00,JB Sentral,Woodlands CIQ,319
2022-09-24,15:00,Woodlands CIQ,JB Sentral,322
2022-09-24,16:00,JB Sentral,Woodlands CIQ,317
2022-09-24,16:00,Woodlands CIQ,JB Sentral,320
2022-09-24,17:00,JB Sentral,Woodlands CIQ,316
2022-09-24,17:00,Woodlands CIQ,JB Sentral,322
2022-09-24,18:00,Woodlands CIQ,JB Sentral,319
2022-09-24,19:00,JB Sentral,Woodlands CIQ,322
2022-09-24,20:00,JB Sentral,Woodlands CIQ,317
2022-09-24,20:00,Woodlands CIQ,JB Sentral,321
2022-09-24,21:00,JB Sentral,Woodlands CIQ,317
2022-09-24,21:00,Woodlands CIQ,JB Sentral,231
2022-09-24,22:00,JB Sentral,Woodlands CIQ,316
2022-09-24,22:00,Woodlands CIQ,JB Sentral,175
2022-09-24,23:00,Woodlands CIQ,JB Sentral,39
2022-09-25,05:00,JB Sentral,Woodlands CIQ,137
2022-09-25,06:00,JB Sentral,Woodlands CIQ,124
2022-09-25,07:00,JB Sentral,Woodlands CIQ,248
2022-09-25,08:00,JB Sentral,Woodlands CIQ,322
2022-09-25,08:00,Woodlands CIQ,JB Sentral,319
2022-09-25,09:00,Woodlands CIQ,JB Sentral,315
2022-09-25,10:00,JB Sentral,Woodlands CIQ,320
2022-09-25,11:00,JB Sentral,Woodlands CIQ,321
2022-09-25,11:00,Woodlands CIQ,JB Sentral,318
2022-09-25,12:00,JB Sentral,Woodlands CIQ,320
2022-09-25,12:00,Woodlands CIQ,JB Sentral,318
2022-09-25,13:00,Woodlands CIQ,JB Sentral,320
2022-09-25,14:00,JB Sentral,Woodlands CIQ,317
2022-09-25,15:00,JB Sentral,Woodlands CIQ,320
2022-09-25,15:00,Woodlands CIQ,JB Sentral,163
2022-09-25,16:00,JB Sentral,Woodlands CIQ,321
2022-09-25,16:00,Woodlands CIQ,JB Sentral,120
2022-09-25,17:00,JB Sentral,Woodlands CIQ,320
2022-09-25,17:00,Woodlands CIQ,JB Sentral,116
2022-09-25,18:00,Woodlands CIQ,JB Sentral,64
2022-09-25,19:00,JB Sentral,Woodlands CIQ,319
2022-09-25,20:00,JB Sentral,Woodlands CIQ,321
2022-09-25,20:00,Woodlands CIQ,JB Sentral,105
2022-09-25,21:00,JB Sentral,Woodlands CIQ,319
2022-09-25,21:00,Woodlands CIQ,JB Sentral,74
2022-09-25,22:00,JB Sentral,Woodlands CIQ,318
2022-09-25,22:00,Woodlands CIQ,JB Sentral,52
2022-09-25,23:00,Woodlands CIQ,JB Sentral,39
2022-09-26,05:00,JB Sentral,Woodlands CIQ,634
2022-09-26,06:00,JB Sentral,Woodlands CIQ,636
2022-09-26,07:00,JB Sentral,Woodlands CIQ,635
2022-09-26,08:00,JB Sentral,Woodlands CIQ,316
2022-09-26,08:00,Woodlands CIQ,JB Sentral,317
2022-09-26,09:00,Woodlands CIQ,JB Sentral,316
2022-09-26,10:00,JB Sentral,Woodlands CIQ,318
2022-09-26,11:00,JB Sentral,Woodlands CIQ,231
2022-09-26,11:00,Woodlands CIQ,JB Sentral,318
2022-09-26,12:00,JB Sentral,Woodlands CIQ,229
2022-09-26,12:00,Woodlands CIQ,JB Sentral,318
2022-09-26,13:00,Woodlands CIQ,JB Sentral,246
2022-09-26,14:00,JB Sentral,Woodlands CIQ,327
2022-09-26,15:00,JB Sentral,Woodlands CIQ,323
2022-09-26,15:00,Woodlands CIQ,JB Sentral,136
2022-09-26,16:00,JB Sentral,Woodlands CIQ,320
2022-09-26,16:00,Woodlands CIQ,JB Sentral,99
2022-09-26,17:00,JB Sentral,Woodlands CIQ,317
2022-09-26,17:00,Woodlands CIQ,JB Sentral,96
2022-09-26,18:00,Woodlands CIQ,JB Sentral,238
2022-09-26,19:00,JB Sentral,Woodlands CIQ,318
2022-09-26,20:00,JB Sentral,Woodlands CIQ,319
2022-09-26,20:00,Woodlands CIQ,JB Sentral,244
2022-09-26,21:00,JB Sentral,Woodlands CIQ,315
2022-09-26,21:00,Woodlands CIQ,JB Sentral,160
2022-09-26,22:00,JB Sentral,Woodlands CIQ,317
2022-09-26,22:00,Woodlands CIQ,JB Sentral,58
2022-09-26,23:00,Woodlands CIQ,JB Sentral,19
2022-09-27,05:00,JB Sentral,Woodlands CIQ,471
2022-09-27,06:00,JB Sentral,Woodlands CIQ,632
2022-09-27,07:00,JB Sentral,Woodlands CIQ,639
2022-09-27,08:00,JB Sentral,Woodlands CIQ,250
2022-09-27,08:00,Woodlands CIQ,JB Sentral,317
2022-09-27,09:00,Woodlands CIQ,JB Sentral,316
2022-09-27,10:00,JB Sentral,Woodlands CIQ,138
2022-09-27,11:00,JB Sentral,Woodlands CIQ,126
2022-09-27,11:00,Woodlands CIQ,JB Sentral,319
2022-09-27,12:00,JB Sentral,Woodlands CIQ,129
2022-09-27,12:00,Woodlands CIQ,JB Sentral,319
2022-09-27,13:00,Woodlands CIQ,JB Sentral,174
2022-09-27,14:00,JB Sentral,Woodlands CIQ,159
2022-09-27,15:00,JB Sentral,Woodlands CIQ,326
2022-09-27,15:00,Woodlands CIQ,JB Sentral,90
2022-09-27,16:00,JB Sentral,Woodlands CIQ,320
2022-09-27,16:00,Woodlands CIQ,JB Sentral,73
2022-09-27,17:00,JB Sentral,Woodlands CIQ,321
2022-09-27,17:00,Woodlands CIQ,JB Sentral,82
2022-09-27,18:00,Woodlands CIQ,JB Sentral,296
2022-09-27,19:00,JB Sentral,Woodlands CIQ,317
2022-09-27,20:00,JB Sentral,Woodlands CIQ,318
2022-09-27,20:00,Woodlands CIQ,JB Sentral,229
2022-09-27,21:00,JB Sentral,Woodlands CIQ,317
2022-09-27,21:00,Woodlands CIQ,JB Sentral,113
2022-09-27,22:00,JB Sentral,Woodlands CIQ,318
2022-09-27,22:00,Woodlands CIQ,JB Sentral,57
2022-09-27,23:00,Woodlands CIQ,JB Sentral,37
2022-09-28,05:00,JB Sentral,Woodlands CIQ,447
2022-09-28,06:00,JB Sentral,Woodlands CIQ,632
2022-09-28,07:00,JB Sentral,Woodlands CIQ,634
2022-09-28,08:00,JB Sentral,Woodlands CIQ,226
2022-09-28,08:00,Woodlands CIQ,JB Sentral,315
2022-09-28,09:00,Woodlands CIQ,JB Sentral,316
2022-09-28,10:00,JB Sentral,Woodlands CIQ,140
2022-09-28,11:00,JB Sentral,Woodlands CIQ,128
2022-09-28,11:00,Woodlands CIQ,JB Sentral,316
2022-09-28,12:00,JB Sentral,Woodlands CIQ,163
2022-09-28,12:00,Woodlands CIQ,JB Sentral,317
2022-09-28,13:00,Woodlands CIQ,JB Sentral,209
2022-09-28,14:00,JB Sentral,Woodlands CIQ,179
2022-09-28,15:00,JB Sentral,Woodlands CIQ,300
2022-09-28,15:00,Woodlands CIQ,JB Sentral,102
2022-09-28,16:00,JB Sentral,Woodlands CIQ,320
2022-09-28,16:00,Woodlands CIQ,JB Sentral,81
2022-09-28,17:00,JB Sentral,Woodlands CIQ,316
2022-09-28,17:00,Woodlands CIQ,JB Sentral,111
2022-09-28,18:00,Woodlands CIQ,JB Sentral,311
2022-09-28,19:00,JB Sentral,Woodlands CIQ,316
2022-09-28,20:00,JB Sentral,Woodlands CIQ,316
2022-09-28,20:00,Woodlands CIQ,JB Sentral,286
2022-09-28,21:00,JB Sentral,Woodlands CIQ,315
2022-09-28,21:00,Woodlands CIQ,JB Sentral,178
2022-09-28,22:00,JB Sentral,Woodlands CIQ,318
2022-09-28,22:00,Woodlands CIQ,JB Sentral,74
2022-09-28,23:00,Woodlands CIQ,JB Sentral,61
2022-09-29,05:00,JB Sentral,Woodlands CIQ,475
2022-09-29,06:00,JB Sentral,Woodlands CIQ,631
2022-09-29,07:00,JB Sentral,Woodlands CIQ,635
2022-09-29,08:00,JB Sentral,Woodlands CIQ,267
2022-09-29,08:00,Woodlands CIQ,JB Sentral,316
2022-09-29,09:00,Woodlands CIQ,JB Sentral,318
2022-09-29,10:00,JB Sentral,Woodlands CIQ,166
2022-09-29,11:00,JB Sentral,Woodlands CIQ,131
2022-09-29,11:00,Woodlands CIQ,JB Sentral,317
2022-09-29,12:00,JB Sentral,Woodlands CIQ,162
2022-09-29,12:00,Woodlands CIQ,JB Sentral,315
2022-09-29,13:00,Woodlands CIQ,JB Sentral,288
2022-09-29,14:00,JB Sentral,Woodlands CIQ,139
2022-09-29,15:00,JB Sentral,Woodlands CIQ,259
2022-09-29,15:00,Woodlands CIQ,JB Sentral,167
2022-09-29,16:00,JB Sentral,Woodlands CIQ,317
2022-09-29,16:00,Woodlands CIQ,JB Sentral,108
2022-09-29,17:00,JB Sentral,Woodlands CIQ,318
2022-09-29,17:00,Woodlands CIQ,JB Sentral,174
2022-09-29,18:00,Woodlands CIQ,JB Sentral,316
2022-09-29,19:00,JB Sentral,Woodlands CIQ,316
2022-09-29,20:00,JB Sentral,Woodlands CIQ,317
2022-09-29,20:00,Woodlands CIQ,JB Sentral,317
2022-09-29,21:00,JB Sentral,Woodlands CIQ,316
2022-09-29,21:00,Woodlands CIQ,JB Sentral,309
2022-09-29,22:00,JB Sentral,Woodlands CIQ,316
2022-09-29,22:00,Woodlands CIQ,JB Sentral,146
2022-09-29,23:00,Woodlands CIQ,JB Sentral,54
2022-09-30,05:00,JB Sentral,Woodlands CIQ,569
2022-09-30,06:00,JB Sentral,Woodlands CIQ,632
2022-09-30,07:00,JB Sentral,Woodlands CIQ,632
2022-09-30,08:00,JB Sentral,Woodlands CIQ,278
2022-09-30,08:00,Woodlands CIQ,JB Sentral,317
2022-09-30,09:00,Woodlands CIQ,JB Sentral,320
2022-09-30,10:00,JB Sentral,Woodlands CIQ,207
2022-09-30,11:00,JB Sentral,Woodlands CIQ,171
2022-09-30,11:00,Woodlands CIQ,JB Sentral,318
2022-09-30,12:00,JB Sentral,Woodlands CIQ,174
2022-09-30,12:00,Woodlands CIQ,JB Sentral,317
2022-09-30,13:00,Woodlands CIQ,JB Sentral,320
2022-09-30,14:00,JB Sentral,Woodlands CIQ,196
2022-09-30,15:00,JB Sentral,Woodlands CIQ,252
2022-09-30,15:00,Woodlands CIQ,JB Sentral,318
2022-09-30,16:00,JB Sentral,Woodlands CIQ,317
2022-09-30,16:00,Woodlands CIQ,JB Sentral,324
2022-09-30,17:00,JB Sentral,Woodlands CIQ,317
2022-09-30,17:00,Woodlands CIQ,JB Sentral,321
2022-09-30,18:00,Woodlands CIQ,JB Sentral,320
2022-09-30,19:00,JB Sentral,Woodlands CIQ,319
2022-09-30,20:00,JB Sentral,Woodlands CIQ,316
2022-09-30,20:00,Woodlands CIQ,JB Sentral,322
2022-09-30,21:00,JB Sentral,Woodlands CIQ,316
2022-09-30,21:00,Woodlands CIQ,JB Sentral,322
2022-09-30,22:00,JB Sentral,Woodlands CIQ,313
2022-09-30,22:00,Woodlands CIQ,JB Sentral,325
2022-09-30,23:00,Woodlands CIQ,JB Sentral,317
2022-10-01,05:00,JB Sentral,Woodlands CIQ,253
2022-10-01,06:00,JB Sentral,Woodlands CIQ,267
2022-10-01,07:00,JB Sentral,Woodlands CIQ,318
2022-10-01,08:00,JB Sentral,Woodlands CIQ,250
2022-10-01,08:00,Woodlands CIQ,JB Sentral,323
2022-10-01,09:00,Woodlands CIQ,JB Sentral,323
2022-10-01,10:00,JB Sentral,Woodlands CIQ,266
2022-10-01,11:00,JB Sentral,Woodlands CIQ,197
2022-10-01,11:00,Woodlands CIQ,JB Sentral,324
2022-10-01,12:00,JB Sentral,Woodlands CIQ,186
2022-10-01,12:00,Woodlands CIQ,JB Sentral,324
2022-10-01,13:00,Woodlands CIQ,JB Sentral,327
2022-10-01,14:00,JB Sentral,Woodlands CIQ,281
2022-10-01,15:00,JB Sentral,Woodlands CIQ,316
2022-10-01,15:00,Woodlands CIQ,JB Sentral,321
2022-10-01,16:00,JB Sentral,Woodlands CIQ,319
2022-10-01,16:00,Woodlands CIQ,JB Sentral,320
2022-10-01,17:00,JB Sentral,Woodlands CIQ,319
2022-10-01,17:00,Woodlands CIQ,JB Sentral,321
2022-10-01,18:00,Woodlands CIQ,JB Sentral,320
2022-10-01,19:00,JB Sentral,Woodlands CIQ,319
2022-10-01,20:00,JB Sentral,Woodlands CIQ,326
2022-10-01,20:00,Woodlands CIQ,JB Sentral,321
2022-10-01,21:00,JB Sentral,Woodlands CIQ,318
2022-10-01,21:00,Woodlands CIQ,JB Sentral,198
2022-10-01,22:00,JB Sentral,Woodlands CIQ,316
2022-10-01,22:00,Woodlands CIQ,JB Sentral,178
2022-10-01,23:00,Woodlands CIQ,JB Sentral,115
2022-10-02,05:00,JB Sentral,Woodlands CIQ,131
2022-10-02,06:00,JB Sentral,Woodlands CIQ,118
2022-10-02,07:00,JB Sentral,Woodlands CIQ,328
2022-10-02,08:00,JB Sentral,Woodlands CIQ,318
2022-10-02,08:00,Woodlands CIQ,JB Sentral,320
2022-10-02,09:00,Woodlands CIQ,JB Sentral,317
2022-10-02,10:00,JB Sentral,Woodlands CIQ,325
2022-10-02,11:00,JB Sentral,Woodlands CIQ,326
2022-10-02,11:00,Woodlands CIQ,JB Sentral,318
2022-10-02,12:00,JB Sentral,Woodlands CIQ,325
2022-10-02,12:00,Woodlands CIQ,JB Sentral,322
2022-10-02,13:00,Woodlands CIQ,JB Sentral,217
2022-10-02,14:00,JB Sentral,Woodlands CIQ,320
2022-10-02,15:00,JB Sentral,Woodlands CIQ,322
2022-10-02,15:00,Woodlands CIQ,JB Sentral,112
2022-10-02,16:00,JB Sentral,Woodlands CIQ,321
2022-10-02,16:00,Woodlands CIQ,JB Sentral,92
2022-10-02,17:00,JB Sentral,Woodlands CIQ,326
2022-10-02,17:00,Woodlands CIQ,JB Sentral,90
2022-10-02,18:00,Woodlands CIQ,JB Sentral,103
2022-10-02,19:00,JB Sentral,Woodlands CIQ,322
2022-10-02,20:00,JB Sentral,Woodlands CIQ,317
2022-10-02,20:00,Woodlands CIQ,JB Sentral,99
2022-10-02,21:00,JB Sentral,Woodlands CIQ,318
2022-10-02,21:00,Woodlands CIQ,JB Sentral,82
2022-10-02,22:00,JB Sentral,Woodlands CIQ,318
2022-10-02,22:00,Woodlands CIQ,JB Sentral,57
2022-10-02,23:00,Woodlands CIQ,JB Sentral,51
2022-10-03,05:00,JB Sentral,Woodlands CIQ,634
2022-10-03,06:00,JB Sentral,Woodlands CIQ,639
2022-10-03,07:00,JB Sentral,Woodlands CIQ,639
2022-10-03,08:00,JB Sentral,Woodlands CIQ,320
2022-10-03,08:00,Woodlands CIQ,JB Sentral,317
2022-10-03,09:00,Woodlands CIQ,JB Sentral,316
2022-10-03,10:00,JB Sentral,Woodlands CIQ,317
2022-10-03,11:00,JB Sentral,Woodlands CIQ,196
2022-10-03,11:00,Woodlands CIQ,JB Sentral,320
2022-10-03,12:00,JB Sentral,Woodlands CIQ,187
2022-10-03,12:00,Woodlands CIQ,JB Sentral,318
2022-10-03,13:00,Woodlands CIQ,JB Sentral,267
2022-10-03,14:00,JB Sentral,Woodlands CIQ,239
2022-10-03,15:00,JB Sentral,Woodlands CIQ,323
2022-10-03,15:00,Woodlands CIQ,JB Sentral,106
2022-10-03,16:00,JB Sentral,Woodlands CIQ,320
2022-10-03,16:00,Woodlands CIQ,JB Sentral,96
2022-10-03,17:00,JB Sentral,Woodlands CIQ,317
2022-10-03,17:00,Woodlands CIQ,JB Sentral,92
2022-10-03,18:00,Woodlands CIQ,JB Sentral,257
2022-10-03,19:00,JB Sentral,Woodlands CIQ,323
2022-10-03,20:00,JB Sentral,Woodlands CIQ,317
2022-10-03,20:00,Woodlands CIQ,JB Sentral,227
2022-10-03,21:00,JB Sentral,Woodlands CIQ,316
2022-10-03,21:00,Woodlands CIQ,JB Sentral,129
2022-10-03,22:00,JB Sentral,Woodlands CIQ,316
2022-10-03,22:00,Woodlands CIQ,JB Sentral,73
2022-10-03,23:00,Woodlands CIQ,JB Sentral,29
2022-10-04,05:00,JB Sentral,Woodlands CIQ,466
2022-10-04,06:00,JB Sentral,Woodlands CIQ,634
2022-10-04,07:00,JB Sentral,Woodlands CIQ,636
2022-10-04,08:00,JB Sentral,Woodlands CIQ,251
2022-10-04,08:00,Woodlands CIQ,JB Sentral,314
2022-10-04,09:00,Woodlands CIQ,JB Sentral,319
2022-10-04,10:00,JB Sentral,Woodlands CIQ,156
2022-10-04,11:00,JB Sentral,Woodlands CIQ,122
2022-10-04,11:00,Woodlands CIQ,JB Sentral,320
2022-10-04,12:00,JB Sentral,Woodlands CIQ,141
2022-10-04,12:00,Woodlands CIQ,JB Sentral,321
2022-10-04,13:00,Woodlands CIQ,JB Sentral,140
2022-10-04,14:00,JB Sentral,Woodlands CIQ,182
2022-10-04,15:00,JB Sentral,Woodlands CIQ,319
2022-10-04,15:00,Woodlands CIQ,JB Sentral,78
2022-10-04,16:00,JB Sentral,Woodlands CIQ,318
2022-10-04,16:00,Woodlands CIQ,JB Sentral,87
2022-10-04,17:00,JB Sentral,Woodlands CIQ,319
2022-10-04,17:00,Woodlands CIQ,JB Sentral,127
2022-10-04,18:00,Woodlands CIQ,JB Sentral,308
2022-10-04,19:00,JB Sentral,Woodlands CIQ,317
2022-10-04,20:00,JB Sentral,Woodlands CIQ,318
2022-10-04,20:00,Woodlands CIQ,JB Sentral,252
2022-10-04,21:00,JB Sentral,Woodlands CIQ,317
2022-10-04,21:00,Woodlands CIQ,JB Sentral,134
2022-10-04,22:00,JB Sentral,Woodlands CIQ,323
2022-10-04,22:00,Woodlands CIQ,JB Sentral,60
2022-10-04,23:00,Woodlands CIQ,JB Sentral,16
2022-10-05,05:00,JB Sentral,Woodlands CIQ,456
2022-10-05,06:00,JB Sentral,Woodlands CIQ,636
2022-10-05,07:00,JB Sentral,Woodlands CIQ,636
2022-10-05,08:00,JB Sentral,Woodlands CIQ,257
2022-10-05,08:00,Woodlands CIQ,JB Sentral,317
2022-10-05,09:00,Woodlands CIQ,JB Sentral,316
2022-10-05,10:00,JB Sentral,Woodlands CIQ,154
2022-10-05,11:00,JB Sentral,Woodlands CIQ,149
2022-10-05,11:00,Woodlands CIQ,JB Sentral,318
2022-10-05,12:00,JB Sentral,Woodlands CIQ,141
2022-10-05,12:00,Woodlands CIQ,JB Sentral,317
2022-10-05,13:00,Woodlands CIQ,JB Sentral,217
2022-10-05,14:00,JB Sentral,Woodlands CIQ,124
2022-10-05,15:00,JB Sentral,Woodlands CIQ,230
2022-10-05,15:00,Woodlands CIQ,JB Sentral,84
2022-10-05,16:00,JB Sentral,Woodlands CIQ,318
2022-10-05,16:00,Woodlands CIQ,JB Sentral,74
2022-10-05,17:00,JB Sentral,Woodlands CIQ,319
2022-10-05,17:00,Woodlands CIQ,JB Sentral,104
2022-10-05,18:00,Woodlands CIQ,JB Sentral,318
2022-10-05,19:00,JB Sentral,Woodlands CIQ,315
2022-10-05,20:00,JB Sentral,Woodlands CIQ,317
2022-10-05,20:00,Woodlands CIQ,JB Sentral,283
2022-10-05,21:00,JB Sentral,Woodlands CIQ,315
2022-10-05,21:00,Woodlands CIQ,JB Sentral,164
2022-10-05,22:00,JB Sentral,Woodlands CIQ,298
2022-10-05,22:00,Woodlands CIQ,JB Sentral,75
2022-10-05,23:00,Woodlands CIQ,JB Sentral,40
2022-10-06,05:00,JB Sentral,Woodlands CIQ,496
2022-10-06,06:00,JB Sentral,Woodlands CIQ,638
2022-10-06,07:00,JB Sentral,Woodlands CIQ,632
2022-10-06,08:00,JB Sentral,Woodlands CIQ,261
2022-10-06,08:00,Woodlands CIQ,JB Sentral,318
2022-10-06,09:00,Woodlands CIQ,JB Sentral,320
2022-10-06,10:00,JB Sentral,Woodlands CIQ,170
2022-10-06,11:00,JB Sentral,Woodlands CIQ,119
2022-10-06,11:00,Woodlands CIQ,JB Sentral,321
2022-10-06,12:00,JB Sentral,Woodlands CIQ,105
2022-10-06,12:00,Woodlands CIQ,JB Sentral,320
2022-10-06,13:00,Woodlands CIQ,JB Sentral,324
2022-10-06,14:00,JB Sentral,Woodlands CIQ,155
2022-10-06,15:00,JB Sentral,Woodlands CIQ,254
2022-10-06,15:00,Woodlands CIQ,JB Sentral,316
2022-10-06,16:00,JB Sentral,Woodlands CIQ,319
2022-10-06,16:00,Woodlands CIQ,JB Sentral,322
2022-10-06,17:00,JB Sentral,Woodlands CIQ,319
2022-10-06,17:00,Woodlands CIQ,JB Sentral,317
2022-10-06,18:00,Woodlands CIQ,JB Sentral,320
2022-10-06,19:00,JB Sentral,Woodlands CIQ,317
2022-10-06,20:00,JB Sentral,Woodlands CIQ,315
2022-10-06,20:00,Woodlands CIQ,JB Sentral,321
2022-10-06,21:00,JB Sentral,Woodlands CIQ,320
2022-10-06,21:00,Woodlands CIQ,JB Sentral,324
2022-10-06,22:00,JB Sentral,Woodlands CIQ,316
2022-10-06,22:00,Woodlands CIQ,JB Sentral,321
2022-10-06,23:00,Woodlands CIQ,JB Sentral,79
2022-10-07,05:00,JB Sentral,Woodlands CIQ,581
2022-10-07,06:00,JB Sentral,Woodlands CIQ,635
2022-10-07,07:00,JB Sentral,Woodlands CIQ,635
2022-10-07,08:00,JB Sentral,Woodlands CIQ,245
2022-10-07,08:00,Woodlands CIQ,JB Sentral,322
2022-10-07,09:00,Woodlands CIQ,JB Sentral,323
2022-10-07,10:00,JB Sentral,Woodlands CIQ,201
2022-10-07,11:00,JB Sentral,Woodlands CIQ,143
2022-10-07,11:00,Woodlands CIQ,JB Sentral,321
2022-10-07,12:00,JB Sentral,Woodlands CIQ,133
2022-10-07,12:00,Woodlands CIQ,JB Sentral,323
2022-10-07,13:00,Woodlands CIQ,JB Sentral,323
2022-10-07,14:00,JB Sentral,Woodlands CIQ,205
2022-10-07,15:00,JB Sentral,Woodlands CIQ,322
2022-10-07,15:00,Woodlands CIQ,JB Sentral,322
2022-10-07,16:00,JB Sentral,Woodlands CIQ,324
2022-10-07,16:00,Woodlands CIQ,JB Sentral,320
2022-10-07,17:00,JB Sentral,Woodlands CIQ,323
2022-10-07,17:00,Woodlands CIQ,JB Sentral,322
2022-10-07,18:00,Woodlands CIQ,JB Sentral,320
2022-10-07,19:00,JB Sentral,Woodlands CIQ,318
2022-10-07,20:00,JB Sentral,Woodlands CIQ,316
2022-10-07,20:00,Woodlands CIQ,JB Sentral,320
2022-10-07,21:00,JB Sentral,Woodlands CIQ,317
2022-10-07,21:00,Woodlands CIQ,JB Sentral,324
2022-10-07,22:00,JB Sentral,Woodlands CIQ,321
2022-10-07,22:00,Woodlands CIQ,JB Sentral,324
2022-10-07,23:00,Woodlands CIQ,JB Sentral,319
2022-10-08,05:00,JB Sentral,Woodlands CIQ,280
2022-10-08,06:00,JB Sentral,Woodlands CIQ,279
2022-10-08,07:00,JB Sentral,Woodlands CIQ,407
2022-10-08,08:00,JB Sentral,Woodlands CIQ,311
2022-10-08,08:00,Woodlands CIQ,JB Sentral,320
2022-10-08,09:00,Woodlands CIQ,JB Sentral,317
2022-10-08,10:00,JB Sentral,Woodlands CIQ,319
2022-10-08,11:00,JB Sentral,Woodlands CIQ,287
2022-10-08,11:00,Woodlands CIQ,JB Sentral,320
2022-10-08,12:00,JB Sentral,Woodlands CIQ,325
2022-10-08,12:00,Woodlands CIQ,JB Sentral,321
2022-10-08,13:00,Woodlands CIQ,JB Sentral,324
2022-10-08,14:00,JB Sentral,Woodlands CIQ,325
2022-10-08,15:00,JB Sentral,Woodlands CIQ,320
2022-10-08,15:00,Woodlands CIQ,JB Sentral,319
2022-10-08,16:00,JB Sentral,Woodlands CIQ,325
2022-10-08,16:00,Woodlands CIQ,JB Sentral,318
2022-10-08,17:00,JB Sentral,Woodlands CIQ,323
2022-10-08,17:00,Woodlands CIQ,JB Sentral,321
2022-10-08,18:00,Woodlands CIQ,JB Sentral,321
2022-10-08,19:00,JB Sentral,Woodlands CIQ,322
2022-10-08,20:00,JB Sentral,Woodlands CIQ,321
2022-10-08,20:00,Woodlands CIQ,JB Sentral,321
2022-10-08,21:00,JB Sentral,Woodlands CIQ,317
2022-10-08,21:00,Woodlands CIQ,JB Sentral,273
2022-10-08,22:00,JB Sentral,Woodlands CIQ,318
2022-10-08,22:00,Woodlands CIQ,JB Sentral,192
2022-10-08,23:00,Woodlands CIQ,JB Sentral,86
2022-10-09,05:00,JB Sentral,Woodlands CIQ,190
2022-10-09,06:00,JB Sentral,Woodlands CIQ,205
2022-10-09,07:00,JB Sentral,Woodlands CIQ,509
2022-10-09,08:00,JB Sentral,Woodlands CIQ,328
2022-10-09,08:00,Woodlands CIQ,JB Sentral,318
2022-10-09,09:00,Woodlands CIQ,JB Sentral,317
2022-10-09,10:00,JB Sentral,Woodlands CIQ,325
2022-10-09,11:00,JB Sentral,Woodlands CIQ,318
2022-10-09,11:00,Woodlands CIQ,JB Sentral,322
2022-10-09,12:00,JB Sentral,Woodlands CIQ,322
2022-10-09,12:00,Woodlands CIQ,JB Sentral,319
2022-10-09,13:00,Woodlands CIQ,JB Sentral,321
2022-10-09,14:00,JB Sentral,Woodlands CIQ,322
2022-10-09,15:00,JB Sentral,Woodlands CIQ,324
2022-10-09,15:00,Woodlands CIQ,JB Sentral,220
2022-10-09,16:00,JB Sentral,Woodlands CIQ,326
2022-10-09,16:00,Woodlands CIQ,JB Sentral,108
2022-10-09,17:00,JB Sentral,Woodlands CIQ,320
2022-10-09,17:00,Woodlands CIQ,JB Sentral,144
2022-10-09,18:00,Woodlands CIQ,JB Sentral,128
2022-10-09,19:00,JB Sentral,Woodlands CIQ,322
2022-10-09,20:00,JB Sentral,Woodlands CIQ,323
2022-10-09,20:00,Woodlands CIQ,JB Sentral,117
2022-10-09,21:00,JB Sentral,Woodlands CIQ,322
2022-10-09,21:00,Woodlands CIQ,JB Sentral,107
2022-10-09,22:00,JB Sentral,Woodlands CIQ,318
2022-10-09,22:00,Woodlands CIQ,JB Sentral,63
2022-10-09,23:00,Woodlands CIQ,JB Sentral,66
2022-10-10,05:00,JB Sentral,Woodlands CIQ,636
2022-10-10,06:00,JB Sentral,Woodlands CIQ,638
2022-10-10,07:00,JB Sentral,Woodlands CIQ,639
2022-10-10,08:00,JB Sentral,Woodlands CIQ,320
2022-10-10,08:00,Woodlands CIQ,JB Sentral,315
2022-10-10,09:00,Woodlands CIQ,JB Sentral,316
2022-10-10,10:00,JB Sentral,Woodlands CIQ,318
2022-10-10,11:00,JB Sentral,Woodlands CIQ,294
2022-10-10,11:00,Woodlands CIQ,JB Sentral,318
2022-10-10,12:00,JB Sentral,Woodlands CIQ,256
2022-10-10,12:00,Woodlands CIQ,JB Sentral,318
2022-10-10,13:00,Woodlands CIQ,JB Sentral,322
2022-10-10,14:00,JB Sentral,Woodlands CIQ,310
2022-10-10,15:00,JB Sentral,Woodlands CIQ,322
2022-10-10,15:00,Woodlands CIQ,JB Sentral,110
2022-10-10,16:00,JB Sentral,Woodlands CIQ,317
2022-10-10,16:00,Woodlands CIQ,JB Sentral,109
2022-10-10,17:00,JB Sentral,Woodlands CIQ,320
2022-10-10,17:00,Woodlands CIQ,JB Sentral,128
2022-10-10,18:00,Woodlands CIQ,JB Sentral,274
2022-10-10,19:00,JB Sentral,Woodlands CIQ,323
2022-10-10,20:00,JB Sentral,Woodlands CIQ,319
2022-10-10,20:00,Woodlands CIQ,JB Sentral,251
2022-10-10,21:00,JB Sentral,Woodlands CIQ,317
2022-10-10,21:00,Woodlands CIQ,JB Sentral,120
2022-10-10,22:00,JB Sentral,Woodlands CIQ,316
2022-10-10,22:00,Woodlands CIQ,JB Sentral,90
2022-10-10,23:00,Woodlands CIQ,JB Sentral,28
2022-10-11,05:00,JB Sentral,Woodlands CIQ,491
2022-10-11,06:00,JB Sentral,Woodlands CIQ,637
2022-10-11,07:00,JB Sentral,Woodlands CIQ,634
2022-10-11,08:00,JB Sentral,Woodlands CIQ,299
2022-10-11,08:00,Woodlands CIQ,JB Sentral,316
2022-10-11,09:00,Woodlands CIQ,JB Sentral,316
2022-10-11,10:00,JB Sentral,Woodlands CIQ,204
2022-10-11,11:00,JB Sentral,Woodlands CIQ,120
2022-10-11,11:00,Woodlands CIQ,JB Sentral,317
2022-10-11,12:00,JB Sentral,Woodlands CIQ,143
2022-10-11,12:00,Woodlands CIQ,JB Sentral,319
2022-10-11,13:00,Woodlands CIQ,JB Sentral,242
2022-10-11,14:00,JB Sentral,Woodlands CIQ,165
2022-10-11,15:00,JB Sentral,Woodlands CIQ,321
2022-10-11,15:00,Woodlands CIQ,JB Sentral,98
2022-10-11,16:00,JB Sentral,Woodlands CIQ,321
2022-10-11,16:00,Woodlands CIQ,JB Sentral,67
2022-10-11,17:00,JB Sentral,Woodlands CIQ,322
2022-10-11,17:00,Woodlands CIQ,JB Sentral,114
2022-10-11,18:00,Woodlands CIQ,JB Sentral,305
2022-10-11,19:00,JB Sentral,Woodlands CIQ,318
2022-10-11,20:00,JB Sentral,Woodlands CIQ,317
2022-10-11,20:00,Woodlands CIQ,JB Sentral,257
2022-10-11,21:00,JB Sentral,Woodlands CIQ,319
2022-10-11,21:00,Woodlands CIQ,JB Sentral,144
2022-10-11,22:00,JB Sentral,Woodlands CIQ,318
2022-10-11,22:00,Woodlands CIQ,JB Sentral,69
2022-10-11,23:00,Woodlands CIQ,JB Sentral,40
2022-10-12,05:00,JB Sentral,Woodlands CIQ,488
2022-10-12,06:00,JB Sentral,Woodlands CIQ,640
2022-10-12,07:00,JB Sentral,Woodlands CIQ,638
2022-10-12,08:00,JB Sentral,Woodlands CIQ,313
2022-10-12,08:00,Woodlands CIQ,JB Sentral,316
2022-10-12,09:00,Woodlands CIQ,JB Sentral,316
2022-10-12,10:00,JB Sentral,Woodlands CIQ,179
2022-10-12,11:00,JB Sentral,Woodlands CIQ,158
2022-10-12,11:00,Woodlands CIQ,JB Sentral,322
2022-10-12,12:00,JB Sentral,Woodlands CIQ,120
2022-10-12,12:00,Woodlands CIQ,JB Sentral,317
2022-10-12,13:00,Woodlands CIQ,JB Sentral,246
2022-10-12,14:00,JB Sentral,Woodlands CIQ,134
2022-10-12,15:00,JB Sentral,Woodlands CIQ,320
2022-10-12,15:00,Woodlands CIQ,JB Sentral,110
2022-10-12,16:00,JB Sentral,Woodlands CIQ,317
2022-10-12,16:00,Woodlands CIQ,JB Sentral,89
2022-10-12,17:00,JB Sentral,Woodlands CIQ,319
2022-10-12,17:00,Woodlands CIQ,JB Sentral,106
2022-10-12,18:00,Woodlands CIQ,JB Sentral,316
2022-10-12,19:00,JB Sentral,Woodlands CIQ,315
2022-10-12,20:00,JB Sentral,Woodlands CIQ,318
2022-10-12,20:00,Woodlands CIQ,JB Sentral,310
2022-10-12,21:00,JB Sentral,Woodlands CIQ,316
2022-10-12,21:00,Woodlands CIQ,JB Sentral,168
2022-10-12,22:00,JB Sentral,Woodlands CIQ,322
2022-10-12,22:00,Woodlands CIQ,JB Sentral,82
2022-10-12,23:00,Woodlands CIQ,JB Sentral,47
2022-10-13,05:00,JB Sentral,Woodlands CIQ,511
2022-10-13,06:00,JB Sentral,Woodlands CIQ,638
2022-10-13,07:00,JB Sentral,Woodlands CIQ,633
2022-10-13,08:00,JB Sentral,Woodlands CIQ,316
2022-10-13,08:00,Woodlands CIQ,JB Sentral,317
2022-10-13,09:00,Woodlands CIQ,JB Sentral,323
2022-10-13,10:00,JB Sentral,Woodlands CIQ,257
2022-10-13,11:00,JB Sentral,Woodlands CIQ,209
2022-10-13,11:00,Woodlands CIQ,JB Sentral,319
2022-10-13,12:00,JB Sentral,Woodlands CIQ,182
2022-10-13,12:00,Woodlands CIQ,JB Sentral,321
2022-10-13,13:00,Woodlands CIQ,JB Sentral,318
2022-10-13,14:00,JB Sentral,Woodlands CIQ,199
2022-10-13,15:00,JB Sentral,Woodlands CIQ,319
2022-10-13,15:00,Woodlands CIQ,JB Sentral,160
2022-10-13,16:00,JB Sentral,Woodlands CIQ,321
2022-10-13,16:00,Woodlands CIQ,JB Sentral,101
2022-10-13,17:00,JB Sentral,Woodlands CIQ,316
2022-10-13,17:00,Woodlands CIQ,JB Sentral,212
2022-10-13,18:00,Woodlands CIQ,JB Sentral,318
2022-10-13,19:00,JB Sentral,Woodlands CIQ,316
2022-10-13,20:00,JB Sentral,Woodlands CIQ,316
2022-10-13,20:00,Woodlands CIQ,JB Sentral,320
2022-10-13,21:00,JB Sentral,Woodlands CIQ,317
2022-10-13,21:00,Woodlands CIQ,JB Sentral,323
2022-10-13,22:00,JB Sentral,Woodlands CIQ,318
2022-10-13,22:00,Woodlands CIQ,JB Sentral,201
2022-10-13,23:00,Woodlands CIQ,JB Sentral,71
2022-10-14,05:00,JB Sentral,Woodlands CIQ,584
2022-10-14,06:00,JB Sentral,Woodlands CIQ,637
2022-10-14,07:00,JB Sentral,Woodlands CIQ,631
2022-10-14,08:00,JB Sentral,Woodlands CIQ,321
2022-10-14,08:00,Woodlands CIQ,JB Sentral,320
2022-10-14,09:00,Woodlands CIQ,JB Sentral,323
2022-10-14,10:00,JB Sentral,Woodlands CIQ,191
2022-10-14,11:00,JB Sentral,Woodlands CIQ,169
2022-10-14,11:00,Woodlands CIQ,JB Sentral,322
2022-10-14,12:00,JB Sentral,Woodlands CIQ,155
2022-10-14,12:00,Woodlands CIQ,JB Sentral,325
2022-10-14,13:00,Woodlands CIQ,JB Sentral,319
2022-10-14,14:00,JB Sentral,Woodlands CIQ,160
2022-10-14,15:00,JB Sentral,Woodlands CIQ,282
2022-10-14,15:00,Woodlands CIQ,JB Sentral,319
2022-10-14,16:00,JB Sentral,Woodlands CIQ,317
2022-10-14,16:00,Woodlands CIQ,JB Sentral,321
2022-10-14,17:00,JB Sentral,Woodlands CIQ,316
2022-10-14,17:00,Woodlands CIQ,JB Sentral,318
2022-10-14,18:00,Woodlands CIQ,JB Sentral,321
2022-10-14,19:00,JB Sentral,Woodlands CIQ,316
2022-10-14,20:00,JB Sentral,Woodlands CIQ,318
2022-10-14,20:00,Woodlands CIQ,JB Sentral,320
2022-10-14,21:00,JB Sentral,Woodlands CIQ,317
2022-10-14,21:00,Woodlands CIQ,JB Sentral,322
2022-10-14,22:00,JB Sentral,Woodlands CIQ,315
2022-10-14,22:00,Woodlands CIQ,JB Sentral,319
2022-10-14,23:00,Woodlands CIQ,JB Sentral,316
2022-10-15,05:00,JB Sentral,Woodlands CIQ,253
2022-10-15,06:00,JB Sentral,Woodlands CIQ,267
2022-10-15,07:00,JB Sentral,Woodlands CIQ,376
2022-10-15,08:00,JB Sentral,Woodlands CIQ,314
2022-10-15,08:00,Woodlands CIQ,JB Sentral,321
2022-10-15,09:00,Woodlands CIQ,JB Sentral,322
2022-10-15,10:00,JB Sentral,Woodlands CIQ,249
2022-10-15,11:00,JB Sentral,Woodlands CIQ,202
2022-10-15,11:00,Woodlands CIQ,JB Sentral,321
2022-10-15,12:00,JB Sentral,Woodlands CIQ,167
2022-10-15,12:00,Woodlands CIQ,JB Sentral,324
2022-10-15,13:00,Woodlands CIQ,JB Sentral,319
2022-10-15,14:00,JB Sentral,Woodlands CIQ,322
2022-10-15,15:00,JB Sentral,Woodlands CIQ,315
2022-10-15,15:00,Woodlands CIQ,JB Sentral,322
2022-10-15,16:00,JB Sentral,Woodlands CIQ,316
2022-10-15,16:00,Woodlands CIQ,JB Sentral,317
2022-10-15,17:00,JB Sentral,Woodlands CIQ,316
2022-10-15,17:00,Woodlands CIQ,JB Sentral,327
2022-10-15,18:00,Woodlands CIQ,JB Sentral,321
2022-10-15,19:00,JB Sentral,Woodlands CIQ,317
2022-10-15,20:00,JB Sentral,Woodlands CIQ,319
2022-10-15,20:00,Woodlands CIQ,JB Sentral,319
2022-10-15,21:00,JB Sentral,Woodlands CIQ,316
2022-10-15,21:00,Woodlands CIQ,JB Sentral,236
2022-10-15,22:00,JB Sentral,Woodlands CIQ,318
2022-10-15,22:00,Woodlands CIQ,JB Sentral,153
2022-10-15,23:00,Woodlands CIQ,JB Sentral,79
2022-10-16,05:00,JB Sentral,Woodlands CIQ,158
2022-10-16,06:00,JB Sentral,Woodlands CIQ,125
2022-10-16,07:00,JB Sentral,Woodlands CIQ,334
2022-10-16,08:00,JB Sentral,Woodlands CIQ,320
2022-10-16,08:00,Woodlands CIQ,JB Sentral,314
2022-10-16,09:00,Woodlands CIQ,JB Sentral,318
2022-10-16,10:00,JB Sentral,Woodlands CIQ,328
2022-10-16,11:00,JB Sentral,Woodlands CIQ,316
2022-10-16,11:00,Woodlands CIQ,JB Sentral,320
2022-10-16,12:00,JB Sentral,Woodlands CIQ,323
2022-10-16,12:00,Woodlands CIQ,JB Sentral,316
2022-10-16,13:00,Woodlands CIQ,JB Sentral,324
2022-10-16,14:00,JB Sentral,Woodlands CIQ,323
2022-10-16,15:00,JB Sentral,Woodlands CIQ,317
2022-10-16,15:00,Woodlands CIQ,JB Sentral,303
2022-10-16,16:00,JB Sentral,Woodlands CIQ,319
2022-10-16,16:00,Woodlands CIQ,JB Sentral,142
2022-10-16,17:00,JB Sentral,Woodlands CIQ,319
2022-10-16,17:00,Woodlands CIQ,JB Sentral,103
2022-10-16,18:00,Woodlands CIQ,JB Sentral,111
2022-10-16,19:00,JB Sentral,Woodlands CIQ,321
2022-10-16,20:00,JB Sentral,Woodlands CIQ,323
2022-10-16,20:00,Woodlands CIQ,JB Sentral,117
2022-10-16,21:00,JB Sentral,Woodlands CIQ,322
2022-10-16,21:00,Woodlands CIQ,JB Sentral,76
2022-10-16,22:00,JB Sentral,Woodlands CIQ,316
2022-10-16,22:00,Woodlands CIQ,JB Sentral,75
2022-10-16,23:00,Woodlands CIQ,JB Sentral,30
2022-10-17,05:00,JB Sentral,Woodlands CIQ,632
2022-10-17,06:00,JB Sentral,Woodlands CIQ,637
2022-10-17,07:00,JB Sentral,Woodlands CIQ,639
2022-10-17,08:00,JB Sentral,Woodlands CIQ,317
2022-10-17,08:00,Woodlands CIQ,JB Sentral,318
2022-10-17,09:00,Woodlands CIQ,JB Sentral,319
2022-10-17,10:00,JB Sentral,Woodlands CIQ,320
2022-10-17,11:00,JB Sentral,Woodlands CIQ,289
2022-10-17,11:00,Woodlands CIQ,JB Sentral,321
2022-10-17,12:00,JB Sentral,Woodlands CIQ,279
2022-10-17,12:00,Woodlands CIQ,JB Sentral,324
2022-10-17,13:00,Woodlands CIQ,JB Sentral,317
2022-10-17,14:00,JB Sentral,Woodlands CIQ,323
2022-10-17,15:00,JB Sentral,Woodlands CIQ,325
2022-10-17,15:00,Woodlands CIQ,JB Sentral,140
2022-10-17,16:00,JB Sentral,Woodlands CIQ,318
2022-10-17,16:00,Woodlands CIQ,JB Sentral,107
2022-10-17,17:00,JB Sentral,Woodlands CIQ,320
2022-10-17,17:00,Woodlands CIQ,JB Sentral,100
2022-10-17,18:00,Woodlands CIQ,JB Sentral,272
2022-10-17,19:00,JB Sentral,Woodlands CIQ,318
2022-10-17,20:00,JB Sentral,Woodlands CIQ,322
2022-10-17,20:00,Woodlands CIQ,JB Sentral,244
2022-10-17,21:00,JB Sentral,Woodlands CIQ,319
2022-10-17,21:00,Woodlands CIQ,JB Sentral,143
2022-10-17,22:00,JB Sentral,Woodlands CIQ,316
2022-10-17,22:00,Woodlands CIQ,JB Sentral,104
2022-10-17,23:00,Woodlands CIQ,JB Sentral,28
2022-10-18,05:00,JB Sentral,Woodlands CIQ,592
2022-10-18,06:00,JB Sentral,Woodlands CIQ,635
2022-10-18,07:00,JB Sentral,Woodlands CIQ,637
2022-10-18,08:00,JB Sentral,Woodlands CIQ,317
2022-10-18,08:00,Woodlands CIQ,JB Sentral,314
2022-10-18,09:00,Woodlands CIQ,JB Sentral,315
2022-10-18,10:00,JB Sentral,Woodlands CIQ,222
2022-10-18,11:00,JB Sentral,Woodlands CIQ,162
2022-10-18,11:00,Woodlands CIQ,JB Sentral,318
2022-10-18,12:00,JB Sentral,Woodlands CIQ,177
2022-10-18,12:00,Woodlands CIQ,JB Sentral,317
2022-10-18,13:00,Woodlands CIQ,JB Sentral,312
2022-10-18,14:00,JB Sentral,Woodlands CIQ,293
2022-10-18,15:00,JB Sentral,Woodlands CIQ,320
2022-10-18,15:00,Woodlands CIQ,JB Sentral,106
2022-10-18,16:00,JB Sentral,Woodlands CIQ,317
2022-10-18,16:00,Woodlands CIQ,JB Sentral,112
2022-10-18,17:00,JB Sentral,Woodlands CIQ,318
2022-10-18,17:00,Woodlands CIQ,JB Sentral,116
2022-10-18,18:00,Woodlands CIQ,JB Sentral,314
2022-10-18,19:00,JB Sentral,Woodlands CIQ,319
2022-10-18,20:00,JB Sentral,Woodlands CIQ,317
2022-10-18,20:00,Woodlands CIQ,JB Sentral,288
2022-10-18,21:00,JB Sentral,Woodlands CIQ,316
2022-10-18,21:00,Woodlands CIQ,JB Sentral,194
2022-10-18,22:00,JB Sentral,Woodlands CIQ,315
2022-10-18,22:00,Woodlands CIQ,JB Sentral,100
2022-10-18,23:00,Woodlands CIQ,JB Sentral,37
2022-10-19,05:00,JB Sentral,Woodlands CIQ,613
2022-10-19,06:00,JB Sentral,Woodlands CIQ,632
2022-10-19,07:00,JB Sentral,Woodlands CIQ,634
2022-10-19,08:00,JB Sentral,Woodlands CIQ,314
2022-10-19,08:00,Woodlands CIQ,JB Sentral,320
2022-10-19,09:00,Woodlands CIQ,JB Sentral,320
2022-10-19,10:00,JB Sentral,Woodlands CIQ,196
2022-10-19,11:00,JB Sentral,Woodlands CIQ,167
2022-10-19,11:00,Woodlands CIQ,JB Sentral,317
2022-10-19,12:00,JB Sentral,Woodlands CIQ,161
2022-10-19,12:00,Woodlands CIQ,JB Sentral,315
2022-10-19,13:00,Woodlands CIQ,JB Sentral,320
2022-10-19,14:00,JB Sentral,Woodlands CIQ,309
2022-10-19,15:00,JB Sentral,Woodlands CIQ,318
2022-10-19,15:00,Woodlands CIQ,JB Sentral,117
2022-10-19,16:00,JB Sentral,Woodlands CIQ,317
2022-10-19,16:00,Woodlands CIQ,JB Sentral,93
2022-10-19,17:00,JB Sentral,Woodlands CIQ,316
2022-10-19,17:00,Woodlands CIQ,JB Sentral,180
2022-10-19,18:00,Woodlands CIQ,JB Sentral,320
2022-10-19,19:00,JB Sentral,Woodlands CIQ,316
2022-10-19,20:00,JB Sentral,Woodlands CIQ,317
2022-10-19,20:00,Woodlands CIQ,JB Sentral,316
2022-10-19,21:00,JB Sentral,Woodlands CIQ,319
2022-10-19,21:00,Woodlands CIQ,JB Sentral,240
2022-10-19,22:00,JB Sentral,Woodlands CIQ,315
2022-10-19,22:00,Woodlands CIQ,JB Sentral,89
2022-10-19,23:00,Woodlands CIQ,JB Sentral,38
2022-10-20,05:00,JB Sentral,Woodlands CIQ,609
2022-10-20,06:00,JB Sentral,Woodlands CIQ,628
2022-10-20,07:00,JB Sentral,Woodlands CIQ,633
2022-10-20,08:00,JB Sentral,Woodlands CIQ,321
2022-10-20,08:00,Woodlands CIQ,JB Sentral,317
2022-10-20,09:00,Woodlands CIQ,JB Sentral,315
2022-10-20,10:00,JB Sentral,Woodlands CIQ,161
2022-10-20,11:00,JB Sentral,Woodlands CIQ,151
2022-10-20,11:00,Woodlands CIQ,JB Sentral,317
2022-10-20,12:00,JB Sentral,Woodlands CIQ,165
2022-10-20,12:00,Woodlands CIQ,JB Sentral,315
2022-10-20,13:00,Woodlands CIQ,JB Sentral,319
2022-10-20,14:00,JB Sentral,Woodlands CIQ,233
2022-10-20,15:00,JB Sentral,Woodlands CIQ,321
2022-10-20,15:00,Woodlands CIQ,JB Sentral,313
2022-10-20,16:00,JB Sentral,Woodlands CIQ,319
2022-10-20,16:00,Woodlands CIQ,JB Sentral,265
2022-10-20,17:00,JB Sentral,Woodlands CIQ,316
2022-10-20,17:00,Woodlands CIQ,JB Sentral,320
2022-10-20,18:00,Woodlands CIQ,JB Sentral,318
2022-10-20,19:00,JB Sentral,Woodlands CIQ,318
2022-10-20,20:00,JB Sentral,Woodlands CIQ,317
2022-10-20,20:00,Woodlands CIQ,JB Sentral,322
2022-10-20,21:00,JB Sentral,Woodlands CIQ,315
2022-10-20,21:00,Woodlands CIQ,JB Sentral,322
2022-10-20,22:00,JB Sentral,Woodlands CIQ,315
2022-10-20,22:00,Woodlands CIQ,JB Sentral,320
2022-10-20,23:00,Woodlands CIQ,JB Sentral,218
2022-10-21,05:00,JB Sentral,Woodlands CIQ,632
2022-10-21,06:00,JB Sentral,Woodlands CIQ,635
2022-10-21,07:00,JB Sentral,Woodlands CIQ,630
2022-10-21,08:00,JB Sentral,Woodlands CIQ,275
2022-10-21,08:00,Woodlands CIQ,JB Sentral,319
2022-10-21,09:00,Woodlands CIQ,JB Sentral,316
2022-10-21,10:00,JB Sentral,Woodlands CIQ,231
2022-10-21,11:00,JB Sentral,Woodlands CIQ,198
2022-10-21,11:00,Woodlands CIQ,JB Sentral,318
2022-10-21,12:00,JB Sentral,Woodlands CIQ,155
2022-10-21,12:00,Woodlands CIQ,JB Sentral,319
2022-10-21,13:00,Woodlands CIQ,JB Sentral,318
2022-10-21,14:00,JB Sentral,Woodlands CIQ,219
2022-10-21,15:00,JB Sentral,Woodlands CIQ,227
2022-10-21,15:00,Woodlands CIQ,JB Sentral,322
2022-10-21,16:00,JB Sentral,Woodlands CIQ,320
2022-10-21,16:00,Woodlands CIQ,JB Sentral,318
2022-10-21,17:00,JB Sentral,Woodlands CIQ,317
2022-10-21,17:00,Woodlands CIQ,JB Sentral,317
2022-10-21,18:00,Woodlands CIQ,JB Sentral,323
2022-10-21,19:00,JB Sentral,Woodlands CIQ,319
2022-10-21,20:00,JB Sentral,Woodlands CIQ,316
2022-10-21,20:00,Woodlands CIQ,JB Sentral,323
2022-10-21,21:00,JB Sentral,Woodlands CIQ,316
2022-10-21,21:00,Woodlands CIQ,JB Sentral,328
2022-10-21,22:00,JB Sentral,Woodlands CIQ,318
2022-10-21,22:00,Woodlands CIQ,JB Sentral,322
2022-10-21,23:00,Woodlands CIQ,JB Sentral,316
2022-10-22,05:00,JB Sentral,Woodlands CIQ,315
2022-10-22,06:00,JB Sentral,Woodlands CIQ,233
2022-10-22,07:00,JB Sentral,Woodlands CIQ,327
2022-10-22,08:00,JB Sentral,Woodlands CIQ,310
2022-10-22,08:00,Woodlands CIQ,JB Sentral,320
2022-10-22,09:00,Woodlands CIQ,JB Sentral,322
2022-10-22,10:00,JB Sentral,Woodlands CIQ,318
2022-10-22,11:00,JB Sentral,Woodlands CIQ,236
2022-10-22,11:00,Woodlands CIQ,JB Sentral,325
2022-10-22,12:00,JB Sentral,Woodlands CIQ,176
2022-10-22,12:00,Woodlands CIQ,JB Sentral,319
2022-10-22,13:00,Woodlands CIQ,JB Sentral,321
2022-10-22,14:00,JB Sentral,Woodlands CIQ,270
2022-10-22,15:00,JB Sentral,Woodlands CIQ,321
2022-10-22,15:00,Woodlands CIQ,JB Sentral,325
2022-10-22,16:00,JB Sentral,Woodlands CIQ,318
2022-10-22,16:00,Woodlands CIQ,JB Sentral,326
2022-10-22,17:00,JB Sentral,Woodlands CIQ,317
2022-10-22,17:00,Woodlands CIQ,JB Sentral,321
2022-10-22,18:00,Woodlands CIQ,JB Sentral,319
2022-10-22,19:00,JB Sentral,Woodlands CIQ,315
2022-10-22,20:00,JB Sentral,Woodlands CIQ,316
2022-10-22,20:00,Woodlands CIQ,JB Sentral,320
2022-10-22,21:00,JB Sentral,Woodlands CIQ,315
2022-10-22,21:00,Woodlands CIQ,JB Sentral,317
2022-10-22,22:00,JB Sentral,Woodlands CIQ,314
2022-10-22,22:00,Woodlands CIQ,JB Sentral,316
2022-10-22,23:00,Woodlands CIQ,JB Sentral,318
2022-10-23,05:00,JB Sentral,Woodlands CIQ,179
2022-10-23,06:00,JB Sentral,Woodlands CIQ,110
2022-10-23,07:00,JB Sentral,Woodlands CIQ,449
2022-10-23,08:00,JB Sentral,Woodlands CIQ,314
2022-10-23,08:00,Woodlands CIQ,JB Sentral,316
2022-10-23,09:00,Woodlands CIQ,JB Sentral,319
2022-10-23,10:00,JB Sentral,Woodlands CIQ,317
2022-10-23,11:00,JB Sentral,Woodlands CIQ,317
2022-10-23,11:00,Woodlands CIQ,JB Sentral,320
2022-10-23,12:00,JB Sentral,Woodlands CIQ,319
2022-10-23,12:00,Woodlands CIQ,JB Sentral,321
2022-10-23,13:00,Woodlands CIQ,JB Sentral,317
2022-10-23,14:00,JB Sentral,Woodlands CIQ,318
2022-10-23,15:00,JB Sentral,Woodlands CIQ,317
2022-10-23,15:00,Woodlands CIQ,JB Sentral,316
2022-10-23,16:00,JB Sentral,Woodlands CIQ,320
2022-10-23,16:00,Woodlands CIQ,JB Sentral,314
2022-10-23,17:00,JB Sentral,Woodlands CIQ,315
2022-10-23,17:00,Woodlands CIQ,JB Sentral,319
2022-10-23,18:00,Woodlands CIQ,JB Sentral,290
2022-10-23,19:00,JB Sentral,Woodlands CIQ,313
2022-10-23,20:00,JB Sentral,Woodlands CIQ,321
2022-10-23,20:00,Woodlands CIQ,JB Sentral,201
2022-10-23,21:00,JB Sentral,Woodlands CIQ,314
2022-10-23,21:00,Woodlands CIQ,JB Sentral,197
2022-10-23,22:00,JB Sentral,Woodlands CIQ,312
2022-10-23,22:00,Woodlands CIQ,JB Sentral,183
2022-10-23,23:00,Woodlands CIQ,JB Sentral,63
2022-10-24,05:00,JB Sentral,Woodlands CIQ,285
2022-10-24,06:00,JB Sentral,Woodlands CIQ,627
2022-10-24,07:00,JB Sentral,Woodlands CIQ,627
2022-10-24,08:00,JB Sentral,Woodlands CIQ,318
2022-10-24,08:00,Woodlands CIQ,JB Sentral,318
2022-10-24,09:00,Woodlands CIQ,JB Sentral,315
2022-10-24,10:00,JB Sentral,Woodlands CIQ,318
2022-10-24,11:00,JB Sentral,Woodlands CIQ,315
2022-10-24,11:00,Woodlands CIQ,JB Sentral,315
2022-10-24,12:00,JB Sentral,Woodlands CIQ,325
2022-10-24,12:00,Woodlands CIQ,JB Sentral,315
2022-10-24,13:00,Woodlands CIQ,JB Sentral,277
2022-10-24,14:00,JB Sentral,Woodlands CIQ,321
2022-10-24,15:00,JB Sentral,Woodlands CIQ,319
2022-10-24,15:00,Woodlands CIQ,JB Sentral,157
2022-10-24,16:00,JB Sentral,Woodlands CIQ,322
2022-10-24,16:00,Woodlands CIQ,JB Sentral,160
2022-10-24,17:00,JB Sentral,Woodlands CIQ,326
2022-10-24,17:00,Woodlands CIQ,JB Sentral,122
2022-10-24,18:00,Woodlands CIQ,JB Sentral,136
2022-10-24,19:00,JB Sentral,Woodlands CIQ,322
2022-10-24,20:00,JB Sentral,Woodlands CIQ,324
2022-10-24,20:00,Woodlands CIQ,JB Sentral,120
2022-10-24,21:00,JB Sentral,Woodlands CIQ,323
2022-10-24,21:00,Woodlands CIQ,JB Sentral,146
2022-10-24,22:00,JB Sentral,Woodlands CIQ,319
2022-10-24,22:00,Woodlands CIQ,JB Sentral,65
2022-10-24,23:00,Woodlands CIQ,JB Sentral,25
2022-10-25,05:00,JB Sentral,Woodlands CIQ,627
2022-10-25,06:00,JB Sentral,Woodlands CIQ,628
2022-10-25,07:00,JB Sentral,Woodlands CIQ,632
2022-10-25,08:00,JB Sentral,Woodlands CIQ,317
2022-10-25,08:00,Woodlands CIQ,JB Sentral,314
2022-10-25,09:00,Woodlands CIQ,JB Sentral,314
2022-10-25,10:00,JB Sentral,Woodlands CIQ,314
2022-10-25,11:00,JB Sentral,Woodlands CIQ,319
2022-10-25,11:00,Woodlands CIQ,JB Sentral,318
2022-10-25,12:00,JB Sentral,Woodlands CIQ,315
2022-10-25,12:00,Woodlands CIQ,JB Sentral,313
2022-10-25,13:00,Woodlands CIQ,JB Sentral,237
2022-10-25,14:00,JB Sentral,Woodlands CIQ,323
2022-10-25,15:00,JB Sentral,Woodlands CIQ,322
2022-10-25,15:00,Woodlands CIQ,JB Sentral,93
2022-10-25,16:00,JB Sentral,Woodlands CIQ,319
2022-10-25,16:00,Woodlands CIQ,JB Sentral,70
2022-10-25,17:00,JB Sentral,Woodlands CIQ,314
2022-10-25,17:00,Woodlands CIQ,JB Sentral,112
2022-10-25,18:00,Woodlands CIQ,JB Sentral,258
2022-10-25,19:00,JB Sentral,Woodlands CIQ,315
2022-10-25,20:00,JB Sentral,Woodlands CIQ,317
2022-10-25,20:00,Woodlands CIQ,JB Sentral,247
2022-10-25,21:00,JB Sentral,Woodlands CIQ,314
2022-10-25,21:00,Woodlands CIQ,JB Sentral,116
2022-10-25,22:00,JB Sentral,Woodlands CIQ,316
2022-10-25,22:00,Woodlands CIQ,JB Sentral,70
2022-10-25,23:00,Woodlands CIQ,JB Sentral,24
2022-10-26,05:00,JB Sentral,Woodlands CIQ,518
2022-10-26,06:00,JB Sentral,Woodlands CIQ,626
2022-10-26,07:00,JB Sentral,Woodlands CIQ,628
2022-10-26,08:00,JB Sentral,Woodlands CIQ,313
2022-10-26,08:00,Woodlands CIQ,JB Sentral,314
2022-10-26,09:00,Woodlands CIQ,JB Sentral,314
2022-10-26,10:00,JB Sentral,Woodlands CIQ,209
2022-10-26,11:00,JB Sentral,Woodlands CIQ,189
2022-10-26,11:00,Woodlands CIQ,JB Sentral,314
2022-10-26,12:00,JB Sentral,Woodlands CIQ,201
2022-10-26,12:00,Woodlands CIQ,JB Sentral,317
2022-10-26,13:00,Woodlands CIQ,JB Sentral,264
2022-10-26,14:00,JB Sentral,Woodlands CIQ,204
2022-10-26,15:00,JB Sentral,Woodlands CIQ,317
2022-10-26,15:00,Woodlands CIQ,JB Sentral,85
2022-10-26,16:00,JB Sentral,Woodlands CIQ,317
2022-10-26,16:00,Woodlands CIQ,JB Sentral,78
2022-10-26,17:00,JB Sentral,Woodlands CIQ,320
2022-10-26,17:00,Woodlands CIQ,JB Sentral,104
2022-10-26,18:00,Woodlands CIQ,JB Sentral,299
2022-10-26,19:00,JB Sentral,Woodlands CIQ,317
2022-10-26,20:00,JB Sentral,Woodlands CIQ,313
2022-10-26,20:00,Woodlands CIQ,JB Sentral,311
2022-10-26,21:00,JB Sentral,Woodlands CIQ,313
2022-10-26,21:00,Woodlands CIQ,JB Sentral,115
2022-10-26,22:00,JB Sentral,Woodlands CIQ,313
2022-10-26,22:00,Woodlands CIQ,JB Sentral,69
2022-10-26,23:00,Woodlands CIQ,JB Sentral,44
2022-10-27,05:00,JB Sentral,Woodlands CIQ,526
2022-10-27,06:00,JB Sentral,Woodlands CIQ,627
2022-10-27,07:00,JB Sentral,Woodlands CIQ,627
2022-10-27,08:00,JB Sentral,Woodlands CIQ,283
2022-10-27,08:00,Woodlands CIQ,JB Sentral,314
2022-10-27,09:00,Woodlands CIQ,JB Sentral,314
2022-10-27,10:00,JB Sentral,Woodlands CIQ,211
2022-10-27,11:00,JB Sentral,Woodlands CIQ,154
2022-10-27,11:00,Woodlands CIQ,JB Sentral,315
2022-10-27,12:00,JB Sentral,Woodlands CIQ,149
2022-10-27,12:00,Woodlands CIQ,JB Sentral,314
2022-10-27,13:00,Woodlands CIQ,JB Sentral,319
2022-10-27,14:00,JB Sentral,Woodlands CIQ,189
2022-10-27,15:00,JB Sentral,Woodlands CIQ,238
2022-10-27,15:00,Woodlands CIQ,JB Sentral,166
2022-10-27,16:00,JB Sentral,Woodlands CIQ,312
2022-10-27,16:00,Woodlands CIQ,JB Sentral,108
2022-10-27,17:00,JB Sentral,Woodlands CIQ,314
2022-10-27,17:00,Woodlands CIQ,JB Sentral,202
2022-10-27,18:00,Woodlands CIQ,JB Sentral,315
2022-10-27,19:00,JB Sentral,Woodlands CIQ,314
2022-10-27,20:00,JB Sentral,Woodlands CIQ,314
2022-10-27,20:00,Woodlands CIQ,JB Sentral,314
2022-10-27,21:00,JB Sentral,Woodlands CIQ,314
2022-10-27,21:00,Woodlands CIQ,JB Sentral,297
2022-10-27,22:00,JB Sentral,Woodlands CIQ,311
2022-10-27,22:00,Woodlands CIQ,JB Sentral,131
2022-10-27,23:00,Woodlands CIQ,JB Sentral,52
2022-10-28,05:00,JB Sentral,Woodlands CIQ,591
2022-10-28,06:00,JB Sentral,Woodlands CIQ,626
2022-10-28,07:00,JB Sentral,Woodlands CIQ,628
2022-10-28,08:00,JB Sentral,Woodlands CIQ,269
2022-10-28,08:00,Woodlands CIQ,JB Sentral,316
2022-10-28,09:00,Woodlands CIQ,JB Sentral,316
2022-10-28,10:00,JB Sentral,Woodlands CIQ,171
2022-10-28,11:00,JB Sentral,Woodlands CIQ,158
2022-10-28,11:00,Woodlands CIQ,JB Sentral,319
2022-10-28,12:00,JB Sentral,Woodlands CIQ,143
2022-10-28,12:00,Woodlands CIQ,JB Sentral,315
2022-10-28,13:00,Woodlands CIQ,JB Sentral,314
2022-10-28,14:00,JB Sentral,Woodlands CIQ,156
2022-10-28,15:00,JB Sentral,Woodlands CIQ,235
2022-10-28,15:00,Woodlands CIQ,JB Sentral,321
2022-10-28,16:00,JB Sentral,Woodlands CIQ,324
2022-10-28,16:00,Woodlands CIQ,JB Sentral,318
2022-10-28,17:00,JB Sentral,Woodlands CIQ,318
2022-10-28,17:00,Woodlands CIQ,JB Sentral,319
2022-10-28,18:00,Woodlands CIQ,JB Sentral,315
2022-10-28,19:00,JB Sentral,Woodlands CIQ,318
2022-10-28,20:00,JB Sentral,Woodlands CIQ,313
2022-10-28,20:00,Woodlands CIQ,JB Sentral,320
2022-10-28,21:00,JB Sentral,Woodlands CIQ,314
2022-10-28,21:00,Woodlands CIQ,JB Sentral,320
2022-10-28,22:00,JB Sentral,Woodlands CIQ,313
2022-10-28,22:00,Woodlands CIQ,JB Sentral,315
2022-10-28,23:00,Woodlands CIQ,JB Sentral,315
2022-10-29,05:00,JB Sentral,Woodlands CIQ,231
2022-10-29,06:00,JB Sentral,Woodlands CIQ,260
2022-10-29,07:00,JB Sentral,Woodlands CIQ,360
2022-10-29,08:00,JB Sentral,Woodlands CIQ,247
2022-10-29,08:00,Woodlands CIQ,JB Sentral,321
2022-10-29,09:00,Woodlands CIQ,JB Sentral,319
2022-10-29,10:00,JB Sentral,Woodlands CIQ,261
2022-10-29,11:00,JB Sentral,Woodlands CIQ,147
2022-10-29,11:00,Woodlands CIQ,JB Sentral,318
2022-10-29,12:00,JB Sentral,Woodlands CIQ,191
2022-10-29,12:00,Woodlands CIQ,JB Sentral,319
2022-10-29,13:00,Woodlands CIQ,JB Sentral,319
2022-10-29,14:00,JB Sentral,Woodlands CIQ,310
2022-10-29,15:00,JB Sentral,Woodlands CIQ,319
2022-10-29,15:00,Woodlands CIQ,JB Sentral,317
2022-10-29,16:00,JB Sentral,Woodlands CIQ,317
2022-10-29,16:00,Woodlands CIQ,JB Sentral,320
2022-10-29,17:00,JB Sentral,Woodlands CIQ,315
2022-10-29,17:00,Woodlands CIQ,JB Sentral,317
2022-10-29,18:00,Woodlands CIQ,JB Sentral,324
2022-10-29,19:00,JB Sentral,Woodlands CIQ,314
2022-10-29,20:00,JB Sentral,Woodlands CIQ,316
2022-10-29,20:00,Woodlands CIQ,JB Sentral,316
2022-10-29,21:00,JB Sentral,Woodlands CIQ,315
2022-10-29,21:00,Woodlands CIQ,JB Sentral,274
2022-10-29,22:00,JB Sentral,Woodlands CIQ,316
2022-10-29,22:00,Woodlands CIQ,JB Sentral,167
2022-10-29,23:00,Woodlands CIQ,JB Sentral,76
2022-10-30,05:00,JB Sentral,Woodlands CIQ,141
2022-10-30,06:00,JB Sentral,Woodlands CIQ,128
2022-10-30,07:00,JB Sentral,Woodlands CIQ,308
2022-10-30,08:00,JB Sentral,Woodlands CIQ,316
2022-10-30,08:00,Woodlands CIQ,JB Sentral,313
2022-10-30,09:00,Woodlands CIQ,JB Sentral,315
2022-10-30,10:00,JB Sentral,Woodlands CIQ,316
2022-10-30,11:00,JB Sentral,Woodlands CIQ,317
2022-10-30,11:00,Woodlands CIQ,JB Sentral,313
2022-10-30,12:00,JB Sentral,Woodlands CIQ,312
2022-10-30,12:00,Woodlands CIQ,JB Sentral,325
2022-10-30,13:00,Woodlands CIQ,JB Sentral,321
2022-10-30,14:00,JB Sentral,Woodlands CIQ,322
2022-10-30,15:00,JB Sentral,Woodlands CIQ,316
2022-10-30,15:00,Woodlands CIQ,JB Sentral,155
2022-10-30,16:00,JB Sentral,Woodlands CIQ,321
2022-10-30,16:00,Woodlands CIQ,JB Sentral,110
2022-10-30,17:00,JB Sentral,Woodlands CIQ,320
2022-10-30,17:00,Woodlands CIQ,JB Sentral,94
2022-10-30,18:00,Woodlands CIQ,JB Sentral,89
2022-10-30,19:00,JB Sentral,Woodlands CIQ,317
2022-10-30,20:00,JB Sentral,Woodlands CIQ,320
2022-10-30,20:00,Woodlands CIQ,JB Sentral,108
2022-10-30,21:00,JB Sentral,Woodlands CIQ,320
2022-10-30,21:00,Woodlands CIQ,JB Sentral,63
2022-10-30,22:00,JB Sentral,Woodlands CIQ,316
2022-10-30,22:00,Woodlands CIQ,JB Sentral,66
2022-10-30,23:00,Woodlands CIQ,JB Sentral,28
2022-10-31,05:00,JB Sentral,Woodlands CIQ,627
2022-10-31,06:00,JB Sentral,Woodlands CIQ,632
2022-10-31,07:00,JB Sentral,Woodlands CIQ,627
2022-10-31,08:00,JB Sentral,Woodlands CIQ,317
2022-10-31,08:00,Woodlands CIQ,JB Sentral,315
2022-10-31,09:00,Woodlands CIQ,JB Sentral,315
2022-10-31,10:00,JB Sentral,Woodlands CIQ,316
2022-10-31,11:00,JB Sentral,Woodlands CIQ,226
2022-10-31,11:00,Woodlands CIQ,JB Sentral,319
2022-10-31,12:00,JB Sentral,Woodlands CIQ,217
2022-10-31,12:00,Woodlands CIQ,JB Sentral,316
2022-10-31,13:00,Woodlands CIQ,JB Sentral,292
2022-10-31,14:00,JB Sentral,Woodlands CIQ,319
2022-10-31,15:00,JB Sentral,Woodlands CIQ,314
2022-10-31,15:00,Woodlands CIQ,JB Sentral,114
2022-10-31,16:00,JB Sentral,Woodlands CIQ,315
2022-10-31,16:00,Woodlands CIQ,JB Sentral,90
2022-10-31,17:00,JB Sentral,Woodlands CIQ,315
2022-10-31,17:00,Woodlands CIQ,JB Sentral,124
2022-10-31,18:00,Woodlands CIQ,JB Sentral,270
2022-10-31,19:00,JB Sentral,Woodlands CIQ,315
2022-10-31,20:00,JB Sentral,Woodlands CIQ,317
2022-10-31,20:00,Woodlands CIQ,JB Sentral,242
2022-10-31,21:00,JB Sentral,Woodlands CIQ,315
2022-10-31,21:00,Woodlands CIQ,JB Sentral,169
2022-10-31,22:00,JB Sentral,Woodlands CIQ,313
2022-10-31,22:00,Woodlands CIQ,JB Sentral,64
2022-10-31,23:00,Woodlands CIQ,JB Sentral,26
2022-11-01,05:00,JB Sentral,Woodlands CIQ,515
2022-11-01,06:00,JB Sentral,Woodlands CIQ,628
2022-11-01,07:00,JB Sentral,Woodlands CIQ,627
2022-11-01,08:00,JB Sentral,Woodlands CIQ,313
2022-11-01,08:00,Woodlands CIQ,JB Sentral,313
2022-11-01,09:00,Woodlands CIQ,JB Sentral,313
2022-11-01,10:00,JB Sentral,Woodlands CIQ,133
2022-11-01,11:00,JB Sentral,Woodlands CIQ,143
2022-11-01,11:00,Woodlands CIQ,JB Sentral,314
2022-11-01,12:00,JB Sentral,Woodlands CIQ,139
2022-11-01,12:00,Woodlands CIQ,JB Sentral,317
2022-11-01,13:00,Woodlands CIQ,JB Sentral,202
2022-11-01,14:00,JB Sentral,Woodlands CIQ,181
2022-11-01,15:00,JB Sentral,Woodlands CIQ,313
2022-11-01,15:00,Woodlands CIQ,JB Sentral,92
2022-11-01,16:00,JB Sentral,Woodlands CIQ,313
2022-11-01,16:00,Woodlands CIQ,JB Sentral,73
2022-11-01,17:00,JB Sentral,Woodlands CIQ,314
2022-11-01,17:00,Woodlands CIQ,JB Sentral,108
2022-11-01,18:00,Woodlands CIQ,JB Sentral,304
2022-11-01,19:00,JB Sentral,Woodlands CIQ,315
2022-11-01,20:00,JB Sentral,Woodlands CIQ,321
2022-11-01,20:00,Woodlands CIQ,JB Sentral,269
2022-11-01,21:00,JB Sentral,Woodlands CIQ,321
2022-11-01,21:00,Woodlands CIQ,JB Sentral,143
2022-11-01,22:00,JB Sentral,Woodlands CIQ,319
2022-11-01,22:00,Woodlands CIQ,JB Sentral,69
2022-11-01,23:00,Woodlands CIQ,JB Sentral,30
2022-11-02,05:00,JB Sentral,Woodlands CIQ,509
2022-11-02,06:00,JB Sentral,Woodlands CIQ,640
2022-11-02,07:00,JB Sentral,Woodlands CIQ,640
2022-11-02,08:00,JB Sentral,Woodlands CIQ,304
2022-11-02,08:00,Woodlands CIQ,JB Sentral,320
2022-11-02,09:00,Woodlands CIQ,JB Sentral,321
2022-11-02,10:00,JB Sentral,Woodlands CIQ,162
2022-11-02,11:00,JB Sentral,Woodlands CIQ,128
2022-11-02,11:00,Woodlands CIQ,JB Sentral,323
2022-11-02,12:00,JB Sentral,Woodlands CIQ,94
2022-11-02,12:00,Woodlands CIQ,JB Sentral,325
2022-11-02,13:00,Woodlands CIQ,JB Sentral,219
2022-11-02,14:00,JB Sentral,Woodlands CIQ,136
2022-11-02,15:00,JB Sentral,Woodlands CIQ,303
2022-11-02,15:00,Woodlands CIQ,JB Sentral,108
2022-11-02,16:00,JB Sentral,Woodlands CIQ,320
2022-11-02,16:00,Woodlands CIQ,JB Sentral,79
2022-11-02,17:00,JB Sentral,Woodlands CIQ,317
2022-11-02,17:00,Woodlands CIQ,JB Sentral,99
2022-11-02,18:00,Woodlands CIQ,JB Sentral,319
2022-11-02,19:00,JB Sentral,Woodlands CIQ,317
2022-11-02,20:00,JB Sentral,Woodlands CIQ,319
2022-11-02,20:00,Woodlands CIQ,JB Sentral,313
2022-11-02,21:00,JB Sentral,Woodlands CIQ,316
2022-11-02,21:00,Woodlands CIQ,JB Sentral,169
2022-11-02,22:00,JB Sentral,Woodlands CIQ,258
2022-11-02,22:00,Woodlands CIQ,JB Sentral,83
2022-11-02,23:00,Woodlands CIQ,JB Sentral,38
2022-11-03,05:00,JB Sentral,Woodlands CIQ,540
2022-11-03,06:00,JB Sentral,Woodlands CIQ,629
2022-11-03,07:00,JB Sentral,Woodlands CIQ,635
2022-11-03,08:00,JB Sentral,Woodlands CIQ,301
2022-11-03,08:00,Woodlands CIQ,JB Sentral,320
2022-11-03,09:00,Woodlands CIQ,JB Sentral,320
2022-11-03,10:00,JB Sentral,Woodlands CIQ,181
2022-11-03,11:00,JB Sentral,Woodlands CIQ,148
2022-11-03,11:00,Woodlands CIQ,JB Sentral,319
2022-11-03,12:00,JB Sentral,Woodlands CIQ,155
2022-11-03,12:00,Woodlands CIQ,JB Sentral,316
2022-11-03,13:00,Woodlands CIQ,JB Sentral,315
2022-11-03,14:00,JB Sentral,Woodlands CIQ,136
2022-11-03,15:00,JB Sentral,Woodlands CIQ,329
2022-11-03,15:00,Woodlands CIQ,JB Sentral,153
2022-11-03,16:00,JB Sentral,Woodlands CIQ,314
2022-11-03,16:00,Woodlands CIQ,JB Sentral,130
2022-11-03,17:00,JB Sentral,Woodlands CIQ,315
2022-11-03,17:00,Woodlands CIQ,JB Sentral,212
2022-11-03,18:00,Woodlands CIQ,JB Sentral,310
2022-11-03,19:00,JB Sentral,Woodlands CIQ,316
2022-11-03,20:00,JB Sentral,Woodlands CIQ,319
2022-11-03,20:00,Woodlands CIQ,JB Sentral,312
2022-11-03,21:00,JB Sentral,Woodlands CIQ,319
2022-11-03,21:00,Woodlands CIQ,JB Sentral,316
2022-11-03,22:00,JB Sentral,Woodlands CIQ,316
2022-11-03,22:00,Woodlands CIQ,JB Sentral,157
2022-11-03,23:00,Woodlands CIQ,JB Sentral,43
2022-11-04,05:00,JB Sentral,Woodlands CIQ,617
2022-11-04,06:00,JB Sentral,Woodlands CIQ,624
2022-11-04,07:00,JB Sentral,Woodlands CIQ,624
2022-11-04,08:00,JB Sentral,Woodlands CIQ,305
2022-11-04,08:00,Woodlands CIQ,JB Sentral,320
2022-11-04,09:00,Woodlands CIQ,JB Sentral,317
2022-11-04,10:00,JB Sentral,Woodlands CIQ,171
2022-11-04,11:00,JB Sentral,Woodlands CIQ,142
2022-11-04,11:00,Woodlands CIQ,JB Sentral,319
2022-11-04,12:00,JB Sentral,Woodlands CIQ,169
2022-11-04,12:00,Woodlands CIQ,JB Sentral,321
2022-11-04,13:00,Woodlands CIQ,JB Sentral,314
2022-11-04,14:00,JB Sentral,Woodlands CIQ,192
2022-11-04,15:00,JB Sentral,Woodlands CIQ,216
2022-11-04,15:00,Woodlands CIQ,JB Sentral,317
2022-11-04,16:00,JB Sentral,Woodlands CIQ,316
2022-11-04,16:00,Woodlands CIQ,JB Sentral,316
2022-11-04,17:00,JB Sentral,Woodlands CIQ,312
2022-11-04,17:00,Woodlands CIQ,JB Sentral,316
2022-11-04,18:00,Woodlands CIQ,JB Sentral,320
2022-11-04,19:00,JB Sentral,Woodlands CIQ,310
2022-11-04,20:00,JB Sentral,Woodlands CIQ,315
2022-11-04,20:00,Woodlands CIQ,JB Sentral,324
2022-11-04,21:00,JB Sentral,Woodlands CIQ,314
2022-11-04,21:00,Woodlands CIQ,JB Sentral,325
2022-11-04,22:00,JB Sentral,Woodlands CIQ,319
2022-11-04,22:00,Woodlands CIQ,JB Sentral,326
2022-11-04,23:00,Woodlands CIQ,JB Sentral,320
2022-11-05,05:00,JB Sentral,Woodlands CIQ,234
2022-11-05,06:00,JB Sentral,Woodlands CIQ,268
2022-11-05,07:00,JB Sentral,Woodlands CIQ,323
2022-11-05,08:00,JB Sentral,Woodlands CIQ,253
2022-11-05,08:00,Woodlands CIQ,JB Sentral,320
2022-11-05,09:00,Woodlands CIQ,JB Sentral,321
2022-11-05,10:00,JB Sentral,Woodlands CIQ,230
2022-11-05,11:00,JB Sentral,Woodlands CIQ,195
2022-11-05,11:00,Woodlands CIQ,JB Sentral,320
2022-11-05,12:00,JB Sentral,Woodlands CIQ,172
2022-11-05,12:00,Woodlands CIQ,JB Sentral,322
2022-11-05,13:00,Woodlands CIQ,JB Sentral,322
2022-11-05,14:00,JB Sentral,Woodlands CIQ,318
2022-11-05,15:00,JB Sentral,Woodlands CIQ,315
2022-11-05,15:00,Woodlands CIQ,JB Sentral,319
2022-11-05,16:00,JB Sentral,Woodlands CIQ,312
2022-11-05,16:00,Woodlands CIQ,JB Sentral,320
2022-11-05,17:00,JB Sentral,Woodlands CIQ,314
2022-11-05,17:00,Woodlands CIQ,JB Sentral,322
2022-11-05,18:00,Woodlands CIQ,JB Sentral,312
2022-11-05,19:00,JB Sentral,Woodlands CIQ,316
2022-11-05,20:00,JB Sentral,Woodlands CIQ,314
2022-11-05,20:00,Woodlands CIQ,JB Sentral,317
2022-11-05,21:00,JB Sentral,Woodlands CIQ,317
2022-11-05,21:00,Woodlands CIQ,JB Sentral,282
2022-11-05,22:00,JB Sentral,Woodlands CIQ,321
2022-11-05,22:00,Woodlands CIQ,JB Sentral,144
2022-11-05,23:00,Woodlands CIQ,JB Sentral,113
2022-11-06,05:00,JB Sentral,Woodlands CIQ,143
2022-11-06,06:00,JB Sentral,Woodlands CIQ,135
2022-11-06,07:00,JB Sentral,Woodlands CIQ,331
2022-11-06,08:00,JB Sentral,Woodlands CIQ,317
2022-11-06,08:00,Woodlands CIQ,JB Sentral,318
2022-11-06,09:00,Woodlands CIQ,JB Sentral,316
2022-11-06,10:00,JB Sentral,Woodlands CIQ,314
2022-11-06,11:00,JB Sentral,Woodlands CIQ,317
2022-11-06,11:00,Woodlands CIQ,JB Sentral,318
2022-11-06,12:00,JB Sentral,Woodlands CIQ,319
2022-11-06,12:00,Woodlands CIQ,JB Sentral,317
2022-11-06,13:00,Woodlands CIQ,JB Sentral,312
2022-11-06,14:00,JB Sentral,Woodlands CIQ,316
2022-11-06,15:00,JB Sentral,Woodlands CIQ,316
2022-11-06,15:00,Woodlands CIQ,JB Sentral,210
2022-11-06,16:00,JB Sentral,Woodlands CIQ,323
2022-11-06,16:00,Woodlands CIQ,JB Sentral,132
2022-11-06,17:00,JB Sentral,Woodlands CIQ,320
2022-11-06,17:00,Woodlands CIQ,JB Sentral,122
2022-11-06,18:00,Woodlands CIQ,JB Sentral,76
2022-11-06,19:00,JB Sentral,Woodlands CIQ,323
2022-11-06,20:00,JB Sentral,Woodlands CIQ,323
2022-11-06,20:00,Woodlands CIQ,JB Sentral,87
2022-11-06,21:00,JB Sentral,Woodlands CIQ,317
2022-11-06,21:00,Woodlands CIQ,JB Sentral,80
2022-11-06,22:00,JB Sentral,Woodlands CIQ,314
2022-11-06,22:00,Woodlands CIQ,JB Sentral,70
2022-11-06,23:00,Woodlands CIQ,JB Sentral,21
2022-11-07,05:00,JB Sentral,Woodlands CIQ,631
2022-11-07,06:00,JB Sentral,Woodlands CIQ,639
2022-11-07,07:00,JB Sentral,Woodlands CIQ,639
2022-11-07,08:00,JB Sentral,Woodlands CIQ,322
2022-11-07,08:00,Woodlands CIQ,JB Sentral,322
2022-11-07,09:00,Woodlands CIQ,JB Sentral,320
2022-11-07,10:00,JB Sentral,Woodlands CIQ,324
2022-11-07,11:00,JB Sentral,Woodlands CIQ,207
2022-11-07,11:00,Woodlands CIQ,JB Sentral,322
2022-11-07,12:00,JB Sentral,Woodlands CIQ,217
2022-11-07,12:00,Woodlands CIQ,JB Sentral,321
2022-11-07,13:00,Woodlands CIQ,JB Sentral,282
2022-11-07,14:00,JB Sentral,Woodlands CIQ,328
2022-11-07,15:00,JB Sentral,Woodlands CIQ,316
2022-11-07,15:00,Woodlands CIQ,JB Sentral,102
2022-11-07,16:00,JB Sentral,Woodlands CIQ,323
2022-11-07,16:00,Woodlands CIQ,JB Sentral,79
2022-11-07,17:00,JB Sentral,Woodlands CIQ,322
2022-11-07,17:00,Woodlands CIQ,JB Sentral,106
2022-11-07,18:00,Woodlands CIQ,JB Sentral,277
2022-11-07,19:00,JB Sentral,Woodlands CIQ,314
2022-11-07,20:00,JB Sentral,Woodlands CIQ,318
2022-11-07,20:00,Woodlands CIQ,JB Sentral,268
2022-11-07,21:00,JB Sentral,Woodlands CIQ,317
2022-11-07,21:00,Woodlands CIQ,JB Sentral,149
2022-11-07,22:00,JB Sentral,Woodlands CIQ,314
2022-11-07,22:00,Woodlands CIQ,JB Sentral,76
2022-11-07,23:00,Woodlands CIQ,JB Sentral,37
2022-11-08,05:00,JB Sentral,Woodlands CIQ,488
2022-11-08,06:00,JB Sentral,Woodlands CIQ,631
2022-11-08,07:00,JB Sentral,Woodlands CIQ,632
2022-11-08,08:00,JB Sentral,Woodlands CIQ,312
2022-11-08,08:00,Woodlands CIQ,JB Sentral,320
2022-11-08,09:00,Woodlands CIQ,JB Sentral,322
2022-11-08,10:00,JB Sentral,Woodlands CIQ,175
2022-11-08,11:00,JB Sentral,Woodlands CIQ,150
2022-11-08,11:00,Woodlands CIQ,JB Sentral,319
2022-11-08,12:00,JB Sentral,Woodlands CIQ,155
2022-11-08,12:00,Woodlands CIQ,JB Sentral,316
2022-11-08,13:00,Woodlands CIQ,JB Sentral,257
2022-11-08,14:00,JB Sentral,Woodlands CIQ,190
2022-11-08,15:00,JB Sentral,Woodlands CIQ,315
2022-11-08,15:00,Woodlands CIQ,JB Sentral,117
2022-11-08,16:00,JB Sentral,Woodlands CIQ,318
2022-11-08,16:00,Woodlands CIQ,JB Sentral,89
2022-11-08,17:00,JB Sentral,Woodlands CIQ,319
2022-11-08,17:00,Woodlands CIQ,JB Sentral,88
2022-11-08,18:00,Woodlands CIQ,JB Sentral,313
2022-11-08,19:00,JB Sentral,Woodlands CIQ,315
2022-11-08,20:00,JB Sentral,Woodlands CIQ,321
2022-11-08,20:00,Woodlands CIQ,JB Sentral,280
2022-11-08,21:00,JB Sentral,Woodlands CIQ,317
2022-11-08,21:00,Woodlands CIQ,JB Sentral,158
2022-11-08,22:00,JB Sentral,Woodlands CIQ,314
2022-11-08,22:00,Woodlands CIQ,JB Sentral,76
2022-11-08,23:00,Woodlands CIQ,JB Sentral,32
2022-11-09,05:00,JB Sentral,Woodlands CIQ,538
2022-11-09,06:00,JB Sentral,Woodlands CIQ,625
2022-11-09,07:00,JB Sentral,Woodlands CIQ,633
2022-11-09,08:00,JB Sentral,Woodlands CIQ,303
2022-11-09,08:00,Woodlands CIQ,JB Sentral,314
2022-11-09,09:00,Woodlands CIQ,JB Sentral,316
2022-11-09,10:00,JB Sentral,Woodlands CIQ,167
2022-11-09,11:00,JB Sentral,Woodlands CIQ,147
2022-11-09,11:00,Woodlands CIQ,JB Sentral,319
2022-11-09,12:00,JB Sentral,Woodlands CIQ,121
2022-11-09,12:00,Woodlands CIQ,JB Sentral,319
2022-11-09,13:00,Woodlands CIQ,JB Sentral,312
2022-11-09,14:00,JB Sentral,Woodlands CIQ,184
2022-11-09,15:00,JB Sentral,Woodlands CIQ,313
2022-11-09,15:00,Woodlands CIQ,JB Sentral,119
2022-11-09,16:00,JB Sentral,Woodlands CIQ,312
2022-11-09,16:00,Woodlands CIQ,JB Sentral,99
2022-11-09,17:00,JB Sentral,Woodlands CIQ,312
2022-11-09,17:00,Woodlands CIQ,JB Sentral,168
2022-11-09,18:00,Woodlands CIQ,JB Sentral,312
2022-11-09,19:00,JB Sentral,Woodlands CIQ,313
2022-11-09,20:00,JB Sentral,Woodlands CIQ,315
2022-11-09,20:00,Woodlands CIQ,JB Sentral,310
2022-11-09,21:00,JB Sentral,Woodlands CIQ,312
2022-11-09,21:00,Woodlands CIQ,JB Sentral,215
2022-11-09,22:00,JB Sentral,Woodlands CIQ,312
2022-11-09,22:00,Woodlands CIQ,JB Sentral,102
2022-11-09,23:00,Woodlands CIQ,JB Sentral,42
2022-11-10,05:00,JB Sentral,Woodlands CIQ,530
2022-11-10,06:00,JB Sentral,Woodlands CIQ,624
2022-11-10,07:00,JB Sentral,Woodlands CIQ,625
2022-11-10,08:00,JB Sentral,Woodlands CIQ,267
2022-11-10,08:00,Woodlands CIQ,JB Sentral,319
2022-11-10,09:00,Woodlands CIQ,JB Sentral,320
2022-11-10,10:00,JB Sentral,Woodlands CIQ,173
2022-11-10,11:00,JB Sentral,Woodlands CIQ,157
2022-11-10,11:00,Woodlands CIQ,JB Sentral,322
2022-11-10,12:00,JB Sentral,Woodlands CIQ,119
2022-11-10,12:00,Woodlands CIQ,JB Sentral,316
2022-11-10,13:00,Woodlands CIQ,JB Sentral,317
2022-11-10,14:00,JB Sentral,Woodlands CIQ,135
2022-11-10,15:00,JB Sentral,Woodlands CIQ,322
2022-11-10,15:00,Woodlands CIQ,JB Sentral,257
2022-11-10,16:00,JB Sentral,Woodlands CIQ,318
2022-11-10,16:00,Woodlands CIQ,JB Sentral,150
2022-11-10,17:00,JB Sentral,Woodlands CIQ,318
2022-11-10,17:00,Woodlands CIQ,JB Sentral,254
2022-11-10,18:00,Woodlands CIQ,JB Sentral,317
2022-11-10,19:00,JB Sentral,Woodlands CIQ,313
2022-11-10,20:00,JB Sentral,Woodlands CIQ,317
2022-11-10,20:00,Woodlands CIQ,JB Sentral,315
2022-11-10,21:00,JB Sentral,Woodlands CIQ,320
2022-11-10,21:00,Woodlands CIQ,JB Sentral,320
2022-11-10,22:00,JB Sentral,Woodlands CIQ,312
2022-11-10,22:00,Woodlands CIQ,JB Sentral,192
2022-11-10,23:00,Woodlands CIQ,JB Sentral,51
2022-11-11,05:00,JB Sentral,Woodlands CIQ,596
2022-11-11,06:00,JB Sentral,Woodlands CIQ,624
2022-11-11,07:00,JB Sentral,Woodlands CIQ,624
2022-11-11,08:00,JB Sentral,Woodlands CIQ,242
2022-11-11,08:00,Woodlands CIQ,JB Sentral,320
2022-11-11,09:00,Woodlands CIQ,JB Sentral,324
2022-11-11,10:00,JB Sentral,Woodlands CIQ,197
2022-11-11,11:00,JB Sentral,Woodlands CIQ,149
2022-11-11,11:00,Woodlands CIQ,JB Sentral,319
2022-11-11,12:00,JB Sentral,Woodlands CIQ,152
2022-11-11,12:00,Woodlands CIQ,JB Sentral,323
2022-11-11,13:00,Woodlands CIQ,JB Sentral,316
2022-11-11,14:00,JB Sentral,Woodlands CIQ,202
2022-11-11,15:00,JB Sentral,Woodlands CIQ,233
2022-11-11,15:00,Woodlands CIQ,JB Sentral,324
2022-11-11,16:00,JB Sentral,Woodlands CIQ,316
2022-11-11,16:00,Woodlands CIQ,JB Sentral,321
2022-11-11,17:00,JB Sentral,Woodlands CIQ,314
2022-11-11,17:00,Woodlands CIQ,JB Sentral,318
2022-11-11,18:00,Woodlands CIQ,JB Sentral,320
2022-11-11,19:00,JB Sentral,Woodlands CIQ,314
2022-11-11,20:00,JB Sentral,Woodlands CIQ,313
2022-11-11,20:00,Woodlands CIQ,JB Sentral,323
2022-11-11,21:00,JB Sentral,Woodlands CIQ,312
2022-11-11,21:00,Woodlands CIQ,JB Sentral,321
2022-11-11,22:00,JB Sentral,Woodlands CIQ,310
2022-11-11,22:00,Woodlands CIQ,JB Sentral,313
2022-11-11,23:00,Woodlands CIQ,JB Sentral,312
2022-11-12,05:00,JB Sentral,Woodlands CIQ,255
2022-11-12,06:00,JB Sentral,Woodlands CIQ,275
2022-11-12,07:00,JB Sentral,Woodlands CIQ,347
2022-11-12,08:00,JB Sentral,Woodlands CIQ,250
2022-11-12,08:00,Woodlands CIQ,JB Sentral,320
2022-11-12,09:00,Woodlands CIQ,JB Sentral,318
2022-11-12,10:00,JB Sentral,Woodlands CIQ,257
2022-11-12,11:00,JB Sentral,Woodlands CIQ,232
2022-11-12,11:00,Woodlands CIQ,JB Sentral,326
2022-11-12,12:00,JB Sentral,Woodlands CIQ,216
2022-11-12,12:00,Woodlands CIQ,JB Sentral,319
2022-11-12,13:00,Woodlands CIQ,JB Sentral,316
2022-11-12,14:00,JB Sentral,Woodlands CIQ,314
2022-11-12,15:00,JB Sentral,Woodlands CIQ,318
2022-11-12,15:00,Woodlands CIQ,JB Sentral,319
2022-11-12,16:00,JB Sentral,Woodlands CIQ,320
2022-11-12,16:00,Woodlands CIQ,JB Sentral,314
2022-11-12,17:00,JB Sentral,Woodlands CIQ,317
2022-11-12,17:00,Woodlands CIQ,JB Sentral,315
2022-11-12,18:00,Woodlands CIQ,JB Sentral,316
2022-11-12,19:00,JB Sentral,Woodlands CIQ,314
2022-11-12,20:00,JB Sentral,Woodlands CIQ,319
2022-11-12,20:00,Woodlands CIQ,JB Sentral,316
2022-11-12,21:00,JB Sentral,Woodlands CIQ,314
2022-11-12,21:00,Woodlands CIQ,JB Sentral,284
2022-11-12,22:00,JB Sentral,Woodlands CIQ,314
2022-11-12,22:00,Woodlands CIQ,JB Sentral,176
2022-11-12,23:00,Woodlands CIQ,JB Sentral,92
2022-11-13,05:00,JB Sentral,Woodlands CIQ,153
2022-11-13,06:00,JB Sentral,Woodlands CIQ,122
2022-11-13,07:00,JB Sentral,Woodlands CIQ,360
2022-11-13,08:00,JB Sentral,Woodlands CIQ,314
2022-11-13,08:00,Woodlands CIQ,JB Sentral,313
2022-11-13,09:00,Woodlands CIQ,JB Sentral,317
2022-11-13,10:00,JB Sentral,Woodlands CIQ,313
2022-11-13,11:00,JB Sentral,Woodlands CIQ,319
2022-11-13,11:00,Woodlands CIQ,JB Sentral,317
2022-11-13,12:00,JB Sentral,Woodlands CIQ,317
2022-11-13,12:00,Woodlands CIQ,JB Sentral,313
2022-11-13,13:00,Woodlands CIQ,JB Sentral,317
2022-11-13,14:00,JB Sentral,Woodlands CIQ,321
2022-11-13,15:00,JB Sentral,Woodlands CIQ,312
2022-11-13,15:00,Woodlands CIQ,JB Sentral,318
2022-11-13,16:00,JB Sentral,Woodlands CIQ,314
2022-11-13,16:00,Woodlands CIQ,JB Sentral,168
2022-11-13,17:00,JB Sentral,Woodlands CIQ,322
2022-11-13,17:00,Woodlands CIQ,JB Sentral,130
2022-11-13,18:00,Woodlands CIQ,JB Sentral,108
2022-11-13,19:00,JB Sentral,Woodlands CIQ,317
2022-11-13,20:00,JB Sentral,Woodlands CIQ,321
2022-11-13,20:00,Woodlands CIQ,JB Sentral,71
2022-11-13,21:00,JB Sentral,Woodlands CIQ,322
2022-11-13,21:00,Woodlands CIQ,JB Sentral,99
2022-11-13,22:00,JB Sentral,Woodlands CIQ,312
2022-11-13,22:00,Woodlands CIQ,JB Sentral,50
2022-11-13,23:00,Woodlands CIQ,JB Sentral,22
2022-11-14,05:00,JB Sentral,Woodlands CIQ,627
2022-11-14,06:00,JB Sentral,Woodlands CIQ,637
2022-11-14,07:00,JB Sentral,Woodlands CIQ,639
2022-11-14,08:00,JB Sentral,Woodlands CIQ,316
2022-11-14,08:00,Woodlands CIQ,JB Sentral,318
2022-11-14,09:00,Woodlands CIQ,JB Sentral,319
2022-11-14,10:00,JB Sentral,Woodlands CIQ,317
2022-11-14,11:00,JB Sentral,Woodlands CIQ,268
2022-11-14,11:00,Woodlands CIQ,JB Sentral,319
2022-11-14,12:00,JB Sentral,Woodlands CIQ,300
2022-11-14,12:00,Woodlands CIQ,JB Sentral,320
2022-11-14,13:00,Woodlands CIQ,JB Sentral,318
2022-11-14,14:00,JB Sentral,Woodlands CIQ,319
2022-11-14,15:00,JB Sentral,Woodlands CIQ,322
2022-11-14,15:00,Woodlands CIQ,JB Sentral,148
2022-11-14,16:00,JB Sentral,Woodlands CIQ,320
2022-11-14,16:00,Woodlands CIQ,JB Sentral,89
2022-11-14,17:00,JB Sentral,Woodlands CIQ,321
2022-11-14,17:00,Woodlands CIQ,JB Sentral,116
2022-11-14,18:00,Woodlands CIQ,JB Sentral,236
2022-11-14,19:00,JB Sentral,Woodlands CIQ,324
2022-11-14,20:00,JB Sentral,Woodlands CIQ,321
2022-11-14,20:00,Woodlands CIQ,JB Sentral,235
2022-11-14,21:00,JB Sentral,Woodlands CIQ,322
2022-11-14,21:00,Woodlands CIQ,JB Sentral,158
2022-11-14,22:00,JB Sentral,Woodlands CIQ,322
2022-11-14,22:00,Woodlands CIQ,JB Sentral,70
2022-11-14,23:00,Woodlands CIQ,JB Sentral,42
2022-11-15,05:00,JB Sentral,Woodlands CIQ,497
2022-11-15,06:00,JB Sentral,Woodlands CIQ,640
2022-11-15,07:00,JB Sentral,Woodlands CIQ,640
2022-11-15,08:00,JB Sentral,Woodlands CIQ,318
2022-11-15,08:00,Woodlands CIQ,JB Sentral,320
2022-11-15,09:00,Woodlands CIQ,JB Sentral,320
2022-11-15,10:00,JB Sentral,Woodlands CIQ,177
2022-11-15,11:00,JB Sentral,Woodlands CIQ,168
2022-11-15,11:00,Woodlands CIQ,JB Sentral,321
2022-11-15,12:00,JB Sentral,Woodlands CIQ,154
2022-11-15,12:00,Woodlands CIQ,JB Sentral,322
2022-11-15,13:00,Woodlands CIQ,JB Sentral,321
2022-11-15,14:00,JB Sentral,Woodlands CIQ,253
2022-11-15,15:00,JB Sentral,Woodlands CIQ,327
2022-11-15,15:00,Woodlands CIQ,JB Sentral,120
2022-11-15,16:00,JB Sentral,Woodlands CIQ,324
2022-11-15,16:00,Woodlands CIQ,JB Sentral,88
2022-11-15,17:00,JB Sentral,Woodlands CIQ,323
2022-11-15,17:00,Woodlands CIQ,JB Sentral,133
2022-11-15,18:00,Woodlands CIQ,JB Sentral,294
2022-11-15,19:00,JB Sentral,Woodlands CIQ,324
2022-11-15,20:00,JB Sentral,Woodlands CIQ,321
2022-11-15,20:00,Woodlands CIQ,JB Sentral,273
2022-11-15,21:00,JB Sentral,Woodlands CIQ,320
2022-11-15,21:00,Woodlands CIQ,JB Sentral,151
2022-11-15,22:00,JB Sentral,Woodlands CIQ,321
2022-11-15,22:00,Woodlands CIQ,JB Sentral,79
2022-11-15,23:00,Woodlands CIQ,JB Sentral,29
2022-11-16,05:00,JB Sentral,Woodlands CIQ,541
2022-11-16,06:00,JB Sentral,Woodlands CIQ,638
2022-11-16,07:00,JB Sentral,Woodlands CIQ,638
2022-11-16,08:00,JB Sentral,Woodlands CIQ,315
2022-11-16,08:00,Woodlands CIQ,JB Sentral,321
2022-11-16,09:00,Woodlands CIQ,JB Sentral,320
2022-11-16,10:00,JB Sentral,Woodlands CIQ,186
2022-11-16,11:00,JB Sentral,Woodlands CIQ,151
2022-11-16,11:00,Woodlands CIQ,JB Sentral,322
2022-11-16,12:00,JB Sentral,Woodlands CIQ,126
2022-11-16,12:00,Woodlands CIQ,JB Sentral,322
2022-11-16,13:00,Woodlands CIQ,JB Sentral,322
2022-11-16,14:00,JB Sentral,Woodlands CIQ,140
2022-11-16,15:00,JB Sentral,Woodlands CIQ,321
2022-11-16,15:00,Woodlands CIQ,JB Sentral,175
2022-11-16,16:00,JB Sentral,Woodlands CIQ,320
2022-11-16,16:00,Woodlands CIQ,JB Sentral,94
2022-11-16,17:00,JB Sentral,Woodlands CIQ,322
2022-11-16,17:00,Woodlands CIQ,JB Sentral,160
2022-11-16,18:00,Woodlands CIQ,JB Sentral,317
2022-11-16,19:00,JB Sentral,Woodlands CIQ,321
2022-11-16,20:00,JB Sentral,Woodlands CIQ,320
2022-11-16,20:00,Woodlands CIQ,JB Sentral,318
2022-11-16,21:00,JB Sentral,Woodlands CIQ,320
2022-11-16,21:00,Woodlands CIQ,JB Sentral,214
2022-11-16,22:00,JB Sentral,Woodlands CIQ,321
2022-11-16,22:00,Woodlands CIQ,JB Sentral,119
2022-11-16,23:00,Woodlands CIQ,JB Sentral,29
2022-11-17,05:00,JB Sentral,Woodlands CIQ,575
2022-11-17,06:00,JB Sentral,Woodlands CIQ,640
2022-11-17,07:00,JB Sentral,Woodlands CIQ,640
2022-11-17,08:00,JB Sentral,Woodlands CIQ,320
2022-11-17,08:00,Woodlands CIQ,JB Sentral,320
2022-11-17,09:00,Woodlands CIQ,JB Sentral,321
2022-11-17,10:00,JB Sentral,Woodlands CIQ,174
2022-11-17,11:00,JB Sentral,Woodlands CIQ,167
2022-11-17,11:00,Woodlands CIQ,JB Sentral,326
2022-11-17,12:00,JB Sentral,Woodlands CIQ,134
2022-11-17,12:00,Woodlands CIQ,JB Sentral,321
2022-11-17,13:00,Woodlands CIQ,JB Sentral,331
2022-11-17,14:00,JB Sentral,Woodlands CIQ,191
2022-11-17,15:00,JB Sentral,Woodlands CIQ,264
2022-11-17,15:00,Woodlands CIQ,JB Sentral,322
2022-11-17,16:00,JB Sentral,Woodlands CIQ,324
2022-11-17,16:00,Woodlands CIQ,JB Sentral,274
2022-11-17,17:00,JB Sentral,Woodlands CIQ,320
2022-11-17,17:00,Woodlands CIQ,JB Sentral,318
2022-11-17,18:00,Woodlands CIQ,JB Sentral,318
2022-11-17,19:00,JB Sentral,Woodlands CIQ,319
2022-11-17,20:00,JB Sentral,Woodlands CIQ,321
2022-11-17,20:00,Woodlands CIQ,JB Sentral,320
2022-11-17,21:00,JB Sentral,Woodlands CIQ,322
2022-11-17,21:00,Woodlands CIQ,JB Sentral,321
2022-11-17,22:00,JB Sentral,Woodlands CIQ,317
2022-11-17,22:00,Woodlands CIQ,JB Sentral,320
2022-11-17,23:00,Woodlands CIQ,JB Sentral,232
2022-11-18,05:00,JB Sentral,Woodlands CIQ,563
2022-11-18,06:00,JB Sentral,Woodlands CIQ,632
2022-11-18,07:00,JB Sentral,Woodlands CIQ,628
2022-11-18,08:00,JB Sentral,Woodlands CIQ,258
2022-11-18,08:00,Woodlands CIQ,JB Sentral,322
2022-11-18,09:00,Woodlands CIQ,JB Sentral,323
2022-11-18,10:00,JB Sentral,Woodlands CIQ,185
2022-11-18,11:00,JB Sentral,Woodlands CIQ,152
2022-11-18,11:00,Woodlands CIQ,JB Sentral,322
2022-11-18,12:00,JB Sentral,Woodlands CIQ,150
2022-11-18,12:00,Woodlands CIQ,JB Sentral,324
2022-11-18,13:00,Woodlands CIQ,JB Sentral,323
2022-11-18,14:00,JB Sentral,Woodlands CIQ,181
2022-11-18,15:00,JB Sentral,Woodlands CIQ,159
2022-11-18,15:00,Woodlands CIQ,JB Sentral,322
2022-11-18,16:00,JB Sentral,Woodlands CIQ,312
2022-11-18,16:00,Woodlands CIQ,JB Sentral,320
2022-11-18,17:00,JB Sentral,Woodlands CIQ,303
2022-11-18,17:00,Woodlands CIQ,JB Sentral,322
2022-11-18,18:00,Woodlands CIQ,JB Sentral,322
2022-11-18,19:00,JB Sentral,Woodlands CIQ,319
2022-11-18,20:00,JB Sentral,Woodlands CIQ,317
2022-11-18,20:00,Woodlands CIQ,JB Sentral,322
2022-11-18,21:00,JB Sentral,Woodlands CIQ,316
2022-11-18,21:00,Woodlands CIQ,JB Sentral,326
2022-11-18,22:00,JB Sentral,Woodlands CIQ,314
2022-11-18,22:00,Woodlands CIQ,JB Sentral,320
2022-11-18,23:00,Woodlands CIQ,JB Sentral,317
2022-11-19,05:00,JB Sentral,Woodlands CIQ,231
2022-11-19,06:00,JB Sentral,Woodlands CIQ,199
2022-11-19,07:00,JB Sentral,Woodlands CIQ,266
2022-11-19,08:00,JB Sentral,Woodlands CIQ,186
2022-11-19,08:00,Woodlands CIQ,JB Sentral,319
2022-11-19,09:00,Woodlands CIQ,JB Sentral,321
2022-11-19,10:00,JB Sentral,Woodlands CIQ,188
2022-11-19,11:00,JB Sentral,Woodlands CIQ,186
2022-11-19,11:00,Woodlands CIQ,JB Sentral,326
2022-11-19,12:00,JB Sentral,Woodlands CIQ,259
2022-11-19,12:00,Woodlands CIQ,JB Sentral,318
2022-11-19,13:00,Woodlands CIQ,JB Sentral,319
2022-11-19,14:00,JB Sentral,Woodlands CIQ,321
2022-11-19,15:00,JB Sentral,Woodlands CIQ,313
2022-11-19,15:00,Woodlands CIQ,JB Sentral,312
2022-11-19,16:00,JB Sentral,Woodlands CIQ,320
2022-11-19,16:00,Woodlands CIQ,JB Sentral,319
2022-11-19,17:00,JB Sentral,Woodlands CIQ,314
2022-11-19,17:00,Woodlands CIQ,JB Sentral,316
2022-11-19,18:00,Woodlands CIQ,JB Sentral,318
2022-11-19,19:00,JB Sentral,Woodlands CIQ,313
2022-11-19,20:00,JB Sentral,Woodlands CIQ,313
2022-11-19,20:00,Woodlands CIQ,JB Sentral,314
2022-11-19,21:00,JB Sentral,Woodlands CIQ,313
2022-11-19,21:00,Woodlands CIQ,JB Sentral,269
2022-11-19,22:00,JB Sentral,Woodlands CIQ,312
2022-11-19,22:00,Woodlands CIQ,JB Sentral,173
2022-11-19,23:00,Woodlands CIQ,JB Sentral,71
2022-11-20,05:00,JB Sentral,Woodlands CIQ,140
2022-11-20,06:00,JB Sentral,Woodlands CIQ,143
2022-11-20,07:00,JB Sentral,Woodlands CIQ,503
2022-11-20,08:00,JB Sentral,Woodlands CIQ,317
2022-11-20,08:00,Woodlands CIQ,JB Sentral,316
2022-11-20,09:00,Woodlands CIQ,JB Sentral,314
2022-11-20,10:00,JB Sentral,Woodlands CIQ,319
2022-11-20,11:00,JB Sentral,Woodlands CIQ,319
2022-11-20,11:00,Woodlands CIQ,JB Sentral,319
2022-11-20,12:00,JB Sentral,Woodlands CIQ,319
2022-11-20,12:00,Woodlands CIQ,JB Sentral,327
2022-11-20,13:00,Woodlands CIQ,JB Sentral,321
2022-11-20,14:00,JB Sentral,Woodlands CIQ,317
2022-11-20,15:00,JB Sentral,Woodlands CIQ,317
2022-11-20,15:00,Woodlands CIQ,JB Sentral,316
2022-11-20,16:00,JB Sentral,Woodlands CIQ,317
2022-11-20,16:00,Woodlands CIQ,JB Sentral,229
2022-11-20,17:00,JB Sentral,Woodlands CIQ,313
2022-11-20,17:00,Woodlands CIQ,JB Sentral,117
2022-11-20,18:00,Woodlands CIQ,JB Sentral,126
2022-11-20,19:00,JB Sentral,Woodlands CIQ,321
2022-11-20,20:00,JB Sentral,Woodlands CIQ,325
2022-11-20,20:00,Woodlands CIQ,JB Sentral,90
2022-11-20,21:00,JB Sentral,Woodlands CIQ,321
2022-11-20,21:00,Woodlands CIQ,JB Sentral,101
2022-11-20,22:00,JB Sentral,Woodlands CIQ,313
2022-11-20,22:00,Woodlands CIQ,JB Sentral,77
2022-11-20,23:00,Woodlands CIQ,JB Sentral,24
2022-11-21,05:00,JB Sentral,Woodlands CIQ,628
2022-11-21,06:00,JB Sentral,Woodlands CIQ,639
2022-11-21,07:00,JB Sentral,Woodlands CIQ,637
2022-11-21,08:00,JB Sentral,Woodlands CIQ,314
2022-11-21,08:00,Woodlands CIQ,JB Sentral,314
2022-11-21,09:00,Woodlands CIQ,JB Sentral,320
2022-11-21,10:00,JB Sentral,Woodlands CIQ,313
2022-11-21,11:00,JB Sentral,Woodlands CIQ,323
2022-11-21,11:00,Woodlands CIQ,JB Sentral,322
2022-11-21,12:00,JB Sentral,Woodlands CIQ,316
2022-11-21,12:00,Woodlands CIQ,JB Sentral,319
2022-11-21,13:00,Woodlands CIQ,JB Sentral,320
2022-11-21,14:00,JB Sentral,Woodlands CIQ,323
2022-11-21,15:00,JB Sentral,Woodlands CIQ,319
2022-11-21,15:00,Woodlands CIQ,JB Sentral,251
2022-11-21,16:00,JB Sentral,Woodlands CIQ,322
2022-11-21,16:00,Woodlands CIQ,JB Sentral,95
2022-11-21,17:00,JB Sentral,Woodlands CIQ,316
2022-11-21,17:00,Woodlands CIQ,JB Sentral,98
2022-11-21,18:00,Woodlands CIQ,JB Sentral,228
2022-11-21,19:00,JB Sentral,Woodlands CIQ,313
2022-11-21,20:00,JB Sentral,Woodlands CIQ,316
2022-11-21,20:00,Woodlands CIQ,JB Sentral,255
2022-11-21,21:00,JB Sentral,Woodlands CIQ,318
2022-11-21,21:00,Woodlands CIQ,JB Sentral,143
2022-11-21,22:00,JB Sentral,Woodlands CIQ,315
2022-11-21,22:00,Woodlands CIQ,JB Sentral,74
2022-11-21,23:00,Woodlands CIQ,JB Sentral,25
2022-11-22,05:00,JB Sentral,Woodlands CIQ,511
2022-11-22,06:00,JB Sentral,Woodlands CIQ,628
2022-11-22,07:00,JB Sentral,Woodlands CIQ,628
2022-11-22,08:00,JB Sentral,Woodlands CIQ,304
2022-11-22,08:00,Woodlands CIQ,JB Sentral,314
2022-11-22,09:00,Woodlands CIQ,JB Sentral,321
2022-11-22,10:00,JB Sentral,Woodlands CIQ,180
2022-11-22,11:00,JB Sentral,Woodlands CIQ,183
2022-11-22,11:00,Woodlands CIQ,JB Sentral,319
2022-11-22,12:00,JB Sentral,Woodlands CIQ,153
2022-11-22,12:00,Woodlands CIQ,JB Sentral,313
2022-11-22,13:00,Woodlands CIQ,JB Sentral,313
2022-11-22,14:00,JB Sentral,Woodlands CIQ,320
2022-11-22,15:00,JB Sentral,Woodlands CIQ,319
2022-11-22,15:00,Woodlands CIQ,JB Sentral,151
2022-11-22,16:00,JB Sentral,Woodlands CIQ,317
2022-11-22,16:00,Woodlands CIQ,JB Sentral,88
2022-11-22,17:00,JB Sentral,Woodlands CIQ,320
2022-11-22,17:00,Woodlands CIQ,JB Sentral,101
2022-11-22,18:00,Woodlands CIQ,JB Sentral,291
2022-11-22,19:00,JB Sentral,Woodlands CIQ,320
2022-11-22,20:00,JB Sentral,Woodlands CIQ,316
2022-11-22,20:00,Woodlands CIQ,JB Sentral,263
2022-11-22,21:00,JB Sentral,Woodlands CIQ,314
2022-11-22,21:00,Woodlands CIQ,JB Sentral,146
2022-11-22,22:00,JB Sentral,Woodlands CIQ,316
2022-11-22,22:00,Woodlands CIQ,JB Sentral,75
2022-11-22,23:00,Woodlands CIQ,JB Sentral,41
2022-11-23,05:00,JB Sentral,Woodlands CIQ,528
2022-11-23,06:00,JB Sentral,Woodlands CIQ,627
2022-11-23,07:00,JB Sentral,Woodlands CIQ,624
2022-11-23,08:00,JB Sentral,Woodlands CIQ,283
2022-11-23,08:00,Woodlands CIQ,JB Sentral,318
2022-11-23,09:00,Woodlands CIQ,JB Sentral,321
2022-11-23,10:00,JB Sentral,Woodlands CIQ,219
2022-11-23,11:00,JB Sentral,Woodlands CIQ,178
2022-11-23,11:00,Woodlands CIQ,JB Sentral,323
2022-11-23,12:00,JB Sentral,Woodlands CIQ,141
2022-11-23,12:00,Woodlands CIQ,JB Sentral,315
2022-11-23,13:00,Woodlands CIQ,JB Sentral,320
2022-11-23,14:00,JB Sentral,Woodlands CIQ,207
2022-11-23,15:00,JB Sentral,Woodlands CIQ,320
2022-11-23,15:00,Woodlands CIQ,JB Sentral,258
2022-11-23,16:00,JB Sentral,Woodlands CIQ,314
2022-11-23,16:00,Woodlands CIQ,JB Sentral,112
2022-11-23,17:00,JB Sentral,Woodlands CIQ,318
2022-11-23,17:00,Woodlands CIQ,JB Sentral,157
2022-11-23,18:00,Woodlands CIQ,JB Sentral,314
2022-11-23,19:00,JB Sentral,Woodlands CIQ,316
2022-11-23,20:00,JB Sentral,Woodlands CIQ,318
2022-11-23,20:00,Woodlands CIQ,JB Sentral,314
2022-11-23,21:00,JB Sentral,Woodlands CIQ,314
2022-11-23,21:00,Woodlands CIQ,JB Sentral,178
2022-11-23,22:00,JB Sentral,Woodlands CIQ,312
2022-11-23,22:00,Woodlands CIQ,JB Sentral,129
2022-11-23,23:00,Woodlands CIQ,JB Sentral,31
2022-11-24,05:00,JB Sentral,Woodlands CIQ,537
2022-11-24,06:00,JB Sentral,Woodlands CIQ,631
2022-11-24,07:00,JB Sentral,Woodlands CIQ,625
2022-11-24,08:00,JB Sentral,Woodlands CIQ,293
2022-11-24,08:00,Woodlands CIQ,JB Sentral,317
2022-11-24,09:00,Woodlands CIQ,JB Sentral,320
2022-11-24,10:00,JB Sentral,Woodlands CIQ,198
2022-11-24,11:00,JB Sentral,Woodlands CIQ,109
2022-11-24,11:00,Woodlands CIQ,JB Sentral,315
2022-11-24,12:00,JB Sentral,Woodlands CIQ,128
2022-11-24,12:00,Woodlands CIQ,JB Sentral,320
2022-11-24,13:00,Woodlands CIQ,JB Sentral,320
2022-11-24,14:00,JB Sentral,Woodlands CIQ,184
2022-11-24,15:00,JB Sentral,Woodlands CIQ,318
2022-11-24,15:00,Woodlands CIQ,JB Sentral,317
2022-11-24,16:00,JB Sentral,Woodlands CIQ,315
2022-11-24,16:00,Woodlands CIQ,JB Sentral,194
2022-11-24,17:00,JB Sentral,Woodlands CIQ,317
2022-11-24,17:00,Woodlands CIQ,JB Sentral,259
2022-11-24,18:00,Woodlands CIQ,JB Sentral,312
2022-11-24,19:00,JB Sentral,Woodlands CIQ,314
2022-11-24,20:00,JB Sentral,Woodlands CIQ,321
2022-11-24,20:00,Woodlands CIQ,JB Sentral,313
2022-11-24,21:00,JB Sentral,Woodlands CIQ,313
2022-11-24,21:00,Woodlands CIQ,JB Sentral,317
2022-11-24,22:00,JB Sentral,Woodlands CIQ,312
2022-11-24,22:00,Woodlands CIQ,JB Sentral,316
2022-11-24,23:00,Woodlands CIQ,JB Sentral,69
2022-11-25,05:00,JB Sentral,Woodlands CIQ,561
2022-11-25,06:00,JB Sentral,Woodlands CIQ,625
2022-11-25,07:00,JB Sentral,Woodlands CIQ,624
2022-11-25,08:00,JB Sentral,Woodlands CIQ,300
2022-11-25,08:00,Woodlands CIQ,JB Sentral,317
2022-11-25,09:00,Woodlands CIQ,JB Sentral,321
2022-11-25,10:00,JB Sentral,Woodlands CIQ,206
2022-11-25,11:00,JB Sentral,Woodlands CIQ,180
2022-11-25,11:00,Woodlands CIQ,JB Sentral,328
2022-11-25,12:00,JB Sentral,Woodlands CIQ,193
2022-11-25,12:00,Woodlands CIQ,JB Sentral,323
2022-11-25,13:00,Woodlands CIQ,JB Sentral,327
2022-11-25,14:00,JB Sentral,Woodlands CIQ,195
2022-11-25,15:00,JB Sentral,Woodlands CIQ,315
2022-11-25,15:00,Woodlands CIQ,JB Sentral,316
2022-11-25,16:00,JB Sentral,Woodlands CIQ,314
2022-11-25,16:00,Woodlands CIQ,JB Sentral,318
2022-11-25,17:00,JB Sentral,Woodlands CIQ,314
2022-11-25,17:00,Woodlands CIQ,JB Sentral,315
2022-11-25,18:00,Woodlands CIQ,JB Sentral,320
2022-11-25,19:00,JB Sentral,Woodlands CIQ,316
2022-11-25,20:00,JB Sentral,Woodlands CIQ,317
2022-11-25,20:00,Woodlands CIQ,JB Sentral,321
2022-11-25,21:00,JB Sentral,Woodlands CIQ,314
2022-11-25,21:00,Woodlands CIQ,JB Sentral,323
2022-11-25,22:00,JB Sentral,Woodlands CIQ,314
2022-11-25,22:00,Woodlands CIQ,JB Sentral,318
2022-11-25,23:00,Woodlands CIQ,JB Sentral,312
2022-11-26,05:00,JB Sentral,Woodlands CIQ,264
2022-11-26,06:00,JB Sentral,Woodlands CIQ,236
2022-11-26,07:00,JB Sentral,Woodlands CIQ,337
2022-11-26,08:00,JB Sentral,Woodlands CIQ,256
2022-11-26,08:00,Woodlands CIQ,JB Sentral,322
2022-11-26,09:00,Woodlands CIQ,JB Sentral,321
2022-11-26,10:00,JB Sentral,Woodlands CIQ,307
2022-11-26,11:00,JB Sentral,Woodlands CIQ,235
2022-11-26,11:00,Woodlands CIQ,JB Sentral,321
2022-11-26,12:00,JB Sentral,Woodlands CIQ,314
2022-11-26,12:00,Woodlands CIQ,JB Sentral,321
2022-11-26,13:00,Woodlands CIQ,JB Sentral,319
2022-11-26,14:00,JB Sentral,Woodlands CIQ,319
2022-11-26,15:00,JB Sentral,Woodlands CIQ,317
2022-11-26,15:00,Woodlands CIQ,JB Sentral,318
2022-11-26,16:00,JB Sentral,Woodlands CIQ,324
2022-11-26,16:00,Woodlands CIQ,JB Sentral,320
2022-11-26,17:00,JB Sentral,Woodlands CIQ,317
2022-11-26,17:00,Woodlands CIQ,JB Sentral,322
2022-11-26,18:00,Woodlands CIQ,JB Sentral,314
2022-11-26,19:00,JB Sentral,Woodlands CIQ,316
2022-11-26,20:00,JB Sentral,Woodlands CIQ,316
2022-11-26,20:00,Woodlands CIQ,JB Sentral,318
2022-11-26,21:00,JB Sentral,Woodlands CIQ,318
2022-11-26,21:00,Woodlands CIQ,JB Sentral,314
2022-11-26,22:00,JB Sentral,Woodlands CIQ,311
2022-11-26,22:00,Woodlands CIQ,JB Sentral,177
2022-11-26,23:00,Woodlands CIQ,JB Sentral,63
2022-11-27,05:00,JB Sentral,Woodlands CIQ,172
2022-11-27,06:00,JB Sentral,Woodlands CIQ,133
2022-11-27,07:00,JB Sentral,Woodlands CIQ,462
2022-11-27,08:00,JB Sentral,Woodlands CIQ,321
2022-11-27,08:00,Woodlands CIQ,JB Sentral,314
2022-11-27,09:00,Woodlands CIQ,JB Sentral,319
2022-11-27,10:00,JB Sentral,Woodlands CIQ,315
2022-11-27,11:00,JB Sentral,Woodlands CIQ,312
2022-11-27,11:00,Woodlands CIQ,JB Sentral,321
2022-11-27,12:00,JB Sentral,Woodlands CIQ,324
2022-11-27,12:00,Woodlands CIQ,JB Sentral,329
2022-11-27,13:00,Woodlands CIQ,JB Sentral,321
2022-11-27,14:00,JB Sentral,Woodlands CIQ,323
2022-11-27,15:00,JB Sentral,Woodlands CIQ,315
2022-11-27,15:00,Woodlands CIQ,JB Sentral,315
2022-11-27,16:00,JB Sentral,Woodlands CIQ,321
2022-11-27,16:00,Woodlands CIQ,JB Sentral,311
2022-11-27,17:00,JB Sentral,Woodlands CIQ,319
2022-11-27,17:00,Woodlands CIQ,JB Sentral,146
2022-11-27,18:00,Woodlands CIQ,JB Sentral,132
2022-11-27,19:00,JB Sentral,Woodlands CIQ,318
2022-11-27,20:00,JB Sentral,Woodlands CIQ,315
2022-11-27,20:00,Woodlands CIQ,JB Sentral,109
2022-11-27,21:00,JB Sentral,Woodlands CIQ,322
2022-11-27,21:00,Woodlands CIQ,JB Sentral,105
2022-11-27,22:00,JB Sentral,Woodlands CIQ,314
2022-11-27,22:00,Woodlands CIQ,JB Sentral,74
2022-11-27,23:00,Woodlands CIQ,JB Sentral,30
2022-11-28,05:00,JB Sentral,Woodlands CIQ,624
2022-11-28,06:00,JB Sentral,Woodlands CIQ,634
2022-11-28,07:00,JB Sentral,Woodlands CIQ,636
2022-11-28,08:00,JB Sentral,Woodlands CIQ,314
2022-11-28,08:00,Woodlands CIQ,JB Sentral,315
2022-11-28,09:00,Woodlands CIQ,JB Sentral,320
2022-11-28,10:00,JB Sentral,Woodlands CIQ,319
2022-11-28,11:00,JB Sentral,Woodlands CIQ,317
2022-11-28,11:00,Woodlands CIQ,JB Sentral,323
2022-11-28,12:00,JB Sentral,Woodlands CIQ,322
2022-11-28,12:00,Woodlands CIQ,JB Sentral,316
2022-11-28,13:00,Woodlands CIQ,JB Sentral,318
2022-11-28,14:00,JB Sentral,Woodlands CIQ,317
2022-11-28,15:00,JB Sentral,Woodlands CIQ,323
2022-11-28,15:00,Woodlands CIQ,JB Sentral,317
2022-11-28,16:00,JB Sentral,Woodlands CIQ,315
2022-11-28,16:00,Woodlands CIQ,JB Sentral,184
2022-11-28,17:00,JB Sentral,Woodlands CIQ,318
2022-11-28,17:00,Woodlands CIQ,JB Sentral,150
2022-11-28,18:00,Woodlands CIQ,JB Sentral,287
2022-11-28,19:00,JB Sentral,Woodlands CIQ,313
2022-11-28,20:00,JB Sentral,Woodlands CIQ,320
2022-11-28,20:00,Woodlands CIQ,JB Sentral,265
2022-11-28,21:00,JB Sentral,Woodlands CIQ,317
2022-11-28,21:00,Woodlands CIQ,JB Sentral,159
2022-11-28,22:00,JB Sentral,Woodlands CIQ,315
2022-11-28,22:00,Woodlands CIQ,JB Sentral,78
2022-11-28,23:00,Woodlands CIQ,JB Sentral,53
2022-11-29,05:00,JB Sentral,Woodlands CIQ,520
2022-11-29,06:00,JB Sentral,Woodlands CIQ,626
2022-11-29,07:00,JB Sentral,Woodlands CIQ,628
2022-11-29,08:00,JB Sentral,Woodlands CIQ,309
2022-11-29,08:00,Woodlands CIQ,JB Sentral,319
2022-11-29,09:00,Woodlands CIQ,JB Sentral,320
2022-11-29,10:00,JB Sentral,Woodlands CIQ,185
2022-11-29,11:00,JB Sentral,Woodlands CIQ,158
2022-11-29,11:00,Woodlands CIQ,JB Sentral,318
2022-11-29,12:00,JB Sentral,Woodlands CIQ,235
2022-11-29,12:00,Woodlands CIQ,JB Sentral,318
2022-11-29,13:00,Woodlands CIQ,JB Sentral,320
2022-11-29,14:00,JB Sentral,Woodlands CIQ,319
2022-11-29,15:00,JB Sentral,Woodlands CIQ,318
2022-11-29,15:00,Woodlands CIQ,JB Sentral,315
2022-11-29,16:00,JB Sentral,Woodlands CIQ,314
2022-11-29,16:00,Woodlands CIQ,JB Sentral,108
2022-11-29,17:00,JB Sentral,Woodlands CIQ,313
2022-11-29,17:00,Woodlands CIQ,JB Sentral,155
2022-11-29,18:00,Woodlands CIQ,JB Sentral,318
2022-11-29,19:00,JB Sentral,Woodlands CIQ,322
2022-11-29,20:00,JB Sentral,Woodlands CIQ,317
2022-11-29,20:00,Woodlands CIQ,JB Sentral,294
2022-11-29,21:00,JB Sentral,Woodlands CIQ,312
2022-11-29,21:00,Woodlands CIQ,JB Sentral,155
2022-11-29,22:00,JB Sentral,Woodlands CIQ,317
2022-11-29,22:00,Woodlands CIQ,JB Sentral,102
2022-11-29,23:00,Woodlands CIQ,JB Sentral,37
2022-11-30,05:00,JB Sentral,Woodlands CIQ,491
2022-11-30,06:00,JB Sentral,Woodlands CIQ,625
2022-11-30,07:00,JB Sentral,Woodlands CIQ,626
2022-11-30,08:00,JB Sentral,Woodlands CIQ,319
2022-11-30,08:00,Woodlands CIQ,JB Sentral,315
2022-11-30,09:00,Woodlands CIQ,JB Sentral,317
2022-11-30,10:00,JB Sentral,Woodlands CIQ,171
2022-11-30,11:00,JB Sentral,Woodlands CIQ,164
2022-11-30,11:00,Woodlands CIQ,JB Sentral,319
2022-11-30,12:00,JB Sentral,Woodlands CIQ,182
2022-11-30,12:00,Woodlands CIQ,JB Sentral,321
2022-11-30,13:00,Woodlands CIQ,JB Sentral,316
2022-11-30,14:00,JB Sentral,Woodlands CIQ,319
2022-11-30,15:00,JB Sentral,Woodlands CIQ,320
2022-11-30,15:00,Woodlands CIQ,JB Sentral,316
2022-11-30,16:00,JB Sentral,Woodlands CIQ,313
2022-11-30,16:00,Woodlands CIQ,JB Sentral,167
2022-11-30,17:00,JB Sentral,Woodlands CIQ,313
2022-11-30,17:00,Woodlands CIQ,JB Sentral,148
2022-11-30,18:00,Woodlands CIQ,JB Sentral,312
2022-11-30,19:00,JB Sentral,Woodlands CIQ,313
2022-11-30,20:00,JB Sentral,Woodlands CIQ,320
2022-11-30,20:00,Woodlands CIQ,JB Sentral,313
2022-11-30,21:00,JB Sentral,Woodlands CIQ,320
2022-11-30,21:00,Woodlands CIQ,JB Sentral,227
2022-11-30,22:00,JB Sentral,Woodlands CIQ,312
2022-11-30,22:00,Woodlands CIQ,JB Sentral,91
2022-11-30,23:00,Woodlands CIQ,JB Sentral,36
2022-12-01,05:00,JB Sentral,Woodlands CIQ,539
2022-12-01,06:00,JB Sentral,Woodlands CIQ,629
2022-12-01,07:00,JB Sentral,Woodlands CIQ,628
2022-12-01,08:00,JB Sentral,Woodlands CIQ,300
2022-12-01,08:00,Woodlands CIQ,JB Sentral,323
2022-12-01,09:00,Woodlands CIQ,JB Sentral,321
2022-12-01,10:00,JB Sentral,Woodlands CIQ,227
2022-12-01,11:00,JB Sentral,Woodlands CIQ,174
2022-12-01,11:00,Woodlands CIQ,JB Sentral,321
2022-12-01,12:00,JB Sentral,Woodlands CIQ,177
2022-12-01,12:00,Woodlands CIQ,JB Sentral,320
2022-12-01,13:00,Woodlands CIQ,JB Sentral,316
2022-12-01,14:00,JB Sentral,Woodlands CIQ,292
2022-12-01,15:00,JB Sentral,Woodlands CIQ,317
2022-12-01,15:00,Woodlands CIQ,JB Sentral,319
2022-12-01,16:00,JB Sentral,Woodlands CIQ,321
2022-12-01,16:00,Woodlands CIQ,JB Sentral,319
2022-12-01,17:00,JB Sentral,Woodlands CIQ,315
2022-12-01,17:00,Woodlands CIQ,JB Sentral,271
2022-12-01,18:00,Woodlands CIQ,JB Sentral,313
2022-12-01,19:00,JB Sentral,Woodlands CIQ,312
2022-12-01,20:00,JB Sentral,Woodlands CIQ,316
2022-12-01,20:00,Woodlands CIQ,JB Sentral,313
2022-12-01,21:00,JB Sentral,Woodlands CIQ,317
2022-12-01,21:00,Woodlands CIQ,JB Sentral,323
2022-12-01,22:00,JB Sentral,Woodlands CIQ,313
2022-12-01,22:00,Woodlands CIQ,JB Sentral,237
2022-12-01,23:00,Woodlands CIQ,JB Sentral,101
2022-12-02,05:00,JB Sentral,Woodlands CIQ,558
2022-12-02,06:00,JB Sentral,Woodlands CIQ,625
2022-12-02,07:00,JB Sentral,Woodlands CIQ,625
2022-12-02,08:00,JB Sentral,Woodlands CIQ,312
2022-12-02,08:00,Woodlands CIQ,JB Sentral,321
2022-12-02,09:00,Woodlands CIQ,JB Sentral,315
2022-12-02,10:00,JB Sentral,Woodlands CIQ,215
2022-12-02,11:00,JB Sentral,Woodlands CIQ,213
2022-12-02,11:00,Woodlands CIQ,JB Sentral,327
2022-12-02,12:00,JB Sentral,Woodlands CIQ,180
2022-12-02,12:00,Woodlands CIQ,JB Sentral,322
2022-12-02,13:00,Woodlands CIQ,JB Sentral,325
2022-12-02,14:00,JB Sentral,Woodlands CIQ,308
2022-12-02,15:00,JB Sentral,Woodlands CIQ,315
2022-12-02,15:00,Woodlands CIQ,JB Sentral,322
2022-12-02,16:00,JB Sentral,Woodlands CIQ,315
2022-12-02,16:00,Woodlands CIQ,JB Sentral,317
2022-12-02,17:00,JB Sentral,Woodlands CIQ,312
2022-12-02,17:00,Woodlands CIQ,JB Sentral,317
2022-12-02,18:00,Woodlands CIQ,JB Sentral,319
2022-12-02,19:00,JB Sentral,Woodlands CIQ,318
2022-12-02,20:00,JB Sentral,Woodlands CIQ,313
2022-12-02,20:00,Woodlands CIQ,JB Sentral,321
2022-12-02,21:00,JB Sentral,Woodlands CIQ,313
2022-12-02,21:00,Woodlands CIQ,JB Sentral,320
2022-12-02,22:00,JB Sentral,Woodlands CIQ,314
2022-12-02,22:00,Woodlands CIQ,JB Sentral,319
2022-12-02,23:00,Woodlands CIQ,JB Sentral,313
2022-12-03,05:00,JB Sentral,Woodlands CIQ,239
2022-12-03,06:00,JB Sentral,Woodlands CIQ,224
2022-12-03,07:00,JB Sentral,Woodlands CIQ,358
2022-12-03,08:00,JB Sentral,Woodlands CIQ,295
2022-12-03,08:00,Woodlands CIQ,JB Sentral,313
2022-12-03,09:00,Woodlands CIQ,JB Sentral,319
2022-12-03,10:00,JB Sentral,Woodlands CIQ,315
2022-12-03,11:00,JB Sentral,Woodlands CIQ,313
2022-12-03,11:00,Woodlands CIQ,JB Sentral,319
2022-12-03,12:00,JB Sentral,Woodlands CIQ,314
2022-12-03,12:00,Woodlands CIQ,JB Sentral,318
2022-12-03,13:00,Woodlands CIQ,JB Sentral,319
2022-12-03,14:00,JB Sentral,Woodlands CIQ,316
2022-12-03,15:00,JB Sentral,Woodlands CIQ,313
2022-12-03,15:00,Woodlands CIQ,JB Sentral,326
2022-12-03,16:00,JB Sentral,Woodlands CIQ,315
2022-12-03,16:00,Woodlands CIQ,JB Sentral,315
2022-12-03,17:00,JB Sentral,Woodlands CIQ,312
2022-12-03,17:00,Woodlands CIQ,JB Sentral,318
2022-12-03,18:00,Woodlands CIQ,JB Sentral,315
2022-12-03,19:00,JB Sentral,Woodlands CIQ,314
2022-12-03,20:00,JB Sentral,Woodlands CIQ,314
2022-12-03,20:00,Woodlands CIQ,JB Sentral,312
2022-12-03,21:00,JB Sentral,Woodlands CIQ,316
2022-12-03,21:00,Woodlands CIQ,JB Sentral,313
2022-12-03,22:00,JB Sentral,Woodlands CIQ,317
2022-12-03,22:00,Woodlands CIQ,JB Sentral,231
2022-12-03,23:00,Woodlands CIQ,JB Sentral,141
2022-12-04,05:00,JB Sentral,Woodlands CIQ,162
2022-12-04,06:00,JB Sentral,Woodlands CIQ,103
2022-12-04,07:00,JB Sentral,Woodlands CIQ,336
2022-12-04,08:00,JB Sentral,Woodlands CIQ,316
2022-12-04,08:00,Woodlands CIQ,JB Sentral,316
2022-12-04,09:00,Woodlands CIQ,JB Sentral,320
2022-12-04,10:00,JB Sentral,Woodlands CIQ,322
2022-12-04,11:00,JB Sentral,Woodlands CIQ,316
2022-12-04,11:00,Woodlands CIQ,JB Sentral,318
2022-12-04,12:00,JB Sentral,Woodlands CIQ,314
2022-12-04,12:00,Woodlands CIQ,JB Sentral,319
2022-12-04,13:00,Woodlands CIQ,JB Sentral,317
2022-12-04,14:00,JB Sentral,Woodlands CIQ,314
2022-12-04,15:00,JB Sentral,Woodlands CIQ,313
2022-12-04,15:00,Woodlands CIQ,JB Sentral,314
2022-12-04,16:00,JB Sentral,Woodlands CIQ,319
2022-12-04,16:00,Woodlands CIQ,JB Sentral,319
2022-12-04,17:00,JB Sentral,Woodlands CIQ,319
2022-12-04,17:00,Woodlands CIQ,JB Sentral,306
2022-12-04,18:00,Woodlands CIQ,JB Sentral,162
2022-12-04,19:00,JB Sentral,Woodlands CIQ,321
2022-12-04,20:00,JB Sentral,Woodlands CIQ,322
2022-12-04,20:00,Woodlands CIQ,JB Sentral,150
2022-12-04,21:00,JB Sentral,Woodlands CIQ,320
2022-12-04,21:00,Woodlands CIQ,JB Sentral,100
2022-12-04,22:00,JB Sentral,Woodlands CIQ,316
2022-12-04,22:00,Woodlands CIQ,JB Sentral,114
2022-12-04,23:00,Woodlands CIQ,JB Sentral,41
2022-12-05,05:00,JB Sentral,Woodlands CIQ,626
2022-12-05,06:00,JB Sentral,Woodlands CIQ,633
2022-12-05,07:00,JB Sentral,Woodlands CIQ,634
2022-12-05,08:00,JB Sentral,Woodlands CIQ,315
2022-12-05,08:00,Woodlands CIQ,JB Sentral,314
2022-12-05,09:00,Woodlands CIQ,JB Sentral,321
2022-12-05,10:00,JB Sentral,Woodlands CIQ,316
2022-12-05,11:00,JB Sentral,Woodlands CIQ,318
2022-12-05,11:00,Woodlands CIQ,JB Sentral,325
2022-12-05,12:00,JB Sentral,Woodlands CIQ,320
2022-12-05,12:00,Woodlands CIQ,JB Sentral,319
2022-12-05,13:00,Woodlands CIQ,JB Sentral,321
2022-12-05,14:00,JB Sentral,Woodlands CIQ,315
2022-12-05,15:00,JB Sentral,Woodlands CIQ,321
2022-12-05,15:00,Woodlands CIQ,JB Sentral,313
2022-12-05,16:00,JB Sentral,Woodlands CIQ,323
2022-12-05,16:00,Woodlands CIQ,JB Sentral,262
2022-12-05,17:00,JB Sentral,Woodlands CIQ,319
2022-12-05,17:00,Woodlands CIQ,JB Sentral,121
2022-12-05,18:00,Woodlands CIQ,JB Sentral,301
2022-12-05,19:00,JB Sentral,Woodlands CIQ,317
2022-12-05,20:00,JB Sentral,Woodlands CIQ,318
2022-12-05,20:00,Woodlands CIQ,JB Sentral,281
2022-12-05,21:00,JB Sentral,Woodlands CIQ,317
2022-12-05,21:00,Woodlands CIQ,JB Sentral,173
2022-12-05,22:00,JB Sentral,Woodlands CIQ,314
2022-12-05,22:00,Woodlands CIQ,JB Sentral,72
2022-12-05,23:00,Woodlands CIQ,JB Sentral,49
2022-12-06,05:00,JB Sentral,Woodlands CIQ,538
2022-12-06,06:00,JB Sentral,Woodlands CIQ,627
2022-12-06,07:00,JB Sentral,Woodlands CIQ,624
2022-12-06,08:00,JB Sentral,Woodlands CIQ,318
2022-12-06,08:00,Woodlands CIQ,JB Sentral,314
2022-12-06,09:00,Woodlands CIQ,JB Sentral,314
2022-12-06,10:00,JB Sentral,Woodlands CIQ,197
2022-12-06,11:00,JB Sentral,Woodlands CIQ,206
2022-12-06,11:00,Woodlands CIQ,JB Sentral,321
2022-12-06,12:00,JB Sentral,Woodlands CIQ,315
2022-12-06,12:00,Woodlands CIQ,JB Sentral,316
2022-12-06,13:00,Woodlands CIQ,JB Sentral,312
2022-12-06,14:00,JB Sentral,Woodlands CIQ,317
2022-12-06,15:00,JB Sentral,Woodlands CIQ,318
2022-12-06,15:00,Woodlands CIQ,JB Sentral,317
2022-12-06,16:00,JB Sentral,Woodlands CIQ,316
2022-12-06,16:00,Woodlands CIQ,JB Sentral,134
2022-12-06,17:00,JB Sentral,Woodlands CIQ,314
2022-12-06,17:00,Woodlands CIQ,JB Sentral,130
2022-12-06,18:00,Woodlands CIQ,JB Sentral,313
2022-12-06,19:00,JB Sentral,Woodlands CIQ,316
2022-12-06,20:00,JB Sentral,Woodlands CIQ,319
2022-12-06,20:00,Woodlands CIQ,JB Sentral,313
2022-12-06,21:00,JB Sentral,Woodlands CIQ,315
2022-12-06,21:00,Woodlands CIQ,JB Sentral,153
2022-12-06,22:00,JB Sentral,Woodlands CIQ,312
2022-12-06,22:00,Woodlands CIQ,JB Sentral,84
2022-12-06,23:00,Woodlands CIQ,JB Sentral,64
2022-12-07,05:00,JB Sentral,Woodlands CIQ,528
2022-12-07,06:00,JB Sentral,Woodlands CIQ,626
2022-12-07,07:00,JB Sentral,Woodlands CIQ,624
2022-12-07,08:00,JB Sentral,Woodlands CIQ,312
2022-12-07,08:00,Woodlands CIQ,JB Sentral,320
2022-12-07,09:00,Woodlands CIQ,JB Sentral,320
2022-12-07,10:00,JB Sentral,Woodlands CIQ,181
2022-12-07,11:00,JB Sentral,Woodlands CIQ,148
2022-12-07,11:00,Woodlands CIQ,JB Sentral,321
2022-12-07,12:00,JB Sentral,Woodlands CIQ,257
2022-12-07,12:00,Woodlands CIQ,JB Sentral,318
2022-12-07,13:00,Woodlands CIQ,JB Sentral,317
2022-12-07,14:00,JB Sentral,Woodlands CIQ,316
2022-12-07,15:00,JB Sentral,Woodlands CIQ,314
2022-12-07,15:00,Woodlands CIQ,JB Sentral,318
2022-12-07,16:00,JB Sentral,Woodlands CIQ,315
2022-12-07,16:00,Woodlands CIQ,JB Sentral,206
2022-12-07,17:00,JB Sentral,Woodlands CIQ,318
2022-12-07,17:00,Woodlands CIQ,JB Sentral,202
2022-12-07,18:00,Woodlands CIQ,JB Sentral,315
2022-12-07,19:00,JB Sentral,Woodlands CIQ,312
2022-12-07,20:00,JB Sentral,Woodlands CIQ,314
2022-12-07,20:00,Woodlands CIQ,JB Sentral,313
2022-12-07,21:00,JB Sentral,Woodlands CIQ,316
2022-12-07,21:00,Woodlands CIQ,JB Sentral,208
2022-12-07,22:00,JB Sentral,Woodlands CIQ,312
2022-12-07,22:00,Woodlands CIQ,JB Sentral,137
2022-12-07,23:00,Woodlands CIQ,JB Sentral,33
2022-12-08,05:00,JB Sentral,Woodlands CIQ,522
2022-12-08,06:00,JB Sentral,Woodlands CIQ,624
2022-12-08,07:00,JB Sentral,Woodlands CIQ,624
2022-12-08,08:00,JB Sentral,Woodlands CIQ,319
2022-12-08,08:00,Woodlands CIQ,JB Sentral,318
2022-12-08,09:00,Woodlands CIQ,JB Sentral,320
2022-12-08,10:00,JB Sentral,Woodlands CIQ,200
2022-12-08,11:00,JB Sentral,Woodlands CIQ,205
2022-12-08,11:00,Woodlands CIQ,JB Sentral,321
2022-12-08,12:00,JB Sentral,Woodlands CIQ,181
2022-12-08,12:00,Woodlands CIQ,JB Sentral,324
2022-12-08,13:00,Woodlands CIQ,JB Sentral,327
2022-12-08,14:00,JB Sentral,Woodlands CIQ,315
2022-12-08,15:00,JB Sentral,Woodlands CIQ,315
2022-12-08,15:00,Woodlands CIQ,JB Sentral,322
2022-12-08,16:00,JB Sentral,Woodlands CIQ,315
2022-12-08,16:00,Woodlands CIQ,JB Sentral,324
2022-12-08,17:00,JB Sentral,Woodlands CIQ,316
2022-12-08,17:00,Woodlands CIQ,JB Sentral,316
2022-12-08,18:00,Woodlands CIQ,JB Sentral,313
2022-12-08,19:00,JB Sentral,Woodlands CIQ,316
2022-12-08,20:00,JB Sentral,Woodlands CIQ,317
2022-12-08,20:00,Woodlands CIQ,JB Sentral,313
2022-12-08,21:00,JB Sentral,Woodlands CIQ,317
2022-12-08,21:00,Woodlands CIQ,JB Sentral,318
2022-12-08,22:00,JB Sentral,Woodlands CIQ,313
2022-12-08,22:00,Woodlands CIQ,JB Sentral,320
2022-12-08,23:00,Woodlands CIQ,JB Sentral,79
2022-12-09,05:00,JB Sentral,Woodlands CIQ,600
2022-12-09,06:00,JB Sentral,Woodlands CIQ,624
2022-12-09,07:00,JB Sentral,Woodlands CIQ,624
2022-12-09,08:00,JB Sentral,Woodlands CIQ,321
2022-12-09,08:00,Woodlands CIQ,JB Sentral,317
2022-12-09,09:00,Woodlands CIQ,JB Sentral,323
2022-12-09,10:00,JB Sentral,Woodlands CIQ,287
2022-12-09,11:00,JB Sentral,Woodlands CIQ,237
2022-12-09,11:00,Woodlands CIQ,JB Sentral,323
2022-12-09,12:00,JB Sentral,Woodlands CIQ,279
2022-12-09,12:00,Woodlands CIQ,JB Sentral,325
2022-12-09,13:00,Woodlands CIQ,JB Sentral,325
2022-12-09,14:00,JB Sentral,Woodlands CIQ,324
2022-12-09,15:00,JB Sentral,Woodlands CIQ,315
2022-12-09,15:00,Woodlands CIQ,JB Sentral,325
2022-12-09,16:00,JB Sentral,Woodlands CIQ,314
2022-12-09,16:00,Woodlands CIQ,JB Sentral,322
2022-12-09,17:00,JB Sentral,Woodlands CIQ,320
2022-12-09,17:00,Woodlands CIQ,JB Sentral,321
2022-12-09,18:00,Woodlands CIQ,JB Sentral,319
2022-12-09,19:00,JB Sentral,Woodlands CIQ,314
2022-12-09,20:00,JB Sentral,Woodlands CIQ,316
2022-12-09,20:00,Woodlands CIQ,JB Sentral,321
2022-12-09,21:00,JB Sentral,Woodlands CIQ,321
2022-12-09,21:00,Woodlands CIQ,JB Sentral,324
2022-12-09,22:00,JB Sentral,Woodlands CIQ,313
2022-12-09,22:00,Woodlands CIQ,JB Sentral,316
2022-12-09,23:00,Woodlands CIQ,JB Sentral,314
2022-12-10,05:00,JB Sentral,Woodlands CIQ,265
2022-12-10,06:00,JB Sentral,Woodlands CIQ,298
2022-12-10,07:00,JB Sentral,Woodlands CIQ,462
2022-12-10,08:00,JB Sentral,Woodlands CIQ,319
2022-12-10,08:00,Woodlands CIQ,JB Sentral,317
2022-12-10,09:00,Woodlands CIQ,JB Sentral,322
2022-12-10,10:00,JB Sentral,Woodlands CIQ,316
2022-12-10,11:00,JB Sentral,Woodlands CIQ,320
2022-12-10,11:00,Woodlands CIQ,JB Sentral,327
2022-12-10,12:00,JB Sentral,Woodlands CIQ,319
2022-12-10,12:00,Woodlands CIQ,JB Sentral,315
2022-12-10,13:00,Woodlands CIQ,JB Sentral,319
2022-12-10,14:00,JB Sentral,Woodlands CIQ,325
2022-12-10,15:00,JB Sentral,Woodlands CIQ,321
2022-12-10,15:00,Woodlands CIQ,JB Sentral,314
2022-12-10,16:00,JB Sentral,Woodlands CIQ,317
2022-12-10,16:00,Woodlands CIQ,JB Sentral,315
2022-12-10,17:00,JB Sentral,Woodlands CIQ,319
2022-12-10,17:00,Woodlands CIQ,JB Sentral,320
2022-12-10,18:00,Woodlands CIQ,JB Sentral,318
2022-12-10,19:00,JB Sentral,Woodlands CIQ,312
2022-12-10,20:00,JB Sentral,Woodlands CIQ,314
2022-12-10,20:00,Woodlands CIQ,JB Sentral,318
2022-12-10,21:00,JB Sentral,Woodlands CIQ,311
2022-12-10,21:00,Woodlands CIQ,JB Sentral,315
2022-12-10,22:00,JB Sentral,Woodlands CIQ,320
2022-12-10,22:00,Woodlands CIQ,JB Sentral,314
2022-12-10,23:00,Woodlands CIQ,JB Sentral,129
2022-12-11,05:00,JB Sentral,Woodlands CIQ,205
2022-12-11,06:00,JB Sentral,Woodlands CIQ,136
2022-12-11,07:00,JB Sentral,Woodlands CIQ,541
2022-12-11,08:00,JB Sentral,Woodlands CIQ,317
2022-12-11,08:00,Woodlands CIQ,JB Sentral,319
2022-12-11,09:00,Woodlands CIQ,JB Sentral,319
2022-12-11,10:00,JB Sentral,Woodlands CIQ,312
2022-12-11,11:00,JB Sentral,Woodlands CIQ,314
2022-12-11,11:00,Woodlands CIQ,JB Sentral,321
2022-12-11,12:00,JB Sentral,Woodlands CIQ,318
2022-12-11,12:00,Woodlands CIQ,JB Sentral,322
2022-12-11,13:00,Woodlands CIQ,JB Sentral,319
2022-12-11,14:00,JB Sentral,Woodlands CIQ,317
2022-12-11,15:00,JB Sentral,Woodlands CIQ,315
2022-12-11,15:00,Woodlands CIQ,JB Sentral,319
2022-12-11,16:00,JB Sentral,Woodlands CIQ,315
2022-12-11,16:00,Woodlands CIQ,JB Sentral,318
2022-12-11,17:00,JB Sentral,Woodlands CIQ,321
2022-12-11,17:00,Woodlands CIQ,JB Sentral,315
2022-12-11,18:00,Woodlands CIQ,JB Sentral,261
2022-12-11,19:00,JB Sentral,Woodlands CIQ,322
2022-12-11,20:00,JB Sentral,Woodlands CIQ,325
2022-12-11,20:00,Woodlands CIQ,JB Sentral,186
2022-12-11,21:00,JB Sentral,Woodlands CIQ,321
2022-12-11,21:00,Woodlands CIQ,JB Sentral,164
2022-12-11,22:00,JB Sentral,Woodlands CIQ,315
2022-12-11,22:00,Woodlands CIQ,JB Sentral,92
2022-12-11,23:00,Woodlands CIQ,JB Sentral,83
2022-12-12,05:00,JB Sentral,Woodlands CIQ,628
2022-12-12,06:00,JB Sentral,Woodlands CIQ,628
2022-12-12,07:00,JB Sentral,Woodlands CIQ,628
2022-12-12,08:00,JB Sentral,Woodlands CIQ,315
2022-12-12,08:00,Woodlands CIQ,JB Sentral,319
2022-12-12,09:00,Woodlands CIQ,JB Sentral,318
2022-12-12,10:00,JB Sentral,Woodlands CIQ,315
2022-12-12,11:00,JB Sentral,Woodlands CIQ,313
2022-12-12,11:00,Woodlands CIQ,JB Sentral,319
2022-12-12,12:00,JB Sentral,Woodlands CIQ,321
2022-12-12,12:00,Woodlands CIQ,JB Sentral,323
2022-12-12,13:00,Woodlands CIQ,JB Sentral,316
2022-12-12,14:00,JB Sentral,Woodlands CIQ,323
2022-12-12,15:00,JB Sentral,Woodlands CIQ,320
2022-12-12,15:00,Woodlands CIQ,JB Sentral,319
2022-12-12,16:00,JB Sentral,Woodlands CIQ,328
2022-12-12,16:00,Woodlands CIQ,JB Sentral,323
2022-12-12,17:00,JB Sentral,Woodlands CIQ,317
2022-12-12,17:00,Woodlands CIQ,JB Sentral,259
2022-12-12,18:00,Woodlands CIQ,JB Sentral,290
2022-12-12,19:00,JB Sentral,Woodlands CIQ,324
2022-12-12,20:00,JB Sentral,Woodlands CIQ,322
2022-12-12,20:00,Woodlands CIQ,JB Sentral,288
2022-12-12,21:00,JB Sentral,Woodlands CIQ,321
2022-12-12,21:00,Woodlands CIQ,JB Sentral,167
2022-12-12,22:00,JB Sentral,Woodlands CIQ,313
2022-12-12,22:00,Woodlands CIQ,JB Sentral,124
2022-12-12,23:00,Woodlands CIQ,JB Sentral,35
2022-12-13,05:00,JB Sentral,Woodlands CIQ,534
2022-12-13,06:00,JB Sentral,Woodlands CIQ,630
2022-12-13,07:00,JB Sentral,Woodlands CIQ,633
2022-12-13,08:00,JB Sentral,Woodlands CIQ,316
2022-12-13,08:00,Woodlands CIQ,JB Sentral,314
2022-12-13,09:00,Woodlands CIQ,JB Sentral,319
2022-12-13,10:00,JB Sentral,Woodlands CIQ,319
2022-12-13,11:00,JB Sentral,Woodlands CIQ,315
2022-12-13,11:00,Woodlands CIQ,JB Sentral,319
2022-12-13,12:00,JB Sentral,Woodlands CIQ,321
2022-12-13,12:00,Woodlands CIQ,JB Sentral,319
2022-12-13,13:00,Woodlands CIQ,JB Sentral,317
2022-12-13,14:00,JB Sentral,Woodlands CIQ,315
2022-12-13,15:00,JB Sentral,Woodlands CIQ,321
2022-12-13,15:00,Woodlands CIQ,JB Sentral,315
2022-12-13,16:00,JB Sentral,Woodlands CIQ,317
2022-12-13,16:00,Woodlands CIQ,JB Sentral,319
2022-12-13,17:00,JB Sentral,Woodlands CIQ,319
2022-12-13,17:00,Woodlands CIQ,JB Sentral,203
2022-12-13,18:00,Woodlands CIQ,JB Sentral,317
2022-12-13,19:00,JB Sentral,Woodlands CIQ,318
2022-12-13,20:00,JB Sentral,Woodlands CIQ,316
2022-12-13,20:00,Woodlands CIQ,JB Sentral,317
2022-12-13,21:00,JB Sentral,Woodlands CIQ,315
2022-12-13,21:00,Woodlands CIQ,JB Sentral,213
2022-12-13,22:00,JB Sentral,Woodlands CIQ,319
2022-12-13,22:00,Woodlands CIQ,JB Sentral,165
2022-12-13,23:00,Woodlands CIQ,JB Sentral,42
2022-12-14,05:00,JB Sentral,Woodlands CIQ,559
2022-12-14,06:00,JB Sentral,Woodlands CIQ,626
2022-12-14,07:00,JB Sentral,Woodlands CIQ,631
2022-12-14,08:00,JB Sentral,Woodlands CIQ,316
2022-12-14,08:00,Woodlands CIQ,JB Sentral,315
2022-12-14,09:00,Woodlands CIQ,JB Sentral,320
2022-12-14,10:00,JB Sentral,Woodlands CIQ,314
2022-12-14,11:00,JB Sentral,Woodlands CIQ,317
2022-12-14,11:00,Woodlands CIQ,JB Sentral,316
2022-12-14,12:00,JB Sentral,Woodlands CIQ,317
2022-12-14,12:00,Woodlands CIQ,JB Sentral,322
2022-12-14,13:00,Woodlands CIQ,JB Sentral,318
2022-12-14,14:00,JB Sentral,Woodlands CIQ,317
2022-12-14,15:00,JB Sentral,Woodlands CIQ,321
2022-12-14,15:00,Woodlands CIQ,JB Sentral,314
2022-12-14,16:00,JB Sentral,Woodlands CIQ,320
2022-12-14,16:00,Woodlands CIQ,JB Sentral,317
2022-12-14,17:00,JB Sentral,Woodlands CIQ,314
2022-12-14,17:00,Woodlands CIQ,JB Sentral,313
2022-12-14,18:00,Woodlands CIQ,JB Sentral,313
2022-12-14,19:00,JB Sentral,Woodlands CIQ,313
2022-12-14,20:00,JB Sentral,Woodlands CIQ,316
2022-12-14,20:00,Woodlands CIQ,JB Sentral,316
2022-12-14,21:00,JB Sentral,Woodlands CIQ,316
2022-12-14,21:00,Woodlands CIQ,JB Sentral,317
2022-12-14,22:00,JB Sentral,Woodlands CIQ,318
2022-12-14,22:00,Woodlands CIQ,JB Sentral,180
2022-12-14,23:00,Woodlands CIQ,JB Sentral,96
2022-12-15,05:00,JB Sentral,Woodlands CIQ,559
2022-12-15,06:00,JB Sentral,Woodlands CIQ,625
2022-12-15,07:00,JB Sentral,Woodlands CIQ,624
2022-12-15,08:00,JB Sentral,Woodlands CIQ,313
2022-12-15,08:00,Woodlands CIQ,JB Sentral,320
2022-12-15,09:00,Woodlands CIQ,JB Sentral,319
2022-12-15,10:00,JB Sentral,Woodlands CIQ,317
2022-12-15,11:00,JB Sentral,Woodlands CIQ,317
2022-12-15,11:00,Woodlands CIQ,JB Sentral,323
2022-12-15,12:00,JB Sentral,Woodlands CIQ,317
2022-12-15,12:00,Woodlands CIQ,JB Sentral,326
2022-12-15,13:00,Woodlands CIQ,JB Sentral,320
2022-12-15,14:00,JB Sentral,Woodlands CIQ,316
2022-12-15,15:00,JB Sentral,Woodlands CIQ,316
2022-12-15,15:00,Woodlands CIQ,JB Sentral,319
2022-12-15,16:00,JB Sentral,Woodlands CIQ,319
2022-12-15,16:00,Woodlands CIQ,JB Sentral,319
2022-12-15,17:00,JB Sentral,Woodlands CIQ,320
2022-12-15,17:00,Woodlands CIQ,JB Sentral,318
2022-12-15,18:00,Woodlands CIQ,JB Sentral,314
2022-12-15,19:00,JB Sentral,Woodlands CIQ,317
2022-12-15,20:00,JB Sentral,Woodlands CIQ,320
2022-12-15,20:00,Woodlands CIQ,JB Sentral,322
2022-12-15,21:00,JB Sentral,Woodlands CIQ,319
2022-12-15,21:00,Woodlands CIQ,JB Sentral,316
2022-12-15,22:00,JB Sentral,Woodlands CIQ,313
2022-12-15,22:00,Woodlands CIQ,JB Sentral,323
2022-12-15,23:00,Woodlands CIQ,JB Sentral,269
2022-12-16,05:00,JB Sentral,Woodlands CIQ,600
2022-12-16,06:00,JB Sentral,Woodlands CIQ,625
2022-12-16,07:00,JB Sentral,Woodlands CIQ,624
2022-12-16,08:00,JB Sentral,Woodlands CIQ,313
2022-12-16,08:00,Woodlands CIQ,JB Sentral,323
2022-12-16,09:00,Woodlands CIQ,JB Sentral,324
2022-12-16,10:00,JB Sentral,Woodlands CIQ,314
2022-12-16,11:00,JB Sentral,Woodlands CIQ,314
2022-12-16,11:00,Woodlands CIQ,JB Sentral,325
2022-12-16,12:00,JB Sentral,Woodlands CIQ,317
2022-12-16,12:00,Woodlands CIQ,JB Sentral,324
2022-12-16,13:00,Woodlands CIQ,JB Sentral,326
2022-12-16,14:00,JB Sentral,Woodlands CIQ,314
2022-12-16,15:00,JB Sentral,Woodlands CIQ,321
2022-12-16,15:00,Woodlands CIQ,JB Sentral,330
2022-12-16,16:00,JB Sentral,Woodlands CIQ,321
2022-12-16,16:00,Woodlands CIQ,JB Sentral,319
2022-12-16,17:00,JB Sentral,Woodlands CIQ,323
2022-12-16,17:00,Woodlands CIQ,JB Sentral,327
2022-12-16,18:00,Woodlands CIQ,JB Sentral,321
2022-12-16,19:00,JB Sentral,Woodlands CIQ,322
2022-12-16,20:00,JB Sentral,Woodlands CIQ,319
2022-12-16,20:00,Woodlands CIQ,JB Sentral,320
2022-12-16,21:00,JB Sentral,Woodlands CIQ,323
2022-12-16,21:00,Woodlands CIQ,JB Sentral,327
2022-12-16,22:00,JB Sentral,Woodlands CIQ,320
2022-12-16,22:00,Woodlands CIQ,JB Sentral,323
2022-12-16,23:00,Woodlands CIQ,JB Sentral,320
2022-12-17,05:00,JB Sentral,Woodlands CIQ,251
2022-12-17,06:00,JB Sentral,Woodlands CIQ,255
2022-12-17,07:00,JB Sentral,Woodlands CIQ,576
2022-12-17,08:00,JB Sentral,Woodlands CIQ,323
2022-12-17,08:00,Woodlands CIQ,JB Sentral,323
2022-12-17,09:00,Woodlands CIQ,JB Sentral,322
2022-12-17,10:00,JB Sentral,Woodlands CIQ,322
2022-12-17,11:00,JB Sentral,Woodlands CIQ,324
2022-12-17,11:00,Woodlands CIQ,JB Sentral,322
2022-12-17,12:00,JB Sentral,Woodlands CIQ,325
2022-12-17,12:00,Woodlands CIQ,JB Sentral,321
2022-12-17,13:00,Woodlands CIQ,JB Sentral,320
2022-12-17,14:00,JB Sentral,Woodlands CIQ,321
2022-12-17,15:00,JB Sentral,Woodlands CIQ,322
2022-12-17,15:00,Woodlands CIQ,JB Sentral,320
2022-12-17,16:00,JB Sentral,Woodlands CIQ,324
2022-12-17,16:00,Woodlands CIQ,JB Sentral,327
2022-12-17,17:00,JB Sentral,Woodlands CIQ,325
2022-12-17,17:00,Woodlands CIQ,JB Sentral,326
2022-12-17,18:00,Woodlands CIQ,JB Sentral,323
2022-12-17,19:00,JB Sentral,Woodlands CIQ,316
2022-12-17,20:00,JB Sentral,Woodlands CIQ,319
2022-12-17,20:00,Woodlands CIQ,JB Sentral,321
2022-12-17,21:00,JB Sentral,Woodlands CIQ,321
2022-12-17,21:00,Woodlands CIQ,JB Sentral,327
2022-12-17,22:00,JB Sentral,Woodlands CIQ,320
2022-12-17,22:00,Woodlands CIQ,JB Sentral,320
2022-12-17,23:00,Woodlands CIQ,JB Sentral,238
2022-12-18,05:00,JB Sentral,Woodlands CIQ,218
2022-12-18,06:00,JB Sentral,Woodlands CIQ,251
2022-12-18,07:00,JB Sentral,Woodlands CIQ,643
2022-12-18,08:00,JB Sentral,Woodlands CIQ,322
2022-12-18,08:00,Woodlands CIQ,JB Sentral,321
2022-12-18,09:00,Woodlands CIQ,JB Sentral,320
2022-12-18,10:00,JB Sentral,Woodlands CIQ,322
2022-12-18,11:00,JB Sentral,Woodlands CIQ,322
2022-12-18,11:00,Woodlands CIQ,JB Sentral,325
2022-12-18,12:00,JB Sentral,Woodlands CIQ,326
2022-12-18,12:00,Woodlands CIQ,JB Sentral,324
2022-12-18,13:00,Woodlands CIQ,JB Sentral,326
2022-12-18,14:00,JB Sentral,Woodlands CIQ,323
2022-12-18,15:00,JB Sentral,Woodlands CIQ,324
2022-12-18,15:00,Woodlands CIQ,JB Sentral,326
2022-12-18,16:00,JB Sentral,Woodlands CIQ,324
2022-12-18,16:00,Woodlands CIQ,JB Sentral,325
2022-12-18,17:00,JB Sentral,Woodlands CIQ,323
2022-12-18,17:00,Woodlands CIQ,JB Sentral,322
2022-12-18,18:00,Woodlands CIQ,JB Sentral,324
2022-12-18,19:00,JB Sentral,Woodlands CIQ,325
2022-12-18,20:00,JB Sentral,Woodlands CIQ,325
2022-12-18,20:00,Woodlands CIQ,JB Sentral,326
2022-12-18,21:00,JB Sentral,Woodlands CIQ,322
2022-12-18,21:00,Woodlands CIQ,JB Sentral,189
2022-12-18,22:00,JB Sentral,Woodlands CIQ,321
2022-12-18,22:00,Woodlands CIQ,JB Sentral,138
2022-12-18,23:00,Woodlands CIQ,JB Sentral,70
2022-12-19,05:00,JB Sentral,Woodlands CIQ,640
2022-12-19,06:00,JB Sentral,Woodlands CIQ,640
2022-12-19,07:00,JB Sentral,Woodlands CIQ,640
2022-12-19,08:00,JB Sentral,Woodlands CIQ,321
2022-12-19,08:00,Woodlands CIQ,JB Sentral,321
2022-12-19,09:00,Woodlands CIQ,JB Sentral,320
2022-12-19,10:00,JB Sentral,Woodlands CIQ,323
2022-12-19,11:00,JB Sentral,Woodlands CIQ,326
2022-12-19,11:00,Woodlands CIQ,JB Sentral,329
2022-12-19,12:00,JB Sentral,Woodlands CIQ,322
2022-12-19,12:00,Woodlands CIQ,JB Sentral,322
2022-12-19,13:00,Woodlands CIQ,JB Sentral,324
2022-12-19,14:00,JB Sentral,Woodlands CIQ,321
2022-12-19,15:00,JB Sentral,Woodlands CIQ,324
2022-12-19,15:00,Woodlands CIQ,JB Sentral,322
2022-12-19,16:00,JB Sentral,Woodlands CIQ,323
2022-12-19,16:00,Woodlands CIQ,JB Sentral,327
2022-12-19,17:00,JB Sentral,Woodlands CIQ,328
2022-12-19,17:00,Woodlands CIQ,JB Sentral,329
2022-12-19,18:00,Woodlands CIQ,JB Sentral,321
2022-12-19,19:00,JB Sentral,Woodlands CIQ,322
2022-12-19,20:00,JB Sentral,Woodlands CIQ,322
2022-12-19,20:00,Woodlands CIQ,JB Sentral,321
2022-12-19,21:00,JB Sentral,Woodlands CIQ,320
2022-12-19,21:00,Woodlands CIQ,JB Sentral,241
2022-12-19,22:00,JB Sentral,Woodlands CIQ,320
2022-12-19,22:00,Woodlands CIQ,JB Sentral,134
2022-12-19,23:00,Woodlands CIQ,JB Sentral,55
2022-12-20,05:00,JB Sentral,Woodlands CIQ,636
2022-12-20,06:00,JB Sentral,Woodlands CIQ,640
2022-12-20,07:00,JB Sentral,Woodlands CIQ,640
2022-12-20,08:00,JB Sentral,Woodlands CIQ,320
2022-12-20,08:00,Woodlands CIQ,JB Sentral,320
2022-12-20,09:00,Woodlands CIQ,JB Sentral,318
2022-12-20,10:00,JB Sentral,Woodlands CIQ,321
2022-12-20,11:00,JB Sentral,Woodlands CIQ,325
2022-12-20,11:00,Woodlands CIQ,JB Sentral,319
2022-12-20,12:00,JB Sentral,Woodlands CIQ,322
2022-12-20,12:00,Woodlands CIQ,JB Sentral,323
2022-12-20,13:00,Woodlands CIQ,JB Sentral,321
2022-12-20,14:00,JB Sentral,Woodlands CIQ,323
2022-12-20,15:00,JB Sentral,Woodlands CIQ,326
2022-12-20,15:00,Woodlands CIQ,JB Sentral,326
2022-12-20,16:00,JB Sentral,Woodlands CIQ,322
2022-12-20,16:00,Woodlands CIQ,JB Sentral,326
2022-12-20,17:00,JB Sentral,Woodlands CIQ,325
2022-12-20,17:00,Woodlands CIQ,JB Sentral,324
2022-12-20,18:00,Woodlands CIQ,JB Sentral,321
2022-12-20,19:00,JB Sentral,Woodlands CIQ,323
2022-12-20,20:00,JB Sentral,Woodlands CIQ,325
2022-12-20,20:00,Woodlands CIQ,JB Sentral,320
2022-12-20,21:00,JB Sentral,Woodlands CIQ,320
2022-12-20,21:00,Woodlands CIQ,JB Sentral,273
2022-12-20,22:00,JB Sentral,Woodlands CIQ,320
2022-12-20,22:00,Woodlands CIQ,JB Sentral,134
2022-12-20,23:00,Woodlands CIQ,JB Sentral,58
2022-12-21,05:00,JB Sentral,Woodlands CIQ,566
2022-12-21,06:00,JB Sentral,Woodlands CIQ,640
2022-12-21,07:00,JB Sentral,Woodlands CIQ,640
2022-12-21,08:00,JB Sentral,Woodlands CIQ,324
2022-12-21,08:00,Woodlands CIQ,JB Sentral,321
2022-12-21,09:00,Woodlands CIQ,JB Sentral,320
2022-12-21,10:00,JB Sentral,Woodlands CIQ,321
2022-12-21,11:00,JB Sentral,Woodlands CIQ,326
2022-12-21,11:00,Woodlands CIQ,JB Sentral,320
2022-12-21,12:00,JB Sentral,Woodlands CIQ,325
2022-12-21,12:00,Woodlands CIQ,JB Sentral,322
2022-12-21,13:00,Woodlands CIQ,JB Sentral,321
2022-12-21,14:00,JB Sentral,Woodlands CIQ,331
2022-12-21,15:00,JB Sentral,Woodlands CIQ,325
2022-12-21,15:00,Woodlands CIQ,JB Sentral,330
2022-12-21,16:00,JB Sentral,Woodlands CIQ,323
2022-12-21,16:00,Woodlands CIQ,JB Sentral,324
2022-12-21,17:00,JB Sentral,Woodlands CIQ,322
2022-12-21,17:00,Woodlands CIQ,JB Sentral,330
2022-12-21,18:00,Woodlands CIQ,JB Sentral,325
2022-12-21,19:00,JB Sentral,Woodlands CIQ,321
2022-12-21,20:00,JB Sentral,Woodlands CIQ,321
2022-12-21,20:00,Woodlands CIQ,JB Sentral,323
2022-12-21,21:00,JB Sentral,Woodlands CIQ,320
2022-12-21,21:00,Woodlands CIQ,JB Sentral,323
2022-12-21,22:00,JB Sentral,Woodlands CIQ,320
2022-12-21,22:00,Woodlands CIQ,JB Sentral,323
2022-12-21,23:00,Woodlands CIQ,JB Sentral,138
2022-12-22,05:00,JB Sentral,Woodlands CIQ,567
2022-12-22,06:00,JB Sentral,Woodlands CIQ,640
2022-12-22,07:00,JB Sentral,Woodlands CIQ,640
2022-12-22,08:00,JB Sentral,Woodlands CIQ,321
2022-12-22,08:00,Woodlands CIQ,JB Sentral,321
2022-12-22,09:00,Woodlands CIQ,JB Sentral,321
2022-12-22,10:00,JB Sentral,Woodlands CIQ,327
2022-12-22,11:00,JB Sentral,Woodlands CIQ,327
2022-12-22,11:00,Woodlands CIQ,JB Sentral,326
2022-12-22,12:00,JB Sentral,Woodlands CIQ,326
2022-12-22,12:00,Woodlands CIQ,JB Sentral,325
2022-12-22,13:00,Woodlands CIQ,JB Sentral,322
2022-12-22,14:00,JB Sentral,Woodlands CIQ,323
2022-12-22,15:00,JB Sentral,Woodlands CIQ,325
2022-12-22,15:00,Woodlands CIQ,JB Sentral,326
2022-12-22,16:00,JB Sentral,Woodlands CIQ,322
2022-12-22,16:00,Woodlands CIQ,JB Sentral,326
2022-12-22,17:00,JB Sentral,Woodlands CIQ,320
2022-12-22,17:00,Woodlands CIQ,JB Sentral,328
2022-12-22,18:00,Woodlands CIQ,JB Sentral,320
2022-12-22,19:00,JB Sentral,Woodlands CIQ,320
2022-12-22,20:00,JB Sentral,Woodlands CIQ,321
2022-12-22,20:00,Woodlands CIQ,JB Sentral,321
2022-12-22,21:00,JB Sentral,Woodlands CIQ,320
2022-12-22,21:00,Woodlands CIQ,JB Sentral,329
2022-12-22,22:00,JB Sentral,Woodlands CIQ,320
2022-12-22,22:00,Woodlands CIQ,JB Sentral,323
2022-12-22,23:00,Woodlands CIQ,JB Sentral,324
2022-12-23,05:00,JB Sentral,Woodlands CIQ,641
2022-12-23,06:00,JB Sentral,Woodlands CIQ,640
2022-12-23,07:00,JB Sentral,Woodlands CIQ,640
2022-12-23,08:00,JB Sentral,Woodlands CIQ,323
2022-12-23,08:00,Woodlands CIQ,JB Sentral,321
2022-12-23,09:00,Woodlands CIQ,JB Sentral,324
2022-12-23,10:00,JB Sentral,Woodlands CIQ,325
2022-12-23,11:00,JB Sentral,Woodlands CIQ,322
2022-12-23,11:00,Woodlands CIQ,JB Sentral,328
2022-12-23,12:00,JB Sentral,Woodlands CIQ,326
2022-12-23,12:00,Woodlands CIQ,JB Sentral,325
2022-12-23,13:00,Woodlands CIQ,JB Sentral,327
2022-12-23,14:00,JB Sentral,Woodlands CIQ,326
2022-12-23,15:00,JB Sentral,Woodlands CIQ,328
2022-12-23,15:00,Woodlands CIQ,JB Sentral,333
2022-12-23,16:00,JB Sentral,Woodlands CIQ,324
2022-12-23,16:00,Woodlands CIQ,JB Sentral,329
2022-12-23,17:00,JB Sentral,Woodlands CIQ,321
2022-12-23,17:00,Woodlands CIQ,JB Sentral,326
2022-12-23,18:00,Woodlands CIQ,JB Sentral,325
2022-12-23,19:00,JB Sentral,Woodlands CIQ,321
2022-12-23,20:00,JB Sentral,Woodlands CIQ,323
2022-12-23,20:00,Woodlands CIQ,JB Sentral,322
2022-12-23,21:00,JB Sentral,Woodlands CIQ,323
2022-12-23,21:00,Woodlands CIQ,JB Sentral,325
2022-12-23,22:00,JB Sentral,Woodlands CIQ,321
2022-12-23,22:00,Woodlands CIQ,JB Sentral,323
2022-12-23,23:00,Woodlands CIQ,JB Sentral,324
2022-12-24,05:00,JB Sentral,Woodlands CIQ,346
2022-12-24,06:00,JB Sentral,Woodlands CIQ,325
2022-12-24,07:00,JB Sentral,Woodlands CIQ,644
2022-12-24,08:00,JB Sentral,Woodlands CIQ,325
2022-12-24,08:00,Woodlands CIQ,JB Sentral,331
2022-12-24,09:00,Woodlands CIQ,JB Sentral,327
2022-12-24,10:00,JB Sentral,Woodlands CIQ,325
2022-12-24,11:00,JB Sentral,Woodlands CIQ,324
2022-12-24,11:00,Woodlands CIQ,JB Sentral,330
2022-12-24,12:00,JB Sentral,Woodlands CIQ,326
2022-12-24,12:00,Woodlands CIQ,JB Sentral,323
2022-12-24,13:00,Woodlands CIQ,JB Sentral,325
2022-12-24,14:00,JB Sentral,Woodlands CIQ,323
2022-12-24,15:00,JB Sentral,Woodlands CIQ,326
2022-12-24,15:00,Woodlands CIQ,JB Sentral,324
2022-12-24,16:00,JB Sentral,Woodlands CIQ,326
2022-12-24,16:00,Woodlands CIQ,JB Sentral,323
2022-12-24,17:00,JB Sentral,Woodlands CIQ,323
2022-12-24,17:00,Woodlands CIQ,JB Sentral,323
2022-12-24,18:00,Woodlands CIQ,JB Sentral,323
2022-12-24,19:00,JB Sentral,Woodlands CIQ,323
2022-12-24,20:00,JB Sentral,Woodlands CIQ,321
2022-12-24,20:00,Woodlands CIQ,JB Sentral,326
2022-12-24,21:00,JB Sentral,Woodlands CIQ,320
2022-12-24,21:00,Woodlands CIQ,JB Sentral,324
2022-12-24,22:00,JB Sentral,Woodlands CIQ,326
2022-12-24,22:00,Woodlands CIQ,JB Sentral,327
2022-12-24,23:00,Woodlands CIQ,JB Sentral,322
2022-12-25,05:00,JB Sentral,Woodlands CIQ,204
2022-12-25,06:00,JB Sentral,Woodlands CIQ,277
2022-12-25,07:00,JB Sentral,Woodlands CIQ,647
2022-12-25,08:00,JB Sentral,Woodlands CIQ,325
2022-12-25,08:00,Woodlands CIQ,JB Sentral,321
2022-12-25,09:00,Woodlands CIQ,JB Sentral,323
2022-12-25,10:00,JB Sentral,Woodlands CIQ,328
2022-12-25,11:00,JB Sentral,Woodlands CIQ,329
2022-12-25,11:00,Woodlands CIQ,JB Sentral,323
2022-12-25,12:00,JB Sentral,Woodlands CIQ,326
2022-12-25,12:00,Woodlands CIQ,JB Sentral,322
2022-12-25,13:00,Woodlands CIQ,JB Sentral,327
2022-12-25,14:00,JB Sentral,Woodlands CIQ,323
2022-12-25,15:00,JB Sentral,Woodlands CIQ,330
2022-12-25,15:00,Woodlands CIQ,JB Sentral,326
2022-12-25,16:00,JB Sentral,Woodlands CIQ,324
2022-12-25,16:00,Woodlands CIQ,JB Sentral,324
2022-12-25,17:00,JB Sentral,Woodlands CIQ,321
2022-12-25,17:00,Woodlands CIQ,JB Sentral,325
2022-12-25,18:00,Woodlands CIQ,JB Sentral,321
2022-12-25,19:00,JB Sentral,Woodlands CIQ,323
2022-12-25,20:00,JB Sentral,Woodlands CIQ,323
2022-12-25,20:00,Woodlands CIQ,JB Sentral,324
2022-12-25,21:00,JB Sentral,Woodlands CIQ,323
2022-12-25,21:00,Woodlands CIQ,JB Sentral,321
2022-12-25,22:00,JB Sentral,Woodlands CIQ,320
2022-12-25,22:00,Woodlands CIQ,JB Sentral,324
2022-12-25,23:00,Woodlands CIQ,JB Sentral,310
2022-12-26,05:00,JB Sentral,Woodlands CIQ,341
2022-12-26,06:00,JB Sentral,Woodlands CIQ,640
2022-12-26,07:00,JB Sentral,Woodlands CIQ,651
2022-12-26,08:00,JB Sentral,Woodlands CIQ,326
2022-12-26,08:00,Woodlands CIQ,JB Sentral,322
2022-12-26,09:00,Woodlands CIQ,JB Sentral,322
2022-12-26,10:00,JB Sentral,Woodlands CIQ,327
2022-12-26,11:00,JB Sentral,Woodlands CIQ,331
2022-12-26,11:00,Woodlands CIQ,JB Sentral,321
2022-12-26,12:00,JB Sentral,Woodlands CIQ,326
2022-12-26,12:00,Woodlands CIQ,JB Sentral,326
2022-12-26,13:00,Woodlands CIQ,JB Sentral,326
2022-12-26,14:00,JB Sentral,Woodlands CIQ,328
2022-12-26,15:00,JB Sentral,Woodlands CIQ,323
2022-12-26,15:00,Woodlands CIQ,JB Sentral,324
2022-12-26,16:00,JB Sentral,Woodlands CIQ,327
2022-12-26,16:00,Woodlands CIQ,JB Sentral,323
2022-12-26,17:00,JB Sentral,Woodlands CIQ,326
2022-12-26,17:00,Woodlands CIQ,JB Sentral,324
2022-12-26,18:00,Woodlands CIQ,JB Sentral,331
2022-12-26,19:00,JB Sentral,Woodlands CIQ,326
2022-12-26,20:00,JB Sentral,Woodlands CIQ,323
2022-12-26,20:00,Woodlands CIQ,JB Sentral,323
2022-12-26,21:00,JB Sentral,Woodlands CIQ,323
2022-12-26,21:00,Woodlands CIQ,JB Sentral,322
2022-12-26,22:00,JB Sentral,Woodlands CIQ,321
2022-12-26,22:00,Woodlands CIQ,JB Sentral,172
2022-12-26,23:00,Woodlands CIQ,JB Sentral,43
2022-12-27,05:00,JB Sentral,Woodlands CIQ,642
2022-12-27,06:00,JB Sentral,Woodlands CIQ,640
2022-12-27,07:00,JB Sentral,Woodlands CIQ,640
2022-12-27,08:00,JB Sentral,Woodlands CIQ,324
2022-12-27,08:00,Woodlands CIQ,JB Sentral,320
2022-12-27,09:00,Woodlands CIQ,JB Sentral,321
2022-12-27,10:00,JB Sentral,Woodlands CIQ,324
2022-12-27,11:00,JB Sentral,Woodlands CIQ,324
2022-12-27,11:00,Woodlands CIQ,JB Sentral,320
2022-12-27,12:00,JB Sentral,Woodlands CIQ,330
2022-12-27,12:00,Woodlands CIQ,JB Sentral,324
2022-12-27,13:00,Woodlands CIQ,JB Sentral,320
2022-12-27,14:00,JB Sentral,Woodlands CIQ,325
2022-12-27,15:00,JB Sentral,Woodlands CIQ,324
2022-12-27,15:00,Woodlands CIQ,JB Sentral,326
2022-12-27,16:00,JB Sentral,Woodlands CIQ,325
2022-12-27,16:00,Woodlands CIQ,JB Sentral,326
2022-12-27,17:00,JB Sentral,Woodlands CIQ,323
2022-12-27,17:00,Woodlands CIQ,JB Sentral,324
2022-12-27,18:00,Woodlands CIQ,JB Sentral,321
2022-12-27,19:00,JB Sentral,Woodlands CIQ,327
2022-12-27,20:00,JB Sentral,Woodlands CIQ,321
2022-12-27,20:00,Woodlands CIQ,JB Sentral,320
2022-12-27,21:00,JB Sentral,Woodlands CIQ,320
2022-12-27,21:00,Woodlands CIQ,JB Sentral,321
2022-12-27,22:00,JB Sentral,Woodlands CIQ,320
2022-12-27,22:00,Woodlands CIQ,JB Sentral,175
2022-12-27,23:00,Woodlands CIQ,JB Sentral,65
2022-12-28,05:00,JB Sentral,Woodlands CIQ,634
2022-12-28,06:00,JB Sentral,Woodlands CIQ,640
2022-12-28,07:00,JB Sentral,Woodlands CIQ,640
2022-12-28,08:00,JB Sentral,Woodlands CIQ,322
2022-12-28,08:00,Woodlands CIQ,JB Sentral,320
2022-12-28,09:00,Woodlands CIQ,JB Sentral,320
2022-12-28,10:00,JB Sentral,Woodlands CIQ,324
2022-12-28,11:00,JB Sentral,Woodlands CIQ,322
2022-12-28,11:00,Woodlands CIQ,JB Sentral,320
2022-12-28,12:00,JB Sentral,Woodlands CIQ,325
2022-12-28,12:00,Woodlands CIQ,JB Sentral,322
2022-12-28,13:00,Woodlands CIQ,JB Sentral,324
2022-12-28,14:00,JB Sentral,Woodlands CIQ,323
2022-12-28,15:00,JB Sentral,Woodlands CIQ,325
2022-12-28,15:00,Woodlands CIQ,JB Sentral,324
2022-12-28,16:00,JB Sentral,Woodlands CIQ,328
2022-12-28,16:00,Woodlands CIQ,JB Sentral,321
2022-12-28,17:00,JB Sentral,Woodlands CIQ,321
2022-12-28,17:00,Woodlands CIQ,JB Sentral,327
2022-12-28,18:00,Woodlands CIQ,JB Sentral,321
2022-12-28,19:00,JB Sentral,Woodlands CIQ,322
2022-12-28,20:00,JB Sentral,Woodlands CIQ,321
2022-12-28,20:00,Woodlands CIQ,JB Sentral,321
2022-12-28,21:00,JB Sentral,Woodlands CIQ,320
2022-12-28,21:00,Woodlands CIQ,JB Sentral,322
2022-12-28,22:00,JB Sentral,Woodlands CIQ,320
2022-12-28,22:00,Woodlands CIQ,JB Sentral,325
2022-12-28,23:00,Woodlands CIQ,JB Sentral,171
2022-12-29,05:00,JB Sentral,Woodlands CIQ,559
2022-12-29,06:00,JB Sentral,Woodlands CIQ,640
2022-12-29,07:00,JB Sentral,Woodlands CIQ,640
2022-12-29,08:00,JB Sentral,Woodlands CIQ,321
2022-12-29,08:00,Woodlands CIQ,JB Sentral,322
2022-12-29,09:00,Woodlands CIQ,JB Sentral,321
2022-12-29,10:00,JB Sentral,Woodlands CIQ,321
2022-12-29,11:00,JB Sentral,Woodlands CIQ,332
2022-12-29,11:00,Woodlands CIQ,JB Sentral,324
2022-12-29,12:00,JB Sentral,Woodlands CIQ,324
2022-12-29,12:00,Woodlands CIQ,JB Sentral,322
2022-12-29,13:00,Woodlands CIQ,JB Sentral,326
2022-12-29,14:00,JB Sentral,Woodlands CIQ,328
2022-12-29,15:00,JB Sentral,Woodlands CIQ,323
2022-12-29,15:00,Woodlands CIQ,JB Sentral,323
2022-12-29,16:00,JB Sentral,Woodlands CIQ,320
2022-12-29,16:00,Woodlands CIQ,JB Sentral,324
2022-12-29,17:00,JB Sentral,Woodlands CIQ,323
2022-12-29,17:00,Woodlands CIQ,JB Sentral,327
2022-12-29,18:00,Woodlands CIQ,JB Sentral,323
2022-12-29,19:00,JB Sentral,Woodlands CIQ,320
2022-12-29,20:00,JB Sentral,Woodlands CIQ,322
2022-12-29,20:00,Woodlands CIQ,JB Sentral,324
2022-12-29,21:00,JB Sentral,Woodlands CIQ,321
2022-12-29,21:00,Woodlands CIQ,JB Sentral,327
2022-12-29,22:00,JB Sentral,Woodlands CIQ,320
2022-12-29,22:00,Woodlands CIQ,JB Sentral,325
2022-12-29,23:00,Woodlands CIQ,JB Sentral,322
2022-12-30,05:00,JB Sentral,Woodlands CIQ,642
2022-12-30,06:00,JB Sentral,Woodlands CIQ,640
2022-12-30,07:00,JB Sentral,Woodlands CIQ,640
2022-12-30,08:00,JB Sentral,Woodlands CIQ,321
2022-12-30,08:00,Woodlands CIQ,JB Sentral,322
2022-12-30,09:00,Woodlands CIQ,JB Sentral,320
2022-12-30,10:00,JB Sentral,Woodlands CIQ,320
2022-12-30,11:00,JB Sentral,Woodlands CIQ,322
2022-12-30,11:00,Woodlands CIQ,JB Sentral,322
2022-12-30,12:00,JB Sentral,Woodlands CIQ,324
2022-12-30,12:00,Woodlands CIQ,JB Sentral,321
2022-12-30,13:00,Woodlands CIQ,JB Sentral,322
2022-12-30,14:00,JB Sentral,Woodlands CIQ,326
2022-12-30,15:00,JB Sentral,Woodlands CIQ,326
2022-12-30,15:00,Woodlands CIQ,JB Sentral,324
2022-12-30,16:00,JB Sentral,Woodlands CIQ,324
2022-12-30,16:00,Woodlands CIQ,JB Sentral,321
2022-12-30,17:00,JB Sentral,Woodlands CIQ,320
2022-12-30,17:00,Woodlands CIQ,JB Sentral,330
2022-12-30,18:00,Woodlands CIQ,JB Sentral,322
2022-12-30,19:00,JB Sentral,Woodlands CIQ,322
2022-12-30,20:00,JB Sentral,Woodlands CIQ,321
2022-12-30,20:00,Woodlands CIQ,JB Sentral,323
2022-12-30,21:00,JB Sentral,Woodlands CIQ,320
2022-12-30,21:00,Woodlands CIQ,JB Sentral,324
2022-12-30,22:00,JB Sentral,Woodlands CIQ,320
2022-12-30,22:00,Woodlands CIQ,JB Sentral,327
2022-12-30,23:00,Woodlands CIQ,JB Sentral,328
2022-12-31,05:00,JB Sentral,Woodlands CIQ,328
2022-12-31,06:00,JB Sentral,Woodlands CIQ,229
2022-12-31,07:00,JB Sentral,Woodlands CIQ,588
2022-12-31,08:00,JB Sentral,Woodlands CIQ,327
2022-12-31,08:00,Woodlands CIQ,JB Sentral,324
2022-12-31,09:00,Woodlands CIQ,JB Sentral,326
2022-12-31,10:00,JB Sentral,Woodlands CIQ,323
2022-12-31,11:00,JB Sentral,Woodlands CIQ,323
2022-12-31,11:00,Woodlands CIQ,JB Sentral,324
2022-12-31,12:00,JB Sentral,Woodlands CIQ,323
2022-12-31,12:00,Woodlands CIQ,JB Sentral,324
2022-12-31,13:00,Woodlands CIQ,JB Sentral,322
2022-12-31,14:00,JB Sentral,Woodlands CIQ,327
2022-12-31,15:00,JB Sentral,Woodlands CIQ,323
2022-12-31,15:00,Woodlands CIQ,JB Sentral,324
2022-12-31,16:00,JB Sentral,Woodlands CIQ,321
2022-12-31,16:00,Woodlands CIQ,JB Sentral,326
2022-12-31,17:00,JB Sentral,Woodlands CIQ,322
2022-12-31,17:00,Woodlands CIQ,JB Sentral,322
2022-12-31,18:00,Woodlands CIQ,JB Sentral,322
2022-12-31,19:00,JB Sentral,Woodlands CIQ,326
2022-12-31,20:00,JB Sentral,Woodlands CIQ,321
2022-12-31,20:00,Woodlands CIQ,JB Sentral,324
2022-12-31,21:00,JB Sentral,Woodlands CIQ,322
2022-12-31,21:00,Woodlands CIQ,JB Sentral,323
2022-12-31,22:00,JB Sentral,Woodlands CIQ,324
2022-12-31,22:00,Woodlands CIQ,JB Sentral,321
2022-12-31,23:00,Woodlands CIQ,JB Sentral,304
