date,time,origin,destination,ridership
2026-01-01,05:00,JB Sentral,Woodlands CIQ,124
2026-01-01,06:00,JB Sentral,Woodlands CIQ,178
2026-01-01,07:00,JB Sentral,Woodlands CIQ,533
2026-01-01,08:00,JB Sentral,Woodlands CIQ,321
2026-01-01,08:00,Woodlands CIQ,JB Sentral,320
2026-01-01,09:00,Woodlands CIQ,JB Sentral,321
2026-01-01,11:00,JB Sentral,Woodlands CIQ,326
2026-01-01,12:00,JB Sentral,Woodlands CIQ,327
2026-01-01,12:00,Woodlands CIQ,JB Sentral,326
2026-01-01,13:00,Woodlands CIQ,JB Sentral,326
2026-01-01,14:00,JB Sentral,Woodlands CIQ,327
2026-01-01,15:00,JB Sentral,Woodlands CIQ,324
2026-01-01,15:00,Woodlands CIQ,JB Sentral,324
2026-01-01,16:00,JB Sentral,Woodlands CIQ,323
2026-01-01,16:00,Woodlands CIQ,JB Sentral,326
2026-01-01,17:00,JB Sentral,Woodlands CIQ,321
2026-01-01,17:00,Woodlands CIQ,JB Sentral,320
2026-01-01,18:00,Woodlands CIQ,JB Sentral,324
2026-01-01,19:00,JB Sentral,Woodlands CIQ,317
2026-01-01,20:00,JB Sentral,Woodlands CIQ,315
2026-01-01,20:00,Woodlands CIQ,JB Sentral,253
2026-01-01,21:00,JB Sentral,Woodlands CIQ,316
2026-01-01,21:00,Woodlands CIQ,JB Sentral,206
2026-01-01,22:00,JB Sentral,Woodlands CIQ,317
2026-01-01,22:00,Woodlands CIQ,JB Sentral,185
2026-01-01,23:00,Woodlands CIQ,JB Sentral,75
2026-01-02,05:00,JB Sentral,Woodlands CIQ,640
2026-01-02,06:00,JB Sentral,Woodlands CIQ,640
2026-01-02,07:00,JB Sentral,Woodlands CIQ,640
2026-01-02,08:00,JB Sentral,Woodlands CIQ,323
2026-01-02,08:00,Woodlands CIQ,JB Sentral,320
2026-01-02,09:00,Woodlands CIQ,JB Sentral,320
2026-01-02,10:00,JB Sentral,Woodlands CIQ,323
2026-01-02,11:00,JB Sentral,Woodlands CIQ,326
2026-01-02,11:00,Woodlands CIQ,JB Sentral,322
2026-01-02,12:00,JB Sentral,Woodlands CIQ,322
2026-01-02,12:00,Woodlands CIQ,JB Sentral,321
2026-01-02,13:00,Woodlands CIQ,JB Sentral,323
2026-01-02,14:00,JB Sentral,Woodlands CIQ,325
2026-01-02,15:00,JB Sentral,Woodlands CIQ,323
2026-01-02,15:00,Woodlands CIQ,JB Sentral,327
2026-01-02,16:00,JB Sentral,Woodlands CIQ,325
2026-01-02,16:00,Woodlands CIQ,JB Sentral,317
2026-01-02,17:00,JB Sentral,Woodlands CIQ,324
2026-01-02,17:00,Woodlands CIQ,JB Sentral,316
2026-01-02,18:00,Woodlands CIQ,JB Sentral,317
2026-01-02,19:00,JB Sentral,Woodlands CIQ,322
2026-01-02,20:00,JB Sentral,Woodlands CIQ,324
2026-01-02,20:00,Woodlands CIQ,JB Sentral,317
2026-01-02,21:00,JB Sentral,Woodlands CIQ,320
2026-01-02,21:00,Woodlands CIQ,JB Sentral,320
2026-01-02,22:00,JB Sentral,Woodlands CIQ,320
2026-01-02,22:00,Woodlands CIQ,JB Sentral,317
2026-01-02,23:00,Woodlands CIQ,JB Sentral,305
2026-01-03,05:00,JB Sentral,Woodlands CIQ,188
2026-01-03,06:00,JB Sentral,Woodlands CIQ,317
2026-01-03,07:00,JB Sentral,Woodlands CIQ,644
2026-01-03,08:00,JB Sentral,Woodlands CIQ,322
2026-01-03,08:00,Woodlands CIQ,JB Sentral,316
2026-01-03,09:00,Woodlands CIQ,JB Sentral,318
2026-01-03,10:00,JB Sentral,Woodlands CIQ,322
2026-01-03,11:00,JB Sentral,Woodlands CIQ,322
2026-01-03,11:00,Woodlands CIQ,JB Sentral,317
2026-01-03,12:00,JB Sentral,Woodlands CIQ,323
2026-01-03,12:00,Woodlands CIQ,JB Sentral,314
2026-01-03,13:00,Woodlands CIQ,JB Sentral,316
2026-01-03,14:00,JB Sentral,Woodlands CIQ,327
2026-01-03,15:00,JB Sentral,Woodlands CIQ,322
2026-01-03,15:00,Woodlands CIQ,JB Sentral,320
2026-01-03,16:00,JB Sentral,Woodlands CIQ,322
2026-01-03,16:00,Woodlands CIQ,JB Sentral,325
2026-01-03,17:00,JB Sentral,Woodlands CIQ,322
2026-01-03,17:00,Woodlands CIQ,JB Sentral,329
2026-01-03,18:00,Woodlands CIQ,JB Sentral,294
2026-01-03,19:00,JB Sentral,Woodlands CIQ,318
2026-01-03,20:00,JB Sentral,Woodlands CIQ,316
2026-01-03,20:00,Woodlands CIQ,JB Sentral,208
2026-01-03,21:00,JB Sentral,Woodlands CIQ,317
2026-01-03,21:00,Woodlands CIQ,JB Sentral,220
2026-01-03,22:00,JB Sentral,Woodlands CIQ,315
2026-01-03,22:00,Woodlands CIQ,JB Sentral,282
2026-01-03,23:00,Woodlands CIQ,JB Sentral,126
2026-01-04,05:00,JB Sentral,Woodlands CIQ,113
2026-01-04,06:00,JB Sentral,Woodlands CIQ,164
2026-01-04,07:00,JB Sentral,Woodlands CIQ,584
2026-01-04,08:00,JB Sentral,Woodlands CIQ,325
2026-01-04,08:00,Woodlands CIQ,JB Sentral,321
2026-01-04,09:00,Woodlands CIQ,JB Sentral,327
2026-01-04,10:00,JB Sentral,Woodlands CIQ,328
2026-01-04,11:00,JB Sentral,Woodlands CIQ,321
2026-01-04,11:00,Woodlands CIQ,JB Sentral,321
2026-01-04,12:00,JB Sentral,Woodlands CIQ,324
2026-01-04,12:00,Woodlands CIQ,JB Sentral,317
2026-01-04,13:00,Woodlands CIQ,JB Sentral,236
2026-01-04,14:00,JB Sentral,Woodlands CIQ,325
2026-01-04,15:00,JB Sentral,Woodlands CIQ,320
2026-01-04,15:00,Woodlands CIQ,JB Sentral,228
2026-01-04,16:00,JB Sentral,Woodlands CIQ,315
2026-01-04,16:00,Woodlands CIQ,JB Sentral,111
2026-01-04,17:00,JB Sentral,Woodlands CIQ,316
2026-01-04,17:00,Woodlands CIQ,JB Sentral,123
2026-01-04,18:00,Woodlands CIQ,JB Sentral,130
2026-01-04,19:00,JB Sentral,Woodlands CIQ,315
2026-01-04,20:00,JB Sentral,Woodlands CIQ,320
2026-01-04,20:00,Woodlands CIQ,JB Sentral,115
2026-01-04,21:00,JB Sentral,Woodlands CIQ,320
2026-01-04,21:00,Woodlands CIQ,JB Sentral,94
2026-01-04,22:00,JB Sentral,Woodlands CIQ,315
2026-01-04,22:00,Woodlands CIQ,JB Sentral,74
2026-01-04,23:00,Woodlands CIQ,JB Sentral,55
2026-01-05,05:00,JB Sentral,Woodlands CIQ,640
2026-01-05,06:00,JB Sentral,Woodlands CIQ,639
2026-01-05,07:00,JB Sentral,Woodlands CIQ,641
2026-01-05,08:00,JB Sentral,Woodlands CIQ,320
2026-01-05,08:00,Woodlands CIQ,JB Sentral,322
2026-01-05,09:00,Woodlands CIQ,JB Sentral,319
2026-01-05,10:00,JB Sentral,Woodlands CIQ,320
2026-01-05,11:00,JB Sentral,Woodlands CIQ,326
2026-01-05,11:00,Woodlands CIQ,JB Sentral,319
2026-01-05,12:00,JB Sentral,Woodlands CIQ,323
2026-01-05,12:00,Woodlands CIQ,JB Sentral,321
2026-01-05,13:00,Woodlands CIQ,JB Sentral,323
2026-01-05,15:00,JB Sentral,Woodlands CIQ,322
2026-01-05,16:00,JB Sentral,Woodlands CIQ,321
2026-01-05,16:00,Woodlands CIQ,JB Sentral,159
2026-01-05,17:00,JB Sentral,Woodlands CIQ,318
2026-01-05,17:00,Woodlands CIQ,JB Sentral,168
2026-01-05,18:00,Woodlands CIQ,JB Sentral,320
2026-01-05,19:00,JB Sentral,Woodlands CIQ,309
2026-01-05,20:00,JB Sentral,Woodlands CIQ,310
2026-01-05,20:00,Woodlands CIQ,JB Sentral,320
2026-01-05,21:00,JB Sentral,Woodlands CIQ,313
2026-01-05,21:00,Woodlands CIQ,JB Sentral,236
2026-01-05,22:00,JB Sentral,Woodlands CIQ,320
2026-01-05,22:00,Woodlands CIQ,JB Sentral,116
2026-01-05,23:00,Woodlands CIQ,JB Sentral,36
2026-01-06,05:00,JB Sentral,Woodlands CIQ,640
2026-01-06,06:00,JB Sentral,Woodlands CIQ,638
2026-01-06,07:00,JB Sentral,Woodlands CIQ,632
2026-01-06,08:00,JB Sentral,Woodlands CIQ,320
2026-01-06,08:00,Woodlands CIQ,JB Sentral,320
2026-01-06,09:00,Woodlands CIQ,JB Sentral,318
2026-01-06,10:00,JB Sentral,Woodlands CIQ,322
2026-01-06,11:00,JB Sentral,Woodlands CIQ,283
2026-01-06,11:00,Woodlands CIQ,JB Sentral,319
2026-01-06,12:00,JB Sentral,Woodlands CIQ,229
2026-01-06,12:00,Woodlands CIQ,JB Sentral,315
2026-01-06,13:00,Woodlands CIQ,JB Sentral,199
2026-01-06,14:00,JB Sentral,Woodlands CIQ,239
2026-01-06,15:00,JB Sentral,Woodlands CIQ,322
2026-01-06,15:00,Woodlands CIQ,JB Sentral,157
2026-01-06,16:00,JB Sentral,Woodlands CIQ,322
2026-01-06,16:00,Woodlands CIQ,JB Sentral,80
2026-01-06,17:00,JB Sentral,Woodlands CIQ,321
2026-01-06,17:00,Woodlands CIQ,JB Sentral,208
2026-01-06,18:00,Woodlands CIQ,JB Sentral,320
2026-01-06,19:00,JB Sentral,Woodlands CIQ,316
2026-01-06,20:00,JB Sentral,Woodlands CIQ,315
2026-01-06,20:00,Woodlands CIQ,JB Sentral,320
2026-01-06,21:00,JB Sentral,Woodlands CIQ,314
2026-01-06,21:00,Woodlands CIQ,JB Sentral,321
2026-01-06,22:00,JB Sentral,Woodlands CIQ,281
2026-01-06,22:00,Woodlands CIQ,JB Sentral,173
2026-01-06,23:00,Woodlands CIQ,JB Sentral,77
2026-01-07,05:00,JB Sentral,Woodlands CIQ,640
2026-01-07,06:00,JB Sentral,Woodlands CIQ,640
2026-01-07,07:00,JB Sentral,Woodlands CIQ,640
2026-01-07,08:00,JB Sentral,Woodlands CIQ,320
2026-01-07,08:00,Woodlands CIQ,JB Sentral,321
2026-01-07,09:00,Woodlands CIQ,JB Sentral,321
2026-01-07,10:00,JB Sentral,Woodlands CIQ,321
2026-01-07,11:00,JB Sentral,Woodlands CIQ,271
2026-01-07,11:00,Woodlands CIQ,JB Sentral,323
2026-01-07,12:00,JB Sentral,Woodlands CIQ,244
2026-01-07,12:00,Woodlands CIQ,JB Sentral,320
2026-01-07,13:00,Woodlands CIQ,JB Sentral,225
2026-01-07,14:00,JB Sentral,Woodlands CIQ,237
2026-01-07,15:00,JB Sentral,Woodlands CIQ,319
2026-01-07,15:00,Woodlands CIQ,JB Sentral,163
2026-01-07,16:00,JB Sentral,Woodlands CIQ,321
2026-01-07,16:00,Woodlands CIQ,JB Sentral,75
2026-01-07,17:00,JB Sentral,Woodlands CIQ,324
2026-01-07,17:00,Woodlands CIQ,JB Sentral,235
2026-01-07,18:00,Woodlands CIQ,JB Sentral,320
2026-01-07,19:00,JB Sentral,Woodlands CIQ,321
2026-01-07,20:00,JB Sentral,Woodlands CIQ,320
2026-01-07,20:00,Woodlands CIQ,JB Sentral,320
2026-01-07,21:00,JB Sentral,Woodlands CIQ,321
2026-01-07,21:00,Woodlands CIQ,JB Sentral,323
2026-01-07,22:00,JB Sentral,Woodlands CIQ,272
2026-01-07,22:00,Woodlands CIQ,JB Sentral,201
2026-01-07,23:00,Woodlands CIQ,JB Sentral,54
2026-01-08,05:00,JB Sentral,Woodlands CIQ,640
2026-01-08,06:00,JB Sentral,Woodlands CIQ,640
2026-01-08,07:00,JB Sentral,Woodlands CIQ,640
2026-01-08,08:00,JB Sentral,Woodlands CIQ,317
2026-01-08,08:00,Woodlands CIQ,JB Sentral,321
2026-01-08,09:00,Woodlands CIQ,JB Sentral,321
2026-01-08,11:00,JB Sentral,Woodlands CIQ,326
2026-01-08,12:00,JB Sentral,Woodlands CIQ,208
2026-01-08,12:00,Woodlands CIQ,JB Sentral,324
2026-01-08,13:00,Woodlands CIQ,JB Sentral,322
2026-01-08,14:00,JB Sentral,Woodlands CIQ,232
2026-01-08,15:00,JB Sentral,Woodlands CIQ,324
2026-01-08,15:00,Woodlands CIQ,JB Sentral,145
2026-01-08,16:00,JB Sentral,Woodlands CIQ,320
2026-01-08,16:00,Woodlands CIQ,JB Sentral,126
2026-01-08,17:00,JB Sentral,Woodlands CIQ,322
2026-01-08,17:00,Woodlands CIQ,JB Sentral,253
2026-01-08,18:00,Woodlands CIQ,JB Sentral,320
2026-01-08,19:00,JB Sentral,Woodlands CIQ,320
2026-01-08,20:00,JB Sentral,Woodlands CIQ,320
2026-01-08,20:00,Woodlands CIQ,JB Sentral,320
2026-01-08,21:00,JB Sentral,Woodlands CIQ,322
2026-01-08,21:00,Woodlands CIQ,JB Sentral,322
2026-01-08,22:00,JB Sentral,Woodlands CIQ,229
2026-01-08,22:00,Woodlands CIQ,JB Sentral,295
2026-01-08,23:00,Woodlands CIQ,JB Sentral,102
2026-01-09,05:00,JB Sentral,Woodlands CIQ,637
2026-01-09,06:00,JB Sentral,Woodlands CIQ,640
2026-01-09,07:00,JB Sentral,Woodlands CIQ,639
2026-01-09,08:00,JB Sentral,Woodlands CIQ,321
2026-01-09,08:00,Woodlands CIQ,JB Sentral,317
2026-01-09,09:00,Woodlands CIQ,JB Sentral,320
2026-01-09,10:00,JB Sentral,Woodlands CIQ,317
2026-01-09,11:00,JB Sentral,Woodlands CIQ,183
2026-01-09,11:00,Woodlands CIQ,JB Sentral,320
2026-01-09,12:00,JB Sentral,Woodlands CIQ,218
2026-01-09,12:00,Woodlands CIQ,JB Sentral,315
2026-01-09,13:00,Woodlands CIQ,JB Sentral,321
2026-01-09,14:00,JB Sentral,Woodlands CIQ,234
2026-01-09,15:00,JB Sentral,Woodlands CIQ,326
2026-01-09,15:00,Woodlands CIQ,JB Sentral,319
2026-01-09,16:00,JB Sentral,Woodlands CIQ,325
2026-01-09,16:00,Woodlands CIQ,JB Sentral,322
2026-01-09,17:00,JB Sentral,Woodlands CIQ,323
2026-01-09,17:00,Woodlands CIQ,JB Sentral,322
2026-01-09,18:00,Woodlands CIQ,JB Sentral,320
2026-01-09,19:00,JB Sentral,Woodlands CIQ,323
2026-01-09,20:00,JB Sentral,Woodlands CIQ,320
2026-01-09,20:00,Woodlands CIQ,JB Sentral,320
2026-01-09,21:00,JB Sentral,Woodlands CIQ,320
2026-01-09,21:00,Woodlands CIQ,JB Sentral,326
2026-01-09,22:00,JB Sentral,Woodlands CIQ,305
2026-01-09,22:00,Woodlands CIQ,JB Sentral,323
2026-01-09,23:00,Woodlands CIQ,JB Sentral,320
2026-01-10,05:00,JB Sentral,Woodlands CIQ,163
2026-01-10,06:00,JB Sentral,Woodlands CIQ,351
2026-01-10,07:00,JB Sentral,Woodlands CIQ,491
2026-01-10,08:00,JB Sentral,Woodlands CIQ,321
2026-01-10,08:00,Woodlands CIQ,JB Sentral,323
2026-01-10,09:00,Woodlands CIQ,JB Sentral,323
2026-01-10,10:00,JB Sentral,Woodlands CIQ,322
2026-01-10,11:00,JB Sentral,Woodlands CIQ,304
2026-01-10,11:00,Woodlands CIQ,JB Sentral,326
2026-01-10,12:00,JB Sentral,Woodlands CIQ,291
2026-01-10,12:00,Woodlands CIQ,JB Sentral,322
2026-01-10,13:00,Woodlands CIQ,JB Sentral,316
2026-01-10,14:00,JB Sentral,Woodlands CIQ,321
2026-01-10,15:00,JB Sentral,Woodlands CIQ,324
2026-01-10,15:00,Woodlands CIQ,JB Sentral,318
2026-01-10,16:00,JB Sentral,Woodlands CIQ,322
2026-01-10,16:00,Woodlands CIQ,JB Sentral,319
2026-01-10,17:00,JB Sentral,Woodlands CIQ,321
2026-01-10,17:00,Woodlands CIQ,JB Sentral,322
2026-01-10,18:00,Woodlands CIQ,JB Sentral,324
2026-01-10,19:00,JB Sentral,Woodlands CIQ,324
2026-01-10,20:00,JB Sentral,Woodlands CIQ,321
2026-01-10,20:00,Woodlands CIQ,JB Sentral,257
2026-01-10,21:00,JB Sentral,Woodlands CIQ,321
2026-01-10,21:00,Woodlands CIQ,JB Sentral,217
2026-01-10,22:00,JB Sentral,Woodlands CIQ,319
2026-01-10,22:00,Woodlands CIQ,JB Sentral,169
2026-01-10,23:00,Woodlands CIQ,JB Sentral,116
2026-01-11,05:00,JB Sentral,Woodlands CIQ,120
2026-01-11,06:00,JB Sentral,Woodlands CIQ,161
2026-01-11,07:00,JB Sentral,Woodlands CIQ,301
2026-01-11,08:00,JB Sentral,Woodlands CIQ,323
2026-01-11,08:00,Woodlands CIQ,JB Sentral,319
2026-01-11,09:00,Woodlands CIQ,JB Sentral,321
2026-01-11,10:00,JB Sentral,Woodlands CIQ,325
2026-01-11,11:00,JB Sentral,Woodlands CIQ,327
2026-01-11,11:00,Woodlands CIQ,JB Sentral,324
2026-01-11,12:00,JB Sentral,Woodlands CIQ,321
2026-01-11,12:00,Woodlands CIQ,JB Sentral,320
2026-01-11,13:00,Woodlands CIQ,JB Sentral,239
2026-01-11,14:00,JB Sentral,Woodlands CIQ,319
2026-01-11,15:00,JB Sentral,Woodlands CIQ,320
2026-01-11,15:00,Woodlands CIQ,JB Sentral,187
2026-01-11,16:00,JB Sentral,Woodlands CIQ,322
2026-01-11,16:00,Woodlands CIQ,JB Sentral,78
2026-01-11,17:00,JB Sentral,Woodlands CIQ,325
2026-01-11,17:00,Woodlands CIQ,JB Sentral,125
2026-01-11,18:00,Woodlands CIQ,JB Sentral,105
2026-01-11,19:00,JB Sentral,Woodlands CIQ,320
2026-01-11,20:00,JB Sentral,Woodlands CIQ,322
2026-01-11,20:00,Woodlands CIQ,JB Sentral,84
2026-01-11,21:00,JB Sentral,Woodlands CIQ,320
2026-01-11,21:00,Woodlands CIQ,JB Sentral,65
2026-01-11,22:00,JB Sentral,Woodlands CIQ,320
2026-01-11,22:00,Woodlands CIQ,JB Sentral,86
2026-01-11,23:00,Woodlands CIQ,JB Sentral,34
2026-01-12,05:00,JB Sentral,Woodlands CIQ,640
2026-01-12,06:00,JB Sentral,Woodlands CIQ,639
2026-01-12,07:00,JB Sentral,Woodlands CIQ,640
2026-01-12,08:00,JB Sentral,Woodlands CIQ,320
2026-01-12,08:00,Woodlands CIQ,JB Sentral,318
2026-01-12,09:00,Woodlands CIQ,JB Sentral,321
2026-01-12,10:00,JB Sentral,Woodlands CIQ,321
2026-01-12,11:00,JB Sentral,Woodlands CIQ,266
2026-01-12,11:00,Woodlands CIQ,JB Sentral,322
2026-01-12,12:00,JB Sentral,Woodlands CIQ,325
2026-01-12,12:00,Woodlands CIQ,JB Sentral,312
2026-01-12,13:00,Woodlands CIQ,JB Sentral,228
2026-01-12,15:00,JB Sentral,Woodlands CIQ,325
2026-01-12,16:00,JB Sentral,Woodlands CIQ,324
2026-01-12,16:00,Woodlands CIQ,JB Sentral,91
2026-01-12,17:00,JB Sentral,Woodlands CIQ,321
2026-01-12,17:00,Woodlands CIQ,JB Sentral,164
2026-01-12,18:00,Woodlands CIQ,JB Sentral,320
2026-01-12,19:00,JB Sentral,Woodlands CIQ,317
2026-01-12,20:00,JB Sentral,Woodlands CIQ,318
2026-01-12,20:00,Woodlands CIQ,JB Sentral,318
2026-01-12,21:00,JB Sentral,Woodlands CIQ,316
2026-01-12,21:00,Woodlands CIQ,JB Sentral,201
2026-01-12,22:00,JB Sentral,Woodlands CIQ,320
2026-01-12,22:00,Woodlands CIQ,JB Sentral,123
2026-01-12,23:00,Woodlands CIQ,JB Sentral,30
2026-01-13,05:00,JB Sentral,Woodlands CIQ,640
2026-01-13,06:00,JB Sentral,Woodlands CIQ,638
2026-01-13,07:00,JB Sentral,Woodlands CIQ,638
2026-01-13,08:00,JB Sentral,Woodlands CIQ,320
2026-01-13,08:00,Woodlands CIQ,JB Sentral,314
2026-01-13,09:00,Woodlands CIQ,JB Sentral,320
2026-01-13,10:00,JB Sentral,Woodlands CIQ,324
2026-01-13,11:00,JB Sentral,Woodlands CIQ,214
2026-01-13,11:00,Woodlands CIQ,JB Sentral,323
2026-01-13,12:00,JB Sentral,Woodlands CIQ,199
2026-01-13,12:00,Woodlands CIQ,JB Sentral,303
2026-01-13,13:00,Woodlands CIQ,JB Sentral,141
2026-01-13,14:00,JB Sentral,Woodlands CIQ,240
2026-01-13,15:00,JB Sentral,Woodlands CIQ,302
2026-01-13,15:00,Woodlands CIQ,JB Sentral,103
2026-01-13,16:00,JB Sentral,Woodlands CIQ,323
2026-01-13,16:00,Woodlands CIQ,JB Sentral,69
2026-01-13,17:00,JB Sentral,Woodlands CIQ,319
2026-01-13,17:00,Woodlands CIQ,JB Sentral,154
2026-01-13,18:00,Woodlands CIQ,JB Sentral,317
2026-01-13,19:00,JB Sentral,Woodlands CIQ,319
2026-01-13,20:00,JB Sentral,Woodlands CIQ,313
2026-01-13,20:00,Woodlands CIQ,JB Sentral,317
2026-01-13,21:00,JB Sentral,Woodlands CIQ,315
2026-01-13,21:00,Woodlands CIQ,JB Sentral,249
2026-01-13,22:00,JB Sentral,Woodlands CIQ,207
2026-01-13,22:00,Woodlands CIQ,JB Sentral,126
2026-01-13,23:00,Woodlands CIQ,JB Sentral,45
2026-01-14,05:00,JB Sentral,Woodlands CIQ,640
2026-01-14,06:00,JB Sentral,Woodlands CIQ,640
2026-01-14,07:00,JB Sentral,Woodlands CIQ,638
2026-01-14,08:00,JB Sentral,Woodlands CIQ,317
2026-01-14,08:00,Woodlands CIQ,JB Sentral,270
2026-01-14,09:00,Woodlands CIQ,JB Sentral,319
2026-01-14,10:00,JB Sentral,Woodlands CIQ,321
2026-01-14,11:00,JB Sentral,Woodlands CIQ,197
2026-01-14,11:00,Woodlands CIQ,JB Sentral,324
2026-01-14,12:00,JB Sentral,Woodlands CIQ,206
2026-01-14,12:00,Woodlands CIQ,JB Sentral,302
2026-01-14,13:00,Woodlands CIQ,JB Sentral,119
2026-01-14,14:00,JB Sentral,Woodlands CIQ,204
2026-01-14,15:00,JB Sentral,Woodlands CIQ,268
2026-01-14,15:00,Woodlands CIQ,JB Sentral,128
2026-01-14,16:00,JB Sentral,Woodlands CIQ,323
2026-01-14,16:00,Woodlands CIQ,JB Sentral,93
2026-01-14,17:00,JB Sentral,Woodlands CIQ,316
2026-01-14,17:00,Woodlands CIQ,JB Sentral,218
2026-01-14,18:00,Woodlands CIQ,JB Sentral,316
2026-01-14,19:00,JB Sentral,Woodlands CIQ,317
2026-01-14,20:00,JB Sentral,Woodlands CIQ,315
2026-01-14,20:00,Woodlands CIQ,JB Sentral,319
2026-01-14,21:00,JB Sentral,Woodlands CIQ,318
2026-01-14,21:00,Woodlands CIQ,JB Sentral,320
2026-01-14,22:00,JB Sentral,Woodlands CIQ,151
2026-01-14,22:00,Woodlands CIQ,JB Sentral,177
2026-01-14,23:00,Woodlands CIQ,JB Sentral,47
2026-01-15,05:00,JB Sentral,Woodlands CIQ,640
2026-01-15,06:00,JB Sentral,Woodlands CIQ,638
2026-01-15,07:00,JB Sentral,Woodlands CIQ,640
2026-01-15,08:00,JB Sentral,Woodlands CIQ,320
2026-01-15,08:00,Woodlands CIQ,JB Sentral,331
2026-01-15,09:00,Woodlands CIQ,JB Sentral,323
2026-01-15,11:00,JB Sentral,Woodlands CIQ,273
2026-01-15,12:00,JB Sentral,Woodlands CIQ,200
2026-01-15,12:00,Woodlands CIQ,JB Sentral,325
2026-01-15,13:00,Woodlands CIQ,JB Sentral,258
2026-01-15,14:00,JB Sentral,Woodlands CIQ,170
2026-01-15,15:00,JB Sentral,Woodlands CIQ,307
2026-01-15,15:00,Woodlands CIQ,JB Sentral,178
2026-01-15,16:00,JB Sentral,Woodlands CIQ,321
2026-01-15,16:00,Woodlands CIQ,JB Sentral,114
2026-01-15,17:00,JB Sentral,Woodlands CIQ,322
2026-01-15,17:00,Woodlands CIQ,JB Sentral,299
2026-01-15,18:00,Woodlands CIQ,JB Sentral,320
2026-01-15,19:00,JB Sentral,Woodlands CIQ,320
2026-01-15,20:00,JB Sentral,Woodlands CIQ,320
2026-01-15,20:00,Woodlands CIQ,JB Sentral,321
2026-01-15,21:00,JB Sentral,Woodlands CIQ,320
2026-01-15,21:00,Woodlands CIQ,JB Sentral,321
2026-01-15,22:00,JB Sentral,Woodlands CIQ,208
2026-01-15,22:00,Woodlands CIQ,JB Sentral,317
2026-01-15,23:00,Woodlands CIQ,JB Sentral,53
2026-01-16,05:00,JB Sentral,Woodlands CIQ,640
2026-01-16,06:00,JB Sentral,Woodlands CIQ,638
2026-01-16,07:00,JB Sentral,Woodlands CIQ,637
2026-01-16,08:00,JB Sentral,Woodlands CIQ,322
2026-01-16,08:00,Woodlands CIQ,JB Sentral,324
2026-01-16,09:00,Woodlands CIQ,JB Sentral,319
2026-01-16,10:00,JB Sentral,Woodlands CIQ,283
2026-01-16,11:00,JB Sentral,Woodlands CIQ,210
2026-01-16,11:00,Woodlands CIQ,JB Sentral,324
2026-01-16,12:00,JB Sentral,Woodlands CIQ,198
2026-01-16,12:00,Woodlands CIQ,JB Sentral,328
2026-01-16,13:00,Woodlands CIQ,JB Sentral,316
2026-01-16,14:00,JB Sentral,Woodlands CIQ,200
2026-01-16,15:00,JB Sentral,Woodlands CIQ,258
2026-01-16,15:00,Woodlands CIQ,JB Sentral,315
2026-01-16,16:00,JB Sentral,Woodlands CIQ,322
2026-01-16,16:00,Woodlands CIQ,JB Sentral,322
2026-01-16,17:00,JB Sentral,Woodlands CIQ,321
2026-01-16,17:00,Woodlands CIQ,JB Sentral,313
2026-01-16,18:00,Woodlands CIQ,JB Sentral,320
2026-01-16,19:00,JB Sentral,Woodlands CIQ,318
2026-01-16,20:00,JB Sentral,Woodlands CIQ,318
2026-01-16,20:00,Woodlands CIQ,JB Sentral,320
2026-01-16,21:00,JB Sentral,Woodlands CIQ,319
2026-01-16,21:00,Woodlands CIQ,JB Sentral,322
2026-01-16,22:00,JB Sentral,Woodlands CIQ,320
2026-01-16,22:00,Woodlands CIQ,JB Sentral,320
2026-01-16,23:00,Woodlands CIQ,JB Sentral,318
2026-01-17,05:00,JB Sentral,Woodlands CIQ,173
2026-01-17,06:00,JB Sentral,Woodlands CIQ,329
2026-01-17,07:00,JB Sentral,Woodlands CIQ,528
2026-01-17,08:00,JB Sentral,Woodlands CIQ,320
2026-01-17,08:00,Woodlands CIQ,JB Sentral,324
2026-01-17,09:00,Woodlands CIQ,JB Sentral,323
2026-01-17,10:00,JB Sentral,Woodlands CIQ,320
2026-01-17,11:00,JB Sentral,Woodlands CIQ,323
2026-01-17,11:00,Woodlands CIQ,JB Sentral,326
2026-01-17,12:00,JB Sentral,Woodlands CIQ,288
2026-01-17,12:00,Woodlands CIQ,JB Sentral,322
2026-01-17,13:00,Woodlands CIQ,JB Sentral,324
2026-01-17,14:00,JB Sentral,Woodlands CIQ,327
2026-01-17,15:00,JB Sentral,Woodlands CIQ,322
2026-01-17,15:00,Woodlands CIQ,JB Sentral,317
2026-01-17,16:00,JB Sentral,Woodlands CIQ,324
2026-01-17,16:00,Woodlands CIQ,JB Sentral,316
2026-01-17,17:00,JB Sentral,Woodlands CIQ,323
2026-01-17,17:00,Woodlands CIQ,JB Sentral,322
2026-01-17,18:00,Woodlands CIQ,JB Sentral,322
2026-01-17,19:00,JB Sentral,Woodlands CIQ,319
2026-01-17,20:00,JB Sentral,Woodlands CIQ,321
2026-01-17,20:00,Woodlands CIQ,JB Sentral,196
2026-01-17,21:00,JB Sentral,Woodlands CIQ,319
2026-01-17,21:00,Woodlands CIQ,JB Sentral,259
2026-01-17,22:00,JB Sentral,Woodlands CIQ,319
2026-01-17,22:00,Woodlands CIQ,JB Sentral,184
2026-01-17,23:00,Woodlands CIQ,JB Sentral,86
2026-01-18,05:00,JB Sentral,Woodlands CIQ,114
2026-01-18,06:00,JB Sentral,Woodlands CIQ,168
2026-01-18,07:00,JB Sentral,Woodlands CIQ,318
2026-01-18,08:00,JB Sentral,Woodlands CIQ,325
2026-01-18,08:00,Woodlands CIQ,JB Sentral,326
2026-01-18,09:00,Woodlands CIQ,JB Sentral,325
2026-01-18,10:00,JB Sentral,Woodlands CIQ,323
2026-01-18,11:00,JB Sentral,Woodlands CIQ,326
2026-01-18,11:00,Woodlands CIQ,JB Sentral,321
2026-01-18,12:00,JB Sentral,Woodlands CIQ,322
2026-01-18,12:00,Woodlands CIQ,JB Sentral,316
2026-01-18,13:00,Woodlands CIQ,JB Sentral,285
2026-01-18,14:00,JB Sentral,Woodlands CIQ,322
2026-01-18,15:00,JB Sentral,Woodlands CIQ,322
2026-01-18,15:00,Woodlands CIQ,JB Sentral,176
2026-01-18,16:00,JB Sentral,Woodlands CIQ,317
2026-01-18,16:00,Woodlands CIQ,JB Sentral,141
2026-01-18,17:00,JB Sentral,Woodlands CIQ,319
2026-01-18,17:00,Woodlands CIQ,JB Sentral,99
2026-01-18,18:00,Woodlands CIQ,JB Sentral,90
2026-01-18,19:00,JB Sentral,Woodlands CIQ,322
2026-01-18,20:00,JB Sentral,Woodlands CIQ,321
2026-01-18,20:00,Woodlands CIQ,JB Sentral,73
2026-01-18,21:00,JB Sentral,Woodlands CIQ,321
2026-01-18,21:00,Woodlands CIQ,JB Sentral,79
2026-01-18,22:00,JB Sentral,Woodlands CIQ,310
2026-01-18,22:00,Woodlands CIQ,JB Sentral,57
2026-01-18,23:00,Woodlands CIQ,JB Sentral,42
2026-01-19,05:00,JB Sentral,Woodlands CIQ,640
2026-01-19,06:00,JB Sentral,Woodlands CIQ,640
2026-01-19,07:00,JB Sentral,Woodlands CIQ,640
2026-01-19,08:00,JB Sentral,Woodlands CIQ,313
2026-01-19,08:00,Woodlands CIQ,JB Sentral,320
2026-01-19,09:00,Woodlands CIQ,JB Sentral,319
2026-01-19,10:00,JB Sentral,Woodlands CIQ,320
2026-01-19,11:00,JB Sentral,Woodlands CIQ,305
2026-01-19,11:00,Woodlands CIQ,JB Sentral,321
2026-01-19,12:00,JB Sentral,Woodlands CIQ,321
2026-01-19,12:00,Woodlands CIQ,JB Sentral,297
2026-01-19,13:00,Woodlands CIQ,JB Sentral,171
2026-01-19,15:00,JB Sentral,Woodlands CIQ,323
2026-01-19,16:00,JB Sentral,Woodlands CIQ,328
2026-01-19,16:00,Woodlands CIQ,JB Sentral,98
2026-01-19,17:00,JB Sentral,Woodlands CIQ,321
2026-01-19,17:00,Woodlands CIQ,JB Sentral,121
2026-01-19,18:00,Woodlands CIQ,JB Sentral,320
2026-01-19,19:00,JB Sentral,Woodlands CIQ,314
2026-01-19,20:00,JB Sentral,Woodlands CIQ,314
2026-01-19,20:00,Woodlands CIQ,JB Sentral,318
2026-01-19,21:00,JB Sentral,Woodlands CIQ,314
2026-01-19,21:00,Woodlands CIQ,JB Sentral,223
2026-01-19,22:00,JB Sentral,Woodlands CIQ,320
2026-01-19,22:00,Woodlands CIQ,JB Sentral,122
2026-01-19,23:00,Woodlands CIQ,JB Sentral,43
2026-01-20,05:00,JB Sentral,Woodlands CIQ,640
2026-01-20,06:00,JB Sentral,Woodlands CIQ,640
2026-01-20,07:00,JB Sentral,Woodlands CIQ,640
2026-01-20,08:00,JB Sentral,Woodlands CIQ,320
2026-01-20,08:00,Woodlands CIQ,JB Sentral,320
2026-01-20,09:00,Woodlands CIQ,JB Sentral,321
2026-01-20,10:00,JB Sentral,Woodlands CIQ,298
2026-01-20,11:00,JB Sentral,Woodlands CIQ,200
2026-01-20,11:00,Woodlands CIQ,JB Sentral,321
2026-01-20,12:00,JB Sentral,Woodlands CIQ,175
2026-01-20,12:00,Woodlands CIQ,JB Sentral,324
2026-01-20,13:00,Woodlands CIQ,JB Sentral,108
2026-01-20,14:00,JB Sentral,Woodlands CIQ,183
2026-01-20,15:00,JB Sentral,Woodlands CIQ,320
2026-01-20,15:00,Woodlands CIQ,JB Sentral,123
2026-01-20,16:00,JB Sentral,Woodlands CIQ,320
2026-01-20,16:00,Woodlands CIQ,JB Sentral,51
2026-01-20,17:00,JB Sentral,Woodlands CIQ,311
2026-01-20,17:00,Woodlands CIQ,JB Sentral,154
2026-01-20,18:00,Woodlands CIQ,JB Sentral,320
2026-01-20,19:00,JB Sentral,Woodlands CIQ,320
2026-01-20,20:00,JB Sentral,Woodlands CIQ,315
2026-01-20,20:00,Woodlands CIQ,JB Sentral,319
2026-01-20,21:00,JB Sentral,Woodlands CIQ,312
2026-01-20,21:00,Woodlands CIQ,JB Sentral,280
2026-01-20,22:00,JB Sentral,Woodlands CIQ,246
2026-01-20,22:00,Woodlands CIQ,JB Sentral,120
2026-01-20,23:00,Woodlands CIQ,JB Sentral,47
2026-01-21,05:00,JB Sentral,Woodlands CIQ,640
2026-01-21,06:00,JB Sentral,Woodlands CIQ,639
2026-01-21,07:00,JB Sentral,Woodlands CIQ,629
2026-01-21,08:00,JB Sentral,Woodlands CIQ,320
2026-01-21,08:00,Woodlands CIQ,JB Sentral,320
2026-01-21,09:00,Woodlands CIQ,JB Sentral,318
2026-01-21,10:00,JB Sentral,Woodlands CIQ,289
2026-01-21,11:00,JB Sentral,Woodlands CIQ,219
2026-01-21,11:00,Woodlands CIQ,JB Sentral,321
2026-01-21,12:00,JB Sentral,Woodlands CIQ,166
2026-01-21,12:00,Woodlands CIQ,JB Sentral,319
2026-01-21,13:00,Woodlands CIQ,JB Sentral,146
2026-01-21,14:00,JB Sentral,Woodlands CIQ,219
2026-01-21,15:00,JB Sentral,Woodlands CIQ,319
2026-01-21,15:00,Woodlands CIQ,JB Sentral,140
2026-01-21,16:00,JB Sentral,Woodlands CIQ,314
2026-01-21,16:00,Woodlands CIQ,JB Sentral,82
2026-01-21,17:00,JB Sentral,Woodlands CIQ,316
2026-01-21,17:00,Woodlands CIQ,JB Sentral,167
2026-01-21,18:00,Woodlands CIQ,JB Sentral,318
2026-01-21,19:00,JB Sentral,Woodlands CIQ,311
2026-01-21,20:00,JB Sentral,Woodlands CIQ,313
2026-01-21,20:00,Woodlands CIQ,JB Sentral,319
2026-01-21,21:00,JB Sentral,Woodlands CIQ,315
2026-01-21,21:00,Woodlands CIQ,JB Sentral,320
2026-01-21,22:00,JB Sentral,Woodlands CIQ,223
2026-01-21,22:00,Woodlands CIQ,JB Sentral,187
2026-01-21,23:00,Woodlands CIQ,JB Sentral,46
2026-01-22,05:00,JB Sentral,Woodlands CIQ,640
2026-01-22,06:00,JB Sentral,Woodlands CIQ,640
2026-01-22,07:00,JB Sentral,Woodlands CIQ,640
2026-01-22,08:00,JB Sentral,Woodlands CIQ,320
2026-01-22,08:00,Woodlands CIQ,JB Sentral,320
2026-01-22,09:00,Woodlands CIQ,JB Sentral,322
2026-01-22,11:00,JB Sentral,Woodlands CIQ,320
2026-01-22,12:00,JB Sentral,Woodlands CIQ,227
2026-01-22,12:00,Woodlands CIQ,JB Sentral,320
2026-01-22,13:00,Woodlands CIQ,JB Sentral,311
2026-01-22,14:00,JB Sentral,Woodlands CIQ,195
2026-01-22,15:00,JB Sentral,Woodlands CIQ,319
2026-01-22,15:00,Woodlands CIQ,JB Sentral,153
2026-01-22,16:00,JB Sentral,Woodlands CIQ,311
2026-01-22,16:00,Woodlands CIQ,JB Sentral,114
2026-01-22,17:00,JB Sentral,Woodlands CIQ,313
2026-01-22,17:00,Woodlands CIQ,JB Sentral,277
2026-01-22,18:00,Woodlands CIQ,JB Sentral,319
2026-01-22,19:00,JB Sentral,Woodlands CIQ,315
2026-01-22,20:00,JB Sentral,Woodlands CIQ,314
2026-01-22,20:00,Woodlands CIQ,JB Sentral,319
2026-01-22,21:00,JB Sentral,Woodlands CIQ,310
2026-01-22,21:00,Woodlands CIQ,JB Sentral,321
2026-01-22,22:00,JB Sentral,Woodlands CIQ,260
2026-01-22,22:00,Woodlands CIQ,JB Sentral,323
2026-01-22,23:00,Woodlands CIQ,JB Sentral,57
2026-01-23,05:00,JB Sentral,Woodlands CIQ,639
2026-01-23,06:00,JB Sentral,Woodlands CIQ,639
2026-01-23,07:00,JB Sentral,Woodlands CIQ,636
2026-01-23,08:00,JB Sentral,Woodlands CIQ,320
2026-01-23,08:00,Woodlands CIQ,JB Sentral,320
2026-01-23,09:00,Woodlands CIQ,JB Sentral,320
2026-01-23,10:00,JB Sentral,Woodlands CIQ,243
2026-01-23,11:00,JB Sentral,Woodlands CIQ,177
2026-01-23,11:00,Woodlands CIQ,JB Sentral,324
2026-01-23,12:00,JB Sentral,Woodlands CIQ,191
2026-01-23,12:00,Woodlands CIQ,JB Sentral,322
2026-01-23,13:00,Woodlands CIQ,JB Sentral,324
2026-01-23,14:00,JB Sentral,Woodlands CIQ,246
2026-01-23,15:00,JB Sentral,Woodlands CIQ,284
2026-01-23,15:00,Woodlands CIQ,JB Sentral,320
2026-01-23,16:00,JB Sentral,Woodlands CIQ,324
2026-01-23,16:00,Woodlands CIQ,JB Sentral,315
2026-01-23,17:00,JB Sentral,Woodlands CIQ,318
2026-01-23,17:00,Woodlands CIQ,JB Sentral,314
2026-01-23,18:00,Woodlands CIQ,JB Sentral,320
2026-01-23,19:00,JB Sentral,Woodlands CIQ,320
2026-01-23,20:00,JB Sentral,Woodlands CIQ,315
2026-01-23,20:00,Woodlands CIQ,JB Sentral,321
2026-01-23,21:00,JB Sentral,Woodlands CIQ,322
2026-01-23,21:00,Woodlands CIQ,JB Sentral,316
2026-01-23,22:00,JB Sentral,Woodlands CIQ,321
2026-01-23,22:00,Woodlands CIQ,JB Sentral,322
2026-01-23,23:00,Woodlands CIQ,JB Sentral,313
2026-01-24,05:00,JB Sentral,Woodlands CIQ,164
2026-01-24,06:00,JB Sentral,Woodlands CIQ,357
2026-01-24,07:00,JB Sentral,Woodlands CIQ,500
2026-01-24,08:00,JB Sentral,Woodlands CIQ,323
2026-01-24,08:00,Woodlands CIQ,JB Sentral,322
2026-01-24,09:00,Woodlands CIQ,JB Sentral,322
2026-01-24,10:00,JB Sentral,Woodlands CIQ,325
2026-01-24,11:00,JB Sentral,Woodlands CIQ,324
2026-01-24,11:00,Woodlands CIQ,JB Sentral,326
2026-01-24,12:00,JB Sentral,Woodlands CIQ,317
2026-01-24,12:00,Woodlands CIQ,JB Sentral,318
2026-01-24,13:00,Woodlands CIQ,JB Sentral,316
2026-01-24,14:00,JB Sentral,Woodlands CIQ,323
2026-01-24,15:00,JB Sentral,Woodlands CIQ,321
2026-01-24,15:00,Woodlands CIQ,JB Sentral,326
2026-01-24,16:00,JB Sentral,Woodlands CIQ,323
2026-01-24,16:00,Woodlands CIQ,JB Sentral,317
2026-01-24,17:00,JB Sentral,Woodlands CIQ,319
2026-01-24,17:00,Woodlands CIQ,JB Sentral,324
2026-01-24,18:00,Woodlands CIQ,JB Sentral,318
2026-01-24,19:00,JB Sentral,Woodlands CIQ,321
2026-01-24,20:00,JB Sentral,Woodlands CIQ,317
2026-01-24,20:00,Woodlands CIQ,JB Sentral,225
2026-01-24,21:00,JB Sentral,Woodlands CIQ,323
2026-01-24,21:00,Woodlands CIQ,JB Sentral,210
2026-01-24,22:00,JB Sentral,Woodlands CIQ,320
2026-01-24,22:00,Woodlands CIQ,JB Sentral,202
2026-01-24,23:00,Woodlands CIQ,JB Sentral,146
2026-01-25,05:00,JB Sentral,Woodlands CIQ,119
2026-01-25,06:00,JB Sentral,Woodlands CIQ,169
2026-01-25,07:00,JB Sentral,Woodlands CIQ,381
2026-01-25,08:00,JB Sentral,Woodlands CIQ,322
2026-01-25,08:00,Woodlands CIQ,JB Sentral,318
2026-01-25,09:00,Woodlands CIQ,JB Sentral,323
2026-01-25,10:00,JB Sentral,Woodlands CIQ,322
2026-01-25,11:00,JB Sentral,Woodlands CIQ,323
2026-01-25,11:00,Woodlands CIQ,JB Sentral,322
2026-01-25,12:00,JB Sentral,Woodlands CIQ,322
2026-01-25,12:00,Woodlands CIQ,JB Sentral,322
2026-01-25,13:00,Woodlands CIQ,JB Sentral,320
2026-01-25,14:00,JB Sentral,Woodlands CIQ,325
2026-01-25,15:00,JB Sentral,Woodlands CIQ,318
2026-01-25,15:00,Woodlands CIQ,JB Sentral,182
2026-01-25,16:00,JB Sentral,Woodlands CIQ,315
2026-01-25,16:00,Woodlands CIQ,JB Sentral,110
2026-01-25,17:00,JB Sentral,Woodlands CIQ,321
2026-01-25,17:00,Woodlands CIQ,JB Sentral,157
2026-01-25,18:00,Woodlands CIQ,JB Sentral,130
2026-01-25,19:00,JB Sentral,Woodlands CIQ,323
2026-01-25,20:00,JB Sentral,Woodlands CIQ,320
2026-01-25,20:00,Woodlands CIQ,JB Sentral,109
2026-01-25,21:00,JB Sentral,Woodlands CIQ,320
2026-01-25,21:00,Woodlands CIQ,JB Sentral,81
2026-01-25,22:00,JB Sentral,Woodlands CIQ,320
2026-01-25,22:00,Woodlands CIQ,JB Sentral,77
2026-01-25,23:00,Woodlands CIQ,JB Sentral,29
2026-01-26,05:00,JB Sentral,Woodlands CIQ,640
2026-01-26,06:00,JB Sentral,Woodlands CIQ,640
2026-01-26,07:00,JB Sentral,Woodlands CIQ,640
2026-01-26,08:00,JB Sentral,Woodlands CIQ,320
2026-01-26,08:00,Woodlands CIQ,JB Sentral,322
2026-01-26,09:00,Woodlands CIQ,JB Sentral,321
2026-01-26,10:00,JB Sentral,Woodlands CIQ,324
2026-01-26,11:00,JB Sentral,Woodlands CIQ,320
2026-01-26,11:00,Woodlands CIQ,JB Sentral,321
2026-01-26,12:00,JB Sentral,Woodlands CIQ,324
2026-01-26,12:00,Woodlands CIQ,JB Sentral,320
2026-01-26,13:00,Woodlands CIQ,JB Sentral,187
2026-01-26,15:00,JB Sentral,Woodlands CIQ,328
2026-01-26,16:00,JB Sentral,Woodlands CIQ,326
2026-01-26,16:00,Woodlands CIQ,JB Sentral,125
2026-01-26,17:00,JB Sentral,Woodlands CIQ,322
2026-01-26,17:00,Woodlands CIQ,JB Sentral,177
2026-01-26,18:00,Woodlands CIQ,JB Sentral,320
2026-01-26,19:00,JB Sentral,Woodlands CIQ,319
2026-01-26,20:00,JB Sentral,Woodlands CIQ,317
2026-01-26,20:00,Woodlands CIQ,JB Sentral,320
2026-01-26,21:00,JB Sentral,Woodlands CIQ,316
2026-01-26,21:00,Woodlands CIQ,JB Sentral,233
2026-01-26,22:00,JB Sentral,Woodlands CIQ,320
2026-01-26,22:00,Woodlands CIQ,JB Sentral,117
2026-01-26,23:00,Woodlands CIQ,JB Sentral,33
2026-01-27,05:00,JB Sentral,Woodlands CIQ,640
2026-01-27,06:00,JB Sentral,Woodlands CIQ,640
2026-01-27,07:00,JB Sentral,Woodlands CIQ,640
2026-01-27,08:00,JB Sentral,Woodlands CIQ,320
2026-01-27,08:00,Woodlands CIQ,JB Sentral,320
2026-01-27,09:00,Woodlands CIQ,JB Sentral,320
2026-01-27,10:00,JB Sentral,Woodlands CIQ,321
2026-01-27,11:00,JB Sentral,Woodlands CIQ,181
2026-01-27,11:00,Woodlands CIQ,JB Sentral,323
2026-01-27,12:00,JB Sentral,Woodlands CIQ,173
2026-01-27,12:00,Woodlands CIQ,JB Sentral,321
2026-01-27,13:00,Woodlands CIQ,JB Sentral,172
2026-01-27,14:00,JB Sentral,Woodlands CIQ,280
2026-01-27,15:00,JB Sentral,Woodlands CIQ,321
2026-01-27,15:00,Woodlands CIQ,JB Sentral,115
2026-01-27,16:00,JB Sentral,Woodlands CIQ,323
2026-01-27,16:00,Woodlands CIQ,JB Sentral,71
2026-01-27,17:00,JB Sentral,Woodlands CIQ,317
2026-01-27,17:00,Woodlands CIQ,JB Sentral,174
2026-01-27,18:00,Woodlands CIQ,JB Sentral,316
2026-01-27,19:00,JB Sentral,Woodlands CIQ,315
2026-01-27,20:00,JB Sentral,Woodlands CIQ,315
2026-01-27,20:00,Woodlands CIQ,JB Sentral,315
2026-01-27,21:00,JB Sentral,Woodlands CIQ,316
2026-01-27,21:00,Woodlands CIQ,JB Sentral,308
2026-01-27,22:00,JB Sentral,Woodlands CIQ,320
2026-01-27,22:00,Woodlands CIQ,JB Sentral,131
2026-01-27,23:00,Woodlands CIQ,JB Sentral,33
2026-01-28,05:00,JB Sentral,Woodlands CIQ,640
2026-01-28,06:00,JB Sentral,Woodlands CIQ,640
2026-01-28,07:00,JB Sentral,Woodlands CIQ,636
2026-01-28,08:00,JB Sentral,Woodlands CIQ,320
2026-01-28,08:00,Woodlands CIQ,JB Sentral,322
2026-01-28,09:00,Woodlands CIQ,JB Sentral,320
2026-01-28,10:00,JB Sentral,Woodlands CIQ,321
2026-01-28,11:00,JB Sentral,Woodlands CIQ,202
2026-01-28,11:00,Woodlands CIQ,JB Sentral,319
2026-01-28,12:00,JB Sentral,Woodlands CIQ,179
2026-01-28,12:00,Woodlands CIQ,JB Sentral,319
2026-01-28,13:00,Woodlands CIQ,JB Sentral,194
2026-01-28,14:00,JB Sentral,Woodlands CIQ,240
2026-01-28,15:00,JB Sentral,Woodlands CIQ,323
2026-01-28,15:00,Woodlands CIQ,JB Sentral,163
2026-01-28,16:00,JB Sentral,Woodlands CIQ,320
2026-01-28,16:00,Woodlands CIQ,JB Sentral,90
2026-01-28,17:00,JB Sentral,Woodlands CIQ,317
2026-01-28,17:00,Woodlands CIQ,JB Sentral,209
2026-01-28,18:00,Woodlands CIQ,JB Sentral,319
2026-01-28,19:00,JB Sentral,Woodlands CIQ,314
2026-01-28,20:00,JB Sentral,Woodlands CIQ,313
2026-01-28,20:00,Woodlands CIQ,JB Sentral,319
2026-01-28,21:00,JB Sentral,Woodlands CIQ,316
2026-01-28,21:00,Woodlands CIQ,JB Sentral,320
2026-01-28,22:00,JB Sentral,Woodlands CIQ,320
2026-01-28,22:00,Woodlands CIQ,JB Sentral,179
2026-01-28,23:00,Woodlands CIQ,JB Sentral,54
2026-01-29,05:00,JB Sentral,Woodlands CIQ,640
2026-01-29,06:00,JB Sentral,Woodlands CIQ,636
2026-01-29,07:00,JB Sentral,Woodlands CIQ,634
2026-01-29,08:00,JB Sentral,Woodlands CIQ,321
2026-01-29,08:00,Woodlands CIQ,JB Sentral,322
2026-01-29,09:00,Woodlands CIQ,JB Sentral,322
2026-01-29,11:00,JB Sentral,Woodlands CIQ,315
2026-01-29,12:00,JB Sentral,Woodlands CIQ,190
2026-01-29,12:00,Woodlands CIQ,JB Sentral,323
2026-01-29,13:00,Woodlands CIQ,JB Sentral,323
2026-01-29,14:00,JB Sentral,Woodlands CIQ,238
2026-01-29,15:00,JB Sentral,Woodlands CIQ,321
2026-01-29,15:00,Woodlands CIQ,JB Sentral,299
2026-01-29,16:00,JB Sentral,Woodlands CIQ,322
2026-01-29,16:00,Woodlands CIQ,JB Sentral,95
2026-01-29,17:00,JB Sentral,Woodlands CIQ,315
2026-01-29,17:00,Woodlands CIQ,JB Sentral,241
2026-01-29,18:00,Woodlands CIQ,JB Sentral,318
2026-01-29,19:00,JB Sentral,Woodlands CIQ,318
2026-01-29,20:00,JB Sentral,Woodlands CIQ,316
2026-01-29,20:00,Woodlands CIQ,JB Sentral,321
2026-01-29,21:00,JB Sentral,Woodlands CIQ,323
2026-01-29,21:00,Woodlands CIQ,JB Sentral,321
2026-01-29,22:00,JB Sentral,Woodlands CIQ,320
2026-01-29,22:00,Woodlands CIQ,JB Sentral,320
2026-01-29,23:00,Woodlands CIQ,JB Sentral,76
2026-01-30,05:00,JB Sentral,Woodlands CIQ,640
2026-01-30,06:00,JB Sentral,Woodlands CIQ,640
2026-01-30,07:00,JB Sentral,Woodlands CIQ,637
2026-01-30,08:00,JB Sentral,Woodlands CIQ,320
2026-01-30,08:00,Woodlands CIQ,JB Sentral,321
2026-01-30,09:00,Woodlands CIQ,JB Sentral,322
2026-01-30,10:00,JB Sentral,Woodlands CIQ,260
2026-01-30,11:00,JB Sentral,Woodlands CIQ,178
2026-01-30,11:00,Woodlands CIQ,JB Sentral,319
2026-01-30,12:00,JB Sentral,Woodlands CIQ,193
2026-01-30,12:00,Woodlands CIQ,JB Sentral,319
2026-01-30,13:00,Woodlands CIQ,JB Sentral,320
2026-01-30,14:00,JB Sentral,Woodlands CIQ,279
2026-01-30,15:00,JB Sentral,Woodlands CIQ,322
2026-01-30,15:00,Woodlands CIQ,JB Sentral,323
2026-01-30,16:00,JB Sentral,Woodlands CIQ,320
2026-01-30,16:00,Woodlands CIQ,JB Sentral,316
2026-01-30,17:00,JB Sentral,Woodlands CIQ,321
2026-01-30,17:00,Woodlands CIQ,JB Sentral,319
2026-01-30,18:00,Woodlands CIQ,JB Sentral,321
2026-01-30,19:00,JB Sentral,Woodlands CIQ,321
2026-01-30,20:00,JB Sentral,Woodlands CIQ,319
2026-01-30,20:00,Woodlands CIQ,JB Sentral,321
2026-01-30,21:00,JB Sentral,Woodlands CIQ,319
2026-01-30,21:00,Woodlands CIQ,JB Sentral,324
2026-01-30,22:00,JB Sentral,Woodlands CIQ,320
2026-01-30,22:00,Woodlands CIQ,JB Sentral,325
2026-01-30,23:00,Woodlands CIQ,JB Sentral,320
2026-01-31,05:00,JB Sentral,Woodlands CIQ,162
2026-01-31,06:00,JB Sentral,Woodlands CIQ,344
2026-01-31,07:00,JB Sentral,Woodlands CIQ,553
2026-01-31,08:00,JB Sentral,Woodlands CIQ,320
2026-01-31,08:00,Woodlands CIQ,JB Sentral,320
2026-01-31,09:00,Woodlands CIQ,JB Sentral,321
2026-01-31,10:00,JB Sentral,Woodlands CIQ,324
2026-01-31,11:00,JB Sentral,Woodlands CIQ,327
2026-01-31,11:00,Woodlands CIQ,JB Sentral,325
2026-01-31,12:00,JB Sentral,Woodlands CIQ,321
2026-01-31,12:00,Woodlands CIQ,JB Sentral,320
2026-01-31,13:00,Woodlands CIQ,JB Sentral,323
2026-01-31,14:00,JB Sentral,Woodlands CIQ,326
2026-01-31,15:00,JB Sentral,Woodlands CIQ,327
2026-01-31,15:00,Woodlands CIQ,JB Sentral,320
2026-01-31,16:00,JB Sentral,Woodlands CIQ,321
2026-01-31,16:00,Woodlands CIQ,JB Sentral,324
2026-01-31,17:00,JB Sentral,Woodlands CIQ,320
2026-01-31,17:00,Woodlands CIQ,JB Sentral,321
2026-01-31,18:00,Woodlands CIQ,JB Sentral,322
2026-01-31,19:00,JB Sentral,Woodlands CIQ,320
2026-01-31,20:00,JB Sentral,Woodlands CIQ,320
2026-01-31,20:00,Woodlands CIQ,JB Sentral,241
2026-01-31,21:00,JB Sentral,Woodlands CIQ,320
2026-01-31,21:00,Woodlands CIQ,JB Sentral,211
2026-01-31,22:00,JB Sentral,Woodlands CIQ,320
2026-01-31,22:00,Woodlands CIQ,JB Sentral,256
2026-01-31,23:00,Woodlands CIQ,JB Sentral,115
2026-02-01,05:00,JB Sentral,Woodlands CIQ,116
2026-02-01,06:00,JB Sentral,Woodlands CIQ,153
2026-02-01,07:00,JB Sentral,Woodlands CIQ,564
2026-02-01,08:00,JB Sentral,Woodlands CIQ,323
2026-02-01,08:00,Woodlands CIQ,JB Sentral,322
2026-02-01,09:00,Woodlands CIQ,JB Sentral,325
2026-02-01,10:00,JB Sentral,Woodlands CIQ,324
2026-02-01,11:00,JB Sentral,Woodlands CIQ,329
2026-02-01,11:00,Woodlands CIQ,JB Sentral,321
2026-02-01,12:00,JB Sentral,Woodlands CIQ,321
2026-02-01,12:00,Woodlands CIQ,JB Sentral,320
2026-02-01,13:00,Woodlands CIQ,JB Sentral,325
2026-02-01,14:00,JB Sentral,Woodlands CIQ,322
2026-02-01,15:00,JB Sentral,Woodlands CIQ,324
2026-02-01,15:00,Woodlands CIQ,JB Sentral,203
2026-02-01,16:00,JB Sentral,Woodlands CIQ,322
2026-02-01,16:00,Woodlands CIQ,JB Sentral,119
2026-02-01,17:00,JB Sentral,Woodlands CIQ,322
2026-02-01,17:00,Woodlands CIQ,JB Sentral,113
2026-02-01,18:00,Woodlands CIQ,JB Sentral,117
2026-02-01,19:00,JB Sentral,Woodlands CIQ,321
2026-02-01,20:00,JB Sentral,Woodlands CIQ,322
2026-02-01,20:00,Woodlands CIQ,JB Sentral,97
2026-02-01,21:00,JB Sentral,Woodlands CIQ,320
2026-02-01,21:00,Woodlands CIQ,JB Sentral,148
2026-02-01,22:00,JB Sentral,Woodlands CIQ,320
2026-02-01,22:00,Woodlands CIQ,JB Sentral,179
2026-02-01,23:00,Woodlands CIQ,JB Sentral,77
2026-02-02,05:00,JB Sentral,Woodlands CIQ,640
2026-02-02,06:00,JB Sentral,Woodlands CIQ,640
2026-02-02,07:00,JB Sentral,Woodlands CIQ,641
2026-02-02,08:00,JB Sentral,Woodlands CIQ,321
2026-02-02,08:00,Woodlands CIQ,JB Sentral,320
2026-02-02,09:00,Woodlands CIQ,JB Sentral,322
2026-02-02,10:00,JB Sentral,Woodlands CIQ,323
2026-02-02,11:00,JB Sentral,Woodlands CIQ,321
2026-02-02,11:00,Woodlands CIQ,JB Sentral,324
2026-02-02,12:00,JB Sentral,Woodlands CIQ,325
2026-02-02,12:00,Woodlands CIQ,JB Sentral,320
2026-02-02,13:00,Woodlands CIQ,JB Sentral,326
2026-02-02,15:00,JB Sentral,Woodlands CIQ,325
2026-02-02,16:00,JB Sentral,Woodlands CIQ,324
2026-02-02,16:00,Woodlands CIQ,JB Sentral,115
2026-02-02,17:00,JB Sentral,Woodlands CIQ,322
2026-02-02,17:00,Woodlands CIQ,JB Sentral,217
2026-02-02,18:00,Woodlands CIQ,JB Sentral,318
2026-02-02,19:00,JB Sentral,Woodlands CIQ,319
2026-02-02,20:00,JB Sentral,Woodlands CIQ,323
2026-02-02,20:00,Woodlands CIQ,JB Sentral,321
2026-02-02,21:00,JB Sentral,Woodlands CIQ,320
2026-02-02,21:00,Woodlands CIQ,JB Sentral,296
2026-02-02,22:00,JB Sentral,Woodlands CIQ,320
2026-02-02,22:00,Woodlands CIQ,JB Sentral,148
2026-02-02,23:00,Woodlands CIQ,JB Sentral,28
2026-02-03,05:00,JB Sentral,Woodlands CIQ,640
2026-02-03,06:00,JB Sentral,Woodlands CIQ,640
2026-02-03,07:00,JB Sentral,Woodlands CIQ,640
2026-02-03,08:00,JB Sentral,Woodlands CIQ,320
2026-02-03,08:00,Woodlands CIQ,JB Sentral,318
2026-02-03,09:00,Woodlands CIQ,JB Sentral,321
2026-02-03,10:00,JB Sentral,Woodlands CIQ,320
2026-02-03,11:00,JB Sentral,Woodlands CIQ,197
2026-02-03,11:00,Woodlands CIQ,JB Sentral,318
2026-02-03,12:00,JB Sentral,Woodlands CIQ,181
2026-02-03,12:00,Woodlands CIQ,JB Sentral,321
2026-02-03,13:00,Woodlands CIQ,JB Sentral,303
2026-02-03,14:00,JB Sentral,Woodlands CIQ,265
2026-02-03,15:00,JB Sentral,Woodlands CIQ,324
2026-02-03,15:00,Woodlands CIQ,JB Sentral,143
2026-02-03,16:00,JB Sentral,Woodlands CIQ,321
2026-02-03,16:00,Woodlands CIQ,JB Sentral,69
2026-02-03,17:00,JB Sentral,Woodlands CIQ,323
2026-02-03,17:00,Woodlands CIQ,JB Sentral,172
2026-02-03,18:00,Woodlands CIQ,JB Sentral,320
2026-02-03,19:00,JB Sentral,Woodlands CIQ,320
2026-02-03,20:00,JB Sentral,Woodlands CIQ,320
2026-02-03,20:00,Woodlands CIQ,JB Sentral,320
2026-02-03,21:00,JB Sentral,Woodlands CIQ,320
2026-02-03,21:00,Woodlands CIQ,JB Sentral,303
2026-02-03,22:00,JB Sentral,Woodlands CIQ,321
2026-02-03,22:00,Woodlands CIQ,JB Sentral,168
2026-02-03,23:00,Woodlands CIQ,JB Sentral,51
2026-02-04,05:00,JB Sentral,Woodlands CIQ,640
2026-02-04,06:00,JB Sentral,Woodlands CIQ,640
2026-02-04,07:00,JB Sentral,Woodlands CIQ,640
2026-02-04,08:00,JB Sentral,Woodlands CIQ,320
2026-02-04,08:00,Woodlands CIQ,JB Sentral,320
2026-02-04,09:00,Woodlands CIQ,JB Sentral,320
2026-02-04,10:00,JB Sentral,Woodlands CIQ,320
2026-02-04,11:00,JB Sentral,Woodlands CIQ,207
2026-02-04,11:00,Woodlands CIQ,JB Sentral,321
2026-02-04,12:00,JB Sentral,Woodlands CIQ,173
2026-02-04,12:00,Woodlands CIQ,JB Sentral,320
2026-02-04,13:00,Woodlands CIQ,JB Sentral,268
2026-02-04,14:00,JB Sentral,Woodlands CIQ,249
2026-02-04,15:00,JB Sentral,Woodlands CIQ,322
2026-02-04,15:00,Woodlands CIQ,JB Sentral,126
2026-02-04,16:00,JB Sentral,Woodlands CIQ,320
2026-02-04,16:00,Woodlands CIQ,JB Sentral,86
2026-02-04,17:00,JB Sentral,Woodlands CIQ,319
2026-02-04,17:00,Woodlands CIQ,JB Sentral,196
2026-02-04,18:00,Woodlands CIQ,JB Sentral,320
2026-02-04,19:00,JB Sentral,Woodlands CIQ,323
2026-02-04,20:00,JB Sentral,Woodlands CIQ,320
2026-02-04,20:00,Woodlands CIQ,JB Sentral,307
2026-02-04,21:00,JB Sentral,Woodlands CIQ,317
2026-02-04,21:00,Woodlands CIQ,JB Sentral,321
2026-02-04,22:00,JB Sentral,Woodlands CIQ,320
2026-02-04,22:00,Woodlands CIQ,JB Sentral,136
2026-02-04,23:00,Woodlands CIQ,JB Sentral,45
2026-02-05,05:00,JB Sentral,Woodlands CIQ,640
2026-02-05,06:00,JB Sentral,Woodlands CIQ,638
2026-02-05,07:00,JB Sentral,Woodlands CIQ,632
2026-02-05,08:00,JB Sentral,Woodlands CIQ,320
2026-02-05,08:00,Woodlands CIQ,JB Sentral,319
2026-02-05,09:00,Woodlands CIQ,JB Sentral,319
2026-02-05,11:00,JB Sentral,Woodlands CIQ,284
2026-02-05,12:00,JB Sentral,Woodlands CIQ,174
2026-02-05,12:00,Woodlands CIQ,JB Sentral,322
2026-02-05,13:00,Woodlands CIQ,JB Sentral,321
2026-02-05,14:00,JB Sentral,Woodlands CIQ,261
2026-02-05,15:00,JB Sentral,Woodlands CIQ,322
2026-02-05,15:00,Woodlands CIQ,JB Sentral,263
2026-02-05,16:00,JB Sentral,Woodlands CIQ,322
2026-02-05,16:00,Woodlands CIQ,JB Sentral,126
2026-02-05,17:00,JB Sentral,Woodlands CIQ,314
2026-02-05,17:00,Woodlands CIQ,JB Sentral,304
2026-02-05,18:00,Woodlands CIQ,JB Sentral,320
2026-02-05,19:00,JB Sentral,Woodlands CIQ,317
2026-02-05,20:00,JB Sentral,Woodlands CIQ,322
2026-02-05,20:00,Woodlands CIQ,JB Sentral,317
2026-02-05,21:00,JB Sentral,Woodlands CIQ,316
2026-02-05,21:00,Woodlands CIQ,JB Sentral,327
2026-02-05,22:00,JB Sentral,Woodlands CIQ,318
2026-02-05,22:00,Woodlands CIQ,JB Sentral,321
2026-02-05,23:00,Woodlands CIQ,JB Sentral,94
2026-02-06,05:00,JB Sentral,Woodlands CIQ,640
2026-02-06,06:00,JB Sentral,Woodlands CIQ,640
2026-02-06,07:00,JB Sentral,Woodlands CIQ,640
2026-02-06,08:00,JB Sentral,Woodlands CIQ,321
2026-02-06,08:00,Woodlands CIQ,JB Sentral,321
2026-02-06,09:00,Woodlands CIQ,JB Sentral,320
2026-02-06,10:00,JB Sentral,Woodlands CIQ,282
2026-02-06,11:00,JB Sentral,Woodlands CIQ,174
2026-02-06,11:00,Woodlands CIQ,JB Sentral,324
2026-02-06,12:00,JB Sentral,Woodlands CIQ,182
2026-02-06,12:00,Woodlands CIQ,JB Sentral,321
2026-02-06,13:00,Woodlands CIQ,JB Sentral,321
2026-02-06,14:00,JB Sentral,Woodlands CIQ,256
2026-02-06,15:00,JB Sentral,Woodlands CIQ,322
2026-02-06,15:00,Woodlands CIQ,JB Sentral,323
2026-02-06,16:00,JB Sentral,Woodlands CIQ,320
2026-02-06,16:00,Woodlands CIQ,JB Sentral,330
2026-02-06,17:00,JB Sentral,Woodlands CIQ,321
2026-02-06,17:00,Woodlands CIQ,JB Sentral,322
2026-02-06,18:00,Woodlands CIQ,JB Sentral,320
2026-02-06,19:00,JB Sentral,Woodlands CIQ,321
2026-02-06,20:00,JB Sentral,Woodlands CIQ,320
2026-02-06,20:00,Woodlands CIQ,JB Sentral,321
2026-02-06,21:00,JB Sentral,Woodlands CIQ,320
2026-02-06,21:00,Woodlands CIQ,JB Sentral,324
2026-02-06,22:00,JB Sentral,Woodlands CIQ,320
2026-02-06,22:00,Woodlands CIQ,JB Sentral,320
2026-02-06,23:00,Woodlands CIQ,JB Sentral,316
2026-02-07,05:00,JB Sentral,Woodlands CIQ,169
2026-02-07,06:00,JB Sentral,Woodlands CIQ,354
2026-02-07,07:00,JB Sentral,Woodlands CIQ,509
2026-02-07,08:00,JB Sentral,Woodlands CIQ,320
2026-02-07,08:00,Woodlands CIQ,JB Sentral,323
2026-02-07,09:00,Woodlands CIQ,JB Sentral,322
2026-02-07,10:00,JB Sentral,Woodlands CIQ,323
2026-02-07,11:00,JB Sentral,Woodlands CIQ,323
2026-02-07,11:00,Woodlands CIQ,JB Sentral,322
2026-02-07,12:00,JB Sentral,Woodlands CIQ,322
2026-02-07,12:00,Woodlands CIQ,JB Sentral,321
2026-02-07,13:00,Woodlands CIQ,JB Sentral,324
2026-02-07,14:00,JB Sentral,Woodlands CIQ,322
2026-02-07,15:00,JB Sentral,Woodlands CIQ,324
2026-02-07,15:00,Woodlands CIQ,JB Sentral,318
2026-02-07,16:00,JB Sentral,Woodlands CIQ,321
2026-02-07,16:00,Woodlands CIQ,JB Sentral,322
2026-02-07,17:00,JB Sentral,Woodlands CIQ,320
2026-02-07,17:00,Woodlands CIQ,JB Sentral,324
2026-02-07,18:00,Woodlands CIQ,JB Sentral,325
2026-02-07,19:00,JB Sentral,Woodlands CIQ,321
2026-02-07,20:00,JB Sentral,Woodlands CIQ,320
2026-02-07,20:00,Woodlands CIQ,JB Sentral,324
2026-02-07,21:00,JB Sentral,Woodlands CIQ,319
2026-02-07,21:00,Woodlands CIQ,JB Sentral,231
2026-02-07,22:00,JB Sentral,Woodlands CIQ,320
2026-02-07,22:00,Woodlands CIQ,JB Sentral,227
2026-02-07,23:00,Woodlands CIQ,JB Sentral,142
2026-02-08,05:00,JB Sentral,Woodlands CIQ,109
2026-02-08,06:00,JB Sentral,Woodlands CIQ,184
2026-02-08,07:00,JB Sentral,Woodlands CIQ,468
2026-02-08,08:00,JB Sentral,Woodlands CIQ,321
2026-02-08,08:00,Woodlands CIQ,JB Sentral,321
2026-02-08,09:00,Woodlands CIQ,JB Sentral,324
2026-02-08,10:00,JB Sentral,Woodlands CIQ,324
2026-02-08,11:00,JB Sentral,Woodlands CIQ,321
2026-02-08,11:00,Woodlands CIQ,JB Sentral,323
2026-02-08,12:00,JB Sentral,Woodlands CIQ,327
2026-02-08,12:00,Woodlands CIQ,JB Sentral,322
2026-02-08,13:00,Woodlands CIQ,JB Sentral,325
2026-02-08,14:00,JB Sentral,Woodlands CIQ,322
2026-02-08,15:00,JB Sentral,Woodlands CIQ,323
2026-02-08,15:00,Woodlands CIQ,JB Sentral,323
2026-02-08,16:00,JB Sentral,Woodlands CIQ,323
2026-02-08,16:00,Woodlands CIQ,JB Sentral,123
2026-02-08,17:00,JB Sentral,Woodlands CIQ,324
2026-02-08,17:00,Woodlands CIQ,JB Sentral,145
2026-02-08,18:00,Woodlands CIQ,JB Sentral,159
2026-02-08,19:00,JB Sentral,Woodlands CIQ,324
2026-02-08,20:00,JB Sentral,Woodlands CIQ,322
2026-02-08,20:00,Woodlands CIQ,JB Sentral,158
2026-02-08,21:00,JB Sentral,Woodlands CIQ,321
2026-02-08,21:00,Woodlands CIQ,JB Sentral,86
2026-02-08,22:00,JB Sentral,Woodlands CIQ,320
2026-02-08,22:00,Woodlands CIQ,JB Sentral,141
2026-02-08,23:00,Woodlands CIQ,JB Sentral,49
2026-02-09,05:00,JB Sentral,Woodlands CIQ,640
2026-02-09,06:00,JB Sentral,Woodlands CIQ,640
2026-02-09,07:00,JB Sentral,Woodlands CIQ,640
2026-02-09,08:00,JB Sentral,Woodlands CIQ,320
2026-02-09,08:00,Woodlands CIQ,JB Sentral,320
2026-02-09,09:00,Woodlands CIQ,JB Sentral,320
2026-02-09,10:00,JB Sentral,Woodlands CIQ,322
2026-02-09,11:00,JB Sentral,Woodlands CIQ,324
2026-02-09,11:00,Woodlands CIQ,JB Sentral,320
2026-02-09,12:00,JB Sentral,Woodlands CIQ,323
2026-02-09,12:00,Woodlands CIQ,JB Sentral,322
2026-02-09,13:00,Woodlands CIQ,JB Sentral,322
2026-02-09,15:00,JB Sentral,Woodlands CIQ,324
2026-02-09,16:00,JB Sentral,Woodlands CIQ,324
2026-02-09,16:00,Woodlands CIQ,JB Sentral,123
2026-02-09,17:00,JB Sentral,Woodlands CIQ,320
2026-02-09,17:00,Woodlands CIQ,JB Sentral,150
2026-02-09,18:00,Woodlands CIQ,JB Sentral,320
2026-02-09,19:00,JB Sentral,Woodlands CIQ,320
2026-02-09,20:00,JB Sentral,Woodlands CIQ,319
2026-02-09,20:00,Woodlands CIQ,JB Sentral,320
2026-02-09,21:00,JB Sentral,Woodlands CIQ,319
2026-02-09,21:00,Woodlands CIQ,JB Sentral,270
2026-02-09,22:00,JB Sentral,Woodlands CIQ,320
2026-02-09,22:00,Woodlands CIQ,JB Sentral,139
2026-02-09,23:00,Woodlands CIQ,JB Sentral,48
2026-02-10,05:00,JB Sentral,Woodlands CIQ,640
2026-02-10,06:00,JB Sentral,Woodlands CIQ,640
2026-02-10,07:00,JB Sentral,Woodlands CIQ,640
2026-02-10,08:00,JB Sentral,Woodlands CIQ,320
2026-02-10,08:00,Woodlands CIQ,JB Sentral,320
2026-02-10,09:00,Woodlands CIQ,JB Sentral,323
2026-02-10,10:00,JB Sentral,Woodlands CIQ,321
2026-02-10,11:00,JB Sentral,Woodlands CIQ,218
2026-02-10,11:00,Woodlands CIQ,JB Sentral,323
2026-02-10,12:00,JB Sentral,Woodlands CIQ,229
2026-02-10,12:00,Woodlands CIQ,JB Sentral,320
2026-02-10,13:00,Woodlands CIQ,JB Sentral,323
2026-02-10,14:00,JB Sentral,Woodlands CIQ,254
2026-02-10,15:00,JB Sentral,Woodlands CIQ,321
2026-02-10,15:00,Woodlands CIQ,JB Sentral,214
2026-02-10,16:00,JB Sentral,Woodlands CIQ,320
2026-02-10,16:00,Woodlands CIQ,JB Sentral,98
2026-02-10,17:00,JB Sentral,Woodlands CIQ,320
2026-02-10,17:00,Woodlands CIQ,JB Sentral,210
2026-02-10,18:00,Woodlands CIQ,JB Sentral,321
2026-02-10,19:00,JB Sentral,Woodlands CIQ,320
2026-02-10,20:00,JB Sentral,Woodlands CIQ,320
2026-02-10,20:00,Woodlands CIQ,JB Sentral,320
2026-02-10,21:00,JB Sentral,Woodlands CIQ,320
2026-02-10,21:00,Woodlands CIQ,JB Sentral,322
2026-02-10,22:00,JB Sentral,Woodlands CIQ,318
2026-02-10,22:00,Woodlands CIQ,JB Sentral,185
2026-02-10,23:00,Woodlands CIQ,JB Sentral,73
2026-02-11,05:00,JB Sentral,Woodlands CIQ,640
2026-02-11,06:00,JB Sentral,Woodlands CIQ,639
2026-02-11,07:00,JB Sentral,Woodlands CIQ,640
2026-02-11,08:00,JB Sentral,Woodlands CIQ,320
2026-02-11,08:00,Woodlands CIQ,JB Sentral,323
2026-02-11,09:00,Woodlands CIQ,JB Sentral,324
2026-02-11,10:00,JB Sentral,Woodlands CIQ,321
2026-02-11,11:00,JB Sentral,Woodlands CIQ,168
2026-02-11,11:00,Woodlands CIQ,JB Sentral,323
2026-02-11,12:00,JB Sentral,Woodlands CIQ,164
2026-02-11,12:00,Woodlands CIQ,JB Sentral,322
2026-02-11,13:00,Woodlands CIQ,JB Sentral,325
2026-02-11,14:00,JB Sentral,Woodlands CIQ,237
2026-02-11,15:00,JB Sentral,Woodlands CIQ,320
2026-02-11,15:00,Woodlands CIQ,JB Sentral,322
2026-02-11,16:00,JB Sentral,Woodlands CIQ,321
2026-02-11,16:00,Woodlands CIQ,JB Sentral,211
2026-02-11,17:00,JB Sentral,Woodlands CIQ,319
2026-02-11,17:00,Woodlands CIQ,JB Sentral,326
2026-02-11,18:00,Woodlands CIQ,JB Sentral,321
2026-02-11,19:00,JB Sentral,Woodlands CIQ,319
2026-02-11,20:00,JB Sentral,Woodlands CIQ,316
2026-02-11,20:00,Woodlands CIQ,JB Sentral,320
2026-02-11,21:00,JB Sentral,Woodlands CIQ,314
2026-02-11,21:00,Woodlands CIQ,JB Sentral,324
2026-02-11,22:00,JB Sentral,Woodlands CIQ,320
2026-02-11,22:00,Woodlands CIQ,JB Sentral,323
2026-02-11,23:00,Woodlands CIQ,JB Sentral,131
2026-02-12,05:00,JB Sentral,Woodlands CIQ,640
2026-02-12,06:00,JB Sentral,Woodlands CIQ,640
2026-02-12,07:00,JB Sentral,Woodlands CIQ,640
2026-02-12,08:00,JB Sentral,Woodlands CIQ,320
2026-02-12,08:00,Woodlands CIQ,JB Sentral,324
2026-02-12,09:00,Woodlands CIQ,JB Sentral,324
2026-02-12,11:00,JB Sentral,Woodlands CIQ,282
2026-02-12,12:00,JB Sentral,Woodlands CIQ,183
2026-02-12,12:00,Woodlands CIQ,JB Sentral,328
2026-02-12,13:00,Woodlands CIQ,JB Sentral,320
2026-02-12,14:00,JB Sentral,Woodlands CIQ,218
2026-02-12,15:00,JB Sentral,Woodlands CIQ,321
2026-02-12,15:00,Woodlands CIQ,JB Sentral,324
2026-02-12,16:00,JB Sentral,Woodlands CIQ,322
2026-02-12,16:00,Woodlands CIQ,JB Sentral,328
2026-02-12,17:00,JB Sentral,Woodlands CIQ,321
2026-02-12,17:00,Woodlands CIQ,JB Sentral,322
2026-02-12,18:00,Woodlands CIQ,JB Sentral,321
2026-02-12,19:00,JB Sentral,Woodlands CIQ,321
2026-02-12,20:00,JB Sentral,Woodlands CIQ,319
2026-02-12,20:00,Woodlands CIQ,JB Sentral,320
2026-02-12,21:00,JB Sentral,Woodlands CIQ,321
2026-02-12,21:00,Woodlands CIQ,JB Sentral,324
2026-02-12,22:00,JB Sentral,Woodlands CIQ,320
2026-02-12,22:00,Woodlands CIQ,JB Sentral,321
2026-02-12,23:00,Woodlands CIQ,JB Sentral,318
2026-02-13,05:00,JB Sentral,Woodlands CIQ,624
2026-02-13,06:00,JB Sentral,Woodlands CIQ,640
2026-02-13,07:00,JB Sentral,Woodlands CIQ,640
2026-02-13,08:00,JB Sentral,Woodlands CIQ,320
2026-02-13,08:00,Woodlands CIQ,JB Sentral,322
2026-02-13,09:00,Woodlands CIQ,JB Sentral,324
2026-02-13,10:00,JB Sentral,Woodlands CIQ,288
2026-02-13,11:00,JB Sentral,Woodlands CIQ,180
2026-02-13,11:00,Woodlands CIQ,JB Sentral,324
2026-02-13,12:00,JB Sentral,Woodlands CIQ,167
2026-02-13,12:00,Woodlands CIQ,JB Sentral,320
2026-02-13,13:00,Woodlands CIQ,JB Sentral,320
2026-02-13,14:00,JB Sentral,Woodlands CIQ,197
2026-02-13,15:00,JB Sentral,Woodlands CIQ,287
2026-02-13,15:00,Woodlands CIQ,JB Sentral,316
2026-02-13,16:00,JB Sentral,Woodlands CIQ,322
2026-02-13,16:00,Woodlands CIQ,JB Sentral,324
2026-02-13,17:00,JB Sentral,Woodlands CIQ,324
2026-02-13,17:00,Woodlands CIQ,JB Sentral,321
2026-02-13,18:00,Woodlands CIQ,JB Sentral,322
2026-02-13,19:00,JB Sentral,Woodlands CIQ,319
2026-02-13,20:00,JB Sentral,Woodlands CIQ,320
2026-02-13,20:00,Woodlands CIQ,JB Sentral,321
2026-02-13,21:00,JB Sentral,Woodlands CIQ,322
2026-02-13,21:00,Woodlands CIQ,JB Sentral,323
2026-02-13,22:00,JB Sentral,Woodlands CIQ,320
2026-02-13,22:00,Woodlands CIQ,JB Sentral,323
2026-02-13,23:00,Woodlands CIQ,JB Sentral,320
2026-02-14,05:00,JB Sentral,Woodlands CIQ,165
2026-02-14,06:00,JB Sentral,Woodlands CIQ,259
2026-02-14,07:00,JB Sentral,Woodlands CIQ,408
2026-02-14,08:00,JB Sentral,Woodlands CIQ,323
2026-02-14,08:00,Woodlands CIQ,JB Sentral,328
2026-02-14,09:00,Woodlands CIQ,JB Sentral,326
2026-02-14,10:00,JB Sentral,Woodlands CIQ,270
2026-02-14,11:00,JB Sentral,Woodlands CIQ,226
2026-02-14,11:00,Woodlands CIQ,JB Sentral,328
2026-02-14,12:00,JB Sentral,Woodlands CIQ,240
2026-02-14,12:00,Woodlands CIQ,JB Sentral,321
2026-02-14,13:00,Woodlands CIQ,JB Sentral,325
2026-02-14,14:00,JB Sentral,Woodlands CIQ,325
2026-02-14,15:00,JB Sentral,Woodlands CIQ,323
2026-02-14,15:00,Woodlands CIQ,JB Sentral,320
2026-02-14,16:00,JB Sentral,Woodlands CIQ,320
2026-02-14,16:00,Woodlands CIQ,JB Sentral,322
2026-02-14,17:00,JB Sentral,Woodlands CIQ,319
2026-02-14,17:00,Woodlands CIQ,JB Sentral,324
2026-02-14,18:00,Woodlands CIQ,JB Sentral,324
2026-02-14,19:00,JB Sentral,Woodlands CIQ,320
2026-02-14,20:00,JB Sentral,Woodlands CIQ,320
2026-02-14,20:00,Woodlands CIQ,JB Sentral,320
2026-02-14,21:00,JB Sentral,Woodlands CIQ,319
2026-02-14,21:00,Woodlands CIQ,JB Sentral,324
2026-02-14,22:00,JB Sentral,Woodlands CIQ,315
2026-02-14,22:00,Woodlands CIQ,JB Sentral,322
2026-02-14,23:00,Woodlands CIQ,JB Sentral,321
2026-02-15,05:00,JB Sentral,Woodlands CIQ,132
2026-02-15,06:00,JB Sentral,Woodlands CIQ,143
2026-02-15,07:00,JB Sentral,Woodlands CIQ,313
2026-02-15,08:00,JB Sentral,Woodlands CIQ,325
2026-02-15,08:00,Woodlands CIQ,JB Sentral,324
2026-02-15,09:00,Woodlands CIQ,JB Sentral,325
2026-02-15,10:00,JB Sentral,Woodlands CIQ,322
2026-02-15,11:00,JB Sentral,Woodlands CIQ,326
2026-02-15,11:00,Woodlands CIQ,JB Sentral,327
2026-02-15,12:00,JB Sentral,Woodlands CIQ,321
2026-02-15,12:00,Woodlands CIQ,JB Sentral,315
2026-02-15,13:00,Woodlands CIQ,JB Sentral,322
2026-02-15,14:00,JB Sentral,Woodlands CIQ,325
2026-02-15,15:00,JB Sentral,Woodlands CIQ,325
2026-02-15,15:00,Woodlands CIQ,JB Sentral,329
2026-02-15,16:00,JB Sentral,Woodlands CIQ,319
2026-02-15,16:00,Woodlands CIQ,JB Sentral,327
2026-02-15,17:00,JB Sentral,Woodlands CIQ,315
2026-02-15,17:00,Woodlands CIQ,JB Sentral,325
2026-02-15,18:00,Woodlands CIQ,JB Sentral,326
2026-02-15,19:00,JB Sentral,Woodlands CIQ,316
2026-02-15,20:00,JB Sentral,Woodlands CIQ,315
2026-02-15,20:00,Woodlands CIQ,JB Sentral,320
2026-02-15,21:00,JB Sentral,Woodlands CIQ,308
2026-02-15,21:00,Woodlands CIQ,JB Sentral,322
2026-02-15,22:00,JB Sentral,Woodlands CIQ,311
2026-02-15,22:00,Woodlands CIQ,JB Sentral,322
2026-02-15,23:00,Woodlands CIQ,JB Sentral,297
2026-02-16,05:00,JB Sentral,Woodlands CIQ,345
2026-02-16,06:00,JB Sentral,Woodlands CIQ,560
2026-02-16,07:00,JB Sentral,Woodlands CIQ,617
2026-02-16,08:00,JB Sentral,Woodlands CIQ,299
2026-02-16,08:00,Woodlands CIQ,JB Sentral,320
2026-02-16,09:00,Woodlands CIQ,JB Sentral,319
2026-02-16,10:00,JB Sentral,Woodlands CIQ,316
2026-02-16,11:00,JB Sentral,Woodlands CIQ,287
2026-02-16,11:00,Woodlands CIQ,JB Sentral,322
2026-02-16,12:00,JB Sentral,Woodlands CIQ,322
2026-02-16,12:00,Woodlands CIQ,JB Sentral,318
2026-02-16,13:00,Woodlands CIQ,JB Sentral,315
2026-02-16,15:00,JB Sentral,Woodlands CIQ,322
2026-02-16,16:00,JB Sentral,Woodlands CIQ,322
2026-02-16,16:00,Woodlands CIQ,JB Sentral,322
2026-02-16,17:00,JB Sentral,Woodlands CIQ,306
2026-02-16,17:00,Woodlands CIQ,JB Sentral,324
2026-02-16,18:00,Woodlands CIQ,JB Sentral,319
2026-02-16,19:00,JB Sentral,Woodlands CIQ,146
2026-02-16,20:00,JB Sentral,Woodlands CIQ,197
2026-02-16,20:00,Woodlands CIQ,JB Sentral,323
2026-02-16,21:00,JB Sentral,Woodlands CIQ,291
2026-02-16,21:00,Woodlands CIQ,JB Sentral,322
2026-02-16,22:00,JB Sentral,Woodlands CIQ,247
2026-02-16,22:00,Woodlands CIQ,JB Sentral,321
2026-02-16,23:00,Woodlands CIQ,JB Sentral,321
2026-02-17,05:00,JB Sentral,Woodlands CIQ,140
2026-02-17,06:00,JB Sentral,Woodlands CIQ,146
2026-02-17,07:00,JB Sentral,Woodlands CIQ,297
2026-02-17,08:00,JB Sentral,Woodlands CIQ,321
2026-02-17,08:00,Woodlands CIQ,JB Sentral,320
2026-02-17,09:00,Woodlands CIQ,JB Sentral,323
2026-02-17,10:00,JB Sentral,Woodlands CIQ,321
2026-02-17,11:00,JB Sentral,Woodlands CIQ,320
2026-02-17,11:00,Woodlands CIQ,JB Sentral,324
2026-02-17,12:00,JB Sentral,Woodlands CIQ,324
2026-02-17,12:00,Woodlands CIQ,JB Sentral,322
2026-02-17,13:00,Woodlands CIQ,JB Sentral,326
2026-02-17,14:00,JB Sentral,Woodlands CIQ,321
2026-02-17,15:00,JB Sentral,Woodlands CIQ,324
2026-02-17,15:00,Woodlands CIQ,JB Sentral,322
2026-02-17,16:00,JB Sentral,Woodlands CIQ,325
2026-02-17,16:00,Woodlands CIQ,JB Sentral,321
2026-02-17,17:00,JB Sentral,Woodlands CIQ,324
2026-02-17,17:00,Woodlands CIQ,JB Sentral,324
2026-02-17,18:00,Woodlands CIQ,JB Sentral,323
2026-02-17,19:00,JB Sentral,Woodlands CIQ,322
2026-02-17,20:00,JB Sentral,Woodlands CIQ,321
2026-02-17,20:00,Woodlands CIQ,JB Sentral,320
2026-02-17,21:00,JB Sentral,Woodlands CIQ,321
2026-02-17,21:00,Woodlands CIQ,JB Sentral,283
2026-02-17,22:00,JB Sentral,Woodlands CIQ,321
2026-02-17,22:00,Woodlands CIQ,JB Sentral,255
2026-02-17,23:00,Woodlands CIQ,JB Sentral,95
2026-02-18,05:00,JB Sentral,Woodlands CIQ,220
2026-02-18,06:00,JB Sentral,Woodlands CIQ,284
2026-02-18,07:00,JB Sentral,Woodlands CIQ,640
2026-02-18,08:00,JB Sentral,Woodlands CIQ,324
2026-02-18,08:00,Woodlands CIQ,JB Sentral,327
2026-02-18,09:00,Woodlands CIQ,JB Sentral,325
2026-02-18,10:00,JB Sentral,Woodlands CIQ,324
2026-02-18,11:00,JB Sentral,Woodlands CIQ,322
2026-02-18,11:00,Woodlands CIQ,JB Sentral,329
2026-02-18,12:00,JB Sentral,Woodlands CIQ,322
2026-02-18,12:00,Woodlands CIQ,JB Sentral,326
2026-02-18,13:00,Woodlands CIQ,JB Sentral,323
2026-02-18,14:00,JB Sentral,Woodlands CIQ,324
2026-02-18,15:00,JB Sentral,Woodlands CIQ,320
2026-02-18,15:00,Woodlands CIQ,JB Sentral,314
2026-02-18,16:00,JB Sentral,Woodlands CIQ,321
2026-02-18,16:00,Woodlands CIQ,JB Sentral,199
2026-02-18,17:00,JB Sentral,Woodlands CIQ,321
2026-02-18,17:00,Woodlands CIQ,JB Sentral,156
2026-02-18,18:00,Woodlands CIQ,JB Sentral,124
2026-02-18,19:00,JB Sentral,Woodlands CIQ,325
2026-02-18,20:00,JB Sentral,Woodlands CIQ,322
2026-02-18,20:00,Woodlands CIQ,JB Sentral,157
2026-02-18,21:00,JB Sentral,Woodlands CIQ,321
2026-02-18,21:00,Woodlands CIQ,JB Sentral,167
2026-02-18,22:00,JB Sentral,Woodlands CIQ,320
2026-02-18,22:00,Woodlands CIQ,JB Sentral,99
2026-02-18,23:00,Woodlands CIQ,JB Sentral,35
2026-02-19,05:00,JB Sentral,Woodlands CIQ,639
2026-02-19,06:00,JB Sentral,Woodlands CIQ,640
2026-02-19,07:00,JB Sentral,Woodlands CIQ,640
2026-02-19,08:00,JB Sentral,Woodlands CIQ,321
2026-02-19,08:00,Woodlands CIQ,JB Sentral,321
2026-02-19,09:00,Woodlands CIQ,JB Sentral,328
2026-02-19,11:00,JB Sentral,Woodlands CIQ,326
2026-02-19,12:00,JB Sentral,Woodlands CIQ,324
2026-02-19,12:00,Woodlands CIQ,JB Sentral,320
2026-02-19,13:00,Woodlands CIQ,JB Sentral,323
2026-02-19,14:00,JB Sentral,Woodlands CIQ,323
2026-02-19,15:00,JB Sentral,Woodlands CIQ,324
2026-02-19,15:00,Woodlands CIQ,JB Sentral,223
2026-02-19,16:00,JB Sentral,Woodlands CIQ,326
2026-02-19,16:00,Woodlands CIQ,JB Sentral,148
2026-02-19,17:00,JB Sentral,Woodlands CIQ,322
2026-02-19,17:00,Woodlands CIQ,JB Sentral,183
2026-02-19,18:00,Woodlands CIQ,JB Sentral,250
2026-02-19,19:00,JB Sentral,Woodlands CIQ,325
2026-02-19,20:00,JB Sentral,Woodlands CIQ,321
2026-02-19,20:00,Woodlands CIQ,JB Sentral,279
2026-02-19,21:00,JB Sentral,Woodlands CIQ,322
2026-02-19,21:00,Woodlands CIQ,JB Sentral,151
2026-02-19,22:00,JB Sentral,Woodlands CIQ,321
2026-02-19,22:00,Woodlands CIQ,JB Sentral,157
2026-02-19,23:00,Woodlands CIQ,JB Sentral,33
2026-02-20,05:00,JB Sentral,Woodlands CIQ,437
2026-02-20,06:00,JB Sentral,Woodlands CIQ,640
2026-02-20,07:00,JB Sentral,Woodlands CIQ,641
2026-02-20,08:00,JB Sentral,Woodlands CIQ,323
2026-02-20,08:00,Woodlands CIQ,JB Sentral,322
2026-02-20,09:00,Woodlands CIQ,JB Sentral,322
2026-02-20,10:00,JB Sentral,Woodlands CIQ,325
2026-02-20,11:00,JB Sentral,Woodlands CIQ,322
2026-02-20,11:00,Woodlands CIQ,JB Sentral,333
2026-02-20,12:00,JB Sentral,Woodlands CIQ,324
2026-02-20,12:00,Woodlands CIQ,JB Sentral,321
2026-02-20,13:00,Woodlands CIQ,JB Sentral,324
2026-02-20,14:00,JB Sentral,Woodlands CIQ,323
2026-02-20,15:00,JB Sentral,Woodlands CIQ,321
2026-02-20,15:00,Woodlands CIQ,JB Sentral,323
2026-02-20,16:00,JB Sentral,Woodlands CIQ,321
2026-02-20,16:00,Woodlands CIQ,JB Sentral,324
2026-02-20,17:00,JB Sentral,Woodlands CIQ,324
2026-02-20,17:00,Woodlands CIQ,JB Sentral,319
2026-02-20,18:00,Woodlands CIQ,JB Sentral,321
2026-02-20,19:00,JB Sentral,Woodlands CIQ,321
2026-02-20,20:00,JB Sentral,Woodlands CIQ,323
2026-02-20,20:00,Woodlands CIQ,JB Sentral,321
2026-02-20,21:00,JB Sentral,Woodlands CIQ,320
2026-02-20,21:00,Woodlands CIQ,JB Sentral,318
2026-02-20,22:00,JB Sentral,Woodlands CIQ,321
2026-02-20,22:00,Woodlands CIQ,JB Sentral,323
2026-02-20,23:00,Woodlands CIQ,JB Sentral,288
2026-02-21,05:00,JB Sentral,Woodlands CIQ,174
2026-02-21,06:00,JB Sentral,Woodlands CIQ,211
2026-02-21,07:00,JB Sentral,Woodlands CIQ,538
2026-02-21,08:00,JB Sentral,Woodlands CIQ,324
2026-02-21,08:00,Woodlands CIQ,JB Sentral,325
2026-02-21,09:00,Woodlands CIQ,JB Sentral,322
2026-02-21,10:00,JB Sentral,Woodlands CIQ,326
2026-02-21,11:00,JB Sentral,Woodlands CIQ,331
2026-02-21,11:00,Woodlands CIQ,JB Sentral,320
2026-02-21,12:00,JB Sentral,Woodlands CIQ,323
2026-02-21,12:00,Woodlands CIQ,JB Sentral,322
2026-02-21,13:00,Woodlands CIQ,JB Sentral,324
2026-02-21,14:00,JB Sentral,Woodlands CIQ,325
2026-02-21,15:00,JB Sentral,Woodlands CIQ,326
2026-02-21,15:00,Woodlands CIQ,JB Sentral,323
2026-02-21,16:00,JB Sentral,Woodlands CIQ,326
2026-02-21,16:00,Woodlands CIQ,JB Sentral,325
2026-02-21,17:00,JB Sentral,Woodlands CIQ,327
2026-02-21,17:00,Woodlands CIQ,JB Sentral,327
2026-02-21,18:00,Woodlands CIQ,JB Sentral,211
2026-02-21,19:00,JB Sentral,Woodlands CIQ,323
2026-02-21,20:00,JB Sentral,Woodlands CIQ,323
2026-02-21,20:00,Woodlands CIQ,JB Sentral,139
2026-02-21,21:00,JB Sentral,Woodlands CIQ,324
2026-02-21,21:00,Woodlands CIQ,JB Sentral,114
2026-02-21,22:00,JB Sentral,Woodlands CIQ,320
2026-02-21,22:00,Woodlands CIQ,JB Sentral,134
2026-02-21,23:00,Woodlands CIQ,JB Sentral,47
2026-02-22,05:00,JB Sentral,Woodlands CIQ,165
2026-02-22,06:00,JB Sentral,Woodlands CIQ,276
2026-02-22,07:00,JB Sentral,Woodlands CIQ,647
2026-02-22,08:00,JB Sentral,Woodlands CIQ,329
2026-02-22,08:00,Woodlands CIQ,JB Sentral,185
2026-02-22,09:00,Woodlands CIQ,JB Sentral,282
2026-02-22,10:00,JB Sentral,Woodlands CIQ,325
2026-02-22,11:00,JB Sentral,Woodlands CIQ,326
2026-02-22,11:00,Woodlands CIQ,JB Sentral,322
2026-02-22,12:00,JB Sentral,Woodlands CIQ,323
2026-02-22,12:00,Woodlands CIQ,JB Sentral,166
2026-02-22,13:00,Woodlands CIQ,JB Sentral,146
2026-02-22,14:00,JB Sentral,Woodlands CIQ,326
2026-02-22,15:00,JB Sentral,Woodlands CIQ,327
2026-02-22,15:00,Woodlands CIQ,JB Sentral,166
2026-02-22,16:00,JB Sentral,Woodlands CIQ,323
2026-02-22,16:00,Woodlands CIQ,JB Sentral,134
2026-02-22,17:00,JB Sentral,Woodlands CIQ,322
2026-02-22,17:00,Woodlands CIQ,JB Sentral,76
2026-02-22,18:00,Woodlands CIQ,JB Sentral,68
2026-02-22,19:00,JB Sentral,Woodlands CIQ,322
2026-02-22,20:00,JB Sentral,Woodlands CIQ,316
2026-02-22,20:00,Woodlands CIQ,JB Sentral,87
2026-02-22,21:00,JB Sentral,Woodlands CIQ,321
2026-02-22,21:00,Woodlands CIQ,JB Sentral,70
2026-02-22,22:00,JB Sentral,Woodlands CIQ,320
2026-02-22,22:00,Woodlands CIQ,JB Sentral,53
2026-02-22,23:00,Woodlands CIQ,JB Sentral,27
2026-02-23,05:00,JB Sentral,Woodlands CIQ,640
2026-02-23,06:00,JB Sentral,Woodlands CIQ,637
2026-02-23,07:00,JB Sentral,Woodlands CIQ,640
2026-02-23,08:00,JB Sentral,Woodlands CIQ,320
2026-02-23,08:00,Woodlands CIQ,JB Sentral,163
2026-02-23,09:00,Woodlands CIQ,JB Sentral,317
2026-02-23,10:00,JB Sentral,Woodlands CIQ,320
2026-02-23,11:00,JB Sentral,Woodlands CIQ,324
2026-02-23,11:00,Woodlands CIQ,JB Sentral,322
2026-02-23,12:00,JB Sentral,Woodlands CIQ,328
2026-02-23,12:00,Woodlands CIQ,JB Sentral,187
2026-02-23,13:00,Woodlands CIQ,JB Sentral,181
2026-02-23,15:00,JB Sentral,Woodlands CIQ,314
2026-02-23,16:00,JB Sentral,Woodlands CIQ,329
2026-02-23,16:00,Woodlands CIQ,JB Sentral,118
2026-02-23,17:00,JB Sentral,Woodlands CIQ,325
2026-02-23,17:00,Woodlands CIQ,JB Sentral,154
2026-02-23,18:00,Woodlands CIQ,JB Sentral,320
2026-02-23,19:00,JB Sentral,Woodlands CIQ,321
2026-02-23,20:00,JB Sentral,Woodlands CIQ,311
2026-02-23,20:00,Woodlands CIQ,JB Sentral,320
2026-02-23,21:00,JB Sentral,Woodlands CIQ,312
2026-02-23,21:00,Woodlands CIQ,JB Sentral,205
2026-02-23,22:00,JB Sentral,Woodlands CIQ,320
2026-02-23,22:00,Woodlands CIQ,JB Sentral,129
2026-02-23,23:00,Woodlands CIQ,JB Sentral,28
2026-02-24,05:00,JB Sentral,Woodlands CIQ,640
2026-02-24,06:00,JB Sentral,Woodlands CIQ,640
2026-02-24,07:00,JB Sentral,Woodlands CIQ,640
2026-02-24,08:00,JB Sentral,Woodlands CIQ,320
2026-02-24,08:00,Woodlands CIQ,JB Sentral,147
2026-02-24,09:00,Woodlands CIQ,JB Sentral,321
2026-02-24,10:00,JB Sentral,Woodlands CIQ,323
2026-02-24,11:00,JB Sentral,Woodlands CIQ,213
2026-02-24,11:00,Woodlands CIQ,JB Sentral,320
2026-02-24,12:00,JB Sentral,Woodlands CIQ,285
2026-02-24,12:00,Woodlands CIQ,JB Sentral,206
2026-02-24,13:00,Woodlands CIQ,JB Sentral,143
2026-02-24,14:00,JB Sentral,Woodlands CIQ,282
2026-02-24,15:00,JB Sentral,Woodlands CIQ,320
2026-02-24,15:00,Woodlands CIQ,JB Sentral,155
2026-02-24,16:00,JB Sentral,Woodlands CIQ,324
2026-02-24,16:00,Woodlands CIQ,JB Sentral,84
2026-02-24,17:00,JB Sentral,Woodlands CIQ,327
2026-02-24,17:00,Woodlands CIQ,JB Sentral,193
2026-02-24,18:00,Woodlands CIQ,JB Sentral,321
2026-02-24,19:00,JB Sentral,Woodlands CIQ,322
2026-02-24,20:00,JB Sentral,Woodlands CIQ,319
2026-02-24,20:00,Woodlands CIQ,JB Sentral,320
2026-02-24,21:00,JB Sentral,Woodlands CIQ,327
2026-02-24,21:00,Woodlands CIQ,JB Sentral,316
2026-02-24,22:00,JB Sentral,Woodlands CIQ,320
2026-02-24,22:00,Woodlands CIQ,JB Sentral,117
2026-02-24,23:00,Woodlands CIQ,JB Sentral,37
2026-02-25,05:00,JB Sentral,Woodlands CIQ,640
2026-02-25,06:00,JB Sentral,Woodlands CIQ,638
2026-02-25,07:00,JB Sentral,Woodlands CIQ,640
2026-02-25,08:00,JB Sentral,Woodlands CIQ,320
2026-02-25,08:00,Woodlands CIQ,JB Sentral,122
2026-02-25,09:00,Woodlands CIQ,JB Sentral,312
2026-02-25,10:00,JB Sentral,Woodlands CIQ,321
2026-02-25,11:00,JB Sentral,Woodlands CIQ,242
2026-02-25,11:00,Woodlands CIQ,JB Sentral,308
2026-02-25,12:00,JB Sentral,Woodlands CIQ,309
2026-02-25,12:00,Woodlands CIQ,JB Sentral,150
2026-02-25,13:00,Woodlands CIQ,JB Sentral,137
2026-02-25,14:00,JB Sentral,Woodlands CIQ,241
2026-02-25,15:00,JB Sentral,Woodlands CIQ,308
2026-02-25,15:00,Woodlands CIQ,JB Sentral,159
2026-02-25,16:00,JB Sentral,Woodlands CIQ,325
2026-02-25,16:00,Woodlands CIQ,JB Sentral,124
2026-02-25,17:00,JB Sentral,Woodlands CIQ,324
2026-02-25,17:00,Woodlands CIQ,JB Sentral,165
2026-02-25,18:00,Woodlands CIQ,JB Sentral,320
2026-02-25,19:00,JB Sentral,Woodlands CIQ,323
2026-02-25,20:00,JB Sentral,Woodlands CIQ,320
2026-02-25,20:00,Woodlands CIQ,JB Sentral,320
2026-02-25,21:00,JB Sentral,Woodlands CIQ,320
2026-02-25,21:00,Woodlands CIQ,JB Sentral,300
2026-02-25,22:00,JB Sentral,Woodlands CIQ,320
2026-02-25,22:00,Woodlands CIQ,JB Sentral,124
2026-02-25,23:00,Woodlands CIQ,JB Sentral,50
2026-02-26,05:00,JB Sentral,Woodlands CIQ,640
2026-02-26,06:00,JB Sentral,Woodlands CIQ,640
2026-02-26,07:00,JB Sentral,Woodlands CIQ,640
2026-02-26,08:00,JB Sentral,Woodlands CIQ,320
2026-02-26,08:00,Woodlands CIQ,JB Sentral,230
2026-02-26,09:00,Woodlands CIQ,JB Sentral,322
2026-02-26,11:00,JB Sentral,Woodlands CIQ,290
2026-02-26,12:00,JB Sentral,Woodlands CIQ,208
2026-02-26,12:00,Woodlands CIQ,JB Sentral,321
2026-02-26,13:00,Woodlands CIQ,JB Sentral,198
2026-02-26,14:00,JB Sentral,Woodlands CIQ,203
2026-02-26,15:00,JB Sentral,Woodlands CIQ,253
2026-02-26,15:00,Woodlands CIQ,JB Sentral,145
2026-02-26,16:00,JB Sentral,Woodlands CIQ,321
2026-02-26,16:00,Woodlands CIQ,JB Sentral,123
2026-02-26,17:00,JB Sentral,Woodlands CIQ,322
2026-02-26,17:00,Woodlands CIQ,JB Sentral,235
2026-02-26,18:00,Woodlands CIQ,JB Sentral,318
2026-02-26,19:00,JB Sentral,Woodlands CIQ,284
2026-02-26,20:00,JB Sentral,Woodlands CIQ,320
2026-02-26,20:00,Woodlands CIQ,JB Sentral,315
2026-02-26,21:00,JB Sentral,Woodlands CIQ,308
2026-02-26,21:00,Woodlands CIQ,JB Sentral,321
2026-02-26,22:00,JB Sentral,Woodlands CIQ,180
2026-02-26,22:00,Woodlands CIQ,JB Sentral,246
2026-02-26,23:00,Woodlands CIQ,JB Sentral,58
2026-02-27,05:00,JB Sentral,Woodlands CIQ,640
2026-02-27,06:00,JB Sentral,Woodlands CIQ,640
2026-02-27,07:00,JB Sentral,Woodlands CIQ,641
2026-02-27,08:00,JB Sentral,Woodlands CIQ,320
2026-02-27,08:00,Woodlands CIQ,JB Sentral,321
2026-02-27,09:00,Woodlands CIQ,JB Sentral,319
2026-02-27,10:00,JB Sentral,Woodlands CIQ,277
2026-02-27,11:00,JB Sentral,Woodlands CIQ,199
2026-02-27,11:00,Woodlands CIQ,JB Sentral,324
2026-02-27,12:00,JB Sentral,Woodlands CIQ,216
2026-02-27,12:00,Woodlands CIQ,JB Sentral,317
2026-02-27,13:00,Woodlands CIQ,JB Sentral,324
2026-02-27,14:00,JB Sentral,Woodlands CIQ,260
2026-02-27,15:00,JB Sentral,Woodlands CIQ,265
2026-02-27,15:00,Woodlands CIQ,JB Sentral,332
2026-02-27,16:00,JB Sentral,Woodlands CIQ,321
2026-02-27,16:00,Woodlands CIQ,JB Sentral,319
2026-02-27,17:00,JB Sentral,Woodlands CIQ,318
2026-02-27,17:00,Woodlands CIQ,JB Sentral,320
2026-02-27,18:00,Woodlands CIQ,JB Sentral,323
2026-02-27,19:00,JB Sentral,Woodlands CIQ,323
2026-02-27,20:00,JB Sentral,Woodlands CIQ,320
2026-02-27,20:00,Woodlands CIQ,JB Sentral,320
2026-02-27,21:00,JB Sentral,Woodlands CIQ,320
2026-02-27,21:00,Woodlands CIQ,JB Sentral,323
2026-02-27,22:00,JB Sentral,Woodlands CIQ,322
2026-02-27,22:00,Woodlands CIQ,JB Sentral,324
2026-02-27,23:00,Woodlands CIQ,JB Sentral,317
2026-02-28,05:00,JB Sentral,Woodlands CIQ,164
2026-02-28,06:00,JB Sentral,Woodlands CIQ,339
2026-02-28,07:00,JB Sentral,Woodlands CIQ,436
2026-02-28,08:00,JB Sentral,Woodlands CIQ,314
2026-02-28,08:00,Woodlands CIQ,JB Sentral,324
2026-02-28,09:00,Woodlands CIQ,JB Sentral,322
2026-02-28,10:00,JB Sentral,Woodlands CIQ,239
2026-02-28,11:00,JB Sentral,Woodlands CIQ,238
2026-02-28,11:00,Woodlands CIQ,JB Sentral,324
2026-02-28,12:00,JB Sentral,Woodlands CIQ,319
2026-02-28,12:00,Woodlands CIQ,JB Sentral,322
2026-02-28,13:00,Woodlands CIQ,JB Sentral,327
2026-02-28,14:00,JB Sentral,Woodlands CIQ,328
2026-02-28,15:00,JB Sentral,Woodlands CIQ,324
2026-02-28,15:00,Woodlands CIQ,JB Sentral,323
2026-02-28,16:00,JB Sentral,Woodlands CIQ,323
2026-02-28,16:00,Woodlands CIQ,JB Sentral,323
2026-02-28,17:00,JB Sentral,Woodlands CIQ,315
2026-02-28,17:00,Woodlands CIQ,JB Sentral,329
2026-02-28,18:00,Woodlands CIQ,JB Sentral,325
2026-02-28,19:00,JB Sentral,Woodlands CIQ,317
2026-02-28,20:00,JB Sentral,Woodlands CIQ,310
2026-02-28,20:00,Woodlands CIQ,JB Sentral,236
2026-02-28,21:00,JB Sentral,Woodlands CIQ,315
2026-02-28,21:00,Woodlands CIQ,JB Sentral,162
2026-02-28,22:00,JB Sentral,Woodlands CIQ,315
2026-02-28,22:00,Woodlands CIQ,JB Sentral,188
2026-02-28,23:00,Woodlands CIQ,JB Sentral,70
2026-03-01,05:00,JB Sentral,Woodlands CIQ,115
2026-03-01,06:00,JB Sentral,Woodlands CIQ,163
2026-03-01,07:00,JB Sentral,Woodlands CIQ,351
2026-03-01,08:00,JB Sentral,Woodlands CIQ,323
2026-03-01,08:00,Woodlands CIQ,JB Sentral,321
2026-03-01,09:00,Woodlands CIQ,JB Sentral,323
2026-03-01,10:00,JB Sentral,Woodlands CIQ,328
2026-03-01,11:00,JB Sentral,Woodlands CIQ,326
2026-03-01,11:00,Woodlands CIQ,JB Sentral,324
2026-03-01,12:00,JB Sentral,Woodlands CIQ,322
2026-03-01,12:00,Woodlands CIQ,JB Sentral,274
2026-03-01,13:00,Woodlands CIQ,JB Sentral,232
2026-03-01,14:00,JB Sentral,Woodlands CIQ,321
2026-03-01,15:00,JB Sentral,Woodlands CIQ,327
2026-03-01,15:00,Woodlands CIQ,JB Sentral,200
2026-03-01,16:00,JB Sentral,Woodlands CIQ,318
2026-03-01,16:00,Woodlands CIQ,JB Sentral,110
2026-03-01,17:00,JB Sentral,Woodlands CIQ,322
2026-03-01,17:00,Woodlands CIQ,JB Sentral,127
2026-03-01,18:00,Woodlands CIQ,JB Sentral,78
2026-03-01,19:00,JB Sentral,Woodlands CIQ,321
2026-03-01,20:00,JB Sentral,Woodlands CIQ,318
2026-03-01,20:00,Woodlands CIQ,JB Sentral,81
2026-03-01,21:00,JB Sentral,Woodlands CIQ,321
2026-03-01,21:00,Woodlands CIQ,JB Sentral,67
2026-03-01,22:00,JB Sentral,Woodlands CIQ,321
2026-03-01,22:00,Woodlands CIQ,JB Sentral,64
2026-03-01,23:00,Woodlands CIQ,JB Sentral,39
2026-03-02,05:00,JB Sentral,Woodlands CIQ,640
2026-03-02,06:00,JB Sentral,Woodlands CIQ,640
2026-03-02,07:00,JB Sentral,Woodlands CIQ,641
2026-03-02,08:00,JB Sentral,Woodlands CIQ,320
2026-03-02,08:00,Woodlands CIQ,JB Sentral,192
2026-03-02,09:00,Woodlands CIQ,JB Sentral,321
2026-03-02,10:00,JB Sentral,Woodlands CIQ,323
2026-03-02,11:00,JB Sentral,Woodlands CIQ,321
2026-03-02,11:00,Woodlands CIQ,JB Sentral,323
2026-03-02,12:00,JB Sentral,Woodlands CIQ,324
2026-03-02,12:00,Woodlands CIQ,JB Sentral,200
2026-03-02,13:00,Woodlands CIQ,JB Sentral,202
2026-03-02,15:00,JB Sentral,Woodlands CIQ,329
2026-03-02,16:00,JB Sentral,Woodlands CIQ,323
2026-03-02,16:00,Woodlands CIQ,JB Sentral,149
2026-03-02,17:00,JB Sentral,Woodlands CIQ,324
2026-03-02,17:00,Woodlands CIQ,JB Sentral,184
2026-03-02,18:00,Woodlands CIQ,JB Sentral,320
2026-03-02,19:00,JB Sentral,Woodlands CIQ,328
2026-03-02,20:00,JB Sentral,Woodlands CIQ,321
2026-03-02,20:00,Woodlands CIQ,JB Sentral,319
2026-03-02,21:00,JB Sentral,Woodlands CIQ,322
2026-03-02,21:00,Woodlands CIQ,JB Sentral,227
2026-03-02,22:00,JB Sentral,Woodlands CIQ,322
2026-03-02,22:00,Woodlands CIQ,JB Sentral,125
2026-03-02,23:00,Woodlands CIQ,JB Sentral,48
2026-03-03,05:00,JB Sentral,Woodlands CIQ,640
2026-03-03,06:00,JB Sentral,Woodlands CIQ,640
2026-03-03,07:00,JB Sentral,Woodlands CIQ,640
2026-03-03,08:00,JB Sentral,Woodlands CIQ,320
2026-03-03,08:00,Woodlands CIQ,JB Sentral,156
2026-03-03,09:00,Woodlands CIQ,JB Sentral,320
2026-03-03,10:00,JB Sentral,Woodlands CIQ,324
2026-03-03,11:00,JB Sentral,Woodlands CIQ,257
2026-03-03,11:00,Woodlands CIQ,JB Sentral,324
2026-03-03,12:00,JB Sentral,Woodlands CIQ,264
2026-03-03,12:00,Woodlands CIQ,JB Sentral,294
2026-03-03,13:00,Woodlands CIQ,JB Sentral,156
2026-03-03,14:00,JB Sentral,Woodlands CIQ,178
2026-03-03,15:00,JB Sentral,Woodlands CIQ,313
2026-03-03,15:00,Woodlands CIQ,JB Sentral,135
2026-03-03,16:00,JB Sentral,Woodlands CIQ,321
2026-03-03,16:00,Woodlands CIQ,JB Sentral,120
2026-03-03,17:00,JB Sentral,Woodlands CIQ,326
2026-03-03,17:00,Woodlands CIQ,JB Sentral,182
2026-03-03,18:00,Woodlands CIQ,JB Sentral,320
2026-03-03,19:00,JB Sentral,Woodlands CIQ,320
2026-03-03,20:00,JB Sentral,Woodlands CIQ,308
2026-03-03,20:00,Woodlands CIQ,JB Sentral,320
2026-03-03,21:00,JB Sentral,Woodlands CIQ,319
2026-03-03,21:00,Woodlands CIQ,JB Sentral,231
2026-03-03,22:00,JB Sentral,Woodlands CIQ,283
2026-03-03,22:00,Woodlands CIQ,JB Sentral,107
2026-03-03,23:00,Woodlands CIQ,JB Sentral,30
2026-03-04,05:00,JB Sentral,Woodlands CIQ,640
2026-03-04,06:00,JB Sentral,Woodlands CIQ,640
2026-03-04,07:00,JB Sentral,Woodlands CIQ,640
2026-03-04,08:00,JB Sentral,Woodlands CIQ,320
2026-03-04,08:00,Woodlands CIQ,JB Sentral,228
2026-03-04,09:00,Woodlands CIQ,JB Sentral,324
2026-03-04,10:00,JB Sentral,Woodlands CIQ,320
2026-03-04,11:00,JB Sentral,Woodlands CIQ,267
2026-03-04,11:00,Woodlands CIQ,JB Sentral,328
2026-03-04,12:00,JB Sentral,Woodlands CIQ,199
2026-03-04,12:00,Woodlands CIQ,JB Sentral,320
2026-03-04,13:00,Woodlands CIQ,JB Sentral,234
2026-03-04,14:00,JB Sentral,Woodlands CIQ,220
2026-03-04,15:00,JB Sentral,Woodlands CIQ,305
2026-03-04,15:00,Woodlands CIQ,JB Sentral,155
2026-03-04,16:00,JB Sentral,Woodlands CIQ,322
2026-03-04,16:00,Woodlands CIQ,JB Sentral,142
2026-03-04,17:00,JB Sentral,Woodlands CIQ,320
2026-03-04,17:00,Woodlands CIQ,JB Sentral,232
2026-03-04,18:00,Woodlands CIQ,JB Sentral,320
2026-03-04,19:00,JB Sentral,Woodlands CIQ,322
2026-03-04,20:00,JB Sentral,Woodlands CIQ,321
2026-03-04,20:00,Woodlands CIQ,JB Sentral,320
2026-03-04,21:00,JB Sentral,Woodlands CIQ,322
2026-03-04,21:00,Woodlands CIQ,JB Sentral,320
2026-03-04,22:00,JB Sentral,Woodlands CIQ,321
2026-03-04,22:00,Woodlands CIQ,JB Sentral,150
2026-03-04,23:00,Woodlands CIQ,JB Sentral,36
2026-03-05,05:00,JB Sentral,Woodlands CIQ,640
2026-03-05,06:00,JB Sentral,Woodlands CIQ,639
2026-03-05,07:00,JB Sentral,Woodlands CIQ,640
2026-03-05,08:00,JB Sentral,Woodlands CIQ,320
2026-03-05,08:00,Woodlands CIQ,JB Sentral,320
2026-03-05,09:00,Woodlands CIQ,JB Sentral,321
2026-03-05,11:00,JB Sentral,Woodlands CIQ,320
2026-03-05,12:00,JB Sentral,Woodlands CIQ,256
2026-03-05,12:00,Woodlands CIQ,JB Sentral,326
2026-03-05,13:00,Woodlands CIQ,JB Sentral,322
2026-03-05,14:00,JB Sentral,Woodlands CIQ,260
2026-03-05,15:00,JB Sentral,Woodlands CIQ,280
2026-03-05,15:00,Woodlands CIQ,JB Sentral,253
2026-03-05,16:00,JB Sentral,Woodlands CIQ,325
2026-03-05,16:00,Woodlands CIQ,JB Sentral,114
2026-03-05,17:00,JB Sentral,Woodlands CIQ,322
2026-03-05,17:00,Woodlands CIQ,JB Sentral,322
2026-03-05,18:00,Woodlands CIQ,JB Sentral,320
2026-03-05,19:00,JB Sentral,Woodlands CIQ,323
2026-03-05,20:00,JB Sentral,Woodlands CIQ,321
2026-03-05,20:00,Woodlands CIQ,JB Sentral,320
2026-03-05,21:00,JB Sentral,Woodlands CIQ,321
2026-03-05,21:00,Woodlands CIQ,JB Sentral,321
2026-03-05,22:00,JB Sentral,Woodlands CIQ,321
2026-03-05,22:00,Woodlands CIQ,JB Sentral,324
2026-03-05,23:00,Woodlands CIQ,JB Sentral,81
2026-03-06,05:00,JB Sentral,Woodlands CIQ,640
2026-03-06,06:00,JB Sentral,Woodlands CIQ,640
2026-03-06,07:00,JB Sentral,Woodlands CIQ,640
2026-03-06,08:00,JB Sentral,Woodlands CIQ,320
2026-03-06,08:00,Woodlands CIQ,JB Sentral,324
2026-03-06,09:00,Woodlands CIQ,JB Sentral,321
2026-03-06,10:00,JB Sentral,Woodlands CIQ,326
2026-03-06,11:00,JB Sentral,Woodlands CIQ,242
2026-03-06,11:00,Woodlands CIQ,JB Sentral,328
2026-03-06,12:00,JB Sentral,Woodlands CIQ,249
2026-03-06,12:00,Woodlands CIQ,JB Sentral,320
2026-03-06,13:00,Woodlands CIQ,JB Sentral,330
2026-03-06,14:00,JB Sentral,Woodlands CIQ,261
2026-03-06,15:00,JB Sentral,Woodlands CIQ,323
2026-03-06,15:00,Woodlands CIQ,JB Sentral,325
2026-03-06,16:00,JB Sentral,Woodlands CIQ,322
2026-03-06,16:00,Woodlands CIQ,JB Sentral,322
2026-03-06,17:00,JB Sentral,Woodlands CIQ,321
2026-03-06,17:00,Woodlands CIQ,JB Sentral,323
2026-03-06,18:00,Woodlands CIQ,JB Sentral,321
2026-03-06,19:00,JB Sentral,Woodlands CIQ,322
2026-03-06,20:00,JB Sentral,Woodlands CIQ,320
2026-03-06,20:00,Woodlands CIQ,JB Sentral,321
2026-03-06,21:00,JB Sentral,Woodlands CIQ,322
2026-03-06,21:00,Woodlands CIQ,JB Sentral,324
2026-03-06,22:00,JB Sentral,Woodlands CIQ,322
2026-03-06,22:00,Woodlands CIQ,JB Sentral,319
2026-03-06,23:00,Woodlands CIQ,JB Sentral,319
2026-03-07,05:00,JB Sentral,Woodlands CIQ,213
2026-03-07,06:00,JB Sentral,Woodlands CIQ,382
2026-03-07,07:00,JB Sentral,Woodlands CIQ,639
2026-03-07,08:00,JB Sentral,Woodlands CIQ,322
2026-03-07,08:00,Woodlands CIQ,JB Sentral,323
2026-03-07,09:00,Woodlands CIQ,JB Sentral,324
2026-03-07,10:00,JB Sentral,Woodlands CIQ,320
2026-03-07,11:00,JB Sentral,Woodlands CIQ,323
2026-03-07,11:00,Woodlands CIQ,JB Sentral,323
2026-03-07,12:00,JB Sentral,Woodlands CIQ,325
2026-03-07,12:00,Woodlands CIQ,JB Sentral,320
2026-03-07,13:00,Woodlands CIQ,JB Sentral,322
2026-03-07,14:00,JB Sentral,Woodlands CIQ,320
2026-03-07,15:00,JB Sentral,Woodlands CIQ,324
2026-03-07,15:00,Woodlands CIQ,JB Sentral,325
2026-03-07,16:00,JB Sentral,Woodlands CIQ,325
2026-03-07,16:00,Woodlands CIQ,JB Sentral,327
2026-03-07,17:00,JB Sentral,Woodlands CIQ,322
2026-03-07,17:00,Woodlands CIQ,JB Sentral,326
2026-03-07,18:00,Woodlands CIQ,JB Sentral,321
2026-03-07,19:00,JB Sentral,Woodlands CIQ,321
2026-03-07,20:00,JB Sentral,Woodlands CIQ,321
2026-03-07,20:00,Woodlands CIQ,JB Sentral,258
2026-03-07,21:00,JB Sentral,Woodlands CIQ,320
2026-03-07,21:00,Woodlands CIQ,JB Sentral,170
2026-03-07,22:00,JB Sentral,Woodlands CIQ,320
2026-03-07,22:00,Woodlands CIQ,JB Sentral,183
2026-03-07,23:00,Woodlands CIQ,JB Sentral,170
2026-03-08,05:00,JB Sentral,Woodlands CIQ,125
2026-03-08,06:00,JB Sentral,Woodlands CIQ,202
2026-03-08,07:00,JB Sentral,Woodlands CIQ,493
2026-03-08,08:00,JB Sentral,Woodlands CIQ,321
2026-03-08,08:00,Woodlands CIQ,JB Sentral,320
2026-03-08,09:00,Woodlands CIQ,JB Sentral,323
2026-03-08,10:00,JB Sentral,Woodlands CIQ,324
2026-03-08,11:00,JB Sentral,Woodlands CIQ,320
2026-03-08,11:00,Woodlands CIQ,JB Sentral,323
2026-03-08,12:00,JB Sentral,Woodlands CIQ,328
2026-03-08,12:00,Woodlands CIQ,JB Sentral,325
2026-03-08,13:00,Woodlands CIQ,JB Sentral,328
2026-03-08,14:00,JB Sentral,Woodlands CIQ,322
2026-03-08,15:00,JB Sentral,Woodlands CIQ,321
2026-03-08,15:00,Woodlands CIQ,JB Sentral,322
2026-03-08,16:00,JB Sentral,Woodlands CIQ,328
2026-03-08,16:00,Woodlands CIQ,JB Sentral,188
2026-03-08,17:00,JB Sentral,Woodlands CIQ,323
2026-03-08,17:00,Woodlands CIQ,JB Sentral,170
2026-03-08,18:00,Woodlands CIQ,JB Sentral,126
2026-03-08,19:00,JB Sentral,Woodlands CIQ,321
2026-03-08,20:00,JB Sentral,Woodlands CIQ,321
2026-03-08,20:00,Woodlands CIQ,JB Sentral,101
2026-03-08,21:00,JB Sentral,Woodlands CIQ,323
2026-03-08,21:00,Woodlands CIQ,JB Sentral,87
2026-03-08,22:00,JB Sentral,Woodlands CIQ,321
2026-03-08,22:00,Woodlands CIQ,JB Sentral,101
2026-03-08,23:00,Woodlands CIQ,JB Sentral,42
2026-03-09,05:00,JB Sentral,Woodlands CIQ,640
2026-03-09,06:00,JB Sentral,Woodlands CIQ,640
2026-03-09,07:00,JB Sentral,Woodlands CIQ,632
2026-03-09,08:00,JB Sentral,Woodlands CIQ,320
2026-03-09,08:00,Woodlands CIQ,JB Sentral,320
2026-03-09,09:00,Woodlands CIQ,JB Sentral,324
2026-03-09,10:00,JB Sentral,Woodlands CIQ,320
2026-03-09,11:00,JB Sentral,Woodlands CIQ,322
2026-03-09,11:00,Woodlands CIQ,JB Sentral,322
2026-03-09,12:00,JB Sentral,Woodlands CIQ,325
2026-03-09,12:00,Woodlands CIQ,JB Sentral,321
2026-03-09,13:00,Woodlands CIQ,JB Sentral,324
2026-03-09,15:00,JB Sentral,Woodlands CIQ,325
2026-03-09,16:00,JB Sentral,Woodlands CIQ,326
2026-03-09,16:00,Woodlands CIQ,JB Sentral,177
2026-03-09,17:00,JB Sentral,Woodlands CIQ,321
2026-03-09,17:00,Woodlands CIQ,JB Sentral,197
2026-03-09,18:00,Woodlands CIQ,JB Sentral,321
2026-03-09,19:00,JB Sentral,Woodlands CIQ,322
2026-03-09,20:00,JB Sentral,Woodlands CIQ,321
2026-03-09,20:00,Woodlands CIQ,JB Sentral,320
2026-03-09,21:00,JB Sentral,Woodlands CIQ,320
2026-03-09,21:00,Woodlands CIQ,JB Sentral,191
2026-03-09,22:00,JB Sentral,Woodlands CIQ,322
2026-03-09,22:00,Woodlands CIQ,JB Sentral,91
2026-03-09,23:00,Woodlands CIQ,JB Sentral,37
2026-03-10,05:00,JB Sentral,Woodlands CIQ,640
2026-03-10,06:00,JB Sentral,Woodlands CIQ,640
2026-03-10,07:00,JB Sentral,Woodlands CIQ,640
2026-03-10,08:00,JB Sentral,Woodlands CIQ,320
2026-03-10,08:00,Woodlands CIQ,JB Sentral,256
2026-03-10,09:00,Woodlands CIQ,JB Sentral,320
2026-03-10,10:00,JB Sentral,Woodlands CIQ,321
2026-03-10,11:00,JB Sentral,Woodlands CIQ,279
2026-03-10,11:00,Woodlands CIQ,JB Sentral,322
2026-03-10,12:00,JB Sentral,Woodlands CIQ,259
2026-03-10,12:00,Woodlands CIQ,JB Sentral,323
2026-03-10,13:00,Woodlands CIQ,JB Sentral,215
2026-03-10,14:00,JB Sentral,Woodlands CIQ,297
2026-03-10,15:00,JB Sentral,Woodlands CIQ,324
2026-03-10,15:00,Woodlands CIQ,JB Sentral,139
2026-03-10,16:00,JB Sentral,Woodlands CIQ,325
2026-03-10,16:00,Woodlands CIQ,JB Sentral,108
2026-03-10,17:00,JB Sentral,Woodlands CIQ,322
2026-03-10,17:00,Woodlands CIQ,JB Sentral,224
2026-03-10,18:00,Woodlands CIQ,JB Sentral,320
2026-03-10,19:00,JB Sentral,Woodlands CIQ,322
2026-03-10,20:00,JB Sentral,Woodlands CIQ,320
2026-03-10,20:00,Woodlands CIQ,JB Sentral,320
2026-03-10,21:00,JB Sentral,Woodlands CIQ,322
2026-03-10,21:00,Woodlands CIQ,JB Sentral,252
2026-03-10,22:00,JB Sentral,Woodlands CIQ,323
2026-03-10,22:00,Woodlands CIQ,JB Sentral,119
2026-03-10,23:00,Woodlands CIQ,JB Sentral,49
2026-03-11,05:00,JB Sentral,Woodlands CIQ,640
2026-03-11,06:00,JB Sentral,Woodlands CIQ,640
2026-03-11,07:00,JB Sentral,Woodlands CIQ,640
2026-03-11,08:00,JB Sentral,Woodlands CIQ,320
2026-03-11,08:00,Woodlands CIQ,JB Sentral,320
2026-03-11,09:00,Woodlands CIQ,JB Sentral,322
2026-03-11,10:00,JB Sentral,Woodlands CIQ,320
2026-03-11,11:00,JB Sentral,Woodlands CIQ,237
2026-03-11,11:00,Woodlands CIQ,JB Sentral,321
2026-03-11,12:00,JB Sentral,Woodlands CIQ,206
2026-03-11,12:00,Woodlands CIQ,JB Sentral,322
2026-03-11,13:00,Woodlands CIQ,JB Sentral,291
2026-03-11,14:00,JB Sentral,Woodlands CIQ,230
2026-03-11,15:00,JB Sentral,Woodlands CIQ,323
2026-03-11,15:00,Woodlands CIQ,JB Sentral,185
2026-03-11,16:00,JB Sentral,Woodlands CIQ,322
2026-03-11,16:00,Woodlands CIQ,JB Sentral,133
2026-03-11,17:00,JB Sentral,Woodlands CIQ,320
2026-03-11,17:00,Woodlands CIQ,JB Sentral,254
2026-03-11,18:00,Woodlands CIQ,JB Sentral,320
2026-03-11,19:00,JB Sentral,Woodlands CIQ,321
2026-03-11,20:00,JB Sentral,Woodlands CIQ,321
2026-03-11,20:00,Woodlands CIQ,JB Sentral,306
2026-03-11,21:00,JB Sentral,Woodlands CIQ,321
2026-03-11,21:00,Woodlands CIQ,JB Sentral,321
2026-03-11,22:00,JB Sentral,Woodlands CIQ,322
2026-03-11,22:00,Woodlands CIQ,JB Sentral,213
2026-03-11,23:00,Woodlands CIQ,JB Sentral,47
2026-03-12,05:00,JB Sentral,Woodlands CIQ,640
2026-03-12,06:00,JB Sentral,Woodlands CIQ,640
2026-03-12,07:00,JB Sentral,Woodlands CIQ,640
2026-03-12,08:00,JB Sentral,Woodlands CIQ,320
2026-03-12,08:00,Woodlands CIQ,JB Sentral,323
2026-03-12,09:00,Woodlands CIQ,JB Sentral,321
2026-03-12,11:00,JB Sentral,Woodlands CIQ,322
2026-03-12,12:00,JB Sentral,Woodlands CIQ,231
2026-03-12,12:00,Woodlands CIQ,JB Sentral,323
2026-03-12,13:00,Woodlands CIQ,JB Sentral,324
2026-03-12,14:00,JB Sentral,Woodlands CIQ,227
2026-03-12,15:00,JB Sentral,Woodlands CIQ,317
2026-03-12,15:00,Woodlands CIQ,JB Sentral,329
2026-03-12,16:00,JB Sentral,Woodlands CIQ,322
2026-03-12,16:00,Woodlands CIQ,JB Sentral,246
2026-03-12,17:00,JB Sentral,Woodlands CIQ,321
2026-03-12,17:00,Woodlands CIQ,JB Sentral,325
2026-03-12,18:00,Woodlands CIQ,JB Sentral,320
2026-03-12,19:00,JB Sentral,Woodlands CIQ,324
2026-03-12,20:00,JB Sentral,Woodlands CIQ,320
2026-03-12,20:00,Woodlands CIQ,JB Sentral,320
2026-03-12,21:00,JB Sentral,Woodlands CIQ,321
2026-03-12,21:00,Woodlands CIQ,JB Sentral,323
2026-03-12,22:00,JB Sentral,Woodlands CIQ,323
2026-03-12,22:00,Woodlands CIQ,JB Sentral,322
2026-03-12,23:00,Woodlands CIQ,JB Sentral,78
2026-03-13,05:00,JB Sentral,Woodlands CIQ,640
2026-03-13,06:00,JB Sentral,Woodlands CIQ,640
2026-03-13,07:00,JB Sentral,Woodlands CIQ,640
2026-03-13,08:00,JB Sentral,Woodlands CIQ,320
2026-03-13,08:00,Woodlands CIQ,JB Sentral,324
2026-03-13,09:00,Woodlands CIQ,JB Sentral,322
2026-03-13,10:00,JB Sentral,Woodlands CIQ,293
2026-03-13,11:00,JB Sentral,Woodlands CIQ,187
2026-03-13,11:00,Woodlands CIQ,JB Sentral,325
2026-03-13,12:00,JB Sentral,Woodlands CIQ,233
2026-03-13,12:00,Woodlands CIQ,JB Sentral,323
2026-03-13,13:00,Woodlands CIQ,JB Sentral,323
2026-03-13,14:00,JB Sentral,Woodlands CIQ,193
2026-03-13,15:00,JB Sentral,Woodlands CIQ,325
2026-03-13,15:00,Woodlands CIQ,JB Sentral,323
2026-03-13,16:00,JB Sentral,Woodlands CIQ,323
2026-03-13,16:00,Woodlands CIQ,JB Sentral,321
2026-03-13,17:00,JB Sentral,Woodlands CIQ,323
2026-03-13,17:00,Woodlands CIQ,JB Sentral,321
2026-03-13,18:00,Woodlands CIQ,JB Sentral,321
2026-03-13,19:00,JB Sentral,Woodlands CIQ,321
2026-03-13,20:00,JB Sentral,Woodlands CIQ,321
2026-03-13,20:00,Woodlands CIQ,JB Sentral,321
2026-03-13,21:00,JB Sentral,Woodlands CIQ,322
2026-03-13,21:00,Woodlands CIQ,JB Sentral,324
2026-03-13,22:00,JB Sentral,Woodlands CIQ,323
2026-03-13,22:00,Woodlands CIQ,JB Sentral,320
2026-03-13,23:00,Woodlands CIQ,JB Sentral,321
2026-03-14,05:00,JB Sentral,Woodlands CIQ,183
2026-03-14,06:00,JB Sentral,Woodlands CIQ,383
2026-03-14,07:00,JB Sentral,Woodlands CIQ,537
2026-03-14,08:00,JB Sentral,Woodlands CIQ,321
2026-03-14,08:00,Woodlands CIQ,JB Sentral,322
2026-03-14,09:00,Woodlands CIQ,JB Sentral,325
2026-03-14,10:00,JB Sentral,Woodlands CIQ,285
2026-03-14,11:00,JB Sentral,Woodlands CIQ,265
2026-03-14,11:00,Woodlands CIQ,JB Sentral,322
2026-03-14,12:00,JB Sentral,Woodlands CIQ,325
2026-03-14,12:00,Woodlands CIQ,JB Sentral,321
2026-03-14,13:00,Woodlands CIQ,JB Sentral,324
2026-03-14,14:00,JB Sentral,Woodlands CIQ,321
2026-03-14,15:00,JB Sentral,Woodlands CIQ,321
2026-03-14,15:00,Woodlands CIQ,JB Sentral,324
2026-03-14,16:00,JB Sentral,Woodlands CIQ,321
2026-03-14,16:00,Woodlands CIQ,JB Sentral,329
2026-03-14,17:00,JB Sentral,Woodlands CIQ,321
2026-03-14,17:00,Woodlands CIQ,JB Sentral,329
2026-03-14,18:00,Woodlands CIQ,JB Sentral,322
2026-03-14,19:00,JB Sentral,Woodlands CIQ,320
2026-03-14,20:00,JB Sentral,Woodlands CIQ,321
2026-03-14,20:00,Woodlands CIQ,JB Sentral,320
2026-03-14,21:00,JB Sentral,Woodlands CIQ,320
2026-03-14,21:00,Woodlands CIQ,JB Sentral,322
2026-03-14,22:00,JB Sentral,Woodlands CIQ,320
2026-03-14,22:00,Woodlands CIQ,JB Sentral,248
2026-03-14,23:00,Woodlands CIQ,JB Sentral,114
2026-03-15,05:00,JB Sentral,Woodlands CIQ,127
2026-03-15,06:00,JB Sentral,Woodlands CIQ,186
2026-03-15,07:00,JB Sentral,Woodlands CIQ,458
2026-03-15,08:00,JB Sentral,Woodlands CIQ,326
2026-03-15,08:00,Woodlands CIQ,JB Sentral,323
2026-03-15,09:00,Woodlands CIQ,JB Sentral,325
2026-03-15,10:00,JB Sentral,Woodlands CIQ,325
2026-03-15,11:00,JB Sentral,Woodlands CIQ,327
2026-03-15,11:00,Woodlands CIQ,JB Sentral,320
2026-03-15,12:00,JB Sentral,Woodlands CIQ,322
2026-03-15,12:00,Woodlands CIQ,JB Sentral,322
2026-03-15,13:00,Woodlands CIQ,JB Sentral,325
2026-03-15,14:00,JB Sentral,Woodlands CIQ,325
2026-03-15,15:00,JB Sentral,Woodlands CIQ,322
2026-03-15,15:00,Woodlands CIQ,JB Sentral,323
2026-03-15,16:00,JB Sentral,Woodlands CIQ,322
2026-03-15,16:00,Woodlands CIQ,JB Sentral,338
2026-03-15,17:00,JB Sentral,Woodlands CIQ,321
2026-03-15,17:00,Woodlands CIQ,JB Sentral,321
2026-03-15,18:00,Woodlands CIQ,JB Sentral,256
2026-03-15,19:00,JB Sentral,Woodlands CIQ,321
2026-03-15,20:00,JB Sentral,Woodlands CIQ,320
2026-03-15,20:00,Woodlands CIQ,JB Sentral,157
2026-03-15,21:00,JB Sentral,Woodlands CIQ,321
2026-03-15,21:00,Woodlands CIQ,JB Sentral,99
2026-03-15,22:00,JB Sentral,Woodlands CIQ,321
2026-03-15,22:00,Woodlands CIQ,JB Sentral,114
2026-03-15,23:00,Woodlands CIQ,JB Sentral,38
2026-03-16,05:00,JB Sentral,Woodlands CIQ,640
2026-03-16,06:00,JB Sentral,Woodlands CIQ,640
2026-03-16,07:00,JB Sentral,Woodlands CIQ,640
2026-03-16,08:00,JB Sentral,Woodlands CIQ,320
2026-03-16,08:00,Woodlands CIQ,JB Sentral,321
2026-03-16,09:00,Woodlands CIQ,JB Sentral,321
2026-03-16,10:00,JB Sentral,Woodlands CIQ,321
2026-03-16,11:00,JB Sentral,Woodlands CIQ,322
2026-03-16,11:00,Woodlands CIQ,JB Sentral,324
2026-03-16,12:00,JB Sentral,Woodlands CIQ,324
2026-03-16,12:00,Woodlands CIQ,JB Sentral,323
2026-03-16,13:00,Woodlands CIQ,JB Sentral,325
2026-03-16,15:00,JB Sentral,Woodlands CIQ,329
2026-03-16,16:00,JB Sentral,Woodlands CIQ,328
2026-03-16,16:00,Woodlands CIQ,JB Sentral,323
2026-03-16,17:00,JB Sentral,Woodlands CIQ,325
2026-03-16,17:00,Woodlands CIQ,JB Sentral,321
2026-03-16,18:00,Woodlands CIQ,JB Sentral,320
2026-03-16,19:00,JB Sentral,Woodlands CIQ,322
2026-03-16,20:00,JB Sentral,Woodlands CIQ,320
2026-03-16,20:00,Woodlands CIQ,JB Sentral,320
2026-03-16,21:00,JB Sentral,Woodlands CIQ,320
2026-03-16,21:00,Woodlands CIQ,JB Sentral,282
2026-03-16,22:00,JB Sentral,Woodlands CIQ,321
2026-03-16,22:00,Woodlands CIQ,JB Sentral,134
2026-03-16,23:00,Woodlands CIQ,JB Sentral,32
2026-03-17,05:00,JB Sentral,Woodlands CIQ,640
2026-03-17,06:00,JB Sentral,Woodlands CIQ,640
2026-03-17,07:00,JB Sentral,Woodlands CIQ,640
2026-03-17,08:00,JB Sentral,Woodlands CIQ,320
2026-03-17,08:00,Woodlands CIQ,JB Sentral,320
2026-03-17,09:00,Woodlands CIQ,JB Sentral,320
2026-03-17,10:00,JB Sentral,Woodlands CIQ,322
2026-03-17,11:00,JB Sentral,Woodlands CIQ,322
2026-03-17,11:00,Woodlands CIQ,JB Sentral,323
2026-03-17,12:00,JB Sentral,Woodlands CIQ,321
2026-03-17,12:00,Woodlands CIQ,JB Sentral,321
2026-03-17,13:00,Woodlands CIQ,JB Sentral,323
2026-03-17,14:00,JB Sentral,Woodlands CIQ,323
2026-03-17,15:00,JB Sentral,Woodlands CIQ,323
2026-03-17,15:00,Woodlands CIQ,JB Sentral,322
2026-03-17,16:00,JB Sentral,Woodlands CIQ,321
2026-03-17,16:00,Woodlands CIQ,JB Sentral,324
2026-03-17,17:00,JB Sentral,Woodlands CIQ,322
2026-03-17,17:00,Woodlands CIQ,JB Sentral,301
2026-03-17,18:00,Woodlands CIQ,JB Sentral,320
2026-03-17,19:00,JB Sentral,Woodlands CIQ,321
2026-03-17,20:00,JB Sentral,Woodlands CIQ,321
2026-03-17,20:00,Woodlands CIQ,JB Sentral,320
2026-03-17,21:00,JB Sentral,Woodlands CIQ,324
2026-03-17,21:00,Woodlands CIQ,JB Sentral,321
2026-03-17,22:00,JB Sentral,Woodlands CIQ,321
2026-03-17,22:00,Woodlands CIQ,JB Sentral,236
2026-03-17,23:00,Woodlands CIQ,JB Sentral,57
2026-03-18,05:00,JB Sentral,Woodlands CIQ,640
2026-03-18,06:00,JB Sentral,Woodlands CIQ,640
2026-03-18,07:00,JB Sentral,Woodlands CIQ,640
2026-03-18,08:00,JB Sentral,Woodlands CIQ,320
2026-03-18,08:00,Woodlands CIQ,JB Sentral,322
2026-03-18,09:00,Woodlands CIQ,JB Sentral,325
2026-03-18,10:00,JB Sentral,Woodlands CIQ,322
2026-03-18,11:00,JB Sentral,Woodlands CIQ,321
2026-03-18,11:00,Woodlands CIQ,JB Sentral,320
2026-03-18,12:00,JB Sentral,Woodlands CIQ,322
2026-03-18,12:00,Woodlands CIQ,JB Sentral,321
2026-03-18,13:00,Woodlands CIQ,JB Sentral,326
2026-03-18,14:00,JB Sentral,Woodlands CIQ,326
2026-03-18,15:00,JB Sentral,Woodlands CIQ,329
2026-03-18,15:00,Woodlands CIQ,JB Sentral,326
2026-03-18,16:00,JB Sentral,Woodlands CIQ,323
2026-03-18,16:00,Woodlands CIQ,JB Sentral,323
2026-03-18,17:00,JB Sentral,Woodlands CIQ,325
2026-03-18,17:00,Woodlands CIQ,JB Sentral,323
2026-03-18,18:00,Woodlands CIQ,JB Sentral,320
2026-03-18,19:00,JB Sentral,Woodlands CIQ,321
2026-03-18,20:00,JB Sentral,Woodlands CIQ,320
2026-03-18,20:00,Woodlands CIQ,JB Sentral,320
2026-03-18,21:00,JB Sentral,Woodlands CIQ,325
2026-03-18,21:00,Woodlands CIQ,JB Sentral,324
2026-03-18,22:00,JB Sentral,Woodlands CIQ,320
2026-03-18,22:00,Woodlands CIQ,JB Sentral,324
2026-03-18,23:00,Woodlands CIQ,JB Sentral,92
2026-03-19,05:00,JB Sentral,Woodlands CIQ,640
2026-03-19,06:00,JB Sentral,Woodlands CIQ,640
2026-03-19,07:00,JB Sentral,Woodlands CIQ,640
2026-03-19,08:00,JB Sentral,Woodlands CIQ,322
2026-03-19,08:00,Woodlands CIQ,JB Sentral,326
2026-03-19,09:00,Woodlands CIQ,JB Sentral,320
2026-03-19,11:00,JB Sentral,Woodlands CIQ,321
2026-03-19,12:00,JB Sentral,Woodlands CIQ,321
2026-03-19,12:00,Woodlands CIQ,JB Sentral,320
2026-03-19,13:00,Woodlands CIQ,JB Sentral,324
2026-03-19,14:00,JB Sentral,Woodlands CIQ,321
2026-03-19,15:00,JB Sentral,Woodlands CIQ,320
2026-03-19,15:00,Woodlands CIQ,JB Sentral,323
2026-03-19,16:00,JB Sentral,Woodlands CIQ,322
2026-03-19,16:00,Woodlands CIQ,JB Sentral,327
2026-03-19,17:00,JB Sentral,Woodlands CIQ,321
2026-03-19,17:00,Woodlands CIQ,JB Sentral,322
2026-03-19,18:00,Woodlands CIQ,JB Sentral,320
2026-03-19,19:00,JB Sentral,Woodlands CIQ,320
2026-03-19,20:00,JB Sentral,Woodlands CIQ,320
2026-03-19,20:00,Woodlands CIQ,JB Sentral,320
2026-03-19,21:00,JB Sentral,Woodlands CIQ,321
2026-03-19,21:00,Woodlands CIQ,JB Sentral,321
2026-03-19,22:00,JB Sentral,Woodlands CIQ,322
2026-03-19,22:00,Woodlands CIQ,JB Sentral,323
2026-03-19,23:00,Woodlands CIQ,JB Sentral,320
2026-03-20,05:00,JB Sentral,Woodlands CIQ,640
2026-03-20,06:00,JB Sentral,Woodlands CIQ,640
2026-03-20,07:00,JB Sentral,Woodlands CIQ,640
2026-03-20,08:00,JB Sentral,Woodlands CIQ,323
2026-03-20,08:00,Woodlands CIQ,JB Sentral,324
2026-03-20,09:00,Woodlands CIQ,JB Sentral,325
2026-03-20,10:00,JB Sentral,Woodlands CIQ,325
2026-03-20,11:00,JB Sentral,Woodlands CIQ,323
2026-03-20,11:00,Woodlands CIQ,JB Sentral,333
2026-03-20,12:00,JB Sentral,Woodlands CIQ,325
2026-03-20,12:00,Woodlands CIQ,JB Sentral,320
2026-03-20,13:00,Woodlands CIQ,JB Sentral,325
2026-03-20,14:00,JB Sentral,Woodlands CIQ,321
2026-03-20,15:00,JB Sentral,Woodlands CIQ,322
2026-03-20,15:00,Woodlands CIQ,JB Sentral,328
2026-03-20,16:00,JB Sentral,Woodlands CIQ,324
2026-03-20,16:00,Woodlands CIQ,JB Sentral,328
2026-03-20,17:00,JB Sentral,Woodlands CIQ,321
2026-03-20,17:00,Woodlands CIQ,JB Sentral,322
2026-03-20,18:00,Woodlands CIQ,JB Sentral,320
2026-03-20,19:00,JB Sentral,Woodlands CIQ,323
2026-03-20,20:00,JB Sentral,Woodlands CIQ,322
2026-03-20,20:00,Woodlands CIQ,JB Sentral,320
2026-03-20,21:00,JB Sentral,Woodlands CIQ,321
2026-03-20,21:00,Woodlands CIQ,JB Sentral,312
2026-03-20,22:00,JB Sentral,Woodlands CIQ,317
2026-03-20,22:00,Woodlands CIQ,JB Sentral,321
2026-03-20,23:00,Woodlands CIQ,JB Sentral,320
2026-03-21,05:00,JB Sentral,Woodlands CIQ,176
2026-03-21,06:00,JB Sentral,Woodlands CIQ,224
2026-03-21,07:00,JB Sentral,Woodlands CIQ,640
2026-03-21,08:00,JB Sentral,Woodlands CIQ,321
2026-03-21,08:00,Woodlands CIQ,JB Sentral,321
2026-03-21,09:00,Woodlands CIQ,JB Sentral,324
2026-03-21,10:00,JB Sentral,Woodlands CIQ,322
2026-03-21,11:00,JB Sentral,Woodlands CIQ,324
2026-03-21,11:00,Woodlands CIQ,JB Sentral,327
2026-03-21,12:00,JB Sentral,Woodlands CIQ,322
2026-03-21,12:00,Woodlands CIQ,JB Sentral,325
2026-03-21,13:00,Woodlands CIQ,JB Sentral,324
2026-03-21,14:00,JB Sentral,Woodlands CIQ,324
2026-03-21,15:00,JB Sentral,Woodlands CIQ,323
2026-03-21,15:00,Woodlands CIQ,JB Sentral,326
2026-03-21,16:00,JB Sentral,Woodlands CIQ,321
2026-03-21,16:00,Woodlands CIQ,JB Sentral,328
2026-03-21,17:00,JB Sentral,Woodlands CIQ,323
2026-03-21,17:00,Woodlands CIQ,JB Sentral,322
2026-03-21,18:00,Woodlands CIQ,JB Sentral,323
2026-03-21,19:00,JB Sentral,Woodlands CIQ,322
2026-03-21,20:00,JB Sentral,Woodlands CIQ,321
2026-03-21,20:00,Woodlands CIQ,JB Sentral,277
2026-03-21,21:00,JB Sentral,Woodlands CIQ,320
2026-03-21,21:00,Woodlands CIQ,JB Sentral,221
2026-03-21,22:00,JB Sentral,Woodlands CIQ,321
2026-03-21,22:00,Woodlands CIQ,JB Sentral,218
2026-03-21,23:00,Woodlands CIQ,JB Sentral,123
2026-03-22,05:00,JB Sentral,Woodlands CIQ,179
2026-03-22,06:00,JB Sentral,Woodlands CIQ,300
2026-03-22,07:00,JB Sentral,Woodlands CIQ,642
2026-03-22,08:00,JB Sentral,Woodlands CIQ,320
2026-03-22,08:00,Woodlands CIQ,JB Sentral,323
2026-03-22,09:00,Woodlands CIQ,JB Sentral,322
2026-03-22,10:00,JB Sentral,Woodlands CIQ,326
2026-03-22,11:00,JB Sentral,Woodlands CIQ,329
2026-03-22,11:00,Woodlands CIQ,JB Sentral,327
2026-03-22,12:00,JB Sentral,Woodlands CIQ,323
2026-03-22,12:00,Woodlands CIQ,JB Sentral,323
2026-03-22,13:00,Woodlands CIQ,JB Sentral,257
2026-03-22,14:00,JB Sentral,Woodlands CIQ,324
2026-03-22,15:00,JB Sentral,Woodlands CIQ,325
2026-03-22,15:00,Woodlands CIQ,JB Sentral,254
2026-03-22,16:00,JB Sentral,Woodlands CIQ,324
2026-03-22,16:00,Woodlands CIQ,JB Sentral,176
2026-03-22,17:00,JB Sentral,Woodlands CIQ,324
2026-03-22,17:00,Woodlands CIQ,JB Sentral,207
2026-03-22,18:00,Woodlands CIQ,JB Sentral,190
2026-03-22,19:00,JB Sentral,Woodlands CIQ,318
2026-03-22,20:00,JB Sentral,Woodlands CIQ,320
2026-03-22,20:00,Woodlands CIQ,JB Sentral,160
2026-03-22,21:00,JB Sentral,Woodlands CIQ,321
2026-03-22,21:00,Woodlands CIQ,JB Sentral,179
2026-03-22,22:00,JB Sentral,Woodlands CIQ,321
2026-03-22,22:00,Woodlands CIQ,JB Sentral,166
2026-03-22,23:00,Woodlands CIQ,JB Sentral,101
2026-03-23,05:00,JB Sentral,Woodlands CIQ,640
2026-03-23,06:00,JB Sentral,Woodlands CIQ,640
2026-03-23,07:00,JB Sentral,Woodlands CIQ,640
2026-03-23,08:00,JB Sentral,Woodlands CIQ,320
2026-03-23,08:00,Woodlands CIQ,JB Sentral,322
2026-03-23,09:00,Woodlands CIQ,JB Sentral,323
2026-03-23,10:00,JB Sentral,Woodlands CIQ,330
2026-03-23,11:00,JB Sentral,Woodlands CIQ,323
2026-03-23,11:00,Woodlands CIQ,JB Sentral,327
2026-03-23,12:00,JB Sentral,Woodlands CIQ,326
2026-03-23,12:00,Woodlands CIQ,JB Sentral,327
2026-03-23,13:00,Woodlands CIQ,JB Sentral,325
2026-03-23,15:00,JB Sentral,Woodlands CIQ,322
2026-03-23,16:00,JB Sentral,Woodlands CIQ,322
2026-03-23,16:00,Woodlands CIQ,JB Sentral,228
2026-03-23,17:00,JB Sentral,Woodlands CIQ,325
2026-03-23,17:00,Woodlands CIQ,JB Sentral,263
2026-03-23,18:00,Woodlands CIQ,JB Sentral,321
2026-03-23,19:00,JB Sentral,Woodlands CIQ,324
2026-03-23,20:00,JB Sentral,Woodlands CIQ,323
2026-03-23,20:00,Woodlands CIQ,JB Sentral,319
2026-03-23,21:00,JB Sentral,Woodlands CIQ,324
2026-03-23,21:00,Woodlands CIQ,JB Sentral,291
2026-03-23,22:00,JB Sentral,Woodlands CIQ,320
2026-03-23,22:00,Woodlands CIQ,JB Sentral,148
2026-03-23,23:00,Woodlands CIQ,JB Sentral,47
2026-03-24,05:00,JB Sentral,Woodlands CIQ,640
2026-03-24,06:00,JB Sentral,Woodlands CIQ,640
2026-03-24,07:00,JB Sentral,Woodlands CIQ,640
2026-03-24,08:00,JB Sentral,Woodlands CIQ,320
2026-03-24,08:00,Woodlands CIQ,JB Sentral,304
2026-03-24,09:00,Woodlands CIQ,JB Sentral,322
2026-03-24,10:00,JB Sentral,Woodlands CIQ,324
2026-03-24,11:00,JB Sentral,Woodlands CIQ,324
2026-03-24,11:00,Woodlands CIQ,JB Sentral,321
2026-03-24,12:00,JB Sentral,Woodlands CIQ,325
2026-03-24,12:00,Woodlands CIQ,JB Sentral,264
2026-03-24,13:00,Woodlands CIQ,JB Sentral,151
2026-03-24,14:00,JB Sentral,Woodlands CIQ,328
2026-03-24,15:00,JB Sentral,Woodlands CIQ,327
2026-03-24,15:00,Woodlands CIQ,JB Sentral,221
2026-03-24,16:00,JB Sentral,Woodlands CIQ,322
2026-03-24,16:00,Woodlands CIQ,JB Sentral,156
2026-03-24,17:00,JB Sentral,Woodlands CIQ,320
2026-03-24,17:00,Woodlands CIQ,JB Sentral,315
2026-03-24,18:00,Woodlands CIQ,JB Sentral,319
2026-03-24,19:00,JB Sentral,Woodlands CIQ,322
2026-03-24,20:00,JB Sentral,Woodlands CIQ,321
2026-03-24,20:00,Woodlands CIQ,JB Sentral,316
2026-03-24,21:00,JB Sentral,Woodlands CIQ,323
2026-03-24,21:00,Woodlands CIQ,JB Sentral,320
2026-03-24,22:00,JB Sentral,Woodlands CIQ,268
2026-03-24,22:00,Woodlands CIQ,JB Sentral,256
2026-03-24,23:00,Woodlands CIQ,JB Sentral,80
2026-03-25,05:00,JB Sentral,Woodlands CIQ,640
2026-03-25,06:00,JB Sentral,Woodlands CIQ,640
2026-03-25,07:00,JB Sentral,Woodlands CIQ,640
2026-03-25,08:00,JB Sentral,Woodlands CIQ,320
2026-03-25,08:00,Woodlands CIQ,JB Sentral,321
2026-03-25,09:00,Woodlands CIQ,JB Sentral,315
2026-03-25,10:00,JB Sentral,Woodlands CIQ,321
2026-03-25,11:00,JB Sentral,Woodlands CIQ,322
2026-03-25,11:00,Woodlands CIQ,JB Sentral,320
2026-03-25,12:00,JB Sentral,Woodlands CIQ,324
2026-03-25,12:00,Woodlands CIQ,JB Sentral,321
2026-03-25,13:00,Woodlands CIQ,JB Sentral,216
2026-03-25,14:00,JB Sentral,Woodlands CIQ,282
2026-03-25,15:00,JB Sentral,Woodlands CIQ,326
2026-03-25,15:00,Woodlands CIQ,JB Sentral,157
2026-03-25,16:00,JB Sentral,Woodlands CIQ,320
2026-03-25,16:00,Woodlands CIQ,JB Sentral,175
2026-03-25,17:00,JB Sentral,Woodlands CIQ,323
2026-03-25,17:00,Woodlands CIQ,JB Sentral,323
2026-03-25,18:00,Woodlands CIQ,JB Sentral,320
2026-03-25,19:00,JB Sentral,Woodlands CIQ,320
2026-03-25,20:00,JB Sentral,Woodlands CIQ,321
2026-03-25,20:00,Woodlands CIQ,JB Sentral,319
2026-03-25,21:00,JB Sentral,Woodlands CIQ,320
2026-03-25,21:00,Woodlands CIQ,JB Sentral,321
2026-03-25,22:00,JB Sentral,Woodlands CIQ,244
2026-03-25,22:00,Woodlands CIQ,JB Sentral,303
2026-03-25,23:00,Woodlands CIQ,JB Sentral,98
2026-03-26,05:00,JB Sentral,Woodlands CIQ,640
2026-03-26,06:00,JB Sentral,Woodlands CIQ,640
2026-03-26,07:00,JB Sentral,Woodlands CIQ,640
2026-03-26,08:00,JB Sentral,Woodlands CIQ,320
2026-03-26,08:00,Woodlands CIQ,JB Sentral,318
2026-03-26,09:00,Woodlands CIQ,JB Sentral,322
2026-03-26,11:00,JB Sentral,Woodlands CIQ,322
2026-03-26,12:00,JB Sentral,Woodlands CIQ,277
2026-03-26,12:00,Woodlands CIQ,JB Sentral,322
2026-03-26,13:00,Woodlands CIQ,JB Sentral,327
2026-03-26,14:00,JB Sentral,Woodlands CIQ,265
2026-03-26,15:00,JB Sentral,Woodlands CIQ,306
2026-03-26,15:00,Woodlands CIQ,JB Sentral,247
2026-03-26,16:00,JB Sentral,Woodlands CIQ,321
2026-03-26,16:00,Woodlands CIQ,JB Sentral,204
2026-03-26,17:00,JB Sentral,Woodlands CIQ,321
2026-03-26,17:00,Woodlands CIQ,JB Sentral,323
2026-03-26,18:00,Woodlands CIQ,JB Sentral,320
2026-03-26,19:00,JB Sentral,Woodlands CIQ,320
2026-03-26,20:00,JB Sentral,Woodlands CIQ,321
2026-03-26,20:00,Woodlands CIQ,JB Sentral,307
2026-03-26,21:00,JB Sentral,Woodlands CIQ,321
2026-03-26,21:00,Woodlands CIQ,JB Sentral,324
2026-03-26,22:00,JB Sentral,Woodlands CIQ,205
2026-03-26,22:00,Woodlands CIQ,JB Sentral,325
2026-03-26,23:00,Woodlands CIQ,JB Sentral,148
2026-03-27,05:00,JB Sentral,Woodlands CIQ,640
2026-03-27,06:00,JB Sentral,Woodlands CIQ,640
2026-03-27,07:00,JB Sentral,Woodlands CIQ,641
2026-03-27,08:00,JB Sentral,Woodlands CIQ,320
2026-03-27,08:00,Woodlands CIQ,JB Sentral,322
2026-03-27,09:00,Woodlands CIQ,JB Sentral,323
2026-03-27,10:00,JB Sentral,Woodlands CIQ,322
2026-03-27,11:00,JB Sentral,Woodlands CIQ,208
2026-03-27,11:00,Woodlands CIQ,JB Sentral,324
2026-03-27,12:00,JB Sentral,Woodlands CIQ,301
2026-03-27,12:00,Woodlands CIQ,JB Sentral,317
2026-03-27,13:00,Woodlands CIQ,JB Sentral,323
2026-03-27,14:00,JB Sentral,Woodlands CIQ,267
2026-03-27,15:00,JB Sentral,Woodlands CIQ,289
2026-03-27,15:00,Woodlands CIQ,JB Sentral,320
2026-03-27,16:00,JB Sentral,Woodlands CIQ,323
2026-03-27,16:00,Woodlands CIQ,JB Sentral,322
2026-03-27,17:00,JB Sentral,Woodlands CIQ,322
2026-03-27,17:00,Woodlands CIQ,JB Sentral,320
2026-03-27,18:00,Woodlands CIQ,JB Sentral,322
2026-03-27,19:00,JB Sentral,Woodlands CIQ,323
2026-03-27,20:00,JB Sentral,Woodlands CIQ,321
2026-03-27,20:00,Woodlands CIQ,JB Sentral,321
2026-03-27,21:00,JB Sentral,Woodlands CIQ,324
2026-03-27,21:00,Woodlands CIQ,JB Sentral,323
2026-03-27,22:00,JB Sentral,Woodlands CIQ,322
2026-03-27,22:00,Woodlands CIQ,JB Sentral,321
2026-03-27,23:00,Woodlands CIQ,JB Sentral,320
2026-03-28,05:00,JB Sentral,Woodlands CIQ,210
2026-03-28,06:00,JB Sentral,Woodlands CIQ,360
2026-03-28,07:00,JB Sentral,Woodlands CIQ,519
2026-03-28,08:00,JB Sentral,Woodlands CIQ,320
2026-03-28,08:00,Woodlands CIQ,JB Sentral,321
2026-03-28,09:00,Woodlands CIQ,JB Sentral,324
2026-03-28,10:00,JB Sentral,Woodlands CIQ,324
2026-03-28,11:00,JB Sentral,Woodlands CIQ,325
2026-03-28,11:00,Woodlands CIQ,JB Sentral,322
2026-03-28,12:00,JB Sentral,Woodlands CIQ,322
2026-03-28,12:00,Woodlands CIQ,JB Sentral,321
2026-03-28,13:00,Woodlands CIQ,JB Sentral,320
2026-03-28,14:00,JB Sentral,Woodlands CIQ,328
2026-03-28,15:00,JB Sentral,Woodlands CIQ,324
2026-03-28,15:00,Woodlands CIQ,JB Sentral,324
2026-03-28,16:00,JB Sentral,Woodlands CIQ,324
2026-03-28,16:00,Woodlands CIQ,JB Sentral,326
2026-03-28,17:00,JB Sentral,Woodlands CIQ,322
2026-03-28,17:00,Woodlands CIQ,JB Sentral,324
2026-03-28,18:00,Woodlands CIQ,JB Sentral,322
2026-03-28,19:00,JB Sentral,Woodlands CIQ,322
2026-03-28,20:00,JB Sentral,Woodlands CIQ,321
2026-03-28,20:00,Woodlands CIQ,JB Sentral,322
2026-03-28,21:00,JB Sentral,Woodlands CIQ,321
2026-03-28,21:00,Woodlands CIQ,JB Sentral,291
2026-03-28,22:00,JB Sentral,Woodlands CIQ,320
2026-03-28,22:00,Woodlands CIQ,JB Sentral,203
2026-03-28,23:00,Woodlands CIQ,JB Sentral,201
2026-03-29,05:00,JB Sentral,Woodlands CIQ,130
2026-03-29,06:00,JB Sentral,Woodlands CIQ,203
2026-03-29,07:00,JB Sentral,Woodlands CIQ,388
2026-03-29,08:00,JB Sentral,Woodlands CIQ,321
2026-03-29,08:00,Woodlands CIQ,JB Sentral,319
2026-03-29,09:00,Woodlands CIQ,JB Sentral,325
2026-03-29,10:00,JB Sentral,Woodlands CIQ,323
2026-03-29,11:00,JB Sentral,Woodlands CIQ,325
2026-03-29,11:00,Woodlands CIQ,JB Sentral,323
2026-03-29,12:00,JB Sentral,Woodlands CIQ,326
2026-03-29,12:00,Woodlands CIQ,JB Sentral,320
2026-03-29,13:00,Woodlands CIQ,JB Sentral,322
2026-03-29,14:00,JB Sentral,Woodlands CIQ,322
2026-03-29,15:00,JB Sentral,Woodlands CIQ,321
2026-03-29,15:00,Woodlands CIQ,JB Sentral,204
2026-03-29,16:00,JB Sentral,Woodlands CIQ,320
2026-03-29,16:00,Woodlands CIQ,JB Sentral,168
2026-03-29,17:00,JB Sentral,Woodlands CIQ,320
2026-03-29,17:00,Woodlands CIQ,JB Sentral,140
2026-03-29,18:00,Woodlands CIQ,JB Sentral,130
2026-03-29,19:00,JB Sentral,Woodlands CIQ,321
2026-03-29,20:00,JB Sentral,Woodlands CIQ,322
2026-03-29,20:00,Woodlands CIQ,JB Sentral,106
2026-03-29,21:00,JB Sentral,Woodlands CIQ,321
2026-03-29,21:00,Woodlands CIQ,JB Sentral,136
2026-03-29,22:00,JB Sentral,Woodlands CIQ,320
2026-03-29,22:00,Woodlands CIQ,JB Sentral,103
2026-03-29,23:00,Woodlands CIQ,JB Sentral,55
2026-03-30,05:00,JB Sentral,Woodlands CIQ,640
2026-03-30,06:00,JB Sentral,Woodlands CIQ,640
2026-03-30,07:00,JB Sentral,Woodlands CIQ,640
2026-03-30,08:00,JB Sentral,Woodlands CIQ,318
2026-03-30,08:00,Woodlands CIQ,JB Sentral,321
2026-03-30,09:00,Woodlands CIQ,JB Sentral,321
2026-03-30,10:00,JB Sentral,Woodlands CIQ,320
2026-03-30,11:00,JB Sentral,Woodlands CIQ,320
2026-03-30,11:00,Woodlands CIQ,JB Sentral,323
2026-03-30,12:00,JB Sentral,Woodlands CIQ,321
2026-03-30,12:00,Woodlands CIQ,JB Sentral,321
2026-03-30,13:00,Woodlands CIQ,JB Sentral,244
2026-03-30,15:00,JB Sentral,Woodlands CIQ,322
2026-03-30,16:00,JB Sentral,Woodlands CIQ,324
2026-03-30,16:00,Woodlands CIQ,JB Sentral,122
2026-03-30,17:00,JB Sentral,Woodlands CIQ,322
2026-03-30,17:00,Woodlands CIQ,JB Sentral,192
2026-03-30,18:00,Woodlands CIQ,JB Sentral,322
2026-03-30,19:00,JB Sentral,Woodlands CIQ,320
2026-03-30,20:00,JB Sentral,Woodlands CIQ,322
2026-03-30,20:00,Woodlands CIQ,JB Sentral,320
2026-03-30,21:00,JB Sentral,Woodlands CIQ,319
2026-03-30,21:00,Woodlands CIQ,JB Sentral,227
2026-03-30,22:00,JB Sentral,Woodlands CIQ,319
2026-03-30,22:00,Woodlands CIQ,JB Sentral,124
2026-03-30,23:00,Woodlands CIQ,JB Sentral,52
2026-03-31,05:00,JB Sentral,Woodlands CIQ,640
2026-03-31,06:00,JB Sentral,Woodlands CIQ,640
2026-03-31,07:00,JB Sentral,Woodlands CIQ,640
2026-03-31,08:00,JB Sentral,Woodlands CIQ,320
2026-03-31,08:00,Woodlands CIQ,JB Sentral,318
2026-03-31,09:00,Woodlands CIQ,JB Sentral,318
2026-03-31,10:00,JB Sentral,Woodlands CIQ,321
2026-03-31,11:00,JB Sentral,Woodlands CIQ,201
2026-03-31,11:00,Woodlands CIQ,JB Sentral,321
2026-03-31,12:00,JB Sentral,Woodlands CIQ,187
2026-03-31,12:00,Woodlands CIQ,JB Sentral,320
2026-03-31,13:00,Woodlands CIQ,JB Sentral,151
2026-03-31,14:00,JB Sentral,Woodlands CIQ,259
2026-03-31,15:00,JB Sentral,Woodlands CIQ,322
2026-03-31,15:00,Woodlands CIQ,JB Sentral,103
2026-03-31,16:00,JB Sentral,Woodlands CIQ,323
2026-03-31,16:00,Woodlands CIQ,JB Sentral,106
2026-03-31,17:00,JB Sentral,Woodlands CIQ,322
2026-03-31,17:00,Woodlands CIQ,JB Sentral,209
2026-03-31,18:00,Woodlands CIQ,JB Sentral,320
2026-03-31,19:00,JB Sentral,Woodlands CIQ,321
2026-03-31,20:00,JB Sentral,Woodlands CIQ,320
2026-03-31,20:00,Woodlands CIQ,JB Sentral,321
2026-03-31,21:00,JB Sentral,Woodlands CIQ,321
2026-03-31,21:00,Woodlands CIQ,JB Sentral,321
2026-03-31,22:00,JB Sentral,Woodlands CIQ,296
2026-03-31,22:00,Woodlands CIQ,JB Sentral,143
2026-03-31,23:00,Woodlands CIQ,JB Sentral,42
2026-04-01,05:00,JB Sentral,Woodlands CIQ,640
2026-04-01,06:00,JB Sentral,Woodlands CIQ,640
2026-04-01,07:00,JB Sentral,Woodlands CIQ,640
2026-04-01,08:00,JB Sentral,Woodlands CIQ,320
2026-04-01,08:00,Woodlands CIQ,JB Sentral,321
2026-04-01,09:00,Woodlands CIQ,JB Sentral,318
2026-04-01,10:00,JB Sentral,Woodlands CIQ,323
2026-04-01,11:00,JB Sentral,Woodlands CIQ,212
2026-04-01,11:00,Woodlands CIQ,JB Sentral,320
2026-04-01,12:00,JB Sentral,Woodlands CIQ,179
2026-04-01,12:00,Woodlands CIQ,JB Sentral,320
2026-04-01,13:00,Woodlands CIQ,JB Sentral,222
2026-04-01,14:00,JB Sentral,Woodlands CIQ,162
2026-04-01,15:00,JB Sentral,Woodlands CIQ,280
2026-04-01,15:00,Woodlands CIQ,JB Sentral,226
2026-04-01,16:00,JB Sentral,Woodlands CIQ,324
2026-04-01,16:00,Woodlands CIQ,JB Sentral,177
2026-04-01,17:00,JB Sentral,Woodlands CIQ,320
2026-04-01,17:00,Woodlands CIQ,JB Sentral,324
2026-04-01,18:00,Woodlands CIQ,JB Sentral,320
2026-04-01,19:00,JB Sentral,Woodlands CIQ,320
2026-04-01,20:00,JB Sentral,Woodlands CIQ,320
2026-04-01,20:00,Woodlands CIQ,JB Sentral,319
2026-04-01,21:00,JB Sentral,Woodlands CIQ,321
2026-04-01,21:00,Woodlands CIQ,JB Sentral,320
2026-04-01,22:00,JB Sentral,Woodlands CIQ,209
2026-04-01,22:00,Woodlands CIQ,JB Sentral,320
2026-04-01,23:00,Woodlands CIQ,JB Sentral,123
2026-04-02,05:00,JB Sentral,Woodlands CIQ,640
2026-04-02,06:00,JB Sentral,Woodlands CIQ,640
2026-04-02,07:00,JB Sentral,Woodlands CIQ,640
2026-04-02,08:00,JB Sentral,Woodlands CIQ,319
2026-04-02,08:00,Woodlands CIQ,JB Sentral,320
2026-04-02,09:00,Woodlands CIQ,JB Sentral,320
2026-04-02,11:00,JB Sentral,Woodlands CIQ,283
2026-04-02,12:00,JB Sentral,Woodlands CIQ,210
2026-04-02,12:00,Woodlands CIQ,JB Sentral,329
2026-04-02,13:00,Woodlands CIQ,JB Sentral,329
2026-04-02,14:00,JB Sentral,Woodlands CIQ,195
2026-04-02,15:00,JB Sentral,Woodlands CIQ,214
2026-04-02,15:00,Woodlands CIQ,JB Sentral,318
2026-04-02,16:00,JB Sentral,Woodlands CIQ,322
2026-04-02,16:00,Woodlands CIQ,JB Sentral,323
2026-04-02,17:00,JB Sentral,Woodlands CIQ,321
2026-04-02,17:00,Woodlands CIQ,JB Sentral,322
2026-04-02,18:00,Woodlands CIQ,JB Sentral,320
2026-04-02,19:00,JB Sentral,Woodlands CIQ,320
2026-04-02,20:00,JB Sentral,Woodlands CIQ,320
2026-04-02,20:00,Woodlands CIQ,JB Sentral,320
2026-04-02,21:00,JB Sentral,Woodlands CIQ,320
2026-04-02,21:00,Woodlands CIQ,JB Sentral,320
2026-04-02,22:00,JB Sentral,Woodlands CIQ,189
2026-04-02,22:00,Woodlands CIQ,JB Sentral,320
2026-04-02,23:00,Woodlands CIQ,JB Sentral,320
2026-04-03,05:00,JB Sentral,Woodlands CIQ,177
2026-04-03,06:00,JB Sentral,Woodlands CIQ,254
2026-04-03,07:00,JB Sentral,Woodlands CIQ,254
2026-04-03,08:00,JB Sentral,Woodlands CIQ,268
2026-04-03,08:00,Woodlands CIQ,JB Sentral,320
2026-04-03,09:00,Woodlands CIQ,JB Sentral,320
2026-04-03,10:00,JB Sentral,Woodlands CIQ,244
2026-04-03,11:00,JB Sentral,Woodlands CIQ,236
2026-04-03,11:00,Woodlands CIQ,JB Sentral,323
2026-04-03,12:00,JB Sentral,Woodlands CIQ,205
2026-04-03,12:00,Woodlands CIQ,JB Sentral,324
2026-04-03,13:00,Woodlands CIQ,JB Sentral,325
2026-04-03,14:00,JB Sentral,Woodlands CIQ,324
2026-04-03,15:00,JB Sentral,Woodlands CIQ,324
2026-04-03,15:00,Woodlands CIQ,JB Sentral,327
2026-04-03,16:00,JB Sentral,Woodlands CIQ,322
2026-04-03,16:00,Woodlands CIQ,JB Sentral,326
2026-04-03,17:00,JB Sentral,Woodlands CIQ,320
2026-04-03,17:00,Woodlands CIQ,JB Sentral,323
2026-04-03,18:00,Woodlands CIQ,JB Sentral,321
2026-04-03,19:00,JB Sentral,Woodlands CIQ,319
2026-04-03,20:00,JB Sentral,Woodlands CIQ,322
2026-04-03,20:00,Woodlands CIQ,JB Sentral,318
2026-04-03,21:00,JB Sentral,Woodlands CIQ,320
2026-04-03,21:00,Woodlands CIQ,JB Sentral,315
2026-04-03,22:00,JB Sentral,Woodlands CIQ,320
2026-04-03,22:00,Woodlands CIQ,JB Sentral,317
2026-04-03,23:00,Woodlands CIQ,JB Sentral,230
2026-04-04,05:00,JB Sentral,Woodlands CIQ,168
2026-04-04,06:00,JB Sentral,Woodlands CIQ,359
2026-04-04,07:00,JB Sentral,Woodlands CIQ,592
2026-04-04,08:00,JB Sentral,Woodlands CIQ,321
2026-04-04,08:00,Woodlands CIQ,JB Sentral,320
2026-04-04,09:00,Woodlands CIQ,JB Sentral,320
2026-04-04,10:00,JB Sentral,Woodlands CIQ,324
2026-04-04,11:00,JB Sentral,Woodlands CIQ,325
2026-04-04,11:00,Woodlands CIQ,JB Sentral,321
2026-04-04,12:00,JB Sentral,Woodlands CIQ,324
2026-04-04,12:00,Woodlands CIQ,JB Sentral,325
2026-04-04,13:00,Woodlands CIQ,JB Sentral,320
2026-04-04,14:00,JB Sentral,Woodlands CIQ,325
2026-04-04,15:00,JB Sentral,Woodlands CIQ,325
2026-04-04,15:00,Woodlands CIQ,JB Sentral,321
2026-04-04,16:00,JB Sentral,Woodlands CIQ,322
2026-04-04,16:00,Woodlands CIQ,JB Sentral,321
2026-04-04,17:00,JB Sentral,Woodlands CIQ,326
2026-04-04,17:00,Woodlands CIQ,JB Sentral,324
2026-04-04,18:00,Woodlands CIQ,JB Sentral,171
2026-04-04,19:00,JB Sentral,Woodlands CIQ,323
2026-04-04,20:00,JB Sentral,Woodlands CIQ,321
2026-04-04,20:00,Woodlands CIQ,JB Sentral,156
2026-04-04,21:00,JB Sentral,Woodlands CIQ,320
2026-04-04,21:00,Woodlands CIQ,JB Sentral,175
2026-04-04,22:00,JB Sentral,Woodlands CIQ,320
2026-04-04,22:00,Woodlands CIQ,JB Sentral,195
2026-04-04,23:00,Woodlands CIQ,JB Sentral,111
2026-04-05,05:00,JB Sentral,Woodlands CIQ,151
2026-04-05,06:00,JB Sentral,Woodlands CIQ,210
2026-04-05,07:00,JB Sentral,Woodlands CIQ,643
2026-04-05,08:00,JB Sentral,Woodlands CIQ,322
2026-04-05,08:00,Woodlands CIQ,JB Sentral,252
2026-04-05,09:00,Woodlands CIQ,JB Sentral,319
2026-04-05,10:00,JB Sentral,Woodlands CIQ,323
2026-04-05,11:00,JB Sentral,Woodlands CIQ,321
2026-04-05,11:00,Woodlands CIQ,JB Sentral,321
2026-04-05,12:00,JB Sentral,Woodlands CIQ,331
2026-04-05,12:00,Woodlands CIQ,JB Sentral,172
2026-04-05,13:00,Woodlands CIQ,JB Sentral,152
2026-04-05,14:00,JB Sentral,Woodlands CIQ,325
2026-04-05,15:00,JB Sentral,Woodlands CIQ,324
2026-04-05,15:00,Woodlands CIQ,JB Sentral,167
2026-04-05,16:00,JB Sentral,Woodlands CIQ,323
2026-04-05,16:00,Woodlands CIQ,JB Sentral,122
2026-04-05,17:00,JB Sentral,Woodlands CIQ,321
2026-04-05,17:00,Woodlands CIQ,JB Sentral,90
2026-04-05,18:00,Woodlands CIQ,JB Sentral,117
2026-04-05,19:00,JB Sentral,Woodlands CIQ,321
2026-04-05,20:00,JB Sentral,Woodlands CIQ,323
2026-04-05,20:00,Woodlands CIQ,JB Sentral,120
2026-04-05,21:00,JB Sentral,Woodlands CIQ,320
2026-04-05,21:00,Woodlands CIQ,JB Sentral,109
2026-04-05,22:00,JB Sentral,Woodlands CIQ,320
2026-04-05,22:00,Woodlands CIQ,JB Sentral,78
2026-04-05,23:00,Woodlands CIQ,JB Sentral,29
2026-04-06,05:00,JB Sentral,Woodlands CIQ,640
2026-04-06,06:00,JB Sentral,Woodlands CIQ,640
2026-04-06,07:00,JB Sentral,Woodlands CIQ,640
2026-04-06,08:00,JB Sentral,Woodlands CIQ,320
2026-04-06,08:00,Woodlands CIQ,JB Sentral,320
2026-04-06,09:00,Woodlands CIQ,JB Sentral,319
2026-04-06,10:00,JB Sentral,Woodlands CIQ,306
2026-04-06,11:00,JB Sentral,Woodlands CIQ,320
2026-04-06,11:00,Woodlands CIQ,JB Sentral,320
2026-04-06,12:00,JB Sentral,Woodlands CIQ,322
2026-04-06,12:00,Woodlands CIQ,JB Sentral,323
2026-04-06,13:00,Woodlands CIQ,JB Sentral,191
2026-04-06,15:00,JB Sentral,Woodlands CIQ,326
2026-04-06,16:00,JB Sentral,Woodlands CIQ,327
2026-04-06,16:00,Woodlands CIQ,JB Sentral,114
2026-04-06,17:00,JB Sentral,Woodlands CIQ,321
2026-04-06,17:00,Woodlands CIQ,JB Sentral,162
2026-04-06,18:00,Woodlands CIQ,JB Sentral,320
2026-04-06,19:00,JB Sentral,Woodlands CIQ,320
2026-04-06,20:00,JB Sentral,Woodlands CIQ,322
2026-04-06,20:00,Woodlands CIQ,JB Sentral,320
2026-04-06,21:00,JB Sentral,Woodlands CIQ,321
2026-04-06,21:00,Woodlands CIQ,JB Sentral,217
2026-04-06,22:00,JB Sentral,Woodlands CIQ,320
2026-04-06,22:00,Woodlands CIQ,JB Sentral,121
2026-04-06,23:00,Woodlands CIQ,JB Sentral,51
2026-04-07,05:00,JB Sentral,Woodlands CIQ,640
2026-04-07,06:00,JB Sentral,Woodlands CIQ,638
2026-04-07,07:00,JB Sentral,Woodlands CIQ,640
2026-04-07,08:00,JB Sentral,Woodlands CIQ,320
2026-04-07,08:00,Woodlands CIQ,JB Sentral,308
2026-04-07,09:00,Woodlands CIQ,JB Sentral,320
2026-04-07,10:00,JB Sentral,Woodlands CIQ,321
2026-04-07,11:00,JB Sentral,Woodlands CIQ,249
2026-04-07,11:00,Woodlands CIQ,JB Sentral,320
2026-04-07,12:00,JB Sentral,Woodlands CIQ,230
2026-04-07,12:00,Woodlands CIQ,JB Sentral,278
2026-04-07,13:00,Woodlands CIQ,JB Sentral,116
2026-04-07,14:00,JB Sentral,Woodlands CIQ,234
2026-04-07,15:00,JB Sentral,Woodlands CIQ,322
2026-04-07,15:00,Woodlands CIQ,JB Sentral,124
2026-04-07,16:00,JB Sentral,Woodlands CIQ,321
2026-04-07,16:00,Woodlands CIQ,JB Sentral,83
2026-04-07,17:00,JB Sentral,Woodlands CIQ,321
2026-04-07,17:00,Woodlands CIQ,JB Sentral,196
2026-04-07,18:00,Woodlands CIQ,JB Sentral,320
2026-04-07,19:00,JB Sentral,Woodlands CIQ,320
2026-04-07,20:00,JB Sentral,Woodlands CIQ,320
2026-04-07,20:00,Woodlands CIQ,JB Sentral,320
2026-04-07,21:00,JB Sentral,Woodlands CIQ,320
2026-04-07,21:00,Woodlands CIQ,JB Sentral,318
2026-04-07,22:00,JB Sentral,Woodlands CIQ,235
2026-04-07,22:00,Woodlands CIQ,JB Sentral,152
2026-04-07,23:00,Woodlands CIQ,JB Sentral,49
2026-04-08,05:00,JB Sentral,Woodlands CIQ,640
2026-04-08,06:00,JB Sentral,Woodlands CIQ,640
2026-04-08,07:00,JB Sentral,Woodlands CIQ,640
2026-04-08,08:00,JB Sentral,Woodlands CIQ,320
2026-04-08,08:00,Woodlands CIQ,JB Sentral,266
2026-04-08,09:00,Woodlands CIQ,JB Sentral,320
2026-04-08,10:00,JB Sentral,Woodlands CIQ,323
2026-04-08,11:00,JB Sentral,Woodlands CIQ,231
2026-04-08,11:00,Woodlands CIQ,JB Sentral,320
2026-04-08,12:00,JB Sentral,Woodlands CIQ,214
2026-04-08,12:00,Woodlands CIQ,JB Sentral,320
2026-04-08,13:00,Woodlands CIQ,JB Sentral,96
2026-04-08,14:00,JB Sentral,Woodlands CIQ,236
2026-04-08,15:00,JB Sentral,Woodlands CIQ,321
2026-04-08,15:00,Woodlands CIQ,JB Sentral,113
2026-04-08,16:00,JB Sentral,Woodlands CIQ,323
2026-04-08,16:00,Woodlands CIQ,JB Sentral,97
2026-04-08,17:00,JB Sentral,Woodlands CIQ,322
2026-04-08,17:00,Woodlands CIQ,JB Sentral,210
2026-04-08,18:00,Woodlands CIQ,JB Sentral,320
2026-04-08,19:00,JB Sentral,Woodlands CIQ,320
2026-04-08,20:00,JB Sentral,Woodlands CIQ,321
2026-04-08,20:00,Woodlands CIQ,JB Sentral,320
2026-04-08,21:00,JB Sentral,Woodlands CIQ,322
2026-04-08,21:00,Woodlands CIQ,JB Sentral,320
2026-04-08,22:00,JB Sentral,Woodlands CIQ,177
2026-04-08,22:00,Woodlands CIQ,JB Sentral,180
2026-04-08,23:00,Woodlands CIQ,JB Sentral,47
2026-04-09,05:00,JB Sentral,Woodlands CIQ,640
2026-04-09,06:00,JB Sentral,Woodlands CIQ,640
2026-04-09,07:00,JB Sentral,Woodlands CIQ,640
2026-04-09,08:00,JB Sentral,Woodlands CIQ,321
2026-04-09,08:00,Woodlands CIQ,JB Sentral,320
2026-04-09,09:00,Woodlands CIQ,JB Sentral,320
2026-04-09,11:00,JB Sentral,Woodlands CIQ,321
2026-04-09,12:00,JB Sentral,Woodlands CIQ,202
2026-04-09,12:00,Woodlands CIQ,JB Sentral,326
2026-04-09,13:00,Woodlands CIQ,JB Sentral,295
2026-04-09,14:00,JB Sentral,Woodlands CIQ,207
2026-04-09,15:00,JB Sentral,Woodlands CIQ,323
2026-04-09,15:00,Woodlands CIQ,JB Sentral,159
2026-04-09,16:00,JB Sentral,Woodlands CIQ,322
2026-04-09,16:00,Woodlands CIQ,JB Sentral,122
2026-04-09,17:00,JB Sentral,Woodlands CIQ,323
2026-04-09,17:00,Woodlands CIQ,JB Sentral,319
2026-04-09,18:00,Woodlands CIQ,JB Sentral,321
2026-04-09,19:00,JB Sentral,Woodlands CIQ,324
2026-04-09,20:00,JB Sentral,Woodlands CIQ,323
2026-04-09,20:00,Woodlands CIQ,JB Sentral,320
2026-04-09,21:00,JB Sentral,Woodlands CIQ,321
2026-04-09,21:00,Woodlands CIQ,JB Sentral,320
2026-04-09,22:00,JB Sentral,Woodlands CIQ,226
2026-04-09,22:00,Woodlands CIQ,JB Sentral,321
2026-04-09,23:00,Woodlands CIQ,JB Sentral,98
2026-04-10,05:00,JB Sentral,Woodlands CIQ,640
2026-04-10,06:00,JB Sentral,Woodlands CIQ,640
2026-04-10,07:00,JB Sentral,Woodlands CIQ,640
2026-04-10,08:00,JB Sentral,Woodlands CIQ,318
2026-04-10,08:00,Woodlands CIQ,JB Sentral,319
2026-04-10,09:00,Woodlands CIQ,JB Sentral,320
2026-04-10,10:00,JB Sentral,Woodlands CIQ,321
2026-04-10,11:00,JB Sentral,Woodlands CIQ,210
2026-04-10,11:00,Woodlands CIQ,JB Sentral,324
2026-04-10,12:00,JB Sentral,Woodlands CIQ,202
2026-04-10,12:00,Woodlands CIQ,JB Sentral,326
2026-04-10,13:00,Woodlands CIQ,JB Sentral,319
2026-04-10,14:00,JB Sentral,Woodlands CIQ,252
2026-04-10,15:00,JB Sentral,Woodlands CIQ,314
2026-04-10,15:00,Woodlands CIQ,JB Sentral,324
2026-04-10,16:00,JB Sentral,Woodlands CIQ,317
2026-04-10,16:00,Woodlands CIQ,JB Sentral,327
2026-04-10,17:00,JB Sentral,Woodlands CIQ,321
2026-04-10,17:00,Woodlands CIQ,JB Sentral,322
2026-04-10,18:00,Woodlands CIQ,JB Sentral,320
2026-04-10,19:00,JB Sentral,Woodlands CIQ,322
2026-04-10,20:00,JB Sentral,Woodlands CIQ,321
2026-04-10,20:00,Woodlands CIQ,JB Sentral,320
2026-04-10,21:00,JB Sentral,Woodlands CIQ,320
2026-04-10,21:00,Woodlands CIQ,JB Sentral,320
2026-04-10,22:00,JB Sentral,Woodlands CIQ,321
2026-04-10,22:00,Woodlands CIQ,JB Sentral,320
2026-04-10,23:00,Woodlands CIQ,JB Sentral,320
2026-04-11,05:00,JB Sentral,Woodlands CIQ,208
2026-04-11,06:00,JB Sentral,Woodlands CIQ,425
2026-04-11,07:00,JB Sentral,Woodlands CIQ,559
2026-04-11,08:00,JB Sentral,Woodlands CIQ,321
2026-04-11,08:00,Woodlands CIQ,JB Sentral,320
2026-04-11,09:00,Woodlands CIQ,JB Sentral,320
2026-04-11,10:00,JB Sentral,Woodlands CIQ,325
2026-04-11,11:00,JB Sentral,Woodlands CIQ,325
2026-04-11,11:00,Woodlands CIQ,JB Sentral,323
2026-04-11,12:00,JB Sentral,Woodlands CIQ,324
2026-04-11,12:00,Woodlands CIQ,JB Sentral,323
2026-04-11,13:00,Woodlands CIQ,JB Sentral,323
2026-04-11,14:00,JB Sentral,Woodlands CIQ,322
2026-04-11,15:00,JB Sentral,Woodlands CIQ,325
2026-04-11,15:00,Woodlands CIQ,JB Sentral,320
2026-04-11,16:00,JB Sentral,Woodlands CIQ,322
2026-04-11,16:00,Woodlands CIQ,JB Sentral,323
2026-04-11,17:00,JB Sentral,Woodlands CIQ,321
2026-04-11,17:00,Woodlands CIQ,JB Sentral,328
2026-04-11,18:00,Woodlands CIQ,JB Sentral,320
2026-04-11,19:00,JB Sentral,Woodlands CIQ,323
2026-04-11,20:00,JB Sentral,Woodlands CIQ,321
2026-04-11,20:00,Woodlands CIQ,JB Sentral,218
2026-04-11,21:00,JB Sentral,Woodlands CIQ,320
2026-04-11,21:00,Woodlands CIQ,JB Sentral,197
2026-04-11,22:00,JB Sentral,Woodlands CIQ,320
2026-04-11,22:00,Woodlands CIQ,JB Sentral,220
2026-04-11,23:00,Woodlands CIQ,JB Sentral,112
2026-04-12,05:00,JB Sentral,Woodlands CIQ,114
2026-04-12,06:00,JB Sentral,Woodlands CIQ,200
2026-04-12,07:00,JB Sentral,Woodlands CIQ,453
2026-04-12,08:00,JB Sentral,Woodlands CIQ,322
2026-04-12,08:00,Woodlands CIQ,JB Sentral,320
2026-04-12,09:00,Woodlands CIQ,JB Sentral,319
2026-04-12,10:00,JB Sentral,Woodlands CIQ,328
2026-04-12,11:00,JB Sentral,Woodlands CIQ,322
2026-04-12,11:00,Woodlands CIQ,JB Sentral,320
2026-04-12,12:00,JB Sentral,Woodlands CIQ,322
2026-04-12,12:00,Woodlands CIQ,JB Sentral,321
2026-04-12,13:00,Woodlands CIQ,JB Sentral,197
2026-04-12,14:00,JB Sentral,Woodlands CIQ,321
2026-04-12,15:00,JB Sentral,Woodlands CIQ,321
2026-04-12,15:00,Woodlands CIQ,JB Sentral,169
2026-04-12,16:00,JB Sentral,Woodlands CIQ,319
2026-04-12,16:00,Woodlands CIQ,JB Sentral,122
2026-04-12,17:00,JB Sentral,Woodlands CIQ,323
2026-04-12,17:00,Woodlands CIQ,JB Sentral,146
2026-04-12,18:00,Woodlands CIQ,JB Sentral,102
2026-04-12,19:00,JB Sentral,Woodlands CIQ,321
2026-04-12,20:00,JB Sentral,Woodlands CIQ,321
2026-04-12,20:00,Woodlands CIQ,JB Sentral,117
2026-04-12,21:00,JB Sentral,Woodlands CIQ,320
2026-04-12,21:00,Woodlands CIQ,JB Sentral,82
2026-04-12,22:00,JB Sentral,Woodlands CIQ,320
2026-04-12,22:00,Woodlands CIQ,JB Sentral,77
2026-04-12,23:00,Woodlands CIQ,JB Sentral,63
2026-04-13,05:00,JB Sentral,Woodlands CIQ,640
2026-04-13,06:00,JB Sentral,Woodlands CIQ,640
2026-04-13,07:00,JB Sentral,Woodlands CIQ,640
2026-04-13,08:00,JB Sentral,Woodlands CIQ,320
2026-04-13,08:00,Woodlands CIQ,JB Sentral,320
2026-04-13,09:00,Woodlands CIQ,JB Sentral,320
2026-04-13,10:00,JB Sentral,Woodlands CIQ,321
2026-04-13,11:00,JB Sentral,Woodlands CIQ,322
2026-04-13,11:00,Woodlands CIQ,JB Sentral,320
2026-04-13,12:00,JB Sentral,Woodlands CIQ,321
2026-04-13,12:00,Woodlands CIQ,JB Sentral,276
2026-04-13,13:00,Woodlands CIQ,JB Sentral,146
2026-04-13,15:00,JB Sentral,Woodlands CIQ,320
2026-04-13,16:00,JB Sentral,Woodlands CIQ,320
2026-04-13,16:00,Woodlands CIQ,JB Sentral,122
2026-04-13,17:00,JB Sentral,Woodlands CIQ,325
2026-04-13,17:00,Woodlands CIQ,JB Sentral,176
2026-04-13,18:00,Woodlands CIQ,JB Sentral,320
2026-04-13,19:00,JB Sentral,Woodlands CIQ,321
2026-04-13,20:00,JB Sentral,Woodlands CIQ,320
2026-04-13,20:00,Woodlands CIQ,JB Sentral,320
2026-04-13,21:00,JB Sentral,Woodlands CIQ,319
2026-04-13,21:00,Woodlands CIQ,JB Sentral,296
2026-04-13,22:00,JB Sentral,Woodlands CIQ,319
2026-04-13,22:00,Woodlands CIQ,JB Sentral,114
2026-04-13,23:00,Woodlands CIQ,JB Sentral,40
2026-04-14,05:00,JB Sentral,Woodlands CIQ,640
2026-04-14,06:00,JB Sentral,Woodlands CIQ,640
2026-04-14,07:00,JB Sentral,Woodlands CIQ,640
2026-04-14,08:00,JB Sentral,Woodlands CIQ,319
2026-04-14,08:00,Woodlands CIQ,JB Sentral,316
2026-04-14,09:00,Woodlands CIQ,JB Sentral,320
2026-04-14,10:00,JB Sentral,Woodlands CIQ,320
2026-04-14,11:00,JB Sentral,Woodlands CIQ,230
2026-04-14,11:00,Woodlands CIQ,JB Sentral,319
2026-04-14,12:00,JB Sentral,Woodlands CIQ,256
2026-04-14,12:00,Woodlands CIQ,JB Sentral,286
2026-04-14,13:00,Woodlands CIQ,JB Sentral,134
2026-04-14,14:00,JB Sentral,Woodlands CIQ,198
2026-04-14,15:00,JB Sentral,Woodlands CIQ,322
2026-04-14,15:00,Woodlands CIQ,JB Sentral,112
2026-04-14,16:00,JB Sentral,Woodlands CIQ,321
2026-04-14,16:00,Woodlands CIQ,JB Sentral,85
2026-04-14,17:00,JB Sentral,Woodlands CIQ,320
2026-04-14,17:00,Woodlands CIQ,JB Sentral,254
2026-04-14,18:00,Woodlands CIQ,JB Sentral,320
2026-04-14,19:00,JB Sentral,Woodlands CIQ,322
2026-04-14,20:00,JB Sentral,Woodlands CIQ,319
2026-04-14,20:00,Woodlands CIQ,JB Sentral,319
2026-04-14,21:00,JB Sentral,Woodlands CIQ,320
2026-04-14,21:00,Woodlands CIQ,JB Sentral,320
2026-04-14,22:00,JB Sentral,Woodlands CIQ,230
2026-04-14,22:00,Woodlands CIQ,JB Sentral,151
2026-04-14,23:00,Woodlands CIQ,JB Sentral,59
2026-04-15,05:00,JB Sentral,Woodlands CIQ,640
2026-04-15,06:00,JB Sentral,Woodlands CIQ,640
2026-04-15,07:00,JB Sentral,Woodlands CIQ,640
2026-04-15,08:00,JB Sentral,Woodlands CIQ,320
2026-04-15,08:00,Woodlands CIQ,JB Sentral,317
2026-04-15,09:00,Woodlands CIQ,JB Sentral,320
2026-04-15,10:00,JB Sentral,Woodlands CIQ,320
2026-04-15,11:00,JB Sentral,Woodlands CIQ,242
2026-04-15,11:00,Woodlands CIQ,JB Sentral,321
2026-04-15,12:00,JB Sentral,Woodlands CIQ,195
2026-04-15,12:00,Woodlands CIQ,JB Sentral,317
2026-04-15,13:00,Woodlands CIQ,JB Sentral,122
2026-04-15,14:00,JB Sentral,Woodlands CIQ,204
2026-04-15,15:00,JB Sentral,Woodlands CIQ,284
2026-04-15,15:00,Woodlands CIQ,JB Sentral,112
2026-04-15,16:00,JB Sentral,Woodlands CIQ,323
2026-04-15,16:00,Woodlands CIQ,JB Sentral,83
2026-04-15,17:00,JB Sentral,Woodlands CIQ,321
2026-04-15,17:00,Woodlands CIQ,JB Sentral,276
2026-04-15,18:00,Woodlands CIQ,JB Sentral,320
2026-04-15,19:00,JB Sentral,Woodlands CIQ,320
2026-04-15,20:00,JB Sentral,Woodlands CIQ,319
2026-04-15,20:00,Woodlands CIQ,JB Sentral,320
2026-04-15,21:00,JB Sentral,Woodlands CIQ,321
2026-04-15,21:00,Woodlands CIQ,JB Sentral,320
2026-04-15,22:00,JB Sentral,Woodlands CIQ,216
2026-04-15,22:00,Woodlands CIQ,JB Sentral,318
2026-04-15,23:00,Woodlands CIQ,JB Sentral,62
2026-04-16,05:00,JB Sentral,Woodlands CIQ,640
2026-04-16,06:00,JB Sentral,Woodlands CIQ,640
2026-04-16,07:00,JB Sentral,Woodlands CIQ,636
2026-04-16,08:00,JB Sentral,Woodlands CIQ,320
2026-04-16,08:00,Woodlands CIQ,JB Sentral,320
2026-04-16,09:00,Woodlands CIQ,JB Sentral,319
2026-04-16,11:00,JB Sentral,Woodlands CIQ,320
2026-04-16,12:00,JB Sentral,Woodlands CIQ,246
2026-04-16,12:00,Woodlands CIQ,JB Sentral,321
2026-04-16,13:00,Woodlands CIQ,JB Sentral,307
2026-04-16,14:00,JB Sentral,Woodlands CIQ,213
2026-04-16,15:00,JB Sentral,Woodlands CIQ,321
2026-04-16,15:00,Woodlands CIQ,JB Sentral,197
2026-04-16,16:00,JB Sentral,Woodlands CIQ,323
2026-04-16,16:00,Woodlands CIQ,JB Sentral,146
2026-04-16,17:00,JB Sentral,Woodlands CIQ,321
2026-04-16,17:00,Woodlands CIQ,JB Sentral,323
2026-04-16,18:00,Woodlands CIQ,JB Sentral,319
2026-04-16,19:00,JB Sentral,Woodlands CIQ,320
2026-04-16,20:00,JB Sentral,Woodlands CIQ,320
2026-04-16,20:00,Woodlands CIQ,JB Sentral,321
2026-04-16,21:00,JB Sentral,Woodlands CIQ,321
2026-04-16,21:00,Woodlands CIQ,JB Sentral,321
2026-04-16,22:00,JB Sentral,Woodlands CIQ,185
2026-04-16,22:00,Woodlands CIQ,JB Sentral,320
2026-04-16,23:00,Woodlands CIQ,JB Sentral,103
2026-04-17,05:00,JB Sentral,Woodlands CIQ,640
2026-04-17,06:00,JB Sentral,Woodlands CIQ,640
2026-04-17,07:00,JB Sentral,Woodlands CIQ,639
2026-04-17,08:00,JB Sentral,Woodlands CIQ,320
2026-04-17,08:00,Woodlands CIQ,JB Sentral,320
2026-04-17,09:00,Woodlands CIQ,JB Sentral,321
2026-04-17,10:00,JB Sentral,Woodlands CIQ,312
2026-04-17,11:00,JB Sentral,Woodlands CIQ,206
2026-04-17,11:00,Woodlands CIQ,JB Sentral,316
2026-04-17,12:00,JB Sentral,Woodlands CIQ,190
2026-04-17,12:00,Woodlands CIQ,JB Sentral,329
2026-04-17,13:00,Woodlands CIQ,JB Sentral,327
2026-04-17,14:00,JB Sentral,Woodlands CIQ,219
2026-04-17,15:00,JB Sentral,Woodlands CIQ,285
2026-04-17,15:00,Woodlands CIQ,JB Sentral,320
2026-04-17,16:00,JB Sentral,Woodlands CIQ,321
2026-04-17,16:00,Woodlands CIQ,JB Sentral,326
2026-04-17,17:00,JB Sentral,Woodlands CIQ,322
2026-04-17,17:00,Woodlands CIQ,JB Sentral,320
2026-04-17,18:00,Woodlands CIQ,JB Sentral,321
2026-04-17,19:00,JB Sentral,Woodlands CIQ,318
2026-04-17,20:00,JB Sentral,Woodlands CIQ,320
2026-04-17,20:00,Woodlands CIQ,JB Sentral,320
2026-04-17,21:00,JB Sentral,Woodlands CIQ,322
2026-04-17,21:00,Woodlands CIQ,JB Sentral,320
2026-04-17,22:00,JB Sentral,Woodlands CIQ,320
2026-04-17,22:00,Woodlands CIQ,JB Sentral,320
2026-04-17,23:00,Woodlands CIQ,JB Sentral,320
2026-04-18,05:00,JB Sentral,Woodlands CIQ,189
2026-04-18,06:00,JB Sentral,Woodlands CIQ,405
2026-04-18,07:00,JB Sentral,Woodlands CIQ,570
2026-04-18,08:00,JB Sentral,Woodlands CIQ,322
2026-04-18,08:00,Woodlands CIQ,JB Sentral,321
2026-04-18,09:00,Woodlands CIQ,JB Sentral,319
2026-04-18,10:00,JB Sentral,Woodlands CIQ,321
2026-04-18,11:00,JB Sentral,Woodlands CIQ,284
2026-04-18,11:00,Woodlands CIQ,JB Sentral,316
2026-04-18,12:00,JB Sentral,Woodlands CIQ,322
2026-04-18,12:00,Woodlands CIQ,JB Sentral,319
2026-04-18,13:00,Woodlands CIQ,JB Sentral,321
2026-04-18,14:00,JB Sentral,Woodlands CIQ,327
2026-04-18,15:00,JB Sentral,Woodlands CIQ,320
2026-04-18,15:00,Woodlands CIQ,JB Sentral,322
2026-04-18,16:00,JB Sentral,Woodlands CIQ,322
2026-04-18,16:00,Woodlands CIQ,JB Sentral,326
2026-04-18,17:00,JB Sentral,Woodlands CIQ,323
2026-04-18,17:00,Woodlands CIQ,JB Sentral,322
2026-04-18,18:00,Woodlands CIQ,JB Sentral,325
2026-04-18,19:00,JB Sentral,Woodlands CIQ,322
2026-04-18,20:00,JB Sentral,Woodlands CIQ,321
2026-04-18,20:00,Woodlands CIQ,JB Sentral,218
2026-04-18,21:00,JB Sentral,Woodlands CIQ,319
2026-04-18,21:00,Woodlands CIQ,JB Sentral,189
2026-04-18,22:00,JB Sentral,Woodlands CIQ,320
2026-04-18,22:00,Woodlands CIQ,JB Sentral,200
2026-04-18,23:00,Woodlands CIQ,JB Sentral,97
2026-04-19,05:00,JB Sentral,Woodlands CIQ,125
2026-04-19,06:00,JB Sentral,Woodlands CIQ,187
2026-04-19,07:00,JB Sentral,Woodlands CIQ,410
2026-04-19,08:00,JB Sentral,Woodlands CIQ,322
2026-04-19,08:00,Woodlands CIQ,JB Sentral,320
2026-04-19,09:00,Woodlands CIQ,JB Sentral,320
2026-04-19,10:00,JB Sentral,Woodlands CIQ,323
2026-04-19,11:00,JB Sentral,Woodlands CIQ,326
2026-04-19,11:00,Woodlands CIQ,JB Sentral,320
2026-04-19,12:00,JB Sentral,Woodlands CIQ,321
2026-04-19,12:00,Woodlands CIQ,JB Sentral,325
2026-04-19,13:00,Woodlands CIQ,JB Sentral,215
2026-04-19,14:00,JB Sentral,Woodlands CIQ,321
2026-04-19,15:00,JB Sentral,Woodlands CIQ,326
2026-04-19,15:00,Woodlands CIQ,JB Sentral,200
2026-04-19,16:00,JB Sentral,Woodlands CIQ,320
2026-04-19,16:00,Woodlands CIQ,JB Sentral,122
2026-04-19,17:00,JB Sentral,Woodlands CIQ,320
2026-04-19,17:00,Woodlands CIQ,JB Sentral,118
2026-04-19,18:00,Woodlands CIQ,JB Sentral,103
2026-04-19,19:00,JB Sentral,Woodlands CIQ,321
2026-04-19,20:00,JB Sentral,Woodlands CIQ,320
2026-04-19,20:00,Woodlands CIQ,JB Sentral,99
2026-04-19,21:00,JB Sentral,Woodlands CIQ,322
2026-04-19,21:00,Woodlands CIQ,JB Sentral,65
2026-04-19,22:00,JB Sentral,Woodlands CIQ,320
2026-04-19,22:00,Woodlands CIQ,JB Sentral,96
2026-04-19,23:00,Woodlands CIQ,JB Sentral,53
2026-04-20,05:00,JB Sentral,Woodlands CIQ,640
2026-04-20,06:00,JB Sentral,Woodlands CIQ,640
2026-04-20,07:00,JB Sentral,Woodlands CIQ,640
2026-04-20,08:00,JB Sentral,Woodlands CIQ,320
2026-04-20,08:00,Woodlands CIQ,JB Sentral,320
2026-04-20,09:00,Woodlands CIQ,JB Sentral,320
2026-04-20,10:00,JB Sentral,Woodlands CIQ,322
2026-04-20,11:00,JB Sentral,Woodlands CIQ,320
2026-04-20,11:00,Woodlands CIQ,JB Sentral,320
2026-04-20,12:00,JB Sentral,Woodlands CIQ,322
2026-04-20,12:00,Woodlands CIQ,JB Sentral,290
2026-04-20,13:00,Woodlands CIQ,JB Sentral,184
2026-04-20,15:00,JB Sentral,Woodlands CIQ,324
2026-04-20,16:00,JB Sentral,Woodlands CIQ,320
2026-04-20,16:00,Woodlands CIQ,JB Sentral,102
2026-04-20,17:00,JB Sentral,Woodlands CIQ,323
2026-04-20,17:00,Woodlands CIQ,JB Sentral,172
2026-04-20,18:00,Woodlands CIQ,JB Sentral,320
2026-04-20,19:00,JB Sentral,Woodlands CIQ,320
2026-04-20,20:00,JB Sentral,Woodlands CIQ,322
2026-04-20,20:00,Woodlands CIQ,JB Sentral,318
2026-04-20,21:00,JB Sentral,Woodlands CIQ,317
2026-04-20,21:00,Woodlands CIQ,JB Sentral,318
2026-04-20,22:00,JB Sentral,Woodlands CIQ,306
2026-04-20,22:00,Woodlands CIQ,JB Sentral,154
2026-04-20,23:00,Woodlands CIQ,JB Sentral,51
2026-04-21,05:00,JB Sentral,Woodlands CIQ,640
2026-04-21,06:00,JB Sentral,Woodlands CIQ,640
2026-04-21,07:00,JB Sentral,Woodlands CIQ,640
2026-04-21,08:00,JB Sentral,Woodlands CIQ,320
2026-04-21,08:00,Woodlands CIQ,JB Sentral,274
2026-04-21,09:00,Woodlands CIQ,JB Sentral,318
2026-04-21,10:00,JB Sentral,Woodlands CIQ,322
2026-04-21,11:00,JB Sentral,Woodlands CIQ,257
2026-04-21,11:00,Woodlands CIQ,JB Sentral,320
2026-04-21,12:00,JB Sentral,Woodlands CIQ,182
2026-04-21,12:00,Woodlands CIQ,JB Sentral,240
2026-04-21,13:00,Woodlands CIQ,JB Sentral,132
2026-04-21,14:00,JB Sentral,Woodlands CIQ,214
2026-04-21,15:00,JB Sentral,Woodlands CIQ,322
2026-04-21,15:00,Woodlands CIQ,JB Sentral,84
2026-04-21,16:00,JB Sentral,Woodlands CIQ,323
2026-04-21,16:00,Woodlands CIQ,JB Sentral,77
2026-04-21,17:00,JB Sentral,Woodlands CIQ,320
2026-04-21,17:00,Woodlands CIQ,JB Sentral,212
2026-04-21,18:00,Woodlands CIQ,JB Sentral,320
2026-04-21,19:00,JB Sentral,Woodlands CIQ,322
2026-04-21,20:00,JB Sentral,Woodlands CIQ,323
2026-04-21,20:00,Woodlands CIQ,JB Sentral,320
2026-04-21,21:00,JB Sentral,Woodlands CIQ,321
2026-04-21,21:00,Woodlands CIQ,JB Sentral,320
2026-04-21,22:00,JB Sentral,Woodlands CIQ,188
2026-04-21,22:00,Woodlands CIQ,JB Sentral,206
2026-04-21,23:00,Woodlands CIQ,JB Sentral,57
2026-04-23,05:00,JB Sentral,Woodlands CIQ,640
2026-04-23,06:00,JB Sentral,Woodlands CIQ,639
2026-04-23,07:00,JB Sentral,Woodlands CIQ,640
2026-04-23,08:00,JB Sentral,Woodlands CIQ,320
2026-04-23,08:00,Woodlands CIQ,JB Sentral,312
2026-04-23,09:00,Woodlands CIQ,JB Sentral,320
2026-04-23,11:00,JB Sentral,Woodlands CIQ,300
2026-04-23,12:00,JB Sentral,Woodlands CIQ,171
2026-04-23,12:00,Woodlands CIQ,JB Sentral,322
2026-04-23,13:00,Woodlands CIQ,JB Sentral,320
2026-04-23,14:00,JB Sentral,Woodlands CIQ,231
2026-04-23,15:00,JB Sentral,Woodlands CIQ,314
2026-04-23,15:00,Woodlands CIQ,JB Sentral,178
2026-04-23,16:00,JB Sentral,Woodlands CIQ,322
2026-04-23,16:00,Woodlands CIQ,JB Sentral,113
2026-04-23,17:00,JB Sentral,Woodlands CIQ,320
2026-04-23,17:00,Woodlands CIQ,JB Sentral,317
2026-04-23,18:00,Woodlands CIQ,JB Sentral,320
2026-04-23,19:00,JB Sentral,Woodlands CIQ,323
2026-04-23,20:00,JB Sentral,Woodlands CIQ,321
2026-04-23,20:00,Woodlands CIQ,JB Sentral,320
2026-04-23,21:00,JB Sentral,Woodlands CIQ,319
2026-04-23,21:00,Woodlands CIQ,JB Sentral,320
2026-04-23,22:00,JB Sentral,Woodlands CIQ,166
2026-04-23,22:00,Woodlands CIQ,JB Sentral,320
2026-04-23,23:00,Woodlands CIQ,JB Sentral,102
2026-04-22,05:00,JB Sentral,Woodlands CIQ,640
2026-04-22,06:00,JB Sentral,Woodlands CIQ,640
2026-04-22,07:00,JB Sentral,Woodlands CIQ,640
2026-04-22,08:00,JB Sentral,Woodlands CIQ,320
2026-04-22,08:00,Woodlands CIQ,JB Sentral,318
2026-04-22,09:00,Woodlands CIQ,JB Sentral,317
2026-04-22,10:00,JB Sentral,Woodlands CIQ,320
2026-04-22,11:00,JB Sentral,Woodlands CIQ,218
2026-04-22,11:00,Woodlands CIQ,JB Sentral,319
2026-04-22,12:00,JB Sentral,Woodlands CIQ,190
2026-04-22,12:00,Woodlands CIQ,JB Sentral,327
2026-04-22,13:00,Woodlands CIQ,JB Sentral,126
2026-04-22,14:00,JB Sentral,Woodlands CIQ,181
2026-04-22,15:00,JB Sentral,Woodlands CIQ,275
2026-04-22,15:00,Woodlands CIQ,JB Sentral,118
2026-04-22,16:00,JB Sentral,Woodlands CIQ,319
2026-04-22,16:00,Woodlands CIQ,JB Sentral,95
2026-04-22,17:00,JB Sentral,Woodlands CIQ,322
2026-04-22,17:00,Woodlands CIQ,JB Sentral,195
2026-04-22,18:00,Woodlands CIQ,JB Sentral,320
2026-04-22,19:00,JB Sentral,Woodlands CIQ,324
2026-04-22,20:00,JB Sentral,Woodlands CIQ,319
2026-04-22,20:00,Woodlands CIQ,JB Sentral,313
2026-04-22,21:00,JB Sentral,Woodlands CIQ,320
2026-04-22,21:00,Woodlands CIQ,JB Sentral,320
2026-04-22,22:00,JB Sentral,Woodlands CIQ,178
2026-04-22,22:00,Woodlands CIQ,JB Sentral,278
2026-04-22,23:00,Woodlands CIQ,JB Sentral,78
2026-04-24,05:00,JB Sentral,Woodlands CIQ,640
2026-04-24,06:00,JB Sentral,Woodlands CIQ,640
2026-04-24,07:00,JB Sentral,Woodlands CIQ,640
2026-04-24,08:00,JB Sentral,Woodlands CIQ,320
2026-04-24,08:00,Woodlands CIQ,JB Sentral,320
2026-04-24,09:00,Woodlands CIQ,JB Sentral,320
2026-04-24,10:00,JB Sentral,Woodlands CIQ,322
2026-04-24,11:00,JB Sentral,Woodlands CIQ,195
2026-04-24,11:00,Woodlands CIQ,JB Sentral,321
2026-04-24,12:00,JB Sentral,Woodlands CIQ,185
2026-04-24,12:00,Woodlands CIQ,JB Sentral,324
2026-04-24,13:00,Woodlands CIQ,JB Sentral,325
2026-04-24,14:00,JB Sentral,Woodlands CIQ,236
2026-04-24,15:00,JB Sentral,Woodlands CIQ,321
2026-04-24,15:00,Woodlands CIQ,JB Sentral,325
2026-04-24,16:00,JB Sentral,Woodlands CIQ,320
2026-04-24,16:00,Woodlands CIQ,JB Sentral,326
2026-04-24,17:00,JB Sentral,Woodlands CIQ,322
2026-04-24,17:00,Woodlands CIQ,JB Sentral,321
2026-04-24,18:00,Woodlands CIQ,JB Sentral,320
2026-04-24,19:00,JB Sentral,Woodlands CIQ,323
2026-04-24,20:00,JB Sentral,Woodlands CIQ,320
2026-04-24,20:00,Woodlands CIQ,JB Sentral,320
2026-04-24,21:00,JB Sentral,Woodlands CIQ,321
2026-04-24,21:00,Woodlands CIQ,JB Sentral,321
2026-04-24,22:00,JB Sentral,Woodlands CIQ,304
2026-04-24,22:00,Woodlands CIQ,JB Sentral,320
2026-04-24,23:00,Woodlands CIQ,JB Sentral,319
2026-04-25,05:00,JB Sentral,Woodlands CIQ,211
2026-04-25,06:00,JB Sentral,Woodlands CIQ,385
2026-04-25,07:00,JB Sentral,Woodlands CIQ,525
2026-04-25,08:00,JB Sentral,Woodlands CIQ,327
2026-04-25,08:00,Woodlands CIQ,JB Sentral,320
2026-04-25,09:00,Woodlands CIQ,JB Sentral,319
2026-04-25,10:00,JB Sentral,Woodlands CIQ,306
2026-04-25,11:00,JB Sentral,Woodlands CIQ,260
2026-04-25,11:00,Woodlands CIQ,JB Sentral,322
2026-04-25,12:00,JB Sentral,Woodlands CIQ,269
2026-04-25,12:00,Woodlands CIQ,JB Sentral,323
2026-04-25,13:00,Woodlands CIQ,JB Sentral,321
2026-04-25,14:00,JB Sentral,Woodlands CIQ,322
2026-04-25,15:00,JB Sentral,Woodlands CIQ,325
2026-04-25,15:00,Woodlands CIQ,JB Sentral,319
2026-04-25,16:00,JB Sentral,Woodlands CIQ,322
2026-04-25,16:00,Woodlands CIQ,JB Sentral,326
2026-04-25,17:00,JB Sentral,Woodlands CIQ,323
2026-04-25,17:00,Woodlands CIQ,JB Sentral,322
2026-04-25,18:00,Woodlands CIQ,JB Sentral,323
2026-04-25,19:00,JB Sentral,Woodlands CIQ,321
2026-04-25,20:00,JB Sentral,Woodlands CIQ,320
2026-04-25,20:00,Woodlands CIQ,JB Sentral,227
2026-04-25,21:00,JB Sentral,Woodlands CIQ,316
2026-04-25,21:00,Woodlands CIQ,JB Sentral,169
2026-04-25,22:00,JB Sentral,Woodlands CIQ,316
2026-04-25,22:00,Woodlands CIQ,JB Sentral,194
2026-04-25,23:00,Woodlands CIQ,JB Sentral,52
2026-04-26,05:00,JB Sentral,Woodlands CIQ,131
2026-04-26,06:00,JB Sentral,Woodlands CIQ,201
2026-04-26,07:00,JB Sentral,Woodlands CIQ,434
2026-04-26,08:00,JB Sentral,Woodlands CIQ,324
2026-04-26,08:00,Woodlands CIQ,JB Sentral,321
2026-04-26,09:00,Woodlands CIQ,JB Sentral,320
2026-04-26,10:00,JB Sentral,Woodlands CIQ,324
2026-04-26,11:00,JB Sentral,Woodlands CIQ,325
2026-04-26,11:00,Woodlands CIQ,JB Sentral,320
2026-04-26,12:00,JB Sentral,Woodlands CIQ,327
2026-04-26,12:00,Woodlands CIQ,JB Sentral,326
2026-04-26,13:00,Woodlands CIQ,JB Sentral,327
2026-04-26,14:00,JB Sentral,Woodlands CIQ,324
2026-04-26,15:00,JB Sentral,Woodlands CIQ,323
2026-04-26,15:00,Woodlands CIQ,JB Sentral,203
2026-04-26,16:00,JB Sentral,Woodlands CIQ,307
2026-04-26,16:00,Woodlands CIQ,JB Sentral,153
2026-04-26,17:00,JB Sentral,Woodlands CIQ,319
2026-04-26,17:00,Woodlands CIQ,JB Sentral,99
2026-04-26,18:00,Woodlands CIQ,JB Sentral,128
2026-04-26,19:00,JB Sentral,Woodlands CIQ,317
2026-04-26,20:00,JB Sentral,Woodlands CIQ,319
2026-04-26,20:00,Woodlands CIQ,JB Sentral,102
2026-04-26,21:00,JB Sentral,Woodlands CIQ,320
2026-04-26,21:00,Woodlands CIQ,JB Sentral,80
2026-04-26,22:00,JB Sentral,Woodlands CIQ,320
2026-04-26,22:00,Woodlands CIQ,JB Sentral,89
2026-04-26,23:00,Woodlands CIQ,JB Sentral,32
2026-04-27,05:00,JB Sentral,Woodlands CIQ,640
2026-04-27,06:00,JB Sentral,Woodlands CIQ,640
2026-04-27,07:00,JB Sentral,Woodlands CIQ,640
2026-04-27,08:00,JB Sentral,Woodlands CIQ,320
2026-04-27,08:00,Woodlands CIQ,JB Sentral,314
2026-04-27,09:00,Woodlands CIQ,JB Sentral,319
2026-04-27,10:00,JB Sentral,Woodlands CIQ,322
2026-04-27,11:00,JB Sentral,Woodlands CIQ,324
2026-04-27,11:00,Woodlands CIQ,JB Sentral,321
2026-04-27,12:00,JB Sentral,Woodlands CIQ,329
2026-04-27,12:00,Woodlands CIQ,JB Sentral,323
2026-04-27,13:00,Woodlands CIQ,JB Sentral,235
2026-04-27,15:00,JB Sentral,Woodlands CIQ,323
2026-04-27,16:00,JB Sentral,Woodlands CIQ,325
2026-04-27,16:00,Woodlands CIQ,JB Sentral,117
2026-04-27,17:00,JB Sentral,Woodlands CIQ,321
2026-04-27,17:00,Woodlands CIQ,JB Sentral,191
2026-04-27,18:00,Woodlands CIQ,JB Sentral,320
2026-04-27,19:00,JB Sentral,Woodlands CIQ,320
2026-04-27,20:00,JB Sentral,Woodlands CIQ,323
2026-04-27,20:00,Woodlands CIQ,JB Sentral,320
2026-04-27,21:00,JB Sentral,Woodlands CIQ,319
2026-04-27,21:00,Woodlands CIQ,JB Sentral,305
2026-04-27,22:00,JB Sentral,Woodlands CIQ,321
2026-04-27,22:00,Woodlands CIQ,JB Sentral,158
2026-04-27,23:00,Woodlands CIQ,JB Sentral,45
2026-04-28,05:00,JB Sentral,Woodlands CIQ,640
2026-04-28,06:00,JB Sentral,Woodlands CIQ,640
2026-04-28,07:00,JB Sentral,Woodlands CIQ,640
2026-04-28,08:00,JB Sentral,Woodlands CIQ,320
2026-04-28,08:00,Woodlands CIQ,JB Sentral,320
2026-04-28,09:00,Woodlands CIQ,JB Sentral,319
2026-04-28,10:00,JB Sentral,Woodlands CIQ,320
2026-04-28,11:00,JB Sentral,Woodlands CIQ,215
2026-04-28,11:00,Woodlands CIQ,JB Sentral,322
2026-04-28,12:00,JB Sentral,Woodlands CIQ,213
2026-04-28,12:00,Woodlands CIQ,JB Sentral,310
2026-04-28,13:00,Woodlands CIQ,JB Sentral,157
2026-04-28,14:00,JB Sentral,Woodlands CIQ,201
2026-04-28,15:00,JB Sentral,Woodlands CIQ,324
2026-04-28,15:00,Woodlands CIQ,JB Sentral,103
2026-04-28,16:00,JB Sentral,Woodlands CIQ,321
2026-04-28,16:00,Woodlands CIQ,JB Sentral,100
2026-04-28,17:00,JB Sentral,Woodlands CIQ,320
2026-04-28,17:00,Woodlands CIQ,JB Sentral,223
2026-04-28,18:00,Woodlands CIQ,JB Sentral,320
2026-04-28,19:00,JB Sentral,Woodlands CIQ,321
2026-04-28,20:00,JB Sentral,Woodlands CIQ,322
2026-04-28,20:00,Woodlands CIQ,JB Sentral,320
2026-04-28,21:00,JB Sentral,Woodlands CIQ,320
2026-04-28,21:00,Woodlands CIQ,JB Sentral,320
2026-04-28,22:00,JB Sentral,Woodlands CIQ,204
2026-04-28,22:00,Woodlands CIQ,JB Sentral,233
2026-04-28,23:00,Woodlands CIQ,JB Sentral,71
2026-04-29,05:00,JB Sentral,Woodlands CIQ,640
2026-04-29,06:00,JB Sentral,Woodlands CIQ,640
2026-04-29,07:00,JB Sentral,Woodlands CIQ,640
2026-04-29,08:00,JB Sentral,Woodlands CIQ,320
2026-04-29,08:00,Woodlands CIQ,JB Sentral,320
2026-04-29,09:00,Woodlands CIQ,JB Sentral,320
2026-04-29,10:00,JB Sentral,Woodlands CIQ,321
2026-04-29,11:00,JB Sentral,Woodlands CIQ,222
2026-04-29,11:00,Woodlands CIQ,JB Sentral,320
2026-04-29,12:00,JB Sentral,Woodlands CIQ,214
2026-04-29,12:00,Woodlands CIQ,JB Sentral,326
2026-04-29,13:00,Woodlands CIQ,JB Sentral,324
2026-04-29,14:00,JB Sentral,Woodlands CIQ,210
2026-04-29,15:00,JB Sentral,Woodlands CIQ,324
2026-04-29,15:00,Woodlands CIQ,JB Sentral,254
2026-04-29,16:00,JB Sentral,Woodlands CIQ,322
2026-04-29,16:00,Woodlands CIQ,JB Sentral,193
2026-04-29,17:00,JB Sentral,Woodlands CIQ,321
2026-04-29,17:00,Woodlands CIQ,JB Sentral,322
2026-04-29,18:00,Woodlands CIQ,JB Sentral,320
2026-04-29,19:00,JB Sentral,Woodlands CIQ,321
2026-04-29,20:00,JB Sentral,Woodlands CIQ,321
2026-04-29,20:00,Woodlands CIQ,JB Sentral,318
2026-04-29,21:00,JB Sentral,Woodlands CIQ,320
2026-04-29,21:00,Woodlands CIQ,JB Sentral,320
2026-04-29,22:00,JB Sentral,Woodlands CIQ,217
2026-04-29,22:00,Woodlands CIQ,JB Sentral,320
2026-04-29,23:00,Woodlands CIQ,JB Sentral,175
2026-04-30,05:00,JB Sentral,Woodlands CIQ,640
2026-04-30,06:00,JB Sentral,Woodlands CIQ,640
2026-04-30,07:00,JB Sentral,Woodlands CIQ,639
2026-04-30,08:00,JB Sentral,Woodlands CIQ,320
2026-04-30,08:00,Woodlands CIQ,JB Sentral,320
2026-04-30,09:00,Woodlands CIQ,JB Sentral,318
2026-04-30,11:00,JB Sentral,Woodlands CIQ,289
2026-04-30,12:00,JB Sentral,Woodlands CIQ,225
2026-04-30,12:00,Woodlands CIQ,JB Sentral,332
2026-04-30,13:00,Woodlands CIQ,JB Sentral,324
2026-04-30,14:00,JB Sentral,Woodlands CIQ,264
2026-04-30,15:00,JB Sentral,Woodlands CIQ,319
2026-04-30,15:00,Woodlands CIQ,JB Sentral,321
2026-04-30,16:00,JB Sentral,Woodlands CIQ,322
2026-04-30,16:00,Woodlands CIQ,JB Sentral,326
2026-04-30,17:00,JB Sentral,Woodlands CIQ,323
2026-04-30,17:00,Woodlands CIQ,JB Sentral,323
2026-04-30,18:00,Woodlands CIQ,JB Sentral,321
2026-04-30,19:00,JB Sentral,Woodlands CIQ,320
2026-04-30,20:00,JB Sentral,Woodlands CIQ,321
2026-04-30,20:00,Woodlands CIQ,JB Sentral,320
2026-04-30,21:00,JB Sentral,Woodlands CIQ,324
2026-04-30,21:00,Woodlands CIQ,JB Sentral,321
2026-04-30,22:00,JB Sentral,Woodlands CIQ,295
2026-04-30,22:00,Woodlands CIQ,JB Sentral,320
2026-04-30,23:00,Woodlands CIQ,JB Sentral,321
2026-05-01,05:00,JB Sentral,Woodlands CIQ,193
2026-05-01,06:00,JB Sentral,Woodlands CIQ,183
2026-05-01,07:00,JB Sentral,Woodlands CIQ,338
2026-05-01,08:00,JB Sentral,Woodlands CIQ,321
2026-05-01,08:00,Woodlands CIQ,JB Sentral,320
2026-05-01,09:00,Woodlands CIQ,JB Sentral,321
2026-05-01,10:00,JB Sentral,Woodlands CIQ,325
2026-05-01,11:00,JB Sentral,Woodlands CIQ,323
2026-05-01,11:00,Woodlands CIQ,JB Sentral,320
2026-05-01,12:00,JB Sentral,Woodlands CIQ,321
2026-05-01,12:00,Woodlands CIQ,JB Sentral,328
2026-05-01,13:00,Woodlands CIQ,JB Sentral,323
2026-05-01,14:00,JB Sentral,Woodlands CIQ,316
2026-05-01,15:00,JB Sentral,Woodlands CIQ,322
2026-05-01,15:00,Woodlands CIQ,JB Sentral,323
2026-05-01,16:00,JB Sentral,Woodlands CIQ,323
2026-05-01,16:00,Woodlands CIQ,JB Sentral,324
2026-05-01,17:00,JB Sentral,Woodlands CIQ,324
2026-05-01,17:00,Woodlands CIQ,JB Sentral,326
2026-05-01,18:00,Woodlands CIQ,JB Sentral,321
2026-05-01,19:00,JB Sentral,Woodlands CIQ,321
2026-05-01,20:00,JB Sentral,Woodlands CIQ,321
2026-05-01,20:00,Woodlands CIQ,JB Sentral,318
2026-05-01,21:00,JB Sentral,Woodlands CIQ,319
2026-05-01,21:00,Woodlands CIQ,JB Sentral,320
2026-05-01,22:00,JB Sentral,Woodlands CIQ,319
2026-05-01,22:00,Woodlands CIQ,JB Sentral,317
2026-05-01,23:00,Woodlands CIQ,JB Sentral,305
2026-05-02,05:00,JB Sentral,Woodlands CIQ,182
2026-05-02,06:00,JB Sentral,Woodlands CIQ,405
2026-05-02,07:00,JB Sentral,Woodlands CIQ,640
2026-05-02,08:00,JB Sentral,Woodlands CIQ,322
2026-05-02,08:00,Woodlands CIQ,JB Sentral,320
2026-05-02,09:00,Woodlands CIQ,JB Sentral,320
2026-05-02,10:00,JB Sentral,Woodlands CIQ,325
2026-05-02,11:00,JB Sentral,Woodlands CIQ,321
2026-05-02,11:00,Woodlands CIQ,JB Sentral,319
2026-05-02,12:00,JB Sentral,Woodlands CIQ,320
2026-05-02,12:00,Woodlands CIQ,JB Sentral,326
2026-05-02,13:00,Woodlands CIQ,JB Sentral,324
2026-05-02,14:00,JB Sentral,Woodlands CIQ,323
2026-05-02,15:00,JB Sentral,Woodlands CIQ,324
2026-05-02,15:00,Woodlands CIQ,JB Sentral,320
2026-05-02,16:00,JB Sentral,Woodlands CIQ,325
2026-05-02,16:00,Woodlands CIQ,JB Sentral,323
2026-05-02,17:00,JB Sentral,Woodlands CIQ,325
2026-05-02,17:00,Woodlands CIQ,JB Sentral,323
2026-05-02,18:00,Woodlands CIQ,JB Sentral,319
2026-05-02,19:00,JB Sentral,Woodlands CIQ,322
2026-05-02,20:00,JB Sentral,Woodlands CIQ,320
2026-05-02,20:00,Woodlands CIQ,JB Sentral,205
2026-05-02,21:00,JB Sentral,Woodlands CIQ,320
2026-05-02,21:00,Woodlands CIQ,JB Sentral,208
2026-05-02,22:00,JB Sentral,Woodlands CIQ,321
2026-05-02,22:00,Woodlands CIQ,JB Sentral,205
2026-05-02,23:00,Woodlands CIQ,JB Sentral,140
2026-05-03,05:00,JB Sentral,Woodlands CIQ,138
2026-05-03,06:00,JB Sentral,Woodlands CIQ,257
2026-05-03,07:00,JB Sentral,Woodlands CIQ,645
2026-05-03,08:00,JB Sentral,Woodlands CIQ,324
2026-05-03,08:00,Woodlands CIQ,JB Sentral,320
2026-05-03,09:00,Woodlands CIQ,JB Sentral,320
2026-05-03,10:00,JB Sentral,Woodlands CIQ,326
2026-05-03,11:00,JB Sentral,Woodlands CIQ,323
2026-05-03,11:00,Woodlands CIQ,JB Sentral,320
2026-05-03,12:00,JB Sentral,Woodlands CIQ,324
2026-05-03,12:00,Woodlands CIQ,JB Sentral,324
2026-05-03,13:00,Woodlands CIQ,JB Sentral,300
2026-05-03,14:00,JB Sentral,Woodlands CIQ,324
2026-05-03,15:00,JB Sentral,Woodlands CIQ,325
2026-05-03,15:00,Woodlands CIQ,JB Sentral,212
2026-05-03,16:00,JB Sentral,Woodlands CIQ,323
2026-05-03,16:00,Woodlands CIQ,JB Sentral,174
2026-05-03,17:00,JB Sentral,Woodlands CIQ,321
2026-05-03,17:00,Woodlands CIQ,JB Sentral,107
2026-05-03,18:00,Woodlands CIQ,JB Sentral,103
2026-05-03,19:00,JB Sentral,Woodlands CIQ,321
2026-05-03,20:00,JB Sentral,Woodlands CIQ,321
2026-05-03,20:00,Woodlands CIQ,JB Sentral,76
2026-05-03,21:00,JB Sentral,Woodlands CIQ,323
2026-05-03,21:00,Woodlands CIQ,JB Sentral,81
2026-05-03,22:00,JB Sentral,Woodlands CIQ,320
2026-05-03,22:00,Woodlands CIQ,JB Sentral,103
2026-05-03,23:00,Woodlands CIQ,JB Sentral,57
2026-05-04,05:00,JB Sentral,Woodlands CIQ,640
2026-05-04,06:00,JB Sentral,Woodlands CIQ,640
2026-05-04,07:00,JB Sentral,Woodlands CIQ,640
2026-05-04,08:00,JB Sentral,Woodlands CIQ,320
2026-05-04,08:00,Woodlands CIQ,JB Sentral,296
2026-05-04,09:00,Woodlands CIQ,JB Sentral,321
2026-05-04,10:00,JB Sentral,Woodlands CIQ,320
2026-05-04,11:00,JB Sentral,Woodlands CIQ,325
2026-05-04,11:00,Woodlands CIQ,JB Sentral,320
2026-05-04,12:00,JB Sentral,Woodlands CIQ,325
2026-05-04,12:00,Woodlands CIQ,JB Sentral,321
2026-05-04,13:00,Woodlands CIQ,JB Sentral,231
2026-05-04,15:00,JB Sentral,Woodlands CIQ,325
2026-05-04,16:00,JB Sentral,Woodlands CIQ,321
2026-05-04,16:00,Woodlands CIQ,JB Sentral,80
2026-05-04,17:00,JB Sentral,Woodlands CIQ,325
2026-05-04,17:00,Woodlands CIQ,JB Sentral,211
2026-05-04,18:00,Woodlands CIQ,JB Sentral,320
2026-05-04,19:00,JB Sentral,Woodlands CIQ,321
2026-05-04,20:00,JB Sentral,Woodlands CIQ,321
2026-05-04,20:00,Woodlands CIQ,JB Sentral,320
2026-05-04,21:00,JB Sentral,Woodlands CIQ,320
2026-05-04,21:00,Woodlands CIQ,JB Sentral,265
2026-05-04,22:00,JB Sentral,Woodlands CIQ,318
2026-05-04,22:00,Woodlands CIQ,JB Sentral,139
2026-05-04,23:00,Woodlands CIQ,JB Sentral,39
2026-05-05,05:00,JB Sentral,Woodlands CIQ,640
2026-05-05,06:00,JB Sentral,Woodlands CIQ,640
2026-05-05,07:00,JB Sentral,Woodlands CIQ,639
2026-05-05,08:00,JB Sentral,Woodlands CIQ,320
2026-05-05,08:00,Woodlands CIQ,JB Sentral,318
2026-05-05,09:00,Woodlands CIQ,JB Sentral,320
2026-05-05,10:00,JB Sentral,Woodlands CIQ,321
2026-05-05,11:00,JB Sentral,Woodlands CIQ,238
2026-05-05,11:00,Woodlands CIQ,JB Sentral,321
2026-05-05,12:00,JB Sentral,Woodlands CIQ,245
2026-05-05,12:00,Woodlands CIQ,JB Sentral,319
2026-05-05,13:00,Woodlands CIQ,JB Sentral,136
2026-05-05,14:00,JB Sentral,Woodlands CIQ,259
2026-05-05,15:00,JB Sentral,Woodlands CIQ,323
2026-05-05,15:00,Woodlands CIQ,JB Sentral,101
2026-05-05,16:00,JB Sentral,Woodlands CIQ,320
2026-05-05,16:00,Woodlands CIQ,JB Sentral,74
2026-05-05,17:00,JB Sentral,Woodlands CIQ,321
2026-05-05,17:00,Woodlands CIQ,JB Sentral,187
2026-05-05,18:00,Woodlands CIQ,JB Sentral,320
2026-05-05,19:00,JB Sentral,Woodlands CIQ,321
2026-05-05,20:00,JB Sentral,Woodlands CIQ,324
2026-05-05,20:00,Woodlands CIQ,JB Sentral,320
2026-05-05,21:00,JB Sentral,Woodlands CIQ,317
2026-05-05,21:00,Woodlands CIQ,JB Sentral,320
2026-05-05,22:00,JB Sentral,Woodlands CIQ,216
2026-05-05,22:00,Woodlands CIQ,JB Sentral,170
2026-05-05,23:00,Woodlands CIQ,JB Sentral,54
2026-05-06,05:00,JB Sentral,Woodlands CIQ,640
2026-05-06,06:00,JB Sentral,Woodlands CIQ,640
2026-05-06,07:00,JB Sentral,Woodlands CIQ,640
2026-05-06,08:00,JB Sentral,Woodlands CIQ,320
2026-05-06,08:00,Woodlands CIQ,JB Sentral,320
2026-05-06,09:00,Woodlands CIQ,JB Sentral,320
2026-05-06,10:00,JB Sentral,Woodlands CIQ,320
2026-05-06,11:00,JB Sentral,Woodlands CIQ,226
2026-05-06,11:00,Woodlands CIQ,JB Sentral,320
2026-05-06,12:00,JB Sentral,Woodlands CIQ,191
2026-05-06,12:00,Woodlands CIQ,JB Sentral,323
2026-05-06,13:00,Woodlands CIQ,JB Sentral,153
2026-05-06,14:00,JB Sentral,Woodlands CIQ,177
2026-05-06,15:00,JB Sentral,Woodlands CIQ,322
2026-05-06,15:00,Woodlands CIQ,JB Sentral,86
2026-05-06,16:00,JB Sentral,Woodlands CIQ,319
2026-05-06,16:00,Woodlands CIQ,JB Sentral,107
2026-05-06,17:00,JB Sentral,Woodlands CIQ,320
2026-05-06,17:00,Woodlands CIQ,JB Sentral,257
2026-05-06,18:00,Woodlands CIQ,JB Sentral,320
2026-05-06,19:00,JB Sentral,Woodlands CIQ,320
2026-05-06,20:00,JB Sentral,Woodlands CIQ,321
2026-05-06,20:00,Woodlands CIQ,JB Sentral,320
2026-05-06,21:00,JB Sentral,Woodlands CIQ,321
2026-05-06,21:00,Woodlands CIQ,JB Sentral,320
2026-05-06,22:00,JB Sentral,Woodlands CIQ,192
2026-05-06,22:00,Woodlands CIQ,JB Sentral,205
2026-05-06,23:00,Woodlands CIQ,JB Sentral,55
2026-05-07,05:00,JB Sentral,Woodlands CIQ,640
2026-05-07,06:00,JB Sentral,Woodlands CIQ,640
2026-05-07,07:00,JB Sentral,Woodlands CIQ,640
2026-05-07,08:00,JB Sentral,Woodlands CIQ,320
2026-05-07,08:00,Woodlands CIQ,JB Sentral,320
2026-05-07,09:00,Woodlands CIQ,JB Sentral,320
2026-05-07,11:00,JB Sentral,Woodlands CIQ,315
2026-05-07,12:00,JB Sentral,Woodlands CIQ,195
2026-05-07,12:00,Woodlands CIQ,JB Sentral,324
2026-05-07,13:00,Woodlands CIQ,JB Sentral,320
2026-05-07,14:00,JB Sentral,Woodlands CIQ,255
2026-05-07,15:00,JB Sentral,Woodlands CIQ,317
2026-05-07,15:00,Woodlands CIQ,JB Sentral,146
2026-05-07,16:00,JB Sentral,Woodlands CIQ,320
2026-05-07,16:00,Woodlands CIQ,JB Sentral,125
2026-05-07,17:00,JB Sentral,Woodlands CIQ,322
2026-05-07,17:00,Woodlands CIQ,JB Sentral,321
2026-05-07,18:00,Woodlands CIQ,JB Sentral,320
2026-05-07,19:00,JB Sentral,Woodlands CIQ,323
2026-05-07,20:00,JB Sentral,Woodlands CIQ,320
2026-05-07,20:00,Woodlands CIQ,JB Sentral,320
2026-05-07,21:00,JB Sentral,Woodlands CIQ,321
2026-05-07,21:00,Woodlands CIQ,JB Sentral,320
2026-05-07,22:00,JB Sentral,Woodlands CIQ,216
2026-05-07,22:00,Woodlands CIQ,JB Sentral,322
2026-05-07,23:00,Woodlands CIQ,JB Sentral,66
2026-05-08,05:00,JB Sentral,Woodlands CIQ,640
2026-05-08,06:00,JB Sentral,Woodlands CIQ,640
2026-05-08,07:00,JB Sentral,Woodlands CIQ,640
2026-05-08,08:00,JB Sentral,Woodlands CIQ,320
2026-05-08,08:00,Woodlands CIQ,JB Sentral,321
2026-05-08,09:00,Woodlands CIQ,JB Sentral,320
2026-05-08,10:00,JB Sentral,Woodlands CIQ,278
2026-05-08,11:00,JB Sentral,Woodlands CIQ,182
2026-05-08,11:00,Woodlands CIQ,JB Sentral,323
2026-05-08,12:00,JB Sentral,Woodlands CIQ,205
2026-05-08,12:00,Woodlands CIQ,JB Sentral,321
2026-05-08,13:00,Woodlands CIQ,JB Sentral,324
2026-05-08,14:00,JB Sentral,Woodlands CIQ,208
2026-05-08,15:00,JB Sentral,Woodlands CIQ,308
2026-05-08,15:00,Woodlands CIQ,JB Sentral,321
2026-05-08,16:00,JB Sentral,Woodlands CIQ,321
2026-05-08,16:00,Woodlands CIQ,JB Sentral,332
2026-05-08,17:00,JB Sentral,Woodlands CIQ,318
2026-05-08,17:00,Woodlands CIQ,JB Sentral,320
2026-05-08,18:00,Woodlands CIQ,JB Sentral,320
2026-05-08,19:00,JB Sentral,Woodlands CIQ,319
2026-05-08,20:00,JB Sentral,Woodlands CIQ,319
2026-05-08,20:00,Woodlands CIQ,JB Sentral,320
2026-05-08,21:00,JB Sentral,Woodlands CIQ,320
2026-05-08,21:00,Woodlands CIQ,JB Sentral,322
2026-05-08,22:00,JB Sentral,Woodlands CIQ,318
2026-05-08,22:00,Woodlands CIQ,JB Sentral,318
2026-05-08,23:00,Woodlands CIQ,JB Sentral,320
2026-05-09,05:00,JB Sentral,Woodlands CIQ,187
2026-05-09,06:00,JB Sentral,Woodlands CIQ,371
2026-05-09,07:00,JB Sentral,Woodlands CIQ,536
2026-05-09,08:00,JB Sentral,Woodlands CIQ,322
2026-05-09,08:00,Woodlands CIQ,JB Sentral,321
2026-05-09,09:00,Woodlands CIQ,JB Sentral,321
2026-05-09,10:00,JB Sentral,Woodlands CIQ,323
2026-05-09,11:00,JB Sentral,Woodlands CIQ,312
2026-05-09,11:00,Woodlands CIQ,JB Sentral,322
2026-05-09,12:00,JB Sentral,Woodlands CIQ,317
2026-05-09,12:00,Woodlands CIQ,JB Sentral,320
2026-05-09,13:00,Woodlands CIQ,JB Sentral,326
2026-05-09,14:00,JB Sentral,Woodlands CIQ,322
2026-05-09,15:00,JB Sentral,Woodlands CIQ,320
2026-05-09,15:00,Woodlands CIQ,JB Sentral,322
2026-05-09,16:00,JB Sentral,Woodlands CIQ,321
2026-05-09,16:00,Woodlands CIQ,JB Sentral,323
2026-05-09,17:00,JB Sentral,Woodlands CIQ,323
2026-05-09,17:00,Woodlands CIQ,JB Sentral,325
2026-05-09,18:00,Woodlands CIQ,JB Sentral,321
2026-05-09,19:00,JB Sentral,Woodlands CIQ,323
2026-05-09,20:00,JB Sentral,Woodlands CIQ,318
2026-05-09,20:00,Woodlands CIQ,JB Sentral,216
2026-05-09,21:00,JB Sentral,Woodlands CIQ,320
2026-05-09,21:00,Woodlands CIQ,JB Sentral,174
2026-05-09,22:00,JB Sentral,Woodlands CIQ,320
2026-05-09,22:00,Woodlands CIQ,JB Sentral,229
2026-05-09,23:00,Woodlands CIQ,JB Sentral,96
2026-05-10,05:00,JB Sentral,Woodlands CIQ,113
2026-05-10,06:00,JB Sentral,Woodlands CIQ,176
2026-05-10,07:00,JB Sentral,Woodlands CIQ,334
2026-05-10,08:00,JB Sentral,Woodlands CIQ,322
2026-05-10,08:00,Woodlands CIQ,JB Sentral,316
2026-05-10,09:00,Woodlands CIQ,JB Sentral,320
2026-05-10,10:00,JB Sentral,Woodlands CIQ,326
2026-05-10,11:00,JB Sentral,Woodlands CIQ,323
2026-05-10,11:00,Woodlands CIQ,JB Sentral,320
2026-05-10,12:00,JB Sentral,Woodlands CIQ,322
2026-05-10,12:00,Woodlands CIQ,JB Sentral,322
2026-05-10,13:00,Woodlands CIQ,JB Sentral,289
2026-05-10,14:00,JB Sentral,Woodlands CIQ,322
2026-05-10,15:00,JB Sentral,Woodlands CIQ,324
2026-05-10,15:00,Woodlands CIQ,JB Sentral,175
2026-05-10,16:00,JB Sentral,Woodlands CIQ,322
2026-05-10,16:00,Woodlands CIQ,JB Sentral,126
2026-05-10,17:00,JB Sentral,Woodlands CIQ,321
2026-05-10,17:00,Woodlands CIQ,JB Sentral,96
2026-05-10,18:00,Woodlands CIQ,JB Sentral,103
2026-05-10,19:00,JB Sentral,Woodlands CIQ,321
2026-05-10,20:00,JB Sentral,Woodlands CIQ,320
2026-05-10,20:00,Woodlands CIQ,JB Sentral,78
2026-05-10,21:00,JB Sentral,Woodlands CIQ,318
2026-05-10,21:00,Woodlands CIQ,JB Sentral,81
2026-05-10,22:00,JB Sentral,Woodlands CIQ,320
2026-05-10,22:00,Woodlands CIQ,JB Sentral,62
2026-05-10,23:00,Woodlands CIQ,JB Sentral,34
2026-05-11,05:00,JB Sentral,Woodlands CIQ,640
2026-05-11,06:00,JB Sentral,Woodlands CIQ,640
2026-05-11,07:00,JB Sentral,Woodlands CIQ,640
2026-05-11,08:00,JB Sentral,Woodlands CIQ,320
2026-05-11,08:00,Woodlands CIQ,JB Sentral,320
2026-05-11,09:00,Woodlands CIQ,JB Sentral,320
2026-05-11,10:00,JB Sentral,Woodlands CIQ,325
2026-05-11,11:00,JB Sentral,Woodlands CIQ,323
2026-05-11,11:00,Woodlands CIQ,JB Sentral,321
2026-05-11,12:00,JB Sentral,Woodlands CIQ,325
2026-05-11,12:00,Woodlands CIQ,JB Sentral,322
2026-05-11,13:00,Woodlands CIQ,JB Sentral,203
2026-05-11,15:00,JB Sentral,Woodlands CIQ,328
2026-05-11,16:00,JB Sentral,Woodlands CIQ,320
2026-05-11,16:00,Woodlands CIQ,JB Sentral,79
2026-05-11,17:00,JB Sentral,Woodlands CIQ,323
2026-05-11,17:00,Woodlands CIQ,JB Sentral,197
2026-05-11,18:00,Woodlands CIQ,JB Sentral,320
2026-05-11,19:00,JB Sentral,Woodlands CIQ,321
2026-05-11,20:00,JB Sentral,Woodlands CIQ,320
2026-05-11,20:00,Woodlands CIQ,JB Sentral,320
2026-05-11,21:00,JB Sentral,Woodlands CIQ,320
2026-05-11,21:00,Woodlands CIQ,JB Sentral,287
2026-05-11,22:00,JB Sentral,Woodlands CIQ,317
2026-05-11,22:00,Woodlands CIQ,JB Sentral,143
2026-05-11,23:00,Woodlands CIQ,JB Sentral,33
2026-05-12,05:00,JB Sentral,Woodlands CIQ,640
2026-05-12,06:00,JB Sentral,Woodlands CIQ,640
2026-05-12,07:00,JB Sentral,Woodlands CIQ,640
2026-05-12,08:00,JB Sentral,Woodlands CIQ,320
2026-05-12,08:00,Woodlands CIQ,JB Sentral,320
2026-05-12,09:00,Woodlands CIQ,JB Sentral,320
2026-05-12,10:00,JB Sentral,Woodlands CIQ,324
2026-05-12,11:00,JB Sentral,Woodlands CIQ,220
2026-05-12,11:00,Woodlands CIQ,JB Sentral,323
2026-05-12,12:00,JB Sentral,Woodlands CIQ,197
2026-05-12,12:00,Woodlands CIQ,JB Sentral,278
2026-05-12,13:00,Woodlands CIQ,JB Sentral,122
2026-05-12,14:00,JB Sentral,Woodlands CIQ,251
2026-05-12,15:00,JB Sentral,Woodlands CIQ,321
2026-05-12,15:00,Woodlands CIQ,JB Sentral,105
2026-05-12,16:00,JB Sentral,Woodlands CIQ,321
2026-05-12,16:00,Woodlands CIQ,JB Sentral,79
2026-05-12,17:00,JB Sentral,Woodlands CIQ,323
2026-05-12,17:00,Woodlands CIQ,JB Sentral,221
2026-05-12,18:00,Woodlands CIQ,JB Sentral,320
2026-05-12,19:00,JB Sentral,Woodlands CIQ,322
2026-05-12,20:00,JB Sentral,Woodlands CIQ,321
2026-05-12,20:00,Woodlands CIQ,JB Sentral,320
2026-05-12,21:00,JB Sentral,Woodlands CIQ,320
2026-05-12,21:00,Woodlands CIQ,JB Sentral,322
2026-05-12,22:00,JB Sentral,Woodlands CIQ,229
2026-05-12,22:00,Woodlands CIQ,JB Sentral,190
2026-05-12,23:00,Woodlands CIQ,JB Sentral,50
2026-05-13,05:00,JB Sentral,Woodlands CIQ,640
2026-05-13,06:00,JB Sentral,Woodlands CIQ,640
2026-05-13,07:00,JB Sentral,Woodlands CIQ,640
2026-05-13,08:00,JB Sentral,Woodlands CIQ,320
2026-05-13,08:00,Woodlands CIQ,JB Sentral,320
2026-05-13,09:00,Woodlands CIQ,JB Sentral,320
2026-05-13,10:00,JB Sentral,Woodlands CIQ,320
2026-05-13,11:00,JB Sentral,Woodlands CIQ,247
2026-05-13,11:00,Woodlands CIQ,JB Sentral,324
2026-05-13,12:00,JB Sentral,Woodlands CIQ,181
2026-05-13,12:00,Woodlands CIQ,JB Sentral,326
2026-05-13,13:00,Woodlands CIQ,JB Sentral,151
2026-05-13,14:00,JB Sentral,Woodlands CIQ,199
2026-05-13,15:00,JB Sentral,Woodlands CIQ,324
2026-05-13,15:00,Woodlands CIQ,JB Sentral,99
2026-05-13,16:00,JB Sentral,Woodlands CIQ,323
2026-05-13,16:00,Woodlands CIQ,JB Sentral,84
2026-05-13,17:00,JB Sentral,Woodlands CIQ,321
2026-05-13,17:00,Woodlands CIQ,JB Sentral,238
2026-05-13,18:00,Woodlands CIQ,JB Sentral,320
2026-05-13,19:00,JB Sentral,Woodlands CIQ,321
2026-05-13,20:00,JB Sentral,Woodlands CIQ,323
2026-05-13,20:00,Woodlands CIQ,JB Sentral,320
2026-05-13,21:00,JB Sentral,Woodlands CIQ,320
2026-05-13,21:00,Woodlands CIQ,JB Sentral,320
2026-05-13,22:00,JB Sentral,Woodlands CIQ,196
2026-05-13,22:00,Woodlands CIQ,JB Sentral,225
2026-05-13,23:00,Woodlands CIQ,JB Sentral,52
2026-05-14,05:00,JB Sentral,Woodlands CIQ,640
2026-05-14,06:00,JB Sentral,Woodlands CIQ,634
2026-05-14,07:00,JB Sentral,Woodlands CIQ,639
2026-05-14,08:00,JB Sentral,Woodlands CIQ,320
2026-05-14,08:00,Woodlands CIQ,JB Sentral,321
2026-05-14,09:00,Woodlands CIQ,JB Sentral,320
2026-05-14,10:00,JB Sentral,Woodlands CIQ,145
2026-05-14,11:00,JB Sentral,Woodlands CIQ,264
2026-05-14,11:00,Woodlands CIQ,JB Sentral,181
2026-05-14,12:00,JB Sentral,Woodlands CIQ,231
2026-05-14,12:00,Woodlands CIQ,JB Sentral,326
2026-05-14,13:00,Woodlands CIQ,JB Sentral,266
2026-05-14,14:00,JB Sentral,Woodlands CIQ,227
2026-05-14,15:00,JB Sentral,Woodlands CIQ,316
2026-05-14,15:00,Woodlands CIQ,JB Sentral,174
2026-05-14,16:00,JB Sentral,Woodlands CIQ,322
2026-05-14,16:00,Woodlands CIQ,JB Sentral,120
2026-05-14,17:00,JB Sentral,Woodlands CIQ,321
2026-05-14,17:00,Woodlands CIQ,JB Sentral,321
2026-05-14,18:00,Woodlands CIQ,JB Sentral,320
2026-05-14,19:00,JB Sentral,Woodlands CIQ,324
2026-05-14,20:00,JB Sentral,Woodlands CIQ,322
2026-05-14,20:00,Woodlands CIQ,JB Sentral,320
2026-05-14,21:00,JB Sentral,Woodlands CIQ,323
2026-05-14,21:00,Woodlands CIQ,JB Sentral,321
2026-05-14,22:00,JB Sentral,Woodlands CIQ,273
2026-05-14,22:00,Woodlands CIQ,JB Sentral,320
2026-05-14,23:00,Woodlands CIQ,JB Sentral,106
2026-05-15,05:00,JB Sentral,Woodlands CIQ,640
2026-05-15,06:00,JB Sentral,Woodlands CIQ,640
2026-05-15,07:00,JB Sentral,Woodlands CIQ,634
2026-05-15,08:00,JB Sentral,Woodlands CIQ,320
2026-05-15,08:00,Woodlands CIQ,JB Sentral,320
2026-05-15,09:00,Woodlands CIQ,JB Sentral,320
2026-05-15,10:00,JB Sentral,Woodlands CIQ,319
2026-05-15,11:00,JB Sentral,Woodlands CIQ,187
2026-05-15,11:00,Woodlands CIQ,JB Sentral,322
2026-05-15,12:00,JB Sentral,Woodlands CIQ,202
2026-05-15,12:00,Woodlands CIQ,JB Sentral,328
2026-05-15,13:00,Woodlands CIQ,JB Sentral,325
2026-05-15,14:00,JB Sentral,Woodlands CIQ,274
2026-05-15,15:00,JB Sentral,Woodlands CIQ,291
2026-05-15,15:00,Woodlands CIQ,JB Sentral,321
2026-05-15,16:00,JB Sentral,Woodlands CIQ,324
2026-05-15,16:00,Woodlands CIQ,JB Sentral,316
2026-05-15,17:00,JB Sentral,Woodlands CIQ,321
2026-05-15,17:00,Woodlands CIQ,JB Sentral,322
2026-05-15,18:00,Woodlands CIQ,JB Sentral,320
2026-05-15,19:00,JB Sentral,Woodlands CIQ,321
2026-05-15,20:00,JB Sentral,Woodlands CIQ,321
2026-05-15,20:00,Woodlands CIQ,JB Sentral,321
2026-05-15,21:00,JB Sentral,Woodlands CIQ,320
2026-05-15,21:00,Woodlands CIQ,JB Sentral,302
2026-05-15,22:00,JB Sentral,Woodlands CIQ,319
2026-05-15,22:00,Woodlands CIQ,JB Sentral,320
2026-05-15,23:00,Woodlands CIQ,JB Sentral,320
2026-05-16,05:00,JB Sentral,Woodlands CIQ,183
2026-05-16,06:00,JB Sentral,Woodlands CIQ,342
2026-05-16,07:00,JB Sentral,Woodlands CIQ,574
2026-05-16,08:00,JB Sentral,Woodlands CIQ,322
2026-05-16,08:00,Woodlands CIQ,JB Sentral,321
2026-05-16,09:00,Woodlands CIQ,JB Sentral,320
2026-05-16,10:00,JB Sentral,Woodlands CIQ,328
2026-05-16,11:00,JB Sentral,Woodlands CIQ,270
2026-05-16,11:00,Woodlands CIQ,JB Sentral,322
2026-05-16,12:00,JB Sentral,Woodlands CIQ,321
2026-05-16,12:00,Woodlands CIQ,JB Sentral,326
2026-05-16,13:00,Woodlands CIQ,JB Sentral,320
2026-05-16,14:00,JB Sentral,Woodlands CIQ,325
2026-05-16,15:00,JB Sentral,Woodlands CIQ,322
2026-05-16,15:00,Woodlands CIQ,JB Sentral,320
2026-05-16,16:00,JB Sentral,Woodlands CIQ,323
2026-05-16,16:00,Woodlands CIQ,JB Sentral,324
2026-05-16,17:00,JB Sentral,Woodlands CIQ,320
2026-05-16,17:00,Woodlands CIQ,JB Sentral,322
2026-05-16,18:00,Woodlands CIQ,JB Sentral,326
2026-05-16,19:00,JB Sentral,Woodlands CIQ,322
2026-05-16,20:00,JB Sentral,Woodlands CIQ,322
2026-05-16,20:00,Woodlands CIQ,JB Sentral,197
2026-05-16,21:00,JB Sentral,Woodlands CIQ,321
2026-05-16,21:00,Woodlands CIQ,JB Sentral,223
2026-05-16,22:00,JB Sentral,Woodlands CIQ,320
2026-05-16,22:00,Woodlands CIQ,JB Sentral,171
2026-05-16,23:00,Woodlands CIQ,JB Sentral,101
2026-05-17,05:00,JB Sentral,Woodlands CIQ,119
2026-05-17,06:00,JB Sentral,Woodlands CIQ,206
2026-05-17,07:00,JB Sentral,Woodlands CIQ,360
2026-05-17,08:00,JB Sentral,Woodlands CIQ,322
2026-05-17,08:00,Woodlands CIQ,JB Sentral,320
2026-05-17,09:00,Woodlands CIQ,JB Sentral,320
2026-05-17,10:00,JB Sentral,Woodlands CIQ,323
2026-05-17,11:00,JB Sentral,Woodlands CIQ,324
2026-05-17,11:00,Woodlands CIQ,JB Sentral,321
2026-05-17,12:00,JB Sentral,Woodlands CIQ,323
2026-05-17,12:00,Woodlands CIQ,JB Sentral,323
2026-05-17,13:00,Woodlands CIQ,JB Sentral,281
2026-05-17,14:00,JB Sentral,Woodlands CIQ,322
2026-05-17,15:00,JB Sentral,Woodlands CIQ,321
2026-05-17,15:00,Woodlands CIQ,JB Sentral,159
2026-05-17,16:00,JB Sentral,Woodlands CIQ,321
2026-05-17,16:00,Woodlands CIQ,JB Sentral,131
2026-05-17,17:00,JB Sentral,Woodlands CIQ,323
2026-05-17,17:00,Woodlands CIQ,JB Sentral,140
2026-05-17,18:00,Woodlands CIQ,JB Sentral,97
2026-05-17,19:00,JB Sentral,Woodlands CIQ,321
2026-05-17,20:00,JB Sentral,Woodlands CIQ,321
2026-05-17,20:00,Woodlands CIQ,JB Sentral,122
2026-05-17,21:00,JB Sentral,Woodlands CIQ,321
2026-05-17,21:00,Woodlands CIQ,JB Sentral,97
2026-05-17,22:00,JB Sentral,Woodlands CIQ,320
2026-05-17,22:00,Woodlands CIQ,JB Sentral,62
2026-05-17,23:00,Woodlands CIQ,JB Sentral,47
2026-05-18,05:00,JB Sentral,Woodlands CIQ,640
2026-05-18,06:00,JB Sentral,Woodlands CIQ,640
2026-05-18,07:00,JB Sentral,Woodlands CIQ,640
2026-05-18,08:00,JB Sentral,Woodlands CIQ,320
2026-05-18,08:00,Woodlands CIQ,JB Sentral,320
2026-05-18,09:00,Woodlands CIQ,JB Sentral,320
2026-05-18,10:00,JB Sentral,Woodlands CIQ,321
2026-05-18,11:00,JB Sentral,Woodlands CIQ,316
2026-05-18,11:00,Woodlands CIQ,JB Sentral,320
2026-05-18,12:00,JB Sentral,Woodlands CIQ,326
2026-05-18,12:00,Woodlands CIQ,JB Sentral,322
2026-05-18,13:00,Woodlands CIQ,JB Sentral,205
2026-05-18,15:00,JB Sentral,Woodlands CIQ,325
2026-05-18,16:00,JB Sentral,Woodlands CIQ,325
2026-05-18,16:00,Woodlands CIQ,JB Sentral,112
2026-05-18,17:00,JB Sentral,Woodlands CIQ,321
2026-05-18,17:00,Woodlands CIQ,JB Sentral,168
2026-05-18,18:00,Woodlands CIQ,JB Sentral,320
2026-05-18,19:00,JB Sentral,Woodlands CIQ,322
2026-05-18,20:00,JB Sentral,Woodlands CIQ,320
2026-05-18,20:00,Woodlands CIQ,JB Sentral,320
2026-05-18,21:00,JB Sentral,Woodlands CIQ,320
2026-05-18,21:00,Woodlands CIQ,JB Sentral,268
2026-05-18,22:00,JB Sentral,Woodlands CIQ,321
2026-05-18,22:00,Woodlands CIQ,JB Sentral,139
2026-05-18,23:00,Woodlands CIQ,JB Sentral,51
2026-05-19,05:00,JB Sentral,Woodlands CIQ,640
2026-05-19,06:00,JB Sentral,Woodlands CIQ,640
2026-05-19,07:00,JB Sentral,Woodlands CIQ,640
2026-05-19,08:00,JB Sentral,Woodlands CIQ,320
2026-05-19,08:00,Woodlands CIQ,JB Sentral,307
2026-05-19,09:00,Woodlands CIQ,JB Sentral,320
2026-05-19,10:00,JB Sentral,Woodlands CIQ,320
2026-05-19,11:00,JB Sentral,Woodlands CIQ,189
2026-05-19,11:00,Woodlands CIQ,JB Sentral,320
2026-05-19,12:00,JB Sentral,Woodlands CIQ,172
2026-05-19,12:00,Woodlands CIQ,JB Sentral,307
2026-05-19,13:00,Woodlands CIQ,JB Sentral,137
2026-05-19,14:00,JB Sentral,Woodlands CIQ,276
2026-05-19,15:00,JB Sentral,Woodlands CIQ,322
2026-05-19,15:00,Woodlands CIQ,JB Sentral,83
2026-05-19,16:00,JB Sentral,Woodlands CIQ,322
2026-05-19,16:00,Woodlands CIQ,JB Sentral,77
2026-05-19,17:00,JB Sentral,Woodlands CIQ,321
2026-05-19,17:00,Woodlands CIQ,JB Sentral,196
2026-05-19,18:00,Woodlands CIQ,JB Sentral,320
2026-05-19,19:00,JB Sentral,Woodlands CIQ,321
2026-05-19,20:00,JB Sentral,Woodlands CIQ,322
2026-05-19,20:00,Woodlands CIQ,JB Sentral,320
2026-05-19,21:00,JB Sentral,Woodlands CIQ,320
2026-05-19,21:00,Woodlands CIQ,JB Sentral,320
2026-05-19,22:00,JB Sentral,Woodlands CIQ,230
2026-05-19,22:00,Woodlands CIQ,JB Sentral,172
2026-05-19,23:00,Woodlands CIQ,JB Sentral,50
2026-05-20,05:00,JB Sentral,Woodlands CIQ,640
2026-05-20,06:00,JB Sentral,Woodlands CIQ,640
2026-05-20,07:00,JB Sentral,Woodlands CIQ,640
2026-05-20,08:00,JB Sentral,Woodlands CIQ,320
2026-05-20,08:00,Woodlands CIQ,JB Sentral,321
2026-05-20,09:00,Woodlands CIQ,JB Sentral,320
2026-05-20,10:00,JB Sentral,Woodlands CIQ,320
2026-05-20,11:00,JB Sentral,Woodlands CIQ,205
2026-05-20,11:00,Woodlands CIQ,JB Sentral,320
2026-05-20,12:00,JB Sentral,Woodlands CIQ,221
2026-05-20,12:00,Woodlands CIQ,JB Sentral,324
2026-05-20,13:00,Woodlands CIQ,JB Sentral,162
2026-05-20,14:00,JB Sentral,Woodlands CIQ,216
2026-05-20,15:00,JB Sentral,Woodlands CIQ,321
2026-05-20,15:00,Woodlands CIQ,JB Sentral,102
2026-05-20,16:00,JB Sentral,Woodlands CIQ,321
2026-05-20,16:00,Woodlands CIQ,JB Sentral,108
2026-05-20,17:00,JB Sentral,Woodlands CIQ,323
2026-05-20,17:00,Woodlands CIQ,JB Sentral,232
2026-05-20,18:00,Woodlands CIQ,JB Sentral,320
2026-05-20,19:00,JB Sentral,Woodlands CIQ,320
2026-05-20,20:00,JB Sentral,Woodlands CIQ,322
2026-05-20,20:00,Woodlands CIQ,JB Sentral,320
2026-05-20,21:00,JB Sentral,Woodlands CIQ,320
2026-05-20,21:00,Woodlands CIQ,JB Sentral,320
2026-05-20,22:00,JB Sentral,Woodlands CIQ,184
2026-05-20,22:00,Woodlands CIQ,JB Sentral,210
2026-05-20,23:00,Woodlands CIQ,JB Sentral,61
2026-05-21,05:00,JB Sentral,Woodlands CIQ,640
2026-05-21,06:00,JB Sentral,Woodlands CIQ,640
2026-05-21,07:00,JB Sentral,Woodlands CIQ,640
2026-05-21,08:00,JB Sentral,Woodlands CIQ,320
2026-05-21,08:00,Woodlands CIQ,JB Sentral,320
2026-05-21,09:00,Woodlands CIQ,JB Sentral,320
2026-05-21,11:00,JB Sentral,Woodlands CIQ,282
2026-05-21,12:00,JB Sentral,Woodlands CIQ,197
2026-05-21,12:00,Woodlands CIQ,JB Sentral,329
2026-05-21,13:00,Woodlands CIQ,JB Sentral,324
2026-05-21,14:00,JB Sentral,Woodlands CIQ,214
2026-05-21,15:00,JB Sentral,Woodlands CIQ,326
2026-05-21,15:00,Woodlands CIQ,JB Sentral,195
2026-05-21,16:00,JB Sentral,Woodlands CIQ,319
2026-05-21,16:00,Woodlands CIQ,JB Sentral,124
2026-05-21,17:00,JB Sentral,Woodlands CIQ,321
2026-05-21,17:00,Woodlands CIQ,JB Sentral,321
2026-05-21,18:00,Woodlands CIQ,JB Sentral,320
2026-05-21,19:00,JB Sentral,Woodlands CIQ,319
2026-05-21,20:00,JB Sentral,Woodlands CIQ,321
2026-05-21,20:00,Woodlands CIQ,JB Sentral,308
2026-05-21,21:00,JB Sentral,Woodlands CIQ,320
2026-05-21,21:00,Woodlands CIQ,JB Sentral,320
2026-05-21,22:00,JB Sentral,Woodlands CIQ,250
2026-05-21,22:00,Woodlands CIQ,JB Sentral,321
2026-05-21,23:00,Woodlands CIQ,JB Sentral,73
2026-05-22,05:00,JB Sentral,Woodlands CIQ,640
2026-05-22,06:00,JB Sentral,Woodlands CIQ,640
2026-05-22,07:00,JB Sentral,Woodlands CIQ,640
2026-05-22,08:00,JB Sentral,Woodlands CIQ,320
2026-05-22,08:00,Woodlands CIQ,JB Sentral,321
2026-05-22,09:00,Woodlands CIQ,JB Sentral,320
2026-05-22,10:00,JB Sentral,Woodlands CIQ,278
2026-05-22,11:00,JB Sentral,Woodlands CIQ,202
2026-05-22,11:00,Woodlands CIQ,JB Sentral,323
2026-05-22,12:00,JB Sentral,Woodlands CIQ,169
2026-05-22,12:00,Woodlands CIQ,JB Sentral,328
2026-05-22,13:00,Woodlands CIQ,JB Sentral,327
2026-05-22,14:00,JB Sentral,Woodlands CIQ,278
2026-05-22,15:00,JB Sentral,Woodlands CIQ,323
2026-05-22,15:00,Woodlands CIQ,JB Sentral,321
2026-05-22,16:00,JB Sentral,Woodlands CIQ,321
2026-05-22,16:00,Woodlands CIQ,JB Sentral,326
2026-05-22,17:00,JB Sentral,Woodlands CIQ,322
2026-05-22,17:00,Woodlands CIQ,JB Sentral,318
2026-05-22,18:00,Woodlands CIQ,JB Sentral,320
2026-05-22,19:00,JB Sentral,Woodlands CIQ,322
2026-05-22,20:00,JB Sentral,Woodlands CIQ,324
2026-05-22,20:00,Woodlands CIQ,JB Sentral,320
2026-05-22,21:00,JB Sentral,Woodlands CIQ,320
2026-05-22,21:00,Woodlands CIQ,JB Sentral,321
2026-05-22,22:00,JB Sentral,Woodlands CIQ,322
2026-05-22,22:00,Woodlands CIQ,JB Sentral,319
2026-05-22,23:00,Woodlands CIQ,JB Sentral,319
2026-05-23,05:00,JB Sentral,Woodlands CIQ,212
2026-05-23,06:00,JB Sentral,Woodlands CIQ,376
2026-05-23,07:00,JB Sentral,Woodlands CIQ,574
2026-05-23,08:00,JB Sentral,Woodlands CIQ,322
2026-05-23,08:00,Woodlands CIQ,JB Sentral,319
2026-05-23,09:00,Woodlands CIQ,JB Sentral,321
2026-05-23,10:00,JB Sentral,Woodlands CIQ,324
2026-05-23,11:00,JB Sentral,Woodlands CIQ,323
2026-05-23,11:00,Woodlands CIQ,JB Sentral,319
2026-05-23,12:00,JB Sentral,Woodlands CIQ,322
2026-05-23,12:00,Woodlands CIQ,JB Sentral,323
2026-05-23,13:00,Woodlands CIQ,JB Sentral,315
2026-05-23,14:00,JB Sentral,Woodlands CIQ,324
2026-05-23,15:00,JB Sentral,Woodlands CIQ,324
2026-05-23,15:00,Woodlands CIQ,JB Sentral,324
2026-05-23,16:00,JB Sentral,Woodlands CIQ,323
2026-05-23,16:00,Woodlands CIQ,JB Sentral,326
2026-05-23,17:00,JB Sentral,Woodlands CIQ,321
2026-05-23,17:00,Woodlands CIQ,JB Sentral,322
2026-05-23,18:00,Woodlands CIQ,JB Sentral,330
2026-05-23,19:00,JB Sentral,Woodlands CIQ,320
2026-05-23,20:00,JB Sentral,Woodlands CIQ,321
2026-05-23,20:00,Woodlands CIQ,JB Sentral,190
2026-05-23,21:00,JB Sentral,Woodlands CIQ,320
2026-05-23,21:00,Woodlands CIQ,JB Sentral,140
2026-05-23,22:00,JB Sentral,Woodlands CIQ,321
2026-05-23,22:00,Woodlands CIQ,JB Sentral,143
2026-05-23,23:00,Woodlands CIQ,JB Sentral,109
2026-05-24,05:00,JB Sentral,Woodlands CIQ,133
2026-05-24,06:00,JB Sentral,Woodlands CIQ,181
2026-05-24,07:00,JB Sentral,Woodlands CIQ,456
2026-05-24,08:00,JB Sentral,Woodlands CIQ,324
2026-05-24,08:00,Woodlands CIQ,JB Sentral,321
2026-05-24,09:00,Woodlands CIQ,JB Sentral,321
2026-05-24,10:00,JB Sentral,Woodlands CIQ,327
2026-05-24,11:00,JB Sentral,Woodlands CIQ,325
2026-05-24,11:00,Woodlands CIQ,JB Sentral,321
2026-05-24,12:00,JB Sentral,Woodlands CIQ,324
2026-05-24,12:00,Woodlands CIQ,JB Sentral,325
2026-05-24,13:00,Woodlands CIQ,JB Sentral,325
2026-05-24,14:00,JB Sentral,Woodlands CIQ,320
2026-05-24,15:00,JB Sentral,Woodlands CIQ,322
2026-05-24,15:00,Woodlands CIQ,JB Sentral,263
2026-05-24,16:00,JB Sentral,Woodlands CIQ,321
2026-05-24,16:00,Woodlands CIQ,JB Sentral,136
2026-05-24,17:00,JB Sentral,Woodlands CIQ,322
2026-05-24,17:00,Woodlands CIQ,JB Sentral,162
2026-05-24,18:00,Woodlands CIQ,JB Sentral,108
2026-05-24,19:00,JB Sentral,Woodlands CIQ,311
2026-05-24,20:00,JB Sentral,Woodlands CIQ,321
2026-05-24,20:00,Woodlands CIQ,JB Sentral,99
2026-05-24,21:00,JB Sentral,Woodlands CIQ,320
2026-05-24,21:00,Woodlands CIQ,JB Sentral,102
2026-05-24,22:00,JB Sentral,Woodlands CIQ,320
2026-05-24,22:00,Woodlands CIQ,JB Sentral,97
2026-05-24,23:00,Woodlands CIQ,JB Sentral,65
2026-05-25,05:00,JB Sentral,Woodlands CIQ,640
2026-05-25,06:00,JB Sentral,Woodlands CIQ,640
2026-05-25,07:00,JB Sentral,Woodlands CIQ,640
2026-05-25,08:00,JB Sentral,Woodlands CIQ,320
2026-05-25,08:00,Woodlands CIQ,JB Sentral,320
2026-05-25,09:00,Woodlands CIQ,JB Sentral,320
2026-05-25,10:00,JB Sentral,Woodlands CIQ,321
2026-05-25,11:00,JB Sentral,Woodlands CIQ,321
2026-05-25,11:00,Woodlands CIQ,JB Sentral,320
2026-05-25,12:00,JB Sentral,Woodlands CIQ,325
2026-05-25,12:00,Woodlands CIQ,JB Sentral,326
2026-05-25,13:00,Woodlands CIQ,JB Sentral,311
2026-05-25,14:00,JB Sentral,Woodlands CIQ,327
2026-05-25,15:00,JB Sentral,Woodlands CIQ,322
2026-05-25,15:00,Woodlands CIQ,JB Sentral,182
2026-05-25,16:00,JB Sentral,Woodlands CIQ,323
2026-05-25,16:00,Woodlands CIQ,JB Sentral,108
2026-05-25,17:00,JB Sentral,Woodlands CIQ,322
2026-05-25,17:00,Woodlands CIQ,JB Sentral,253
2026-05-25,18:00,Woodlands CIQ,JB Sentral,320
2026-05-25,19:00,JB Sentral,Woodlands CIQ,322
2026-05-25,20:00,JB Sentral,Woodlands CIQ,324
2026-05-25,20:00,Woodlands CIQ,JB Sentral,320
2026-05-25,21:00,JB Sentral,Woodlands CIQ,322
2026-05-25,21:00,Woodlands CIQ,JB Sentral,319
2026-05-25,22:00,JB Sentral,Woodlands CIQ,321
2026-05-25,22:00,Woodlands CIQ,JB Sentral,251
2026-05-25,23:00,Woodlands CIQ,JB Sentral,92
2026-05-26,05:00,JB Sentral,Woodlands CIQ,640
2026-05-26,06:00,JB Sentral,Woodlands CIQ,640
2026-05-26,07:00,JB Sentral,Woodlands CIQ,640
2026-05-26,08:00,JB Sentral,Woodlands CIQ,320
2026-05-26,08:00,Woodlands CIQ,JB Sentral,320
2026-05-26,09:00,Woodlands CIQ,JB Sentral,320
2026-05-26,10:00,JB Sentral,Woodlands CIQ,321
2026-05-26,11:00,JB Sentral,Woodlands CIQ,240
2026-05-26,11:00,Woodlands CIQ,JB Sentral,315
2026-05-26,12:00,JB Sentral,Woodlands CIQ,215
2026-05-26,12:00,Woodlands CIQ,JB Sentral,323
2026-05-26,13:00,Woodlands CIQ,JB Sentral,323
2026-05-26,14:00,JB Sentral,Woodlands CIQ,279
2026-05-26,15:00,JB Sentral,Woodlands CIQ,324
2026-05-26,15:00,Woodlands CIQ,JB Sentral,319
2026-05-26,16:00,JB Sentral,Woodlands CIQ,322
2026-05-26,16:00,Woodlands CIQ,JB Sentral,330
2026-05-26,17:00,JB Sentral,Woodlands CIQ,320
2026-05-26,17:00,Woodlands CIQ,JB Sentral,323
2026-05-26,18:00,Woodlands CIQ,JB Sentral,320
2026-05-26,19:00,JB Sentral,Woodlands CIQ,319
2026-05-26,20:00,JB Sentral,Woodlands CIQ,321
2026-05-26,20:00,Woodlands CIQ,JB Sentral,310
2026-05-26,21:00,JB Sentral,Woodlands CIQ,321
2026-05-26,21:00,Woodlands CIQ,JB Sentral,320
2026-05-26,22:00,JB Sentral,Woodlands CIQ,292
2026-05-26,22:00,Woodlands CIQ,JB Sentral,321
2026-05-26,23:00,Woodlands CIQ,JB Sentral,319
2026-05-27,05:00,JB Sentral,Woodlands CIQ,194
2026-05-27,06:00,JB Sentral,Woodlands CIQ,252
2026-05-27,07:00,JB Sentral,Woodlands CIQ,347
2026-05-27,08:00,JB Sentral,Woodlands CIQ,320
2026-05-27,08:00,Woodlands CIQ,JB Sentral,321
2026-05-27,09:00,Woodlands CIQ,JB Sentral,320
2026-05-27,10:00,JB Sentral,Woodlands CIQ,326
2026-05-27,11:00,JB Sentral,Woodlands CIQ,325
2026-05-27,11:00,Woodlands CIQ,JB Sentral,321
2026-05-27,12:00,JB Sentral,Woodlands CIQ,323
2026-05-27,12:00,Woodlands CIQ,JB Sentral,322
2026-05-27,13:00,Woodlands CIQ,JB Sentral,327
2026-05-27,14:00,JB Sentral,Woodlands CIQ,322
2026-05-27,15:00,JB Sentral,Woodlands CIQ,322
2026-05-27,15:00,Woodlands CIQ,JB Sentral,323
2026-05-27,16:00,JB Sentral,Woodlands CIQ,322
2026-05-27,16:00,Woodlands CIQ,JB Sentral,332
2026-05-27,17:00,JB Sentral,Woodlands CIQ,322
2026-05-27,17:00,Woodlands CIQ,JB Sentral,268
2026-05-27,18:00,Woodlands CIQ,JB Sentral,227
2026-05-27,19:00,JB Sentral,Woodlands CIQ,322
2026-05-27,20:00,JB Sentral,Woodlands CIQ,321
2026-05-27,20:00,Woodlands CIQ,JB Sentral,164
2026-05-27,21:00,JB Sentral,Woodlands CIQ,319
2026-05-27,21:00,Woodlands CIQ,JB Sentral,207
2026-05-27,22:00,JB Sentral,Woodlands CIQ,322
2026-05-27,22:00,Woodlands CIQ,JB Sentral,168
2026-05-27,23:00,Woodlands CIQ,JB Sentral,54
2026-05-28,05:00,JB Sentral,Woodlands CIQ,640
2026-05-28,06:00,JB Sentral,Woodlands CIQ,640
2026-05-28,07:00,JB Sentral,Woodlands CIQ,640
2026-05-28,08:00,JB Sentral,Woodlands CIQ,320
2026-05-28,08:00,Woodlands CIQ,JB Sentral,320
2026-05-28,09:00,Woodlands CIQ,JB Sentral,320
2026-05-28,10:00,JB Sentral,Woodlands CIQ,322
2026-05-28,11:00,JB Sentral,Woodlands CIQ,326
2026-05-28,11:00,Woodlands CIQ,JB Sentral,325
2026-05-28,12:00,JB Sentral,Woodlands CIQ,321
2026-05-28,12:00,Woodlands CIQ,JB Sentral,328
2026-05-28,13:00,Woodlands CIQ,JB Sentral,327
2026-05-28,14:00,JB Sentral,Woodlands CIQ,320
2026-05-28,15:00,JB Sentral,Woodlands CIQ,327
2026-05-28,15:00,Woodlands CIQ,JB Sentral,328
2026-05-28,16:00,JB Sentral,Woodlands CIQ,322
2026-05-28,16:00,Woodlands CIQ,JB Sentral,325
2026-05-28,17:00,JB Sentral,Woodlands CIQ,322
2026-05-28,17:00,Woodlands CIQ,JB Sentral,326
2026-05-28,18:00,Woodlands CIQ,JB Sentral,320
2026-05-28,19:00,JB Sentral,Woodlands CIQ,324
2026-05-28,20:00,JB Sentral,Woodlands CIQ,322
2026-05-28,20:00,Woodlands CIQ,JB Sentral,310
2026-05-28,21:00,JB Sentral,Woodlands CIQ,320
2026-05-28,21:00,Woodlands CIQ,JB Sentral,319
2026-05-28,22:00,JB Sentral,Woodlands CIQ,301
2026-05-28,22:00,Woodlands CIQ,JB Sentral,320
2026-05-28,23:00,Woodlands CIQ,JB Sentral,275
2026-05-29,05:00,JB Sentral,Woodlands CIQ,637
2026-05-29,06:00,JB Sentral,Woodlands CIQ,640
2026-05-29,07:00,JB Sentral,Woodlands CIQ,640
2026-05-29,08:00,JB Sentral,Woodlands CIQ,320
2026-05-29,08:00,Woodlands CIQ,JB Sentral,320
2026-05-29,09:00,Woodlands CIQ,JB Sentral,320
2026-05-29,10:00,JB Sentral,Woodlands CIQ,323
2026-05-29,11:00,JB Sentral,Woodlands CIQ,318
2026-05-29,11:00,Woodlands CIQ,JB Sentral,326
2026-05-29,12:00,JB Sentral,Woodlands CIQ,321
2026-05-29,12:00,Woodlands CIQ,JB Sentral,325
2026-05-29,13:00,Woodlands CIQ,JB Sentral,325
2026-05-29,14:00,JB Sentral,Woodlands CIQ,330
2026-05-29,15:00,JB Sentral,Woodlands CIQ,322
2026-05-29,15:00,Woodlands CIQ,JB Sentral,320
2026-05-29,16:00,JB Sentral,Woodlands CIQ,324
2026-05-29,16:00,Woodlands CIQ,JB Sentral,327
2026-05-29,17:00,JB Sentral,Woodlands CIQ,321
2026-05-29,17:00,Woodlands CIQ,JB Sentral,321
2026-05-29,18:00,Woodlands CIQ,JB Sentral,320
2026-05-29,19:00,JB Sentral,Woodlands CIQ,322
2026-05-29,20:00,JB Sentral,Woodlands CIQ,321
2026-05-29,20:00,Woodlands CIQ,JB Sentral,320
2026-05-29,21:00,JB Sentral,Woodlands CIQ,320
2026-05-29,21:00,Woodlands CIQ,JB Sentral,320
2026-05-29,22:00,JB Sentral,Woodlands CIQ,318
2026-05-29,22:00,Woodlands CIQ,JB Sentral,321
2026-05-29,23:00,Woodlands CIQ,JB Sentral,320
2026-05-30,05:00,JB Sentral,Woodlands CIQ,165
2026-05-30,06:00,JB Sentral,Woodlands CIQ,320
2026-05-30,07:00,JB Sentral,Woodlands CIQ,640
2026-05-30,08:00,JB Sentral,Woodlands CIQ,327
2026-05-30,08:00,Woodlands CIQ,JB Sentral,316
2026-05-30,09:00,Woodlands CIQ,JB Sentral,321
2026-05-30,10:00,JB Sentral,Woodlands CIQ,325
2026-05-30,11:00,JB Sentral,Woodlands CIQ,323
2026-05-30,11:00,Woodlands CIQ,JB Sentral,321
2026-05-30,12:00,JB Sentral,Woodlands CIQ,321
2026-05-30,12:00,Woodlands CIQ,JB Sentral,327
2026-05-30,13:00,Woodlands CIQ,JB Sentral,327
2026-05-30,14:00,JB Sentral,Woodlands CIQ,323
2026-05-30,15:00,JB Sentral,Woodlands CIQ,330
2026-05-30,15:00,Woodlands CIQ,JB Sentral,324
2026-05-30,16:00,JB Sentral,Woodlands CIQ,329
2026-05-30,16:00,Woodlands CIQ,JB Sentral,325
2026-05-30,17:00,JB Sentral,Woodlands CIQ,321
2026-05-30,17:00,Woodlands CIQ,JB Sentral,326
2026-05-30,18:00,Woodlands CIQ,JB Sentral,322
2026-05-30,19:00,JB Sentral,Woodlands CIQ,325
2026-05-30,20:00,JB Sentral,Woodlands CIQ,324
2026-05-30,20:00,Woodlands CIQ,JB Sentral,320
2026-05-30,21:00,JB Sentral,Woodlands CIQ,321
2026-05-30,21:00,Woodlands CIQ,JB Sentral,321
2026-05-30,22:00,JB Sentral,Woodlands CIQ,319
2026-05-30,22:00,Woodlands CIQ,JB Sentral,323
2026-05-30,23:00,Woodlands CIQ,JB Sentral,321
2026-05-31,05:00,JB Sentral,Woodlands CIQ,112
2026-05-31,06:00,JB Sentral,Woodlands CIQ,254
2026-05-31,07:00,JB Sentral,Woodlands CIQ,642
2026-05-31,08:00,JB Sentral,Woodlands CIQ,322
2026-05-31,08:00,Woodlands CIQ,JB Sentral,320
2026-05-31,09:00,Woodlands CIQ,JB Sentral,320
2026-05-31,10:00,JB Sentral,Woodlands CIQ,323
2026-05-31,11:00,JB Sentral,Woodlands CIQ,324
2026-05-31,11:00,Woodlands CIQ,JB Sentral,323
2026-05-31,12:00,JB Sentral,Woodlands CIQ,328
2026-05-31,12:00,Woodlands CIQ,JB Sentral,324
2026-05-31,13:00,Woodlands CIQ,JB Sentral,328
2026-05-31,14:00,JB Sentral,Woodlands CIQ,326
2026-05-31,15:00,JB Sentral,Woodlands CIQ,321
2026-05-31,15:00,Woodlands CIQ,JB Sentral,322
2026-05-31,16:00,JB Sentral,Woodlands CIQ,325
2026-05-31,16:00,Woodlands CIQ,JB Sentral,326
2026-05-31,17:00,JB Sentral,Woodlands CIQ,320
2026-05-31,17:00,Woodlands CIQ,JB Sentral,324
2026-05-31,18:00,Woodlands CIQ,JB Sentral,322
2026-05-31,19:00,JB Sentral,Woodlands CIQ,321
2026-05-31,20:00,JB Sentral,Woodlands CIQ,315
2026-05-31,20:00,Woodlands CIQ,JB Sentral,321
2026-05-31,21:00,JB Sentral,Woodlands CIQ,321
2026-05-31,21:00,Woodlands CIQ,JB Sentral,293
2026-05-31,22:00,JB Sentral,Woodlands CIQ,320
2026-05-31,22:00,Woodlands CIQ,JB Sentral,284
2026-05-31,23:00,Woodlands CIQ,JB Sentral,173
2026-06-01,05:00,JB Sentral,Woodlands CIQ,346
2026-06-01,06:00,JB Sentral,Woodlands CIQ,640
2026-06-01,07:00,JB Sentral,Woodlands CIQ,642
2026-06-01,08:00,JB Sentral,Woodlands CIQ,322
2026-06-01,08:00,Woodlands CIQ,JB Sentral,320
2026-06-01,09:00,Woodlands CIQ,JB Sentral,321
2026-06-01,10:00,JB Sentral,Woodlands CIQ,329
2026-06-01,11:00,JB Sentral,Woodlands CIQ,327
2026-06-01,11:00,Woodlands CIQ,JB Sentral,322
2026-06-01,12:00,JB Sentral,Woodlands CIQ,329
2026-06-01,12:00,Woodlands CIQ,JB Sentral,325
2026-06-01,13:00,Woodlands CIQ,JB Sentral,324
2026-06-01,14:00,JB Sentral,Woodlands CIQ,325
2026-06-01,15:00,JB Sentral,Woodlands CIQ,324
2026-06-01,15:00,Woodlands CIQ,JB Sentral,323
2026-06-01,16:00,JB Sentral,Woodlands CIQ,324
2026-06-01,16:00,Woodlands CIQ,JB Sentral,326
2026-06-01,17:00,JB Sentral,Woodlands CIQ,316
2026-06-01,17:00,Woodlands CIQ,JB Sentral,231
2026-06-01,18:00,Woodlands CIQ,JB Sentral,215
2026-06-01,19:00,JB Sentral,Woodlands CIQ,323
2026-06-01,20:00,JB Sentral,Woodlands CIQ,322
2026-06-01,20:00,Woodlands CIQ,JB Sentral,200
2026-06-01,21:00,JB Sentral,Woodlands CIQ,321
2026-06-01,21:00,Woodlands CIQ,JB Sentral,173
2026-06-01,22:00,JB Sentral,Woodlands CIQ,320
2026-06-01,22:00,Woodlands CIQ,JB Sentral,149
2026-06-01,23:00,Woodlands CIQ,JB Sentral,39
2026-06-02,05:00,JB Sentral,Woodlands CIQ,640
2026-06-02,06:00,JB Sentral,Woodlands CIQ,640
2026-06-02,07:00,JB Sentral,Woodlands CIQ,640
2026-06-02,08:00,JB Sentral,Woodlands CIQ,320
2026-06-02,08:00,Woodlands CIQ,JB Sentral,320
2026-06-02,09:00,Woodlands CIQ,JB Sentral,320
2026-06-02,10:00,JB Sentral,Woodlands CIQ,321
2026-06-02,11:00,JB Sentral,Woodlands CIQ,323
2026-06-02,11:00,Woodlands CIQ,JB Sentral,321
2026-06-02,12:00,JB Sentral,Woodlands CIQ,323
2026-06-02,12:00,Woodlands CIQ,JB Sentral,324
2026-06-02,13:00,Woodlands CIQ,JB Sentral,324
2026-06-02,14:00,JB Sentral,Woodlands CIQ,326
2026-06-02,15:00,JB Sentral,Woodlands CIQ,323
2026-06-02,15:00,Woodlands CIQ,JB Sentral,298
2026-06-02,16:00,JB Sentral,Woodlands CIQ,327
2026-06-02,16:00,Woodlands CIQ,JB Sentral,202
2026-06-02,17:00,JB Sentral,Woodlands CIQ,325
2026-06-02,17:00,Woodlands CIQ,JB Sentral,268
2026-06-02,18:00,Woodlands CIQ,JB Sentral,320
2026-06-02,19:00,JB Sentral,Woodlands CIQ,326
2026-06-02,20:00,JB Sentral,Woodlands CIQ,322
2026-06-02,20:00,Woodlands CIQ,JB Sentral,320
2026-06-02,21:00,JB Sentral,Woodlands CIQ,321
2026-06-02,21:00,Woodlands CIQ,JB Sentral,320
2026-06-02,22:00,JB Sentral,Woodlands CIQ,320
2026-06-02,22:00,Woodlands CIQ,JB Sentral,202
2026-06-02,23:00,Woodlands CIQ,JB Sentral,50
2026-06-03,05:00,JB Sentral,Woodlands CIQ,640
2026-06-03,06:00,JB Sentral,Woodlands CIQ,640
2026-06-03,07:00,JB Sentral,Woodlands CIQ,640
2026-06-03,08:00,JB Sentral,Woodlands CIQ,320
2026-06-03,08:00,Woodlands CIQ,JB Sentral,320
2026-06-03,09:00,Woodlands CIQ,JB Sentral,320
2026-06-03,10:00,JB Sentral,Woodlands CIQ,321
2026-06-03,11:00,JB Sentral,Woodlands CIQ,321
2026-06-03,11:00,Woodlands CIQ,JB Sentral,320
2026-06-03,12:00,JB Sentral,Woodlands CIQ,286
2026-06-03,12:00,Woodlands CIQ,JB Sentral,323
2026-06-03,13:00,Woodlands CIQ,JB Sentral,322
2026-06-03,14:00,JB Sentral,Woodlands CIQ,323
2026-06-03,15:00,JB Sentral,Woodlands CIQ,321
2026-06-03,15:00,Woodlands CIQ,JB Sentral,255
2026-06-03,16:00,JB Sentral,Woodlands CIQ,321
2026-06-03,16:00,Woodlands CIQ,JB Sentral,152
2026-06-03,17:00,JB Sentral,Woodlands CIQ,324
2026-06-03,17:00,Woodlands CIQ,JB Sentral,322
2026-06-03,18:00,Woodlands CIQ,JB Sentral,320
2026-06-03,19:00,JB Sentral,Woodlands CIQ,323
2026-06-03,20:00,JB Sentral,Woodlands CIQ,320
2026-06-03,20:00,Woodlands CIQ,JB Sentral,320
2026-06-03,21:00,JB Sentral,Woodlands CIQ,320
2026-06-03,21:00,Woodlands CIQ,JB Sentral,321
2026-06-03,22:00,JB Sentral,Woodlands CIQ,320
2026-06-03,22:00,Woodlands CIQ,JB Sentral,238
2026-06-03,23:00,Woodlands CIQ,JB Sentral,67
2026-06-04,05:00,JB Sentral,Woodlands CIQ,640
2026-06-04,06:00,JB Sentral,Woodlands CIQ,640
2026-06-04,07:00,JB Sentral,Woodlands CIQ,640
2026-06-04,08:00,JB Sentral,Woodlands CIQ,320
2026-06-04,08:00,Woodlands CIQ,JB Sentral,320
2026-06-04,09:00,Woodlands CIQ,JB Sentral,321
2026-06-04,10:00,JB Sentral,Woodlands CIQ,321
2026-06-04,11:00,JB Sentral,Woodlands CIQ,274
2026-06-04,11:00,Woodlands CIQ,JB Sentral,320
2026-06-04,12:00,JB Sentral,Woodlands CIQ,246
2026-06-04,12:00,Woodlands CIQ,JB Sentral,324
2026-06-04,13:00,Woodlands CIQ,JB Sentral,321
2026-06-04,14:00,JB Sentral,Woodlands CIQ,326
2026-06-04,15:00,JB Sentral,Woodlands CIQ,324
2026-06-04,15:00,Woodlands CIQ,JB Sentral,321
2026-06-04,16:00,JB Sentral,Woodlands CIQ,323
2026-06-04,16:00,Woodlands CIQ,JB Sentral,324
2026-06-04,17:00,JB Sentral,Woodlands CIQ,322
2026-06-04,17:00,Woodlands CIQ,JB Sentral,321
2026-06-04,18:00,Woodlands CIQ,JB Sentral,320
2026-06-04,19:00,JB Sentral,Woodlands CIQ,320
2026-06-04,20:00,JB Sentral,Woodlands CIQ,323
2026-06-04,20:00,Woodlands CIQ,JB Sentral,321
2026-06-04,21:00,JB Sentral,Woodlands CIQ,322
2026-06-04,21:00,Woodlands CIQ,JB Sentral,320
2026-06-04,22:00,JB Sentral,Woodlands CIQ,320
2026-06-04,22:00,Woodlands CIQ,JB Sentral,321
2026-06-04,23:00,Woodlands CIQ,JB Sentral,164
2026-06-05,05:00,JB Sentral,Woodlands CIQ,640
2026-06-05,06:00,JB Sentral,Woodlands CIQ,640
2026-06-05,07:00,JB Sentral,Woodlands CIQ,640
2026-06-05,08:00,JB Sentral,Woodlands CIQ,320
2026-06-05,08:00,Woodlands CIQ,JB Sentral,320
2026-06-05,09:00,Woodlands CIQ,JB Sentral,320
2026-06-05,10:00,JB Sentral,Woodlands CIQ,309
2026-06-05,11:00,JB Sentral,Woodlands CIQ,213
2026-06-05,11:00,Woodlands CIQ,JB Sentral,320
2026-06-05,12:00,JB Sentral,Woodlands CIQ,200
2026-06-05,12:00,Woodlands CIQ,JB Sentral,326
2026-06-05,13:00,Woodlands CIQ,JB Sentral,325
2026-06-05,14:00,JB Sentral,Woodlands CIQ,322
2026-06-05,15:00,JB Sentral,Woodlands CIQ,328
2026-06-05,15:00,Woodlands CIQ,JB Sentral,321
2026-06-05,16:00,JB Sentral,Woodlands CIQ,321
2026-06-05,16:00,Woodlands CIQ,JB Sentral,325
2026-06-05,17:00,JB Sentral,Woodlands CIQ,316
2026-06-05,17:00,Woodlands CIQ,JB Sentral,320
2026-06-05,18:00,Woodlands CIQ,JB Sentral,320
2026-06-05,19:00,JB Sentral,Woodlands CIQ,321
2026-06-05,20:00,JB Sentral,Woodlands CIQ,321
2026-06-05,20:00,Woodlands CIQ,JB Sentral,320
2026-06-05,21:00,JB Sentral,Woodlands CIQ,321
2026-06-05,21:00,Woodlands CIQ,JB Sentral,321
2026-06-05,22:00,JB Sentral,Woodlands CIQ,321
2026-06-05,22:00,Woodlands CIQ,JB Sentral,320
2026-06-05,23:00,Woodlands CIQ,JB Sentral,318
2026-06-06,05:00,JB Sentral,Woodlands CIQ,184
2026-06-06,06:00,JB Sentral,Woodlands CIQ,395
2026-06-06,07:00,JB Sentral,Woodlands CIQ,535
2026-06-06,08:00,JB Sentral,Woodlands CIQ,321
2026-06-06,08:00,Woodlands CIQ,JB Sentral,321
2026-06-06,09:00,Woodlands CIQ,JB Sentral,317
2026-06-06,10:00,JB Sentral,Woodlands CIQ,324
2026-06-06,11:00,JB Sentral,Woodlands CIQ,282
2026-06-06,11:00,Woodlands CIQ,JB Sentral,322
2026-06-06,12:00,JB Sentral,Woodlands CIQ,320
2026-06-06,12:00,Woodlands CIQ,JB Sentral,325
2026-06-06,13:00,Woodlands CIQ,JB Sentral,326
2026-06-06,14:00,JB Sentral,Woodlands CIQ,325
2026-06-06,15:00,JB Sentral,Woodlands CIQ,323
2026-06-06,15:00,Woodlands CIQ,JB Sentral,320
2026-06-06,16:00,JB Sentral,Woodlands CIQ,321
2026-06-06,16:00,Woodlands CIQ,JB Sentral,326
2026-06-06,17:00,JB Sentral,Woodlands CIQ,323
2026-06-06,17:00,Woodlands CIQ,JB Sentral,324
2026-06-06,18:00,Woodlands CIQ,JB Sentral,320
2026-06-06,19:00,JB Sentral,Woodlands CIQ,323
2026-06-06,20:00,JB Sentral,Woodlands CIQ,322
2026-06-06,20:00,Woodlands CIQ,JB Sentral,322
2026-06-06,21:00,JB Sentral,Woodlands CIQ,319
2026-06-06,21:00,Woodlands CIQ,JB Sentral,271
2026-06-06,22:00,JB Sentral,Woodlands CIQ,321
2026-06-06,22:00,Woodlands CIQ,JB Sentral,231
2026-06-06,23:00,Woodlands CIQ,JB Sentral,124
2026-06-07,05:00,JB Sentral,Woodlands CIQ,112
2026-06-07,06:00,JB Sentral,Woodlands CIQ,184
2026-06-07,07:00,JB Sentral,Woodlands CIQ,392
2026-06-07,08:00,JB Sentral,Woodlands CIQ,320
2026-06-07,08:00,Woodlands CIQ,JB Sentral,320
2026-06-07,09:00,Woodlands CIQ,JB Sentral,320
2026-06-07,10:00,JB Sentral,Woodlands CIQ,325
2026-06-07,11:00,JB Sentral,Woodlands CIQ,323
2026-06-07,11:00,Woodlands CIQ,JB Sentral,322
2026-06-07,12:00,JB Sentral,Woodlands CIQ,323
2026-06-07,12:00,Woodlands CIQ,JB Sentral,323
2026-06-07,13:00,Woodlands CIQ,JB Sentral,325
2026-06-07,14:00,JB Sentral,Woodlands CIQ,322
2026-06-07,15:00,JB Sentral,Woodlands CIQ,325
2026-06-07,15:00,Woodlands CIQ,JB Sentral,321
2026-06-07,16:00,JB Sentral,Woodlands CIQ,325
2026-06-07,16:00,Woodlands CIQ,JB Sentral,327
2026-06-07,17:00,JB Sentral,Woodlands CIQ,320
2026-06-07,17:00,Woodlands CIQ,JB Sentral,202
2026-06-07,18:00,Woodlands CIQ,JB Sentral,141
2026-06-07,19:00,JB Sentral,Woodlands CIQ,307
2026-06-07,20:00,JB Sentral,Woodlands CIQ,320
2026-06-07,20:00,Woodlands CIQ,JB Sentral,141
2026-06-07,21:00,JB Sentral,Woodlands CIQ,320
2026-06-07,21:00,Woodlands CIQ,JB Sentral,118
2026-06-07,22:00,JB Sentral,Woodlands CIQ,320
2026-06-07,22:00,Woodlands CIQ,JB Sentral,75
2026-06-07,23:00,Woodlands CIQ,JB Sentral,68
2026-06-08,05:00,JB Sentral,Woodlands CIQ,640
2026-06-08,06:00,JB Sentral,Woodlands CIQ,640
2026-06-08,07:00,JB Sentral,Woodlands CIQ,640
2026-06-08,08:00,JB Sentral,Woodlands CIQ,320
2026-06-08,08:00,Woodlands CIQ,JB Sentral,320
2026-06-08,09:00,Woodlands CIQ,JB Sentral,321
2026-06-08,10:00,JB Sentral,Woodlands CIQ,324
2026-06-08,11:00,JB Sentral,Woodlands CIQ,321
2026-06-08,11:00,Woodlands CIQ,JB Sentral,319
2026-06-08,12:00,JB Sentral,Woodlands CIQ,321
2026-06-08,12:00,Woodlands CIQ,JB Sentral,330
2026-06-08,13:00,Woodlands CIQ,JB Sentral,327
2026-06-08,14:00,JB Sentral,Woodlands CIQ,327
2026-06-08,15:00,JB Sentral,Woodlands CIQ,324
2026-06-08,15:00,Woodlands CIQ,JB Sentral,324
2026-06-08,16:00,JB Sentral,Woodlands CIQ,321
2026-06-08,16:00,Woodlands CIQ,JB Sentral,174
2026-06-08,17:00,JB Sentral,Woodlands CIQ,322
2026-06-08,17:00,Woodlands CIQ,JB Sentral,229
2026-06-08,18:00,Woodlands CIQ,JB Sentral,320
2026-06-08,19:00,JB Sentral,Woodlands CIQ,321
2026-06-08,20:00,JB Sentral,Woodlands CIQ,324
2026-06-08,20:00,Woodlands CIQ,JB Sentral,320
2026-06-08,21:00,JB Sentral,Woodlands CIQ,321
2026-06-08,21:00,Woodlands CIQ,JB Sentral,320
2026-06-08,22:00,JB Sentral,Woodlands CIQ,322
2026-06-08,22:00,Woodlands CIQ,JB Sentral,159
2026-06-08,23:00,Woodlands CIQ,JB Sentral,57
2026-06-11,05:00,JB Sentral,Woodlands CIQ,640
2026-06-11,06:00,JB Sentral,Woodlands CIQ,640
2026-06-11,07:00,JB Sentral,Woodlands CIQ,639
2026-06-11,08:00,JB Sentral,Woodlands CIQ,320
2026-06-11,08:00,Woodlands CIQ,JB Sentral,320
2026-06-11,09:00,Woodlands CIQ,JB Sentral,320
2026-06-11,10:00,JB Sentral,Woodlands CIQ,322
2026-06-11,11:00,JB Sentral,Woodlands CIQ,180
2026-06-11,11:00,Woodlands CIQ,JB Sentral,320
2026-06-11,12:00,JB Sentral,Woodlands CIQ,229
2026-06-11,12:00,Woodlands CIQ,JB Sentral,320
2026-06-11,13:00,Woodlands CIQ,JB Sentral,323
2026-06-11,14:00,JB Sentral,Woodlands CIQ,323
2026-06-11,15:00,JB Sentral,Woodlands CIQ,322
2026-06-11,15:00,Woodlands CIQ,JB Sentral,321
2026-06-11,16:00,JB Sentral,Woodlands CIQ,325
2026-06-11,16:00,Woodlands CIQ,JB Sentral,324
2026-06-11,17:00,JB Sentral,Woodlands CIQ,320
2026-06-11,17:00,Woodlands CIQ,JB Sentral,323
2026-06-11,18:00,Woodlands CIQ,JB Sentral,320
2026-06-11,19:00,JB Sentral,Woodlands CIQ,320
2026-06-11,20:00,JB Sentral,Woodlands CIQ,322
2026-06-11,20:00,Woodlands CIQ,JB Sentral,320
2026-06-11,21:00,JB Sentral,Woodlands CIQ,321
2026-06-11,21:00,Woodlands CIQ,JB Sentral,320
2026-06-11,22:00,JB Sentral,Woodlands CIQ,320
2026-06-11,22:00,Woodlands CIQ,JB Sentral,320
2026-06-11,23:00,Woodlands CIQ,JB Sentral,146
2026-06-12,05:00,JB Sentral,Woodlands CIQ,640
2026-06-12,06:00,JB Sentral,Woodlands CIQ,640
2026-06-12,07:00,JB Sentral,Woodlands CIQ,640
2026-06-12,08:00,JB Sentral,Woodlands CIQ,320
2026-06-12,08:00,Woodlands CIQ,JB Sentral,320
2026-06-12,09:00,Woodlands CIQ,JB Sentral,320
2026-06-12,10:00,JB Sentral,Woodlands CIQ,294
2026-06-12,11:00,JB Sentral,Woodlands CIQ,195
2026-06-12,11:00,Woodlands CIQ,JB Sentral,322
2026-06-12,12:00,JB Sentral,Woodlands CIQ,319
2026-06-12,12:00,Woodlands CIQ,JB Sentral,321
2026-06-12,13:00,Woodlands CIQ,JB Sentral,323
2026-06-12,14:00,JB Sentral,Woodlands CIQ,321
2026-06-12,15:00,JB Sentral,Woodlands CIQ,326
2026-06-12,15:00,Woodlands CIQ,JB Sentral,322
2026-06-12,16:00,JB Sentral,Woodlands CIQ,325
2026-06-12,16:00,Woodlands CIQ,JB Sentral,323
2026-06-12,17:00,JB Sentral,Woodlands CIQ,322
2026-06-12,17:00,Woodlands CIQ,JB Sentral,321
2026-06-12,18:00,Woodlands CIQ,JB Sentral,322
2026-06-12,19:00,JB Sentral,Woodlands CIQ,322
2026-06-12,20:00,JB Sentral,Woodlands CIQ,321
2026-06-12,20:00,Woodlands CIQ,JB Sentral,320
2026-06-12,21:00,JB Sentral,Woodlands CIQ,322
2026-06-12,21:00,Woodlands CIQ,JB Sentral,321
2026-06-12,22:00,JB Sentral,Woodlands CIQ,322
2026-06-12,22:00,Woodlands CIQ,JB Sentral,320
2026-06-12,23:00,Woodlands CIQ,JB Sentral,311
2026-06-13,05:00,JB Sentral,Woodlands CIQ,191
2026-06-13,06:00,JB Sentral,Woodlands CIQ,342
2026-06-13,07:00,JB Sentral,Woodlands CIQ,567
2026-06-13,08:00,JB Sentral,Woodlands CIQ,320
2026-06-13,08:00,Woodlands CIQ,JB Sentral,320
2026-06-13,09:00,Woodlands CIQ,JB Sentral,320
2026-06-13,10:00,JB Sentral,Woodlands CIQ,326
2026-06-13,11:00,JB Sentral,Woodlands CIQ,328
2026-06-13,11:00,Woodlands CIQ,JB Sentral,321
2026-06-13,12:00,JB Sentral,Woodlands CIQ,321
2026-06-13,12:00,Woodlands CIQ,JB Sentral,323
2026-06-13,13:00,Woodlands CIQ,JB Sentral,324
2026-06-13,14:00,JB Sentral,Woodlands CIQ,323
2026-06-13,15:00,JB Sentral,Woodlands CIQ,321
2026-06-13,15:00,Woodlands CIQ,JB Sentral,322
2026-06-13,16:00,JB Sentral,Woodlands CIQ,323
2026-06-13,16:00,Woodlands CIQ,JB Sentral,321
2026-06-13,17:00,JB Sentral,Woodlands CIQ,320
2026-06-13,17:00,Woodlands CIQ,JB Sentral,324
2026-06-13,18:00,Woodlands CIQ,JB Sentral,322
2026-06-13,19:00,JB Sentral,Woodlands CIQ,325
2026-06-13,20:00,JB Sentral,Woodlands CIQ,321
2026-06-13,20:00,Woodlands CIQ,JB Sentral,322
2026-06-13,21:00,JB Sentral,Woodlands CIQ,321
2026-06-13,21:00,Woodlands CIQ,JB Sentral,234
2026-06-13,22:00,JB Sentral,Woodlands CIQ,319
2026-06-13,22:00,Woodlands CIQ,JB Sentral,210
2026-06-13,23:00,Woodlands CIQ,JB Sentral,76
2026-06-14,05:00,JB Sentral,Woodlands CIQ,120
2026-06-14,06:00,JB Sentral,Woodlands CIQ,173
2026-06-14,07:00,JB Sentral,Woodlands CIQ,432
2026-06-14,08:00,JB Sentral,Woodlands CIQ,324
2026-06-14,08:00,Woodlands CIQ,JB Sentral,319
2026-06-14,09:00,Woodlands CIQ,JB Sentral,320
2026-06-14,10:00,JB Sentral,Woodlands CIQ,324
2026-06-14,11:00,JB Sentral,Woodlands CIQ,326
2026-06-14,11:00,Woodlands CIQ,JB Sentral,320
2026-06-14,12:00,JB Sentral,Woodlands CIQ,323
2026-06-14,12:00,Woodlands CIQ,JB Sentral,324
2026-06-14,13:00,Woodlands CIQ,JB Sentral,326
2026-06-14,14:00,JB Sentral,Woodlands CIQ,325
2026-06-14,15:00,JB Sentral,Woodlands CIQ,326
2026-06-14,15:00,Woodlands CIQ,JB Sentral,321
2026-06-14,16:00,JB Sentral,Woodlands CIQ,319
2026-06-14,16:00,Woodlands CIQ,JB Sentral,326
2026-06-14,17:00,JB Sentral,Woodlands CIQ,322
2026-06-14,17:00,Woodlands CIQ,JB Sentral,193
2026-06-14,18:00,Woodlands CIQ,JB Sentral,147
2026-06-14,19:00,JB Sentral,Woodlands CIQ,323
2026-06-14,20:00,JB Sentral,Woodlands CIQ,321
2026-06-14,20:00,Woodlands CIQ,JB Sentral,128
2026-06-14,21:00,JB Sentral,Woodlands CIQ,320
2026-06-14,21:00,Woodlands CIQ,JB Sentral,92
2026-06-14,22:00,JB Sentral,Woodlands CIQ,320
2026-06-14,22:00,Woodlands CIQ,JB Sentral,93
2026-06-14,23:00,Woodlands CIQ,JB Sentral,49
2026-06-15,05:00,JB Sentral,Woodlands CIQ,640
2026-06-15,06:00,JB Sentral,Woodlands CIQ,640
2026-06-15,07:00,JB Sentral,Woodlands CIQ,639
2026-06-15,08:00,JB Sentral,Woodlands CIQ,320
2026-06-15,08:00,Woodlands CIQ,JB Sentral,320
2026-06-15,09:00,Woodlands CIQ,JB Sentral,322
2026-06-15,10:00,JB Sentral,Woodlands CIQ,320
2026-06-15,11:00,JB Sentral,Woodlands CIQ,324
2026-06-15,11:00,Woodlands CIQ,JB Sentral,321
2026-06-15,12:00,JB Sentral,Woodlands CIQ,323
2026-06-15,12:00,Woodlands CIQ,JB Sentral,320
2026-06-15,13:00,Woodlands CIQ,JB Sentral,325
2026-06-15,14:00,JB Sentral,Woodlands CIQ,321
2026-06-15,15:00,JB Sentral,Woodlands CIQ,321
2026-06-15,15:00,Woodlands CIQ,JB Sentral,319
2026-06-15,16:00,JB Sentral,Woodlands CIQ,321
2026-06-15,16:00,Woodlands CIQ,JB Sentral,158
2026-06-15,17:00,JB Sentral,Woodlands CIQ,324
2026-06-15,17:00,Woodlands CIQ,JB Sentral,209
2026-06-15,18:00,Woodlands CIQ,JB Sentral,320
2026-06-15,19:00,JB Sentral,Woodlands CIQ,322
2026-06-15,20:00,JB Sentral,Woodlands CIQ,320
2026-06-15,20:00,Woodlands CIQ,JB Sentral,320
2026-06-15,21:00,JB Sentral,Woodlands CIQ,324
2026-06-15,21:00,Woodlands CIQ,JB Sentral,294
2026-06-15,22:00,JB Sentral,Woodlands CIQ,321
2026-06-15,22:00,Woodlands CIQ,JB Sentral,163
2026-06-15,23:00,Woodlands CIQ,JB Sentral,48
2026-06-16,05:00,JB Sentral,Woodlands CIQ,640
2026-06-16,06:00,JB Sentral,Woodlands CIQ,640
2026-06-16,07:00,JB Sentral,Woodlands CIQ,640
2026-06-16,08:00,JB Sentral,Woodlands CIQ,320
2026-06-16,08:00,Woodlands CIQ,JB Sentral,321
2026-06-16,09:00,Woodlands CIQ,JB Sentral,320
2026-06-16,10:00,JB Sentral,Woodlands CIQ,321
2026-06-16,11:00,JB Sentral,Woodlands CIQ,321
2026-06-16,11:00,Woodlands CIQ,JB Sentral,321
2026-06-16,12:00,JB Sentral,Woodlands CIQ,321
2026-06-16,12:00,Woodlands CIQ,JB Sentral,322
2026-06-16,13:00,Woodlands CIQ,JB Sentral,324
2026-06-16,14:00,JB Sentral,Woodlands CIQ,323
2026-06-16,15:00,JB Sentral,Woodlands CIQ,320
2026-06-16,15:00,Woodlands CIQ,JB Sentral,320
2026-06-16,16:00,JB Sentral,Woodlands CIQ,320
2026-06-16,16:00,Woodlands CIQ,JB Sentral,139
2026-06-16,17:00,JB Sentral,Woodlands CIQ,321
2026-06-16,17:00,Woodlands CIQ,JB Sentral,252
2026-06-16,18:00,Woodlands CIQ,JB Sentral,321
2026-06-16,19:00,JB Sentral,Woodlands CIQ,322
2026-06-16,20:00,JB Sentral,Woodlands CIQ,321
2026-06-16,20:00,Woodlands CIQ,JB Sentral,320
2026-06-16,21:00,JB Sentral,Woodlands CIQ,321
2026-06-16,21:00,Woodlands CIQ,JB Sentral,320
2026-06-16,22:00,JB Sentral,Woodlands CIQ,322
2026-06-16,22:00,Woodlands CIQ,JB Sentral,177
2026-06-16,23:00,Woodlands CIQ,JB Sentral,44
2026-06-17,05:00,JB Sentral,Woodlands CIQ,640
2026-06-17,06:00,JB Sentral,Woodlands CIQ,640
2026-06-17,07:00,JB Sentral,Woodlands CIQ,641
2026-06-17,08:00,JB Sentral,Woodlands CIQ,320
2026-06-17,08:00,Woodlands CIQ,JB Sentral,320
2026-06-17,09:00,Woodlands CIQ,JB Sentral,320
2026-06-17,10:00,JB Sentral,Woodlands CIQ,325
2026-06-17,11:00,JB Sentral,Woodlands CIQ,323
2026-06-17,11:00,Woodlands CIQ,JB Sentral,323
2026-06-17,12:00,JB Sentral,Woodlands CIQ,319
2026-06-17,12:00,Woodlands CIQ,JB Sentral,323
2026-06-17,13:00,Woodlands CIQ,JB Sentral,323
2026-06-17,14:00,JB Sentral,Woodlands CIQ,328
2026-06-17,15:00,JB Sentral,Woodlands CIQ,324
2026-06-17,15:00,Woodlands CIQ,JB Sentral,321
2026-06-17,16:00,JB Sentral,Woodlands CIQ,323
2026-06-17,16:00,Woodlands CIQ,JB Sentral,232
2026-06-17,17:00,JB Sentral,Woodlands CIQ,326
2026-06-17,17:00,Woodlands CIQ,JB Sentral,327
2026-06-17,18:00,Woodlands CIQ,JB Sentral,321
2026-06-17,19:00,JB Sentral,Woodlands CIQ,322
2026-06-17,20:00,JB Sentral,Woodlands CIQ,321
2026-06-17,20:00,Woodlands CIQ,JB Sentral,300
2026-06-17,21:00,JB Sentral,Woodlands CIQ,320
2026-06-17,21:00,Woodlands CIQ,JB Sentral,320
2026-06-17,22:00,JB Sentral,Woodlands CIQ,320
2026-06-17,22:00,Woodlands CIQ,JB Sentral,318
2026-06-17,23:00,Woodlands CIQ,JB Sentral,67
2026-06-18,05:00,JB Sentral,Woodlands CIQ,640
2026-06-18,06:00,JB Sentral,Woodlands CIQ,640
2026-06-18,07:00,JB Sentral,Woodlands CIQ,637
2026-06-18,08:00,JB Sentral,Woodlands CIQ,320
2026-06-18,08:00,Woodlands CIQ,JB Sentral,322
2026-06-18,09:00,Woodlands CIQ,JB Sentral,320
2026-06-18,10:00,JB Sentral,Woodlands CIQ,320
2026-06-18,11:00,JB Sentral,Woodlands CIQ,229
2026-06-18,11:00,Woodlands CIQ,JB Sentral,321
2026-06-18,12:00,JB Sentral,Woodlands CIQ,325
2026-06-18,12:00,Woodlands CIQ,JB Sentral,324
2026-06-18,13:00,Woodlands CIQ,JB Sentral,330
2026-06-18,14:00,JB Sentral,Woodlands CIQ,325
2026-06-18,15:00,JB Sentral,Woodlands CIQ,324
2026-06-18,15:00,Woodlands CIQ,JB Sentral,326
2026-06-18,16:00,JB Sentral,Woodlands CIQ,324
2026-06-18,16:00,Woodlands CIQ,JB Sentral,325
2026-06-18,17:00,JB Sentral,Woodlands CIQ,321
2026-06-18,17:00,Woodlands CIQ,JB Sentral,323
2026-06-18,18:00,Woodlands CIQ,JB Sentral,320
2026-06-18,19:00,JB Sentral,Woodlands CIQ,322
2026-06-18,20:00,JB Sentral,Woodlands CIQ,322
2026-06-18,20:00,Woodlands CIQ,JB Sentral,320
2026-06-18,21:00,JB Sentral,Woodlands CIQ,320
2026-06-18,21:00,Woodlands CIQ,JB Sentral,319
2026-06-18,22:00,JB Sentral,Woodlands CIQ,318
2026-06-18,22:00,Woodlands CIQ,JB Sentral,320
2026-06-18,23:00,Woodlands CIQ,JB Sentral,154
2026-06-19,05:00,JB Sentral,Woodlands CIQ,640
2026-06-19,06:00,JB Sentral,Woodlands CIQ,640
2026-06-19,07:00,JB Sentral,Woodlands CIQ,640
2026-06-19,08:00,JB Sentral,Woodlands CIQ,320
2026-06-19,08:00,Woodlands CIQ,JB Sentral,323
2026-06-19,09:00,Woodlands CIQ,JB Sentral,320
2026-06-19,10:00,JB Sentral,Woodlands CIQ,304
2026-06-19,11:00,JB Sentral,Woodlands CIQ,253
2026-06-19,11:00,Woodlands CIQ,JB Sentral,321
2026-06-19,12:00,JB Sentral,Woodlands CIQ,326
2026-06-19,12:00,Woodlands CIQ,JB Sentral,326
2026-06-19,13:00,Woodlands CIQ,JB Sentral,328
2026-06-19,14:00,JB Sentral,Woodlands CIQ,325
2026-06-19,15:00,JB Sentral,Woodlands CIQ,324
2026-06-19,15:00,Woodlands CIQ,JB Sentral,317
2026-06-19,16:00,JB Sentral,Woodlands CIQ,320
2026-06-19,16:00,Woodlands CIQ,JB Sentral,325
2026-06-19,17:00,JB Sentral,Woodlands CIQ,321
2026-06-19,17:00,Woodlands CIQ,JB Sentral,322
2026-06-19,18:00,Woodlands CIQ,JB Sentral,320
2026-06-19,19:00,JB Sentral,Woodlands CIQ,322
2026-06-19,20:00,JB Sentral,Woodlands CIQ,322
2026-06-19,20:00,Woodlands CIQ,JB Sentral,320
2026-06-19,21:00,JB Sentral,Woodlands CIQ,321
2026-06-19,21:00,Woodlands CIQ,JB Sentral,319
2026-06-19,22:00,JB Sentral,Woodlands CIQ,320
2026-06-19,22:00,Woodlands CIQ,JB Sentral,320
2026-06-19,23:00,Woodlands CIQ,JB Sentral,321
2026-06-20,05:00,JB Sentral,Woodlands CIQ,175
2026-06-20,06:00,JB Sentral,Woodlands CIQ,383
2026-06-20,07:00,JB Sentral,Woodlands CIQ,573
2026-06-20,08:00,JB Sentral,Woodlands CIQ,320
2026-06-20,08:00,Woodlands CIQ,JB Sentral,321
2026-06-20,09:00,Woodlands CIQ,JB Sentral,322
2026-06-20,10:00,JB Sentral,Woodlands CIQ,322
2026-06-20,11:00,JB Sentral,Woodlands CIQ,323
2026-06-20,11:00,Woodlands CIQ,JB Sentral,323
2026-06-20,12:00,JB Sentral,Woodlands CIQ,322
2026-06-20,12:00,Woodlands CIQ,JB Sentral,324
2026-06-20,13:00,Woodlands CIQ,JB Sentral,324
2026-06-20,14:00,JB Sentral,Woodlands CIQ,326
2026-06-20,15:00,JB Sentral,Woodlands CIQ,318
2026-06-20,15:00,Woodlands CIQ,JB Sentral,321
2026-06-20,16:00,JB Sentral,Woodlands CIQ,324
2026-06-20,16:00,Woodlands CIQ,JB Sentral,325
2026-06-20,17:00,JB Sentral,Woodlands CIQ,322
2026-06-20,17:00,Woodlands CIQ,JB Sentral,324
2026-06-20,18:00,Woodlands CIQ,JB Sentral,324
2026-06-20,19:00,JB Sentral,Woodlands CIQ,321
2026-06-20,20:00,JB Sentral,Woodlands CIQ,323
2026-06-20,20:00,Woodlands CIQ,JB Sentral,322
2026-06-20,21:00,JB Sentral,Woodlands CIQ,320
2026-06-20,21:00,Woodlands CIQ,JB Sentral,196
2026-06-20,22:00,JB Sentral,Woodlands CIQ,319
2026-06-20,22:00,Woodlands CIQ,JB Sentral,154
2026-06-20,23:00,Woodlands CIQ,JB Sentral,68
2026-06-21,05:00,JB Sentral,Woodlands CIQ,120
2026-06-21,06:00,JB Sentral,Woodlands CIQ,190
2026-06-21,07:00,JB Sentral,Woodlands CIQ,504
2026-06-21,08:00,JB Sentral,Woodlands CIQ,323
2026-06-21,08:00,Woodlands CIQ,JB Sentral,320
2026-06-21,09:00,Woodlands CIQ,JB Sentral,320
2026-06-21,10:00,JB Sentral,Woodlands CIQ,322
2026-06-21,11:00,JB Sentral,Woodlands CIQ,323
2026-06-21,11:00,Woodlands CIQ,JB Sentral,321
2026-06-21,12:00,JB Sentral,Woodlands CIQ,322
2026-06-21,12:00,Woodlands CIQ,JB Sentral,325
2026-06-21,13:00,Woodlands CIQ,JB Sentral,328
2026-06-21,14:00,JB Sentral,Woodlands CIQ,322
2026-06-21,15:00,JB Sentral,Woodlands CIQ,323
2026-06-21,15:00,Woodlands CIQ,JB Sentral,320
2026-06-21,16:00,JB Sentral,Woodlands CIQ,326
2026-06-21,16:00,Woodlands CIQ,JB Sentral,260
2026-06-21,17:00,JB Sentral,Woodlands CIQ,320
2026-06-21,17:00,Woodlands CIQ,JB Sentral,146
2026-06-21,18:00,Woodlands CIQ,JB Sentral,124
2026-06-21,19:00,JB Sentral,Woodlands CIQ,320
2026-06-21,20:00,JB Sentral,Woodlands CIQ,321
2026-06-21,20:00,Woodlands CIQ,JB Sentral,113
2026-06-21,21:00,JB Sentral,Woodlands CIQ,320
2026-06-21,21:00,Woodlands CIQ,JB Sentral,107
2026-06-21,22:00,JB Sentral,Woodlands CIQ,320
2026-06-21,22:00,Woodlands CIQ,JB Sentral,102
2026-06-21,23:00,Woodlands CIQ,JB Sentral,50
2026-06-09,05:00,JB Sentral,Woodlands CIQ,640
2026-06-09,06:00,JB Sentral,Woodlands CIQ,640
2026-06-09,07:00,JB Sentral,Woodlands CIQ,636
2026-06-09,08:00,JB Sentral,Woodlands CIQ,320
2026-06-09,08:00,Woodlands CIQ,JB Sentral,320
2026-06-09,09:00,Woodlands CIQ,JB Sentral,320
2026-06-09,10:00,JB Sentral,Woodlands CIQ,320
2026-06-09,11:00,JB Sentral,Woodlands CIQ,262
2026-06-09,11:00,Woodlands CIQ,JB Sentral,322
2026-06-09,12:00,JB Sentral,Woodlands CIQ,318
2026-06-09,12:00,Woodlands CIQ,JB Sentral,323
2026-06-09,13:00,Woodlands CIQ,JB Sentral,326
2026-06-09,14:00,JB Sentral,Woodlands CIQ,321
2026-06-09,15:00,JB Sentral,Woodlands CIQ,321
2026-06-09,15:00,Woodlands CIQ,JB Sentral,323
2026-06-09,16:00,JB Sentral,Woodlands CIQ,322
2026-06-09,16:00,Woodlands CIQ,JB Sentral,108
2026-06-09,17:00,JB Sentral,Woodlands CIQ,323
2026-06-09,17:00,Woodlands CIQ,JB Sentral,197
2026-06-09,18:00,Woodlands CIQ,JB Sentral,320
2026-06-09,19:00,JB Sentral,Woodlands CIQ,322
2026-06-09,20:00,JB Sentral,Woodlands CIQ,320
2026-06-09,20:00,Woodlands CIQ,JB Sentral,320
2026-06-09,21:00,JB Sentral,Woodlands CIQ,320
2026-06-09,21:00,Woodlands CIQ,JB Sentral,320
2026-06-09,22:00,JB Sentral,Woodlands CIQ,320
2026-06-09,22:00,Woodlands CIQ,JB Sentral,174
2026-06-09,23:00,Woodlands CIQ,JB Sentral,51
2026-06-10,05:00,JB Sentral,Woodlands CIQ,640
2026-06-10,06:00,JB Sentral,Woodlands CIQ,640
2026-06-10,07:00,JB Sentral,Woodlands CIQ,640
2026-06-10,08:00,JB Sentral,Woodlands CIQ,320
2026-06-10,08:00,Woodlands CIQ,JB Sentral,319
2026-06-10,09:00,Woodlands CIQ,JB Sentral,320
2026-06-10,10:00,JB Sentral,Woodlands CIQ,321
2026-06-10,11:00,JB Sentral,Woodlands CIQ,210
2026-06-10,11:00,Woodlands CIQ,JB Sentral,321
2026-06-10,12:00,JB Sentral,Woodlands CIQ,242
2026-06-10,12:00,Woodlands CIQ,JB Sentral,323
2026-06-10,13:00,Woodlands CIQ,JB Sentral,324
2026-06-10,14:00,JB Sentral,Woodlands CIQ,324
2026-06-10,15:00,JB Sentral,Woodlands CIQ,324
2026-06-10,15:00,Woodlands CIQ,JB Sentral,326
2026-06-10,16:00,JB Sentral,Woodlands CIQ,323
2026-06-10,16:00,Woodlands CIQ,JB Sentral,173
2026-06-10,17:00,JB Sentral,Woodlands CIQ,326
2026-06-10,17:00,Woodlands CIQ,JB Sentral,260
2026-06-10,18:00,Woodlands CIQ,JB Sentral,320
2026-06-10,19:00,JB Sentral,Woodlands CIQ,321
2026-06-10,20:00,JB Sentral,Woodlands CIQ,322
2026-06-10,20:00,Woodlands CIQ,JB Sentral,320
2026-06-10,21:00,JB Sentral,Woodlands CIQ,320
2026-06-10,21:00,Woodlands CIQ,JB Sentral,320
2026-06-10,22:00,JB Sentral,Woodlands CIQ,319
2026-06-10,22:00,Woodlands CIQ,JB Sentral,257
2026-06-10,23:00,Woodlands CIQ,JB Sentral,41
2026-06-22,05:00,JB Sentral,Woodlands CIQ,640
2026-06-22,06:00,JB Sentral,Woodlands CIQ,640
2026-06-22,07:00,JB Sentral,Woodlands CIQ,640
2026-06-22,08:00,JB Sentral,Woodlands CIQ,320
2026-06-22,08:00,Woodlands CIQ,JB Sentral,320
2026-06-22,09:00,Woodlands CIQ,JB Sentral,320
2026-06-22,10:00,JB Sentral,Woodlands CIQ,322
2026-06-22,11:00,JB Sentral,Woodlands CIQ,320
2026-06-22,11:00,Woodlands CIQ,JB Sentral,321
2026-06-22,12:00,JB Sentral,Woodlands CIQ,324
2026-06-22,12:00,Woodlands CIQ,JB Sentral,329
2026-06-22,13:00,Woodlands CIQ,JB Sentral,325
2026-06-22,14:00,JB Sentral,Woodlands CIQ,326
2026-06-22,15:00,JB Sentral,Woodlands CIQ,324
2026-06-22,15:00,Woodlands CIQ,JB Sentral,316
2026-06-22,16:00,JB Sentral,Woodlands CIQ,324
2026-06-22,16:00,Woodlands CIQ,JB Sentral,139
2026-06-22,17:00,JB Sentral,Woodlands CIQ,321
2026-06-22,17:00,Woodlands CIQ,JB Sentral,162
2026-06-22,18:00,Woodlands CIQ,JB Sentral,320
2026-06-22,19:00,JB Sentral,Woodlands CIQ,321
2026-06-22,20:00,JB Sentral,Woodlands CIQ,324
2026-06-22,20:00,Woodlands CIQ,JB Sentral,320
2026-06-22,21:00,JB Sentral,Woodlands CIQ,322
2026-06-22,21:00,Woodlands CIQ,JB Sentral,319
2026-06-22,22:00,JB Sentral,Woodlands CIQ,320
2026-06-22,22:00,Woodlands CIQ,JB Sentral,129
2026-06-22,23:00,Woodlands CIQ,JB Sentral,44
2026-06-23,05:00,JB Sentral,Woodlands CIQ,640
2026-06-23,06:00,JB Sentral,Woodlands CIQ,640
2026-06-23,07:00,JB Sentral,Woodlands CIQ,640
2026-06-23,08:00,JB Sentral,Woodlands CIQ,320
2026-06-23,08:00,Woodlands CIQ,JB Sentral,320
2026-06-23,09:00,Woodlands CIQ,JB Sentral,320
2026-06-23,10:00,JB Sentral,Woodlands CIQ,321
2026-06-23,11:00,JB Sentral,Woodlands CIQ,322
2026-06-23,11:00,Woodlands CIQ,JB Sentral,320
2026-06-23,12:00,JB Sentral,Woodlands CIQ,322
2026-06-23,12:00,Woodlands CIQ,JB Sentral,321
2026-06-23,13:00,Woodlands CIQ,JB Sentral,324
2026-06-23,14:00,JB Sentral,Woodlands CIQ,327
2026-06-23,15:00,JB Sentral,Woodlands CIQ,321
2026-06-23,15:00,Woodlands CIQ,JB Sentral,257
2026-06-23,16:00,JB Sentral,Woodlands CIQ,324
2026-06-23,16:00,Woodlands CIQ,JB Sentral,119
2026-06-23,17:00,JB Sentral,Woodlands CIQ,325
2026-06-23,17:00,Woodlands CIQ,JB Sentral,222
2026-06-23,18:00,Woodlands CIQ,JB Sentral,320
2026-06-23,19:00,JB Sentral,Woodlands CIQ,323
2026-06-23,20:00,JB Sentral,Woodlands CIQ,320
2026-06-23,20:00,Woodlands CIQ,JB Sentral,303
2026-06-23,21:00,JB Sentral,Woodlands CIQ,320
2026-06-23,21:00,Woodlands CIQ,JB Sentral,320
2026-06-23,22:00,JB Sentral,Woodlands CIQ,321
2026-06-23,22:00,Woodlands CIQ,JB Sentral,178
2026-06-23,23:00,Woodlands CIQ,JB Sentral,54
2026-06-24,05:00,JB Sentral,Woodlands CIQ,640
2026-06-24,06:00,JB Sentral,Woodlands CIQ,640
2026-06-24,07:00,JB Sentral,Woodlands CIQ,640
2026-06-24,08:00,JB Sentral,Woodlands CIQ,320
2026-06-24,08:00,Woodlands CIQ,JB Sentral,320
2026-06-24,09:00,Woodlands CIQ,JB Sentral,320
2026-06-24,10:00,JB Sentral,Woodlands CIQ,321
2026-06-24,11:00,JB Sentral,Woodlands CIQ,273
2026-06-24,11:00,Woodlands CIQ,JB Sentral,325
2026-06-24,12:00,JB Sentral,Woodlands CIQ,322
2026-06-24,12:00,Woodlands CIQ,JB Sentral,323
2026-06-24,13:00,Woodlands CIQ,JB Sentral,323
2026-06-24,14:00,JB Sentral,Woodlands CIQ,326
2026-06-24,15:00,JB Sentral,Woodlands CIQ,323
2026-06-24,15:00,Woodlands CIQ,JB Sentral,305
2026-06-24,16:00,JB Sentral,Woodlands CIQ,322
2026-06-24,16:00,Woodlands CIQ,JB Sentral,155
2026-06-24,17:00,JB Sentral,Woodlands CIQ,321
2026-06-24,17:00,Woodlands CIQ,JB Sentral,289
2026-06-24,18:00,Woodlands CIQ,JB Sentral,320
2026-06-24,19:00,JB Sentral,Woodlands CIQ,320
2026-06-24,20:00,JB Sentral,Woodlands CIQ,320
2026-06-24,20:00,Woodlands CIQ,JB Sentral,316
2026-06-24,21:00,JB Sentral,Woodlands CIQ,321
2026-06-24,21:00,Woodlands CIQ,JB Sentral,320
2026-06-24,22:00,JB Sentral,Woodlands CIQ,320
2026-06-24,22:00,Woodlands CIQ,JB Sentral,252
2026-06-24,23:00,Woodlands CIQ,JB Sentral,61
2026-06-25,05:00,JB Sentral,Woodlands CIQ,640
2026-06-25,06:00,JB Sentral,Woodlands CIQ,640
2026-06-25,07:00,JB Sentral,Woodlands CIQ,638
2026-06-25,08:00,JB Sentral,Woodlands CIQ,320
2026-06-25,08:00,Woodlands CIQ,JB Sentral,320
2026-06-25,09:00,Woodlands CIQ,JB Sentral,320
2026-06-25,10:00,JB Sentral,Woodlands CIQ,320
2026-06-25,11:00,JB Sentral,Woodlands CIQ,260
2026-06-25,11:00,Woodlands CIQ,JB Sentral,323
2026-06-25,12:00,JB Sentral,Woodlands CIQ,252
2026-06-25,12:00,Woodlands CIQ,JB Sentral,326
2026-06-25,13:00,Woodlands CIQ,JB Sentral,323
2026-06-25,14:00,JB Sentral,Woodlands CIQ,326
2026-06-25,15:00,JB Sentral,Woodlands CIQ,324
2026-06-25,15:00,Woodlands CIQ,JB Sentral,320
2026-06-25,16:00,JB Sentral,Woodlands CIQ,324
2026-06-25,16:00,Woodlands CIQ,JB Sentral,235
2026-06-25,17:00,JB Sentral,Woodlands CIQ,320
2026-06-25,17:00,Woodlands CIQ,JB Sentral,321
2026-06-25,18:00,Woodlands CIQ,JB Sentral,320
2026-06-25,19:00,JB Sentral,Woodlands CIQ,321
2026-06-25,20:00,JB Sentral,Woodlands CIQ,322
2026-06-25,20:00,Woodlands CIQ,JB Sentral,304
2026-06-25,21:00,JB Sentral,Woodlands CIQ,321
2026-06-25,21:00,Woodlands CIQ,JB Sentral,320
2026-06-25,22:00,JB Sentral,Woodlands CIQ,321
2026-06-25,22:00,Woodlands CIQ,JB Sentral,320
2026-06-25,23:00,Woodlands CIQ,JB Sentral,117
2026-06-26,05:00,JB Sentral,Woodlands CIQ,640
2026-06-26,06:00,JB Sentral,Woodlands CIQ,640
2026-06-26,07:00,JB Sentral,Woodlands CIQ,640
2026-06-26,08:00,JB Sentral,Woodlands CIQ,320
2026-06-26,08:00,Woodlands CIQ,JB Sentral,320
2026-06-26,09:00,Woodlands CIQ,JB Sentral,320
2026-06-26,10:00,JB Sentral,Woodlands CIQ,308
2026-06-26,11:00,JB Sentral,Woodlands CIQ,249
2026-06-26,11:00,Woodlands CIQ,JB Sentral,321
2026-06-26,12:00,JB Sentral,Woodlands CIQ,321
2026-06-26,12:00,Woodlands CIQ,JB Sentral,326
2026-06-26,13:00,Woodlands CIQ,JB Sentral,323
2026-06-26,14:00,JB Sentral,Woodlands CIQ,322
2026-06-26,15:00,JB Sentral,Woodlands CIQ,321
2026-06-26,15:00,Woodlands CIQ,JB Sentral,323
2026-06-26,16:00,JB Sentral,Woodlands CIQ,321
2026-06-26,16:00,Woodlands CIQ,JB Sentral,325
2026-06-26,17:00,JB Sentral,Woodlands CIQ,320
2026-06-26,17:00,Woodlands CIQ,JB Sentral,318
2026-06-26,18:00,Woodlands CIQ,JB Sentral,318
2026-06-26,19:00,JB Sentral,Woodlands CIQ,325
2026-06-26,20:00,JB Sentral,Woodlands CIQ,323
2026-06-26,20:00,Woodlands CIQ,JB Sentral,320
2026-06-26,21:00,JB Sentral,Woodlands CIQ,320
2026-06-26,21:00,Woodlands CIQ,JB Sentral,320
2026-06-26,22:00,JB Sentral,Woodlands CIQ,320
2026-06-26,22:00,Woodlands CIQ,JB Sentral,321
2026-06-26,23:00,Woodlands CIQ,JB Sentral,320
2026-06-27,05:00,JB Sentral,Woodlands CIQ,204
2026-06-27,06:00,JB Sentral,Woodlands CIQ,344
2026-06-27,07:00,JB Sentral,Woodlands CIQ,570
2026-06-27,08:00,JB Sentral,Woodlands CIQ,323
2026-06-27,08:00,Woodlands CIQ,JB Sentral,321
2026-06-27,09:00,Woodlands CIQ,JB Sentral,321
2026-06-27,10:00,JB Sentral,Woodlands CIQ,320
2026-06-27,11:00,JB Sentral,Woodlands CIQ,326
2026-06-27,11:00,Woodlands CIQ,JB Sentral,322
2026-06-27,12:00,JB Sentral,Woodlands CIQ,322
2026-06-27,12:00,Woodlands CIQ,JB Sentral,322
2026-06-27,13:00,Woodlands CIQ,JB Sentral,322
2026-06-27,14:00,JB Sentral,Woodlands CIQ,326
2026-06-27,15:00,JB Sentral,Woodlands CIQ,320
2026-06-27,15:00,Woodlands CIQ,JB Sentral,322
2026-06-27,16:00,JB Sentral,Woodlands CIQ,322
2026-06-27,16:00,Woodlands CIQ,JB Sentral,324
2026-06-27,17:00,JB Sentral,Woodlands CIQ,320
2026-06-27,17:00,Woodlands CIQ,JB Sentral,326
2026-06-27,18:00,Woodlands CIQ,JB Sentral,321
2026-06-27,19:00,JB Sentral,Woodlands CIQ,322
2026-06-27,20:00,JB Sentral,Woodlands CIQ,322
2026-06-27,20:00,Woodlands CIQ,JB Sentral,238
2026-06-27,21:00,JB Sentral,Woodlands CIQ,321
2026-06-27,21:00,Woodlands CIQ,JB Sentral,160
2026-06-27,22:00,JB Sentral,Woodlands CIQ,320
2026-06-27,22:00,Woodlands CIQ,JB Sentral,159
2026-06-27,23:00,Woodlands CIQ,JB Sentral,103
2026-06-28,05:00,JB Sentral,Woodlands CIQ,116
2026-06-28,06:00,JB Sentral,Woodlands CIQ,169
2026-06-28,07:00,JB Sentral,Woodlands CIQ,507
2026-06-28,08:00,JB Sentral,Woodlands CIQ,322
2026-06-28,08:00,Woodlands CIQ,JB Sentral,321
2026-06-28,09:00,Woodlands CIQ,JB Sentral,320
2026-06-28,10:00,JB Sentral,Woodlands CIQ,325
2026-06-28,11:00,JB Sentral,Woodlands CIQ,323
2026-06-28,11:00,Woodlands CIQ,JB Sentral,322
2026-06-28,12:00,JB Sentral,Woodlands CIQ,324
2026-06-28,12:00,Woodlands CIQ,JB Sentral,324
2026-06-28,13:00,Woodlands CIQ,JB Sentral,327
2026-06-28,14:00,JB Sentral,Woodlands CIQ,325
2026-06-28,15:00,JB Sentral,Woodlands CIQ,323
2026-06-28,15:00,Woodlands CIQ,JB Sentral,209
2026-06-28,16:00,JB Sentral,Woodlands CIQ,321
2026-06-28,16:00,Woodlands CIQ,JB Sentral,162
2026-06-28,17:00,JB Sentral,Woodlands CIQ,323
2026-06-28,17:00,Woodlands CIQ,JB Sentral,138
2026-06-28,18:00,Woodlands CIQ,JB Sentral,94
2026-06-28,19:00,JB Sentral,Woodlands CIQ,321
2026-06-28,20:00,JB Sentral,Woodlands CIQ,322
2026-06-28,20:00,Woodlands CIQ,JB Sentral,119
2026-06-28,21:00,JB Sentral,Woodlands CIQ,320
2026-06-28,21:00,Woodlands CIQ,JB Sentral,98
2026-06-28,22:00,JB Sentral,Woodlands CIQ,319
2026-06-28,22:00,Woodlands CIQ,JB Sentral,84
2026-06-28,23:00,Woodlands CIQ,JB Sentral,47
2026-07-05,05:00,JB Sentral,Woodlands CIQ,120
2026-07-05,06:00,JB Sentral,Woodlands CIQ,176
2026-07-05,07:00,JB Sentral,Woodlands CIQ,352
2026-07-05,08:00,JB Sentral,Woodlands CIQ,321
2026-07-05,08:00,Woodlands CIQ,JB Sentral,321
2026-07-05,09:00,Woodlands CIQ,JB Sentral,321
2026-07-05,10:00,JB Sentral,Woodlands CIQ,328
2026-07-05,11:00,JB Sentral,Woodlands CIQ,326
2026-07-05,11:00,Woodlands CIQ,JB Sentral,320
2026-07-05,12:00,JB Sentral,Woodlands CIQ,325
2026-07-05,12:00,Woodlands CIQ,JB Sentral,322
2026-07-05,13:00,Woodlands CIQ,JB Sentral,321
2026-07-05,14:00,JB Sentral,Woodlands CIQ,322
2026-07-05,15:00,JB Sentral,Woodlands CIQ,320
2026-07-05,15:00,Woodlands CIQ,JB Sentral,324
2026-07-05,16:00,JB Sentral,Woodlands CIQ,321
2026-07-05,16:00,Woodlands CIQ,JB Sentral,181
2026-07-05,17:00,JB Sentral,Woodlands CIQ,324
2026-07-05,17:00,Woodlands CIQ,JB Sentral,120
2026-07-05,18:00,Woodlands CIQ,JB Sentral,102
2026-07-05,19:00,JB Sentral,Woodlands CIQ,309
2026-07-05,20:00,JB Sentral,Woodlands CIQ,320
2026-07-05,20:00,Woodlands CIQ,JB Sentral,99
2026-07-05,21:00,JB Sentral,Woodlands CIQ,320
2026-07-05,21:00,Woodlands CIQ,JB Sentral,83
2026-07-05,22:00,JB Sentral,Woodlands CIQ,320
2026-07-05,22:00,Woodlands CIQ,JB Sentral,79
2026-07-05,23:00,Woodlands CIQ,JB Sentral,44
2026-07-06,05:00,JB Sentral,Woodlands CIQ,640
2026-07-06,06:00,JB Sentral,Woodlands CIQ,640
2026-07-06,07:00,JB Sentral,Woodlands CIQ,640
2026-07-06,08:00,JB Sentral,Woodlands CIQ,320
2026-07-06,08:00,Woodlands CIQ,JB Sentral,320
2026-07-06,09:00,Woodlands CIQ,JB Sentral,321
2026-07-06,10:00,JB Sentral,Woodlands CIQ,321
2026-07-06,11:00,JB Sentral,Woodlands CIQ,321
2026-07-06,11:00,Woodlands CIQ,JB Sentral,320
2026-07-06,12:00,JB Sentral,Woodlands CIQ,320
2026-07-06,12:00,Woodlands CIQ,JB Sentral,323
2026-07-06,13:00,Woodlands CIQ,JB Sentral,206
2026-07-06,14:00,JB Sentral,Woodlands CIQ,325
2026-07-06,15:00,JB Sentral,Woodlands CIQ,322
2026-07-06,15:00,Woodlands CIQ,JB Sentral,135
2026-07-06,16:00,JB Sentral,Woodlands CIQ,324
2026-07-06,16:00,Woodlands CIQ,JB Sentral,112
2026-07-06,17:00,JB Sentral,Woodlands CIQ,321
2026-07-06,17:00,Woodlands CIQ,JB Sentral,183
2026-07-06,18:00,Woodlands CIQ,JB Sentral,320
2026-07-06,19:00,JB Sentral,Woodlands CIQ,323
2026-07-06,20:00,JB Sentral,Woodlands CIQ,321
2026-07-06,20:00,Woodlands CIQ,JB Sentral,320
2026-07-06,21:00,JB Sentral,Woodlands CIQ,321
2026-07-06,21:00,Woodlands CIQ,JB Sentral,315
2026-07-06,22:00,JB Sentral,Woodlands CIQ,321
2026-07-06,22:00,Woodlands CIQ,JB Sentral,156
2026-07-06,23:00,Woodlands CIQ,JB Sentral,40
2026-07-07,05:00,JB Sentral,Woodlands CIQ,640
2026-07-07,06:00,JB Sentral,Woodlands CIQ,640
2026-07-07,07:00,JB Sentral,Woodlands CIQ,640
2026-07-07,08:00,JB Sentral,Woodlands CIQ,320
2026-07-07,08:00,Woodlands CIQ,JB Sentral,320
2026-07-07,09:00,Woodlands CIQ,JB Sentral,320
2026-07-07,10:00,JB Sentral,Woodlands CIQ,321
2026-07-07,11:00,JB Sentral,Woodlands CIQ,300
2026-07-07,11:00,Woodlands CIQ,JB Sentral,322
2026-07-07,12:00,JB Sentral,Woodlands CIQ,212
2026-07-07,12:00,Woodlands CIQ,JB Sentral,322
2026-07-07,13:00,Woodlands CIQ,JB Sentral,131
2026-07-07,14:00,JB Sentral,Woodlands CIQ,284
2026-07-07,15:00,JB Sentral,Woodlands CIQ,320
2026-07-07,15:00,Woodlands CIQ,JB Sentral,84
2026-07-07,16:00,JB Sentral,Woodlands CIQ,321
2026-07-07,16:00,Woodlands CIQ,JB Sentral,95
2026-07-07,17:00,JB Sentral,Woodlands CIQ,320
2026-07-07,17:00,Woodlands CIQ,JB Sentral,226
2026-07-07,18:00,Woodlands CIQ,JB Sentral,320
2026-07-07,19:00,JB Sentral,Woodlands CIQ,321
2026-07-07,20:00,JB Sentral,Woodlands CIQ,321
2026-07-07,20:00,Woodlands CIQ,JB Sentral,320
2026-07-07,21:00,JB Sentral,Woodlands CIQ,321
2026-07-07,21:00,Woodlands CIQ,JB Sentral,321
2026-07-07,22:00,JB Sentral,Woodlands CIQ,255
2026-07-07,22:00,Woodlands CIQ,JB Sentral,221
2026-07-07,23:00,Woodlands CIQ,JB Sentral,69
2026-07-08,05:00,JB Sentral,Woodlands CIQ,640
2026-07-08,06:00,JB Sentral,Woodlands CIQ,640
2026-07-08,07:00,JB Sentral,Woodlands CIQ,640
2026-07-08,08:00,JB Sentral,Woodlands CIQ,320
2026-07-08,08:00,Woodlands CIQ,JB Sentral,321
2026-07-08,09:00,Woodlands CIQ,JB Sentral,320
2026-07-08,10:00,JB Sentral,Woodlands CIQ,321
2026-07-08,11:00,JB Sentral,Woodlands CIQ,268
2026-07-08,11:00,Woodlands CIQ,JB Sentral,321
2026-07-08,12:00,JB Sentral,Woodlands CIQ,216
2026-07-08,12:00,Woodlands CIQ,JB Sentral,322
2026-07-08,13:00,Woodlands CIQ,JB Sentral,192
2026-07-08,14:00,JB Sentral,Woodlands CIQ,201
2026-07-08,15:00,JB Sentral,Woodlands CIQ,320
2026-07-08,15:00,Woodlands CIQ,JB Sentral,101
2026-07-08,16:00,JB Sentral,Woodlands CIQ,321
2026-07-08,16:00,Woodlands CIQ,JB Sentral,97
2026-07-08,17:00,JB Sentral,Woodlands CIQ,322
2026-07-08,17:00,Woodlands CIQ,JB Sentral,251
2026-07-08,18:00,Woodlands CIQ,JB Sentral,320
2026-07-08,19:00,JB Sentral,Woodlands CIQ,322
2026-07-08,20:00,JB Sentral,Woodlands CIQ,320
2026-07-08,20:00,Woodlands CIQ,JB Sentral,320
2026-07-08,21:00,JB Sentral,Woodlands CIQ,321
2026-07-08,21:00,Woodlands CIQ,JB Sentral,320
2026-07-08,22:00,JB Sentral,Woodlands CIQ,220
2026-07-08,22:00,Woodlands CIQ,JB Sentral,205
2026-07-08,23:00,Woodlands CIQ,JB Sentral,61
2026-07-09,05:00,JB Sentral,Woodlands CIQ,640
2026-07-09,06:00,JB Sentral,Woodlands CIQ,640
2026-07-09,07:00,JB Sentral,Woodlands CIQ,640
2026-07-09,08:00,JB Sentral,Woodlands CIQ,320
2026-07-09,08:00,Woodlands CIQ,JB Sentral,320
2026-07-09,09:00,Woodlands CIQ,JB Sentral,320
2026-07-09,10:00,JB Sentral,Woodlands CIQ,321
2026-07-09,11:00,JB Sentral,Woodlands CIQ,225
2026-07-09,11:00,Woodlands CIQ,JB Sentral,321
2026-07-09,12:00,JB Sentral,Woodlands CIQ,211
2026-07-09,12:00,Woodlands CIQ,JB Sentral,325
2026-07-09,13:00,Woodlands CIQ,JB Sentral,328
2026-07-09,14:00,JB Sentral,Woodlands CIQ,201
2026-07-09,15:00,JB Sentral,Woodlands CIQ,317
2026-07-09,15:00,Woodlands CIQ,JB Sentral,169
2026-07-09,16:00,JB Sentral,Woodlands CIQ,322
2026-07-09,16:00,Woodlands CIQ,JB Sentral,121
2026-07-09,17:00,JB Sentral,Woodlands CIQ,321
2026-07-09,17:00,Woodlands CIQ,JB Sentral,327
2026-07-09,18:00,Woodlands CIQ,JB Sentral,321
2026-07-09,19:00,JB Sentral,Woodlands CIQ,322
2026-07-09,20:00,JB Sentral,Woodlands CIQ,320
2026-07-09,20:00,Woodlands CIQ,JB Sentral,320
2026-07-09,21:00,JB Sentral,Woodlands CIQ,320
2026-07-09,21:00,Woodlands CIQ,JB Sentral,320
2026-07-09,22:00,JB Sentral,Woodlands CIQ,194
2026-07-09,22:00,Woodlands CIQ,JB Sentral,320
2026-07-09,23:00,Woodlands CIQ,JB Sentral,195
2026-07-10,05:00,JB Sentral,Woodlands CIQ,640
2026-07-10,06:00,JB Sentral,Woodlands CIQ,640
2026-07-10,07:00,JB Sentral,Woodlands CIQ,639
2026-07-10,08:00,JB Sentral,Woodlands CIQ,320
2026-07-10,08:00,Woodlands CIQ,JB Sentral,320
2026-07-10,09:00,Woodlands CIQ,JB Sentral,320
2026-07-10,10:00,JB Sentral,Woodlands CIQ,312
2026-07-10,11:00,JB Sentral,Woodlands CIQ,211
2026-07-10,11:00,Woodlands CIQ,JB Sentral,320
2026-07-10,12:00,JB Sentral,Woodlands CIQ,208
2026-07-10,12:00,Woodlands CIQ,JB Sentral,323
2026-07-10,13:00,Woodlands CIQ,JB Sentral,327
2026-07-10,14:00,JB Sentral,Woodlands CIQ,230
2026-07-10,15:00,JB Sentral,Woodlands CIQ,289
2026-07-10,15:00,Woodlands CIQ,JB Sentral,326
2026-07-10,16:00,JB Sentral,Woodlands CIQ,323
2026-07-10,16:00,Woodlands CIQ,JB Sentral,323
2026-07-10,17:00,JB Sentral,Woodlands CIQ,321
2026-07-10,17:00,Woodlands CIQ,JB Sentral,323
2026-07-10,18:00,Woodlands CIQ,JB Sentral,320
2026-07-10,19:00,JB Sentral,Woodlands CIQ,326
2026-07-10,20:00,JB Sentral,Woodlands CIQ,321
2026-07-10,20:00,Woodlands CIQ,JB Sentral,320
2026-07-10,21:00,JB Sentral,Woodlands CIQ,320
2026-07-10,21:00,Woodlands CIQ,JB Sentral,320
2026-07-10,22:00,JB Sentral,Woodlands CIQ,288
2026-07-10,22:00,Woodlands CIQ,JB Sentral,320
2026-07-10,23:00,Woodlands CIQ,JB Sentral,320
2026-07-11,05:00,JB Sentral,Woodlands CIQ,151
2026-07-11,06:00,JB Sentral,Woodlands CIQ,313
2026-07-11,07:00,JB Sentral,Woodlands CIQ,449
2026-07-11,08:00,JB Sentral,Woodlands CIQ,322
2026-07-11,08:00,Woodlands CIQ,JB Sentral,322
2026-07-11,09:00,Woodlands CIQ,JB Sentral,320
2026-07-11,10:00,JB Sentral,Woodlands CIQ,324
2026-07-11,11:00,JB Sentral,Woodlands CIQ,315
2026-07-11,11:00,Woodlands CIQ,JB Sentral,321
2026-07-11,12:00,JB Sentral,Woodlands CIQ,326
2026-07-11,12:00,Woodlands CIQ,JB Sentral,322
2026-07-11,13:00,Woodlands CIQ,JB Sentral,323
2026-07-11,14:00,JB Sentral,Woodlands CIQ,328
2026-07-11,15:00,JB Sentral,Woodlands CIQ,323
2026-07-11,15:00,Woodlands CIQ,JB Sentral,322
2026-07-11,16:00,JB Sentral,Woodlands CIQ,323
2026-07-11,16:00,Woodlands CIQ,JB Sentral,321
2026-07-11,17:00,JB Sentral,Woodlands CIQ,323
2026-07-11,17:00,Woodlands CIQ,JB Sentral,323
2026-07-11,18:00,Woodlands CIQ,JB Sentral,298
2026-07-11,19:00,JB Sentral,Woodlands CIQ,321
2026-07-11,20:00,JB Sentral,Woodlands CIQ,320
2026-07-11,20:00,Woodlands CIQ,JB Sentral,239
2026-07-11,21:00,JB Sentral,Woodlands CIQ,320
2026-07-11,21:00,Woodlands CIQ,JB Sentral,196
2026-07-11,22:00,JB Sentral,Woodlands CIQ,318
2026-07-11,22:00,Woodlands CIQ,JB Sentral,175
2026-07-11,23:00,Woodlands CIQ,JB Sentral,145
2026-07-12,05:00,JB Sentral,Woodlands CIQ,136
2026-07-12,06:00,JB Sentral,Woodlands CIQ,191
2026-07-12,07:00,JB Sentral,Woodlands CIQ,440
2026-07-12,08:00,JB Sentral,Woodlands CIQ,324
2026-07-12,08:00,Woodlands CIQ,JB Sentral,320
2026-07-12,09:00,Woodlands CIQ,JB Sentral,320
2026-07-12,10:00,JB Sentral,Woodlands CIQ,328
2026-07-12,11:00,JB Sentral,Woodlands CIQ,327
2026-07-12,11:00,Woodlands CIQ,JB Sentral,321
2026-07-12,12:00,JB Sentral,Woodlands CIQ,327
2026-07-12,12:00,Woodlands CIQ,JB Sentral,323
2026-07-12,13:00,Woodlands CIQ,JB Sentral,261
2026-07-12,14:00,JB Sentral,Woodlands CIQ,327
2026-07-12,15:00,JB Sentral,Woodlands CIQ,320
2026-07-12,15:00,Woodlands CIQ,JB Sentral,214
2026-07-12,16:00,JB Sentral,Woodlands CIQ,320
2026-07-12,16:00,Woodlands CIQ,JB Sentral,143
2026-07-12,17:00,JB Sentral,Woodlands CIQ,323
2026-07-12,17:00,Woodlands CIQ,JB Sentral,108
2026-07-12,18:00,Woodlands CIQ,JB Sentral,115
2026-07-12,19:00,JB Sentral,Woodlands CIQ,320
2026-07-12,20:00,JB Sentral,Woodlands CIQ,322
2026-07-12,20:00,Woodlands CIQ,JB Sentral,71
2026-07-12,21:00,JB Sentral,Woodlands CIQ,320
2026-07-12,21:00,Woodlands CIQ,JB Sentral,83
2026-07-12,22:00,JB Sentral,Woodlands CIQ,320
2026-07-12,22:00,Woodlands CIQ,JB Sentral,92
2026-07-12,23:00,Woodlands CIQ,JB Sentral,63
2026-07-13,05:00,JB Sentral,Woodlands CIQ,640
2026-07-13,06:00,JB Sentral,Woodlands CIQ,639
2026-07-13,07:00,JB Sentral,Woodlands CIQ,640
2026-07-13,08:00,JB Sentral,Woodlands CIQ,320
2026-07-13,08:00,Woodlands CIQ,JB Sentral,320
2026-07-13,09:00,Woodlands CIQ,JB Sentral,320
2026-07-13,10:00,JB Sentral,Woodlands CIQ,320
2026-07-13,11:00,JB Sentral,Woodlands CIQ,322
2026-07-13,11:00,Woodlands CIQ,JB Sentral,321
2026-07-13,12:00,JB Sentral,Woodlands CIQ,323
2026-07-13,12:00,Woodlands CIQ,JB Sentral,323
2026-07-13,13:00,Woodlands CIQ,JB Sentral,174
2026-07-13,14:00,JB Sentral,Woodlands CIQ,324
2026-07-13,15:00,JB Sentral,Woodlands CIQ,324
2026-07-13,15:00,Woodlands CIQ,JB Sentral,141
2026-07-13,16:00,JB Sentral,Woodlands CIQ,323
2026-07-13,16:00,Woodlands CIQ,JB Sentral,104
2026-07-13,17:00,JB Sentral,Woodlands CIQ,323
2026-07-13,17:00,Woodlands CIQ,JB Sentral,195
2026-07-13,18:00,Woodlands CIQ,JB Sentral,320
2026-07-13,19:00,JB Sentral,Woodlands CIQ,321
2026-07-13,20:00,JB Sentral,Woodlands CIQ,322
2026-07-13,20:00,Woodlands CIQ,JB Sentral,320
2026-07-13,21:00,JB Sentral,Woodlands CIQ,320
2026-07-13,21:00,Woodlands CIQ,JB Sentral,320
2026-07-13,22:00,JB Sentral,Woodlands CIQ,320
2026-07-13,22:00,Woodlands CIQ,JB Sentral,171
2026-07-13,23:00,Woodlands CIQ,JB Sentral,60
2026-07-14,05:00,JB Sentral,Woodlands CIQ,640
2026-07-14,06:00,JB Sentral,Woodlands CIQ,637
2026-07-14,07:00,JB Sentral,Woodlands CIQ,638
2026-07-14,08:00,JB Sentral,Woodlands CIQ,320
2026-07-14,08:00,Woodlands CIQ,JB Sentral,320
2026-07-14,09:00,Woodlands CIQ,JB Sentral,320
2026-07-14,10:00,JB Sentral,Woodlands CIQ,322
2026-07-14,11:00,JB Sentral,Woodlands CIQ,280
2026-07-14,11:00,Woodlands CIQ,JB Sentral,320
2026-07-14,12:00,JB Sentral,Woodlands CIQ,264
2026-07-14,12:00,Woodlands CIQ,JB Sentral,322
2026-07-14,13:00,Woodlands CIQ,JB Sentral,192
2026-07-14,14:00,JB Sentral,Woodlands CIQ,250
2026-07-14,15:00,JB Sentral,Woodlands CIQ,322
2026-07-14,15:00,Woodlands CIQ,JB Sentral,115
2026-07-14,16:00,JB Sentral,Woodlands CIQ,320
2026-07-14,16:00,Woodlands CIQ,JB Sentral,95
2026-07-14,17:00,JB Sentral,Woodlands CIQ,322
2026-07-14,17:00,Woodlands CIQ,JB Sentral,241
2026-07-14,18:00,Woodlands CIQ,JB Sentral,320
2026-07-14,19:00,JB Sentral,Woodlands CIQ,322
2026-07-14,20:00,JB Sentral,Woodlands CIQ,320
2026-07-14,20:00,Woodlands CIQ,JB Sentral,320
2026-07-14,21:00,JB Sentral,Woodlands CIQ,323
2026-07-14,21:00,Woodlands CIQ,JB Sentral,320
2026-07-14,22:00,JB Sentral,Woodlands CIQ,263
2026-07-14,22:00,Woodlands CIQ,JB Sentral,186
2026-07-14,23:00,Woodlands CIQ,JB Sentral,53
2026-07-15,05:00,JB Sentral,Woodlands CIQ,640
2026-07-15,06:00,JB Sentral,Woodlands CIQ,636
2026-07-15,07:00,JB Sentral,Woodlands CIQ,640
2026-07-15,08:00,JB Sentral,Woodlands CIQ,320
2026-07-15,08:00,Woodlands CIQ,JB Sentral,320
2026-07-15,09:00,Woodlands CIQ,JB Sentral,320
2026-07-15,10:00,JB Sentral,Woodlands CIQ,321
2026-07-15,11:00,JB Sentral,Woodlands CIQ,277
2026-07-15,11:00,Woodlands CIQ,JB Sentral,323
2026-07-15,12:00,JB Sentral,Woodlands CIQ,239
2026-07-15,12:00,Woodlands CIQ,JB Sentral,321
2026-07-15,13:00,Woodlands CIQ,JB Sentral,190
2026-07-15,14:00,JB Sentral,Woodlands CIQ,238
2026-07-15,15:00,JB Sentral,Woodlands CIQ,321
2026-07-15,15:00,Woodlands CIQ,JB Sentral,136
2026-07-15,16:00,JB Sentral,Woodlands CIQ,320
2026-07-15,16:00,Woodlands CIQ,JB Sentral,73
2026-07-15,17:00,JB Sentral,Woodlands CIQ,322
2026-07-15,17:00,Woodlands CIQ,JB Sentral,267
2026-07-15,18:00,Woodlands CIQ,JB Sentral,320
2026-07-15,19:00,JB Sentral,Woodlands CIQ,323
2026-07-15,20:00,JB Sentral,Woodlands CIQ,321
2026-07-15,20:00,Woodlands CIQ,JB Sentral,320
2026-07-15,21:00,JB Sentral,Woodlands CIQ,320
2026-07-15,21:00,Woodlands CIQ,JB Sentral,320
2026-07-15,22:00,JB Sentral,Woodlands CIQ,204
2026-07-15,22:00,Woodlands CIQ,JB Sentral,261
2026-07-15,23:00,Woodlands CIQ,JB Sentral,56
2026-07-23,05:00,JB Sentral,Woodlands CIQ,640
2026-07-23,06:00,JB Sentral,Woodlands CIQ,640
2026-07-23,07:00,JB Sentral,Woodlands CIQ,638
2026-07-23,08:00,JB Sentral,Woodlands CIQ,320
2026-07-23,08:00,Woodlands CIQ,JB Sentral,322
2026-07-23,09:00,Woodlands CIQ,JB Sentral,321
2026-07-23,11:00,JB Sentral,Woodlands CIQ,320
2026-07-23,12:00,JB Sentral,Woodlands CIQ,203
2026-07-23,12:00,Woodlands CIQ,JB Sentral,323
2026-07-23,13:00,Woodlands CIQ,JB Sentral,321
2026-07-23,14:00,JB Sentral,Woodlands CIQ,248
2026-07-23,15:00,JB Sentral,Woodlands CIQ,310
2026-07-23,15:00,Woodlands CIQ,JB Sentral,166
2026-07-23,16:00,JB Sentral,Woodlands CIQ,320
2026-07-23,16:00,Woodlands CIQ,JB Sentral,116
2026-07-23,17:00,JB Sentral,Woodlands CIQ,321
2026-07-23,17:00,Woodlands CIQ,JB Sentral,321
2026-07-23,18:00,Woodlands CIQ,JB Sentral,320
2026-07-23,19:00,JB Sentral,Woodlands CIQ,317
2026-07-23,20:00,JB Sentral,Woodlands CIQ,319
2026-07-23,20:00,Woodlands CIQ,JB Sentral,313
2026-07-23,21:00,JB Sentral,Woodlands CIQ,318
2026-07-23,21:00,Woodlands CIQ,JB Sentral,320
2026-07-23,22:00,JB Sentral,Woodlands CIQ,199
2026-07-23,22:00,Woodlands CIQ,JB Sentral,321
2026-07-23,23:00,Woodlands CIQ,JB Sentral,137
2026-07-24,05:00,JB Sentral,Woodlands CIQ,640
2026-07-24,06:00,JB Sentral,Woodlands CIQ,640
2026-07-24,07:00,JB Sentral,Woodlands CIQ,640
2026-07-24,08:00,JB Sentral,Woodlands CIQ,320
2026-07-24,08:00,Woodlands CIQ,JB Sentral,320
2026-07-24,09:00,Woodlands CIQ,JB Sentral,320
2026-07-24,10:00,JB Sentral,Woodlands CIQ,320
2026-07-24,11:00,JB Sentral,Woodlands CIQ,251
2026-07-24,11:00,Woodlands CIQ,JB Sentral,321
2026-07-24,12:00,JB Sentral,Woodlands CIQ,206
2026-07-24,12:00,Woodlands CIQ,JB Sentral,322
2026-07-24,13:00,Woodlands CIQ,JB Sentral,324
2026-07-24,14:00,JB Sentral,Woodlands CIQ,251
2026-07-24,15:00,JB Sentral,Woodlands CIQ,324
2026-07-24,15:00,Woodlands CIQ,JB Sentral,330
2026-07-24,16:00,JB Sentral,Woodlands CIQ,322
2026-07-24,16:00,Woodlands CIQ,JB Sentral,323
2026-07-24,17:00,JB Sentral,Woodlands CIQ,320
2026-07-24,17:00,Woodlands CIQ,JB Sentral,324
2026-07-24,18:00,Woodlands CIQ,JB Sentral,320
2026-07-24,19:00,JB Sentral,Woodlands CIQ,321
2026-07-24,20:00,JB Sentral,Woodlands CIQ,322
2026-07-24,20:00,Woodlands CIQ,JB Sentral,317
2026-07-24,21:00,JB Sentral,Woodlands CIQ,320
2026-07-24,21:00,Woodlands CIQ,JB Sentral,321
2026-07-24,22:00,JB Sentral,Woodlands CIQ,320
2026-07-24,22:00,Woodlands CIQ,JB Sentral,319
2026-07-24,23:00,Woodlands CIQ,JB Sentral,320
2026-07-25,05:00,JB Sentral,Woodlands CIQ,188
2026-07-25,06:00,JB Sentral,Woodlands CIQ,348
2026-07-25,07:00,JB Sentral,Woodlands CIQ,509
2026-07-25,08:00,JB Sentral,Woodlands CIQ,322
2026-07-25,08:00,Woodlands CIQ,JB Sentral,321
2026-07-25,09:00,Woodlands CIQ,JB Sentral,320
2026-07-25,10:00,JB Sentral,Woodlands CIQ,328
2026-07-25,11:00,JB Sentral,Woodlands CIQ,325
2026-07-25,11:00,Woodlands CIQ,JB Sentral,322
2026-07-25,12:00,JB Sentral,Woodlands CIQ,321
2026-07-25,12:00,Woodlands CIQ,JB Sentral,319
2026-07-25,13:00,Woodlands CIQ,JB Sentral,322
2026-07-25,14:00,JB Sentral,Woodlands CIQ,322
2026-07-25,15:00,JB Sentral,Woodlands CIQ,324
2026-07-25,15:00,Woodlands CIQ,JB Sentral,321
2026-07-25,16:00,JB Sentral,Woodlands CIQ,321
2026-07-25,16:00,Woodlands CIQ,JB Sentral,324
2026-07-25,17:00,JB Sentral,Woodlands CIQ,324
2026-07-25,17:00,Woodlands CIQ,JB Sentral,324
2026-07-25,18:00,Woodlands CIQ,JB Sentral,322
2026-07-25,19:00,JB Sentral,Woodlands CIQ,320
2026-07-25,20:00,JB Sentral,Woodlands CIQ,319
2026-07-25,20:00,Woodlands CIQ,JB Sentral,256
2026-07-25,21:00,JB Sentral,Woodlands CIQ,318
2026-07-25,21:00,Woodlands CIQ,JB Sentral,190
2026-07-25,22:00,JB Sentral,Woodlands CIQ,318
2026-07-25,22:00,Woodlands CIQ,JB Sentral,215
2026-07-25,23:00,Woodlands CIQ,JB Sentral,85
2026-07-26,05:00,JB Sentral,Woodlands CIQ,132
2026-07-26,06:00,JB Sentral,Woodlands CIQ,190
2026-07-26,07:00,JB Sentral,Woodlands CIQ,462
2026-07-26,08:00,JB Sentral,Woodlands CIQ,321
2026-07-26,08:00,Woodlands CIQ,JB Sentral,320
2026-07-26,09:00,Woodlands CIQ,JB Sentral,320
2026-07-26,10:00,JB Sentral,Woodlands CIQ,326
2026-07-26,11:00,JB Sentral,Woodlands CIQ,328
2026-07-26,11:00,Woodlands CIQ,JB Sentral,320
2026-07-26,12:00,JB Sentral,Woodlands CIQ,326
2026-07-26,12:00,Woodlands CIQ,JB Sentral,327
2026-07-26,13:00,Woodlands CIQ,JB Sentral,317
2026-07-26,14:00,JB Sentral,Woodlands CIQ,321
2026-07-26,15:00,JB Sentral,Woodlands CIQ,318
2026-07-26,15:00,Woodlands CIQ,JB Sentral,235
2026-07-26,16:00,JB Sentral,Woodlands CIQ,322
2026-07-26,16:00,Woodlands CIQ,JB Sentral,141
2026-07-26,17:00,JB Sentral,Woodlands CIQ,321
2026-07-26,17:00,Woodlands CIQ,JB Sentral,151
2026-07-26,18:00,Woodlands CIQ,JB Sentral,109
2026-07-26,19:00,JB Sentral,Woodlands CIQ,322
2026-07-26,20:00,JB Sentral,Woodlands CIQ,320
2026-07-26,20:00,Woodlands CIQ,JB Sentral,150
2026-07-26,21:00,JB Sentral,Woodlands CIQ,320
2026-07-26,21:00,Woodlands CIQ,JB Sentral,110
2026-07-26,22:00,JB Sentral,Woodlands CIQ,321
2026-07-26,22:00,Woodlands CIQ,JB Sentral,107
2026-07-26,23:00,Woodlands CIQ,JB Sentral,78
2026-07-27,05:00,JB Sentral,Woodlands CIQ,640
2026-07-27,06:00,JB Sentral,Woodlands CIQ,640
2026-07-27,07:00,JB Sentral,Woodlands CIQ,640
2026-07-27,08:00,JB Sentral,Woodlands CIQ,320
2026-07-27,08:00,Woodlands CIQ,JB Sentral,320
2026-07-27,09:00,Woodlands CIQ,JB Sentral,320
2026-07-27,10:00,JB Sentral,Woodlands CIQ,322
2026-07-27,11:00,JB Sentral,Woodlands CIQ,323
2026-07-27,11:00,Woodlands CIQ,JB Sentral,320
2026-07-27,12:00,JB Sentral,Woodlands CIQ,323
2026-07-27,12:00,Woodlands CIQ,JB Sentral,324
2026-07-27,13:00,Woodlands CIQ,JB Sentral,277
2026-07-27,15:00,JB Sentral,Woodlands CIQ,321
2026-07-27,16:00,JB Sentral,Woodlands CIQ,323
2026-07-27,16:00,Woodlands CIQ,JB Sentral,107
2026-07-27,17:00,JB Sentral,Woodlands CIQ,320
2026-07-27,17:00,Woodlands CIQ,JB Sentral,207
2026-07-27,18:00,Woodlands CIQ,JB Sentral,320
2026-07-27,19:00,JB Sentral,Woodlands CIQ,321
2026-07-27,20:00,JB Sentral,Woodlands CIQ,320
2026-07-27,20:00,Woodlands CIQ,JB Sentral,320
2026-07-27,21:00,JB Sentral,Woodlands CIQ,322
2026-07-27,21:00,Woodlands CIQ,JB Sentral,293
2026-07-27,22:00,JB Sentral,Woodlands CIQ,321
2026-07-27,22:00,Woodlands CIQ,JB Sentral,157
2026-07-27,23:00,Woodlands CIQ,JB Sentral,50
2026-07-28,05:00,JB Sentral,Woodlands CIQ,640
2026-07-28,06:00,JB Sentral,Woodlands CIQ,640
2026-07-28,07:00,JB Sentral,Woodlands CIQ,640
2026-07-28,08:00,JB Sentral,Woodlands CIQ,320
2026-07-28,08:00,Woodlands CIQ,JB Sentral,320
2026-07-28,09:00,Woodlands CIQ,JB Sentral,320
2026-07-28,10:00,JB Sentral,Woodlands CIQ,320
2026-07-28,11:00,JB Sentral,Woodlands CIQ,260
2026-07-28,11:00,Woodlands CIQ,JB Sentral,320
2026-07-28,12:00,JB Sentral,Woodlands CIQ,219
2026-07-28,12:00,Woodlands CIQ,JB Sentral,322
2026-07-28,13:00,Woodlands CIQ,JB Sentral,181
2026-07-28,14:00,JB Sentral,Woodlands CIQ,250
2026-07-28,15:00,JB Sentral,Woodlands CIQ,321
2026-07-28,15:00,Woodlands CIQ,JB Sentral,119
2026-07-28,16:00,JB Sentral,Woodlands CIQ,320
2026-07-28,16:00,Woodlands CIQ,JB Sentral,73
2026-07-28,17:00,JB Sentral,Woodlands CIQ,321
2026-07-28,17:00,Woodlands CIQ,JB Sentral,215
2026-07-28,18:00,Woodlands CIQ,JB Sentral,320
2026-07-28,19:00,JB Sentral,Woodlands CIQ,323
2026-07-28,20:00,JB Sentral,Woodlands CIQ,320
2026-07-28,20:00,Woodlands CIQ,JB Sentral,320
2026-07-28,21:00,JB Sentral,Woodlands CIQ,321
2026-07-28,21:00,Woodlands CIQ,JB Sentral,320
2026-07-28,22:00,JB Sentral,Woodlands CIQ,249
2026-07-28,22:00,Woodlands CIQ,JB Sentral,194
2026-07-28,23:00,Woodlands CIQ,JB Sentral,51
2026-07-29,05:00,JB Sentral,Woodlands CIQ,640
2026-07-29,06:00,JB Sentral,Woodlands CIQ,640
2026-07-29,07:00,JB Sentral,Woodlands CIQ,640
2026-07-29,08:00,JB Sentral,Woodlands CIQ,320
2026-07-29,08:00,Woodlands CIQ,JB Sentral,320
2026-07-29,09:00,Woodlands CIQ,JB Sentral,320
2026-07-29,10:00,JB Sentral,Woodlands CIQ,320
2026-07-29,11:00,JB Sentral,Woodlands CIQ,316
2026-07-29,11:00,Woodlands CIQ,JB Sentral,321
2026-07-29,12:00,JB Sentral,Woodlands CIQ,236
2026-07-29,12:00,Woodlands CIQ,JB Sentral,325
2026-07-29,13:00,Woodlands CIQ,JB Sentral,215
2026-07-29,14:00,JB Sentral,Woodlands CIQ,225
2026-07-29,15:00,JB Sentral,Woodlands CIQ,321
2026-07-29,15:00,Woodlands CIQ,JB Sentral,101
2026-07-29,16:00,JB Sentral,Woodlands CIQ,320
2026-07-29,16:00,Woodlands CIQ,JB Sentral,89
2026-07-29,17:00,JB Sentral,Woodlands CIQ,321
2026-07-29,17:00,Woodlands CIQ,JB Sentral,235
2026-07-29,18:00,Woodlands CIQ,JB Sentral,320
2026-07-29,19:00,JB Sentral,Woodlands CIQ,319
2026-07-29,20:00,JB Sentral,Woodlands CIQ,318
2026-07-29,20:00,Woodlands CIQ,JB Sentral,320
2026-07-29,21:00,JB Sentral,Woodlands CIQ,315
2026-07-29,21:00,Woodlands CIQ,JB Sentral,319
2026-07-29,22:00,JB Sentral,Woodlands CIQ,193
2026-07-29,22:00,Woodlands CIQ,JB Sentral,296
2026-07-29,23:00,Woodlands CIQ,JB Sentral,70
2026-07-30,05:00,JB Sentral,Woodlands CIQ,640
2026-07-30,06:00,JB Sentral,Woodlands CIQ,640
2026-07-30,07:00,JB Sentral,Woodlands CIQ,635
2026-07-30,08:00,JB Sentral,Woodlands CIQ,320
2026-07-30,08:00,Woodlands CIQ,JB Sentral,320
2026-07-30,09:00,Woodlands CIQ,JB Sentral,320
2026-07-30,11:00,JB Sentral,Woodlands CIQ,320
2026-07-30,12:00,JB Sentral,Woodlands CIQ,236
2026-07-30,12:00,Woodlands CIQ,JB Sentral,320
2026-07-30,13:00,Woodlands CIQ,JB Sentral,325
2026-07-30,14:00,JB Sentral,Woodlands CIQ,241
2026-07-30,15:00,JB Sentral,Woodlands CIQ,324
2026-07-30,15:00,Woodlands CIQ,JB Sentral,204
2026-07-30,16:00,JB Sentral,Woodlands CIQ,323
2026-07-30,16:00,Woodlands CIQ,JB Sentral,121
2026-07-30,17:00,JB Sentral,Woodlands CIQ,323
2026-07-30,17:00,Woodlands CIQ,JB Sentral,322
2026-07-30,18:00,Woodlands CIQ,JB Sentral,320
2026-07-30,19:00,JB Sentral,Woodlands CIQ,320
2026-07-30,20:00,JB Sentral,Woodlands CIQ,321
2026-07-30,20:00,Woodlands CIQ,JB Sentral,320
2026-07-30,21:00,JB Sentral,Woodlands CIQ,320
2026-07-30,21:00,Woodlands CIQ,JB Sentral,320
2026-07-30,22:00,JB Sentral,Woodlands CIQ,235
2026-07-30,22:00,Woodlands CIQ,JB Sentral,320
2026-07-30,23:00,Woodlands CIQ,JB Sentral,110
2026-06-29,05:00,JB Sentral,Woodlands CIQ,640
2026-06-29,06:00,JB Sentral,Woodlands CIQ,640
2026-06-29,07:00,JB Sentral,Woodlands CIQ,637
2026-06-29,08:00,JB Sentral,Woodlands CIQ,320
2026-06-29,08:00,Woodlands CIQ,JB Sentral,320
2026-06-29,09:00,Woodlands CIQ,JB Sentral,320
2026-06-29,10:00,JB Sentral,Woodlands CIQ,322
2026-06-29,11:00,JB Sentral,Woodlands CIQ,320
2026-06-29,11:00,Woodlands CIQ,JB Sentral,322
2026-06-29,12:00,JB Sentral,Woodlands CIQ,323
2026-06-29,12:00,Woodlands CIQ,JB Sentral,322
2026-06-29,13:00,Woodlands CIQ,JB Sentral,229
2026-06-29,14:00,JB Sentral,Woodlands CIQ,326
2026-06-29,15:00,JB Sentral,Woodlands CIQ,323
2026-06-29,15:00,Woodlands CIQ,JB Sentral,124
2026-06-29,16:00,JB Sentral,Woodlands CIQ,326
2026-06-29,16:00,Woodlands CIQ,JB Sentral,89
2026-06-29,17:00,JB Sentral,Woodlands CIQ,323
2026-06-29,17:00,Woodlands CIQ,JB Sentral,207
2026-06-29,18:00,Woodlands CIQ,JB Sentral,320
2026-06-29,19:00,JB Sentral,Woodlands CIQ,322
2026-06-29,20:00,JB Sentral,Woodlands CIQ,321
2026-06-29,20:00,Woodlands CIQ,JB Sentral,320
2026-06-29,21:00,JB Sentral,Woodlands CIQ,321
2026-06-29,21:00,Woodlands CIQ,JB Sentral,302
2026-06-29,22:00,JB Sentral,Woodlands CIQ,321
2026-06-29,22:00,Woodlands CIQ,JB Sentral,162
2026-06-29,23:00,Woodlands CIQ,JB Sentral,55
2026-06-30,05:00,JB Sentral,Woodlands CIQ,640
2026-06-30,06:00,JB Sentral,Woodlands CIQ,640
2026-06-30,07:00,JB Sentral,Woodlands CIQ,638
2026-06-30,08:00,JB Sentral,Woodlands CIQ,320
2026-06-30,08:00,Woodlands CIQ,JB Sentral,320
2026-06-30,09:00,Woodlands CIQ,JB Sentral,320
2026-06-30,10:00,JB Sentral,Woodlands CIQ,321
2026-06-30,11:00,JB Sentral,Woodlands CIQ,272
2026-06-30,11:00,Woodlands CIQ,JB Sentral,321
2026-06-30,12:00,JB Sentral,Woodlands CIQ,220
2026-06-30,12:00,Woodlands CIQ,JB Sentral,325
2026-06-30,13:00,Woodlands CIQ,JB Sentral,168
2026-06-30,14:00,JB Sentral,Woodlands CIQ,324
2026-06-30,15:00,JB Sentral,Woodlands CIQ,324
2026-06-30,15:00,Woodlands CIQ,JB Sentral,116
2026-06-30,16:00,JB Sentral,Woodlands CIQ,322
2026-06-30,16:00,Woodlands CIQ,JB Sentral,88
2026-06-30,17:00,JB Sentral,Woodlands CIQ,320
2026-06-30,17:00,Woodlands CIQ,JB Sentral,199
2026-06-30,18:00,Woodlands CIQ,JB Sentral,320
2026-06-30,19:00,JB Sentral,Woodlands CIQ,321
2026-06-30,20:00,JB Sentral,Woodlands CIQ,322
2026-06-30,20:00,Woodlands CIQ,JB Sentral,319
2026-06-30,21:00,JB Sentral,Woodlands CIQ,320
2026-06-30,21:00,Woodlands CIQ,JB Sentral,323
2026-06-30,22:00,JB Sentral,Woodlands CIQ,266
2026-06-30,22:00,Woodlands CIQ,JB Sentral,169
2026-06-30,23:00,Woodlands CIQ,JB Sentral,52
2026-07-01,05:00,JB Sentral,Woodlands CIQ,640
2026-07-01,06:00,JB Sentral,Woodlands CIQ,640
2026-07-01,07:00,JB Sentral,Woodlands CIQ,640
2026-07-01,08:00,JB Sentral,Woodlands CIQ,320
2026-07-01,08:00,Woodlands CIQ,JB Sentral,320
2026-07-01,09:00,Woodlands CIQ,JB Sentral,320
2026-07-01,10:00,JB Sentral,Woodlands CIQ,320
2026-07-01,11:00,JB Sentral,Woodlands CIQ,225
2026-07-01,11:00,Woodlands CIQ,JB Sentral,321
2026-07-01,12:00,JB Sentral,Woodlands CIQ,173
2026-07-01,12:00,Woodlands CIQ,JB Sentral,322
2026-07-01,13:00,Woodlands CIQ,JB Sentral,257
2026-07-01,14:00,JB Sentral,Woodlands CIQ,191
2026-07-01,15:00,JB Sentral,Woodlands CIQ,317
2026-07-01,15:00,Woodlands CIQ,JB Sentral,146
2026-07-01,16:00,JB Sentral,Woodlands CIQ,321
2026-07-01,16:00,Woodlands CIQ,JB Sentral,108
2026-07-01,17:00,JB Sentral,Woodlands CIQ,322
2026-07-01,17:00,Woodlands CIQ,JB Sentral,288
2026-07-01,18:00,Woodlands CIQ,JB Sentral,320
2026-07-01,19:00,JB Sentral,Woodlands CIQ,323
2026-07-01,20:00,JB Sentral,Woodlands CIQ,320
2026-07-01,20:00,Woodlands CIQ,JB Sentral,305
2026-07-01,21:00,JB Sentral,Woodlands CIQ,320
2026-07-01,21:00,Woodlands CIQ,JB Sentral,320
2026-07-01,22:00,JB Sentral,Woodlands CIQ,228
2026-07-01,22:00,Woodlands CIQ,JB Sentral,223
2026-07-01,23:00,Woodlands CIQ,JB Sentral,43
2026-07-02,05:00,JB Sentral,Woodlands CIQ,640
2026-07-02,06:00,JB Sentral,Woodlands CIQ,640
2026-07-02,07:00,JB Sentral,Woodlands CIQ,640
2026-07-02,08:00,JB Sentral,Woodlands CIQ,320
2026-07-02,08:00,Woodlands CIQ,JB Sentral,320
2026-07-02,09:00,Woodlands CIQ,JB Sentral,320
2026-07-02,10:00,JB Sentral,Woodlands CIQ,320
2026-07-02,11:00,JB Sentral,Woodlands CIQ,247
2026-07-02,11:00,Woodlands CIQ,JB Sentral,321
2026-07-02,12:00,JB Sentral,Woodlands CIQ,252
2026-07-02,12:00,Woodlands CIQ,JB Sentral,323
2026-07-02,13:00,Woodlands CIQ,JB Sentral,280
2026-07-02,14:00,JB Sentral,Woodlands CIQ,206
2026-07-02,15:00,JB Sentral,Woodlands CIQ,321
2026-07-02,15:00,Woodlands CIQ,JB Sentral,177
2026-07-02,16:00,JB Sentral,Woodlands CIQ,320
2026-07-02,16:00,Woodlands CIQ,JB Sentral,141
2026-07-02,17:00,JB Sentral,Woodlands CIQ,320
2026-07-02,17:00,Woodlands CIQ,JB Sentral,321
2026-07-02,18:00,Woodlands CIQ,JB Sentral,320
2026-07-02,19:00,JB Sentral,Woodlands CIQ,322
2026-07-02,20:00,JB Sentral,Woodlands CIQ,322
2026-07-02,20:00,Woodlands CIQ,JB Sentral,320
2026-07-02,21:00,JB Sentral,Woodlands CIQ,322
2026-07-02,21:00,Woodlands CIQ,JB Sentral,320
2026-07-02,22:00,JB Sentral,Woodlands CIQ,273
2026-07-02,22:00,Woodlands CIQ,JB Sentral,320
2026-07-02,23:00,Woodlands CIQ,JB Sentral,82
2026-07-03,05:00,JB Sentral,Woodlands CIQ,640
2026-07-03,06:00,JB Sentral,Woodlands CIQ,640
2026-07-03,07:00,JB Sentral,Woodlands CIQ,631
2026-07-03,08:00,JB Sentral,Woodlands CIQ,320
2026-07-03,08:00,Woodlands CIQ,JB Sentral,320
2026-07-03,09:00,Woodlands CIQ,JB Sentral,320
2026-07-03,10:00,JB Sentral,Woodlands CIQ,281
2026-07-03,11:00,JB Sentral,Woodlands CIQ,181
2026-07-03,11:00,Woodlands CIQ,JB Sentral,320
2026-07-03,12:00,JB Sentral,Woodlands CIQ,203
2026-07-03,12:00,Woodlands CIQ,JB Sentral,324
2026-07-03,13:00,Woodlands CIQ,JB Sentral,325
2026-07-03,14:00,JB Sentral,Woodlands CIQ,241
2026-07-03,15:00,JB Sentral,Woodlands CIQ,325
2026-07-03,15:00,Woodlands CIQ,JB Sentral,322
2026-07-03,16:00,JB Sentral,Woodlands CIQ,324
2026-07-03,16:00,Woodlands CIQ,JB Sentral,320
2026-07-03,17:00,JB Sentral,Woodlands CIQ,321
2026-07-03,17:00,Woodlands CIQ,JB Sentral,320
2026-07-03,18:00,Woodlands CIQ,JB Sentral,320
2026-07-03,19:00,JB Sentral,Woodlands CIQ,328
2026-07-03,20:00,JB Sentral,Woodlands CIQ,322
2026-07-03,20:00,Woodlands CIQ,JB Sentral,320
2026-07-03,21:00,JB Sentral,Woodlands CIQ,322
2026-07-03,21:00,Woodlands CIQ,JB Sentral,321
2026-07-03,22:00,JB Sentral,Woodlands CIQ,319
2026-07-03,22:00,Woodlands CIQ,JB Sentral,321
2026-07-03,23:00,Woodlands CIQ,JB Sentral,320
2026-07-04,05:00,JB Sentral,Woodlands CIQ,165
2026-07-04,06:00,JB Sentral,Woodlands CIQ,383
2026-07-04,07:00,JB Sentral,Woodlands CIQ,550
2026-07-04,08:00,JB Sentral,Woodlands CIQ,322
2026-07-04,08:00,Woodlands CIQ,JB Sentral,321
2026-07-04,09:00,Woodlands CIQ,JB Sentral,320
2026-07-04,10:00,JB Sentral,Woodlands CIQ,326
2026-07-04,11:00,JB Sentral,Woodlands CIQ,321
2026-07-04,11:00,Woodlands CIQ,JB Sentral,320
2026-07-04,12:00,JB Sentral,Woodlands CIQ,322
2026-07-04,12:00,Woodlands CIQ,JB Sentral,322
2026-07-04,13:00,Woodlands CIQ,JB Sentral,325
2026-07-04,14:00,JB Sentral,Woodlands CIQ,327
2026-07-04,15:00,JB Sentral,Woodlands CIQ,327
2026-07-04,15:00,Woodlands CIQ,JB Sentral,321
2026-07-04,16:00,JB Sentral,Woodlands CIQ,321
2026-07-04,16:00,Woodlands CIQ,JB Sentral,322
2026-07-04,17:00,JB Sentral,Woodlands CIQ,320
2026-07-04,17:00,Woodlands CIQ,JB Sentral,324
2026-07-04,18:00,Woodlands CIQ,JB Sentral,321
2026-07-04,19:00,JB Sentral,Woodlands CIQ,320
2026-07-04,20:00,JB Sentral,Woodlands CIQ,320
2026-07-04,20:00,Woodlands CIQ,JB Sentral,323
2026-07-04,21:00,JB Sentral,Woodlands CIQ,321
2026-07-04,21:00,Woodlands CIQ,JB Sentral,208
2026-07-04,22:00,JB Sentral,Woodlands CIQ,319
2026-07-04,22:00,Woodlands CIQ,JB Sentral,202
2026-07-04,23:00,Woodlands CIQ,JB Sentral,118
2026-07-16,05:00,JB Sentral,Woodlands CIQ,640
2026-07-16,06:00,JB Sentral,Woodlands CIQ,640
2026-07-16,07:00,JB Sentral,Woodlands CIQ,640
2026-07-16,08:00,JB Sentral,Woodlands CIQ,320
2026-07-16,08:00,Woodlands CIQ,JB Sentral,320
2026-07-16,09:00,Woodlands CIQ,JB Sentral,320
2026-07-16,10:00,JB Sentral,Woodlands CIQ,320
2026-07-16,11:00,JB Sentral,Woodlands CIQ,252
2026-07-16,11:00,Woodlands CIQ,JB Sentral,322
2026-07-16,12:00,JB Sentral,Woodlands CIQ,190
2026-07-16,12:00,Woodlands CIQ,JB Sentral,328
2026-07-16,13:00,Woodlands CIQ,JB Sentral,322
2026-07-16,14:00,JB Sentral,Woodlands CIQ,228
2026-07-16,15:00,JB Sentral,Woodlands CIQ,319
2026-07-16,15:00,Woodlands CIQ,JB Sentral,176
2026-07-16,16:00,JB Sentral,Woodlands CIQ,323
2026-07-16,16:00,Woodlands CIQ,JB Sentral,123
2026-07-16,17:00,JB Sentral,Woodlands CIQ,320
2026-07-16,17:00,Woodlands CIQ,JB Sentral,321
2026-07-16,18:00,Woodlands CIQ,JB Sentral,320
2026-07-16,19:00,JB Sentral,Woodlands CIQ,321
2026-07-16,20:00,JB Sentral,Woodlands CIQ,321
2026-07-16,20:00,Woodlands CIQ,JB Sentral,320
2026-07-16,21:00,JB Sentral,Woodlands CIQ,321
2026-07-16,21:00,Woodlands CIQ,JB Sentral,320
2026-07-16,22:00,JB Sentral,Woodlands CIQ,253
2026-07-16,22:00,Woodlands CIQ,JB Sentral,320
2026-07-16,23:00,Woodlands CIQ,JB Sentral,108
2026-07-17,05:00,JB Sentral,Woodlands CIQ,639
2026-07-17,06:00,JB Sentral,Woodlands CIQ,635
2026-07-17,07:00,JB Sentral,Woodlands CIQ,628
2026-07-17,08:00,JB Sentral,Woodlands CIQ,320
2026-07-17,08:00,Woodlands CIQ,JB Sentral,320
2026-07-17,09:00,Woodlands CIQ,JB Sentral,320
2026-07-17,10:00,JB Sentral,Woodlands CIQ,285
2026-07-17,11:00,JB Sentral,Woodlands CIQ,235
2026-07-17,11:00,Woodlands CIQ,JB Sentral,321
2026-07-17,12:00,JB Sentral,Woodlands CIQ,235
2026-07-17,12:00,Woodlands CIQ,JB Sentral,325
2026-07-17,13:00,Woodlands CIQ,JB Sentral,324
2026-07-17,14:00,JB Sentral,Woodlands CIQ,248
2026-07-17,15:00,JB Sentral,Woodlands CIQ,323
2026-07-17,15:00,Woodlands CIQ,JB Sentral,324
2026-07-17,16:00,JB Sentral,Woodlands CIQ,321
2026-07-17,16:00,Woodlands CIQ,JB Sentral,323
2026-07-17,17:00,JB Sentral,Woodlands CIQ,320
2026-07-17,17:00,Woodlands CIQ,JB Sentral,323
2026-07-17,18:00,Woodlands CIQ,JB Sentral,321
2026-07-17,19:00,JB Sentral,Woodlands CIQ,322
2026-07-17,20:00,JB Sentral,Woodlands CIQ,323
2026-07-17,20:00,Woodlands CIQ,JB Sentral,320
2026-07-17,21:00,JB Sentral,Woodlands CIQ,320
2026-07-17,21:00,Woodlands CIQ,JB Sentral,320
2026-07-17,22:00,JB Sentral,Woodlands CIQ,320
2026-07-17,22:00,Woodlands CIQ,JB Sentral,321
2026-07-17,23:00,Woodlands CIQ,JB Sentral,322
2026-07-18,05:00,JB Sentral,Woodlands CIQ,177
2026-07-18,06:00,JB Sentral,Woodlands CIQ,366
2026-07-18,07:00,JB Sentral,Woodlands CIQ,568
2026-07-18,08:00,JB Sentral,Woodlands CIQ,321
2026-07-18,08:00,Woodlands CIQ,JB Sentral,322
2026-07-18,09:00,Woodlands CIQ,JB Sentral,320
2026-07-18,10:00,JB Sentral,Woodlands CIQ,325
2026-07-18,11:00,JB Sentral,Woodlands CIQ,305
2026-07-18,11:00,Woodlands CIQ,JB Sentral,320
2026-07-18,12:00,JB Sentral,Woodlands CIQ,325
2026-07-18,12:00,Woodlands CIQ,JB Sentral,320
2026-07-18,13:00,Woodlands CIQ,JB Sentral,321
2026-07-18,14:00,JB Sentral,Woodlands CIQ,321
2026-07-18,15:00,JB Sentral,Woodlands CIQ,325
2026-07-18,15:00,Woodlands CIQ,JB Sentral,320
2026-07-18,16:00,JB Sentral,Woodlands CIQ,322
2026-07-18,16:00,Woodlands CIQ,JB Sentral,325
2026-07-18,17:00,JB Sentral,Woodlands CIQ,319
2026-07-18,17:00,Woodlands CIQ,JB Sentral,322
2026-07-18,18:00,Woodlands CIQ,JB Sentral,324
2026-07-18,19:00,JB Sentral,Woodlands CIQ,321
2026-07-18,20:00,JB Sentral,Woodlands CIQ,320
2026-07-18,20:00,Woodlands CIQ,JB Sentral,219
2026-07-18,21:00,JB Sentral,Woodlands CIQ,321
2026-07-18,21:00,Woodlands CIQ,JB Sentral,180
2026-07-18,22:00,JB Sentral,Woodlands CIQ,320
2026-07-18,22:00,Woodlands CIQ,JB Sentral,238
2026-07-18,23:00,Woodlands CIQ,JB Sentral,90
2026-07-19,05:00,JB Sentral,Woodlands CIQ,117
2026-07-19,06:00,JB Sentral,Woodlands CIQ,176
2026-07-19,07:00,JB Sentral,Woodlands CIQ,399
2026-07-19,08:00,JB Sentral,Woodlands CIQ,321
2026-07-19,08:00,Woodlands CIQ,JB Sentral,319
2026-07-19,09:00,Woodlands CIQ,JB Sentral,320
2026-07-19,10:00,JB Sentral,Woodlands CIQ,324
2026-07-19,11:00,JB Sentral,Woodlands CIQ,327
2026-07-19,11:00,Woodlands CIQ,JB Sentral,318
2026-07-19,12:00,JB Sentral,Woodlands CIQ,322
2026-07-19,12:00,Woodlands CIQ,JB Sentral,323
2026-07-19,13:00,Woodlands CIQ,JB Sentral,327
2026-07-19,14:00,JB Sentral,Woodlands CIQ,321
2026-07-19,15:00,JB Sentral,Woodlands CIQ,322
2026-07-19,15:00,Woodlands CIQ,JB Sentral,200
2026-07-19,16:00,JB Sentral,Woodlands CIQ,319
2026-07-19,16:00,Woodlands CIQ,JB Sentral,157
2026-07-19,17:00,JB Sentral,Woodlands CIQ,310
2026-07-19,17:00,Woodlands CIQ,JB Sentral,123
2026-07-19,18:00,Woodlands CIQ,JB Sentral,110
2026-07-19,19:00,JB Sentral,Woodlands CIQ,319
2026-07-19,20:00,JB Sentral,Woodlands CIQ,320
2026-07-19,20:00,Woodlands CIQ,JB Sentral,96
2026-07-19,21:00,JB Sentral,Woodlands CIQ,318
2026-07-19,21:00,Woodlands CIQ,JB Sentral,101
2026-07-19,22:00,JB Sentral,Woodlands CIQ,320
2026-07-19,22:00,Woodlands CIQ,JB Sentral,79
2026-07-19,23:00,Woodlands CIQ,JB Sentral,58
2026-07-20,05:00,JB Sentral,Woodlands CIQ,640
2026-07-20,06:00,JB Sentral,Woodlands CIQ,640
2026-07-20,07:00,JB Sentral,Woodlands CIQ,639
2026-07-20,08:00,JB Sentral,Woodlands CIQ,320
2026-07-20,08:00,Woodlands CIQ,JB Sentral,320
2026-07-20,09:00,Woodlands CIQ,JB Sentral,320
2026-07-20,10:00,JB Sentral,Woodlands CIQ,322
2026-07-20,11:00,JB Sentral,Woodlands CIQ,321
2026-07-20,11:00,Woodlands CIQ,JB Sentral,321
2026-07-20,12:00,JB Sentral,Woodlands CIQ,323
2026-07-20,12:00,Woodlands CIQ,JB Sentral,324
2026-07-20,13:00,Woodlands CIQ,JB Sentral,237
2026-07-20,15:00,JB Sentral,Woodlands CIQ,330
2026-07-20,16:00,JB Sentral,Woodlands CIQ,324
2026-07-20,16:00,Woodlands CIQ,JB Sentral,129
2026-07-20,17:00,JB Sentral,Woodlands CIQ,320
2026-07-20,17:00,Woodlands CIQ,JB Sentral,189
2026-07-20,18:00,Woodlands CIQ,JB Sentral,320
2026-07-20,19:00,JB Sentral,Woodlands CIQ,320
2026-07-20,20:00,JB Sentral,Woodlands CIQ,322
2026-07-20,20:00,Woodlands CIQ,JB Sentral,320
2026-07-20,21:00,JB Sentral,Woodlands CIQ,321
2026-07-20,21:00,Woodlands CIQ,JB Sentral,278
2026-07-20,22:00,JB Sentral,Woodlands CIQ,321
2026-07-20,22:00,Woodlands CIQ,JB Sentral,133
2026-07-20,23:00,Woodlands CIQ,JB Sentral,44
2026-07-21,05:00,JB Sentral,Woodlands CIQ,634
2026-07-21,06:00,JB Sentral,Woodlands CIQ,631
2026-07-21,07:00,JB Sentral,Woodlands CIQ,639
2026-07-21,08:00,JB Sentral,Woodlands CIQ,320
2026-07-21,08:00,Woodlands CIQ,JB Sentral,320
2026-07-21,09:00,Woodlands CIQ,JB Sentral,320
2026-07-21,10:00,JB Sentral,Woodlands CIQ,323
2026-07-21,11:00,JB Sentral,Woodlands CIQ,282
2026-07-21,11:00,Woodlands CIQ,JB Sentral,320
2026-07-21,12:00,JB Sentral,Woodlands CIQ,238
2026-07-21,12:00,Woodlands CIQ,JB Sentral,324
2026-07-21,13:00,Woodlands CIQ,JB Sentral,198
2026-07-21,14:00,JB Sentral,Woodlands CIQ,241
2026-07-21,15:00,JB Sentral,Woodlands CIQ,327
2026-07-21,15:00,Woodlands CIQ,JB Sentral,103
2026-07-21,16:00,JB Sentral,Woodlands CIQ,324
2026-07-21,16:00,Woodlands CIQ,JB Sentral,106
2026-07-21,17:00,JB Sentral,Woodlands CIQ,322
2026-07-21,17:00,Woodlands CIQ,JB Sentral,240
2026-07-21,18:00,Woodlands CIQ,JB Sentral,320
2026-07-21,19:00,JB Sentral,Woodlands CIQ,323
2026-07-21,20:00,JB Sentral,Woodlands CIQ,321
2026-07-21,20:00,Woodlands CIQ,JB Sentral,320
2026-07-21,21:00,JB Sentral,Woodlands CIQ,320
2026-07-21,21:00,Woodlands CIQ,JB Sentral,320
2026-07-21,22:00,JB Sentral,Woodlands CIQ,192
2026-07-21,22:00,Woodlands CIQ,JB Sentral,166
2026-07-21,23:00,Woodlands CIQ,JB Sentral,58
2026-07-22,05:00,JB Sentral,Woodlands CIQ,640
2026-07-22,06:00,JB Sentral,Woodlands CIQ,640
2026-07-22,07:00,JB Sentral,Woodlands CIQ,640
2026-07-22,08:00,JB Sentral,Woodlands CIQ,320
2026-07-22,08:00,Woodlands CIQ,JB Sentral,320
2026-07-22,09:00,Woodlands CIQ,JB Sentral,320
2026-07-22,10:00,JB Sentral,Woodlands CIQ,320
2026-07-22,11:00,JB Sentral,Woodlands CIQ,218
2026-07-22,11:00,Woodlands CIQ,JB Sentral,320
2026-07-22,12:00,JB Sentral,Woodlands CIQ,194
2026-07-22,12:00,Woodlands CIQ,JB Sentral,321
2026-07-22,13:00,Woodlands CIQ,JB Sentral,178
2026-07-22,14:00,JB Sentral,Woodlands CIQ,192
2026-07-22,15:00,JB Sentral,Woodlands CIQ,316
2026-07-22,15:00,Woodlands CIQ,JB Sentral,116
2026-07-22,16:00,JB Sentral,Woodlands CIQ,320
2026-07-22,16:00,Woodlands CIQ,JB Sentral,112
2026-07-22,17:00,JB Sentral,Woodlands CIQ,322
2026-07-22,17:00,Woodlands CIQ,JB Sentral,237
2026-07-22,18:00,Woodlands CIQ,JB Sentral,320
2026-07-22,19:00,JB Sentral,Woodlands CIQ,324
2026-07-22,20:00,JB Sentral,Woodlands CIQ,320
2026-07-22,20:00,Woodlands CIQ,JB Sentral,320
2026-07-22,21:00,JB Sentral,Woodlands CIQ,321
2026-07-22,21:00,Woodlands CIQ,JB Sentral,319
2026-07-22,22:00,JB Sentral,Woodlands CIQ,183
2026-07-22,22:00,Woodlands CIQ,JB Sentral,230
2026-07-22,23:00,Woodlands CIQ,JB Sentral,30
2026-07-31,05:00,JB Sentral,Woodlands CIQ,640
2026-07-31,06:00,JB Sentral,Woodlands CIQ,640
2026-07-31,07:00,JB Sentral,Woodlands CIQ,640
2026-07-31,08:00,JB Sentral,Woodlands CIQ,320
2026-07-31,08:00,Woodlands CIQ,JB Sentral,320
2026-07-31,09:00,Woodlands CIQ,JB Sentral,321
2026-07-31,10:00,JB Sentral,Woodlands CIQ,315
2026-07-31,11:00,JB Sentral,Woodlands CIQ,244
2026-07-31,11:00,Woodlands CIQ,JB Sentral,322
2026-07-31,12:00,JB Sentral,Woodlands CIQ,209
2026-07-31,12:00,Woodlands CIQ,JB Sentral,324
2026-07-31,13:00,Woodlands CIQ,JB Sentral,326
2026-07-31,14:00,JB Sentral,Woodlands CIQ,315
2026-07-31,15:00,JB Sentral,Woodlands CIQ,321
2026-07-31,15:00,Woodlands CIQ,JB Sentral,320
2026-07-31,16:00,JB Sentral,Woodlands CIQ,321
2026-07-31,16:00,Woodlands CIQ,JB Sentral,329
2026-07-31,17:00,JB Sentral,Woodlands CIQ,321
2026-07-31,17:00,Woodlands CIQ,JB Sentral,320
2026-07-31,18:00,Woodlands CIQ,JB Sentral,320
2026-07-31,19:00,JB Sentral,Woodlands CIQ,320
2026-07-31,20:00,JB Sentral,Woodlands CIQ,321
2026-07-31,20:00,Woodlands CIQ,JB Sentral,320
2026-07-31,21:00,JB Sentral,Woodlands CIQ,320
2026-07-31,21:00,Woodlands CIQ,JB Sentral,320
2026-07-31,22:00,JB Sentral,Woodlands CIQ,320
2026-07-31,22:00,Woodlands CIQ,JB Sentral,321
2026-07-31,23:00,Woodlands CIQ,JB Sentral,320
2026-08-01,05:00,JB Sentral,Woodlands CIQ,173
2026-08-01,06:00,JB Sentral,Woodlands CIQ,356
2026-08-01,07:00,JB Sentral,Woodlands CIQ,572
2026-08-01,08:00,JB Sentral,Woodlands CIQ,321
2026-08-01,08:00,Woodlands CIQ,JB Sentral,321
2026-08-01,09:00,Woodlands CIQ,JB Sentral,320
2026-08-01,10:00,JB Sentral,Woodlands CIQ,322
2026-08-01,11:00,JB Sentral,Woodlands CIQ,324
2026-08-01,11:00,Woodlands CIQ,JB Sentral,321
2026-08-01,12:00,JB Sentral,Woodlands CIQ,322
2026-08-01,12:00,Woodlands CIQ,JB Sentral,325
2026-08-01,13:00,Woodlands CIQ,JB Sentral,327
2026-08-01,14:00,JB Sentral,Woodlands CIQ,321
2026-08-01,15:00,JB Sentral,Woodlands CIQ,324
2026-08-01,15:00,Woodlands CIQ,JB Sentral,322
2026-08-01,16:00,JB Sentral,Woodlands CIQ,321
2026-08-01,16:00,Woodlands CIQ,JB Sentral,320
2026-08-01,17:00,JB Sentral,Woodlands CIQ,329
2026-08-01,17:00,Woodlands CIQ,JB Sentral,323
2026-08-01,18:00,Woodlands CIQ,JB Sentral,321
2026-08-01,19:00,JB Sentral,Woodlands CIQ,321
2026-08-01,20:00,JB Sentral,Woodlands CIQ,319
2026-08-01,20:00,Woodlands CIQ,JB Sentral,240
2026-08-01,21:00,JB Sentral,Woodlands CIQ,321
2026-08-01,21:00,Woodlands CIQ,JB Sentral,213
2026-08-01,22:00,JB Sentral,Woodlands CIQ,321
2026-08-01,22:00,Woodlands CIQ,JB Sentral,229
2026-08-01,23:00,Woodlands CIQ,JB Sentral,140
2026-08-02,05:00,JB Sentral,Woodlands CIQ,107
2026-08-02,06:00,JB Sentral,Woodlands CIQ,202
2026-08-02,07:00,JB Sentral,Woodlands CIQ,441
2026-08-02,08:00,JB Sentral,Woodlands CIQ,322
2026-08-02,08:00,Woodlands CIQ,JB Sentral,318
2026-08-02,09:00,Woodlands CIQ,JB Sentral,318
2026-08-02,10:00,JB Sentral,Woodlands CIQ,325
2026-08-02,11:00,JB Sentral,Woodlands CIQ,325
2026-08-02,11:00,Woodlands CIQ,JB Sentral,322
2026-08-02,12:00,JB Sentral,Woodlands CIQ,325
2026-08-02,12:00,Woodlands CIQ,JB Sentral,323
2026-08-02,13:00,Woodlands CIQ,JB Sentral,324
2026-08-02,14:00,JB Sentral,Woodlands CIQ,325
2026-08-02,15:00,JB Sentral,Woodlands CIQ,323
2026-08-02,15:00,Woodlands CIQ,JB Sentral,299
2026-08-02,16:00,JB Sentral,Woodlands CIQ,321
2026-08-02,16:00,Woodlands CIQ,JB Sentral,209
2026-08-02,17:00,JB Sentral,Woodlands CIQ,322
2026-08-02,17:00,Woodlands CIQ,JB Sentral,122
2026-08-02,18:00,Woodlands CIQ,JB Sentral,135
2026-08-02,19:00,JB Sentral,Woodlands CIQ,322
2026-08-02,20:00,JB Sentral,Woodlands CIQ,320
2026-08-02,20:00,Woodlands CIQ,JB Sentral,128
2026-08-02,21:00,JB Sentral,Woodlands CIQ,320
2026-08-02,21:00,Woodlands CIQ,JB Sentral,117
2026-08-02,22:00,JB Sentral,Woodlands CIQ,318
2026-08-02,22:00,Woodlands CIQ,JB Sentral,93
2026-08-02,23:00,Woodlands CIQ,JB Sentral,49
2026-08-03,05:00,JB Sentral,Woodlands CIQ,640
2026-08-03,06:00,JB Sentral,Woodlands CIQ,640
2026-08-03,07:00,JB Sentral,Woodlands CIQ,640
2026-08-03,08:00,JB Sentral,Woodlands CIQ,320
2026-08-03,08:00,Woodlands CIQ,JB Sentral,320
2026-08-03,09:00,Woodlands CIQ,JB Sentral,320
2026-08-03,10:00,JB Sentral,Woodlands CIQ,321
2026-08-03,11:00,JB Sentral,Woodlands CIQ,321
2026-08-03,11:00,Woodlands CIQ,JB Sentral,320
2026-08-03,12:00,JB Sentral,Woodlands CIQ,321
2026-08-03,12:00,Woodlands CIQ,JB Sentral,323
2026-08-03,13:00,Woodlands CIQ,JB Sentral,241
2026-08-03,15:00,JB Sentral,Woodlands CIQ,321
2026-08-03,16:00,JB Sentral,Woodlands CIQ,325
2026-08-03,16:00,Woodlands CIQ,JB Sentral,114
2026-08-03,17:00,JB Sentral,Woodlands CIQ,322
2026-08-03,17:00,Woodlands CIQ,JB Sentral,204
2026-08-03,18:00,Woodlands CIQ,JB Sentral,320
2026-08-03,19:00,JB Sentral,Woodlands CIQ,321
2026-08-03,20:00,JB Sentral,Woodlands CIQ,322
2026-08-03,20:00,Woodlands CIQ,JB Sentral,320
2026-08-03,21:00,JB Sentral,Woodlands CIQ,320
2026-08-03,21:00,Woodlands CIQ,JB Sentral,284
2026-08-03,22:00,JB Sentral,Woodlands CIQ,321
2026-08-03,22:00,Woodlands CIQ,JB Sentral,167
2026-08-03,23:00,Woodlands CIQ,JB Sentral,36
2026-08-04,05:00,JB Sentral,Woodlands CIQ,640
2026-08-04,06:00,JB Sentral,Woodlands CIQ,640
2026-08-04,07:00,JB Sentral,Woodlands CIQ,640
2026-08-04,08:00,JB Sentral,Woodlands CIQ,320
2026-08-04,08:00,Woodlands CIQ,JB Sentral,320
2026-08-04,09:00,Woodlands CIQ,JB Sentral,320
2026-08-04,10:00,JB Sentral,Woodlands CIQ,320
2026-08-04,11:00,JB Sentral,Woodlands CIQ,216
2026-08-04,11:00,Woodlands CIQ,JB Sentral,320
2026-08-04,12:00,JB Sentral,Woodlands CIQ,215
2026-08-04,12:00,Woodlands CIQ,JB Sentral,304
2026-08-04,13:00,Woodlands CIQ,JB Sentral,164
2026-08-04,14:00,JB Sentral,Woodlands CIQ,282
2026-08-04,15:00,JB Sentral,Woodlands CIQ,326
2026-08-04,15:00,Woodlands CIQ,JB Sentral,145
2026-08-04,16:00,JB Sentral,Woodlands CIQ,323
2026-08-04,16:00,Woodlands CIQ,JB Sentral,106
2026-08-04,17:00,JB Sentral,Woodlands CIQ,320
2026-08-04,17:00,Woodlands CIQ,JB Sentral,218
2026-08-04,18:00,Woodlands CIQ,JB Sentral,320
2026-08-04,19:00,JB Sentral,Woodlands CIQ,321
2026-08-04,20:00,JB Sentral,Woodlands CIQ,320
2026-08-04,20:00,Woodlands CIQ,JB Sentral,319
2026-08-04,21:00,JB Sentral,Woodlands CIQ,320
2026-08-04,21:00,Woodlands CIQ,JB Sentral,320
2026-08-04,22:00,JB Sentral,Woodlands CIQ,252
2026-08-04,22:00,Woodlands CIQ,JB Sentral,219
2026-08-04,23:00,Woodlands CIQ,JB Sentral,39
2026-08-05,05:00,JB Sentral,Woodlands CIQ,640
2026-08-05,06:00,JB Sentral,Woodlands CIQ,640
2026-08-05,07:00,JB Sentral,Woodlands CIQ,640
2026-08-05,08:00,JB Sentral,Woodlands CIQ,320
2026-08-05,08:00,Woodlands CIQ,JB Sentral,320
2026-08-05,09:00,Woodlands CIQ,JB Sentral,320
2026-08-05,10:00,JB Sentral,Woodlands CIQ,321
2026-08-05,11:00,JB Sentral,Woodlands CIQ,253
2026-08-05,11:00,Woodlands CIQ,JB Sentral,325
2026-08-05,12:00,JB Sentral,Woodlands CIQ,193
2026-08-05,12:00,Woodlands CIQ,JB Sentral,323
2026-08-05,13:00,Woodlands CIQ,JB Sentral,265
2026-08-05,14:00,JB Sentral,Woodlands CIQ,197
2026-08-05,15:00,JB Sentral,Woodlands CIQ,322
2026-08-05,15:00,Woodlands CIQ,JB Sentral,152
2026-08-05,16:00,JB Sentral,Woodlands CIQ,326
2026-08-05,16:00,Woodlands CIQ,JB Sentral,132
2026-08-05,17:00,JB Sentral,Woodlands CIQ,321
2026-08-05,17:00,Woodlands CIQ,JB Sentral,283
2026-08-05,18:00,Woodlands CIQ,JB Sentral,320
2026-08-05,19:00,JB Sentral,Woodlands CIQ,322
2026-08-05,20:00,JB Sentral,Woodlands CIQ,320
2026-08-05,20:00,Woodlands CIQ,JB Sentral,320
2026-08-05,21:00,JB Sentral,Woodlands CIQ,320
2026-08-05,21:00,Woodlands CIQ,JB Sentral,320
2026-08-05,22:00,JB Sentral,Woodlands CIQ,258
2026-08-05,22:00,Woodlands CIQ,JB Sentral,311
2026-08-05,23:00,Woodlands CIQ,JB Sentral,61
2026-08-06,05:00,JB Sentral,Woodlands CIQ,640
2026-08-06,06:00,JB Sentral,Woodlands CIQ,640
2026-08-06,07:00,JB Sentral,Woodlands CIQ,638
2026-08-06,08:00,JB Sentral,Woodlands CIQ,320
2026-08-06,08:00,Woodlands CIQ,JB Sentral,320
2026-08-06,09:00,Woodlands CIQ,JB Sentral,320
2026-08-06,11:00,JB Sentral,Woodlands CIQ,295
2026-08-06,12:00,JB Sentral,Woodlands CIQ,210
2026-08-06,12:00,Woodlands CIQ,JB Sentral,328
2026-08-06,13:00,Woodlands CIQ,JB Sentral,323
2026-08-06,14:00,JB Sentral,Woodlands CIQ,217
2026-08-06,15:00,JB Sentral,Woodlands CIQ,320
2026-08-06,15:00,Woodlands CIQ,JB Sentral,323
2026-08-06,16:00,JB Sentral,Woodlands CIQ,318
2026-08-06,16:00,Woodlands CIQ,JB Sentral,323
2026-08-06,17:00,JB Sentral,Woodlands CIQ,321
2026-08-06,17:00,Woodlands CIQ,JB Sentral,326
2026-08-06,18:00,Woodlands CIQ,JB Sentral,320
2026-08-06,19:00,JB Sentral,Woodlands CIQ,320
2026-08-06,20:00,JB Sentral,Woodlands CIQ,322
2026-08-06,20:00,Woodlands CIQ,JB Sentral,320
2026-08-06,21:00,JB Sentral,Woodlands CIQ,320
2026-08-06,21:00,Woodlands CIQ,JB Sentral,321
2026-08-06,22:00,JB Sentral,Woodlands CIQ,232
2026-08-06,22:00,Woodlands CIQ,JB Sentral,320
2026-08-06,23:00,Woodlands CIQ,JB Sentral,320
2026-08-07,05:00,JB Sentral,Woodlands CIQ,632
2026-08-07,06:00,JB Sentral,Woodlands CIQ,640
2026-08-07,07:00,JB Sentral,Woodlands CIQ,637
2026-08-07,08:00,JB Sentral,Woodlands CIQ,319
2026-08-07,08:00,Woodlands CIQ,JB Sentral,320
2026-08-07,09:00,Woodlands CIQ,JB Sentral,319
2026-08-07,10:00,JB Sentral,Woodlands CIQ,251
2026-08-07,11:00,JB Sentral,Woodlands CIQ,217
2026-08-07,11:00,Woodlands CIQ,JB Sentral,320
2026-08-07,12:00,JB Sentral,Woodlands CIQ,200
2026-08-07,12:00,Woodlands CIQ,JB Sentral,323
2026-08-07,13:00,Woodlands CIQ,JB Sentral,324
2026-08-07,14:00,JB Sentral,Woodlands CIQ,258
2026-08-07,15:00,JB Sentral,Woodlands CIQ,260
2026-08-07,15:00,Woodlands CIQ,JB Sentral,318
2026-08-07,16:00,JB Sentral,Woodlands CIQ,322
2026-08-07,16:00,Woodlands CIQ,JB Sentral,322
2026-08-07,17:00,JB Sentral,Woodlands CIQ,322
2026-08-07,17:00,Woodlands CIQ,JB Sentral,321
2026-08-07,18:00,Woodlands CIQ,JB Sentral,320
2026-08-07,19:00,JB Sentral,Woodlands CIQ,318
2026-08-07,20:00,JB Sentral,Woodlands CIQ,318
2026-08-07,20:00,Woodlands CIQ,JB Sentral,321
2026-08-07,21:00,JB Sentral,Woodlands CIQ,317
2026-08-07,21:00,Woodlands CIQ,JB Sentral,320
2026-08-07,22:00,JB Sentral,Woodlands CIQ,318
2026-08-07,22:00,Woodlands CIQ,JB Sentral,321
2026-08-07,23:00,Woodlands CIQ,JB Sentral,319
2026-08-08,05:00,JB Sentral,Woodlands CIQ,168
2026-08-08,06:00,JB Sentral,Woodlands CIQ,308
2026-08-08,07:00,JB Sentral,Woodlands CIQ,540
2026-08-08,08:00,JB Sentral,Woodlands CIQ,322
2026-08-08,08:00,Woodlands CIQ,JB Sentral,321
2026-08-08,09:00,Woodlands CIQ,JB Sentral,322
2026-08-08,10:00,JB Sentral,Woodlands CIQ,325
2026-08-08,11:00,JB Sentral,Woodlands CIQ,307
2026-08-08,11:00,Woodlands CIQ,JB Sentral,322
2026-08-08,12:00,JB Sentral,Woodlands CIQ,326
2026-08-08,12:00,Woodlands CIQ,JB Sentral,326
2026-08-08,13:00,Woodlands CIQ,JB Sentral,323
2026-08-08,14:00,JB Sentral,Woodlands CIQ,322
2026-08-08,15:00,JB Sentral,Woodlands CIQ,323
2026-08-08,15:00,Woodlands CIQ,JB Sentral,323
2026-08-08,16:00,JB Sentral,Woodlands CIQ,321
2026-08-08,16:00,Woodlands CIQ,JB Sentral,326
2026-08-08,17:00,JB Sentral,Woodlands CIQ,324
2026-08-08,17:00,Woodlands CIQ,JB Sentral,324
2026-08-08,18:00,Woodlands CIQ,JB Sentral,326
2026-08-08,19:00,JB Sentral,Woodlands CIQ,322
2026-08-08,20:00,JB Sentral,Woodlands CIQ,320
2026-08-08,20:00,Woodlands CIQ,JB Sentral,320
2026-08-08,21:00,JB Sentral,Woodlands CIQ,322
2026-08-08,21:00,Woodlands CIQ,JB Sentral,320
2026-08-08,22:00,JB Sentral,Woodlands CIQ,320
2026-08-08,22:00,Woodlands CIQ,JB Sentral,320
2026-08-08,23:00,Woodlands CIQ,JB Sentral,320
2026-08-09,05:00,JB Sentral,Woodlands CIQ,110
2026-08-09,06:00,JB Sentral,Woodlands CIQ,166
2026-08-09,07:00,JB Sentral,Woodlands CIQ,359
2026-08-09,08:00,JB Sentral,Woodlands CIQ,323
2026-08-09,08:00,Woodlands CIQ,JB Sentral,320
2026-08-09,09:00,Woodlands CIQ,JB Sentral,320
2026-08-09,10:00,JB Sentral,Woodlands CIQ,322
2026-08-09,11:00,JB Sentral,Woodlands CIQ,322
2026-08-09,11:00,Woodlands CIQ,JB Sentral,321
2026-08-09,12:00,JB Sentral,Woodlands CIQ,323
2026-08-09,12:00,Woodlands CIQ,JB Sentral,323
2026-08-09,13:00,Woodlands CIQ,JB Sentral,323
2026-08-09,14:00,JB Sentral,Woodlands CIQ,323
2026-08-09,15:00,JB Sentral,Woodlands CIQ,321
2026-08-09,15:00,Woodlands CIQ,JB Sentral,322
2026-08-09,16:00,JB Sentral,Woodlands CIQ,325
2026-08-09,16:00,Woodlands CIQ,JB Sentral,325
2026-08-09,17:00,JB Sentral,Woodlands CIQ,321
2026-08-09,17:00,Woodlands CIQ,JB Sentral,322
2026-08-09,18:00,Woodlands CIQ,JB Sentral,324
2026-08-09,19:00,JB Sentral,Woodlands CIQ,320
2026-08-09,20:00,JB Sentral,Woodlands CIQ,321
2026-08-09,20:00,Woodlands CIQ,JB Sentral,151
2026-08-09,21:00,JB Sentral,Woodlands CIQ,321
2026-08-09,21:00,Woodlands CIQ,JB Sentral,150
2026-08-09,22:00,JB Sentral,Woodlands CIQ,320
2026-08-09,22:00,Woodlands CIQ,JB Sentral,143
2026-08-09,23:00,Woodlands CIQ,JB Sentral,77
2026-08-10,05:00,JB Sentral,Woodlands CIQ,261
2026-08-10,06:00,JB Sentral,Woodlands CIQ,563
2026-08-10,07:00,JB Sentral,Woodlands CIQ,641
2026-08-10,08:00,JB Sentral,Woodlands CIQ,320
2026-08-10,08:00,Woodlands CIQ,JB Sentral,320
2026-08-10,09:00,Woodlands CIQ,JB Sentral,321
2026-08-10,10:00,JB Sentral,Woodlands CIQ,324
2026-08-10,11:00,JB Sentral,Woodlands CIQ,323
2026-08-10,11:00,Woodlands CIQ,JB Sentral,321
2026-08-10,12:00,JB Sentral,Woodlands CIQ,325
2026-08-10,12:00,Woodlands CIQ,JB Sentral,323
2026-08-10,13:00,Woodlands CIQ,JB Sentral,324
2026-08-10,15:00,JB Sentral,Woodlands CIQ,325
2026-08-10,16:00,JB Sentral,Woodlands CIQ,324
2026-08-10,16:00,Woodlands CIQ,JB Sentral,221
2026-08-10,17:00,JB Sentral,Woodlands CIQ,322
2026-08-10,17:00,Woodlands CIQ,JB Sentral,111
2026-08-10,18:00,Woodlands CIQ,JB Sentral,120
2026-08-10,19:00,JB Sentral,Woodlands CIQ,321
2026-08-10,20:00,JB Sentral,Woodlands CIQ,321
2026-08-10,20:00,Woodlands CIQ,JB Sentral,112
2026-08-10,21:00,JB Sentral,Woodlands CIQ,320
2026-08-10,21:00,Woodlands CIQ,JB Sentral,118
2026-08-10,22:00,JB Sentral,Woodlands CIQ,320
2026-08-10,22:00,Woodlands CIQ,JB Sentral,111
2026-08-10,23:00,Woodlands CIQ,JB Sentral,36
2026-08-11,05:00,JB Sentral,Woodlands CIQ,640
2026-08-11,06:00,JB Sentral,Woodlands CIQ,640
2026-08-11,07:00,JB Sentral,Woodlands CIQ,640
2026-08-11,08:00,JB Sentral,Woodlands CIQ,320
2026-08-11,08:00,Woodlands CIQ,JB Sentral,278
2026-08-11,09:00,Woodlands CIQ,JB Sentral,320
2026-08-11,10:00,JB Sentral,Woodlands CIQ,321
2026-08-11,11:00,JB Sentral,Woodlands CIQ,320
2026-08-11,11:00,Woodlands CIQ,JB Sentral,320
2026-08-11,12:00,JB Sentral,Woodlands CIQ,324
2026-08-11,12:00,Woodlands CIQ,JB Sentral,301
2026-08-11,13:00,Woodlands CIQ,JB Sentral,182
2026-08-11,14:00,JB Sentral,Woodlands CIQ,327
2026-08-11,15:00,JB Sentral,Woodlands CIQ,323
2026-08-11,15:00,Woodlands CIQ,JB Sentral,128
2026-08-11,16:00,JB Sentral,Woodlands CIQ,323
2026-08-11,16:00,Woodlands CIQ,JB Sentral,185
2026-08-11,17:00,JB Sentral,Woodlands CIQ,327
2026-08-11,17:00,Woodlands CIQ,JB Sentral,214
2026-08-11,18:00,Woodlands CIQ,JB Sentral,320
2026-08-11,19:00,JB Sentral,Woodlands CIQ,324
2026-08-11,20:00,JB Sentral,Woodlands CIQ,321
2026-08-11,20:00,Woodlands CIQ,JB Sentral,320
2026-08-11,21:00,JB Sentral,Woodlands CIQ,320
2026-08-11,21:00,Woodlands CIQ,JB Sentral,320
2026-08-11,22:00,JB Sentral,Woodlands CIQ,320
2026-08-11,22:00,Woodlands CIQ,JB Sentral,180
2026-08-11,23:00,Woodlands CIQ,JB Sentral,41
2026-08-12,05:00,JB Sentral,Woodlands CIQ,634
2026-08-12,06:00,JB Sentral,Woodlands CIQ,640
2026-08-12,07:00,JB Sentral,Woodlands CIQ,640
2026-08-12,08:00,JB Sentral,Woodlands CIQ,320
2026-08-12,08:00,Woodlands CIQ,JB Sentral,320
2026-08-12,09:00,Woodlands CIQ,JB Sentral,320
2026-08-12,10:00,JB Sentral,Woodlands CIQ,321
2026-08-12,11:00,JB Sentral,Woodlands CIQ,324
2026-08-12,11:00,Woodlands CIQ,JB Sentral,322
2026-08-12,12:00,JB Sentral,Woodlands CIQ,297
2026-08-12,12:00,Woodlands CIQ,JB Sentral,320
2026-08-12,13:00,Woodlands CIQ,JB Sentral,265
2026-08-12,14:00,JB Sentral,Woodlands CIQ,322
2026-08-12,15:00,JB Sentral,Woodlands CIQ,321
2026-08-12,15:00,Woodlands CIQ,JB Sentral,121
2026-08-12,16:00,JB Sentral,Woodlands CIQ,323
2026-08-12,16:00,Woodlands CIQ,JB Sentral,108
2026-08-12,17:00,JB Sentral,Woodlands CIQ,324
2026-08-12,17:00,Woodlands CIQ,JB Sentral,218
2026-08-12,18:00,Woodlands CIQ,JB Sentral,320
2026-08-12,19:00,JB Sentral,Woodlands CIQ,318
2026-08-12,20:00,JB Sentral,Woodlands CIQ,321
2026-08-12,20:00,Woodlands CIQ,JB Sentral,320
2026-08-12,21:00,JB Sentral,Woodlands CIQ,321
2026-08-12,21:00,Woodlands CIQ,JB Sentral,320
2026-08-12,22:00,JB Sentral,Woodlands CIQ,319
2026-08-12,22:00,Woodlands CIQ,JB Sentral,211
2026-08-12,23:00,Woodlands CIQ,JB Sentral,55
2026-08-13,05:00,JB Sentral,Woodlands CIQ,640
2026-08-13,06:00,JB Sentral,Woodlands CIQ,640
2026-08-13,07:00,JB Sentral,Woodlands CIQ,635
2026-08-13,08:00,JB Sentral,Woodlands CIQ,320
2026-08-13,08:00,Woodlands CIQ,JB Sentral,319
2026-08-13,09:00,Woodlands CIQ,JB Sentral,320
2026-08-13,11:00,JB Sentral,Woodlands CIQ,305
2026-08-13,12:00,JB Sentral,Woodlands CIQ,271
2026-08-13,12:00,Woodlands CIQ,JB Sentral,321
2026-08-13,13:00,Woodlands CIQ,JB Sentral,325
2026-08-13,14:00,JB Sentral,Woodlands CIQ,324
2026-08-13,15:00,JB Sentral,Woodlands CIQ,324
2026-08-13,15:00,Woodlands CIQ,JB Sentral,154
2026-08-13,16:00,JB Sentral,Woodlands CIQ,322
2026-08-13,16:00,Woodlands CIQ,JB Sentral,114
2026-08-13,17:00,JB Sentral,Woodlands CIQ,321
2026-08-13,17:00,Woodlands CIQ,JB Sentral,322
2026-08-13,18:00,Woodlands CIQ,JB Sentral,320
2026-08-13,19:00,JB Sentral,Woodlands CIQ,320
2026-08-13,20:00,JB Sentral,Woodlands CIQ,324
2026-08-13,20:00,Woodlands CIQ,JB Sentral,320
2026-08-13,21:00,JB Sentral,Woodlands CIQ,320
2026-08-13,21:00,Woodlands CIQ,JB Sentral,320
2026-08-13,22:00,JB Sentral,Woodlands CIQ,279
2026-08-13,22:00,Woodlands CIQ,JB Sentral,320
2026-08-13,23:00,Woodlands CIQ,JB Sentral,70
2026-08-14,05:00,JB Sentral,Woodlands CIQ,640
2026-08-14,06:00,JB Sentral,Woodlands CIQ,640
2026-08-14,07:00,JB Sentral,Woodlands CIQ,640
2026-08-14,08:00,JB Sentral,Woodlands CIQ,321
2026-08-14,08:00,Woodlands CIQ,JB Sentral,320
2026-08-14,09:00,Woodlands CIQ,JB Sentral,320
2026-08-14,10:00,JB Sentral,Woodlands CIQ,297
2026-08-14,11:00,JB Sentral,Woodlands CIQ,226
2026-08-14,11:00,Woodlands CIQ,JB Sentral,323
2026-08-14,12:00,JB Sentral,Woodlands CIQ,214
2026-08-14,12:00,Woodlands CIQ,JB Sentral,325
2026-08-14,13:00,Woodlands CIQ,JB Sentral,322
2026-08-14,14:00,JB Sentral,Woodlands CIQ,293
2026-08-14,15:00,JB Sentral,Woodlands CIQ,318
2026-08-14,15:00,Woodlands CIQ,JB Sentral,321
2026-08-14,16:00,JB Sentral,Woodlands CIQ,322
2026-08-14,16:00,Woodlands CIQ,JB Sentral,324
2026-08-14,17:00,JB Sentral,Woodlands CIQ,319
2026-08-14,17:00,Woodlands CIQ,JB Sentral,320
2026-08-14,18:00,Woodlands CIQ,JB Sentral,320
2026-08-14,19:00,JB Sentral,Woodlands CIQ,321
2026-08-14,20:00,JB Sentral,Woodlands CIQ,320
2026-08-14,20:00,Woodlands CIQ,JB Sentral,320
2026-08-14,21:00,JB Sentral,Woodlands CIQ,320
2026-08-14,21:00,Woodlands CIQ,JB Sentral,318
2026-08-14,22:00,JB Sentral,Woodlands CIQ,321
2026-08-14,22:00,Woodlands CIQ,JB Sentral,321
2026-08-14,23:00,Woodlands CIQ,JB Sentral,320
2026-08-15,05:00,JB Sentral,Woodlands CIQ,194
2026-08-15,06:00,JB Sentral,Woodlands CIQ,425
2026-08-15,07:00,JB Sentral,Woodlands CIQ,578
2026-08-15,08:00,JB Sentral,Woodlands CIQ,324
2026-08-15,08:00,Woodlands CIQ,JB Sentral,322
2026-08-15,09:00,Woodlands CIQ,JB Sentral,319
2026-08-15,10:00,JB Sentral,Woodlands CIQ,321
2026-08-15,11:00,JB Sentral,Woodlands CIQ,269
2026-08-15,11:00,Woodlands CIQ,JB Sentral,320
2026-08-15,12:00,JB Sentral,Woodlands CIQ,322
2026-08-15,12:00,Woodlands CIQ,JB Sentral,322
2026-08-15,13:00,Woodlands CIQ,JB Sentral,317
2026-08-15,14:00,JB Sentral,Woodlands CIQ,320
2026-08-15,15:00,JB Sentral,Woodlands CIQ,322
2026-08-15,15:00,Woodlands CIQ,JB Sentral,320
2026-08-15,16:00,JB Sentral,Woodlands CIQ,323
2026-08-15,16:00,Woodlands CIQ,JB Sentral,326
2026-08-15,17:00,JB Sentral,Woodlands CIQ,322
2026-08-15,17:00,Woodlands CIQ,JB Sentral,320
2026-08-15,18:00,Woodlands CIQ,JB Sentral,315
2026-08-15,19:00,JB Sentral,Woodlands CIQ,320
2026-08-15,20:00,JB Sentral,Woodlands CIQ,318
2026-08-15,20:00,Woodlands CIQ,JB Sentral,204
2026-08-15,21:00,JB Sentral,Woodlands CIQ,319
2026-08-15,21:00,Woodlands CIQ,JB Sentral,167
2026-08-15,22:00,JB Sentral,Woodlands CIQ,317
2026-08-15,22:00,Woodlands CIQ,JB Sentral,160
2026-08-15,23:00,Woodlands CIQ,JB Sentral,122
2026-08-16,05:00,JB Sentral,Woodlands CIQ,109
2026-08-16,06:00,JB Sentral,Woodlands CIQ,182
2026-08-16,07:00,JB Sentral,Woodlands CIQ,418
2026-08-16,08:00,JB Sentral,Woodlands CIQ,322
2026-08-16,08:00,Woodlands CIQ,JB Sentral,320
2026-08-16,09:00,Woodlands CIQ,JB Sentral,320
2026-08-16,10:00,JB Sentral,Woodlands CIQ,325
2026-08-16,11:00,JB Sentral,Woodlands CIQ,325
2026-08-16,11:00,Woodlands CIQ,JB Sentral,320
2026-08-16,12:00,JB Sentral,Woodlands CIQ,324
2026-08-16,12:00,Woodlands CIQ,JB Sentral,328
2026-08-16,13:00,Woodlands CIQ,JB Sentral,264
2026-08-16,14:00,JB Sentral,Woodlands CIQ,323
2026-08-16,15:00,JB Sentral,Woodlands CIQ,320
2026-08-16,15:00,Woodlands CIQ,JB Sentral,195
2026-08-16,16:00,JB Sentral,Woodlands CIQ,322
2026-08-16,16:00,Woodlands CIQ,JB Sentral,146
2026-08-16,17:00,JB Sentral,Woodlands CIQ,320
2026-08-16,17:00,Woodlands CIQ,JB Sentral,148
2026-08-16,18:00,Woodlands CIQ,JB Sentral,110
2026-08-16,19:00,JB Sentral,Woodlands CIQ,320
2026-08-16,20:00,JB Sentral,Woodlands CIQ,319
2026-08-16,20:00,Woodlands CIQ,JB Sentral,78
2026-08-16,21:00,JB Sentral,Woodlands CIQ,317
2026-08-16,21:00,Woodlands CIQ,JB Sentral,94
2026-08-16,22:00,JB Sentral,Woodlands CIQ,317
2026-08-16,22:00,Woodlands CIQ,JB Sentral,118
2026-08-16,23:00,Woodlands CIQ,JB Sentral,58
2026-08-17,05:00,JB Sentral,Woodlands CIQ,640
2026-08-17,06:00,JB Sentral,Woodlands CIQ,640
2026-08-17,07:00,JB Sentral,Woodlands CIQ,640
2026-08-17,08:00,JB Sentral,Woodlands CIQ,320
2026-08-17,08:00,Woodlands CIQ,JB Sentral,320
2026-08-17,09:00,Woodlands CIQ,JB Sentral,320
2026-08-17,10:00,JB Sentral,Woodlands CIQ,322
2026-08-17,11:00,JB Sentral,Woodlands CIQ,322
2026-08-17,11:00,Woodlands CIQ,JB Sentral,320
2026-08-17,12:00,JB Sentral,Woodlands CIQ,323
2026-08-17,12:00,Woodlands CIQ,JB Sentral,321
2026-08-17,13:00,Woodlands CIQ,JB Sentral,254
2026-08-17,15:00,JB Sentral,Woodlands CIQ,323
2026-08-17,16:00,JB Sentral,Woodlands CIQ,324
2026-08-17,16:00,Woodlands CIQ,JB Sentral,157
2026-08-17,17:00,JB Sentral,Woodlands CIQ,323
2026-08-17,17:00,Woodlands CIQ,JB Sentral,203
2026-08-17,18:00,Woodlands CIQ,JB Sentral,320
2026-08-17,19:00,JB Sentral,Woodlands CIQ,320
2026-08-17,20:00,JB Sentral,Woodlands CIQ,321
2026-08-17,20:00,Woodlands CIQ,JB Sentral,320
2026-08-17,21:00,JB Sentral,Woodlands CIQ,320
2026-08-17,21:00,Woodlands CIQ,JB Sentral,269
2026-08-17,22:00,JB Sentral,Woodlands CIQ,321
2026-08-17,22:00,Woodlands CIQ,JB Sentral,157
2026-08-17,23:00,Woodlands CIQ,JB Sentral,45
2026-08-18,05:00,JB Sentral,Woodlands CIQ,640
2026-08-18,06:00,JB Sentral,Woodlands CIQ,640
2026-08-18,07:00,JB Sentral,Woodlands CIQ,640
2026-08-18,08:00,JB Sentral,Woodlands CIQ,320
2026-08-18,08:00,Woodlands CIQ,JB Sentral,320
2026-08-18,09:00,Woodlands CIQ,JB Sentral,320
2026-08-18,10:00,JB Sentral,Woodlands CIQ,320
2026-08-18,11:00,JB Sentral,Woodlands CIQ,286
2026-08-18,11:00,Woodlands CIQ,JB Sentral,320
2026-08-18,12:00,JB Sentral,Woodlands CIQ,286
2026-08-18,12:00,Woodlands CIQ,JB Sentral,322
2026-08-18,13:00,Woodlands CIQ,JB Sentral,151
2026-08-18,14:00,JB Sentral,Woodlands CIQ,261
2026-08-18,15:00,JB Sentral,Woodlands CIQ,326
2026-08-18,15:00,Woodlands CIQ,JB Sentral,115
2026-08-18,16:00,JB Sentral,Woodlands CIQ,324
2026-08-18,16:00,Woodlands CIQ,JB Sentral,99
2026-08-18,17:00,JB Sentral,Woodlands CIQ,322
2026-08-18,17:00,Woodlands CIQ,JB Sentral,223
2026-08-18,18:00,Woodlands CIQ,JB Sentral,320
2026-08-18,19:00,JB Sentral,Woodlands CIQ,321
2026-08-18,20:00,JB Sentral,Woodlands CIQ,320
2026-08-18,20:00,Woodlands CIQ,JB Sentral,320
2026-08-18,21:00,JB Sentral,Woodlands CIQ,320
2026-08-18,21:00,Woodlands CIQ,JB Sentral,320
2026-08-18,22:00,JB Sentral,Woodlands CIQ,233
2026-08-18,22:00,Woodlands CIQ,JB Sentral,188
2026-08-18,23:00,Woodlands CIQ,JB Sentral,37
2026-08-19,05:00,JB Sentral,Woodlands CIQ,640
2026-08-19,06:00,JB Sentral,Woodlands CIQ,640
2026-08-19,07:00,JB Sentral,Woodlands CIQ,639
2026-08-19,08:00,JB Sentral,Woodlands CIQ,320
2026-08-19,08:00,Woodlands CIQ,JB Sentral,320
2026-08-19,09:00,Woodlands CIQ,JB Sentral,321
2026-08-19,10:00,JB Sentral,Woodlands CIQ,321
2026-08-19,11:00,JB Sentral,Woodlands CIQ,231
2026-08-19,11:00,Woodlands CIQ,JB Sentral,320
2026-08-19,12:00,JB Sentral,Woodlands CIQ,197
2026-08-19,12:00,Woodlands CIQ,JB Sentral,309
2026-08-19,13:00,Woodlands CIQ,JB Sentral,149
2026-08-19,14:00,JB Sentral,Woodlands CIQ,216
2026-08-19,15:00,JB Sentral,Woodlands CIQ,324
2026-08-19,15:00,Woodlands CIQ,JB Sentral,126
2026-08-19,16:00,JB Sentral,Woodlands CIQ,320
2026-08-19,16:00,Woodlands CIQ,JB Sentral,90
2026-08-19,17:00,JB Sentral,Woodlands CIQ,321
2026-08-19,17:00,Woodlands CIQ,JB Sentral,235
2026-08-19,18:00,Woodlands CIQ,JB Sentral,320
2026-08-19,19:00,JB Sentral,Woodlands CIQ,323
2026-08-19,20:00,JB Sentral,Woodlands CIQ,321
2026-08-19,20:00,Woodlands CIQ,JB Sentral,320
2026-08-19,21:00,JB Sentral,Woodlands CIQ,320
2026-08-19,21:00,Woodlands CIQ,JB Sentral,320
2026-08-19,22:00,JB Sentral,Woodlands CIQ,205
2026-08-19,22:00,Woodlands CIQ,JB Sentral,215
2026-08-19,23:00,Woodlands CIQ,JB Sentral,58
2026-08-20,05:00,JB Sentral,Woodlands CIQ,640
2026-08-20,06:00,JB Sentral,Woodlands CIQ,640
2026-08-20,07:00,JB Sentral,Woodlands CIQ,640
2026-08-20,08:00,JB Sentral,Woodlands CIQ,320
2026-08-20,08:00,Woodlands CIQ,JB Sentral,320
2026-08-20,09:00,Woodlands CIQ,JB Sentral,316
2026-08-20,11:00,JB Sentral,Woodlands CIQ,318
2026-08-20,12:00,JB Sentral,Woodlands CIQ,236
2026-08-20,12:00,Woodlands CIQ,JB Sentral,329
2026-08-20,13:00,Woodlands CIQ,JB Sentral,321
2026-08-20,14:00,JB Sentral,Woodlands CIQ,239
2026-08-20,15:00,JB Sentral,Woodlands CIQ,300
2026-08-20,15:00,Woodlands CIQ,JB Sentral,163
2026-08-20,16:00,JB Sentral,Woodlands CIQ,320
2026-08-20,16:00,Woodlands CIQ,JB Sentral,141
2026-08-20,17:00,JB Sentral,Woodlands CIQ,322
2026-08-20,17:00,Woodlands CIQ,JB Sentral,327
2026-08-20,18:00,Woodlands CIQ,JB Sentral,320
2026-08-20,19:00,JB Sentral,Woodlands CIQ,320
2026-08-20,20:00,JB Sentral,Woodlands CIQ,321
2026-08-20,20:00,Woodlands CIQ,JB Sentral,320
2026-08-20,21:00,JB Sentral,Woodlands CIQ,320
2026-08-20,21:00,Woodlands CIQ,JB Sentral,321
2026-08-20,22:00,JB Sentral,Woodlands CIQ,176
2026-08-20,22:00,Woodlands CIQ,JB Sentral,320
2026-08-20,23:00,Woodlands CIQ,JB Sentral,72
2026-08-21,05:00,JB Sentral,Woodlands CIQ,639
2026-08-21,06:00,JB Sentral,Woodlands CIQ,640
2026-08-21,07:00,JB Sentral,Woodlands CIQ,640
2026-08-21,08:00,JB Sentral,Woodlands CIQ,320
2026-08-21,08:00,Woodlands CIQ,JB Sentral,320
2026-08-21,09:00,Woodlands CIQ,JB Sentral,320
2026-08-21,10:00,JB Sentral,Woodlands CIQ,267
2026-08-21,11:00,JB Sentral,Woodlands CIQ,177
2026-08-21,11:00,Woodlands CIQ,JB Sentral,321
2026-08-21,12:00,JB Sentral,Woodlands CIQ,190
2026-08-21,12:00,Woodlands CIQ,JB Sentral,327
2026-08-21,13:00,Woodlands CIQ,JB Sentral,327
2026-08-21,14:00,JB Sentral,Woodlands CIQ,225
2026-08-21,15:00,JB Sentral,Woodlands CIQ,323
2026-08-21,15:00,Woodlands CIQ,JB Sentral,323
2026-08-21,16:00,JB Sentral,Woodlands CIQ,320
2026-08-21,16:00,Woodlands CIQ,JB Sentral,324
2026-08-21,17:00,JB Sentral,Woodlands CIQ,321
2026-08-21,17:00,Woodlands CIQ,JB Sentral,320
2026-08-21,18:00,Woodlands CIQ,JB Sentral,320
2026-08-21,19:00,JB Sentral,Woodlands CIQ,321
2026-08-21,20:00,JB Sentral,Woodlands CIQ,320
2026-08-21,20:00,Woodlands CIQ,JB Sentral,321
2026-08-21,21:00,JB Sentral,Woodlands CIQ,321
2026-08-21,21:00,Woodlands CIQ,JB Sentral,320
2026-08-21,22:00,JB Sentral,Woodlands CIQ,320
2026-08-21,22:00,Woodlands CIQ,JB Sentral,320
2026-08-21,23:00,Woodlands CIQ,JB Sentral,320
2026-08-22,05:00,JB Sentral,Woodlands CIQ,172
2026-08-22,06:00,JB Sentral,Woodlands CIQ,349
2026-08-22,07:00,JB Sentral,Woodlands CIQ,574
2026-08-22,08:00,JB Sentral,Woodlands CIQ,326
2026-08-22,08:00,Woodlands CIQ,JB Sentral,321
2026-08-22,09:00,Woodlands CIQ,JB Sentral,320
2026-08-22,10:00,JB Sentral,Woodlands CIQ,322
2026-08-22,11:00,JB Sentral,Woodlands CIQ,308
2026-08-22,11:00,Woodlands CIQ,JB Sentral,320
2026-08-22,12:00,JB Sentral,Woodlands CIQ,323
2026-08-22,12:00,Woodlands CIQ,JB Sentral,320
2026-08-22,13:00,Woodlands CIQ,JB Sentral,326
2026-08-22,14:00,JB Sentral,Woodlands CIQ,325
2026-08-22,15:00,JB Sentral,Woodlands CIQ,323
2026-08-22,15:00,Woodlands CIQ,JB Sentral,320
2026-08-22,16:00,JB Sentral,Woodlands CIQ,326
2026-08-22,16:00,Woodlands CIQ,JB Sentral,326
2026-08-22,17:00,JB Sentral,Woodlands CIQ,323
2026-08-22,17:00,Woodlands CIQ,JB Sentral,321
2026-08-22,18:00,Woodlands CIQ,JB Sentral,320
2026-08-22,19:00,JB Sentral,Woodlands CIQ,322
2026-08-22,20:00,JB Sentral,Woodlands CIQ,320
2026-08-22,20:00,Woodlands CIQ,JB Sentral,227
2026-08-22,21:00,JB Sentral,Woodlands CIQ,320
2026-08-22,21:00,Woodlands CIQ,JB Sentral,179
2026-08-22,22:00,JB Sentral,Woodlands CIQ,320
2026-08-22,22:00,Woodlands CIQ,JB Sentral,233
2026-08-22,23:00,Woodlands CIQ,JB Sentral,83
2026-08-23,05:00,JB Sentral,Woodlands CIQ,133
2026-08-23,06:00,JB Sentral,Woodlands CIQ,194
2026-08-23,07:00,JB Sentral,Woodlands CIQ,435
2026-08-23,08:00,JB Sentral,Woodlands CIQ,321
2026-08-23,08:00,Woodlands CIQ,JB Sentral,320
2026-08-23,09:00,Woodlands CIQ,JB Sentral,320
2026-08-23,10:00,JB Sentral,Woodlands CIQ,325
2026-08-23,11:00,JB Sentral,Woodlands CIQ,322
2026-08-23,11:00,Woodlands CIQ,JB Sentral,320
2026-08-23,12:00,JB Sentral,Woodlands CIQ,325
2026-08-23,12:00,Woodlands CIQ,JB Sentral,321
2026-08-23,13:00,Woodlands CIQ,JB Sentral,223
2026-08-23,14:00,JB Sentral,Woodlands CIQ,324
2026-08-23,15:00,JB Sentral,Woodlands CIQ,323
2026-08-23,15:00,Woodlands CIQ,JB Sentral,197
2026-08-23,16:00,JB Sentral,Woodlands CIQ,321
2026-08-23,16:00,Woodlands CIQ,JB Sentral,135
2026-08-23,17:00,JB Sentral,Woodlands CIQ,323
2026-08-23,17:00,Woodlands CIQ,JB Sentral,98
2026-08-23,18:00,Woodlands CIQ,JB Sentral,106
2026-08-23,19:00,JB Sentral,Woodlands CIQ,320
2026-08-23,20:00,JB Sentral,Woodlands CIQ,320
2026-08-23,20:00,Woodlands CIQ,JB Sentral,124
2026-08-23,21:00,JB Sentral,Woodlands CIQ,320
2026-08-23,21:00,Woodlands CIQ,JB Sentral,98
2026-08-23,22:00,JB Sentral,Woodlands CIQ,320
2026-08-23,22:00,Woodlands CIQ,JB Sentral,129
2026-08-23,23:00,Woodlands CIQ,JB Sentral,55
2026-08-24,05:00,JB Sentral,Woodlands CIQ,640
2026-08-24,06:00,JB Sentral,Woodlands CIQ,640
2026-08-24,07:00,JB Sentral,Woodlands CIQ,640
2026-08-24,08:00,JB Sentral,Woodlands CIQ,320
2026-08-24,08:00,Woodlands CIQ,JB Sentral,320
2026-08-24,09:00,Woodlands CIQ,JB Sentral,320
2026-08-24,10:00,JB Sentral,Woodlands CIQ,324
2026-08-24,11:00,JB Sentral,Woodlands CIQ,323
2026-08-24,11:00,Woodlands CIQ,JB Sentral,323
2026-08-24,12:00,JB Sentral,Woodlands CIQ,320
2026-08-24,12:00,Woodlands CIQ,JB Sentral,307
2026-08-24,13:00,Woodlands CIQ,JB Sentral,155
2026-08-24,14:00,JB Sentral,Woodlands CIQ,321
2026-08-24,15:00,JB Sentral,Woodlands CIQ,324
2026-08-24,15:00,Woodlands CIQ,JB Sentral,138
2026-08-24,16:00,JB Sentral,Woodlands CIQ,326
2026-08-24,16:00,Woodlands CIQ,JB Sentral,85
2026-08-24,17:00,JB Sentral,Woodlands CIQ,319
2026-08-24,17:00,Woodlands CIQ,JB Sentral,211
2026-08-24,18:00,Woodlands CIQ,JB Sentral,320
2026-08-24,19:00,JB Sentral,Woodlands CIQ,321
2026-08-24,20:00,JB Sentral,Woodlands CIQ,320
2026-08-24,20:00,Woodlands CIQ,JB Sentral,320
2026-08-24,21:00,JB Sentral,Woodlands CIQ,320
2026-08-24,21:00,Woodlands CIQ,JB Sentral,306
2026-08-24,22:00,JB Sentral,Woodlands CIQ,322
2026-08-24,22:00,Woodlands CIQ,JB Sentral,177
2026-08-24,23:00,Woodlands CIQ,JB Sentral,68
2026-08-25,05:00,JB Sentral,Woodlands CIQ,640
2026-08-25,06:00,JB Sentral,Woodlands CIQ,640
2026-08-25,07:00,JB Sentral,Woodlands CIQ,640
2026-08-25,08:00,JB Sentral,Woodlands CIQ,320
2026-08-25,08:00,Woodlands CIQ,JB Sentral,322
2026-08-25,09:00,Woodlands CIQ,JB Sentral,320
2026-08-25,10:00,JB Sentral,Woodlands CIQ,322
2026-08-25,11:00,JB Sentral,Woodlands CIQ,320
2026-08-25,11:00,Woodlands CIQ,JB Sentral,321
2026-08-25,12:00,JB Sentral,Woodlands CIQ,199
2026-08-25,12:00,Woodlands CIQ,JB Sentral,318
2026-08-25,13:00,Woodlands CIQ,JB Sentral,176
2026-08-25,14:00,JB Sentral,Woodlands CIQ,240
2026-08-25,15:00,JB Sentral,Woodlands CIQ,321
2026-08-25,15:00,Woodlands CIQ,JB Sentral,120
2026-08-25,16:00,JB Sentral,Woodlands CIQ,322
2026-08-25,16:00,Woodlands CIQ,JB Sentral,125
2026-08-25,17:00,JB Sentral,Woodlands CIQ,320
2026-08-25,17:00,Woodlands CIQ,JB Sentral,303
2026-08-25,18:00,Woodlands CIQ,JB Sentral,320
2026-08-25,19:00,JB Sentral,Woodlands CIQ,322
2026-08-25,20:00,JB Sentral,Woodlands CIQ,320
2026-08-25,20:00,Woodlands CIQ,JB Sentral,320
2026-08-25,21:00,JB Sentral,Woodlands CIQ,320
2026-08-25,21:00,Woodlands CIQ,JB Sentral,322
2026-08-25,22:00,JB Sentral,Woodlands CIQ,197
2026-08-25,22:00,Woodlands CIQ,JB Sentral,168
2026-08-25,23:00,Woodlands CIQ,JB Sentral,43
2026-08-26,05:00,JB Sentral,Woodlands CIQ,640
2026-08-26,06:00,JB Sentral,Woodlands CIQ,640
2026-08-26,07:00,JB Sentral,Woodlands CIQ,640
2026-08-26,08:00,JB Sentral,Woodlands CIQ,320
2026-08-26,08:00,Woodlands CIQ,JB Sentral,320
2026-08-26,09:00,Woodlands CIQ,JB Sentral,321
2026-08-26,10:00,JB Sentral,Woodlands CIQ,322
2026-08-26,11:00,JB Sentral,Woodlands CIQ,230
2026-08-26,11:00,Woodlands CIQ,JB Sentral,320
2026-08-26,12:00,JB Sentral,Woodlands CIQ,202
2026-08-26,12:00,Woodlands CIQ,JB Sentral,320
2026-08-26,13:00,Woodlands CIQ,JB Sentral,143
2026-08-26,14:00,JB Sentral,Woodlands CIQ,194
2026-08-26,15:00,JB Sentral,Woodlands CIQ,323
2026-08-26,15:00,Woodlands CIQ,JB Sentral,121
2026-08-26,16:00,JB Sentral,Woodlands CIQ,320
2026-08-26,16:00,Woodlands CIQ,JB Sentral,72
2026-08-26,17:00,JB Sentral,Woodlands CIQ,322
2026-08-26,17:00,Woodlands CIQ,JB Sentral,249
2026-08-26,18:00,Woodlands CIQ,JB Sentral,320
2026-08-26,19:00,JB Sentral,Woodlands CIQ,321
2026-08-26,20:00,JB Sentral,Woodlands CIQ,323
2026-08-26,20:00,Woodlands CIQ,JB Sentral,319
2026-08-26,21:00,JB Sentral,Woodlands CIQ,320
2026-08-26,21:00,Woodlands CIQ,JB Sentral,320
2026-08-26,22:00,JB Sentral,Woodlands CIQ,245
2026-08-26,22:00,Woodlands CIQ,JB Sentral,237
2026-08-26,23:00,Woodlands CIQ,JB Sentral,42
2026-08-27,05:00,JB Sentral,Woodlands CIQ,640
2026-08-27,06:00,JB Sentral,Woodlands CIQ,640
2026-08-27,07:00,JB Sentral,Woodlands CIQ,640
2026-08-27,08:00,JB Sentral,Woodlands CIQ,320
2026-08-27,08:00,Woodlands CIQ,JB Sentral,320
2026-08-27,09:00,Woodlands CIQ,JB Sentral,320
2026-08-27,10:00,JB Sentral,Woodlands CIQ,311
2026-08-27,11:00,JB Sentral,Woodlands CIQ,208
2026-08-27,11:00,Woodlands CIQ,JB Sentral,323
2026-08-27,12:00,JB Sentral,Woodlands CIQ,238
2026-08-27,12:00,Woodlands CIQ,JB Sentral,323
2026-08-27,13:00,Woodlands CIQ,JB Sentral,281
2026-08-27,14:00,JB Sentral,Woodlands CIQ,254
2026-08-27,15:00,JB Sentral,Woodlands CIQ,321
2026-08-27,15:00,Woodlands CIQ,JB Sentral,174
2026-08-27,16:00,JB Sentral,Woodlands CIQ,322
2026-08-27,16:00,Woodlands CIQ,JB Sentral,114
2026-08-27,17:00,JB Sentral,Woodlands CIQ,322
2026-08-27,17:00,Woodlands CIQ,JB Sentral,319
2026-08-27,18:00,Woodlands CIQ,JB Sentral,320
2026-08-27,19:00,JB Sentral,Woodlands CIQ,322
2026-08-27,20:00,JB Sentral,Woodlands CIQ,320
2026-08-27,20:00,Woodlands CIQ,JB Sentral,320
2026-08-27,21:00,JB Sentral,Woodlands CIQ,321
2026-08-27,21:00,Woodlands CIQ,JB Sentral,320
2026-08-27,22:00,JB Sentral,Woodlands CIQ,210
2026-08-27,22:00,Woodlands CIQ,JB Sentral,320
2026-08-27,23:00,Woodlands CIQ,JB Sentral,85
2026-08-28,05:00,JB Sentral,Woodlands CIQ,640
2026-08-28,06:00,JB Sentral,Woodlands CIQ,640
2026-08-28,07:00,JB Sentral,Woodlands CIQ,640
2026-08-28,08:00,JB Sentral,Woodlands CIQ,320
2026-08-28,08:00,Woodlands CIQ,JB Sentral,320
2026-08-28,09:00,Woodlands CIQ,JB Sentral,320
2026-08-28,10:00,JB Sentral,Woodlands CIQ,294
2026-08-28,11:00,JB Sentral,Woodlands CIQ,210
2026-08-28,11:00,Woodlands CIQ,JB Sentral,325
2026-08-28,12:00,JB Sentral,Woodlands CIQ,249
2026-08-28,12:00,Woodlands CIQ,JB Sentral,326
2026-08-28,13:00,Woodlands CIQ,JB Sentral,326
2026-08-28,14:00,JB Sentral,Woodlands CIQ,322
2026-08-28,15:00,JB Sentral,Woodlands CIQ,325
2026-08-28,15:00,Woodlands CIQ,JB Sentral,320
2026-08-28,16:00,JB Sentral,Woodlands CIQ,320
2026-08-28,16:00,Woodlands CIQ,JB Sentral,322
2026-08-28,17:00,JB Sentral,Woodlands CIQ,322
2026-08-28,17:00,Woodlands CIQ,JB Sentral,320
2026-08-28,18:00,Woodlands CIQ,JB Sentral,321
2026-08-28,19:00,JB Sentral,Woodlands CIQ,320
2026-08-28,20:00,JB Sentral,Woodlands CIQ,321
2026-08-28,20:00,Woodlands CIQ,JB Sentral,320
2026-08-28,21:00,JB Sentral,Woodlands CIQ,320
2026-08-28,21:00,Woodlands CIQ,JB Sentral,321
2026-08-28,22:00,JB Sentral,Woodlands CIQ,320
2026-08-28,22:00,Woodlands CIQ,JB Sentral,320
2026-08-28,23:00,Woodlands CIQ,JB Sentral,320
2026-08-29,05:00,JB Sentral,Woodlands CIQ,194
2026-08-29,06:00,JB Sentral,Woodlands CIQ,445
2026-08-29,07:00,JB Sentral,Woodlands CIQ,641
2026-08-29,08:00,JB Sentral,Woodlands CIQ,324
2026-08-29,08:00,Woodlands CIQ,JB Sentral,321
2026-08-29,09:00,Woodlands CIQ,JB Sentral,320
2026-08-29,10:00,JB Sentral,Woodlands CIQ,325
2026-08-29,11:00,JB Sentral,Woodlands CIQ,324
2026-08-29,11:00,Woodlands CIQ,JB Sentral,320
2026-08-29,12:00,JB Sentral,Woodlands CIQ,329
2026-08-29,12:00,Woodlands CIQ,JB Sentral,323
2026-08-29,13:00,Woodlands CIQ,JB Sentral,322
2026-08-29,14:00,JB Sentral,Woodlands CIQ,322
2026-08-29,15:00,JB Sentral,Woodlands CIQ,321
2026-08-29,15:00,Woodlands CIQ,JB Sentral,322
2026-08-29,16:00,JB Sentral,Woodlands CIQ,323
2026-08-29,16:00,Woodlands CIQ,JB Sentral,325
2026-08-29,17:00,JB Sentral,Woodlands CIQ,321
2026-08-29,17:00,Woodlands CIQ,JB Sentral,324
2026-08-29,18:00,Woodlands CIQ,JB Sentral,325
2026-08-29,19:00,JB Sentral,Woodlands CIQ,319
2026-08-29,20:00,JB Sentral,Woodlands CIQ,319
2026-08-29,20:00,Woodlands CIQ,JB Sentral,256
2026-08-29,21:00,JB Sentral,Woodlands CIQ,320
2026-08-29,21:00,Woodlands CIQ,JB Sentral,244
2026-08-29,22:00,JB Sentral,Woodlands CIQ,322
2026-08-29,22:00,Woodlands CIQ,JB Sentral,201
2026-08-29,23:00,Woodlands CIQ,JB Sentral,120
2026-08-30,05:00,JB Sentral,Woodlands CIQ,122
2026-08-30,06:00,JB Sentral,Woodlands CIQ,251
2026-08-30,07:00,JB Sentral,Woodlands CIQ,642
2026-08-30,08:00,JB Sentral,Woodlands CIQ,323
2026-08-30,08:00,Woodlands CIQ,JB Sentral,320
2026-08-30,09:00,Woodlands CIQ,JB Sentral,320
2026-08-30,10:00,JB Sentral,Woodlands CIQ,321
2026-08-30,11:00,JB Sentral,Woodlands CIQ,324
2026-08-30,11:00,Woodlands CIQ,JB Sentral,320
2026-08-30,12:00,JB Sentral,Woodlands CIQ,327
2026-08-30,12:00,Woodlands CIQ,JB Sentral,326
2026-08-30,13:00,Woodlands CIQ,JB Sentral,323
2026-08-30,14:00,JB Sentral,Woodlands CIQ,321
2026-08-30,15:00,JB Sentral,Woodlands CIQ,323
2026-08-30,15:00,Woodlands CIQ,JB Sentral,204
2026-08-30,16:00,JB Sentral,Woodlands CIQ,321
2026-08-30,16:00,Woodlands CIQ,JB Sentral,195
2026-08-30,17:00,JB Sentral,Woodlands CIQ,320
2026-08-30,17:00,Woodlands CIQ,JB Sentral,234
2026-08-30,18:00,Woodlands CIQ,JB Sentral,140
2026-08-30,19:00,JB Sentral,Woodlands CIQ,320
2026-08-30,20:00,JB Sentral,Woodlands CIQ,320
2026-08-30,20:00,Woodlands CIQ,JB Sentral,151
2026-08-30,21:00,JB Sentral,Woodlands CIQ,319
2026-08-30,21:00,Woodlands CIQ,JB Sentral,230
2026-08-30,22:00,JB Sentral,Woodlands CIQ,318
2026-08-30,22:00,Woodlands CIQ,JB Sentral,161
2026-08-30,23:00,Woodlands CIQ,JB Sentral,164
2026-08-31,05:00,JB Sentral,Woodlands CIQ,640
2026-08-31,06:00,JB Sentral,Woodlands CIQ,640
2026-08-31,07:00,JB Sentral,Woodlands CIQ,640
2026-08-31,08:00,JB Sentral,Woodlands CIQ,320
2026-08-31,08:00,Woodlands CIQ,JB Sentral,260
2026-08-31,09:00,Woodlands CIQ,JB Sentral,320
2026-08-31,10:00,JB Sentral,Woodlands CIQ,321
2026-08-31,11:00,JB Sentral,Woodlands CIQ,327
2026-08-31,11:00,Woodlands CIQ,JB Sentral,321
2026-08-31,12:00,JB Sentral,Woodlands CIQ,323
2026-08-31,12:00,Woodlands CIQ,JB Sentral,284
2026-08-31,13:00,Woodlands CIQ,JB Sentral,317
2026-08-31,14:00,JB Sentral,Woodlands CIQ,323
2026-08-31,15:00,JB Sentral,Woodlands CIQ,326
2026-08-31,15:00,Woodlands CIQ,JB Sentral,140
2026-08-31,16:00,JB Sentral,Woodlands CIQ,321
2026-08-31,16:00,Woodlands CIQ,JB Sentral,219
2026-08-31,17:00,JB Sentral,Woodlands CIQ,322
2026-08-31,17:00,Woodlands CIQ,JB Sentral,321
2026-08-31,18:00,Woodlands CIQ,JB Sentral,323
2026-08-31,19:00,JB Sentral,Woodlands CIQ,322
2026-08-31,20:00,JB Sentral,Woodlands CIQ,322
2026-08-31,20:00,Woodlands CIQ,JB Sentral,320
2026-08-31,21:00,JB Sentral,Woodlands CIQ,321
2026-08-31,21:00,Woodlands CIQ,JB Sentral,324
2026-08-31,22:00,JB Sentral,Woodlands CIQ,318
2026-08-31,22:00,Woodlands CIQ,JB Sentral,185
2026-08-31,23:00,Woodlands CIQ,JB Sentral,54
2026-09-01,05:00,JB Sentral,Woodlands CIQ,640
2026-09-01,06:00,JB Sentral,Woodlands CIQ,640
2026-09-01,07:00,JB Sentral,Woodlands CIQ,640
2026-09-01,08:00,JB Sentral,Woodlands CIQ,320
2026-09-01,08:00,Woodlands CIQ,JB Sentral,320
2026-09-01,09:00,Woodlands CIQ,JB Sentral,320
2026-09-01,10:00,JB Sentral,Woodlands CIQ,320
2026-09-01,11:00,JB Sentral,Woodlands CIQ,324
2026-09-01,11:00,Woodlands CIQ,JB Sentral,320
2026-09-01,12:00,JB Sentral,Woodlands CIQ,297
2026-09-01,12:00,Woodlands CIQ,JB Sentral,325
2026-09-01,13:00,Woodlands CIQ,JB Sentral,268
2026-09-01,15:00,JB Sentral,Woodlands CIQ,324
2026-09-01,16:00,JB Sentral,Woodlands CIQ,322
2026-09-01,16:00,Woodlands CIQ,JB Sentral,134
2026-09-01,17:00,JB Sentral,Woodlands CIQ,322
2026-09-01,17:00,Woodlands CIQ,JB Sentral,240
2026-09-01,18:00,Woodlands CIQ,JB Sentral,320
2026-09-01,19:00,JB Sentral,Woodlands CIQ,320
2026-09-01,20:00,JB Sentral,Woodlands CIQ,322
2026-09-01,20:00,Woodlands CIQ,JB Sentral,320
2026-09-01,21:00,JB Sentral,Woodlands CIQ,323
2026-09-01,21:00,Woodlands CIQ,JB Sentral,320
2026-09-01,22:00,JB Sentral,Woodlands CIQ,237
2026-09-01,22:00,Woodlands CIQ,JB Sentral,272
2026-09-01,23:00,Woodlands CIQ,JB Sentral,69
2026-09-02,05:00,JB Sentral,Woodlands CIQ,640
2026-09-02,06:00,JB Sentral,Woodlands CIQ,640
2026-09-02,07:00,JB Sentral,Woodlands CIQ,640
2026-09-02,08:00,JB Sentral,Woodlands CIQ,320
2026-09-02,08:00,Woodlands CIQ,JB Sentral,314
2026-09-02,09:00,Woodlands CIQ,JB Sentral,320
2026-09-02,10:00,JB Sentral,Woodlands CIQ,324
2026-09-02,11:00,JB Sentral,Woodlands CIQ,291
2026-09-02,11:00,Woodlands CIQ,JB Sentral,323
2026-09-02,12:00,JB Sentral,Woodlands CIQ,197
2026-09-02,12:00,Woodlands CIQ,JB Sentral,324
2026-09-02,13:00,Woodlands CIQ,JB Sentral,278
2026-09-02,14:00,JB Sentral,Woodlands CIQ,292
2026-09-02,15:00,JB Sentral,Woodlands CIQ,322
2026-09-02,15:00,Woodlands CIQ,JB Sentral,208
2026-09-02,16:00,JB Sentral,Woodlands CIQ,321
2026-09-02,16:00,Woodlands CIQ,JB Sentral,158
2026-09-02,17:00,JB Sentral,Woodlands CIQ,323
2026-09-02,17:00,Woodlands CIQ,JB Sentral,321
2026-09-02,18:00,Woodlands CIQ,JB Sentral,320
2026-09-02,19:00,JB Sentral,Woodlands CIQ,322
2026-09-02,20:00,JB Sentral,Woodlands CIQ,321
2026-09-02,20:00,Woodlands CIQ,JB Sentral,320
2026-09-02,21:00,JB Sentral,Woodlands CIQ,320
2026-09-02,21:00,Woodlands CIQ,JB Sentral,322
2026-09-02,22:00,JB Sentral,Woodlands CIQ,211
2026-09-02,22:00,Woodlands CIQ,JB Sentral,294
2026-09-02,23:00,Woodlands CIQ,JB Sentral,61
2026-09-03,05:00,JB Sentral,Woodlands CIQ,641
2026-09-03,06:00,JB Sentral,Woodlands CIQ,640
2026-09-03,07:00,JB Sentral,Woodlands CIQ,640
2026-09-03,08:00,JB Sentral,Woodlands CIQ,320
2026-09-03,08:00,Woodlands CIQ,JB Sentral,320
2026-09-03,09:00,Woodlands CIQ,JB Sentral,322
2026-09-03,11:00,JB Sentral,Woodlands CIQ,320
2026-09-03,12:00,JB Sentral,Woodlands CIQ,288
2026-09-03,12:00,Woodlands CIQ,JB Sentral,329
2026-09-03,13:00,Woodlands CIQ,JB Sentral,324
2026-09-03,14:00,JB Sentral,Woodlands CIQ,227
2026-09-03,15:00,JB Sentral,Woodlands CIQ,296
2026-09-03,15:00,Woodlands CIQ,JB Sentral,321
2026-09-03,16:00,JB Sentral,Woodlands CIQ,321
2026-09-03,16:00,Woodlands CIQ,JB Sentral,324
2026-09-03,17:00,JB Sentral,Woodlands CIQ,322
2026-09-03,17:00,Woodlands CIQ,JB Sentral,324
2026-09-03,18:00,Woodlands CIQ,JB Sentral,321
2026-09-03,19:00,JB Sentral,Woodlands CIQ,321
2026-09-03,20:00,JB Sentral,Woodlands CIQ,320
2026-09-03,20:00,Woodlands CIQ,JB Sentral,320
2026-09-03,21:00,JB Sentral,Woodlands CIQ,320
2026-09-03,21:00,Woodlands CIQ,JB Sentral,320
2026-09-03,22:00,JB Sentral,Woodlands CIQ,233
2026-09-03,22:00,Woodlands CIQ,JB Sentral,321
2026-09-03,23:00,Woodlands CIQ,JB Sentral,320
2026-09-04,05:00,JB Sentral,Woodlands CIQ,636
2026-09-04,06:00,JB Sentral,Woodlands CIQ,640
2026-09-04,07:00,JB Sentral,Woodlands CIQ,640
2026-09-04,08:00,JB Sentral,Woodlands CIQ,320
2026-09-04,08:00,Woodlands CIQ,JB Sentral,320
2026-09-04,09:00,Woodlands CIQ,JB Sentral,322
2026-09-04,10:00,JB Sentral,Woodlands CIQ,320
2026-09-04,11:00,JB Sentral,Woodlands CIQ,253
2026-09-04,11:00,Woodlands CIQ,JB Sentral,321
2026-09-04,12:00,JB Sentral,Woodlands CIQ,204
2026-09-04,12:00,Woodlands CIQ,JB Sentral,334
2026-09-04,13:00,Woodlands CIQ,JB Sentral,326
2026-09-04,14:00,JB Sentral,Woodlands CIQ,280
2026-09-04,15:00,JB Sentral,Woodlands CIQ,326
2026-09-04,15:00,Woodlands CIQ,JB Sentral,324
2026-09-04,16:00,JB Sentral,Woodlands CIQ,322
2026-09-04,16:00,Woodlands CIQ,JB Sentral,325
2026-09-04,17:00,JB Sentral,Woodlands CIQ,324
2026-09-04,17:00,Woodlands CIQ,JB Sentral,320
2026-09-04,18:00,Woodlands CIQ,JB Sentral,320
2026-09-04,19:00,JB Sentral,Woodlands CIQ,321
2026-09-04,20:00,JB Sentral,Woodlands CIQ,320
2026-09-04,20:00,Woodlands CIQ,JB Sentral,321
2026-09-04,21:00,JB Sentral,Woodlands CIQ,320
2026-09-04,21:00,Woodlands CIQ,JB Sentral,322
2026-09-04,22:00,JB Sentral,Woodlands CIQ,321
2026-09-04,22:00,Woodlands CIQ,JB Sentral,320
2026-09-04,23:00,Woodlands CIQ,JB Sentral,320
2026-09-05,05:00,JB Sentral,Woodlands CIQ,156
2026-09-05,06:00,JB Sentral,Woodlands CIQ,364
2026-09-05,07:00,JB Sentral,Woodlands CIQ,556
2026-09-05,08:00,JB Sentral,Woodlands CIQ,325
2026-09-05,08:00,Woodlands CIQ,JB Sentral,321
2026-09-05,09:00,Woodlands CIQ,JB Sentral,320
2026-09-05,10:00,JB Sentral,Woodlands CIQ,323
2026-09-05,11:00,JB Sentral,Woodlands CIQ,323
2026-09-05,11:00,Woodlands CIQ,JB Sentral,321
2026-09-05,12:00,JB Sentral,Woodlands CIQ,325
2026-09-05,12:00,Woodlands CIQ,JB Sentral,321
2026-09-05,13:00,Woodlands CIQ,JB Sentral,321
2026-09-05,14:00,JB Sentral,Woodlands CIQ,324
2026-09-05,15:00,JB Sentral,Woodlands CIQ,325
2026-09-05,15:00,Woodlands CIQ,JB Sentral,319
2026-09-05,16:00,JB Sentral,Woodlands CIQ,318
2026-09-05,16:00,Woodlands CIQ,JB Sentral,325
2026-09-05,17:00,JB Sentral,Woodlands CIQ,325
2026-09-05,17:00,Woodlands CIQ,JB Sentral,327
2026-09-05,18:00,Woodlands CIQ,JB Sentral,328
2026-09-05,19:00,JB Sentral,Woodlands CIQ,325
2026-09-05,20:00,JB Sentral,Woodlands CIQ,319
2026-09-05,20:00,Woodlands CIQ,JB Sentral,322
2026-09-05,21:00,JB Sentral,Woodlands CIQ,320
2026-09-05,21:00,Woodlands CIQ,JB Sentral,321
2026-09-05,22:00,JB Sentral,Woodlands CIQ,320
2026-09-05,22:00,Woodlands CIQ,JB Sentral,320
2026-09-05,23:00,Woodlands CIQ,JB Sentral,138
2026-09-06,05:00,JB Sentral,Woodlands CIQ,100
2026-09-06,06:00,JB Sentral,Woodlands CIQ,173
2026-09-06,07:00,JB Sentral,Woodlands CIQ,435
2026-09-06,08:00,JB Sentral,Woodlands CIQ,322
2026-09-06,08:00,Woodlands CIQ,JB Sentral,320
2026-09-06,09:00,Woodlands CIQ,JB Sentral,320
2026-09-06,10:00,JB Sentral,Woodlands CIQ,328
2026-09-06,11:00,JB Sentral,Woodlands CIQ,327
2026-09-06,11:00,Woodlands CIQ,JB Sentral,320
2026-09-06,12:00,JB Sentral,Woodlands CIQ,327
2026-09-06,12:00,Woodlands CIQ,JB Sentral,326
2026-09-06,13:00,Woodlands CIQ,JB Sentral,328
2026-09-06,14:00,JB Sentral,Woodlands CIQ,323
2026-09-06,15:00,JB Sentral,Woodlands CIQ,321
2026-09-06,15:00,Woodlands CIQ,JB Sentral,323
2026-09-06,16:00,JB Sentral,Woodlands CIQ,319
2026-09-06,16:00,Woodlands CIQ,JB Sentral,329
2026-09-06,17:00,JB Sentral,Woodlands CIQ,321
2026-09-06,17:00,Woodlands CIQ,JB Sentral,323
2026-09-06,18:00,Woodlands CIQ,JB Sentral,200
2026-09-06,19:00,JB Sentral,Woodlands CIQ,319
2026-09-06,20:00,JB Sentral,Woodlands CIQ,319
2026-09-06,20:00,Woodlands CIQ,JB Sentral,158
2026-09-06,21:00,JB Sentral,Woodlands CIQ,318
2026-09-06,21:00,Woodlands CIQ,JB Sentral,112
2026-09-06,22:00,JB Sentral,Woodlands CIQ,319
2026-09-06,22:00,Woodlands CIQ,JB Sentral,133
2026-09-06,23:00,Woodlands CIQ,JB Sentral,54
2026-09-07,05:00,JB Sentral,Woodlands CIQ,640
2026-09-07,06:00,JB Sentral,Woodlands CIQ,640
2026-09-07,07:00,JB Sentral,Woodlands CIQ,640
2026-09-07,08:00,JB Sentral,Woodlands CIQ,320
2026-09-07,08:00,Woodlands CIQ,JB Sentral,320
2026-09-07,09:00,Woodlands CIQ,JB Sentral,320
2026-09-07,10:00,JB Sentral,Woodlands CIQ,323
2026-09-07,11:00,JB Sentral,Woodlands CIQ,324
2026-09-07,11:00,Woodlands CIQ,JB Sentral,320
2026-09-07,12:00,JB Sentral,Woodlands CIQ,327
2026-09-07,12:00,Woodlands CIQ,JB Sentral,329
2026-09-07,13:00,Woodlands CIQ,JB Sentral,325
2026-09-07,15:00,JB Sentral,Woodlands CIQ,324
2026-09-07,16:00,JB Sentral,Woodlands CIQ,329
2026-09-07,16:00,Woodlands CIQ,JB Sentral,320
2026-09-07,17:00,JB Sentral,Woodlands CIQ,323
2026-09-07,17:00,Woodlands CIQ,JB Sentral,200
2026-09-07,18:00,Woodlands CIQ,JB Sentral,320
2026-09-07,19:00,JB Sentral,Woodlands CIQ,320
2026-09-07,20:00,JB Sentral,Woodlands CIQ,323
2026-09-07,20:00,Woodlands CIQ,JB Sentral,321
2026-09-07,21:00,JB Sentral,Woodlands CIQ,320
2026-09-07,21:00,Woodlands CIQ,JB Sentral,310
2026-09-07,22:00,JB Sentral,Woodlands CIQ,320
2026-09-07,22:00,Woodlands CIQ,JB Sentral,116
2026-09-07,23:00,Woodlands CIQ,JB Sentral,53
