series,date,stage,index
abs,2010-01-01,1,97.3
abs,2010-02-01,1,95.9
abs,2010-03-01,1,99.5
abs,2010-04-01,1,101.9
abs,2010-05-01,1,93.7
abs,2010-06-01,1,96.0
abs,2010-07-01,1,95.8
abs,2010-08-01,1,96.6
abs,2010-09-01,1,98.9
abs,2010-10-01,1,104.3
abs,2010-11-01,1,106.5
abs,2010-12-01,1,113.7
abs,2011-01-01,1,118.9
abs,2011-02-01,1,122.8
abs,2011-03-01,1,128.1
abs,2011-04-01,1,131.1
abs,2011-05-01,1,127.9
abs,2011-06-01,1,126.7
abs,2011-07-01,1,126.0
abs,2011-08-01,1,121.4
abs,2011-09-01,1,122.9
abs,2011-10-01,1,123.2
abs,2011-11-01,1,123.9
abs,2011-12-01,1,123.9
abs,2012-01-01,1,126.1
abs,2012-02-01,1,127.7
abs,2012-03-01,1,132.3
abs,2012-04-01,1,132.2
abs,2012-05-01,1,123.0
abs,2012-06-01,1,114.9
abs,2012-07-01,1,119.1
abs,2012-08-01,1,121.1
abs,2012-09-01,1,119.7
abs,2012-10-01,1,114.2
abs,2012-11-01,1,112.3
abs,2012-12-01,1,111.4
abs,2013-01-01,1,115.0
abs,2013-02-01,1,120.2
abs,2013-03-01,1,114.7
abs,2013-04-01,1,111.0
abs,2013-05-01,1,110.3
abs,2013-06-01,1,112.6
abs,2013-07-01,1,115.6
abs,2013-08-01,1,119.2
abs,2013-09-01,1,121.2
abs,2013-10-01,1,118.3
abs,2013-11-01,1,121.0
abs,2013-12-01,1,123.6
abs,2014-01-01,1,122.0
abs,2014-02-01,1,124.5
abs,2014-03-01,1,124.7
abs,2014-04-01,1,122.1
abs,2014-05-01,1,122.1
abs,2014-06-01,1,120.9
abs,2014-07-01,1,117.7
abs,2014-08-01,1,112.9
abs,2014-09-01,1,108.7
abs,2014-10-01,1,104.8
abs,2014-11-01,1,100.9
abs,2014-12-01,1,91.6
abs,2015-01-01,1,85.5
abs,2015-02-01,1,91.5
abs,2015-03-01,1,92.4
abs,2015-04-01,1,94.2
abs,2015-05-01,1,95.8
abs,2015-06-01,1,96.0
abs,2015-07-01,1,92.7
abs,2015-08-01,1,85.2
abs,2015-09-01,1,88.8
abs,2015-10-01,1,93.1
abs,2015-11-01,1,89.7
abs,2015-12-01,1,86.1
abs,2016-01-01,1,82.7
abs,2016-02-01,1,83.6
abs,2016-03-01,1,89.2
abs,2016-04-01,1,90.1
abs,2016-05-01,1,93.7
abs,2016-06-01,1,96.2
abs,2016-07-01,1,90.8
abs,2016-08-01,1,93.5
abs,2016-09-01,1,97.7
abs,2016-10-01,1,99.2
abs,2016-11-01,1,99.3
abs,2016-12-01,1,111.5
abs,2017-01-01,1,115.0
abs,2017-02-01,1,115.1
abs,2017-03-01,1,108.1
abs,2017-04-01,1,106.1
abs,2017-05-01,1,104.3
abs,2017-06-01,1,100.0
abs,2017-07-01,1,101.2
abs,2017-08-01,1,104.0
abs,2017-09-01,1,108.4
abs,2017-10-01,1,109.3
abs,2017-11-01,1,112.8
abs,2017-12-01,1,110.1
abs,2018-01-01,1,113.9
abs,2018-02-01,1,108.4
abs,2018-03-01,1,107.3
abs,2018-04-01,1,110.0
abs,2018-05-01,1,114.2
abs,2018-06-01,1,112.3
abs,2018-07-01,1,112.4
abs,2018-08-01,1,111.5
abs,2018-09-01,1,116.1
abs,2018-10-01,1,117.8
abs,2018-11-01,1,105.0
abs,2018-12-01,1,99.2
abs,2019-01-01,1,102.9
abs,2019-02-01,1,105.3
abs,2019-03-01,1,104.1
abs,2019-04-01,1,108.3
abs,2019-05-01,1,108.5
abs,2019-06-01,1,104.4
abs,2019-07-01,1,103.7
abs,2019-08-01,1,103.1
abs,2019-09-01,1,106.2
abs,2019-10-01,1,104.4
abs,2019-11-01,1,111.2
abs,2019-12-01,1,115.1
abs,2020-01-01,1,113.9
abs,2020-02-01,1,105.4
abs,2020-03-01,1,89.6
abs,2020-04-01,1,77.0
abs,2020-05-01,1,79.6
abs,2020-06-01,1,86.0
abs,2020-07-01,1,90.2
abs,2020-08-01,1,94.1
abs,2020-09-01,1,92.2
abs,2020-10-01,1,90.6
abs,2020-11-01,1,97.5
abs,2020-12-01,1,103.6
abs,2021-01-01,1,110.0
abs,2021-02-01,1,115.9
abs,2021-03-01,1,118.1
abs,2021-04-01,1,120.0
abs,2021-05-01,1,122.3
abs,2021-06-01,1,119.7
abs,2021-07-01,1,122.5
abs,2021-08-01,1,123.2
abs,2021-09-01,1,123.9
abs,2021-10-01,1,127.2
abs,2021-11-01,1,130.1
abs,2021-12-01,1,125.8
abs,2022-01-01,1,130.1
abs,2022-02-01,1,136.4
abs,2022-03-01,1,145.6
abs,2022-04-01,1,140.5
abs,2022-05-01,1,143.5
abs,2022-06-01,1,139.9
abs,2022-07-01,1,123.8
abs,2022-08-01,1,122.6
abs,2022-09-01,1,116.0
abs,2022-10-01,1,116.1
abs,2022-11-01,1,119.1
abs,2022-12-01,1,116.1
abs,2023-01-01,1,114.0
abs,2023-02-01,1,113.3
abs,2023-03-01,1,115.0
abs,2023-04-01,1,115.8
abs,2023-05-01,1,114.7
abs,2023-06-01,1,113.8
abs,2023-07-01,1,116.0
abs,2023-08-01,1,117.7
abs,2023-09-01,1,122.3
abs,2023-10-01,1,122.3
abs,2023-11-01,1,119.4
abs,2023-12-01,1,116.6
abs,2024-01-01,1,116.6
abs,2024-02-01,1,119.7
abs,2024-03-01,1,123.5
abs,2024-04-01,1,124.4
abs,2024-05-01,1,119.0
abs,2024-06-01,1,116.8
abs,2024-07-01,1,117.7
abs,2024-08-01,1,113.6
abs,2024-09-01,1,110.7
abs,2024-10-01,1,111.6
abs,2024-11-01,1,117.0
abs,2024-12-01,1,118.8
abs,2025-01-01,1,119.4
abs,2025-02-01,1,119.7
abs,2025-03-01,1,117.9
abs,2025-04-01,1,112.9
abs,2025-05-01,1,108.7
abs,2025-06-01,1,110.0
abs,2025-07-01,1,110.9
abs,2025-08-01,1,112.7
abs,2025-09-01,1,113.4
abs,2025-10-01,1,112.9
abs,2025-11-01,1,109.8
abs,2025-12-01,1,108.9
abs,2026-01-01,1,110.5
abs,2026-02-01,1,111.3
abs,2026-03-01,1,129.5
abs,2026-04-01,1,142.4
abs,2026-05-01,1,142.9
abs,2026-06-01,1,137.5
abs,2026-07-01,1,137.6
growth_yoy,2011-01-01,1,22.199
growth_yoy,2011-02-01,1,28.05
growth_yoy,2011-03-01,1,28.744
growth_yoy,2011-04-01,1,28.656
growth_yoy,2011-05-01,1,36.499
growth_yoy,2011-06-01,1,31.979
growth_yoy,2011-07-01,1,31.524
growth_yoy,2011-08-01,1,25.673
growth_yoy,2011-09-01,1,24.267
growth_yoy,2011-10-01,1,18.121
growth_yoy,2011-11-01,1,16.338
growth_yoy,2011-12-01,1,8.971
growth_yoy,2012-01-01,1,6.056
growth_yoy,2012-02-01,1,3.99
growth_yoy,2012-03-01,1,3.279
growth_yoy,2012-04-01,1,0.839
growth_yoy,2012-05-01,1,-3.831
growth_yoy,2012-06-01,1,-9.313
growth_yoy,2012-07-01,1,-5.476
growth_yoy,2012-08-01,1,-0.247
growth_yoy,2012-09-01,1,-2.604
growth_yoy,2012-10-01,1,-7.305
growth_yoy,2012-11-01,1,-9.362
growth_yoy,2012-12-01,1,-10.089
growth_yoy,2013-01-01,1,-8.803
growth_yoy,2013-02-01,1,-5.873
growth_yoy,2013-03-01,1,-13.303
growth_yoy,2013-04-01,1,-16.036
growth_yoy,2013-05-01,1,-10.325
growth_yoy,2013-06-01,1,-2.002
growth_yoy,2013-07-01,1,-2.939
growth_yoy,2013-08-01,1,-1.569
growth_yoy,2013-09-01,1,1.253
growth_yoy,2013-10-01,1,3.59
growth_yoy,2013-11-01,1,7.747
growth_yoy,2013-12-01,1,10.952
growth_yoy,2014-01-01,1,6.087
growth_yoy,2014-02-01,1,3.577
growth_yoy,2014-03-01,1,8.718
growth_yoy,2014-04-01,1,10.0
growth_yoy,2014-05-01,1,10.698
growth_yoy,2014-06-01,1,7.371
growth_yoy,2014-07-01,1,1.817
growth_yoy,2014-08-01,1,-5.285
growth_yoy,2014-09-01,1,-10.314
growth_yoy,2014-10-01,1,-11.412
growth_yoy,2014-11-01,1,-16.612
growth_yoy,2014-12-01,1,-25.89
growth_yoy,2015-01-01,1,-29.918
growth_yoy,2015-02-01,1,-26.506
growth_yoy,2015-03-01,1,-25.902
growth_yoy,2015-04-01,1,-22.85
growth_yoy,2015-05-01,1,-21.54
growth_yoy,2015-06-01,1,-20.596
growth_yoy,2015-07-01,1,-21.24
growth_yoy,2015-08-01,1,-24.535
growth_yoy,2015-09-01,1,-18.307
growth_yoy,2015-10-01,1,-11.164
growth_yoy,2015-11-01,1,-11.1
growth_yoy,2015-12-01,1,-6.004
growth_yoy,2016-01-01,1,-3.275
growth_yoy,2016-02-01,1,-8.634
growth_yoy,2016-03-01,1,-3.463
growth_yoy,2016-04-01,1,-4.352
growth_yoy,2016-05-01,1,-2.192
growth_yoy,2016-06-01,1,0.208
growth_yoy,2016-07-01,1,-2.05
growth_yoy,2016-08-01,1,9.742
growth_yoy,2016-09-01,1,10.023
growth_yoy,2016-10-01,1,6.552
growth_yoy,2016-11-01,1,10.702
growth_yoy,2016-12-01,1,29.501
growth_yoy,2017-01-01,1,39.057
growth_yoy,2017-02-01,1,37.679
growth_yoy,2017-03-01,1,21.188
growth_yoy,2017-04-01,1,17.758
growth_yoy,2017-05-01,1,11.313
growth_yoy,2017-06-01,1,3.95
growth_yoy,2017-07-01,1,11.454
growth_yoy,2017-08-01,1,11.23
growth_yoy,2017-09-01,1,10.952
growth_yoy,2017-10-01,1,10.181
growth_yoy,2017-11-01,1,13.595
growth_yoy,2017-12-01,1,-1.256
growth_yoy,2018-01-01,1,-0.957
growth_yoy,2018-02-01,1,-5.821
growth_yoy,2018-03-01,1,-0.74
growth_yoy,2018-04-01,1,3.676
growth_yoy,2018-05-01,1,9.492
growth_yoy,2018-06-01,1,12.3
growth_yoy,2018-07-01,1,11.067
growth_yoy,2018-08-01,1,7.212
growth_yoy,2018-09-01,1,7.103
growth_yoy,2018-10-01,1,7.777
growth_yoy,2018-11-01,1,-6.915
growth_yoy,2018-12-01,1,-9.9
growth_yoy,2019-01-01,1,-9.658
growth_yoy,2019-02-01,1,-2.86
growth_yoy,2019-03-01,1,-2.982
growth_yoy,2019-04-01,1,-1.545
growth_yoy,2019-05-01,1,-4.991
growth_yoy,2019-06-01,1,-7.035
growth_yoy,2019-07-01,1,-7.74
growth_yoy,2019-08-01,1,-7.534
growth_yoy,2019-09-01,1,-8.527
growth_yoy,2019-10-01,1,-11.375
growth_yoy,2019-11-01,1,5.905
growth_yoy,2019-12-01,1,16.028
growth_yoy,2020-01-01,1,10.69
growth_yoy,2020-02-01,1,0.095
growth_yoy,2020-03-01,1,-13.929
growth_yoy,2020-04-01,1,-28.901
growth_yoy,2020-05-01,1,-26.636
growth_yoy,2020-06-01,1,-17.625
growth_yoy,2020-07-01,1,-13.018
growth_yoy,2020-08-01,1,-8.729
growth_yoy,2020-09-01,1,-13.183
growth_yoy,2020-10-01,1,-13.218
growth_yoy,2020-11-01,1,-12.32
growth_yoy,2020-12-01,1,-9.991
growth_yoy,2021-01-01,1,-3.424
growth_yoy,2021-02-01,1,9.962
growth_yoy,2021-03-01,1,31.808
growth_yoy,2021-04-01,1,55.844
growth_yoy,2021-05-01,1,53.643
growth_yoy,2021-06-01,1,39.186
growth_yoy,2021-07-01,1,35.809
growth_yoy,2021-08-01,1,30.925
growth_yoy,2021-09-01,1,34.382
growth_yoy,2021-10-01,1,40.397
growth_yoy,2021-11-01,1,33.436
growth_yoy,2021-12-01,1,21.429
growth_yoy,2022-01-01,1,18.273
growth_yoy,2022-02-01,1,17.688
growth_yoy,2022-03-01,1,23.285
growth_yoy,2022-04-01,1,17.083
growth_yoy,2022-05-01,1,17.334
growth_yoy,2022-06-01,1,16.876
growth_yoy,2022-07-01,1,1.061
growth_yoy,2022-08-01,1,-0.487
growth_yoy,2022-09-01,1,-6.376
growth_yoy,2022-10-01,1,-8.726
growth_yoy,2022-11-01,1,-8.455
growth_yoy,2022-12-01,1,-7.711
growth_yoy,2023-01-01,1,-12.375
growth_yoy,2023-02-01,1,-16.935
growth_yoy,2023-03-01,1,-21.016
growth_yoy,2023-04-01,1,-17.58
growth_yoy,2023-05-01,1,-20.07
growth_yoy,2023-06-01,1,-18.656
growth_yoy,2023-07-01,1,-6.3
growth_yoy,2023-08-01,1,-3.997
growth_yoy,2023-09-01,1,5.431
growth_yoy,2023-10-01,1,5.34
growth_yoy,2023-11-01,1,0.252
growth_yoy,2023-12-01,1,0.431
growth_yoy,2024-01-01,1,2.281
growth_yoy,2024-02-01,1,5.649
growth_yoy,2024-03-01,1,7.391
growth_yoy,2024-04-01,1,7.427
growth_yoy,2024-05-01,1,3.749
growth_yoy,2024-06-01,1,2.636
growth_yoy,2024-07-01,1,1.466
growth_yoy,2024-08-01,1,-3.483
growth_yoy,2024-09-01,1,-9.485
growth_yoy,2024-10-01,1,-8.749
growth_yoy,2024-11-01,1,-2.01
growth_yoy,2024-12-01,1,1.887
growth_yoy,2025-01-01,1,2.401
growth_yoy,2025-02-01,1,0.0
growth_yoy,2025-03-01,1,-4.534
growth_yoy,2025-04-01,1,-9.244
growth_yoy,2025-05-01,1,-8.655
growth_yoy,2025-06-01,1,-5.822
growth_yoy,2025-07-01,1,-5.777
growth_yoy,2025-08-01,1,-0.792
growth_yoy,2025-09-01,1,2.439
growth_yoy,2025-10-01,1,1.165
growth_yoy,2025-11-01,1,-6.154
growth_yoy,2025-12-01,1,-8.333
growth_yoy,2026-01-01,1,-7.454
growth_yoy,2026-02-01,1,-7.018
growth_yoy,2026-03-01,1,9.839
growth_yoy,2026-04-01,1,26.129
growth_yoy,2026-05-01,1,31.463
growth_yoy,2026-06-01,1,25.0
growth_yoy,2026-07-01,1,24.076
growth_mom,2010-02-01,1,-1.439
growth_mom,2010-03-01,1,3.754
growth_mom,2010-04-01,1,2.412
growth_mom,2010-05-01,1,-8.047
growth_mom,2010-06-01,1,2.455
growth_mom,2010-07-01,1,-0.208
growth_mom,2010-08-01,1,0.835
growth_mom,2010-09-01,1,2.381
growth_mom,2010-10-01,1,5.46
growth_mom,2010-11-01,1,2.109
growth_mom,2010-12-01,1,6.761
growth_mom,2011-01-01,1,4.573
growth_mom,2011-02-01,1,3.28
growth_mom,2011-03-01,1,4.316
growth_mom,2011-04-01,1,2.342
growth_mom,2011-05-01,1,-2.441
growth_mom,2011-06-01,1,-0.938
growth_mom,2011-07-01,1,-0.552
growth_mom,2011-08-01,1,-3.651
growth_mom,2011-09-01,1,1.236
growth_mom,2011-10-01,1,0.244
growth_mom,2011-11-01,1,0.568
growth_mom,2011-12-01,1,0.0
growth_mom,2012-01-01,1,1.776
growth_mom,2012-02-01,1,1.269
growth_mom,2012-03-01,1,3.602
growth_mom,2012-04-01,1,-0.076
growth_mom,2012-05-01,1,-6.959
growth_mom,2012-06-01,1,-6.585
growth_mom,2012-07-01,1,3.655
growth_mom,2012-08-01,1,1.679
growth_mom,2012-09-01,1,-1.156
growth_mom,2012-10-01,1,-4.595
growth_mom,2012-11-01,1,-1.664
growth_mom,2012-12-01,1,-0.801
growth_mom,2013-01-01,1,3.232
growth_mom,2013-02-01,1,4.522
growth_mom,2013-03-01,1,-4.576
growth_mom,2013-04-01,1,-3.226
growth_mom,2013-05-01,1,-0.631
growth_mom,2013-06-01,1,2.085
growth_mom,2013-07-01,1,2.664
growth_mom,2013-08-01,1,3.114
growth_mom,2013-09-01,1,1.678
growth_mom,2013-10-01,1,-2.393
growth_mom,2013-11-01,1,2.282
growth_mom,2013-12-01,1,2.149
growth_mom,2014-01-01,1,-1.294
growth_mom,2014-02-01,1,2.049
growth_mom,2014-03-01,1,0.161
growth_mom,2014-04-01,1,-2.085
growth_mom,2014-05-01,1,0.0
growth_mom,2014-06-01,1,-0.983
growth_mom,2014-07-01,1,-2.647
growth_mom,2014-08-01,1,-4.078
growth_mom,2014-09-01,1,-3.72
growth_mom,2014-10-01,1,-3.588
growth_mom,2014-11-01,1,-3.721
growth_mom,2014-12-01,1,-9.217
growth_mom,2015-01-01,1,-6.659
growth_mom,2015-02-01,1,7.018
growth_mom,2015-03-01,1,0.984
growth_mom,2015-04-01,1,1.948
growth_mom,2015-05-01,1,1.699
growth_mom,2015-06-01,1,0.209
growth_mom,2015-07-01,1,-3.437
growth_mom,2015-08-01,1,-8.091
growth_mom,2015-09-01,1,4.225
growth_mom,2015-10-01,1,4.842
growth_mom,2015-11-01,1,-3.652
growth_mom,2015-12-01,1,-4.013
growth_mom,2016-01-01,1,-3.949
growth_mom,2016-02-01,1,1.088
growth_mom,2016-03-01,1,6.699
growth_mom,2016-04-01,1,1.009
growth_mom,2016-05-01,1,3.996
growth_mom,2016-06-01,1,2.668
growth_mom,2016-07-01,1,-5.613
growth_mom,2016-08-01,1,2.974
growth_mom,2016-09-01,1,4.492
growth_mom,2016-10-01,1,1.535
growth_mom,2016-11-01,1,0.101
growth_mom,2016-12-01,1,12.286
growth_mom,2017-01-01,1,3.139
growth_mom,2017-02-01,1,0.087
growth_mom,2017-03-01,1,-6.082
growth_mom,2017-04-01,1,-1.85
growth_mom,2017-05-01,1,-1.697
growth_mom,2017-06-01,1,-4.123
growth_mom,2017-07-01,1,1.2
growth_mom,2017-08-01,1,2.767
growth_mom,2017-09-01,1,4.231
growth_mom,2017-10-01,1,0.83
growth_mom,2017-11-01,1,3.202
growth_mom,2017-12-01,1,-2.394
growth_mom,2018-01-01,1,3.451
growth_mom,2018-02-01,1,-4.829
growth_mom,2018-03-01,1,-1.015
growth_mom,2018-04-01,1,2.516
growth_mom,2018-05-01,1,3.818
growth_mom,2018-06-01,1,-1.664
growth_mom,2018-07-01,1,0.089
growth_mom,2018-08-01,1,-0.801
growth_mom,2018-09-01,1,4.126
growth_mom,2018-10-01,1,1.464
growth_mom,2018-11-01,1,-10.866
growth_mom,2018-12-01,1,-5.524
growth_mom,2019-01-01,1,3.73
growth_mom,2019-02-01,1,2.332
growth_mom,2019-03-01,1,-1.14
growth_mom,2019-04-01,1,4.035
growth_mom,2019-05-01,1,0.185
growth_mom,2019-06-01,1,-3.779
growth_mom,2019-07-01,1,-0.67
growth_mom,2019-08-01,1,-0.579
growth_mom,2019-09-01,1,3.007
growth_mom,2019-10-01,1,-1.695
growth_mom,2019-11-01,1,6.513
growth_mom,2019-12-01,1,3.507
growth_mom,2020-01-01,1,-1.043
growth_mom,2020-02-01,1,-7.463
growth_mom,2020-03-01,1,-14.991
growth_mom,2020-04-01,1,-14.062
growth_mom,2020-05-01,1,3.377
growth_mom,2020-06-01,1,8.04
growth_mom,2020-07-01,1,4.884
growth_mom,2020-08-01,1,4.324
growth_mom,2020-09-01,1,-2.019
growth_mom,2020-10-01,1,-1.735
growth_mom,2020-11-01,1,7.616
growth_mom,2020-12-01,1,6.256
growth_mom,2021-01-01,1,6.178
growth_mom,2021-02-01,1,5.364
growth_mom,2021-03-01,1,1.898
growth_mom,2021-04-01,1,1.609
growth_mom,2021-05-01,1,1.917
growth_mom,2021-06-01,1,-2.126
growth_mom,2021-07-01,1,2.339
growth_mom,2021-08-01,1,0.571
growth_mom,2021-09-01,1,0.568
growth_mom,2021-10-01,1,2.663
growth_mom,2021-11-01,1,2.28
growth_mom,2021-12-01,1,-3.305
growth_mom,2022-01-01,1,3.418
growth_mom,2022-02-01,1,4.842
growth_mom,2022-03-01,1,6.745
growth_mom,2022-04-01,1,-3.503
growth_mom,2022-05-01,1,2.135
growth_mom,2022-06-01,1,-2.509
growth_mom,2022-07-01,1,-11.508
growth_mom,2022-08-01,1,-0.969
growth_mom,2022-09-01,1,-5.383
growth_mom,2022-10-01,1,0.086
growth_mom,2022-11-01,1,2.584
growth_mom,2022-12-01,1,-2.519
growth_mom,2023-01-01,1,-1.809
growth_mom,2023-02-01,1,-0.614
growth_mom,2023-03-01,1,1.5
growth_mom,2023-04-01,1,0.696
growth_mom,2023-05-01,1,-0.95
growth_mom,2023-06-01,1,-0.785
growth_mom,2023-07-01,1,1.933
growth_mom,2023-08-01,1,1.466
growth_mom,2023-09-01,1,3.908
growth_mom,2023-10-01,1,0.0
growth_mom,2023-11-01,1,-2.371
growth_mom,2023-12-01,1,-2.345
growth_mom,2024-01-01,1,0.0
growth_mom,2024-02-01,1,2.659
growth_mom,2024-03-01,1,3.175
growth_mom,2024-04-01,1,0.729
growth_mom,2024-05-01,1,-4.341
growth_mom,2024-06-01,1,-1.849
growth_mom,2024-07-01,1,0.771
growth_mom,2024-08-01,1,-3.483
growth_mom,2024-09-01,1,-2.553
growth_mom,2024-10-01,1,0.813
growth_mom,2024-11-01,1,4.839
growth_mom,2024-12-01,1,1.538
growth_mom,2025-01-01,1,0.505
growth_mom,2025-02-01,1,0.251
growth_mom,2025-03-01,1,-1.504
growth_mom,2025-04-01,1,-4.241
growth_mom,2025-05-01,1,-3.72
growth_mom,2025-06-01,1,1.196
growth_mom,2025-07-01,1,0.818
growth_mom,2025-08-01,1,1.623
growth_mom,2025-09-01,1,0.621
growth_mom,2025-10-01,1,-0.441
growth_mom,2025-11-01,1,-2.746
growth_mom,2025-12-01,1,-0.82
growth_mom,2026-01-01,1,1.469
growth_mom,2026-02-01,1,0.724
growth_mom,2026-03-01,1,16.352
growth_mom,2026-04-01,1,9.961
growth_mom,2026-05-01,1,0.351
growth_mom,2026-06-01,1,-3.779
growth_mom,2026-07-01,1,0.073
abs,2015-01-01,1.1,122.2
abs,2015-02-01,1.1,122.0
abs,2015-03-01,1.1,122.4
abs,2015-04-01,1.1,121.3
abs,2015-05-01,1.1,121.2
abs,2015-06-01,1.1,121.6
abs,2015-07-01,1.1,121.9
abs,2015-08-01,1.1,122.1
abs,2015-09-01,1.1,122.1
abs,2015-10-01,1.1,121.4
abs,2015-11-01,1.1,120.5
abs,2015-12-01,1.1,121.0
abs,2016-01-01,1.1,122.7
abs,2016-02-01,1.1,121.8
abs,2016-03-01,1.1,122.6
abs,2016-04-01,1.1,121.8
abs,2016-05-01,1.1,123.0
abs,2016-06-01,1.1,123.8
abs,2016-07-01,1.1,126.6
abs,2016-08-01,1.1,126.2
abs,2016-09-01,1.1,125.3
abs,2016-10-01,1.1,123.1
abs,2016-11-01,1.1,124.1
abs,2016-12-01,1.1,124.0
abs,2017-01-01,1.1,125.8
abs,2017-02-01,1.1,129.6
abs,2017-03-01,1.1,129.3
abs,2017-04-01,1.1,129.6
abs,2017-05-01,1.1,131.7
abs,2017-06-01,1.1,133.4
abs,2017-07-01,1.1,134.6
abs,2017-08-01,1.1,133.7
abs,2017-09-01,1.1,132.2
abs,2017-10-01,1.1,131.6
abs,2017-11-01,1.1,133.3
abs,2017-12-01,1.1,133.2
abs,2018-01-01,1.1,135.9
abs,2018-02-01,1.1,131.7
abs,2018-03-01,1.1,131.5
abs,2018-04-01,1.1,128.9
abs,2018-05-01,1.1,128.0
abs,2018-06-01,1.1,126.6
abs,2018-07-01,1.1,128.4
abs,2018-08-01,1.1,126.6
abs,2018-09-01,1.1,125.4
abs,2018-10-01,1.1,126.6
abs,2018-11-01,1.1,126.7
abs,2018-12-01,1.1,130.1
abs,2019-01-01,1.1,133.2
abs,2019-02-01,1.1,132.5
abs,2019-03-01,1.1,129.8
abs,2019-04-01,1.1,125.9
abs,2019-05-01,1.1,126.2
abs,2019-06-01,1.1,127.7
abs,2019-07-01,1.1,131.1
abs,2019-08-01,1.1,131.2
abs,2019-09-01,1.1,129.0
abs,2019-10-01,1.1,128.0
abs,2019-11-01,1.1,127.4
abs,2019-12-01,1.1,128.1
abs,2020-01-01,1.1,128.6
abs,2020-02-01,1.1,125.7
abs,2020-03-01,1.1,124.7
abs,2020-04-01,1.1,122.1
abs,2020-05-01,1.1,125.5
abs,2020-06-01,1.1,128.6
abs,2020-07-01,1.1,125.6
abs,2020-08-01,1.1,123.4
abs,2020-09-01,1.1,122.8
abs,2020-10-01,1.1,122.3
abs,2020-11-01,1.1,121.3
abs,2020-12-01,1.1,122.2
abs,2021-01-01,1.1,124.2
abs,2021-02-01,1.1,126.0
abs,2021-03-01,1.1,126.0
abs,2021-04-01,1.1,128.0
abs,2021-05-01,1.1,127.6
abs,2021-06-01,1.1,127.5
abs,2021-07-01,1.1,127.1
abs,2021-08-01,1.1,128.8
abs,2021-09-01,1.1,129.4
abs,2021-10-01,1.1,129.5
abs,2021-11-01,1.1,130.4
abs,2021-12-01,1.1,130.9
abs,2022-01-01,1.1,130.9
abs,2022-02-01,1.1,130.6
abs,2022-03-01,1.1,130.3
abs,2022-04-01,1.1,130.6
abs,2022-05-01,1.1,132.5
abs,2022-06-01,1.1,133.6
abs,2022-07-01,1.1,132.4
abs,2022-08-01,1.1,132.5
abs,2022-09-01,1.1,133.2
abs,2022-10-01,1.1,132.8
abs,2022-11-01,1.1,134.6
abs,2022-12-01,1.1,133.2
abs,2023-01-01,1.1,134.9
abs,2023-02-01,1.1,135.1
abs,2023-03-01,1.1,137.8
abs,2023-04-01,1.1,138.0
abs,2023-05-01,1.1,140.3
abs,2023-06-01,1.1,141.8
abs,2023-07-01,1.1,141.1
abs,2023-08-01,1.1,136.9
abs,2023-09-01,1.1,137.2
abs,2023-10-01,1.1,137.9
abs,2023-11-01,1.1,137.1
abs,2023-12-01,1.1,138.9
abs,2024-01-01,1.1,139.6
abs,2024-02-01,1.1,139.9
abs,2024-03-01,1.1,139.1
abs,2024-04-01,1.1,138.5
abs,2024-05-01,1.1,140.6
abs,2024-06-01,1.1,140.2
abs,2024-07-01,1.1,138.1
abs,2024-08-01,1.1,136.5
abs,2024-09-01,1.1,136.9
abs,2024-10-01,1.1,137.7
abs,2024-11-01,1.1,136.8
abs,2024-12-01,1.1,137.6
abs,2025-01-01,1.1,138.4
abs,2025-02-01,1.1,140.1
abs,2025-03-01,1.1,139.3
abs,2025-04-01,1.1,138.4
abs,2025-05-01,1.1,140.1
abs,2025-06-01,1.1,139.7
abs,2025-07-01,1.1,138.2
abs,2025-08-01,1.1,138.0
abs,2025-09-01,1.1,141.0
abs,2025-10-01,1.1,142.8
abs,2025-11-01,1.1,143.2
abs,2025-12-01,1.1,143.5
abs,2026-01-01,1.1,144.6
abs,2026-02-01,1.1,146.2
abs,2026-03-01,1.1,147.0
abs,2026-04-01,1.1,144.3
abs,2026-05-01,1.1,146.1
abs,2026-06-01,1.1,146.6
abs,2026-07-01,1.1,148.5
growth_yoy,2016-01-01,1.1,0.409
growth_yoy,2016-02-01,1.1,-0.164
growth_yoy,2016-03-01,1.1,0.163
growth_yoy,2016-04-01,1.1,0.412
growth_yoy,2016-05-01,1.1,1.485
growth_yoy,2016-06-01,1.1,1.809
growth_yoy,2016-07-01,1.1,3.856
growth_yoy,2016-08-01,1.1,3.358
growth_yoy,2016-09-01,1.1,2.621
growth_yoy,2016-10-01,1.1,1.4
growth_yoy,2016-11-01,1.1,2.988
growth_yoy,2016-12-01,1.1,2.479
growth_yoy,2017-01-01,1.1,2.526
growth_yoy,2017-02-01,1.1,6.404
growth_yoy,2017-03-01,1.1,5.465
growth_yoy,2017-04-01,1.1,6.404
growth_yoy,2017-05-01,1.1,7.073
growth_yoy,2017-06-01,1.1,7.754
growth_yoy,2017-07-01,1.1,6.319
growth_yoy,2017-08-01,1.1,5.943
growth_yoy,2017-09-01,1.1,5.507
growth_yoy,2017-10-01,1.1,6.905
growth_yoy,2017-11-01,1.1,7.413
growth_yoy,2017-12-01,1.1,7.419
growth_yoy,2018-01-01,1.1,8.029
growth_yoy,2018-02-01,1.1,1.62
growth_yoy,2018-03-01,1.1,1.701
growth_yoy,2018-04-01,1.1,-0.54
growth_yoy,2018-05-01,1.1,-2.809
growth_yoy,2018-06-01,1.1,-5.097
growth_yoy,2018-07-01,1.1,-4.606
growth_yoy,2018-08-01,1.1,-5.31
growth_yoy,2018-09-01,1.1,-5.144
growth_yoy,2018-10-01,1.1,-3.799
growth_yoy,2018-11-01,1.1,-4.951
growth_yoy,2018-12-01,1.1,-2.327
growth_yoy,2019-01-01,1.1,-1.987
growth_yoy,2019-02-01,1.1,0.607
growth_yoy,2019-03-01,1.1,-1.293
growth_yoy,2019-04-01,1.1,-2.327
growth_yoy,2019-05-01,1.1,-1.406
growth_yoy,2019-06-01,1.1,0.869
growth_yoy,2019-07-01,1.1,2.103
growth_yoy,2019-08-01,1.1,3.633
growth_yoy,2019-09-01,1.1,2.871
growth_yoy,2019-10-01,1.1,1.106
growth_yoy,2019-11-01,1.1,0.552
growth_yoy,2019-12-01,1.1,-1.537
growth_yoy,2020-01-01,1.1,-3.453
growth_yoy,2020-02-01,1.1,-5.132
growth_yoy,2020-03-01,1.1,-3.929
growth_yoy,2020-04-01,1.1,-3.018
growth_yoy,2020-05-01,1.1,-0.555
growth_yoy,2020-06-01,1.1,0.705
growth_yoy,2020-07-01,1.1,-4.195
growth_yoy,2020-08-01,1.1,-5.945
growth_yoy,2020-09-01,1.1,-4.806
growth_yoy,2020-10-01,1.1,-4.453
growth_yoy,2020-11-01,1.1,-4.788
growth_yoy,2020-12-01,1.1,-4.606
growth_yoy,2021-01-01,1.1,-3.421
growth_yoy,2021-02-01,1.1,0.239
growth_yoy,2021-03-01,1.1,1.043
growth_yoy,2021-04-01,1.1,4.832
growth_yoy,2021-05-01,1.1,1.673
growth_yoy,2021-06-01,1.1,-0.855
growth_yoy,2021-07-01,1.1,1.194
growth_yoy,2021-08-01,1.1,4.376
growth_yoy,2021-09-01,1.1,5.375
growth_yoy,2021-10-01,1.1,5.887
growth_yoy,2021-11-01,1.1,7.502
growth_yoy,2021-12-01,1.1,7.119
growth_yoy,2022-01-01,1.1,5.395
growth_yoy,2022-02-01,1.1,3.651
growth_yoy,2022-03-01,1.1,3.413
growth_yoy,2022-04-01,1.1,2.031
growth_yoy,2022-05-01,1.1,3.84
growth_yoy,2022-06-01,1.1,4.784
growth_yoy,2022-07-01,1.1,4.17
growth_yoy,2022-08-01,1.1,2.873
growth_yoy,2022-09-01,1.1,2.937
growth_yoy,2022-10-01,1.1,2.548
growth_yoy,2022-11-01,1.1,3.221
growth_yoy,2022-12-01,1.1,1.757
growth_yoy,2023-01-01,1.1,3.056
growth_yoy,2023-02-01,1.1,3.446
growth_yoy,2023-03-01,1.1,5.756
growth_yoy,2023-04-01,1.1,5.666
growth_yoy,2023-05-01,1.1,5.887
growth_yoy,2023-06-01,1.1,6.138
growth_yoy,2023-07-01,1.1,6.571
growth_yoy,2023-08-01,1.1,3.321
growth_yoy,2023-09-01,1.1,3.003
growth_yoy,2023-10-01,1.1,3.84
growth_yoy,2023-11-01,1.1,1.857
growth_yoy,2023-12-01,1.1,4.279
growth_yoy,2024-01-01,1.1,3.484
growth_yoy,2024-02-01,1.1,3.553
growth_yoy,2024-03-01,1.1,0.943
growth_yoy,2024-04-01,1.1,0.362
growth_yoy,2024-05-01,1.1,0.214
growth_yoy,2024-06-01,1.1,-1.128
growth_yoy,2024-07-01,1.1,-2.126
growth_yoy,2024-08-01,1.1,-0.292
growth_yoy,2024-09-01,1.1,-0.219
growth_yoy,2024-10-01,1.1,-0.145
growth_yoy,2024-11-01,1.1,-0.219
growth_yoy,2024-12-01,1.1,-0.936
growth_yoy,2025-01-01,1.1,-0.86
growth_yoy,2025-02-01,1.1,0.143
growth_yoy,2025-03-01,1.1,0.144
growth_yoy,2025-04-01,1.1,-0.072
growth_yoy,2025-05-01,1.1,-0.356
growth_yoy,2025-06-01,1.1,-0.357
growth_yoy,2025-07-01,1.1,0.072
growth_yoy,2025-08-01,1.1,1.099
growth_yoy,2025-09-01,1.1,2.995
growth_yoy,2025-10-01,1.1,3.704
growth_yoy,2025-11-01,1.1,4.678
growth_yoy,2025-12-01,1.1,4.288
growth_yoy,2026-01-01,1.1,4.48
growth_yoy,2026-02-01,1.1,4.354
growth_yoy,2026-03-01,1.1,5.528
growth_yoy,2026-04-01,1.1,4.263
growth_yoy,2026-05-01,1.1,4.283
growth_yoy,2026-06-01,1.1,4.939
growth_yoy,2026-07-01,1.1,7.453
growth_mom,2015-02-01,1.1,-0.164
growth_mom,2015-03-01,1.1,0.328
growth_mom,2015-04-01,1.1,-0.899
growth_mom,2015-05-01,1.1,-0.082
growth_mom,2015-06-01,1.1,0.33
growth_mom,2015-07-01,1.1,0.247
growth_mom,2015-08-01,1.1,0.164
growth_mom,2015-09-01,1.1,0.0
growth_mom,2015-10-01,1.1,-0.573
growth_mom,2015-11-01,1.1,-0.741
growth_mom,2015-12-01,1.1,0.415
growth_mom,2016-01-01,1.1,1.405
growth_mom,2016-02-01,1.1,-0.733
growth_mom,2016-03-01,1.1,0.657
growth_mom,2016-04-01,1.1,-0.653
growth_mom,2016-05-01,1.1,0.985
growth_mom,2016-06-01,1.1,0.65
growth_mom,2016-07-01,1.1,2.262
growth_mom,2016-08-01,1.1,-0.316
growth_mom,2016-09-01,1.1,-0.713
growth_mom,2016-10-01,1.1,-1.756
growth_mom,2016-11-01,1.1,0.812
growth_mom,2016-12-01,1.1,-0.081
growth_mom,2017-01-01,1.1,1.452
growth_mom,2017-02-01,1.1,3.021
growth_mom,2017-03-01,1.1,-0.231
growth_mom,2017-04-01,1.1,0.232
growth_mom,2017-05-01,1.1,1.62
growth_mom,2017-06-01,1.1,1.291
growth_mom,2017-07-01,1.1,0.9
growth_mom,2017-08-01,1.1,-0.669
growth_mom,2017-09-01,1.1,-1.122
growth_mom,2017-10-01,1.1,-0.454
growth_mom,2017-11-01,1.1,1.292
growth_mom,2017-12-01,1.1,-0.075
growth_mom,2018-01-01,1.1,2.027
growth_mom,2018-02-01,1.1,-3.091
growth_mom,2018-03-01,1.1,-0.152
growth_mom,2018-04-01,1.1,-1.977
growth_mom,2018-05-01,1.1,-0.698
growth_mom,2018-06-01,1.1,-1.094
growth_mom,2018-07-01,1.1,1.422
growth_mom,2018-08-01,1.1,-1.402
growth_mom,2018-09-01,1.1,-0.948
growth_mom,2018-10-01,1.1,0.957
growth_mom,2018-11-01,1.1,0.079
growth_mom,2018-12-01,1.1,2.684
growth_mom,2019-01-01,1.1,2.383
growth_mom,2019-02-01,1.1,-0.526
growth_mom,2019-03-01,1.1,-2.038
growth_mom,2019-04-01,1.1,-3.005
growth_mom,2019-05-01,1.1,0.238
growth_mom,2019-06-01,1.1,1.189
growth_mom,2019-07-01,1.1,2.662
growth_mom,2019-08-01,1.1,0.076
growth_mom,2019-09-01,1.1,-1.677
growth_mom,2019-10-01,1.1,-0.775
growth_mom,2019-11-01,1.1,-0.469
growth_mom,2019-12-01,1.1,0.549
growth_mom,2020-01-01,1.1,0.39
growth_mom,2020-02-01,1.1,-2.255
growth_mom,2020-03-01,1.1,-0.796
growth_mom,2020-04-01,1.1,-2.085
growth_mom,2020-05-01,1.1,2.785
growth_mom,2020-06-01,1.1,2.47
growth_mom,2020-07-01,1.1,-2.333
growth_mom,2020-08-01,1.1,-1.752
growth_mom,2020-09-01,1.1,-0.486
growth_mom,2020-10-01,1.1,-0.407
growth_mom,2020-11-01,1.1,-0.818
growth_mom,2020-12-01,1.1,0.742
growth_mom,2021-01-01,1.1,1.637
growth_mom,2021-02-01,1.1,1.449
growth_mom,2021-03-01,1.1,0.0
growth_mom,2021-04-01,1.1,1.587
growth_mom,2021-05-01,1.1,-0.313
growth_mom,2021-06-01,1.1,-0.078
growth_mom,2021-07-01,1.1,-0.314
growth_mom,2021-08-01,1.1,1.338
growth_mom,2021-09-01,1.1,0.466
growth_mom,2021-10-01,1.1,0.077
growth_mom,2021-11-01,1.1,0.695
growth_mom,2021-12-01,1.1,0.383
growth_mom,2022-01-01,1.1,0.0
growth_mom,2022-02-01,1.1,-0.229
growth_mom,2022-03-01,1.1,-0.23
growth_mom,2022-04-01,1.1,0.23
growth_mom,2022-05-01,1.1,1.455
growth_mom,2022-06-01,1.1,0.83
growth_mom,2022-07-01,1.1,-0.898
growth_mom,2022-08-01,1.1,0.076
growth_mom,2022-09-01,1.1,0.528
growth_mom,2022-10-01,1.1,-0.3
growth_mom,2022-11-01,1.1,1.355
growth_mom,2022-12-01,1.1,-1.04
growth_mom,2023-01-01,1.1,1.276
growth_mom,2023-02-01,1.1,0.148
growth_mom,2023-03-01,1.1,1.999
growth_mom,2023-04-01,1.1,0.145
growth_mom,2023-05-01,1.1,1.667
growth_mom,2023-06-01,1.1,1.069
growth_mom,2023-07-01,1.1,-0.494
growth_mom,2023-08-01,1.1,-2.977
growth_mom,2023-09-01,1.1,0.219
growth_mom,2023-10-01,1.1,0.51
growth_mom,2023-11-01,1.1,-0.58
growth_mom,2023-12-01,1.1,1.313
growth_mom,2024-01-01,1.1,0.504
growth_mom,2024-02-01,1.1,0.215
growth_mom,2024-03-01,1.1,-0.572
growth_mom,2024-04-01,1.1,-0.431
growth_mom,2024-05-01,1.1,1.516
growth_mom,2024-06-01,1.1,-0.284
growth_mom,2024-07-01,1.1,-1.498
growth_mom,2024-08-01,1.1,-1.159
growth_mom,2024-09-01,1.1,0.293
growth_mom,2024-10-01,1.1,0.584
growth_mom,2024-11-01,1.1,-0.654
growth_mom,2024-12-01,1.1,0.585
growth_mom,2025-01-01,1.1,0.581
growth_mom,2025-02-01,1.1,1.228
growth_mom,2025-03-01,1.1,-0.571
growth_mom,2025-04-01,1.1,-0.646
growth_mom,2025-05-01,1.1,1.228
growth_mom,2025-06-01,1.1,-0.286
growth_mom,2025-07-01,1.1,-1.074
growth_mom,2025-08-01,1.1,-0.145
growth_mom,2025-09-01,1.1,2.174
growth_mom,2025-10-01,1.1,1.277
growth_mom,2025-11-01,1.1,0.28
growth_mom,2025-12-01,1.1,0.209
growth_mom,2026-01-01,1.1,0.767
growth_mom,2026-02-01,1.1,1.107
growth_mom,2026-03-01,1.1,0.547
growth_mom,2026-04-01,1.1,-1.837
growth_mom,2026-05-01,1.1,1.247
growth_mom,2026-06-01,1.1,0.342
growth_mom,2026-07-01,1.1,1.296
abs,2015-01-01,1.2,76.2
abs,2015-02-01,1.2,83.8
abs,2015-03-01,1.2,84.7
abs,2015-04-01,1.2,87.3
abs,2015-05-01,1.2,89.4
abs,2015-06-01,1.2,89.5
abs,2015-07-01,1.2,85.3
abs,2015-08-01,1.2,75.9
abs,2015-09-01,1.2,80.4
abs,2015-10-01,1.2,85.9
abs,2015-11-01,1.2,81.9
abs,2015-12-01,1.2,77.2
abs,2016-01-01,1.2,72.5
abs,2016-02-01,1.2,73.9
abs,2016-03-01,1.2,80.7
abs,2016-04-01,1.2,82.0
abs,2016-05-01,1.2,86.3
abs,2016-06-01,1.2,89.2
abs,2016-07-01,1.2,81.7
abs,2016-08-01,1.2,85.2
abs,2016-09-01,1.2,90.6
abs,2016-10-01,1.2,93.1
abs,2016-11-01,1.2,93.0
abs,2016-12-01,1.2,108.3
abs,2017-01-01,1.2,112.3
abs,2017-02-01,1.2,111.4
abs,2017-03-01,1.2,102.7
abs,2017-04-01,1.2,100.2
abs,2017-05-01,1.2,97.4
abs,2017-06-01,1.2,91.6
abs,2017-07-01,1.2,92.7
abs,2017-08-01,1.2,96.5
abs,2017-09-01,1.2,102.4
abs,2017-10-01,1.2,103.6
abs,2017-11-01,1.2,107.7
abs,2017-12-01,1.2,104.2
abs,2018-01-01,1.2,108.2
abs,2018-02-01,1.2,102.6
abs,2018-03-01,1.2,101.3
abs,2018-04-01,1.2,104.8
abs,2018-05-01,1.2,109.9
abs,2018-06-01,1.2,107.9
abs,2018-07-01,1.2,107.7
abs,2018-08-01,1.2,107.0
abs,2018-09-01,1.2,112.6
abs,2018-10-01,1.2,114.3
abs,2018-11-01,1.2,99.5
abs,2018-12-01,1.2,92.2
abs,2019-01-01,1.2,95.9
abs,2019-02-01,1.2,98.9
abs,2019-03-01,1.2,97.9
abs,2019-04-01,1.2,103.4
abs,2019-05-01,1.2,103.6
abs,2019-06-01,1.2,98.6
abs,2019-07-01,1.2,97.2
abs,2019-08-01,1.2,96.5
abs,2019-09-01,1.2,100.5
abs,2019-10-01,1.2,98.5
abs,2019-11-01,1.2,106.6
abs,2019-12-01,1.2,110.9
abs,2020-01-01,1.2,109.4
abs,2020-02-01,1.2,100.1
abs,2020-03-01,1.2,82.0
abs,2020-04-01,1.2,67.9
abs,2020-05-01,1.2,70.3
abs,2020-06-01,1.2,77.2
abs,2020-07-01,1.2,82.6
abs,2020-08-01,1.2,87.4
abs,2020-09-01,1.2,85.4
abs,2020-10-01,1.2,83.6
abs,2020-11-01,1.2,91.8
abs,2020-12-01,1.2,98.6
abs,2021-01-01,1.2,105.7
abs,2021-02-01,1.2,112.2
abs,2021-03-01,1.2,114.7
abs,2021-04-01,1.2,116.6
abs,2021-05-01,1.2,119.4
abs,2021-06-01,1.2,116.4
abs,2021-07-01,1.2,119.7
abs,2021-08-01,1.2,120.2
abs,2021-09-01,1.2,120.9
abs,2021-10-01,1.2,124.6
abs,2021-11-01,1.2,127.9
abs,2021-12-01,1.2,122.8
abs,2022-01-01,1.2,127.8
abs,2022-02-01,1.2,135.1
abs,2022-03-01,1.2,145.8
abs,2022-04-01,1.2,139.8
abs,2022-05-01,1.2,143.0
abs,2022-06-01,1.2,138.7
abs,2022-07-01,1.2,120.2
abs,2022-08-01,1.2,118.8
abs,2022-09-01,1.2,111.1
abs,2022-10-01,1.2,111.2
abs,2022-11-01,1.2,114.4
abs,2022-12-01,1.2,111.2
abs,2023-01-01,1.2,108.4
abs,2023-02-01,1.2,107.7
abs,2023-03-01,1.2,109.1
abs,2023-04-01,1.2,110.0
abs,2023-05-01,1.2,108.4
abs,2023-06-01,1.2,107.0
abs,2023-07-01,1.2,109.7
abs,2023-08-01,1.2,112.4
abs,2023-09-01,1.2,117.6
abs,2023-10-01,1.2,117.5
abs,2023-11-01,1.2,114.3
abs,2023-12-01,1.2,110.8
abs,2024-01-01,1.2,110.7
abs,2024-02-01,1.2,114.2
abs,2024-03-01,1.2,118.7
abs,2024-04-01,1.2,119.9
abs,2024-05-01,1.2,113.2
abs,2024-06-01,1.2,110.7
abs,2024-07-01,1.2,112.2
abs,2024-08-01,1.2,107.7
abs,2024-09-01,1.2,104.3
abs,2024-10-01,1.2,105.2
abs,2024-11-01,1.2,111.6
abs,2024-12-01,1.2,113.5
abs,2025-01-01,1.2,114.1
abs,2025-02-01,1.2,114.2
abs,2025-03-01,1.2,112.2
abs,2025-04-01,1.2,106.5
abs,2025-05-01,1.2,101.4
abs,2025-06-01,1.2,103.0
abs,2025-07-01,1.2,104.3
abs,2025-08-01,1.2,106.5
abs,2025-09-01,1.2,106.7
abs,2025-10-01,1.2,105.8
abs,2025-11-01,1.2,102.2
abs,2025-12-01,1.2,101.0
abs,2026-01-01,1.2,102.7
abs,2026-02-01,1.2,103.4
abs,2026-03-01,1.2,124.2
abs,2026-04-01,1.2,139.7
abs,2026-05-01,1.2,140.0
abs,2026-06-01,1.2,133.7
abs,2026-07-01,1.2,133.4
growth_yoy,2016-01-01,1.2,-4.856
growth_yoy,2016-02-01,1.2,-11.814
growth_yoy,2016-03-01,1.2,-4.723
growth_yoy,2016-04-01,1.2,-6.071
growth_yoy,2016-05-01,1.2,-3.468
growth_yoy,2016-06-01,1.2,-0.335
growth_yoy,2016-07-01,1.2,-4.22
growth_yoy,2016-08-01,1.2,12.253
growth_yoy,2016-09-01,1.2,12.687
growth_yoy,2016-10-01,1.2,8.382
growth_yoy,2016-11-01,1.2,13.553
growth_yoy,2016-12-01,1.2,40.285
growth_yoy,2017-01-01,1.2,54.897
growth_yoy,2017-02-01,1.2,50.744
growth_yoy,2017-03-01,1.2,27.261
growth_yoy,2017-04-01,1.2,22.195
growth_yoy,2017-05-01,1.2,12.862
growth_yoy,2017-06-01,1.2,2.691
growth_yoy,2017-07-01,1.2,13.464
growth_yoy,2017-08-01,1.2,13.263
growth_yoy,2017-09-01,1.2,13.024
growth_yoy,2017-10-01,1.2,11.278
growth_yoy,2017-11-01,1.2,15.806
growth_yoy,2017-12-01,1.2,-3.786
growth_yoy,2018-01-01,1.2,-3.651
growth_yoy,2018-02-01,1.2,-7.899
growth_yoy,2018-03-01,1.2,-1.363
growth_yoy,2018-04-01,1.2,4.591
growth_yoy,2018-05-01,1.2,12.834
growth_yoy,2018-06-01,1.2,17.795
growth_yoy,2018-07-01,1.2,16.181
growth_yoy,2018-08-01,1.2,10.881
growth_yoy,2018-09-01,1.2,9.961
growth_yoy,2018-10-01,1.2,10.328
growth_yoy,2018-11-01,1.2,-7.614
growth_yoy,2018-12-01,1.2,-11.516
growth_yoy,2019-01-01,1.2,-11.368
growth_yoy,2019-02-01,1.2,-3.606
growth_yoy,2019-03-01,1.2,-3.356
growth_yoy,2019-04-01,1.2,-1.336
growth_yoy,2019-05-01,1.2,-5.732
growth_yoy,2019-06-01,1.2,-8.619
growth_yoy,2019-07-01,1.2,-9.749
growth_yoy,2019-08-01,1.2,-9.813
growth_yoy,2019-09-01,1.2,-10.746
growth_yoy,2019-10-01,1.2,-13.823
growth_yoy,2019-11-01,1.2,7.136
growth_yoy,2019-12-01,1.2,20.282
growth_yoy,2020-01-01,1.2,14.077
growth_yoy,2020-02-01,1.2,1.213
growth_yoy,2020-03-01,1.2,-16.241
growth_yoy,2020-04-01,1.2,-34.333
growth_yoy,2020-05-01,1.2,-32.143
growth_yoy,2020-06-01,1.2,-21.704
growth_yoy,2020-07-01,1.2,-15.021
growth_yoy,2020-08-01,1.2,-9.43
growth_yoy,2020-09-01,1.2,-15.025
growth_yoy,2020-10-01,1.2,-15.127
growth_yoy,2020-11-01,1.2,-13.884
growth_yoy,2020-12-01,1.2,-11.091
growth_yoy,2021-01-01,1.2,-3.382
growth_yoy,2021-02-01,1.2,12.088
growth_yoy,2021-03-01,1.2,39.878
growth_yoy,2021-04-01,1.2,71.723
growth_yoy,2021-05-01,1.2,69.844
growth_yoy,2021-06-01,1.2,50.777
growth_yoy,2021-07-01,1.2,44.915
growth_yoy,2021-08-01,1.2,37.529
growth_yoy,2021-09-01,1.2,41.569
growth_yoy,2021-10-01,1.2,49.043
growth_yoy,2021-11-01,1.2,39.325
growth_yoy,2021-12-01,1.2,24.544
growth_yoy,2022-01-01,1.2,20.908
growth_yoy,2022-02-01,1.2,20.41
growth_yoy,2022-03-01,1.2,27.114
growth_yoy,2022-04-01,1.2,19.897
growth_yoy,2022-05-01,1.2,19.765
growth_yoy,2022-06-01,1.2,19.158
growth_yoy,2022-07-01,1.2,0.418
growth_yoy,2022-08-01,1.2,-1.165
growth_yoy,2022-09-01,1.2,-8.106
growth_yoy,2022-10-01,1.2,-10.754
growth_yoy,2022-11-01,1.2,-10.555
growth_yoy,2022-12-01,1.2,-9.446
growth_yoy,2023-01-01,1.2,-15.18
growth_yoy,2023-02-01,1.2,-20.281
growth_yoy,2023-03-01,1.2,-25.171
growth_yoy,2023-04-01,1.2,-21.316
growth_yoy,2023-05-01,1.2,-24.196
growth_yoy,2023-06-01,1.2,-22.855
growth_yoy,2023-07-01,1.2,-8.735
growth_yoy,2023-08-01,1.2,-5.387
growth_yoy,2023-09-01,1.2,5.851
growth_yoy,2023-10-01,1.2,5.665
growth_yoy,2023-11-01,1.2,-0.087
growth_yoy,2023-12-01,1.2,-0.36
growth_yoy,2024-01-01,1.2,2.122
growth_yoy,2024-02-01,1.2,6.035
growth_yoy,2024-03-01,1.2,8.799
growth_yoy,2024-04-01,1.2,9.0
growth_yoy,2024-05-01,1.2,4.428
growth_yoy,2024-06-01,1.2,3.458
growth_yoy,2024-07-01,1.2,2.279
growth_yoy,2024-08-01,1.2,-4.181
growth_yoy,2024-09-01,1.2,-11.31
growth_yoy,2024-10-01,1.2,-10.468
growth_yoy,2024-11-01,1.2,-2.362
growth_yoy,2024-12-01,1.2,2.437
growth_yoy,2025-01-01,1.2,3.071
growth_yoy,2025-02-01,1.2,0.0
growth_yoy,2025-03-01,1.2,-5.476
growth_yoy,2025-04-01,1.2,-11.176
growth_yoy,2025-05-01,1.2,-10.424
growth_yoy,2025-06-01,1.2,-6.956
growth_yoy,2025-07-01,1.2,-7.041
growth_yoy,2025-08-01,1.2,-1.114
growth_yoy,2025-09-01,1.2,2.301
growth_yoy,2025-10-01,1.2,0.57
growth_yoy,2025-11-01,1.2,-8.423
growth_yoy,2025-12-01,1.2,-11.013
growth_yoy,2026-01-01,1.2,-9.991
growth_yoy,2026-02-01,1.2,-9.457
growth_yoy,2026-03-01,1.2,10.695
growth_yoy,2026-04-01,1.2,31.174
growth_yoy,2026-05-01,1.2,38.067
growth_yoy,2026-06-01,1.2,29.806
growth_yoy,2026-07-01,1.2,27.9
growth_mom,2015-02-01,1.2,9.974
growth_mom,2015-03-01,1.2,1.074
growth_mom,2015-04-01,1.2,3.07
growth_mom,2015-05-01,1.2,2.405
growth_mom,2015-06-01,1.2,0.112
growth_mom,2015-07-01,1.2,-4.693
growth_mom,2015-08-01,1.2,-11.02
growth_mom,2015-09-01,1.2,5.929
growth_mom,2015-10-01,1.2,6.841
growth_mom,2015-11-01,1.2,-4.657
growth_mom,2015-12-01,1.2,-5.739
growth_mom,2016-01-01,1.2,-6.088
growth_mom,2016-02-01,1.2,1.931
growth_mom,2016-03-01,1.2,9.202
growth_mom,2016-04-01,1.2,1.611
growth_mom,2016-05-01,1.2,5.244
growth_mom,2016-06-01,1.2,3.36
growth_mom,2016-07-01,1.2,-8.408
growth_mom,2016-08-01,1.2,4.284
growth_mom,2016-09-01,1.2,6.338
growth_mom,2016-10-01,1.2,2.759
growth_mom,2016-11-01,1.2,-0.107
growth_mom,2016-12-01,1.2,16.452
growth_mom,2017-01-01,1.2,3.693
growth_mom,2017-02-01,1.2,-0.801
growth_mom,2017-03-01,1.2,-7.81
growth_mom,2017-04-01,1.2,-2.434
growth_mom,2017-05-01,1.2,-2.794
growth_mom,2017-06-01,1.2,-5.955
growth_mom,2017-07-01,1.2,1.201
growth_mom,2017-08-01,1.2,4.099
growth_mom,2017-09-01,1.2,6.114
growth_mom,2017-10-01,1.2,1.172
growth_mom,2017-11-01,1.2,3.958
growth_mom,2017-12-01,1.2,-3.25
growth_mom,2018-01-01,1.2,3.839
growth_mom,2018-02-01,1.2,-5.176
growth_mom,2018-03-01,1.2,-1.267
growth_mom,2018-04-01,1.2,3.455
growth_mom,2018-05-01,1.2,4.866
growth_mom,2018-06-01,1.2,-1.82
growth_mom,2018-07-01,1.2,-0.185
growth_mom,2018-08-01,1.2,-0.65
growth_mom,2018-09-01,1.2,5.234
growth_mom,2018-10-01,1.2,1.51
growth_mom,2018-11-01,1.2,-12.948
growth_mom,2018-12-01,1.2,-7.337
growth_mom,2019-01-01,1.2,4.013
growth_mom,2019-02-01,1.2,3.128
growth_mom,2019-03-01,1.2,-1.011
growth_mom,2019-04-01,1.2,5.618
growth_mom,2019-05-01,1.2,0.193
growth_mom,2019-06-01,1.2,-4.826
growth_mom,2019-07-01,1.2,-1.42
growth_mom,2019-08-01,1.2,-0.72
growth_mom,2019-09-01,1.2,4.145
growth_mom,2019-10-01,1.2,-1.99
growth_mom,2019-11-01,1.2,8.223
growth_mom,2019-12-01,1.2,4.034
growth_mom,2020-01-01,1.2,-1.353
growth_mom,2020-02-01,1.2,-8.501
growth_mom,2020-03-01,1.2,-18.082
growth_mom,2020-04-01,1.2,-17.195
growth_mom,2020-05-01,1.2,3.535
growth_mom,2020-06-01,1.2,9.815
growth_mom,2020-07-01,1.2,6.995
growth_mom,2020-08-01,1.2,5.811
growth_mom,2020-09-01,1.2,-2.288
growth_mom,2020-10-01,1.2,-2.108
growth_mom,2020-11-01,1.2,9.809
growth_mom,2020-12-01,1.2,7.407
growth_mom,2021-01-01,1.2,7.201
growth_mom,2021-02-01,1.2,6.149
growth_mom,2021-03-01,1.2,2.228
growth_mom,2021-04-01,1.2,1.656
growth_mom,2021-05-01,1.2,2.401
growth_mom,2021-06-01,1.2,-2.513
growth_mom,2021-07-01,1.2,2.835
growth_mom,2021-08-01,1.2,0.418
growth_mom,2021-09-01,1.2,0.582
growth_mom,2021-10-01,1.2,3.06
growth_mom,2021-11-01,1.2,2.648
growth_mom,2021-12-01,1.2,-3.987
growth_mom,2022-01-01,1.2,4.072
growth_mom,2022-02-01,1.2,5.712
growth_mom,2022-03-01,1.2,7.92
growth_mom,2022-04-01,1.2,-4.115
growth_mom,2022-05-01,1.2,2.289
growth_mom,2022-06-01,1.2,-3.007
growth_mom,2022-07-01,1.2,-13.338
growth_mom,2022-08-01,1.2,-1.165
growth_mom,2022-09-01,1.2,-6.481
growth_mom,2022-10-01,1.2,0.09
growth_mom,2022-11-01,1.2,2.878
growth_mom,2022-12-01,1.2,-2.797
growth_mom,2023-01-01,1.2,-2.518
growth_mom,2023-02-01,1.2,-0.646
growth_mom,2023-03-01,1.2,1.3
growth_mom,2023-04-01,1.2,0.825
growth_mom,2023-05-01,1.2,-1.455
growth_mom,2023-06-01,1.2,-1.292
growth_mom,2023-07-01,1.2,2.523
growth_mom,2023-08-01,1.2,2.461
growth_mom,2023-09-01,1.2,4.626
growth_mom,2023-10-01,1.2,-0.085
growth_mom,2023-11-01,1.2,-2.723
growth_mom,2023-12-01,1.2,-3.062
growth_mom,2024-01-01,1.2,-0.09
growth_mom,2024-02-01,1.2,3.162
growth_mom,2024-03-01,1.2,3.94
growth_mom,2024-04-01,1.2,1.011
growth_mom,2024-05-01,1.2,-5.588
growth_mom,2024-06-01,1.2,-2.208
growth_mom,2024-07-01,1.2,1.355
growth_mom,2024-08-01,1.2,-4.011
growth_mom,2024-09-01,1.2,-3.157
growth_mom,2024-10-01,1.2,0.863
growth_mom,2024-11-01,1.2,6.084
growth_mom,2024-12-01,1.2,1.703
growth_mom,2025-01-01,1.2,0.529
growth_mom,2025-02-01,1.2,0.088
growth_mom,2025-03-01,1.2,-1.751
growth_mom,2025-04-01,1.2,-5.08
growth_mom,2025-05-01,1.2,-4.789
growth_mom,2025-06-01,1.2,1.578
growth_mom,2025-07-01,1.2,1.262
growth_mom,2025-08-01,1.2,2.109
growth_mom,2025-09-01,1.2,0.188
growth_mom,2025-10-01,1.2,-0.843
growth_mom,2025-11-01,1.2,-3.403
growth_mom,2025-12-01,1.2,-1.174
growth_mom,2026-01-01,1.2,1.683
growth_mom,2026-02-01,1.2,0.682
growth_mom,2026-03-01,1.2,20.116
growth_mom,2026-04-01,1.2,12.48
growth_mom,2026-05-01,1.2,0.215
growth_mom,2026-06-01,1.2,-4.5
growth_mom,2026-07-01,1.2,-0.224
abs,2015-01-01,1.2.1,83.4
abs,2015-02-01,1.2.1,83.2
abs,2015-03-01,1.2.1,82.2
abs,2015-04-01,1.2.1,78.4
abs,2015-05-01,1.2.1,77.3
abs,2015-06-01,1.2.1,80.3
abs,2015-07-01,1.2.1,77.6
abs,2015-08-01,1.2.1,69.4
abs,2015-09-01,1.2.1,70.7
abs,2015-10-01,1.2.1,79.3
abs,2015-11-01,1.2.1,76.6
abs,2015-12-01,1.2.1,78.1
abs,2016-01-01,1.2.1,82.6
abs,2016-02-01,1.2.1,89.0
abs,2016-03-01,1.2.1,93.5
abs,2016-04-01,1.2.1,98.1
abs,2016-05-01,1.2.1,97.5
abs,2016-06-01,1.2.1,96.6
abs,2016-07-01,1.2.1,89.6
abs,2016-08-01,1.2.1,99.9
abs,2016-09-01,1.2.1,109.7
abs,2016-10-01,1.2.1,102.4
abs,2016-11-01,1.2.1,111.2
abs,2016-12-01,1.2.1,125.1
abs,2017-01-01,1.2.1,128.1
abs,2017-02-01,1.2.1,124.9
abs,2017-03-01,1.2.1,109.7
abs,2017-04-01,1.2.1,99.9
abs,2017-05-01,1.2.1,102.6
abs,2017-06-01,1.2.1,97.6
abs,2017-07-01,1.2.1,95.5
abs,2017-08-01,1.2.1,98.0
abs,2017-09-01,1.2.1,104.8
abs,2017-10-01,1.2.1,103.3
abs,2017-11-01,1.2.1,101.2
abs,2017-12-01,1.2.1,90.8
abs,2018-01-01,1.2.1,93.4
abs,2018-02-01,1.2.1,91.7
abs,2018-03-01,1.2.1,87.3
abs,2018-04-01,1.2.1,86.4
abs,2018-05-01,1.2.1,85.6
abs,2018-06-01,1.2.1,82.3
abs,2018-07-01,1.2.1,79.3
abs,2018-08-01,1.2.1,79.2
abs,2018-09-01,1.2.1,78.9
abs,2018-10-01,1.2.1,74.4
abs,2018-11-01,1.2.1,66.0
abs,2018-12-01,1.2.1,65.3
abs,2019-01-01,1.2.1,72.4
abs,2019-02-01,1.2.1,72.7
abs,2019-03-01,1.2.1,66.2
abs,2019-04-01,1.2.1,69.4
abs,2019-05-01,1.2.1,67.3
abs,2019-06-01,1.2.1,67.7
abs,2019-07-01,1.2.1,67.7
abs,2019-08-01,1.2.1,74.6
abs,2019-09-01,1.2.1,74.8
abs,2019-10-01,1.2.1,75.0
abs,2019-11-01,1.2.1,89.4
abs,2019-12-01,1.2.1,92.6
abs,2020-01-01,1.2.1,98.0
abs,2020-02-01,1.2.1,88.1
abs,2020-03-01,1.2.1,85.8
abs,2020-04-01,1.2.1,82.7
abs,2020-05-01,1.2.1,74.6
abs,2020-06-01,1.2.1,86.5
abs,2020-07-01,1.2.1,89.4
abs,2020-08-01,1.2.1,99.3
abs,2020-09-01,1.2.1,103.6
abs,2020-10-01,1.2.1,105.6
abs,2020-11-01,1.2.1,124.0
abs,2020-12-01,1.2.1,131.3
abs,2021-01-01,1.2.1,135.9
abs,2021-02-01,1.2.1,139.1
abs,2021-03-01,1.2.1,143.4
abs,2021-04-01,1.2.1,148.2
abs,2021-05-01,1.2.1,152.8
abs,2021-06-01,1.2.1,130.5
abs,2021-07-01,1.2.1,135.0
abs,2021-08-01,1.2.1,139.4
abs,2021-09-01,1.2.1,139.7
abs,2021-10-01,1.2.1,142.0
abs,2021-11-01,1.2.1,153.8
abs,2021-12-01,1.2.1,147.0
abs,2022-01-01,1.2.1,156.6
abs,2022-02-01,1.2.1,172.3
abs,2022-03-01,1.2.1,192.6
abs,2022-04-01,1.2.1,185.1
abs,2022-05-01,1.2.1,186.6
abs,2022-06-01,1.2.1,162.1
abs,2022-07-01,1.2.1,112.3
abs,2022-08-01,1.2.1,116.7
abs,2022-09-01,1.2.1,106.3
abs,2022-10-01,1.2.1,103.3
abs,2022-11-01,1.2.1,111.3
abs,2022-12-01,1.2.1,109.0
abs,2023-01-01,1.2.1,108.3
abs,2023-02-01,1.2.1,108.1
abs,2023-03-01,1.2.1,114.8
abs,2023-04-01,1.2.1,116.1
abs,2023-05-01,1.2.1,113.3
abs,2023-06-01,1.2.1,110.9
abs,2023-07-01,1.2.1,113.5
abs,2023-08-01,1.2.1,112.1
abs,2023-09-01,1.2.1,109.5
abs,2023-10-01,1.2.1,106.6
abs,2023-11-01,1.2.1,109.2
abs,2023-12-01,1.2.1,108.3
abs,2024-01-01,1.2.1,111.4
abs,2024-02-01,1.2.1,115.6
abs,2024-03-01,1.2.1,124.0
abs,2024-04-01,1.2.1,125.8
abs,2024-05-01,1.2.1,116.0
abs,2024-06-01,1.2.1,118.1
abs,2024-07-01,1.2.1,121.4
abs,2024-08-01,1.2.1,118.0
abs,2024-09-01,1.2.1,120.4
abs,2024-10-01,1.2.1,130.8
abs,2024-11-01,1.2.1,148.2
abs,2024-12-01,1.2.1,151.1
abs,2025-01-01,1.2.1,142.1
abs,2025-02-01,1.2.1,144.2
abs,2025-03-01,1.2.1,143.7
abs,2025-04-01,1.2.1,132.5
abs,2025-05-01,1.2.1,120.6
abs,2025-06-01,1.2.1,119.2
abs,2025-07-01,1.2.1,124.5
abs,2025-08-01,1.2.1,130.9
abs,2025-09-01,1.2.1,133.4
abs,2025-10-01,1.2.1,134.2
abs,2025-11-01,1.2.1,124.5
abs,2025-12-01,1.2.1,122.2
abs,2026-01-01,1.2.1,121.8
abs,2026-02-01,1.2.1,123.1
abs,2026-03-01,1.2.1,127.9
abs,2026-04-01,1.2.1,133.8
abs,2026-05-01,1.2.1,133.4
abs,2026-06-01,1.2.1,131.6
abs,2026-07-01,1.2.1,132.1
growth_yoy,2016-01-01,1.2.1,-0.959
growth_yoy,2016-02-01,1.2.1,6.971
growth_yoy,2016-03-01,1.2.1,13.747
growth_yoy,2016-04-01,1.2.1,25.128
growth_yoy,2016-05-01,1.2.1,26.132
growth_yoy,2016-06-01,1.2.1,20.299
growth_yoy,2016-07-01,1.2.1,15.464
growth_yoy,2016-08-01,1.2.1,43.948
growth_yoy,2016-09-01,1.2.1,55.163
growth_yoy,2016-10-01,1.2.1,29.13
growth_yoy,2016-11-01,1.2.1,45.17
growth_yoy,2016-12-01,1.2.1,60.179
growth_yoy,2017-01-01,1.2.1,55.085
growth_yoy,2017-02-01,1.2.1,40.337
growth_yoy,2017-03-01,1.2.1,17.326
growth_yoy,2017-04-01,1.2.1,1.835
growth_yoy,2017-05-01,1.2.1,5.231
growth_yoy,2017-06-01,1.2.1,1.035
growth_yoy,2017-07-01,1.2.1,6.585
growth_yoy,2017-08-01,1.2.1,-1.902
growth_yoy,2017-09-01,1.2.1,-4.467
growth_yoy,2017-10-01,1.2.1,0.879
growth_yoy,2017-11-01,1.2.1,-8.993
growth_yoy,2017-12-01,1.2.1,-27.418
growth_yoy,2018-01-01,1.2.1,-27.088
growth_yoy,2018-02-01,1.2.1,-26.581
growth_yoy,2018-03-01,1.2.1,-20.419
growth_yoy,2018-04-01,1.2.1,-13.514
growth_yoy,2018-05-01,1.2.1,-16.569
growth_yoy,2018-06-01,1.2.1,-15.676
growth_yoy,2018-07-01,1.2.1,-16.963
growth_yoy,2018-08-01,1.2.1,-19.184
growth_yoy,2018-09-01,1.2.1,-24.714
growth_yoy,2018-10-01,1.2.1,-27.977
growth_yoy,2018-11-01,1.2.1,-34.783
growth_yoy,2018-12-01,1.2.1,-28.084
growth_yoy,2019-01-01,1.2.1,-22.484
growth_yoy,2019-02-01,1.2.1,-20.72
growth_yoy,2019-03-01,1.2.1,-24.17
growth_yoy,2019-04-01,1.2.1,-19.676
growth_yoy,2019-05-01,1.2.1,-21.379
growth_yoy,2019-06-01,1.2.1,-17.74
growth_yoy,2019-07-01,1.2.1,-14.628
growth_yoy,2019-08-01,1.2.1,-5.808
growth_yoy,2019-09-01,1.2.1,-5.196
growth_yoy,2019-10-01,1.2.1,0.806
growth_yoy,2019-11-01,1.2.1,35.455
growth_yoy,2019-12-01,1.2.1,41.807
growth_yoy,2020-01-01,1.2.1,35.359
growth_yoy,2020-02-01,1.2.1,21.183
growth_yoy,2020-03-01,1.2.1,29.607
growth_yoy,2020-04-01,1.2.1,19.164
growth_yoy,2020-05-01,1.2.1,10.847
growth_yoy,2020-06-01,1.2.1,27.77
growth_yoy,2020-07-01,1.2.1,32.053
growth_yoy,2020-08-01,1.2.1,33.11
growth_yoy,2020-09-01,1.2.1,38.503
growth_yoy,2020-10-01,1.2.1,40.8
growth_yoy,2020-11-01,1.2.1,38.702
growth_yoy,2020-12-01,1.2.1,41.793
growth_yoy,2021-01-01,1.2.1,38.673
growth_yoy,2021-02-01,1.2.1,57.889
growth_yoy,2021-03-01,1.2.1,67.133
growth_yoy,2021-04-01,1.2.1,79.202
growth_yoy,2021-05-01,1.2.1,104.826
growth_yoy,2021-06-01,1.2.1,50.867
growth_yoy,2021-07-01,1.2.1,51.007
growth_yoy,2021-08-01,1.2.1,40.383
growth_yoy,2021-09-01,1.2.1,34.846
growth_yoy,2021-10-01,1.2.1,34.47
growth_yoy,2021-11-01,1.2.1,24.032
growth_yoy,2021-12-01,1.2.1,11.957
growth_yoy,2022-01-01,1.2.1,15.232
growth_yoy,2022-02-01,1.2.1,23.868
growth_yoy,2022-03-01,1.2.1,34.31
growth_yoy,2022-04-01,1.2.1,24.899
growth_yoy,2022-05-01,1.2.1,22.12
growth_yoy,2022-06-01,1.2.1,24.215
growth_yoy,2022-07-01,1.2.1,-16.815
growth_yoy,2022-08-01,1.2.1,-16.284
growth_yoy,2022-09-01,1.2.1,-23.908
growth_yoy,2022-10-01,1.2.1,-27.254
growth_yoy,2022-11-01,1.2.1,-27.633
growth_yoy,2022-12-01,1.2.1,-25.85
growth_yoy,2023-01-01,1.2.1,-30.843
growth_yoy,2023-02-01,1.2.1,-37.261
growth_yoy,2023-03-01,1.2.1,-40.395
growth_yoy,2023-04-01,1.2.1,-37.277
growth_yoy,2023-05-01,1.2.1,-39.282
growth_yoy,2023-06-01,1.2.1,-31.585
growth_yoy,2023-07-01,1.2.1,1.069
growth_yoy,2023-08-01,1.2.1,-3.942
growth_yoy,2023-09-01,1.2.1,3.01
growth_yoy,2023-10-01,1.2.1,3.195
growth_yoy,2023-11-01,1.2.1,-1.887
growth_yoy,2023-12-01,1.2.1,-0.642
growth_yoy,2024-01-01,1.2.1,2.862
growth_yoy,2024-02-01,1.2.1,6.938
growth_yoy,2024-03-01,1.2.1,8.014
growth_yoy,2024-04-01,1.2.1,8.355
growth_yoy,2024-05-01,1.2.1,2.383
growth_yoy,2024-06-01,1.2.1,6.492
growth_yoy,2024-07-01,1.2.1,6.96
growth_yoy,2024-08-01,1.2.1,5.263
growth_yoy,2024-09-01,1.2.1,9.954
growth_yoy,2024-10-01,1.2.1,22.702
growth_yoy,2024-11-01,1.2.1,35.714
growth_yoy,2024-12-01,1.2.1,39.52
growth_yoy,2025-01-01,1.2.1,27.558
growth_yoy,2025-02-01,1.2.1,24.74
growth_yoy,2025-03-01,1.2.1,15.887
growth_yoy,2025-04-01,1.2.1,5.326
growth_yoy,2025-05-01,1.2.1,3.966
growth_yoy,2025-06-01,1.2.1,0.931
growth_yoy,2025-07-01,1.2.1,2.554
growth_yoy,2025-08-01,1.2.1,10.932
growth_yoy,2025-09-01,1.2.1,10.797
growth_yoy,2025-10-01,1.2.1,2.599
growth_yoy,2025-11-01,1.2.1,-15.992
growth_yoy,2025-12-01,1.2.1,-19.126
growth_yoy,2026-01-01,1.2.1,-14.286
growth_yoy,2026-02-01,1.2.1,-14.632
growth_yoy,2026-03-01,1.2.1,-10.995
growth_yoy,2026-04-01,1.2.1,0.981
growth_yoy,2026-05-01,1.2.1,10.614
growth_yoy,2026-06-01,1.2.1,10.403
growth_yoy,2026-07-01,1.2.1,6.104
growth_mom,2015-02-01,1.2.1,-0.24
growth_mom,2015-03-01,1.2.1,-1.202
growth_mom,2015-04-01,1.2.1,-4.623
growth_mom,2015-05-01,1.2.1,-1.403
growth_mom,2015-06-01,1.2.1,3.881
growth_mom,2015-07-01,1.2.1,-3.362
growth_mom,2015-08-01,1.2.1,-10.567
growth_mom,2015-09-01,1.2.1,1.873
growth_mom,2015-10-01,1.2.1,12.164
growth_mom,2015-11-01,1.2.1,-3.405
growth_mom,2015-12-01,1.2.1,1.958
growth_mom,2016-01-01,1.2.1,5.762
growth_mom,2016-02-01,1.2.1,7.748
growth_mom,2016-03-01,1.2.1,5.056
growth_mom,2016-04-01,1.2.1,4.92
growth_mom,2016-05-01,1.2.1,-0.612
growth_mom,2016-06-01,1.2.1,-0.923
growth_mom,2016-07-01,1.2.1,-7.246
growth_mom,2016-08-01,1.2.1,11.496
growth_mom,2016-09-01,1.2.1,9.81
growth_mom,2016-10-01,1.2.1,-6.655
growth_mom,2016-11-01,1.2.1,8.594
growth_mom,2016-12-01,1.2.1,12.5
growth_mom,2017-01-01,1.2.1,2.398
growth_mom,2017-02-01,1.2.1,-2.498
growth_mom,2017-03-01,1.2.1,-12.17
growth_mom,2017-04-01,1.2.1,-8.933
growth_mom,2017-05-01,1.2.1,2.703
growth_mom,2017-06-01,1.2.1,-4.873
growth_mom,2017-07-01,1.2.1,-2.152
growth_mom,2017-08-01,1.2.1,2.618
growth_mom,2017-09-01,1.2.1,6.939
growth_mom,2017-10-01,1.2.1,-1.431
growth_mom,2017-11-01,1.2.1,-2.033
growth_mom,2017-12-01,1.2.1,-10.277
growth_mom,2018-01-01,1.2.1,2.863
growth_mom,2018-02-01,1.2.1,-1.82
growth_mom,2018-03-01,1.2.1,-4.798
growth_mom,2018-04-01,1.2.1,-1.031
growth_mom,2018-05-01,1.2.1,-0.926
growth_mom,2018-06-01,1.2.1,-3.855
growth_mom,2018-07-01,1.2.1,-3.645
growth_mom,2018-08-01,1.2.1,-0.126
growth_mom,2018-09-01,1.2.1,-0.379
growth_mom,2018-10-01,1.2.1,-5.703
growth_mom,2018-11-01,1.2.1,-11.29
growth_mom,2018-12-01,1.2.1,-1.061
growth_mom,2019-01-01,1.2.1,10.873
growth_mom,2019-02-01,1.2.1,0.414
growth_mom,2019-03-01,1.2.1,-8.941
growth_mom,2019-04-01,1.2.1,4.834
growth_mom,2019-05-01,1.2.1,-3.026
growth_mom,2019-06-01,1.2.1,0.594
growth_mom,2019-07-01,1.2.1,0.0
growth_mom,2019-08-01,1.2.1,10.192
growth_mom,2019-09-01,1.2.1,0.268
growth_mom,2019-10-01,1.2.1,0.267
growth_mom,2019-11-01,1.2.1,19.2
growth_mom,2019-12-01,1.2.1,3.579
growth_mom,2020-01-01,1.2.1,5.832
growth_mom,2020-02-01,1.2.1,-10.102
growth_mom,2020-03-01,1.2.1,-2.611
growth_mom,2020-04-01,1.2.1,-3.613
growth_mom,2020-05-01,1.2.1,-9.794
growth_mom,2020-06-01,1.2.1,15.952
growth_mom,2020-07-01,1.2.1,3.353
growth_mom,2020-08-01,1.2.1,11.074
growth_mom,2020-09-01,1.2.1,4.33
growth_mom,2020-10-01,1.2.1,1.931
growth_mom,2020-11-01,1.2.1,17.424
growth_mom,2020-12-01,1.2.1,5.887
growth_mom,2021-01-01,1.2.1,3.503
growth_mom,2021-02-01,1.2.1,2.355
growth_mom,2021-03-01,1.2.1,3.091
growth_mom,2021-04-01,1.2.1,3.347
growth_mom,2021-05-01,1.2.1,3.104
growth_mom,2021-06-01,1.2.1,-14.594
growth_mom,2021-07-01,1.2.1,3.448
growth_mom,2021-08-01,1.2.1,3.259
growth_mom,2021-09-01,1.2.1,0.215
growth_mom,2021-10-01,1.2.1,1.646
growth_mom,2021-11-01,1.2.1,8.31
growth_mom,2021-12-01,1.2.1,-4.421
growth_mom,2022-01-01,1.2.1,6.531
growth_mom,2022-02-01,1.2.1,10.026
growth_mom,2022-03-01,1.2.1,11.782
growth_mom,2022-04-01,1.2.1,-3.894
growth_mom,2022-05-01,1.2.1,0.81
growth_mom,2022-06-01,1.2.1,-13.13
growth_mom,2022-07-01,1.2.1,-30.722
growth_mom,2022-08-01,1.2.1,3.918
growth_mom,2022-09-01,1.2.1,-8.912
growth_mom,2022-10-01,1.2.1,-2.822
growth_mom,2022-11-01,1.2.1,7.744
growth_mom,2022-12-01,1.2.1,-2.066
growth_mom,2023-01-01,1.2.1,-0.642
growth_mom,2023-02-01,1.2.1,-0.185
growth_mom,2023-03-01,1.2.1,6.198
growth_mom,2023-04-01,1.2.1,1.132
growth_mom,2023-05-01,1.2.1,-2.412
growth_mom,2023-06-01,1.2.1,-2.118
growth_mom,2023-07-01,1.2.1,2.344
growth_mom,2023-08-01,1.2.1,-1.233
growth_mom,2023-09-01,1.2.1,-2.319
growth_mom,2023-10-01,1.2.1,-2.648
growth_mom,2023-11-01,1.2.1,2.439
growth_mom,2023-12-01,1.2.1,-0.824
growth_mom,2024-01-01,1.2.1,2.862
growth_mom,2024-02-01,1.2.1,3.77
growth_mom,2024-03-01,1.2.1,7.266
growth_mom,2024-04-01,1.2.1,1.452
growth_mom,2024-05-01,1.2.1,-7.79
growth_mom,2024-06-01,1.2.1,1.81
growth_mom,2024-07-01,1.2.1,2.794
growth_mom,2024-08-01,1.2.1,-2.801
growth_mom,2024-09-01,1.2.1,2.034
growth_mom,2024-10-01,1.2.1,8.638
growth_mom,2024-11-01,1.2.1,13.303
growth_mom,2024-12-01,1.2.1,1.957
growth_mom,2025-01-01,1.2.1,-5.956
growth_mom,2025-02-01,1.2.1,1.478
growth_mom,2025-03-01,1.2.1,-0.347
growth_mom,2025-04-01,1.2.1,-7.794
growth_mom,2025-05-01,1.2.1,-8.981
growth_mom,2025-06-01,1.2.1,-1.161
growth_mom,2025-07-01,1.2.1,4.446
growth_mom,2025-08-01,1.2.1,5.141
growth_mom,2025-09-01,1.2.1,1.91
growth_mom,2025-10-01,1.2.1,0.6
growth_mom,2025-11-01,1.2.1,-7.228
growth_mom,2025-12-01,1.2.1,-1.847
growth_mom,2026-01-01,1.2.1,-0.327
growth_mom,2026-02-01,1.2.1,1.067
growth_mom,2026-03-01,1.2.1,3.899
growth_mom,2026-04-01,1.2.1,4.613
growth_mom,2026-05-01,1.2.1,-0.299
growth_mom,2026-06-01,1.2.1,-1.349
growth_mom,2026-07-01,1.2.1,0.38
abs,2015-01-01,1.2.2,73.2
abs,2015-02-01,1.2.2,84.0
abs,2015-03-01,1.2.2,85.8
abs,2015-04-01,1.2.2,91.1
abs,2015-05-01,1.2.2,94.5
abs,2015-06-01,1.2.2,93.4
abs,2015-07-01,1.2.2,88.6
abs,2015-08-01,1.2.2,78.6
abs,2015-09-01,1.2.2,84.5
abs,2015-10-01,1.2.2,88.6
abs,2015-11-01,1.2.2,84.1
abs,2015-12-01,1.2.2,76.8
abs,2016-01-01,1.2.2,68.3
abs,2016-02-01,1.2.2,67.5
abs,2016-03-01,1.2.2,75.2
abs,2016-04-01,1.2.2,75.2
abs,2016-05-01,1.2.2,81.6
abs,2016-06-01,1.2.2,86.0
abs,2016-07-01,1.2.2,78.4
abs,2016-08-01,1.2.2,78.9
abs,2016-09-01,1.2.2,82.6
abs,2016-10-01,1.2.2,89.2
abs,2016-11-01,1.2.2,85.3
abs,2016-12-01,1.2.2,101.2
abs,2017-01-01,1.2.2,105.5
abs,2017-02-01,1.2.2,105.7
abs,2017-03-01,1.2.2,99.7
abs,2017-04-01,1.2.2,100.4
abs,2017-05-01,1.2.2,95.1
abs,2017-06-01,1.2.2,89.0
abs,2017-07-01,1.2.2,91.5
abs,2017-08-01,1.2.2,95.8
abs,2017-09-01,1.2.2,101.4
abs,2017-10-01,1.2.2,103.8
abs,2017-11-01,1.2.2,110.4
abs,2017-12-01,1.2.2,109.9
abs,2018-01-01,1.2.2,114.5
abs,2018-02-01,1.2.2,107.0
abs,2018-03-01,1.2.2,107.2
abs,2018-04-01,1.2.2,113.0
abs,2018-05-01,1.2.2,120.8
abs,2018-06-01,1.2.2,119.4
abs,2018-07-01,1.2.2,120.6
abs,2018-08-01,1.2.2,119.6
abs,2018-09-01,1.2.2,128.0
abs,2018-10-01,1.2.2,132.6
abs,2018-11-01,1.2.2,114.9
abs,2018-12-01,1.2.2,104.4
abs,2019-01-01,1.2.2,106.5
abs,2019-02-01,1.2.2,110.7
abs,2019-03-01,1.2.2,112.4
abs,2019-04-01,1.2.2,119.0
abs,2019-05-01,1.2.2,120.3
abs,2019-06-01,1.2.2,112.7
abs,2019-07-01,1.2.2,110.6
abs,2019-08-01,1.2.2,106.4
abs,2019-09-01,1.2.2,112.2
abs,2019-10-01,1.2.2,109.1
abs,2019-11-01,1.2.2,114.0
abs,2019-12-01,1.2.2,118.9
abs,2020-01-01,1.2.2,114.1
abs,2020-02-01,1.2.2,105.1
abs,2020-03-01,1.2.2,79.5
abs,2020-04-01,1.2.2,60.3
abs,2020-05-01,1.2.2,67.7
abs,2020-06-01,1.2.2,72.1
abs,2020-07-01,1.2.2,78.6
abs,2020-08-01,1.2.2,81.0
abs,2020-09-01,1.2.2,75.9
abs,2020-10-01,1.2.2,72.3
abs,2020-11-01,1.2.2,75.6
abs,2020-12-01,1.2.2,82.1
abs,2021-01-01,1.2.2,90.3
abs,2021-02-01,1.2.2,98.5
abs,2021-03-01,1.2.2,100.0
abs,2021-04-01,1.2.2,100.5
abs,2021-05-01,1.2.2,102.3
abs,2021-06-01,1.2.2,108.7
abs,2021-07-01,1.2.2,111.4
abs,2021-08-01,1.2.2,110.0
abs,2021-09-01,1.2.2,111.0
abs,2021-10-01,1.2.2,115.3
abs,2021-11-01,1.2.2,114.5
abs,2021-12-01,1.2.2,110.3
abs,2022-01-01,1.2.2,112.9
abs,2022-02-01,1.2.2,116.1
abs,2022-03-01,1.2.2,122.1
abs,2022-04-01,1.2.2,116.9
abs,2022-05-01,1.2.2,120.8
abs,2022-06-01,1.2.2,126.3
abs,2022-07-01,1.2.2,123.2
abs,2022-08-01,1.2.2,119.0
abs,2022-09-01,1.2.2,112.5
abs,2022-10-01,1.2.2,114.2
abs,2022-11-01,1.2.2,115.1
abs,2022-12-01,1.2.2,111.4
abs,2023-01-01,1.2.2,107.7
abs,2023-02-01,1.2.2,106.6
abs,2023-03-01,1.2.2,105.5
abs,2023-04-01,1.2.2,106.2
abs,2023-05-01,1.2.2,105.2
abs,2023-06-01,1.2.2,104.3
abs,2023-07-01,1.2.2,107.1
abs,2023-08-01,1.2.2,111.6
abs,2023-09-01,1.2.2,120.7
abs,2023-10-01,1.2.2,121.8
abs,2023-11-01,1.2.2,115.9
abs,2023-12-01,1.2.2,111.2
abs,2024-01-01,1.2.2,109.5
abs,2024-02-01,1.2.2,112.6
abs,2024-03-01,1.2.2,115.2
abs,2024-04-01,1.2.2,116.1
abs,2024-05-01,1.2.2,111.0
abs,2024-06-01,1.2.2,106.3
abs,2024-07-01,1.2.2,106.9
abs,2024-08-01,1.2.2,102.0
abs,2024-09-01,1.2.2,95.8
abs,2024-10-01,1.2.2,92.0
abs,2024-11-01,1.2.2,93.1
abs,2024-12-01,1.2.2,94.6
abs,2025-01-01,1.2.2,99.8
abs,2025-02-01,1.2.2,98.8
abs,2025-03-01,1.2.2,96.2
abs,2025-04-01,1.2.2,93.2
abs,2025-05-01,1.2.2,91.3
abs,2025-06-01,1.2.2,94.4
abs,2025-07-01,1.2.2,93.8
abs,2025-08-01,1.2.2,93.9
abs,2025-09-01,1.2.2,93.1
abs,2025-10-01,1.2.2,91.3
abs,2025-11-01,1.2.2,90.7
abs,2025-12-01,1.2.2,90.0
abs,2026-01-01,1.2.2,92.7
abs,2026-02-01,1.2.2,93.1
abs,2026-03-01,1.2.2,121.5
abs,2026-04-01,1.2.2,141.5
abs,2026-05-01,1.2.2,142.1
abs,2026-06-01,1.2.2,133.7
abs,2026-07-01,1.2.2,133.0
growth_yoy,2016-01-01,1.2.2,-6.694
growth_yoy,2016-02-01,1.2.2,-19.643
growth_yoy,2016-03-01,1.2.2,-12.354
growth_yoy,2016-04-01,1.2.2,-17.453
growth_yoy,2016-05-01,1.2.2,-13.651
growth_yoy,2016-06-01,1.2.2,-7.923
growth_yoy,2016-07-01,1.2.2,-11.512
growth_yoy,2016-08-01,1.2.2,0.382
growth_yoy,2016-09-01,1.2.2,-2.249
growth_yoy,2016-10-01,1.2.2,0.677
growth_yoy,2016-11-01,1.2.2,1.427
growth_yoy,2016-12-01,1.2.2,31.771
growth_yoy,2017-01-01,1.2.2,54.466
growth_yoy,2017-02-01,1.2.2,56.593
growth_yoy,2017-03-01,1.2.2,32.58
growth_yoy,2017-04-01,1.2.2,33.511
growth_yoy,2017-05-01,1.2.2,16.544
growth_yoy,2017-06-01,1.2.2,3.488
growth_yoy,2017-07-01,1.2.2,16.709
growth_yoy,2017-08-01,1.2.2,21.42
growth_yoy,2017-09-01,1.2.2,22.76
growth_yoy,2017-10-01,1.2.2,16.368
growth_yoy,2017-11-01,1.2.2,29.426
growth_yoy,2017-12-01,1.2.2,8.597
growth_yoy,2018-01-01,1.2.2,8.531
growth_yoy,2018-02-01,1.2.2,1.23
growth_yoy,2018-03-01,1.2.2,7.523
growth_yoy,2018-04-01,1.2.2,12.55
growth_yoy,2018-05-01,1.2.2,27.024
growth_yoy,2018-06-01,1.2.2,34.157
growth_yoy,2018-07-01,1.2.2,31.803
growth_yoy,2018-08-01,1.2.2,24.843
growth_yoy,2018-09-01,1.2.2,26.233
growth_yoy,2018-10-01,1.2.2,27.746
growth_yoy,2018-11-01,1.2.2,4.076
growth_yoy,2018-12-01,1.2.2,-5.005
growth_yoy,2019-01-01,1.2.2,-6.987
growth_yoy,2019-02-01,1.2.2,3.458
growth_yoy,2019-03-01,1.2.2,4.851
growth_yoy,2019-04-01,1.2.2,5.31
growth_yoy,2019-05-01,1.2.2,-0.414
growth_yoy,2019-06-01,1.2.2,-5.611
growth_yoy,2019-07-01,1.2.2,-8.292
growth_yoy,2019-08-01,1.2.2,-11.037
growth_yoy,2019-09-01,1.2.2,-12.344
growth_yoy,2019-10-01,1.2.2,-17.722
growth_yoy,2019-11-01,1.2.2,-0.783
growth_yoy,2019-12-01,1.2.2,13.889
growth_yoy,2020-01-01,1.2.2,7.136
growth_yoy,2020-02-01,1.2.2,-5.059
growth_yoy,2020-03-01,1.2.2,-29.27
growth_yoy,2020-04-01,1.2.2,-49.328
growth_yoy,2020-05-01,1.2.2,-43.724
growth_yoy,2020-06-01,1.2.2,-36.025
growth_yoy,2020-07-01,1.2.2,-28.933
growth_yoy,2020-08-01,1.2.2,-23.872
growth_yoy,2020-09-01,1.2.2,-32.353
growth_yoy,2020-10-01,1.2.2,-33.731
growth_yoy,2020-11-01,1.2.2,-33.684
growth_yoy,2020-12-01,1.2.2,-30.95
growth_yoy,2021-01-01,1.2.2,-20.859
growth_yoy,2021-02-01,1.2.2,-6.28
growth_yoy,2021-03-01,1.2.2,25.786
growth_yoy,2021-04-01,1.2.2,66.667
growth_yoy,2021-05-01,1.2.2,51.108
growth_yoy,2021-06-01,1.2.2,50.763
growth_yoy,2021-07-01,1.2.2,41.73
growth_yoy,2021-08-01,1.2.2,35.802
growth_yoy,2021-09-01,1.2.2,46.245
growth_yoy,2021-10-01,1.2.2,59.474
growth_yoy,2021-11-01,1.2.2,51.455
growth_yoy,2021-12-01,1.2.2,34.348
growth_yoy,2022-01-01,1.2.2,25.028
growth_yoy,2022-02-01,1.2.2,17.868
growth_yoy,2022-03-01,1.2.2,22.1
growth_yoy,2022-04-01,1.2.2,16.318
growth_yoy,2022-05-01,1.2.2,18.084
growth_yoy,2022-06-01,1.2.2,16.191
growth_yoy,2022-07-01,1.2.2,10.592
growth_yoy,2022-08-01,1.2.2,8.182
growth_yoy,2022-09-01,1.2.2,1.351
growth_yoy,2022-10-01,1.2.2,-0.954
growth_yoy,2022-11-01,1.2.2,0.524
growth_yoy,2022-12-01,1.2.2,0.997
growth_yoy,2023-01-01,1.2.2,-4.606
growth_yoy,2023-02-01,1.2.2,-8.183
growth_yoy,2023-03-01,1.2.2,-13.595
growth_yoy,2023-04-01,1.2.2,-9.153
growth_yoy,2023-05-01,1.2.2,-12.914
growth_yoy,2023-06-01,1.2.2,-17.419
growth_yoy,2023-07-01,1.2.2,-13.068
growth_yoy,2023-08-01,1.2.2,-6.218
growth_yoy,2023-09-01,1.2.2,7.289
growth_yoy,2023-10-01,1.2.2,6.655
growth_yoy,2023-11-01,1.2.2,0.695
growth_yoy,2023-12-01,1.2.2,-0.18
growth_yoy,2024-01-01,1.2.2,1.671
growth_yoy,2024-02-01,1.2.2,5.629
growth_yoy,2024-03-01,1.2.2,9.194
growth_yoy,2024-04-01,1.2.2,9.322
growth_yoy,2024-05-01,1.2.2,5.513
growth_yoy,2024-06-01,1.2.2,1.918
growth_yoy,2024-07-01,1.2.2,-0.187
growth_yoy,2024-08-01,1.2.2,-8.602
growth_yoy,2024-09-01,1.2.2,-20.63
growth_yoy,2024-10-01,1.2.2,-24.466
growth_yoy,2024-11-01,1.2.2,-19.672
growth_yoy,2024-12-01,1.2.2,-14.928
growth_yoy,2025-01-01,1.2.2,-8.858
growth_yoy,2025-02-01,1.2.2,-12.256
growth_yoy,2025-03-01,1.2.2,-16.493
growth_yoy,2025-04-01,1.2.2,-19.724
growth_yoy,2025-05-01,1.2.2,-17.748
growth_yoy,2025-06-01,1.2.2,-11.195
growth_yoy,2025-07-01,1.2.2,-12.254
growth_yoy,2025-08-01,1.2.2,-7.941
growth_yoy,2025-09-01,1.2.2,-2.818
growth_yoy,2025-10-01,1.2.2,-0.761
growth_yoy,2025-11-01,1.2.2,-2.578
growth_yoy,2025-12-01,1.2.2,-4.863
growth_yoy,2026-01-01,1.2.2,-7.114
growth_yoy,2026-02-01,1.2.2,-5.769
growth_yoy,2026-03-01,1.2.2,26.299
growth_yoy,2026-04-01,1.2.2,51.824
growth_yoy,2026-05-01,1.2.2,55.641
growth_yoy,2026-06-01,1.2.2,41.631
growth_yoy,2026-07-01,1.2.2,41.791
growth_mom,2015-02-01,1.2.2,14.754
growth_mom,2015-03-01,1.2.2,2.143
growth_mom,2015-04-01,1.2.2,6.177
growth_mom,2015-05-01,1.2.2,3.732
growth_mom,2015-06-01,1.2.2,-1.164
growth_mom,2015-07-01,1.2.2,-5.139
growth_mom,2015-08-01,1.2.2,-11.287
growth_mom,2015-09-01,1.2.2,7.506
growth_mom,2015-10-01,1.2.2,4.852
growth_mom,2015-11-01,1.2.2,-5.079
growth_mom,2015-12-01,1.2.2,-8.68
growth_mom,2016-01-01,1.2.2,-11.068
growth_mom,2016-02-01,1.2.2,-1.171
growth_mom,2016-03-01,1.2.2,11.407
growth_mom,2016-04-01,1.2.2,0.0
growth_mom,2016-05-01,1.2.2,8.511
growth_mom,2016-06-01,1.2.2,5.392
growth_mom,2016-07-01,1.2.2,-8.837
growth_mom,2016-08-01,1.2.2,0.638
growth_mom,2016-09-01,1.2.2,4.689
growth_mom,2016-10-01,1.2.2,7.99
growth_mom,2016-11-01,1.2.2,-4.372
growth_mom,2016-12-01,1.2.2,18.64
growth_mom,2017-01-01,1.2.2,4.249
growth_mom,2017-02-01,1.2.2,0.19
growth_mom,2017-03-01,1.2.2,-5.676
growth_mom,2017-04-01,1.2.2,0.702
growth_mom,2017-05-01,1.2.2,-5.279
growth_mom,2017-06-01,1.2.2,-6.414
growth_mom,2017-07-01,1.2.2,2.809
growth_mom,2017-08-01,1.2.2,4.699
growth_mom,2017-09-01,1.2.2,5.846
growth_mom,2017-10-01,1.2.2,2.367
growth_mom,2017-11-01,1.2.2,6.358
growth_mom,2017-12-01,1.2.2,-0.453
growth_mom,2018-01-01,1.2.2,4.186
growth_mom,2018-02-01,1.2.2,-6.55
growth_mom,2018-03-01,1.2.2,0.187
growth_mom,2018-04-01,1.2.2,5.41
growth_mom,2018-05-01,1.2.2,6.903
growth_mom,2018-06-01,1.2.2,-1.159
growth_mom,2018-07-01,1.2.2,1.005
growth_mom,2018-08-01,1.2.2,-0.829
growth_mom,2018-09-01,1.2.2,7.023
growth_mom,2018-10-01,1.2.2,3.594
growth_mom,2018-11-01,1.2.2,-13.348
growth_mom,2018-12-01,1.2.2,-9.138
growth_mom,2019-01-01,1.2.2,2.011
growth_mom,2019-02-01,1.2.2,3.944
growth_mom,2019-03-01,1.2.2,1.536
growth_mom,2019-04-01,1.2.2,5.872
growth_mom,2019-05-01,1.2.2,1.092
growth_mom,2019-06-01,1.2.2,-6.318
growth_mom,2019-07-01,1.2.2,-1.863
growth_mom,2019-08-01,1.2.2,-3.797
growth_mom,2019-09-01,1.2.2,5.451
growth_mom,2019-10-01,1.2.2,-2.763
growth_mom,2019-11-01,1.2.2,4.491
growth_mom,2019-12-01,1.2.2,4.298
growth_mom,2020-01-01,1.2.2,-4.037
growth_mom,2020-02-01,1.2.2,-7.888
growth_mom,2020-03-01,1.2.2,-24.358
growth_mom,2020-04-01,1.2.2,-24.151
growth_mom,2020-05-01,1.2.2,12.272
growth_mom,2020-06-01,1.2.2,6.499
growth_mom,2020-07-01,1.2.2,9.015
growth_mom,2020-08-01,1.2.2,3.053
growth_mom,2020-09-01,1.2.2,-6.296
growth_mom,2020-10-01,1.2.2,-4.743
growth_mom,2020-11-01,1.2.2,4.564
growth_mom,2020-12-01,1.2.2,8.598
growth_mom,2021-01-01,1.2.2,9.988
growth_mom,2021-02-01,1.2.2,9.081
growth_mom,2021-03-01,1.2.2,1.523
growth_mom,2021-04-01,1.2.2,0.5
growth_mom,2021-05-01,1.2.2,1.791
growth_mom,2021-06-01,1.2.2,6.256
growth_mom,2021-07-01,1.2.2,2.484
growth_mom,2021-08-01,1.2.2,-1.257
growth_mom,2021-09-01,1.2.2,0.909
growth_mom,2021-10-01,1.2.2,3.874
growth_mom,2021-11-01,1.2.2,-0.694
growth_mom,2021-12-01,1.2.2,-3.668
growth_mom,2022-01-01,1.2.2,2.357
growth_mom,2022-02-01,1.2.2,2.834
growth_mom,2022-03-01,1.2.2,5.168
growth_mom,2022-04-01,1.2.2,-4.259
growth_mom,2022-05-01,1.2.2,3.336
growth_mom,2022-06-01,1.2.2,4.553
growth_mom,2022-07-01,1.2.2,-2.454
growth_mom,2022-08-01,1.2.2,-3.409
growth_mom,2022-09-01,1.2.2,-5.462
growth_mom,2022-10-01,1.2.2,1.511
growth_mom,2022-11-01,1.2.2,0.788
growth_mom,2022-12-01,1.2.2,-3.215
growth_mom,2023-01-01,1.2.2,-3.321
growth_mom,2023-02-01,1.2.2,-1.021
growth_mom,2023-03-01,1.2.2,-1.032
growth_mom,2023-04-01,1.2.2,0.664
growth_mom,2023-05-01,1.2.2,-0.942
growth_mom,2023-06-01,1.2.2,-0.856
growth_mom,2023-07-01,1.2.2,2.685
growth_mom,2023-08-01,1.2.2,4.202
growth_mom,2023-09-01,1.2.2,8.154
growth_mom,2023-10-01,1.2.2,0.911
growth_mom,2023-11-01,1.2.2,-4.844
growth_mom,2023-12-01,1.2.2,-4.055
growth_mom,2024-01-01,1.2.2,-1.529
growth_mom,2024-02-01,1.2.2,2.831
growth_mom,2024-03-01,1.2.2,2.309
growth_mom,2024-04-01,1.2.2,0.781
growth_mom,2024-05-01,1.2.2,-4.393
growth_mom,2024-06-01,1.2.2,-4.234
growth_mom,2024-07-01,1.2.2,0.564
growth_mom,2024-08-01,1.2.2,-4.584
growth_mom,2024-09-01,1.2.2,-6.078
growth_mom,2024-10-01,1.2.2,-3.967
growth_mom,2024-11-01,1.2.2,1.196
growth_mom,2024-12-01,1.2.2,1.611
growth_mom,2025-01-01,1.2.2,5.497
growth_mom,2025-02-01,1.2.2,-1.002
growth_mom,2025-03-01,1.2.2,-2.632
growth_mom,2025-04-01,1.2.2,-3.119
growth_mom,2025-05-01,1.2.2,-2.039
growth_mom,2025-06-01,1.2.2,3.395
growth_mom,2025-07-01,1.2.2,-0.636
growth_mom,2025-08-01,1.2.2,0.107
growth_mom,2025-09-01,1.2.2,-0.852
growth_mom,2025-10-01,1.2.2,-1.933
growth_mom,2025-11-01,1.2.2,-0.657
growth_mom,2025-12-01,1.2.2,-0.772
growth_mom,2026-01-01,1.2.2,3.0
growth_mom,2026-02-01,1.2.2,0.431
growth_mom,2026-03-01,1.2.2,30.505
growth_mom,2026-04-01,1.2.2,16.461
growth_mom,2026-05-01,1.2.2,0.424
growth_mom,2026-06-01,1.2.2,-5.911
growth_mom,2026-07-01,1.2.2,-0.524
abs,2010-01-01,2,97.6
abs,2010-02-01,2,98.3
abs,2010-03-01,2,99.8
abs,2010-04-01,2,98.8
abs,2010-05-01,2,99.6
abs,2010-06-01,2,99.5
abs,2010-07-01,2,98.8
abs,2010-08-01,2,99.4
abs,2010-09-01,2,98.2
abs,2010-10-01,2,100.3
abs,2010-11-01,2,103.2
abs,2010-12-01,2,106.4
abs,2011-01-01,2,108.7
abs,2011-02-01,2,109.5
abs,2011-03-01,2,111.9
abs,2011-04-01,2,113.2
abs,2011-05-01,2,114.3
abs,2011-06-01,2,115.2
abs,2011-07-01,2,115.2
abs,2011-08-01,2,117.1
abs,2011-09-01,2,115.9
abs,2011-10-01,2,115.3
abs,2011-11-01,2,113.7
abs,2011-12-01,2,115.8
abs,2012-01-01,2,115.0
abs,2012-02-01,2,115.6
abs,2012-03-01,2,116.3
abs,2012-04-01,2,117.1
abs,2012-05-01,2,117.5
abs,2012-06-01,2,115.5
abs,2012-07-01,2,115.7
abs,2012-08-01,2,115.7
abs,2012-09-01,2,112.6
abs,2012-10-01,2,110.4
abs,2012-11-01,2,108.2
abs,2012-12-01,2,106.7
abs,2013-01-01,2,108.9
abs,2013-02-01,2,110.2
abs,2013-03-01,2,109.7
abs,2013-04-01,2,109.5
abs,2013-05-01,2,108.5
abs,2013-06-01,2,109.6
abs,2013-07-01,2,109.3
abs,2013-08-01,2,109.1
abs,2013-09-01,2,109.3
abs,2013-10-01,2,110.4
abs,2013-11-01,2,111.0
abs,2013-12-01,2,113.7
abs,2014-01-01,2,113.6
abs,2014-02-01,2,115.4
abs,2014-03-01,2,116.2
abs,2014-04-01,2,115.7
abs,2014-05-01,2,113.9
abs,2014-06-01,2,112.9
abs,2014-07-01,2,113.4
abs,2014-08-01,2,112.6
abs,2014-09-01,2,113.4
abs,2014-10-01,2,112.1
abs,2014-11-01,2,112.8
abs,2014-12-01,2,110.9
abs,2015-01-01,2,112.4
abs,2015-02-01,2,111.1
abs,2015-03-01,2,109.2
abs,2015-04-01,2,107.1
abs,2015-05-01,2,103.9
abs,2015-06-01,2,102.9
abs,2015-07-01,2,104.0
abs,2015-08-01,2,105.2
abs,2015-09-01,2,106.1
abs,2015-10-01,2,106.2
abs,2015-11-01,2,105.6
abs,2015-12-01,2,105.5
abs,2016-01-01,2,104.3
abs,2016-02-01,2,104.1
abs,2016-03-01,2,102.4
abs,2016-04-01,2,103.0
abs,2016-05-01,2,100.4
abs,2016-06-01,2,100.1
abs,2016-07-01,2,100.5
abs,2016-08-01,2,101.8
abs,2016-09-01,2,103.3
abs,2016-10-01,2,104.1
abs,2016-11-01,2,106.2
abs,2016-12-01,2,108.3
abs,2017-01-01,2,110.6
abs,2017-02-01,2,112.0
abs,2017-03-01,2,111.2
abs,2017-04-01,2,110.1
abs,2017-05-01,2,110.5
abs,2017-06-01,2,110.0
abs,2017-07-01,2,109.1
abs,2017-08-01,2,109.6
abs,2017-09-01,2,110.1
abs,2017-10-01,2,109.2
abs,2017-11-01,2,109.2
abs,2017-12-01,2,109.3
abs,2018-01-01,2,108.9
abs,2018-02-01,2,108.7
abs,2018-03-01,2,108.1
abs,2018-04-01,2,108.3
abs,2018-05-01,2,107.5
abs,2018-06-01,2,107.3
abs,2018-07-01,2,107.8
abs,2018-08-01,2,108.1
abs,2018-09-01,2,108.4
abs,2018-10-01,2,108.3
abs,2018-11-01,2,107.6
abs,2018-12-01,2,106.8
abs,2019-01-01,2,106.5
abs,2019-02-01,2,106.6
abs,2019-03-01,2,106.7
abs,2019-04-01,2,106.4
abs,2019-05-01,2,106.6
abs,2019-06-01,2,105.8
abs,2019-07-01,2,105.9
abs,2019-08-01,2,106.3
abs,2019-09-01,2,106.4
abs,2019-10-01,2,106.8
abs,2019-11-01,2,107.2
abs,2019-12-01,2,107.2
abs,2020-01-01,2,107.6
abs,2020-02-01,2,108.2
abs,2020-03-01,2,107.6
abs,2020-04-01,2,106.8
abs,2020-05-01,2,105.6
abs,2020-06-01,2,104.7
abs,2020-07-01,2,103.9
abs,2020-08-01,2,104.2
abs,2020-09-01,2,104.3
abs,2020-10-01,2,105.1
abs,2020-11-01,2,106.1
abs,2020-12-01,2,107.5
abs,2021-01-01,2,108.8
abs,2021-02-01,2,109.8
abs,2021-03-01,2,110.6
abs,2021-04-01,2,111.9
abs,2021-05-01,2,112.9
abs,2021-06-01,2,114.1
abs,2021-07-01,2,114.8
abs,2021-08-01,2,115.9
abs,2021-09-01,2,116.4
abs,2021-10-01,2,117.4
abs,2021-11-01,2,118.9
abs,2021-12-01,2,119.2
abs,2022-01-01,2,120.5
abs,2022-02-01,2,122.3
abs,2022-03-01,2,124.4
abs,2022-04-01,2,126.6
abs,2022-05-01,2,128.1
abs,2022-06-01,2,128.9
abs,2022-07-01,2,129.1
abs,2022-08-01,2,129.0
abs,2022-09-01,2,128.0
abs,2022-10-01,2,128.1
abs,2022-11-01,2,128.0
abs,2022-12-01,2,127.8
abs,2023-01-01,2,126.6
abs,2023-02-01,2,126.3
abs,2023-03-01,2,126.3
abs,2023-04-01,2,126.5
abs,2023-05-01,2,126.0
abs,2023-06-01,2,125.3
abs,2023-07-01,2,124.8
abs,2023-08-01,2,124.2
abs,2023-09-01,2,124.5
abs,2023-10-01,2,124.3
abs,2023-11-01,2,123.7
abs,2023-12-01,2,124.0
abs,2024-01-01,2,124.1
abs,2024-02-01,2,124.2
abs,2024-03-01,2,125.8
abs,2024-04-01,2,126.4
abs,2024-05-01,2,125.9
abs,2024-06-01,2,126.2
abs,2024-07-01,2,125.5
abs,2024-08-01,2,124.5
abs,2024-09-01,2,123.1
abs,2024-10-01,2,122.0
abs,2024-11-01,2,123.4
abs,2024-12-01,2,124.1
abs,2025-01-01,2,124.3
abs,2025-02-01,2,124.2
abs,2025-03-01,2,123.9
abs,2025-04-01,2,123.6
abs,2025-05-01,2,122.9
abs,2025-06-01,2,120.7
abs,2025-07-01,2,120.8
abs,2025-08-01,2,120.6
abs,2025-09-01,2,121.6
abs,2025-10-01,2,121.8
abs,2025-11-01,2,122.1
abs,2025-12-01,2,122.1
abs,2026-01-01,2,121.5
abs,2026-02-01,2,120.3
abs,2026-03-01,2,122.3
abs,2026-04-01,2,124.6
abs,2026-05-01,2,126.6
abs,2026-06-01,2,129.6
abs,2026-07-01,2,131.0
growth_yoy,2011-01-01,2,11.373
growth_yoy,2011-02-01,2,11.394
growth_yoy,2011-03-01,2,12.124
growth_yoy,2011-04-01,2,14.575
growth_yoy,2011-05-01,2,14.759
growth_yoy,2011-06-01,2,15.779
growth_yoy,2011-07-01,2,16.599
growth_yoy,2011-08-01,2,17.807
growth_yoy,2011-09-01,2,18.024
growth_yoy,2011-10-01,2,14.955
growth_yoy,2011-11-01,2,10.174
growth_yoy,2011-12-01,2,8.835
growth_yoy,2012-01-01,2,5.796
growth_yoy,2012-02-01,2,5.571
growth_yoy,2012-03-01,2,3.932
growth_yoy,2012-04-01,2,3.445
growth_yoy,2012-05-01,2,2.8
growth_yoy,2012-06-01,2,0.26
growth_yoy,2012-07-01,2,0.434
growth_yoy,2012-08-01,2,-1.196
growth_yoy,2012-09-01,2,-2.847
growth_yoy,2012-10-01,2,-4.25
growth_yoy,2012-11-01,2,-4.837
growth_yoy,2012-12-01,2,-7.858
growth_yoy,2013-01-01,2,-5.304
growth_yoy,2013-02-01,2,-4.671
growth_yoy,2013-03-01,2,-5.675
growth_yoy,2013-04-01,2,-6.49
growth_yoy,2013-05-01,2,-7.66
growth_yoy,2013-06-01,2,-5.108
growth_yoy,2013-07-01,2,-5.532
growth_yoy,2013-08-01,2,-5.704
growth_yoy,2013-09-01,2,-2.931
growth_yoy,2013-10-01,2,0.0
growth_yoy,2013-11-01,2,2.588
growth_yoy,2013-12-01,2,6.56
growth_yoy,2014-01-01,2,4.316
growth_yoy,2014-02-01,2,4.719
growth_yoy,2014-03-01,2,5.925
growth_yoy,2014-04-01,2,5.662
growth_yoy,2014-05-01,2,4.977
growth_yoy,2014-06-01,2,3.011
growth_yoy,2014-07-01,2,3.751
growth_yoy,2014-08-01,2,3.208
growth_yoy,2014-09-01,2,3.751
growth_yoy,2014-10-01,2,1.54
growth_yoy,2014-11-01,2,1.622
growth_yoy,2014-12-01,2,-2.463
growth_yoy,2015-01-01,2,-1.056
growth_yoy,2015-02-01,2,-3.726
growth_yoy,2015-03-01,2,-6.024
growth_yoy,2015-04-01,2,-7.433
growth_yoy,2015-05-01,2,-8.78
growth_yoy,2015-06-01,2,-8.857
growth_yoy,2015-07-01,2,-8.289
growth_yoy,2015-08-01,2,-6.572
growth_yoy,2015-09-01,2,-6.437
growth_yoy,2015-10-01,2,-5.263
growth_yoy,2015-11-01,2,-6.383
growth_yoy,2015-12-01,2,-4.869
growth_yoy,2016-01-01,2,-7.206
growth_yoy,2016-02-01,2,-6.301
growth_yoy,2016-03-01,2,-6.227
growth_yoy,2016-04-01,2,-3.828
growth_yoy,2016-05-01,2,-3.369
growth_yoy,2016-06-01,2,-2.721
growth_yoy,2016-07-01,2,-3.365
growth_yoy,2016-08-01,2,-3.232
growth_yoy,2016-09-01,2,-2.639
growth_yoy,2016-10-01,2,-1.977
growth_yoy,2016-11-01,2,0.568
growth_yoy,2016-12-01,2,2.654
growth_yoy,2017-01-01,2,6.04
growth_yoy,2017-02-01,2,7.589
growth_yoy,2017-03-01,2,8.594
growth_yoy,2017-04-01,2,6.893
growth_yoy,2017-05-01,2,10.06
growth_yoy,2017-06-01,2,9.89
growth_yoy,2017-07-01,2,8.557
growth_yoy,2017-08-01,2,7.662
growth_yoy,2017-09-01,2,6.583
growth_yoy,2017-10-01,2,4.899
growth_yoy,2017-11-01,2,2.825
growth_yoy,2017-12-01,2,0.923
growth_yoy,2018-01-01,2,-1.537
growth_yoy,2018-02-01,2,-2.946
growth_yoy,2018-03-01,2,-2.788
growth_yoy,2018-04-01,2,-1.635
growth_yoy,2018-05-01,2,-2.715
growth_yoy,2018-06-01,2,-2.455
growth_yoy,2018-07-01,2,-1.192
growth_yoy,2018-08-01,2,-1.369
growth_yoy,2018-09-01,2,-1.544
growth_yoy,2018-10-01,2,-0.824
growth_yoy,2018-11-01,2,-1.465
growth_yoy,2018-12-01,2,-2.287
growth_yoy,2019-01-01,2,-2.204
growth_yoy,2019-02-01,2,-1.932
growth_yoy,2019-03-01,2,-1.295
growth_yoy,2019-04-01,2,-1.754
growth_yoy,2019-05-01,2,-0.837
growth_yoy,2019-06-01,2,-1.398
growth_yoy,2019-07-01,2,-1.763
growth_yoy,2019-08-01,2,-1.665
growth_yoy,2019-09-01,2,-1.845
growth_yoy,2019-10-01,2,-1.385
growth_yoy,2019-11-01,2,-0.372
growth_yoy,2019-12-01,2,0.375
growth_yoy,2020-01-01,2,1.033
growth_yoy,2020-02-01,2,1.501
growth_yoy,2020-03-01,2,0.843
growth_yoy,2020-04-01,2,0.376
growth_yoy,2020-05-01,2,-0.938
growth_yoy,2020-06-01,2,-1.04
growth_yoy,2020-07-01,2,-1.889
growth_yoy,2020-08-01,2,-1.976
growth_yoy,2020-09-01,2,-1.974
growth_yoy,2020-10-01,2,-1.592
growth_yoy,2020-11-01,2,-1.026
growth_yoy,2020-12-01,2,0.28
growth_yoy,2021-01-01,2,1.115
growth_yoy,2021-02-01,2,1.479
growth_yoy,2021-03-01,2,2.788
growth_yoy,2021-04-01,2,4.775
growth_yoy,2021-05-01,2,6.913
growth_yoy,2021-06-01,2,8.978
growth_yoy,2021-07-01,2,10.491
growth_yoy,2021-08-01,2,11.228
growth_yoy,2021-09-01,2,11.601
growth_yoy,2021-10-01,2,11.703
growth_yoy,2021-11-01,2,12.064
growth_yoy,2021-12-01,2,10.884
growth_yoy,2022-01-01,2,10.754
growth_yoy,2022-02-01,2,11.384
growth_yoy,2022-03-01,2,12.477
growth_yoy,2022-04-01,2,13.137
growth_yoy,2022-05-01,2,13.463
growth_yoy,2022-06-01,2,12.971
growth_yoy,2022-07-01,2,12.456
growth_yoy,2022-08-01,2,11.303
growth_yoy,2022-09-01,2,9.966
growth_yoy,2022-10-01,2,9.114
growth_yoy,2022-11-01,2,7.653
growth_yoy,2022-12-01,2,7.215
growth_yoy,2023-01-01,2,5.062
growth_yoy,2023-02-01,2,3.271
growth_yoy,2023-03-01,2,1.527
growth_yoy,2023-04-01,2,-0.079
growth_yoy,2023-05-01,2,-1.639
growth_yoy,2023-06-01,2,-2.793
growth_yoy,2023-07-01,2,-3.331
growth_yoy,2023-08-01,2,-3.721
growth_yoy,2023-09-01,2,-2.734
growth_yoy,2023-10-01,2,-2.966
growth_yoy,2023-11-01,2,-3.359
growth_yoy,2023-12-01,2,-2.973
growth_yoy,2024-01-01,2,-1.975
growth_yoy,2024-02-01,2,-1.663
growth_yoy,2024-03-01,2,-0.396
growth_yoy,2024-04-01,2,-0.079
growth_yoy,2024-05-01,2,-0.079
growth_yoy,2024-06-01,2,0.718
growth_yoy,2024-07-01,2,0.561
growth_yoy,2024-08-01,2,0.242
growth_yoy,2024-09-01,2,-1.124
growth_yoy,2024-10-01,2,-1.85
growth_yoy,2024-11-01,2,-0.243
growth_yoy,2024-12-01,2,0.081
growth_yoy,2025-01-01,2,0.161
growth_yoy,2025-02-01,2,0.0
growth_yoy,2025-03-01,2,-1.51
growth_yoy,2025-04-01,2,-2.215
growth_yoy,2025-05-01,2,-2.383
growth_yoy,2025-06-01,2,-4.358
growth_yoy,2025-07-01,2,-3.745
growth_yoy,2025-08-01,2,-3.133
growth_yoy,2025-09-01,2,-1.219
growth_yoy,2025-10-01,2,-0.164
growth_yoy,2025-11-01,2,-1.053
growth_yoy,2025-12-01,2,-1.612
growth_yoy,2026-01-01,2,-2.253
growth_yoy,2026-02-01,2,-3.14
growth_yoy,2026-03-01,2,-1.291
growth_yoy,2026-04-01,2,0.809
growth_yoy,2026-05-01,2,3.011
growth_yoy,2026-06-01,2,7.374
growth_yoy,2026-07-01,2,8.444
growth_mom,2010-02-01,2,0.717
growth_mom,2010-03-01,2,1.526
growth_mom,2010-04-01,2,-1.002
growth_mom,2010-05-01,2,0.81
growth_mom,2010-06-01,2,-0.1
growth_mom,2010-07-01,2,-0.704
growth_mom,2010-08-01,2,0.607
growth_mom,2010-09-01,2,-1.207
growth_mom,2010-10-01,2,2.138
growth_mom,2010-11-01,2,2.891
growth_mom,2010-12-01,2,3.101
growth_mom,2011-01-01,2,2.162
growth_mom,2011-02-01,2,0.736
growth_mom,2011-03-01,2,2.192
growth_mom,2011-04-01,2,1.162
growth_mom,2011-05-01,2,0.972
growth_mom,2011-06-01,2,0.787
growth_mom,2011-07-01,2,0.0
growth_mom,2011-08-01,2,1.649
growth_mom,2011-09-01,2,-1.025
growth_mom,2011-10-01,2,-0.518
growth_mom,2011-11-01,2,-1.388
growth_mom,2011-12-01,2,1.847
growth_mom,2012-01-01,2,-0.691
growth_mom,2012-02-01,2,0.522
growth_mom,2012-03-01,2,0.606
growth_mom,2012-04-01,2,0.688
growth_mom,2012-05-01,2,0.342
growth_mom,2012-06-01,2,-1.702
growth_mom,2012-07-01,2,0.173
growth_mom,2012-08-01,2,0.0
growth_mom,2012-09-01,2,-2.679
growth_mom,2012-10-01,2,-1.954
growth_mom,2012-11-01,2,-1.993
growth_mom,2012-12-01,2,-1.386
growth_mom,2013-01-01,2,2.062
growth_mom,2013-02-01,2,1.194
growth_mom,2013-03-01,2,-0.454
growth_mom,2013-04-01,2,-0.182
growth_mom,2013-05-01,2,-0.913
growth_mom,2013-06-01,2,1.014
growth_mom,2013-07-01,2,-0.274
growth_mom,2013-08-01,2,-0.183
growth_mom,2013-09-01,2,0.183
growth_mom,2013-10-01,2,1.006
growth_mom,2013-11-01,2,0.543
growth_mom,2013-12-01,2,2.432
growth_mom,2014-01-01,2,-0.088
growth_mom,2014-02-01,2,1.585
growth_mom,2014-03-01,2,0.693
growth_mom,2014-04-01,2,-0.43
growth_mom,2014-05-01,2,-1.556
growth_mom,2014-06-01,2,-0.878
growth_mom,2014-07-01,2,0.443
growth_mom,2014-08-01,2,-0.705
growth_mom,2014-09-01,2,0.71
growth_mom,2014-10-01,2,-1.146
growth_mom,2014-11-01,2,0.624
growth_mom,2014-12-01,2,-1.684
growth_mom,2015-01-01,2,1.353
growth_mom,2015-02-01,2,-1.157
growth_mom,2015-03-01,2,-1.71
growth_mom,2015-04-01,2,-1.923
growth_mom,2015-05-01,2,-2.988
growth_mom,2015-06-01,2,-0.962
growth_mom,2015-07-01,2,1.069
growth_mom,2015-08-01,2,1.154
growth_mom,2015-09-01,2,0.856
growth_mom,2015-10-01,2,0.094
growth_mom,2015-11-01,2,-0.565
growth_mom,2015-12-01,2,-0.095
growth_mom,2016-01-01,2,-1.137
growth_mom,2016-02-01,2,-0.192
growth_mom,2016-03-01,2,-1.633
growth_mom,2016-04-01,2,0.586
growth_mom,2016-05-01,2,-2.524
growth_mom,2016-06-01,2,-0.299
growth_mom,2016-07-01,2,0.4
growth_mom,2016-08-01,2,1.294
growth_mom,2016-09-01,2,1.473
growth_mom,2016-10-01,2,0.774
growth_mom,2016-11-01,2,2.017
growth_mom,2016-12-01,2,1.977
growth_mom,2017-01-01,2,2.124
growth_mom,2017-02-01,2,1.266
growth_mom,2017-03-01,2,-0.714
growth_mom,2017-04-01,2,-0.989
growth_mom,2017-05-01,2,0.363
growth_mom,2017-06-01,2,-0.452
growth_mom,2017-07-01,2,-0.818
growth_mom,2017-08-01,2,0.458
growth_mom,2017-09-01,2,0.456
growth_mom,2017-10-01,2,-0.817
growth_mom,2017-11-01,2,0.0
growth_mom,2017-12-01,2,0.092
growth_mom,2018-01-01,2,-0.366
growth_mom,2018-02-01,2,-0.184
growth_mom,2018-03-01,2,-0.552
growth_mom,2018-04-01,2,0.185
growth_mom,2018-05-01,2,-0.739
growth_mom,2018-06-01,2,-0.186
growth_mom,2018-07-01,2,0.466
growth_mom,2018-08-01,2,0.278
growth_mom,2018-09-01,2,0.278
growth_mom,2018-10-01,2,-0.092
growth_mom,2018-11-01,2,-0.646
growth_mom,2018-12-01,2,-0.743
growth_mom,2019-01-01,2,-0.281
growth_mom,2019-02-01,2,0.094
growth_mom,2019-03-01,2,0.094
growth_mom,2019-04-01,2,-0.281
growth_mom,2019-05-01,2,0.188
growth_mom,2019-06-01,2,-0.75
growth_mom,2019-07-01,2,0.095
growth_mom,2019-08-01,2,0.378
growth_mom,2019-09-01,2,0.094
growth_mom,2019-10-01,2,0.376
growth_mom,2019-11-01,2,0.375
growth_mom,2019-12-01,2,0.0
growth_mom,2020-01-01,2,0.373
growth_mom,2020-02-01,2,0.558
growth_mom,2020-03-01,2,-0.555
growth_mom,2020-04-01,2,-0.743
growth_mom,2020-05-01,2,-1.124
growth_mom,2020-06-01,2,-0.852
growth_mom,2020-07-01,2,-0.764
growth_mom,2020-08-01,2,0.289
growth_mom,2020-09-01,2,0.096
growth_mom,2020-10-01,2,0.767
growth_mom,2020-11-01,2,0.951
growth_mom,2020-12-01,2,1.32
growth_mom,2021-01-01,2,1.209
growth_mom,2021-02-01,2,0.919
growth_mom,2021-03-01,2,0.729
growth_mom,2021-04-01,2,1.175
growth_mom,2021-05-01,2,0.894
growth_mom,2021-06-01,2,1.063
growth_mom,2021-07-01,2,0.613
growth_mom,2021-08-01,2,0.958
growth_mom,2021-09-01,2,0.431
growth_mom,2021-10-01,2,0.859
growth_mom,2021-11-01,2,1.278
growth_mom,2021-12-01,2,0.252
growth_mom,2022-01-01,2,1.091
growth_mom,2022-02-01,2,1.494
growth_mom,2022-03-01,2,1.717
growth_mom,2022-04-01,2,1.768
growth_mom,2022-05-01,2,1.185
growth_mom,2022-06-01,2,0.625
growth_mom,2022-07-01,2,0.155
growth_mom,2022-08-01,2,-0.077
growth_mom,2022-09-01,2,-0.775
growth_mom,2022-10-01,2,0.078
growth_mom,2022-11-01,2,-0.078
growth_mom,2022-12-01,2,-0.156
growth_mom,2023-01-01,2,-0.939
growth_mom,2023-02-01,2,-0.237
growth_mom,2023-03-01,2,0.0
growth_mom,2023-04-01,2,0.158
growth_mom,2023-05-01,2,-0.395
growth_mom,2023-06-01,2,-0.556
growth_mom,2023-07-01,2,-0.399
growth_mom,2023-08-01,2,-0.481
growth_mom,2023-09-01,2,0.242
growth_mom,2023-10-01,2,-0.161
growth_mom,2023-11-01,2,-0.483
growth_mom,2023-12-01,2,0.243
growth_mom,2024-01-01,2,0.081
growth_mom,2024-02-01,2,0.081
growth_mom,2024-03-01,2,1.288
growth_mom,2024-04-01,2,0.477
growth_mom,2024-05-01,2,-0.396
growth_mom,2024-06-01,2,0.238
growth_mom,2024-07-01,2,-0.555
growth_mom,2024-08-01,2,-0.797
growth_mom,2024-09-01,2,-1.124
growth_mom,2024-10-01,2,-0.894
growth_mom,2024-11-01,2,1.148
growth_mom,2024-12-01,2,0.567
growth_mom,2025-01-01,2,0.161
growth_mom,2025-02-01,2,-0.08
growth_mom,2025-03-01,2,-0.242
growth_mom,2025-04-01,2,-0.242
growth_mom,2025-05-01,2,-0.566
growth_mom,2025-06-01,2,-1.79
growth_mom,2025-07-01,2,0.083
growth_mom,2025-08-01,2,-0.166
growth_mom,2025-09-01,2,0.829
growth_mom,2025-10-01,2,0.164
growth_mom,2025-11-01,2,0.246
growth_mom,2025-12-01,2,0.0
growth_mom,2026-01-01,2,-0.491
growth_mom,2026-02-01,2,-0.988
growth_mom,2026-03-01,2,1.663
growth_mom,2026-04-01,2,1.881
growth_mom,2026-05-01,2,1.605
growth_mom,2026-06-01,2,2.37
growth_mom,2026-07-01,2,1.08
abs,2015-01-01,2.1,101.9
abs,2015-02-01,2.1,102.1
abs,2015-03-01,2.1,102.3
abs,2015-04-01,2.1,101.4
abs,2015-05-01,2.1,101.0
abs,2015-06-01,2.1,101.6
abs,2015-07-01,2.1,101.4
abs,2015-08-01,2.1,100.5
abs,2015-09-01,2.1,100.3
abs,2015-10-01,2.1,100.4
abs,2015-11-01,2.1,100.7
abs,2015-12-01,2.1,99.9
abs,2016-01-01,2.1,100.1
abs,2016-02-01,2.1,100.4
abs,2016-03-01,2.1,101.4
abs,2016-04-01,2.1,102.7
abs,2016-05-01,2.1,103.0
abs,2016-06-01,2.1,102.9
abs,2016-07-01,2.1,101.7
abs,2016-08-01,2.1,102.4
abs,2016-09-01,2.1,103.3
abs,2016-10-01,2.1,104.5
abs,2016-11-01,2.1,107.1
abs,2016-12-01,2.1,109.7
abs,2017-01-01,2.1,111.9
abs,2017-02-01,2.1,112.7
abs,2017-03-01,2.1,111.6
abs,2017-04-01,2.1,110.1
abs,2017-05-01,2.1,109.6
abs,2017-06-01,2.1,107.7
abs,2017-07-01,2.1,106.6
abs,2017-08-01,2.1,106.9
abs,2017-09-01,2.1,107.8
abs,2017-10-01,2.1,107.9
abs,2017-11-01,2.1,108.5
abs,2017-12-01,2.1,107.5
abs,2018-01-01,2.1,106.4
abs,2018-02-01,2.1,105.5
abs,2018-03-01,2.1,105.0
abs,2018-04-01,2.1,104.5
abs,2018-05-01,2.1,104.2
abs,2018-06-01,2.1,103.6
abs,2018-07-01,2.1,103.2
abs,2018-08-01,2.1,102.6
abs,2018-09-01,2.1,102.7
abs,2018-10-01,2.1,102.3
abs,2018-11-01,2.1,100.9
abs,2018-12-01,2.1,99.6
abs,2019-01-01,2.1,99.1
abs,2019-02-01,2.1,99.5
abs,2019-03-01,2.1,99.7
abs,2019-04-01,2.1,99.8
abs,2019-05-01,2.1,99.7
abs,2019-06-01,2.1,99.5
abs,2019-07-01,2.1,99.2
abs,2019-08-01,2.1,99.1
abs,2019-09-01,2.1,99.5
abs,2019-10-01,2.1,99.5
abs,2019-11-01,2.1,99.7
abs,2019-12-01,2.1,100.4
abs,2020-01-01,2.1,101.4
abs,2020-02-01,2.1,102.4
abs,2020-03-01,2.1,101.9
abs,2020-04-01,2.1,100.9
abs,2020-05-01,2.1,100.2
abs,2020-06-01,2.1,98.9
abs,2020-07-01,2.1,99.2
abs,2020-08-01,2.1,100.5
abs,2020-09-01,2.1,101.2
abs,2020-10-01,2.1,102.6
abs,2020-11-01,2.1,103.7
abs,2020-12-01,2.1,104.9
abs,2021-01-01,2.1,106.4
abs,2021-02-01,2.1,107.7
abs,2021-03-01,2.1,109.0
abs,2021-04-01,2.1,110.0
abs,2021-05-01,2.1,111.0
abs,2021-06-01,2.1,112.2
abs,2021-07-01,2.1,112.6
abs,2021-08-01,2.1,113.3
abs,2021-09-01,2.1,113.9
abs,2021-10-01,2.1,114.9
abs,2021-11-01,2.1,116.7
abs,2021-12-01,2.1,117.0
abs,2022-01-01,2.1,118.5
abs,2022-02-01,2.1,120.4
abs,2022-03-01,2.1,122.9
abs,2022-04-01,2.1,125.7
abs,2022-05-01,2.1,127.7
abs,2022-06-01,2.1,128.0
abs,2022-07-01,2.1,126.8
abs,2022-08-01,2.1,125.0
abs,2022-09-01,2.1,122.8
abs,2022-10-01,2.1,121.1
abs,2022-11-01,2.1,121.0
abs,2022-12-01,2.1,120.3
abs,2023-01-01,2.1,119.1
abs,2023-02-01,2.1,118.8
abs,2023-03-01,2.1,119.0
abs,2023-04-01,2.1,119.8
abs,2023-05-01,2.1,119.8
abs,2023-06-01,2.1,119.6
abs,2023-07-01,2.1,119.0
abs,2023-08-01,2.1,118.0
abs,2023-09-01,2.1,117.5
abs,2023-10-01,2.1,117.8
abs,2023-11-01,2.1,117.9
abs,2023-12-01,2.1,117.7
abs,2024-01-01,2.1,117.8
abs,2024-02-01,2.1,118.2
abs,2024-03-01,2.1,119.6
abs,2024-04-01,2.1,121.2
abs,2024-05-01,2.1,121.7
abs,2024-06-01,2.1,122.1
abs,2024-07-01,2.1,121.4
abs,2024-08-01,2.1,121.0
abs,2024-09-01,2.1,120.1
abs,2024-10-01,2.1,119.3
abs,2024-11-01,2.1,119.9
abs,2024-12-01,2.1,121.6
abs,2025-01-01,2.1,123.0
abs,2025-02-01,2.1,123.3
abs,2025-03-01,2.1,123.1
abs,2025-04-01,2.1,122.3
abs,2025-05-01,2.1,121.6
abs,2025-06-01,2.1,119.3
abs,2025-07-01,2.1,118.3
abs,2025-08-01,2.1,118.5
abs,2025-09-01,2.1,118.7
abs,2025-10-01,2.1,119.4
abs,2025-11-01,2.1,119.1
abs,2025-12-01,2.1,119.0
abs,2026-01-01,2.1,118.7
abs,2026-02-01,2.1,118.1
abs,2026-03-01,2.1,120.0
abs,2026-04-01,2.1,121.7
abs,2026-05-01,2.1,123.5
abs,2026-06-01,2.1,124.7
abs,2026-07-01,2.1,125.1
growth_yoy,2016-01-01,2.1,-1.766
growth_yoy,2016-02-01,2.1,-1.665
growth_yoy,2016-03-01,2.1,-0.88
growth_yoy,2016-04-01,2.1,1.282
growth_yoy,2016-05-01,2.1,1.98
growth_yoy,2016-06-01,2.1,1.28
growth_yoy,2016-07-01,2.1,0.296
growth_yoy,2016-08-01,2.1,1.891
growth_yoy,2016-09-01,2.1,2.991
growth_yoy,2016-10-01,2.1,4.084
growth_yoy,2016-11-01,2.1,6.356
growth_yoy,2016-12-01,2.1,9.81
growth_yoy,2017-01-01,2.1,11.788
growth_yoy,2017-02-01,2.1,12.251
growth_yoy,2017-03-01,2.1,10.059
growth_yoy,2017-04-01,2.1,7.205
growth_yoy,2017-05-01,2.1,6.408
growth_yoy,2017-06-01,2.1,4.665
growth_yoy,2017-07-01,2.1,4.818
growth_yoy,2017-08-01,2.1,4.395
growth_yoy,2017-09-01,2.1,4.356
growth_yoy,2017-10-01,2.1,3.254
growth_yoy,2017-11-01,2.1,1.307
growth_yoy,2017-12-01,2.1,-2.005
growth_yoy,2018-01-01,2.1,-4.915
growth_yoy,2018-02-01,2.1,-6.389
growth_yoy,2018-03-01,2.1,-5.914
growth_yoy,2018-04-01,2.1,-5.086
growth_yoy,2018-05-01,2.1,-4.927
growth_yoy,2018-06-01,2.1,-3.807
growth_yoy,2018-07-01,2.1,-3.189
growth_yoy,2018-08-01,2.1,-4.022
growth_yoy,2018-09-01,2.1,-4.731
growth_yoy,2018-10-01,2.1,-5.19
growth_yoy,2018-11-01,2.1,-7.005
growth_yoy,2018-12-01,2.1,-7.349
growth_yoy,2019-01-01,2.1,-6.861
growth_yoy,2019-02-01,2.1,-5.687
growth_yoy,2019-03-01,2.1,-5.048
growth_yoy,2019-04-01,2.1,-4.498
growth_yoy,2019-05-01,2.1,-4.319
growth_yoy,2019-06-01,2.1,-3.958
growth_yoy,2019-07-01,2.1,-3.876
growth_yoy,2019-08-01,2.1,-3.411
growth_yoy,2019-09-01,2.1,-3.116
growth_yoy,2019-10-01,2.1,-2.737
growth_yoy,2019-11-01,2.1,-1.189
growth_yoy,2019-12-01,2.1,0.803
growth_yoy,2020-01-01,2.1,2.321
growth_yoy,2020-02-01,2.1,2.915
growth_yoy,2020-03-01,2.1,2.207
growth_yoy,2020-04-01,2.1,1.102
growth_yoy,2020-05-01,2.1,0.502
growth_yoy,2020-06-01,2.1,-0.603
growth_yoy,2020-07-01,2.1,0.0
growth_yoy,2020-08-01,2.1,1.413
growth_yoy,2020-09-01,2.1,1.709
growth_yoy,2020-10-01,2.1,3.116
growth_yoy,2020-11-01,2.1,4.012
growth_yoy,2020-12-01,2.1,4.482
growth_yoy,2021-01-01,2.1,4.931
growth_yoy,2021-02-01,2.1,5.176
growth_yoy,2021-03-01,2.1,6.968
growth_yoy,2021-04-01,2.1,9.019
growth_yoy,2021-05-01,2.1,10.778
growth_yoy,2021-06-01,2.1,13.448
growth_yoy,2021-07-01,2.1,13.508
growth_yoy,2021-08-01,2.1,12.736
growth_yoy,2021-09-01,2.1,12.549
growth_yoy,2021-10-01,2.1,11.988
growth_yoy,2021-11-01,2.1,12.536
growth_yoy,2021-12-01,2.1,11.535
growth_yoy,2022-01-01,2.1,11.372
growth_yoy,2022-02-01,2.1,11.792
growth_yoy,2022-03-01,2.1,12.752
growth_yoy,2022-04-01,2.1,14.273
growth_yoy,2022-05-01,2.1,15.045
growth_yoy,2022-06-01,2.1,14.082
growth_yoy,2022-07-01,2.1,12.611
growth_yoy,2022-08-01,2.1,10.327
growth_yoy,2022-09-01,2.1,7.814
growth_yoy,2022-10-01,2.1,5.396
growth_yoy,2022-11-01,2.1,3.685
growth_yoy,2022-12-01,2.1,2.821
growth_yoy,2023-01-01,2.1,0.506
growth_yoy,2023-02-01,2.1,-1.329
growth_yoy,2023-03-01,2.1,-3.173
growth_yoy,2023-04-01,2.1,-4.694
growth_yoy,2023-05-01,2.1,-6.186
growth_yoy,2023-06-01,2.1,-6.563
growth_yoy,2023-07-01,2.1,-6.151
growth_yoy,2023-08-01,2.1,-5.6
growth_yoy,2023-09-01,2.1,-4.316
growth_yoy,2023-10-01,2.1,-2.725
growth_yoy,2023-11-01,2.1,-2.562
growth_yoy,2023-12-01,2.1,-2.161
growth_yoy,2024-01-01,2.1,-1.092
growth_yoy,2024-02-01,2.1,-0.505
growth_yoy,2024-03-01,2.1,0.504
growth_yoy,2024-04-01,2.1,1.169
growth_yoy,2024-05-01,2.1,1.586
growth_yoy,2024-06-01,2.1,2.09
growth_yoy,2024-07-01,2.1,2.017
growth_yoy,2024-08-01,2.1,2.542
growth_yoy,2024-09-01,2.1,2.213
growth_yoy,2024-10-01,2.1,1.273
growth_yoy,2024-11-01,2.1,1.696
growth_yoy,2024-12-01,2.1,3.314
growth_yoy,2025-01-01,2.1,4.414
growth_yoy,2025-02-01,2.1,4.315
growth_yoy,2025-03-01,2.1,2.926
growth_yoy,2025-04-01,2.1,0.908
growth_yoy,2025-05-01,2.1,-0.082
growth_yoy,2025-06-01,2.1,-2.293
growth_yoy,2025-07-01,2.1,-2.554
growth_yoy,2025-08-01,2.1,-2.066
growth_yoy,2025-09-01,2.1,-1.166
growth_yoy,2025-10-01,2.1,0.084
growth_yoy,2025-11-01,2.1,-0.667
growth_yoy,2025-12-01,2.1,-2.138
growth_yoy,2026-01-01,2.1,-3.496
growth_yoy,2026-02-01,2.1,-4.217
growth_yoy,2026-03-01,2.1,-2.518
growth_yoy,2026-04-01,2.1,-0.491
growth_yoy,2026-05-01,2.1,1.562
growth_yoy,2026-06-01,2.1,4.526
growth_yoy,2026-07-01,2.1,5.748
growth_mom,2015-02-01,2.1,0.196
growth_mom,2015-03-01,2.1,0.196
growth_mom,2015-04-01,2.1,-0.88
growth_mom,2015-05-01,2.1,-0.394
growth_mom,2015-06-01,2.1,0.594
growth_mom,2015-07-01,2.1,-0.197
growth_mom,2015-08-01,2.1,-0.888
growth_mom,2015-09-01,2.1,-0.199
growth_mom,2015-10-01,2.1,0.1
growth_mom,2015-11-01,2.1,0.299
growth_mom,2015-12-01,2.1,-0.794
growth_mom,2016-01-01,2.1,0.2
growth_mom,2016-02-01,2.1,0.3
growth_mom,2016-03-01,2.1,0.996
growth_mom,2016-04-01,2.1,1.282
growth_mom,2016-05-01,2.1,0.292
growth_mom,2016-06-01,2.1,-0.097
growth_mom,2016-07-01,2.1,-1.166
growth_mom,2016-08-01,2.1,0.688
growth_mom,2016-09-01,2.1,0.879
growth_mom,2016-10-01,2.1,1.162
growth_mom,2016-11-01,2.1,2.488
growth_mom,2016-12-01,2.1,2.428
growth_mom,2017-01-01,2.1,2.005
growth_mom,2017-02-01,2.1,0.715
growth_mom,2017-03-01,2.1,-0.976
growth_mom,2017-04-01,2.1,-1.344
growth_mom,2017-05-01,2.1,-0.454
growth_mom,2017-06-01,2.1,-1.734
growth_mom,2017-07-01,2.1,-1.021
growth_mom,2017-08-01,2.1,0.281
growth_mom,2017-09-01,2.1,0.842
growth_mom,2017-10-01,2.1,0.093
growth_mom,2017-11-01,2.1,0.556
growth_mom,2017-12-01,2.1,-0.922
growth_mom,2018-01-01,2.1,-1.023
growth_mom,2018-02-01,2.1,-0.846
growth_mom,2018-03-01,2.1,-0.474
growth_mom,2018-04-01,2.1,-0.476
growth_mom,2018-05-01,2.1,-0.287
growth_mom,2018-06-01,2.1,-0.576
growth_mom,2018-07-01,2.1,-0.386
growth_mom,2018-08-01,2.1,-0.581
growth_mom,2018-09-01,2.1,0.097
growth_mom,2018-10-01,2.1,-0.389
growth_mom,2018-11-01,2.1,-1.369
growth_mom,2018-12-01,2.1,-1.288
growth_mom,2019-01-01,2.1,-0.502
growth_mom,2019-02-01,2.1,0.404
growth_mom,2019-03-01,2.1,0.201
growth_mom,2019-04-01,2.1,0.1
growth_mom,2019-05-01,2.1,-0.1
growth_mom,2019-06-01,2.1,-0.201
growth_mom,2019-07-01,2.1,-0.302
growth_mom,2019-08-01,2.1,-0.101
growth_mom,2019-09-01,2.1,0.404
growth_mom,2019-10-01,2.1,0.0
growth_mom,2019-11-01,2.1,0.201
growth_mom,2019-12-01,2.1,0.702
growth_mom,2020-01-01,2.1,0.996
growth_mom,2020-02-01,2.1,0.986
growth_mom,2020-03-01,2.1,-0.488
growth_mom,2020-04-01,2.1,-0.981
growth_mom,2020-05-01,2.1,-0.694
growth_mom,2020-06-01,2.1,-1.297
growth_mom,2020-07-01,2.1,0.303
growth_mom,2020-08-01,2.1,1.31
growth_mom,2020-09-01,2.1,0.697
growth_mom,2020-10-01,2.1,1.383
growth_mom,2020-11-01,2.1,1.072
growth_mom,2020-12-01,2.1,1.157
growth_mom,2021-01-01,2.1,1.43
growth_mom,2021-02-01,2.1,1.222
growth_mom,2021-03-01,2.1,1.207
growth_mom,2021-04-01,2.1,0.917
growth_mom,2021-05-01,2.1,0.909
growth_mom,2021-06-01,2.1,1.081
growth_mom,2021-07-01,2.1,0.357
growth_mom,2021-08-01,2.1,0.622
growth_mom,2021-09-01,2.1,0.53
growth_mom,2021-10-01,2.1,0.878
growth_mom,2021-11-01,2.1,1.567
growth_mom,2021-12-01,2.1,0.257
growth_mom,2022-01-01,2.1,1.282
growth_mom,2022-02-01,2.1,1.603
growth_mom,2022-03-01,2.1,2.076
growth_mom,2022-04-01,2.1,2.278
growth_mom,2022-05-01,2.1,1.591
growth_mom,2022-06-01,2.1,0.235
growth_mom,2022-07-01,2.1,-0.938
growth_mom,2022-08-01,2.1,-1.42
growth_mom,2022-09-01,2.1,-1.76
growth_mom,2022-10-01,2.1,-1.384
growth_mom,2022-11-01,2.1,-0.083
growth_mom,2022-12-01,2.1,-0.579
growth_mom,2023-01-01,2.1,-0.998
growth_mom,2023-02-01,2.1,-0.252
growth_mom,2023-03-01,2.1,0.168
growth_mom,2023-04-01,2.1,0.672
growth_mom,2023-05-01,2.1,0.0
growth_mom,2023-06-01,2.1,-0.167
growth_mom,2023-07-01,2.1,-0.502
growth_mom,2023-08-01,2.1,-0.84
growth_mom,2023-09-01,2.1,-0.424
growth_mom,2023-10-01,2.1,0.255
growth_mom,2023-11-01,2.1,0.085
growth_mom,2023-12-01,2.1,-0.17
growth_mom,2024-01-01,2.1,0.085
growth_mom,2024-02-01,2.1,0.34
growth_mom,2024-03-01,2.1,1.184
growth_mom,2024-04-01,2.1,1.338
growth_mom,2024-05-01,2.1,0.413
growth_mom,2024-06-01,2.1,0.329
growth_mom,2024-07-01,2.1,-0.573
growth_mom,2024-08-01,2.1,-0.329
growth_mom,2024-09-01,2.1,-0.744
growth_mom,2024-10-01,2.1,-0.666
growth_mom,2024-11-01,2.1,0.503
growth_mom,2024-12-01,2.1,1.418
growth_mom,2025-01-01,2.1,1.151
growth_mom,2025-02-01,2.1,0.244
growth_mom,2025-03-01,2.1,-0.162
growth_mom,2025-04-01,2.1,-0.65
growth_mom,2025-05-01,2.1,-0.572
growth_mom,2025-06-01,2.1,-1.891
growth_mom,2025-07-01,2.1,-0.838
growth_mom,2025-08-01,2.1,0.169
growth_mom,2025-09-01,2.1,0.169
growth_mom,2025-10-01,2.1,0.59
growth_mom,2025-11-01,2.1,-0.251
growth_mom,2025-12-01,2.1,-0.084
growth_mom,2026-01-01,2.1,-0.252
growth_mom,2026-02-01,2.1,-0.505
growth_mom,2026-03-01,2.1,1.609
growth_mom,2026-04-01,2.1,1.417
growth_mom,2026-05-01,2.1,1.479
growth_mom,2026-06-01,2.1,0.972
growth_mom,2026-07-01,2.1,0.321
abs,2015-01-01,2.1.1,93.5
abs,2015-02-01,2.1.1,94.0
abs,2015-03-01,2.1.1,93.7
abs,2015-04-01,2.1.1,91.6
abs,2015-05-01,2.1.1,91.2
abs,2015-06-01,2.1.1,92.0
abs,2015-07-01,2.1.1,91.6
abs,2015-08-01,2.1.1,89.9
abs,2015-09-01,2.1.1,88.5
abs,2015-10-01,2.1.1,89.4
abs,2015-11-01,2.1.1,89.7
abs,2015-12-01,2.1.1,89.7
abs,2016-01-01,2.1.1,91.0
abs,2016-02-01,2.1.1,93.5
abs,2016-03-01,2.1.1,94.6
abs,2016-04-01,2.1.1,95.4
abs,2016-05-01,2.1.1,96.0
abs,2016-06-01,2.1.1,95.5
abs,2016-07-01,2.1.1,93.8
abs,2016-08-01,2.1.1,95.9
abs,2016-09-01,2.1.1,97.4
abs,2016-10-01,2.1.1,99.6
abs,2016-11-01,2.1.1,102.6
abs,2016-12-01,2.1.1,107.2
abs,2017-01-01,2.1.1,110.7
abs,2017-02-01,2.1.1,111.6
abs,2017-03-01,2.1.1,108.9
abs,2017-04-01,2.1.1,106.8
abs,2017-05-01,2.1.1,105.7
abs,2017-06-01,2.1.1,103.7
abs,2017-07-01,2.1.1,101.3
abs,2017-08-01,2.1.1,100.8
abs,2017-09-01,2.1.1,101.1
abs,2017-10-01,2.1.1,101.6
abs,2017-11-01,2.1.1,102.6
abs,2017-12-01,2.1.1,99.2
abs,2018-01-01,2.1.1,95.5
abs,2018-02-01,2.1.1,95.4
abs,2018-03-01,2.1.1,95.7
abs,2018-04-01,2.1.1,93.9
abs,2018-05-01,2.1.1,92.8
abs,2018-06-01,2.1.1,91.9
abs,2018-07-01,2.1.1,91.0
abs,2018-08-01,2.1.1,88.2
abs,2018-09-01,2.1.1,87.0
abs,2018-10-01,2.1.1,86.4
abs,2018-11-01,2.1.1,82.9
abs,2018-12-01,2.1.1,80.4
abs,2019-01-01,2.1.1,79.1
abs,2019-02-01,2.1.1,81.9
abs,2019-03-01,2.1.1,82.0
abs,2019-04-01,2.1.1,81.3
abs,2019-05-01,2.1.1,81.3
abs,2019-06-01,2.1.1,81.3
abs,2019-07-01,2.1.1,80.2
abs,2019-08-01,2.1.1,80.1
abs,2019-09-01,2.1.1,82.2
abs,2019-10-01,2.1.1,83.4
abs,2019-11-01,2.1.1,84.7
abs,2019-12-01,2.1.1,88.1
abs,2020-01-01,2.1.1,92.7
abs,2020-02-01,2.1.1,94.5
abs,2020-03-01,2.1.1,92.1
abs,2020-04-01,2.1.1,88.4
abs,2020-05-01,2.1.1,86.3
abs,2020-06-01,2.1.1,83.3
abs,2020-07-01,2.1.1,86.6
abs,2020-08-01,2.1.1,90.4
abs,2020-09-01,2.1.1,93.8
abs,2020-10-01,2.1.1,98.1
abs,2020-11-01,2.1.1,100.6
abs,2020-12-01,2.1.1,106.0
abs,2021-01-01,2.1.1,109.8
abs,2021-02-01,2.1.1,112.1
abs,2021-03-01,2.1.1,114.5
abs,2021-04-01,2.1.1,115.9
abs,2021-05-01,2.1.1,117.8
abs,2021-06-01,2.1.1,119.1
abs,2021-07-01,2.1.1,119.3
abs,2021-08-01,2.1.1,119.5
abs,2021-09-01,2.1.1,119.9
abs,2021-10-01,2.1.1,121.8
abs,2021-11-01,2.1.1,125.4
abs,2021-12-01,2.1.1,125.1
abs,2022-01-01,2.1.1,128.2
abs,2022-02-01,2.1.1,132.4
abs,2022-03-01,2.1.1,137.3
abs,2022-04-01,2.1.1,142.6
abs,2022-05-01,2.1.1,146.7
abs,2022-06-01,2.1.1,145.3
abs,2022-07-01,2.1.1,138.4
abs,2022-08-01,2.1.1,132.3
abs,2022-09-01,2.1.1,126.7
abs,2022-10-01,2.1.1,123.1
abs,2022-11-01,2.1.1,124.3
abs,2022-12-01,2.1.1,123.6
abs,2023-01-01,2.1.1,123.7
abs,2023-02-01,2.1.1,123.4
abs,2023-03-01,2.1.1,123.0
abs,2023-04-01,2.1.1,124.8
abs,2023-05-01,2.1.1,124.2
abs,2023-06-01,2.1.1,123.2
abs,2023-07-01,2.1.1,120.9
abs,2023-08-01,2.1.1,119.7
abs,2023-09-01,2.1.1,119.1
abs,2023-10-01,2.1.1,118.7
abs,2023-11-01,2.1.1,117.7
abs,2023-12-01,2.1.1,117.3
abs,2024-01-01,2.1.1,118.6
abs,2024-02-01,2.1.1,119.8
abs,2024-03-01,2.1.1,121.5
abs,2024-04-01,2.1.1,124.1
abs,2024-05-01,2.1.1,124.9
abs,2024-06-01,2.1.1,124.8
abs,2024-07-01,2.1.1,124.6
abs,2024-08-01,2.1.1,126.0
abs,2024-09-01,2.1.1,126.1
abs,2024-10-01,2.1.1,128.9
abs,2024-11-01,2.1.1,132.7
abs,2024-12-01,2.1.1,139.6
abs,2025-01-01,2.1.1,141.6
abs,2025-02-01,2.1.1,142.6
abs,2025-03-01,2.1.1,143.8
abs,2025-04-01,2.1.1,140.5
abs,2025-05-01,2.1.1,138.3
abs,2025-06-01,2.1.1,131.0
abs,2025-07-01,2.1.1,131.4
abs,2025-08-01,2.1.1,133.6
abs,2025-09-01,2.1.1,135.5
abs,2025-10-01,2.1.1,135.4
abs,2025-11-01,2.1.1,133.8
abs,2025-12-01,2.1.1,133.9
abs,2026-01-01,2.1.1,132.4
abs,2026-02-01,2.1.1,131.8
abs,2026-03-01,2.1.1,138.2
abs,2026-04-01,2.1.1,141.8
abs,2026-05-01,2.1.1,144.7
abs,2026-06-01,2.1.1,145.3
abs,2026-07-01,2.1.1,145.3
growth_yoy,2016-01-01,2.1.1,-2.674
growth_yoy,2016-02-01,2.1.1,-0.532
growth_yoy,2016-03-01,2.1.1,0.961
growth_yoy,2016-04-01,2.1.1,4.148
growth_yoy,2016-05-01,2.1.1,5.263
growth_yoy,2016-06-01,2.1.1,3.804
growth_yoy,2016-07-01,2.1.1,2.402
growth_yoy,2016-08-01,2.1.1,6.674
growth_yoy,2016-09-01,2.1.1,10.056
growth_yoy,2016-10-01,2.1.1,11.409
growth_yoy,2016-11-01,2.1.1,14.381
growth_yoy,2016-12-01,2.1.1,19.509
growth_yoy,2017-01-01,2.1.1,21.648
growth_yoy,2017-02-01,2.1.1,19.358
growth_yoy,2017-03-01,2.1.1,15.116
growth_yoy,2017-04-01,2.1.1,11.95
growth_yoy,2017-05-01,2.1.1,10.104
growth_yoy,2017-06-01,2.1.1,8.586
growth_yoy,2017-07-01,2.1.1,7.996
growth_yoy,2017-08-01,2.1.1,5.109
growth_yoy,2017-09-01,2.1.1,3.799
growth_yoy,2017-10-01,2.1.1,2.008
growth_yoy,2017-11-01,2.1.1,0.0
growth_yoy,2017-12-01,2.1.1,-7.463
growth_yoy,2018-01-01,2.1.1,-13.731
growth_yoy,2018-02-01,2.1.1,-14.516
growth_yoy,2018-03-01,2.1.1,-12.121
growth_yoy,2018-04-01,2.1.1,-12.079
growth_yoy,2018-05-01,2.1.1,-12.204
growth_yoy,2018-06-01,2.1.1,-11.379
growth_yoy,2018-07-01,2.1.1,-10.168
growth_yoy,2018-08-01,2.1.1,-12.5
growth_yoy,2018-09-01,2.1.1,-13.947
growth_yoy,2018-10-01,2.1.1,-14.961
growth_yoy,2018-11-01,2.1.1,-19.201
growth_yoy,2018-12-01,2.1.1,-18.952
growth_yoy,2019-01-01,2.1.1,-17.173
growth_yoy,2019-02-01,2.1.1,-14.151
growth_yoy,2019-03-01,2.1.1,-14.316
growth_yoy,2019-04-01,2.1.1,-13.419
growth_yoy,2019-05-01,2.1.1,-12.392
growth_yoy,2019-06-01,2.1.1,-11.534
growth_yoy,2019-07-01,2.1.1,-11.868
growth_yoy,2019-08-01,2.1.1,-9.184
growth_yoy,2019-09-01,2.1.1,-5.517
growth_yoy,2019-10-01,2.1.1,-3.472
growth_yoy,2019-11-01,2.1.1,2.171
growth_yoy,2019-12-01,2.1.1,9.577
growth_yoy,2020-01-01,2.1.1,17.193
growth_yoy,2020-02-01,2.1.1,15.385
growth_yoy,2020-03-01,2.1.1,12.317
growth_yoy,2020-04-01,2.1.1,8.733
growth_yoy,2020-05-01,2.1.1,6.15
growth_yoy,2020-06-01,2.1.1,2.46
growth_yoy,2020-07-01,2.1.1,7.98
growth_yoy,2020-08-01,2.1.1,12.859
growth_yoy,2020-09-01,2.1.1,14.112
growth_yoy,2020-10-01,2.1.1,17.626
growth_yoy,2020-11-01,2.1.1,18.772
growth_yoy,2020-12-01,2.1.1,20.318
growth_yoy,2021-01-01,2.1.1,18.447
growth_yoy,2021-02-01,2.1.1,18.624
growth_yoy,2021-03-01,2.1.1,24.321
growth_yoy,2021-04-01,2.1.1,31.109
growth_yoy,2021-05-01,2.1.1,36.501
growth_yoy,2021-06-01,2.1.1,42.977
growth_yoy,2021-07-01,2.1.1,37.76
growth_yoy,2021-08-01,2.1.1,32.19
growth_yoy,2021-09-01,2.1.1,27.825
growth_yoy,2021-10-01,2.1.1,24.159
growth_yoy,2021-11-01,2.1.1,24.652
growth_yoy,2021-12-01,2.1.1,18.019
growth_yoy,2022-01-01,2.1.1,16.758
growth_yoy,2022-02-01,2.1.1,18.109
growth_yoy,2022-03-01,2.1.1,19.913
growth_yoy,2022-04-01,2.1.1,23.037
growth_yoy,2022-05-01,2.1.1,24.533
growth_yoy,2022-06-01,2.1.1,21.998
growth_yoy,2022-07-01,2.1.1,16.01
growth_yoy,2022-08-01,2.1.1,10.711
growth_yoy,2022-09-01,2.1.1,5.671
growth_yoy,2022-10-01,2.1.1,1.067
growth_yoy,2022-11-01,2.1.1,-0.877
growth_yoy,2022-12-01,2.1.1,-1.199
growth_yoy,2023-01-01,2.1.1,-3.51
growth_yoy,2023-02-01,2.1.1,-6.798
growth_yoy,2023-03-01,2.1.1,-10.415
growth_yoy,2023-04-01,2.1.1,-12.482
growth_yoy,2023-05-01,2.1.1,-15.337
growth_yoy,2023-06-01,2.1.1,-15.21
growth_yoy,2023-07-01,2.1.1,-12.645
growth_yoy,2023-08-01,2.1.1,-9.524
growth_yoy,2023-09-01,2.1.1,-5.998
growth_yoy,2023-10-01,2.1.1,-3.574
growth_yoy,2023-11-01,2.1.1,-5.31
growth_yoy,2023-12-01,2.1.1,-5.097
growth_yoy,2024-01-01,2.1.1,-4.123
growth_yoy,2024-02-01,2.1.1,-2.917
growth_yoy,2024-03-01,2.1.1,-1.22
growth_yoy,2024-04-01,2.1.1,-0.561
growth_yoy,2024-05-01,2.1.1,0.564
growth_yoy,2024-06-01,2.1.1,1.299
growth_yoy,2024-07-01,2.1.1,3.06
growth_yoy,2024-08-01,2.1.1,5.263
growth_yoy,2024-09-01,2.1.1,5.877
growth_yoy,2024-10-01,2.1.1,8.593
growth_yoy,2024-11-01,2.1.1,12.744
growth_yoy,2024-12-01,2.1.1,19.011
growth_yoy,2025-01-01,2.1.1,19.393
growth_yoy,2025-02-01,2.1.1,19.032
growth_yoy,2025-03-01,2.1.1,18.354
growth_yoy,2025-04-01,2.1.1,13.215
growth_yoy,2025-05-01,2.1.1,10.729
growth_yoy,2025-06-01,2.1.1,4.968
growth_yoy,2025-07-01,2.1.1,5.457
growth_yoy,2025-08-01,2.1.1,6.032
growth_yoy,2025-09-01,2.1.1,7.454
growth_yoy,2025-10-01,2.1.1,5.043
growth_yoy,2025-11-01,2.1.1,0.829
growth_yoy,2025-12-01,2.1.1,-4.083
growth_yoy,2026-01-01,2.1.1,-6.497
growth_yoy,2026-02-01,2.1.1,-7.574
growth_yoy,2026-03-01,2.1.1,-3.894
growth_yoy,2026-04-01,2.1.1,0.925
growth_yoy,2026-05-01,2.1.1,4.628
growth_yoy,2026-06-01,2.1.1,10.916
growth_yoy,2026-07-01,2.1.1,10.578
growth_mom,2015-02-01,2.1.1,0.535
growth_mom,2015-03-01,2.1.1,-0.319
growth_mom,2015-04-01,2.1.1,-2.241
growth_mom,2015-05-01,2.1.1,-0.437
growth_mom,2015-06-01,2.1.1,0.877
growth_mom,2015-07-01,2.1.1,-0.435
growth_mom,2015-08-01,2.1.1,-1.856
growth_mom,2015-09-01,2.1.1,-1.557
growth_mom,2015-10-01,2.1.1,1.017
growth_mom,2015-11-01,2.1.1,0.336
growth_mom,2015-12-01,2.1.1,0.0
growth_mom,2016-01-01,2.1.1,1.449
growth_mom,2016-02-01,2.1.1,2.747
growth_mom,2016-03-01,2.1.1,1.176
growth_mom,2016-04-01,2.1.1,0.846
growth_mom,2016-05-01,2.1.1,0.629
growth_mom,2016-06-01,2.1.1,-0.521
growth_mom,2016-07-01,2.1.1,-1.78
growth_mom,2016-08-01,2.1.1,2.239
growth_mom,2016-09-01,2.1.1,1.564
growth_mom,2016-10-01,2.1.1,2.259
growth_mom,2016-11-01,2.1.1,3.012
growth_mom,2016-12-01,2.1.1,4.483
growth_mom,2017-01-01,2.1.1,3.265
growth_mom,2017-02-01,2.1.1,0.813
growth_mom,2017-03-01,2.1.1,-2.419
growth_mom,2017-04-01,2.1.1,-1.928
growth_mom,2017-05-01,2.1.1,-1.03
growth_mom,2017-06-01,2.1.1,-1.892
growth_mom,2017-07-01,2.1.1,-2.314
growth_mom,2017-08-01,2.1.1,-0.494
growth_mom,2017-09-01,2.1.1,0.298
growth_mom,2017-10-01,2.1.1,0.495
growth_mom,2017-11-01,2.1.1,0.984
growth_mom,2017-12-01,2.1.1,-3.314
growth_mom,2018-01-01,2.1.1,-3.73
growth_mom,2018-02-01,2.1.1,-0.105
growth_mom,2018-03-01,2.1.1,0.314
growth_mom,2018-04-01,2.1.1,-1.881
growth_mom,2018-05-01,2.1.1,-1.171
growth_mom,2018-06-01,2.1.1,-0.97
growth_mom,2018-07-01,2.1.1,-0.979
growth_mom,2018-08-01,2.1.1,-3.077
growth_mom,2018-09-01,2.1.1,-1.361
growth_mom,2018-10-01,2.1.1,-0.69
growth_mom,2018-11-01,2.1.1,-4.051
growth_mom,2018-12-01,2.1.1,-3.016
growth_mom,2019-01-01,2.1.1,-1.617
growth_mom,2019-02-01,2.1.1,3.54
growth_mom,2019-03-01,2.1.1,0.122
growth_mom,2019-04-01,2.1.1,-0.854
growth_mom,2019-05-01,2.1.1,0.0
growth_mom,2019-06-01,2.1.1,0.0
growth_mom,2019-07-01,2.1.1,-1.353
growth_mom,2019-08-01,2.1.1,-0.125
growth_mom,2019-09-01,2.1.1,2.622
growth_mom,2019-10-01,2.1.1,1.46
growth_mom,2019-11-01,2.1.1,1.559
growth_mom,2019-12-01,2.1.1,4.014
growth_mom,2020-01-01,2.1.1,5.221
growth_mom,2020-02-01,2.1.1,1.942
growth_mom,2020-03-01,2.1.1,-2.54
growth_mom,2020-04-01,2.1.1,-4.017
growth_mom,2020-05-01,2.1.1,-2.376
growth_mom,2020-06-01,2.1.1,-3.476
growth_mom,2020-07-01,2.1.1,3.962
growth_mom,2020-08-01,2.1.1,4.388
growth_mom,2020-09-01,2.1.1,3.761
growth_mom,2020-10-01,2.1.1,4.584
growth_mom,2020-11-01,2.1.1,2.548
growth_mom,2020-12-01,2.1.1,5.368
growth_mom,2021-01-01,2.1.1,3.585
growth_mom,2021-02-01,2.1.1,2.095
growth_mom,2021-03-01,2.1.1,2.141
growth_mom,2021-04-01,2.1.1,1.223
growth_mom,2021-05-01,2.1.1,1.639
growth_mom,2021-06-01,2.1.1,1.104
growth_mom,2021-07-01,2.1.1,0.168
growth_mom,2021-08-01,2.1.1,0.168
growth_mom,2021-09-01,2.1.1,0.335
growth_mom,2021-10-01,2.1.1,1.585
growth_mom,2021-11-01,2.1.1,2.956
growth_mom,2021-12-01,2.1.1,-0.239
growth_mom,2022-01-01,2.1.1,2.478
growth_mom,2022-02-01,2.1.1,3.276
growth_mom,2022-03-01,2.1.1,3.701
growth_mom,2022-04-01,2.1.1,3.86
growth_mom,2022-05-01,2.1.1,2.875
growth_mom,2022-06-01,2.1.1,-0.954
growth_mom,2022-07-01,2.1.1,-4.749
growth_mom,2022-08-01,2.1.1,-4.408
growth_mom,2022-09-01,2.1.1,-4.233
growth_mom,2022-10-01,2.1.1,-2.841
growth_mom,2022-11-01,2.1.1,0.975
growth_mom,2022-12-01,2.1.1,-0.563
growth_mom,2023-01-01,2.1.1,0.081
growth_mom,2023-02-01,2.1.1,-0.243
growth_mom,2023-03-01,2.1.1,-0.324
growth_mom,2023-04-01,2.1.1,1.463
growth_mom,2023-05-01,2.1.1,-0.481
growth_mom,2023-06-01,2.1.1,-0.805
growth_mom,2023-07-01,2.1.1,-1.867
growth_mom,2023-08-01,2.1.1,-0.993
growth_mom,2023-09-01,2.1.1,-0.501
growth_mom,2023-10-01,2.1.1,-0.336
growth_mom,2023-11-01,2.1.1,-0.842
growth_mom,2023-12-01,2.1.1,-0.34
growth_mom,2024-01-01,2.1.1,1.108
growth_mom,2024-02-01,2.1.1,1.012
growth_mom,2024-03-01,2.1.1,1.419
growth_mom,2024-04-01,2.1.1,2.14
growth_mom,2024-05-01,2.1.1,0.645
growth_mom,2024-06-01,2.1.1,-0.08
growth_mom,2024-07-01,2.1.1,-0.16
growth_mom,2024-08-01,2.1.1,1.124
growth_mom,2024-09-01,2.1.1,0.079
growth_mom,2024-10-01,2.1.1,2.22
growth_mom,2024-11-01,2.1.1,2.948
growth_mom,2024-12-01,2.1.1,5.2
growth_mom,2025-01-01,2.1.1,1.433
growth_mom,2025-02-01,2.1.1,0.706
growth_mom,2025-03-01,2.1.1,0.842
growth_mom,2025-04-01,2.1.1,-2.295
growth_mom,2025-05-01,2.1.1,-1.566
growth_mom,2025-06-01,2.1.1,-5.278
growth_mom,2025-07-01,2.1.1,0.305
growth_mom,2025-08-01,2.1.1,1.674
growth_mom,2025-09-01,2.1.1,1.422
growth_mom,2025-10-01,2.1.1,-0.074
growth_mom,2025-11-01,2.1.1,-1.182
growth_mom,2025-12-01,2.1.1,0.075
growth_mom,2026-01-01,2.1.1,-1.12
growth_mom,2026-02-01,2.1.1,-0.453
growth_mom,2026-03-01,2.1.1,4.856
growth_mom,2026-04-01,2.1.1,2.605
growth_mom,2026-05-01,2.1.1,2.045
growth_mom,2026-06-01,2.1.1,0.415
growth_mom,2026-07-01,2.1.1,0.0
abs,2015-01-01,2.1.2,105.2
abs,2015-02-01,2.1.2,105.3
abs,2015-03-01,2.1.2,105.8
abs,2015-04-01,2.1.2,105.3
abs,2015-05-01,2.1.2,105.0
abs,2015-06-01,2.1.2,105.4
abs,2015-07-01,2.1.2,105.3
abs,2015-08-01,2.1.2,104.7
abs,2015-09-01,2.1.2,104.9
abs,2015-10-01,2.1.2,104.8
abs,2015-11-01,2.1.2,105.0
abs,2015-12-01,2.1.2,104.0
abs,2016-01-01,2.1.2,103.7
abs,2016-02-01,2.1.2,103.1
abs,2016-03-01,2.1.2,104.1
abs,2016-04-01,2.1.2,105.6
abs,2016-05-01,2.1.2,105.8
abs,2016-06-01,2.1.2,105.9
abs,2016-07-01,2.1.2,104.9
abs,2016-08-01,2.1.2,104.9
abs,2016-09-01,2.1.2,105.7
abs,2016-10-01,2.1.2,106.4
abs,2016-11-01,2.1.2,108.8
abs,2016-12-01,2.1.2,110.7
abs,2017-01-01,2.1.2,112.3
abs,2017-02-01,2.1.2,113.2
abs,2017-03-01,2.1.2,112.6
abs,2017-04-01,2.1.2,111.3
abs,2017-05-01,2.1.2,111.2
abs,2017-06-01,2.1.2,109.3
abs,2017-07-01,2.1.2,108.7
abs,2017-08-01,2.1.2,109.3
abs,2017-09-01,2.1.2,110.4
abs,2017-10-01,2.1.2,110.4
abs,2017-11-01,2.1.2,110.9
abs,2017-12-01,2.1.2,110.9
abs,2018-01-01,2.1.2,110.3
abs,2018-02-01,2.1.2,109.2
abs,2018-03-01,2.1.2,108.5
abs,2018-04-01,2.1.2,108.3
abs,2018-05-01,2.1.2,108.1
abs,2018-06-01,2.1.2,107.6
abs,2018-07-01,2.1.2,107.2
abs,2018-08-01,2.1.2,107.2
abs,2018-09-01,2.1.2,107.4
abs,2018-10-01,2.1.2,107.1
abs,2018-11-01,2.1.2,106.1
abs,2018-12-01,2.1.2,105.0
abs,2019-01-01,2.1.2,104.7
abs,2019-02-01,2.1.2,104.6
abs,2019-03-01,2.1.2,104.9
abs,2019-04-01,2.1.2,105.1
abs,2019-05-01,2.1.2,105.0
abs,2019-06-01,2.1.2,104.7
abs,2019-07-01,2.1.2,104.6
abs,2019-08-01,2.1.2,104.5
abs,2019-09-01,2.1.2,104.5
abs,2019-10-01,2.1.2,104.4
abs,2019-11-01,2.1.2,104.4
abs,2019-12-01,2.1.2,104.5
abs,2020-01-01,2.1.2,104.8
abs,2020-02-01,2.1.2,105.5
abs,2020-03-01,2.1.2,105.4
abs,2020-04-01,2.1.2,105.0
abs,2020-05-01,2.1.2,104.6
abs,2020-06-01,2.1.2,103.7
abs,2020-07-01,2.1.2,103.3
abs,2020-08-01,2.1.2,104.1
abs,2020-09-01,2.1.2,104.2
abs,2020-10-01,2.1.2,105.0
abs,2020-11-01,2.1.2,105.8
abs,2020-12-01,2.1.2,106.2
abs,2021-01-01,2.1.2,107.2
abs,2021-02-01,2.1.2,108.4
abs,2021-03-01,2.1.2,109.5
abs,2021-04-01,2.1.2,110.4
abs,2021-05-01,2.1.2,111.2
abs,2021-06-01,2.1.2,112.4
abs,2021-07-01,2.1.2,112.9
abs,2021-08-01,2.1.2,113.6
abs,2021-09-01,2.1.2,114.3
abs,2021-10-01,2.1.2,115.2
abs,2021-11-01,2.1.2,116.6
abs,2021-12-01,2.1.2,117.1
abs,2022-01-01,2.1.2,118.2
abs,2022-02-01,2.1.2,119.7
abs,2022-03-01,2.1.2,121.6
abs,2022-04-01,2.1.2,124.0
abs,2022-05-01,2.1.2,125.6
abs,2022-06-01,2.1.2,126.3
abs,2022-07-01,2.1.2,126.3
abs,2022-08-01,2.1.2,125.3
abs,2022-09-01,2.1.2,123.8
abs,2022-10-01,2.1.2,122.4
abs,2022-11-01,2.1.2,122.1
abs,2022-12-01,2.1.2,121.4
abs,2023-01-01,2.1.2,119.9
abs,2023-02-01,2.1.2,119.6
abs,2023-03-01,2.1.2,120.0
abs,2023-04-01,2.1.2,120.5
abs,2023-05-01,2.1.2,120.6
abs,2023-06-01,2.1.2,120.6
abs,2023-07-01,2.1.2,120.4
abs,2023-08-01,2.1.2,119.4
abs,2023-09-01,2.1.2,118.9
abs,2023-10-01,2.1.2,119.4
abs,2023-11-01,2.1.2,119.7
abs,2023-12-01,2.1.2,119.4
abs,2024-01-01,2.1.2,119.4
abs,2024-02-01,2.1.2,119.6
abs,2024-03-01,2.1.2,120.9
abs,2024-04-01,2.1.2,122.3
abs,2024-05-01,2.1.2,122.9
abs,2024-06-01,2.1.2,123.4
abs,2024-07-01,2.1.2,122.5
abs,2024-08-01,2.1.2,121.7
abs,2024-09-01,2.1.2,120.6
abs,2024-10-01,2.1.2,119.1
abs,2024-11-01,2.1.2,118.9
abs,2024-12-01,2.1.2,119.7
abs,2025-01-01,2.1.2,120.9
abs,2025-02-01,2.1.2,121.1
abs,2025-03-01,2.1.2,120.6
abs,2025-04-01,2.1.2,120.2
abs,2025-05-01,2.1.2,119.9
abs,2025-06-01,2.1.2,118.6
abs,2025-07-01,2.1.2,117.3
abs,2025-08-01,2.1.2,117.0
abs,2025-09-01,2.1.2,116.9
abs,2025-10-01,2.1.2,117.8
abs,2025-11-01,2.1.2,117.8
abs,2025-12-01,2.1.2,117.7
abs,2026-01-01,2.1.2,117.6
abs,2026-02-01,2.1.2,117.0
abs,2026-03-01,2.1.2,118.0
abs,2026-04-01,2.1.2,119.3
abs,2026-05-01,2.1.2,120.9
abs,2026-06-01,2.1.2,122.3
abs,2026-07-01,2.1.2,122.7
growth_yoy,2016-01-01,2.1.2,-1.426
growth_yoy,2016-02-01,2.1.2,-2.089
growth_yoy,2016-03-01,2.1.2,-1.607
growth_yoy,2016-04-01,2.1.2,0.285
growth_yoy,2016-05-01,2.1.2,0.762
growth_yoy,2016-06-01,2.1.2,0.474
growth_yoy,2016-07-01,2.1.2,-0.38
growth_yoy,2016-08-01,2.1.2,0.191
growth_yoy,2016-09-01,2.1.2,0.763
growth_yoy,2016-10-01,2.1.2,1.527
growth_yoy,2016-11-01,2.1.2,3.619
growth_yoy,2016-12-01,2.1.2,6.442
growth_yoy,2017-01-01,2.1.2,8.293
growth_yoy,2017-02-01,2.1.2,9.796
growth_yoy,2017-03-01,2.1.2,8.165
growth_yoy,2017-04-01,2.1.2,5.398
growth_yoy,2017-05-01,2.1.2,5.104
growth_yoy,2017-06-01,2.1.2,3.211
growth_yoy,2017-07-01,2.1.2,3.622
growth_yoy,2017-08-01,2.1.2,4.194
growth_yoy,2017-09-01,2.1.2,4.447
growth_yoy,2017-10-01,2.1.2,3.759
growth_yoy,2017-11-01,2.1.2,1.93
growth_yoy,2017-12-01,2.1.2,0.181
growth_yoy,2018-01-01,2.1.2,-1.781
growth_yoy,2018-02-01,2.1.2,-3.534
growth_yoy,2018-03-01,2.1.2,-3.641
growth_yoy,2018-04-01,2.1.2,-2.695
growth_yoy,2018-05-01,2.1.2,-2.788
growth_yoy,2018-06-01,2.1.2,-1.555
growth_yoy,2018-07-01,2.1.2,-1.38
growth_yoy,2018-08-01,2.1.2,-1.921
growth_yoy,2018-09-01,2.1.2,-2.717
growth_yoy,2018-10-01,2.1.2,-2.989
growth_yoy,2018-11-01,2.1.2,-4.328
growth_yoy,2018-12-01,2.1.2,-5.32
growth_yoy,2019-01-01,2.1.2,-5.077
growth_yoy,2019-02-01,2.1.2,-4.212
growth_yoy,2019-03-01,2.1.2,-3.318
growth_yoy,2019-04-01,2.1.2,-2.955
growth_yoy,2019-05-01,2.1.2,-2.868
growth_yoy,2019-06-01,2.1.2,-2.695
growth_yoy,2019-07-01,2.1.2,-2.425
growth_yoy,2019-08-01,2.1.2,-2.519
growth_yoy,2019-09-01,2.1.2,-2.7
growth_yoy,2019-10-01,2.1.2,-2.521
growth_yoy,2019-11-01,2.1.2,-1.602
growth_yoy,2019-12-01,2.1.2,-0.476
growth_yoy,2020-01-01,2.1.2,0.096
growth_yoy,2020-02-01,2.1.2,0.86
growth_yoy,2020-03-01,2.1.2,0.477
growth_yoy,2020-04-01,2.1.2,-0.095
growth_yoy,2020-05-01,2.1.2,-0.381
growth_yoy,2020-06-01,2.1.2,-0.955
growth_yoy,2020-07-01,2.1.2,-1.243
growth_yoy,2020-08-01,2.1.2,-0.383
growth_yoy,2020-09-01,2.1.2,-0.287
growth_yoy,2020-10-01,2.1.2,0.575
growth_yoy,2020-11-01,2.1.2,1.341
growth_yoy,2020-12-01,2.1.2,1.627
growth_yoy,2021-01-01,2.1.2,2.29
growth_yoy,2021-02-01,2.1.2,2.749
growth_yoy,2021-03-01,2.1.2,3.89
growth_yoy,2021-04-01,2.1.2,5.143
growth_yoy,2021-05-01,2.1.2,6.31
growth_yoy,2021-06-01,2.1.2,8.39
growth_yoy,2021-07-01,2.1.2,9.293
growth_yoy,2021-08-01,2.1.2,9.126
growth_yoy,2021-09-01,2.1.2,9.693
growth_yoy,2021-10-01,2.1.2,9.714
growth_yoy,2021-11-01,2.1.2,10.208
growth_yoy,2021-12-01,2.1.2,10.264
growth_yoy,2022-01-01,2.1.2,10.261
growth_yoy,2022-02-01,2.1.2,10.424
growth_yoy,2022-03-01,2.1.2,11.05
growth_yoy,2022-04-01,2.1.2,12.319
growth_yoy,2022-05-01,2.1.2,12.95
growth_yoy,2022-06-01,2.1.2,12.367
growth_yoy,2022-07-01,2.1.2,11.869
growth_yoy,2022-08-01,2.1.2,10.299
growth_yoy,2022-09-01,2.1.2,8.311
growth_yoy,2022-10-01,2.1.2,6.25
growth_yoy,2022-11-01,2.1.2,4.717
growth_yoy,2022-12-01,2.1.2,3.672
growth_yoy,2023-01-01,2.1.2,1.438
growth_yoy,2023-02-01,2.1.2,-0.084
growth_yoy,2023-03-01,2.1.2,-1.316
growth_yoy,2023-04-01,2.1.2,-2.823
growth_yoy,2023-05-01,2.1.2,-3.981
growth_yoy,2023-06-01,2.1.2,-4.513
growth_yoy,2023-07-01,2.1.2,-4.671
growth_yoy,2023-08-01,2.1.2,-4.709
growth_yoy,2023-09-01,2.1.2,-3.958
growth_yoy,2023-10-01,2.1.2,-2.451
growth_yoy,2023-11-01,2.1.2,-1.966
growth_yoy,2023-12-01,2.1.2,-1.647
growth_yoy,2024-01-01,2.1.2,-0.417
growth_yoy,2024-02-01,2.1.2,0.0
growth_yoy,2024-03-01,2.1.2,0.75
growth_yoy,2024-04-01,2.1.2,1.494
growth_yoy,2024-05-01,2.1.2,1.907
growth_yoy,2024-06-01,2.1.2,2.322
growth_yoy,2024-07-01,2.1.2,1.744
growth_yoy,2024-08-01,2.1.2,1.926
growth_yoy,2024-09-01,2.1.2,1.43
growth_yoy,2024-10-01,2.1.2,-0.251
growth_yoy,2024-11-01,2.1.2,-0.668
growth_yoy,2024-12-01,2.1.2,0.251
growth_yoy,2025-01-01,2.1.2,1.256
growth_yoy,2025-02-01,2.1.2,1.254
growth_yoy,2025-03-01,2.1.2,-0.248
growth_yoy,2025-04-01,2.1.2,-1.717
growth_yoy,2025-05-01,2.1.2,-2.441
growth_yoy,2025-06-01,2.1.2,-3.89
growth_yoy,2025-07-01,2.1.2,-4.245
growth_yoy,2025-08-01,2.1.2,-3.862
growth_yoy,2025-09-01,2.1.2,-3.068
growth_yoy,2025-10-01,2.1.2,-1.092
growth_yoy,2025-11-01,2.1.2,-0.925
growth_yoy,2025-12-01,2.1.2,-1.671
growth_yoy,2026-01-01,2.1.2,-2.73
growth_yoy,2026-02-01,2.1.2,-3.386
growth_yoy,2026-03-01,2.1.2,-2.156
growth_yoy,2026-04-01,2.1.2,-0.749
growth_yoy,2026-05-01,2.1.2,0.834
growth_yoy,2026-06-01,2.1.2,3.12
growth_yoy,2026-07-01,2.1.2,4.604
growth_mom,2015-02-01,2.1.2,0.095
growth_mom,2015-03-01,2.1.2,0.475
growth_mom,2015-04-01,2.1.2,-0.473
growth_mom,2015-05-01,2.1.2,-0.285
growth_mom,2015-06-01,2.1.2,0.381
growth_mom,2015-07-01,2.1.2,-0.095
growth_mom,2015-08-01,2.1.2,-0.57
growth_mom,2015-09-01,2.1.2,0.191
growth_mom,2015-10-01,2.1.2,-0.095
growth_mom,2015-11-01,2.1.2,0.191
growth_mom,2015-12-01,2.1.2,-0.952
growth_mom,2016-01-01,2.1.2,-0.288
growth_mom,2016-02-01,2.1.2,-0.579
growth_mom,2016-03-01,2.1.2,0.97
growth_mom,2016-04-01,2.1.2,1.441
growth_mom,2016-05-01,2.1.2,0.189
growth_mom,2016-06-01,2.1.2,0.095
growth_mom,2016-07-01,2.1.2,-0.944
growth_mom,2016-08-01,2.1.2,0.0
growth_mom,2016-09-01,2.1.2,0.763
growth_mom,2016-10-01,2.1.2,0.662
growth_mom,2016-11-01,2.1.2,2.256
growth_mom,2016-12-01,2.1.2,1.746
growth_mom,2017-01-01,2.1.2,1.445
growth_mom,2017-02-01,2.1.2,0.801
growth_mom,2017-03-01,2.1.2,-0.53
growth_mom,2017-04-01,2.1.2,-1.155
growth_mom,2017-05-01,2.1.2,-0.09
growth_mom,2017-06-01,2.1.2,-1.709
growth_mom,2017-07-01,2.1.2,-0.549
growth_mom,2017-08-01,2.1.2,0.552
growth_mom,2017-09-01,2.1.2,1.006
growth_mom,2017-10-01,2.1.2,0.0
growth_mom,2017-11-01,2.1.2,0.453
growth_mom,2017-12-01,2.1.2,0.0
growth_mom,2018-01-01,2.1.2,-0.541
growth_mom,2018-02-01,2.1.2,-0.997
growth_mom,2018-03-01,2.1.2,-0.641
growth_mom,2018-04-01,2.1.2,-0.184
growth_mom,2018-05-01,2.1.2,-0.185
growth_mom,2018-06-01,2.1.2,-0.463
growth_mom,2018-07-01,2.1.2,-0.372
growth_mom,2018-08-01,2.1.2,0.0
growth_mom,2018-09-01,2.1.2,0.187
growth_mom,2018-10-01,2.1.2,-0.279
growth_mom,2018-11-01,2.1.2,-0.934
growth_mom,2018-12-01,2.1.2,-1.037
growth_mom,2019-01-01,2.1.2,-0.286
growth_mom,2019-02-01,2.1.2,-0.096
growth_mom,2019-03-01,2.1.2,0.287
growth_mom,2019-04-01,2.1.2,0.191
growth_mom,2019-05-01,2.1.2,-0.095
growth_mom,2019-06-01,2.1.2,-0.286
growth_mom,2019-07-01,2.1.2,-0.096
growth_mom,2019-08-01,2.1.2,-0.096
growth_mom,2019-09-01,2.1.2,0.0
growth_mom,2019-10-01,2.1.2,-0.096
growth_mom,2019-11-01,2.1.2,0.0
growth_mom,2019-12-01,2.1.2,0.096
growth_mom,2020-01-01,2.1.2,0.287
growth_mom,2020-02-01,2.1.2,0.668
growth_mom,2020-03-01,2.1.2,-0.095
growth_mom,2020-04-01,2.1.2,-0.38
growth_mom,2020-05-01,2.1.2,-0.381
growth_mom,2020-06-01,2.1.2,-0.86
growth_mom,2020-07-01,2.1.2,-0.386
growth_mom,2020-08-01,2.1.2,0.774
growth_mom,2020-09-01,2.1.2,0.096
growth_mom,2020-10-01,2.1.2,0.768
growth_mom,2020-11-01,2.1.2,0.762
growth_mom,2020-12-01,2.1.2,0.378
growth_mom,2021-01-01,2.1.2,0.942
growth_mom,2021-02-01,2.1.2,1.119
growth_mom,2021-03-01,2.1.2,1.015
growth_mom,2021-04-01,2.1.2,0.822
growth_mom,2021-05-01,2.1.2,0.725
growth_mom,2021-06-01,2.1.2,1.079
growth_mom,2021-07-01,2.1.2,0.445
growth_mom,2021-08-01,2.1.2,0.62
growth_mom,2021-09-01,2.1.2,0.616
growth_mom,2021-10-01,2.1.2,0.787
growth_mom,2021-11-01,2.1.2,1.215
growth_mom,2021-12-01,2.1.2,0.429
growth_mom,2022-01-01,2.1.2,0.939
growth_mom,2022-02-01,2.1.2,1.269
growth_mom,2022-03-01,2.1.2,1.587
growth_mom,2022-04-01,2.1.2,1.974
growth_mom,2022-05-01,2.1.2,1.29
growth_mom,2022-06-01,2.1.2,0.557
growth_mom,2022-07-01,2.1.2,0.0
growth_mom,2022-08-01,2.1.2,-0.792
growth_mom,2022-09-01,2.1.2,-1.197
growth_mom,2022-10-01,2.1.2,-1.131
growth_mom,2022-11-01,2.1.2,-0.245
growth_mom,2022-12-01,2.1.2,-0.573
growth_mom,2023-01-01,2.1.2,-1.236
growth_mom,2023-02-01,2.1.2,-0.25
growth_mom,2023-03-01,2.1.2,0.334
growth_mom,2023-04-01,2.1.2,0.417
growth_mom,2023-05-01,2.1.2,0.083
growth_mom,2023-06-01,2.1.2,0.0
growth_mom,2023-07-01,2.1.2,-0.166
growth_mom,2023-08-01,2.1.2,-0.831
growth_mom,2023-09-01,2.1.2,-0.419
growth_mom,2023-10-01,2.1.2,0.421
growth_mom,2023-11-01,2.1.2,0.251
growth_mom,2023-12-01,2.1.2,-0.251
growth_mom,2024-01-01,2.1.2,0.0
growth_mom,2024-02-01,2.1.2,0.168
growth_mom,2024-03-01,2.1.2,1.087
growth_mom,2024-04-01,2.1.2,1.158
growth_mom,2024-05-01,2.1.2,0.491
growth_mom,2024-06-01,2.1.2,0.407
growth_mom,2024-07-01,2.1.2,-0.729
growth_mom,2024-08-01,2.1.2,-0.653
growth_mom,2024-09-01,2.1.2,-0.904
growth_mom,2024-10-01,2.1.2,-1.244
growth_mom,2024-11-01,2.1.2,-0.168
growth_mom,2024-12-01,2.1.2,0.673
growth_mom,2025-01-01,2.1.2,1.003
growth_mom,2025-02-01,2.1.2,0.165
growth_mom,2025-03-01,2.1.2,-0.413
growth_mom,2025-04-01,2.1.2,-0.332
growth_mom,2025-05-01,2.1.2,-0.25
growth_mom,2025-06-01,2.1.2,-1.084
growth_mom,2025-07-01,2.1.2,-1.096
growth_mom,2025-08-01,2.1.2,-0.256
growth_mom,2025-09-01,2.1.2,-0.085
growth_mom,2025-10-01,2.1.2,0.77
growth_mom,2025-11-01,2.1.2,0.0
growth_mom,2025-12-01,2.1.2,-0.085
growth_mom,2026-01-01,2.1.2,-0.085
growth_mom,2026-02-01,2.1.2,-0.51
growth_mom,2026-03-01,2.1.2,0.855
growth_mom,2026-04-01,2.1.2,1.102
growth_mom,2026-05-01,2.1.2,1.341
growth_mom,2026-06-01,2.1.2,1.158
growth_mom,2026-07-01,2.1.2,0.327
abs,2015-01-01,2.2,103.1
abs,2015-02-01,2.2,103.0
abs,2015-03-01,2.2,103.2
abs,2015-04-01,2.2,103.4
abs,2015-05-01,2.2,103.4
abs,2015-06-01,2.2,103.4
abs,2015-07-01,2.2,103.6
abs,2015-08-01,2.2,103.6
abs,2015-09-01,2.2,103.9
abs,2015-10-01,2.2,104.0
abs,2015-11-01,2.2,103.7
abs,2015-12-01,2.2,103.7
abs,2016-01-01,2.2,103.9
abs,2016-02-01,2.2,103.8
abs,2016-03-01,2.2,103.5
abs,2016-04-01,2.2,103.4
abs,2016-05-01,2.2,103.3
abs,2016-06-01,2.2,103.8
abs,2016-07-01,2.2,103.8
abs,2016-08-01,2.2,103.8
abs,2016-09-01,2.2,104.0
abs,2016-10-01,2.2,103.8
abs,2016-11-01,2.2,104.3
abs,2016-12-01,2.2,104.4
abs,2017-01-01,2.2,105.1
abs,2017-02-01,2.2,105.1
abs,2017-03-01,2.2,105.2
abs,2017-04-01,2.2,106.1
abs,2017-05-01,2.2,106.0
abs,2017-06-01,2.2,105.7
abs,2017-07-01,2.2,105.8
abs,2017-08-01,2.2,105.9
abs,2017-09-01,2.2,106.4
abs,2017-10-01,2.2,106.5
abs,2017-11-01,2.2,106.5
abs,2017-12-01,2.2,106.5
abs,2018-01-01,2.2,105.3
abs,2018-02-01,2.2,104.4
abs,2018-03-01,2.2,104.3
abs,2018-04-01,2.2,103.7
abs,2018-05-01,2.2,104.2
abs,2018-06-01,2.2,104.1
abs,2018-07-01,2.2,104.1
abs,2018-08-01,2.2,104.4
abs,2018-09-01,2.2,104.6
abs,2018-10-01,2.2,104.5
abs,2018-11-01,2.2,104.6
abs,2018-12-01,2.2,104.4
abs,2019-01-01,2.2,104.4
abs,2019-02-01,2.2,104.4
abs,2019-03-01,2.2,104.5
abs,2019-04-01,2.2,104.4
abs,2019-05-01,2.2,104.6
abs,2019-06-01,2.2,104.5
abs,2019-07-01,2.2,104.8
abs,2019-08-01,2.2,104.5
abs,2019-09-01,2.2,104.8
abs,2019-10-01,2.2,104.7
abs,2019-11-01,2.2,104.3
abs,2019-12-01,2.2,104.5
abs,2020-01-01,2.2,104.8
abs,2020-02-01,2.2,104.8
abs,2020-03-01,2.2,104.6
abs,2020-04-01,2.2,104.8
abs,2020-05-01,2.2,104.7
abs,2020-06-01,2.2,104.3
abs,2020-07-01,2.2,104.0
abs,2020-08-01,2.2,103.4
abs,2020-09-01,2.2,103.5
abs,2020-10-01,2.2,103.1
abs,2020-11-01,2.2,102.7
abs,2020-12-01,2.2,102.9
abs,2021-01-01,2.2,103.4
abs,2021-02-01,2.2,103.1
abs,2021-03-01,2.2,103.4
abs,2021-04-01,2.2,104.1
abs,2021-05-01,2.2,104.2
abs,2021-06-01,2.2,104.3
abs,2021-07-01,2.2,104.5
abs,2021-08-01,2.2,104.7
abs,2021-09-01,2.2,105.4
abs,2021-10-01,2.2,106.0
abs,2021-11-01,2.2,106.7
abs,2021-12-01,2.2,106.8
abs,2022-01-01,2.2,107.3
abs,2022-02-01,2.2,107.4
abs,2022-03-01,2.2,108.2
abs,2022-04-01,2.2,108.8
abs,2022-05-01,2.2,109.7
abs,2022-06-01,2.2,109.8
abs,2022-07-01,2.2,109.6
abs,2022-08-01,2.2,109.7
abs,2022-09-01,2.2,109.6
abs,2022-10-01,2.2,109.8
abs,2022-11-01,2.2,110.2
abs,2022-12-01,2.2,110.6
abs,2023-01-01,2.2,112.0
abs,2023-02-01,2.2,112.0
abs,2023-03-01,2.2,112.3
abs,2023-04-01,2.2,113.6
abs,2023-05-01,2.2,114.8
abs,2023-06-01,2.2,115.1
abs,2023-07-01,2.2,115.5
abs,2023-08-01,2.2,116.7
abs,2023-09-01,2.2,117.5
abs,2023-10-01,2.2,117.6
abs,2023-11-01,2.2,117.7
abs,2023-12-01,2.2,116.8
abs,2024-01-01,2.2,117.1
abs,2024-02-01,2.2,116.7
abs,2024-03-01,2.2,116.7
abs,2024-04-01,2.2,117.2
abs,2024-05-01,2.2,116.5
abs,2024-06-01,2.2,117.9
abs,2024-07-01,2.2,118.1
abs,2024-08-01,2.2,117.1
abs,2024-09-01,2.2,116.5
abs,2024-10-01,2.2,116.2
abs,2024-11-01,2.2,116.2
abs,2024-12-01,2.2,115.8
abs,2025-01-01,2.2,115.3
abs,2025-02-01,2.2,115.3
abs,2025-03-01,2.2,115.4
abs,2025-04-01,2.2,116.5
abs,2025-05-01,2.2,117.2
abs,2025-06-01,2.2,117.6
abs,2025-07-01,2.2,119.1
abs,2025-08-01,2.2,119.5
abs,2025-09-01,2.2,120.9
abs,2025-10-01,2.2,121.5
abs,2025-11-01,2.2,121.7
abs,2025-12-01,2.2,121.2
abs,2026-01-01,2.2,122.0
abs,2026-02-01,2.2,122.1
abs,2026-03-01,2.2,122.2
abs,2026-04-01,2.2,123.4
abs,2026-05-01,2.2,123.4
abs,2026-06-01,2.2,123.9
abs,2026-07-01,2.2,124.4
growth_yoy,2016-01-01,2.2,0.776
growth_yoy,2016-02-01,2.2,0.777
growth_yoy,2016-03-01,2.2,0.291
growth_yoy,2016-04-01,2.2,0.0
growth_yoy,2016-05-01,2.2,-0.097
growth_yoy,2016-06-01,2.2,0.387
growth_yoy,2016-07-01,2.2,0.193
growth_yoy,2016-08-01,2.2,0.193
growth_yoy,2016-09-01,2.2,0.096
growth_yoy,2016-10-01,2.2,-0.192
growth_yoy,2016-11-01,2.2,0.579
growth_yoy,2016-12-01,2.2,0.675
growth_yoy,2017-01-01,2.2,1.155
growth_yoy,2017-02-01,2.2,1.252
growth_yoy,2017-03-01,2.2,1.643
growth_yoy,2017-04-01,2.2,2.611
growth_yoy,2017-05-01,2.2,2.614
growth_yoy,2017-06-01,2.2,1.83
growth_yoy,2017-07-01,2.2,1.927
growth_yoy,2017-08-01,2.2,2.023
growth_yoy,2017-09-01,2.2,2.308
growth_yoy,2017-10-01,2.2,2.601
growth_yoy,2017-11-01,2.2,2.109
growth_yoy,2017-12-01,2.2,2.011
growth_yoy,2018-01-01,2.2,0.19
growth_yoy,2018-02-01,2.2,-0.666
growth_yoy,2018-03-01,2.2,-0.856
growth_yoy,2018-04-01,2.2,-2.262
growth_yoy,2018-05-01,2.2,-1.698
growth_yoy,2018-06-01,2.2,-1.514
growth_yoy,2018-07-01,2.2,-1.607
growth_yoy,2018-08-01,2.2,-1.416
growth_yoy,2018-09-01,2.2,-1.692
growth_yoy,2018-10-01,2.2,-1.878
growth_yoy,2018-11-01,2.2,-1.784
growth_yoy,2018-12-01,2.2,-1.972
growth_yoy,2019-01-01,2.2,-0.855
growth_yoy,2019-02-01,2.2,0.0
growth_yoy,2019-03-01,2.2,0.192
growth_yoy,2019-04-01,2.2,0.675
growth_yoy,2019-05-01,2.2,0.384
growth_yoy,2019-06-01,2.2,0.384
growth_yoy,2019-07-01,2.2,0.672
growth_yoy,2019-08-01,2.2,0.096
growth_yoy,2019-09-01,2.2,0.191
growth_yoy,2019-10-01,2.2,0.191
growth_yoy,2019-11-01,2.2,-0.287
growth_yoy,2019-12-01,2.2,0.096
growth_yoy,2020-01-01,2.2,0.383
growth_yoy,2020-02-01,2.2,0.383
growth_yoy,2020-03-01,2.2,0.096
growth_yoy,2020-04-01,2.2,0.383
growth_yoy,2020-05-01,2.2,0.096
growth_yoy,2020-06-01,2.2,-0.191
growth_yoy,2020-07-01,2.2,-0.763
growth_yoy,2020-08-01,2.2,-1.053
growth_yoy,2020-09-01,2.2,-1.24
growth_yoy,2020-10-01,2.2,-1.528
growth_yoy,2020-11-01,2.2,-1.534
growth_yoy,2020-12-01,2.2,-1.531
growth_yoy,2021-01-01,2.2,-1.336
growth_yoy,2021-02-01,2.2,-1.622
growth_yoy,2021-03-01,2.2,-1.147
growth_yoy,2021-04-01,2.2,-0.668
growth_yoy,2021-05-01,2.2,-0.478
growth_yoy,2021-06-01,2.2,0.0
growth_yoy,2021-07-01,2.2,0.481
growth_yoy,2021-08-01,2.2,1.257
growth_yoy,2021-09-01,2.2,1.836
growth_yoy,2021-10-01,2.2,2.813
growth_yoy,2021-11-01,2.2,3.895
growth_yoy,2021-12-01,2.2,3.79
growth_yoy,2022-01-01,2.2,3.772
growth_yoy,2022-02-01,2.2,4.171
growth_yoy,2022-03-01,2.2,4.642
growth_yoy,2022-04-01,2.2,4.515
growth_yoy,2022-05-01,2.2,5.278
growth_yoy,2022-06-01,2.2,5.273
growth_yoy,2022-07-01,2.2,4.88
growth_yoy,2022-08-01,2.2,4.776
growth_yoy,2022-09-01,2.2,3.985
growth_yoy,2022-10-01,2.2,3.585
growth_yoy,2022-11-01,2.2,3.28
growth_yoy,2022-12-01,2.2,3.558
growth_yoy,2023-01-01,2.2,4.38
growth_yoy,2023-02-01,2.2,4.283
growth_yoy,2023-03-01,2.2,3.789
growth_yoy,2023-04-01,2.2,4.412
growth_yoy,2023-05-01,2.2,4.649
growth_yoy,2023-06-01,2.2,4.827
growth_yoy,2023-07-01,2.2,5.383
growth_yoy,2023-08-01,2.2,6.381
growth_yoy,2023-09-01,2.2,7.208
growth_yoy,2023-10-01,2.2,7.104
growth_yoy,2023-11-01,2.2,6.806
growth_yoy,2023-12-01,2.2,5.606
growth_yoy,2024-01-01,2.2,4.554
growth_yoy,2024-02-01,2.2,4.196
growth_yoy,2024-03-01,2.2,3.918
growth_yoy,2024-04-01,2.2,3.169
growth_yoy,2024-05-01,2.2,1.481
growth_yoy,2024-06-01,2.2,2.433
growth_yoy,2024-07-01,2.2,2.251
growth_yoy,2024-08-01,2.2,0.343
growth_yoy,2024-09-01,2.2,-0.851
growth_yoy,2024-10-01,2.2,-1.19
growth_yoy,2024-11-01,2.2,-1.274
growth_yoy,2024-12-01,2.2,-0.856
growth_yoy,2025-01-01,2.2,-1.537
growth_yoy,2025-02-01,2.2,-1.2
growth_yoy,2025-03-01,2.2,-1.114
growth_yoy,2025-04-01,2.2,-0.597
growth_yoy,2025-05-01,2.2,0.601
growth_yoy,2025-06-01,2.2,-0.254
growth_yoy,2025-07-01,2.2,0.847
growth_yoy,2025-08-01,2.2,2.05
growth_yoy,2025-09-01,2.2,3.777
growth_yoy,2025-10-01,2.2,4.561
growth_yoy,2025-11-01,2.2,4.733
growth_yoy,2025-12-01,2.2,4.663
growth_yoy,2026-01-01,2.2,5.811
growth_yoy,2026-02-01,2.2,5.898
growth_yoy,2026-03-01,2.2,5.893
growth_yoy,2026-04-01,2.2,5.923
growth_yoy,2026-05-01,2.2,5.29
growth_yoy,2026-06-01,2.2,5.357
growth_yoy,2026-07-01,2.2,4.45
growth_mom,2015-02-01,2.2,-0.097
growth_mom,2015-03-01,2.2,0.194
growth_mom,2015-04-01,2.2,0.194
growth_mom,2015-05-01,2.2,0.0
growth_mom,2015-06-01,2.2,0.0
growth_mom,2015-07-01,2.2,0.193
growth_mom,2015-08-01,2.2,0.0
growth_mom,2015-09-01,2.2,0.29
growth_mom,2015-10-01,2.2,0.096
growth_mom,2015-11-01,2.2,-0.288
growth_mom,2015-12-01,2.2,0.0
growth_mom,2016-01-01,2.2,0.193
growth_mom,2016-02-01,2.2,-0.096
growth_mom,2016-03-01,2.2,-0.289
growth_mom,2016-04-01,2.2,-0.097
growth_mom,2016-05-01,2.2,-0.097
growth_mom,2016-06-01,2.2,0.484
growth_mom,2016-07-01,2.2,0.0
growth_mom,2016-08-01,2.2,0.0
growth_mom,2016-09-01,2.2,0.193
growth_mom,2016-10-01,2.2,-0.192
growth_mom,2016-11-01,2.2,0.482
growth_mom,2016-12-01,2.2,0.096
growth_mom,2017-01-01,2.2,0.67
growth_mom,2017-02-01,2.2,0.0
growth_mom,2017-03-01,2.2,0.095
growth_mom,2017-04-01,2.2,0.856
growth_mom,2017-05-01,2.2,-0.094
growth_mom,2017-06-01,2.2,-0.283
growth_mom,2017-07-01,2.2,0.095
growth_mom,2017-08-01,2.2,0.095
growth_mom,2017-09-01,2.2,0.472
growth_mom,2017-10-01,2.2,0.094
growth_mom,2017-11-01,2.2,0.0
growth_mom,2017-12-01,2.2,0.0
growth_mom,2018-01-01,2.2,-1.127
growth_mom,2018-02-01,2.2,-0.855
growth_mom,2018-03-01,2.2,-0.096
growth_mom,2018-04-01,2.2,-0.575
growth_mom,2018-05-01,2.2,0.482
growth_mom,2018-06-01,2.2,-0.096
growth_mom,2018-07-01,2.2,0.0
growth_mom,2018-08-01,2.2,0.288
growth_mom,2018-09-01,2.2,0.192
growth_mom,2018-10-01,2.2,-0.096
growth_mom,2018-11-01,2.2,0.096
growth_mom,2018-12-01,2.2,-0.191
growth_mom,2019-01-01,2.2,0.0
growth_mom,2019-02-01,2.2,0.0
growth_mom,2019-03-01,2.2,0.096
growth_mom,2019-04-01,2.2,-0.096
growth_mom,2019-05-01,2.2,0.192
growth_mom,2019-06-01,2.2,-0.096
growth_mom,2019-07-01,2.2,0.287
growth_mom,2019-08-01,2.2,-0.286
growth_mom,2019-09-01,2.2,0.287
growth_mom,2019-10-01,2.2,-0.095
growth_mom,2019-11-01,2.2,-0.382
growth_mom,2019-12-01,2.2,0.192
growth_mom,2020-01-01,2.2,0.287
growth_mom,2020-02-01,2.2,0.0
growth_mom,2020-03-01,2.2,-0.191
growth_mom,2020-04-01,2.2,0.191
growth_mom,2020-05-01,2.2,-0.095
growth_mom,2020-06-01,2.2,-0.382
growth_mom,2020-07-01,2.2,-0.288
growth_mom,2020-08-01,2.2,-0.577
growth_mom,2020-09-01,2.2,0.097
growth_mom,2020-10-01,2.2,-0.386
growth_mom,2020-11-01,2.2,-0.388
growth_mom,2020-12-01,2.2,0.195
growth_mom,2021-01-01,2.2,0.486
growth_mom,2021-02-01,2.2,-0.29
growth_mom,2021-03-01,2.2,0.291
growth_mom,2021-04-01,2.2,0.677
growth_mom,2021-05-01,2.2,0.096
growth_mom,2021-06-01,2.2,0.096
growth_mom,2021-07-01,2.2,0.192
growth_mom,2021-08-01,2.2,0.191
growth_mom,2021-09-01,2.2,0.669
growth_mom,2021-10-01,2.2,0.569
growth_mom,2021-11-01,2.2,0.66
growth_mom,2021-12-01,2.2,0.094
growth_mom,2022-01-01,2.2,0.468
growth_mom,2022-02-01,2.2,0.093
growth_mom,2022-03-01,2.2,0.745
growth_mom,2022-04-01,2.2,0.555
growth_mom,2022-05-01,2.2,0.827
growth_mom,2022-06-01,2.2,0.091
growth_mom,2022-07-01,2.2,-0.182
growth_mom,2022-08-01,2.2,0.091
growth_mom,2022-09-01,2.2,-0.091
growth_mom,2022-10-01,2.2,0.182
growth_mom,2022-11-01,2.2,0.364
growth_mom,2022-12-01,2.2,0.363
growth_mom,2023-01-01,2.2,1.266
growth_mom,2023-02-01,2.2,0.0
growth_mom,2023-03-01,2.2,0.268
growth_mom,2023-04-01,2.2,1.158
growth_mom,2023-05-01,2.2,1.056
growth_mom,2023-06-01,2.2,0.261
growth_mom,2023-07-01,2.2,0.348
growth_mom,2023-08-01,2.2,1.039
growth_mom,2023-09-01,2.2,0.686
growth_mom,2023-10-01,2.2,0.085
growth_mom,2023-11-01,2.2,0.085
growth_mom,2023-12-01,2.2,-0.765
growth_mom,2024-01-01,2.2,0.257
growth_mom,2024-02-01,2.2,-0.342
growth_mom,2024-03-01,2.2,0.0
growth_mom,2024-04-01,2.2,0.428
growth_mom,2024-05-01,2.2,-0.597
growth_mom,2024-06-01,2.2,1.202
growth_mom,2024-07-01,2.2,0.17
growth_mom,2024-08-01,2.2,-0.847
growth_mom,2024-09-01,2.2,-0.512
growth_mom,2024-10-01,2.2,-0.258
growth_mom,2024-11-01,2.2,0.0
growth_mom,2024-12-01,2.2,-0.344
growth_mom,2025-01-01,2.2,-0.432
growth_mom,2025-02-01,2.2,0.0
growth_mom,2025-03-01,2.2,0.087
growth_mom,2025-04-01,2.2,0.953
growth_mom,2025-05-01,2.2,0.601
growth_mom,2025-06-01,2.2,0.341
growth_mom,2025-07-01,2.2,1.276
growth_mom,2025-08-01,2.2,0.336
growth_mom,2025-09-01,2.2,1.172
growth_mom,2025-10-01,2.2,0.496
growth_mom,2025-11-01,2.2,0.165
growth_mom,2025-12-01,2.2,-0.411
growth_mom,2026-01-01,2.2,0.66
growth_mom,2026-02-01,2.2,0.082
growth_mom,2026-03-01,2.2,0.082
growth_mom,2026-04-01,2.2,0.982
growth_mom,2026-05-01,2.2,0.0
growth_mom,2026-06-01,2.2,0.405
growth_mom,2026-07-01,2.2,0.404
abs,2015-01-01,2.3,136.0
abs,2015-02-01,2.3,130.0
abs,2015-03-01,2.3,121.2
abs,2015-04-01,2.3,114.6
abs,2015-05-01,2.3,101.9
abs,2015-06-01,2.3,97.5
abs,2015-07-01,2.3,102.2
abs,2015-08-01,2.3,108.5
abs,2015-09-01,2.3,111.8
abs,2015-10-01,2.3,111.5
abs,2015-11-01,2.3,108.7
abs,2015-12-01,2.3,109.9
abs,2016-01-01,2.3,105.3
abs,2016-02-01,2.3,103.9
abs,2016-03-01,2.3,95.8
abs,2016-04-01,2.3,95.5
abs,2016-05-01,2.3,83.7
abs,2016-06-01,2.3,82.6
abs,2016-07-01,2.3,87.0
abs,2016-08-01,2.3,90.1
abs,2016-09-01,2.3,93.4
abs,2016-10-01,2.3,94.5
abs,2016-11-01,2.3,97.5
abs,2016-12-01,2.3,100.1
abs,2017-01-01,2.3,104.8
abs,2017-02-01,2.3,108.4
abs,2017-03-01,2.3,107.6
abs,2017-04-01,2.3,106.3
abs,2017-05-01,2.3,108.8
abs,2017-06-01,2.3,111.2
abs,2017-07-01,2.3,109.8
abs,2017-08-01,2.3,111.1
abs,2017-09-01,2.3,111.3
abs,2017-10-01,2.3,107.6
abs,2017-11-01,2.3,106.3
abs,2017-12-01,2.3,108.6
abs,2018-01-01,2.3,110.6
abs,2018-02-01,2.3,113.9
abs,2018-03-01,2.3,113.3
abs,2018-04-01,2.3,116.6
abs,2018-05-01,2.3,114.0
abs,2018-06-01,2.3,113.8
abs,2018-07-01,2.3,117.9
abs,2018-08-01,2.3,120.7
abs,2018-09-01,2.3,122.5
abs,2018-10-01,2.3,123.3
abs,2018-11-01,2.3,123.7
abs,2018-12-01,2.3,124.0
abs,2019-01-01,2.3,123.3
abs,2019-02-01,2.3,121.7
abs,2019-03-01,2.3,120.8
abs,2019-04-01,2.3,119.7
abs,2019-05-01,2.3,120.4
abs,2019-06-01,2.3,117.0
abs,2019-07-01,2.3,118.4
abs,2019-08-01,2.3,121.3
abs,2019-09-01,2.3,120.0
abs,2019-10-01,2.3,121.4
abs,2019-11-01,2.3,122.9
abs,2019-12-01,2.3,120.8
abs,2020-01-01,2.3,119.9
abs,2020-02-01,2.3,120.8
abs,2020-03-01,2.3,118.7
abs,2020-04-01,2.3,117.6
abs,2020-05-01,2.3,113.5
abs,2020-06-01,2.3,112.1
abs,2020-07-01,2.3,107.4
abs,2020-08-01,2.3,106.1
abs,2020-09-01,2.3,105.3
abs,2020-10-01,2.3,105.7
abs,2020-11-01,2.3,107.1
abs,2020-12-01,2.3,110.8
abs,2021-01-01,2.3,113.8
abs,2021-02-01,2.3,115.5
abs,2021-03-01,2.3,115.7
abs,2021-04-01,2.3,118.1
abs,2021-05-01,2.3,119.9
abs,2021-06-01,2.3,122.3
abs,2021-07-01,2.3,124.3
abs,2021-08-01,2.3,127.3
abs,2021-09-01,2.3,127.8
abs,2021-10-01,2.3,128.9
abs,2021-11-01,2.3,130.5
abs,2021-12-01,2.3,131.8
abs,2022-01-01,2.3,133.9
abs,2022-02-01,2.3,136.7
abs,2022-03-01,2.3,139.0
abs,2022-04-01,2.3,141.1
abs,2022-05-01,2.3,142.3
abs,2022-06-01,2.3,144.3
abs,2022-07-01,2.3,147.2
abs,2022-08-01,2.3,149.1
abs,2022-09-01,2.3,149.6
abs,2022-10-01,2.3,154.3
abs,2022-11-01,2.3,152.8
abs,2022-12-01,2.3,152.0
abs,2023-01-01,2.3,149.9
abs,2023-02-01,2.3,148.9
abs,2023-03-01,2.3,147.3
abs,2023-04-01,2.3,145.5
abs,2023-05-01,2.3,143.1
abs,2023-06-01,2.3,139.5
abs,2023-07-01,2.3,136.7
abs,2023-08-01,2.3,133.9
abs,2023-09-01,2.3,137.4
abs,2023-10-01,2.3,133.9
abs,2023-11-01,2.3,130.3
abs,2023-12-01,2.3,131.1
abs,2024-01-01,2.3,130.6
abs,2024-02-01,2.3,129.7
abs,2024-03-01,2.3,133.7
abs,2024-04-01,2.3,131.6
abs,2024-05-01,2.3,128.7
abs,2024-06-01,2.3,128.4
abs,2024-07-01,2.3,127.4
abs,2024-08-01,2.3,124.6
abs,2024-09-01,2.3,122.3
abs,2024-10-01,2.3,119.5
abs,2024-11-01,2.3,124.8
abs,2024-12-01,2.3,122.7
abs,2025-01-01,2.3,119.9
abs,2025-02-01,2.3,118.9
abs,2025-03-01,2.3,118.0
abs,2025-04-01,2.3,118.0
abs,2025-05-01,2.3,116.0
abs,2025-06-01,2.3,112.1
abs,2025-07-01,2.3,115.6
abs,2025-08-01,2.3,113.9
abs,2025-09-01,2.3,117.5
abs,2025-10-01,2.3,115.1
abs,2025-11-01,2.3,115.4
abs,2025-12-01,2.3,114.5
abs,2026-01-01,2.3,112.4
abs,2026-02-01,2.3,107.9
abs,2026-03-01,2.3,112.3
abs,2026-04-01,2.3,117.2
abs,2026-05-01,2.3,120.3
abs,2026-06-01,2.3,127.7
abs,2026-07-01,2.3,131.5
growth_yoy,2016-01-01,2.3,-22.574
growth_yoy,2016-02-01,2.3,-20.077
growth_yoy,2016-03-01,2.3,-20.957
growth_yoy,2016-04-01,2.3,-16.667
growth_yoy,2016-05-01,2.3,-17.861
growth_yoy,2016-06-01,2.3,-15.282
growth_yoy,2016-07-01,2.3,-14.873
growth_yoy,2016-08-01,2.3,-16.959
growth_yoy,2016-09-01,2.3,-16.458
growth_yoy,2016-10-01,2.3,-15.247
growth_yoy,2016-11-01,2.3,-10.304
growth_yoy,2016-12-01,2.3,-8.917
growth_yoy,2017-01-01,2.3,-0.475
growth_yoy,2017-02-01,2.3,4.331
growth_yoy,2017-03-01,2.3,12.317
growth_yoy,2017-04-01,2.3,11.309
growth_yoy,2017-05-01,2.3,29.988
growth_yoy,2017-06-01,2.3,34.625
growth_yoy,2017-07-01,2.3,26.207
growth_yoy,2017-08-01,2.3,23.307
growth_yoy,2017-09-01,2.3,19.165
growth_yoy,2017-10-01,2.3,13.862
growth_yoy,2017-11-01,2.3,9.026
growth_yoy,2017-12-01,2.3,8.492
growth_yoy,2018-01-01,2.3,5.534
growth_yoy,2018-02-01,2.3,5.074
growth_yoy,2018-03-01,2.3,5.297
growth_yoy,2018-04-01,2.3,9.69
growth_yoy,2018-05-01,2.3,4.779
growth_yoy,2018-06-01,2.3,2.338
growth_yoy,2018-07-01,2.3,7.377
growth_yoy,2018-08-01,2.3,8.641
growth_yoy,2018-09-01,2.3,10.063
growth_yoy,2018-10-01,2.3,14.591
growth_yoy,2018-11-01,2.3,16.369
growth_yoy,2018-12-01,2.3,14.18
growth_yoy,2019-01-01,2.3,11.483
growth_yoy,2019-02-01,2.3,6.848
growth_yoy,2019-03-01,2.3,6.62
growth_yoy,2019-04-01,2.3,2.659
growth_yoy,2019-05-01,2.3,5.614
growth_yoy,2019-06-01,2.3,2.812
growth_yoy,2019-07-01,2.3,0.424
growth_yoy,2019-08-01,2.3,0.497
growth_yoy,2019-09-01,2.3,-2.041
growth_yoy,2019-10-01,2.3,-1.541
growth_yoy,2019-11-01,2.3,-0.647
growth_yoy,2019-12-01,2.3,-2.581
growth_yoy,2020-01-01,2.3,-2.758
growth_yoy,2020-02-01,2.3,-0.74
growth_yoy,2020-03-01,2.3,-1.738
growth_yoy,2020-04-01,2.3,-1.754
growth_yoy,2020-05-01,2.3,-5.731
growth_yoy,2020-06-01,2.3,-4.188
growth_yoy,2020-07-01,2.3,-9.291
growth_yoy,2020-08-01,2.3,-12.531
growth_yoy,2020-09-01,2.3,-12.25
growth_yoy,2020-10-01,2.3,-12.932
growth_yoy,2020-11-01,2.3,-12.856
growth_yoy,2020-12-01,2.3,-8.278
growth_yoy,2021-01-01,2.3,-5.088
growth_yoy,2021-02-01,2.3,-4.387
growth_yoy,2021-03-01,2.3,-2.527
growth_yoy,2021-04-01,2.3,0.425
growth_yoy,2021-05-01,2.3,5.639
growth_yoy,2021-06-01,2.3,9.099
growth_yoy,2021-07-01,2.3,15.736
growth_yoy,2021-08-01,2.3,19.981
growth_yoy,2021-09-01,2.3,21.368
growth_yoy,2021-10-01,2.3,21.949
growth_yoy,2021-11-01,2.3,21.849
growth_yoy,2021-12-01,2.3,18.953
growth_yoy,2022-01-01,2.3,17.663
growth_yoy,2022-02-01,2.3,18.355
growth_yoy,2022-03-01,2.3,20.138
growth_yoy,2022-04-01,2.3,19.475
growth_yoy,2022-05-01,2.3,18.682
growth_yoy,2022-06-01,2.3,17.989
growth_yoy,2022-07-01,2.3,18.423
growth_yoy,2022-08-01,2.3,17.125
growth_yoy,2022-09-01,2.3,17.058
growth_yoy,2022-10-01,2.3,19.705
growth_yoy,2022-11-01,2.3,17.088
growth_yoy,2022-12-01,2.3,15.326
growth_yoy,2023-01-01,2.3,11.949
growth_yoy,2023-02-01,2.3,8.925
growth_yoy,2023-03-01,2.3,5.971
growth_yoy,2023-04-01,2.3,3.118
growth_yoy,2023-05-01,2.3,0.562
growth_yoy,2023-06-01,2.3,-3.326
growth_yoy,2023-07-01,2.3,-7.133
growth_yoy,2023-08-01,2.3,-10.195
growth_yoy,2023-09-01,2.3,-8.155
growth_yoy,2023-10-01,2.3,-13.221
growth_yoy,2023-11-01,2.3,-14.725
growth_yoy,2023-12-01,2.3,-13.75
growth_yoy,2024-01-01,2.3,-12.875
growth_yoy,2024-02-01,2.3,-12.895
growth_yoy,2024-03-01,2.3,-9.233
growth_yoy,2024-04-01,2.3,-9.553
growth_yoy,2024-05-01,2.3,-10.063
growth_yoy,2024-06-01,2.3,-7.957
growth_yoy,2024-07-01,2.3,-6.803
growth_yoy,2024-08-01,2.3,-6.945
growth_yoy,2024-09-01,2.3,-10.99
growth_yoy,2024-10-01,2.3,-10.754
growth_yoy,2024-11-01,2.3,-4.221
growth_yoy,2024-12-01,2.3,-6.407
growth_yoy,2025-01-01,2.3,-8.193
growth_yoy,2025-02-01,2.3,-8.327
growth_yoy,2025-03-01,2.3,-11.743
growth_yoy,2025-04-01,2.3,-10.334
growth_yoy,2025-05-01,2.3,-9.868
growth_yoy,2025-06-01,2.3,-12.695
growth_yoy,2025-07-01,2.3,-9.262
growth_yoy,2025-08-01,2.3,-8.587
growth_yoy,2025-09-01,2.3,-3.925
growth_yoy,2025-10-01,2.3,-3.682
growth_yoy,2025-11-01,2.3,-7.532
growth_yoy,2025-12-01,2.3,-6.683
growth_yoy,2026-01-01,2.3,-6.255
growth_yoy,2026-02-01,2.3,-9.251
growth_yoy,2026-03-01,2.3,-4.831
growth_yoy,2026-04-01,2.3,-0.678
growth_yoy,2026-05-01,2.3,3.707
growth_yoy,2026-06-01,2.3,13.916
growth_yoy,2026-07-01,2.3,13.754
growth_mom,2015-02-01,2.3,-4.412
growth_mom,2015-03-01,2.3,-6.769
growth_mom,2015-04-01,2.3,-5.446
growth_mom,2015-05-01,2.3,-11.082
growth_mom,2015-06-01,2.3,-4.318
growth_mom,2015-07-01,2.3,4.821
growth_mom,2015-08-01,2.3,6.164
growth_mom,2015-09-01,2.3,3.041
growth_mom,2015-10-01,2.3,-0.268
growth_mom,2015-11-01,2.3,-2.511
growth_mom,2015-12-01,2.3,1.104
growth_mom,2016-01-01,2.3,-4.186
growth_mom,2016-02-01,2.3,-1.33
growth_mom,2016-03-01,2.3,-7.796
growth_mom,2016-04-01,2.3,-0.313
growth_mom,2016-05-01,2.3,-12.356
growth_mom,2016-06-01,2.3,-1.314
growth_mom,2016-07-01,2.3,5.327
growth_mom,2016-08-01,2.3,3.563
growth_mom,2016-09-01,2.3,3.663
growth_mom,2016-10-01,2.3,1.178
growth_mom,2016-11-01,2.3,3.175
growth_mom,2016-12-01,2.3,2.667
growth_mom,2017-01-01,2.3,4.695
growth_mom,2017-02-01,2.3,3.435
growth_mom,2017-03-01,2.3,-0.738
growth_mom,2017-04-01,2.3,-1.208
growth_mom,2017-05-01,2.3,2.352
growth_mom,2017-06-01,2.3,2.206
growth_mom,2017-07-01,2.3,-1.259
growth_mom,2017-08-01,2.3,1.184
growth_mom,2017-09-01,2.3,0.18
growth_mom,2017-10-01,2.3,-3.324
growth_mom,2017-11-01,2.3,-1.208
growth_mom,2017-12-01,2.3,2.164
growth_mom,2018-01-01,2.3,1.842
growth_mom,2018-02-01,2.3,2.984
growth_mom,2018-03-01,2.3,-0.527
growth_mom,2018-04-01,2.3,2.913
growth_mom,2018-05-01,2.3,-2.23
growth_mom,2018-06-01,2.3,-0.175
growth_mom,2018-07-01,2.3,3.603
growth_mom,2018-08-01,2.3,2.375
growth_mom,2018-09-01,2.3,1.491
growth_mom,2018-10-01,2.3,0.653
growth_mom,2018-11-01,2.3,0.324
growth_mom,2018-12-01,2.3,0.243
growth_mom,2019-01-01,2.3,-0.565
growth_mom,2019-02-01,2.3,-1.298
growth_mom,2019-03-01,2.3,-0.74
growth_mom,2019-04-01,2.3,-0.911
growth_mom,2019-05-01,2.3,0.585
growth_mom,2019-06-01,2.3,-2.824
growth_mom,2019-07-01,2.3,1.197
growth_mom,2019-08-01,2.3,2.449
growth_mom,2019-09-01,2.3,-1.072
growth_mom,2019-10-01,2.3,1.167
growth_mom,2019-11-01,2.3,1.236
growth_mom,2019-12-01,2.3,-1.709
growth_mom,2020-01-01,2.3,-0.745
growth_mom,2020-02-01,2.3,0.751
growth_mom,2020-03-01,2.3,-1.738
growth_mom,2020-04-01,2.3,-0.927
growth_mom,2020-05-01,2.3,-3.486
growth_mom,2020-06-01,2.3,-1.233
growth_mom,2020-07-01,2.3,-4.193
growth_mom,2020-08-01,2.3,-1.21
growth_mom,2020-09-01,2.3,-0.754
growth_mom,2020-10-01,2.3,0.38
growth_mom,2020-11-01,2.3,1.325
growth_mom,2020-12-01,2.3,3.455
growth_mom,2021-01-01,2.3,2.708
growth_mom,2021-02-01,2.3,1.494
growth_mom,2021-03-01,2.3,0.173
growth_mom,2021-04-01,2.3,2.074
growth_mom,2021-05-01,2.3,1.524
growth_mom,2021-06-01,2.3,2.002
growth_mom,2021-07-01,2.3,1.635
growth_mom,2021-08-01,2.3,2.414
growth_mom,2021-09-01,2.3,0.393
growth_mom,2021-10-01,2.3,0.861
growth_mom,2021-11-01,2.3,1.241
growth_mom,2021-12-01,2.3,0.996
growth_mom,2022-01-01,2.3,1.593
growth_mom,2022-02-01,2.3,2.091
growth_mom,2022-03-01,2.3,1.683
growth_mom,2022-04-01,2.3,1.511
growth_mom,2022-05-01,2.3,0.85
growth_mom,2022-06-01,2.3,1.405
growth_mom,2022-07-01,2.3,2.01
growth_mom,2022-08-01,2.3,1.291
growth_mom,2022-09-01,2.3,0.335
growth_mom,2022-10-01,2.3,3.142
growth_mom,2022-11-01,2.3,-0.972
growth_mom,2022-12-01,2.3,-0.524
growth_mom,2023-01-01,2.3,-1.382
growth_mom,2023-02-01,2.3,-0.667
growth_mom,2023-03-01,2.3,-1.075
growth_mom,2023-04-01,2.3,-1.222
growth_mom,2023-05-01,2.3,-1.649
growth_mom,2023-06-01,2.3,-2.516
growth_mom,2023-07-01,2.3,-2.007
growth_mom,2023-08-01,2.3,-2.048
growth_mom,2023-09-01,2.3,2.614
growth_mom,2023-10-01,2.3,-2.547
growth_mom,2023-11-01,2.3,-2.689
growth_mom,2023-12-01,2.3,0.614
growth_mom,2024-01-01,2.3,-0.381
growth_mom,2024-02-01,2.3,-0.689
growth_mom,2024-03-01,2.3,3.084
growth_mom,2024-04-01,2.3,-1.571
growth_mom,2024-05-01,2.3,-2.204
growth_mom,2024-06-01,2.3,-0.233
growth_mom,2024-07-01,2.3,-0.779
growth_mom,2024-08-01,2.3,-2.198
growth_mom,2024-09-01,2.3,-1.846
growth_mom,2024-10-01,2.3,-2.289
growth_mom,2024-11-01,2.3,4.435
growth_mom,2024-12-01,2.3,-1.683
growth_mom,2025-01-01,2.3,-2.282
growth_mom,2025-02-01,2.3,-0.834
growth_mom,2025-03-01,2.3,-0.757
growth_mom,2025-04-01,2.3,0.0
growth_mom,2025-05-01,2.3,-1.695
growth_mom,2025-06-01,2.3,-3.362
growth_mom,2025-07-01,2.3,3.122
growth_mom,2025-08-01,2.3,-1.471
growth_mom,2025-09-01,2.3,3.161
growth_mom,2025-10-01,2.3,-2.043
growth_mom,2025-11-01,2.3,0.261
growth_mom,2025-12-01,2.3,-0.78
growth_mom,2026-01-01,2.3,-1.834
growth_mom,2026-02-01,2.3,-4.004
growth_mom,2026-03-01,2.3,4.078
growth_mom,2026-04-01,2.3,4.363
growth_mom,2026-05-01,2.3,2.645
growth_mom,2026-06-01,2.3,6.151
growth_mom,2026-07-01,2.3,2.976
abs,2015-01-01,2.4,102.4
abs,2015-02-01,2.4,102.2
abs,2015-03-01,2.4,102.8
abs,2015-04-01,2.4,102.6
abs,2015-05-01,2.4,102.6
abs,2015-06-01,2.4,102.5
abs,2015-07-01,2.4,102.6
abs,2015-08-01,2.4,102.9
abs,2015-09-01,2.4,102.5
abs,2015-10-01,2.4,102.8
abs,2015-11-01,2.4,103.3
abs,2015-12-01,2.4,103.2
abs,2016-01-01,2.4,103.6
abs,2016-02-01,2.4,103.8
abs,2016-03-01,2.4,103.6
abs,2016-04-01,2.4,104.0
abs,2016-05-01,2.4,104.2
abs,2016-06-01,2.4,104.6
abs,2016-07-01,2.4,104.2
abs,2016-08-01,2.4,104.5
abs,2016-09-01,2.4,104.4
abs,2016-10-01,2.4,104.1
abs,2016-11-01,2.4,104.4
abs,2016-12-01,2.4,105.0
abs,2017-01-01,2.4,105.5
abs,2017-02-01,2.4,107.0
abs,2017-03-01,2.4,107.5
abs,2017-04-01,2.4,108.9
abs,2017-05-01,2.4,109.0
abs,2017-06-01,2.4,109.6
abs,2017-07-01,2.4,111.2
abs,2017-08-01,2.4,111.0
abs,2017-09-01,2.4,111.3
abs,2017-10-01,2.4,112.1
abs,2017-11-01,2.4,112.6
abs,2017-12-01,2.4,112.9
abs,2018-01-01,2.4,111.5
abs,2018-02-01,2.4,111.3
abs,2018-03-01,2.4,111.5
abs,2018-04-01,2.4,111.2
abs,2018-05-01,2.4,112.1
abs,2018-06-01,2.4,112.3
abs,2018-07-01,2.4,112.3
abs,2018-08-01,2.4,112.7
abs,2018-09-01,2.4,113.1
abs,2018-10-01,2.4,113.6
abs,2018-11-01,2.4,113.8
abs,2018-12-01,2.4,113.6
abs,2019-01-01,2.4,114.7
abs,2019-02-01,2.4,114.5
abs,2019-03-01,2.4,115.0
abs,2019-04-01,2.4,114.2
abs,2019-05-01,2.4,114.2
abs,2019-06-01,2.4,113.6
abs,2019-07-01,2.4,114.2
abs,2019-08-01,2.4,114.3
abs,2019-09-01,2.4,114.4
abs,2019-10-01,2.4,114.3
abs,2019-11-01,2.4,113.8
abs,2019-12-01,2.4,113.5
abs,2020-01-01,2.4,113.7
abs,2020-02-01,2.4,114.2
abs,2020-03-01,2.4,113.7
abs,2020-04-01,2.4,113.0
abs,2020-05-01,2.4,112.4
abs,2020-06-01,2.4,112.4
abs,2020-07-01,2.4,112.3
abs,2020-08-01,2.4,112.2
abs,2020-09-01,2.4,113.3
abs,2020-10-01,2.4,111.9
abs,2020-11-01,2.4,111.6
abs,2020-12-01,2.4,111.2
abs,2021-01-01,2.4,112.7
abs,2021-02-01,2.4,113.3
abs,2021-03-01,2.4,114.9
abs,2021-04-01,2.4,117.0
abs,2021-05-01,2.4,115.5
abs,2021-06-01,2.4,115.6
abs,2021-07-01,2.4,116.3
abs,2021-08-01,2.4,117.1
abs,2021-09-01,2.4,116.9
abs,2021-10-01,2.4,117.6
abs,2021-11-01,2.4,116.7
abs,2021-12-01,2.4,116.5
abs,2022-01-01,2.4,116.2
abs,2022-02-01,2.4,117.1
abs,2022-03-01,2.4,117.8
abs,2022-04-01,2.4,117.9
abs,2022-05-01,2.4,119.0
abs,2022-06-01,2.4,119.8
abs,2022-07-01,2.4,119.1
abs,2022-08-01,2.4,119.3
abs,2022-09-01,2.4,118.9
abs,2022-10-01,2.4,117.8
abs,2022-11-01,2.4,115.9
abs,2022-12-01,2.4,116.2
abs,2023-01-01,2.4,115.4
abs,2023-02-01,2.4,115.8
abs,2023-03-01,2.4,115.1
abs,2023-04-01,2.4,115.6
abs,2023-05-01,2.4,114.6
abs,2023-06-01,2.4,114.9
abs,2023-07-01,2.4,114.3
abs,2023-08-01,2.4,114.3
abs,2023-09-01,2.4,115.5
abs,2023-10-01,2.4,113.2
abs,2023-11-01,2.4,113.0
abs,2023-12-01,2.4,113.2
abs,2024-01-01,2.4,112.8
abs,2024-02-01,2.4,112.5
abs,2024-03-01,2.4,112.6
abs,2024-04-01,2.4,110.0
abs,2024-05-01,2.4,108.3
abs,2024-06-01,2.4,108.3
abs,2024-07-01,2.4,106.9
abs,2024-08-01,2.4,109.2
abs,2024-09-01,2.4,107.5
abs,2024-10-01,2.4,106.7
abs,2024-11-01,2.4,107.7
abs,2024-12-01,2.4,106.4
abs,2025-01-01,2.4,106.8
abs,2025-02-01,2.4,107.1
abs,2025-03-01,2.4,106.3
abs,2025-04-01,2.4,106.2
abs,2025-05-01,2.4,106.3
abs,2025-06-01,2.4,106.9
abs,2025-07-01,2.4,107.2
abs,2025-08-01,2.4,107.8
abs,2025-09-01,2.4,108.7
abs,2025-10-01,2.4,110.4
abs,2025-11-01,2.4,112.2
abs,2025-12-01,2.4,111.2
abs,2026-01-01,2.4,110.0
abs,2026-02-01,2.4,109.4
abs,2026-03-01,2.4,108.7
abs,2026-04-01,2.4,108.7
abs,2026-05-01,2.4,110.1
abs,2026-06-01,2.4,111.7
abs,2026-07-01,2.4,112.9
growth_yoy,2016-01-01,2.4,1.172
growth_yoy,2016-02-01,2.4,1.566
growth_yoy,2016-03-01,2.4,0.778
growth_yoy,2016-04-01,2.4,1.365
growth_yoy,2016-05-01,2.4,1.559
growth_yoy,2016-06-01,2.4,2.049
growth_yoy,2016-07-01,2.4,1.559
growth_yoy,2016-08-01,2.4,1.555
growth_yoy,2016-09-01,2.4,1.854
growth_yoy,2016-10-01,2.4,1.265
growth_yoy,2016-11-01,2.4,1.065
growth_yoy,2016-12-01,2.4,1.744
growth_yoy,2017-01-01,2.4,1.834
growth_yoy,2017-02-01,2.4,3.083
growth_yoy,2017-03-01,2.4,3.764
growth_yoy,2017-04-01,2.4,4.712
growth_yoy,2017-05-01,2.4,4.607
growth_yoy,2017-06-01,2.4,4.78
growth_yoy,2017-07-01,2.4,6.718
growth_yoy,2017-08-01,2.4,6.22
growth_yoy,2017-09-01,2.4,6.609
growth_yoy,2017-10-01,2.4,7.685
growth_yoy,2017-11-01,2.4,7.854
growth_yoy,2017-12-01,2.4,7.524
growth_yoy,2018-01-01,2.4,5.687
growth_yoy,2018-02-01,2.4,4.019
growth_yoy,2018-03-01,2.4,3.721
growth_yoy,2018-04-01,2.4,2.112
growth_yoy,2018-05-01,2.4,2.844
growth_yoy,2018-06-01,2.4,2.464
growth_yoy,2018-07-01,2.4,0.989
growth_yoy,2018-08-01,2.4,1.532
growth_yoy,2018-09-01,2.4,1.617
growth_yoy,2018-10-01,2.4,1.338
growth_yoy,2018-11-01,2.4,1.066
growth_yoy,2018-12-01,2.4,0.62
growth_yoy,2019-01-01,2.4,2.87
growth_yoy,2019-02-01,2.4,2.875
growth_yoy,2019-03-01,2.4,3.139
growth_yoy,2019-04-01,2.4,2.698
growth_yoy,2019-05-01,2.4,1.873
growth_yoy,2019-06-01,2.4,1.158
growth_yoy,2019-07-01,2.4,1.692
growth_yoy,2019-08-01,2.4,1.42
growth_yoy,2019-09-01,2.4,1.149
growth_yoy,2019-10-01,2.4,0.616
growth_yoy,2019-11-01,2.4,0.0
growth_yoy,2019-12-01,2.4,-0.088
growth_yoy,2020-01-01,2.4,-0.872
growth_yoy,2020-02-01,2.4,-0.262
growth_yoy,2020-03-01,2.4,-1.13
growth_yoy,2020-04-01,2.4,-1.051
growth_yoy,2020-05-01,2.4,-1.576
growth_yoy,2020-06-01,2.4,-1.056
growth_yoy,2020-07-01,2.4,-1.664
growth_yoy,2020-08-01,2.4,-1.837
growth_yoy,2020-09-01,2.4,-0.962
growth_yoy,2020-10-01,2.4,-2.1
growth_yoy,2020-11-01,2.4,-1.933
growth_yoy,2020-12-01,2.4,-2.026
growth_yoy,2021-01-01,2.4,-0.88
growth_yoy,2021-02-01,2.4,-0.788
growth_yoy,2021-03-01,2.4,1.055
growth_yoy,2021-04-01,2.4,3.54
growth_yoy,2021-05-01,2.4,2.758
growth_yoy,2021-06-01,2.4,2.847
growth_yoy,2021-07-01,2.4,3.562
growth_yoy,2021-08-01,2.4,4.367
growth_yoy,2021-09-01,2.4,3.177
growth_yoy,2021-10-01,2.4,5.094
growth_yoy,2021-11-01,2.4,4.57
growth_yoy,2021-12-01,2.4,4.766
growth_yoy,2022-01-01,2.4,3.106
growth_yoy,2022-02-01,2.4,3.354
growth_yoy,2022-03-01,2.4,2.524
growth_yoy,2022-04-01,2.4,0.769
growth_yoy,2022-05-01,2.4,3.03
growth_yoy,2022-06-01,2.4,3.633
growth_yoy,2022-07-01,2.4,2.408
growth_yoy,2022-08-01,2.4,1.879
growth_yoy,2022-09-01,2.4,1.711
growth_yoy,2022-10-01,2.4,0.17
growth_yoy,2022-11-01,2.4,-0.686
growth_yoy,2022-12-01,2.4,-0.258
growth_yoy,2023-01-01,2.4,-0.688
growth_yoy,2023-02-01,2.4,-1.11
growth_yoy,2023-03-01,2.4,-2.292
growth_yoy,2023-04-01,2.4,-1.951
growth_yoy,2023-05-01,2.4,-3.697
growth_yoy,2023-06-01,2.4,-4.09
growth_yoy,2023-07-01,2.4,-4.03
growth_yoy,2023-08-01,2.4,-4.191
growth_yoy,2023-09-01,2.4,-2.86
growth_yoy,2023-10-01,2.4,-3.905
growth_yoy,2023-11-01,2.4,-2.502
growth_yoy,2023-12-01,2.4,-2.582
growth_yoy,2024-01-01,2.4,-2.253
growth_yoy,2024-02-01,2.4,-2.85
growth_yoy,2024-03-01,2.4,-2.172
growth_yoy,2024-04-01,2.4,-4.844
growth_yoy,2024-05-01,2.4,-5.497
growth_yoy,2024-06-01,2.4,-5.744
growth_yoy,2024-07-01,2.4,-6.474
growth_yoy,2024-08-01,2.4,-4.462
growth_yoy,2024-09-01,2.4,-6.926
growth_yoy,2024-10-01,2.4,-5.742
growth_yoy,2024-11-01,2.4,-4.69
growth_yoy,2024-12-01,2.4,-6.007
growth_yoy,2025-01-01,2.4,-5.319
growth_yoy,2025-02-01,2.4,-4.8
growth_yoy,2025-03-01,2.4,-5.595
growth_yoy,2025-04-01,2.4,-3.455
growth_yoy,2025-05-01,2.4,-1.847
growth_yoy,2025-06-01,2.4,-1.293
growth_yoy,2025-07-01,2.4,0.281
growth_yoy,2025-08-01,2.4,-1.282
growth_yoy,2025-09-01,2.4,1.116
growth_yoy,2025-10-01,2.4,3.468
growth_yoy,2025-11-01,2.4,4.178
growth_yoy,2025-12-01,2.4,4.511
growth_yoy,2026-01-01,2.4,2.996
growth_yoy,2026-02-01,2.4,2.148
growth_yoy,2026-03-01,2.4,2.258
growth_yoy,2026-04-01,2.4,2.354
growth_yoy,2026-05-01,2.4,3.575
growth_yoy,2026-06-01,2.4,4.49
growth_yoy,2026-07-01,2.4,5.317
growth_mom,2015-02-01,2.4,-0.195
growth_mom,2015-03-01,2.4,0.587
growth_mom,2015-04-01,2.4,-0.195
growth_mom,2015-05-01,2.4,0.0
growth_mom,2015-06-01,2.4,-0.097
growth_mom,2015-07-01,2.4,0.098
growth_mom,2015-08-01,2.4,0.292
growth_mom,2015-09-01,2.4,-0.389
growth_mom,2015-10-01,2.4,0.293
growth_mom,2015-11-01,2.4,0.486
growth_mom,2015-12-01,2.4,-0.097
growth_mom,2016-01-01,2.4,0.388
growth_mom,2016-02-01,2.4,0.193
growth_mom,2016-03-01,2.4,-0.193
growth_mom,2016-04-01,2.4,0.386
growth_mom,2016-05-01,2.4,0.192
growth_mom,2016-06-01,2.4,0.384
growth_mom,2016-07-01,2.4,-0.382
growth_mom,2016-08-01,2.4,0.288
growth_mom,2016-09-01,2.4,-0.096
growth_mom,2016-10-01,2.4,-0.287
growth_mom,2016-11-01,2.4,0.288
growth_mom,2016-12-01,2.4,0.575
growth_mom,2017-01-01,2.4,0.476
growth_mom,2017-02-01,2.4,1.422
growth_mom,2017-03-01,2.4,0.467
growth_mom,2017-04-01,2.4,1.302
growth_mom,2017-05-01,2.4,0.092
growth_mom,2017-06-01,2.4,0.55
growth_mom,2017-07-01,2.4,1.46
growth_mom,2017-08-01,2.4,-0.18
growth_mom,2017-09-01,2.4,0.27
growth_mom,2017-10-01,2.4,0.719
growth_mom,2017-11-01,2.4,0.446
growth_mom,2017-12-01,2.4,0.266
growth_mom,2018-01-01,2.4,-1.24
growth_mom,2018-02-01,2.4,-0.179
growth_mom,2018-03-01,2.4,0.18
growth_mom,2018-04-01,2.4,-0.269
growth_mom,2018-05-01,2.4,0.809
growth_mom,2018-06-01,2.4,0.178
growth_mom,2018-07-01,2.4,0.0
growth_mom,2018-08-01,2.4,0.356
growth_mom,2018-09-01,2.4,0.355
growth_mom,2018-10-01,2.4,0.442
growth_mom,2018-11-01,2.4,0.176
growth_mom,2018-12-01,2.4,-0.176
growth_mom,2019-01-01,2.4,0.968
growth_mom,2019-02-01,2.4,-0.174
growth_mom,2019-03-01,2.4,0.437
growth_mom,2019-04-01,2.4,-0.696
growth_mom,2019-05-01,2.4,0.0
growth_mom,2019-06-01,2.4,-0.525
growth_mom,2019-07-01,2.4,0.528
growth_mom,2019-08-01,2.4,0.088
growth_mom,2019-09-01,2.4,0.087
growth_mom,2019-10-01,2.4,-0.087
growth_mom,2019-11-01,2.4,-0.437
growth_mom,2019-12-01,2.4,-0.264
growth_mom,2020-01-01,2.4,0.176
growth_mom,2020-02-01,2.4,0.44
growth_mom,2020-03-01,2.4,-0.438
growth_mom,2020-04-01,2.4,-0.616
growth_mom,2020-05-01,2.4,-0.531
growth_mom,2020-06-01,2.4,0.0
growth_mom,2020-07-01,2.4,-0.089
growth_mom,2020-08-01,2.4,-0.089
growth_mom,2020-09-01,2.4,0.98
growth_mom,2020-10-01,2.4,-1.236
growth_mom,2020-11-01,2.4,-0.268
growth_mom,2020-12-01,2.4,-0.358
growth_mom,2021-01-01,2.4,1.349
growth_mom,2021-02-01,2.4,0.532
growth_mom,2021-03-01,2.4,1.412
growth_mom,2021-04-01,2.4,1.828
growth_mom,2021-05-01,2.4,-1.282
growth_mom,2021-06-01,2.4,0.087
growth_mom,2021-07-01,2.4,0.606
growth_mom,2021-08-01,2.4,0.688
growth_mom,2021-09-01,2.4,-0.171
growth_mom,2021-10-01,2.4,0.599
growth_mom,2021-11-01,2.4,-0.765
growth_mom,2021-12-01,2.4,-0.171
growth_mom,2022-01-01,2.4,-0.258
growth_mom,2022-02-01,2.4,0.775
growth_mom,2022-03-01,2.4,0.598
growth_mom,2022-04-01,2.4,0.085
growth_mom,2022-05-01,2.4,0.933
growth_mom,2022-06-01,2.4,0.672
growth_mom,2022-07-01,2.4,-0.584
growth_mom,2022-08-01,2.4,0.168
growth_mom,2022-09-01,2.4,-0.335
growth_mom,2022-10-01,2.4,-0.925
growth_mom,2022-11-01,2.4,-1.613
growth_mom,2022-12-01,2.4,0.259
growth_mom,2023-01-01,2.4,-0.688
growth_mom,2023-02-01,2.4,0.347
growth_mom,2023-03-01,2.4,-0.604
growth_mom,2023-04-01,2.4,0.434
growth_mom,2023-05-01,2.4,-0.865
growth_mom,2023-06-01,2.4,0.262
growth_mom,2023-07-01,2.4,-0.522
growth_mom,2023-08-01,2.4,0.0
growth_mom,2023-09-01,2.4,1.05
growth_mom,2023-10-01,2.4,-1.991
growth_mom,2023-11-01,2.4,-0.177
growth_mom,2023-12-01,2.4,0.177
growth_mom,2024-01-01,2.4,-0.353
growth_mom,2024-02-01,2.4,-0.266
growth_mom,2024-03-01,2.4,0.089
growth_mom,2024-04-01,2.4,-2.309
growth_mom,2024-05-01,2.4,-1.545
growth_mom,2024-06-01,2.4,0.0
growth_mom,2024-07-01,2.4,-1.293
growth_mom,2024-08-01,2.4,2.152
growth_mom,2024-09-01,2.4,-1.557
growth_mom,2024-10-01,2.4,-0.744
growth_mom,2024-11-01,2.4,0.937
growth_mom,2024-12-01,2.4,-1.207
growth_mom,2025-01-01,2.4,0.376
growth_mom,2025-02-01,2.4,0.281
growth_mom,2025-03-01,2.4,-0.747
growth_mom,2025-04-01,2.4,-0.094
growth_mom,2025-05-01,2.4,0.094
growth_mom,2025-06-01,2.4,0.564
growth_mom,2025-07-01,2.4,0.281
growth_mom,2025-08-01,2.4,0.56
growth_mom,2025-09-01,2.4,0.835
growth_mom,2025-10-01,2.4,1.564
growth_mom,2025-11-01,2.4,1.63
growth_mom,2025-12-01,2.4,-0.891
growth_mom,2026-01-01,2.4,-1.079
growth_mom,2026-02-01,2.4,-0.545
growth_mom,2026-03-01,2.4,-0.64
growth_mom,2026-04-01,2.4,0.0
growth_mom,2026-05-01,2.4,1.288
growth_mom,2026-06-01,2.4,1.453
growth_mom,2026-07-01,2.4,1.074
abs,2015-01-01,2.5,117.5
abs,2015-02-01,2.5,118.7
abs,2015-03-01,2.5,119.4
abs,2015-04-01,2.5,119.8
abs,2015-05-01,2.5,119.9
abs,2015-06-01,2.5,118.6
abs,2015-07-01,2.5,118.7
abs,2015-08-01,2.5,119.5
abs,2015-09-01,2.5,121.0
abs,2015-10-01,2.5,121.4
abs,2015-11-01,2.5,121.9
abs,2015-12-01,2.5,121.4
abs,2016-01-01,2.5,120.7
abs,2016-02-01,2.5,120.6
abs,2016-03-01,2.5,119.0
abs,2016-04-01,2.5,118.9
abs,2016-05-01,2.5,119.7
abs,2016-06-01,2.5,119.7
abs,2016-07-01,2.5,119.3
abs,2016-08-01,2.5,120.6
abs,2016-09-01,2.5,121.7
abs,2016-10-01,2.5,121.6
abs,2016-11-01,2.5,121.0
abs,2016-12-01,2.5,122.0
abs,2017-01-01,2.5,121.7
abs,2017-02-01,2.5,121.8
abs,2017-03-01,2.5,121.6
abs,2017-04-01,2.5,121.2
abs,2017-05-01,2.5,121.1
abs,2017-06-01,2.5,120.6
abs,2017-07-01,2.5,120.8
abs,2017-08-01,2.5,121.0
abs,2017-09-01,2.5,120.6
abs,2017-10-01,2.5,119.5
abs,2017-11-01,2.5,119.7
abs,2017-12-01,2.5,119.9
abs,2018-01-01,2.5,119.7
abs,2018-02-01,2.5,117.9
abs,2018-03-01,2.5,116.9
abs,2018-04-01,2.5,116.2
abs,2018-05-01,2.5,115.2
abs,2018-06-01,2.5,116.1
abs,2018-07-01,2.5,115.5
abs,2018-08-01,2.5,115.8
abs,2018-09-01,2.5,115.3
abs,2018-10-01,2.5,115.6
abs,2018-11-01,2.5,115.4
abs,2018-12-01,2.5,114.8
abs,2019-01-01,2.5,115.0
abs,2019-02-01,2.5,116.1
abs,2019-03-01,2.5,116.8
abs,2019-04-01,2.5,116.6
abs,2019-05-01,2.5,116.9
abs,2019-06-01,2.5,117.2
abs,2019-07-01,2.5,117.1
abs,2019-08-01,2.5,116.5
abs,2019-09-01,2.5,116.9
abs,2019-10-01,2.5,117.4
abs,2019-11-01,2.5,117.4
abs,2019-12-01,2.5,117.8
abs,2020-01-01,2.5,117.8
abs,2020-02-01,2.5,117.1
abs,2020-03-01,2.5,117.4
abs,2020-04-01,2.5,117.7
abs,2020-05-01,2.5,117.7
abs,2020-06-01,2.5,118.0
abs,2020-07-01,2.5,118.1
abs,2020-08-01,2.5,117.0
abs,2020-09-01,2.5,116.1
abs,2020-10-01,2.5,116.1
abs,2020-11-01,2.5,116.8
abs,2020-12-01,2.5,116.9
abs,2021-01-01,2.5,116.3
abs,2021-02-01,2.5,115.6
abs,2021-03-01,2.5,115.9
abs,2021-04-01,2.5,116.7
abs,2021-05-01,2.5,117.3
abs,2021-06-01,2.5,117.8
abs,2021-07-01,2.5,118.1
abs,2021-08-01,2.5,118.9
abs,2021-09-01,2.5,119.3
abs,2021-10-01,2.5,119.7
abs,2021-11-01,2.5,120.7
abs,2021-12-01,2.5,120.1
abs,2022-01-01,2.5,120.4
abs,2022-02-01,2.5,121.4
abs,2022-03-01,2.5,122.5
abs,2022-04-01,2.5,123.5
abs,2022-05-01,2.5,124.0
abs,2022-06-01,2.5,125.2
abs,2022-07-01,2.5,127.5
abs,2022-08-01,2.5,130.2
abs,2022-09-01,2.5,131.1
abs,2022-10-01,2.5,131.9
abs,2022-11-01,2.5,133.2
abs,2022-12-01,2.5,135.0
abs,2023-01-01,2.5,133.8
abs,2023-02-01,2.5,134.5
abs,2023-03-01,2.5,135.5
abs,2023-04-01,2.5,135.4
abs,2023-05-01,2.5,134.9
abs,2023-06-01,2.5,135.9
abs,2023-07-01,2.5,137.9
abs,2023-08-01,2.5,140.0
abs,2023-09-01,2.5,139.5
abs,2023-10-01,2.5,140.8
abs,2023-11-01,2.5,141.1
abs,2023-12-01,2.5,143.0
abs,2024-01-01,2.5,143.5
abs,2024-02-01,2.5,144.2
abs,2024-03-01,2.5,144.7
abs,2024-04-01,2.5,145.5
abs,2024-05-01,2.5,144.0
abs,2024-06-01,2.5,144.6
abs,2024-07-01,2.5,143.9
abs,2024-08-01,2.5,143.0
abs,2024-09-01,2.5,140.9
abs,2024-10-01,2.5,139.8
abs,2024-11-01,2.5,140.1
abs,2024-12-01,2.5,141.3
abs,2025-01-01,2.5,141.3
abs,2025-02-01,2.5,140.7
abs,2025-03-01,2.5,140.7
abs,2025-04-01,2.5,141.2
abs,2025-05-01,2.5,141.3
abs,2025-06-01,2.5,140.4
abs,2025-07-01,2.5,139.9
abs,2025-08-01,2.5,139.8
abs,2025-09-01,2.5,140.4
abs,2025-10-01,2.5,141.6
abs,2025-11-01,2.5,143.6
abs,2025-12-01,2.5,145.1
abs,2026-01-01,2.5,145.1
abs,2026-02-01,2.5,144.7
abs,2026-03-01,2.5,145.6
abs,2026-04-01,2.5,147.4
abs,2026-05-01,2.5,149.4
abs,2026-06-01,2.5,154.0
abs,2026-07-01,2.5,156.3
growth_yoy,2016-01-01,2.5,2.723
growth_yoy,2016-02-01,2.5,1.601
growth_yoy,2016-03-01,2.5,-0.335
growth_yoy,2016-04-01,2.5,-0.751
growth_yoy,2016-05-01,2.5,-0.167
growth_yoy,2016-06-01,2.5,0.927
growth_yoy,2016-07-01,2.5,0.505
growth_yoy,2016-08-01,2.5,0.921
growth_yoy,2016-09-01,2.5,0.579
growth_yoy,2016-10-01,2.5,0.165
growth_yoy,2016-11-01,2.5,-0.738
growth_yoy,2016-12-01,2.5,0.494
growth_yoy,2017-01-01,2.5,0.829
growth_yoy,2017-02-01,2.5,0.995
growth_yoy,2017-03-01,2.5,2.185
growth_yoy,2017-04-01,2.5,1.934
growth_yoy,2017-05-01,2.5,1.17
growth_yoy,2017-06-01,2.5,0.752
growth_yoy,2017-07-01,2.5,1.257
growth_yoy,2017-08-01,2.5,0.332
growth_yoy,2017-09-01,2.5,-0.904
growth_yoy,2017-10-01,2.5,-1.727
growth_yoy,2017-11-01,2.5,-1.074
growth_yoy,2017-12-01,2.5,-1.721
growth_yoy,2018-01-01,2.5,-1.643
growth_yoy,2018-02-01,2.5,-3.202
growth_yoy,2018-03-01,2.5,-3.865
growth_yoy,2018-04-01,2.5,-4.125
growth_yoy,2018-05-01,2.5,-4.872
growth_yoy,2018-06-01,2.5,-3.731
growth_yoy,2018-07-01,2.5,-4.387
growth_yoy,2018-08-01,2.5,-4.298
growth_yoy,2018-09-01,2.5,-4.395
growth_yoy,2018-10-01,2.5,-3.264
growth_yoy,2018-11-01,2.5,-3.592
growth_yoy,2018-12-01,2.5,-4.254
growth_yoy,2019-01-01,2.5,-3.926
growth_yoy,2019-02-01,2.5,-1.527
growth_yoy,2019-03-01,2.5,-0.086
growth_yoy,2019-04-01,2.5,0.344
growth_yoy,2019-05-01,2.5,1.476
growth_yoy,2019-06-01,2.5,0.947
growth_yoy,2019-07-01,2.5,1.385
growth_yoy,2019-08-01,2.5,0.604
growth_yoy,2019-09-01,2.5,1.388
growth_yoy,2019-10-01,2.5,1.557
growth_yoy,2019-11-01,2.5,1.733
growth_yoy,2019-12-01,2.5,2.613
growth_yoy,2020-01-01,2.5,2.435
growth_yoy,2020-02-01,2.5,0.861
growth_yoy,2020-03-01,2.5,0.514
growth_yoy,2020-04-01,2.5,0.943
growth_yoy,2020-05-01,2.5,0.684
growth_yoy,2020-06-01,2.5,0.683
growth_yoy,2020-07-01,2.5,0.854
growth_yoy,2020-08-01,2.5,0.429
growth_yoy,2020-09-01,2.5,-0.684
growth_yoy,2020-10-01,2.5,-1.107
growth_yoy,2020-11-01,2.5,-0.511
growth_yoy,2020-12-01,2.5,-0.764
growth_yoy,2021-01-01,2.5,-1.273
growth_yoy,2021-02-01,2.5,-1.281
growth_yoy,2021-03-01,2.5,-1.278
growth_yoy,2021-04-01,2.5,-0.85
growth_yoy,2021-05-01,2.5,-0.34
growth_yoy,2021-06-01,2.5,-0.169
growth_yoy,2021-07-01,2.5,0.0
growth_yoy,2021-08-01,2.5,1.624
growth_yoy,2021-09-01,2.5,2.756
growth_yoy,2021-10-01,2.5,3.101
growth_yoy,2021-11-01,2.5,3.339
growth_yoy,2021-12-01,2.5,2.737
growth_yoy,2022-01-01,2.5,3.525
growth_yoy,2022-02-01,2.5,5.017
growth_yoy,2022-03-01,2.5,5.695
growth_yoy,2022-04-01,2.5,5.827
growth_yoy,2022-05-01,2.5,5.712
growth_yoy,2022-06-01,2.5,6.282
growth_yoy,2022-07-01,2.5,7.959
growth_yoy,2022-08-01,2.5,9.504
growth_yoy,2022-09-01,2.5,9.891
growth_yoy,2022-10-01,2.5,10.192
growth_yoy,2022-11-01,2.5,10.356
growth_yoy,2022-12-01,2.5,12.406
growth_yoy,2023-01-01,2.5,11.13
growth_yoy,2023-02-01,2.5,10.791
growth_yoy,2023-03-01,2.5,10.612
growth_yoy,2023-04-01,2.5,9.636
growth_yoy,2023-05-01,2.5,8.79
growth_yoy,2023-06-01,2.5,8.546
growth_yoy,2023-07-01,2.5,8.157
growth_yoy,2023-08-01,2.5,7.527
growth_yoy,2023-09-01,2.5,6.407
growth_yoy,2023-10-01,2.5,6.748
growth_yoy,2023-11-01,2.5,5.931
growth_yoy,2023-12-01,2.5,5.926
growth_yoy,2024-01-01,2.5,7.25
growth_yoy,2024-02-01,2.5,7.212
growth_yoy,2024-03-01,2.5,6.79
growth_yoy,2024-04-01,2.5,7.459
growth_yoy,2024-05-01,2.5,6.746
growth_yoy,2024-06-01,2.5,6.402
growth_yoy,2024-07-01,2.5,4.351
growth_yoy,2024-08-01,2.5,2.143
growth_yoy,2024-09-01,2.5,1.004
growth_yoy,2024-10-01,2.5,-0.71
growth_yoy,2024-11-01,2.5,-0.709
growth_yoy,2024-12-01,2.5,-1.189
growth_yoy,2025-01-01,2.5,-1.533
growth_yoy,2025-02-01,2.5,-2.427
growth_yoy,2025-03-01,2.5,-2.764
growth_yoy,2025-04-01,2.5,-2.955
growth_yoy,2025-05-01,2.5,-1.875
growth_yoy,2025-06-01,2.5,-2.905
growth_yoy,2025-07-01,2.5,-2.78
growth_yoy,2025-08-01,2.5,-2.238
growth_yoy,2025-09-01,2.5,-0.355
growth_yoy,2025-10-01,2.5,1.288
growth_yoy,2025-11-01,2.5,2.498
growth_yoy,2025-12-01,2.5,2.689
growth_yoy,2026-01-01,2.5,2.689
growth_yoy,2026-02-01,2.5,2.843
growth_yoy,2026-03-01,2.5,3.483
growth_yoy,2026-04-01,2.5,4.391
growth_yoy,2026-05-01,2.5,5.732
growth_yoy,2026-06-01,2.5,9.687
growth_yoy,2026-07-01,2.5,11.723
growth_mom,2015-02-01,2.5,1.021
growth_mom,2015-03-01,2.5,0.59
growth_mom,2015-04-01,2.5,0.335
growth_mom,2015-05-01,2.5,0.083
growth_mom,2015-06-01,2.5,-1.084
growth_mom,2015-07-01,2.5,0.084
growth_mom,2015-08-01,2.5,0.674
growth_mom,2015-09-01,2.5,1.255
growth_mom,2015-10-01,2.5,0.331
growth_mom,2015-11-01,2.5,0.412
growth_mom,2015-12-01,2.5,-0.41
growth_mom,2016-01-01,2.5,-0.577
growth_mom,2016-02-01,2.5,-0.083
growth_mom,2016-03-01,2.5,-1.327
growth_mom,2016-04-01,2.5,-0.084
growth_mom,2016-05-01,2.5,0.673
growth_mom,2016-06-01,2.5,0.0
growth_mom,2016-07-01,2.5,-0.334
growth_mom,2016-08-01,2.5,1.09
growth_mom,2016-09-01,2.5,0.912
growth_mom,2016-10-01,2.5,-0.082
growth_mom,2016-11-01,2.5,-0.493
growth_mom,2016-12-01,2.5,0.826
growth_mom,2017-01-01,2.5,-0.246
growth_mom,2017-02-01,2.5,0.082
growth_mom,2017-03-01,2.5,-0.164
growth_mom,2017-04-01,2.5,-0.329
growth_mom,2017-05-01,2.5,-0.083
growth_mom,2017-06-01,2.5,-0.413
growth_mom,2017-07-01,2.5,0.166
growth_mom,2017-08-01,2.5,0.166
growth_mom,2017-09-01,2.5,-0.331
growth_mom,2017-10-01,2.5,-0.912
growth_mom,2017-11-01,2.5,0.167
growth_mom,2017-12-01,2.5,0.167
growth_mom,2018-01-01,2.5,-0.167
growth_mom,2018-02-01,2.5,-1.504
growth_mom,2018-03-01,2.5,-0.848
growth_mom,2018-04-01,2.5,-0.599
growth_mom,2018-05-01,2.5,-0.861
growth_mom,2018-06-01,2.5,0.781
growth_mom,2018-07-01,2.5,-0.517
growth_mom,2018-08-01,2.5,0.26
growth_mom,2018-09-01,2.5,-0.432
growth_mom,2018-10-01,2.5,0.26
growth_mom,2018-11-01,2.5,-0.173
growth_mom,2018-12-01,2.5,-0.52
growth_mom,2019-01-01,2.5,0.174
growth_mom,2019-02-01,2.5,0.957
growth_mom,2019-03-01,2.5,0.603
growth_mom,2019-04-01,2.5,-0.171
growth_mom,2019-05-01,2.5,0.257
growth_mom,2019-06-01,2.5,0.257
growth_mom,2019-07-01,2.5,-0.085
growth_mom,2019-08-01,2.5,-0.512
growth_mom,2019-09-01,2.5,0.343
growth_mom,2019-10-01,2.5,0.428
growth_mom,2019-11-01,2.5,0.0
growth_mom,2019-12-01,2.5,0.341
growth_mom,2020-01-01,2.5,0.0
growth_mom,2020-02-01,2.5,-0.594
growth_mom,2020-03-01,2.5,0.256
growth_mom,2020-04-01,2.5,0.256
growth_mom,2020-05-01,2.5,0.0
growth_mom,2020-06-01,2.5,0.255
growth_mom,2020-07-01,2.5,0.085
growth_mom,2020-08-01,2.5,-0.931
growth_mom,2020-09-01,2.5,-0.769
growth_mom,2020-10-01,2.5,0.0
growth_mom,2020-11-01,2.5,0.603
growth_mom,2020-12-01,2.5,0.086
growth_mom,2021-01-01,2.5,-0.513
growth_mom,2021-02-01,2.5,-0.602
growth_mom,2021-03-01,2.5,0.26
growth_mom,2021-04-01,2.5,0.69
growth_mom,2021-05-01,2.5,0.514
growth_mom,2021-06-01,2.5,0.426
growth_mom,2021-07-01,2.5,0.255
growth_mom,2021-08-01,2.5,0.677
growth_mom,2021-09-01,2.5,0.336
growth_mom,2021-10-01,2.5,0.335
growth_mom,2021-11-01,2.5,0.835
growth_mom,2021-12-01,2.5,-0.497
growth_mom,2022-01-01,2.5,0.25
growth_mom,2022-02-01,2.5,0.831
growth_mom,2022-03-01,2.5,0.906
growth_mom,2022-04-01,2.5,0.816
growth_mom,2022-05-01,2.5,0.405
growth_mom,2022-06-01,2.5,0.968
growth_mom,2022-07-01,2.5,1.837
growth_mom,2022-08-01,2.5,2.118
growth_mom,2022-09-01,2.5,0.691
growth_mom,2022-10-01,2.5,0.61
growth_mom,2022-11-01,2.5,0.986
growth_mom,2022-12-01,2.5,1.351
growth_mom,2023-01-01,2.5,-0.889
growth_mom,2023-02-01,2.5,0.523
growth_mom,2023-03-01,2.5,0.743
growth_mom,2023-04-01,2.5,-0.074
growth_mom,2023-05-01,2.5,-0.369
growth_mom,2023-06-01,2.5,0.741
growth_mom,2023-07-01,2.5,1.472
growth_mom,2023-08-01,2.5,1.523
growth_mom,2023-09-01,2.5,-0.357
growth_mom,2023-10-01,2.5,0.932
growth_mom,2023-11-01,2.5,0.213
growth_mom,2023-12-01,2.5,1.347
growth_mom,2024-01-01,2.5,0.35
growth_mom,2024-02-01,2.5,0.488
growth_mom,2024-03-01,2.5,0.347
growth_mom,2024-04-01,2.5,0.553
growth_mom,2024-05-01,2.5,-1.031
growth_mom,2024-06-01,2.5,0.417
growth_mom,2024-07-01,2.5,-0.484
growth_mom,2024-08-01,2.5,-0.625
growth_mom,2024-09-01,2.5,-1.469
growth_mom,2024-10-01,2.5,-0.781
growth_mom,2024-11-01,2.5,0.215
growth_mom,2024-12-01,2.5,0.857
growth_mom,2025-01-01,2.5,0.0
growth_mom,2025-02-01,2.5,-0.425
growth_mom,2025-03-01,2.5,0.0
growth_mom,2025-04-01,2.5,0.355
growth_mom,2025-05-01,2.5,0.071
growth_mom,2025-06-01,2.5,-0.637
growth_mom,2025-07-01,2.5,-0.356
growth_mom,2025-08-01,2.5,-0.071
growth_mom,2025-09-01,2.5,0.429
growth_mom,2025-10-01,2.5,0.855
growth_mom,2025-11-01,2.5,1.412
growth_mom,2025-12-01,2.5,1.045
growth_mom,2026-01-01,2.5,0.0
growth_mom,2026-02-01,2.5,-0.276
growth_mom,2026-03-01,2.5,0.622
growth_mom,2026-04-01,2.5,1.236
growth_mom,2026-05-01,2.5,1.357
growth_mom,2026-06-01,2.5,3.079
growth_mom,2026-07-01,2.5,1.494
abs,2015-01-01,2.5.1,118.7
abs,2015-02-01,2.5.1,120.1
abs,2015-03-01,2.5.1,120.9
abs,2015-04-01,2.5.1,121.5
abs,2015-05-01,2.5.1,121.6
abs,2015-06-01,2.5.1,120.1
abs,2015-07-01,2.5.1,120.1
abs,2015-08-01,2.5.1,121.1
abs,2015-09-01,2.5.1,122.8
abs,2015-10-01,2.5.1,123.2
abs,2015-11-01,2.5.1,123.7
abs,2015-12-01,2.5.1,123.2
abs,2016-01-01,2.5.1,122.4
abs,2016-02-01,2.5.1,122.1
abs,2016-03-01,2.5.1,120.4
abs,2016-04-01,2.5.1,120.4
abs,2016-05-01,2.5.1,121.3
abs,2016-06-01,2.5.1,121.2
abs,2016-07-01,2.5.1,120.7
abs,2016-08-01,2.5.1,122.1
abs,2016-09-01,2.5.1,123.3
abs,2016-10-01,2.5.1,123.2
abs,2016-11-01,2.5.1,122.5
abs,2016-12-01,2.5.1,122.9
abs,2017-01-01,2.5.1,122.2
abs,2017-02-01,2.5.1,122.3
abs,2017-03-01,2.5.1,122.1
abs,2017-04-01,2.5.1,121.6
abs,2017-05-01,2.5.1,121.5
abs,2017-06-01,2.5.1,121.0
abs,2017-07-01,2.5.1,121.3
abs,2017-08-01,2.5.1,121.4
abs,2017-09-01,2.5.1,120.9
abs,2017-10-01,2.5.1,119.8
abs,2017-11-01,2.5.1,120.0
abs,2017-12-01,2.5.1,120.3
abs,2018-01-01,2.5.1,121.4
abs,2018-02-01,2.5.1,118.4
abs,2018-03-01,2.5.1,117.2
abs,2018-04-01,2.5.1,116.9
abs,2018-05-01,2.5.1,114.7
abs,2018-06-01,2.5.1,116.5
abs,2018-07-01,2.5.1,115.8
abs,2018-08-01,2.5.1,115.8
abs,2018-09-01,2.5.1,114.6
abs,2018-10-01,2.5.1,114.1
abs,2018-11-01,2.5.1,113.4
abs,2018-12-01,2.5.1,112.9
abs,2019-01-01,2.5.1,113.5
abs,2019-02-01,2.5.1,115.2
abs,2019-03-01,2.5.1,116.1
abs,2019-04-01,2.5.1,115.9
abs,2019-05-01,2.5.1,116.0
abs,2019-06-01,2.5.1,116.2
abs,2019-07-01,2.5.1,116.3
abs,2019-08-01,2.5.1,115.4
abs,2019-09-01,2.5.1,115.1
abs,2019-10-01,2.5.1,116.2
abs,2019-11-01,2.5.1,116.4
abs,2019-12-01,2.5.1,117.3
abs,2020-01-01,2.5.1,117.8
abs,2020-02-01,2.5.1,117.2
abs,2020-03-01,2.5.1,117.3
abs,2020-04-01,2.5.1,117.1
abs,2020-05-01,2.5.1,117.5
abs,2020-06-01,2.5.1,118.2
abs,2020-07-01,2.5.1,118.6
abs,2020-08-01,2.5.1,118.0
abs,2020-09-01,2.5.1,116.6
abs,2020-10-01,2.5.1,117.1
abs,2020-11-01,2.5.1,117.2
abs,2020-12-01,2.5.1,117.0
abs,2021-01-01,2.5.1,116.4
abs,2021-02-01,2.5.1,115.7
abs,2021-03-01,2.5.1,116.0
abs,2021-04-01,2.5.1,116.9
abs,2021-05-01,2.5.1,117.5
abs,2021-06-01,2.5.1,117.9
abs,2021-07-01,2.5.1,118.0
abs,2021-08-01,2.5.1,118.4
abs,2021-09-01,2.5.1,118.8
abs,2021-10-01,2.5.1,119.2
abs,2021-11-01,2.5.1,119.9
abs,2021-12-01,2.5.1,118.9
abs,2022-01-01,2.5.1,119.3
abs,2022-02-01,2.5.1,119.7
abs,2022-03-01,2.5.1,120.4
abs,2022-04-01,2.5.1,121.2
abs,2022-05-01,2.5.1,121.9
abs,2022-06-01,2.5.1,123.5
abs,2022-07-01,2.5.1,125.3
abs,2022-08-01,2.5.1,127.9
abs,2022-09-01,2.5.1,129.0
abs,2022-10-01,2.5.1,130.9
abs,2022-11-01,2.5.1,132.5
abs,2022-12-01,2.5.1,134.9
abs,2023-01-01,2.5.1,134.3
abs,2023-02-01,2.5.1,134.8
abs,2023-03-01,2.5.1,135.4
abs,2023-04-01,2.5.1,136.0
abs,2023-05-01,2.5.1,135.3
abs,2023-06-01,2.5.1,135.2
abs,2023-07-01,2.5.1,137.5
abs,2023-08-01,2.5.1,139.4
abs,2023-09-01,2.5.1,139.9
abs,2023-10-01,2.5.1,140.1
abs,2023-11-01,2.5.1,139.2
abs,2023-12-01,2.5.1,141.5
abs,2024-01-01,2.5.1,141.9
abs,2024-02-01,2.5.1,142.4
abs,2024-03-01,2.5.1,143.3
abs,2024-04-01,2.5.1,143.9
abs,2024-05-01,2.5.1,142.3
abs,2024-06-01,2.5.1,143.0
abs,2024-07-01,2.5.1,142.3
abs,2024-08-01,2.5.1,142.0
abs,2024-09-01,2.5.1,139.1
abs,2024-10-01,2.5.1,136.5
abs,2024-11-01,2.5.1,136.0
abs,2024-12-01,2.5.1,138.0
abs,2025-01-01,2.5.1,137.0
abs,2025-02-01,2.5.1,137.0
abs,2025-03-01,2.5.1,137.0
abs,2025-04-01,2.5.1,137.2
abs,2025-05-01,2.5.1,137.1
abs,2025-06-01,2.5.1,136.3
abs,2025-07-01,2.5.1,135.5
abs,2025-08-01,2.5.1,135.5
abs,2025-09-01,2.5.1,137.1
abs,2025-10-01,2.5.1,138.7
abs,2025-11-01,2.5.1,141.2
abs,2025-12-01,2.5.1,143.1
abs,2026-01-01,2.5.1,142.7
abs,2026-02-01,2.5.1,141.5
abs,2026-03-01,2.5.1,141.7
abs,2026-04-01,2.5.1,144.2
abs,2026-05-01,2.5.1,146.1
abs,2026-06-01,2.5.1,150.5
abs,2026-07-01,2.5.1,153.0
growth_yoy,2016-01-01,2.5.1,3.117
growth_yoy,2016-02-01,2.5.1,1.665
growth_yoy,2016-03-01,2.5.1,-0.414
growth_yoy,2016-04-01,2.5.1,-0.905
growth_yoy,2016-05-01,2.5.1,-0.247
growth_yoy,2016-06-01,2.5.1,0.916
growth_yoy,2016-07-01,2.5.1,0.5
growth_yoy,2016-08-01,2.5.1,0.826
growth_yoy,2016-09-01,2.5.1,0.407
growth_yoy,2016-10-01,2.5.1,0.0
growth_yoy,2016-11-01,2.5.1,-0.97
growth_yoy,2016-12-01,2.5.1,-0.244
growth_yoy,2017-01-01,2.5.1,-0.163
growth_yoy,2017-02-01,2.5.1,0.164
growth_yoy,2017-03-01,2.5.1,1.412
growth_yoy,2017-04-01,2.5.1,0.997
growth_yoy,2017-05-01,2.5.1,0.165
growth_yoy,2017-06-01,2.5.1,-0.165
growth_yoy,2017-07-01,2.5.1,0.497
growth_yoy,2017-08-01,2.5.1,-0.573
growth_yoy,2017-09-01,2.5.1,-1.946
growth_yoy,2017-10-01,2.5.1,-2.76
growth_yoy,2017-11-01,2.5.1,-2.041
growth_yoy,2017-12-01,2.5.1,-2.116
growth_yoy,2018-01-01,2.5.1,-0.655
growth_yoy,2018-02-01,2.5.1,-3.189
growth_yoy,2018-03-01,2.5.1,-4.013
growth_yoy,2018-04-01,2.5.1,-3.865
growth_yoy,2018-05-01,2.5.1,-5.597
growth_yoy,2018-06-01,2.5.1,-3.719
growth_yoy,2018-07-01,2.5.1,-4.534
growth_yoy,2018-08-01,2.5.1,-4.613
growth_yoy,2018-09-01,2.5.1,-5.211
growth_yoy,2018-10-01,2.5.1,-4.758
growth_yoy,2018-11-01,2.5.1,-5.5
growth_yoy,2018-12-01,2.5.1,-6.151
growth_yoy,2019-01-01,2.5.1,-6.507
growth_yoy,2019-02-01,2.5.1,-2.703
growth_yoy,2019-03-01,2.5.1,-0.939
growth_yoy,2019-04-01,2.5.1,-0.855
growth_yoy,2019-05-01,2.5.1,1.133
growth_yoy,2019-06-01,2.5.1,-0.258
growth_yoy,2019-07-01,2.5.1,0.432
growth_yoy,2019-08-01,2.5.1,-0.345
growth_yoy,2019-09-01,2.5.1,0.436
growth_yoy,2019-10-01,2.5.1,1.84
growth_yoy,2019-11-01,2.5.1,2.646
growth_yoy,2019-12-01,2.5.1,3.897
growth_yoy,2020-01-01,2.5.1,3.789
growth_yoy,2020-02-01,2.5.1,1.736
growth_yoy,2020-03-01,2.5.1,1.034
growth_yoy,2020-04-01,2.5.1,1.035
growth_yoy,2020-05-01,2.5.1,1.293
growth_yoy,2020-06-01,2.5.1,1.721
growth_yoy,2020-07-01,2.5.1,1.978
growth_yoy,2020-08-01,2.5.1,2.253
growth_yoy,2020-09-01,2.5.1,1.303
growth_yoy,2020-10-01,2.5.1,0.775
growth_yoy,2020-11-01,2.5.1,0.687
growth_yoy,2020-12-01,2.5.1,-0.256
growth_yoy,2021-01-01,2.5.1,-1.188
growth_yoy,2021-02-01,2.5.1,-1.28
growth_yoy,2021-03-01,2.5.1,-1.108
growth_yoy,2021-04-01,2.5.1,-0.171
growth_yoy,2021-05-01,2.5.1,0.0
growth_yoy,2021-06-01,2.5.1,-0.254
growth_yoy,2021-07-01,2.5.1,-0.506
growth_yoy,2021-08-01,2.5.1,0.339
growth_yoy,2021-09-01,2.5.1,1.887
growth_yoy,2021-10-01,2.5.1,1.793
growth_yoy,2021-11-01,2.5.1,2.304
growth_yoy,2021-12-01,2.5.1,1.624
growth_yoy,2022-01-01,2.5.1,2.491
growth_yoy,2022-02-01,2.5.1,3.457
growth_yoy,2022-03-01,2.5.1,3.793
growth_yoy,2022-04-01,2.5.1,3.678
growth_yoy,2022-05-01,2.5.1,3.745
growth_yoy,2022-06-01,2.5.1,4.75
growth_yoy,2022-07-01,2.5.1,6.186
growth_yoy,2022-08-01,2.5.1,8.024
growth_yoy,2022-09-01,2.5.1,8.586
growth_yoy,2022-10-01,2.5.1,9.815
growth_yoy,2022-11-01,2.5.1,10.509
growth_yoy,2022-12-01,2.5.1,13.457
growth_yoy,2023-01-01,2.5.1,12.573
growth_yoy,2023-02-01,2.5.1,12.615
growth_yoy,2023-03-01,2.5.1,12.458
growth_yoy,2023-04-01,2.5.1,12.211
growth_yoy,2023-05-01,2.5.1,10.993
growth_yoy,2023-06-01,2.5.1,9.474
growth_yoy,2023-07-01,2.5.1,9.737
growth_yoy,2023-08-01,2.5.1,8.991
growth_yoy,2023-09-01,2.5.1,8.45
growth_yoy,2023-10-01,2.5.1,7.028
growth_yoy,2023-11-01,2.5.1,5.057
growth_yoy,2023-12-01,2.5.1,4.893
growth_yoy,2024-01-01,2.5.1,5.659
growth_yoy,2024-02-01,2.5.1,5.638
growth_yoy,2024-03-01,2.5.1,5.835
growth_yoy,2024-04-01,2.5.1,5.809
growth_yoy,2024-05-01,2.5.1,5.174
growth_yoy,2024-06-01,2.5.1,5.769
growth_yoy,2024-07-01,2.5.1,3.491
growth_yoy,2024-08-01,2.5.1,1.865
growth_yoy,2024-09-01,2.5.1,-0.572
growth_yoy,2024-10-01,2.5.1,-2.57
growth_yoy,2024-11-01,2.5.1,-2.299
growth_yoy,2024-12-01,2.5.1,-2.473
growth_yoy,2025-01-01,2.5.1,-3.453
growth_yoy,2025-02-01,2.5.1,-3.792
growth_yoy,2025-03-01,2.5.1,-4.396
growth_yoy,2025-04-01,2.5.1,-4.656
growth_yoy,2025-05-01,2.5.1,-3.654
growth_yoy,2025-06-01,2.5.1,-4.685
growth_yoy,2025-07-01,2.5.1,-4.779
growth_yoy,2025-08-01,2.5.1,-4.577
growth_yoy,2025-09-01,2.5.1,-1.438
growth_yoy,2025-10-01,2.5.1,1.612
growth_yoy,2025-11-01,2.5.1,3.824
growth_yoy,2025-12-01,2.5.1,3.696
growth_yoy,2026-01-01,2.5.1,4.161
growth_yoy,2026-02-01,2.5.1,3.285
growth_yoy,2026-03-01,2.5.1,3.431
growth_yoy,2026-04-01,2.5.1,5.102
growth_yoy,2026-05-01,2.5.1,6.565
growth_yoy,2026-06-01,2.5.1,10.418
growth_yoy,2026-07-01,2.5.1,12.915
growth_mom,2015-02-01,2.5.1,1.179
growth_mom,2015-03-01,2.5.1,0.666
growth_mom,2015-04-01,2.5.1,0.496
growth_mom,2015-05-01,2.5.1,0.082
growth_mom,2015-06-01,2.5.1,-1.234
growth_mom,2015-07-01,2.5.1,0.0
growth_mom,2015-08-01,2.5.1,0.833
growth_mom,2015-09-01,2.5.1,1.404
growth_mom,2015-10-01,2.5.1,0.326
growth_mom,2015-11-01,2.5.1,0.406
growth_mom,2015-12-01,2.5.1,-0.404
growth_mom,2016-01-01,2.5.1,-0.649
growth_mom,2016-02-01,2.5.1,-0.245
growth_mom,2016-03-01,2.5.1,-1.392
growth_mom,2016-04-01,2.5.1,0.0
growth_mom,2016-05-01,2.5.1,0.748
growth_mom,2016-06-01,2.5.1,-0.082
growth_mom,2016-07-01,2.5.1,-0.413
growth_mom,2016-08-01,2.5.1,1.16
growth_mom,2016-09-01,2.5.1,0.983
growth_mom,2016-10-01,2.5.1,-0.081
growth_mom,2016-11-01,2.5.1,-0.568
growth_mom,2016-12-01,2.5.1,0.327
growth_mom,2017-01-01,2.5.1,-0.57
growth_mom,2017-02-01,2.5.1,0.082
growth_mom,2017-03-01,2.5.1,-0.164
growth_mom,2017-04-01,2.5.1,-0.41
growth_mom,2017-05-01,2.5.1,-0.082
growth_mom,2017-06-01,2.5.1,-0.412
growth_mom,2017-07-01,2.5.1,0.248
growth_mom,2017-08-01,2.5.1,0.082
growth_mom,2017-09-01,2.5.1,-0.412
growth_mom,2017-10-01,2.5.1,-0.91
growth_mom,2017-11-01,2.5.1,0.167
growth_mom,2017-12-01,2.5.1,0.25
growth_mom,2018-01-01,2.5.1,0.914
growth_mom,2018-02-01,2.5.1,-2.471
growth_mom,2018-03-01,2.5.1,-1.014
growth_mom,2018-04-01,2.5.1,-0.256
growth_mom,2018-05-01,2.5.1,-1.882
growth_mom,2018-06-01,2.5.1,1.569
growth_mom,2018-07-01,2.5.1,-0.601
growth_mom,2018-08-01,2.5.1,0.0
growth_mom,2018-09-01,2.5.1,-1.036
growth_mom,2018-10-01,2.5.1,-0.436
growth_mom,2018-11-01,2.5.1,-0.613
growth_mom,2018-12-01,2.5.1,-0.441
growth_mom,2019-01-01,2.5.1,0.531
growth_mom,2019-02-01,2.5.1,1.498
growth_mom,2019-03-01,2.5.1,0.781
growth_mom,2019-04-01,2.5.1,-0.172
growth_mom,2019-05-01,2.5.1,0.086
growth_mom,2019-06-01,2.5.1,0.172
growth_mom,2019-07-01,2.5.1,0.086
growth_mom,2019-08-01,2.5.1,-0.774
growth_mom,2019-09-01,2.5.1,-0.26
growth_mom,2019-10-01,2.5.1,0.956
growth_mom,2019-11-01,2.5.1,0.172
growth_mom,2019-12-01,2.5.1,0.773
growth_mom,2020-01-01,2.5.1,0.426
growth_mom,2020-02-01,2.5.1,-0.509
growth_mom,2020-03-01,2.5.1,0.085
growth_mom,2020-04-01,2.5.1,-0.171
growth_mom,2020-05-01,2.5.1,0.342
growth_mom,2020-06-01,2.5.1,0.596
growth_mom,2020-07-01,2.5.1,0.338
growth_mom,2020-08-01,2.5.1,-0.506
growth_mom,2020-09-01,2.5.1,-1.186
growth_mom,2020-10-01,2.5.1,0.429
growth_mom,2020-11-01,2.5.1,0.085
growth_mom,2020-12-01,2.5.1,-0.171
growth_mom,2021-01-01,2.5.1,-0.513
growth_mom,2021-02-01,2.5.1,-0.601
growth_mom,2021-03-01,2.5.1,0.259
growth_mom,2021-04-01,2.5.1,0.776
growth_mom,2021-05-01,2.5.1,0.513
growth_mom,2021-06-01,2.5.1,0.34
growth_mom,2021-07-01,2.5.1,0.085
growth_mom,2021-08-01,2.5.1,0.339
growth_mom,2021-09-01,2.5.1,0.338
growth_mom,2021-10-01,2.5.1,0.337
growth_mom,2021-11-01,2.5.1,0.587
growth_mom,2021-12-01,2.5.1,-0.834
growth_mom,2022-01-01,2.5.1,0.336
growth_mom,2022-02-01,2.5.1,0.335
growth_mom,2022-03-01,2.5.1,0.585
growth_mom,2022-04-01,2.5.1,0.664
growth_mom,2022-05-01,2.5.1,0.578
growth_mom,2022-06-01,2.5.1,1.313
growth_mom,2022-07-01,2.5.1,1.457
growth_mom,2022-08-01,2.5.1,2.075
growth_mom,2022-09-01,2.5.1,0.86
growth_mom,2022-10-01,2.5.1,1.473
growth_mom,2022-11-01,2.5.1,1.222
growth_mom,2022-12-01,2.5.1,1.811
growth_mom,2023-01-01,2.5.1,-0.445
growth_mom,2023-02-01,2.5.1,0.372
growth_mom,2023-03-01,2.5.1,0.445
growth_mom,2023-04-01,2.5.1,0.443
growth_mom,2023-05-01,2.5.1,-0.515
growth_mom,2023-06-01,2.5.1,-0.074
growth_mom,2023-07-01,2.5.1,1.701
growth_mom,2023-08-01,2.5.1,1.382
growth_mom,2023-09-01,2.5.1,0.359
growth_mom,2023-10-01,2.5.1,0.143
growth_mom,2023-11-01,2.5.1,-0.642
growth_mom,2023-12-01,2.5.1,1.652
growth_mom,2024-01-01,2.5.1,0.283
growth_mom,2024-02-01,2.5.1,0.352
growth_mom,2024-03-01,2.5.1,0.632
growth_mom,2024-04-01,2.5.1,0.419
growth_mom,2024-05-01,2.5.1,-1.112
growth_mom,2024-06-01,2.5.1,0.492
growth_mom,2024-07-01,2.5.1,-0.49
growth_mom,2024-08-01,2.5.1,-0.211
growth_mom,2024-09-01,2.5.1,-2.042
growth_mom,2024-10-01,2.5.1,-1.869
growth_mom,2024-11-01,2.5.1,-0.366
growth_mom,2024-12-01,2.5.1,1.471
growth_mom,2025-01-01,2.5.1,-0.725
growth_mom,2025-02-01,2.5.1,0.0
growth_mom,2025-03-01,2.5.1,0.0
growth_mom,2025-04-01,2.5.1,0.146
growth_mom,2025-05-01,2.5.1,-0.073
growth_mom,2025-06-01,2.5.1,-0.584
growth_mom,2025-07-01,2.5.1,-0.587
growth_mom,2025-08-01,2.5.1,0.0
growth_mom,2025-09-01,2.5.1,1.181
growth_mom,2025-10-01,2.5.1,1.167
growth_mom,2025-11-01,2.5.1,1.802
growth_mom,2025-12-01,2.5.1,1.346
growth_mom,2026-01-01,2.5.1,-0.28
growth_mom,2026-02-01,2.5.1,-0.841
growth_mom,2026-03-01,2.5.1,0.141
growth_mom,2026-04-01,2.5.1,1.764
growth_mom,2026-05-01,2.5.1,1.318
growth_mom,2026-06-01,2.5.1,3.012
growth_mom,2026-07-01,2.5.1,1.661
abs,2015-01-01,2.5.2,108.9
abs,2015-02-01,2.5.2,108.9
abs,2015-03-01,2.5.2,108.7
abs,2015-04-01,2.5.2,107.7
abs,2015-05-01,2.5.2,107.6
abs,2015-06-01,2.5.2,107.6
abs,2015-07-01,2.5.2,108.5
abs,2015-08-01,2.5.2,108.4
abs,2015-09-01,2.5.2,108.0
abs,2015-10-01,2.5.2,108.9
abs,2015-11-01,2.5.2,108.8
abs,2015-12-01,2.5.2,108.8
abs,2016-01-01,2.5.2,108.7
abs,2016-02-01,2.5.2,109.8
abs,2016-03-01,2.5.2,109.0
abs,2016-04-01,2.5.2,108.6
abs,2016-05-01,2.5.2,108.0
abs,2016-06-01,2.5.2,109.0
abs,2016-07-01,2.5.2,109.0
abs,2016-08-01,2.5.2,110.0
abs,2016-09-01,2.5.2,110.7
abs,2016-10-01,2.5.2,109.8
abs,2016-11-01,2.5.2,109.9
abs,2016-12-01,2.5.2,115.6
abs,2017-01-01,2.5.2,118.3
abs,2017-02-01,2.5.2,118.1
abs,2017-03-01,2.5.2,117.8
abs,2017-04-01,2.5.2,118.3
abs,2017-05-01,2.5.2,118.4
abs,2017-06-01,2.5.2,118.2
abs,2017-07-01,2.5.2,117.7
abs,2017-08-01,2.5.2,118.0
abs,2017-09-01,2.5.2,118.0
abs,2017-10-01,2.5.2,117.5
abs,2017-11-01,2.5.2,117.5
abs,2017-12-01,2.5.2,116.8
abs,2018-01-01,2.5.2,114.8
abs,2018-02-01,2.5.2,114.6
abs,2018-03-01,2.5.2,114.1
abs,2018-04-01,2.5.2,112.9
abs,2018-05-01,2.5.2,113.7
abs,2018-06-01,2.5.2,113.2
abs,2018-07-01,2.5.2,112.7
abs,2018-08-01,2.5.2,113.4
abs,2018-09-01,2.5.2,114.1
abs,2018-10-01,2.5.2,115.5
abs,2018-11-01,2.5.2,115.9
abs,2018-12-01,2.5.2,115.1
abs,2019-01-01,2.5.2,115.0
abs,2019-02-01,2.5.2,115.0
abs,2019-03-01,2.5.2,115.4
abs,2019-04-01,2.5.2,115.5
abs,2019-05-01,2.5.2,115.9
abs,2019-06-01,2.5.2,116.3
abs,2019-07-01,2.5.2,115.9
abs,2019-08-01,2.5.2,115.8
abs,2019-09-01,2.5.2,117.1
abs,2019-10-01,2.5.2,116.8
abs,2019-11-01,2.5.2,116.5
abs,2019-12-01,2.5.2,116.2
abs,2020-01-01,2.5.2,115.5
abs,2020-02-01,2.5.2,114.7
abs,2020-03-01,2.5.2,115.1
abs,2020-04-01,2.5.2,116.1
abs,2020-05-01,2.5.2,115.6
abs,2020-06-01,2.5.2,115.4
abs,2020-07-01,2.5.2,115.1
abs,2020-08-01,2.5.2,113.1
abs,2020-09-01,2.5.2,113.2
abs,2020-10-01,2.5.2,112.4
abs,2020-11-01,2.5.2,114.0
abs,2020-12-01,2.5.2,114.5
abs,2021-01-01,2.5.2,113.8
abs,2021-02-01,2.5.2,113.2
abs,2021-03-01,2.5.2,113.4
abs,2021-04-01,2.5.2,114.1
abs,2021-05-01,2.5.2,114.5
abs,2021-06-01,2.5.2,115.2
abs,2021-07-01,2.5.2,115.8
abs,2021-08-01,2.5.2,117.2
abs,2021-09-01,2.5.2,117.6
abs,2021-10-01,2.5.2,118.0
abs,2021-11-01,2.5.2,119.4
abs,2021-12-01,2.5.2,119.4
abs,2022-01-01,2.5.2,119.6
abs,2022-02-01,2.5.2,121.5
abs,2022-03-01,2.5.2,123.1
abs,2022-04-01,2.5.2,124.3
abs,2022-05-01,2.5.2,124.6
abs,2022-06-01,2.5.2,125.2
abs,2022-07-01,2.5.2,128.1
abs,2022-08-01,2.5.2,131.0
abs,2022-09-01,2.5.2,131.5
abs,2022-10-01,2.5.2,130.7
abs,2022-11-01,2.5.2,131.6
abs,2022-12-01,2.5.2,132.4
abs,2023-01-01,2.5.2,130.3
abs,2023-02-01,2.5.2,131.4
abs,2023-03-01,2.5.2,132.9
abs,2023-04-01,2.5.2,131.9
abs,2023-05-01,2.5.2,131.6
abs,2023-06-01,2.5.2,134.2
abs,2023-07-01,2.5.2,135.8
abs,2023-08-01,2.5.2,138.0
abs,2023-09-01,2.5.2,136.3
abs,2023-10-01,2.5.2,139.0
abs,2023-11-01,2.5.2,141.1
abs,2023-12-01,2.5.2,142.2
abs,2024-01-01,2.5.2,143.1
abs,2024-02-01,2.5.2,143.9
abs,2024-03-01,2.5.2,143.9
abs,2024-04-01,2.5.2,144.8
abs,2024-05-01,2.5.2,143.5
abs,2024-06-01,2.5.2,144.2
abs,2024-07-01,2.5.2,143.4
abs,2024-08-01,2.5.2,141.7
abs,2024-09-01,2.5.2,140.6
abs,2024-10-01,2.5.2,141.8
abs,2024-11-01,2.5.2,143.2
abs,2024-12-01,2.5.2,143.4
abs,2025-01-01,2.5.2,144.7
abs,2025-02-01,2.5.2,143.4
abs,2025-03-01,2.5.2,143.3
abs,2025-04-01,2.5.2,144.2
abs,2025-05-01,2.5.2,144.6
abs,2025-06-01,2.5.2,143.7
abs,2025-07-01,2.5.2,143.4
abs,2025-08-01,2.5.2,143.3
abs,2025-09-01,2.5.2,142.5
abs,2025-10-01,2.5.2,143.0
abs,2025-11-01,2.5.2,144.3
abs,2025-12-01,2.5.2,145.2
abs,2026-01-01,2.5.2,145.7
abs,2026-02-01,2.5.2,146.4
abs,2026-03-01,2.5.2,148.3
abs,2026-04-01,2.5.2,149.3
abs,2026-05-01,2.5.2,151.1
abs,2026-06-01,2.5.2,156.1
abs,2026-07-01,2.5.2,157.9
growth_yoy,2016-01-01,2.5.2,-0.184
growth_yoy,2016-02-01,2.5.2,0.826
growth_yoy,2016-03-01,2.5.2,0.276
growth_yoy,2016-04-01,2.5.2,0.836
growth_yoy,2016-05-01,2.5.2,0.372
growth_yoy,2016-06-01,2.5.2,1.301
growth_yoy,2016-07-01,2.5.2,0.461
growth_yoy,2016-08-01,2.5.2,1.476
growth_yoy,2016-09-01,2.5.2,2.5
growth_yoy,2016-10-01,2.5.2,0.826
growth_yoy,2016-11-01,2.5.2,1.011
growth_yoy,2016-12-01,2.5.2,6.25
growth_yoy,2017-01-01,2.5.2,8.832
growth_yoy,2017-02-01,2.5.2,7.559
growth_yoy,2017-03-01,2.5.2,8.073
growth_yoy,2017-04-01,2.5.2,8.932
growth_yoy,2017-05-01,2.5.2,9.63
growth_yoy,2017-06-01,2.5.2,8.44
growth_yoy,2017-07-01,2.5.2,7.982
growth_yoy,2017-08-01,2.5.2,7.273
growth_yoy,2017-09-01,2.5.2,6.594
growth_yoy,2017-10-01,2.5.2,7.013
growth_yoy,2017-11-01,2.5.2,6.915
growth_yoy,2017-12-01,2.5.2,1.038
growth_yoy,2018-01-01,2.5.2,-2.959
growth_yoy,2018-02-01,2.5.2,-2.964
growth_yoy,2018-03-01,2.5.2,-3.141
growth_yoy,2018-04-01,2.5.2,-4.565
growth_yoy,2018-05-01,2.5.2,-3.97
growth_yoy,2018-06-01,2.5.2,-4.23
growth_yoy,2018-07-01,2.5.2,-4.248
growth_yoy,2018-08-01,2.5.2,-3.898
growth_yoy,2018-09-01,2.5.2,-3.305
growth_yoy,2018-10-01,2.5.2,-1.702
growth_yoy,2018-11-01,2.5.2,-1.362
growth_yoy,2018-12-01,2.5.2,-1.455
growth_yoy,2019-01-01,2.5.2,0.174
growth_yoy,2019-02-01,2.5.2,0.349
growth_yoy,2019-03-01,2.5.2,1.139
growth_yoy,2019-04-01,2.5.2,2.303
growth_yoy,2019-05-01,2.5.2,1.935
growth_yoy,2019-06-01,2.5.2,2.739
growth_yoy,2019-07-01,2.5.2,2.839
growth_yoy,2019-08-01,2.5.2,2.116
growth_yoy,2019-09-01,2.5.2,2.629
growth_yoy,2019-10-01,2.5.2,1.126
growth_yoy,2019-11-01,2.5.2,0.518
growth_yoy,2019-12-01,2.5.2,0.956
growth_yoy,2020-01-01,2.5.2,0.435
growth_yoy,2020-02-01,2.5.2,-0.261
growth_yoy,2020-03-01,2.5.2,-0.26
growth_yoy,2020-04-01,2.5.2,0.519
growth_yoy,2020-05-01,2.5.2,-0.259
growth_yoy,2020-06-01,2.5.2,-0.774
growth_yoy,2020-07-01,2.5.2,-0.69
growth_yoy,2020-08-01,2.5.2,-2.332
growth_yoy,2020-09-01,2.5.2,-3.33
growth_yoy,2020-10-01,2.5.2,-3.767
growth_yoy,2020-11-01,2.5.2,-2.146
growth_yoy,2020-12-01,2.5.2,-1.463
growth_yoy,2021-01-01,2.5.2,-1.472
growth_yoy,2021-02-01,2.5.2,-1.308
growth_yoy,2021-03-01,2.5.2,-1.477
growth_yoy,2021-04-01,2.5.2,-1.723
growth_yoy,2021-05-01,2.5.2,-0.952
growth_yoy,2021-06-01,2.5.2,-0.173
growth_yoy,2021-07-01,2.5.2,0.608
growth_yoy,2021-08-01,2.5.2,3.625
growth_yoy,2021-09-01,2.5.2,3.887
growth_yoy,2021-10-01,2.5.2,4.982
growth_yoy,2021-11-01,2.5.2,4.737
growth_yoy,2021-12-01,2.5.2,4.279
growth_yoy,2022-01-01,2.5.2,5.097
growth_yoy,2022-02-01,2.5.2,7.332
growth_yoy,2022-03-01,2.5.2,8.554
growth_yoy,2022-04-01,2.5.2,8.94
growth_yoy,2022-05-01,2.5.2,8.821
growth_yoy,2022-06-01,2.5.2,8.681
growth_yoy,2022-07-01,2.5.2,10.622
growth_yoy,2022-08-01,2.5.2,11.775
growth_yoy,2022-09-01,2.5.2,11.82
growth_yoy,2022-10-01,2.5.2,10.763
growth_yoy,2022-11-01,2.5.2,10.218
growth_yoy,2022-12-01,2.5.2,10.888
growth_yoy,2023-01-01,2.5.2,8.946
growth_yoy,2023-02-01,2.5.2,8.148
growth_yoy,2023-03-01,2.5.2,7.961
growth_yoy,2023-04-01,2.5.2,6.114
growth_yoy,2023-05-01,2.5.2,5.618
growth_yoy,2023-06-01,2.5.2,7.188
growth_yoy,2023-07-01,2.5.2,6.011
growth_yoy,2023-08-01,2.5.2,5.344
growth_yoy,2023-09-01,2.5.2,3.65
growth_yoy,2023-10-01,2.5.2,6.35
growth_yoy,2023-11-01,2.5.2,7.219
growth_yoy,2023-12-01,2.5.2,7.402
growth_yoy,2024-01-01,2.5.2,9.823
growth_yoy,2024-02-01,2.5.2,9.513
growth_yoy,2024-03-01,2.5.2,8.277
growth_yoy,2024-04-01,2.5.2,9.78
growth_yoy,2024-05-01,2.5.2,9.043
growth_yoy,2024-06-01,2.5.2,7.452
growth_yoy,2024-07-01,2.5.2,5.596
growth_yoy,2024-08-01,2.5.2,2.681
growth_yoy,2024-09-01,2.5.2,3.155
growth_yoy,2024-10-01,2.5.2,2.014
growth_yoy,2024-11-01,2.5.2,1.488
growth_yoy,2024-12-01,2.5.2,0.844
growth_yoy,2025-01-01,2.5.2,1.118
growth_yoy,2025-02-01,2.5.2,-0.347
growth_yoy,2025-03-01,2.5.2,-0.417
growth_yoy,2025-04-01,2.5.2,-0.414
growth_yoy,2025-05-01,2.5.2,0.767
growth_yoy,2025-06-01,2.5.2,-0.347
growth_yoy,2025-07-01,2.5.2,0.0
growth_yoy,2025-08-01,2.5.2,1.129
growth_yoy,2025-09-01,2.5.2,1.351
growth_yoy,2025-10-01,2.5.2,0.846
growth_yoy,2025-11-01,2.5.2,0.768
growth_yoy,2025-12-01,2.5.2,1.255
growth_yoy,2026-01-01,2.5.2,0.691
growth_yoy,2026-02-01,2.5.2,2.092
growth_yoy,2026-03-01,2.5.2,3.489
growth_yoy,2026-04-01,2.5.2,3.537
growth_yoy,2026-05-01,2.5.2,4.495
growth_yoy,2026-06-01,2.5.2,8.629
growth_yoy,2026-07-01,2.5.2,10.112
growth_mom,2015-02-01,2.5.2,0.0
growth_mom,2015-03-01,2.5.2,-0.184
growth_mom,2015-04-01,2.5.2,-0.92
growth_mom,2015-05-01,2.5.2,-0.093
growth_mom,2015-06-01,2.5.2,0.0
growth_mom,2015-07-01,2.5.2,0.836
growth_mom,2015-08-01,2.5.2,-0.092
growth_mom,2015-09-01,2.5.2,-0.369
growth_mom,2015-10-01,2.5.2,0.833
growth_mom,2015-11-01,2.5.2,-0.092
growth_mom,2015-12-01,2.5.2,0.0
growth_mom,2016-01-01,2.5.2,-0.092
growth_mom,2016-02-01,2.5.2,1.012
growth_mom,2016-03-01,2.5.2,-0.729
growth_mom,2016-04-01,2.5.2,-0.367
growth_mom,2016-05-01,2.5.2,-0.552
growth_mom,2016-06-01,2.5.2,0.926
growth_mom,2016-07-01,2.5.2,0.0
growth_mom,2016-08-01,2.5.2,0.917
growth_mom,2016-09-01,2.5.2,0.636
growth_mom,2016-10-01,2.5.2,-0.813
growth_mom,2016-11-01,2.5.2,0.091
growth_mom,2016-12-01,2.5.2,5.187
growth_mom,2017-01-01,2.5.2,2.336
growth_mom,2017-02-01,2.5.2,-0.169
growth_mom,2017-03-01,2.5.2,-0.254
growth_mom,2017-04-01,2.5.2,0.424
growth_mom,2017-05-01,2.5.2,0.085
growth_mom,2017-06-01,2.5.2,-0.169
growth_mom,2017-07-01,2.5.2,-0.423
growth_mom,2017-08-01,2.5.2,0.255
growth_mom,2017-09-01,2.5.2,0.0
growth_mom,2017-10-01,2.5.2,-0.424
growth_mom,2017-11-01,2.5.2,0.0
growth_mom,2017-12-01,2.5.2,-0.596
growth_mom,2018-01-01,2.5.2,-1.712
growth_mom,2018-02-01,2.5.2,-0.174
growth_mom,2018-03-01,2.5.2,-0.436
growth_mom,2018-04-01,2.5.2,-1.052
growth_mom,2018-05-01,2.5.2,0.709
growth_mom,2018-06-01,2.5.2,-0.44
growth_mom,2018-07-01,2.5.2,-0.442
growth_mom,2018-08-01,2.5.2,0.621
growth_mom,2018-09-01,2.5.2,0.617
growth_mom,2018-10-01,2.5.2,1.227
growth_mom,2018-11-01,2.5.2,0.346
growth_mom,2018-12-01,2.5.2,-0.69
growth_mom,2019-01-01,2.5.2,-0.087
growth_mom,2019-02-01,2.5.2,0.0
growth_mom,2019-03-01,2.5.2,0.348
growth_mom,2019-04-01,2.5.2,0.087
growth_mom,2019-05-01,2.5.2,0.346
growth_mom,2019-06-01,2.5.2,0.345
growth_mom,2019-07-01,2.5.2,-0.344
growth_mom,2019-08-01,2.5.2,-0.086
growth_mom,2019-09-01,2.5.2,1.123
growth_mom,2019-10-01,2.5.2,-0.256
growth_mom,2019-11-01,2.5.2,-0.257
growth_mom,2019-12-01,2.5.2,-0.258
growth_mom,2020-01-01,2.5.2,-0.602
growth_mom,2020-02-01,2.5.2,-0.693
growth_mom,2020-03-01,2.5.2,0.349
growth_mom,2020-04-01,2.5.2,0.869
growth_mom,2020-05-01,2.5.2,-0.431
growth_mom,2020-06-01,2.5.2,-0.173
growth_mom,2020-07-01,2.5.2,-0.26
growth_mom,2020-08-01,2.5.2,-1.738
growth_mom,2020-09-01,2.5.2,0.088
growth_mom,2020-10-01,2.5.2,-0.707
growth_mom,2020-11-01,2.5.2,1.423
growth_mom,2020-12-01,2.5.2,0.439
growth_mom,2021-01-01,2.5.2,-0.611
growth_mom,2021-02-01,2.5.2,-0.527
growth_mom,2021-03-01,2.5.2,0.177
growth_mom,2021-04-01,2.5.2,0.617
growth_mom,2021-05-01,2.5.2,0.351
growth_mom,2021-06-01,2.5.2,0.611
growth_mom,2021-07-01,2.5.2,0.521
growth_mom,2021-08-01,2.5.2,1.209
growth_mom,2021-09-01,2.5.2,0.341
growth_mom,2021-10-01,2.5.2,0.34
growth_mom,2021-11-01,2.5.2,1.186
growth_mom,2021-12-01,2.5.2,0.0
growth_mom,2022-01-01,2.5.2,0.168
growth_mom,2022-02-01,2.5.2,1.589
growth_mom,2022-03-01,2.5.2,1.317
growth_mom,2022-04-01,2.5.2,0.975
growth_mom,2022-05-01,2.5.2,0.241
growth_mom,2022-06-01,2.5.2,0.482
growth_mom,2022-07-01,2.5.2,2.316
growth_mom,2022-08-01,2.5.2,2.264
growth_mom,2022-09-01,2.5.2,0.382
growth_mom,2022-10-01,2.5.2,-0.608
growth_mom,2022-11-01,2.5.2,0.689
growth_mom,2022-12-01,2.5.2,0.608
growth_mom,2023-01-01,2.5.2,-1.586
growth_mom,2023-02-01,2.5.2,0.844
growth_mom,2023-03-01,2.5.2,1.142
growth_mom,2023-04-01,2.5.2,-0.752
growth_mom,2023-05-01,2.5.2,-0.227
growth_mom,2023-06-01,2.5.2,1.976
growth_mom,2023-07-01,2.5.2,1.192
growth_mom,2023-08-01,2.5.2,1.62
growth_mom,2023-09-01,2.5.2,-1.232
growth_mom,2023-10-01,2.5.2,1.981
growth_mom,2023-11-01,2.5.2,1.511
growth_mom,2023-12-01,2.5.2,0.78
growth_mom,2024-01-01,2.5.2,0.633
growth_mom,2024-02-01,2.5.2,0.559
growth_mom,2024-03-01,2.5.2,0.0
growth_mom,2024-04-01,2.5.2,0.625
growth_mom,2024-05-01,2.5.2,-0.898
growth_mom,2024-06-01,2.5.2,0.488
growth_mom,2024-07-01,2.5.2,-0.555
growth_mom,2024-08-01,2.5.2,-1.185
growth_mom,2024-09-01,2.5.2,-0.776
growth_mom,2024-10-01,2.5.2,0.853
growth_mom,2024-11-01,2.5.2,0.987
growth_mom,2024-12-01,2.5.2,0.14
growth_mom,2025-01-01,2.5.2,0.907
growth_mom,2025-02-01,2.5.2,-0.898
growth_mom,2025-03-01,2.5.2,-0.07
growth_mom,2025-04-01,2.5.2,0.628
growth_mom,2025-05-01,2.5.2,0.277
growth_mom,2025-06-01,2.5.2,-0.622
growth_mom,2025-07-01,2.5.2,-0.209
growth_mom,2025-08-01,2.5.2,-0.07
growth_mom,2025-09-01,2.5.2,-0.558
growth_mom,2025-10-01,2.5.2,0.351
growth_mom,2025-11-01,2.5.2,0.909
growth_mom,2025-12-01,2.5.2,0.624
growth_mom,2026-01-01,2.5.2,0.344
growth_mom,2026-02-01,2.5.2,0.48
growth_mom,2026-03-01,2.5.2,1.298
growth_mom,2026-04-01,2.5.2,0.674
growth_mom,2026-05-01,2.5.2,1.206
growth_mom,2026-06-01,2.5.2,3.309
growth_mom,2026-07-01,2.5.2,1.153
abs,2015-01-01,2.5.2.1,0.0
abs,2015-02-01,2.5.2.1,0.0
abs,2015-03-01,2.5.2.1,0.0
abs,2015-04-01,2.5.2.1,0.0
abs,2015-05-01,2.5.2.1,0.0
abs,2015-06-01,2.5.2.1,0.0
abs,2015-07-01,2.5.2.1,0.0
abs,2015-08-01,2.5.2.1,0.0
abs,2015-09-01,2.5.2.1,0.0
abs,2015-10-01,2.5.2.1,0.0
abs,2015-11-01,2.5.2.1,0.0
abs,2015-12-01,2.5.2.1,0.0
abs,2016-01-01,2.5.2.1,0.0
abs,2016-02-01,2.5.2.1,0.0
abs,2016-03-01,2.5.2.1,0.0
abs,2016-04-01,2.5.2.1,0.0
abs,2016-05-01,2.5.2.1,0.0
abs,2016-06-01,2.5.2.1,0.0
abs,2016-07-01,2.5.2.1,0.0
abs,2016-08-01,2.5.2.1,0.0
abs,2016-09-01,2.5.2.1,0.0
abs,2016-10-01,2.5.2.1,0.0
abs,2016-11-01,2.5.2.1,0.0
abs,2016-12-01,2.5.2.1,0.0
abs,2017-01-01,2.5.2.1,118.3
abs,2017-02-01,2.5.2.1,118.1
abs,2017-03-01,2.5.2.1,117.8
abs,2017-04-01,2.5.2.1,118.3
abs,2017-05-01,2.5.2.1,118.4
abs,2017-06-01,2.5.2.1,118.2
abs,2017-07-01,2.5.2.1,117.7
abs,2017-08-01,2.5.2.1,118.0
abs,2017-09-01,2.5.2.1,118.0
abs,2017-10-01,2.5.2.1,117.5
abs,2017-11-01,2.5.2.1,117.5
abs,2017-12-01,2.5.2.1,116.8
abs,2018-01-01,2.5.2.1,115.5
abs,2018-02-01,2.5.2.1,115.2
abs,2018-03-01,2.5.2.1,114.8
abs,2018-04-01,2.5.2.1,117.5
abs,2018-05-01,2.5.2.1,117.7
abs,2018-06-01,2.5.2.1,118.6
abs,2018-07-01,2.5.2.1,118.6
abs,2018-08-01,2.5.2.1,121.6
abs,2018-09-01,2.5.2.1,120.8
abs,2018-10-01,2.5.2.1,120.7
abs,2018-11-01,2.5.2.1,120.4
abs,2018-12-01,2.5.2.1,119.7
abs,2019-01-01,2.5.2.1,120.6
abs,2019-02-01,2.5.2.1,119.8
abs,2019-03-01,2.5.2.1,120.8
abs,2019-04-01,2.5.2.1,118.9
abs,2019-05-01,2.5.2.1,118.7
abs,2019-06-01,2.5.2.1,117.3
abs,2019-07-01,2.5.2.1,119.3
abs,2019-08-01,2.5.2.1,119.5
abs,2019-09-01,2.5.2.1,118.9
abs,2019-10-01,2.5.2.1,118.1
abs,2019-11-01,2.5.2.1,117.9
abs,2019-12-01,2.5.2.1,118.3
abs,2020-01-01,2.5.2.1,118.0
abs,2020-02-01,2.5.2.1,118.7
abs,2020-03-01,2.5.2.1,119.1
abs,2020-04-01,2.5.2.1,119.8
abs,2020-05-01,2.5.2.1,119.0
abs,2020-06-01,2.5.2.1,119.2
abs,2020-07-01,2.5.2.1,118.1
abs,2020-08-01,2.5.2.1,119.3
abs,2020-09-01,2.5.2.1,118.7
abs,2020-10-01,2.5.2.1,118.4
abs,2020-11-01,2.5.2.1,118.1
abs,2020-12-01,2.5.2.1,121.9
abs,2021-01-01,2.5.2.1,122.9
abs,2021-02-01,2.5.2.1,124.4
abs,2021-03-01,2.5.2.1,125.8
abs,2021-04-01,2.5.2.1,127.8
abs,2021-05-01,2.5.2.1,128.8
abs,2021-06-01,2.5.2.1,129.9
abs,2021-07-01,2.5.2.1,131.0
abs,2021-08-01,2.5.2.1,132.0
abs,2021-09-01,2.5.2.1,133.1
abs,2021-10-01,2.5.2.1,133.6
abs,2021-11-01,2.5.2.1,133.7
abs,2021-12-01,2.5.2.1,133.7
abs,2022-01-01,2.5.2.1,135.3
abs,2022-02-01,2.5.2.1,137.2
abs,2022-03-01,2.5.2.1,140.7
abs,2022-04-01,2.5.2.1,143.6
abs,2022-05-01,2.5.2.1,148.7
abs,2022-06-01,2.5.2.1,152.5
abs,2022-07-01,2.5.2.1,156.5
abs,2022-08-01,2.5.2.1,156.5
abs,2022-09-01,2.5.2.1,157.1
abs,2022-10-01,2.5.2.1,157.8
abs,2022-11-01,2.5.2.1,158.4
abs,2022-12-01,2.5.2.1,158.9
abs,2023-01-01,2.5.2.1,158.7
abs,2023-02-01,2.5.2.1,161.1
abs,2023-03-01,2.5.2.1,161.4
abs,2023-04-01,2.5.2.1,161.9
abs,2023-05-01,2.5.2.1,161.8
abs,2023-06-01,2.5.2.1,161.7
abs,2023-07-01,2.5.2.1,160.6
abs,2023-08-01,2.5.2.1,159.9
abs,2023-09-01,2.5.2.1,159.4
abs,2023-10-01,2.5.2.1,158.5
abs,2023-11-01,2.5.2.1,157.8
abs,2023-12-01,2.5.2.1,155.7
abs,2024-01-01,2.5.2.1,156.4
abs,2024-02-01,2.5.2.1,154.0
abs,2024-03-01,2.5.2.1,153.8
abs,2024-04-01,2.5.2.1,152.4
abs,2024-05-01,2.5.2.1,151.0
abs,2024-06-01,2.5.2.1,150.5
abs,2024-07-01,2.5.2.1,149.3
abs,2024-08-01,2.5.2.1,148.0
abs,2024-09-01,2.5.2.1,148.1
abs,2024-10-01,2.5.2.1,147.1
abs,2024-11-01,2.5.2.1,145.1
abs,2024-12-01,2.5.2.1,143.2
abs,2025-01-01,2.5.2.1,142.6
abs,2025-02-01,2.5.2.1,139.8
abs,2025-03-01,2.5.2.1,138.7
abs,2025-04-01,2.5.2.1,139.1
abs,2025-05-01,2.5.2.1,138.6
abs,2025-06-01,2.5.2.1,138.1
abs,2025-07-01,2.5.2.1,138.1
abs,2025-08-01,2.5.2.1,138.0
abs,2025-09-01,2.5.2.1,137.2
abs,2025-10-01,2.5.2.1,136.8
abs,2025-11-01,2.5.2.1,136.5
abs,2025-12-01,2.5.2.1,136.6
abs,2026-01-01,2.5.2.1,135.4
abs,2026-02-01,2.5.2.1,134.7
abs,2026-03-01,2.5.2.1,135.1
abs,2026-04-01,2.5.2.1,135.3
abs,2026-05-01,2.5.2.1,136.9
abs,2026-06-01,2.5.2.1,136.7
abs,2026-07-01,2.5.2.1,136.8
growth_yoy,2017-01-01,2.5.2.1,inf
growth_yoy,2017-02-01,2.5.2.1,inf
growth_yoy,2017-03-01,2.5.2.1,inf
growth_yoy,2017-04-01,2.5.2.1,inf
growth_yoy,2017-05-01,2.5.2.1,inf
growth_yoy,2017-06-01,2.5.2.1,inf
growth_yoy,2017-07-01,2.5.2.1,inf
growth_yoy,2017-08-01,2.5.2.1,inf
growth_yoy,2017-09-01,2.5.2.1,inf
growth_yoy,2017-10-01,2.5.2.1,inf
growth_yoy,2017-11-01,2.5.2.1,inf
growth_yoy,2017-12-01,2.5.2.1,inf
growth_yoy,2018-01-01,2.5.2.1,-2.367
growth_yoy,2018-02-01,2.5.2.1,-2.456
growth_yoy,2018-03-01,2.5.2.1,-2.547
growth_yoy,2018-04-01,2.5.2.1,-0.676
growth_yoy,2018-05-01,2.5.2.1,-0.591
growth_yoy,2018-06-01,2.5.2.1,0.338
growth_yoy,2018-07-01,2.5.2.1,0.765
growth_yoy,2018-08-01,2.5.2.1,3.051
growth_yoy,2018-09-01,2.5.2.1,2.373
growth_yoy,2018-10-01,2.5.2.1,2.723
growth_yoy,2018-11-01,2.5.2.1,2.468
growth_yoy,2018-12-01,2.5.2.1,2.483
growth_yoy,2019-01-01,2.5.2.1,4.416
growth_yoy,2019-02-01,2.5.2.1,3.993
growth_yoy,2019-03-01,2.5.2.1,5.226
growth_yoy,2019-04-01,2.5.2.1,1.191
growth_yoy,2019-05-01,2.5.2.1,0.85
growth_yoy,2019-06-01,2.5.2.1,-1.096
growth_yoy,2019-07-01,2.5.2.1,0.59
growth_yoy,2019-08-01,2.5.2.1,-1.727
growth_yoy,2019-09-01,2.5.2.1,-1.573
growth_yoy,2019-10-01,2.5.2.1,-2.154
growth_yoy,2019-11-01,2.5.2.1,-2.076
growth_yoy,2019-12-01,2.5.2.1,-1.17
growth_yoy,2020-01-01,2.5.2.1,-2.156
growth_yoy,2020-02-01,2.5.2.1,-0.918
growth_yoy,2020-03-01,2.5.2.1,-1.407
growth_yoy,2020-04-01,2.5.2.1,0.757
growth_yoy,2020-05-01,2.5.2.1,0.253
growth_yoy,2020-06-01,2.5.2.1,1.62
growth_yoy,2020-07-01,2.5.2.1,-1.006
growth_yoy,2020-08-01,2.5.2.1,-0.167
growth_yoy,2020-09-01,2.5.2.1,-0.168
growth_yoy,2020-10-01,2.5.2.1,0.254
growth_yoy,2020-11-01,2.5.2.1,0.17
growth_yoy,2020-12-01,2.5.2.1,3.043
growth_yoy,2021-01-01,2.5.2.1,4.153
growth_yoy,2021-02-01,2.5.2.1,4.802
growth_yoy,2021-03-01,2.5.2.1,5.626
growth_yoy,2021-04-01,2.5.2.1,6.678
growth_yoy,2021-05-01,2.5.2.1,8.235
growth_yoy,2021-06-01,2.5.2.1,8.977
growth_yoy,2021-07-01,2.5.2.1,10.923
growth_yoy,2021-08-01,2.5.2.1,10.645
growth_yoy,2021-09-01,2.5.2.1,12.131
growth_yoy,2021-10-01,2.5.2.1,12.838
growth_yoy,2021-11-01,2.5.2.1,13.209
growth_yoy,2021-12-01,2.5.2.1,9.68
growth_yoy,2022-01-01,2.5.2.1,10.09
growth_yoy,2022-02-01,2.5.2.1,10.289
growth_yoy,2022-03-01,2.5.2.1,11.844
growth_yoy,2022-04-01,2.5.2.1,12.363
growth_yoy,2022-05-01,2.5.2.1,15.45
growth_yoy,2022-06-01,2.5.2.1,17.398
growth_yoy,2022-07-01,2.5.2.1,19.466
growth_yoy,2022-08-01,2.5.2.1,18.561
growth_yoy,2022-09-01,2.5.2.1,18.032
growth_yoy,2022-10-01,2.5.2.1,18.114
growth_yoy,2022-11-01,2.5.2.1,18.474
growth_yoy,2022-12-01,2.5.2.1,18.848
growth_yoy,2023-01-01,2.5.2.1,17.295
growth_yoy,2023-02-01,2.5.2.1,17.42
growth_yoy,2023-03-01,2.5.2.1,14.712
growth_yoy,2023-04-01,2.5.2.1,12.744
growth_yoy,2023-05-01,2.5.2.1,8.81
growth_yoy,2023-06-01,2.5.2.1,6.033
growth_yoy,2023-07-01,2.5.2.1,2.62
growth_yoy,2023-08-01,2.5.2.1,2.173
growth_yoy,2023-09-01,2.5.2.1,1.464
growth_yoy,2023-10-01,2.5.2.1,0.444
growth_yoy,2023-11-01,2.5.2.1,-0.379
growth_yoy,2023-12-01,2.5.2.1,-2.014
growth_yoy,2024-01-01,2.5.2.1,-1.449
growth_yoy,2024-02-01,2.5.2.1,-4.407
growth_yoy,2024-03-01,2.5.2.1,-4.709
growth_yoy,2024-04-01,2.5.2.1,-5.868
growth_yoy,2024-05-01,2.5.2.1,-6.675
growth_yoy,2024-06-01,2.5.2.1,-6.926
growth_yoy,2024-07-01,2.5.2.1,-7.036
growth_yoy,2024-08-01,2.5.2.1,-7.442
growth_yoy,2024-09-01,2.5.2.1,-7.089
growth_yoy,2024-10-01,2.5.2.1,-7.192
growth_yoy,2024-11-01,2.5.2.1,-8.048
growth_yoy,2024-12-01,2.5.2.1,-8.028
growth_yoy,2025-01-01,2.5.2.1,-8.824
growth_yoy,2025-02-01,2.5.2.1,-9.221
growth_yoy,2025-03-01,2.5.2.1,-9.818
growth_yoy,2025-04-01,2.5.2.1,-8.727
growth_yoy,2025-05-01,2.5.2.1,-8.212
growth_yoy,2025-06-01,2.5.2.1,-8.239
growth_yoy,2025-07-01,2.5.2.1,-7.502
growth_yoy,2025-08-01,2.5.2.1,-6.757
growth_yoy,2025-09-01,2.5.2.1,-7.36
growth_yoy,2025-10-01,2.5.2.1,-7.002
growth_yoy,2025-11-01,2.5.2.1,-5.927
growth_yoy,2025-12-01,2.5.2.1,-4.609
growth_yoy,2026-01-01,2.5.2.1,-5.049
growth_yoy,2026-02-01,2.5.2.1,-3.648
growth_yoy,2026-03-01,2.5.2.1,-2.596
growth_yoy,2026-04-01,2.5.2.1,-2.732
growth_yoy,2026-05-01,2.5.2.1,-1.227
growth_yoy,2026-06-01,2.5.2.1,-1.014
growth_yoy,2026-07-01,2.5.2.1,-0.941
growth_mom,2017-01-01,2.5.2.1,inf
growth_mom,2017-02-01,2.5.2.1,-0.169
growth_mom,2017-03-01,2.5.2.1,-0.254
growth_mom,2017-04-01,2.5.2.1,0.424
growth_mom,2017-05-01,2.5.2.1,0.085
growth_mom,2017-06-01,2.5.2.1,-0.169
growth_mom,2017-07-01,2.5.2.1,-0.423
growth_mom,2017-08-01,2.5.2.1,0.255
growth_mom,2017-09-01,2.5.2.1,0.0
growth_mom,2017-10-01,2.5.2.1,-0.424
growth_mom,2017-11-01,2.5.2.1,0.0
growth_mom,2017-12-01,2.5.2.1,-0.596
growth_mom,2018-01-01,2.5.2.1,-1.113
growth_mom,2018-02-01,2.5.2.1,-0.26
growth_mom,2018-03-01,2.5.2.1,-0.347
growth_mom,2018-04-01,2.5.2.1,2.352
growth_mom,2018-05-01,2.5.2.1,0.17
growth_mom,2018-06-01,2.5.2.1,0.765
growth_mom,2018-07-01,2.5.2.1,0.0
growth_mom,2018-08-01,2.5.2.1,2.53
growth_mom,2018-09-01,2.5.2.1,-0.658
growth_mom,2018-10-01,2.5.2.1,-0.083
growth_mom,2018-11-01,2.5.2.1,-0.249
growth_mom,2018-12-01,2.5.2.1,-0.581
growth_mom,2019-01-01,2.5.2.1,0.752
growth_mom,2019-02-01,2.5.2.1,-0.663
growth_mom,2019-03-01,2.5.2.1,0.835
growth_mom,2019-04-01,2.5.2.1,-1.573
growth_mom,2019-05-01,2.5.2.1,-0.168
growth_mom,2019-06-01,2.5.2.1,-1.179
growth_mom,2019-07-01,2.5.2.1,1.705
growth_mom,2019-08-01,2.5.2.1,0.168
growth_mom,2019-09-01,2.5.2.1,-0.502
growth_mom,2019-10-01,2.5.2.1,-0.673
growth_mom,2019-11-01,2.5.2.1,-0.169
growth_mom,2019-12-01,2.5.2.1,0.339
growth_mom,2020-01-01,2.5.2.1,-0.254
growth_mom,2020-02-01,2.5.2.1,0.593
growth_mom,2020-03-01,2.5.2.1,0.337
growth_mom,2020-04-01,2.5.2.1,0.588
growth_mom,2020-05-01,2.5.2.1,-0.668
growth_mom,2020-06-01,2.5.2.1,0.168
growth_mom,2020-07-01,2.5.2.1,-0.923
growth_mom,2020-08-01,2.5.2.1,1.016
growth_mom,2020-09-01,2.5.2.1,-0.503
growth_mom,2020-10-01,2.5.2.1,-0.253
growth_mom,2020-11-01,2.5.2.1,-0.253
growth_mom,2020-12-01,2.5.2.1,3.218
growth_mom,2021-01-01,2.5.2.1,0.82
growth_mom,2021-02-01,2.5.2.1,1.221
growth_mom,2021-03-01,2.5.2.1,1.125
growth_mom,2021-04-01,2.5.2.1,1.59
growth_mom,2021-05-01,2.5.2.1,0.782
growth_mom,2021-06-01,2.5.2.1,0.854
growth_mom,2021-07-01,2.5.2.1,0.847
growth_mom,2021-08-01,2.5.2.1,0.763
growth_mom,2021-09-01,2.5.2.1,0.833
growth_mom,2021-10-01,2.5.2.1,0.376
growth_mom,2021-11-01,2.5.2.1,0.075
growth_mom,2021-12-01,2.5.2.1,0.0
growth_mom,2022-01-01,2.5.2.1,1.197
growth_mom,2022-02-01,2.5.2.1,1.404
growth_mom,2022-03-01,2.5.2.1,2.551
growth_mom,2022-04-01,2.5.2.1,2.061
growth_mom,2022-05-01,2.5.2.1,3.552
growth_mom,2022-06-01,2.5.2.1,2.555
growth_mom,2022-07-01,2.5.2.1,2.623
growth_mom,2022-08-01,2.5.2.1,0.0
growth_mom,2022-09-01,2.5.2.1,0.383
growth_mom,2022-10-01,2.5.2.1,0.446
growth_mom,2022-11-01,2.5.2.1,0.38
growth_mom,2022-12-01,2.5.2.1,0.316
growth_mom,2023-01-01,2.5.2.1,-0.126
growth_mom,2023-02-01,2.5.2.1,1.512
growth_mom,2023-03-01,2.5.2.1,0.186
growth_mom,2023-04-01,2.5.2.1,0.31
growth_mom,2023-05-01,2.5.2.1,-0.062
growth_mom,2023-06-01,2.5.2.1,-0.062
growth_mom,2023-07-01,2.5.2.1,-0.68
growth_mom,2023-08-01,2.5.2.1,-0.436
growth_mom,2023-09-01,2.5.2.1,-0.313
growth_mom,2023-10-01,2.5.2.1,-0.565
growth_mom,2023-11-01,2.5.2.1,-0.442
growth_mom,2023-12-01,2.5.2.1,-1.331
growth_mom,2024-01-01,2.5.2.1,0.45
growth_mom,2024-02-01,2.5.2.1,-1.535
growth_mom,2024-03-01,2.5.2.1,-0.13
growth_mom,2024-04-01,2.5.2.1,-0.91
growth_mom,2024-05-01,2.5.2.1,-0.919
growth_mom,2024-06-01,2.5.2.1,-0.331
growth_mom,2024-07-01,2.5.2.1,-0.797
growth_mom,2024-08-01,2.5.2.1,-0.871
growth_mom,2024-09-01,2.5.2.1,0.068
growth_mom,2024-10-01,2.5.2.1,-0.675
growth_mom,2024-11-01,2.5.2.1,-1.36
growth_mom,2024-12-01,2.5.2.1,-1.309
growth_mom,2025-01-01,2.5.2.1,-0.419
growth_mom,2025-02-01,2.5.2.1,-1.964
growth_mom,2025-03-01,2.5.2.1,-0.787
growth_mom,2025-04-01,2.5.2.1,0.288
growth_mom,2025-05-01,2.5.2.1,-0.359
growth_mom,2025-06-01,2.5.2.1,-0.361
growth_mom,2025-07-01,2.5.2.1,0.0
growth_mom,2025-08-01,2.5.2.1,-0.072
growth_mom,2025-09-01,2.5.2.1,-0.58
growth_mom,2025-10-01,2.5.2.1,-0.292
growth_mom,2025-11-01,2.5.2.1,-0.219
growth_mom,2025-12-01,2.5.2.1,0.073
growth_mom,2026-01-01,2.5.2.1,-0.878
growth_mom,2026-02-01,2.5.2.1,-0.517
growth_mom,2026-03-01,2.5.2.1,0.297
growth_mom,2026-04-01,2.5.2.1,0.148
growth_mom,2026-05-01,2.5.2.1,1.183
growth_mom,2026-06-01,2.5.2.1,-0.146
growth_mom,2026-07-01,2.5.2.1,0.073
abs,2015-01-01,2.5.2.2,108.9
abs,2015-02-01,2.5.2.2,108.9
abs,2015-03-01,2.5.2.2,108.7
abs,2015-04-01,2.5.2.2,107.7
abs,2015-05-01,2.5.2.2,107.6
abs,2015-06-01,2.5.2.2,107.6
abs,2015-07-01,2.5.2.2,108.5
abs,2015-08-01,2.5.2.2,108.4
abs,2015-09-01,2.5.2.2,108.0
abs,2015-10-01,2.5.2.2,108.9
abs,2015-11-01,2.5.2.2,108.8
abs,2015-12-01,2.5.2.2,108.8
abs,2016-01-01,2.5.2.2,108.7
abs,2016-02-01,2.5.2.2,109.8
abs,2016-03-01,2.5.2.2,109.0
abs,2016-04-01,2.5.2.2,108.6
abs,2016-05-01,2.5.2.2,108.0
abs,2016-06-01,2.5.2.2,109.0
abs,2016-07-01,2.5.2.2,109.0
abs,2016-08-01,2.5.2.2,110.0
abs,2016-09-01,2.5.2.2,110.7
abs,2016-10-01,2.5.2.2,109.8
abs,2016-11-01,2.5.2.2,109.9
abs,2016-12-01,2.5.2.2,115.6
abs,2017-01-01,2.5.2.2,118.3
abs,2017-02-01,2.5.2.2,118.1
abs,2017-03-01,2.5.2.2,117.8
abs,2017-04-01,2.5.2.2,118.3
abs,2017-05-01,2.5.2.2,118.4
abs,2017-06-01,2.5.2.2,118.2
abs,2017-07-01,2.5.2.2,117.7
abs,2017-08-01,2.5.2.2,118.0
abs,2017-09-01,2.5.2.2,118.0
abs,2017-10-01,2.5.2.2,117.5
abs,2017-11-01,2.5.2.2,117.5
abs,2017-12-01,2.5.2.2,116.8
abs,2018-01-01,2.5.2.2,114.7
abs,2018-02-01,2.5.2.2,114.6
abs,2018-03-01,2.5.2.2,114.0
abs,2018-04-01,2.5.2.2,112.1
abs,2018-05-01,2.5.2.2,113.0
abs,2018-06-01,2.5.2.2,112.2
abs,2018-07-01,2.5.2.2,111.7
abs,2018-08-01,2.5.2.2,112.0
abs,2018-09-01,2.5.2.2,112.9
abs,2018-10-01,2.5.2.2,114.6
abs,2018-11-01,2.5.2.2,115.2
abs,2018-12-01,2.5.2.2,114.4
abs,2019-01-01,2.5.2.2,114.1
abs,2019-02-01,2.5.2.2,114.2
abs,2019-03-01,2.5.2.2,114.5
abs,2019-04-01,2.5.2.2,114.9
abs,2019-05-01,2.5.2.2,115.4
abs,2019-06-01,2.5.2.2,116.2
abs,2019-07-01,2.5.2.2,115.3
abs,2019-08-01,2.5.2.2,115.1
abs,2019-09-01,2.5.2.2,116.9
abs,2019-10-01,2.5.2.2,116.6
abs,2019-11-01,2.5.2.2,116.2
abs,2019-12-01,2.5.2.2,115.8
abs,2020-01-01,2.5.2.2,115.1
abs,2020-02-01,2.5.2.2,114.0
abs,2020-03-01,2.5.2.2,114.4
abs,2020-04-01,2.5.2.2,115.5
abs,2020-05-01,2.5.2.2,115.0
abs,2020-06-01,2.5.2.2,114.8
abs,2020-07-01,2.5.2.2,114.6
abs,2020-08-01,2.5.2.2,112.0
abs,2020-09-01,2.5.2.2,112.2
abs,2020-10-01,2.5.2.2,111.4
abs,2020-11-01,2.5.2.2,113.3
abs,2020-12-01,2.5.2.2,113.2
abs,2021-01-01,2.5.2.2,112.3
abs,2021-02-01,2.5.2.2,111.3
abs,2021-03-01,2.5.2.2,111.3
abs,2021-04-01,2.5.2.2,111.8
abs,2021-05-01,2.5.2.2,112.1
abs,2021-06-01,2.5.2.2,112.7
abs,2021-07-01,2.5.2.2,113.3
abs,2021-08-01,2.5.2.2,114.7
abs,2021-09-01,2.5.2.2,115.0
abs,2021-10-01,2.5.2.2,115.4
abs,2021-11-01,2.5.2.2,117.0
abs,2021-12-01,2.5.2.2,117.0
abs,2022-01-01,2.5.2.2,116.9
abs,2022-02-01,2.5.2.2,118.9
abs,2022-03-01,2.5.2.2,120.2
abs,2022-04-01,2.5.2.2,121.0
abs,2022-05-01,2.5.2.2,120.5
abs,2022-06-01,2.5.2.2,120.5
abs,2022-07-01,2.5.2.2,123.3
abs,2022-08-01,2.5.2.2,126.7
abs,2022-09-01,2.5.2.2,127.2
abs,2022-10-01,2.5.2.2,126.2
abs,2022-11-01,2.5.2.2,127.0
abs,2022-12-01,2.5.2.2,127.9
abs,2023-01-01,2.5.2.2,125.5
abs,2023-02-01,2.5.2.2,126.3
abs,2023-03-01,2.5.2.2,128.0
abs,2023-04-01,2.5.2.2,126.8
abs,2023-05-01,2.5.2.2,126.5
abs,2023-06-01,2.5.2.2,129.5
abs,2023-07-01,2.5.2.2,131.6
abs,2023-08-01,2.5.2.2,134.3
abs,2023-09-01,2.5.2.2,132.4
abs,2023-10-01,2.5.2.2,135.7
abs,2023-11-01,2.5.2.2,138.3
abs,2023-12-01,2.5.2.2,139.9
abs,2024-01-01,2.5.2.2,140.8
abs,2024-02-01,2.5.2.2,142.2
abs,2024-03-01,2.5.2.2,142.3
abs,2024-04-01,2.5.2.2,143.5
abs,2024-05-01,2.5.2.2,142.2
abs,2024-06-01,2.5.2.2,143.1
abs,2024-07-01,2.5.2.2,142.4
abs,2024-08-01,2.5.2.2,140.6
abs,2024-09-01,2.5.2.2,139.3
abs,2024-10-01,2.5.2.2,140.9
abs,2024-11-01,2.5.2.2,142.9
abs,2024-12-01,2.5.2.2,143.4
abs,2025-01-01,2.5.2.2,145.1
abs,2025-02-01,2.5.2.2,144.0
abs,2025-03-01,2.5.2.2,144.1
abs,2025-04-01,2.5.2.2,145.1
abs,2025-05-01,2.5.2.2,145.6
abs,2025-06-01,2.5.2.2,144.7
abs,2025-07-01,2.5.2.2,144.3
abs,2025-08-01,2.5.2.2,144.2
abs,2025-09-01,2.5.2.2,143.4
abs,2025-10-01,2.5.2.2,144.0
abs,2025-11-01,2.5.2.2,145.7
abs,2025-12-01,2.5.2.2,146.7
abs,2026-01-01,2.5.2.2,147.5
abs,2026-02-01,2.5.2.2,148.4
abs,2026-03-01,2.5.2.2,150.5
abs,2026-04-01,2.5.2.2,151.6
abs,2026-05-01,2.5.2.2,153.6
abs,2026-06-01,2.5.2.2,159.3
abs,2026-07-01,2.5.2.2,161.5
growth_yoy,2016-01-01,2.5.2.2,-0.184
growth_yoy,2016-02-01,2.5.2.2,0.826
growth_yoy,2016-03-01,2.5.2.2,0.276
growth_yoy,2016-04-01,2.5.2.2,0.836
growth_yoy,2016-05-01,2.5.2.2,0.372
growth_yoy,2016-06-01,2.5.2.2,1.301
growth_yoy,2016-07-01,2.5.2.2,0.461
growth_yoy,2016-08-01,2.5.2.2,1.476
growth_yoy,2016-09-01,2.5.2.2,2.5
growth_yoy,2016-10-01,2.5.2.2,0.826
growth_yoy,2016-11-01,2.5.2.2,1.011
growth_yoy,2016-12-01,2.5.2.2,6.25
growth_yoy,2017-01-01,2.5.2.2,8.832
growth_yoy,2017-02-01,2.5.2.2,7.559
growth_yoy,2017-03-01,2.5.2.2,8.073
growth_yoy,2017-04-01,2.5.2.2,8.932
growth_yoy,2017-05-01,2.5.2.2,9.63
growth_yoy,2017-06-01,2.5.2.2,8.44
growth_yoy,2017-07-01,2.5.2.2,7.982
growth_yoy,2017-08-01,2.5.2.2,7.273
growth_yoy,2017-09-01,2.5.2.2,6.594
growth_yoy,2017-10-01,2.5.2.2,7.013
growth_yoy,2017-11-01,2.5.2.2,6.915
growth_yoy,2017-12-01,2.5.2.2,1.038
growth_yoy,2018-01-01,2.5.2.2,-3.043
growth_yoy,2018-02-01,2.5.2.2,-2.964
growth_yoy,2018-03-01,2.5.2.2,-3.226
growth_yoy,2018-04-01,2.5.2.2,-5.241
growth_yoy,2018-05-01,2.5.2.2,-4.561
growth_yoy,2018-06-01,2.5.2.2,-5.076
growth_yoy,2018-07-01,2.5.2.2,-5.098
growth_yoy,2018-08-01,2.5.2.2,-5.085
growth_yoy,2018-09-01,2.5.2.2,-4.322
growth_yoy,2018-10-01,2.5.2.2,-2.468
growth_yoy,2018-11-01,2.5.2.2,-1.957
growth_yoy,2018-12-01,2.5.2.2,-2.055
growth_yoy,2019-01-01,2.5.2.2,-0.523
growth_yoy,2019-02-01,2.5.2.2,-0.349
growth_yoy,2019-03-01,2.5.2.2,0.439
growth_yoy,2019-04-01,2.5.2.2,2.498
growth_yoy,2019-05-01,2.5.2.2,2.124
growth_yoy,2019-06-01,2.5.2.2,3.565
growth_yoy,2019-07-01,2.5.2.2,3.223
growth_yoy,2019-08-01,2.5.2.2,2.768
growth_yoy,2019-09-01,2.5.2.2,3.543
growth_yoy,2019-10-01,2.5.2.2,1.745
growth_yoy,2019-11-01,2.5.2.2,0.868
growth_yoy,2019-12-01,2.5.2.2,1.224
growth_yoy,2020-01-01,2.5.2.2,0.876
growth_yoy,2020-02-01,2.5.2.2,-0.175
growth_yoy,2020-03-01,2.5.2.2,-0.087
growth_yoy,2020-04-01,2.5.2.2,0.522
growth_yoy,2020-05-01,2.5.2.2,-0.347
growth_yoy,2020-06-01,2.5.2.2,-1.205
growth_yoy,2020-07-01,2.5.2.2,-0.607
growth_yoy,2020-08-01,2.5.2.2,-2.693
growth_yoy,2020-09-01,2.5.2.2,-4.021
growth_yoy,2020-10-01,2.5.2.2,-4.46
growth_yoy,2020-11-01,2.5.2.2,-2.496
growth_yoy,2020-12-01,2.5.2.2,-2.245
growth_yoy,2021-01-01,2.5.2.2,-2.433
growth_yoy,2021-02-01,2.5.2.2,-2.368
growth_yoy,2021-03-01,2.5.2.2,-2.71
growth_yoy,2021-04-01,2.5.2.2,-3.203
growth_yoy,2021-05-01,2.5.2.2,-2.522
growth_yoy,2021-06-01,2.5.2.2,-1.829
growth_yoy,2021-07-01,2.5.2.2,-1.134
growth_yoy,2021-08-01,2.5.2.2,2.411
growth_yoy,2021-09-01,2.5.2.2,2.496
growth_yoy,2021-10-01,2.5.2.2,3.591
growth_yoy,2021-11-01,2.5.2.2,3.266
growth_yoy,2021-12-01,2.5.2.2,3.357
growth_yoy,2022-01-01,2.5.2.2,4.096
growth_yoy,2022-02-01,2.5.2.2,6.828
growth_yoy,2022-03-01,2.5.2.2,7.996
growth_yoy,2022-04-01,2.5.2.2,8.229
growth_yoy,2022-05-01,2.5.2.2,7.493
growth_yoy,2022-06-01,2.5.2.2,6.921
growth_yoy,2022-07-01,2.5.2.2,8.826
growth_yoy,2022-08-01,2.5.2.2,10.462
growth_yoy,2022-09-01,2.5.2.2,10.609
growth_yoy,2022-10-01,2.5.2.2,9.359
growth_yoy,2022-11-01,2.5.2.2,8.547
growth_yoy,2022-12-01,2.5.2.2,9.316
growth_yoy,2023-01-01,2.5.2.2,7.357
growth_yoy,2023-02-01,2.5.2.2,6.224
growth_yoy,2023-03-01,2.5.2.2,6.489
growth_yoy,2023-04-01,2.5.2.2,4.793
growth_yoy,2023-05-01,2.5.2.2,4.979
growth_yoy,2023-06-01,2.5.2.2,7.469
growth_yoy,2023-07-01,2.5.2.2,6.732
growth_yoy,2023-08-01,2.5.2.2,5.998
growth_yoy,2023-09-01,2.5.2.2,4.088
growth_yoy,2023-10-01,2.5.2.2,7.528
growth_yoy,2023-11-01,2.5.2.2,8.898
growth_yoy,2023-12-01,2.5.2.2,9.382
growth_yoy,2024-01-01,2.5.2.2,12.191
growth_yoy,2024-02-01,2.5.2.2,12.589
growth_yoy,2024-03-01,2.5.2.2,11.172
growth_yoy,2024-04-01,2.5.2.2,13.17
growth_yoy,2024-05-01,2.5.2.2,12.411
growth_yoy,2024-06-01,2.5.2.2,10.502
growth_yoy,2024-07-01,2.5.2.2,8.207
growth_yoy,2024-08-01,2.5.2.2,4.691
growth_yoy,2024-09-01,2.5.2.2,5.211
growth_yoy,2024-10-01,2.5.2.2,3.832
growth_yoy,2024-11-01,2.5.2.2,3.326
growth_yoy,2024-12-01,2.5.2.2,2.502
growth_yoy,2025-01-01,2.5.2.2,3.054
growth_yoy,2025-02-01,2.5.2.2,1.266
growth_yoy,2025-03-01,2.5.2.2,1.265
growth_yoy,2025-04-01,2.5.2.2,1.115
growth_yoy,2025-05-01,2.5.2.2,2.391
growth_yoy,2025-06-01,2.5.2.2,1.118
growth_yoy,2025-07-01,2.5.2.2,1.334
growth_yoy,2025-08-01,2.5.2.2,2.56
growth_yoy,2025-09-01,2.5.2.2,2.943
growth_yoy,2025-10-01,2.5.2.2,2.2
growth_yoy,2025-11-01,2.5.2.2,1.959
growth_yoy,2025-12-01,2.5.2.2,2.301
growth_yoy,2026-01-01,2.5.2.2,1.654
growth_yoy,2026-02-01,2.5.2.2,3.056
growth_yoy,2026-03-01,2.5.2.2,4.441
growth_yoy,2026-04-01,2.5.2.2,4.48
growth_yoy,2026-05-01,2.5.2.2,5.495
growth_yoy,2026-06-01,2.5.2.2,10.09
growth_yoy,2026-07-01,2.5.2.2,11.92
growth_mom,2015-02-01,2.5.2.2,0.0
growth_mom,2015-03-01,2.5.2.2,-0.184
growth_mom,2015-04-01,2.5.2.2,-0.92
growth_mom,2015-05-01,2.5.2.2,-0.093
growth_mom,2015-06-01,2.5.2.2,0.0
growth_mom,2015-07-01,2.5.2.2,0.836
growth_mom,2015-08-01,2.5.2.2,-0.092
growth_mom,2015-09-01,2.5.2.2,-0.369
growth_mom,2015-10-01,2.5.2.2,0.833
growth_mom,2015-11-01,2.5.2.2,-0.092
growth_mom,2015-12-01,2.5.2.2,0.0
growth_mom,2016-01-01,2.5.2.2,-0.092
growth_mom,2016-02-01,2.5.2.2,1.012
growth_mom,2016-03-01,2.5.2.2,-0.729
growth_mom,2016-04-01,2.5.2.2,-0.367
growth_mom,2016-05-01,2.5.2.2,-0.552
growth_mom,2016-06-01,2.5.2.2,0.926
growth_mom,2016-07-01,2.5.2.2,0.0
growth_mom,2016-08-01,2.5.2.2,0.917
growth_mom,2016-09-01,2.5.2.2,0.636
growth_mom,2016-10-01,2.5.2.2,-0.813
growth_mom,2016-11-01,2.5.2.2,0.091
growth_mom,2016-12-01,2.5.2.2,5.187
growth_mom,2017-01-01,2.5.2.2,2.336
growth_mom,2017-02-01,2.5.2.2,-0.169
growth_mom,2017-03-01,2.5.2.2,-0.254
growth_mom,2017-04-01,2.5.2.2,0.424
growth_mom,2017-05-01,2.5.2.2,0.085
growth_mom,2017-06-01,2.5.2.2,-0.169
growth_mom,2017-07-01,2.5.2.2,-0.423
growth_mom,2017-08-01,2.5.2.2,0.255
growth_mom,2017-09-01,2.5.2.2,0.0
growth_mom,2017-10-01,2.5.2.2,-0.424
growth_mom,2017-11-01,2.5.2.2,0.0
growth_mom,2017-12-01,2.5.2.2,-0.596
growth_mom,2018-01-01,2.5.2.2,-1.798
growth_mom,2018-02-01,2.5.2.2,-0.087
growth_mom,2018-03-01,2.5.2.2,-0.524
growth_mom,2018-04-01,2.5.2.2,-1.667
growth_mom,2018-05-01,2.5.2.2,0.803
growth_mom,2018-06-01,2.5.2.2,-0.708
growth_mom,2018-07-01,2.5.2.2,-0.446
growth_mom,2018-08-01,2.5.2.2,0.269
growth_mom,2018-09-01,2.5.2.2,0.804
growth_mom,2018-10-01,2.5.2.2,1.506
growth_mom,2018-11-01,2.5.2.2,0.524
growth_mom,2018-12-01,2.5.2.2,-0.694
growth_mom,2019-01-01,2.5.2.2,-0.262
growth_mom,2019-02-01,2.5.2.2,0.088
growth_mom,2019-03-01,2.5.2.2,0.263
growth_mom,2019-04-01,2.5.2.2,0.349
growth_mom,2019-05-01,2.5.2.2,0.435
growth_mom,2019-06-01,2.5.2.2,0.693
growth_mom,2019-07-01,2.5.2.2,-0.775
growth_mom,2019-08-01,2.5.2.2,-0.173
growth_mom,2019-09-01,2.5.2.2,1.564
growth_mom,2019-10-01,2.5.2.2,-0.257
growth_mom,2019-11-01,2.5.2.2,-0.343
growth_mom,2019-12-01,2.5.2.2,-0.344
growth_mom,2020-01-01,2.5.2.2,-0.604
growth_mom,2020-02-01,2.5.2.2,-0.956
growth_mom,2020-03-01,2.5.2.2,0.351
growth_mom,2020-04-01,2.5.2.2,0.962
growth_mom,2020-05-01,2.5.2.2,-0.433
growth_mom,2020-06-01,2.5.2.2,-0.174
growth_mom,2020-07-01,2.5.2.2,-0.174
growth_mom,2020-08-01,2.5.2.2,-2.269
growth_mom,2020-09-01,2.5.2.2,0.179
growth_mom,2020-10-01,2.5.2.2,-0.713
growth_mom,2020-11-01,2.5.2.2,1.706
growth_mom,2020-12-01,2.5.2.2,-0.088
growth_mom,2021-01-01,2.5.2.2,-0.795
growth_mom,2021-02-01,2.5.2.2,-0.89
growth_mom,2021-03-01,2.5.2.2,0.0
growth_mom,2021-04-01,2.5.2.2,0.449
growth_mom,2021-05-01,2.5.2.2,0.268
growth_mom,2021-06-01,2.5.2.2,0.535
growth_mom,2021-07-01,2.5.2.2,0.532
growth_mom,2021-08-01,2.5.2.2,1.236
growth_mom,2021-09-01,2.5.2.2,0.262
growth_mom,2021-10-01,2.5.2.2,0.348
growth_mom,2021-11-01,2.5.2.2,1.386
growth_mom,2021-12-01,2.5.2.2,0.0
growth_mom,2022-01-01,2.5.2.2,-0.085
growth_mom,2022-02-01,2.5.2.2,1.711
growth_mom,2022-03-01,2.5.2.2,1.093
growth_mom,2022-04-01,2.5.2.2,0.666
growth_mom,2022-05-01,2.5.2.2,-0.413
growth_mom,2022-06-01,2.5.2.2,0.0
growth_mom,2022-07-01,2.5.2.2,2.324
growth_mom,2022-08-01,2.5.2.2,2.758
growth_mom,2022-09-01,2.5.2.2,0.395
growth_mom,2022-10-01,2.5.2.2,-0.786
growth_mom,2022-11-01,2.5.2.2,0.634
growth_mom,2022-12-01,2.5.2.2,0.709
growth_mom,2023-01-01,2.5.2.2,-1.876
growth_mom,2023-02-01,2.5.2.2,0.637
growth_mom,2023-03-01,2.5.2.2,1.346
growth_mom,2023-04-01,2.5.2.2,-0.938
growth_mom,2023-05-01,2.5.2.2,-0.237
growth_mom,2023-06-01,2.5.2.2,2.372
growth_mom,2023-07-01,2.5.2.2,1.622
growth_mom,2023-08-01,2.5.2.2,2.052
growth_mom,2023-09-01,2.5.2.2,-1.415
growth_mom,2023-10-01,2.5.2.2,2.492
growth_mom,2023-11-01,2.5.2.2,1.916
growth_mom,2023-12-01,2.5.2.2,1.157
growth_mom,2024-01-01,2.5.2.2,0.643
growth_mom,2024-02-01,2.5.2.2,0.994
growth_mom,2024-03-01,2.5.2.2,0.07
growth_mom,2024-04-01,2.5.2.2,0.843
growth_mom,2024-05-01,2.5.2.2,-0.906
growth_mom,2024-06-01,2.5.2.2,0.633
growth_mom,2024-07-01,2.5.2.2,-0.489
growth_mom,2024-08-01,2.5.2.2,-1.264
growth_mom,2024-09-01,2.5.2.2,-0.925
growth_mom,2024-10-01,2.5.2.2,1.149
growth_mom,2024-11-01,2.5.2.2,1.419
growth_mom,2024-12-01,2.5.2.2,0.35
growth_mom,2025-01-01,2.5.2.2,1.185
growth_mom,2025-02-01,2.5.2.2,-0.758
growth_mom,2025-03-01,2.5.2.2,0.069
growth_mom,2025-04-01,2.5.2.2,0.694
growth_mom,2025-05-01,2.5.2.2,0.345
growth_mom,2025-06-01,2.5.2.2,-0.618
growth_mom,2025-07-01,2.5.2.2,-0.276
growth_mom,2025-08-01,2.5.2.2,-0.069
growth_mom,2025-09-01,2.5.2.2,-0.555
growth_mom,2025-10-01,2.5.2.2,0.418
growth_mom,2025-11-01,2.5.2.2,1.181
growth_mom,2025-12-01,2.5.2.2,0.686
growth_mom,2026-01-01,2.5.2.2,0.545
growth_mom,2026-02-01,2.5.2.2,0.61
growth_mom,2026-03-01,2.5.2.2,1.415
growth_mom,2026-04-01,2.5.2.2,0.731
growth_mom,2026-05-01,2.5.2.2,1.319
growth_mom,2026-06-01,2.5.2.2,3.711
growth_mom,2026-07-01,2.5.2.2,1.381
abs,2010-01-01,3,100.7
abs,2010-02-01,3,100.6
abs,2010-03-01,3,100.4
abs,2010-04-01,3,100.3
abs,2010-05-01,3,100.2
abs,2010-06-01,3,100.3
abs,2010-07-01,3,100.0
abs,2010-08-01,3,99.9
abs,2010-09-01,3,100.0
abs,2010-10-01,3,99.4
abs,2010-11-01,3,99.5
abs,2010-12-01,3,98.8
abs,2011-01-01,3,99.3
abs,2011-02-01,3,98.7
abs,2011-03-01,3,98.8
abs,2011-04-01,3,99.3
abs,2011-05-01,3,99.6
abs,2011-06-01,3,99.7
abs,2011-07-01,3,99.6
abs,2011-08-01,3,100.1
abs,2011-09-01,3,100.1
abs,2011-10-01,3,100.0
abs,2011-11-01,3,99.9
abs,2011-12-01,3,100.1
abs,2012-01-01,3,100.1
abs,2012-02-01,3,100.2
abs,2012-03-01,3,100.3
abs,2012-04-01,3,100.4
abs,2012-05-01,3,100.3
abs,2012-06-01,3,100.6
abs,2012-07-01,3,100.5
abs,2012-08-01,3,100.4
abs,2012-09-01,3,100.2
abs,2012-10-01,3,100.4
abs,2012-11-01,3,100.4
abs,2012-12-01,3,100.4
abs,2013-01-01,3,100.1
abs,2013-02-01,3,100.0
abs,2013-03-01,3,100.1
abs,2013-04-01,3,100.0
abs,2013-05-01,3,100.0
abs,2013-06-01,3,99.9
abs,2013-07-01,3,100.0
abs,2013-08-01,3,100.1
abs,2013-09-01,3,100.4
abs,2013-10-01,3,100.2
abs,2013-11-01,3,100.3
abs,2013-12-01,3,100.3
abs,2014-01-01,3,100.6
abs,2014-02-01,3,100.8
abs,2014-03-01,3,100.8
abs,2014-04-01,3,100.9
abs,2014-05-01,3,100.9
abs,2014-06-01,3,100.9
abs,2014-07-01,3,100.8
abs,2014-08-01,3,101.0
abs,2014-09-01,3,100.9
abs,2014-10-01,3,101.1
abs,2014-11-01,3,101.2
abs,2014-12-01,3,101.3
abs,2015-01-01,3,101.5
abs,2015-02-01,3,101.6
abs,2015-03-01,3,101.7
abs,2015-04-01,3,101.8
abs,2015-05-01,3,101.6
abs,2015-06-01,3,101.7
abs,2015-07-01,3,101.9
abs,2015-08-01,3,102.1
abs,2015-09-01,3,102.5
abs,2015-10-01,3,102.6
abs,2015-11-01,3,102.7
abs,2015-12-01,3,102.9
abs,2016-01-01,3,102.8
abs,2016-02-01,3,102.8
abs,2016-03-01,3,102.4
abs,2016-04-01,3,102.4
abs,2016-05-01,3,102.4
abs,2016-06-01,3,102.4
abs,2016-07-01,3,102.1
abs,2016-08-01,3,102.3
abs,2016-09-01,3,102.6
abs,2016-10-01,3,102.6
abs,2016-11-01,3,102.6
abs,2016-12-01,3,102.8
abs,2017-01-01,3,103.2
abs,2017-02-01,3,103.6
abs,2017-03-01,3,103.9
abs,2017-04-01,3,103.8
abs,2017-05-01,3,103.8
abs,2017-06-01,3,103.7
abs,2017-07-01,3,103.4
abs,2017-08-01,3,103.4
abs,2017-09-01,3,103.6
abs,2017-10-01,3,102.8
abs,2017-11-01,3,102.9
abs,2017-12-01,3,102.9
abs,2018-01-01,3,102.8
abs,2018-02-01,3,101.4
abs,2018-03-01,3,101.6
abs,2018-04-01,3,101.1
abs,2018-05-01,3,101.0
abs,2018-06-01,3,100.2
abs,2018-07-01,3,100.2
abs,2018-08-01,3,100.0
abs,2018-09-01,3,100.8
abs,2018-10-01,3,101.1
abs,2018-11-01,3,100.2
abs,2018-12-01,3,100.9
abs,2019-01-01,3,101.0
abs,2019-02-01,3,101.2
abs,2019-03-01,3,101.0
abs,2019-04-01,3,100.7
abs,2019-05-01,3,101.1
abs,2019-06-01,3,101.5
abs,2019-07-01,3,101.5
abs,2019-08-01,3,101.8
abs,2019-09-01,3,102.1
abs,2019-10-01,3,101.8
abs,2019-11-01,3,101.6
abs,2019-12-01,3,102.1
abs,2020-01-01,3,101.8
abs,2020-02-01,3,101.4
abs,2020-03-01,3,101.7
abs,2020-04-01,3,101.8
abs,2020-05-01,3,101.3
abs,2020-06-01,3,101.2
abs,2020-07-01,3,101.1
abs,2020-08-01,3,101.8
abs,2020-09-01,3,101.0
abs,2020-10-01,3,101.0
abs,2020-11-01,3,101.4
abs,2020-12-01,3,101.3
abs,2021-01-01,3,101.9
abs,2021-02-01,3,101.8
abs,2021-03-01,3,101.5
abs,2021-04-01,3,101.1
abs,2021-05-01,3,101.5
abs,2021-06-01,3,101.5
abs,2021-07-01,3,100.7
abs,2021-08-01,3,100.5
abs,2021-09-01,3,100.5
abs,2021-10-01,3,100.5
abs,2021-11-01,3,101.3
abs,2021-12-01,3,101.1
abs,2022-01-01,3,101.1
abs,2022-02-01,3,101.6
abs,2022-03-01,3,101.9
abs,2022-04-01,3,102.2
abs,2022-05-01,3,102.5
abs,2022-06-01,3,103.1
abs,2022-07-01,3,103.1
abs,2022-08-01,3,103.4
abs,2022-09-01,3,103.6
abs,2022-10-01,3,103.9
abs,2022-11-01,3,104.6
abs,2022-12-01,3,105.5
abs,2023-01-01,3,105.7
abs,2023-02-01,3,105.7
abs,2023-03-01,3,105.9
abs,2023-04-01,3,105.8
abs,2023-05-01,3,105.6
abs,2023-06-01,3,106.5
abs,2023-07-01,3,106.6
abs,2023-08-01,3,106.7
abs,2023-09-01,3,106.8
abs,2023-10-01,3,106.2
abs,2023-11-01,3,106.4
abs,2023-12-01,3,106.7
abs,2024-01-01,3,106.2
abs,2024-02-01,3,106.9
abs,2024-03-01,3,107.9
abs,2024-04-01,3,108.3
abs,2024-05-01,3,109.1
abs,2024-06-01,3,109.5
abs,2024-07-01,3,109.7
abs,2024-08-01,3,110.4
abs,2024-09-01,3,108.4
abs,2024-10-01,3,107.4
abs,2024-11-01,3,106.8
abs,2024-12-01,3,107.2
abs,2025-01-01,3,107.4
abs,2025-02-01,3,107.7
abs,2025-03-01,3,107.3
abs,2025-04-01,3,106.8
abs,2025-05-01,3,106.5
abs,2025-06-01,3,107.0
abs,2025-07-01,3,107.1
abs,2025-08-01,3,106.6
abs,2025-09-01,3,106.5
abs,2025-10-01,3,106.3
abs,2025-11-01,3,106.6
abs,2025-12-01,3,106.4
abs,2026-01-01,3,106.8
abs,2026-02-01,3,106.5
abs,2026-03-01,3,107.2
abs,2026-04-01,3,107.5
abs,2026-05-01,3,108.3
abs,2026-06-01,3,109.1
abs,2026-07-01,3,109.8
growth_yoy,2011-01-01,3,-1.39
growth_yoy,2011-02-01,3,-1.889
growth_yoy,2011-03-01,3,-1.594
growth_yoy,2011-04-01,3,-0.997
growth_yoy,2011-05-01,3,-0.599
growth_yoy,2011-06-01,3,-0.598
growth_yoy,2011-07-01,3,-0.4
growth_yoy,2011-08-01,3,0.2
growth_yoy,2011-09-01,3,0.1
growth_yoy,2011-10-01,3,0.604
growth_yoy,2011-11-01,3,0.402
growth_yoy,2011-12-01,3,1.316
growth_yoy,2012-01-01,3,0.806
growth_yoy,2012-02-01,3,1.52
growth_yoy,2012-03-01,3,1.518
growth_yoy,2012-04-01,3,1.108
growth_yoy,2012-05-01,3,0.703
growth_yoy,2012-06-01,3,0.903
growth_yoy,2012-07-01,3,0.904
growth_yoy,2012-08-01,3,0.3
growth_yoy,2012-09-01,3,0.1
growth_yoy,2012-10-01,3,0.4
growth_yoy,2012-11-01,3,0.501
growth_yoy,2012-12-01,3,0.3
growth_yoy,2013-01-01,3,0.0
growth_yoy,2013-02-01,3,-0.2
growth_yoy,2013-03-01,3,-0.199
growth_yoy,2013-04-01,3,-0.398
growth_yoy,2013-05-01,3,-0.299
growth_yoy,2013-06-01,3,-0.696
growth_yoy,2013-07-01,3,-0.498
growth_yoy,2013-08-01,3,-0.299
growth_yoy,2013-09-01,3,0.2
growth_yoy,2013-10-01,3,-0.199
growth_yoy,2013-11-01,3,-0.1
growth_yoy,2013-12-01,3,-0.1
growth_yoy,2014-01-01,3,0.5
growth_yoy,2014-02-01,3,0.8
growth_yoy,2014-03-01,3,0.699
growth_yoy,2014-04-01,3,0.9
growth_yoy,2014-05-01,3,0.9
growth_yoy,2014-06-01,3,1.001
growth_yoy,2014-07-01,3,0.8
growth_yoy,2014-08-01,3,0.899
growth_yoy,2014-09-01,3,0.498
growth_yoy,2014-10-01,3,0.898
growth_yoy,2014-11-01,3,0.897
growth_yoy,2014-12-01,3,0.997
growth_yoy,2015-01-01,3,0.895
growth_yoy,2015-02-01,3,0.794
growth_yoy,2015-03-01,3,0.893
growth_yoy,2015-04-01,3,0.892
growth_yoy,2015-05-01,3,0.694
growth_yoy,2015-06-01,3,0.793
growth_yoy,2015-07-01,3,1.091
growth_yoy,2015-08-01,3,1.089
growth_yoy,2015-09-01,3,1.586
growth_yoy,2015-10-01,3,1.484
growth_yoy,2015-11-01,3,1.482
growth_yoy,2015-12-01,3,1.579
growth_yoy,2016-01-01,3,1.281
growth_yoy,2016-02-01,3,1.181
growth_yoy,2016-03-01,3,0.688
growth_yoy,2016-04-01,3,0.589
growth_yoy,2016-05-01,3,0.787
growth_yoy,2016-06-01,3,0.688
growth_yoy,2016-07-01,3,0.196
growth_yoy,2016-08-01,3,0.196
growth_yoy,2016-09-01,3,0.098
growth_yoy,2016-10-01,3,0.0
growth_yoy,2016-11-01,3,-0.097
growth_yoy,2016-12-01,3,-0.097
growth_yoy,2017-01-01,3,0.389
growth_yoy,2017-02-01,3,0.778
growth_yoy,2017-03-01,3,1.465
growth_yoy,2017-04-01,3,1.367
growth_yoy,2017-05-01,3,1.367
growth_yoy,2017-06-01,3,1.27
growth_yoy,2017-07-01,3,1.273
growth_yoy,2017-08-01,3,1.075
growth_yoy,2017-09-01,3,0.975
growth_yoy,2017-10-01,3,0.195
growth_yoy,2017-11-01,3,0.292
growth_yoy,2017-12-01,3,0.097
growth_yoy,2018-01-01,3,-0.388
growth_yoy,2018-02-01,3,-2.124
growth_yoy,2018-03-01,3,-2.214
growth_yoy,2018-04-01,3,-2.601
growth_yoy,2018-05-01,3,-2.697
growth_yoy,2018-06-01,3,-3.375
growth_yoy,2018-07-01,3,-3.095
growth_yoy,2018-08-01,3,-3.288
growth_yoy,2018-09-01,3,-2.703
growth_yoy,2018-10-01,3,-1.654
growth_yoy,2018-11-01,3,-2.624
growth_yoy,2018-12-01,3,-1.944
growth_yoy,2019-01-01,3,-1.751
growth_yoy,2019-02-01,3,-0.197
growth_yoy,2019-03-01,3,-0.591
growth_yoy,2019-04-01,3,-0.396
growth_yoy,2019-05-01,3,0.099
growth_yoy,2019-06-01,3,1.297
growth_yoy,2019-07-01,3,1.297
growth_yoy,2019-08-01,3,1.8
growth_yoy,2019-09-01,3,1.29
growth_yoy,2019-10-01,3,0.692
growth_yoy,2019-11-01,3,1.397
growth_yoy,2019-12-01,3,1.189
growth_yoy,2020-01-01,3,0.792
growth_yoy,2020-02-01,3,0.198
growth_yoy,2020-03-01,3,0.693
growth_yoy,2020-04-01,3,1.092
growth_yoy,2020-05-01,3,0.198
growth_yoy,2020-06-01,3,-0.296
growth_yoy,2020-07-01,3,-0.394
growth_yoy,2020-08-01,3,0.0
growth_yoy,2020-09-01,3,-1.077
growth_yoy,2020-10-01,3,-0.786
growth_yoy,2020-11-01,3,-0.197
growth_yoy,2020-12-01,3,-0.784
growth_yoy,2021-01-01,3,0.098
growth_yoy,2021-02-01,3,0.394
growth_yoy,2021-03-01,3,-0.197
growth_yoy,2021-04-01,3,-0.688
growth_yoy,2021-05-01,3,0.197
growth_yoy,2021-06-01,3,0.296
growth_yoy,2021-07-01,3,-0.396
growth_yoy,2021-08-01,3,-1.277
growth_yoy,2021-09-01,3,-0.495
growth_yoy,2021-10-01,3,-0.495
growth_yoy,2021-11-01,3,-0.099
growth_yoy,2021-12-01,3,-0.197
growth_yoy,2022-01-01,3,-0.785
growth_yoy,2022-02-01,3,-0.196
growth_yoy,2022-03-01,3,0.394
growth_yoy,2022-04-01,3,1.088
growth_yoy,2022-05-01,3,0.985
growth_yoy,2022-06-01,3,1.576
growth_yoy,2022-07-01,3,2.383
growth_yoy,2022-08-01,3,2.886
growth_yoy,2022-09-01,3,3.085
growth_yoy,2022-10-01,3,3.383
growth_yoy,2022-11-01,3,3.258
growth_yoy,2022-12-01,3,4.352
growth_yoy,2023-01-01,3,4.55
growth_yoy,2023-02-01,3,4.035
growth_yoy,2023-03-01,3,3.925
growth_yoy,2023-04-01,3,3.523
growth_yoy,2023-05-01,3,3.024
growth_yoy,2023-06-01,3,3.298
growth_yoy,2023-07-01,3,3.395
growth_yoy,2023-08-01,3,3.191
growth_yoy,2023-09-01,3,3.089
growth_yoy,2023-10-01,3,2.214
growth_yoy,2023-11-01,3,1.721
growth_yoy,2023-12-01,3,1.137
growth_yoy,2024-01-01,3,0.473
growth_yoy,2024-02-01,3,1.135
growth_yoy,2024-03-01,3,1.889
growth_yoy,2024-04-01,3,2.363
growth_yoy,2024-05-01,3,3.314
growth_yoy,2024-06-01,3,2.817
growth_yoy,2024-07-01,3,2.908
growth_yoy,2024-08-01,3,3.468
growth_yoy,2024-09-01,3,1.498
growth_yoy,2024-10-01,3,1.13
growth_yoy,2024-11-01,3,0.376
growth_yoy,2024-12-01,3,0.469
growth_yoy,2025-01-01,3,1.13
growth_yoy,2025-02-01,3,0.748
growth_yoy,2025-03-01,3,-0.556
growth_yoy,2025-04-01,3,-1.385
growth_yoy,2025-05-01,3,-2.383
growth_yoy,2025-06-01,3,-2.283
growth_yoy,2025-07-01,3,-2.37
growth_yoy,2025-08-01,3,-3.442
growth_yoy,2025-09-01,3,-1.753
growth_yoy,2025-10-01,3,-1.024
growth_yoy,2025-11-01,3,-0.187
growth_yoy,2025-12-01,3,-0.746
growth_yoy,2026-01-01,3,-0.559
growth_yoy,2026-02-01,3,-1.114
growth_yoy,2026-03-01,3,-0.093
growth_yoy,2026-04-01,3,0.655
growth_yoy,2026-05-01,3,1.69
growth_yoy,2026-06-01,3,1.963
growth_yoy,2026-07-01,3,2.521
growth_mom,2010-02-01,3,-0.099
growth_mom,2010-03-01,3,-0.199
growth_mom,2010-04-01,3,-0.1
growth_mom,2010-05-01,3,-0.1
growth_mom,2010-06-01,3,0.1
growth_mom,2010-07-01,3,-0.299
growth_mom,2010-08-01,3,-0.1
growth_mom,2010-09-01,3,0.1
growth_mom,2010-10-01,3,-0.6
growth_mom,2010-11-01,3,0.101
growth_mom,2010-12-01,3,-0.704
growth_mom,2011-01-01,3,0.506
growth_mom,2011-02-01,3,-0.604
growth_mom,2011-03-01,3,0.101
growth_mom,2011-04-01,3,0.506
growth_mom,2011-05-01,3,0.302
growth_mom,2011-06-01,3,0.1
growth_mom,2011-07-01,3,-0.1
growth_mom,2011-08-01,3,0.502
growth_mom,2011-09-01,3,0.0
growth_mom,2011-10-01,3,-0.1
growth_mom,2011-11-01,3,-0.1
growth_mom,2011-12-01,3,0.2
growth_mom,2012-01-01,3,0.0
growth_mom,2012-02-01,3,0.1
growth_mom,2012-03-01,3,0.1
growth_mom,2012-04-01,3,0.1
growth_mom,2012-05-01,3,-0.1
growth_mom,2012-06-01,3,0.299
growth_mom,2012-07-01,3,-0.099
growth_mom,2012-08-01,3,-0.1
growth_mom,2012-09-01,3,-0.199
growth_mom,2012-10-01,3,0.2
growth_mom,2012-11-01,3,0.0
growth_mom,2012-12-01,3,0.0
growth_mom,2013-01-01,3,-0.299
growth_mom,2013-02-01,3,-0.1
growth_mom,2013-03-01,3,0.1
growth_mom,2013-04-01,3,-0.1
growth_mom,2013-05-01,3,0.0
growth_mom,2013-06-01,3,-0.1
growth_mom,2013-07-01,3,0.1
growth_mom,2013-08-01,3,0.1
growth_mom,2013-09-01,3,0.3
growth_mom,2013-10-01,3,-0.199
growth_mom,2013-11-01,3,0.1
growth_mom,2013-12-01,3,0.0
growth_mom,2014-01-01,3,0.299
growth_mom,2014-02-01,3,0.199
growth_mom,2014-03-01,3,0.0
growth_mom,2014-04-01,3,0.099
growth_mom,2014-05-01,3,0.0
growth_mom,2014-06-01,3,0.0
growth_mom,2014-07-01,3,-0.099
growth_mom,2014-08-01,3,0.198
growth_mom,2014-09-01,3,-0.099
growth_mom,2014-10-01,3,0.198
growth_mom,2014-11-01,3,0.099
growth_mom,2014-12-01,3,0.099
growth_mom,2015-01-01,3,0.197
growth_mom,2015-02-01,3,0.099
growth_mom,2015-03-01,3,0.098
growth_mom,2015-04-01,3,0.098
growth_mom,2015-05-01,3,-0.196
growth_mom,2015-06-01,3,0.098
growth_mom,2015-07-01,3,0.197
growth_mom,2015-08-01,3,0.196
growth_mom,2015-09-01,3,0.392
growth_mom,2015-10-01,3,0.098
growth_mom,2015-11-01,3,0.097
growth_mom,2015-12-01,3,0.195
growth_mom,2016-01-01,3,-0.097
growth_mom,2016-02-01,3,0.0
growth_mom,2016-03-01,3,-0.389
growth_mom,2016-04-01,3,0.0
growth_mom,2016-05-01,3,0.0
growth_mom,2016-06-01,3,0.0
growth_mom,2016-07-01,3,-0.293
growth_mom,2016-08-01,3,0.196
growth_mom,2016-09-01,3,0.293
growth_mom,2016-10-01,3,0.0
growth_mom,2016-11-01,3,0.0
growth_mom,2016-12-01,3,0.195
growth_mom,2017-01-01,3,0.389
growth_mom,2017-02-01,3,0.388
growth_mom,2017-03-01,3,0.29
growth_mom,2017-04-01,3,-0.096
growth_mom,2017-05-01,3,0.0
growth_mom,2017-06-01,3,-0.096
growth_mom,2017-07-01,3,-0.289
growth_mom,2017-08-01,3,0.0
growth_mom,2017-09-01,3,0.193
growth_mom,2017-10-01,3,-0.772
growth_mom,2017-11-01,3,0.097
growth_mom,2017-12-01,3,0.0
growth_mom,2018-01-01,3,-0.097
growth_mom,2018-02-01,3,-1.362
growth_mom,2018-03-01,3,0.197
growth_mom,2018-04-01,3,-0.492
growth_mom,2018-05-01,3,-0.099
growth_mom,2018-06-01,3,-0.792
growth_mom,2018-07-01,3,0.0
growth_mom,2018-08-01,3,-0.2
growth_mom,2018-09-01,3,0.8
growth_mom,2018-10-01,3,0.298
growth_mom,2018-11-01,3,-0.89
growth_mom,2018-12-01,3,0.699
growth_mom,2019-01-01,3,0.099
growth_mom,2019-02-01,3,0.198
growth_mom,2019-03-01,3,-0.198
growth_mom,2019-04-01,3,-0.297
growth_mom,2019-05-01,3,0.397
growth_mom,2019-06-01,3,0.396
growth_mom,2019-07-01,3,0.0
growth_mom,2019-08-01,3,0.296
growth_mom,2019-09-01,3,0.295
growth_mom,2019-10-01,3,-0.294
growth_mom,2019-11-01,3,-0.196
growth_mom,2019-12-01,3,0.492
growth_mom,2020-01-01,3,-0.294
growth_mom,2020-02-01,3,-0.393
growth_mom,2020-03-01,3,0.296
growth_mom,2020-04-01,3,0.098
growth_mom,2020-05-01,3,-0.491
growth_mom,2020-06-01,3,-0.099
growth_mom,2020-07-01,3,-0.099
growth_mom,2020-08-01,3,0.692
growth_mom,2020-09-01,3,-0.786
growth_mom,2020-10-01,3,0.0
growth_mom,2020-11-01,3,0.396
growth_mom,2020-12-01,3,-0.099
growth_mom,2021-01-01,3,0.592
growth_mom,2021-02-01,3,-0.098
growth_mom,2021-03-01,3,-0.295
growth_mom,2021-04-01,3,-0.394
growth_mom,2021-05-01,3,0.396
growth_mom,2021-06-01,3,0.0
growth_mom,2021-07-01,3,-0.788
growth_mom,2021-08-01,3,-0.199
growth_mom,2021-09-01,3,0.0
growth_mom,2021-10-01,3,0.0
growth_mom,2021-11-01,3,0.796
growth_mom,2021-12-01,3,-0.197
growth_mom,2022-01-01,3,0.0
growth_mom,2022-02-01,3,0.495
growth_mom,2022-03-01,3,0.295
growth_mom,2022-04-01,3,0.294
growth_mom,2022-05-01,3,0.294
growth_mom,2022-06-01,3,0.585
growth_mom,2022-07-01,3,0.0
growth_mom,2022-08-01,3,0.291
growth_mom,2022-09-01,3,0.193
growth_mom,2022-10-01,3,0.29
growth_mom,2022-11-01,3,0.674
growth_mom,2022-12-01,3,0.86
growth_mom,2023-01-01,3,0.19
growth_mom,2023-02-01,3,0.0
growth_mom,2023-03-01,3,0.189
growth_mom,2023-04-01,3,-0.094
growth_mom,2023-05-01,3,-0.189
growth_mom,2023-06-01,3,0.852
growth_mom,2023-07-01,3,0.094
growth_mom,2023-08-01,3,0.094
growth_mom,2023-09-01,3,0.094
growth_mom,2023-10-01,3,-0.562
growth_mom,2023-11-01,3,0.188
growth_mom,2023-12-01,3,0.282
growth_mom,2024-01-01,3,-0.469
growth_mom,2024-02-01,3,0.659
growth_mom,2024-03-01,3,0.935
growth_mom,2024-04-01,3,0.371
growth_mom,2024-05-01,3,0.739
growth_mom,2024-06-01,3,0.367
growth_mom,2024-07-01,3,0.183
growth_mom,2024-08-01,3,0.638
growth_mom,2024-09-01,3,-1.812
growth_mom,2024-10-01,3,-0.923
growth_mom,2024-11-01,3,-0.559
growth_mom,2024-12-01,3,0.375
growth_mom,2025-01-01,3,0.187
growth_mom,2025-02-01,3,0.279
growth_mom,2025-03-01,3,-0.371
growth_mom,2025-04-01,3,-0.466
growth_mom,2025-05-01,3,-0.281
growth_mom,2025-06-01,3,0.469
growth_mom,2025-07-01,3,0.093
growth_mom,2025-08-01,3,-0.467
growth_mom,2025-09-01,3,-0.094
growth_mom,2025-10-01,3,-0.188
growth_mom,2025-11-01,3,0.282
growth_mom,2025-12-01,3,-0.188
growth_mom,2026-01-01,3,0.376
growth_mom,2026-02-01,3,-0.281
growth_mom,2026-03-01,3,0.657
growth_mom,2026-04-01,3,0.28
growth_mom,2026-05-01,3,0.744
growth_mom,2026-06-01,3,0.739
growth_mom,2026-07-01,3,0.642
abs,2015-01-01,3.1,106.8
abs,2015-02-01,3.1,106.9
abs,2015-03-01,3.1,107.3
abs,2015-04-01,3.1,107.4
abs,2015-05-01,3.1,107.3
abs,2015-06-01,3.1,107.6
abs,2015-07-01,3.1,107.8
abs,2015-08-01,3.1,108.0
abs,2015-09-01,3.1,108.2
abs,2015-10-01,3.1,108.3
abs,2015-11-01,3.1,108.4
abs,2015-12-01,3.1,108.7
abs,2016-01-01,3.1,108.5
abs,2016-02-01,3.1,108.5
abs,2016-03-01,3.1,108.3
abs,2016-04-01,3.1,108.5
abs,2016-05-01,3.1,108.7
abs,2016-06-01,3.1,108.7
abs,2016-07-01,3.1,108.6
abs,2016-08-01,3.1,109.0
abs,2016-09-01,3.1,109.1
abs,2016-10-01,3.1,109.1
abs,2016-11-01,3.1,108.6
abs,2016-12-01,3.1,108.6
abs,2017-01-01,3.1,109.5
abs,2017-02-01,3.1,110.3
abs,2017-03-01,3.1,110.7
abs,2017-04-01,3.1,111.0
abs,2017-05-01,3.1,110.6
abs,2017-06-01,3.1,110.7
abs,2017-07-01,3.1,110.6
abs,2017-08-01,3.1,110.6
abs,2017-09-01,3.1,110.6
abs,2017-10-01,3.1,110.5
abs,2017-11-01,3.1,110.3
abs,2017-12-01,3.1,110.4
abs,2018-01-01,3.1,109.4
abs,2018-02-01,3.1,109.3
abs,2018-03-01,3.1,108.8
abs,2018-04-01,3.1,108.8
abs,2018-05-01,3.1,107.8
abs,2018-06-01,3.1,107.7
abs,2018-07-01,3.1,107.8
abs,2018-08-01,3.1,107.3
abs,2018-09-01,3.1,107.6
abs,2018-10-01,3.1,107.6
abs,2018-11-01,3.1,107.3
abs,2018-12-01,3.1,107.3
abs,2019-01-01,3.1,107.3
abs,2019-02-01,3.1,106.7
abs,2019-03-01,3.1,106.5
abs,2019-04-01,3.1,106.4
abs,2019-05-01,3.1,106.4
abs,2019-06-01,3.1,106.5
abs,2019-07-01,3.1,106.5
abs,2019-08-01,3.1,106.4
abs,2019-09-01,3.1,106.6
abs,2019-10-01,3.1,106.6
abs,2019-11-01,3.1,106.5
abs,2019-12-01,3.1,106.8
abs,2020-01-01,3.1,106.9
abs,2020-02-01,3.1,106.7
abs,2020-03-01,3.1,106.6
abs,2020-04-01,3.1,106.6
abs,2020-05-01,3.1,106.5
abs,2020-06-01,3.1,106.6
abs,2020-07-01,3.1,106.9
abs,2020-08-01,3.1,106.9
abs,2020-09-01,3.1,107.0
abs,2020-10-01,3.1,107.4
abs,2020-11-01,3.1,108.0
abs,2020-12-01,3.1,108.4
abs,2021-01-01,3.1,109.0
abs,2021-02-01,3.1,109.4
abs,2021-03-01,3.1,109.5
abs,2021-04-01,3.1,109.5
abs,2021-05-01,3.1,109.7
abs,2021-06-01,3.1,110.0
abs,2021-07-01,3.1,109.9
abs,2021-08-01,3.1,110.0
abs,2021-09-01,3.1,110.4
abs,2021-10-01,3.1,110.1
abs,2021-11-01,3.1,110.8
abs,2021-12-01,3.1,110.7
abs,2022-01-01,3.1,110.9
abs,2022-02-01,3.1,111.5
abs,2022-03-01,3.1,111.6
abs,2022-04-01,3.1,111.9
abs,2022-05-01,3.1,112.6
abs,2022-06-01,3.1,113.0
abs,2022-07-01,3.1,113.2
abs,2022-08-01,3.1,113.8
abs,2022-09-01,3.1,113.6
abs,2022-10-01,3.1,114.1
abs,2022-11-01,3.1,114.3
abs,2022-12-01,3.1,114.4
abs,2023-01-01,3.1,114.9
abs,2023-02-01,3.1,114.8
abs,2023-03-01,3.1,114.5
abs,2023-04-01,3.1,115.0
abs,2023-05-01,3.1,114.9
abs,2023-06-01,3.1,115.3
abs,2023-07-01,3.1,115.1
abs,2023-08-01,3.1,115.2
abs,2023-09-01,3.1,115.0
abs,2023-10-01,3.1,115.0
abs,2023-11-01,3.1,114.6
abs,2023-12-01,3.1,114.5
abs,2024-01-01,3.1,114.1
abs,2024-02-01,3.1,113.6
abs,2024-03-01,3.1,113.9
abs,2024-04-01,3.1,114.4
abs,2024-05-01,3.1,114.8
abs,2024-06-01,3.1,114.2
abs,2024-07-01,3.1,114.1
abs,2024-08-01,3.1,113.9
abs,2024-09-01,3.1,114.0
abs,2024-10-01,3.1,113.5
abs,2024-11-01,3.1,113.7
abs,2024-12-01,3.1,114.1
abs,2025-01-01,3.1,113.8
abs,2025-02-01,3.1,113.2
abs,2025-03-01,3.1,113.1
abs,2025-04-01,3.1,113.5
abs,2025-05-01,3.1,113.2
abs,2025-06-01,3.1,113.1
abs,2025-07-01,3.1,113.7
abs,2025-08-01,3.1,113.4
abs,2025-09-01,3.1,113.4
abs,2025-10-01,3.1,113.6
abs,2025-11-01,3.1,113.5
abs,2025-12-01,3.1,113.5
abs,2026-01-01,3.1,113.7
abs,2026-02-01,3.1,113.7
abs,2026-03-01,3.1,113.8
abs,2026-04-01,3.1,114.1
abs,2026-05-01,3.1,114.5
abs,2026-06-01,3.1,115.2
abs,2026-07-01,3.1,115.5
growth_yoy,2016-01-01,3.1,1.592
growth_yoy,2016-02-01,3.1,1.497
growth_yoy,2016-03-01,3.1,0.932
growth_yoy,2016-04-01,3.1,1.024
growth_yoy,2016-05-01,3.1,1.305
growth_yoy,2016-06-01,3.1,1.022
growth_yoy,2016-07-01,3.1,0.742
growth_yoy,2016-08-01,3.1,0.926
growth_yoy,2016-09-01,3.1,0.832
growth_yoy,2016-10-01,3.1,0.739
growth_yoy,2016-11-01,3.1,0.185
growth_yoy,2016-12-01,3.1,-0.092
growth_yoy,2017-01-01,3.1,0.922
growth_yoy,2017-02-01,3.1,1.659
growth_yoy,2017-03-01,3.1,2.216
growth_yoy,2017-04-01,3.1,2.304
growth_yoy,2017-05-01,3.1,1.748
growth_yoy,2017-06-01,3.1,1.84
growth_yoy,2017-07-01,3.1,1.842
growth_yoy,2017-08-01,3.1,1.468
growth_yoy,2017-09-01,3.1,1.375
growth_yoy,2017-10-01,3.1,1.283
growth_yoy,2017-11-01,3.1,1.565
growth_yoy,2017-12-01,3.1,1.657
growth_yoy,2018-01-01,3.1,-0.091
growth_yoy,2018-02-01,3.1,-0.907
growth_yoy,2018-03-01,3.1,-1.716
growth_yoy,2018-04-01,3.1,-1.982
growth_yoy,2018-05-01,3.1,-2.532
growth_yoy,2018-06-01,3.1,-2.71
growth_yoy,2018-07-01,3.1,-2.532
growth_yoy,2018-08-01,3.1,-2.984
growth_yoy,2018-09-01,3.1,-2.712
growth_yoy,2018-10-01,3.1,-2.624
growth_yoy,2018-11-01,3.1,-2.72
growth_yoy,2018-12-01,3.1,-2.808
growth_yoy,2019-01-01,3.1,-1.92
growth_yoy,2019-02-01,3.1,-2.379
growth_yoy,2019-03-01,3.1,-2.114
growth_yoy,2019-04-01,3.1,-2.206
growth_yoy,2019-05-01,3.1,-1.299
growth_yoy,2019-06-01,3.1,-1.114
growth_yoy,2019-07-01,3.1,-1.206
growth_yoy,2019-08-01,3.1,-0.839
growth_yoy,2019-09-01,3.1,-0.929
growth_yoy,2019-10-01,3.1,-0.929
growth_yoy,2019-11-01,3.1,-0.746
growth_yoy,2019-12-01,3.1,-0.466
growth_yoy,2020-01-01,3.1,-0.373
growth_yoy,2020-02-01,3.1,0.0
growth_yoy,2020-03-01,3.1,0.094
growth_yoy,2020-04-01,3.1,0.188
growth_yoy,2020-05-01,3.1,0.094
growth_yoy,2020-06-01,3.1,0.094
growth_yoy,2020-07-01,3.1,0.376
growth_yoy,2020-08-01,3.1,0.47
growth_yoy,2020-09-01,3.1,0.375
growth_yoy,2020-10-01,3.1,0.75
growth_yoy,2020-11-01,3.1,1.408
growth_yoy,2020-12-01,3.1,1.498
growth_yoy,2021-01-01,3.1,1.964
growth_yoy,2021-02-01,3.1,2.53
growth_yoy,2021-03-01,3.1,2.72
growth_yoy,2021-04-01,3.1,2.72
growth_yoy,2021-05-01,3.1,3.005
growth_yoy,2021-06-01,3.1,3.189
growth_yoy,2021-07-01,3.1,2.806
growth_yoy,2021-08-01,3.1,2.9
growth_yoy,2021-09-01,3.1,3.178
growth_yoy,2021-10-01,3.1,2.514
growth_yoy,2021-11-01,3.1,2.593
growth_yoy,2021-12-01,3.1,2.122
growth_yoy,2022-01-01,3.1,1.743
growth_yoy,2022-02-01,3.1,1.92
growth_yoy,2022-03-01,3.1,1.918
growth_yoy,2022-04-01,3.1,2.192
growth_yoy,2022-05-01,3.1,2.644
growth_yoy,2022-06-01,3.1,2.727
growth_yoy,2022-07-01,3.1,3.003
growth_yoy,2022-08-01,3.1,3.455
growth_yoy,2022-09-01,3.1,2.899
growth_yoy,2022-10-01,3.1,3.633
growth_yoy,2022-11-01,3.1,3.159
growth_yoy,2022-12-01,3.1,3.342
growth_yoy,2023-01-01,3.1,3.607
growth_yoy,2023-02-01,3.1,2.96
growth_yoy,2023-03-01,3.1,2.599
growth_yoy,2023-04-01,3.1,2.77
growth_yoy,2023-05-01,3.1,2.043
growth_yoy,2023-06-01,3.1,2.035
growth_yoy,2023-07-01,3.1,1.678
growth_yoy,2023-08-01,3.1,1.23
growth_yoy,2023-09-01,3.1,1.232
growth_yoy,2023-10-01,3.1,0.789
growth_yoy,2023-11-01,3.1,0.262
growth_yoy,2023-12-01,3.1,0.087
growth_yoy,2024-01-01,3.1,-0.696
growth_yoy,2024-02-01,3.1,-1.045
growth_yoy,2024-03-01,3.1,-0.524
growth_yoy,2024-04-01,3.1,-0.522
growth_yoy,2024-05-01,3.1,-0.087
growth_yoy,2024-06-01,3.1,-0.954
growth_yoy,2024-07-01,3.1,-0.869
growth_yoy,2024-08-01,3.1,-1.128
growth_yoy,2024-09-01,3.1,-0.87
growth_yoy,2024-10-01,3.1,-1.304
growth_yoy,2024-11-01,3.1,-0.785
growth_yoy,2024-12-01,3.1,-0.349
growth_yoy,2025-01-01,3.1,-0.263
growth_yoy,2025-02-01,3.1,-0.352
growth_yoy,2025-03-01,3.1,-0.702
growth_yoy,2025-04-01,3.1,-0.787
growth_yoy,2025-05-01,3.1,-1.394
growth_yoy,2025-06-01,3.1,-0.963
growth_yoy,2025-07-01,3.1,-0.351
growth_yoy,2025-08-01,3.1,-0.439
growth_yoy,2025-09-01,3.1,-0.526
growth_yoy,2025-10-01,3.1,0.088
growth_yoy,2025-11-01,3.1,-0.176
growth_yoy,2025-12-01,3.1,-0.526
growth_yoy,2026-01-01,3.1,-0.088
growth_yoy,2026-02-01,3.1,0.442
growth_yoy,2026-03-01,3.1,0.619
growth_yoy,2026-04-01,3.1,0.529
growth_yoy,2026-05-01,3.1,1.148
growth_yoy,2026-06-01,3.1,1.857
growth_yoy,2026-07-01,3.1,1.583
growth_mom,2015-02-01,3.1,0.094
growth_mom,2015-03-01,3.1,0.374
growth_mom,2015-04-01,3.1,0.093
growth_mom,2015-05-01,3.1,-0.093
growth_mom,2015-06-01,3.1,0.28
growth_mom,2015-07-01,3.1,0.186
growth_mom,2015-08-01,3.1,0.186
growth_mom,2015-09-01,3.1,0.185
growth_mom,2015-10-01,3.1,0.092
growth_mom,2015-11-01,3.1,0.092
growth_mom,2015-12-01,3.1,0.277
growth_mom,2016-01-01,3.1,-0.184
growth_mom,2016-02-01,3.1,0.0
growth_mom,2016-03-01,3.1,-0.184
growth_mom,2016-04-01,3.1,0.185
growth_mom,2016-05-01,3.1,0.184
growth_mom,2016-06-01,3.1,0.0
growth_mom,2016-07-01,3.1,-0.092
growth_mom,2016-08-01,3.1,0.368
growth_mom,2016-09-01,3.1,0.092
growth_mom,2016-10-01,3.1,0.0
growth_mom,2016-11-01,3.1,-0.458
growth_mom,2016-12-01,3.1,0.0
growth_mom,2017-01-01,3.1,0.829
growth_mom,2017-02-01,3.1,0.731
growth_mom,2017-03-01,3.1,0.363
growth_mom,2017-04-01,3.1,0.271
growth_mom,2017-05-01,3.1,-0.36
growth_mom,2017-06-01,3.1,0.09
growth_mom,2017-07-01,3.1,-0.09
growth_mom,2017-08-01,3.1,0.0
growth_mom,2017-09-01,3.1,0.0
growth_mom,2017-10-01,3.1,-0.09
growth_mom,2017-11-01,3.1,-0.181
growth_mom,2017-12-01,3.1,0.091
growth_mom,2018-01-01,3.1,-0.906
growth_mom,2018-02-01,3.1,-0.091
growth_mom,2018-03-01,3.1,-0.457
growth_mom,2018-04-01,3.1,0.0
growth_mom,2018-05-01,3.1,-0.919
growth_mom,2018-06-01,3.1,-0.093
growth_mom,2018-07-01,3.1,0.093
growth_mom,2018-08-01,3.1,-0.464
growth_mom,2018-09-01,3.1,0.28
growth_mom,2018-10-01,3.1,0.0
growth_mom,2018-11-01,3.1,-0.279
growth_mom,2018-12-01,3.1,0.0
growth_mom,2019-01-01,3.1,0.0
growth_mom,2019-02-01,3.1,-0.559
growth_mom,2019-03-01,3.1,-0.187
growth_mom,2019-04-01,3.1,-0.094
growth_mom,2019-05-01,3.1,0.0
growth_mom,2019-06-01,3.1,0.094
growth_mom,2019-07-01,3.1,0.0
growth_mom,2019-08-01,3.1,-0.094
growth_mom,2019-09-01,3.1,0.188
growth_mom,2019-10-01,3.1,0.0
growth_mom,2019-11-01,3.1,-0.094
growth_mom,2019-12-01,3.1,0.282
growth_mom,2020-01-01,3.1,0.094
growth_mom,2020-02-01,3.1,-0.187
growth_mom,2020-03-01,3.1,-0.094
growth_mom,2020-04-01,3.1,0.0
growth_mom,2020-05-01,3.1,-0.094
growth_mom,2020-06-01,3.1,0.094
growth_mom,2020-07-01,3.1,0.281
growth_mom,2020-08-01,3.1,0.0
growth_mom,2020-09-01,3.1,0.094
growth_mom,2020-10-01,3.1,0.374
growth_mom,2020-11-01,3.1,0.559
growth_mom,2020-12-01,3.1,0.37
growth_mom,2021-01-01,3.1,0.554
growth_mom,2021-02-01,3.1,0.367
growth_mom,2021-03-01,3.1,0.091
growth_mom,2021-04-01,3.1,0.0
growth_mom,2021-05-01,3.1,0.183
growth_mom,2021-06-01,3.1,0.273
growth_mom,2021-07-01,3.1,-0.091
growth_mom,2021-08-01,3.1,0.091
growth_mom,2021-09-01,3.1,0.364
growth_mom,2021-10-01,3.1,-0.272
growth_mom,2021-11-01,3.1,0.636
growth_mom,2021-12-01,3.1,-0.09
growth_mom,2022-01-01,3.1,0.181
growth_mom,2022-02-01,3.1,0.541
growth_mom,2022-03-01,3.1,0.09
growth_mom,2022-04-01,3.1,0.269
growth_mom,2022-05-01,3.1,0.626
growth_mom,2022-06-01,3.1,0.355
growth_mom,2022-07-01,3.1,0.177
growth_mom,2022-08-01,3.1,0.53
growth_mom,2022-09-01,3.1,-0.176
growth_mom,2022-10-01,3.1,0.44
growth_mom,2022-11-01,3.1,0.175
growth_mom,2022-12-01,3.1,0.087
growth_mom,2023-01-01,3.1,0.437
growth_mom,2023-02-01,3.1,-0.087
growth_mom,2023-03-01,3.1,-0.261
growth_mom,2023-04-01,3.1,0.437
growth_mom,2023-05-01,3.1,-0.087
growth_mom,2023-06-01,3.1,0.348
growth_mom,2023-07-01,3.1,-0.173
growth_mom,2023-08-01,3.1,0.087
growth_mom,2023-09-01,3.1,-0.174
growth_mom,2023-10-01,3.1,0.0
growth_mom,2023-11-01,3.1,-0.348
growth_mom,2023-12-01,3.1,-0.087
growth_mom,2024-01-01,3.1,-0.349
growth_mom,2024-02-01,3.1,-0.438
growth_mom,2024-03-01,3.1,0.264
growth_mom,2024-04-01,3.1,0.439
growth_mom,2024-05-01,3.1,0.35
growth_mom,2024-06-01,3.1,-0.523
growth_mom,2024-07-01,3.1,-0.088
growth_mom,2024-08-01,3.1,-0.175
growth_mom,2024-09-01,3.1,0.088
growth_mom,2024-10-01,3.1,-0.439
growth_mom,2024-11-01,3.1,0.176
growth_mom,2024-12-01,3.1,0.352
growth_mom,2025-01-01,3.1,-0.263
growth_mom,2025-02-01,3.1,-0.527
growth_mom,2025-03-01,3.1,-0.088
growth_mom,2025-04-01,3.1,0.354
growth_mom,2025-05-01,3.1,-0.264
growth_mom,2025-06-01,3.1,-0.088
growth_mom,2025-07-01,3.1,0.531
growth_mom,2025-08-01,3.1,-0.264
growth_mom,2025-09-01,3.1,0.0
growth_mom,2025-10-01,3.1,0.176
growth_mom,2025-11-01,3.1,-0.088
growth_mom,2025-12-01,3.1,0.0
growth_mom,2026-01-01,3.1,0.176
growth_mom,2026-02-01,3.1,0.0
growth_mom,2026-03-01,3.1,0.088
growth_mom,2026-04-01,3.1,0.264
growth_mom,2026-05-01,3.1,0.351
growth_mom,2026-06-01,3.1,0.611
growth_mom,2026-07-01,3.1,0.26
abs,2015-01-01,3.1.1,111.5
abs,2015-02-01,3.1.1,111.6
abs,2015-03-01,3.1.1,112.3
abs,2015-04-01,3.1.1,112.3
abs,2015-05-01,3.1.1,111.9
abs,2015-06-01,3.1.1,111.6
abs,2015-07-01,3.1.1,111.8
abs,2015-08-01,3.1.1,112.1
abs,2015-09-01,3.1.1,112.4
abs,2015-10-01,3.1.1,112.8
abs,2015-11-01,3.1.1,112.9
abs,2015-12-01,3.1.1,113.6
abs,2016-01-01,3.1.1,113.7
abs,2016-02-01,3.1.1,114.3
abs,2016-03-01,3.1.1,114.0
abs,2016-04-01,3.1.1,114.5
abs,2016-05-01,3.1.1,114.4
abs,2016-06-01,3.1.1,114.3
abs,2016-07-01,3.1.1,114.4
abs,2016-08-01,3.1.1,115.0
abs,2016-09-01,3.1.1,114.6
abs,2016-10-01,3.1.1,114.7
abs,2016-11-01,3.1.1,114.1
abs,2016-12-01,3.1.1,113.9
abs,2017-01-01,3.1.1,115.4
abs,2017-02-01,3.1.1,116.5
abs,2017-03-01,3.1.1,117.3
abs,2017-04-01,3.1.1,117.7
abs,2017-05-01,3.1.1,117.2
abs,2017-06-01,3.1.1,117.4
abs,2017-07-01,3.1.1,117.1
abs,2017-08-01,3.1.1,117.4
abs,2017-09-01,3.1.1,117.1
abs,2017-10-01,3.1.1,117.3
abs,2017-11-01,3.1.1,117.4
abs,2017-12-01,3.1.1,117.2
abs,2018-01-01,3.1.1,117.6
abs,2018-02-01,3.1.1,118.0
abs,2018-03-01,3.1.1,118.0
abs,2018-04-01,3.1.1,118.5
abs,2018-05-01,3.1.1,116.6
abs,2018-06-01,3.1.1,116.0
abs,2018-07-01,3.1.1,115.9
abs,2018-08-01,3.1.1,115.6
abs,2018-09-01,3.1.1,116.0
abs,2018-10-01,3.1.1,115.5
abs,2018-11-01,3.1.1,115.2
abs,2018-12-01,3.1.1,115.4
abs,2019-01-01,3.1.1,115.0
abs,2019-02-01,3.1.1,114.5
abs,2019-03-01,3.1.1,114.3
abs,2019-04-01,3.1.1,114.5
abs,2019-05-01,3.1.1,114.3
abs,2019-06-01,3.1.1,114.4
abs,2019-07-01,3.1.1,114.3
abs,2019-08-01,3.1.1,114.3
abs,2019-09-01,3.1.1,114.0
abs,2019-10-01,3.1.1,114.1
abs,2019-11-01,3.1.1,114.2
abs,2019-12-01,3.1.1,114.6
abs,2020-01-01,3.1.1,114.7
abs,2020-02-01,3.1.1,114.9
abs,2020-03-01,3.1.1,114.5
abs,2020-04-01,3.1.1,114.5
abs,2020-05-01,3.1.1,115.0
abs,2020-06-01,3.1.1,115.8
abs,2020-07-01,3.1.1,115.9
abs,2020-08-01,3.1.1,116.4
abs,2020-09-01,3.1.1,115.6
abs,2020-10-01,3.1.1,115.8
abs,2020-11-01,3.1.1,116.1
abs,2020-12-01,3.1.1,115.9
abs,2021-01-01,3.1.1,116.7
abs,2021-02-01,3.1.1,116.7
abs,2021-03-01,3.1.1,116.8
abs,2021-04-01,3.1.1,117.3
abs,2021-05-01,3.1.1,117.7
abs,2021-06-01,3.1.1,118.2
abs,2021-07-01,3.1.1,118.3
abs,2021-08-01,3.1.1,118.5
abs,2021-09-01,3.1.1,119.3
abs,2021-10-01,3.1.1,119.5
abs,2021-11-01,3.1.1,121.5
abs,2021-12-01,3.1.1,122.2
abs,2022-01-01,3.1.1,122.6
abs,2022-02-01,3.1.1,123.2
abs,2022-03-01,3.1.1,123.4
abs,2022-04-01,3.1.1,124.2
abs,2022-05-01,3.1.1,125.3
abs,2022-06-01,3.1.1,126.1
abs,2022-07-01,3.1.1,126.3
abs,2022-08-01,3.1.1,127.3
abs,2022-09-01,3.1.1,127.5
abs,2022-10-01,3.1.1,128.0
abs,2022-11-01,3.1.1,128.4
abs,2022-12-01,3.1.1,128.8
abs,2023-01-01,3.1.1,129.5
abs,2023-02-01,3.1.1,129.6
abs,2023-03-01,3.1.1,130.0
abs,2023-04-01,3.1.1,130.2
abs,2023-05-01,3.1.1,130.0
abs,2023-06-01,3.1.1,130.7
abs,2023-07-01,3.1.1,130.5
abs,2023-08-01,3.1.1,129.5
abs,2023-09-01,3.1.1,129.4
abs,2023-10-01,3.1.1,129.0
abs,2023-11-01,3.1.1,128.8
abs,2023-12-01,3.1.1,129.1
abs,2024-01-01,3.1.1,129.3
abs,2024-02-01,3.1.1,129.3
abs,2024-03-01,3.1.1,129.9
abs,2024-04-01,3.1.1,130.6
abs,2024-05-01,3.1.1,131.9
abs,2024-06-01,3.1.1,132.1
abs,2024-07-01,3.1.1,132.2
abs,2024-08-01,3.1.1,131.8
abs,2024-09-01,3.1.1,131.9
abs,2024-10-01,3.1.1,131.4
abs,2024-11-01,3.1.1,132.2
abs,2024-12-01,3.1.1,132.8
abs,2025-01-01,3.1.1,133.1
abs,2025-02-01,3.1.1,132.9
abs,2025-03-01,3.1.1,132.9
abs,2025-04-01,3.1.1,133.9
abs,2025-05-01,3.1.1,132.9
abs,2025-06-01,3.1.1,132.3
abs,2025-07-01,3.1.1,133.0
abs,2025-08-01,3.1.1,132.8
abs,2025-09-01,3.1.1,133.8
abs,2025-10-01,3.1.1,134.2
abs,2025-11-01,3.1.1,134.1
abs,2025-12-01,3.1.1,133.7
abs,2026-01-01,3.1.1,133.7
abs,2026-02-01,3.1.1,133.6
abs,2026-03-01,3.1.1,133.8
abs,2026-04-01,3.1.1,133.7
abs,2026-05-01,3.1.1,134.1
abs,2026-06-01,3.1.1,134.3
abs,2026-07-01,3.1.1,134.5
growth_yoy,2016-01-01,3.1.1,1.973
growth_yoy,2016-02-01,3.1.1,2.419
growth_yoy,2016-03-01,3.1.1,1.514
growth_yoy,2016-04-01,3.1.1,1.959
growth_yoy,2016-05-01,3.1.1,2.234
growth_yoy,2016-06-01,3.1.1,2.419
growth_yoy,2016-07-01,3.1.1,2.326
growth_yoy,2016-08-01,3.1.1,2.587
growth_yoy,2016-09-01,3.1.1,1.957
growth_yoy,2016-10-01,3.1.1,1.684
growth_yoy,2016-11-01,3.1.1,1.063
growth_yoy,2016-12-01,3.1.1,0.264
growth_yoy,2017-01-01,3.1.1,1.495
growth_yoy,2017-02-01,3.1.1,1.925
growth_yoy,2017-03-01,3.1.1,2.895
growth_yoy,2017-04-01,3.1.1,2.795
growth_yoy,2017-05-01,3.1.1,2.448
growth_yoy,2017-06-01,3.1.1,2.712
growth_yoy,2017-07-01,3.1.1,2.36
growth_yoy,2017-08-01,3.1.1,2.087
growth_yoy,2017-09-01,3.1.1,2.182
growth_yoy,2017-10-01,3.1.1,2.267
growth_yoy,2017-11-01,3.1.1,2.892
growth_yoy,2017-12-01,3.1.1,2.897
growth_yoy,2018-01-01,3.1.1,1.906
growth_yoy,2018-02-01,3.1.1,1.288
growth_yoy,2018-03-01,3.1.1,0.597
growth_yoy,2018-04-01,3.1.1,0.68
growth_yoy,2018-05-01,3.1.1,-0.512
growth_yoy,2018-06-01,3.1.1,-1.193
growth_yoy,2018-07-01,3.1.1,-1.025
growth_yoy,2018-08-01,3.1.1,-1.533
growth_yoy,2018-09-01,3.1.1,-0.939
growth_yoy,2018-10-01,3.1.1,-1.535
growth_yoy,2018-11-01,3.1.1,-1.874
growth_yoy,2018-12-01,3.1.1,-1.536
growth_yoy,2019-01-01,3.1.1,-2.211
growth_yoy,2019-02-01,3.1.1,-2.966
growth_yoy,2019-03-01,3.1.1,-3.136
growth_yoy,2019-04-01,3.1.1,-3.376
growth_yoy,2019-05-01,3.1.1,-1.973
growth_yoy,2019-06-01,3.1.1,-1.379
growth_yoy,2019-07-01,3.1.1,-1.381
growth_yoy,2019-08-01,3.1.1,-1.125
growth_yoy,2019-09-01,3.1.1,-1.724
growth_yoy,2019-10-01,3.1.1,-1.212
growth_yoy,2019-11-01,3.1.1,-0.868
growth_yoy,2019-12-01,3.1.1,-0.693
growth_yoy,2020-01-01,3.1.1,-0.261
growth_yoy,2020-02-01,3.1.1,0.349
growth_yoy,2020-03-01,3.1.1,0.175
growth_yoy,2020-04-01,3.1.1,0.0
growth_yoy,2020-05-01,3.1.1,0.612
growth_yoy,2020-06-01,3.1.1,1.224
growth_yoy,2020-07-01,3.1.1,1.4
growth_yoy,2020-08-01,3.1.1,1.837
growth_yoy,2020-09-01,3.1.1,1.404
growth_yoy,2020-10-01,3.1.1,1.49
growth_yoy,2020-11-01,3.1.1,1.664
growth_yoy,2020-12-01,3.1.1,1.134
growth_yoy,2021-01-01,3.1.1,1.744
growth_yoy,2021-02-01,3.1.1,1.567
growth_yoy,2021-03-01,3.1.1,2.009
growth_yoy,2021-04-01,3.1.1,2.445
growth_yoy,2021-05-01,3.1.1,2.348
growth_yoy,2021-06-01,3.1.1,2.073
growth_yoy,2021-07-01,3.1.1,2.071
growth_yoy,2021-08-01,3.1.1,1.804
growth_yoy,2021-09-01,3.1.1,3.201
growth_yoy,2021-10-01,3.1.1,3.195
growth_yoy,2021-11-01,3.1.1,4.651
growth_yoy,2021-12-01,3.1.1,5.436
growth_yoy,2022-01-01,3.1.1,5.056
growth_yoy,2022-02-01,3.1.1,5.57
growth_yoy,2022-03-01,3.1.1,5.651
growth_yoy,2022-04-01,3.1.1,5.882
growth_yoy,2022-05-01,3.1.1,6.457
growth_yoy,2022-06-01,3.1.1,6.684
growth_yoy,2022-07-01,3.1.1,6.762
growth_yoy,2022-08-01,3.1.1,7.426
growth_yoy,2022-09-01,3.1.1,6.873
growth_yoy,2022-10-01,3.1.1,7.113
growth_yoy,2022-11-01,3.1.1,5.679
growth_yoy,2022-12-01,3.1.1,5.401
growth_yoy,2023-01-01,3.1.1,5.628
growth_yoy,2023-02-01,3.1.1,5.195
growth_yoy,2023-03-01,3.1.1,5.348
growth_yoy,2023-04-01,3.1.1,4.831
growth_yoy,2023-05-01,3.1.1,3.751
growth_yoy,2023-06-01,3.1.1,3.648
growth_yoy,2023-07-01,3.1.1,3.325
growth_yoy,2023-08-01,3.1.1,1.728
growth_yoy,2023-09-01,3.1.1,1.49
growth_yoy,2023-10-01,3.1.1,0.781
growth_yoy,2023-11-01,3.1.1,0.312
growth_yoy,2023-12-01,3.1.1,0.233
growth_yoy,2024-01-01,3.1.1,-0.154
growth_yoy,2024-02-01,3.1.1,-0.231
growth_yoy,2024-03-01,3.1.1,-0.077
growth_yoy,2024-04-01,3.1.1,0.307
growth_yoy,2024-05-01,3.1.1,1.462
growth_yoy,2024-06-01,3.1.1,1.071
growth_yoy,2024-07-01,3.1.1,1.303
growth_yoy,2024-08-01,3.1.1,1.776
growth_yoy,2024-09-01,3.1.1,1.932
growth_yoy,2024-10-01,3.1.1,1.86
growth_yoy,2024-11-01,3.1.1,2.64
growth_yoy,2024-12-01,3.1.1,2.866
growth_yoy,2025-01-01,3.1.1,2.939
growth_yoy,2025-02-01,3.1.1,2.784
growth_yoy,2025-03-01,3.1.1,2.309
growth_yoy,2025-04-01,3.1.1,2.527
growth_yoy,2025-05-01,3.1.1,0.758
growth_yoy,2025-06-01,3.1.1,0.151
growth_yoy,2025-07-01,3.1.1,0.605
growth_yoy,2025-08-01,3.1.1,0.759
growth_yoy,2025-09-01,3.1.1,1.44
growth_yoy,2025-10-01,3.1.1,2.131
growth_yoy,2025-11-01,3.1.1,1.437
growth_yoy,2025-12-01,3.1.1,0.678
growth_yoy,2026-01-01,3.1.1,0.451
growth_yoy,2026-02-01,3.1.1,0.527
growth_yoy,2026-03-01,3.1.1,0.677
growth_yoy,2026-04-01,3.1.1,-0.149
growth_yoy,2026-05-01,3.1.1,0.903
growth_yoy,2026-06-01,3.1.1,1.512
growth_yoy,2026-07-01,3.1.1,1.128
growth_mom,2015-02-01,3.1.1,0.09
growth_mom,2015-03-01,3.1.1,0.627
growth_mom,2015-04-01,3.1.1,0.0
growth_mom,2015-05-01,3.1.1,-0.356
growth_mom,2015-06-01,3.1.1,-0.268
growth_mom,2015-07-01,3.1.1,0.179
growth_mom,2015-08-01,3.1.1,0.268
growth_mom,2015-09-01,3.1.1,0.268
growth_mom,2015-10-01,3.1.1,0.356
growth_mom,2015-11-01,3.1.1,0.089
growth_mom,2015-12-01,3.1.1,0.62
growth_mom,2016-01-01,3.1.1,0.088
growth_mom,2016-02-01,3.1.1,0.528
growth_mom,2016-03-01,3.1.1,-0.262
growth_mom,2016-04-01,3.1.1,0.439
growth_mom,2016-05-01,3.1.1,-0.087
growth_mom,2016-06-01,3.1.1,-0.087
growth_mom,2016-07-01,3.1.1,0.087
growth_mom,2016-08-01,3.1.1,0.524
growth_mom,2016-09-01,3.1.1,-0.348
growth_mom,2016-10-01,3.1.1,0.087
growth_mom,2016-11-01,3.1.1,-0.523
growth_mom,2016-12-01,3.1.1,-0.175
growth_mom,2017-01-01,3.1.1,1.317
growth_mom,2017-02-01,3.1.1,0.953
growth_mom,2017-03-01,3.1.1,0.687
growth_mom,2017-04-01,3.1.1,0.341
growth_mom,2017-05-01,3.1.1,-0.425
growth_mom,2017-06-01,3.1.1,0.171
growth_mom,2017-07-01,3.1.1,-0.256
growth_mom,2017-08-01,3.1.1,0.256
growth_mom,2017-09-01,3.1.1,-0.256
growth_mom,2017-10-01,3.1.1,0.171
growth_mom,2017-11-01,3.1.1,0.085
growth_mom,2017-12-01,3.1.1,-0.17
growth_mom,2018-01-01,3.1.1,0.341
growth_mom,2018-02-01,3.1.1,0.34
growth_mom,2018-03-01,3.1.1,0.0
growth_mom,2018-04-01,3.1.1,0.424
growth_mom,2018-05-01,3.1.1,-1.603
growth_mom,2018-06-01,3.1.1,-0.515
growth_mom,2018-07-01,3.1.1,-0.086
growth_mom,2018-08-01,3.1.1,-0.259
growth_mom,2018-09-01,3.1.1,0.346
growth_mom,2018-10-01,3.1.1,-0.431
growth_mom,2018-11-01,3.1.1,-0.26
growth_mom,2018-12-01,3.1.1,0.174
growth_mom,2019-01-01,3.1.1,-0.347
growth_mom,2019-02-01,3.1.1,-0.435
growth_mom,2019-03-01,3.1.1,-0.175
growth_mom,2019-04-01,3.1.1,0.175
growth_mom,2019-05-01,3.1.1,-0.175
growth_mom,2019-06-01,3.1.1,0.087
growth_mom,2019-07-01,3.1.1,-0.087
growth_mom,2019-08-01,3.1.1,0.0
growth_mom,2019-09-01,3.1.1,-0.262
growth_mom,2019-10-01,3.1.1,0.088
growth_mom,2019-11-01,3.1.1,0.088
growth_mom,2019-12-01,3.1.1,0.35
growth_mom,2020-01-01,3.1.1,0.087
growth_mom,2020-02-01,3.1.1,0.174
growth_mom,2020-03-01,3.1.1,-0.348
growth_mom,2020-04-01,3.1.1,0.0
growth_mom,2020-05-01,3.1.1,0.437
growth_mom,2020-06-01,3.1.1,0.696
growth_mom,2020-07-01,3.1.1,0.086
growth_mom,2020-08-01,3.1.1,0.431
growth_mom,2020-09-01,3.1.1,-0.687
growth_mom,2020-10-01,3.1.1,0.173
growth_mom,2020-11-01,3.1.1,0.259
growth_mom,2020-12-01,3.1.1,-0.172
growth_mom,2021-01-01,3.1.1,0.69
growth_mom,2021-02-01,3.1.1,0.0
growth_mom,2021-03-01,3.1.1,0.086
growth_mom,2021-04-01,3.1.1,0.428
growth_mom,2021-05-01,3.1.1,0.341
growth_mom,2021-06-01,3.1.1,0.425
growth_mom,2021-07-01,3.1.1,0.085
growth_mom,2021-08-01,3.1.1,0.169
growth_mom,2021-09-01,3.1.1,0.675
growth_mom,2021-10-01,3.1.1,0.168
growth_mom,2021-11-01,3.1.1,1.674
growth_mom,2021-12-01,3.1.1,0.576
growth_mom,2022-01-01,3.1.1,0.327
growth_mom,2022-02-01,3.1.1,0.489
growth_mom,2022-03-01,3.1.1,0.162
growth_mom,2022-04-01,3.1.1,0.648
growth_mom,2022-05-01,3.1.1,0.886
growth_mom,2022-06-01,3.1.1,0.638
growth_mom,2022-07-01,3.1.1,0.159
growth_mom,2022-08-01,3.1.1,0.792
growth_mom,2022-09-01,3.1.1,0.157
growth_mom,2022-10-01,3.1.1,0.392
growth_mom,2022-11-01,3.1.1,0.313
growth_mom,2022-12-01,3.1.1,0.312
growth_mom,2023-01-01,3.1.1,0.543
growth_mom,2023-02-01,3.1.1,0.077
growth_mom,2023-03-01,3.1.1,0.309
growth_mom,2023-04-01,3.1.1,0.154
growth_mom,2023-05-01,3.1.1,-0.154
growth_mom,2023-06-01,3.1.1,0.538
growth_mom,2023-07-01,3.1.1,-0.153
growth_mom,2023-08-01,3.1.1,-0.766
growth_mom,2023-09-01,3.1.1,-0.077
growth_mom,2023-10-01,3.1.1,-0.309
growth_mom,2023-11-01,3.1.1,-0.155
growth_mom,2023-12-01,3.1.1,0.233
growth_mom,2024-01-01,3.1.1,0.155
growth_mom,2024-02-01,3.1.1,0.0
growth_mom,2024-03-01,3.1.1,0.464
growth_mom,2024-04-01,3.1.1,0.539
growth_mom,2024-05-01,3.1.1,0.995
growth_mom,2024-06-01,3.1.1,0.152
growth_mom,2024-07-01,3.1.1,0.076
growth_mom,2024-08-01,3.1.1,-0.303
growth_mom,2024-09-01,3.1.1,0.076
growth_mom,2024-10-01,3.1.1,-0.379
growth_mom,2024-11-01,3.1.1,0.609
growth_mom,2024-12-01,3.1.1,0.454
growth_mom,2025-01-01,3.1.1,0.226
growth_mom,2025-02-01,3.1.1,-0.15
growth_mom,2025-03-01,3.1.1,0.0
growth_mom,2025-04-01,3.1.1,0.752
growth_mom,2025-05-01,3.1.1,-0.747
growth_mom,2025-06-01,3.1.1,-0.451
growth_mom,2025-07-01,3.1.1,0.529
growth_mom,2025-08-01,3.1.1,-0.15
growth_mom,2025-09-01,3.1.1,0.753
growth_mom,2025-10-01,3.1.1,0.299
growth_mom,2025-11-01,3.1.1,-0.075
growth_mom,2025-12-01,3.1.1,-0.298
growth_mom,2026-01-01,3.1.1,0.0
growth_mom,2026-02-01,3.1.1,-0.075
growth_mom,2026-03-01,3.1.1,0.15
growth_mom,2026-04-01,3.1.1,-0.075
growth_mom,2026-05-01,3.1.1,0.299
growth_mom,2026-06-01,3.1.1,0.149
growth_mom,2026-07-01,3.1.1,0.149
abs,2015-01-01,3.1.1.1,143.0
abs,2015-02-01,3.1.1.1,145.4
abs,2015-03-01,3.1.1.1,145.1
abs,2015-04-01,3.1.1.1,141.0
abs,2015-05-01,3.1.1.1,141.6
abs,2015-06-01,3.1.1.1,135.0
abs,2015-07-01,3.1.1.1,136.0
abs,2015-08-01,3.1.1.1,137.8
abs,2015-09-01,3.1.1.1,136.6
abs,2015-10-01,3.1.1.1,134.6
abs,2015-11-01,3.1.1.1,134.7
abs,2015-12-01,3.1.1.1,139.2
abs,2016-01-01,3.1.1.1,138.8
abs,2016-02-01,3.1.1.1,141.7
abs,2016-03-01,3.1.1.1,137.1
abs,2016-04-01,3.1.1.1,139.3
abs,2016-05-01,3.1.1.1,138.9
abs,2016-06-01,3.1.1.1,138.8
abs,2016-07-01,3.1.1.1,141.6
abs,2016-08-01,3.1.1.1,144.1
abs,2016-09-01,3.1.1.1,142.2
abs,2016-10-01,3.1.1.1,140.6
abs,2016-11-01,3.1.1.1,139.8
abs,2016-12-01,3.1.1.1,139.2
abs,2017-01-01,3.1.1.1,141.2
abs,2017-02-01,3.1.1.1,147.1
abs,2017-03-01,3.1.1.1,144.1
abs,2017-04-01,3.1.1.1,146.6
abs,2017-05-01,3.1.1.1,142.5
abs,2017-06-01,3.1.1.1,141.3
abs,2017-07-01,3.1.1.1,144.7
abs,2017-08-01,3.1.1.1,143.4
abs,2017-09-01,3.1.1.1,143.3
abs,2017-10-01,3.1.1.1,143.6
abs,2017-11-01,3.1.1.1,144.4
abs,2017-12-01,3.1.1.1,144.7
abs,2018-01-01,3.1.1.1,142.2
abs,2018-02-01,3.1.1.1,141.3
abs,2018-03-01,3.1.1.1,144.5
abs,2018-04-01,3.1.1.1,146.1
abs,2018-05-01,3.1.1.1,145.4
abs,2018-06-01,3.1.1.1,143.6
abs,2018-07-01,3.1.1.1,144.9
abs,2018-08-01,3.1.1.1,141.2
abs,2018-09-01,3.1.1.1,140.3
abs,2018-10-01,3.1.1.1,139.3
abs,2018-11-01,3.1.1.1,139.3
abs,2018-12-01,3.1.1.1,138.7
abs,2019-01-01,3.1.1.1,139.1
abs,2019-02-01,3.1.1.1,139.2
abs,2019-03-01,3.1.1.1,138.7
abs,2019-04-01,3.1.1.1,139.5
abs,2019-05-01,3.1.1.1,139.7
abs,2019-06-01,3.1.1.1,143.0
abs,2019-07-01,3.1.1.1,143.3
abs,2019-08-01,3.1.1.1,141.6
abs,2019-09-01,3.1.1.1,139.8
abs,2019-10-01,3.1.1.1,138.7
abs,2019-11-01,3.1.1.1,135.4
abs,2019-12-01,3.1.1.1,137.8
abs,2020-01-01,3.1.1.1,138.6
abs,2020-02-01,3.1.1.1,138.4
abs,2020-03-01,3.1.1.1,137.2
abs,2020-04-01,3.1.1.1,134.1
abs,2020-05-01,3.1.1.1,136.8
abs,2020-06-01,3.1.1.1,135.5
abs,2020-07-01,3.1.1.1,136.1
abs,2020-08-01,3.1.1.1,136.8
abs,2020-09-01,3.1.1.1,136.7
abs,2020-10-01,3.1.1.1,136.4
abs,2020-11-01,3.1.1.1,138.3
abs,2020-12-01,3.1.1.1,136.2
abs,2021-01-01,3.1.1.1,137.6
abs,2021-02-01,3.1.1.1,138.8
abs,2021-03-01,3.1.1.1,140.6
abs,2021-04-01,3.1.1.1,141.0
abs,2021-05-01,3.1.1.1,140.7
abs,2021-06-01,3.1.1.1,141.3
abs,2021-07-01,3.1.1.1,143.6
abs,2021-08-01,3.1.1.1,139.9
abs,2021-09-01,3.1.1.1,140.2
abs,2021-10-01,3.1.1.1,140.3
abs,2021-11-01,3.1.1.1,141.0
abs,2021-12-01,3.1.1.1,143.3
abs,2022-01-01,3.1.1.1,142.1
abs,2022-02-01,3.1.1.1,141.7
abs,2022-03-01,3.1.1.1,142.2
abs,2022-04-01,3.1.1.1,144.5
abs,2022-05-01,3.1.1.1,143.9
abs,2022-06-01,3.1.1.1,142.9
abs,2022-07-01,3.1.1.1,143.1
abs,2022-08-01,3.1.1.1,144.1
abs,2022-09-01,3.1.1.1,146.3
abs,2022-10-01,3.1.1.1,145.5
abs,2022-11-01,3.1.1.1,145.3
abs,2022-12-01,3.1.1.1,147.3
abs,2023-01-01,3.1.1.1,150.3
abs,2023-02-01,3.1.1.1,151.0
abs,2023-03-01,3.1.1.1,152.0
abs,2023-04-01,3.1.1.1,155.1
abs,2023-05-01,3.1.1.1,161.3
abs,2023-06-01,3.1.1.1,159.5
abs,2023-07-01,3.1.1.1,160.7
abs,2023-08-01,3.1.1.1,160.1
abs,2023-09-01,3.1.1.1,161.6
abs,2023-10-01,3.1.1.1,161.2
abs,2023-11-01,3.1.1.1,163.2
abs,2023-12-01,3.1.1.1,163.4
abs,2024-01-01,3.1.1.1,163.7
abs,2024-02-01,3.1.1.1,162.8
abs,2024-03-01,3.1.1.1,161.7
abs,2024-04-01,3.1.1.1,161.9
abs,2024-05-01,3.1.1.1,161.8
abs,2024-06-01,3.1.1.1,160.2
abs,2024-07-01,3.1.1.1,161.2
abs,2024-08-01,3.1.1.1,161.9
abs,2024-09-01,3.1.1.1,162.3
abs,2024-10-01,3.1.1.1,163.4
abs,2024-11-01,3.1.1.1,162.1
abs,2024-12-01,3.1.1.1,162.1
abs,2025-01-01,3.1.1.1,160.7
abs,2025-02-01,3.1.1.1,160.1
abs,2025-03-01,3.1.1.1,158.3
abs,2025-04-01,3.1.1.1,156.4
abs,2025-05-01,3.1.1.1,157.5
abs,2025-06-01,3.1.1.1,158.9
abs,2025-07-01,3.1.1.1,157.0
abs,2025-08-01,3.1.1.1,155.9
abs,2025-09-01,3.1.1.1,158.3
abs,2025-10-01,3.1.1.1,162.5
abs,2025-11-01,3.1.1.1,165.3
abs,2025-12-01,3.1.1.1,166.2
abs,2026-01-01,3.1.1.1,166.6
abs,2026-02-01,3.1.1.1,162.3
abs,2026-03-01,3.1.1.1,163.0
abs,2026-04-01,3.1.1.1,163.4
abs,2026-05-01,3.1.1.1,160.4
abs,2026-06-01,3.1.1.1,158.2
abs,2026-07-01,3.1.1.1,156.8
growth_yoy,2016-01-01,3.1.1.1,-2.937
growth_yoy,2016-02-01,3.1.1.1,-2.545
growth_yoy,2016-03-01,3.1.1.1,-5.513
growth_yoy,2016-04-01,3.1.1.1,-1.206
growth_yoy,2016-05-01,3.1.1.1,-1.907
growth_yoy,2016-06-01,3.1.1.1,2.815
growth_yoy,2016-07-01,3.1.1.1,4.118
growth_yoy,2016-08-01,3.1.1.1,4.572
growth_yoy,2016-09-01,3.1.1.1,4.1
growth_yoy,2016-10-01,3.1.1.1,4.458
growth_yoy,2016-11-01,3.1.1.1,3.786
growth_yoy,2016-12-01,3.1.1.1,0.0
growth_yoy,2017-01-01,3.1.1.1,1.729
growth_yoy,2017-02-01,3.1.1.1,3.811
growth_yoy,2017-03-01,3.1.1.1,5.106
growth_yoy,2017-04-01,3.1.1.1,5.24
growth_yoy,2017-05-01,3.1.1.1,2.592
growth_yoy,2017-06-01,3.1.1.1,1.801
growth_yoy,2017-07-01,3.1.1.1,2.189
growth_yoy,2017-08-01,3.1.1.1,-0.486
growth_yoy,2017-09-01,3.1.1.1,0.774
growth_yoy,2017-10-01,3.1.1.1,2.134
growth_yoy,2017-11-01,3.1.1.1,3.29
growth_yoy,2017-12-01,3.1.1.1,3.951
growth_yoy,2018-01-01,3.1.1.1,0.708
growth_yoy,2018-02-01,3.1.1.1,-3.943
growth_yoy,2018-03-01,3.1.1.1,0.278
growth_yoy,2018-04-01,3.1.1.1,-0.341
growth_yoy,2018-05-01,3.1.1.1,2.035
growth_yoy,2018-06-01,3.1.1.1,1.628
growth_yoy,2018-07-01,3.1.1.1,0.138
growth_yoy,2018-08-01,3.1.1.1,-1.534
growth_yoy,2018-09-01,3.1.1.1,-2.094
growth_yoy,2018-10-01,3.1.1.1,-2.994
growth_yoy,2018-11-01,3.1.1.1,-3.532
growth_yoy,2018-12-01,3.1.1.1,-4.147
growth_yoy,2019-01-01,3.1.1.1,-2.18
growth_yoy,2019-02-01,3.1.1.1,-1.486
growth_yoy,2019-03-01,3.1.1.1,-4.014
growth_yoy,2019-04-01,3.1.1.1,-4.517
growth_yoy,2019-05-01,3.1.1.1,-3.92
growth_yoy,2019-06-01,3.1.1.1,-0.418
growth_yoy,2019-07-01,3.1.1.1,-1.104
growth_yoy,2019-08-01,3.1.1.1,0.283
growth_yoy,2019-09-01,3.1.1.1,-0.356
growth_yoy,2019-10-01,3.1.1.1,-0.431
growth_yoy,2019-11-01,3.1.1.1,-2.8
growth_yoy,2019-12-01,3.1.1.1,-0.649
growth_yoy,2020-01-01,3.1.1.1,-0.359
growth_yoy,2020-02-01,3.1.1.1,-0.575
growth_yoy,2020-03-01,3.1.1.1,-1.081
growth_yoy,2020-04-01,3.1.1.1,-3.871
growth_yoy,2020-05-01,3.1.1.1,-2.076
growth_yoy,2020-06-01,3.1.1.1,-5.245
growth_yoy,2020-07-01,3.1.1.1,-5.024
growth_yoy,2020-08-01,3.1.1.1,-3.39
growth_yoy,2020-09-01,3.1.1.1,-2.217
growth_yoy,2020-10-01,3.1.1.1,-1.658
growth_yoy,2020-11-01,3.1.1.1,2.142
growth_yoy,2020-12-01,3.1.1.1,-1.161
growth_yoy,2021-01-01,3.1.1.1,-0.722
growth_yoy,2021-02-01,3.1.1.1,0.289
growth_yoy,2021-03-01,3.1.1.1,2.478
growth_yoy,2021-04-01,3.1.1.1,5.145
growth_yoy,2021-05-01,3.1.1.1,2.851
growth_yoy,2021-06-01,3.1.1.1,4.28
growth_yoy,2021-07-01,3.1.1.1,5.511
growth_yoy,2021-08-01,3.1.1.1,2.266
growth_yoy,2021-09-01,3.1.1.1,2.56
growth_yoy,2021-10-01,3.1.1.1,2.859
growth_yoy,2021-11-01,3.1.1.1,1.952
growth_yoy,2021-12-01,3.1.1.1,5.213
growth_yoy,2022-01-01,3.1.1.1,3.27
growth_yoy,2022-02-01,3.1.1.1,2.089
growth_yoy,2022-03-01,3.1.1.1,1.138
growth_yoy,2022-04-01,3.1.1.1,2.482
growth_yoy,2022-05-01,3.1.1.1,2.274
growth_yoy,2022-06-01,3.1.1.1,1.132
growth_yoy,2022-07-01,3.1.1.1,-0.348
growth_yoy,2022-08-01,3.1.1.1,3.002
growth_yoy,2022-09-01,3.1.1.1,4.351
growth_yoy,2022-10-01,3.1.1.1,3.706
growth_yoy,2022-11-01,3.1.1.1,3.05
growth_yoy,2022-12-01,3.1.1.1,2.791
growth_yoy,2023-01-01,3.1.1.1,5.771
growth_yoy,2023-02-01,3.1.1.1,6.563
growth_yoy,2023-03-01,3.1.1.1,6.892
growth_yoy,2023-04-01,3.1.1.1,7.336
growth_yoy,2023-05-01,3.1.1.1,12.092
growth_yoy,2023-06-01,3.1.1.1,11.617
growth_yoy,2023-07-01,3.1.1.1,12.299
growth_yoy,2023-08-01,3.1.1.1,11.103
growth_yoy,2023-09-01,3.1.1.1,10.458
growth_yoy,2023-10-01,3.1.1.1,10.79
growth_yoy,2023-11-01,3.1.1.1,12.319
growth_yoy,2023-12-01,3.1.1.1,10.93
growth_yoy,2024-01-01,3.1.1.1,8.916
growth_yoy,2024-02-01,3.1.1.1,7.815
growth_yoy,2024-03-01,3.1.1.1,6.382
growth_yoy,2024-04-01,3.1.1.1,4.384
growth_yoy,2024-05-01,3.1.1.1,0.31
growth_yoy,2024-06-01,3.1.1.1,0.439
growth_yoy,2024-07-01,3.1.1.1,0.311
growth_yoy,2024-08-01,3.1.1.1,1.124
growth_yoy,2024-09-01,3.1.1.1,0.433
growth_yoy,2024-10-01,3.1.1.1,1.365
growth_yoy,2024-11-01,3.1.1.1,-0.674
growth_yoy,2024-12-01,3.1.1.1,-0.796
growth_yoy,2025-01-01,3.1.1.1,-1.833
growth_yoy,2025-02-01,3.1.1.1,-1.658
growth_yoy,2025-03-01,3.1.1.1,-2.103
growth_yoy,2025-04-01,3.1.1.1,-3.397
growth_yoy,2025-05-01,3.1.1.1,-2.658
growth_yoy,2025-06-01,3.1.1.1,-0.811
growth_yoy,2025-07-01,3.1.1.1,-2.605
growth_yoy,2025-08-01,3.1.1.1,-3.706
growth_yoy,2025-09-01,3.1.1.1,-2.465
growth_yoy,2025-10-01,3.1.1.1,-0.551
growth_yoy,2025-11-01,3.1.1.1,1.974
growth_yoy,2025-12-01,3.1.1.1,2.529
growth_yoy,2026-01-01,3.1.1.1,3.671
growth_yoy,2026-02-01,3.1.1.1,1.374
growth_yoy,2026-03-01,3.1.1.1,2.969
growth_yoy,2026-04-01,3.1.1.1,4.476
growth_yoy,2026-05-01,3.1.1.1,1.841
growth_yoy,2026-06-01,3.1.1.1,-0.441
growth_yoy,2026-07-01,3.1.1.1,-0.127
growth_mom,2015-02-01,3.1.1.1,1.678
growth_mom,2015-03-01,3.1.1.1,-0.206
growth_mom,2015-04-01,3.1.1.1,-2.826
growth_mom,2015-05-01,3.1.1.1,0.426
growth_mom,2015-06-01,3.1.1.1,-4.661
growth_mom,2015-07-01,3.1.1.1,0.741
growth_mom,2015-08-01,3.1.1.1,1.324
growth_mom,2015-09-01,3.1.1.1,-0.871
growth_mom,2015-10-01,3.1.1.1,-1.464
growth_mom,2015-11-01,3.1.1.1,0.074
growth_mom,2015-12-01,3.1.1.1,3.341
growth_mom,2016-01-01,3.1.1.1,-0.287
growth_mom,2016-02-01,3.1.1.1,2.089
growth_mom,2016-03-01,3.1.1.1,-3.246
growth_mom,2016-04-01,3.1.1.1,1.605
growth_mom,2016-05-01,3.1.1.1,-0.287
growth_mom,2016-06-01,3.1.1.1,-0.072
growth_mom,2016-07-01,3.1.1.1,2.017
growth_mom,2016-08-01,3.1.1.1,1.766
growth_mom,2016-09-01,3.1.1.1,-1.319
growth_mom,2016-10-01,3.1.1.1,-1.125
growth_mom,2016-11-01,3.1.1.1,-0.569
growth_mom,2016-12-01,3.1.1.1,-0.429
growth_mom,2017-01-01,3.1.1.1,1.437
growth_mom,2017-02-01,3.1.1.1,4.178
growth_mom,2017-03-01,3.1.1.1,-2.039
growth_mom,2017-04-01,3.1.1.1,1.735
growth_mom,2017-05-01,3.1.1.1,-2.797
growth_mom,2017-06-01,3.1.1.1,-0.842
growth_mom,2017-07-01,3.1.1.1,2.406
growth_mom,2017-08-01,3.1.1.1,-0.898
growth_mom,2017-09-01,3.1.1.1,-0.07
growth_mom,2017-10-01,3.1.1.1,0.209
growth_mom,2017-11-01,3.1.1.1,0.557
growth_mom,2017-12-01,3.1.1.1,0.208
growth_mom,2018-01-01,3.1.1.1,-1.728
growth_mom,2018-02-01,3.1.1.1,-0.633
growth_mom,2018-03-01,3.1.1.1,2.265
growth_mom,2018-04-01,3.1.1.1,1.107
growth_mom,2018-05-01,3.1.1.1,-0.479
growth_mom,2018-06-01,3.1.1.1,-1.238
growth_mom,2018-07-01,3.1.1.1,0.905
growth_mom,2018-08-01,3.1.1.1,-2.553
growth_mom,2018-09-01,3.1.1.1,-0.637
growth_mom,2018-10-01,3.1.1.1,-0.713
growth_mom,2018-11-01,3.1.1.1,0.0
growth_mom,2018-12-01,3.1.1.1,-0.431
growth_mom,2019-01-01,3.1.1.1,0.288
growth_mom,2019-02-01,3.1.1.1,0.072
growth_mom,2019-03-01,3.1.1.1,-0.359
growth_mom,2019-04-01,3.1.1.1,0.577
growth_mom,2019-05-01,3.1.1.1,0.143
growth_mom,2019-06-01,3.1.1.1,2.362
growth_mom,2019-07-01,3.1.1.1,0.21
growth_mom,2019-08-01,3.1.1.1,-1.186
growth_mom,2019-09-01,3.1.1.1,-1.271
growth_mom,2019-10-01,3.1.1.1,-0.787
growth_mom,2019-11-01,3.1.1.1,-2.379
growth_mom,2019-12-01,3.1.1.1,1.773
growth_mom,2020-01-01,3.1.1.1,0.581
growth_mom,2020-02-01,3.1.1.1,-0.144
growth_mom,2020-03-01,3.1.1.1,-0.867
growth_mom,2020-04-01,3.1.1.1,-2.259
growth_mom,2020-05-01,3.1.1.1,2.013
growth_mom,2020-06-01,3.1.1.1,-0.95
growth_mom,2020-07-01,3.1.1.1,0.443
growth_mom,2020-08-01,3.1.1.1,0.514
growth_mom,2020-09-01,3.1.1.1,-0.073
growth_mom,2020-10-01,3.1.1.1,-0.219
growth_mom,2020-11-01,3.1.1.1,1.393
growth_mom,2020-12-01,3.1.1.1,-1.518
growth_mom,2021-01-01,3.1.1.1,1.028
growth_mom,2021-02-01,3.1.1.1,0.872
growth_mom,2021-03-01,3.1.1.1,1.297
growth_mom,2021-04-01,3.1.1.1,0.284
growth_mom,2021-05-01,3.1.1.1,-0.213
growth_mom,2021-06-01,3.1.1.1,0.426
growth_mom,2021-07-01,3.1.1.1,1.628
growth_mom,2021-08-01,3.1.1.1,-2.577
growth_mom,2021-09-01,3.1.1.1,0.214
growth_mom,2021-10-01,3.1.1.1,0.071
growth_mom,2021-11-01,3.1.1.1,0.499
growth_mom,2021-12-01,3.1.1.1,1.631
growth_mom,2022-01-01,3.1.1.1,-0.837
growth_mom,2022-02-01,3.1.1.1,-0.281
growth_mom,2022-03-01,3.1.1.1,0.353
growth_mom,2022-04-01,3.1.1.1,1.617
growth_mom,2022-05-01,3.1.1.1,-0.415
growth_mom,2022-06-01,3.1.1.1,-0.695
growth_mom,2022-07-01,3.1.1.1,0.14
growth_mom,2022-08-01,3.1.1.1,0.699
growth_mom,2022-09-01,3.1.1.1,1.527
growth_mom,2022-10-01,3.1.1.1,-0.547
growth_mom,2022-11-01,3.1.1.1,-0.137
growth_mom,2022-12-01,3.1.1.1,1.376
growth_mom,2023-01-01,3.1.1.1,2.037
growth_mom,2023-02-01,3.1.1.1,0.466
growth_mom,2023-03-01,3.1.1.1,0.662
growth_mom,2023-04-01,3.1.1.1,2.039
growth_mom,2023-05-01,3.1.1.1,3.997
growth_mom,2023-06-01,3.1.1.1,-1.116
growth_mom,2023-07-01,3.1.1.1,0.752
growth_mom,2023-08-01,3.1.1.1,-0.373
growth_mom,2023-09-01,3.1.1.1,0.937
growth_mom,2023-10-01,3.1.1.1,-0.248
growth_mom,2023-11-01,3.1.1.1,1.241
growth_mom,2023-12-01,3.1.1.1,0.123
growth_mom,2024-01-01,3.1.1.1,0.184
growth_mom,2024-02-01,3.1.1.1,-0.55
growth_mom,2024-03-01,3.1.1.1,-0.676
growth_mom,2024-04-01,3.1.1.1,0.124
growth_mom,2024-05-01,3.1.1.1,-0.062
growth_mom,2024-06-01,3.1.1.1,-0.989
growth_mom,2024-07-01,3.1.1.1,0.624
growth_mom,2024-08-01,3.1.1.1,0.434
growth_mom,2024-09-01,3.1.1.1,0.247
growth_mom,2024-10-01,3.1.1.1,0.678
growth_mom,2024-11-01,3.1.1.1,-0.796
growth_mom,2024-12-01,3.1.1.1,0.0
growth_mom,2025-01-01,3.1.1.1,-0.864
growth_mom,2025-02-01,3.1.1.1,-0.373
growth_mom,2025-03-01,3.1.1.1,-1.124
growth_mom,2025-04-01,3.1.1.1,-1.2
growth_mom,2025-05-01,3.1.1.1,0.703
growth_mom,2025-06-01,3.1.1.1,0.889
growth_mom,2025-07-01,3.1.1.1,-1.196
growth_mom,2025-08-01,3.1.1.1,-0.701
growth_mom,2025-09-01,3.1.1.1,1.539
growth_mom,2025-10-01,3.1.1.1,2.653
growth_mom,2025-11-01,3.1.1.1,1.723
growth_mom,2025-12-01,3.1.1.1,0.544
growth_mom,2026-01-01,3.1.1.1,0.241
growth_mom,2026-02-01,3.1.1.1,-2.581
growth_mom,2026-03-01,3.1.1.1,0.431
growth_mom,2026-04-01,3.1.1.1,0.245
growth_mom,2026-05-01,3.1.1.1,-1.836
growth_mom,2026-06-01,3.1.1.1,-1.372
growth_mom,2026-07-01,3.1.1.1,-0.885
abs,2015-01-01,3.1.1.2,108.4
abs,2015-02-01,3.1.1.2,108.2
abs,2015-03-01,3.1.1.2,109.1
abs,2015-04-01,3.1.1.2,109.4
abs,2015-05-01,3.1.1.2,108.9
abs,2015-06-01,3.1.1.2,109.3
abs,2015-07-01,3.1.1.2,109.4
abs,2015-08-01,3.1.1.2,109.6
abs,2015-09-01,3.1.1.2,110.0
abs,2015-10-01,3.1.1.2,110.7
abs,2015-11-01,3.1.1.2,110.8
abs,2015-12-01,3.1.1.2,111.1
abs,2016-01-01,3.1.1.2,111.2
abs,2016-02-01,3.1.1.2,111.6
abs,2016-03-01,3.1.1.2,111.7
abs,2016-04-01,3.1.1.2,112.1
abs,2016-05-01,3.1.1.2,112.0
abs,2016-06-01,3.1.1.2,111.9
abs,2016-07-01,3.1.1.2,111.7
abs,2016-08-01,3.1.1.2,112.1
abs,2016-09-01,3.1.1.2,111.9
abs,2016-10-01,3.1.1.2,112.1
abs,2016-11-01,3.1.1.2,111.5
abs,2016-12-01,3.1.1.2,111.4
abs,2017-01-01,3.1.1.2,112.9
abs,2017-02-01,3.1.1.2,113.5
abs,2017-03-01,3.1.1.2,114.6
abs,2017-04-01,3.1.1.2,114.8
abs,2017-05-01,3.1.1.2,114.7
abs,2017-06-01,3.1.1.2,115.0
abs,2017-07-01,3.1.1.2,114.4
abs,2017-08-01,3.1.1.2,114.8
abs,2017-09-01,3.1.1.2,114.5
abs,2017-10-01,3.1.1.2,114.7
abs,2017-11-01,3.1.1.2,114.7
abs,2017-12-01,3.1.1.2,114.5
abs,2018-01-01,3.1.1.2,115.1
abs,2018-02-01,3.1.1.2,115.6
abs,2018-03-01,3.1.1.2,115.3
abs,2018-04-01,3.1.1.2,115.7
abs,2018-05-01,3.1.1.2,113.8
abs,2018-06-01,3.1.1.2,113.2
abs,2018-07-01,3.1.1.2,113.1
abs,2018-08-01,3.1.1.2,113.0
abs,2018-09-01,3.1.1.2,113.5
abs,2018-10-01,3.1.1.2,113.1
abs,2018-11-01,3.1.1.2,112.8
abs,2018-12-01,3.1.1.2,113.0
abs,2019-01-01,3.1.1.2,112.5
abs,2019-02-01,3.1.1.2,111.9
abs,2019-03-01,3.1.1.2,111.8
abs,2019-04-01,3.1.1.2,111.9
abs,2019-05-01,3.1.1.2,111.7
abs,2019-06-01,3.1.1.2,111.6
abs,2019-07-01,3.1.1.2,111.5
abs,2019-08-01,3.1.1.2,111.6
abs,2019-09-01,3.1.1.2,111.5
abs,2019-10-01,3.1.1.2,111.6
abs,2019-11-01,3.1.1.2,112.0
abs,2019-12-01,3.1.1.2,112.2
abs,2020-01-01,3.1.1.2,112.2
abs,2020-02-01,3.1.1.2,112.5
abs,2020-03-01,3.1.1.2,112.1
abs,2020-04-01,3.1.1.2,112.3
abs,2020-05-01,3.1.1.2,112.7
abs,2020-06-01,3.1.1.2,113.6
abs,2020-07-01,3.1.1.2,113.7
abs,2020-08-01,3.1.1.2,114.1
abs,2020-09-01,3.1.1.2,113.3
abs,2020-10-01,3.1.1.2,113.5
abs,2020-11-01,3.1.1.2,113.8
abs,2020-12-01,3.1.1.2,113.6
abs,2021-01-01,3.1.1.2,114.4
abs,2021-02-01,3.1.1.2,114.4
abs,2021-03-01,3.1.1.2,114.3
abs,2021-04-01,3.1.1.2,114.9
abs,2021-05-01,3.1.1.2,115.3
abs,2021-06-01,3.1.1.2,115.8
abs,2021-07-01,3.1.1.2,115.7
abs,2021-08-01,3.1.1.2,116.2
abs,2021-09-01,3.1.1.2,117.0
abs,2021-10-01,3.1.1.2,117.2
abs,2021-11-01,3.1.1.2,119.3
abs,2021-12-01,3.1.1.2,119.8
abs,2022-01-01,3.1.1.2,120.4
abs,2022-02-01,3.1.1.2,121.1
abs,2022-03-01,3.1.1.2,121.2
abs,2022-04-01,3.1.1.2,121.9
abs,2022-05-01,3.1.1.2,123.1
abs,2022-06-01,3.1.1.2,124.1
abs,2022-07-01,3.1.1.2,124.2
abs,2022-08-01,3.1.1.2,125.2
abs,2022-09-01,3.1.1.2,125.3
abs,2022-10-01,3.1.1.2,125.9
abs,2022-11-01,3.1.1.2,126.3
abs,2022-12-01,3.1.1.2,126.6
abs,2023-01-01,3.1.1.2,127.2
abs,2023-02-01,3.1.1.2,127.2
abs,2023-03-01,3.1.1.2,127.5
abs,2023-04-01,3.1.1.2,127.5
abs,2023-05-01,3.1.1.2,126.9
abs,2023-06-01,3.1.1.2,127.8
abs,2023-07-01,3.1.1.2,127.4
abs,2023-08-01,3.1.1.2,126.5
abs,2023-09-01,3.1.1.2,126.3
abs,2023-10-01,3.1.1.2,125.8
abs,2023-11-01,3.1.1.2,125.5
abs,2023-12-01,3.1.1.2,125.8
abs,2024-01-01,3.1.1.2,126.0
abs,2024-02-01,3.1.1.2,126.1
abs,2024-03-01,3.1.1.2,126.8
abs,2024-04-01,3.1.1.2,127.5
abs,2024-05-01,3.1.1.2,128.9
abs,2024-06-01,3.1.1.2,129.2
abs,2024-07-01,3.1.1.2,129.3
abs,2024-08-01,3.1.1.2,128.8
abs,2024-09-01,3.1.1.2,128.9
abs,2024-10-01,3.1.1.2,128.2
abs,2024-11-01,3.1.1.2,129.2
abs,2024-12-01,3.1.1.2,129.9
abs,2025-01-01,3.1.1.2,130.3
abs,2025-02-01,3.1.1.2,130.1
abs,2025-03-01,3.1.1.2,130.2
abs,2025-04-01,3.1.1.2,131.4
abs,2025-05-01,3.1.1.2,130.2
abs,2025-06-01,3.1.1.2,129.5
abs,2025-07-01,3.1.1.2,130.4
abs,2025-08-01,3.1.1.2,130.3
abs,2025-09-01,3.1.1.2,131.1
abs,2025-10-01,3.1.1.2,131.3
abs,2025-11-01,3.1.1.2,131.0
abs,2025-12-01,3.1.1.2,130.6
abs,2026-01-01,3.1.1.2,130.4
abs,2026-02-01,3.1.1.2,130.7
abs,2026-03-01,3.1.1.2,130.9
abs,2026-04-01,3.1.1.2,130.7
abs,2026-05-01,3.1.1.2,131.3
abs,2026-06-01,3.1.1.2,131.7
abs,2026-07-01,3.1.1.2,132.0
growth_yoy,2016-01-01,3.1.1.2,2.583
growth_yoy,2016-02-01,3.1.1.2,3.142
growth_yoy,2016-03-01,3.1.1.2,2.383
growth_yoy,2016-04-01,3.1.1.2,2.468
growth_yoy,2016-05-01,3.1.1.2,2.847
growth_yoy,2016-06-01,3.1.1.2,2.379
growth_yoy,2016-07-01,3.1.1.2,2.102
growth_yoy,2016-08-01,3.1.1.2,2.281
growth_yoy,2016-09-01,3.1.1.2,1.727
growth_yoy,2016-10-01,3.1.1.2,1.265
growth_yoy,2016-11-01,3.1.1.2,0.632
growth_yoy,2016-12-01,3.1.1.2,0.27
growth_yoy,2017-01-01,3.1.1.2,1.529
growth_yoy,2017-02-01,3.1.1.2,1.703
growth_yoy,2017-03-01,3.1.1.2,2.596
growth_yoy,2017-04-01,3.1.1.2,2.409
growth_yoy,2017-05-01,3.1.1.2,2.411
growth_yoy,2017-06-01,3.1.1.2,2.77
growth_yoy,2017-07-01,3.1.1.2,2.417
growth_yoy,2017-08-01,3.1.1.2,2.409
growth_yoy,2017-09-01,3.1.1.2,2.324
growth_yoy,2017-10-01,3.1.1.2,2.319
growth_yoy,2017-11-01,3.1.1.2,2.87
growth_yoy,2017-12-01,3.1.1.2,2.783
growth_yoy,2018-01-01,3.1.1.2,1.949
growth_yoy,2018-02-01,3.1.1.2,1.85
growth_yoy,2018-03-01,3.1.1.2,0.611
growth_yoy,2018-04-01,3.1.1.2,0.784
growth_yoy,2018-05-01,3.1.1.2,-0.785
growth_yoy,2018-06-01,3.1.1.2,-1.565
growth_yoy,2018-07-01,3.1.1.2,-1.136
growth_yoy,2018-08-01,3.1.1.2,-1.568
growth_yoy,2018-09-01,3.1.1.2,-0.873
growth_yoy,2018-10-01,3.1.1.2,-1.395
growth_yoy,2018-11-01,3.1.1.2,-1.656
growth_yoy,2018-12-01,3.1.1.2,-1.31
growth_yoy,2019-01-01,3.1.1.2,-2.259
growth_yoy,2019-02-01,3.1.1.2,-3.201
growth_yoy,2019-03-01,3.1.1.2,-3.036
growth_yoy,2019-04-01,3.1.1.2,-3.284
growth_yoy,2019-05-01,3.1.1.2,-1.845
growth_yoy,2019-06-01,3.1.1.2,-1.413
growth_yoy,2019-07-01,3.1.1.2,-1.415
growth_yoy,2019-08-01,3.1.1.2,-1.239
growth_yoy,2019-09-01,3.1.1.2,-1.762
growth_yoy,2019-10-01,3.1.1.2,-1.326
growth_yoy,2019-11-01,3.1.1.2,-0.709
growth_yoy,2019-12-01,3.1.1.2,-0.708
growth_yoy,2020-01-01,3.1.1.2,-0.267
growth_yoy,2020-02-01,3.1.1.2,0.536
growth_yoy,2020-03-01,3.1.1.2,0.268
growth_yoy,2020-04-01,3.1.1.2,0.357
growth_yoy,2020-05-01,3.1.1.2,0.895
growth_yoy,2020-06-01,3.1.1.2,1.792
growth_yoy,2020-07-01,3.1.1.2,1.973
growth_yoy,2020-08-01,3.1.1.2,2.24
growth_yoy,2020-09-01,3.1.1.2,1.614
growth_yoy,2020-10-01,3.1.1.2,1.703
growth_yoy,2020-11-01,3.1.1.2,1.607
growth_yoy,2020-12-01,3.1.1.2,1.248
growth_yoy,2021-01-01,3.1.1.2,1.961
growth_yoy,2021-02-01,3.1.1.2,1.689
growth_yoy,2021-03-01,3.1.1.2,1.963
growth_yoy,2021-04-01,3.1.1.2,2.315
growth_yoy,2021-05-01,3.1.1.2,2.307
growth_yoy,2021-06-01,3.1.1.2,1.937
growth_yoy,2021-07-01,3.1.1.2,1.759
growth_yoy,2021-08-01,3.1.1.2,1.84
growth_yoy,2021-09-01,3.1.1.2,3.266
growth_yoy,2021-10-01,3.1.1.2,3.26
growth_yoy,2021-11-01,3.1.1.2,4.833
growth_yoy,2021-12-01,3.1.1.2,5.458
growth_yoy,2022-01-01,3.1.1.2,5.245
growth_yoy,2022-02-01,3.1.1.2,5.857
growth_yoy,2022-03-01,3.1.1.2,6.037
growth_yoy,2022-04-01,3.1.1.2,6.092
growth_yoy,2022-05-01,3.1.1.2,6.765
growth_yoy,2022-06-01,3.1.1.2,7.168
growth_yoy,2022-07-01,3.1.1.2,7.347
growth_yoy,2022-08-01,3.1.1.2,7.745
growth_yoy,2022-09-01,3.1.1.2,7.094
growth_yoy,2022-10-01,3.1.1.2,7.423
growth_yoy,2022-11-01,3.1.1.2,5.868
growth_yoy,2022-12-01,3.1.1.2,5.676
growth_yoy,2023-01-01,3.1.1.2,5.648
growth_yoy,2023-02-01,3.1.1.2,5.037
growth_yoy,2023-03-01,3.1.1.2,5.198
growth_yoy,2023-04-01,3.1.1.2,4.594
growth_yoy,2023-05-01,3.1.1.2,3.087
growth_yoy,2023-06-01,3.1.1.2,2.981
growth_yoy,2023-07-01,3.1.1.2,2.576
growth_yoy,2023-08-01,3.1.1.2,1.038
growth_yoy,2023-09-01,3.1.1.2,0.798
growth_yoy,2023-10-01,3.1.1.2,-0.079
growth_yoy,2023-11-01,3.1.1.2,-0.633
growth_yoy,2023-12-01,3.1.1.2,-0.632
growth_yoy,2024-01-01,3.1.1.2,-0.943
growth_yoy,2024-02-01,3.1.1.2,-0.865
growth_yoy,2024-03-01,3.1.1.2,-0.549
growth_yoy,2024-04-01,3.1.1.2,0.0
growth_yoy,2024-05-01,3.1.1.2,1.576
growth_yoy,2024-06-01,3.1.1.2,1.095
growth_yoy,2024-07-01,3.1.1.2,1.491
growth_yoy,2024-08-01,3.1.1.2,1.818
growth_yoy,2024-09-01,3.1.1.2,2.059
growth_yoy,2024-10-01,3.1.1.2,1.908
growth_yoy,2024-11-01,3.1.1.2,2.948
growth_yoy,2024-12-01,3.1.1.2,3.259
growth_yoy,2025-01-01,3.1.1.2,3.413
growth_yoy,2025-02-01,3.1.1.2,3.172
growth_yoy,2025-03-01,3.1.1.2,2.681
growth_yoy,2025-04-01,3.1.1.2,3.059
growth_yoy,2025-05-01,3.1.1.2,1.009
growth_yoy,2025-06-01,3.1.1.2,0.232
growth_yoy,2025-07-01,3.1.1.2,0.851
growth_yoy,2025-08-01,3.1.1.2,1.165
growth_yoy,2025-09-01,3.1.1.2,1.707
growth_yoy,2025-10-01,3.1.1.2,2.418
growth_yoy,2025-11-01,3.1.1.2,1.393
growth_yoy,2025-12-01,3.1.1.2,0.539
growth_yoy,2026-01-01,3.1.1.2,0.077
growth_yoy,2026-02-01,3.1.1.2,0.461
growth_yoy,2026-03-01,3.1.1.2,0.538
growth_yoy,2026-04-01,3.1.1.2,-0.533
growth_yoy,2026-05-01,3.1.1.2,0.845
growth_yoy,2026-06-01,3.1.1.2,1.699
growth_yoy,2026-07-01,3.1.1.2,1.227
growth_mom,2015-02-01,3.1.1.2,-0.185
growth_mom,2015-03-01,3.1.1.2,0.832
growth_mom,2015-04-01,3.1.1.2,0.275
growth_mom,2015-05-01,3.1.1.2,-0.457
growth_mom,2015-06-01,3.1.1.2,0.367
growth_mom,2015-07-01,3.1.1.2,0.091
growth_mom,2015-08-01,3.1.1.2,0.183
growth_mom,2015-09-01,3.1.1.2,0.365
growth_mom,2015-10-01,3.1.1.2,0.636
growth_mom,2015-11-01,3.1.1.2,0.09
growth_mom,2015-12-01,3.1.1.2,0.271
growth_mom,2016-01-01,3.1.1.2,0.09
growth_mom,2016-02-01,3.1.1.2,0.36
growth_mom,2016-03-01,3.1.1.2,0.09
growth_mom,2016-04-01,3.1.1.2,0.358
growth_mom,2016-05-01,3.1.1.2,-0.089
growth_mom,2016-06-01,3.1.1.2,-0.089
growth_mom,2016-07-01,3.1.1.2,-0.179
growth_mom,2016-08-01,3.1.1.2,0.358
growth_mom,2016-09-01,3.1.1.2,-0.178
growth_mom,2016-10-01,3.1.1.2,0.179
growth_mom,2016-11-01,3.1.1.2,-0.535
growth_mom,2016-12-01,3.1.1.2,-0.09
growth_mom,2017-01-01,3.1.1.2,1.346
growth_mom,2017-02-01,3.1.1.2,0.531
growth_mom,2017-03-01,3.1.1.2,0.969
growth_mom,2017-04-01,3.1.1.2,0.175
growth_mom,2017-05-01,3.1.1.2,-0.087
growth_mom,2017-06-01,3.1.1.2,0.262
growth_mom,2017-07-01,3.1.1.2,-0.522
growth_mom,2017-08-01,3.1.1.2,0.35
growth_mom,2017-09-01,3.1.1.2,-0.261
growth_mom,2017-10-01,3.1.1.2,0.175
growth_mom,2017-11-01,3.1.1.2,0.0
growth_mom,2017-12-01,3.1.1.2,-0.174
growth_mom,2018-01-01,3.1.1.2,0.524
growth_mom,2018-02-01,3.1.1.2,0.434
growth_mom,2018-03-01,3.1.1.2,-0.26
growth_mom,2018-04-01,3.1.1.2,0.347
growth_mom,2018-05-01,3.1.1.2,-1.642
growth_mom,2018-06-01,3.1.1.2,-0.527
growth_mom,2018-07-01,3.1.1.2,-0.088
growth_mom,2018-08-01,3.1.1.2,-0.088
growth_mom,2018-09-01,3.1.1.2,0.442
growth_mom,2018-10-01,3.1.1.2,-0.352
growth_mom,2018-11-01,3.1.1.2,-0.265
growth_mom,2018-12-01,3.1.1.2,0.177
growth_mom,2019-01-01,3.1.1.2,-0.442
growth_mom,2019-02-01,3.1.1.2,-0.533
growth_mom,2019-03-01,3.1.1.2,-0.089
growth_mom,2019-04-01,3.1.1.2,0.089
growth_mom,2019-05-01,3.1.1.2,-0.179
growth_mom,2019-06-01,3.1.1.2,-0.09
growth_mom,2019-07-01,3.1.1.2,-0.09
growth_mom,2019-08-01,3.1.1.2,0.09
growth_mom,2019-09-01,3.1.1.2,-0.09
growth_mom,2019-10-01,3.1.1.2,0.09
growth_mom,2019-11-01,3.1.1.2,0.358
growth_mom,2019-12-01,3.1.1.2,0.179
growth_mom,2020-01-01,3.1.1.2,0.0
growth_mom,2020-02-01,3.1.1.2,0.267
growth_mom,2020-03-01,3.1.1.2,-0.356
growth_mom,2020-04-01,3.1.1.2,0.178
growth_mom,2020-05-01,3.1.1.2,0.356
growth_mom,2020-06-01,3.1.1.2,0.799
growth_mom,2020-07-01,3.1.1.2,0.088
growth_mom,2020-08-01,3.1.1.2,0.352
growth_mom,2020-09-01,3.1.1.2,-0.701
growth_mom,2020-10-01,3.1.1.2,0.177
growth_mom,2020-11-01,3.1.1.2,0.264
growth_mom,2020-12-01,3.1.1.2,-0.176
growth_mom,2021-01-01,3.1.1.2,0.704
growth_mom,2021-02-01,3.1.1.2,0.0
growth_mom,2021-03-01,3.1.1.2,-0.087
growth_mom,2021-04-01,3.1.1.2,0.525
growth_mom,2021-05-01,3.1.1.2,0.348
growth_mom,2021-06-01,3.1.1.2,0.434
growth_mom,2021-07-01,3.1.1.2,-0.086
growth_mom,2021-08-01,3.1.1.2,0.432
growth_mom,2021-09-01,3.1.1.2,0.688
growth_mom,2021-10-01,3.1.1.2,0.171
growth_mom,2021-11-01,3.1.1.2,1.792
growth_mom,2021-12-01,3.1.1.2,0.419
growth_mom,2022-01-01,3.1.1.2,0.501
growth_mom,2022-02-01,3.1.1.2,0.581
growth_mom,2022-03-01,3.1.1.2,0.083
growth_mom,2022-04-01,3.1.1.2,0.578
growth_mom,2022-05-01,3.1.1.2,0.984
growth_mom,2022-06-01,3.1.1.2,0.812
growth_mom,2022-07-01,3.1.1.2,0.081
growth_mom,2022-08-01,3.1.1.2,0.805
growth_mom,2022-09-01,3.1.1.2,0.08
growth_mom,2022-10-01,3.1.1.2,0.479
growth_mom,2022-11-01,3.1.1.2,0.318
growth_mom,2022-12-01,3.1.1.2,0.238
growth_mom,2023-01-01,3.1.1.2,0.474
growth_mom,2023-02-01,3.1.1.2,0.0
growth_mom,2023-03-01,3.1.1.2,0.236
growth_mom,2023-04-01,3.1.1.2,0.0
growth_mom,2023-05-01,3.1.1.2,-0.471
growth_mom,2023-06-01,3.1.1.2,0.709
growth_mom,2023-07-01,3.1.1.2,-0.313
growth_mom,2023-08-01,3.1.1.2,-0.706
growth_mom,2023-09-01,3.1.1.2,-0.158
growth_mom,2023-10-01,3.1.1.2,-0.396
growth_mom,2023-11-01,3.1.1.2,-0.238
growth_mom,2023-12-01,3.1.1.2,0.239
growth_mom,2024-01-01,3.1.1.2,0.159
growth_mom,2024-02-01,3.1.1.2,0.079
growth_mom,2024-03-01,3.1.1.2,0.555
growth_mom,2024-04-01,3.1.1.2,0.552
growth_mom,2024-05-01,3.1.1.2,1.098
growth_mom,2024-06-01,3.1.1.2,0.233
growth_mom,2024-07-01,3.1.1.2,0.077
growth_mom,2024-08-01,3.1.1.2,-0.387
growth_mom,2024-09-01,3.1.1.2,0.078
growth_mom,2024-10-01,3.1.1.2,-0.543
growth_mom,2024-11-01,3.1.1.2,0.78
growth_mom,2024-12-01,3.1.1.2,0.542
growth_mom,2025-01-01,3.1.1.2,0.308
growth_mom,2025-02-01,3.1.1.2,-0.153
growth_mom,2025-03-01,3.1.1.2,0.077
growth_mom,2025-04-01,3.1.1.2,0.922
growth_mom,2025-05-01,3.1.1.2,-0.913
growth_mom,2025-06-01,3.1.1.2,-0.538
growth_mom,2025-07-01,3.1.1.2,0.695
growth_mom,2025-08-01,3.1.1.2,-0.077
growth_mom,2025-09-01,3.1.1.2,0.614
growth_mom,2025-10-01,3.1.1.2,0.153
growth_mom,2025-11-01,3.1.1.2,-0.228
growth_mom,2025-12-01,3.1.1.2,-0.305
growth_mom,2026-01-01,3.1.1.2,-0.153
growth_mom,2026-02-01,3.1.1.2,0.23
growth_mom,2026-03-01,3.1.1.2,0.153
growth_mom,2026-04-01,3.1.1.2,-0.153
growth_mom,2026-05-01,3.1.1.2,0.459
growth_mom,2026-06-01,3.1.1.2,0.305
growth_mom,2026-07-01,3.1.1.2,0.228
abs,2015-01-01,3.1.2,104.8
abs,2015-02-01,3.1.2,104.9
abs,2015-03-01,3.1.2,105.1
abs,2015-04-01,3.1.2,105.3
abs,2015-05-01,3.1.2,105.3
abs,2015-06-01,3.1.2,105.8
abs,2015-07-01,3.1.2,106.1
abs,2015-08-01,3.1.2,106.1
abs,2015-09-01,3.1.2,106.4
abs,2015-10-01,3.1.2,106.4
abs,2015-11-01,3.1.2,106.4
abs,2015-12-01,3.1.2,106.6
abs,2016-01-01,3.1.2,106.3
abs,2016-02-01,3.1.2,106.0
abs,2016-03-01,3.1.2,105.8
abs,2016-04-01,3.1.2,105.9
abs,2016-05-01,3.1.2,106.2
abs,2016-06-01,3.1.2,106.3
abs,2016-07-01,3.1.2,106.1
abs,2016-08-01,3.1.2,106.4
abs,2016-09-01,3.1.2,106.6
abs,2016-10-01,3.1.2,106.6
abs,2016-11-01,3.1.2,106.2
abs,2016-12-01,3.1.2,106.2
abs,2017-01-01,3.1.2,106.9
abs,2017-02-01,3.1.2,107.5
abs,2017-03-01,3.1.2,107.8
abs,2017-04-01,3.1.2,108.0
abs,2017-05-01,3.1.2,107.7
abs,2017-06-01,3.1.2,107.8
abs,2017-07-01,3.1.2,107.7
abs,2017-08-01,3.1.2,107.6
abs,2017-09-01,3.1.2,107.7
abs,2017-10-01,3.1.2,107.5
abs,2017-11-01,3.1.2,107.1
abs,2017-12-01,3.1.2,107.4
abs,2018-01-01,3.1.2,105.8
abs,2018-02-01,3.1.2,105.6
abs,2018-03-01,3.1.2,104.9
abs,2018-04-01,3.1.2,104.7
abs,2018-05-01,3.1.2,104.1
abs,2018-06-01,3.1.2,104.1
abs,2018-07-01,3.1.2,104.3
abs,2018-08-01,3.1.2,103.7
abs,2018-09-01,3.1.2,103.9
abs,2018-10-01,3.1.2,104.1
abs,2018-11-01,3.1.2,103.9
abs,2018-12-01,3.1.2,103.8
abs,2019-01-01,3.1.2,103.9
abs,2019-02-01,3.1.2,103.4
abs,2019-03-01,3.1.2,103.2
abs,2019-04-01,3.1.2,102.9
abs,2019-05-01,3.1.2,103.0
abs,2019-06-01,3.1.2,103.1
abs,2019-07-01,3.1.2,103.1
abs,2019-08-01,3.1.2,103.0
abs,2019-09-01,3.1.2,103.4
abs,2019-10-01,3.1.2,103.3
abs,2019-11-01,3.1.2,103.1
abs,2019-12-01,3.1.2,103.4
abs,2020-01-01,3.1.2,103.5
abs,2020-02-01,3.1.2,103.1
abs,2020-03-01,3.1.2,103.1
abs,2020-04-01,3.1.2,103.2
abs,2020-05-01,3.1.2,102.9
abs,2020-06-01,3.1.2,102.7
abs,2020-07-01,3.1.2,103.0
abs,2020-08-01,3.1.2,102.9
abs,2020-09-01,3.1.2,103.3
abs,2020-10-01,3.1.2,103.9
abs,2020-11-01,3.1.2,104.4
abs,2020-12-01,3.1.2,105.2
abs,2021-01-01,3.1.2,105.7
abs,2021-02-01,3.1.2,106.2
abs,2021-03-01,3.1.2,106.4
abs,2021-04-01,3.1.2,106.0
abs,2021-05-01,3.1.2,106.3
abs,2021-06-01,3.1.2,106.4
abs,2021-07-01,3.1.2,106.3
abs,2021-08-01,3.1.2,106.3
abs,2021-09-01,3.1.2,106.5
abs,2021-10-01,3.1.2,106.1
abs,2021-11-01,3.1.2,106.2
abs,2021-12-01,3.1.2,105.9
abs,2022-01-01,3.1.2,106.0
abs,2022-02-01,3.1.2,106.5
abs,2022-03-01,3.1.2,106.6
abs,2022-04-01,3.1.2,106.7
abs,2022-05-01,3.1.2,107.2
abs,2022-06-01,3.1.2,107.5
abs,2022-07-01,3.1.2,107.7
abs,2022-08-01,3.1.2,108.1
abs,2022-09-01,3.1.2,107.7
abs,2022-10-01,3.1.2,108.2
abs,2022-11-01,3.1.2,108.4
abs,2022-12-01,3.1.2,108.3
abs,2023-01-01,3.1.2,108.8
abs,2023-02-01,3.1.2,108.7
abs,2023-03-01,3.1.2,108.1
abs,2023-04-01,3.1.2,108.7
abs,2023-05-01,3.1.2,108.6
abs,2023-06-01,3.1.2,108.8
abs,2023-07-01,3.1.2,108.7
abs,2023-08-01,3.1.2,109.2
abs,2023-09-01,3.1.2,109.0
abs,2023-10-01,3.1.2,109.2
abs,2023-11-01,3.1.2,108.7
abs,2023-12-01,3.1.2,108.4
abs,2024-01-01,3.1.2,107.8
abs,2024-02-01,3.1.2,107.1
abs,2024-03-01,3.1.2,107.2
abs,2024-04-01,3.1.2,107.7
abs,2024-05-01,3.1.2,107.6
abs,2024-06-01,3.1.2,106.8
abs,2024-07-01,3.1.2,106.5
abs,2024-08-01,3.1.2,106.5
abs,2024-09-01,3.1.2,106.6
abs,2024-10-01,3.1.2,106.1
abs,2024-11-01,3.1.2,106.1
abs,2024-12-01,3.1.2,106.3
abs,2025-01-01,3.1.2,105.8
abs,2025-02-01,3.1.2,105.1
abs,2025-03-01,3.1.2,105.0
abs,2025-04-01,3.1.2,105.2
abs,2025-05-01,3.1.2,105.0
abs,2025-06-01,3.1.2,105.1
abs,2025-07-01,3.1.2,105.7
abs,2025-08-01,3.1.2,105.4
abs,2025-09-01,3.1.2,105.0
abs,2025-10-01,3.1.2,105.0
abs,2025-11-01,3.1.2,105.0
abs,2025-12-01,3.1.2,105.2
abs,2026-01-01,3.1.2,105.4
abs,2026-02-01,3.1.2,105.4
abs,2026-03-01,3.1.2,105.6
abs,2026-04-01,3.1.2,105.9
abs,2026-05-01,3.1.2,106.4
abs,2026-06-01,3.1.2,107.3
abs,2026-07-01,3.1.2,107.6
growth_yoy,2016-01-01,3.1.2,1.431
growth_yoy,2016-02-01,3.1.2,1.049
growth_yoy,2016-03-01,3.1.2,0.666
growth_yoy,2016-04-01,3.1.2,0.57
growth_yoy,2016-05-01,3.1.2,0.855
growth_yoy,2016-06-01,3.1.2,0.473
growth_yoy,2016-07-01,3.1.2,0.0
growth_yoy,2016-08-01,3.1.2,0.283
growth_yoy,2016-09-01,3.1.2,0.188
growth_yoy,2016-10-01,3.1.2,0.188
growth_yoy,2016-11-01,3.1.2,-0.188
growth_yoy,2016-12-01,3.1.2,-0.375
growth_yoy,2017-01-01,3.1.2,0.564
growth_yoy,2017-02-01,3.1.2,1.415
growth_yoy,2017-03-01,3.1.2,1.89
growth_yoy,2017-04-01,3.1.2,1.983
growth_yoy,2017-05-01,3.1.2,1.412
growth_yoy,2017-06-01,3.1.2,1.411
growth_yoy,2017-07-01,3.1.2,1.508
growth_yoy,2017-08-01,3.1.2,1.128
growth_yoy,2017-09-01,3.1.2,1.032
growth_yoy,2017-10-01,3.1.2,0.844
growth_yoy,2017-11-01,3.1.2,0.847
growth_yoy,2017-12-01,3.1.2,1.13
growth_yoy,2018-01-01,3.1.2,-1.029
growth_yoy,2018-02-01,3.1.2,-1.767
growth_yoy,2018-03-01,3.1.2,-2.69
growth_yoy,2018-04-01,3.1.2,-3.056
growth_yoy,2018-05-01,3.1.2,-3.343
growth_yoy,2018-06-01,3.1.2,-3.432
growth_yoy,2018-07-01,3.1.2,-3.157
growth_yoy,2018-08-01,3.1.2,-3.625
growth_yoy,2018-09-01,3.1.2,-3.528
growth_yoy,2018-10-01,3.1.2,-3.163
growth_yoy,2018-11-01,3.1.2,-2.988
growth_yoy,2018-12-01,3.1.2,-3.352
growth_yoy,2019-01-01,3.1.2,-1.796
growth_yoy,2019-02-01,3.1.2,-2.083
growth_yoy,2019-03-01,3.1.2,-1.621
growth_yoy,2019-04-01,3.1.2,-1.719
growth_yoy,2019-05-01,3.1.2,-1.057
growth_yoy,2019-06-01,3.1.2,-0.961
growth_yoy,2019-07-01,3.1.2,-1.151
growth_yoy,2019-08-01,3.1.2,-0.675
growth_yoy,2019-09-01,3.1.2,-0.481
growth_yoy,2019-10-01,3.1.2,-0.768
growth_yoy,2019-11-01,3.1.2,-0.77
growth_yoy,2019-12-01,3.1.2,-0.385
growth_yoy,2020-01-01,3.1.2,-0.385
growth_yoy,2020-02-01,3.1.2,-0.29
growth_yoy,2020-03-01,3.1.2,-0.097
growth_yoy,2020-04-01,3.1.2,0.292
growth_yoy,2020-05-01,3.1.2,-0.097
growth_yoy,2020-06-01,3.1.2,-0.388
growth_yoy,2020-07-01,3.1.2,-0.097
growth_yoy,2020-08-01,3.1.2,-0.097
growth_yoy,2020-09-01,3.1.2,-0.097
growth_yoy,2020-10-01,3.1.2,0.581
growth_yoy,2020-11-01,3.1.2,1.261
growth_yoy,2020-12-01,3.1.2,1.741
growth_yoy,2021-01-01,3.1.2,2.126
growth_yoy,2021-02-01,3.1.2,3.007
growth_yoy,2021-03-01,3.1.2,3.201
growth_yoy,2021-04-01,3.1.2,2.713
growth_yoy,2021-05-01,3.1.2,3.304
growth_yoy,2021-06-01,3.1.2,3.603
growth_yoy,2021-07-01,3.1.2,3.204
growth_yoy,2021-08-01,3.1.2,3.304
growth_yoy,2021-09-01,3.1.2,3.098
growth_yoy,2021-10-01,3.1.2,2.117
growth_yoy,2021-11-01,3.1.2,1.724
growth_yoy,2021-12-01,3.1.2,0.665
growth_yoy,2022-01-01,3.1.2,0.284
growth_yoy,2022-02-01,3.1.2,0.282
growth_yoy,2022-03-01,3.1.2,0.188
growth_yoy,2022-04-01,3.1.2,0.66
growth_yoy,2022-05-01,3.1.2,0.847
growth_yoy,2022-06-01,3.1.2,1.034
growth_yoy,2022-07-01,3.1.2,1.317
growth_yoy,2022-08-01,3.1.2,1.693
growth_yoy,2022-09-01,3.1.2,1.127
growth_yoy,2022-10-01,3.1.2,1.979
growth_yoy,2022-11-01,3.1.2,2.072
growth_yoy,2022-12-01,3.1.2,2.266
growth_yoy,2023-01-01,3.1.2,2.642
growth_yoy,2023-02-01,3.1.2,2.066
growth_yoy,2023-03-01,3.1.2,1.407
growth_yoy,2023-04-01,3.1.2,1.874
growth_yoy,2023-05-01,3.1.2,1.306
growth_yoy,2023-06-01,3.1.2,1.209
growth_yoy,2023-07-01,3.1.2,0.929
growth_yoy,2023-08-01,3.1.2,1.018
growth_yoy,2023-09-01,3.1.2,1.207
growth_yoy,2023-10-01,3.1.2,0.924
growth_yoy,2023-11-01,3.1.2,0.277
growth_yoy,2023-12-01,3.1.2,0.092
growth_yoy,2024-01-01,3.1.2,-0.919
growth_yoy,2024-02-01,3.1.2,-1.472
growth_yoy,2024-03-01,3.1.2,-0.833
growth_yoy,2024-04-01,3.1.2,-0.92
growth_yoy,2024-05-01,3.1.2,-0.921
growth_yoy,2024-06-01,3.1.2,-1.838
growth_yoy,2024-07-01,3.1.2,-2.024
growth_yoy,2024-08-01,3.1.2,-2.473
growth_yoy,2024-09-01,3.1.2,-2.202
growth_yoy,2024-10-01,3.1.2,-2.839
growth_yoy,2024-11-01,3.1.2,-2.392
growth_yoy,2024-12-01,3.1.2,-1.937
growth_yoy,2025-01-01,3.1.2,-1.855
growth_yoy,2025-02-01,3.1.2,-1.867
growth_yoy,2025-03-01,3.1.2,-2.052
growth_yoy,2025-04-01,3.1.2,-2.321
growth_yoy,2025-05-01,3.1.2,-2.416
growth_yoy,2025-06-01,3.1.2,-1.592
growth_yoy,2025-07-01,3.1.2,-0.751
growth_yoy,2025-08-01,3.1.2,-1.033
growth_yoy,2025-09-01,3.1.2,-1.501
growth_yoy,2025-10-01,3.1.2,-1.037
growth_yoy,2025-11-01,3.1.2,-1.037
growth_yoy,2025-12-01,3.1.2,-1.035
growth_yoy,2026-01-01,3.1.2,-0.378
growth_yoy,2026-02-01,3.1.2,0.285
growth_yoy,2026-03-01,3.1.2,0.571
growth_yoy,2026-04-01,3.1.2,0.665
growth_yoy,2026-05-01,3.1.2,1.333
growth_yoy,2026-06-01,3.1.2,2.093
growth_yoy,2026-07-01,3.1.2,1.798
growth_mom,2015-02-01,3.1.2,0.095
growth_mom,2015-03-01,3.1.2,0.191
growth_mom,2015-04-01,3.1.2,0.19
growth_mom,2015-05-01,3.1.2,0.0
growth_mom,2015-06-01,3.1.2,0.475
growth_mom,2015-07-01,3.1.2,0.284
growth_mom,2015-08-01,3.1.2,0.0
growth_mom,2015-09-01,3.1.2,0.283
growth_mom,2015-10-01,3.1.2,0.0
growth_mom,2015-11-01,3.1.2,0.0
growth_mom,2015-12-01,3.1.2,0.188
growth_mom,2016-01-01,3.1.2,-0.281
growth_mom,2016-02-01,3.1.2,-0.282
growth_mom,2016-03-01,3.1.2,-0.189
growth_mom,2016-04-01,3.1.2,0.095
growth_mom,2016-05-01,3.1.2,0.283
growth_mom,2016-06-01,3.1.2,0.094
growth_mom,2016-07-01,3.1.2,-0.188
growth_mom,2016-08-01,3.1.2,0.283
growth_mom,2016-09-01,3.1.2,0.188
growth_mom,2016-10-01,3.1.2,0.0
growth_mom,2016-11-01,3.1.2,-0.375
growth_mom,2016-12-01,3.1.2,0.0
growth_mom,2017-01-01,3.1.2,0.659
growth_mom,2017-02-01,3.1.2,0.561
growth_mom,2017-03-01,3.1.2,0.279
growth_mom,2017-04-01,3.1.2,0.186
growth_mom,2017-05-01,3.1.2,-0.278
growth_mom,2017-06-01,3.1.2,0.093
growth_mom,2017-07-01,3.1.2,-0.093
growth_mom,2017-08-01,3.1.2,-0.093
growth_mom,2017-09-01,3.1.2,0.093
growth_mom,2017-10-01,3.1.2,-0.186
growth_mom,2017-11-01,3.1.2,-0.372
growth_mom,2017-12-01,3.1.2,0.28
growth_mom,2018-01-01,3.1.2,-1.49
growth_mom,2018-02-01,3.1.2,-0.189
growth_mom,2018-03-01,3.1.2,-0.663
growth_mom,2018-04-01,3.1.2,-0.191
growth_mom,2018-05-01,3.1.2,-0.573
growth_mom,2018-06-01,3.1.2,0.0
growth_mom,2018-07-01,3.1.2,0.192
growth_mom,2018-08-01,3.1.2,-0.575
growth_mom,2018-09-01,3.1.2,0.193
growth_mom,2018-10-01,3.1.2,0.192
growth_mom,2018-11-01,3.1.2,-0.192
growth_mom,2018-12-01,3.1.2,-0.096
growth_mom,2019-01-01,3.1.2,0.096
growth_mom,2019-02-01,3.1.2,-0.481
growth_mom,2019-03-01,3.1.2,-0.193
growth_mom,2019-04-01,3.1.2,-0.291
growth_mom,2019-05-01,3.1.2,0.097
growth_mom,2019-06-01,3.1.2,0.097
growth_mom,2019-07-01,3.1.2,0.0
growth_mom,2019-08-01,3.1.2,-0.097
growth_mom,2019-09-01,3.1.2,0.388
growth_mom,2019-10-01,3.1.2,-0.097
growth_mom,2019-11-01,3.1.2,-0.194
growth_mom,2019-12-01,3.1.2,0.291
growth_mom,2020-01-01,3.1.2,0.097
growth_mom,2020-02-01,3.1.2,-0.386
growth_mom,2020-03-01,3.1.2,0.0
growth_mom,2020-04-01,3.1.2,0.097
growth_mom,2020-05-01,3.1.2,-0.291
growth_mom,2020-06-01,3.1.2,-0.194
growth_mom,2020-07-01,3.1.2,0.292
growth_mom,2020-08-01,3.1.2,-0.097
growth_mom,2020-09-01,3.1.2,0.389
growth_mom,2020-10-01,3.1.2,0.581
growth_mom,2020-11-01,3.1.2,0.481
growth_mom,2020-12-01,3.1.2,0.766
growth_mom,2021-01-01,3.1.2,0.475
growth_mom,2021-02-01,3.1.2,0.473
growth_mom,2021-03-01,3.1.2,0.188
growth_mom,2021-04-01,3.1.2,-0.376
growth_mom,2021-05-01,3.1.2,0.283
growth_mom,2021-06-01,3.1.2,0.094
growth_mom,2021-07-01,3.1.2,-0.094
growth_mom,2021-08-01,3.1.2,0.0
growth_mom,2021-09-01,3.1.2,0.188
growth_mom,2021-10-01,3.1.2,-0.376
growth_mom,2021-11-01,3.1.2,0.094
growth_mom,2021-12-01,3.1.2,-0.282
growth_mom,2022-01-01,3.1.2,0.094
growth_mom,2022-02-01,3.1.2,0.472
growth_mom,2022-03-01,3.1.2,0.094
growth_mom,2022-04-01,3.1.2,0.094
growth_mom,2022-05-01,3.1.2,0.469
growth_mom,2022-06-01,3.1.2,0.28
growth_mom,2022-07-01,3.1.2,0.186
growth_mom,2022-08-01,3.1.2,0.371
growth_mom,2022-09-01,3.1.2,-0.37
growth_mom,2022-10-01,3.1.2,0.464
growth_mom,2022-11-01,3.1.2,0.185
growth_mom,2022-12-01,3.1.2,-0.092
growth_mom,2023-01-01,3.1.2,0.462
growth_mom,2023-02-01,3.1.2,-0.092
growth_mom,2023-03-01,3.1.2,-0.552
growth_mom,2023-04-01,3.1.2,0.555
growth_mom,2023-05-01,3.1.2,-0.092
growth_mom,2023-06-01,3.1.2,0.184
growth_mom,2023-07-01,3.1.2,-0.092
growth_mom,2023-08-01,3.1.2,0.46
growth_mom,2023-09-01,3.1.2,-0.183
growth_mom,2023-10-01,3.1.2,0.183
growth_mom,2023-11-01,3.1.2,-0.458
growth_mom,2023-12-01,3.1.2,-0.276
growth_mom,2024-01-01,3.1.2,-0.554
growth_mom,2024-02-01,3.1.2,-0.649
growth_mom,2024-03-01,3.1.2,0.093
growth_mom,2024-04-01,3.1.2,0.466
growth_mom,2024-05-01,3.1.2,-0.093
growth_mom,2024-06-01,3.1.2,-0.743
growth_mom,2024-07-01,3.1.2,-0.281
growth_mom,2024-08-01,3.1.2,0.0
growth_mom,2024-09-01,3.1.2,0.094
growth_mom,2024-10-01,3.1.2,-0.469
growth_mom,2024-11-01,3.1.2,0.0
growth_mom,2024-12-01,3.1.2,0.189
growth_mom,2025-01-01,3.1.2,-0.47
growth_mom,2025-02-01,3.1.2,-0.662
growth_mom,2025-03-01,3.1.2,-0.095
growth_mom,2025-04-01,3.1.2,0.19
growth_mom,2025-05-01,3.1.2,-0.19
growth_mom,2025-06-01,3.1.2,0.095
growth_mom,2025-07-01,3.1.2,0.571
growth_mom,2025-08-01,3.1.2,-0.284
growth_mom,2025-09-01,3.1.2,-0.38
growth_mom,2025-10-01,3.1.2,0.0
growth_mom,2025-11-01,3.1.2,0.0
growth_mom,2025-12-01,3.1.2,0.19
growth_mom,2026-01-01,3.1.2,0.19
growth_mom,2026-02-01,3.1.2,0.0
growth_mom,2026-03-01,3.1.2,0.19
growth_mom,2026-04-01,3.1.2,0.284
growth_mom,2026-05-01,3.1.2,0.472
growth_mom,2026-06-01,3.1.2,0.846
growth_mom,2026-07-01,3.1.2,0.28
abs,2015-01-01,3.1.2.1,103.9
abs,2015-02-01,3.1.2.1,104.2
abs,2015-03-01,3.1.2.1,104.2
abs,2015-04-01,3.1.2.1,104.4
abs,2015-05-01,3.1.2.1,104.4
abs,2015-06-01,3.1.2.1,105.1
abs,2015-07-01,3.1.2.1,105.1
abs,2015-08-01,3.1.2.1,105.2
abs,2015-09-01,3.1.2.1,105.2
abs,2015-10-01,3.1.2.1,105.4
abs,2015-11-01,3.1.2.1,105.4
abs,2015-12-01,3.1.2.1,105.4
abs,2016-01-01,3.1.2.1,104.3
abs,2016-02-01,3.1.2.1,104.4
abs,2016-03-01,3.1.2.1,104.4
abs,2016-04-01,3.1.2.1,104.4
abs,2016-05-01,3.1.2.1,104.4
abs,2016-06-01,3.1.2.1,104.4
abs,2016-07-01,3.1.2.1,104.5
abs,2016-08-01,3.1.2.1,104.4
abs,2016-09-01,3.1.2.1,104.5
abs,2016-10-01,3.1.2.1,104.4
abs,2016-11-01,3.1.2.1,104.4
abs,2016-12-01,3.1.2.1,104.3
abs,2017-01-01,3.1.2.1,104.2
abs,2017-02-01,3.1.2.1,104.3
abs,2017-03-01,3.1.2.1,104.6
abs,2017-04-01,3.1.2.1,104.6
abs,2017-05-01,3.1.2.1,104.4
abs,2017-06-01,3.1.2.1,104.4
abs,2017-07-01,3.1.2.1,104.0
abs,2017-08-01,3.1.2.1,103.3
abs,2017-09-01,3.1.2.1,103.3
abs,2017-10-01,3.1.2.1,103.4
abs,2017-11-01,3.1.2.1,103.5
abs,2017-12-01,3.1.2.1,103.4
abs,2018-01-01,3.1.2.1,99.7
abs,2018-02-01,3.1.2.1,99.7
abs,2018-03-01,3.1.2.1,98.7
abs,2018-04-01,3.1.2.1,97.8
abs,2018-05-01,3.1.2.1,97.0
abs,2018-06-01,3.1.2.1,97.0
abs,2018-07-01,3.1.2.1,97.5
abs,2018-08-01,3.1.2.1,96.2
abs,2018-09-01,3.1.2.1,96.7
abs,2018-10-01,3.1.2.1,96.9
abs,2018-11-01,3.1.2.1,96.6
abs,2018-12-01,3.1.2.1,96.8
abs,2019-01-01,3.1.2.1,96.7
abs,2019-02-01,3.1.2.1,96.0
abs,2019-03-01,3.1.2.1,95.9
abs,2019-04-01,3.1.2.1,95.8
abs,2019-05-01,3.1.2.1,95.7
abs,2019-06-01,3.1.2.1,96.0
abs,2019-07-01,3.1.2.1,96.4
abs,2019-08-01,3.1.2.1,95.7
abs,2019-09-01,3.1.2.1,96.8
abs,2019-10-01,3.1.2.1,96.9
abs,2019-11-01,3.1.2.1,96.5
abs,2019-12-01,3.1.2.1,96.7
abs,2020-01-01,3.1.2.1,97.2
abs,2020-02-01,3.1.2.1,96.4
abs,2020-03-01,3.1.2.1,96.5
abs,2020-04-01,3.1.2.1,97.2
abs,2020-05-01,3.1.2.1,96.6
abs,2020-06-01,3.1.2.1,96.7
abs,2020-07-01,3.1.2.1,96.8
abs,2020-08-01,3.1.2.1,96.3
abs,2020-09-01,3.1.2.1,96.6
abs,2020-10-01,3.1.2.1,96.3
abs,2020-11-01,3.1.2.1,95.5
abs,2020-12-01,3.1.2.1,96.1
abs,2021-01-01,3.1.2.1,96.3
abs,2021-02-01,3.1.2.1,95.7
abs,2021-03-01,3.1.2.1,95.7
abs,2021-04-01,3.1.2.1,95.2
abs,2021-05-01,3.1.2.1,94.9
abs,2021-06-01,3.1.2.1,94.8
abs,2021-07-01,3.1.2.1,95.1
abs,2021-08-01,3.1.2.1,95.7
abs,2021-09-01,3.1.2.1,95.9
abs,2021-10-01,3.1.2.1,96.5
abs,2021-11-01,3.1.2.1,96.9
abs,2021-12-01,3.1.2.1,96.8
abs,2022-01-01,3.1.2.1,97.4
abs,2022-02-01,3.1.2.1,97.6
abs,2022-03-01,3.1.2.1,98.0
abs,2022-04-01,3.1.2.1,98.9
abs,2022-05-01,3.1.2.1,99.4
abs,2022-06-01,3.1.2.1,99.6
abs,2022-07-01,3.1.2.1,100.2
abs,2022-08-01,3.1.2.1,100.5
abs,2022-09-01,3.1.2.1,100.8
abs,2022-10-01,3.1.2.1,101.0
abs,2022-11-01,3.1.2.1,101.7
abs,2022-12-01,3.1.2.1,102.3
abs,2023-01-01,3.1.2.1,102.7
abs,2023-02-01,3.1.2.1,102.9
abs,2023-03-01,3.1.2.1,103.3
abs,2023-04-01,3.1.2.1,104.4
abs,2023-05-01,3.1.2.1,105.9
abs,2023-06-01,3.1.2.1,106.9
abs,2023-07-01,3.1.2.1,106.9
abs,2023-08-01,3.1.2.1,107.4
abs,2023-09-01,3.1.2.1,106.8
abs,2023-10-01,3.1.2.1,107.2
abs,2023-11-01,3.1.2.1,106.8
abs,2023-12-01,3.1.2.1,106.5
abs,2024-01-01,3.1.2.1,106.2
abs,2024-02-01,3.1.2.1,105.7
abs,2024-03-01,3.1.2.1,106.6
abs,2024-04-01,3.1.2.1,106.4
abs,2024-05-01,3.1.2.1,105.9
abs,2024-06-01,3.1.2.1,105.7
abs,2024-07-01,3.1.2.1,105.3
abs,2024-08-01,3.1.2.1,105.7
abs,2024-09-01,3.1.2.1,105.5
abs,2024-10-01,3.1.2.1,105.4
abs,2024-11-01,3.1.2.1,106.2
abs,2024-12-01,3.1.2.1,105.4
abs,2025-01-01,3.1.2.1,104.6
abs,2025-02-01,3.1.2.1,103.6
abs,2025-03-01,3.1.2.1,104.1
abs,2025-04-01,3.1.2.1,103.7
abs,2025-05-01,3.1.2.1,103.8
abs,2025-06-01,3.1.2.1,102.6
abs,2025-07-01,3.1.2.1,103.4
abs,2025-08-01,3.1.2.1,104.7
abs,2025-09-01,3.1.2.1,103.4
abs,2025-10-01,3.1.2.1,103.4
abs,2025-11-01,3.1.2.1,103.1
abs,2025-12-01,3.1.2.1,103.3
abs,2026-01-01,3.1.2.1,104.0
abs,2026-02-01,3.1.2.1,104.0
abs,2026-03-01,3.1.2.1,103.8
abs,2026-04-01,3.1.2.1,103.7
abs,2026-05-01,3.1.2.1,104.0
abs,2026-06-01,3.1.2.1,105.0
abs,2026-07-01,3.1.2.1,105.5
growth_yoy,2016-01-01,3.1.2.1,0.385
growth_yoy,2016-02-01,3.1.2.1,0.192
growth_yoy,2016-03-01,3.1.2.1,0.192
growth_yoy,2016-04-01,3.1.2.1,0.0
growth_yoy,2016-05-01,3.1.2.1,0.0
growth_yoy,2016-06-01,3.1.2.1,-0.666
growth_yoy,2016-07-01,3.1.2.1,-0.571
growth_yoy,2016-08-01,3.1.2.1,-0.76
growth_yoy,2016-09-01,3.1.2.1,-0.665
growth_yoy,2016-10-01,3.1.2.1,-0.949
growth_yoy,2016-11-01,3.1.2.1,-0.949
growth_yoy,2016-12-01,3.1.2.1,-1.044
growth_yoy,2017-01-01,3.1.2.1,-0.096
growth_yoy,2017-02-01,3.1.2.1,-0.096
growth_yoy,2017-03-01,3.1.2.1,0.192
growth_yoy,2017-04-01,3.1.2.1,0.192
growth_yoy,2017-05-01,3.1.2.1,0.0
growth_yoy,2017-06-01,3.1.2.1,0.0
growth_yoy,2017-07-01,3.1.2.1,-0.478
growth_yoy,2017-08-01,3.1.2.1,-1.054
growth_yoy,2017-09-01,3.1.2.1,-1.148
growth_yoy,2017-10-01,3.1.2.1,-0.958
growth_yoy,2017-11-01,3.1.2.1,-0.862
growth_yoy,2017-12-01,3.1.2.1,-0.863
growth_yoy,2018-01-01,3.1.2.1,-4.319
growth_yoy,2018-02-01,3.1.2.1,-4.41
growth_yoy,2018-03-01,3.1.2.1,-5.641
growth_yoy,2018-04-01,3.1.2.1,-6.501
growth_yoy,2018-05-01,3.1.2.1,-7.088
growth_yoy,2018-06-01,3.1.2.1,-7.088
growth_yoy,2018-07-01,3.1.2.1,-6.25
growth_yoy,2018-08-01,3.1.2.1,-6.873
growth_yoy,2018-09-01,3.1.2.1,-6.389
growth_yoy,2018-10-01,3.1.2.1,-6.286
growth_yoy,2018-11-01,3.1.2.1,-6.667
growth_yoy,2018-12-01,3.1.2.1,-6.383
growth_yoy,2019-01-01,3.1.2.1,-3.009
growth_yoy,2019-02-01,3.1.2.1,-3.711
growth_yoy,2019-03-01,3.1.2.1,-2.837
growth_yoy,2019-04-01,3.1.2.1,-2.045
growth_yoy,2019-05-01,3.1.2.1,-1.34
growth_yoy,2019-06-01,3.1.2.1,-1.031
growth_yoy,2019-07-01,3.1.2.1,-1.128
growth_yoy,2019-08-01,3.1.2.1,-0.52
growth_yoy,2019-09-01,3.1.2.1,0.103
growth_yoy,2019-10-01,3.1.2.1,0.0
growth_yoy,2019-11-01,3.1.2.1,-0.104
growth_yoy,2019-12-01,3.1.2.1,-0.103
growth_yoy,2020-01-01,3.1.2.1,0.517
growth_yoy,2020-02-01,3.1.2.1,0.417
growth_yoy,2020-03-01,3.1.2.1,0.626
growth_yoy,2020-04-01,3.1.2.1,1.461
growth_yoy,2020-05-01,3.1.2.1,0.94
growth_yoy,2020-06-01,3.1.2.1,0.729
growth_yoy,2020-07-01,3.1.2.1,0.415
growth_yoy,2020-08-01,3.1.2.1,0.627
growth_yoy,2020-09-01,3.1.2.1,-0.207
growth_yoy,2020-10-01,3.1.2.1,-0.619
growth_yoy,2020-11-01,3.1.2.1,-1.036
growth_yoy,2020-12-01,3.1.2.1,-0.62
growth_yoy,2021-01-01,3.1.2.1,-0.926
growth_yoy,2021-02-01,3.1.2.1,-0.726
growth_yoy,2021-03-01,3.1.2.1,-0.829
growth_yoy,2021-04-01,3.1.2.1,-2.058
growth_yoy,2021-05-01,3.1.2.1,-1.76
growth_yoy,2021-06-01,3.1.2.1,-1.965
growth_yoy,2021-07-01,3.1.2.1,-1.756
growth_yoy,2021-08-01,3.1.2.1,-0.623
growth_yoy,2021-09-01,3.1.2.1,-0.725
growth_yoy,2021-10-01,3.1.2.1,0.208
growth_yoy,2021-11-01,3.1.2.1,1.466
growth_yoy,2021-12-01,3.1.2.1,0.728
growth_yoy,2022-01-01,3.1.2.1,1.142
growth_yoy,2022-02-01,3.1.2.1,1.985
growth_yoy,2022-03-01,3.1.2.1,2.403
growth_yoy,2022-04-01,3.1.2.1,3.887
growth_yoy,2022-05-01,3.1.2.1,4.742
growth_yoy,2022-06-01,3.1.2.1,5.063
growth_yoy,2022-07-01,3.1.2.1,5.363
growth_yoy,2022-08-01,3.1.2.1,5.016
growth_yoy,2022-09-01,3.1.2.1,5.109
growth_yoy,2022-10-01,3.1.2.1,4.663
growth_yoy,2022-11-01,3.1.2.1,4.954
growth_yoy,2022-12-01,3.1.2.1,5.682
growth_yoy,2023-01-01,3.1.2.1,5.441
growth_yoy,2023-02-01,3.1.2.1,5.43
growth_yoy,2023-03-01,3.1.2.1,5.408
growth_yoy,2023-04-01,3.1.2.1,5.561
growth_yoy,2023-05-01,3.1.2.1,6.539
growth_yoy,2023-06-01,3.1.2.1,7.329
growth_yoy,2023-07-01,3.1.2.1,6.687
growth_yoy,2023-08-01,3.1.2.1,6.866
growth_yoy,2023-09-01,3.1.2.1,5.952
growth_yoy,2023-10-01,3.1.2.1,6.139
growth_yoy,2023-11-01,3.1.2.1,5.015
growth_yoy,2023-12-01,3.1.2.1,4.106
growth_yoy,2024-01-01,3.1.2.1,3.408
growth_yoy,2024-02-01,3.1.2.1,2.721
growth_yoy,2024-03-01,3.1.2.1,3.195
growth_yoy,2024-04-01,3.1.2.1,1.916
growth_yoy,2024-05-01,3.1.2.1,0.0
growth_yoy,2024-06-01,3.1.2.1,-1.123
growth_yoy,2024-07-01,3.1.2.1,-1.497
growth_yoy,2024-08-01,3.1.2.1,-1.583
growth_yoy,2024-09-01,3.1.2.1,-1.217
growth_yoy,2024-10-01,3.1.2.1,-1.679
growth_yoy,2024-11-01,3.1.2.1,-0.562
growth_yoy,2024-12-01,3.1.2.1,-1.033
growth_yoy,2025-01-01,3.1.2.1,-1.507
growth_yoy,2025-02-01,3.1.2.1,-1.987
growth_yoy,2025-03-01,3.1.2.1,-2.345
growth_yoy,2025-04-01,3.1.2.1,-2.538
growth_yoy,2025-05-01,3.1.2.1,-1.983
growth_yoy,2025-06-01,3.1.2.1,-2.933
growth_yoy,2025-07-01,3.1.2.1,-1.804
growth_yoy,2025-08-01,3.1.2.1,-0.946
growth_yoy,2025-09-01,3.1.2.1,-1.991
growth_yoy,2025-10-01,3.1.2.1,-1.898
growth_yoy,2025-11-01,3.1.2.1,-2.919
growth_yoy,2025-12-01,3.1.2.1,-1.992
growth_yoy,2026-01-01,3.1.2.1,-0.574
growth_yoy,2026-02-01,3.1.2.1,0.386
growth_yoy,2026-03-01,3.1.2.1,-0.288
growth_yoy,2026-04-01,3.1.2.1,0.0
growth_yoy,2026-05-01,3.1.2.1,0.193
growth_yoy,2026-06-01,3.1.2.1,2.339
growth_yoy,2026-07-01,3.1.2.1,2.031
growth_mom,2015-02-01,3.1.2.1,0.289
growth_mom,2015-03-01,3.1.2.1,0.0
growth_mom,2015-04-01,3.1.2.1,0.192
growth_mom,2015-05-01,3.1.2.1,0.0
growth_mom,2015-06-01,3.1.2.1,0.67
growth_mom,2015-07-01,3.1.2.1,0.0
growth_mom,2015-08-01,3.1.2.1,0.095
growth_mom,2015-09-01,3.1.2.1,0.0
growth_mom,2015-10-01,3.1.2.1,0.19
growth_mom,2015-11-01,3.1.2.1,0.0
growth_mom,2015-12-01,3.1.2.1,0.0
growth_mom,2016-01-01,3.1.2.1,-1.044
growth_mom,2016-02-01,3.1.2.1,0.096
growth_mom,2016-03-01,3.1.2.1,0.0
growth_mom,2016-04-01,3.1.2.1,0.0
growth_mom,2016-05-01,3.1.2.1,0.0
growth_mom,2016-06-01,3.1.2.1,0.0
growth_mom,2016-07-01,3.1.2.1,0.096
growth_mom,2016-08-01,3.1.2.1,-0.096
growth_mom,2016-09-01,3.1.2.1,0.096
growth_mom,2016-10-01,3.1.2.1,-0.096
growth_mom,2016-11-01,3.1.2.1,0.0
growth_mom,2016-12-01,3.1.2.1,-0.096
growth_mom,2017-01-01,3.1.2.1,-0.096
growth_mom,2017-02-01,3.1.2.1,0.096
growth_mom,2017-03-01,3.1.2.1,0.288
growth_mom,2017-04-01,3.1.2.1,0.0
growth_mom,2017-05-01,3.1.2.1,-0.191
growth_mom,2017-06-01,3.1.2.1,0.0
growth_mom,2017-07-01,3.1.2.1,-0.383
growth_mom,2017-08-01,3.1.2.1,-0.673
growth_mom,2017-09-01,3.1.2.1,0.0
growth_mom,2017-10-01,3.1.2.1,0.097
growth_mom,2017-11-01,3.1.2.1,0.097
growth_mom,2017-12-01,3.1.2.1,-0.097
growth_mom,2018-01-01,3.1.2.1,-3.578
growth_mom,2018-02-01,3.1.2.1,0.0
growth_mom,2018-03-01,3.1.2.1,-1.003
growth_mom,2018-04-01,3.1.2.1,-0.912
growth_mom,2018-05-01,3.1.2.1,-0.818
growth_mom,2018-06-01,3.1.2.1,0.0
growth_mom,2018-07-01,3.1.2.1,0.515
growth_mom,2018-08-01,3.1.2.1,-1.333
growth_mom,2018-09-01,3.1.2.1,0.52
growth_mom,2018-10-01,3.1.2.1,0.207
growth_mom,2018-11-01,3.1.2.1,-0.31
growth_mom,2018-12-01,3.1.2.1,0.207
growth_mom,2019-01-01,3.1.2.1,-0.103
growth_mom,2019-02-01,3.1.2.1,-0.724
growth_mom,2019-03-01,3.1.2.1,-0.104
growth_mom,2019-04-01,3.1.2.1,-0.104
growth_mom,2019-05-01,3.1.2.1,-0.104
growth_mom,2019-06-01,3.1.2.1,0.313
growth_mom,2019-07-01,3.1.2.1,0.417
growth_mom,2019-08-01,3.1.2.1,-0.726
growth_mom,2019-09-01,3.1.2.1,1.149
growth_mom,2019-10-01,3.1.2.1,0.103
growth_mom,2019-11-01,3.1.2.1,-0.413
growth_mom,2019-12-01,3.1.2.1,0.207
growth_mom,2020-01-01,3.1.2.1,0.517
growth_mom,2020-02-01,3.1.2.1,-0.823
growth_mom,2020-03-01,3.1.2.1,0.104
growth_mom,2020-04-01,3.1.2.1,0.725
growth_mom,2020-05-01,3.1.2.1,-0.617
growth_mom,2020-06-01,3.1.2.1,0.104
growth_mom,2020-07-01,3.1.2.1,0.103
growth_mom,2020-08-01,3.1.2.1,-0.517
growth_mom,2020-09-01,3.1.2.1,0.312
growth_mom,2020-10-01,3.1.2.1,-0.311
growth_mom,2020-11-01,3.1.2.1,-0.831
growth_mom,2020-12-01,3.1.2.1,0.628
growth_mom,2021-01-01,3.1.2.1,0.208
growth_mom,2021-02-01,3.1.2.1,-0.623
growth_mom,2021-03-01,3.1.2.1,0.0
growth_mom,2021-04-01,3.1.2.1,-0.522
growth_mom,2021-05-01,3.1.2.1,-0.315
growth_mom,2021-06-01,3.1.2.1,-0.105
growth_mom,2021-07-01,3.1.2.1,0.316
growth_mom,2021-08-01,3.1.2.1,0.631
growth_mom,2021-09-01,3.1.2.1,0.209
growth_mom,2021-10-01,3.1.2.1,0.626
growth_mom,2021-11-01,3.1.2.1,0.415
growth_mom,2021-12-01,3.1.2.1,-0.103
growth_mom,2022-01-01,3.1.2.1,0.62
growth_mom,2022-02-01,3.1.2.1,0.205
growth_mom,2022-03-01,3.1.2.1,0.41
growth_mom,2022-04-01,3.1.2.1,0.918
growth_mom,2022-05-01,3.1.2.1,0.506
growth_mom,2022-06-01,3.1.2.1,0.201
growth_mom,2022-07-01,3.1.2.1,0.602
growth_mom,2022-08-01,3.1.2.1,0.299
growth_mom,2022-09-01,3.1.2.1,0.299
growth_mom,2022-10-01,3.1.2.1,0.198
growth_mom,2022-11-01,3.1.2.1,0.693
growth_mom,2022-12-01,3.1.2.1,0.59
growth_mom,2023-01-01,3.1.2.1,0.391
growth_mom,2023-02-01,3.1.2.1,0.195
growth_mom,2023-03-01,3.1.2.1,0.389
growth_mom,2023-04-01,3.1.2.1,1.065
growth_mom,2023-05-01,3.1.2.1,1.437
growth_mom,2023-06-01,3.1.2.1,0.944
growth_mom,2023-07-01,3.1.2.1,0.0
growth_mom,2023-08-01,3.1.2.1,0.468
growth_mom,2023-09-01,3.1.2.1,-0.559
growth_mom,2023-10-01,3.1.2.1,0.375
growth_mom,2023-11-01,3.1.2.1,-0.373
growth_mom,2023-12-01,3.1.2.1,-0.281
growth_mom,2024-01-01,3.1.2.1,-0.282
growth_mom,2024-02-01,3.1.2.1,-0.471
growth_mom,2024-03-01,3.1.2.1,0.851
growth_mom,2024-04-01,3.1.2.1,-0.188
growth_mom,2024-05-01,3.1.2.1,-0.47
growth_mom,2024-06-01,3.1.2.1,-0.189
growth_mom,2024-07-01,3.1.2.1,-0.378
growth_mom,2024-08-01,3.1.2.1,0.38
growth_mom,2024-09-01,3.1.2.1,-0.189
growth_mom,2024-10-01,3.1.2.1,-0.095
growth_mom,2024-11-01,3.1.2.1,0.759
growth_mom,2024-12-01,3.1.2.1,-0.753
growth_mom,2025-01-01,3.1.2.1,-0.759
growth_mom,2025-02-01,3.1.2.1,-0.956
growth_mom,2025-03-01,3.1.2.1,0.483
growth_mom,2025-04-01,3.1.2.1,-0.384
growth_mom,2025-05-01,3.1.2.1,0.096
growth_mom,2025-06-01,3.1.2.1,-1.156
growth_mom,2025-07-01,3.1.2.1,0.78
growth_mom,2025-08-01,3.1.2.1,1.257
growth_mom,2025-09-01,3.1.2.1,-1.242
growth_mom,2025-10-01,3.1.2.1,0.0
growth_mom,2025-11-01,3.1.2.1,-0.29
growth_mom,2025-12-01,3.1.2.1,0.194
growth_mom,2026-01-01,3.1.2.1,0.678
growth_mom,2026-02-01,3.1.2.1,0.0
growth_mom,2026-03-01,3.1.2.1,-0.192
growth_mom,2026-04-01,3.1.2.1,-0.096
growth_mom,2026-05-01,3.1.2.1,0.289
growth_mom,2026-06-01,3.1.2.1,0.962
growth_mom,2026-07-01,3.1.2.1,0.476
abs,2015-01-01,3.1.2.2,107.7
abs,2015-02-01,3.1.2.2,107.9
abs,2015-03-01,3.1.2.2,108.2
abs,2015-04-01,3.1.2.2,108.4
abs,2015-05-01,3.1.2.2,108.8
abs,2015-06-01,3.1.2.2,109.1
abs,2015-07-01,3.1.2.2,109.2
abs,2015-08-01,3.1.2.2,109.4
abs,2015-09-01,3.1.2.2,109.6
abs,2015-10-01,3.1.2.2,109.7
abs,2015-11-01,3.1.2.2,110.0
abs,2015-12-01,3.1.2.2,110.4
abs,2016-01-01,3.1.2.2,110.4
abs,2016-02-01,3.1.2.2,110.3
abs,2016-03-01,3.1.2.2,109.9
abs,2016-04-01,3.1.2.2,110.3
abs,2016-05-01,3.1.2.2,110.5
abs,2016-06-01,3.1.2.2,110.4
abs,2016-07-01,3.1.2.2,110.3
abs,2016-08-01,3.1.2.2,111.2
abs,2016-09-01,3.1.2.2,111.6
abs,2016-10-01,3.1.2.2,111.5
abs,2016-11-01,3.1.2.2,110.7
abs,2016-12-01,3.1.2.2,111.1
abs,2017-01-01,3.1.2.2,111.3
abs,2017-02-01,3.1.2.2,111.5
abs,2017-03-01,3.1.2.2,112.0
abs,2017-04-01,3.1.2.2,112.1
abs,2017-05-01,3.1.2.2,111.9
abs,2017-06-01,3.1.2.2,112.4
abs,2017-07-01,3.1.2.2,112.8
abs,2017-08-01,3.1.2.2,113.4
abs,2017-09-01,3.1.2.2,113.5
abs,2017-10-01,3.1.2.2,113.2
abs,2017-11-01,3.1.2.2,112.7
abs,2017-12-01,3.1.2.2,113.3
abs,2018-01-01,3.1.2.2,113.4
abs,2018-02-01,3.1.2.2,112.6
abs,2018-03-01,3.1.2.2,111.9
abs,2018-04-01,3.1.2.2,111.8
abs,2018-05-01,3.1.2.2,112.3
abs,2018-06-01,3.1.2.2,111.8
abs,2018-07-01,3.1.2.2,111.8
abs,2018-08-01,3.1.2.2,111.4
abs,2018-09-01,3.1.2.2,111.7
abs,2018-10-01,3.1.2.2,111.9
abs,2018-11-01,3.1.2.2,111.7
abs,2018-12-01,3.1.2.2,112.1
abs,2019-01-01,3.1.2.2,112.4
abs,2019-02-01,3.1.2.2,112.3
abs,2019-03-01,3.1.2.2,112.5
abs,2019-04-01,3.1.2.2,112.5
abs,2019-05-01,3.1.2.2,112.6
abs,2019-06-01,3.1.2.2,112.5
abs,2019-07-01,3.1.2.2,112.1
abs,2019-08-01,3.1.2.2,112.2
abs,2019-09-01,3.1.2.2,112.3
abs,2019-10-01,3.1.2.2,112.2
abs,2019-11-01,3.1.2.2,112.2
abs,2019-12-01,3.1.2.2,112.3
abs,2020-01-01,3.1.2.2,112.1
abs,2020-02-01,3.1.2.2,111.5
abs,2020-03-01,3.1.2.2,111.5
abs,2020-04-01,3.1.2.2,111.6
abs,2020-05-01,3.1.2.2,111.8
abs,2020-06-01,3.1.2.2,111.6
abs,2020-07-01,3.1.2.2,110.8
abs,2020-08-01,3.1.2.2,111.0
abs,2020-09-01,3.1.2.2,110.9
abs,2020-10-01,3.1.2.2,110.8
abs,2020-11-01,3.1.2.2,111.2
abs,2020-12-01,3.1.2.2,111.6
abs,2021-01-01,3.1.2.2,111.2
abs,2021-02-01,3.1.2.2,112.1
abs,2021-03-01,3.1.2.2,111.3
abs,2021-04-01,3.1.2.2,110.6
abs,2021-05-01,3.1.2.2,111.2
abs,2021-06-01,3.1.2.2,111.8
abs,2021-07-01,3.1.2.2,111.6
abs,2021-08-01,3.1.2.2,112.3
abs,2021-09-01,3.1.2.2,112.8
abs,2021-10-01,3.1.2.2,112.7
abs,2021-11-01,3.1.2.2,113.1
abs,2021-12-01,3.1.2.2,113.3
abs,2022-01-01,3.1.2.2,114.3
abs,2022-02-01,3.1.2.2,115.4
abs,2022-03-01,3.1.2.2,115.2
abs,2022-04-01,3.1.2.2,115.6
abs,2022-05-01,3.1.2.2,116.3
abs,2022-06-01,3.1.2.2,116.3
abs,2022-07-01,3.1.2.2,116.3
abs,2022-08-01,3.1.2.2,116.5
abs,2022-09-01,3.1.2.2,116.0
abs,2022-10-01,3.1.2.2,115.6
abs,2022-11-01,3.1.2.2,115.5
abs,2022-12-01,3.1.2.2,116.2
abs,2023-01-01,3.1.2.2,116.2
abs,2023-02-01,3.1.2.2,115.3
abs,2023-03-01,3.1.2.2,114.7
abs,2023-04-01,3.1.2.2,114.6
abs,2023-05-01,3.1.2.2,114.9
abs,2023-06-01,3.1.2.2,115.6
abs,2023-07-01,3.1.2.2,116.3
abs,2023-08-01,3.1.2.2,116.6
abs,2023-09-01,3.1.2.2,117.1
abs,2023-10-01,3.1.2.2,117.3
abs,2023-11-01,3.1.2.2,117.5
abs,2023-12-01,3.1.2.2,117.2
abs,2024-01-01,3.1.2.2,118.0
abs,2024-02-01,3.1.2.2,117.6
abs,2024-03-01,3.1.2.2,118.3
abs,2024-04-01,3.1.2.2,118.4
abs,2024-05-01,3.1.2.2,119.0
abs,2024-06-01,3.1.2.2,118.1
abs,2024-07-01,3.1.2.2,117.5
abs,2024-08-01,3.1.2.2,117.8
abs,2024-09-01,3.1.2.2,117.8
abs,2024-10-01,3.1.2.2,117.3
abs,2024-11-01,3.1.2.2,116.5
abs,2024-12-01,3.1.2.2,117.0
abs,2025-01-01,3.1.2.2,116.6
abs,2025-02-01,3.1.2.2,116.1
abs,2025-03-01,3.1.2.2,116.3
abs,2025-04-01,3.1.2.2,116.0
abs,2025-05-01,3.1.2.2,116.0
abs,2025-06-01,3.1.2.2,115.9
abs,2025-07-01,3.1.2.2,116.4
abs,2025-08-01,3.1.2.2,116.4
abs,2025-09-01,3.1.2.2,116.7
abs,2025-10-01,3.1.2.2,116.7
abs,2025-11-01,3.1.2.2,116.9
abs,2025-12-01,3.1.2.2,116.5
abs,2026-01-01,3.1.2.2,116.4
abs,2026-02-01,3.1.2.2,116.0
abs,2026-03-01,3.1.2.2,117.0
abs,2026-04-01,3.1.2.2,118.6
abs,2026-05-01,3.1.2.2,118.8
abs,2026-06-01,3.1.2.2,119.4
abs,2026-07-01,3.1.2.2,119.7
growth_yoy,2016-01-01,3.1.2.2,2.507
growth_yoy,2016-02-01,3.1.2.2,2.224
growth_yoy,2016-03-01,3.1.2.2,1.571
growth_yoy,2016-04-01,3.1.2.2,1.753
growth_yoy,2016-05-01,3.1.2.2,1.562
growth_yoy,2016-06-01,3.1.2.2,1.192
growth_yoy,2016-07-01,3.1.2.2,1.007
growth_yoy,2016-08-01,3.1.2.2,1.645
growth_yoy,2016-09-01,3.1.2.2,1.825
growth_yoy,2016-10-01,3.1.2.2,1.641
growth_yoy,2016-11-01,3.1.2.2,0.636
growth_yoy,2016-12-01,3.1.2.2,0.634
growth_yoy,2017-01-01,3.1.2.2,0.815
growth_yoy,2017-02-01,3.1.2.2,1.088
growth_yoy,2017-03-01,3.1.2.2,1.911
growth_yoy,2017-04-01,3.1.2.2,1.632
growth_yoy,2017-05-01,3.1.2.2,1.267
growth_yoy,2017-06-01,3.1.2.2,1.812
growth_yoy,2017-07-01,3.1.2.2,2.267
growth_yoy,2017-08-01,3.1.2.2,1.978
growth_yoy,2017-09-01,3.1.2.2,1.703
growth_yoy,2017-10-01,3.1.2.2,1.525
growth_yoy,2017-11-01,3.1.2.2,1.807
growth_yoy,2017-12-01,3.1.2.2,1.98
growth_yoy,2018-01-01,3.1.2.2,1.887
growth_yoy,2018-02-01,3.1.2.2,0.987
growth_yoy,2018-03-01,3.1.2.2,-0.089
growth_yoy,2018-04-01,3.1.2.2,-0.268
growth_yoy,2018-05-01,3.1.2.2,0.357
growth_yoy,2018-06-01,3.1.2.2,-0.534
growth_yoy,2018-07-01,3.1.2.2,-0.887
growth_yoy,2018-08-01,3.1.2.2,-1.764
growth_yoy,2018-09-01,3.1.2.2,-1.586
growth_yoy,2018-10-01,3.1.2.2,-1.148
growth_yoy,2018-11-01,3.1.2.2,-0.887
growth_yoy,2018-12-01,3.1.2.2,-1.059
growth_yoy,2019-01-01,3.1.2.2,-0.882
growth_yoy,2019-02-01,3.1.2.2,-0.266
growth_yoy,2019-03-01,3.1.2.2,0.536
growth_yoy,2019-04-01,3.1.2.2,0.626
growth_yoy,2019-05-01,3.1.2.2,0.267
growth_yoy,2019-06-01,3.1.2.2,0.626
growth_yoy,2019-07-01,3.1.2.2,0.268
growth_yoy,2019-08-01,3.1.2.2,0.718
growth_yoy,2019-09-01,3.1.2.2,0.537
growth_yoy,2019-10-01,3.1.2.2,0.268
growth_yoy,2019-11-01,3.1.2.2,0.448
growth_yoy,2019-12-01,3.1.2.2,0.178
growth_yoy,2020-01-01,3.1.2.2,-0.267
growth_yoy,2020-02-01,3.1.2.2,-0.712
growth_yoy,2020-03-01,3.1.2.2,-0.889
growth_yoy,2020-04-01,3.1.2.2,-0.8
growth_yoy,2020-05-01,3.1.2.2,-0.71
growth_yoy,2020-06-01,3.1.2.2,-0.8
growth_yoy,2020-07-01,3.1.2.2,-1.16
growth_yoy,2020-08-01,3.1.2.2,-1.07
growth_yoy,2020-09-01,3.1.2.2,-1.247
growth_yoy,2020-10-01,3.1.2.2,-1.248
growth_yoy,2020-11-01,3.1.2.2,-0.891
growth_yoy,2020-12-01,3.1.2.2,-0.623
growth_yoy,2021-01-01,3.1.2.2,-0.803
growth_yoy,2021-02-01,3.1.2.2,0.538
growth_yoy,2021-03-01,3.1.2.2,-0.179
growth_yoy,2021-04-01,3.1.2.2,-0.896
growth_yoy,2021-05-01,3.1.2.2,-0.537
growth_yoy,2021-06-01,3.1.2.2,0.179
growth_yoy,2021-07-01,3.1.2.2,0.722
growth_yoy,2021-08-01,3.1.2.2,1.171
growth_yoy,2021-09-01,3.1.2.2,1.713
growth_yoy,2021-10-01,3.1.2.2,1.715
growth_yoy,2021-11-01,3.1.2.2,1.709
growth_yoy,2021-12-01,3.1.2.2,1.523
growth_yoy,2022-01-01,3.1.2.2,2.788
growth_yoy,2022-02-01,3.1.2.2,2.944
growth_yoy,2022-03-01,3.1.2.2,3.504
growth_yoy,2022-04-01,3.1.2.2,4.521
growth_yoy,2022-05-01,3.1.2.2,4.586
growth_yoy,2022-06-01,3.1.2.2,4.025
growth_yoy,2022-07-01,3.1.2.2,4.211
growth_yoy,2022-08-01,3.1.2.2,3.74
growth_yoy,2022-09-01,3.1.2.2,2.837
growth_yoy,2022-10-01,3.1.2.2,2.573
growth_yoy,2022-11-01,3.1.2.2,2.122
growth_yoy,2022-12-01,3.1.2.2,2.56
growth_yoy,2023-01-01,3.1.2.2,1.662
growth_yoy,2023-02-01,3.1.2.2,-0.087
growth_yoy,2023-03-01,3.1.2.2,-0.434
growth_yoy,2023-04-01,3.1.2.2,-0.865
growth_yoy,2023-05-01,3.1.2.2,-1.204
growth_yoy,2023-06-01,3.1.2.2,-0.602
growth_yoy,2023-07-01,3.1.2.2,0.0
growth_yoy,2023-08-01,3.1.2.2,0.086
growth_yoy,2023-09-01,3.1.2.2,0.948
growth_yoy,2023-10-01,3.1.2.2,1.471
growth_yoy,2023-11-01,3.1.2.2,1.732
growth_yoy,2023-12-01,3.1.2.2,0.861
growth_yoy,2024-01-01,3.1.2.2,1.549
growth_yoy,2024-02-01,3.1.2.2,1.995
growth_yoy,2024-03-01,3.1.2.2,3.139
growth_yoy,2024-04-01,3.1.2.2,3.316
growth_yoy,2024-05-01,3.1.2.2,3.568
growth_yoy,2024-06-01,3.1.2.2,2.163
growth_yoy,2024-07-01,3.1.2.2,1.032
growth_yoy,2024-08-01,3.1.2.2,1.029
growth_yoy,2024-09-01,3.1.2.2,0.598
growth_yoy,2024-10-01,3.1.2.2,0.0
growth_yoy,2024-11-01,3.1.2.2,-0.851
growth_yoy,2024-12-01,3.1.2.2,-0.171
growth_yoy,2025-01-01,3.1.2.2,-1.186
growth_yoy,2025-02-01,3.1.2.2,-1.276
growth_yoy,2025-03-01,3.1.2.2,-1.691
growth_yoy,2025-04-01,3.1.2.2,-2.027
growth_yoy,2025-05-01,3.1.2.2,-2.521
growth_yoy,2025-06-01,3.1.2.2,-1.863
growth_yoy,2025-07-01,3.1.2.2,-0.936
growth_yoy,2025-08-01,3.1.2.2,-1.188
growth_yoy,2025-09-01,3.1.2.2,-0.934
growth_yoy,2025-10-01,3.1.2.2,-0.512
growth_yoy,2025-11-01,3.1.2.2,0.343
growth_yoy,2025-12-01,3.1.2.2,-0.427
growth_yoy,2026-01-01,3.1.2.2,-0.172
growth_yoy,2026-02-01,3.1.2.2,-0.086
growth_yoy,2026-03-01,3.1.2.2,0.602
growth_yoy,2026-04-01,3.1.2.2,2.241
growth_yoy,2026-05-01,3.1.2.2,2.414
growth_yoy,2026-06-01,3.1.2.2,3.02
growth_yoy,2026-07-01,3.1.2.2,2.835
growth_mom,2015-02-01,3.1.2.2,0.186
growth_mom,2015-03-01,3.1.2.2,0.278
growth_mom,2015-04-01,3.1.2.2,0.185
growth_mom,2015-05-01,3.1.2.2,0.369
growth_mom,2015-06-01,3.1.2.2,0.276
growth_mom,2015-07-01,3.1.2.2,0.092
growth_mom,2015-08-01,3.1.2.2,0.183
growth_mom,2015-09-01,3.1.2.2,0.183
growth_mom,2015-10-01,3.1.2.2,0.091
growth_mom,2015-11-01,3.1.2.2,0.273
growth_mom,2015-12-01,3.1.2.2,0.364
growth_mom,2016-01-01,3.1.2.2,0.0
growth_mom,2016-02-01,3.1.2.2,-0.091
growth_mom,2016-03-01,3.1.2.2,-0.363
growth_mom,2016-04-01,3.1.2.2,0.364
growth_mom,2016-05-01,3.1.2.2,0.181
growth_mom,2016-06-01,3.1.2.2,-0.09
growth_mom,2016-07-01,3.1.2.2,-0.091
growth_mom,2016-08-01,3.1.2.2,0.816
growth_mom,2016-09-01,3.1.2.2,0.36
growth_mom,2016-10-01,3.1.2.2,-0.09
growth_mom,2016-11-01,3.1.2.2,-0.717
growth_mom,2016-12-01,3.1.2.2,0.361
growth_mom,2017-01-01,3.1.2.2,0.18
growth_mom,2017-02-01,3.1.2.2,0.18
growth_mom,2017-03-01,3.1.2.2,0.448
growth_mom,2017-04-01,3.1.2.2,0.089
growth_mom,2017-05-01,3.1.2.2,-0.178
growth_mom,2017-06-01,3.1.2.2,0.447
growth_mom,2017-07-01,3.1.2.2,0.356
growth_mom,2017-08-01,3.1.2.2,0.532
growth_mom,2017-09-01,3.1.2.2,0.088
growth_mom,2017-10-01,3.1.2.2,-0.264
growth_mom,2017-11-01,3.1.2.2,-0.442
growth_mom,2017-12-01,3.1.2.2,0.532
growth_mom,2018-01-01,3.1.2.2,0.088
growth_mom,2018-02-01,3.1.2.2,-0.705
growth_mom,2018-03-01,3.1.2.2,-0.622
growth_mom,2018-04-01,3.1.2.2,-0.089
growth_mom,2018-05-01,3.1.2.2,0.447
growth_mom,2018-06-01,3.1.2.2,-0.445
growth_mom,2018-07-01,3.1.2.2,0.0
growth_mom,2018-08-01,3.1.2.2,-0.358
growth_mom,2018-09-01,3.1.2.2,0.269
growth_mom,2018-10-01,3.1.2.2,0.179
growth_mom,2018-11-01,3.1.2.2,-0.179
growth_mom,2018-12-01,3.1.2.2,0.358
growth_mom,2019-01-01,3.1.2.2,0.268
growth_mom,2019-02-01,3.1.2.2,-0.089
growth_mom,2019-03-01,3.1.2.2,0.178
growth_mom,2019-04-01,3.1.2.2,0.0
growth_mom,2019-05-01,3.1.2.2,0.089
growth_mom,2019-06-01,3.1.2.2,-0.089
growth_mom,2019-07-01,3.1.2.2,-0.356
growth_mom,2019-08-01,3.1.2.2,0.089
growth_mom,2019-09-01,3.1.2.2,0.089
growth_mom,2019-10-01,3.1.2.2,-0.089
growth_mom,2019-11-01,3.1.2.2,0.0
growth_mom,2019-12-01,3.1.2.2,0.089
growth_mom,2020-01-01,3.1.2.2,-0.178
growth_mom,2020-02-01,3.1.2.2,-0.535
growth_mom,2020-03-01,3.1.2.2,0.0
growth_mom,2020-04-01,3.1.2.2,0.09
growth_mom,2020-05-01,3.1.2.2,0.179
growth_mom,2020-06-01,3.1.2.2,-0.179
growth_mom,2020-07-01,3.1.2.2,-0.717
growth_mom,2020-08-01,3.1.2.2,0.181
growth_mom,2020-09-01,3.1.2.2,-0.09
growth_mom,2020-10-01,3.1.2.2,-0.09
growth_mom,2020-11-01,3.1.2.2,0.361
growth_mom,2020-12-01,3.1.2.2,0.36
growth_mom,2021-01-01,3.1.2.2,-0.358
growth_mom,2021-02-01,3.1.2.2,0.809
growth_mom,2021-03-01,3.1.2.2,-0.714
growth_mom,2021-04-01,3.1.2.2,-0.629
growth_mom,2021-05-01,3.1.2.2,0.542
growth_mom,2021-06-01,3.1.2.2,0.54
growth_mom,2021-07-01,3.1.2.2,-0.179
growth_mom,2021-08-01,3.1.2.2,0.627
growth_mom,2021-09-01,3.1.2.2,0.445
growth_mom,2021-10-01,3.1.2.2,-0.089
growth_mom,2021-11-01,3.1.2.2,0.355
growth_mom,2021-12-01,3.1.2.2,0.177
growth_mom,2022-01-01,3.1.2.2,0.883
growth_mom,2022-02-01,3.1.2.2,0.962
growth_mom,2022-03-01,3.1.2.2,-0.173
growth_mom,2022-04-01,3.1.2.2,0.347
growth_mom,2022-05-01,3.1.2.2,0.606
growth_mom,2022-06-01,3.1.2.2,0.0
growth_mom,2022-07-01,3.1.2.2,0.0
growth_mom,2022-08-01,3.1.2.2,0.172
growth_mom,2022-09-01,3.1.2.2,-0.429
growth_mom,2022-10-01,3.1.2.2,-0.345
growth_mom,2022-11-01,3.1.2.2,-0.087
growth_mom,2022-12-01,3.1.2.2,0.606
growth_mom,2023-01-01,3.1.2.2,0.0
growth_mom,2023-02-01,3.1.2.2,-0.775
growth_mom,2023-03-01,3.1.2.2,-0.52
growth_mom,2023-04-01,3.1.2.2,-0.087
growth_mom,2023-05-01,3.1.2.2,0.262
growth_mom,2023-06-01,3.1.2.2,0.609
growth_mom,2023-07-01,3.1.2.2,0.606
growth_mom,2023-08-01,3.1.2.2,0.258
growth_mom,2023-09-01,3.1.2.2,0.429
growth_mom,2023-10-01,3.1.2.2,0.171
growth_mom,2023-11-01,3.1.2.2,0.171
growth_mom,2023-12-01,3.1.2.2,-0.255
growth_mom,2024-01-01,3.1.2.2,0.683
growth_mom,2024-02-01,3.1.2.2,-0.339
growth_mom,2024-03-01,3.1.2.2,0.595
growth_mom,2024-04-01,3.1.2.2,0.085
growth_mom,2024-05-01,3.1.2.2,0.507
growth_mom,2024-06-01,3.1.2.2,-0.756
growth_mom,2024-07-01,3.1.2.2,-0.508
growth_mom,2024-08-01,3.1.2.2,0.255
growth_mom,2024-09-01,3.1.2.2,0.0
growth_mom,2024-10-01,3.1.2.2,-0.424
growth_mom,2024-11-01,3.1.2.2,-0.682
growth_mom,2024-12-01,3.1.2.2,0.429
growth_mom,2025-01-01,3.1.2.2,-0.342
growth_mom,2025-02-01,3.1.2.2,-0.429
growth_mom,2025-03-01,3.1.2.2,0.172
growth_mom,2025-04-01,3.1.2.2,-0.258
growth_mom,2025-05-01,3.1.2.2,0.0
growth_mom,2025-06-01,3.1.2.2,-0.086
growth_mom,2025-07-01,3.1.2.2,0.431
growth_mom,2025-08-01,3.1.2.2,0.0
growth_mom,2025-09-01,3.1.2.2,0.258
growth_mom,2025-10-01,3.1.2.2,0.0
growth_mom,2025-11-01,3.1.2.2,0.171
growth_mom,2025-12-01,3.1.2.2,-0.342
growth_mom,2026-01-01,3.1.2.2,-0.086
growth_mom,2026-02-01,3.1.2.2,-0.344
growth_mom,2026-03-01,3.1.2.2,0.862
growth_mom,2026-04-01,3.1.2.2,1.368
growth_mom,2026-05-01,3.1.2.2,0.169
growth_mom,2026-06-01,3.1.2.2,0.505
growth_mom,2026-07-01,3.1.2.2,0.251
abs,2015-01-01,3.1.2.3,103.4
abs,2015-02-01,3.1.2.3,103.2
abs,2015-03-01,3.1.2.3,103.4
abs,2015-04-01,3.1.2.3,103.6
abs,2015-05-01,3.1.2.3,103.4
abs,2015-06-01,3.1.2.3,104.0
abs,2015-07-01,3.1.2.3,104.6
abs,2015-08-01,3.1.2.3,104.5
abs,2015-09-01,3.1.2.3,105.0
abs,2015-10-01,3.1.2.3,104.7
abs,2015-11-01,3.1.2.3,104.6
abs,2015-12-01,3.1.2.3,104.7
abs,2016-01-01,3.1.2.3,104.7
abs,2016-02-01,3.1.2.3,104.1
abs,2016-03-01,3.1.2.3,103.8
abs,2016-04-01,3.1.2.3,103.8
abs,2016-05-01,3.1.2.3,104.3
abs,2016-06-01,3.1.2.3,104.6
abs,2016-07-01,3.1.2.3,104.1
abs,2016-08-01,3.1.2.3,104.3
abs,2016-09-01,3.1.2.3,104.6
abs,2016-10-01,3.1.2.3,104.7
abs,2016-11-01,3.1.2.3,104.4
abs,2016-12-01,3.1.2.3,104.1
abs,2017-01-01,3.1.2.3,105.8
abs,2017-02-01,3.1.2.3,106.9
abs,2017-03-01,3.1.2.3,107.1
abs,2017-04-01,3.1.2.3,107.6
abs,2017-05-01,3.1.2.3,107.1
abs,2017-06-01,3.1.2.3,107.0
abs,2017-07-01,3.1.2.3,106.7
abs,2017-08-01,3.1.2.3,106.4
abs,2017-09-01,3.1.2.3,106.7
abs,2017-10-01,3.1.2.3,106.2
abs,2017-11-01,3.1.2.3,105.8
abs,2017-12-01,3.1.2.3,105.9
abs,2018-01-01,3.1.2.3,104.8
abs,2018-02-01,3.1.2.3,104.7
abs,2018-03-01,3.1.2.3,104.1
abs,2018-04-01,3.1.2.3,104.1
abs,2018-05-01,3.1.2.3,103.3
abs,2018-06-01,3.1.2.3,103.5
abs,2018-07-01,3.1.2.3,103.7
abs,2018-08-01,3.1.2.3,103.3
abs,2018-09-01,3.1.2.3,103.4
abs,2018-10-01,3.1.2.3,103.5
abs,2018-11-01,3.1.2.3,103.3
abs,2018-12-01,3.1.2.3,102.9
abs,2019-01-01,3.1.2.3,103.1
abs,2019-02-01,3.1.2.3,102.5
abs,2019-03-01,3.1.2.3,102.1
abs,2019-04-01,3.1.2.3,101.7
abs,2019-05-01,3.1.2.3,101.8
abs,2019-06-01,3.1.2.3,101.9
abs,2019-07-01,3.1.2.3,101.9
abs,2019-08-01,3.1.2.3,102.0
abs,2019-09-01,3.1.2.3,102.1
abs,2019-10-01,3.1.2.3,102.0
abs,2019-11-01,3.1.2.3,101.8
abs,2019-12-01,3.1.2.3,102.2
abs,2020-01-01,3.1.2.3,102.2
abs,2020-02-01,3.1.2.3,102.1
abs,2020-03-01,3.1.2.3,102.1
abs,2020-04-01,3.1.2.3,101.9
abs,2020-05-01,3.1.2.3,101.5
abs,2020-06-01,3.1.2.3,101.3
abs,2020-07-01,3.1.2.3,102.0
abs,2020-08-01,3.1.2.3,102.0
abs,2020-09-01,3.1.2.3,102.5
abs,2020-10-01,3.1.2.3,103.7
abs,2020-11-01,3.1.2.3,104.9
abs,2020-12-01,3.1.2.3,105.9
abs,2021-01-01,3.1.2.3,106.8
abs,2021-02-01,3.1.2.3,107.7
abs,2021-03-01,3.1.2.3,108.2
abs,2021-04-01,3.1.2.3,108.1
abs,2021-05-01,3.1.2.3,108.4
abs,2021-06-01,3.1.2.3,108.5
abs,2021-07-01,3.1.2.3,108.1
abs,2021-08-01,3.1.2.3,107.7
abs,2021-09-01,3.1.2.3,107.9
abs,2021-10-01,3.1.2.3,106.9
abs,2021-11-01,3.1.2.3,106.7
abs,2021-12-01,3.1.2.3,106.2
abs,2022-01-01,3.1.2.3,105.8
abs,2022-02-01,3.1.2.3,106.2
abs,2022-03-01,3.1.2.3,106.3
abs,2022-04-01,3.1.2.3,106.0
abs,2022-05-01,3.1.2.3,106.4
abs,2022-06-01,3.1.2.3,106.8
abs,2022-07-01,3.1.2.3,106.8
abs,2022-08-01,3.1.2.3,107.5
abs,2022-09-01,3.1.2.3,106.7
abs,2022-10-01,3.1.2.3,107.8
abs,2022-11-01,3.1.2.3,107.8
abs,2022-12-01,3.1.2.3,107.1
abs,2023-01-01,3.1.2.3,107.7
abs,2023-02-01,3.1.2.3,107.7
abs,2023-03-01,3.1.2.3,106.7
abs,2023-04-01,3.1.2.3,107.3
abs,2023-05-01,3.1.2.3,106.4
abs,2023-06-01,3.1.2.3,106.1
abs,2023-07-01,3.1.2.3,105.8
abs,2023-08-01,3.1.2.3,106.3
abs,2023-09-01,3.1.2.3,106.1
abs,2023-10-01,3.1.2.3,106.2
abs,2023-11-01,3.1.2.3,105.4
abs,2023-12-01,3.1.2.3,105.1
abs,2024-01-01,3.1.2.3,103.8
abs,2024-02-01,3.1.2.3,103.0
abs,2024-03-01,3.1.2.3,102.5
abs,2024-04-01,3.1.2.3,103.4
abs,2024-05-01,3.1.2.3,103.5
abs,2024-06-01,3.1.2.3,102.3
abs,2024-07-01,3.1.2.3,102.3
abs,2024-08-01,3.1.2.3,101.9
abs,2024-09-01,3.1.2.3,102.1
abs,2024-10-01,3.1.2.3,101.5
abs,2024-11-01,3.1.2.3,101.4
abs,2024-12-01,3.1.2.3,101.9
abs,2025-01-01,3.1.2.3,101.6
abs,2025-02-01,3.1.2.3,100.9
abs,2025-03-01,3.1.2.3,100.4
abs,2025-04-01,3.1.2.3,101.0
abs,2025-05-01,3.1.2.3,100.7
abs,2025-06-01,3.1.2.3,101.5
abs,2025-07-01,3.1.2.3,101.9
abs,2025-08-01,3.1.2.3,100.8
abs,2025-09-01,3.1.2.3,100.7
abs,2025-10-01,3.1.2.3,100.7
abs,2025-11-01,3.1.2.3,100.7
abs,2025-12-01,3.1.2.3,101.0
abs,2026-01-01,3.1.2.3,101.2
abs,2026-02-01,3.1.2.3,101.4
abs,2026-03-01,3.1.2.3,101.4
abs,2026-04-01,3.1.2.3,101.5
abs,2026-05-01,3.1.2.3,102.2
abs,2026-06-01,3.1.2.3,103.2
abs,2026-07-01,3.1.2.3,103.3
growth_yoy,2016-01-01,3.1.2.3,1.257
growth_yoy,2016-02-01,3.1.2.3,0.872
growth_yoy,2016-03-01,3.1.2.3,0.387
growth_yoy,2016-04-01,3.1.2.3,0.193
growth_yoy,2016-05-01,3.1.2.3,0.87
growth_yoy,2016-06-01,3.1.2.3,0.577
growth_yoy,2016-07-01,3.1.2.3,-0.478
growth_yoy,2016-08-01,3.1.2.3,-0.191
growth_yoy,2016-09-01,3.1.2.3,-0.381
growth_yoy,2016-10-01,3.1.2.3,0.0
growth_yoy,2016-11-01,3.1.2.3,-0.191
growth_yoy,2016-12-01,3.1.2.3,-0.573
growth_yoy,2017-01-01,3.1.2.3,1.051
growth_yoy,2017-02-01,3.1.2.3,2.69
growth_yoy,2017-03-01,3.1.2.3,3.179
growth_yoy,2017-04-01,3.1.2.3,3.661
growth_yoy,2017-05-01,3.1.2.3,2.685
growth_yoy,2017-06-01,3.1.2.3,2.294
growth_yoy,2017-07-01,3.1.2.3,2.498
growth_yoy,2017-08-01,3.1.2.3,2.013
growth_yoy,2017-09-01,3.1.2.3,2.008
growth_yoy,2017-10-01,3.1.2.3,1.433
growth_yoy,2017-11-01,3.1.2.3,1.341
growth_yoy,2017-12-01,3.1.2.3,1.729
growth_yoy,2018-01-01,3.1.2.3,-0.945
growth_yoy,2018-02-01,3.1.2.3,-2.058
growth_yoy,2018-03-01,3.1.2.3,-2.801
growth_yoy,2018-04-01,3.1.2.3,-3.253
growth_yoy,2018-05-01,3.1.2.3,-3.548
growth_yoy,2018-06-01,3.1.2.3,-3.271
growth_yoy,2018-07-01,3.1.2.3,-2.812
growth_yoy,2018-08-01,3.1.2.3,-2.914
growth_yoy,2018-09-01,3.1.2.3,-3.093
growth_yoy,2018-10-01,3.1.2.3,-2.542
growth_yoy,2018-11-01,3.1.2.3,-2.363
growth_yoy,2018-12-01,3.1.2.3,-2.833
growth_yoy,2019-01-01,3.1.2.3,-1.622
growth_yoy,2019-02-01,3.1.2.3,-2.101
growth_yoy,2019-03-01,3.1.2.3,-1.921
growth_yoy,2019-04-01,3.1.2.3,-2.305
growth_yoy,2019-05-01,3.1.2.3,-1.452
growth_yoy,2019-06-01,3.1.2.3,-1.546
growth_yoy,2019-07-01,3.1.2.3,-1.736
growth_yoy,2019-08-01,3.1.2.3,-1.258
growth_yoy,2019-09-01,3.1.2.3,-1.257
growth_yoy,2019-10-01,3.1.2.3,-1.449
growth_yoy,2019-11-01,3.1.2.3,-1.452
growth_yoy,2019-12-01,3.1.2.3,-0.68
growth_yoy,2020-01-01,3.1.2.3,-0.873
growth_yoy,2020-02-01,3.1.2.3,-0.39
growth_yoy,2020-03-01,3.1.2.3,0.0
growth_yoy,2020-04-01,3.1.2.3,0.197
growth_yoy,2020-05-01,3.1.2.3,-0.295
growth_yoy,2020-06-01,3.1.2.3,-0.589
growth_yoy,2020-07-01,3.1.2.3,0.098
growth_yoy,2020-08-01,3.1.2.3,0.0
growth_yoy,2020-09-01,3.1.2.3,0.392
growth_yoy,2020-10-01,3.1.2.3,1.667
growth_yoy,2020-11-01,3.1.2.3,3.045
growth_yoy,2020-12-01,3.1.2.3,3.62
growth_yoy,2021-01-01,3.1.2.3,4.501
growth_yoy,2021-02-01,3.1.2.3,5.485
growth_yoy,2021-03-01,3.1.2.3,5.975
growth_yoy,2021-04-01,3.1.2.3,6.084
growth_yoy,2021-05-01,3.1.2.3,6.798
growth_yoy,2021-06-01,3.1.2.3,7.108
growth_yoy,2021-07-01,3.1.2.3,5.98
growth_yoy,2021-08-01,3.1.2.3,5.588
growth_yoy,2021-09-01,3.1.2.3,5.268
growth_yoy,2021-10-01,3.1.2.3,3.086
growth_yoy,2021-11-01,3.1.2.3,1.716
growth_yoy,2021-12-01,3.1.2.3,0.283
growth_yoy,2022-01-01,3.1.2.3,-0.936
growth_yoy,2022-02-01,3.1.2.3,-1.393
growth_yoy,2022-03-01,3.1.2.3,-1.756
growth_yoy,2022-04-01,3.1.2.3,-1.943
growth_yoy,2022-05-01,3.1.2.3,-1.845
growth_yoy,2022-06-01,3.1.2.3,-1.567
growth_yoy,2022-07-01,3.1.2.3,-1.203
growth_yoy,2022-08-01,3.1.2.3,-0.186
growth_yoy,2022-09-01,3.1.2.3,-1.112
growth_yoy,2022-10-01,3.1.2.3,0.842
growth_yoy,2022-11-01,3.1.2.3,1.031
growth_yoy,2022-12-01,3.1.2.3,0.847
growth_yoy,2023-01-01,3.1.2.3,1.796
growth_yoy,2023-02-01,3.1.2.3,1.412
growth_yoy,2023-03-01,3.1.2.3,0.376
growth_yoy,2023-04-01,3.1.2.3,1.226
growth_yoy,2023-05-01,3.1.2.3,0.0
growth_yoy,2023-06-01,3.1.2.3,-0.655
growth_yoy,2023-07-01,3.1.2.3,-0.936
growth_yoy,2023-08-01,3.1.2.3,-1.116
growth_yoy,2023-09-01,3.1.2.3,-0.562
growth_yoy,2023-10-01,3.1.2.3,-1.484
growth_yoy,2023-11-01,3.1.2.3,-2.226
growth_yoy,2023-12-01,3.1.2.3,-1.867
growth_yoy,2024-01-01,3.1.2.3,-3.621
growth_yoy,2024-02-01,3.1.2.3,-4.364
growth_yoy,2024-03-01,3.1.2.3,-3.936
growth_yoy,2024-04-01,3.1.2.3,-3.635
growth_yoy,2024-05-01,3.1.2.3,-2.726
growth_yoy,2024-06-01,3.1.2.3,-3.582
growth_yoy,2024-07-01,3.1.2.3,-3.308
growth_yoy,2024-08-01,3.1.2.3,-4.139
growth_yoy,2024-09-01,3.1.2.3,-3.77
growth_yoy,2024-10-01,3.1.2.3,-4.426
growth_yoy,2024-11-01,3.1.2.3,-3.795
growth_yoy,2024-12-01,3.1.2.3,-3.045
growth_yoy,2025-01-01,3.1.2.3,-2.119
growth_yoy,2025-02-01,3.1.2.3,-2.039
growth_yoy,2025-03-01,3.1.2.3,-2.049
growth_yoy,2025-04-01,3.1.2.3,-2.321
growth_yoy,2025-05-01,3.1.2.3,-2.705
growth_yoy,2025-06-01,3.1.2.3,-0.782
growth_yoy,2025-07-01,3.1.2.3,-0.391
growth_yoy,2025-08-01,3.1.2.3,-1.079
growth_yoy,2025-09-01,3.1.2.3,-1.371
growth_yoy,2025-10-01,3.1.2.3,-0.788
growth_yoy,2025-11-01,3.1.2.3,-0.69
growth_yoy,2025-12-01,3.1.2.3,-0.883
growth_yoy,2026-01-01,3.1.2.3,-0.394
growth_yoy,2026-02-01,3.1.2.3,0.496
growth_yoy,2026-03-01,3.1.2.3,0.996
growth_yoy,2026-04-01,3.1.2.3,0.495
growth_yoy,2026-05-01,3.1.2.3,1.49
growth_yoy,2026-06-01,3.1.2.3,1.675
growth_yoy,2026-07-01,3.1.2.3,1.374
growth_mom,2015-02-01,3.1.2.3,-0.193
growth_mom,2015-03-01,3.1.2.3,0.194
growth_mom,2015-04-01,3.1.2.3,0.193
growth_mom,2015-05-01,3.1.2.3,-0.193
growth_mom,2015-06-01,3.1.2.3,0.58
growth_mom,2015-07-01,3.1.2.3,0.577
growth_mom,2015-08-01,3.1.2.3,-0.096
growth_mom,2015-09-01,3.1.2.3,0.478
growth_mom,2015-10-01,3.1.2.3,-0.286
growth_mom,2015-11-01,3.1.2.3,-0.096
growth_mom,2015-12-01,3.1.2.3,0.096
growth_mom,2016-01-01,3.1.2.3,0.0
growth_mom,2016-02-01,3.1.2.3,-0.573
growth_mom,2016-03-01,3.1.2.3,-0.288
growth_mom,2016-04-01,3.1.2.3,0.0
growth_mom,2016-05-01,3.1.2.3,0.482
growth_mom,2016-06-01,3.1.2.3,0.288
growth_mom,2016-07-01,3.1.2.3,-0.478
growth_mom,2016-08-01,3.1.2.3,0.192
growth_mom,2016-09-01,3.1.2.3,0.288
growth_mom,2016-10-01,3.1.2.3,0.096
growth_mom,2016-11-01,3.1.2.3,-0.287
growth_mom,2016-12-01,3.1.2.3,-0.287
growth_mom,2017-01-01,3.1.2.3,1.633
growth_mom,2017-02-01,3.1.2.3,1.04
growth_mom,2017-03-01,3.1.2.3,0.187
growth_mom,2017-04-01,3.1.2.3,0.467
growth_mom,2017-05-01,3.1.2.3,-0.465
growth_mom,2017-06-01,3.1.2.3,-0.093
growth_mom,2017-07-01,3.1.2.3,-0.28
growth_mom,2017-08-01,3.1.2.3,-0.281
growth_mom,2017-09-01,3.1.2.3,0.282
growth_mom,2017-10-01,3.1.2.3,-0.469
growth_mom,2017-11-01,3.1.2.3,-0.377
growth_mom,2017-12-01,3.1.2.3,0.095
growth_mom,2018-01-01,3.1.2.3,-1.039
growth_mom,2018-02-01,3.1.2.3,-0.095
growth_mom,2018-03-01,3.1.2.3,-0.573
growth_mom,2018-04-01,3.1.2.3,0.0
growth_mom,2018-05-01,3.1.2.3,-0.768
growth_mom,2018-06-01,3.1.2.3,0.194
growth_mom,2018-07-01,3.1.2.3,0.193
growth_mom,2018-08-01,3.1.2.3,-0.386
growth_mom,2018-09-01,3.1.2.3,0.097
growth_mom,2018-10-01,3.1.2.3,0.097
growth_mom,2018-11-01,3.1.2.3,-0.193
growth_mom,2018-12-01,3.1.2.3,-0.387
growth_mom,2019-01-01,3.1.2.3,0.194
growth_mom,2019-02-01,3.1.2.3,-0.582
growth_mom,2019-03-01,3.1.2.3,-0.39
growth_mom,2019-04-01,3.1.2.3,-0.392
growth_mom,2019-05-01,3.1.2.3,0.098
growth_mom,2019-06-01,3.1.2.3,0.098
growth_mom,2019-07-01,3.1.2.3,0.0
growth_mom,2019-08-01,3.1.2.3,0.098
growth_mom,2019-09-01,3.1.2.3,0.098
growth_mom,2019-10-01,3.1.2.3,-0.098
growth_mom,2019-11-01,3.1.2.3,-0.196
growth_mom,2019-12-01,3.1.2.3,0.393
growth_mom,2020-01-01,3.1.2.3,0.0
growth_mom,2020-02-01,3.1.2.3,-0.098
growth_mom,2020-03-01,3.1.2.3,0.0
growth_mom,2020-04-01,3.1.2.3,-0.196
growth_mom,2020-05-01,3.1.2.3,-0.393
growth_mom,2020-06-01,3.1.2.3,-0.197
growth_mom,2020-07-01,3.1.2.3,0.691
growth_mom,2020-08-01,3.1.2.3,0.0
growth_mom,2020-09-01,3.1.2.3,0.49
growth_mom,2020-10-01,3.1.2.3,1.171
growth_mom,2020-11-01,3.1.2.3,1.157
growth_mom,2020-12-01,3.1.2.3,0.953
growth_mom,2021-01-01,3.1.2.3,0.85
growth_mom,2021-02-01,3.1.2.3,0.843
growth_mom,2021-03-01,3.1.2.3,0.464
growth_mom,2021-04-01,3.1.2.3,-0.092
growth_mom,2021-05-01,3.1.2.3,0.278
growth_mom,2021-06-01,3.1.2.3,0.092
growth_mom,2021-07-01,3.1.2.3,-0.369
growth_mom,2021-08-01,3.1.2.3,-0.37
growth_mom,2021-09-01,3.1.2.3,0.186
growth_mom,2021-10-01,3.1.2.3,-0.927
growth_mom,2021-11-01,3.1.2.3,-0.187
growth_mom,2021-12-01,3.1.2.3,-0.469
growth_mom,2022-01-01,3.1.2.3,-0.377
growth_mom,2022-02-01,3.1.2.3,0.378
growth_mom,2022-03-01,3.1.2.3,0.094
growth_mom,2022-04-01,3.1.2.3,-0.282
growth_mom,2022-05-01,3.1.2.3,0.377
growth_mom,2022-06-01,3.1.2.3,0.376
growth_mom,2022-07-01,3.1.2.3,0.0
growth_mom,2022-08-01,3.1.2.3,0.655
growth_mom,2022-09-01,3.1.2.3,-0.744
growth_mom,2022-10-01,3.1.2.3,1.031
growth_mom,2022-11-01,3.1.2.3,0.0
growth_mom,2022-12-01,3.1.2.3,-0.649
growth_mom,2023-01-01,3.1.2.3,0.56
growth_mom,2023-02-01,3.1.2.3,0.0
growth_mom,2023-03-01,3.1.2.3,-0.929
growth_mom,2023-04-01,3.1.2.3,0.562
growth_mom,2023-05-01,3.1.2.3,-0.839
growth_mom,2023-06-01,3.1.2.3,-0.282
growth_mom,2023-07-01,3.1.2.3,-0.283
growth_mom,2023-08-01,3.1.2.3,0.473
growth_mom,2023-09-01,3.1.2.3,-0.188
growth_mom,2023-10-01,3.1.2.3,0.094
growth_mom,2023-11-01,3.1.2.3,-0.753
growth_mom,2023-12-01,3.1.2.3,-0.285
growth_mom,2024-01-01,3.1.2.3,-1.237
growth_mom,2024-02-01,3.1.2.3,-0.771
growth_mom,2024-03-01,3.1.2.3,-0.485
growth_mom,2024-04-01,3.1.2.3,0.878
growth_mom,2024-05-01,3.1.2.3,0.097
growth_mom,2024-06-01,3.1.2.3,-1.159
growth_mom,2024-07-01,3.1.2.3,0.0
growth_mom,2024-08-01,3.1.2.3,-0.391
growth_mom,2024-09-01,3.1.2.3,0.196
growth_mom,2024-10-01,3.1.2.3,-0.588
growth_mom,2024-11-01,3.1.2.3,-0.099
growth_mom,2024-12-01,3.1.2.3,0.493
growth_mom,2025-01-01,3.1.2.3,-0.294
growth_mom,2025-02-01,3.1.2.3,-0.689
growth_mom,2025-03-01,3.1.2.3,-0.496
growth_mom,2025-04-01,3.1.2.3,0.598
growth_mom,2025-05-01,3.1.2.3,-0.297
growth_mom,2025-06-01,3.1.2.3,0.794
growth_mom,2025-07-01,3.1.2.3,0.394
growth_mom,2025-08-01,3.1.2.3,-1.079
growth_mom,2025-09-01,3.1.2.3,-0.099
growth_mom,2025-10-01,3.1.2.3,0.0
growth_mom,2025-11-01,3.1.2.3,0.0
growth_mom,2025-12-01,3.1.2.3,0.298
growth_mom,2026-01-01,3.1.2.3,0.198
growth_mom,2026-02-01,3.1.2.3,0.198
growth_mom,2026-03-01,3.1.2.3,0.0
growth_mom,2026-04-01,3.1.2.3,0.099
growth_mom,2026-05-01,3.1.2.3,0.69
growth_mom,2026-06-01,3.1.2.3,0.978
growth_mom,2026-07-01,3.1.2.3,0.097
abs,2015-01-01,3.2,98.9
abs,2015-02-01,3.2,99.0
abs,2015-03-01,3.2,99.1
abs,2015-04-01,3.2,99.1
abs,2015-05-01,3.2,98.9
abs,2015-06-01,3.2,99.0
abs,2015-07-01,3.2,99.0
abs,2015-08-01,3.2,99.3
abs,2015-09-01,3.2,99.8
abs,2015-10-01,3.2,99.8
abs,2015-11-01,3.2,100.0
abs,2015-12-01,3.2,100.1
abs,2016-01-01,3.2,100.1
abs,2016-02-01,3.2,100.0
abs,2016-03-01,3.2,99.6
abs,2016-04-01,3.2,99.4
abs,2016-05-01,3.2,99.4
abs,2016-06-01,3.2,99.3
abs,2016-07-01,3.2,99.0
abs,2016-08-01,3.2,99.1
abs,2016-09-01,3.2,99.5
abs,2016-10-01,3.2,99.6
abs,2016-11-01,3.2,99.7
abs,2016-12-01,3.2,100.1
abs,2017-01-01,3.2,100.3
abs,2017-02-01,3.2,100.4
abs,2017-03-01,3.2,100.7
abs,2017-04-01,3.2,100.3
abs,2017-05-01,3.2,100.5
abs,2017-06-01,3.2,100.4
abs,2017-07-01,3.2,99.9
abs,2017-08-01,3.2,100.0
abs,2017-09-01,3.2,100.3
abs,2017-10-01,3.2,99.2
abs,2017-11-01,3.2,99.4
abs,2017-12-01,3.2,99.4
abs,2018-01-01,3.2,99.9
abs,2018-02-01,3.2,97.5
abs,2018-03-01,3.2,98.2
abs,2018-04-01,3.2,97.4
abs,2018-05-01,3.2,97.8
abs,2018-06-01,3.2,96.5
abs,2018-07-01,3.2,96.5
abs,2018-08-01,3.2,96.5
abs,2018-09-01,3.2,97.8
abs,2018-10-01,3.2,98.3
abs,2018-11-01,3.2,96.9
abs,2018-12-01,3.2,98.0
abs,2019-01-01,3.2,98.3
abs,2019-02-01,3.2,99.0
abs,2019-03-01,3.2,98.9
abs,2019-04-01,3.2,98.4
abs,2019-05-01,3.2,99.0
abs,2019-06-01,3.2,99.7
abs,2019-07-01,3.2,99.8
abs,2019-08-01,3.2,100.3
abs,2019-09-01,3.2,100.7
abs,2019-10-01,3.2,100.2
abs,2019-11-01,3.2,99.8
abs,2019-12-01,3.2,100.6
abs,2020-01-01,3.2,100.0
abs,2020-02-01,3.2,99.4
abs,2020-03-01,3.2,100.0
abs,2020-04-01,3.2,100.1
abs,2020-05-01,3.2,99.4
abs,2020-06-01,3.2,99.0
abs,2020-07-01,3.2,98.8
abs,2020-08-01,3.2,100.0
abs,2020-09-01,3.2,98.5
abs,2020-10-01,3.2,98.2
abs,2020-11-01,3.2,98.4
abs,2020-12-01,3.2,97.9
abs,2021-01-01,3.2,98.6
abs,2021-02-01,3.2,98.1
abs,2021-03-01,3.2,97.6
abs,2021-04-01,3.2,96.9
abs,2021-05-01,3.2,97.3
abs,2021-06-01,3.2,97.1
abs,2021-07-01,3.2,95.9
abs,2021-08-01,3.2,95.4
abs,2021-09-01,3.2,95.2
abs,2021-10-01,3.2,95.4
abs,2021-11-01,3.2,96.3
abs,2021-12-01,3.2,96.0
abs,2022-01-01,3.2,95.9
abs,2022-02-01,3.2,96.3
abs,2022-03-01,3.2,96.7
abs,2022-04-01,3.2,97.0
abs,2022-05-01,3.2,97.1
abs,2022-06-01,3.2,97.8
abs,2022-07-01,3.2,97.7
abs,2022-08-01,3.2,97.8
abs,2022-09-01,3.2,98.4
abs,2022-10-01,3.2,98.4
abs,2022-11-01,3.2,99.4
abs,2022-12-01,3.2,101.0
abs,2023-01-01,3.2,101.0
abs,2023-02-01,3.2,101.0
abs,2023-03-01,3.2,101.5
abs,2023-04-01,3.2,101.0
abs,2023-05-01,3.2,100.8
abs,2023-06-01,3.2,102.1
abs,2023-07-01,3.2,102.3
abs,2023-08-01,3.2,102.5
abs,2023-09-01,3.2,102.7
abs,2023-10-01,3.2,101.7
abs,2023-11-01,3.2,102.3
abs,2023-12-01,3.2,103.0
abs,2024-01-01,3.2,102.4
abs,2024-02-01,3.2,103.9
abs,2024-03-01,3.2,105.6
abs,2024-04-01,3.2,105.8
abs,2024-05-01,3.2,106.9
abs,2024-06-01,3.2,108.0
abs,2024-07-01,3.2,108.4
abs,2024-08-01,3.2,109.8
abs,2024-09-01,3.2,106.3
abs,2024-10-01,3.2,104.9
abs,2024-11-01,3.2,103.6
abs,2024-12-01,3.2,104.2
abs,2025-01-01,3.2,104.6
abs,2025-02-01,3.2,105.7
abs,2025-03-01,3.2,105.0
abs,2025-04-01,3.2,103.8
abs,2025-05-01,3.2,103.5
abs,2025-06-01,3.2,104.5
abs,2025-07-01,3.2,104.2
abs,2025-08-01,3.2,103.6
abs,2025-09-01,3.2,103.3
abs,2025-10-01,3.2,103.0
abs,2025-11-01,3.2,103.5
abs,2025-12-01,3.2,103.1
abs,2026-01-01,3.2,103.7
abs,2026-02-01,3.2,103.3
abs,2026-03-01,3.2,104.4
abs,2026-04-01,3.2,104.6
abs,2026-05-01,3.2,105.7
abs,2026-06-01,3.2,106.6
abs,2026-07-01,3.2,107.7
growth_yoy,2016-01-01,3.2,1.213
growth_yoy,2016-02-01,3.2,1.01
growth_yoy,2016-03-01,3.2,0.505
growth_yoy,2016-04-01,3.2,0.303
growth_yoy,2016-05-01,3.2,0.506
growth_yoy,2016-06-01,3.2,0.303
growth_yoy,2016-07-01,3.2,0.0
growth_yoy,2016-08-01,3.2,-0.201
growth_yoy,2016-09-01,3.2,-0.301
growth_yoy,2016-10-01,3.2,-0.2
growth_yoy,2016-11-01,3.2,-0.3
growth_yoy,2016-12-01,3.2,0.0
growth_yoy,2017-01-01,3.2,0.2
growth_yoy,2017-02-01,3.2,0.4
growth_yoy,2017-03-01,3.2,1.104
growth_yoy,2017-04-01,3.2,0.905
growth_yoy,2017-05-01,3.2,1.107
growth_yoy,2017-06-01,3.2,1.108
growth_yoy,2017-07-01,3.2,0.909
growth_yoy,2017-08-01,3.2,0.908
growth_yoy,2017-09-01,3.2,0.804
growth_yoy,2017-10-01,3.2,-0.402
growth_yoy,2017-11-01,3.2,-0.301
growth_yoy,2017-12-01,3.2,-0.699
growth_yoy,2018-01-01,3.2,-0.399
growth_yoy,2018-02-01,3.2,-2.888
growth_yoy,2018-03-01,3.2,-2.483
growth_yoy,2018-04-01,3.2,-2.891
growth_yoy,2018-05-01,3.2,-2.687
growth_yoy,2018-06-01,3.2,-3.884
growth_yoy,2018-07-01,3.2,-3.403
growth_yoy,2018-08-01,3.2,-3.5
growth_yoy,2018-09-01,3.2,-2.493
growth_yoy,2018-10-01,3.2,-0.907
growth_yoy,2018-11-01,3.2,-2.515
growth_yoy,2018-12-01,3.2,-1.408
growth_yoy,2019-01-01,3.2,-1.602
growth_yoy,2019-02-01,3.2,1.538
growth_yoy,2019-03-01,3.2,0.713
growth_yoy,2019-04-01,3.2,1.027
growth_yoy,2019-05-01,3.2,1.227
growth_yoy,2019-06-01,3.2,3.316
growth_yoy,2019-07-01,3.2,3.42
growth_yoy,2019-08-01,3.2,3.938
growth_yoy,2019-09-01,3.2,2.965
growth_yoy,2019-10-01,3.2,1.933
growth_yoy,2019-11-01,3.2,2.993
growth_yoy,2019-12-01,3.2,2.653
growth_yoy,2020-01-01,3.2,1.729
growth_yoy,2020-02-01,3.2,0.404
growth_yoy,2020-03-01,3.2,1.112
growth_yoy,2020-04-01,3.2,1.728
growth_yoy,2020-05-01,3.2,0.404
growth_yoy,2020-06-01,3.2,-0.702
growth_yoy,2020-07-01,3.2,-1.002
growth_yoy,2020-08-01,3.2,-0.299
growth_yoy,2020-09-01,3.2,-2.185
growth_yoy,2020-10-01,3.2,-1.996
growth_yoy,2020-11-01,3.2,-1.403
growth_yoy,2020-12-01,3.2,-2.684
growth_yoy,2021-01-01,3.2,-1.4
growth_yoy,2021-02-01,3.2,-1.308
growth_yoy,2021-03-01,3.2,-2.4
growth_yoy,2021-04-01,3.2,-3.197
growth_yoy,2021-05-01,3.2,-2.113
growth_yoy,2021-06-01,3.2,-1.919
growth_yoy,2021-07-01,3.2,-2.935
growth_yoy,2021-08-01,3.2,-4.6
growth_yoy,2021-09-01,3.2,-3.35
growth_yoy,2021-10-01,3.2,-2.851
growth_yoy,2021-11-01,3.2,-2.134
growth_yoy,2021-12-01,3.2,-1.941
growth_yoy,2022-01-01,3.2,-2.738
growth_yoy,2022-02-01,3.2,-1.835
growth_yoy,2022-03-01,3.2,-0.922
growth_yoy,2022-04-01,3.2,0.103
growth_yoy,2022-05-01,3.2,-0.206
growth_yoy,2022-06-01,3.2,0.721
growth_yoy,2022-07-01,3.2,1.877
growth_yoy,2022-08-01,3.2,2.516
growth_yoy,2022-09-01,3.2,3.361
growth_yoy,2022-10-01,3.2,3.145
growth_yoy,2022-11-01,3.2,3.219
growth_yoy,2022-12-01,3.2,5.208
growth_yoy,2023-01-01,3.2,5.318
growth_yoy,2023-02-01,3.2,4.881
growth_yoy,2023-03-01,3.2,4.964
growth_yoy,2023-04-01,3.2,4.124
growth_yoy,2023-05-01,3.2,3.811
growth_yoy,2023-06-01,3.2,4.397
growth_yoy,2023-07-01,3.2,4.708
growth_yoy,2023-08-01,3.2,4.806
growth_yoy,2023-09-01,3.2,4.37
growth_yoy,2023-10-01,3.2,3.354
growth_yoy,2023-11-01,3.2,2.918
growth_yoy,2023-12-01,3.2,1.98
growth_yoy,2024-01-01,3.2,1.386
growth_yoy,2024-02-01,3.2,2.871
growth_yoy,2024-03-01,3.2,4.039
growth_yoy,2024-04-01,3.2,4.752
growth_yoy,2024-05-01,3.2,6.052
growth_yoy,2024-06-01,3.2,5.779
growth_yoy,2024-07-01,3.2,5.963
growth_yoy,2024-08-01,3.2,7.122
growth_yoy,2024-09-01,3.2,3.505
growth_yoy,2024-10-01,3.2,3.147
growth_yoy,2024-11-01,3.2,1.271
growth_yoy,2024-12-01,3.2,1.165
growth_yoy,2025-01-01,3.2,2.148
growth_yoy,2025-02-01,3.2,1.732
growth_yoy,2025-03-01,3.2,-0.568
growth_yoy,2025-04-01,3.2,-1.89
growth_yoy,2025-05-01,3.2,-3.181
growth_yoy,2025-06-01,3.2,-3.241
growth_yoy,2025-07-01,3.2,-3.875
growth_yoy,2025-08-01,3.2,-5.647
growth_yoy,2025-09-01,3.2,-2.822
growth_yoy,2025-10-01,3.2,-1.811
growth_yoy,2025-11-01,3.2,-0.097
growth_yoy,2025-12-01,3.2,-1.056
growth_yoy,2026-01-01,3.2,-0.86
growth_yoy,2026-02-01,3.2,-2.271
growth_yoy,2026-03-01,3.2,-0.571
growth_yoy,2026-04-01,3.2,0.771
growth_yoy,2026-05-01,3.2,2.126
growth_yoy,2026-06-01,3.2,2.01
growth_yoy,2026-07-01,3.2,3.359
growth_mom,2015-02-01,3.2,0.101
growth_mom,2015-03-01,3.2,0.101
growth_mom,2015-04-01,3.2,0.0
growth_mom,2015-05-01,3.2,-0.202
growth_mom,2015-06-01,3.2,0.101
growth_mom,2015-07-01,3.2,0.0
growth_mom,2015-08-01,3.2,0.303
growth_mom,2015-09-01,3.2,0.504
growth_mom,2015-10-01,3.2,0.0
growth_mom,2015-11-01,3.2,0.2
growth_mom,2015-12-01,3.2,0.1
growth_mom,2016-01-01,3.2,0.0
growth_mom,2016-02-01,3.2,-0.1
growth_mom,2016-03-01,3.2,-0.4
growth_mom,2016-04-01,3.2,-0.201
growth_mom,2016-05-01,3.2,0.0
growth_mom,2016-06-01,3.2,-0.101
growth_mom,2016-07-01,3.2,-0.302
growth_mom,2016-08-01,3.2,0.101
growth_mom,2016-09-01,3.2,0.404
growth_mom,2016-10-01,3.2,0.101
growth_mom,2016-11-01,3.2,0.1
growth_mom,2016-12-01,3.2,0.401
growth_mom,2017-01-01,3.2,0.2
growth_mom,2017-02-01,3.2,0.1
growth_mom,2017-03-01,3.2,0.299
growth_mom,2017-04-01,3.2,-0.397
growth_mom,2017-05-01,3.2,0.199
growth_mom,2017-06-01,3.2,-0.1
growth_mom,2017-07-01,3.2,-0.498
growth_mom,2017-08-01,3.2,0.1
growth_mom,2017-09-01,3.2,0.3
growth_mom,2017-10-01,3.2,-1.097
growth_mom,2017-11-01,3.2,0.202
growth_mom,2017-12-01,3.2,0.0
growth_mom,2018-01-01,3.2,0.503
growth_mom,2018-02-01,3.2,-2.402
growth_mom,2018-03-01,3.2,0.718
growth_mom,2018-04-01,3.2,-0.815
growth_mom,2018-05-01,3.2,0.411
growth_mom,2018-06-01,3.2,-1.329
growth_mom,2018-07-01,3.2,0.0
growth_mom,2018-08-01,3.2,0.0
growth_mom,2018-09-01,3.2,1.347
growth_mom,2018-10-01,3.2,0.511
growth_mom,2018-11-01,3.2,-1.424
growth_mom,2018-12-01,3.2,1.135
growth_mom,2019-01-01,3.2,0.306
growth_mom,2019-02-01,3.2,0.712
growth_mom,2019-03-01,3.2,-0.101
growth_mom,2019-04-01,3.2,-0.506
growth_mom,2019-05-01,3.2,0.61
growth_mom,2019-06-01,3.2,0.707
growth_mom,2019-07-01,3.2,0.1
growth_mom,2019-08-01,3.2,0.501
growth_mom,2019-09-01,3.2,0.399
growth_mom,2019-10-01,3.2,-0.497
growth_mom,2019-11-01,3.2,-0.399
growth_mom,2019-12-01,3.2,0.802
growth_mom,2020-01-01,3.2,-0.596
growth_mom,2020-02-01,3.2,-0.6
growth_mom,2020-03-01,3.2,0.604
growth_mom,2020-04-01,3.2,0.1
growth_mom,2020-05-01,3.2,-0.699
growth_mom,2020-06-01,3.2,-0.402
growth_mom,2020-07-01,3.2,-0.202
growth_mom,2020-08-01,3.2,1.215
growth_mom,2020-09-01,3.2,-1.5
growth_mom,2020-10-01,3.2,-0.305
growth_mom,2020-11-01,3.2,0.204
growth_mom,2020-12-01,3.2,-0.508
growth_mom,2021-01-01,3.2,0.715
growth_mom,2021-02-01,3.2,-0.507
growth_mom,2021-03-01,3.2,-0.51
growth_mom,2021-04-01,3.2,-0.717
growth_mom,2021-05-01,3.2,0.413
growth_mom,2021-06-01,3.2,-0.206
growth_mom,2021-07-01,3.2,-1.236
growth_mom,2021-08-01,3.2,-0.521
growth_mom,2021-09-01,3.2,-0.21
growth_mom,2021-10-01,3.2,0.21
growth_mom,2021-11-01,3.2,0.943
growth_mom,2021-12-01,3.2,-0.312
growth_mom,2022-01-01,3.2,-0.104
growth_mom,2022-02-01,3.2,0.417
growth_mom,2022-03-01,3.2,0.415
growth_mom,2022-04-01,3.2,0.31
growth_mom,2022-05-01,3.2,0.103
growth_mom,2022-06-01,3.2,0.721
growth_mom,2022-07-01,3.2,-0.102
growth_mom,2022-08-01,3.2,0.102
growth_mom,2022-09-01,3.2,0.613
growth_mom,2022-10-01,3.2,0.0
growth_mom,2022-11-01,3.2,1.016
growth_mom,2022-12-01,3.2,1.61
growth_mom,2023-01-01,3.2,0.0
growth_mom,2023-02-01,3.2,0.0
growth_mom,2023-03-01,3.2,0.495
growth_mom,2023-04-01,3.2,-0.493
growth_mom,2023-05-01,3.2,-0.198
growth_mom,2023-06-01,3.2,1.29
growth_mom,2023-07-01,3.2,0.196
growth_mom,2023-08-01,3.2,0.196
growth_mom,2023-09-01,3.2,0.195
growth_mom,2023-10-01,3.2,-0.974
growth_mom,2023-11-01,3.2,0.59
growth_mom,2023-12-01,3.2,0.684
growth_mom,2024-01-01,3.2,-0.583
growth_mom,2024-02-01,3.2,1.465
growth_mom,2024-03-01,3.2,1.636
growth_mom,2024-04-01,3.2,0.189
growth_mom,2024-05-01,3.2,1.04
growth_mom,2024-06-01,3.2,1.029
growth_mom,2024-07-01,3.2,0.37
growth_mom,2024-08-01,3.2,1.292
growth_mom,2024-09-01,3.2,-3.188
growth_mom,2024-10-01,3.2,-1.317
growth_mom,2024-11-01,3.2,-1.239
growth_mom,2024-12-01,3.2,0.579
growth_mom,2025-01-01,3.2,0.384
growth_mom,2025-02-01,3.2,1.052
growth_mom,2025-03-01,3.2,-0.662
growth_mom,2025-04-01,3.2,-1.143
growth_mom,2025-05-01,3.2,-0.289
growth_mom,2025-06-01,3.2,0.966
growth_mom,2025-07-01,3.2,-0.287
growth_mom,2025-08-01,3.2,-0.576
growth_mom,2025-09-01,3.2,-0.29
growth_mom,2025-10-01,3.2,-0.29
growth_mom,2025-11-01,3.2,0.485
growth_mom,2025-12-01,3.2,-0.386
growth_mom,2026-01-01,3.2,0.582
growth_mom,2026-02-01,3.2,-0.386
growth_mom,2026-03-01,3.2,1.065
growth_mom,2026-04-01,3.2,0.192
growth_mom,2026-05-01,3.2,1.052
growth_mom,2026-06-01,3.2,0.851
growth_mom,2026-07-01,3.2,1.032
abs,2015-01-01,3.2.1,99.9
abs,2015-02-01,3.2.1,100.0
abs,2015-03-01,3.2.1,100.0
abs,2015-04-01,3.2.1,100.1
abs,2015-05-01,3.2.1,99.6
abs,2015-06-01,3.2.1,99.4
abs,2015-07-01,3.2.1,99.7
abs,2015-08-01,3.2.1,100.5
abs,2015-09-01,3.2.1,101.4
abs,2015-10-01,3.2.1,101.5
abs,2015-11-01,3.2.1,101.8
abs,2015-12-01,3.2.1,102.0
abs,2016-01-01,3.2.1,102.0
abs,2016-02-01,3.2.1,101.8
abs,2016-03-01,3.2.1,100.9
abs,2016-04-01,3.2.1,100.4
abs,2016-05-01,3.2.1,100.6
abs,2016-06-01,3.2.1,100.5
abs,2016-07-01,3.2.1,99.9
abs,2016-08-01,3.2.1,100.1
abs,2016-09-01,3.2.1,101.0
abs,2016-10-01,3.2.1,101.2
abs,2016-11-01,3.2.1,101.3
abs,2016-12-01,3.2.1,101.9
abs,2017-01-01,3.2.1,102.4
abs,2017-02-01,3.2.1,102.5
abs,2017-03-01,3.2.1,102.8
abs,2017-04-01,3.2.1,102.3
abs,2017-05-01,3.2.1,102.2
abs,2017-06-01,3.2.1,102.6
abs,2017-07-01,3.2.1,102.4
abs,2017-08-01,3.2.1,102.0
abs,2017-09-01,3.2.1,103.2
abs,2017-10-01,3.2.1,102.1
abs,2017-11-01,3.2.1,102.2
abs,2017-12-01,3.2.1,102.2
abs,2018-01-01,3.2.1,102.4
abs,2018-02-01,3.2.1,102.1
abs,2018-03-01,3.2.1,102.1
abs,2018-04-01,3.2.1,102.3
abs,2018-05-01,3.2.1,101.4
abs,2018-06-01,3.2.1,99.9
abs,2018-07-01,3.2.1,99.0
abs,2018-08-01,3.2.1,99.2
abs,2018-09-01,3.2.1,98.5
abs,2018-10-01,3.2.1,98.7
abs,2018-11-01,3.2.1,98.9
abs,2018-12-01,3.2.1,99.1
abs,2019-01-01,3.2.1,99.0
abs,2019-02-01,3.2.1,98.7
abs,2019-03-01,3.2.1,98.8
abs,2019-04-01,3.2.1,98.7
abs,2019-05-01,3.2.1,99.2
abs,2019-06-01,3.2.1,99.1
abs,2019-07-01,3.2.1,99.0
abs,2019-08-01,3.2.1,98.8
abs,2019-09-01,3.2.1,98.7
abs,2019-10-01,3.2.1,98.5
abs,2019-11-01,3.2.1,98.5
abs,2019-12-01,3.2.1,99.1
abs,2020-01-01,3.2.1,98.4
abs,2020-02-01,3.2.1,97.3
abs,2020-03-01,3.2.1,97.0
abs,2020-04-01,3.2.1,97.1
abs,2020-05-01,3.2.1,96.4
abs,2020-06-01,3.2.1,96.3
abs,2020-07-01,3.2.1,95.7
abs,2020-08-01,3.2.1,95.7
abs,2020-09-01,3.2.1,96.0
abs,2020-10-01,3.2.1,96.5
abs,2020-11-01,3.2.1,96.5
abs,2020-12-01,3.2.1,96.2
abs,2021-01-01,3.2.1,95.1
abs,2021-02-01,3.2.1,95.0
abs,2021-03-01,3.2.1,94.9
abs,2021-04-01,3.2.1,95.4
abs,2021-05-01,3.2.1,96.3
abs,2021-06-01,3.2.1,96.6
abs,2021-07-01,3.2.1,96.7
abs,2021-08-01,3.2.1,96.8
abs,2021-09-01,3.2.1,96.2
abs,2021-10-01,3.2.1,96.0
abs,2021-11-01,3.2.1,96.1
abs,2021-12-01,3.2.1,95.9
abs,2022-01-01,3.2.1,95.6
abs,2022-02-01,3.2.1,96.0
abs,2022-03-01,3.2.1,96.1
abs,2022-04-01,3.2.1,96.3
abs,2022-05-01,3.2.1,96.6
abs,2022-06-01,3.2.1,97.3
abs,2022-07-01,3.2.1,97.3
abs,2022-08-01,3.2.1,98.1
abs,2022-09-01,3.2.1,99.1
abs,2022-10-01,3.2.1,99.9
abs,2022-11-01,3.2.1,100.5
abs,2022-12-01,3.2.1,100.8
abs,2023-01-01,3.2.1,100.7
abs,2023-02-01,3.2.1,100.1
abs,2023-03-01,3.2.1,99.8
abs,2023-04-01,3.2.1,100.2
abs,2023-05-01,3.2.1,100.0
abs,2023-06-01,3.2.1,100.2
abs,2023-07-01,3.2.1,100.6
abs,2023-08-01,3.2.1,101.1
abs,2023-09-01,3.2.1,100.3
abs,2023-10-01,3.2.1,100.2
abs,2023-11-01,3.2.1,100.5
abs,2023-12-01,3.2.1,100.2
abs,2024-01-01,3.2.1,100.2
abs,2024-02-01,3.2.1,101.2
abs,2024-03-01,3.2.1,102.5
abs,2024-04-01,3.2.1,103.2
abs,2024-05-01,3.2.1,103.9
abs,2024-06-01,3.2.1,103.9
abs,2024-07-01,3.2.1,104.8
abs,2024-08-01,3.2.1,104.6
abs,2024-09-01,3.2.1,104.2
abs,2024-10-01,3.2.1,103.2
abs,2024-11-01,3.2.1,102.8
abs,2024-12-01,3.2.1,103.5
abs,2025-01-01,3.2.1,103.8
abs,2025-02-01,3.2.1,104.3
abs,2025-03-01,3.2.1,103.9
abs,2025-04-01,3.2.1,103.8
abs,2025-05-01,3.2.1,103.5
abs,2025-06-01,3.2.1,102.9
abs,2025-07-01,3.2.1,103.9
abs,2025-08-01,3.2.1,104.2
abs,2025-09-01,3.2.1,105.1
abs,2025-10-01,3.2.1,105.4
abs,2025-11-01,3.2.1,104.5
abs,2025-12-01,3.2.1,104.4
abs,2026-01-01,3.2.1,104.9
abs,2026-02-01,3.2.1,104.5
abs,2026-03-01,3.2.1,105.1
abs,2026-04-01,3.2.1,105.4
abs,2026-05-01,3.2.1,105.6
abs,2026-06-01,3.2.1,106.1
abs,2026-07-01,3.2.1,107.7
growth_yoy,2016-01-01,3.2.1,2.102
growth_yoy,2016-02-01,3.2.1,1.8
growth_yoy,2016-03-01,3.2.1,0.9
growth_yoy,2016-04-01,3.2.1,0.3
growth_yoy,2016-05-01,3.2.1,1.004
growth_yoy,2016-06-01,3.2.1,1.107
growth_yoy,2016-07-01,3.2.1,0.201
growth_yoy,2016-08-01,3.2.1,-0.398
growth_yoy,2016-09-01,3.2.1,-0.394
growth_yoy,2016-10-01,3.2.1,-0.296
growth_yoy,2016-11-01,3.2.1,-0.491
growth_yoy,2016-12-01,3.2.1,-0.098
growth_yoy,2017-01-01,3.2.1,0.392
growth_yoy,2017-02-01,3.2.1,0.688
growth_yoy,2017-03-01,3.2.1,1.883
growth_yoy,2017-04-01,3.2.1,1.892
growth_yoy,2017-05-01,3.2.1,1.59
growth_yoy,2017-06-01,3.2.1,2.09
growth_yoy,2017-07-01,3.2.1,2.503
growth_yoy,2017-08-01,3.2.1,1.898
growth_yoy,2017-09-01,3.2.1,2.178
growth_yoy,2017-10-01,3.2.1,0.889
growth_yoy,2017-11-01,3.2.1,0.888
growth_yoy,2017-12-01,3.2.1,0.294
growth_yoy,2018-01-01,3.2.1,0.0
growth_yoy,2018-02-01,3.2.1,-0.39
growth_yoy,2018-03-01,3.2.1,-0.681
growth_yoy,2018-04-01,3.2.1,0.0
growth_yoy,2018-05-01,3.2.1,-0.783
growth_yoy,2018-06-01,3.2.1,-2.632
growth_yoy,2018-07-01,3.2.1,-3.32
growth_yoy,2018-08-01,3.2.1,-2.745
growth_yoy,2018-09-01,3.2.1,-4.554
growth_yoy,2018-10-01,3.2.1,-3.33
growth_yoy,2018-11-01,3.2.1,-3.229
growth_yoy,2018-12-01,3.2.1,-3.033
growth_yoy,2019-01-01,3.2.1,-3.32
growth_yoy,2019-02-01,3.2.1,-3.33
growth_yoy,2019-03-01,3.2.1,-3.232
growth_yoy,2019-04-01,3.2.1,-3.519
growth_yoy,2019-05-01,3.2.1,-2.17
growth_yoy,2019-06-01,3.2.1,-0.801
growth_yoy,2019-07-01,3.2.1,0.0
growth_yoy,2019-08-01,3.2.1,-0.403
growth_yoy,2019-09-01,3.2.1,0.203
growth_yoy,2019-10-01,3.2.1,-0.203
growth_yoy,2019-11-01,3.2.1,-0.404
growth_yoy,2019-12-01,3.2.1,0.0
growth_yoy,2020-01-01,3.2.1,-0.606
growth_yoy,2020-02-01,3.2.1,-1.418
growth_yoy,2020-03-01,3.2.1,-1.822
growth_yoy,2020-04-01,3.2.1,-1.621
growth_yoy,2020-05-01,3.2.1,-2.823
growth_yoy,2020-06-01,3.2.1,-2.825
growth_yoy,2020-07-01,3.2.1,-3.333
growth_yoy,2020-08-01,3.2.1,-3.138
growth_yoy,2020-09-01,3.2.1,-2.736
growth_yoy,2020-10-01,3.2.1,-2.03
growth_yoy,2020-11-01,3.2.1,-2.03
growth_yoy,2020-12-01,3.2.1,-2.926
growth_yoy,2021-01-01,3.2.1,-3.354
growth_yoy,2021-02-01,3.2.1,-2.364
growth_yoy,2021-03-01,3.2.1,-2.165
growth_yoy,2021-04-01,3.2.1,-1.751
growth_yoy,2021-05-01,3.2.1,-0.104
growth_yoy,2021-06-01,3.2.1,0.312
growth_yoy,2021-07-01,3.2.1,1.045
growth_yoy,2021-08-01,3.2.1,1.149
growth_yoy,2021-09-01,3.2.1,0.208
growth_yoy,2021-10-01,3.2.1,-0.518
growth_yoy,2021-11-01,3.2.1,-0.415
growth_yoy,2021-12-01,3.2.1,-0.312
growth_yoy,2022-01-01,3.2.1,0.526
growth_yoy,2022-02-01,3.2.1,1.053
growth_yoy,2022-03-01,3.2.1,1.264
growth_yoy,2022-04-01,3.2.1,0.943
growth_yoy,2022-05-01,3.2.1,0.312
growth_yoy,2022-06-01,3.2.1,0.725
growth_yoy,2022-07-01,3.2.1,0.62
growth_yoy,2022-08-01,3.2.1,1.343
growth_yoy,2022-09-01,3.2.1,3.015
growth_yoy,2022-10-01,3.2.1,4.063
growth_yoy,2022-11-01,3.2.1,4.579
growth_yoy,2022-12-01,3.2.1,5.109
growth_yoy,2023-01-01,3.2.1,5.335
growth_yoy,2023-02-01,3.2.1,4.271
growth_yoy,2023-03-01,3.2.1,3.85
growth_yoy,2023-04-01,3.2.1,4.05
growth_yoy,2023-05-01,3.2.1,3.52
growth_yoy,2023-06-01,3.2.1,2.98
growth_yoy,2023-07-01,3.2.1,3.392
growth_yoy,2023-08-01,3.2.1,3.058
growth_yoy,2023-09-01,3.2.1,1.211
growth_yoy,2023-10-01,3.2.1,0.3
growth_yoy,2023-11-01,3.2.1,0.0
growth_yoy,2023-12-01,3.2.1,-0.595
growth_yoy,2024-01-01,3.2.1,-0.497
growth_yoy,2024-02-01,3.2.1,1.099
growth_yoy,2024-03-01,3.2.1,2.705
growth_yoy,2024-04-01,3.2.1,2.994
growth_yoy,2024-05-01,3.2.1,3.9
growth_yoy,2024-06-01,3.2.1,3.693
growth_yoy,2024-07-01,3.2.1,4.175
growth_yoy,2024-08-01,3.2.1,3.462
growth_yoy,2024-09-01,3.2.1,3.888
growth_yoy,2024-10-01,3.2.1,2.994
growth_yoy,2024-11-01,3.2.1,2.289
growth_yoy,2024-12-01,3.2.1,3.293
growth_yoy,2025-01-01,3.2.1,3.593
growth_yoy,2025-02-01,3.2.1,3.063
growth_yoy,2025-03-01,3.2.1,1.366
growth_yoy,2025-04-01,3.2.1,0.581
growth_yoy,2025-05-01,3.2.1,-0.385
growth_yoy,2025-06-01,3.2.1,-0.962
growth_yoy,2025-07-01,3.2.1,-0.859
growth_yoy,2025-08-01,3.2.1,-0.382
growth_yoy,2025-09-01,3.2.1,0.864
growth_yoy,2025-10-01,3.2.1,2.132
growth_yoy,2025-11-01,3.2.1,1.654
growth_yoy,2025-12-01,3.2.1,0.87
growth_yoy,2026-01-01,3.2.1,1.06
growth_yoy,2026-02-01,3.2.1,0.192
growth_yoy,2026-03-01,3.2.1,1.155
growth_yoy,2026-04-01,3.2.1,1.541
growth_yoy,2026-05-01,3.2.1,2.029
growth_yoy,2026-06-01,3.2.1,3.11
growth_yoy,2026-07-01,3.2.1,3.657
growth_mom,2015-02-01,3.2.1,0.1
growth_mom,2015-03-01,3.2.1,0.0
growth_mom,2015-04-01,3.2.1,0.1
growth_mom,2015-05-01,3.2.1,-0.5
growth_mom,2015-06-01,3.2.1,-0.201
growth_mom,2015-07-01,3.2.1,0.302
growth_mom,2015-08-01,3.2.1,0.802
growth_mom,2015-09-01,3.2.1,0.896
growth_mom,2015-10-01,3.2.1,0.099
growth_mom,2015-11-01,3.2.1,0.296
growth_mom,2015-12-01,3.2.1,0.196
growth_mom,2016-01-01,3.2.1,0.0
growth_mom,2016-02-01,3.2.1,-0.196
growth_mom,2016-03-01,3.2.1,-0.884
growth_mom,2016-04-01,3.2.1,-0.496
growth_mom,2016-05-01,3.2.1,0.199
growth_mom,2016-06-01,3.2.1,-0.099
growth_mom,2016-07-01,3.2.1,-0.597
growth_mom,2016-08-01,3.2.1,0.2
growth_mom,2016-09-01,3.2.1,0.899
growth_mom,2016-10-01,3.2.1,0.198
growth_mom,2016-11-01,3.2.1,0.099
growth_mom,2016-12-01,3.2.1,0.592
growth_mom,2017-01-01,3.2.1,0.491
growth_mom,2017-02-01,3.2.1,0.098
growth_mom,2017-03-01,3.2.1,0.293
growth_mom,2017-04-01,3.2.1,-0.486
growth_mom,2017-05-01,3.2.1,-0.098
growth_mom,2017-06-01,3.2.1,0.391
growth_mom,2017-07-01,3.2.1,-0.195
growth_mom,2017-08-01,3.2.1,-0.391
growth_mom,2017-09-01,3.2.1,1.176
growth_mom,2017-10-01,3.2.1,-1.066
growth_mom,2017-11-01,3.2.1,0.098
growth_mom,2017-12-01,3.2.1,0.0
growth_mom,2018-01-01,3.2.1,0.196
growth_mom,2018-02-01,3.2.1,-0.293
growth_mom,2018-03-01,3.2.1,0.0
growth_mom,2018-04-01,3.2.1,0.196
growth_mom,2018-05-01,3.2.1,-0.88
growth_mom,2018-06-01,3.2.1,-1.479
growth_mom,2018-07-01,3.2.1,-0.901
growth_mom,2018-08-01,3.2.1,0.202
growth_mom,2018-09-01,3.2.1,-0.706
growth_mom,2018-10-01,3.2.1,0.203
growth_mom,2018-11-01,3.2.1,0.203
growth_mom,2018-12-01,3.2.1,0.202
growth_mom,2019-01-01,3.2.1,-0.101
growth_mom,2019-02-01,3.2.1,-0.303
growth_mom,2019-03-01,3.2.1,0.101
growth_mom,2019-04-01,3.2.1,-0.101
growth_mom,2019-05-01,3.2.1,0.507
growth_mom,2019-06-01,3.2.1,-0.101
growth_mom,2019-07-01,3.2.1,-0.101
growth_mom,2019-08-01,3.2.1,-0.202
growth_mom,2019-09-01,3.2.1,-0.101
growth_mom,2019-10-01,3.2.1,-0.203
growth_mom,2019-11-01,3.2.1,0.0
growth_mom,2019-12-01,3.2.1,0.609
growth_mom,2020-01-01,3.2.1,-0.706
growth_mom,2020-02-01,3.2.1,-1.118
growth_mom,2020-03-01,3.2.1,-0.308
growth_mom,2020-04-01,3.2.1,0.103
growth_mom,2020-05-01,3.2.1,-0.721
growth_mom,2020-06-01,3.2.1,-0.104
growth_mom,2020-07-01,3.2.1,-0.623
growth_mom,2020-08-01,3.2.1,0.0
growth_mom,2020-09-01,3.2.1,0.313
growth_mom,2020-10-01,3.2.1,0.521
growth_mom,2020-11-01,3.2.1,0.0
growth_mom,2020-12-01,3.2.1,-0.311
growth_mom,2021-01-01,3.2.1,-1.143
growth_mom,2021-02-01,3.2.1,-0.105
growth_mom,2021-03-01,3.2.1,-0.105
growth_mom,2021-04-01,3.2.1,0.527
growth_mom,2021-05-01,3.2.1,0.943
growth_mom,2021-06-01,3.2.1,0.312
growth_mom,2021-07-01,3.2.1,0.104
growth_mom,2021-08-01,3.2.1,0.103
growth_mom,2021-09-01,3.2.1,-0.62
growth_mom,2021-10-01,3.2.1,-0.208
growth_mom,2021-11-01,3.2.1,0.104
growth_mom,2021-12-01,3.2.1,-0.208
growth_mom,2022-01-01,3.2.1,-0.313
growth_mom,2022-02-01,3.2.1,0.418
growth_mom,2022-03-01,3.2.1,0.104
growth_mom,2022-04-01,3.2.1,0.208
growth_mom,2022-05-01,3.2.1,0.312
growth_mom,2022-06-01,3.2.1,0.725
growth_mom,2022-07-01,3.2.1,0.0
growth_mom,2022-08-01,3.2.1,0.822
growth_mom,2022-09-01,3.2.1,1.019
growth_mom,2022-10-01,3.2.1,0.807
growth_mom,2022-11-01,3.2.1,0.601
growth_mom,2022-12-01,3.2.1,0.299
growth_mom,2023-01-01,3.2.1,-0.099
growth_mom,2023-02-01,3.2.1,-0.596
growth_mom,2023-03-01,3.2.1,-0.3
growth_mom,2023-04-01,3.2.1,0.401
growth_mom,2023-05-01,3.2.1,-0.2
growth_mom,2023-06-01,3.2.1,0.2
growth_mom,2023-07-01,3.2.1,0.399
growth_mom,2023-08-01,3.2.1,0.497
growth_mom,2023-09-01,3.2.1,-0.791
growth_mom,2023-10-01,3.2.1,-0.1
growth_mom,2023-11-01,3.2.1,0.299
growth_mom,2023-12-01,3.2.1,-0.299
growth_mom,2024-01-01,3.2.1,0.0
growth_mom,2024-02-01,3.2.1,0.998
growth_mom,2024-03-01,3.2.1,1.285
growth_mom,2024-04-01,3.2.1,0.683
growth_mom,2024-05-01,3.2.1,0.678
growth_mom,2024-06-01,3.2.1,0.0
growth_mom,2024-07-01,3.2.1,0.866
growth_mom,2024-08-01,3.2.1,-0.191
growth_mom,2024-09-01,3.2.1,-0.382
growth_mom,2024-10-01,3.2.1,-0.96
growth_mom,2024-11-01,3.2.1,-0.388
growth_mom,2024-12-01,3.2.1,0.681
growth_mom,2025-01-01,3.2.1,0.29
growth_mom,2025-02-01,3.2.1,0.482
growth_mom,2025-03-01,3.2.1,-0.384
growth_mom,2025-04-01,3.2.1,-0.096
growth_mom,2025-05-01,3.2.1,-0.289
growth_mom,2025-06-01,3.2.1,-0.58
growth_mom,2025-07-01,3.2.1,0.972
growth_mom,2025-08-01,3.2.1,0.289
growth_mom,2025-09-01,3.2.1,0.864
growth_mom,2025-10-01,3.2.1,0.285
growth_mom,2025-11-01,3.2.1,-0.854
growth_mom,2025-12-01,3.2.1,-0.096
growth_mom,2026-01-01,3.2.1,0.479
growth_mom,2026-02-01,3.2.1,-0.381
growth_mom,2026-03-01,3.2.1,0.574
growth_mom,2026-04-01,3.2.1,0.285
growth_mom,2026-05-01,3.2.1,0.19
growth_mom,2026-06-01,3.2.1,0.473
growth_mom,2026-07-01,3.2.1,1.508
abs,2015-01-01,3.2.2,98.1
abs,2015-02-01,3.2.2,98.2
abs,2015-03-01,3.2.2,98.4
abs,2015-04-01,3.2.2,98.3
abs,2015-05-01,3.2.2,98.3
abs,2015-06-01,3.2.2,98.6
abs,2015-07-01,3.2.2,98.4
abs,2015-08-01,3.2.2,98.4
abs,2015-09-01,3.2.2,98.5
abs,2015-10-01,3.2.2,98.5
abs,2015-11-01,3.2.2,98.7
abs,2015-12-01,3.2.2,98.6
abs,2016-01-01,3.2.2,98.6
abs,2016-02-01,3.2.2,98.6
abs,2016-03-01,3.2.2,98.6
abs,2016-04-01,3.2.2,98.6
abs,2016-05-01,3.2.2,98.5
abs,2016-06-01,3.2.2,98.5
abs,2016-07-01,3.2.2,98.3
abs,2016-08-01,3.2.2,98.3
abs,2016-09-01,3.2.2,98.4
abs,2016-10-01,3.2.2,98.3
abs,2016-11-01,3.2.2,98.4
abs,2016-12-01,3.2.2,98.6
abs,2017-01-01,3.2.2,98.6
abs,2017-02-01,3.2.2,98.7
abs,2017-03-01,3.2.2,99.1
abs,2017-04-01,3.2.2,98.8
abs,2017-05-01,3.2.2,99.2
abs,2017-06-01,3.2.2,98.6
abs,2017-07-01,3.2.2,98.0
abs,2017-08-01,3.2.2,98.3
abs,2017-09-01,3.2.2,98.0
abs,2017-10-01,3.2.2,96.9
abs,2017-11-01,3.2.2,97.1
abs,2017-12-01,3.2.2,97.2
abs,2018-01-01,3.2.2,97.9
abs,2018-02-01,3.2.2,94.1
abs,2018-03-01,3.2.2,95.2
abs,2018-04-01,3.2.2,93.8
abs,2018-05-01,3.2.2,95.1
abs,2018-06-01,3.2.2,94.0
abs,2018-07-01,3.2.2,94.5
abs,2018-08-01,3.2.2,94.4
abs,2018-09-01,3.2.2,96.8
abs,2018-10-01,3.2.2,97.5
abs,2018-11-01,3.2.2,95.2
abs,2018-12-01,3.2.2,96.9
abs,2019-01-01,3.2.2,97.5
abs,2019-02-01,3.2.2,98.7
abs,2019-03-01,3.2.2,98.5
abs,2019-04-01,3.2.2,97.8
abs,2019-05-01,3.2.2,98.5
abs,2019-06-01,3.2.2,99.7
abs,2019-07-01,3.2.2,99.8
abs,2019-08-01,3.2.2,100.8
abs,2019-09-01,3.2.2,101.5
abs,2019-10-01,3.2.2,100.9
abs,2019-11-01,3.2.2,100.2
abs,2019-12-01,3.2.2,101.0
abs,2020-01-01,3.2.2,100.5
abs,2020-02-01,3.2.2,100.3
abs,2020-03-01,3.2.2,101.4
abs,2020-04-01,3.2.2,101.6
abs,2020-05-01,3.2.2,100.9
abs,2020-06-01,3.2.2,100.4
abs,2020-07-01,3.2.2,100.3
abs,2020-08-01,3.2.2,102.2
abs,2020-09-01,3.2.2,99.7
abs,2020-10-01,3.2.2,98.8
abs,2020-11-01,3.2.2,99.1
abs,2020-12-01,3.2.2,98.5
abs,2021-01-01,3.2.2,100.3
abs,2021-02-01,3.2.2,99.6
abs,2021-03-01,3.2.2,98.8
abs,2021-04-01,3.2.2,97.4
abs,2021-05-01,3.2.2,97.5
abs,2021-06-01,3.2.2,97.0
abs,2021-07-01,3.2.2,94.9
abs,2021-08-01,3.2.2,94.2
abs,2021-09-01,3.2.2,94.2
abs,2021-10-01,3.2.2,94.6
abs,2021-11-01,3.2.2,96.0
abs,2021-12-01,3.2.2,95.7
abs,2022-01-01,3.2.2,95.7
abs,2022-02-01,3.2.2,96.1
abs,2022-03-01,3.2.2,96.7
abs,2022-04-01,3.2.2,97.1
abs,2022-05-01,3.2.2,97.0
abs,2022-06-01,3.2.2,97.7
abs,2022-07-01,3.2.2,97.5
abs,2022-08-01,3.2.2,97.2
abs,2022-09-01,3.2.2,97.4
abs,2022-10-01,3.2.2,97.0
abs,2022-11-01,3.2.2,98.3
abs,2022-12-01,3.2.2,100.6
abs,2023-01-01,3.2.2,100.8
abs,2023-02-01,3.2.2,101.2
abs,2023-03-01,3.2.2,102.2
abs,2023-04-01,3.2.2,101.1
abs,2023-05-01,3.2.2,100.8
abs,2023-06-01,3.2.2,102.9
abs,2023-07-01,3.2.2,102.9
abs,2023-08-01,3.2.2,103.0
abs,2023-09-01,3.2.2,103.8
abs,2023-10-01,3.2.2,102.2
abs,2023-11-01,3.2.2,103.0
abs,2023-12-01,3.2.2,104.4
abs,2024-01-01,3.2.2,103.4
abs,2024-02-01,3.2.2,105.1
abs,2024-03-01,3.2.2,107.1
abs,2024-04-01,3.2.2,106.9
abs,2024-05-01,3.2.2,108.3
abs,2024-06-01,3.2.2,110.0
abs,2024-07-01,3.2.2,110.2
abs,2024-08-01,3.2.2,112.6
abs,2024-09-01,3.2.2,107.3
abs,2024-10-01,3.2.2,105.6
abs,2024-11-01,3.2.2,103.7
abs,2024-12-01,3.2.2,104.1
abs,2025-01-01,3.2.2,104.7
abs,2025-02-01,3.2.2,106.1
abs,2025-03-01,3.2.2,105.2
abs,2025-04-01,3.2.2,103.2
abs,2025-05-01,3.2.2,103.1
abs,2025-06-01,3.2.2,105.0
abs,2025-07-01,3.2.2,103.9
abs,2025-08-01,3.2.2,102.7
abs,2025-09-01,3.2.2,101.8
abs,2025-10-01,3.2.2,101.1
abs,2025-11-01,3.2.2,102.4
abs,2025-12-01,3.2.2,101.8
abs,2026-01-01,3.2.2,102.5
abs,2026-02-01,3.2.2,102.0
abs,2026-03-01,3.2.2,103.4
abs,2026-04-01,3.2.2,103.7
abs,2026-05-01,3.2.2,105.2
abs,2026-06-01,3.2.2,106.4
abs,2026-07-01,3.2.2,107.2
growth_yoy,2016-01-01,3.2.2,0.51
growth_yoy,2016-02-01,3.2.2,0.407
growth_yoy,2016-03-01,3.2.2,0.203
growth_yoy,2016-04-01,3.2.2,0.305
growth_yoy,2016-05-01,3.2.2,0.203
growth_yoy,2016-06-01,3.2.2,-0.101
growth_yoy,2016-07-01,3.2.2,-0.102
growth_yoy,2016-08-01,3.2.2,-0.102
growth_yoy,2016-09-01,3.2.2,-0.102
growth_yoy,2016-10-01,3.2.2,-0.203
growth_yoy,2016-11-01,3.2.2,-0.304
growth_yoy,2016-12-01,3.2.2,0.0
growth_yoy,2017-01-01,3.2.2,0.0
growth_yoy,2017-02-01,3.2.2,0.101
growth_yoy,2017-03-01,3.2.2,0.507
growth_yoy,2017-04-01,3.2.2,0.203
growth_yoy,2017-05-01,3.2.2,0.711
growth_yoy,2017-06-01,3.2.2,0.102
growth_yoy,2017-07-01,3.2.2,-0.305
growth_yoy,2017-08-01,3.2.2,0.0
growth_yoy,2017-09-01,3.2.2,-0.407
growth_yoy,2017-10-01,3.2.2,-1.424
growth_yoy,2017-11-01,3.2.2,-1.321
growth_yoy,2017-12-01,3.2.2,-1.42
growth_yoy,2018-01-01,3.2.2,-0.71
growth_yoy,2018-02-01,3.2.2,-4.661
growth_yoy,2018-03-01,3.2.2,-3.935
growth_yoy,2018-04-01,3.2.2,-5.061
growth_yoy,2018-05-01,3.2.2,-4.133
growth_yoy,2018-06-01,3.2.2,-4.665
growth_yoy,2018-07-01,3.2.2,-3.571
growth_yoy,2018-08-01,3.2.2,-3.967
growth_yoy,2018-09-01,3.2.2,-1.224
growth_yoy,2018-10-01,3.2.2,0.619
growth_yoy,2018-11-01,3.2.2,-1.957
growth_yoy,2018-12-01,3.2.2,-0.309
growth_yoy,2019-01-01,3.2.2,-0.409
growth_yoy,2019-02-01,3.2.2,4.888
growth_yoy,2019-03-01,3.2.2,3.466
growth_yoy,2019-04-01,3.2.2,4.264
growth_yoy,2019-05-01,3.2.2,3.575
growth_yoy,2019-06-01,3.2.2,6.064
growth_yoy,2019-07-01,3.2.2,5.608
growth_yoy,2019-08-01,3.2.2,6.78
growth_yoy,2019-09-01,3.2.2,4.855
growth_yoy,2019-10-01,3.2.2,3.487
growth_yoy,2019-11-01,3.2.2,5.252
growth_yoy,2019-12-01,3.2.2,4.231
growth_yoy,2020-01-01,3.2.2,3.077
growth_yoy,2020-02-01,3.2.2,1.621
growth_yoy,2020-03-01,3.2.2,2.944
growth_yoy,2020-04-01,3.2.2,3.885
growth_yoy,2020-05-01,3.2.2,2.437
growth_yoy,2020-06-01,3.2.2,0.702
growth_yoy,2020-07-01,3.2.2,0.501
growth_yoy,2020-08-01,3.2.2,1.389
growth_yoy,2020-09-01,3.2.2,-1.773
growth_yoy,2020-10-01,3.2.2,-2.081
growth_yoy,2020-11-01,3.2.2,-1.098
growth_yoy,2020-12-01,3.2.2,-2.475
growth_yoy,2021-01-01,3.2.2,-0.199
growth_yoy,2021-02-01,3.2.2,-0.698
growth_yoy,2021-03-01,3.2.2,-2.564
growth_yoy,2021-04-01,3.2.2,-4.134
growth_yoy,2021-05-01,3.2.2,-3.37
growth_yoy,2021-06-01,3.2.2,-3.386
growth_yoy,2021-07-01,3.2.2,-5.384
growth_yoy,2021-08-01,3.2.2,-7.828
growth_yoy,2021-09-01,3.2.2,-5.517
growth_yoy,2021-10-01,3.2.2,-4.251
growth_yoy,2021-11-01,3.2.2,-3.128
growth_yoy,2021-12-01,3.2.2,-2.843
growth_yoy,2022-01-01,3.2.2,-4.586
growth_yoy,2022-02-01,3.2.2,-3.514
growth_yoy,2022-03-01,3.2.2,-2.126
growth_yoy,2022-04-01,3.2.2,-0.308
growth_yoy,2022-05-01,3.2.2,-0.513
growth_yoy,2022-06-01,3.2.2,0.722
growth_yoy,2022-07-01,3.2.2,2.74
growth_yoy,2022-08-01,3.2.2,3.185
growth_yoy,2022-09-01,3.2.2,3.397
growth_yoy,2022-10-01,3.2.2,2.537
growth_yoy,2022-11-01,3.2.2,2.396
growth_yoy,2022-12-01,3.2.2,5.12
growth_yoy,2023-01-01,3.2.2,5.329
growth_yoy,2023-02-01,3.2.2,5.307
growth_yoy,2023-03-01,3.2.2,5.688
growth_yoy,2023-04-01,3.2.2,4.119
growth_yoy,2023-05-01,3.2.2,3.918
growth_yoy,2023-06-01,3.2.2,5.322
growth_yoy,2023-07-01,3.2.2,5.538
growth_yoy,2023-08-01,3.2.2,5.967
growth_yoy,2023-09-01,3.2.2,6.571
growth_yoy,2023-10-01,3.2.2,5.361
growth_yoy,2023-11-01,3.2.2,4.781
growth_yoy,2023-12-01,3.2.2,3.777
growth_yoy,2024-01-01,3.2.2,2.579
growth_yoy,2024-02-01,3.2.2,3.854
growth_yoy,2024-03-01,3.2.2,4.795
growth_yoy,2024-04-01,3.2.2,5.737
growth_yoy,2024-05-01,3.2.2,7.44
growth_yoy,2024-06-01,3.2.2,6.9
growth_yoy,2024-07-01,3.2.2,7.094
growth_yoy,2024-08-01,3.2.2,9.32
growth_yoy,2024-09-01,3.2.2,3.372
growth_yoy,2024-10-01,3.2.2,3.327
growth_yoy,2024-11-01,3.2.2,0.68
growth_yoy,2024-12-01,3.2.2,-0.287
growth_yoy,2025-01-01,3.2.2,1.257
growth_yoy,2025-02-01,3.2.2,0.951
growth_yoy,2025-03-01,3.2.2,-1.774
growth_yoy,2025-04-01,3.2.2,-3.461
growth_yoy,2025-05-01,3.2.2,-4.801
growth_yoy,2025-06-01,3.2.2,-4.545
growth_yoy,2025-07-01,3.2.2,-5.717
growth_yoy,2025-08-01,3.2.2,-8.792
growth_yoy,2025-09-01,3.2.2,-5.126
growth_yoy,2025-10-01,3.2.2,-4.261
growth_yoy,2025-11-01,3.2.2,-1.254
growth_yoy,2025-12-01,3.2.2,-2.209
growth_yoy,2026-01-01,3.2.2,-2.101
growth_yoy,2026-02-01,3.2.2,-3.864
growth_yoy,2026-03-01,3.2.2,-1.711
growth_yoy,2026-04-01,3.2.2,0.484
growth_yoy,2026-05-01,3.2.2,2.037
growth_yoy,2026-06-01,3.2.2,1.333
growth_yoy,2026-07-01,3.2.2,3.176
growth_mom,2015-02-01,3.2.2,0.102
growth_mom,2015-03-01,3.2.2,0.204
growth_mom,2015-04-01,3.2.2,-0.102
growth_mom,2015-05-01,3.2.2,0.0
growth_mom,2015-06-01,3.2.2,0.305
growth_mom,2015-07-01,3.2.2,-0.203
growth_mom,2015-08-01,3.2.2,0.0
growth_mom,2015-09-01,3.2.2,0.102
growth_mom,2015-10-01,3.2.2,0.0
growth_mom,2015-11-01,3.2.2,0.203
growth_mom,2015-12-01,3.2.2,-0.101
growth_mom,2016-01-01,3.2.2,0.0
growth_mom,2016-02-01,3.2.2,0.0
growth_mom,2016-03-01,3.2.2,0.0
growth_mom,2016-04-01,3.2.2,0.0
growth_mom,2016-05-01,3.2.2,-0.101
growth_mom,2016-06-01,3.2.2,0.0
growth_mom,2016-07-01,3.2.2,-0.203
growth_mom,2016-08-01,3.2.2,0.0
growth_mom,2016-09-01,3.2.2,0.102
growth_mom,2016-10-01,3.2.2,-0.102
growth_mom,2016-11-01,3.2.2,0.102
growth_mom,2016-12-01,3.2.2,0.203
growth_mom,2017-01-01,3.2.2,0.0
growth_mom,2017-02-01,3.2.2,0.101
growth_mom,2017-03-01,3.2.2,0.405
growth_mom,2017-04-01,3.2.2,-0.303
growth_mom,2017-05-01,3.2.2,0.405
growth_mom,2017-06-01,3.2.2,-0.605
growth_mom,2017-07-01,3.2.2,-0.609
growth_mom,2017-08-01,3.2.2,0.306
growth_mom,2017-09-01,3.2.2,-0.305
growth_mom,2017-10-01,3.2.2,-1.122
growth_mom,2017-11-01,3.2.2,0.206
growth_mom,2017-12-01,3.2.2,0.103
growth_mom,2018-01-01,3.2.2,0.72
growth_mom,2018-02-01,3.2.2,-3.882
growth_mom,2018-03-01,3.2.2,1.169
growth_mom,2018-04-01,3.2.2,-1.471
growth_mom,2018-05-01,3.2.2,1.386
growth_mom,2018-06-01,3.2.2,-1.157
growth_mom,2018-07-01,3.2.2,0.532
growth_mom,2018-08-01,3.2.2,-0.106
growth_mom,2018-09-01,3.2.2,2.542
growth_mom,2018-10-01,3.2.2,0.723
growth_mom,2018-11-01,3.2.2,-2.359
growth_mom,2018-12-01,3.2.2,1.786
growth_mom,2019-01-01,3.2.2,0.619
growth_mom,2019-02-01,3.2.2,1.231
growth_mom,2019-03-01,3.2.2,-0.203
growth_mom,2019-04-01,3.2.2,-0.711
growth_mom,2019-05-01,3.2.2,0.716
growth_mom,2019-06-01,3.2.2,1.218
growth_mom,2019-07-01,3.2.2,0.1
growth_mom,2019-08-01,3.2.2,1.002
growth_mom,2019-09-01,3.2.2,0.694
growth_mom,2019-10-01,3.2.2,-0.591
growth_mom,2019-11-01,3.2.2,-0.694
growth_mom,2019-12-01,3.2.2,0.798
growth_mom,2020-01-01,3.2.2,-0.495
growth_mom,2020-02-01,3.2.2,-0.199
growth_mom,2020-03-01,3.2.2,1.097
growth_mom,2020-04-01,3.2.2,0.197
growth_mom,2020-05-01,3.2.2,-0.689
growth_mom,2020-06-01,3.2.2,-0.496
growth_mom,2020-07-01,3.2.2,-0.1
growth_mom,2020-08-01,3.2.2,1.894
growth_mom,2020-09-01,3.2.2,-2.446
growth_mom,2020-10-01,3.2.2,-0.903
growth_mom,2020-11-01,3.2.2,0.304
growth_mom,2020-12-01,3.2.2,-0.605
growth_mom,2021-01-01,3.2.2,1.827
growth_mom,2021-02-01,3.2.2,-0.698
growth_mom,2021-03-01,3.2.2,-0.803
growth_mom,2021-04-01,3.2.2,-1.417
growth_mom,2021-05-01,3.2.2,0.103
growth_mom,2021-06-01,3.2.2,-0.513
growth_mom,2021-07-01,3.2.2,-2.165
growth_mom,2021-08-01,3.2.2,-0.738
growth_mom,2021-09-01,3.2.2,0.0
growth_mom,2021-10-01,3.2.2,0.425
growth_mom,2021-11-01,3.2.2,1.48
growth_mom,2021-12-01,3.2.2,-0.312
growth_mom,2022-01-01,3.2.2,0.0
growth_mom,2022-02-01,3.2.2,0.418
growth_mom,2022-03-01,3.2.2,0.624
growth_mom,2022-04-01,3.2.2,0.414
growth_mom,2022-05-01,3.2.2,-0.103
growth_mom,2022-06-01,3.2.2,0.722
growth_mom,2022-07-01,3.2.2,-0.205
growth_mom,2022-08-01,3.2.2,-0.308
growth_mom,2022-09-01,3.2.2,0.206
growth_mom,2022-10-01,3.2.2,-0.411
growth_mom,2022-11-01,3.2.2,1.34
growth_mom,2022-12-01,3.2.2,2.34
growth_mom,2023-01-01,3.2.2,0.199
growth_mom,2023-02-01,3.2.2,0.397
growth_mom,2023-03-01,3.2.2,0.988
growth_mom,2023-04-01,3.2.2,-1.076
growth_mom,2023-05-01,3.2.2,-0.297
growth_mom,2023-06-01,3.2.2,2.083
growth_mom,2023-07-01,3.2.2,0.0
growth_mom,2023-08-01,3.2.2,0.097
growth_mom,2023-09-01,3.2.2,0.777
growth_mom,2023-10-01,3.2.2,-1.541
growth_mom,2023-11-01,3.2.2,0.783
growth_mom,2023-12-01,3.2.2,1.359
growth_mom,2024-01-01,3.2.2,-0.958
growth_mom,2024-02-01,3.2.2,1.644
growth_mom,2024-03-01,3.2.2,1.903
growth_mom,2024-04-01,3.2.2,-0.187
growth_mom,2024-05-01,3.2.2,1.31
growth_mom,2024-06-01,3.2.2,1.57
growth_mom,2024-07-01,3.2.2,0.182
growth_mom,2024-08-01,3.2.2,2.178
growth_mom,2024-09-01,3.2.2,-4.707
growth_mom,2024-10-01,3.2.2,-1.584
growth_mom,2024-11-01,3.2.2,-1.799
growth_mom,2024-12-01,3.2.2,0.386
growth_mom,2025-01-01,3.2.2,0.576
growth_mom,2025-02-01,3.2.2,1.337
growth_mom,2025-03-01,3.2.2,-0.848
growth_mom,2025-04-01,3.2.2,-1.901
growth_mom,2025-05-01,3.2.2,-0.097
growth_mom,2025-06-01,3.2.2,1.843
growth_mom,2025-07-01,3.2.2,-1.048
growth_mom,2025-08-01,3.2.2,-1.155
growth_mom,2025-09-01,3.2.2,-0.876
growth_mom,2025-10-01,3.2.2,-0.688
growth_mom,2025-11-01,3.2.2,1.286
growth_mom,2025-12-01,3.2.2,-0.586
growth_mom,2026-01-01,3.2.2,0.688
growth_mom,2026-02-01,3.2.2,-0.488
growth_mom,2026-03-01,3.2.2,1.373
growth_mom,2026-04-01,3.2.2,0.29
growth_mom,2026-05-01,3.2.2,1.446
growth_mom,2026-06-01,3.2.2,1.141
growth_mom,2026-07-01,3.2.2,0.752
